"parameter","mean","sd","2.5%","25%","50%","75%","97.5%","Rhat","n.eff","overlap0","f"
"a.psi[1]",0.0724804452764856,1.55722003618794,-2.85799111481837,-1.02632169116726,0.038084601016894,1.09078375515601,3.25595400986837,1.00002850105252,4500,1,0.508444444444444
"a.psi[2]",2.10455723349543,0.704233165029915,0.774888809947838,1.61684482998375,2.06910973796603,2.55609534169613,3.57306630007312,1.00041665934435,4500,0,0.999555555555556
"a.psi[3]",-0.865386361248449,0.601285938620193,-2.18174265240668,-1.24007276314364,-0.82798537263054,-0.446460910920034,0.222298034480721,1.00111167349354,1446,1,0.936888888888889
"a.psi[4]",1.12563087698949,0.622870822160536,-0.0456378888323776,0.689632691680211,1.10702268415827,1.53096174474527,2.42991749677738,0.999712534194045,4500,1,0.97
"a.psi[5]",0.545243690665816,0.645985647376308,-0.744492024298753,0.123151999285994,0.548524964090738,0.954282757288016,1.83632449095701,1.00107388207093,4500,1,0.812
"b.psi.elev",-0.717492635601232,0.355908124155385,-1.44640480646302,-0.939303784906043,-0.706073539902057,-0.486319508182322,-0.0472178938631394,1.00171135579735,2253,0,0.98
"b.psi.water",-0.753867929894661,0.391709169159107,-1.61572840199429,-0.996238540166572,-0.725372656113121,-0.479825217198921,-0.0714801707069643,1.000447046445,4500,0,0.985777777777778
"a.gam[1]",-1.01692562108282,0.598329617679366,-2.14142239610868,-1.42643919064883,-1.03395578950079,-0.631493279529351,0.213617519284303,1.00096858303951,4500,1,0.953111111111111
"a.gam[2]",0.406673995075676,0.439103639746877,-0.448374119679338,0.114227827927529,0.400666989994875,0.691938766456615,1.30116102740284,1.00067742887944,2287,1,0.828666666666667
"a.gam[3]",-1.91660004113322,0.36611532284263,-2.68042977813906,-2.14167174951934,-1.89658209883521,-1.6605576518987,-1.26015418537604,1.00044293175739,3546,0,1
"a.gam[4]",-0.0221951497041577,0.423637884493855,-0.881083800508935,-0.294694499962926,-0.0139183318051069,0.259273812419355,0.773130054033917,1.0003400032952,4500,1,0.514222222222222
"a.gam[5]",-0.0852389734962609,0.45965966264259,-1.0056492655058,-0.399816080098632,-0.0727924177811224,0.223304441433828,0.806138974058142,1.00047807217319,3201,1,0.565333333333333
"b.gam.elev",-0.585544812036095,0.21344380023574,-0.998869749280253,-0.73312708710153,-0.582211862401934,-0.440119436041426,-0.175096294986171,1.00032580243538,3870,0,0.997111111111111
"b.gam.water",0.0837745846161584,0.188819348101908,-0.288302464901071,-0.0455864526735901,0.0815505933177937,0.210279323342911,0.459828987560959,0.999952376041284,4500,1,0.669777777777778
"b.gam.road",-0.250312903618114,0.180980575538665,-0.601058456297857,-0.372199759797484,-0.247230811049057,-0.129446580120441,0.104986605443591,0.99970436629457,4500,1,0.917111111111111
"b.gam.harv",-0.128808068322097,0.154003489411096,-0.426322773600808,-0.234338520802582,-0.129981587798319,-0.021947519286471,0.164650873788907,1.00095588701728,1800,1,0.792444444444444
"a.phi[1]",-0.199532946803887,0.663470258212876,-1.49309867070477,-0.61463136894872,-0.195770492991681,0.216457331414558,1.14885471221759,1.00401553720082,564,1,0.630222222222222
"a.phi[2]",2.20385403130518,0.478562218577582,1.12552493701402,1.93195883913099,2.23191470256824,2.52069696685179,3.04654383670365,1.01035810259165,276,0,0.999111111111111
"a.phi[3]",0.659793389820182,0.492330152997409,-0.433768162447772,0.375566342155078,0.68478709377352,0.993109100508148,1.53625773589976,1.00728709699093,360,1,0.913111111111111
"a.phi[4]",2.6983575780012,0.51865445614174,1.57609008736881,2.39384074781459,2.72610070129644,3.03326589196074,3.63648600350176,1.00580291299614,462,0,1
"a.phi[5]",2.52990446359454,0.591462572617885,1.38250882066952,2.15113590134942,2.52090218535704,2.89962199647797,3.72794243497904,1.00890340427325,228,0,1
"b.phi.elev",-0.688597011380486,0.188742980185844,-1.0515221561302,-0.815672901627305,-0.68938850267564,-0.562753702114665,-0.315805539356201,1.00027724119096,4500,0,1
"b.phi.water",-0.297248964305879,0.177590971704787,-0.643269144746205,-0.41849406787969,-0.295735248850252,-0.175355065208091,0.0544419197799339,1.00150610056556,1129,1,0.955111111111111
"b.phi.road",0.24145437486689,0.163939940288236,-0.0832337823798945,0.132678464223814,0.243375468803436,0.34817975654062,0.570055251340322,1.00083867828982,3125,1,0.930888888888889
"b.phi.harv",-0.181035397193834,0.154212893554188,-0.489040752149169,-0.282772955850783,-0.177710072209522,-0.07620232604517,0.116999227562805,0.999961807125534,4500,1,0.884666666666667
"a.p",0.609772755470071,0.194843362306805,0.217688903980351,0.507263102640527,0.618582682228712,0.730337910718613,0.9547814234463,1.01856805904479,266,0,0.991111111111111
"b.p.ak",-0.674627434303028,0.214145413985906,-1.10018753777468,-0.818521775146165,-0.67203113442222,-0.528763361808154,-0.256829081298861,1.00158338231255,1631,0,0.999111111111111
"b.p.clutter",0.248878595082212,0.0414312701595384,0.164973629537754,0.221036934499743,0.249419594541283,0.277014942762606,0.329539440813629,1.00041982370296,4500,0,1
"b.p.temp",0.16449948067189,0.0454530751392314,0.0741817732386686,0.133710212980959,0.164745311856339,0.195124635577121,0.252595856407356,1.00015768239919,4500,0,0.999777777777778
"b.p.julian",-0.193508955009965,0.0473935874165684,-0.285439280870009,-0.225055903616959,-0.193849113721413,-0.162104249210287,-0.0998316828232551,1.00016052370336,4500,0,1
"sigma.gam",0.386321168229066,0.305264533160624,0.0130765912092856,0.155677621704174,0.330870382207197,0.538652857318817,1.10188719135399,1.00192261223698,2419,0,1
"sigma.phi",0.740375135312473,0.503283958463231,0.0491752637104597,0.428103705620574,0.650257335202826,0.929509254454384,2.0056654711808,1.01278160665683,287,0,1
"sigma.p",0.514039261033772,0.185504970771037,0.283367108214737,0.39277515530823,0.476805152101396,0.586820730968876,0.981586114806106,1.01001136859868,1166,0,1
"eps.gam[1]",-0.215764310671124,0.40473971074857,-1.22513851342276,-0.405806165696308,-0.103890934214375,0.0236211637678723,0.386574559963091,1.00194918783046,1181,1,0.685777777777778
"eps.gam[2]",0.303883768819538,0.400260508669789,-0.227187781067678,0.0116584450214076,0.194837386661721,0.522920476949242,1.32036185140427,1.00003650875422,4500,1,0.786444444444444
"eps.gam[3]",-0.18109581766113,0.369714465242279,-1.09303267055599,-0.347252896618911,-0.087988198264902,0.027215884287018,0.387993318254934,1.0035287047609,848,1,0.674
"eps.gam[4]",0.145107207788191,0.317744210766483,-0.442792431998294,-0.0297667386168874,0.0823489756137282,0.317509199576366,0.89579667754315,1.00132252214469,1354,1,0.673555555555556
"eps.gam[5]",0.0668065325813149,0.30966874662426,-0.565473231609815,-0.0802140475953605,0.0317749136802333,0.212406819374648,0.762261011352631,1.00048770571755,2653,1,0.593333333333333
"eps.gam[6]",0.00921981919857303,0.308299208448686,-0.651755185642285,-0.136866791145442,0.00385650301609647,0.156935059793197,0.675967512171125,0.999983796019424,4500,1,0.519555555555556
"eps.gam[7]",-0.120043018029741,0.32160148189724,-0.874954489238466,-0.278013860080754,-0.0546725248143387,0.0469656571850446,0.461590642135769,1.00087339212134,2867,1,0.631777777777778
"eps.gam[8]",-0.211742418359677,0.363121293070572,-1.14962737155871,-0.385842579850114,-0.115317597000512,0.0103992398438483,0.343576862144416,1.003046787293,942,1,0.717333333333333
"eps.phi[1]",0.285370545338377,0.81336271629317,-0.838292147355105,-0.14526755392452,0.109810655103466,0.565867871431925,2.29767339422692,1.02030207199319,619,1,0.615555555555556
"eps.phi[2]",-0.005465921608479,0.500804600502063,-0.88722973806645,-0.315402670026504,-0.0310031749743782,0.237355789591268,1.15498014806545,1.00806766942423,394,1,0.541333333333333
"eps.phi[3]",-0.586453293122291,0.507380739010012,-1.56276084710793,-0.941925676268214,-0.58474451039315,-0.225949351683611,0.320876461905302,1.00172799220154,2268,1,0.888888888888889
"eps.phi[4]",0.616268160073126,0.68102016073381,-0.275374838387987,0.12673122200038,0.475204339942574,0.941204293037488,2.32297171702337,1.00834968439619,379,1,0.856888888888889
"eps.phi[5]",0.200663956438289,0.471888644446834,-0.570760339724583,-0.0927695489420138,0.122125861547641,0.439236767560644,1.35682462432463,1.01256642577656,231,1,0.645555555555556
"eps.phi[6]",0.518413549580836,0.558005894565311,-0.267988073587194,0.114122513406369,0.421441696514719,0.808388234418818,1.89047377127806,1.00798702575527,413,1,0.849111111111111
"eps.phi[7]",0.72937687644053,0.60286030010866,-0.111707794455755,0.28879928961238,0.647351545582983,1.06332050394843,2.17492668732248,1.011185107219,206,1,0.924666666666667
"eps.phi[8]",0.187377772531611,0.456951980843876,-0.57337604832513,-0.0989594710401262,0.111371456038181,0.418842874015466,1.29089912681697,1.0089241095279,336,1,0.633777777777778
"eps.p[1]",-0.0517716048271061,0.249312696185891,-0.505883946097704,-0.212878147258027,-0.0571274461744817,0.100953502235032,0.440443424237022,1.00725451534056,739,1,0.598666666666667
"eps.p[2]",-0.107722342784766,0.240124319213786,-0.565099931272623,-0.260498479258215,-0.111177950627167,0.0381908077142201,0.372943572476652,1.00701383259174,608,1,0.697777777777778
"eps.p[3]",-0.521466406218986,0.219067810288286,-0.936415396419815,-0.654113148099272,-0.522927211056414,-0.394211449072764,-0.0879403622417655,1.00939251433826,417,0,0.986
"eps.p[4]",-0.624687715718742,0.233980768826109,-1.07721926666416,-0.775848536320153,-0.624199296435911,-0.486820076486402,-0.161590185658283,1.0095066299009,466,0,0.989333333333333
"eps.p[5]",-0.0800044889362833,0.216990553533526,-0.481531794827341,-0.219344000161519,-0.0927737230797753,0.045475080436717,0.361905569272382,1.0125388499332,278,1,0.672222222222222
"eps.p[6]",0.305428928141609,0.216739174698048,-0.0868738257509999,0.168849815584556,0.295843721862037,0.425918855344727,0.738196180008694,1.01248797656302,316,1,0.938888888888889
"eps.p[7]",0.261194642999843,0.223151190512637,-0.141670326106373,0.120789736423709,0.252045953941262,0.384290433679578,0.71996415057913,1.01306111129167,298,1,0.903777777777778
"eps.p[8]",0.580275499739657,0.222640672056331,0.189168548421743,0.434782113991561,0.565554555806851,0.704690432281578,1.0413434353344,1.01317396499611,346,0,0.996888888888889
"eps.p[9]",0.392559768275129,0.227491654622067,-0.0161565695326861,0.245196601430557,0.381460478389127,0.523724261839624,0.862599268507255,1.01226827780211,365,1,0.968888888888889
"psi.fs[1]",0.593397777777778,0.0442996374092319,0.505,0.565,0.595,0.625,0.68,1.00093169401904,1632,0,1
"psi.fs[2]",0.6231,0.037598518435907,0.55,0.6,0.625,0.65,0.695,0.999975849488401,4500,0,1
"psi.fs[3]",0.665941111111111,0.0303487522760516,0.61,0.645,0.665,0.685,0.725,1.00003754043077,4500,0,1
"psi.fs[4]",0.580255555555556,0.0429353507689999,0.5,0.55,0.58,0.61,0.665,1.00122891763122,1998,0,1
"psi.fs[5]",0.676113333333333,0.0213490982583259,0.635,0.66,0.675,0.69,0.72,0.999727756597577,4500,0,1
"psi.fs[6]",0.677771111111111,0.0162310244121005,0.645,0.665,0.68,0.69,0.71,1.00048517379524,3640,0,1
"psi.fs[7]",0.698836666666667,0.0171005352632684,0.665,0.685,0.7,0.71,0.735,1.00114464988256,1546,0,1
"psi.fs[8]",0.709441111111111,0.0137105585740889,0.68,0.7,0.71,0.72,0.735,1.0005109715644,2841,0,1
"psi.fs[9]",0.666392222222222,0.0168436366875159,0.635,0.655,0.665,0.68,0.7,1.00049232550475,2440,0,1
"psi.surv[1]",0.578702508960574,0.014385140903247,0.564516129032258,0.564516129032258,0.580645161290323,0.580645161290323,0.612903225806452,1.00172995534555,2241,0,1
"psi.surv[2]",0.642488469601677,0.0265034566988746,0.594339622641509,0.622641509433962,0.641509433962264,0.660377358490566,0.69811320754717,1.00008801206987,4500,0,1
"psi.surv[3]",0.693757289204098,0.0247699626278578,0.652482269503546,0.673758865248227,0.695035460992908,0.709219858156028,0.74468085106383,1.00002908771352,4500,0,1
"psi.surv[4]",0.613305185185185,0.0410360646979029,0.54,0.586666666666667,0.613333333333333,0.64,0.693333333333333,1.00185379118913,1149,0,1
"psi.surv[5]",0.734357843137255,0.0159915033955256,0.705882352941177,0.720588235294118,0.735294117647059,0.742647058823529,0.764705882352941,1.00005611759645,4500,0,1
"psi.surv[6]",0.692985507246377,0.0111761996507655,0.670807453416149,0.683229813664596,0.68944099378882,0.701863354037267,0.717546583850929,1.00135874469526,1493,0,1
"psi.surv[7]",0.830444444444444,0.0127871835121559,0.806451612903226,0.82258064516129,0.830645161290323,0.838709677419355,0.854838709677419,1.00076909273345,2900,0,1
"psi.surv[8]",0.698029944838455,0.00455497372073183,0.695035460992908,0.695035460992908,0.695035460992908,0.702127659574468,0.709219858156028,0.99990734863845,4500,0,1
"psi.surv[9]",0.659090177133655,0.00952278447672102,0.644927536231884,0.652173913043478,0.659420289855073,0.666666666666667,0.681159420289855,1.00031379103276,4356,0,1
"n.occ[1]",118.679555555556,8.85992748184637,101,113,119,125,136,1.00093169401904,1632,0,1
"n.occ[2]",124.62,7.5197036871814,110,120,125,130,139,0.999975849488401,4500,0,1
"n.occ[3]",133.188222222222,6.06975045521032,122,129,133,137,145,1.00003754043077,4500,0,1
"n.occ[4]",116.051111111111,8.58707015379998,100,110,116,122,133,1.00122891763122,1998,0,1
"n.occ[5]",135.222666666667,4.26981965166518,127,132,135,138,144,0.999727756597577,4500,0,1
"n.occ[6]",135.554222222222,3.2462048824201,129,133,136,138,142,1.00048517379524,3640,0,1
"n.occ[7]",139.767333333333,3.42010705265368,133,137,140,142,147,1.00114464988256,1546,0,1
"n.occ[8]",141.888222222222,2.74211171481779,136,140,142,144,147,1.00051097156441,2841,0,1
"n.occ[9]",133.278444444444,3.36872733750318,127,131,133,136,140,1.00049232550475,2440,0,1
"psi.reg[1,1]",0.664903703703704,0.250534196226598,0.133333333333333,0.466666666666667,0.733333333333333,0.866666666666667,1,1.00009592573727,4500,0,1
"psi.reg[2,1]",0.774433048433048,0.0635151414494856,0.641025641025641,0.743589743589744,0.769230769230769,0.82051282051282,0.871794871794872,1.00010764208935,4500,0,1
"psi.reg[3,1]",0.338514814814815,0.0883581978493875,0.166666666666667,0.283333333333333,0.333333333333333,0.4,0.516666666666667,1.00122501694072,1300,0,1
"psi.reg[4,1]",0.647333333333333,0.0982655600752835,0.454545454545455,0.575757575757576,0.636363636363636,0.727272727272727,0.818181818181818,0.999914175399151,4500,0,1
"psi.reg[5,1]",0.694909853249476,0.0767052322865714,0.528301886792453,0.641509433962264,0.69811320754717,0.754716981132076,0.830188679245283,0.999976978993428,4500,0,1
"psi.reg[1,2]",0.570474074074074,0.178414096082986,0.2,0.466666666666667,0.6,0.666666666666667,0.933333333333333,1.00046159348553,4332,0,1
"psi.reg[2,2]",0.783094017094017,0.0690064963360806,0.641025641025641,0.743589743589744,0.794871794871795,0.82051282051282,0.897435897435897,1.00097155039053,2000,0,1
"psi.reg[3,2]",0.3688,0.0576388458107293,0.266666666666667,0.333333333333333,0.366666666666667,0.4,0.483333333333333,1.00120530446574,1546,0,1
"psi.reg[4,2]",0.751030303030303,0.0586864316503764,0.636363636363636,0.696969696969697,0.757575757575758,0.787878787878788,0.878787878787879,0.999850485702086,4500,0,1
"psi.reg[5,2]",0.728494758909853,0.0469491875680442,0.641509433962264,0.69811320754717,0.735849056603774,0.754716981132076,0.830188679245283,1.00032048294961,4500,0,1
"psi.reg[1,3]",0.51597037037037,0.129043990547765,0.266666666666667,0.4,0.533333333333333,0.6,0.8,1.00004115913439,4500,0,1
"psi.reg[2,3]",0.687994301994302,0.0586662216855559,0.564102564102564,0.641025641025641,0.692307692307692,0.717948717948718,0.794871794871795,1.00049007802662,4500,0,1
"psi.reg[3,3]",0.413985185185185,0.0488245145899232,0.316666666666667,0.383333333333333,0.416666666666667,0.45,0.516666666666667,1.00029992380698,3426,0,1
"psi.reg[4,3]",0.819535353535354,0.0472365653757568,0.727272727272727,0.787878787878788,0.818181818181818,0.848484848484849,0.909090909090909,1.00134932505786,4376,0,1
"psi.reg[5,3]",0.881756813417191,0.034184862240525,0.811320754716981,0.867924528301887,0.886792452830189,0.905660377358491,0.943396226415094,1.00024420066965,4500,0,1
"psi.reg[1,4]",0.369837037037037,0.105733597307928,0.2,0.266666666666667,0.333333333333333,0.4,0.6,1.00073048737186,1950,0,1
"psi.reg[2,4]",0.679988603988604,0.0487237812906099,0.58974358974359,0.641025641025641,0.666666666666667,0.717948717948718,0.769230769230769,0.999816613992426,4500,0,1
"psi.reg[3,4]",0.295611111111111,0.055241297713357,0.2,0.25,0.3,0.333333333333333,0.4,1.00049199981385,4500,0,1
"psi.reg[4,4]",0.687340067340067,0.0777871792143705,0.545454545454545,0.636363636363636,0.696969696969697,0.727272727272727,0.848484848484849,1.00009369404882,4500,0,1
"psi.reg[5,4]",0.82198322851153,0.0597344873134591,0.716981132075472,0.773584905660377,0.830188679245283,0.867924528301887,0.924528301886792,1.00335011888247,669,0,1
"psi.reg[1,5]",0.443496296296296,0.1163624378744,0.266666666666667,0.333333333333333,0.466666666666667,0.533333333333333,0.701666666666642,1.00061887695057,2983,0,1
"psi.reg[2,5]",0.754547008547009,0.03803454973347,0.666666666666667,0.717948717948718,0.743589743589744,0.769230769230769,0.82051282051282,1.00043641405313,4399,0,1
"psi.reg[3,5]",0.357007407407407,0.0438230397453298,0.283333333333333,0.333333333333333,0.35,0.383333333333333,0.45,1.00020036228442,4500,0,1
"psi.reg[4,5]",0.864107744107744,0.0241941799679513,0.818181818181818,0.848484848484849,0.878787878787879,0.878787878787879,0.909090909090909,0.999763332173597,4500,0,1
"psi.reg[5,5]",0.928431865828092,0.0240511751771138,0.886792452830189,0.905660377358491,0.924528301886792,0.943396226415094,0.962264150943396,1.0003504675024,4500,0,1
"psi.reg[1,6]",0.384518518518519,0.100165715734266,0.2,0.333333333333333,0.4,0.466666666666667,0.6,1.00147753682054,1808,0,1
"psi.reg[2,6]",0.823008547008547,0.0305566927650431,0.769230769230769,0.794871794871795,0.82051282051282,0.846153846153846,0.871794871794872,1.00172574476478,2028,0,1
"psi.reg[3,6]",0.361196296296296,0.0306892090627842,0.3,0.333333333333333,0.366666666666667,0.383333333333333,0.416666666666667,0.999788302375005,4500,0,1
"psi.reg[4,6]",0.795616161616162,0.0331362947020938,0.727272727272727,0.787878787878788,0.787878787878788,0.818181818181818,0.848484848484849,1.0005887032357,2667,0,1
"psi.reg[5,6]",0.938905660377358,0.0152838164465172,0.905660377358491,0.924528301886792,0.943396226415094,0.943396226415094,0.962264150943396,0.999975887247775,4500,0,1
"psi.reg[1,7]",0.758296296296296,0.077257971515975,0.6,0.733333333333333,0.733333333333333,0.8,0.933333333333333,1.00064212301021,2647,0,1
"psi.reg[2,7]",0.754985754985755,0.0339755509317372,0.692307692307692,0.743589743589744,0.743589743589744,0.769230769230769,0.82051282051282,1.00023457117091,4500,0,1
"psi.reg[3,7]",0.372759259259259,0.0359099554619777,0.316666666666667,0.35,0.366666666666667,0.4,0.45,1.00245176312466,959,0,1
"psi.reg[4,7]",0.805319865319865,0.0277663914226272,0.757575757575758,0.787878787878788,0.818181818181818,0.818181818181818,0.848484848484849,1.0015234371147,4500,0,1
"psi.reg[5,7]",0.943534591194969,0.0184475474777847,0.905660377358491,0.924528301886792,0.943396226415094,0.962264150943396,0.962264150943396,0.999969511711511,4500,0,1
"psi.reg[1,8]",0.882325925925926,0.0490629634137902,0.8,0.866666666666667,0.866666666666667,0.933333333333333,0.933333333333333,0.99998711726405,4500,0,1
"psi.reg[2,8]",0.79417094017094,0.0346073846568708,0.717948717948718,0.769230769230769,0.794871794871795,0.82051282051282,0.871794871794872,1.00008537215501,4500,0,1
"psi.reg[3,8]",0.3487,0.0244466836161596,0.3,0.333333333333333,0.35,0.366666666666667,0.4,1.0003117383409,3676,0,1
"psi.reg[4,8]",0.812127946127946,0.0273519779785432,0.757575757575758,0.787878787878788,0.818181818181818,0.818181818181818,0.878787878787879,1.00055306837962,4500,0,1
"psi.reg[5,8]",0.94261215932914,0.0206389484231471,0.886792452830189,0.924528301886792,0.943396226415094,0.962264150943396,0.962264150943396,1.00133018281873,1890,0,1
"psi.reg[1,9]",0.604148148148148,0.108326064934314,0.4,0.533333333333333,0.6,0.666666666666667,0.8,0.999936133426005,4500,0,1
"psi.reg[2,9]",0.768860398860399,0.0336968739726806,0.692307692307692,0.743589743589744,0.769230769230769,0.794871794871795,0.82051282051282,1.00032367091021,4239,0,1
"psi.reg[3,9]",0.256811111111111,0.026777597213505,0.216666666666667,0.233333333333333,0.25,0.266666666666667,0.316666666666667,0.999908827452164,4500,0,1
"psi.reg[4,9]",0.847703703703704,0.0262072365544201,0.787878787878788,0.818181818181818,0.848484848484849,0.848484848484849,0.909090909090909,1.00039239437242,4500,0,1
"psi.reg[5,9]",0.959392033542977,0.0284691138438598,0.886792452830189,0.943396226415094,0.962264150943396,0.981132075471698,1,1.0012258958087,1622,0,1
"n.occ.reg[1,1]",9.97355555555556,3.75801294339897,2,7,11,13,15,1.00009592573727,4500,0,1
"n.occ.reg[2,1]",30.2028888888889,2.47709051652994,25,29,30,32,34,1.00010764208935,4500,0,1
"n.occ.reg[3,1]",20.3108888888889,5.30149187096325,10,17,20,24,31,1.00122501694072,1300,0,1
"n.occ.reg[4,1]",21.362,3.24276348248436,15,19,21,24,27,0.999914175399151,4500,0,1
"n.occ.reg[5,1]",36.8302222222222,4.06537731118828,28,34,37,40,44,0.999976978993428,4500,0,1
"n.occ.reg[1,2]",8.55711111111111,2.67621144124478,3,7,9,10,14,1.00046159348553,4332,0,1
"n.occ.reg[2,2]",30.5406666666667,2.69125335710714,25,29,31,32,35,1.00097155039053,2000,0,1
"n.occ.reg[3,2]",22.128,3.45833074864376,16,20,22,24,29,1.00120530446574,1546,0,1
"n.occ.reg[4,2]",24.784,1.93665224446242,21,23,25,26,29,0.999850485702086,4500,0,1
"n.occ.reg[5,2]",38.6102222222222,2.48830694110634,34,37,39,40,44,1.00032048294961,4500,0,1
"n.occ.reg[1,3]",7.73955555555556,1.93565985821648,4,6,8,9,12,1.00004115913439,4500,0,1
"n.occ.reg[2,3]",26.8317777777778,2.28798264573668,22,25,27,28,31,1.00049007802662,4500,0,1
"n.occ.reg[3,3]",24.8391111111111,2.92947087539539,19,23,25,27,31,1.00029992380698,3426,0,1
"n.occ.reg[4,3]",27.0446666666667,1.55880665739997,24,26,27,28,30,1.00134932505786,4376,0,1
"n.occ.reg[5,3]",46.7331111111111,1.81179769874783,43,46,47,48,50,1.00024420066965,4500,0,1
"n.occ.reg[1,4]",5.54755555555556,1.58600395961892,3,4,5,6,9,1.00073048737186,1950,0,1
"n.occ.reg[2,4]",26.5195555555556,1.90022747033379,23,25,26,28,30,0.999816613992426,4500,0,1
"n.occ.reg[3,4]",17.7366666666667,3.31447786280142,12,15,18,20,24,1.00049199981385,4500,0,1
"n.occ.reg[4,4]",22.6822222222222,2.56697691407423,18,21,23,24,28,1.00009369404882,4500,0,1
"n.occ.reg[5,4]",43.5651111111111,3.16592782761333,38,41,44,46,49,1.00335011888247,669,0,1
"n.occ.reg[1,5]",6.65244444444444,1.74543656811599,4,5,7,8,10.5249999999996,1.00061887695057,2983,0,1
"n.occ.reg[2,5]",29.4273333333333,1.48334743960533,26,28,29,30,32,1.00043641405313,4399,0,1
"n.occ.reg[3,5]",21.4204444444444,2.62938238471979,17,20,21,23,27,1.00020036228442,4500,0,1
"n.occ.reg[4,5]",28.5155555555556,0.798407938942393,27,28,29,29,30,0.999763332173597,4500,0,1
"n.occ.reg[5,5]",49.2068888888889,1.27471228438703,47,48,49,50,51,1.0003504675024,4500,0,1
"n.occ.reg[1,6]",5.76777777777778,1.50248573601399,3,5,6,7,9,1.00147753682054,1808,0,1
"n.occ.reg[2,6]",32.0973333333333,1.19171101783668,30,31,32,33,34,1.00172574476478,2028,0,1
"n.occ.reg[3,6]",21.6717777777778,1.84135254376705,18,20,22,23,25,0.999788302375005,4500,0,1
"n.occ.reg[4,6]",26.2553333333333,1.0934977251691,24,26,26,27,28,1.0005887032357,2667,0,1
"n.occ.reg[5,6]",49.762,0.810042271665413,48,49,50,50,51,0.999975887247774,4500,0,1
"n.occ.reg[1,7]",11.3744444444444,1.15886957273962,9,11,11,12,14,1.00064212301021,2647,0,1
"n.occ.reg[2,7]",29.4444444444444,1.32504648633775,27,29,29,30,32,1.00023457117091,4500,0,1
"n.occ.reg[3,7]",22.3655555555556,2.15459732771866,19,21,22,24,27,1.00245176312466,959,0,1
"n.occ.reg[4,7]",26.5755555555556,0.916290916946698,25,26,27,27,28,1.0015234371147,4500,0,1
"n.occ.reg[5,7]",50.0073333333333,0.977720016322591,48,49,50,51,51,0.999969511711513,4500,0,1
"n.occ.reg[1,8]",13.2348888888889,0.735944451206854,12,13,13,14,14,0.99998711726405,4500,0,1
"n.occ.reg[2,8]",30.9726666666667,1.34968800161796,28,30,31,32,34,1.00008537215501,4500,0,1
"n.occ.reg[3,8]",20.922,1.46680101696957,18,20,21,22,24,1.0003117383409,3676,0,1
"n.occ.reg[4,8]",26.8002222222222,0.902615273291925,25,26,27,27,29,1.00055306837962,4500,0,1
"n.occ.reg[5,8]",49.9584444444444,1.0938642664268,47,49,50,51,51,1.00133018281874,1890,0,1
"n.occ.reg[1,9]",9.06222222222222,1.62489097401472,6,8,9,10,12,0.999936133426004,4500,0,1
"n.occ.reg[2,9]",29.9855555555556,1.31417808493455,27,29,30,31,32,1.00032367091021,4239,0,1
"n.occ.reg[3,9]",15.4086666666667,1.6066558328103,13,14,15,16,19,0.999908827452164,4500,0,1
"n.occ.reg[4,9]",27.9742222222222,0.864838806295865,26,27,28,28,30,1.00039239437242,4500,0,1
"n.occ.reg[5,9]",50.8477777777778,1.50886303372457,47,50,51,52,53,1.0012258958087,1622,0,1
"psi.reg.init[1]",0.508958315922305,0.276160620737516,0.054270225210109,0.263797852165881,0.509519997438314,0.748529277079958,0.962885374966983,0.999932317305662,4500,0,1
"psi.reg.init[2]",0.873562992502364,0.0735611464327055,0.684576490923129,0.83435952918319,0.887864338258441,0.927981932146658,0.972696726013881,0.999882842530194,4500,0,1
"psi.reg.init[3]",0.310310489265254,0.116875423289173,0.101402031243698,0.224423323998128,0.30407122181546,0.390202547767286,0.555346776161361,1.00134738525095,1404,0,1
"psi.reg.init[4]",0.738491965587257,0.111853040845409,0.488592507952879,0.665885212114224,0.751573625864446,0.822146985367525,0.919080031616671,0.999796344658428,4500,0,1
"psi.reg.init[5]",0.621984787225869,0.138586450482194,0.322022644287744,0.530749146780814,0.633793303725007,0.721975658501052,0.862513386292914,1.00042161327696,4500,0,1
"gamma.reg[1,1]",0.24600609622759,0.119639585024788,0.0624196898728616,0.157349555202045,0.228337269805449,0.313006232275306,0.526239639679461,1.0023130615423,2105,0,1
"gamma.reg[2,1]",0.545349404748271,0.128334559682568,0.266527718773509,0.46201245694749,0.554675809849784,0.638520414486577,0.769407191674435,0.999762835051634,4500,0,1
"gamma.reg[3,1]",0.115417700383068,0.0473399365691592,0.0360023874325541,0.0806981277577332,0.112607452344048,0.145974800308335,0.213822730430331,0.999964038405958,4500,0,1
"gamma.reg[4,1]",0.445366790209274,0.121396372360878,0.200037664386385,0.361857449856036,0.449905588195702,0.531083081899116,0.667326114373057,1.00168850795451,995,0,1
"gamma.reg[5,1]",0.431673390446206,0.131218419958467,0.173911708552257,0.338973634535223,0.435864377024421,0.524600885149121,0.681667788842086,1.00112167519074,1616,0,1
"gamma.reg[1,2]",0.343358243560362,0.15036586095447,0.119191417766976,0.232698070250233,0.319358017799438,0.431750988828614,0.696034235180733,0.999839186163624,4500,0,1
"gamma.reg[2,2]",0.659238700622408,0.114943736479588,0.428760044638529,0.579691463422915,0.661309668633956,0.739702039214,0.877813300208142,1.00019332426093,4278,0,1
"gamma.reg[3,2]",0.176222989119419,0.0693119506600461,0.0758470177619432,0.127193511118636,0.164519333626478,0.21234765587296,0.345309468690427,1.00026777260903,4500,0,1
"gamma.reg[4,2]",0.564925257236435,0.125732380993084,0.323355481738085,0.47753865478843,0.565218357036875,0.652148819305304,0.802680274528911,1.00054979168333,4500,0,1
"gamma.reg[5,2]",0.550330523312231,0.124026995806554,0.313221530977621,0.464065537344812,0.547562248196538,0.636501874435388,0.794051663395664,1.00042545141471,3962,0,1
"gamma.reg[1,3]",0.250507177725637,0.118021253599668,0.0744443815862119,0.164278308112303,0.230030737747516,0.318933547157556,0.525778653565201,1.002227782556,2194,0,1
"gamma.reg[2,3]",0.553512021493115,0.122777235137319,0.290934568571169,0.473685624905448,0.562612388142854,0.642149556247226,0.771593726391182,0.999971764344014,4500,0,1
"gamma.reg[3,3]",0.118005013562469,0.0463685477555237,0.0380822151960464,0.0853931304803058,0.114625913591439,0.146937678636434,0.219394282014101,1.00010126450326,4500,0,1
"gamma.reg[4,3]",0.453003285518224,0.116374679701129,0.222054813316277,0.375153701174946,0.454469374941692,0.534950558354802,0.673597243601672,1.00206388477515,864,0,1
"gamma.reg[5,3]",0.439184086745874,0.127115396651867,0.188231009873772,0.352912499253391,0.440681704809263,0.526935686226763,0.683279887381053,1.00085437017178,1951,0,1
"gamma.reg[1,4]",0.309862020639851,0.132631643554894,0.109595351546251,0.213390126325686,0.291537683554295,0.383618800525729,0.629192160699191,1.00117612001705,4371,0,1
"gamma.reg[2,4]",0.627638575785386,0.107027445998585,0.409409214820198,0.553742031387896,0.632571997470528,0.703109572154219,0.824422205510551,1.00035066714448,3307,0,1
"gamma.reg[3,4]",0.153062406750145,0.0538361476670513,0.0664886759408366,0.115914188253714,0.146710977361114,0.184057243630559,0.275153677630905,1.00024648657382,4500,0,1
"gamma.reg[4,4]",0.529212135274037,0.116817574504654,0.298491262372911,0.449624170128007,0.531996011254197,0.612379538923489,0.749941203809473,1.00127431128591,1773,0,1
"gamma.reg[5,4]",0.514195026630889,0.12291413544563,0.268937199983919,0.428668812533266,0.517712208001568,0.5997905271938,0.747350262268973,1.00161812209444,1145,0,1
"gamma.reg[1,5]",0.294019423681545,0.126780295936599,0.103764654282608,0.201655227587696,0.27467452739702,0.365090200156091,0.593705438456345,1.00014034388742,4500,0,1
"gamma.reg[2,5]",0.610249849967571,0.108944253052934,0.390278653619887,0.536286563321737,0.614948768616351,0.686262750711454,0.809772421150419,1.00111313375642,1400,0,1
"gamma.reg[3,5]",0.14281121065985,0.0484709600741774,0.061103053315586,0.108407728258121,0.137283898495991,0.170819501798452,0.250407049901836,1.00117193520067,1620,0,1
"gamma.reg[4,5]",0.510707181148051,0.113208298861573,0.286243208353112,0.434035228224855,0.511757169008281,0.588474882376676,0.724174490731336,1.00092035417469,4500,0,1
"gamma.reg[5,5]",0.495691206425924,0.121931654770868,0.257079614599409,0.41268777772705,0.496035021050676,0.579937172352353,0.733011855901156,1.00110117163921,1607,0,1
"gamma.reg[1,6]",0.282255546375242,0.117631795564658,0.100053961594745,0.195273556560075,0.265136020697468,0.353127606585238,0.554751558431589,1.00028148146198,4500,0,1
"gamma.reg[2,6]",0.597097406798727,0.111977782514592,0.367035641810156,0.52175283924891,0.602044426940293,0.676633949384097,0.800536519593443,1.00049856018295,2419,0,1
"gamma.reg[3,6]",0.136765784162336,0.0490852859754722,0.0570531886404131,0.101809532742202,0.132478459540161,0.165251682680042,0.248087222138277,1.00087176268104,2700,0,1
"gamma.reg[4,6]",0.497115001902026,0.111479628920768,0.276867549788928,0.421251056281011,0.498322002693681,0.573354787272716,0.70818937611798,1.00045955953944,4500,0,1
"gamma.reg[5,6]",0.482197925728833,0.117812172001365,0.256140147907042,0.398227127120616,0.484412158169326,0.562595497024711,0.710023694306057,1.00021994379686,3945,0,1
"gamma.reg[1,7]",0.259431272148301,0.115813283304514,0.0878880488895142,0.174363737462134,0.240890859985286,0.325057961213822,0.53204669855326,1.0007875520595,4500,0,1
"gamma.reg[2,7]",0.567508488276023,0.117199647899946,0.321459988451511,0.490407878428983,0.574516998641754,0.651144042473975,0.777477651109855,0.999828179060014,4500,0,1
"gamma.reg[3,7]",0.122294252828792,0.0431179332348071,0.0489939764583463,0.0911524842159744,0.118708412670601,0.149230911285503,0.214805496582464,0.999810456827104,4500,0,1
"gamma.reg[4,7]",0.466718063041363,0.111133208424329,0.244865439179533,0.390703534750314,0.468869113804846,0.542993571479491,0.673845128299796,1.00119608223242,2111,0,1
"gamma.reg[5,7]",0.452345834186472,0.122570163825279,0.213610478013129,0.363645483659438,0.453886105068229,0.537635748993887,0.688074674343037,1.00045746438905,3567,0,1
"gamma.reg[1,8]",0.245474799012038,0.117765349639682,0.0704108469074291,0.158266524139846,0.227635569582373,0.311303732756,0.524295605030281,1.00053695095953,3623,0,1
"gamma.reg[2,8]",0.546209039485503,0.120450409734272,0.299593760075599,0.46487331456065,0.551930382046919,0.633251867016271,0.761771932153734,1.0001020948729,4500,0,1
"gamma.reg[3,8]",0.114017030675453,0.0431802471742329,0.0412134836655144,0.0826059218757087,0.109490138170697,0.142424568225667,0.204729158690654,1.00022540874904,4214,0,1
"gamma.reg[4,8]",0.445452879827078,0.113452750084559,0.212775179831265,0.368905771181008,0.448640330630878,0.52482197519998,0.654501750648092,1.00233597966895,879,0,1
"gamma.reg[5,8]",0.431992311020536,0.126087046522488,0.183644181765799,0.344911033484351,0.434818616234094,0.52359059325638,0.665966802472246,1.00054280827322,2671,0,1
"phi.reg[1,1]",0.51295310661824,0.176952996030619,0.20146130833893,0.38482395330921,0.499683725242996,0.632914627098609,0.883613569909175,1.00061810844035,2769,0,1
"phi.reg[2,1]",0.909179471047543,0.0507379992790796,0.788357369016699,0.882056514672619,0.916940700748826,0.945098929804498,0.98432109971325,1.00185539491955,960,0,1
"phi.reg[3,1]",0.698590821372317,0.129881925804285,0.41605413207363,0.618675947145583,0.707744404654564,0.791495306037889,0.926170062871736,1.0008082180136,2724,0,1
"phi.reg[4,1]",0.940793653163621,0.037615355353607,0.846213363968307,0.923306441915697,0.948592827849651,0.967283794432083,0.990564731862558,1.00022158110602,4210,0,1
"phi.reg[5,1]",0.925781614269382,0.0531152262769368,0.787770913611468,0.899701671238102,0.938593982826575,0.96412876520203,0.991956102525451,1.00341239956097,734,0,1
"phi.reg[1,2]",0.452163947608473,0.154240557410339,0.189296874133887,0.337284896135222,0.440287503183113,0.555124231181846,0.776685333433412,0.99977632175967,4500,0,1
"phi.reg[2,2]",0.890216458749425,0.0503500529329064,0.77139043452961,0.862516865066882,0.898399078396057,0.926959073676648,0.964521986102726,1.00076426234678,2795,0,1
"phi.reg[3,2]",0.649063547192876,0.113220635178325,0.405668294787496,0.575892484848312,0.659067306851661,0.729526480736117,0.848375104021261,0.999699752075563,4500,0,1
"phi.reg[4,2]",0.929398911233669,0.0345258610852981,0.84446518584791,0.911125843684597,0.936192225667493,0.954014795267121,0.977305071317704,0.999973807069148,4500,0,1
"phi.reg[5,2]",0.915138521787755,0.0453202461446917,0.807671299783671,0.890445885495216,0.923274125798945,0.948257911445266,0.978287647642275,1.00136855116371,1182,0,1
"phi.reg[1,3]",0.330365892220461,0.151442088279163,0.105670211500752,0.213573399376511,0.305621419133219,0.424417856554738,0.671240565163955,1.0013621727318,1358,0,1
"phi.reg[2,3]",0.821120186782396,0.0776947895557109,0.644856641592261,0.774716197805512,0.830904641024659,0.881284984611228,0.937361371992261,1.00170782044114,1026,0,1
"phi.reg[3,3]",0.516507466909143,0.141100081455062,0.258196481010638,0.411460952555049,0.514989471956743,0.619604603498288,0.78122128316711,1.00113948175424,1494,0,1
"phi.reg[4,3]",0.877234780168906,0.0641227459433369,0.731117053062787,0.837736651632084,0.886078734906462,0.928725152370049,0.968935495516317,1.00056740245598,3067,0,1
"phi.reg[5,3]",0.855075783703094,0.0799278491439071,0.672036940132479,0.804537652721897,0.867297020495303,0.919143788414181,0.970345126526106,1.00256928996827,772,0,1
"phi.reg[1,4]",0.588917404606832,0.15749027866311,0.293388508417672,0.473897031366903,0.586966541983015,0.703239912711093,0.890548503496793,1.00001615678644,4500,0,1
"phi.reg[2,4]",0.935452291540235,0.0330604397696655,0.85738445518931,0.916730698136421,0.93995479783326,0.959390698359224,0.985141295458244,0.999926661079989,4500,0,1
"phi.reg[3,4]",0.765859402220179,0.0947502791192656,0.565241689000463,0.705246518633123,0.77247371775584,0.834092128988102,0.932454953922462,1.00024872489186,3530,0,1
"phi.reg[4,4]",0.959412443527698,0.0216710709069158,0.906350064996437,0.947744349601483,0.962944323893896,0.974992979774107,0.99055550739758,1.00132581936844,2871,0,1
"phi.reg[5,4]",0.950586902735599,0.0289798233318747,0.880889361906452,0.934628513445968,0.955894553768617,0.971928608938036,0.990918023298071,0.999953817779346,4500,0,1
"phi.reg[1,5]",0.49875171157993,0.147874610689042,0.23411158435253,0.389759796284059,0.488889067417206,0.602960764509239,0.800514183963466,0.999759751420176,4500,0,1
"phi.reg[2,5]",0.911737765828746,0.0329943696562062,0.834593573834218,0.892936190463927,0.915698951888518,0.935366952013437,0.963676554799831,1.00075804824909,4500,0,1
"phi.reg[3,5]",0.694807187579469,0.0915218757791318,0.497274723389123,0.638212400787094,0.702032418284286,0.760571037002902,0.853414297697669,1.00036993297788,4101,0,1
"phi.reg[4,5]",0.943033400168273,0.0246822380908363,0.883102100181496,0.930444928071887,0.946731368587851,0.960784010582701,0.97972734738413,1.00065960041456,4205,0,1
"phi.reg[5,5]",0.932262981019339,0.0305818615885607,0.862306750300416,0.913968205982353,0.93693221798964,0.954806657775316,0.978638421875911,1.00121953790097,1427,0,1
"phi.reg[1,6]",0.570414712997304,0.145635771213377,0.300406691829163,0.466218300933042,0.569180110132086,0.672348197092249,0.855628272161515,0.999770512463423,4500,0,1
"phi.reg[2,6]",0.932126205671712,0.030052800667071,0.863255310513607,0.914070699557652,0.93653637338808,0.953749994328122,0.978452305188893,1.00002047967089,4500,0,1
"phi.reg[3,6]",0.754069411143426,0.0850050008836455,0.568640670370476,0.700697926683774,0.760492345613977,0.815646631005956,0.899249361279711,1.00005625911487,4500,0,1
"phi.reg[4,6]",0.957166765770097,0.0196404831709789,0.912335667498822,0.945459072541469,0.959923019741478,0.971672407456174,0.986987881348611,0.999833393829351,4500,0,1
"phi.reg[5,6]",0.94850737683714,0.0260157185790052,0.887120163012043,0.933729544047467,0.952833267546243,0.967954745389576,0.986517204978631,1.00190001361759,1314,0,1
"phi.reg[1,7]",0.617219211203021,0.139387582415828,0.345047037670345,0.519006153331178,0.619401776215379,0.72087257287261,0.869314843265612,1.00069555852525,2141,0,1
"phi.reg[2,7]",0.943633309028124,0.0266074978985209,0.880026029238305,0.92845760277733,0.9476701020699,0.96331284186794,0.982880683543035,1.00222294195712,1031,0,1
"phi.reg[3,7]",0.788306718828169,0.0815491703773478,0.61323650635656,0.736894840050708,0.796670880335268,0.84829818303301,0.922487169846432,1.00164044074924,1096,0,1
"phi.reg[4,7]",0.964475390461363,0.0176855467670964,0.921421997494368,0.954535038056744,0.967664605293098,0.977384570142822,0.989883904693176,1.00429830882443,724,0,1
"phi.reg[5,7]",0.95718387029835,0.0233547062323285,0.899763492953395,0.944808847236383,0.961624161107276,0.97383127454542,0.989854571596289,1.00359311402253,1154,0,1
"phi.reg[1,8]",0.495731043446451,0.142629971947407,0.245127850069311,0.390810265502527,0.489686429476098,0.59458634323,0.790352719870604,1.00006754828618,4500,0,1
"phi.reg[2,8]",0.910550865799615,0.0334304974611167,0.833984067002624,0.890622936150855,0.914896615122815,0.935379592648161,0.963497264097277,1.00051507772714,4500,0,1
"phi.reg[3,8]",0.692742878952917,0.087722323913969,0.50576850061649,0.635083145978964,0.698994746729676,0.755925335781452,0.84429922291316,1.00023383594402,3626,0,1
"phi.reg[4,8]",0.942549145576305,0.0241302092360622,0.885220093690114,0.928304468564019,0.946592872272306,0.959628510262442,0.97894869394108,0.999794131465347,4500,0,1
"phi.reg[5,8]",0.930986223131997,0.0329425739658488,0.850900816539275,0.913078046384209,0.93636649099992,0.95458335281052,0.978705433579309,1.00104806784523,1535,0,1
"ext.reg[1,1]",0.48704689338176,0.176952996030619,0.116386430090825,0.367085372901391,0.500316274757004,0.61517604669079,0.79853869166107,1.00061810844035,2769,0,1
"ext.reg[2,1]",0.0908205289524568,0.0507379992790796,0.0156789002867495,0.0549010701955016,0.0830592992511741,0.117943485327381,0.211642630983301,1.00185539491955,960,0,1
"ext.reg[3,1]",0.301409178627683,0.129881925804285,0.0738299371282642,0.208504693962111,0.292255595345436,0.381324052854417,0.583945867926369,1.0008082180136,2724,0,1
"ext.reg[4,1]",0.0592063468363793,0.037615355353607,0.00943526813744179,0.0327162055679166,0.0514071721503485,0.0766935580843026,0.153786636031693,1.00022158110602,4210,0,1
"ext.reg[5,1]",0.0742183857306176,0.0531152262769368,0.0080438974745492,0.0358712347979702,0.0614060171734248,0.100298328761898,0.212229086388532,1.00341239956097,734,0,1
"ext.reg[1,2]",0.547836052391527,0.154240557410339,0.223314666566587,0.444875768818154,0.559712496816887,0.662715103864778,0.810703125866113,0.99977632175967,4500,0,1
"ext.reg[2,2]",0.109783541250575,0.0503500529329064,0.0354780138972744,0.073040926323352,0.101600921603943,0.137483134933119,0.22860956547039,1.00076426234678,2795,0,1
"ext.reg[3,2]",0.350936452807124,0.113220635178325,0.151624895978739,0.270473519263883,0.340932693148339,0.424107515151688,0.594331705212504,0.999699752075563,4500,0,1
"ext.reg[4,2]",0.070601088766331,0.0345258610852981,0.0226949286822955,0.045985204732879,0.0638077743325071,0.0888741563154029,0.15553481415209,0.999973807069148,4500,0,1
"ext.reg[5,2]",0.0848614782122449,0.0453202461446917,0.0217123523577254,0.0517420885547337,0.0767258742010555,0.109554114504784,0.192328700216329,1.00136855116371,1182,0,1
"ext.reg[1,3]",0.669634107779539,0.151442088279163,0.328759434836045,0.575582143445262,0.694378580866781,0.786426600623489,0.894329788499248,1.0013621727318,1358,0,1
"ext.reg[2,3]",0.178879813217604,0.0776947895557109,0.0626386280077394,0.118715015388772,0.169095358975341,0.225283802194488,0.355143358407739,1.00170782044114,1026,0,1
"ext.reg[3,3]",0.483492533090857,0.141100081455062,0.21877871683289,0.380395396501712,0.485010528043257,0.588539047444951,0.741803518989361,1.00113948175424,1494,0,1
"ext.reg[4,3]",0.122765219831094,0.0641227459433369,0.0310645044836824,0.071274847629951,0.113921265093538,0.162263348367916,0.268882946937213,1.00056740245598,3067,0,1
"ext.reg[5,3]",0.144924216296906,0.0799278491439071,0.0296548734738936,0.0808562115858189,0.132702979504697,0.195462347278103,0.327963059867521,1.00256928996827,772,0,1
"ext.reg[1,4]",0.411082595393168,0.15749027866311,0.109451496503207,0.296760087288907,0.413033458016985,0.526102968633097,0.706611491582327,1.00001615678644,4500,0,1
"ext.reg[2,4]",0.0645477084597646,0.0330604397696655,0.0148587045417559,0.0406093016407756,0.0600452021667398,0.0832693018635784,0.14261554481069,0.999926661079989,4500,0,1
"ext.reg[3,4]",0.234140597779821,0.0947502791192656,0.0675450460775378,0.165907871011898,0.22752628224416,0.294753481366877,0.434758310999537,1.00024872489186,3530,0,1
"ext.reg[4,4]",0.040587556472302,0.0216710709069158,0.00944449260241972,0.0250070202258933,0.0370556761061044,0.0522556503985172,0.0936499350035627,1.00132581936844,2871,0,1
"ext.reg[5,4]",0.0494130972644013,0.0289798233318747,0.009081976701929,0.028071391061964,0.044105446231383,0.0653714865540319,0.119110638093548,0.999953817779346,4500,0,1
"ext.reg[1,5]",0.50124828842007,0.147874610689042,0.199485816036534,0.397039235490761,0.511110932582794,0.610240203715941,0.76588841564747,0.999759751420176,4500,0,1
"ext.reg[2,5]",0.0882622341712539,0.0329943696562062,0.0363234452001685,0.0646330479865633,0.084301048111482,0.107063809536073,0.165406426165782,1.00075804824909,4500,0,1
"ext.reg[3,5]",0.305192812420531,0.0915218757791318,0.146585702302331,0.239428962997098,0.297967581715714,0.361787599212906,0.502725276610877,1.00036993297788,4101,0,1
"ext.reg[4,5]",0.0569665998317268,0.0246822380908363,0.0202726526158705,0.0392159894172989,0.0532686314121489,0.069555071928113,0.116897899818504,1.00065960041455,4205,0,1
"ext.reg[5,5]",0.067737018980661,0.0305818615885607,0.0213615781240894,0.0451933422246841,0.0630677820103597,0.0860317940176474,0.137693249699584,1.00121953790097,1427,0,1
"ext.reg[1,6]",0.429585287002696,0.145635771213377,0.144371727838484,0.327651802907751,0.430819889867914,0.533781699066957,0.699593308170837,0.999770512463423,4500,0,1
"ext.reg[2,6]",0.0678737943282882,0.030052800667071,0.0215476948111072,0.0462500056718777,0.0634636266119197,0.0859293004423478,0.136744689486393,1.00002047967089,4500,0,1
"ext.reg[3,6]",0.245930588856574,0.0850050008836455,0.100750638720289,0.184353368994044,0.239507654386023,0.299302073316226,0.431359329629523,1.00005625911487,4500,0,1
"ext.reg[4,6]",0.0428332342299029,0.0196404831709789,0.0130121186513889,0.0283275925438265,0.0400769802585222,0.0545409274585306,0.0876643325011782,0.99983339382935,4500,0,1
"ext.reg[5,6]",0.0514926231628596,0.0260157185790052,0.0134827950213691,0.0320452546104241,0.0471667324537569,0.0662704559525333,0.112879836987957,1.00190001361759,1314,0,1
"ext.reg[1,7]",0.382780788796979,0.139387582415828,0.130685156734388,0.27912742712739,0.380598223784621,0.480993846668822,0.654952962329655,1.00069555852525,2141,0,1
"ext.reg[2,7]",0.056366690971876,0.0266074978985209,0.0171193164569646,0.0366871581320604,0.0523298979301002,0.0715423972226695,0.119973970761695,1.00222294195712,1031,0,1
"ext.reg[3,7]",0.211693281171831,0.0815491703773478,0.0775128301535679,0.15170181696699,0.203329119664732,0.263105159949292,0.38676349364344,1.00164044074924,1096,0,1
"ext.reg[4,7]",0.035524609538637,0.0176855467670964,0.0101160953068237,0.0226154298571776,0.0323353947069021,0.0454649619432559,0.0785780025056325,1.00429830882443,724,0,1
"ext.reg[5,7]",0.0428161297016498,0.0233547062323285,0.0101454284037113,0.0261687254545802,0.038375838892724,0.0551911527636171,0.100236507046605,1.00359311402252,1154,0,1
"ext.reg[1,8]",0.504268956553549,0.142629971947407,0.209647280129396,0.40541365677,0.510313570523902,0.609189734497473,0.754872149930689,1.00006754828618,4500,0,1
"ext.reg[2,8]",0.0894491342003847,0.0334304974611167,0.0365027359027231,0.0646204073518388,0.0851033848771852,0.109377063849145,0.166015932997377,1.00051507772714,4500,0,1
"ext.reg[3,8]",0.307257121047083,0.087722323913969,0.15570077708684,0.244074664218548,0.301005253270324,0.364916854021036,0.49423149938351,1.00023383594402,3626,0,1
"ext.reg[4,8]",0.0574508544236947,0.0241302092360622,0.0210513060589203,0.0403714897375578,0.0534071277276935,0.0716955314359807,0.114779906309886,0.999794131465348,4500,0,1
"ext.reg[5,8]",0.0690137768680035,0.0329425739658488,0.0212945664206906,0.0454166471894803,0.0636335090000801,0.0869219536157914,0.149099183460725,1.00104806784523,1535,0,1
"mean.gamma.reg[1]",0.278864322421321,0.110871397419887,0.110851075708085,0.198474817321337,0.262593796518953,0.34263472700978,0.530424144228586,1.00124290206605,4500,0,1
"mean.gamma.reg[2]",0.588350435897126,0.0934318783000044,0.40019917740212,0.524918832359658,0.589578277348172,0.655420376003742,0.76512224605421,0.999872004819606,4500,0,1
"mean.gamma.reg[3]",0.134824548517692,0.036239078799225,0.0704410007647427,0.108929580588838,0.132527256670885,0.158633318969759,0.211070603826217,0.999810921384518,4500,0,1
"mean.gamma.reg[4]",0.489062574269561,0.0917252221956919,0.301945018940913,0.428928752601445,0.49182507735874,0.551660673624621,0.662001483021013,1.00139724523508,1595,0,1
"mean.gamma.reg[5]",0.474701288062121,0.102364083423643,0.281397000726821,0.40209243249668,0.474503371989801,0.546181102385584,0.674239312388082,1.00087141395722,2004,0,1
"mean.phi.reg[1]",0.508314628785089,0.122175681225093,0.290196704268788,0.4200253773744,0.502652959581223,0.587315538238266,0.768767230228262,0.999798071128864,4500,0,1
"mean.phi.reg[2]",0.906752069305975,0.0265395115461825,0.84659709311247,0.890283881133761,0.908992290020418,0.9258091073092,0.951152530829618,1.00127623997708,1386,0,1
"mean.phi.reg[3]",0.694993429274812,0.0679795737224621,0.553753967800064,0.649097361762875,0.698280141614299,0.742808922378737,0.818490753688143,0.999830808291145,4500,0,1
"mean.phi.reg[4]",0.939258061258741,0.0206965843915683,0.894317526735455,0.925978578180954,0.941524708192313,0.954276146509664,0.973986539497247,1.00010530209327,4500,0,1
"mean.phi.reg[5]",0.926940409222832,0.0301530138229758,0.860073238078606,0.907708760503584,0.929970404397404,0.949122381675263,0.976866981635686,1.0027842388092,710,0,1
"mean.ext.reg[1]",0.491685371214911,0.122175681225093,0.231232769771738,0.412684461761734,0.497347040418777,0.5799746226256,0.709803295731212,0.999798071128864,4500,0,1
"mean.ext.reg[2]",0.0932479306940254,0.0265395115461825,0.048847469170382,0.0741908926907997,0.0910077099795821,0.109716118866239,0.15340290688753,1.00127623997708,1386,0,1
"mean.ext.reg[3]",0.305006570725188,0.0679795737224621,0.181509246311857,0.257191077621263,0.301719858385701,0.350902638237125,0.446246032199936,0.999830808291145,4500,0,1
"mean.ext.reg[4]",0.0607419387412585,0.0206965843915683,0.0260134605027528,0.0457238534903355,0.0584752918076865,0.0740214218190463,0.105682473264545,1.00010530209327,4500,0,1
"mean.ext.reg[5]",0.073059590777168,0.0301530138229758,0.0231330183643136,0.0508776183247371,0.0700295956025961,0.0922912394964158,0.139926761921394,1.0027842388092,710,0,1
"equilib.reg[1]",0.357843990027552,0.0946757190351975,0.186867291251508,0.290747052955526,0.35262277236408,0.418609446685698,0.557492646288654,0.999729755418878,4500,0,1
"equilib.reg[2]",0.863104455586995,0.0330157812796237,0.793475697975532,0.842145459177697,0.865900132480585,0.886544079670863,0.919354109711819,1.00144505381804,1131,0,1
"equilib.reg[3]",0.306650619207909,0.0540610497854482,0.204488145485712,0.269017670215613,0.305194443542166,0.341958464132684,0.41987515148589,1.00004974015079,4500,0,1
"equilib.reg[4]",0.889113227949769,0.0333510863378039,0.816409097189112,0.868369242066536,0.89179525205062,0.913635860366328,0.947171008537671,1.00055218785682,4500,0,1
"equilib.reg[5]",0.867648171670956,0.0443777544673574,0.773251777345546,0.838906748196939,0.869619884724293,0.898869485810426,0.946728959780888,1.00144187897148,1183,0,1
"mean.p",0.646751575545992,0.0448273917279326,0.554208311914711,0.624164662357727,0.649896132853917,0.674879419774632,0.722075728476393,1.02199179628763,257,0,1
"p.year[1]",0.635010083713393,0.0408890089135903,0.551776674491609,0.607020327823425,0.63635716738633,0.66310659339158,0.711810878523061,1.00018761443388,4047,0,1
"p.year[2]",0.622170671698771,0.0384997420519673,0.546184006161212,0.596702547721791,0.623284942060085,0.648757223470476,0.693937874234607,1.00021307778178,4500,0,1
"p.year[3]",0.521976084320486,0.031305634258492,0.461542778534657,0.500705453851285,0.522452930461301,0.5431087813896,0.581323467196853,1.00012067824142,4500,0,1
"p.year[4]",0.496290191010861,0.0387604773891108,0.422486464225262,0.470289002371109,0.495679572919345,0.522171532997279,0.573542051195915,1.0014071056051,1204,0,1
"p.year[5]",0.628987129802123,0.0282041445935899,0.573280401876603,0.610526909979832,0.629178647897362,0.647919305791001,0.683831245414735,0.999855533024489,4500,0,1
"p.year[6]",0.713515715784386,0.0228907453723205,0.666852876605194,0.698638971681424,0.714024334419296,0.729198247253829,0.756763298733903,0.999827277425707,4500,0,1
"p.year[7]",0.704296125368058,0.0256440653046472,0.652349698436839,0.687127045250862,0.704713006476616,0.721362374714394,0.755442241774938,1.00036094561003,4500,0,1
"p.year[8]",0.766005085405589,0.0223421498867172,0.721295231940547,0.751092629491276,0.766575933438585,0.781164973788353,0.808563407413169,0.999872666051474,4500,0,1
"p.year[9]",0.730778423011685,0.0249967901049646,0.680022289898092,0.714292564400898,0.73123454764645,0.747851829050379,0.778971060370378,1.00001776552172,4500,0,1
"z[1,1]",0.335333333333333,0.472159326788432,0,0,0,1,1,1.00105733844262,1617,1,1
"z[2,1]",1,0,1,1,1,1,1,NA,1,0,1
"z[3,1]",0.506,0.500019559519626,0,0,1,1,1,0.99977448782613,4500,1,1
"z[4,1]",1,0,1,1,1,1,1,NA,1,0,1
"z[5,1]",0.851333333333333,0.355799129666249,0,1,1,1,1,0.99984704668106,4500,1,1
"z[6,1]",0.664222222222222,0.472314127676576,0,0,1,1,1,1.00083127282878,1925,1,1
"z[7,1]",0.78,0.414292338583869,0,1,1,1,1,0.99975958249508,4500,1,1
"z[8,1]",0.606888888888889,0.488495438904733,0,0,1,1,1,0.999922195225251,4500,1,1
"z[9,1]",0.624666666666667,0.484262672142031,0,0,1,1,1,0.999950953744902,4500,1,1
"z[10,1]",0.855333333333333,0.35180353283733,0,1,1,1,1,0.999681124574881,4500,1,1
"z[11,1]",0.638444444444444,0.480504363618657,0,0,1,1,1,0.99992013802359,4500,1,1
"z[12,1]",0.952444444444444,0.212847579895609,0,1,1,1,1,1.0006168341493,4500,1,1
"z[13,1]",0.866222222222222,0.340451231560198,0,1,1,1,1,1.0013733171335,2522,1,1
"z[14,1]",0.723111111111111,0.447510821813304,0,0,1,1,1,0.999713398980688,4500,1,1
"z[15,1]",1,0,1,1,1,1,1,NA,1,0,1
"z[16,1]",1,0,1,1,1,1,1,NA,1,0,1
"z[17,1]",0.768666666666667,0.421731841536556,0,1,1,1,1,1.00039221816964,3885,1,1
"z[18,1]",1,0,1,1,1,1,1,NA,1,0,1
"z[19,1]",1,0,1,1,1,1,1,NA,1,0,1
"z[20,1]",0.0168888888888889,0.128869487630174,0,0,0,0,0,1.00109720407746,4500,1,1
"z[21,1]",0.0442222222222222,0.205611312804703,0,0,0,0,1,1.00306915759473,3466,1,1
"z[22,1]",1,0,1,1,1,1,1,NA,1,0,1
"z[23,1]",0.788,0.408770267763041,0,1,1,1,1,0.99967457327055,4500,1,1
"z[24,1]",1,0,1,1,1,1,1,NA,1,0,1
"z[25,1]",0.589333333333333,0.492009501568061,0,0,1,1,1,1.00010058268698,4500,1,1
"z[26,1]",0.861111111111111,0.345868976410075,0,1,1,1,1,1.00000951201105,4500,1,1
"z[27,1]",0.788888888888889,0.408142411058839,0,1,1,1,1,0.999667500927349,4500,1,1
"z[28,1]",0.634,0.481762988195278,0,0,1,1,1,1.00036723619099,3084,1,1
"z[29,1]",0.449555555555556,0.497504130964745,0,0,0,1,1,1.0000593381919,4500,1,1
"z[30,1]",0.930444444444444,0.254424773023488,0,1,1,1,1,1.00657363479596,1109,1,1
"z[31,1]",0.868,0.338528384323479,0,1,1,1,1,0.999756860834985,4500,1,1
"z[32,1]",0.932888888888889,0.25024213410665,0,1,1,1,1,0.999975207714573,4500,1,1
"z[33,1]",0.712666666666667,0.452568673341182,0,0,1,1,1,0.999742575369702,4500,1,1
"z[34,1]",0.695333333333333,0.460317255808063,0,0,1,1,1,1.00002537798475,4500,1,1
"z[35,1]",0.733555555555556,0.442148443237228,0,0,1,1,1,0.99995640386822,4500,1,1
"z[36,1]",0.641777777777778,0.479531189563664,0,0,1,1,1,0.999964549082882,4500,1,1
"z[37,1]",0.823111111111111,0.381617049472633,0,1,1,1,1,0.999894964610048,4500,1,1
"z[38,1]",0.601777777777778,0.489586100094805,0,0,1,1,1,1.00123629568306,1333,1,1
"z[39,1]",0.920222222222222,0.270978968999202,0,1,1,1,1,0.999904560502659,4500,1,1
"z[40,1]",0.910666666666667,0.285255975094233,0,1,1,1,1,0.999744890443119,4500,1,1
"z[41,1]",0.0933333333333333,0.290931317221604,0,0,0,0,1,1.00081300804205,4500,1,1
"z[42,1]",0.703111111111111,0.456937933232189,0,0,1,1,1,0.99982348501343,4500,1,1
"z[43,1]",0.782888888888889,0.412324698400923,0,1,1,1,1,1.00004123347834,4500,1,1
"z[44,1]",0.704888888888889,0.456143376880734,0,0,1,1,1,1.00008030676652,4500,1,1
"z[45,1]",0.724888888888889,0.44661987659371,0,0,1,1,1,1.00057945543587,2752,1,1
"z[46,1]",0.909777777777778,0.286531703964327,0,1,1,1,1,1.00054738355715,4500,1,1
"z[47,1]",0.148888888888889,0.356018474426563,0,0,0,0,1,1.0003544035492,4500,1,1
"z[48,1]",0.120888888888889,0.326034334535402,0,0,0,0,1,1.00406949584251,1065,1,1
"z[49,1]",0.518888888888889,0.499698607638849,0,0,1,1,1,0.999778718478071,4500,1,1
"z[50,1]",0.463333333333333,0.498709158355544,0,0,0,1,1,0.999757664273154,4500,1,1
"z[51,1]",0.258,0.437582621671684,0,0,0,1,1,1.00049196626907,3160,1,1
"z[52,1]",0.425111111111111,0.494414780977379,0,0,0,1,1,0.999756303803721,4500,1,1
"z[53,1]",0.378222222222222,0.48499736545041,0,0,0,1,1,1.00001711158254,4500,1,1
"z[54,1]",0.0426666666666667,0.202126943226378,0,0,0,0,1,1.00156986614856,4500,1,1
"z[55,1]",0.00288888888888889,0.0536766566849176,0,0,0,0,0,1.08102998765131,1883,1,1
"z[56,1]",0.00555555555555556,0.0743365276300976,0,0,0,0,0,1.0004744725668,4500,1,1
"z[57,1]",1,0,1,1,1,1,1,NA,1,0,1
"z[58,1]",0.0106666666666667,0.102738670891514,0,0,0,0,0,1.0082016122881,4500,1,1
"z[59,1]",0.0562222222222222,0.230375949195969,0,0,0,0,1,1.00096193092384,4500,1,1
"z[60,1]",1,0,1,1,1,1,1,NA,1,0,1
"z[61,1]",0.716,0.450986915108927,0,0,1,1,1,0.999862080077377,4500,1,1
"z[62,1]",0.342444444444444,0.474580127272358,0,0,0,1,1,1.00063092672531,2310,1,1
"z[63,1]",0.772666666666667,0.41915621376802,0,1,1,1,1,1.00055789256605,3188,1,1
"z[64,1]",0.413333333333333,0.492486332080458,0,0,0,1,1,1.00048776533598,2515,1,1
"z[65,1]",0.630888888888889,0.482617714898697,0,0,1,1,1,0.999669797173503,4500,1,1
"z[66,1]",0.435555555555556,0.495884622035203,0,0,0,1,1,1.00071753144471,1939,1,1
"z[67,1]",0.273111111111111,0.445606954364799,0,0,0,1,1,0.999714222407223,4500,1,1
"z[68,1]",0.279111111111111,0.448612105960907,0,0,0,1,1,0.999788062604252,4500,1,1
"z[69,1]",1,0,1,1,1,1,1,NA,1,0,1
"z[70,1]",1,0,1,1,1,1,1,NA,1,0,1
"z[71,1]",0.868666666666667,0.337802082174598,0,1,1,1,1,0.999740605454157,4500,1,1
"z[72,1]",0.874222222222222,0.331635596516771,0,1,1,1,1,0.999668652361608,4500,1,1
"z[73,1]",0.517555555555556,0.499747237980913,0,0,1,1,1,1.00156420682308,1061,1,1
"z[74,1]",0.879333333333333,0.325775699866786,0,1,1,1,1,1.00008037862994,4500,1,1
"z[75,1]",0.471333333333333,0.499233019208792,0,0,0,1,1,1.00016929540877,3996,1,1
"z[76,1]",0.554,0.497130686801717,0,0,1,1,1,1.00092752732404,1611,1,1
"z[77,1]",0.0304444444444444,0.171825903655918,0,0,0,0,1,1.00054326516512,4500,1,1
"z[78,1]",0.810444444444444,0.391992848433725,0,1,1,1,1,1.00074757983958,3004,1,1
"z[79,1]",0.902444444444444,0.296745745695873,0,1,1,1,1,0.999879786331418,4500,1,1
"z[80,1]",0.606444444444444,0.488592498632741,0,0,1,1,1,0.999815198103158,4500,1,1
"z[81,1]",0.596222222222222,0.490708461211765,0,0,1,1,1,1.000079105824,4500,1,1
"z[82,1]",0.643777777777778,0.478935197820584,0,0,1,1,1,1.00079818043174,1935,1,1
"z[83,1]",0.778444444444444,0.415339651674082,0,1,1,1,1,1.00032146935789,4439,1,1
"z[84,1]",0.266666666666667,0.442265782086846,0,0,0,1,1,0.999691791447163,4500,1,1
"z[85,1]",0.59,0.491887962349039,0,0,1,1,1,0.999975367078903,4500,1,1
"z[86,1]",0.0184444444444444,0.13456697579197,0,0,0,0,0,1.00910749924707,2888,1,1
"z[87,1]",0.0504444444444444,0.218884556868758,0,0,0,0,1,1.00022529924212,4500,1,1
"z[88,1]",1,0,1,1,1,1,1,NA,1,0,1
"z[89,1]",1,0,1,1,1,1,1,NA,1,0,1
"z[90,1]",0.794666666666667,0.403989881012978,0,1,1,1,1,0.99976674006113,4500,1,1
"z[91,1]",0.622222222222222,0.484885528702674,0,0,1,1,1,1.00048534841552,2605,1,1
"z[92,1]",0.580888888888889,0.493468439955761,0,0,1,1,1,1.00029198335432,3285,1,1
"z[93,1]",0.528888888888889,0.499220206423967,0,0,1,1,1,1.0000596781472,4500,1,1
"z[94,1]",0.341111111111111,0.474135294503335,0,0,0,1,1,1.0013919548043,1295,1,1
"z[95,1]",0.593777777777778,0.491181576997835,0,0,1,1,1,1.00018709815794,3988,1,1
"z[96,1]",0.889333333333333,0.313753775163274,0,1,1,1,1,0.999735411043584,4500,1,1
"z[97,1]",0.802,0.398536442302985,0,1,1,1,1,0.999775171184829,4500,1,1
"z[98,1]",0.774,0.418285644793295,0,1,1,1,1,1.00193266915486,1269,1,1
"z[99,1]",0.795111111111111,0.403665260137017,0,1,1,1,1,0.999692646453967,4500,1,1
"z[100,1]",0.672666666666667,0.469292194021633,0,0,1,1,1,0.999915510576442,4500,1,1
"z[101,1]",0.954222222222222,0.209026032222424,0,1,1,1,1,1.00145891553139,4500,1,1
"z[102,1]",0.00311111111111111,0.0556966916350484,0,0,0,0,0,1.01716357534615,4500,1,1
"z[103,1]",0.00688888888888889,0.0827221418662089,0,0,0,0,0,1.05013528605508,1346,1,1
"z[104,1]",0.0133333333333333,0.11471041653724,0,0,0,0,0,1.0026475802534,4500,1,1
"z[105,1]",0.229333333333333,0.420450757809003,0,0,0,0,1,1.00003903703646,4500,1,1
"z[106,1]",0.546444444444444,0.497893564956549,0,0,1,1,1,1.00006768007236,4500,1,1
"z[107,1]",0.372222222222222,0.483450905827888,0,0,0,1,1,1.00018294079303,4148,1,1
"z[108,1]",0.948666666666667,0.220701260655139,0,1,1,1,1,1.00915264295055,1072,1,1
"z[109,1]",0.210888888888889,0.407984993242305,0,0,0,0,1,1.00049466945382,3621,1,1
"z[110,1]",0.0157777777777778,0.124628612791859,0,0,0,0,0,1.01683084535063,1829,1,1
"z[111,1]",0.00222222222222222,0.0470932775447189,0,0,0,0,0,1.05921191003868,3455,1,1
"z[112,1]",0.00577777777777778,0.0758002102747823,0,0,0,0,0,1.00041370665397,4500,1,1
"z[113,1]",0.00311111111111111,0.0556966916350484,0,0,0,0,0,1.03837431163505,3926,1,1
"z[114,1]",0.156444444444444,0.363316547020318,0,0,0,0,1,1.00194150568758,1668,1,1
"z[115,1]",0.201333333333333,0.401041099019679,0,0,0,0,1,1.00023714430553,4500,1,1
"z[116,1]",0.153111111111111,0.360134586374701,0,0,0,0,1,1.00094144009893,3016,1,1
"z[117,1]",0.806222222222222,0.395300740773805,0,1,1,1,1,1.00044719191382,4099,1,1
"z[118,1]",1,0,1,1,1,1,1,NA,1,0,1
"z[119,1]",1,0,1,1,1,1,1,NA,1,0,1
"z[120,1]",1,0,1,1,1,1,1,NA,1,0,1
"z[121,1]",1,0,1,1,1,1,1,NA,1,0,1
"z[122,1]",0.123333333333333,0.328855978694735,0,0,0,0,1,1.00002779918859,4500,1,1
"z[123,1]",0.157111111111111,0.363945936488476,0,0,0,0,1,1.00068767341872,3705,1,1
"z[124,1]",0.0653333333333333,0.247140571093493,0,0,0,0,1,1.00087869701674,4500,1,1
"z[125,1]",0.887555555555556,0.315947581441862,0,1,1,1,1,1.0015769452273,2619,1,1
"z[126,1]",0.903333333333333,0.295536176252013,0,1,1,1,1,1.00027735237772,4500,1,1
"z[127,1]",0.333555555555556,0.471535425031454,0,0,0,1,1,0.999712048545825,4500,1,1
"z[128,1]",0.260444444444444,0.438925902898667,0,0,0,1,1,0.999731182804851,4500,1,1
"z[129,1]",0.376,0.48443384507651,0,0,0,1,1,0.999973393734768,4500,1,1
"z[130,1]",0.350222222222222,0.477092442702358,0,0,0,1,1,0.999967549086854,4500,1,1
"z[131,1]",0.452666666666667,0.497809828621661,0,0,0,1,1,1.00056250170349,2258,1,1
"z[132,1]",0.498888888888889,0.500054330109907,0,0,0,1,1,1.00092174550695,1598,1,1
"z[133,1]",0.505777777777778,0.500022177276067,0,0,1,1,1,0.999785546272052,4500,1,1
"z[134,1]",0.000888888888888889,0.0298042977535084,0,0,0,0,0,1.10540023626025,4497,1,1
"z[135,1]",0.006,0.0772355205065475,0,0,0,0,0,1.00789465731767,4500,1,1
"z[136,1]",0.00288888888888889,0.0536766566849176,0,0,0,0,0,1.04418532344872,3647,1,1
"z[137,1]",0.00555555555555556,0.0743365276300976,0,0,0,0,0,1.00528243061712,4500,1,1
"z[138,1]",0.036,0.186310798705171,0,0,0,0,1,0.999912475385265,4500,1,1
"z[139,1]",1,0,1,1,1,1,1,NA,1,0,1
"z[140,1]",0.196888888888889,0.397691841406318,0,0,0,0,1,0.999833484240946,4500,1,1
"z[141,1]",0.932222222222222,0.251392113273443,0,1,1,1,1,1.00307868446235,2315,1,1
"z[142,1]",0.169555555555556,0.375283581331809,0,0,0,0,1,1.0004206826258,4500,1,1
"z[143,1]",0.109555555555556,0.312369683381089,0,0,0,0,1,1.00211736959577,2083,1,1
"z[144,1]",0.0908888888888889,0.287482981490148,0,0,0,0,1,1.00003929653301,4500,1,1
"z[145,1]",0.859333333333333,0.347716010056626,0,1,1,1,1,1.00122139652251,2659,1,1
"z[146,1]",0.712,0.452881417292069,0,0,1,1,1,1.00070344923978,2351,1,1
"z[147,1]",0.791777777777778,0.406081732372833,0,1,1,1,1,1.00040762997809,4087,1,1
"z[148,1]",0.959555555555556,0.197021109093834,0,1,1,1,1,1.00261908162609,4343,1,1
"z[149,1]",0.863777777777778,0.343062504722754,0,1,1,1,1,1.0000638385826,4500,1,1
"z[150,1]",0.817777777777778,0.386070468001789,0,1,1,1,1,0.999854500194629,4500,1,1
"z[151,1]",0.864222222222222,0.342590505813979,0,1,1,1,1,1.0003895280387,4500,1,1
"z[152,1]",0.839777777777778,0.366852788745443,0,1,1,1,1,1.00001935451735,4500,1,1
"z[153,1]",0.704888888888889,0.456143376880734,0,0,1,1,1,1.00008785129622,4500,1,1
"z[154,1]",0.856222222222222,0.350903250632194,0,1,1,1,1,1.00044080065692,4500,1,1
"z[155,1]",0.00733333333333333,0.0853297931213479,0,0,0,0,0,1.01201976281667,4500,1,1
"z[156,1]",0.100888888888889,0.301215011772787,0,0,0,0,1,1.00030041360911,4500,1,1
"z[157,1]",1,0,1,1,1,1,1,NA,1,0,1
"z[158,1]",1,0,1,1,1,1,1,NA,1,0,1
"z[159,1]",1,0,1,1,1,1,1,NA,1,0,1
"z[160,1]",0.962666666666667,0.189598375253176,0,1,1,1,1,1.00143905812325,4500,1,1
"z[161,1]",1,0,1,1,1,1,1,NA,1,0,1
"z[162,1]",1,0,1,1,1,1,1,NA,1,0,1
"z[163,1]",1,0,1,1,1,1,1,NA,1,0,1
"z[164,1]",1,0,1,1,1,1,1,NA,1,0,1
"z[165,1]",1,0,1,1,1,1,1,NA,1,0,1
"z[166,1]",1,0,1,1,1,1,1,NA,1,0,1
"z[167,1]",0.00466666666666667,0.0681609955608629,0,0,0,0,0,1.01312583228194,4500,1,1
"z[168,1]",1,0,1,1,1,1,1,NA,1,0,1
"z[169,1]",1,0,1,1,1,1,1,NA,1,0,1
"z[170,1]",0.383111111111111,0.486199052506756,0,0,0,1,1,0.999937516913519,4500,1,1
"z[171,1]",0.739777777777778,0.438804519166392,0,0,1,1,1,0.999787264526799,4500,1,1
"z[172,1]",0.898444444444444,0.302096516371218,0,1,1,1,1,1.00195434307383,2394,1,1
"z[173,1]",0.804,0.397012627570361,0,1,1,1,1,0.999944338850197,4500,1,1
"z[174,1]",0.389333333333333,0.487653293444934,0,0,0,1,1,1.0002665555618,3513,1,1
"z[175,1]",1,0,1,1,1,1,1,NA,1,0,1
"z[176,1]",1,0,1,1,1,1,1,NA,1,0,1
"z[177,1]",0.00355555555555556,0.0595289935189017,0,0,0,0,0,1.0016276586034,4500,1,1
"z[178,1]",1,0,1,1,1,1,1,NA,1,0,1
"z[179,1]",1,0,1,1,1,1,1,NA,1,0,1
"z[180,1]",0.360888888888889,0.480311737615325,0,0,0,1,1,1.00198590168609,938,1,1
"z[181,1]",0.553333333333333,0.497202666143567,0,0,1,1,1,0.999735713323496,4500,1,1
"z[182,1]",0.136444444444444,0.343298045001655,0,0,0,0,1,0.999860458289454,4500,1,1
"z[183,1]",0.322,0.467294902015954,0,0,0,1,1,0.99969147032341,4500,1,1
"z[184,1]",0.283111111111111,0.450560009264124,0,0,0,1,1,1.00025166692207,4212,1,1
"z[185,1]",0.211333333333333,0.408299647209664,0,0,0,0,1,0.999677273649176,4500,1,1
"z[186,1]",1,0,1,1,1,1,1,NA,1,0,1
"z[187,1]",0.490222222222222,0.499959940110648,0,0,0,1,1,1.00000161418794,4500,1,1
"z[188,1]",0.519111111111111,0.499690156151589,0,0,1,1,1,0.999677701615826,4500,1,1
"z[189,1]",0.758,0.428341887533938,0,1,1,1,1,1.00079556660926,2424,1,1
"z[190,1]",0.65,0.47702260616518,0,0,1,1,1,0.999753951053272,4500,1,1
"z[191,1]",0.684222222222222,0.464876539876773,0,0,1,1,1,1.00001659547309,4500,1,1
"z[192,1]",0.654,0.475746042033284,0,0,1,1,1,1.00003166205656,4500,1,1
"z[193,1]",0.747777777777778,0.43433638419814,0,0,1,1,1,0.999752597867055,4500,1,1
"z[194,1]",0.649555555555556,0.477162165502882,0,0,1,1,1,1.00022274767923,3948,1,1
"z[195,1]",0.589111111111111,0.492049807202756,0,0,1,1,1,1.00070082826649,2003,1,1
"z[196,1]",0.801111111111111,0.399208609336637,0,1,1,1,1,1.00090306857712,2548,1,1
"z[197,1]",0.534888888888889,0.498836709534676,0,0,1,1,1,0.999975979937574,4500,1,1
"z[198,1]",0.653333333333333,0.475961375470961,0,0,1,1,1,0.999815276288815,4500,1,1
"z[199,1]",0.412888888888889,0.492407895500377,0,0,0,1,1,0.999775470069077,4500,1,1
"z[200,1]",0.829333333333333,0.376259240127448,0,1,1,1,1,1.00003626809221,4500,1,1
"z[1,2]",0.234444444444444,0.423698171199837,0,0,0,0,1,1.00061773128061,2939,1,1
"z[2,2]",1,0,1,1,1,1,1,NA,1,0,1
"z[3,2]",0.450444444444444,0.497593477623403,0,0,0,1,1,0.999727437705924,4500,1,1
"z[4,2]",1,0,1,1,1,1,1,NA,1,0,1
"z[5,2]",0.816444444444444,0.387164337009769,0,1,1,1,1,1.00039220063791,4500,1,1
"z[6,2]",0.675555555555556,0.468218927918595,0,0,1,1,1,0.999846140244967,4500,1,1
"z[7,2]",1,0,1,1,1,1,1,NA,1,0,1
"z[8,2]",1,0,1,1,1,1,1,NA,1,0,1
"z[9,2]",0.537111111111111,0.498676274967964,0,0,1,1,1,1.00012270929491,4413,1,1
"z[10,2]",1,0,1,1,1,1,1,NA,1,0,1
"z[11,2]",1,0,1,1,1,1,1,NA,1,0,1
"z[12,2]",1,0,1,1,1,1,1,NA,1,0,1
"z[13,2]",1,0,1,1,1,1,1,NA,1,0,1
"z[14,2]",1,0,1,1,1,1,1,NA,1,0,1
"z[15,2]",1,0,1,1,1,1,1,NA,1,0,1
"z[16,2]",0.961111111111111,0.193351625166517,0,1,1,1,1,1.00106123534402,4500,1,1
"z[17,2]",0.897555555555556,0.303265589918635,0,1,1,1,1,1.00023009630637,4500,1,1
"z[18,2]",1,0,1,1,1,1,1,NA,1,0,1
"z[19,2]",1,0,1,1,1,1,1,NA,1,0,1
"z[20,2]",0.101111111111111,0.3015092968165,0,0,0,0,1,1.00106671649062,3925,1,1
"z[21,2]",0.455333333333333,0.498056235114366,0,0,0,1,1,0.999848433518014,4500,1,1
"z[22,2]",0.718888888888889,0.44959156205435,0,0,1,1,1,1.00009100623185,4500,1,1
"z[23,2]",0.628666666666667,0.48321504225507,0,0,1,1,1,1.00103747757601,1564,1,1
"z[24,2]",0.741111111111111,0.438073142680987,0,0,1,1,1,1.00230059349453,994,1,1
"z[25,2]",1,0,1,1,1,1,1,NA,1,0,1
"z[26,2]",1,0,1,1,1,1,1,NA,1,0,1
"z[27,2]",1,0,1,1,1,1,1,NA,1,0,1
"z[28,2]",0.711333333333333,0.453192964509253,0,0,1,1,1,1.00066157230317,2446,1,1
"z[29,2]",0.469333333333333,0.499114129659167,0,0,0,1,1,0.999990439665719,4500,1,1
"z[30,2]",1,0,1,1,1,1,1,NA,1,0,1
"z[31,2]",1,0,1,1,1,1,1,NA,1,0,1
"z[32,2]",1,0,1,1,1,1,1,NA,1,0,1
"z[33,2]",0.851555555555556,0.355579510689408,0,1,1,1,1,1.00039258981644,4500,1,1
"z[34,2]",0.871333333333333,0.334867846727887,0,1,1,1,1,0.999707868183761,4500,1,1
"z[35,2]",0.88,0.324997649041713,0,1,1,1,1,0.999746347462988,4500,1,1
"z[36,2]",0.828666666666667,0.376841850052645,0,1,1,1,1,1.00079415031299,3123,1,1
"z[37,2]",1,0,1,1,1,1,1,NA,1,0,1
"z[38,2]",0.606888888888889,0.488495438904733,0,0,1,1,1,0.999838827137874,4500,1,1
"z[39,2]",1,0,1,1,1,1,1,NA,1,0,1
"z[40,2]",0.91,0.286213563699108,0,1,1,1,1,1.00089974054114,4500,1,1
"z[41,2]",0.00911111111111111,0.0950268670194558,0,0,0,0,0,1.01246294241129,4253,1,1
"z[42,2]",1,0,1,1,1,1,1,NA,1,0,1
"z[43,2]",1,0,1,1,1,1,1,NA,1,0,1
"z[44,2]",1,0,1,1,1,1,1,NA,1,0,1
"z[45,2]",1,0,1,1,1,1,1,NA,1,0,1
"z[46,2]",1,0,1,1,1,1,1,NA,1,0,1
"z[47,2]",0.036,0.186310798705171,0,0,0,0,1,1.01579368128501,875,1,1
"z[48,2]",0.0117777777777778,0.107896472423584,0,0,0,0,0,1.02307113426588,1773,1,1
"z[49,2]",0.608444444444444,0.488152390565698,0,0,1,1,1,1.00012718946635,4500,1,1
"z[50,2]",0.599111111111111,0.490133014784224,0,0,1,1,1,1.000058657495,4500,1,1
"z[51,2]",0.386444444444444,0.486988539438194,0,0,0,1,1,1.00038013878369,2963,1,1
"z[52,2]",0.315555555555556,0.464788396146104,0,0,0,1,1,0.999705257987458,4500,1,1
"z[53,2]",0.316222222222222,0.465052458586249,0,0,0,1,1,1.00008587094685,4500,1,1
"z[54,2]",1,0,1,1,1,1,1,NA,1,0,1
"z[55,2]",0.002,0.0446815807032984,0,0,0,0,0,1.01775579934475,4500,1,1
"z[56,2]",0.0124444444444444,0.11087069888737,0,0,0,0,0,1.0207859939431,1872,1,1
"z[57,2]",0.933777777777778,0.248697776589203,0,1,1,1,1,1.00017670050174,4500,1,1
"z[58,2]",0.496,0.500039562782419,0,0,0,1,1,1.00143814550977,1134,1,1
"z[59,2]",0.538444444444444,0.49857523412558,0,0,1,1,1,1.00078483833353,1804,1,1
"z[60,2]",1,0,1,1,1,1,1,NA,1,0,1
"z[61,2]",0.714222222222222,0.451834269514556,0,0,1,1,1,0.9998308406408,4500,1,1
"z[62,2]",0.516888888888889,0.499770217136365,0,0,1,1,1,1.00050694454397,2387,1,1
"z[63,2]",0.749111111111111,0.433572864534595,0,0,1,1,1,1.00029098754049,4268,1,1
"z[64,2]",0.499333333333333,0.500055120322497,0,0,0,1,1,0.999936911914674,4500,1,1
"z[65,2]",0.482222222222222,0.499739380349854,0,0,0,1,1,0.999877363074648,4500,1,1
"z[66,2]",0.337555555555556,0.472928646865263,0,0,0,1,1,1.00024465975886,3878,1,1
"z[67,2]",0.239777777777778,0.426995212746905,0,0,0,0,1,0.999787806365016,4500,1,1
"z[68,2]",0.235777777777778,0.424531115060534,0,0,0,0,1,0.999854625927116,4500,1,1
"z[69,2]",1,0,1,1,1,1,1,NA,1,0,1
"z[70,2]",1,0,1,1,1,1,1,NA,1,0,1
"z[71,2]",1,0,1,1,1,1,1,NA,1,0,1
"z[72,2]",1,0,1,1,1,1,1,NA,1,0,1
"z[73,2]",0.386666666666667,0.487040315070644,0,0,0,1,1,0.999766740783425,4500,1,1
"z[74,2]",1,0,1,1,1,1,1,NA,1,0,1
"z[75,2]",0.194444444444444,0.395816394508945,0,0,0,0,1,1.00007283465147,4500,1,1
"z[76,2]",0.12,0.324997649041713,0,0,0,0,1,1.00138719196379,2753,1,1
"z[77,2]",0.300444444444444,0.458502232009075,0,0,0,1,1,1.00014433532717,4500,1,1
"z[78,2]",0.818444444444444,0.385520639964811,0,1,1,1,1,1.00198578277586,1450,1,1
"z[79,2]",0.876888888888889,0.32860121836697,0,1,1,1,1,0.999878156529645,4500,1,1
"z[80,2]",0.783777777777778,0.411713299819999,0,1,1,1,1,1.00088380036173,2423,1,1
"z[81,2]",0.743111111111111,0.436966152735244,0,0,1,1,1,1.00038228336466,3658,1,1
"z[82,2]",0.536666666666667,0.498709158355544,0,0,1,1,1,1.00044906532494,2575,1,1
"z[83,2]",1,0,1,1,1,1,1,NA,1,0,1
"z[84,2]",0.194,0.395472824956344,0,0,0,0,1,0.999778572727208,4500,1,1
"z[85,2]",1,0,1,1,1,1,1,NA,1,0,1
"z[86,2]",1,0,1,1,1,1,1,NA,1,0,1
"z[87,2]",0.0273333333333333,0.163070940344369,0,0,0,0,1,0.999980907060311,4500,1,1
"z[88,2]",0.866222222222222,0.340451231560198,0,1,1,1,1,1.00091359746434,3457,1,1
"z[89,2]",0.639777777777778,0.480118108426531,0,0,1,1,1,1.00023037410661,3848,1,1
"z[90,2]",0.879777777777778,0.325257357975255,0,1,1,1,1,1.0001460073474,4500,1,1
"z[91,2]",0.645777777777778,0.478330099283297,0,0,1,1,1,1.00003650185503,4500,1,1
"z[92,2]",0.613111111111111,0.487091983794328,0,0,1,1,1,1.00059132043109,2281,1,1
"z[93,2]",0.586,0.492603211503039,0,0,1,1,1,1.00142401743399,1177,1,1
"z[94,2]",0.505333333333333,0.500027116401842,0,0,1,1,1,1.00001291804572,4500,1,1
"z[95,2]",1,0,1,1,1,1,1,NA,1,0,1
"z[96,2]",1,0,1,1,1,1,1,NA,1,0,1
"z[97,2]",1,0,1,1,1,1,1,NA,1,0,1
"z[98,2]",1,0,1,1,1,1,1,NA,1,0,1
"z[99,2]",0.622222222222222,0.484885528702674,0,0,1,1,1,1.00000533883518,4500,1,1
"z[100,2]",0.717333333333333,0.450345746508267,0,0,1,1,1,1.00096918627321,1899,1,1
"z[101,2]",0.936444444444444,0.243986630137708,0,1,1,1,1,1.00193052604978,3709,1,1
"z[102,2]",0.00155555555555556,0.0394142235807543,0,0,0,0,0,1.0097473778051,4500,1,1
"z[103,2]",0.00444444444444444,0.0665257457028688,0,0,0,0,0,1.01567977518289,4500,1,1
"z[104,2]",0.0195555555555556,0.13848248064772,0,0,0,0,0,1.00053814591274,4500,1,1
"z[105,2]",0.126,0.331886241714584,0,0,0,0,1,1.00179947251898,2131,1,1
"z[106,2]",1,0,1,1,1,1,1,NA,1,0,1
"z[107,2]",0.346888888888889,0.476032924115616,0,0,0,1,1,1.0005769588026,2427,1,1
"z[108,2]",1,0,1,1,1,1,1,NA,1,0,1
"z[109,2]",0.247333333333333,0.431510061922995,0,0,0,0,1,1.00043855712453,3482,1,1
"z[110,2]",0.00244444444444444,0.0493863456663645,0,0,0,0,0,1.08987786134477,1976,1,1
"z[111,2]",0.000666666666666667,0.0258141493083176,0,0,0,0,0,NA,4500,1,1
"z[112,2]",0.00422222222222222,0.0648485125458765,0,0,0,0,0,1.02521400686279,4482,1,1
"z[113,2]",0.0713333333333333,0.257409427269842,0,0,0,0,1,0.999986840212232,4500,1,1
"z[114,2]",0.0253333333333333,0.15715293120877,0,0,0,0,1,1.00341140465553,4500,1,1
"z[115,2]",0.0237777777777778,0.152373076750087,0,0,0,0,0,1.00517853860902,3886,1,1
"z[116,2]",0.0586666666666667,0.235025879030759,0,0,0,0,1,1.00302503133442,2683,1,1
"z[117,2]",1,0,1,1,1,1,1,NA,1,0,1
"z[118,2]",0.675555555555556,0.468218927918595,0,0,1,1,1,1.00025673843729,3871,1,1
"z[119,2]",0.610444444444444,0.487703681892657,0,0,1,1,1,0.999706336340131,4500,1,1
"z[120,2]",0.616888888888889,0.486199052506756,0,0,1,1,1,0.999810206963449,4500,1,1
"z[121,2]",1,0,1,1,1,1,1,NA,1,0,1
"z[122,2]",0.00466666666666667,0.0681609955608629,0,0,0,0,0,1.02289275773604,4480,1,1
"z[123,2]",0.00911111111111111,0.0950268670194558,0,0,0,0,0,1.00537252488775,4500,1,1
"z[124,2]",0.0175555555555556,0.13134379171788,0,0,0,0,0,1.00272469098084,4500,1,1
"z[125,2]",1,0,1,1,1,1,1,NA,1,0,1
"z[126,2]",1,0,1,1,1,1,1,NA,1,0,1
"z[127,2]",0.262888888888889,0.440251510398533,0,0,0,1,1,1.00003086534463,4500,1,1
"z[128,2]",0.227555555555556,0.419300720566829,0,0,0,0,1,0.999739260994935,4500,1,1
"z[129,2]",0.298888888888889,0.457821907476261,0,0,0,1,1,0.999751526503494,4500,1,1
"z[130,2]",0.271333333333333,0.444697089289433,0,0,0,1,1,1.0003582446499,3667,1,1
"z[131,2]",0.594666666666667,0.491010995984176,0,0,1,1,1,1.00010384366168,4500,1,1
"z[132,2]",0.637111111111111,0.480886610884745,0,0,1,1,1,1.00011682750954,4500,1,1
"z[133,2]",0.565111111111111,0.49579750786278,0,0,1,1,1,0.999712392109031,4500,1,1
"z[134,2]",0.000666666666666667,0.0258141493083176,0,0,0,0,0,1.29167562882982,1500,1,1
"z[135,2]",0.0702222222222222,0.255549553077657,0,0,0,0,1,1.00121891175117,4500,1,1
"z[136,2]",0.002,0.0446815807032984,0,0,0,0,0,1.17908324188537,1037,1,1
"z[137,2]",0.00244444444444444,0.0493863456663645,0,0,0,0,0,1.04969069831983,3799,1,1
"z[138,2]",0.232222222222222,0.422296923573775,0,0,0,0,1,0.999667387619071,4500,1,1
"z[139,2]",1,0,1,1,1,1,1,NA,1,0,1
"z[140,2]",0.0891111111111111,0.284935717041694,0,0,0,0,1,1.00027778998365,4500,1,1
"z[141,2]",1,0,1,1,1,1,1,NA,1,0,1
"z[142,2]",0.243555555555556,0.429275200077866,0,0,0,0,1,1.00058450237094,2960,1,1
"z[143,2]",0.168,0.373907833880739,0,0,0,0,1,0.999803059751128,4500,1,1
"z[144,2]",0.152,0.359060788616921,0,0,0,0,1,1.00132971491732,2340,1,1
"z[145,2]",0.862666666666667,0.344237159599809,0,1,1,1,1,1.00006693156252,4500,1,1
"z[146,2]",0.751777777777778,0.432029429863302,0,1,1,1,1,1.00164707653481,1361,1,1
"z[147,2]",0.776,0.416968387460446,0,1,1,1,1,1.00233561491629,1084,1,1
"z[148,2]",0.936444444444444,0.243986630137708,0,1,1,1,1,0.999694476511746,4500,1,1
"z[149,2]",1,0,1,1,1,1,1,NA,1,0,1
"z[150,2]",1,0,1,1,1,1,1,NA,1,0,1
"z[151,2]",1,0,1,1,1,1,1,NA,1,0,1
"z[152,2]",1,0,1,1,1,1,1,NA,1,0,1
"z[153,2]",0.743111111111111,0.436966152735244,0,0,1,1,1,1.00046026201892,3311,1,1
"z[154,2]",0.773111111111111,0.418866696841786,0,1,1,1,1,1.00038173512187,3997,1,1
"z[155,2]",0.00733333333333333,0.0853297931213479,0,0,0,0,0,1.01201976281667,4500,1,1
"z[156,2]",1,0,1,1,1,1,1,NA,1,0,1
"z[157,2]",1,0,1,1,1,1,1,NA,1,0,1
"z[158,2]",0.170222222222222,0.375869674751524,0,0,0,0,1,0.999712395000659,4500,1,1
"z[159,2]",0.662,0.473081107853284,0,0,1,1,1,1.00011596684023,4500,1,1
"z[160,2]",1,0,1,1,1,1,1,NA,1,0,1
"z[161,2]",1,0,1,1,1,1,1,NA,1,0,1
"z[162,2]",1,0,1,1,1,1,1,NA,1,0,1
"z[163,2]",1,0,1,1,1,1,1,NA,1,0,1
"z[164,2]",0.917555555555556,0.275071213116166,0,1,1,1,1,1.00042169361719,4500,1,1
"z[165,2]",0.783555555555556,0.411866414442152,0,1,1,1,1,1.00058916096638,3205,1,1
"z[166,2]",0.949111111111111,0.219795235207613,0,1,1,1,1,1.00208662492305,4272,1,1
"z[167,2]",0.0684444444444444,0.252535095508448,0,0,0,0,1,1.00409417041405,1762,1,1
"z[168,2]",0.974,0.159152847308496,0,1,1,1,1,1.00208536949344,4500,1,1
"z[169,2]",0.974666666666667,0.15715293120877,0,1,1,1,1,1.00124328142124,4500,1,1
"z[170,2]",0.670444444444444,0.470104033146587,0,0,1,1,1,0.999705034340692,4500,1,1
"z[171,2]",0.765333333333333,0.423837400201175,0,1,1,1,1,1.00010903445737,4500,1,1
"z[172,2]",0.87,0.336340807693268,0,1,1,1,1,1.0004001213977,4500,1,1
"z[173,2]",0.835333333333333,0.370920651032105,0,1,1,1,1,1.00133598353121,2175,1,1
"z[174,2]",0.206444444444444,0.404798158938663,0,0,0,0,1,0.999722706423077,4500,1,1
"z[175,2]",1,0,1,1,1,1,1,NA,1,0,1
"z[176,2]",1,0,1,1,1,1,1,NA,1,0,1
"z[177,2]",0.00422222222222222,0.0648485125458765,0,0,0,0,0,1.00930518134672,4500,1,1
"z[178,2]",1,0,1,1,1,1,1,NA,1,0,1
"z[179,2]",1,0,1,1,1,1,1,NA,1,0,1
"z[180,2]",0.290444444444444,0.454017925095822,0,0,0,1,1,1.00176337833298,1158,1,1
"z[181,2]",0.411777777777778,0.492209993228999,0,0,0,1,1,1.00039945910227,2818,1,1
"z[182,2]",0.196222222222222,0.397182726461142,0,0,0,0,1,1.00094030333726,2498,1,1
"z[183,2]",0.259777777777778,0.438561313033389,0,0,0,1,1,1.0001508173437,4500,1,1
"z[184,2]",0.01,0.0995098009695405,0,0,0,0,0,1.01517542544709,3183,1,1
"z[185,2]",0.127777777777778,0.333879303929952,0,0,0,0,1,1.00163990158816,2278,1,1
"z[186,2]",0.858,0.349088929478717,0,1,1,1,1,0.999686565060994,4500,1,1
"z[187,2]",0.539333333333333,0.498505880520963,0,0,1,1,1,1.00004611198585,4500,1,1
"z[188,2]",0.495777777777778,0.500037735357056,0,0,0,1,1,1.00052299051326,2340,1,1
"z[189,2]",0.584444444444444,0.492872314821739,0,0,1,1,1,0.999862959104339,4500,1,1
"z[190,2]",0.603555555555556,0.489213073447176,0,0,1,1,1,0.999993464196587,4500,1,1
"z[191,2]",0.478666666666667,0.49960019579118,0,0,0,1,1,0.999785554917049,4500,1,1
"z[192,2]",0.493777777777778,0.500016842965432,0,0,0,1,1,1.00027699165222,3281,1,1
"z[193,2]",0.651777777777778,0.476459813329635,0,0,1,1,1,0.99992138748876,4500,1,1
"z[194,2]",0.485111111111111,0.499833812000229,0,0,0,1,1,0.999868856715558,4500,1,1
"z[195,2]",0.504888888888889,0.500031660354467,0,0,1,1,1,0.999763014151079,4500,1,1
"z[196,2]",0.774,0.418285644793295,0,1,1,1,1,1.00043328135923,3738,1,1
"z[197,2]",0.476666666666667,0.499510763092236,0,0,0,1,1,0.999900004257531,4500,1,1
"z[198,2]",0.522222222222222,0.499561438643661,0,0,1,1,1,1.00040194283369,2729,1,1
"z[199,2]",0.428444444444444,0.494908306960527,0,0,0,1,1,1.00000050422156,4500,1,1
"z[200,2]",0.660444444444444,0.473611049640584,0,0,1,1,1,1.00022991136282,3960,1,1
"z[1,3]",1,0,1,1,1,1,1,NA,1,0,1
"z[2,3]",1,0,1,1,1,1,1,NA,1,0,1
"z[3,3]",1,0,1,1,1,1,1,NA,1,0,1
"z[4,3]",1,0,1,1,1,1,1,NA,1,0,1
"z[5,3]",0.797555555555556,0.401866370186409,0,1,1,1,1,1.00137317131477,1816,1,1
"z[6,3]",0.691333333333333,0.461994574038951,0,0,1,1,1,1.00092774348811,1860,1,1
"z[7,3]",1,0,1,1,1,1,1,NA,1,0,1
"z[8,3]",1,0,1,1,1,1,1,NA,1,0,1
"z[9,3]",1,0,1,1,1,1,1,NA,1,0,1
"z[10,3]",1,0,1,1,1,1,1,NA,1,0,1
"z[11,3]",0.844444444444444,0.362473753328113,0,1,1,1,1,0.999977435294335,4500,1,1
"z[12,3]",1,0,1,1,1,1,1,NA,1,0,1
"z[13,3]",1,0,1,1,1,1,1,NA,1,0,1
"z[14,3]",1,0,1,1,1,1,1,NA,1,0,1
"z[15,3]",1,0,1,1,1,1,1,NA,1,0,1
"z[16,3]",1,0,1,1,1,1,1,NA,1,0,1
"z[17,3]",1,0,1,1,1,1,1,NA,1,0,1
"z[18,3]",0.673555555555556,0.468964115768405,0,0,1,1,1,1.00008442747402,4500,1,1
"z[19,3]",0.827555555555556,0.377808255362111,0,1,1,1,1,1.00042607719399,4500,1,1
"z[20,3]",1,0,1,1,1,1,1,NA,1,0,1
"z[21,3]",1,0,1,1,1,1,1,NA,1,0,1
"z[22,3]",0.196666666666667,0.39752233312673,0,0,0,0,1,1.0002351386366,4500,1,1
"z[23,3]",0.222444444444444,0.415934319726735,0,0,0,0,1,1.00100623136686,2154,1,1
"z[24,3]",0.399777777777778,0.489906972262025,0,0,0,1,1,0.999939990890383,4500,1,1
"z[25,3]",1,0,1,1,1,1,1,NA,1,0,1
"z[26,3]",1,0,1,1,1,1,1,NA,1,0,1
"z[27,3]",1,0,1,1,1,1,1,NA,1,0,1
"z[28,3]",0.695555555555556,0.460222872627697,0,0,1,1,1,1.00023235024261,4176,1,1
"z[29,3]",0.408888888888889,0.491683321058642,0,0,0,1,1,1.0000232143101,4500,1,1
"z[30,3]",1,0,1,1,1,1,1,NA,1,0,1
"z[31,3]",1,0,1,1,1,1,1,NA,1,0,1
"z[32,3]",1,0,1,1,1,1,1,NA,1,0,1
"z[33,3]",1,0,1,1,1,1,1,NA,1,0,1
"z[34,3]",1,0,1,1,1,1,1,NA,1,0,1
"z[35,3]",1,0,1,1,1,1,1,NA,1,0,1
"z[36,3]",1,0,1,1,1,1,1,NA,1,0,1
"z[37,3]",0.296,0.456541693439286,0,0,0,1,1,1.00109294475615,1682,1,1
"z[38,3]",0.117333333333333,0.321852826698461,0,0,0,0,1,0.999673514826702,4500,1,1
"z[39,3]",1,0,1,1,1,1,1,NA,1,0,1
"z[40,3]",1,0,1,1,1,1,1,NA,1,0,1
"z[41,3]",0.0182222222222222,0.133769014787178,0,0,0,0,0,1.00660994695364,3982,1,1
"z[42,3]",0.367333333333333,0.482131943953423,0,0,0,1,1,0.999956009746948,4500,1,1
"z[43,3]",1,0,1,1,1,1,1,NA,1,0,1
"z[44,3]",0.669777777777778,0.470345263832854,0,0,1,1,1,1.0004005471608,3083,1,1
"z[45,3]",0.887555555555556,0.315947581441862,0,1,1,1,1,0.99994395332766,4500,1,1
"z[46,3]",1,0,1,1,1,1,1,NA,1,0,1
"z[47,3]",0.0602222222222222,0.237924537926314,0,0,0,0,1,1.00101219853164,4500,1,1
"z[48,3]",0.0268888888888889,0.161776674693452,0,0,0,0,1,1.01003196915539,1816,1,1
"z[49,3]",1,0,1,1,1,1,1,NA,1,0,1
"z[50,3]",1,0,1,1,1,1,1,NA,1,0,1
"z[51,3]",1,0,1,1,1,1,1,NA,1,0,1
"z[52,3]",0.242666666666667,0.428742818638798,0,0,0,0,1,1.00026422578469,4500,1,1
"z[53,3]",0.287333333333333,0.452568673341182,0,0,0,1,1,0.999838078992262,4500,1,1
"z[54,3]",0.208222222222222,0.406081732372833,0,0,0,0,1,0.999781964181759,4500,1,1
"z[55,3]",0.00688888888888889,0.0827221418662089,0,0,0,0,0,1.03042309286164,2272,1,1
"z[56,3]",1,0,1,1,1,1,1,NA,1,0,1
"z[57,3]",1,0,1,1,1,1,1,NA,1,0,1
"z[58,3]",1,0,1,1,1,1,1,NA,1,0,1
"z[59,3]",1,0,1,1,1,1,1,NA,1,0,1
"z[60,3]",0.508444444444444,0.499984243163838,0,0,1,1,1,0.999944600437278,4500,1,1
"z[61,3]",0.749333333333333,0.433445081652364,0,0,1,1,1,1.00095153943586,2069,1,1
"z[62,3]",0.655111111111111,0.47538485817232,0,0,1,1,1,1.00053145667187,2567,1,1
"z[63,3]",0.773777777777778,0.418431160517439,0,1,1,1,1,0.999908849070691,4500,1,1
"z[64,3]",0.611555555555556,0.487450674261498,0,0,1,1,1,0.999798363145594,4500,1,1
"z[65,3]",0.36,0.480053342223869,0,0,0,1,1,1.00036277158544,3118,1,1
"z[66,3]",0.272,0.445039339088464,0,0,0,1,1,1.00090187276693,2051,1,1
"z[67,3]",0.241333333333333,0.427939542005023,0,0,0,0,1,0.999708559814013,4500,1,1
"z[68,3]",0.232,0.422155899481977,0,0,0,0,1,0.999928228858973,4500,1,1
"z[69,3]",1,0,1,1,1,1,1,NA,1,0,1
"z[70,3]",1,0,1,1,1,1,1,NA,1,0,1
"z[71,3]",0.239111111111111,0.426588123466373,0,0,0,0,1,1.00016799542692,4500,1,1
"z[72,3]",1,0,1,1,1,1,1,NA,1,0,1
"z[73,3]",1,0,1,1,1,1,1,NA,1,0,1
"z[74,3]",1,0,1,1,1,1,1,NA,1,0,1
"z[75,3]",1,0,1,1,1,1,1,NA,1,0,1
"z[76,3]",0.751333333333333,0.432288194272424,0,1,1,1,1,1.00109979104829,1875,1,1
"z[77,3]",0.215555555555556,0.411252893283533,0,0,0,0,1,1.00026280045928,4500,1,1
"z[78,3]",0.766,0.423419225890279,0,1,1,1,1,0.999952279323662,4500,1,1
"z[79,3]",0.904222222222222,0.294318950732983,0,1,1,1,1,0.999758783980346,4500,1,1
"z[80,3]",0.878444444444444,0.326808103614916,0,1,1,1,1,1.00113681506795,3186,1,1
"z[81,3]",1,0,1,1,1,1,1,NA,1,0,1
"z[82,3]",1,0,1,1,1,1,1,NA,1,0,1
"z[83,3]",0.232666666666667,0.422578479909467,0,0,0,0,1,1.00069973089456,2715,1,1
"z[84,3]",1,0,1,1,1,1,1,NA,1,0,1
"z[85,3]",1,0,1,1,1,1,1,NA,1,0,1
"z[86,3]",0.042,0.200611423704479,0,0,0,0,1,1.00380031661108,2986,1,1
"z[87,3]",0.09,0.286213563699108,0,0,0,0,1,1.00047251275725,4500,1,1
"z[88,3]",1,0,1,1,1,1,1,NA,1,0,1
"z[89,3]",0.0593333333333333,0.236273770253685,0,0,0,0,1,1.00578016974078,1456,1,1
"z[90,3]",0.920888888888889,0.269942097980992,0,1,1,1,1,1.00009016477948,4500,1,1
"z[91,3]",0.689111111111111,0.462908853291612,0,0,1,1,1,0.999725225529918,4500,1,1
"z[92,3]",0.697777777777778,0.459272058951726,0,0,1,1,1,1.00132348200293,1433,1,1
"z[93,3]",0.648666666666667,0.477439920333794,0,0,1,1,1,1.00129485398826,1354,1,1
"z[94,3]",0.602222222222222,0.489493475530316,0,0,1,1,1,1.0001266049801,4500,1,1
"z[95,3]",1,0,1,1,1,1,1,NA,1,0,1
"z[96,3]",1,0,1,1,1,1,1,NA,1,0,1
"z[97,3]",1,0,1,1,1,1,1,NA,1,0,1
"z[98,3]",1,0,1,1,1,1,1,NA,1,0,1
"z[99,3]",0.166444444444444,0.372520508798759,0,0,0,0,1,0.999783409275935,4500,1,1
"z[100,3]",1,0,1,1,1,1,1,NA,1,0,1
"z[101,3]",1,0,1,1,1,1,1,NA,1,0,1
"z[102,3]",0.0124444444444444,0.11087069888737,0,0,0,0,0,1.0189419523508,2058,1,1
"z[103,3]",0.0297777777777778,0.169992598048771,0,0,0,0,1,1.00375090377921,4210,1,1
"z[104,3]",0.0446666666666667,0.206593901727913,0,0,0,0,1,1.0019773442924,4500,1,1
"z[105,3]",0.657333333333333,0.474653861317923,0,0,1,1,1,1.00041208399807,2976,1,1
"z[106,3]",1,0,1,1,1,1,1,NA,1,0,1
"z[107,3]",1,0,1,1,1,1,1,NA,1,0,1
"z[108,3]",1,0,1,1,1,1,1,NA,1,0,1
"z[109,3]",1,0,1,1,1,1,1,NA,1,0,1
"z[110,3]",0.022,0.146699633251375,0,0,0,0,0,1.00014637771612,4500,1,1
"z[111,3]",0.00266666666666667,0.0515766100016907,0,0,0,0,0,1.0391172209852,4489,1,1
"z[112,3]",0.118666666666667,0.323431809105324,0,0,0,0,1,0.99993085440719,4500,1,1
"z[113,3]",0.00755555555555556,0.0866033246050876,0,0,0,0,0,1.0254626751023,2490,1,1
"z[114,3]",0.138222222222222,0.345171429580393,0,0,0,0,1,1.00192090373354,1856,1,1
"z[115,3]",0.0464444444444444,0.21046900448124,0,0,0,0,1,1.00171619594992,4500,1,1
"z[116,3]",1,0,1,1,1,1,1,NA,1,0,1
"z[117,3]",1,0,1,1,1,1,1,NA,1,0,1
"z[118,3]",1,0,1,1,1,1,1,NA,1,0,1
"z[119,3]",1,0,1,1,1,1,1,NA,1,0,1
"z[120,3]",1,0,1,1,1,1,1,NA,1,0,1
"z[121,3]",1,0,1,1,1,1,1,NA,1,0,1
"z[122,3]",0.00666666666666667,0.0813860808385347,0,0,0,0,0,1.00469327196811,4500,1,1
"z[123,3]",1,0,1,1,1,1,1,NA,1,0,1
"z[124,3]",0.0317777777777778,0.175427447850631,0,0,0,0,1,1.00008334597994,4500,1,1
"z[125,3]",0.969111111111111,0.173035889574341,0,1,1,1,1,1.01160962746338,1382,1,1
"z[126,3]",0.516666666666667,0.499777678957439,0,0,1,1,1,0.999913715158427,4500,1,1
"z[127,3]",0.229777777777778,0.42073660196956,0,0,0,0,1,0.999870499851648,4500,1,1
"z[128,3]",0.212666666666667,0.409239260843992,0,0,0,0,1,0.9998171188112,4500,1,1
"z[129,3]",0.248222222222222,0.432029429863302,0,0,0,0,1,0.999701337220276,4500,1,1
"z[130,3]",0.234222222222222,0.423558779816329,0,0,0,0,1,1.00080327544457,2460,1,1
"z[131,3]",0.696888888888889,0.459653909941761,0,0,1,1,1,0.99970697669809,4500,1,1
"z[132,3]",0.750888888888889,0.432546347108695,0,1,1,1,1,1.00043367640588,3486,1,1
"z[133,3]",0.641555555555556,0.479596850200442,0,0,1,1,1,0.999865828222948,4500,1,1
"z[134,3]",0.00466666666666667,0.0681609955608629,0,0,0,0,0,1.05920676318288,1651,1,1
"z[135,3]",0.0108888888888889,0.103791690054186,0,0,0,0,0,1.00305687761973,4500,1,1
"z[136,3]",0.00555555555555556,0.0743365276300976,0,0,0,0,0,1.03274879851678,2603,1,1
"z[137,3]",0.0253333333333333,0.15715293120877,0,0,0,0,1,1.00725631846574,2647,1,1
"z[138,3]",1,0,1,1,1,1,1,NA,1,0,1
"z[139,3]",1,0,1,1,1,1,1,NA,1,0,1
"z[140,3]",1,0,1,1,1,1,1,NA,1,0,1
"z[141,3]",1,0,1,1,1,1,1,NA,1,0,1
"z[142,3]",0.313555555555556,0.463989558652072,0,0,0,1,1,1.00034047879419,3457,1,1
"z[143,3]",0.227777777777778,0.419445059820707,0,0,0,0,1,0.99982317542425,4500,1,1
"z[144,3]",0.214444444444444,0.410481994889812,0,0,0,0,1,0.999855177415966,4500,1,1
"z[145,3]",0.897777777777778,0.30297398898834,0,1,1,1,1,1.00024873967334,4500,1,1
"z[146,3]",0.832222222222222,0.373710356413528,0,1,1,1,1,0.999979768678804,4500,1,1
"z[147,3]",0.804,0.397012627570361,0,1,1,1,1,1.00181457204333,1476,1,1
"z[148,3]",0.952666666666667,0.212374461172167,0,1,1,1,1,1.00662853782892,1586,1,1
"z[149,3]",1,0,1,1,1,1,1,NA,1,0,1
"z[150,3]",0.818666666666667,0.385336933245042,0,1,1,1,1,1.0007311557592,3172,1,1
"z[151,3]",1,0,1,1,1,1,1,NA,1,0,1
"z[152,3]",0.711777777777778,0.452985399212743,0,0,1,1,1,1.00179416702351,1151,1,1
"z[153,3]",0.785555555555556,0.410481994889812,0,1,1,1,1,0.999918384952311,4500,1,1
"z[154,3]",0.641333333333333,0.479662398873044,0,0,1,1,1,1.00018003768146,4232,1,1
"z[155,3]",0.032,0.176019558815419,0,0,0,0,1,1.00952699415417,1622,1,1
"z[156,3]",1,0,1,1,1,1,1,NA,1,0,1
"z[157,3]",1,0,1,1,1,1,1,NA,1,0,1
"z[158,3]",0.196,0.397012627570361,0,0,0,0,1,1.00065687669845,3215,1,1
"z[159,3]",1,0,1,1,1,1,1,NA,1,0,1
"z[160,3]",1,0,1,1,1,1,1,NA,1,0,1
"z[161,3]",1,0,1,1,1,1,1,NA,1,0,1
"z[162,3]",1,0,1,1,1,1,1,NA,1,0,1
"z[163,3]",1,0,1,1,1,1,1,NA,1,0,1
"z[164,3]",1,0,1,1,1,1,1,NA,1,0,1
"z[165,3]",0.123555555555556,0.329110391733384,0,0,0,0,1,0.999706609862028,4500,1,1
"z[166,3]",1,0,1,1,1,1,1,NA,1,0,1
"z[167,3]",0.830444444444444,0.375283581331809,0,1,1,1,1,1.00249484011598,1261,1,1
"z[168,3]",0.968666666666667,0.174236339048014,0,1,1,1,1,1.00062925142736,4500,1,1
"z[169,3]",0.971333333333333,0.166886422507456,0,1,1,1,1,1.00166600926106,4500,1,1
"z[170,3]",0.569555555555556,0.495193413981595,0,0,1,1,1,1.00047114985234,2538,1,1
"z[171,3]",0.776888888888889,0.41637851783485,0,1,1,1,1,0.999916291635479,4500,1,1
"z[172,3]",0.852888888888889,0.35425600967688,0,1,1,1,1,1.0007624663879,3631,1,1
"z[173,3]",0.862666666666667,0.344237159599809,0,1,1,1,1,0.999987956878317,4500,1,1
"z[174,3]",0.735333333333333,0.441204578771529,0,0,1,1,1,0.999815366140074,4500,1,1
"z[175,3]",1,0,1,1,1,1,1,NA,1,0,1
"z[176,3]",1,0,1,1,1,1,1,NA,1,0,1
"z[177,3]",0.126,0.331886241714584,0,0,0,0,1,1.00007528500152,4500,1,1
"z[178,3]",1,0,1,1,1,1,1,NA,1,0,1
"z[179,3]",0.182222222222222,0.386070468001789,0,0,0,0,1,1.00098595254486,2552,1,1
"z[180,3]",0.250222222222222,0.433189060737051,0,0,0,1,1,1.00057728290012,2923,1,1
"z[181,3]",0.315555555555556,0.464788396146104,0,0,0,1,1,1.00007550271176,4500,1,1
"z[182,3]",0.261555555555556,0.439530633059229,0,0,0,1,1,1.00111635692256,1789,1,1
"z[183,3]",0.234666666666667,0.423837400201175,0,0,0,0,1,1.00099641693114,2095,1,1
"z[184,3]",0.00555555555555556,0.0743365276300976,0,0,0,0,0,1.01001752520454,4500,1,1
"z[185,3]",0.0355555555555556,0.185199838067563,0,0,0,0,1,1.00345380201209,3837,1,1
"z[186,3]",1,0,1,1,1,1,1,NA,1,0,1
"z[187,3]",1,0,1,1,1,1,1,NA,1,0,1
"z[188,3]",0.493777777777778,0.500016842965432,0,0,0,1,1,0.999702563720611,4500,1,1
"z[189,3]",0.432888888888889,0.495530690855779,0,0,0,1,1,1.00179193025645,964,1,1
"z[190,3]",0.516222222222222,0.499792305780154,0,0,1,1,1,0.999849944832652,4500,1,1
"z[191,3]",0.211111111111111,0.408142411058839,0,0,0,0,1,0.999704897964426,4500,1,1
"z[192,3]",0.313777777777778,0.464078812014018,0,0,0,1,1,1.00000627164162,4500,1,1
"z[193,3]",1,0,1,1,1,1,1,NA,1,0,1
"z[194,3]",0.282666666666667,0.450345746508267,0,0,0,1,1,1.00040251469401,3347,1,1
"z[195,3]",0.331555555555556,0.470824521886049,0,0,0,1,1,1.00010256939487,4500,1,1
"z[196,3]",1,0,1,1,1,1,1,NA,1,0,1
"z[197,3]",0.263333333333333,0.44049064361538,0,0,0,1,1,1.00082947100173,2224,1,1
"z[198,3]",0.174,0.379151613165137,0,0,0,0,1,1.00027843913755,4500,1,1
"z[199,3]",0.304,0.460033726065363,0,0,0,1,1,1.00002956184275,4500,1,1
"z[200,3]",0.416222222222222,0.492986096957346,0,0,0,1,1,1.0000313036306,4500,1,1
"z[1,4]",1,0,1,1,1,1,1,NA,1,0,1
"z[2,4]",1,0,1,1,1,1,1,NA,1,0,1
"z[3,4]",0.549555555555556,0.497593477623403,0,0,1,1,1,1.00014342092311,4238,1,1
"z[4,4]",1,0,1,1,1,1,1,NA,1,0,1
"z[5,4]",0.738666666666667,0.439409978425398,0,0,1,1,1,1.00097284907345,1984,1,1
"z[6,4]",0.566666666666667,0.495590693602781,0,0,1,1,1,1.00008818972745,4500,1,1
"z[7,4]",0.929555555555556,0.255922995228642,0,1,1,1,1,1.00003528393923,4500,1,1
"z[8,4]",1,0,1,1,1,1,1,NA,1,0,1
"z[9,4]",1,0,1,1,1,1,1,NA,1,0,1
"z[10,4]",1,0,1,1,1,1,1,NA,1,0,1
"z[11,4]",1,0,1,1,1,1,1,NA,1,0,1
"z[12,4]",1,0,1,1,1,1,1,NA,1,0,1
"z[13,4]",0.498,0.500051564356009,0,0,0,1,1,1.0002372690018,3509,1,1
"z[14,4]",1,0,1,1,1,1,1,NA,1,0,1
"z[15,4]",1,0,1,1,1,1,1,NA,1,0,1
"z[16,4]",1,0,1,1,1,1,1,NA,1,0,1
"z[17,4]",0.643555555555556,0.479001868217388,0,0,1,1,1,1.00035989130845,3146,1,1
"z[18,4]",0.482444444444444,0.499747237980913,0,0,0,1,1,1.00062423247082,2096,1,1
"z[19,4]",0.285555555555556,0.451728819841134,0,0,0,1,1,1.00079603750748,2179,1,1
"z[20,4]",0.561111111111111,0.496306528180218,0,0,1,1,1,1.00018807603397,3900,1,1
"z[21,4]",0.094,0.291861147705373,0,0,0,0,1,1.00194636856281,2579,1,1
"z[22,4]",1,0,1,1,1,1,1,NA,1,0,1
"z[23,4]",1,0,1,1,1,1,1,NA,1,0,1
"z[24,4]",1,0,1,1,1,1,1,NA,1,0,1
"z[25,4]",1,0,1,1,1,1,1,NA,1,0,1
"z[26,4]",1,0,1,1,1,1,1,NA,1,0,1
"z[27,4]",1,0,1,1,1,1,1,NA,1,0,1
"z[28,4]",0.296888888888889,0.456937933232189,0,0,0,1,1,1.00008232263486,4500,1,1
"z[29,4]",0.0244444444444444,0.154441620272072,0,0,0,0,0,1.00178847657337,4500,1,1
"z[30,4]",1,0,1,1,1,1,1,NA,1,0,1
"z[31,4]",1,0,1,1,1,1,1,NA,1,0,1
"z[32,4]",1,0,1,1,1,1,1,NA,1,0,1
"z[33,4]",1,0,1,1,1,1,1,NA,1,0,1
"z[34,4]",0.689777777777778,0.46263588027627,0,0,1,1,1,1.00138526191822,1361,1,1
"z[35,4]",1,0,1,1,1,1,1,NA,1,0,1
"z[36,4]",0.752888888888889,0.431379835980449,0,1,1,1,1,1.00068522871869,2637,1,1
"z[37,4]",1,0,1,1,1,1,1,NA,1,0,1
"z[38,4]",0.601111111111111,0.489724247643094,0,0,1,1,1,1.00136456030415,1234,1,1
"z[39,4]",1,0,1,1,1,1,1,NA,1,0,1
"z[40,4]",1,0,1,1,1,1,1,NA,1,0,1
"z[41,4]",0.0111111111111111,0.104833661410201,0,0,0,0,0,1.00352924261491,4500,1,1
"z[42,4]",1,0,1,1,1,1,1,NA,1,0,1
"z[43,4]",0.476,0.499479168610191,0,0,0,1,1,1.00087345883531,1666,1,1
"z[44,4]",0.834666666666667,0.371522402164484,0,1,1,1,1,0.999748303847351,4500,1,1
"z[45,4]",1,0,1,1,1,1,1,NA,1,0,1
"z[46,4]",1,0,1,1,1,1,1,NA,1,0,1
"z[47,4]",0.0306666666666667,0.17243210118093,0,0,0,0,1,1.00499451470373,3136,1,1
"z[48,4]",0.0146666666666667,0.120227982292648,0,0,0,0,0,1.00947137352129,3485,1,1
"z[49,4]",0.203555555555556,0.402686883553545,0,0,0,0,1,0.99979726503052,4500,1,1
"z[50,4]",1,0,1,1,1,1,1,NA,1,0,1
"z[51,4]",0.117111111111111,0.321588371654486,0,0,0,0,1,1.00050501794895,4500,1,1
"z[52,4]",0.141555555555556,0.348632457117574,0,0,0,0,1,0.999688335108338,4500,1,1
"z[53,4]",0.180888888888889,0.384968871895082,0,0,0,0,1,1.00074932352876,3123,1,1
"z[54,4]",1,0,1,1,1,1,1,NA,1,0,1
"z[55,4]",0.00311111111111111,0.0556966916350484,0,0,0,0,0,1.06473334456168,2244,1,1
"z[56,4]",0.204888888888889,0.403665260137017,0,0,0,0,1,0.999868481997402,4500,1,1
"z[57,4]",0.410222222222222,0.491928579166795,0,0,0,1,1,0.999846666262051,4500,1,1
"z[58,4]",0.214222222222222,0.41032728028428,0,0,0,0,1,1.00003926953251,4500,1,1
"z[59,4]",1,0,1,1,1,1,1,NA,1,0,1
"z[60,4]",1,0,1,1,1,1,1,NA,1,0,1
"z[61,4]",0.750666666666667,0.432675194529199,0,1,1,1,1,0.999757483640107,4500,1,1
"z[62,4]",0.640222222222222,0.479988464376133,0,0,1,1,1,1.00014777511372,4500,1,1
"z[63,4]",0.748444444444444,0.433955304487405,0,0,1,1,1,1.00052659536327,3083,1,1
"z[64,4]",0.610888888888889,0.48760279849109,0,0,1,1,1,0.999773234956942,4500,1,1
"z[65,4]",0.165111111111111,0.371322059827841,0,0,0,0,1,0.999800287636728,4500,1,1
"z[66,4]",0.136666666666667,0.343533280003382,0,0,0,0,1,1.00173518026415,2054,1,1
"z[67,4]",0.143111111111111,0.350225039406466,0,0,0,0,1,1.00111753957878,2813,1,1
"z[68,4]",0.134,0.340690171985335,0,0,0,0,1,1.00019924423925,4500,1,1
"z[69,4]",0.481333333333333,0.499706960137864,0,0,0,1,1,1.00006015704575,4500,1,1
"z[70,4]",0.376888888888889,0.484660554821125,0,0,0,1,1,1.00020614883391,3951,1,1
"z[71,4]",0.0277777777777778,0.164353812079863,0,0,0,0,1,1.00273380043369,4500,1,1
"z[72,4]",0.713333333333333,0.452254730173891,0,0,1,1,1,0.999880945334151,4500,1,1
"z[73,4]",1,0,1,1,1,1,1,NA,1,0,1
"z[74,4]",1,0,1,1,1,1,1,NA,1,0,1
"z[75,4]",1,0,1,1,1,1,1,NA,1,0,1
"z[76,4]",0.889555555555556,0.313477760833612,0,1,1,1,1,0.999761207687303,4500,1,1
"z[77,4]",0.388666666666667,0.487501488932589,0,0,0,1,1,0.999691527437774,4500,1,1
"z[78,4]",0.408,0.491517737825423,0,0,0,1,1,0.999784731482184,4500,1,1
"z[79,4]",1,0,1,1,1,1,1,NA,1,0,1
"z[80,4]",0.874444444444444,0.331384612689324,0,1,1,1,1,1.0014815194854,2502,1,1
"z[81,4]",0.733555555555556,0.442148443237228,0,0,1,1,1,1.00124880896325,1621,1,1
"z[82,4]",1,0,1,1,1,1,1,NA,1,0,1
"z[83,4]",0.0488888888888889,0.215659687442576,0,0,0,0,1,1.00053309120261,4500,1,1
"z[84,4]",1,0,1,1,1,1,1,NA,1,0,1
"z[85,4]",1,0,1,1,1,1,1,NA,1,0,1
"z[86,4]",0.0126666666666667,0.111843649799372,0,0,0,0,0,1.01405874736216,2724,1,1
"z[87,4]",0.134666666666667,0.341405121831401,0,0,0,0,1,1.00125995674799,2695,1,1
"z[88,4]",0.0326666666666667,0.177782392941008,0,0,0,0,1,1.00782167444737,1923,1,1
"z[89,4]",0.200222222222222,0.400211040620324,0,0,0,0,1,1.00196035627768,1365,1,1
"z[90,4]",0.915111111111111,0.278747254884959,0,1,1,1,1,1.00441088520555,1358,1,1
"z[91,4]",0.671555555555556,0.469699603488733,0,0,1,1,1,0.999767659276876,4500,1,1
"z[92,4]",0.714888888888889,0.451517518428169,0,0,1,1,1,1.00035713666965,3562,1,1
"z[93,4]",0.637777777777778,0.480695987642528,0,0,1,1,1,0.999979406119238,4500,1,1
"z[94,4]",0.535111111111111,0.498821113994054,0,0,1,1,1,1.00054487688041,2294,1,1
"z[95,4]",1,0,1,1,1,1,1,NA,1,0,1
"z[96,4]",1,0,1,1,1,1,1,NA,1,0,1
"z[97,4]",1,0,1,1,1,1,1,NA,1,0,1
"z[98,4]",1,0,1,1,1,1,1,NA,1,0,1
"z[99,4]",0.129111111111111,0.335360141694826,0,0,0,0,1,1.00169498208814,2199,1,1
"z[100,4]",0.382666666666667,0.486091963269127,0,0,0,1,1,1.00025022807482,3633,1,1
"z[101,4]",0.659333333333333,0.473986090469602,0,0,1,1,1,1.00002980643929,4500,1,1
"z[102,4]",0.00844444444444444,0.0915150092219534,0,0,0,0,0,1.00421547951676,4500,1,1
"z[103,4]",0.02,0.140015558148628,0,0,0,0,0,1.01461787043016,1676,1,1
"z[104,4]",0.0277777777777778,0.164353812079863,0,0,0,0,1,1.00374685173521,4500,1,1
"z[105,4]",0.781777777777778,0.413084983718457,0,1,1,1,1,1.00113772030748,1996,1,1
"z[106,4]",0.206,0.404475407947857,0,0,0,0,1,1.0015548869679,1615,1,1
"z[107,4]",0.462,0.498609312933248,0,0,0,1,1,1.00031861577421,3091,1,1
"z[108,4]",0.632444444444444,0.482193050608748,0,0,1,1,1,0.999843997998208,4500,1,1
"z[109,4]",0.0651111111111111,0.246749233761641,0,0,0,0,1,1.00385327869336,1954,1,1
"z[110,4]",0.00933333333333333,0.0961679644942985,0,0,0,0,0,1.00737653196148,4500,1,1
"z[111,4]",0.00222222222222222,0.0470932775447189,0,0,0,0,0,1.01916489327094,4500,1,1
"z[112,4]",0.0106666666666667,0.102738670891514,0,0,0,0,0,1.0082016122881,4500,1,1
"z[113,4]",0.00466666666666667,0.0681609955608629,0,0,0,0,0,1.10466024558496,872,1,1
"z[114,4]",1,0,1,1,1,1,1,NA,1,0,1
"z[115,4]",0.0377777777777778,0.190679566273877,0,0,0,0,1,1.00491352824702,2602,1,1
"z[116,4]",0.323333333333333,0.467800726216587,0,0,0,1,1,1.00117537450202,1516,1,1
"z[117,4]",1,0,1,1,1,1,1,NA,1,0,1
"z[118,4]",0.606444444444444,0.488592498632741,0,0,1,1,1,1.00083106042871,1802,1,1
"z[119,4]",1,0,1,1,1,1,1,NA,1,0,1
"z[120,4]",1,0,1,1,1,1,1,NA,1,0,1
"z[121,4]",1,0,1,1,1,1,1,NA,1,0,1
"z[122,4]",0.00155555555555556,0.0394142235807543,0,0,0,0,0,1.11102922004619,2420,1,1
"z[123,4]",0.190666666666667,0.392870447175731,0,0,0,0,1,1.00015110317347,4500,1,1
"z[124,4]",0.0675555555555555,0.251009569058353,0,0,0,0,1,1.00101513427119,4500,1,1
"z[125,4]",1,0,1,1,1,1,1,NA,1,0,1
"z[126,4]",0.388,0.487348724968917,0,0,0,1,1,1.00007005374987,4500,1,1
"z[127,4]",0.120444444444444,0.325516707964524,0,0,0,0,1,1.00076557093071,4300,1,1
"z[128,4]",0.114888888888889,0.318923242760949,0,0,0,0,1,1.0001852303867,4500,1,1
"z[129,4]",0.129777777777778,0.336096129894842,0,0,0,0,1,0.999877612620107,4500,1,1
"z[130,4]",0.116888888888889,0.321323545239986,0,0,0,0,1,1.00016991134871,4500,1,1
"z[131,4]",0.660666666666667,0.473535692906143,0,0,1,1,1,1.00068289906662,2201,1,1
"z[132,4]",0.726888888888889,0.445606954364799,0,0,1,1,1,0.999892991901832,4500,1,1
"z[133,4]",0.616666666666667,0.48625243591082,0,0,1,1,1,0.999747421588318,4500,1,1
"z[134,4]",0.00355555555555556,0.0595289935189017,0,0,0,0,0,1.01316180066133,4500,1,1
"z[135,4]",0.00466666666666667,0.0681609955608629,0,0,0,0,0,0.999666611092585,4500,1,1
"z[136,4]",0.0186666666666667,0.1353598679191,0,0,0,0,0,1.00120898849737,4500,1,1
"z[137,4]",0.00266666666666667,0.0515766100016907,0,0,0,0,0,1.0099762458543,4500,1,1
"z[138,4]",0.639111111111111,0.480311737615324,0,0,1,1,1,1.00059547781541,2341,1,1
"z[139,4]",0.809555555555556,0.392695335891138,0,1,1,1,1,1.00044782695416,4158,1,1
"z[140,4]",0.342888888888889,0.474727479864813,0,0,0,1,1,1.00077075237253,2017,1,1
"z[141,4]",0.224,0.416968387460446,0,0,0,0,1,1.0008351257412,2471,1,1
"z[142,4]",0.230444444444444,0.421164124865351,0,0,0,0,1,1.00049781403743,3398,1,1
"z[143,4]",0.162222222222222,0.368695512481717,0,0,0,0,1,1.00013222832977,4500,1,1
"z[144,4]",0.152888888888889,0.35992035758183,0,0,0,0,1,1.00131463567819,2349,1,1
"z[145,4]",1,0,1,1,1,1,1,NA,1,0,1
"z[146,4]",1,0,1,1,1,1,1,NA,1,0,1
"z[147,4]",1,0,1,1,1,1,1,NA,1,0,1
"z[148,4]",1,0,1,1,1,1,1,NA,1,0,1
"z[149,4]",0.94,0.237513233566337,0,1,1,1,1,1.00514292344276,1607,1,1
"z[150,4]",1,0,1,1,1,1,1,NA,1,0,1
"z[151,4]",0.930222222222222,0.254800445248467,0,1,1,1,1,1.00053336324445,4500,1,1
"z[152,4]",1,0,1,1,1,1,1,NA,1,0,1
"z[153,4]",1,0,1,1,1,1,1,NA,1,0,1
"z[154,4]",0.0753333333333333,0.26395777175116,0,0,0,0,1,1.00163661776448,3646,1,1
"z[155,4]",0.00888888888888889,0.093871373318521,0,0,0,0,0,1.01306905400085,4150,1,1
"z[156,4]",0.404,0.490751993830658,0,0,0,1,1,0.999897791908451,4500,1,1
"z[157,4]",1,0,1,1,1,1,1,NA,1,0,1
"z[158,4]",0.206666666666667,0.404959255014411,0,0,0,0,1,1.00038091500863,4274,1,1
"z[159,4]",1,0,1,1,1,1,1,NA,1,0,1
"z[160,4]",1,0,1,1,1,1,1,NA,1,0,1
"z[161,4]",0.0366666666666667,0.18796295738691,0,0,0,0,1,1.00132342156573,4500,1,1
"z[162,4]",1,0,1,1,1,1,1,NA,1,0,1
"z[163,4]",1,0,1,1,1,1,1,NA,1,0,1
"z[164,4]",1,0,1,1,1,1,1,NA,1,0,1
"z[165,4]",0.101555555555556,0.302096516371218,0,0,0,0,1,1.00123844850397,3474,1,1
"z[166,4]",1,0,1,1,1,1,1,NA,1,0,1
"z[167,4]",1,0,1,1,1,1,1,NA,1,0,1
"z[168,4]",1,0,1,1,1,1,1,NA,1,0,1
"z[169,4]",1,0,1,1,1,1,1,NA,1,0,1
"z[170,4]",1,0,1,1,1,1,1,NA,1,0,1
"z[171,4]",0.707333333333333,0.455037253396046,0,0,1,1,1,0.999927923927746,4500,1,1
"z[172,4]",0.792444444444444,0.405601781695743,0,1,1,1,1,0.999845554330985,4500,1,1
"z[173,4]",0.818666666666667,0.385336933245042,0,1,1,1,1,1.00083827105382,2872,1,1
"z[174,4]",1,0,1,1,1,1,1,NA,1,0,1
"z[175,4]",1,0,1,1,1,1,1,NA,1,0,1
"z[176,4]",1,0,1,1,1,1,1,NA,1,0,1
"z[177,4]",1,0,1,1,1,1,1,NA,1,0,1
"z[178,4]",0.755333333333333,0.429937164909212,0,1,1,1,1,1.0001546785156,4500,1,1
"z[179,4]",0.372444444444444,0.483509598351886,0,0,0,1,1,1.00047714459868,2647,1,1
"z[180,4]",0.122666666666667,0.328090652606978,0,0,0,0,1,1.00041552012192,4500,1,1
"z[181,4]",0.14,0.347025591999432,0,0,0,0,1,1.00023775013145,4500,1,1
"z[182,4]",0.168666666666667,0.374498850135827,0,0,0,0,1,0.999813383541642,4500,1,1
"z[183,4]",0.121777777777778,0.327065317805307,0,0,0,0,1,0.999694673552089,4500,1,1
"z[184,4]",0.00244444444444444,0.0493863456663645,0,0,0,0,0,1.09913278170699,1765,1,1
"z[185,4]",0.0215555555555556,0.14524324938423,0,0,0,0,0,1.00859204177441,2621,1,1
"z[186,4]",1,0,1,1,1,1,1,NA,1,0,1
"z[187,4]",0.423111111111111,0.494107632628327,0,0,0,1,1,1.00101398209777,1526,1,1
"z[188,4]",0.371111111111111,0.483155802792482,0,0,0,1,1,0.999672502748068,4500,1,1
"z[189,4]",0.05,0.217969167319041,0,0,0,0,1,1.00215906068592,4220,1,1
"z[190,4]",0.109111111111111,0.311813217568572,0,0,0,0,1,0.999872826133046,4500,1,1
"z[191,4]",0.168888888888889,0.374695384746298,0,0,0,0,1,0.999915607241628,4500,1,1
"z[192,4]",0.136,0.342826658537455,0,0,0,0,1,1.0024133074697,1553,1,1
"z[193,4]",1,0,1,1,1,1,1,NA,1,0,1
"z[194,4]",0.102666666666667,0.303556748016748,0,0,0,0,1,1.00064506280303,4500,1,1
"z[195,4]",0.110222222222222,0.313201345555729,0,0,0,0,1,1.00045575075961,4500,1,1
"z[196,4]",1,0,1,1,1,1,1,NA,1,0,1
"z[197,4]",0.248,0.431899817975513,0,0,0,0,1,1.0003628224644,3851,1,1
"z[198,4]",0.278,0.448063180220892,0,0,0,1,1,0.999911218942855,4500,1,1
"z[199,4]",0.201333333333333,0.401041099019679,0,0,0,0,1,1.00004705389704,4500,1,1
"z[200,4]",0.349111111111111,0.476742121649057,0,0,0,1,1,1.00113685863518,1504,1,1
"z[1,5]",1,0,1,1,1,1,1,NA,1,0,1
"z[2,5]",1,0,1,1,1,1,1,NA,1,0,1
"z[3,5]",1,0,1,1,1,1,1,NA,1,0,1
"z[4,5]",1,0,1,1,1,1,1,NA,1,0,1
"z[5,5]",0.843333333333333,0.363526600460068,0,1,1,1,1,1.00174776803949,1825,1,1
"z[6,5]",0.639111111111111,0.480311737615324,0,0,1,1,1,1.00025718852282,3670,1,1
"z[7,5]",0.964888888888889,0.18408109945566,0,1,1,1,1,1.00283871093408,4500,1,1
"z[8,5]",1,0,1,1,1,1,1,NA,1,0,1
"z[9,5]",1,0,1,1,1,1,1,NA,1,0,1
"z[10,5]",1,0,1,1,1,1,1,NA,1,0,1
"z[11,5]",1,0,1,1,1,1,1,NA,1,0,1
"z[12,5]",1,0,1,1,1,1,1,NA,1,0,1
"z[13,5]",0.362444444444444,0.480759639862312,0,0,0,1,1,1.00093927109819,1701,1,1
"z[14,5]",1,0,1,1,1,1,1,NA,1,0,1
"z[15,5]",1,0,1,1,1,1,1,NA,1,0,1
"z[16,5]",1,0,1,1,1,1,1,NA,1,0,1
"z[17,5]",1,0,1,1,1,1,1,NA,1,0,1
"z[18,5]",0.872444444444444,0.333631340448452,0,1,1,1,1,0.99996146881639,4500,1,1
"z[19,5]",0.355555555555556,0.478734511868754,0,0,0,1,1,1.00019281988461,4155,1,1
"z[20,5]",1,0,1,1,1,1,1,NA,1,0,1
"z[21,5]",0.0833333333333333,0.276416113804279,0,0,0,0,1,0.99993319040008,4500,1,1
"z[22,5]",1,0,1,1,1,1,1,NA,1,0,1
"z[23,5]",1,0,1,1,1,1,1,NA,1,0,1
"z[24,5]",1,0,1,1,1,1,1,NA,1,0,1
"z[25,5]",1,0,1,1,1,1,1,NA,1,0,1
"z[26,5]",1,0,1,1,1,1,1,NA,1,0,1
"z[27,5]",1,0,1,1,1,1,1,NA,1,0,1
"z[28,5]",1,0,1,1,1,1,1,NA,1,0,1
"z[29,5]",0.0104444444444444,0.10167426066326,0,0,0,0,0,1.00334243703936,4500,1,1
"z[30,5]",0.990222222222222,0.0984089676386699,1,1,1,1,1,1.01308772538112,3771,0,1
"z[31,5]",1,0,1,1,1,1,1,NA,1,0,1
"z[32,5]",1,0,1,1,1,1,1,NA,1,0,1
"z[33,5]",1,0,1,1,1,1,1,NA,1,0,1
"z[34,5]",1,0,1,1,1,1,1,NA,1,0,1
"z[35,5]",1,0,1,1,1,1,1,NA,1,0,1
"z[36,5]",1,0,1,1,1,1,1,NA,1,0,1
"z[37,5]",1,0,1,1,1,1,1,NA,1,0,1
"z[38,5]",1,0,1,1,1,1,1,NA,1,0,1
"z[39,5]",1,0,1,1,1,1,1,NA,1,0,1
"z[40,5]",1,0,1,1,1,1,1,NA,1,0,1
"z[41,5]",0.00933333333333333,0.0961679644942985,0,0,0,0,0,1.00311421329248,4500,1,1
"z[42,5]",1,0,1,1,1,1,1,NA,1,0,1
"z[43,5]",1,0,1,1,1,1,1,NA,1,0,1
"z[44,5]",1,0,1,1,1,1,1,NA,1,0,1
"z[45,5]",1,0,1,1,1,1,1,NA,1,0,1
"z[46,5]",1,0,1,1,1,1,1,NA,1,0,1
"z[47,5]",0.251111111111111,0.433700495878734,0,0,0,1,1,0.99986403079126,4500,1,1
"z[48,5]",0.156444444444444,0.363316547020318,0,0,0,0,1,1.00121139697231,2446,1,1
"z[49,5]",0.213777777777778,0.410017314533042,0,0,0,0,1,1.00130930822965,1812,1,1
"z[50,5]",0.903333333333333,0.295536176252013,0,1,1,1,1,1.00572826838812,946,1,1
"z[51,5]",0.307555555555556,0.46153274196674,0,0,0,1,1,1.00135018112496,1402,1,1
"z[52,5]",0.137111111111111,0.344002836679547,0,0,0,0,1,1.00004917999543,4500,1,1
"z[53,5]",0.200444444444444,0.400377436705509,0,0,0,0,1,0.999696388830913,4500,1,1
"z[54,5]",0.125555555555556,0.331384612689324,0,0,0,0,1,1.00015919956618,4500,1,1
"z[55,5]",0.000444444444444444,0.0210795079890303,0,0,0,0,0,1.10528646876281,4500,1,1
"z[56,5]",1,0,1,1,1,1,1,NA,1,0,1
"z[57,5]",1,0,1,1,1,1,1,NA,1,0,1
"z[58,5]",1,0,1,1,1,1,1,NA,1,0,1
"z[59,5]",0.924444444444444,0.26431503658815,0,1,1,1,1,1.00564646058622,1197,1,1
"z[60,5]",0.935555555555556,0.245570273205584,0,1,1,1,1,0.999693778695398,4500,1,1
"z[61,5]",0.869777777777778,0.336585160875883,0,1,1,1,1,1.00003779788297,4500,1,1
"z[62,5]",0.808,0.393916846973326,0,1,1,1,1,1.00149626335731,1770,1,1
"z[63,5]",0.864222222222222,0.342590505813979,0,1,1,1,1,0.999802891596111,4500,1,1
"z[64,5]",0.794,0.404475407947857,0,1,1,1,1,1.00068022549767,3009,1,1
"z[65,5]",0.116666666666667,0.321058346535981,0,0,0,0,1,1.00125377832081,3052,1,1
"z[66,5]",0.106888888888889,0.309006267220739,0,0,0,0,1,1.00012493545382,4500,1,1
"z[67,5]",0.138888888888889,0.345868976410075,0,0,0,0,1,0.999751139434596,4500,1,1
"z[68,5]",0.122222222222222,0.327578687942835,0,0,0,0,1,1.00183503163834,2154,1,1
"z[69,5]",1,0,1,1,1,1,1,NA,1,0,1
"z[70,5]",1,0,1,1,1,1,1,NA,1,0,1
"z[71,5]",0.0108888888888889,0.103791690054186,0,0,0,0,0,0.99987936395885,4500,1,1
"z[72,5]",1,0,1,1,1,1,1,NA,1,0,1
"z[73,5]",0.978222222222222,0.145973426820025,1,1,1,1,1,1.00329653902353,4500,0,1
"z[74,5]",0.966444444444444,0.180102161070095,0,1,1,1,1,1.00374960683577,3754,1,1
"z[75,5]",0.956,0.205117892035902,0,1,1,1,1,1.00304377953302,3506,1,1
"z[76,5]",1,0,1,1,1,1,1,NA,1,0,1
"z[77,5]",1,0,1,1,1,1,1,NA,1,0,1
"z[78,5]",1,0,1,1,1,1,1,NA,1,0,1
"z[79,5]",1,0,1,1,1,1,1,NA,1,0,1
"z[80,5]",0.929111111111111,0.25666767217915,0,1,1,1,1,1.00327664283404,2095,1,1
"z[81,5]",1,0,1,1,1,1,1,NA,1,0,1
"z[82,5]",1,0,1,1,1,1,1,NA,1,0,1
"z[83,5]",0.117333333333333,0.321852826698461,0,0,0,0,1,0.999811511795464,4500,1,1
"z[84,5]",1,0,1,1,1,1,1,NA,1,0,1
"z[85,5]",1,0,1,1,1,1,1,NA,1,0,1
"z[86,5]",0.00466666666666667,0.0681609955608629,0,0,0,0,0,1.00308166426605,4500,1,1
"z[87,5]",1,0,1,1,1,1,1,NA,1,0,1
"z[88,5]",0.0371111111111111,0.189055069145718,0,0,0,0,1,1.00211399620614,4500,1,1
"z[89,5]",0.102,0.302681943946003,0,0,0,0,1,1.0021157359925,2233,1,1
"z[90,5]",0.952666666666667,0.212374461172167,0,1,1,1,1,1.00719664925357,1464,1,1
"z[91,5]",0.833555555555556,0.372520508798759,0,1,1,1,1,1.0023692165433,1334,1,1
"z[92,5]",0.858222222222222,0.348860838750797,0,1,1,1,1,1.00036693240765,4500,1,1
"z[93,5]",0.813333333333333,0.38968701286146,0,1,1,1,1,1.00013986048372,4500,1,1
"z[94,5]",0.725333333333333,0.446395755946304,0,0,1,1,1,0.999858709371072,4500,1,1
"z[95,5]",1,0,1,1,1,1,1,NA,1,0,1
"z[96,5]",1,0,1,1,1,1,1,NA,1,0,1
"z[97,5]",1,0,1,1,1,1,1,NA,1,0,1
"z[98,5]",1,0,1,1,1,1,1,NA,1,0,1
"z[99,5]",0.664666666666667,0.472159326788432,0,0,1,1,1,1.00014996262251,4500,1,1
"z[100,5]",0.100666666666667,0.300920274791174,0,0,0,0,1,0.999811153302256,4500,1,1
"z[101,5]",1,0,1,1,1,1,1,NA,1,0,1
"z[102,5]",0.0422222222222222,0.201118111385383,0,0,0,0,1,1.00166759751287,4500,1,1
"z[103,5]",0.129111111111111,0.335360141694826,0,0,0,0,1,1.0010735205318,3159,1,1
"z[104,5]",0.0117777777777778,0.107896472423584,0,0,0,0,0,1.00093951678015,4500,1,1
"z[105,5]",0.894888888888889,0.306730619461065,0,1,1,1,1,1.00161430587623,2722,1,1
"z[106,5]",0.372666666666667,0.483568181607945,0,0,0,1,1,1.00050729312435,2550,1,1
"z[107,5]",1,0,1,1,1,1,1,NA,1,0,1
"z[108,5]",1,0,1,1,1,1,1,NA,1,0,1
"z[109,5]",0.0131111111111111,0.113763288874888,0,0,0,0,0,1.00069692601374,4500,1,1
"z[110,5]",0.000444444444444444,0.0210795079890303,0,0,0,0,0,1.10528646876281,4500,1,1
"z[111,5]",0,0,0,0,0,0,0,NA,1,1,1
"z[112,5]",0.00133333333333333,0.0364945409967103,0,0,0,0,0,1.2055506609676,1285,1,1
"z[113,5]",0.000888888888888889,0.0298042977535084,0,0,0,0,0,1.10540023626025,4497,1,1
"z[114,5]",1,0,1,1,1,1,1,NA,1,0,1
"z[115,5]",0.0111111111111111,0.104833661410201,0,0,0,0,0,1.00715009264915,4500,1,1
"z[116,5]",1,0,1,1,1,1,1,NA,1,0,1
"z[117,5]",1,0,1,1,1,1,1,NA,1,0,1
"z[118,5]",1,0,1,1,1,1,1,NA,1,0,1
"z[119,5]",0.498222222222222,0.500052403961488,0,0,0,1,1,1.00019369117542,3799,1,1
"z[120,5]",1,0,1,1,1,1,1,NA,1,0,1
"z[121,5]",1,0,1,1,1,1,1,NA,1,0,1
"z[122,5]",0.000666666666666667,0.0258141493083176,0,0,0,0,0,NA,4500,1,1
"z[123,5]",0.0142222222222222,0.118419030794728,0,0,0,0,0,1.00279021998202,4500,1,1
"z[124,5]",1,0,1,1,1,1,1,NA,1,0,1
"z[125,5]",1,0,1,1,1,1,1,NA,1,0,1
"z[126,5]",1,0,1,1,1,1,1,NA,1,0,1
"z[127,5]",0.104444444444444,0.305870222190877,0,0,0,0,1,0.999754015670787,4500,1,1
"z[128,5]",0.130222222222222,0.336585160875883,0,0,0,0,1,1.00022155335015,4500,1,1
"z[129,5]",0.122666666666667,0.328090652606978,0,0,0,0,1,1.00051822822821,4500,1,1
"z[130,5]",0.106888888888889,0.309006267220739,0,0,0,0,1,0.999701809574672,4500,1,1
"z[131,5]",0.789555555555556,0.407669611770085,0,1,1,1,1,1.00007480659211,4500,1,1
"z[132,5]",0.841111111111111,0.365613067283923,0,1,1,1,1,0.999672137956325,4500,1,1
"z[133,5]",0.742666666666667,0.437213183538105,0,0,1,1,1,1.00002105145996,4500,1,1
"z[134,5]",0.000888888888888889,0.0298042977535084,0,0,0,0,0,1.10540023626025,4497,1,1
"z[135,5]",0.000666666666666667,0.0258141493083176,0,0,0,0,0,1.13377982835195,4498,1,1
"z[136,5]",0.0742222222222222,0.262161318587002,0,0,0,0,1,1.00014224590072,4500,1,1
"z[137,5]",0.00133333333333333,0.0364945409967103,0,0,0,0,0,1.03900028931154,4500,1,1
"z[138,5]",1,0,1,1,1,1,1,NA,1,0,1
"z[139,5]",1,0,1,1,1,1,1,NA,1,0,1
"z[140,5]",1,0,1,1,1,1,1,NA,1,0,1
"z[141,5]",0.156888888888889,0.36373639680125,0,0,0,0,1,1.00213815082821,1534,1,1
"z[142,5]",0.309555555555556,0.462361784640317,0,0,0,1,1,1.00006314649079,4500,1,1
"z[143,5]",0.208666666666667,0.406400776899811,0,0,0,0,1,1.00001757033901,4500,1,1
"z[144,5]",0.206,0.404475407947857,0,0,0,0,1,1.00108522862458,2162,1,1
"z[145,5]",1,0,1,1,1,1,1,NA,1,0,1
"z[146,5]",0.207333333333333,0.405441428226822,0,0,0,0,1,0.999971099379871,4500,1,1
"z[147,5]",1,0,1,1,1,1,1,NA,1,0,1
"z[148,5]",1,0,1,1,1,1,1,NA,1,0,1
"z[149,5]",1,0,1,1,1,1,1,NA,1,0,1
"z[150,5]",0.719555555555556,0.449266303438176,0,0,1,1,1,0.999911081425966,4500,1,1
"z[151,5]",1,0,1,1,1,1,1,NA,1,0,1
"z[152,5]",1,0,1,1,1,1,1,NA,1,0,1
"z[153,5]",0.322,0.467294902015954,0,0,0,1,1,0.999686813490409,4500,1,1
"z[154,5]",0.0117777777777778,0.107896472423584,0,0,0,0,0,1.01325694981628,3102,1,1
"z[155,5]",0.00355555555555556,0.0595289935189017,0,0,0,0,0,1.00744020021063,4500,1,1
"z[156,5]",1,0,1,1,1,1,1,NA,1,0,1
"z[157,5]",1,0,1,1,1,1,1,NA,1,0,1
"z[158,5]",1,0,1,1,1,1,1,NA,1,0,1
"z[159,5]",1,0,1,1,1,1,1,NA,1,0,1
"z[160,5]",1,0,1,1,1,1,1,NA,1,0,1
"z[161,5]",1,0,1,1,1,1,1,NA,1,0,1
"z[162,5]",1,0,1,1,1,1,1,NA,1,0,1
"z[163,5]",0.866,0.340690171985335,0,1,1,1,1,1.00115182812332,2891,1,1
"z[164,5]",1,0,1,1,1,1,1,NA,1,0,1
"z[165,5]",1,0,1,1,1,1,1,NA,1,0,1
"z[166,5]",1,0,1,1,1,1,1,NA,1,0,1
"z[167,5]",1,0,1,1,1,1,1,NA,1,0,1
"z[168,5]",0.987555555555556,0.11087069888737,1,1,1,1,1,1.00949698102493,4081,0,1
"z[169,5]",1,0,1,1,1,1,1,NA,1,0,1
"z[170,5]",0.973111111111111,0.161776674693452,0,1,1,1,1,1.01617565854725,1131,1,1
"z[171,5]",0.859555555555556,0.347486165270941,0,1,1,1,1,1.00003363714772,4500,1,1
"z[172,5]",0.899333333333333,0.300920274791174,0,1,1,1,1,1.00355400314794,1412,1,1
"z[173,5]",0.914666666666667,0.279408131952049,0,1,1,1,1,0.999897318977085,4500,1,1
"z[174,5]",1,0,1,1,1,1,1,NA,1,0,1
"z[175,5]",1,0,1,1,1,1,1,NA,1,0,1
"z[176,5]",1,0,1,1,1,1,1,NA,1,0,1
"z[177,5]",1,0,1,1,1,1,1,NA,1,0,1
"z[178,5]",0.760444444444444,0.426859675171387,0,1,1,1,1,0.999812256574034,4500,1,1
"z[179,5]",0.545777777777778,0.497955316441356,0,0,1,1,1,1.00090556624884,1633,1,1
"z[180,5]",0.0968888888888889,0.295839282691587,0,0,0,0,1,0.999959980454972,4500,1,1
"z[181,5]",0.105111111111111,0.306730619461065,0,0,0,0,1,1.00085446365484,4462,1,1
"z[182,5]",0.204,0.403013763231578,0,0,0,0,1,1.00000647278299,4500,1,1
"z[183,5]",0.107555555555556,0.309852696115214,0,0,0,0,1,0.999910414272917,4500,1,1
"z[184,5]",0.00911111111111111,0.0950268670194558,0,0,0,0,0,1.02107694596166,2505,1,1
"z[185,5]",0.0326666666666667,0.177782392941008,0,0,0,0,1,1.00321671062872,4445,1,1
"z[186,5]",0.779111111111111,0.414891841242824,0,1,1,1,1,0.999742464063255,4500,1,1
"z[187,5]",1,0,1,1,1,1,1,NA,1,0,1
"z[188,5]",0.444888888888889,0.497008710431761,0,0,0,1,1,0.999843148254125,4500,1,1
"z[189,5]",0.0246666666666667,0.155124368434336,0,0,0,0,0,0.999794526427523,4500,1,1
"z[190,5]",0.140888888888889,0.347945561054185,0,0,0,0,1,1.00304006649918,1220,1,1
"z[191,5]",0.0704444444444444,0.255922995228642,0,0,0,0,1,1.00129138888105,4500,1,1
"z[192,5]",0.403555555555556,0.490664824063724,0,0,0,1,1,0.999897073242785,4500,1,1
"z[193,5]",0.34,0.473761414375011,0,0,0,1,1,1.00047947784488,2740,1,1
"z[194,5]",0.104666666666667,0.306157451280283,0,0,0,0,1,1.0023966857829,1947,1,1
"z[195,5]",0.162222222222222,0.368695512481717,0,0,0,0,1,1.00084539524942,3118,1,1
"z[196,5]",1,0,1,1,1,1,1,NA,1,0,1
"z[197,5]",0.456888888888889,0.498193322813397,0,0,0,1,1,0.99983788973764,4500,1,1
"z[198,5]",1,0,1,1,1,1,1,NA,1,0,1
"z[199,5]",0.217777777777778,0.41278139661439,0,0,0,0,1,1.00005497722751,4500,1,1
"z[200,5]",0.507333333333333,0.500001778169765,0,0,1,1,1,0.999810079511961,4500,1,1
"z[1,6]",1,0,1,1,1,1,1,NA,1,0,1
"z[2,6]",1,0,1,1,1,1,1,NA,1,0,1
"z[3,6]",0.0124444444444444,0.11087069888737,0,0,0,0,0,1.00949698102493,4081,1,1
"z[4,6]",1,0,1,1,1,1,1,NA,1,0,1
"z[5,6]",0.891111111111111,0.311534374101511,0,1,1,1,1,1.00283347729303,1621,1,1
"z[6,6]",0.451111111111111,0.497659434945813,0,0,0,1,1,0.999857944178322,4500,1,1
"z[7,6]",1,0,1,1,1,1,1,NA,1,0,1
"z[8,6]",1,0,1,1,1,1,1,NA,1,0,1
"z[9,6]",1,0,1,1,1,1,1,NA,1,0,1
"z[10,6]",1,0,1,1,1,1,1,NA,1,0,1
"z[11,6]",0.327111111111111,0.469210353869047,0,0,0,1,1,1.00041903143316,3019,1,1
"z[12,6]",1,0,1,1,1,1,1,NA,1,0,1
"z[13,6]",1,0,1,1,1,1,1,NA,1,0,1
"z[14,6]",0.465111111111111,0.498836709534676,0,0,0,1,1,1.0000884082606,4500,1,1
"z[15,6]",1,0,1,1,1,1,1,NA,1,0,1
"z[16,6]",0.942666666666667,0.232504269129342,0,1,1,1,1,1.00394538162935,2160,1,1
"z[17,6]",1,0,1,1,1,1,1,NA,1,0,1
"z[18,6]",0.927555555555556,0.259251196201609,0,1,1,1,1,1.00157550575777,3900,1,1
"z[19,6]",0.796222222222222,0.40285041785229,0,1,1,1,1,0.99998798319481,4500,1,1
"z[20,6]",1,0,1,1,1,1,1,NA,1,0,1
"z[21,6]",0.507777777777778,0.49999506060636,0,0,1,1,1,1.00009893376809,4500,1,1
"z[22,6]",1,0,1,1,1,1,1,NA,1,0,1
"z[23,6]",1,0,1,1,1,1,1,NA,1,0,1
"z[24,6]",1,0,1,1,1,1,1,NA,1,0,1
"z[25,6]",1,0,1,1,1,1,1,NA,1,0,1
"z[26,6]",1,0,1,1,1,1,1,NA,1,0,1
"z[27,6]",1,0,1,1,1,1,1,NA,1,0,1
"z[28,6]",0.619333333333333,0.485604734545429,0,0,1,1,1,1.00034890722346,3115,1,1
"z[29,6]",0.00155555555555556,0.0394142235807543,0,0,0,0,0,1.06447893654775,4494,1,1
"z[30,6]",1,0,1,1,1,1,1,NA,1,0,1
"z[31,6]",1,0,1,1,1,1,1,NA,1,0,1
"z[32,6]",1,0,1,1,1,1,1,NA,1,0,1
"z[33,6]",1,0,1,1,1,1,1,NA,1,0,1
"z[34,6]",0.242888888888889,0.428876148709981,0,0,0,0,1,1.00017912155729,4500,1,1
"z[35,6]",1,0,1,1,1,1,1,NA,1,0,1
"z[36,6]",1,0,1,1,1,1,1,NA,1,0,1
"z[37,6]",1,0,1,1,1,1,1,NA,1,0,1
"z[38,6]",0.0346666666666667,0.182954440186126,0,0,0,0,1,1.00813101136421,1752,1,1
"z[39,6]",1,0,1,1,1,1,1,NA,1,0,1
"z[40,6]",1,0,1,1,1,1,1,NA,1,0,1
"z[41,6]",0.00377777777777778,0.0613542394088465,0,0,0,0,0,1.01164843669904,4500,1,1
"z[42,6]",1,0,1,1,1,1,1,NA,1,0,1
"z[43,6]",1,0,1,1,1,1,1,NA,1,0,1
"z[44,6]",1,0,1,1,1,1,1,NA,1,0,1
"z[45,6]",1,0,1,1,1,1,1,NA,1,0,1
"z[46,6]",1,0,1,1,1,1,1,NA,1,0,1
"z[47,6]",0.268222222222222,0.443083162614667,0,0,0,1,1,1.00057444736147,2806,1,1
"z[48,6]",0.157333333333333,0.364155219964792,0,0,0,0,1,1.00005900149057,4500,1,1
"z[49,6]",0.191333333333333,0.393394560003013,0,0,0,0,1,1.00246782227782,1152,1,1
"z[50,6]",0.900888888888889,0.298844349077286,0,1,1,1,1,1.00235806272924,2084,1,1
"z[51,6]",0.536888888888889,0.498692766455964,0,0,1,1,1,1.00103160700674,1478,1,1
"z[52,6]",0.104222222222222,0.30558256148604,0,0,0,0,1,1.00016165657272,4500,1,1
"z[53,6]",0.152888888888889,0.35992035758183,0,0,0,0,1,1.00066640397651,3864,1,1
"z[54,6]",1,0,1,1,1,1,1,NA,1,0,1
"z[55,6]",0.000444444444444444,0.0210795079890303,0,0,0,0,0,1.10528646876281,4500,1,1
"z[56,6]",1,0,1,1,1,1,1,NA,1,0,1
"z[57,6]",0.941333333333333,0.235025879030759,0,1,1,1,1,1.00017652778148,4500,1,1
"z[58,6]",1,0,1,1,1,1,1,NA,1,0,1
"z[59,6]",1,0,1,1,1,1,1,NA,1,0,1
"z[60,6]",1,0,1,1,1,1,1,NA,1,0,1
"z[61,6]",1,0,1,1,1,1,1,NA,1,0,1
"z[62,6]",1,0,1,1,1,1,1,NA,1,0,1
"z[63,6]",1,0,1,1,1,1,1,NA,1,0,1
"z[64,6]",1,0,1,1,1,1,1,NA,1,0,1
"z[65,6]",0.00244444444444444,0.0493863456663645,0,0,0,0,0,1.07037255410904,2600,1,1
"z[66,6]",0.002,0.0446815807032984,0,0,0,0,0,1.06670438272335,3369,1,1
"z[67,6]",0.00288888888888889,0.0536766566849176,0,0,0,0,0,1.05188194987867,3071,1,1
"z[68,6]",0.00377777777777778,0.0613542394088465,0,0,0,0,0,1.02160266575274,4500,1,1
"z[69,6]",1,0,1,1,1,1,1,NA,1,0,1
"z[70,6]",0.931555555555556,0.252535095508448,0,1,1,1,1,1.00041995493363,4500,1,1
"z[71,6]",0.0257777777777778,0.158489324311835,0,0,0,0,1,0.999940422550878,4500,1,1
"z[72,6]",1,0,1,1,1,1,1,NA,1,0,1
"z[73,6]",1,0,1,1,1,1,1,NA,1,0,1
"z[74,6]",1,0,1,1,1,1,1,NA,1,0,1
"z[75,6]",0.942,0.233769424929795,0,1,1,1,1,1.00122939115223,4500,1,1
"z[76,6]",1,0,1,1,1,1,1,NA,1,0,1
"z[77,6]",1,0,1,1,1,1,1,NA,1,0,1
"z[78,6]",1,0,1,1,1,1,1,NA,1,0,1
"z[79,6]",1,0,1,1,1,1,1,NA,1,0,1
"z[80,6]",0.948666666666667,0.220701260655139,0,1,1,1,1,0.999791492746177,4500,1,1
"z[81,6]",0.149777777777778,0.356893121404989,0,0,0,0,1,1.00227654229832,1511,1,1
"z[82,6]",1,0,1,1,1,1,1,NA,1,0,1
"z[83,6]",1,0,1,1,1,1,1,NA,1,0,1
"z[84,6]",0.960888888888889,0.193880853578703,0,1,1,1,1,0.999736530364532,4500,1,1
"z[85,6]",0.955777777777778,0.205611312804703,0,1,1,1,1,1.00895925385341,1262,1,1
"z[86,6]",1,0,1,1,1,1,1,NA,1,0,1
"z[87,6]",1,0,1,1,1,1,1,NA,1,0,1
"z[88,6]",0.657777777777778,0.474506277674274,0,0,1,1,1,0.999672942771266,4500,1,1
"z[89,6]",1,0,1,1,1,1,1,NA,1,0,1
"z[90,6]",0.958888888888889,0.198569256988457,0,1,1,1,1,1.00565464862603,2107,1,1
"z[91,6]",1,0,1,1,1,1,1,NA,1,0,1
"z[92,6]",1,0,1,1,1,1,1,NA,1,0,1
"z[93,6]",1,0,1,1,1,1,1,NA,1,0,1
"z[94,6]",1,0,1,1,1,1,1,NA,1,0,1
"z[95,6]",1,0,1,1,1,1,1,NA,1,0,1
"z[96,6]",1,0,1,1,1,1,1,NA,1,0,1
"z[97,6]",1,0,1,1,1,1,1,NA,1,0,1
"z[98,6]",1,0,1,1,1,1,1,NA,1,0,1
"z[99,6]",1,0,1,1,1,1,1,NA,1,0,1
"z[100,6]",0.000222222222222222,0.0149071198499986,0,0,0,0,0,1.29093398298233,4500,1,1
"z[101,6]",1,0,1,1,1,1,1,NA,1,0,1
"z[102,6]",0.0451111111111111,0.207570887552932,0,0,0,0,1,0.999999271172627,4500,1,1
"z[103,6]",0.151777777777778,0.358845230543525,0,0,0,0,1,0.999744008550281,4500,1,1
"z[104,6]",0.00466666666666667,0.0681609955608629,0,0,0,0,0,NA,4500,1,1
"z[105,6]",0.936,0.244780135956494,0,1,1,1,1,0.999687245953427,4500,1,1
"z[106,6]",0.349111111111111,0.476742121649057,0,0,0,1,1,1.00032276260669,3362,1,1
"z[107,6]",0.0413333333333333,0.199082134750893,0,0,0,0,1,1.00065530729235,4500,1,1
"z[108,6]",1,0,1,1,1,1,1,NA,1,0,1
"z[109,6]",0.00711111111111111,0.0840363764582043,0,0,0,0,0,1.00016132087137,4500,1,1
"z[110,6]",0.000222222222222222,0.0149071198499986,0,0,0,0,0,1.29093398298233,4500,1,1
"z[111,6]",0,0,0,0,0,0,0,NA,1,1,1
"z[112,6]",0.00377777777777778,0.0613542394088465,0,0,0,0,0,1.0014045739505,4500,1,1
"z[113,6]",0.000444444444444444,0.0210795079890303,0,0,0,0,0,1.2913045102833,2250,1,1
"z[114,6]",1,0,1,1,1,1,1,NA,1,0,1
"z[115,6]",0.00488888888888889,0.069757214702053,0,0,0,0,0,1.03056849282155,3179,1,1
"z[116,6]",1,0,1,1,1,1,1,NA,1,0,1
"z[117,6]",1,0,1,1,1,1,1,NA,1,0,1
"z[118,6]",1,0,1,1,1,1,1,NA,1,0,1
"z[119,6]",1,0,1,1,1,1,1,NA,1,0,1
"z[120,6]",1,0,1,1,1,1,1,NA,1,0,1
"z[121,6]",1,0,1,1,1,1,1,NA,1,0,1
"z[122,6]",0.000666666666666667,0.0258141493083176,0,0,0,0,0,1.13377982835195,4498,1,1
"z[123,6]",1,0,1,1,1,1,1,NA,1,0,1
"z[124,6]",0.0393333333333333,0.194408387233923,0,0,0,0,1,1.00214482538274,4500,1,1
"z[125,6]",0.973555555555556,0.160470739436839,0,1,1,1,1,1.00569894436533,3199,1,1
"z[126,6]",1,0,1,1,1,1,1,NA,1,0,1
"z[127,6]",0.000666666666666667,0.0258141493083176,0,0,0,0,0,NA,4500,1,1
"z[128,6]",0.00533333333333333,0.0728427622699364,0,0,0,0,0,NA,4500,1,1
"z[129,6]",0.00133333333333333,0.0364945409967103,0,0,0,0,0,1.10559375176454,2997,1,1
"z[130,6]",0.000666666666666667,0.0258141493083176,0,0,0,0,0,NA,4500,1,1
"z[131,6]",0.876,0.329618179158867,0,1,1,1,1,1.00109830318904,3217,1,1
"z[132,6]",0.901555555555556,0.297947752307987,0,1,1,1,1,1.00133652290636,3379,1,1
"z[133,6]",0.84,0.366646796392903,0,1,1,1,1,0.99987996372336,4500,1,1
"z[134,6]",0.000444444444444444,0.0210795079890303,0,0,0,0,0,1.10528646876281,4500,1,1
"z[135,6]",0.00155555555555556,0.0394142235807543,0,0,0,0,0,1.06447893654775,4494,1,1
"z[136,6]",0.000666666666666667,0.0258141493083176,0,0,0,0,0,NA,4500,1,1
"z[137,6]",0,0,0,0,0,0,0,NA,1,1,1
"z[138,6]",1,0,1,1,1,1,1,NA,1,0,1
"z[139,6]",1,0,1,1,1,1,1,NA,1,0,1
"z[140,6]",1,0,1,1,1,1,1,NA,1,0,1
"z[141,6]",1,0,1,1,1,1,1,NA,1,0,1
"z[142,6]",0.252444444444444,0.434463109111385,0,0,0,1,1,1.00254599401317,921,1,1
"z[143,6]",0.169777777777778,0.375479179003057,0,0,0,0,1,1.00010095763907,4500,1,1
"z[144,6]",0.172666666666667,0.378000847924102,0,0,0,0,1,1.00115558361833,2359,1,1
"z[145,6]",0.200222222222222,0.400211040620324,0,0,0,0,1,0.999956023530262,4500,1,1
"z[146,6]",1,0,1,1,1,1,1,NA,1,0,1
"z[147,6]",1,0,1,1,1,1,1,NA,1,0,1
"z[148,6]",1,0,1,1,1,1,1,NA,1,0,1
"z[149,6]",1,0,1,1,1,1,1,NA,1,0,1
"z[150,6]",1,0,1,1,1,1,1,NA,1,0,1
"z[151,6]",1,0,1,1,1,1,1,NA,1,0,1
"z[152,6]",1,0,1,1,1,1,1,NA,1,0,1
"z[153,6]",1,0,1,1,1,1,1,NA,1,0,1
"z[154,6]",0.0133333333333333,0.11471041653724,0,0,0,0,0,1.02569689582795,1411,1,1
"z[155,6]",0.006,0.0772355205065475,0,0,0,0,0,1.05174340959815,1492,1,1
"z[156,6]",0.0797777777777778,0.270978968999202,0,0,0,0,1,1.00325266450208,1897,1,1
"z[157,6]",1,0,1,1,1,1,1,NA,1,0,1
"z[158,6]",1,0,1,1,1,1,1,NA,1,0,1
"z[159,6]",1,0,1,1,1,1,1,NA,1,0,1
"z[160,6]",1,0,1,1,1,1,1,NA,1,0,1
"z[161,6]",0.393777777777778,0.488640869641331,0,0,0,1,1,1.00011545067627,4500,1,1
"z[162,6]",1,0,1,1,1,1,1,NA,1,0,1
"z[163,6]",1,0,1,1,1,1,1,NA,1,0,1
"z[164,6]",1,0,1,1,1,1,1,NA,1,0,1
"z[165,6]",1,0,1,1,1,1,1,NA,1,0,1
"z[166,6]",1,0,1,1,1,1,1,NA,1,0,1
"z[167,6]",0.00488888888888889,0.069757214702053,0,0,0,0,0,1.06309054228606,1471,1,1
"z[168,6]",1,0,1,1,1,1,1,NA,1,0,1
"z[169,6]",1,0,1,1,1,1,1,NA,1,0,1
"z[170,6]",1,0,1,1,1,1,1,NA,1,0,1
"z[171,6]",1,0,1,1,1,1,1,NA,1,0,1
"z[172,6]",1,0,1,1,1,1,1,NA,1,0,1
"z[173,6]",1,0,1,1,1,1,1,NA,1,0,1
"z[174,6]",1,0,1,1,1,1,1,NA,1,0,1
"z[175,6]",1,0,1,1,1,1,1,NA,1,0,1
"z[176,6]",0.98,0.140015558148628,1,1,1,1,1,1.01180432902478,2068,0,1
"z[177,6]",1,0,1,1,1,1,1,NA,1,0,1
"z[178,6]",0.728,0.445039339088464,0,0,1,1,1,1.00051529267336,2984,1,1
"z[179,6]",0.572444444444444,0.494778944426467,0,0,1,1,1,0.999847637574348,4500,1,1
"z[180,6]",0.00266666666666667,0.0515766100016907,0,0,0,0,0,1.0391172209852,4489,1,1
"z[181,6]",0.000444444444444444,0.0210795079890303,0,0,0,0,0,1.10528646876281,4500,1,1
"z[182,6]",0.00111111111111111,0.033318511930496,0,0,0,0,0,1.11603919183554,3212,1,1
"z[183,6]",0.000888888888888889,0.0298042977535084,0,0,0,0,0,1.02957562893154,4500,1,1
"z[184,6]",1,0,1,1,1,1,1,NA,1,0,1
"z[185,6]",0.00244444444444444,0.0493863456663645,0,0,0,0,0,1.08987786134477,1976,1,1
"z[186,6]",0.469333333333333,0.499114129659167,0,0,0,1,1,1.00050353191955,2403,1,1
"z[187,6]",0.618666666666667,0.485768113554913,0,0,1,1,1,0.999838406960859,4500,1,1
"z[188,6]",0.412222222222222,0.492289464688504,0,0,0,1,1,0.999846299908553,4500,1,1
"z[189,6]",0.0115555555555556,0.106885749673393,0,0,0,0,0,1.01375594290535,3044,1,1
"z[190,6]",0.183333333333333,0.386982559325991,0,0,0,0,1,0.999887773647626,4500,1,1
"z[191,6]",0.0337777777777778,0.180676765936377,0,0,0,0,1,1.01054090308915,1392,1,1
"z[192,6]",0.485333333333333,0.499840383502347,0,0,0,1,1,0.999746146197012,4500,1,1
"z[193,6]",0.118222222222222,0.322906951398641,0,0,0,0,1,1.00420839617464,1059,1,1
"z[194,6]",0.149555555555556,0.356674868464234,0,0,0,0,1,1.00145034161496,2200,1,1
"z[195,6]",0.0595555555555556,0.236687854568751,0,0,0,0,1,1.00005237415548,4500,1,1
"z[196,6]",1,0,1,1,1,1,1,NA,1,0,1
"z[197,6]",0.110444444444444,0.313477760833612,0,0,0,0,1,1.00474084469514,999,1,1
"z[198,6]",1,0,1,1,1,1,1,NA,1,0,1
"z[199,6]",0.115777777777778,0.319993810293055,0,0,0,0,1,0.999979414138836,4500,1,1
"z[200,6]",1,0,1,1,1,1,1,NA,1,0,1
"z[1,7]",1,0,1,1,1,1,1,NA,1,0,1
"z[2,7]",1,0,1,1,1,1,1,NA,1,0,1
"z[3,7]",0.000222222222222222,0.0149071198499986,0,0,0,0,0,1.29093398298233,4500,1,1
"z[4,7]",1,0,1,1,1,1,1,NA,1,0,1
"z[5,7]",1,0,1,1,1,1,1,NA,1,0,1
"z[6,7]",0.0524444444444444,0.222946339423924,0,0,0,0,1,1.0007839376426,4500,1,1
"z[7,7]",0.98,0.140015558148628,1,1,1,1,1,1.00197454882295,4500,0,1
"z[8,7]",0.962222222222222,0.190679566273877,0,1,1,1,1,1.00525485571422,2447,1,1
"z[9,7]",0.989333333333333,0.102738670891514,1,1,1,1,1,1.01336936258429,3393,0,1
"z[10,7]",0.984,0.125489041132367,1,1,1,1,1,1.01228366973744,2472,0,1
"z[11,7]",1,0,1,1,1,1,1,NA,1,0,1
"z[12,7]",1,0,1,1,1,1,1,NA,1,0,1
"z[13,7]",1,0,1,1,1,1,1,NA,1,0,1
"z[14,7]",1,0,1,1,1,1,1,NA,1,0,1
"z[15,7]",1,0,1,1,1,1,1,NA,1,0,1
"z[16,7]",0.934888888888889,0.246749233761641,0,1,1,1,1,0.999753233412808,4500,1,1
"z[17,7]",0.961555555555556,0.192288028053314,0,1,1,1,1,1.00233268741128,4500,1,1
"z[18,7]",0.957333333333333,0.202126943226378,0,1,1,1,1,1.00817778059685,1430,1,1
"z[19,7]",1,0,1,1,1,1,1,NA,1,0,1
"z[20,7]",0.957777777777778,0.201118111385383,0,1,1,1,1,1.00045134728069,4500,1,1
"z[21,7]",0.557111111111111,0.496782813624796,0,0,1,1,1,0.999705937676293,4500,1,1
"z[22,7]",0.832666666666667,0.373314691159151,0,1,1,1,1,1.00109003055968,2529,1,1
"z[23,7]",1,0,1,1,1,1,1,NA,1,0,1
"z[24,7]",1,0,1,1,1,1,1,NA,1,0,1
"z[25,7]",0.953555555555556,0.21046900448124,0,1,1,1,1,1.00065897627844,4500,1,1
"z[26,7]",0.964222222222222,0.185756281888117,0,1,1,1,1,1.00068069236543,4500,1,1
"z[27,7]",0.966444444444444,0.180102161070095,0,1,1,1,1,0.999971498099609,4500,1,1
"z[28,7]",1,0,1,1,1,1,1,NA,1,0,1
"z[29,7]",0.0104444444444444,0.10167426066326,0,0,0,0,0,1.0026590201648,4500,1,1
"z[30,7]",1,0,1,1,1,1,1,NA,1,0,1
"z[31,7]",1,0,1,1,1,1,1,NA,1,0,1
"z[32,7]",1,0,1,1,1,1,1,NA,1,0,1
"z[33,7]",1,0,1,1,1,1,1,NA,1,0,1
"z[34,7]",1,0,1,1,1,1,1,NA,1,0,1
"z[35,7]",1,0,1,1,1,1,1,NA,1,0,1
"z[36,7]",1,0,1,1,1,1,1,NA,1,0,1
"z[37,7]",0.937777777777778,0.241585568629304,0,1,1,1,1,1.00124002722155,4500,1,1
"z[38,7]",1,0,1,1,1,1,1,NA,1,0,1
"z[39,7]",1,0,1,1,1,1,1,NA,1,0,1
"z[40,7]",1,0,1,1,1,1,1,NA,1,0,1
"z[41,7]",0.0622222222222222,0.241585568629304,0,0,0,0,1,0.999869483914752,4500,1,1
"z[42,7]",0.642444444444444,0.479333535407764,0,0,1,1,1,0.999984500392413,4500,1,1
"z[43,7]",1,0,1,1,1,1,1,NA,1,0,1
"z[44,7]",0.543777777777778,0.498135170505595,0,0,1,1,1,1.00038024188266,2828,1,1
"z[45,7]",1,0,1,1,1,1,1,NA,1,0,1
"z[46,7]",1,0,1,1,1,1,1,NA,1,0,1
"z[47,7]",0.299555555555556,0.458114245763915,0,0,0,1,1,0.999925963627332,4500,1,1
"z[48,7]",0.115111111111111,0.319191453390303,0,0,0,0,1,1.00194601628047,2147,1,1
"z[49,7]",0.188666666666667,0.391287080054478,0,0,0,0,1,1.000049068964,4500,1,1
"z[50,7]",1,0,1,1,1,1,1,NA,1,0,1
"z[51,7]",1,0,1,1,1,1,1,NA,1,0,1
"z[52,7]",0.0568888888888889,0.231655927287332,0,0,0,0,1,1.00234900262007,3472,1,1
"z[53,7]",0.0931111111111111,0.290620372706953,0,0,0,0,1,1.00010604753205,4500,1,1
"z[54,7]",0.819333333333333,0.384784516645139,0,1,1,1,1,0.999730864808724,4500,1,1
"z[55,7]",0.106,0.307871829415116,0,0,0,0,1,0.999839845707175,4500,1,1
"z[56,7]",1,0,1,1,1,1,1,NA,1,0,1
"z[57,7]",1,0,1,1,1,1,1,NA,1,0,1
"z[58,7]",0.929111111111111,0.25666767217915,0,1,1,1,1,1.00240065287231,2774,1,1
"z[59,7]",0.215111111111111,0.410945068049354,0,0,0,0,1,1.00021730505206,4500,1,1
"z[60,7]",1,0,1,1,1,1,1,NA,1,0,1
"z[61,7]",1,0,1,1,1,1,1,NA,1,0,1
"z[62,7]",1,0,1,1,1,1,1,NA,1,0,1
"z[63,7]",1,0,1,1,1,1,1,NA,1,0,1
"z[64,7]",1,0,1,1,1,1,1,NA,1,0,1
"z[65,7]",0.024,0.153066020038189,0,0,0,0,0,0.999801545676032,4500,1,1
"z[66,7]",0.0224444444444444,0.148140366379144,0,0,0,0,0,1.00217183938112,4500,1,1
"z[67,7]",0.0546666666666667,0.227353708622013,0,0,0,0,1,1.00099363171962,4500,1,1
"z[68,7]",0.0822222222222222,0.274733509778789,0,0,0,0,1,1.00092858884984,4500,1,1
"z[69,7]",1,0,1,1,1,1,1,NA,1,0,1
"z[70,7]",1,0,1,1,1,1,1,NA,1,0,1
"z[71,7]",1,0,1,1,1,1,1,NA,1,0,1
"z[72,7]",1,0,1,1,1,1,1,NA,1,0,1
"z[73,7]",1,0,1,1,1,1,1,NA,1,0,1
"z[74,7]",1,0,1,1,1,1,1,NA,1,0,1
"z[75,7]",1,0,1,1,1,1,1,NA,1,0,1
"z[76,7]",0.992444444444444,0.0866033246050876,1,1,1,1,1,1.00272666036901,4500,0,1
"z[77,7]",1,0,1,1,1,1,1,NA,1,0,1
"z[78,7]",0.963333333333333,0.18796295738691,0,1,1,1,1,1.00008164192116,4500,1,1
"z[79,7]",1,0,1,1,1,1,1,NA,1,0,1
"z[80,7]",0.970666666666667,0.168757866791187,0,1,1,1,1,1.00003180218385,4500,1,1
"z[81,7]",0.0375555555555556,0.190139869149559,0,0,0,0,1,0.999912058497173,4500,1,1
"z[82,7]",0.0573333333333333,0.232504269129342,0,0,0,0,1,1.00136040259818,4500,1,1
"z[83,7]",0.772222222222222,0.419445059820707,0,1,1,1,1,1.00087502818708,2351,1,1
"z[84,7]",0.970444444444444,0.169376503362579,0,1,1,1,1,1.00274895465861,4500,1,1
"z[85,7]",1,0,1,1,1,1,1,NA,1,0,1
"z[86,7]",0.0171111111111111,0.129699881353212,0,0,0,0,0,1.00132055602734,4500,1,1
"z[87,7]",1,0,1,1,1,1,1,NA,1,0,1
"z[88,7]",1,0,1,1,1,1,1,NA,1,0,1
"z[89,7]",0.0168888888888889,0.128869487630174,0,0,0,0,0,1.01477777922381,1956,1,1
"z[90,7]",0.979555555555556,0.141530634321543,1,1,1,1,1,1.00631863492548,3722,0,1
"z[91,7]",1,0,1,1,1,1,1,NA,1,0,1
"z[92,7]",1,0,1,1,1,1,1,NA,1,0,1
"z[93,7]",1,0,1,1,1,1,1,NA,1,0,1
"z[94,7]",1,0,1,1,1,1,1,NA,1,0,1
"z[95,7]",1,0,1,1,1,1,1,NA,1,0,1
"z[96,7]",1,0,1,1,1,1,1,NA,1,0,1
"z[97,7]",1,0,1,1,1,1,1,NA,1,0,1
"z[98,7]",1,0,1,1,1,1,1,NA,1,0,1
"z[99,7]",0.316444444444444,0.465140233704518,0,0,0,1,1,1.00017950200106,4500,1,1
"z[100,7]",0.000222222222222222,0.0149071198499986,0,0,0,0,0,1.29093398298233,4500,1,1
"z[101,7]",1,0,1,1,1,1,1,NA,1,0,1
"z[102,7]",0.0497777777777778,0.217509687264132,0,0,0,0,1,1.00112948617889,4500,1,1
"z[103,7]",0.171777777777778,0.377229102086146,0,0,0,0,1,0.999828917696735,4500,1,1
"z[104,7]",0.00222222222222222,0.0470932775447189,0,0,0,0,0,1.08341304913067,2364,1,1
"z[105,7]",0.968222222222222,0.175427447850631,0,1,1,1,1,1.00257415753452,4500,1,1
"z[106,7]",0.208888888888889,0.406560023037948,0,0,0,0,1,1.00053703674537,3483,1,1
"z[107,7]",0.0357777777777778,0.185756281888117,0,0,0,0,1,0.999811740974031,4500,1,1
"z[108,7]",0.394222222222222,0.488737294104904,0,0,0,1,1,1.00064685170001,2144,1,1
"z[109,7]",0.002,0.0446815807032984,0,0,0,0,0,1.01775579934475,4500,1,1
"z[110,7]",0.0226666666666667,0.148855006121055,0,0,0,0,0,1.00549981922007,3835,1,1
"z[111,7]",0.0275555555555556,0.163713783655141,0,0,0,0,1,1.00887620959017,2003,1,1
"z[112,7]",0.0555555555555556,0.229086879157383,0,0,0,0,1,1.00411184516587,2130,1,1
"z[113,7]",0.0575555555555556,0.232926963317475,0,0,0,0,1,1.00283151420548,2899,1,1
"z[114,7]",1,0,1,1,1,1,1,NA,1,0,1
"z[115,7]",0.00866666666666667,0.0927009450571682,0,0,0,0,0,1.00266456296957,4500,1,1
"z[116,7]",1,0,1,1,1,1,1,NA,1,0,1
"z[117,7]",1,0,1,1,1,1,1,NA,1,0,1
"z[118,7]",1,0,1,1,1,1,1,NA,1,0,1
"z[119,7]",1,0,1,1,1,1,1,NA,1,0,1
"z[120,7]",0.964666666666667,0.184641449821595,0,1,1,1,1,0.999730344126492,4500,1,1
"z[121,7]",1,0,1,1,1,1,1,NA,1,0,1
"z[122,7]",0.0155555555555556,0.123761803562895,0,0,0,0,0,1.0075761692162,4081,1,1
"z[123,7]",0.355333333333333,0.478667391473839,0,0,0,1,1,0.99989660315232,4500,1,1
"z[124,7]",0.0693333333333333,0.25404835085059,0,0,0,0,1,0.999897644783824,4500,1,1
"z[125,7]",1,0,1,1,1,1,1,NA,1,0,1
"z[126,7]",0.614444444444444,0.48678036713741,0,0,1,1,1,0.999904490467331,4500,1,1
"z[127,7]",0.0377777777777778,0.190679566273877,0,0,0,0,1,1.00136276750495,4500,1,1
"z[128,7]",0.0575555555555556,0.232926963317475,0,0,0,0,1,1.00319557363704,2610,1,1
"z[129,7]",0.0324444444444444,0.177197008935809,0,0,0,0,1,0.999841872705085,4500,1,1
"z[130,7]",0.0282222222222222,0.165625554658784,0,0,0,0,1,1.00127290708154,4500,1,1
"z[131,7]",1,0,1,1,1,1,1,NA,1,0,1
"z[132,7]",1,0,1,1,1,1,1,NA,1,0,1
"z[133,7]",1,0,1,1,1,1,1,NA,1,0,1
"z[134,7]",0.0406666666666667,0.19753875656879,0,0,0,0,1,1.00320176557648,3608,1,1
"z[135,7]",0.0644444444444444,0.245570273205584,0,0,0,0,1,1.00731159063902,1082,1,1
"z[136,7]",0.105333333333333,0.307016560960735,0,0,0,0,1,0.999674949161276,4500,1,1
"z[137,7]",0.0371111111111111,0.189055069145718,0,0,0,0,1,1.00662782537297,1989,1,1
"z[138,7]",1,0,1,1,1,1,1,NA,1,0,1
"z[139,7]",0.983777777777778,0.126343218950737,1,1,1,1,1,1.00092384269308,4500,0,1
"z[140,7]",1,0,1,1,1,1,1,NA,1,0,1
"z[141,7]",1,0,1,1,1,1,1,NA,1,0,1
"z[142,7]",0.188222222222222,0.390932959969401,0,0,0,0,1,1.00061129593776,3470,1,1
"z[143,7]",0.108444444444444,0.310975460571048,0,0,0,0,1,1.00039840508565,4500,1,1
"z[144,7]",0.125111111111111,0.330881626062155,0,0,0,0,1,0.999854267726482,4500,1,1
"z[145,7]",1,0,1,1,1,1,1,NA,1,0,1
"z[146,7]",1,0,1,1,1,1,1,NA,1,0,1
"z[147,7]",1,0,1,1,1,1,1,NA,1,0,1
"z[148,7]",1,0,1,1,1,1,1,NA,1,0,1
"z[149,7]",1,0,1,1,1,1,1,NA,1,0,1
"z[150,7]",1,0,1,1,1,1,1,NA,1,0,1
"z[151,7]",0.974,0.159152847308496,0,1,1,1,1,1.00116393072662,4500,1,1
"z[152,7]",0.983333333333333,0.128033322512951,1,1,1,1,1,1.00405136548979,4500,0,1
"z[153,7]",0.0328888888888889,0.17836557884435,0,0,0,0,1,1.00333717126,4267,1,1
"z[154,7]",0.299777777777778,0.458211434819433,0,0,0,1,1,1.00033098589098,3594,1,1
"z[155,7]",0.0893333333333333,0.285255975094233,0,0,0,0,1,0.999845607439314,4500,1,1
"z[156,7]",0.0944444444444444,0.292478548049893,0,0,0,0,1,1.00183095397519,2694,1,1
"z[157,7]",1,0,1,1,1,1,1,NA,1,0,1
"z[158,7]",1,0,1,1,1,1,1,NA,1,0,1
"z[159,7]",1,0,1,1,1,1,1,NA,1,0,1
"z[160,7]",1,0,1,1,1,1,1,NA,1,0,1
"z[161,7]",0.360222222222222,0.480118108426531,0,0,0,1,1,0.999913731505161,4500,1,1
"z[162,7]",1,0,1,1,1,1,1,NA,1,0,1
"z[163,7]",1,0,1,1,1,1,1,NA,1,0,1
"z[164,7]",1,0,1,1,1,1,1,NA,1,0,1
"z[165,7]",1,0,1,1,1,1,1,NA,1,0,1
"z[166,7]",1,0,1,1,1,1,1,NA,1,0,1
"z[167,7]",0.000888888888888889,0.0298042977535084,0,0,0,0,0,1.16587551740291,2570,1,1
"z[168,7]",0.980444444444444,0.13848248064772,1,1,1,1,1,1.00850581717296,2920,0,1
"z[169,7]",0.980444444444444,0.13848248064772,1,1,1,1,1,1.00314460401806,4500,0,1
"z[170,7]",1,0,1,1,1,1,1,NA,1,0,1
"z[171,7]",1,0,1,1,1,1,1,NA,1,0,1
"z[172,7]",0.942222222222222,0.233348680154498,0,1,1,1,1,1.00217204991104,3663,1,1
"z[173,7]",0.963111111111111,0.188509935158217,0,1,1,1,1,1.00202262856728,4500,1,1
"z[174,7]",1,0,1,1,1,1,1,NA,1,0,1
"z[175,7]",1,0,1,1,1,1,1,NA,1,0,1
"z[176,7]",1,0,1,1,1,1,1,NA,1,0,1
"z[177,7]",1,0,1,1,1,1,1,NA,1,0,1
"z[178,7]",0.730888888888889,0.443547110984994,0,0,1,1,1,0.999671076818601,4500,1,1
"z[179,7]",0.593333333333333,0.491266242031879,0,0,1,1,1,0.999849832514494,4500,1,1
"z[180,7]",0.024,0.153066020038189,0,0,0,0,0,1.00449473100951,4393,1,1
"z[181,7]",0.0166666666666667,0.128033322512951,0,0,0,0,0,1.01666337497415,1757,1,1
"z[182,7]",0.114,0.317846582996096,0,0,0,0,1,1.00047245089896,4500,1,1
"z[183,7]",0.0277777777777778,0.164353812079863,0,0,0,0,1,1.00715009157087,2453,1,1
"z[184,7]",1,0,1,1,1,1,1,NA,1,0,1
"z[185,7]",0.000888888888888889,0.0298042977535084,0,0,0,0,0,1.10540023626025,4497,1,1
"z[186,7]",1,0,1,1,1,1,1,NA,1,0,1
"z[187,7]",0.612444444444444,0.487246348852538,0,0,1,1,1,1.00014838959682,4374,1,1
"z[188,7]",0.295555555555556,0.456342795094932,0,0,0,1,1,1.00050937799284,2856,1,1
"z[189,7]",0.146444444444444,0.353590515635706,0,0,0,0,1,0.999937981722783,4500,1,1
"z[190,7]",1,0,1,1,1,1,1,NA,1,0,1
"z[191,7]",1,0,1,1,1,1,1,NA,1,0,1
"z[192,7]",0.549555555555556,0.497593477623403,0,0,1,1,1,0.999774568001582,4500,1,1
"z[193,7]",1,0,1,1,1,1,1,NA,1,0,1
"z[194,7]",1,0,1,1,1,1,1,NA,1,0,1
"z[195,7]",0.165777777777778,0.371922364665625,0,0,0,0,1,1.00049034527022,4397,1,1
"z[196,7]",1,0,1,1,1,1,1,NA,1,0,1
"z[197,7]",0.604666666666667,0.488976504325738,0,0,1,1,1,0.999730138847069,4500,1,1
"z[198,7]",1,0,1,1,1,1,1,NA,1,0,1
"z[199,7]",1,0,1,1,1,1,1,NA,1,0,1
"z[200,7]",1,0,1,1,1,1,1,NA,1,0,1
"z[1,8]",1,0,1,1,1,1,1,NA,1,0,1
"z[2,8]",1,0,1,1,1,1,1,NA,1,0,1
"z[3,8]",0.00777777777777778,0.0878578356425394,0,0,0,0,0,1.00745153911102,4500,1,1
"z[4,8]",1,0,1,1,1,1,1,NA,1,0,1
"z[5,8]",0.960888888888889,0.193880853578703,0,1,1,1,1,1.0031366767712,3825,1,1
"z[6,8]",0.624,0.48443384507651,0,0,1,1,1,1.00052547020048,2487,1,1
"z[7,8]",1,0,1,1,1,1,1,NA,1,0,1
"z[8,8]",1,0,1,1,1,1,1,NA,1,0,1
"z[9,8]",1,0,1,1,1,1,1,NA,1,0,1
"z[10,8]",1,0,1,1,1,1,1,NA,1,0,1
"z[11,8]",0.944666666666667,0.228655142165391,0,1,1,1,1,1.00268663571672,3151,1,1
"z[12,8]",1,0,1,1,1,1,1,NA,1,0,1
"z[13,8]",1,0,1,1,1,1,1,NA,1,0,1
"z[14,8]",1,0,1,1,1,1,1,NA,1,0,1
"z[15,8]",1,0,1,1,1,1,1,NA,1,0,1
"z[16,8]",0.934666666666667,0.247140571093493,0,1,1,1,1,1.00022291079321,4500,1,1
"z[17,8]",0.955333333333333,0.206593901727913,0,1,1,1,1,1.00019468000199,4500,1,1
"z[18,8]",1,0,1,1,1,1,1,NA,1,0,1
"z[19,8]",1,0,1,1,1,1,1,NA,1,0,1
"z[20,8]",0.95,0.217969167319041,0,1,1,1,1,1.00401422882648,2412,1,1
"z[21,8]",0.604666666666667,0.488976504325738,0,0,1,1,1,0.999982748840982,4500,1,1
"z[22,8]",0.804444444444444,0.396671837405431,0,1,1,1,1,1.00183738452962,1463,1,1
"z[23,8]",0.874222222222222,0.331635596516771,0,1,1,1,1,1.00394691439625,1067,1,1
"z[24,8]",1,0,1,1,1,1,1,NA,1,0,1
"z[25,8]",0.944,0.22994727692822,0,1,1,1,1,1.00032860606536,4500,1,1
"z[26,8]",0.959333333333333,0.19753875656879,0,1,1,1,1,1.01207491648996,1018,1,1
"z[27,8]",0.959555555555556,0.197021109093834,0,1,1,1,1,1.00438822347552,2720,1,1
"z[28,8]",0.034,0.181249276657738,0,0,0,0,1,1.00158626579166,4500,1,1
"z[29,8]",0.0824444444444444,0.275071213116166,0,0,0,0,1,1.0011734781955,4390,1,1
"z[30,8]",0.987333333333333,0.111843649799372,1,1,1,1,1,1.0010847481325,4500,0,1
"z[31,8]",0.977333333333333,0.148855006121055,1,1,1,1,1,1.00431862582722,4500,0,1
"z[32,8]",0.986,0.11750348180963,1,1,1,1,1,1.00773148798845,4438,0,1
"z[33,8]",1,0,1,1,1,1,1,NA,1,0,1
"z[34,8]",1,0,1,1,1,1,1,NA,1,0,1
"z[35,8]",1,0,1,1,1,1,1,NA,1,0,1
"z[36,8]",1,0,1,1,1,1,1,NA,1,0,1
"z[37,8]",1,0,1,1,1,1,1,NA,1,0,1
"z[38,8]",1,0,1,1,1,1,1,NA,1,0,1
"z[39,8]",0.968222222222222,0.175427447850631,0,1,1,1,1,0.999692680362954,4500,1,1
"z[40,8]",1,0,1,1,1,1,1,NA,1,0,1
"z[41,8]",0.00688888888888889,0.0827221418662089,0,0,0,0,0,1.0033393216296,4500,1,1
"z[42,8]",0.477111111111111,0.499531330570002,0,0,0,1,1,0.999900299381674,4500,1,1
"z[43,8]",0.888,0.31540150006909,0,1,1,1,1,1.00049771049944,4500,1,1
"z[44,8]",0.770222222222222,0.42073660196956,0,1,1,1,1,1.00014321655181,4500,1,1
"z[45,8]",0.942444444444444,0.232926963317475,0,1,1,1,1,1.00170864864142,4500,1,1
"z[46,8]",0.981777777777778,0.133769014787178,1,1,1,1,1,1.00181885236452,4500,0,1
"z[47,8]",0.304222222222222,0.460128362739494,0,0,0,1,1,0.999716720502973,4500,1,1
"z[48,8]",0.00111111111111111,0.033318511930496,0,0,0,0,0,1.18898008348926,1730,1,1
"z[49,8]",0.189777777777778,0.392168777194373,0,0,0,0,1,1.00057577595199,3576,1,1
"z[50,8]",1,0,1,1,1,1,1,NA,1,0,1
"z[51,8]",0.872,0.334126935562941,0,1,1,1,1,1.00202804004729,1889,1,1
"z[52,8]",0,0,0,0,0,0,0,NA,1,1,1
"z[53,8]",0.002,0.0446815807032984,0,0,0,0,0,1.01775579934475,4500,1,1
"z[54,8]",1,0,1,1,1,1,1,NA,1,0,1
"z[55,8]",0.150888888888889,0.357980320487749,0,0,0,0,1,0.999803467406482,4500,1,1
"z[56,8]",1,0,1,1,1,1,1,NA,1,0,1
"z[57,8]",1,0,1,1,1,1,1,NA,1,0,1
"z[58,8]",0.930444444444444,0.254424773023488,0,1,1,1,1,1.00258968928927,2643,1,1
"z[59,8]",1,0,1,1,1,1,1,NA,1,0,1
"z[60,8]",1,0,1,1,1,1,1,NA,1,0,1
"z[61,8]",0.136222222222222,0.343062504722754,0,0,0,0,1,0.999807533203245,4500,1,1
"z[62,8]",1,0,1,1,1,1,1,NA,1,0,1
"z[63,8]",1,0,1,1,1,1,1,NA,1,0,1
"z[64,8]",1,0,1,1,1,1,1,NA,1,0,1
"z[65,8]",0.000222222222222222,0.0149071198499986,0,0,0,0,0,1.29093398298233,4500,1,1
"z[66,8]",0,0,0,0,0,0,0,NA,1,1,1
"z[67,8]",0.00244444444444444,0.0493863456663645,0,0,0,0,0,1.07037255410904,2600,1,1
"z[68,8]",0.0955555555555556,0.294013436961353,0,0,0,0,1,1.00081678908047,4500,1,1
"z[69,8]",1,0,1,1,1,1,1,NA,1,0,1
"z[70,8]",1,0,1,1,1,1,1,NA,1,0,1
"z[71,8]",1,0,1,1,1,1,1,NA,1,0,1
"z[72,8]",1,0,1,1,1,1,1,NA,1,0,1
"z[73,8]",1,0,1,1,1,1,1,NA,1,0,1
"z[74,8]",1,0,1,1,1,1,1,NA,1,0,1
"z[75,8]",1,0,1,1,1,1,1,NA,1,0,1
"z[76,8]",1,0,1,1,1,1,1,NA,1,0,1
"z[77,8]",1,0,1,1,1,1,1,NA,1,0,1
"z[78,8]",1,0,1,1,1,1,1,NA,1,0,1
"z[79,8]",1,0,1,1,1,1,1,NA,1,0,1
"z[80,8]",1,0,1,1,1,1,1,NA,1,0,1
"z[81,8]",0.107111111111111,0.309288827266365,0,0,0,0,1,1.00378518236922,1266,1,1
"z[82,8]",0.112666666666667,0.316220034192095,0,0,0,0,1,1.0004287363995,4500,1,1
"z[83,8]",0.588,0.492249780733913,0,0,1,1,1,0.999857118650726,4500,1,1
"z[84,8]",1,0,1,1,1,1,1,NA,1,0,1
"z[85,8]",1,0,1,1,1,1,1,NA,1,0,1
"z[86,8]",1,0,1,1,1,1,1,NA,1,0,1
"z[87,8]",0.0448888888888889,0.207083090060559,0,0,0,0,1,1.00016327789238,4500,1,1
"z[88,8]",1,0,1,1,1,1,1,NA,1,0,1
"z[89,8]",0.566222222222222,0.495650290468821,0,0,1,1,1,0.999991213494535,4500,1,1
"z[90,8]",1,0,1,1,1,1,1,NA,1,0,1
"z[91,8]",1,0,1,1,1,1,1,NA,1,0,1
"z[92,8]",0.978444444444444,0.14524324938423,1,1,1,1,1,1.00204314107251,4500,0,1
"z[93,8]",1,0,1,1,1,1,1,NA,1,0,1
"z[94,8]",1,0,1,1,1,1,1,NA,1,0,1
"z[95,8]",0.924444444444444,0.26431503658815,0,1,1,1,1,1.00168206485882,3537,1,1
"z[96,8]",1,0,1,1,1,1,1,NA,1,0,1
"z[97,8]",1,0,1,1,1,1,1,NA,1,0,1
"z[98,8]",1,0,1,1,1,1,1,NA,1,0,1
"z[99,8]",1,0,1,1,1,1,1,NA,1,0,1
"z[100,8]",0.000666666666666667,0.0258141493083176,0,0,0,0,0,NA,4500,1,1
"z[101,8]",0.0173333333333333,0.130524613834426,0,0,0,0,0,1.00297180826674,4500,1,1
"z[102,8]",0.0466666666666667,0.210947333488984,0,0,0,0,1,1.00305660770194,3301,1,1
"z[103,8]",0.165555555555556,0.371722503647495,0,0,0,0,1,1.00044995300645,4500,1,1
"z[104,8]",0.00133333333333333,0.0364945409967103,0,0,0,0,0,1.10559375176454,2997,1,1
"z[105,8]",1,0,1,1,1,1,1,NA,1,0,1
"z[106,8]",1,0,1,1,1,1,1,NA,1,0,1
"z[107,8]",1,0,1,1,1,1,1,NA,1,0,1
"z[108,8]",1,0,1,1,1,1,1,NA,1,0,1
"z[109,8]",0.00422222222222222,0.0648485125458765,0,0,0,0,0,1.02521400686279,4482,1,1
"z[110,8]",0.000444444444444444,0.0210795079890303,0,0,0,0,0,1.2913045102833,2250,1,1
"z[111,8]",0,0,0,0,0,0,0,NA,1,1,1
"z[112,8]",0.000666666666666667,0.0258141493083176,0,0,0,0,0,1.13377982835195,4498,1,1
"z[113,8]",0,0,0,0,0,0,0,NA,1,1,1
"z[114,8]",1,0,1,1,1,1,1,NA,1,0,1
"z[115,8]",0.0124444444444444,0.11087069888737,0,0,0,0,0,1.00275767725542,4500,1,1
"z[116,8]",1,0,1,1,1,1,1,NA,1,0,1
"z[117,8]",0.918222222222222,0.274056314018784,0,1,1,1,1,1.00083688445249,4500,1,1
"z[118,8]",0.964444444444444,0.185199838067563,0,1,1,1,1,1.00482371397481,2812,1,1
"z[119,8]",1,0,1,1,1,1,1,NA,1,0,1
"z[120,8]",0.958666666666667,0.199082134750893,0,1,1,1,1,0.999808014397659,4500,1,1
"z[121,8]",1,0,1,1,1,1,1,NA,1,0,1
"z[122,8]",0.00155555555555556,0.0394142235807543,0,0,0,0,0,1.15137489576351,1656,1,1
"z[123,8]",0.00333333333333333,0.0576451269226114,0,0,0,0,0,1.00631011246591,4500,1,1
"z[124,8]",0.00511111111111111,0.071317023933587,0,0,0,0,0,1.0434969473385,2102,1,1
"z[125,8]",1,0,1,1,1,1,1,NA,1,0,1
"z[126,8]",1,0,1,1,1,1,1,NA,1,0,1
"z[127,8]",0,0,0,0,0,0,0,NA,1,1,1
"z[128,8]",0.000222222222222222,0.0149071198499986,0,0,0,0,0,1.29093398298233,4500,1,1
"z[129,8]",0,0,0,0,0,0,0,NA,1,1,1
"z[130,8]",0.000222222222222222,0.0149071198499986,0,0,0,0,0,1.29093398298233,4500,1,1
"z[131,8]",1,0,1,1,1,1,1,NA,1,0,1
"z[132,8]",1,0,1,1,1,1,1,NA,1,0,1
"z[133,8]",0.970666666666667,0.168757866791187,0,1,1,1,1,1.00537088031425,3052,1,1
"z[134,8]",0.000888888888888889,0.0298042977535084,0,0,0,0,0,1.02957562893154,4500,1,1
"z[135,8]",0.00244444444444444,0.0493863456663645,0,0,0,0,0,1.00379178827338,4500,1,1
"z[136,8]",0.148666666666667,0.355799129666249,0,0,0,0,1,0.999763644051619,4500,1,1
"z[137,8]",0.000444444444444444,0.0210795079890303,0,0,0,0,0,1.2913045102833,2250,1,1
"z[138,8]",0.973555555555556,0.160470739436839,0,1,1,1,1,1.00855904261991,2164,1,1
"z[139,8]",0.988222222222222,0.107896472423584,1,1,1,1,1,1.01949261855235,2105,0,1
"z[140,8]",0.956,0.205117892035902,0,1,1,1,1,1.00345064842116,3121,1,1
"z[141,8]",0.99,0.0995098009695405,1,1,1,1,1,1.00861040845981,4500,0,1
"z[142,8]",0.00177777777777778,0.0421308880870312,0,0,0,0,0,1.05041941929871,4500,1,1
"z[143,8]",0.00133333333333333,0.0364945409967103,0,0,0,0,0,1.2055506609676,1285,1,1
"z[144,8]",0.00133333333333333,0.0364945409967103,0,0,0,0,0,1.03900028931154,4500,1,1
"z[145,8]",1,0,1,1,1,1,1,NA,1,0,1
"z[146,8]",1,0,1,1,1,1,1,NA,1,0,1
"z[147,8]",1,0,1,1,1,1,1,NA,1,0,1
"z[148,8]",1,0,1,1,1,1,1,NA,1,0,1
"z[149,8]",1,0,1,1,1,1,1,NA,1,0,1
"z[150,8]",0.974222222222222,0.158489324311835,0,1,1,1,1,1.00228245340184,4500,1,1
"z[151,8]",0.968444444444444,0.174833049066281,0,1,1,1,1,1.00000992930821,4500,1,1
"z[152,8]",1,0,1,1,1,1,1,NA,1,0,1
"z[153,8]",0.0188888888888889,0.136147779728393,0,0,0,0,0,1.00508682714517,4500,1,1
"z[154,8]",0.322222222222222,0.467379508271034,0,0,0,1,1,0.999859868904762,4500,1,1
"z[155,8]",0.0551111111111111,0.228222372014437,0,0,0,0,1,1.0006581807028,4500,1,1
"z[156,8]",1,0,1,1,1,1,1,NA,1,0,1
"z[157,8]",1,0,1,1,1,1,1,NA,1,0,1
"z[158,8]",1,0,1,1,1,1,1,NA,1,0,1
"z[159,8]",1,0,1,1,1,1,1,NA,1,0,1
"z[160,8]",0.992888888888889,0.0840363764582043,1,1,1,1,1,1.00311461330671,4500,0,1
"z[161,8]",0.329111111111111,0.469942618366919,0,0,0,1,1,0.999946833972001,4500,1,1
"z[162,8]",0.954666666666667,0.20805730398765,0,1,1,1,1,1.00631923753328,1730,1,1
"z[163,8]",1,0,1,1,1,1,1,NA,1,0,1
"z[164,8]",1,0,1,1,1,1,1,NA,1,0,1
"z[165,8]",1,0,1,1,1,1,1,NA,1,0,1
"z[166,8]",1,0,1,1,1,1,1,NA,1,0,1
"z[167,8]",0.00355555555555556,0.0595289935189017,0,0,0,0,0,1.0351015531623,3777,1,1
"z[168,8]",0.978222222222222,0.145973426820025,1,1,1,1,1,1.0003732583915,4500,0,1
"z[169,8]",0.978222222222222,0.145973426820025,1,1,1,1,1,1.00296912981119,4500,0,1
"z[170,8]",1,0,1,1,1,1,1,NA,1,0,1
"z[171,8]",0.946222222222222,0.225603720820688,0,1,1,1,1,1.00263500674011,3293,1,1
"z[172,8]",1,0,1,1,1,1,1,NA,1,0,1
"z[173,8]",1,0,1,1,1,1,1,NA,1,0,1
"z[174,8]",0.987555555555556,0.11087069888737,1,1,1,1,1,1.02448458280253,1586,0,1
"z[175,8]",1,0,1,1,1,1,1,NA,1,0,1
"z[176,8]",1,0,1,1,1,1,1,NA,1,0,1
"z[177,8]",1,0,1,1,1,1,1,NA,1,0,1
"z[178,8]",0.739333333333333,0.439047140569879,0,0,1,1,1,0.999704512942167,4500,1,1
"z[179,8]",0.621333333333333,0.485108769136227,0,0,1,1,1,1.00067461592648,2116,1,1
"z[180,8]",0.00355555555555556,0.0595289935189017,0,0,0,0,0,1.01316180066133,4500,1,1
"z[181,8]",0.000444444444444444,0.0210795079890303,0,0,0,0,0,1.10528646876281,4500,1,1
"z[182,8]",0.004,0.0631259497363628,0,0,0,0,0,1.03082188158496,3843,1,1
"z[183,8]",0.000888888888888889,0.0298042977535084,0,0,0,0,0,1.10540023626025,4497,1,1
"z[184,8]",0.00577777777777778,0.0758002102747823,0,0,0,0,0,1.03449288248657,2375,1,1
"z[185,8]",0.000222222222222222,0.0149071198499986,0,0,0,0,0,1.29093398298233,4500,1,1
"z[186,8]",1,0,1,1,1,1,1,NA,1,0,1
"z[187,8]",0.617111111111111,0.486145561638017,0,0,1,1,1,0.999927120398553,4500,1,1
"z[188,8]",0.0384444444444444,0.192288028053314,0,0,0,0,1,1.00205859032377,4500,1,1
"z[189,8]",1,0,1,1,1,1,1,NA,1,0,1
"z[190,8]",1,0,1,1,1,1,1,NA,1,0,1
"z[191,8]",1,0,1,1,1,1,1,NA,1,0,1
"z[192,8]",0.579333333333333,0.493720964916464,0,0,1,1,1,0.999939658468775,4500,1,1
"z[193,8]",1,0,1,1,1,1,1,NA,1,0,1
"z[194,8]",1,0,1,1,1,1,1,NA,1,0,1
"z[195,8]",1,0,1,1,1,1,1,NA,1,0,1
"z[196,8]",1,0,1,1,1,1,1,NA,1,0,1
"z[197,8]",1,0,1,1,1,1,1,NA,1,0,1
"z[198,8]",1,0,1,1,1,1,1,NA,1,0,1
"z[199,8]",1,0,1,1,1,1,1,NA,1,0,1
"z[200,8]",1,0,1,1,1,1,1,NA,1,0,1
"z[1,9]",1,0,1,1,1,1,1,NA,1,0,1
"z[2,9]",1,0,1,1,1,1,1,NA,1,0,1
"z[3,9]",1,0,1,1,1,1,1,NA,1,0,1
"z[4,9]",1,0,1,1,1,1,1,NA,1,0,1
"z[5,9]",1,0,1,1,1,1,1,NA,1,0,1
"z[6,9]",1,0,1,1,1,1,1,NA,1,0,1
"z[7,9]",1,0,1,1,1,1,1,NA,1,0,1
"z[8,9]",1,0,1,1,1,1,1,NA,1,0,1
"z[9,9]",1,0,1,1,1,1,1,NA,1,0,1
"z[10,9]",1,0,1,1,1,1,1,NA,1,0,1
"z[11,9]",1,0,1,1,1,1,1,NA,1,0,1
"z[12,9]",1,0,1,1,1,1,1,NA,1,0,1
"z[13,9]",1,0,1,1,1,1,1,NA,1,0,1
"z[14,9]",1,0,1,1,1,1,1,NA,1,0,1
"z[15,9]",0.258666666666667,0.437950733110633,0,0,0,1,1,1.00000652301614,4500,1,1
"z[16,9]",0.915111111111111,0.278747254884959,0,1,1,1,1,0.999817962174259,4500,1,1
"z[17,9]",0.943777777777778,0.230375949195969,0,1,1,1,1,1.00520671853653,1688,1,1
"z[18,9]",0.951555555555556,0.214727330422946,0,1,1,1,1,1.0029380227325,3300,1,1
"z[19,9]",0.972666666666667,0.163070940344369,0,1,1,1,1,0.999771360239884,4500,1,1
"z[20,9]",0.933111111111111,0.24985723616271,0,1,1,1,1,1.00045074570781,4500,1,1
"z[21,9]",0.54,0.498452818498796,0,0,1,1,1,0.999815458379744,4500,1,1
"z[22,9]",0.73,0.44400879466008,0,0,1,1,1,0.999992209284624,4500,1,1
"z[23,9]",0.766,0.423419225890279,0,1,1,1,1,1.00056017205693,3127,1,1
"z[24,9]",0.784666666666667,0.411099069553526,0,1,1,1,1,1.00017421539712,4500,1,1
"z[25,9]",0.922,0.26820138867189,0,1,1,1,1,0.999838528273192,4500,1,1
"z[26,9]",0.944,0.22994727692822,0,1,1,1,1,1.00318048843923,2684,1,1
"z[27,9]",0.935333333333333,0.245964088766797,0,1,1,1,1,1.00354753738624,2116,1,1
"z[28,9]",0.00844444444444444,0.0915150092219534,0,0,0,0,0,1.00421547951676,4500,1,1
"z[29,9]",0.0104444444444444,0.10167426066326,0,0,0,0,0,1.00540079499714,4500,1,1
"z[30,9]",0.972444444444444,0.163713783655141,0,1,1,1,1,1.00217094877695,4500,1,1
"z[31,9]",0.954222222222222,0.209026032222424,0,1,1,1,1,1.00169635149523,4500,1,1
"z[32,9]",0.975555555555556,0.154441620272072,1,1,1,1,1,1.00616050429309,3199,0,1
"z[33,9]",1,0,1,1,1,1,1,NA,1,0,1
"z[34,9]",1,0,1,1,1,1,1,NA,1,0,1
"z[35,9]",1,0,1,1,1,1,1,NA,1,0,1
"z[36,9]",1,0,1,1,1,1,1,NA,1,0,1
"z[37,9]",1,0,1,1,1,1,1,NA,1,0,1
"z[38,9]",1,0,1,1,1,1,1,NA,1,0,1
"z[39,9]",1,0,1,1,1,1,1,NA,1,0,1
"z[40,9]",1,0,1,1,1,1,1,NA,1,0,1
"z[41,9]",0.0953333333333333,0.293707437222326,0,0,0,0,1,1.00109895144831,4044,1,1
"z[42,9]",0.325777777777778,0.468716799882941,0,0,0,1,1,1.00015292490056,4500,1,1
"z[43,9]",0.779333333333333,0.414742225461546,0,1,1,1,1,1.0001251299015,4500,1,1
"z[44,9]",0.838,0.368491756631665,0,1,1,1,1,1.00044031961286,4500,1,1
"z[45,9]",0.905777777777778,0.292170095489473,0,1,1,1,1,1.00054545755816,4500,1,1
"z[46,9]",0.971111111111111,0.167512855228826,0,1,1,1,1,1.01847869244866,928,1,1
"z[47,9]",0.266,0.441913336752103,0,0,0,1,1,1.00019231903053,4500,1,1
"z[48,9]",0.00244444444444444,0.0493863456663645,0,0,0,0,0,1.04969069831983,3799,1,1
"z[49,9]",0.172666666666667,0.378000847924102,0,0,0,0,1,0.999713764860484,4500,1,1
"z[50,9]",1,0,1,1,1,1,1,NA,1,0,1
"z[51,9]",1,0,1,1,1,1,1,NA,1,0,1
"z[52,9]",0.000222222222222222,0.0149071198499986,0,0,0,0,0,1.29093398298233,4500,1,1
"z[53,9]",0.000222222222222222,0.0149071198499986,0,0,0,0,0,1.29093398298233,4500,1,1
"z[54,9]",0.0135555555555556,0.115649360747383,0,0,0,0,0,1.0030988295649,4500,1,1
"z[55,9]",0.166444444444444,0.372520508798759,0,0,0,0,1,1.00019059768534,4500,1,1
"z[56,9]",0.00844444444444444,0.0915150092219534,0,0,0,0,0,1.00001844838422,4500,1,1
"z[57,9]",0.916444444444444,0.276750871585914,0,1,1,1,1,1.00181896287599,3035,1,1
"z[58,9]",1,0,1,1,1,1,1,NA,1,0,1
"z[59,9]",1,0,1,1,1,1,1,NA,1,0,1
"z[60,9]",1,0,1,1,1,1,1,NA,1,0,1
"z[61,9]",0.00933333333333333,0.0961679644942985,0,0,0,0,0,1.00053169360396,4500,1,1
"z[62,9]",0.0466666666666667,0.210947333488984,0,0,0,0,1,1.00482910597488,2161,1,1
"z[63,9]",0.0617777777777778,0.240778252960813,0,0,0,0,1,1.00077405749983,4500,1,1
"z[64,9]",0.0468888888888889,0.211424346699986,0,0,0,0,1,1.00222638880451,4352,1,1
"z[65,9]",0.000666666666666667,0.0258141493083176,0,0,0,0,0,1.13377982835195,4498,1,1
"z[66,9]",0.000888888888888889,0.0298042977535084,0,0,0,0,0,1.10540023626025,4497,1,1
"z[67,9]",0.00266666666666667,0.0515766100016907,0,0,0,0,0,1.0099762458543,4500,1,1
"z[68,9]",0.00288888888888889,0.0536766566849176,0,0,0,0,0,1.01987494187977,4500,1,1
"z[69,9]",1,0,1,1,1,1,1,NA,1,0,1
"z[70,9]",1,0,1,1,1,1,1,NA,1,0,1
"z[71,9]",1,0,1,1,1,1,1,NA,1,0,1
"z[72,9]",1,0,1,1,1,1,1,NA,1,0,1
"z[73,9]",1,0,1,1,1,1,1,NA,1,0,1
"z[74,9]",1,0,1,1,1,1,1,NA,1,0,1
"z[75,9]",1,0,1,1,1,1,1,NA,1,0,1
"z[76,9]",1,0,1,1,1,1,1,NA,1,0,1
"z[77,9]",1,0,1,1,1,1,1,NA,1,0,1
"z[78,9]",1,0,1,1,1,1,1,NA,1,0,1
"z[79,9]",1,0,1,1,1,1,1,NA,1,0,1
"z[80,9]",1,0,1,1,1,1,1,NA,1,0,1
"z[81,9]",0.0842222222222222,0.277751657165108,0,0,0,0,1,1.0047220155251,1273,1,1
"z[82,9]",0.0353333333333333,0.184641449821595,0,0,0,0,1,1.00087470200687,4500,1,1
"z[83,9]",0.259777777777778,0.438561313033389,0,0,0,1,1,1.00127581157911,1623,1,1
"z[84,9]",0.942,0.233769424929795,0,1,1,1,1,1.00132411208645,4500,1,1
"z[85,9]",0.916888888888889,0.276080771207218,0,1,1,1,1,1.00055134090143,4500,1,1
"z[86,9]",0.00777777777777778,0.0878578356425394,0,0,0,0,0,1.00132095025047,4500,1,1
"z[87,9]",1,0,1,1,1,1,1,NA,1,0,1
"z[88,9]",0.00666666666666667,0.0813860808385347,0,0,0,0,0,1.0046976492112,4500,1,1
"z[89,9]",1,0,1,1,1,1,1,NA,1,0,1
"z[90,9]",1,0,1,1,1,1,1,NA,1,0,1
"z[91,9]",0.0513333333333333,0.220701260655139,0,0,0,0,1,1.00128932800049,4500,1,1
"z[92,9]",1,0,1,1,1,1,1,NA,1,0,1
"z[93,9]",1,0,1,1,1,1,1,NA,1,0,1
"z[94,9]",1,0,1,1,1,1,1,NA,1,0,1
"z[95,9]",0.848444444444444,0.35862940517766,0,1,1,1,1,1.00105955860765,2798,1,1
"z[96,9]",1,0,1,1,1,1,1,NA,1,0,1
"z[97,9]",1,0,1,1,1,1,1,NA,1,0,1
"z[98,9]",1,0,1,1,1,1,1,NA,1,0,1
"z[99,9]",1,0,1,1,1,1,1,NA,1,0,1
"z[100,9]",0.000444444444444444,0.0210795079890303,0,0,0,0,0,1.2913045102833,2250,1,1
"z[101,9]",0.00511111111111111,0.071317023933587,0,0,0,0,0,1.00628299119719,4500,1,1
"z[102,9]",0.0355555555555556,0.185199838067563,0,0,0,0,1,1.00475530136092,2847,1,1
"z[103,9]",0.141111111111111,0.348174818844698,0,0,0,0,1,1.00349087578114,1080,1,1
"z[104,9]",0.000666666666666667,0.0258141493083176,0,0,0,0,0,1.13377982835195,4498,1,1
"z[105,9]",1,0,1,1,1,1,1,NA,1,0,1
"z[106,9]",1,0,1,1,1,1,1,NA,1,0,1
"z[107,9]",1,0,1,1,1,1,1,NA,1,0,1
"z[108,9]",1,0,1,1,1,1,1,NA,1,0,1
"z[109,9]",0.00866666666666667,0.0927009450571682,0,0,0,0,0,1.00266456296957,4500,1,1
"z[110,9]",0.000222222222222222,0.0149071198499986,0,0,0,0,0,1.29093398298233,4500,1,1
"z[111,9]",0,0,0,0,0,0,0,NA,1,1,1
"z[112,9]",0.0988888888888889,0.298545948120994,0,0,0,0,1,1.00006137138123,4500,1,1
"z[113,9]",0.000222222222222222,0.0149071198499986,0,0,0,0,0,1.29093398298233,4500,1,1
"z[114,9]",1,0,1,1,1,1,1,NA,1,0,1
"z[115,9]",1,0,1,1,1,1,1,NA,1,0,1
"z[116,9]",0.822222222222222,0.382368055124134,0,1,1,1,1,1.00194692001197,1495,1,1
"z[117,9]",0.817333333333333,0.386435946321023,0,1,1,1,1,1.00060912151436,3562,1,1
"z[118,9]",0.936,0.244780135956494,0,1,1,1,1,1.00231588473114,3136,1,1
"z[119,9]",1,0,1,1,1,1,1,NA,1,0,1
"z[120,9]",0.943333333333333,0.231230268797726,0,1,1,1,1,1.00015919750186,4500,1,1
"z[121,9]",1,0,1,1,1,1,1,NA,1,0,1
"z[122,9]",0.0395555555555556,0.194934239891299,0,0,0,0,1,1.00096387665131,4500,1,1
"z[123,9]",0.0951111111111111,0.293400949995396,0,0,0,0,1,1.00051761611652,4500,1,1
"z[124,9]",0.0875555555555556,0.282678859190088,0,0,0,0,1,1.00271419271915,2057,1,1
"z[125,9]",1,0,1,1,1,1,1,NA,1,0,1
"z[126,9]",0.952222222222222,0.213319417750194,0,1,1,1,1,1.00114496781363,4500,1,1
"z[127,9]",0.000222222222222222,0.0149071198499986,0,0,0,0,0,1.29093398298233,4500,1,1
"z[128,9]",0.00177777777777778,0.0421308880870312,0,0,0,0,0,1.0296375030843,4500,1,1
"z[129,9]",0.000444444444444444,0.0210795079890303,0,0,0,0,0,1.10528646876281,4500,1,1
"z[130,9]",0.00111111111111111,0.033318511930496,0,0,0,0,0,1.07137218653062,4500,1,1
"z[131,9]",1,0,1,1,1,1,1,NA,1,0,1
"z[132,9]",1,0,1,1,1,1,1,NA,1,0,1
"z[133,9]",1,0,1,1,1,1,1,NA,1,0,1
"z[134,9]",0.000888888888888889,0.0298042977535084,0,0,0,0,0,1.10540023626025,4497,1,1
"z[135,9]",0.096,0.294623980049003,0,0,0,0,1,1.00038366318725,4500,1,1
"z[136,9]",0.144888888888889,0.352027892860083,0,0,0,0,1,1.00153661418161,2166,1,1
"z[137,9]",0.006,0.0772355205065475,0,0,0,0,0,1.01394634622296,4500,1,1
"z[138,9]",0.944,0.22994727692822,0,1,1,1,1,1.0002230588463,4500,1,1
"z[139,9]",1,0,1,1,1,1,1,NA,1,0,1
"z[140,9]",1,0,1,1,1,1,1,NA,1,0,1
"z[141,9]",1,0,1,1,1,1,1,NA,1,0,1
"z[142,9]",0.00466666666666667,0.0681609955608629,0,0,0,0,0,1.02922877186302,3485,1,1
"z[143,9]",0.00355555555555556,0.0595289935189017,0,0,0,0,0,1.01316180066133,4500,1,1
"z[144,9]",0.00355555555555556,0.0595289935189017,0,0,0,0,0,1.0016276586034,4500,1,1
"z[145,9]",0.906888888888889,0.290620372706953,0,1,1,1,1,1.00052059335337,4500,1,1
"z[146,9]",0.855555555555556,0.351578889148306,0,1,1,1,1,0.99984751704477,4500,1,1
"z[147,9]",1,0,1,1,1,1,1,NA,1,0,1
"z[148,9]",1,0,1,1,1,1,1,NA,1,0,1
"z[149,9]",0.961777777777778,0.191753630840733,0,1,1,1,1,1.00775967922222,1663,1,1
"z[150,9]",0.943555555555556,0.230803611284136,0,1,1,1,1,1.00113483116477,4500,1,1
"z[151,9]",0.950444444444444,0.217049006950826,0,1,1,1,1,1.00333595219123,2882,1,1
"z[152,9]",1,0,1,1,1,1,1,NA,1,0,1
"z[153,9]",1,0,1,1,1,1,1,NA,1,0,1
"z[154,9]",0.0151111111111111,0.1220084974435,0,0,0,0,0,1.00508869408975,4500,1,1
"z[155,9]",1,0,1,1,1,1,1,NA,1,0,1
"z[156,9]",1,0,1,1,1,1,1,NA,1,0,1
"z[157,9]",1,0,1,1,1,1,1,NA,1,0,1
"z[158,9]",1,0,1,1,1,1,1,NA,1,0,1
"z[159,9]",1,0,1,1,1,1,1,NA,1,0,1
"z[160,9]",1,0,1,1,1,1,1,NA,1,0,1
"z[161,9]",0.267333333333333,0.442616942427579,0,0,0,1,1,1.00106950781044,1827,1,1
"z[162,9]",1,0,1,1,1,1,1,NA,1,0,1
"z[163,9]",1,0,1,1,1,1,1,NA,1,0,1
"z[164,9]",1,0,1,1,1,1,1,NA,1,0,1
"z[165,9]",1,0,1,1,1,1,1,NA,1,0,1
"z[166,9]",0.925555555555556,0.26252196898347,0,1,1,1,1,1.00123237196073,4500,1,1
"z[167,9]",0.654666666666667,0.475529676249547,0,0,1,1,1,0.999741929306706,4500,1,1
"z[168,9]",0.959111111111111,0.198054801702807,0,1,1,1,1,1.00217492774359,4500,1,1
"z[169,9]",0.970222222222222,0.169992598048771,0,1,1,1,1,1.00120024251514,4500,1,1
"z[170,9]",0.946222222222222,0.225603720820688,0,1,1,1,1,1.00013366290948,4500,1,1
"z[171,9]",1,0,1,1,1,1,1,NA,1,0,1
"z[172,9]",1,0,1,1,1,1,1,NA,1,0,1
"z[173,9]",1,0,1,1,1,1,1,NA,1,0,1
"z[174,9]",1,0,1,1,1,1,1,NA,1,0,1
"z[175,9]",1,0,1,1,1,1,1,NA,1,0,1
"z[176,9]",1,0,1,1,1,1,1,NA,1,0,1
"z[177,9]",1,0,1,1,1,1,1,NA,1,0,1
"z[178,9]",0.696222222222222,0.459938962527041,0,0,1,1,1,0.999892245724668,4500,1,1
"z[179,9]",0.58,0.493613356145918,0,0,1,1,1,1.00035833498801,2974,1,1
"z[180,9]",0.0797777777777778,0.270978968999202,0,0,0,0,1,1.00132087309775,4119,1,1
"z[181,9]",0.000666666666666667,0.0258141493083176,0,0,0,0,0,NA,4500,1,1
"z[182,9]",0.00377777777777778,0.0613542394088465,0,0,0,0,0,1.01164843669904,4500,1,1
"z[183,9]",0.00133333333333333,0.0364945409967103,0,0,0,0,0,1.03900028931154,4500,1,1
"z[184,9]",0.00111111111111111,0.033318511930496,0,0,0,0,0,1.18898008348926,1730,1,1
"z[185,9]",0.00155555555555556,0.0394142235807543,0,0,0,0,0,1.15137489576351,1656,1,1
"z[186,9]",0.790444444444444,0.407036659542908,0,1,1,1,1,1.00068388371797,2964,1,1
"z[187,9]",0.538888888888889,0.498540756682388,0,0,1,1,1,1.00033472217879,3016,1,1
"z[188,9]",0.0482222222222222,0.214259284678296,0,0,0,0,1,1.00209401139642,4469,1,1
"z[189,9]",0.121111111111111,0.326292612819852,0,0,0,0,1,0.999799473669142,4500,1,1
"z[190,9]",0.559555555555556,0.4964956347635,0,0,1,1,1,0.999840142862134,4500,1,1
"z[191,9]",1,0,1,1,1,1,1,NA,1,0,1
"z[192,9]",0.554444444444444,0.497082197947321,0,0,1,1,1,0.999924324415569,4500,1,1
"z[193,9]",0.687777777777778,0.463451439386995,0,0,1,1,1,1.00070748882771,2244,1,1
"z[194,9]",0.792222222222222,0.405761950063745,0,1,1,1,1,0.99976859634635,4500,1,1
"z[195,9]",0.724444444444444,0.446843442673997,0,0,1,1,1,1.0001552671236,4500,1,1
"z[196,9]",1,0,1,1,1,1,1,NA,1,0,1
"z[197,9]",0.124444444444444,0.330124587038853,0,0,0,0,1,1.00027471092743,4500,1,1
"z[198,9]",1,0,1,1,1,1,1,NA,1,0,1
"z[199,9]",0.120666666666667,0.325775699866786,0,0,0,0,1,1.0000683644882,4500,1,1
"z[200,9]",1,0,1,1,1,1,1,NA,1,0,1
"deviance",3652.28100444432,46.4536189877103,3564.96993629697,3619.7637849206,3651.0389803888,3682.71556410294,3745.4269369606,1.00068306958117,2582,0,1
