"parameter","mean","sd","2.5%","25%","50%","75%","97.5%","Rhat","n.eff","overlap0","f"
"a.psi[1]",0.909463624357627,1.35441401579471,-1.73759675836455,0.00508929540338707,0.879550913699709,1.80619212844803,3.63275856597508,1.00231485691707,996,1,0.751777777777778
"a.psi[2]",1.26765498769755,0.651094453298202,0.0345211958724844,0.835354788873147,1.25779302253297,1.68926000177574,2.58032497023256,0.999912613405676,4500,0,0.977777777777778
"a.psi[3]",3.28741125486815,0.912364845812626,1.68543378140153,2.6433953633288,3.22305015579692,3.87578495182314,5.21793515518146,0.999788345552219,4500,0,1
"a.psi[4]",1.84273669125896,0.701900598396239,0.571808217703809,1.35724899438132,1.80986368111938,2.29724009305786,3.30811955575576,1.00025224705078,4500,0,0.997777777777778
"a.psi[5]",1.74839378247045,0.797499504139361,0.268616161739342,1.19852833680188,1.71583060508886,2.26665616888763,3.44771396625909,0.99977099250434,4500,0,0.991777777777778
"b.psi.elev",0.077942895253819,0.423090612088515,-0.696611665614238,-0.214113391486605,0.07204353314576,0.352168020425509,0.926274327249683,1.00012423232345,4500,1,0.572
"b.psi.water",-0.717463015872109,0.464210185626863,-1.67723894820163,-1.02909257907528,-0.697604449969584,-0.38955825343028,0.136723204321755,1.00167793739661,2387,1,0.946222222222222
"a.gam[1]",0.948793692552342,0.849954363895071,-0.630833371530567,0.361517412361122,0.932831293935692,1.51288450389346,2.64614352119337,1.00134135455967,1320,1,0.874888888888889
"a.gam[2]",0.435926654986421,0.702835984487483,-0.961285065983964,-0.0220699985056871,0.421466848427106,0.898864162189019,1.84425700356402,1.00207326499805,871,1,0.740444444444444
"a.gam[3]",0.656042826089121,0.888407274770377,-1.0586899197289,0.0799163165517152,0.651722576717175,1.21779984995742,2.45321334199576,1.00111514440555,2844,1,0.774222222222222
"a.gam[4]",0.736744276907104,0.561340443286642,-0.387140557463346,0.373684991689657,0.735257227045779,1.10770669711598,1.85073823718249,1.0006696520181,2072,1,0.908222222222222
"a.gam[5]",0.628364108185393,0.510686821266898,-0.360792245836191,0.291862480560567,0.631986035033368,0.95607846427229,1.66662512573191,1.00398809766899,479,1,0.892444444444444
"b.gam.elev",0.351089975423408,0.34389008916576,-0.2847949354363,0.120970840721976,0.334548628826549,0.569878846930542,1.08682150678174,1.00104265710445,2093,1,0.856
"b.gam.water",0.192671770203453,0.296255900264323,-0.372020576989855,-0.00644010290211012,0.189849975700668,0.385517533442992,0.805010266865655,0.999892084861686,4500,1,0.744
"b.gam.road",-0.12930137857561,0.268428100475573,-0.65682697083532,-0.303532105645549,-0.124872752629631,0.0502488244466295,0.389585499304379,1.00049007668119,2826,1,0.681333333333333
"b.gam.harv",0.0776141616802614,0.281037298677236,-0.511536932067872,-0.0966566377904381,0.0846673864921523,0.265810406978456,0.61500705889519,0.999875795390388,4500,1,0.633111111111111
"a.phi[1]",1.02175975614,0.959394846228813,-0.927343729403532,0.370700311627162,1.07055741295192,1.70273310712274,2.77271051731461,1.00453064930026,438,1,0.85
"a.phi[2]",2.63875728490431,0.920350926565512,0.727476107181761,2.01432452809411,2.69117523568627,3.30483813310732,4.29699012823251,1.0071760495687,294,0,0.997111111111111
"a.phi[3]",2.96225692719975,0.913831185755292,1.08561414514269,2.35462038501318,3.01276045456542,3.61355011612795,4.62023444060845,1.00629090045588,312,0,0.998888888888889
"a.phi[4]",1.407277235085,0.877240293712774,-0.429596257674131,0.808125634859582,1.46005662807103,2.07318752856318,2.89391568632477,1.00998430804232,204,1,0.934888888888889
"a.phi[5]",1.43982942815853,0.877975894336062,-0.398556404700295,0.836444738364833,1.50514818507326,2.11792527323254,2.87050687656102,1.00903443472906,224,1,0.936888888888889
"b.phi.elev",-0.208301326463026,0.197729355952464,-0.57757312325472,-0.341285883755685,-0.214606316942281,-0.0802266947736158,0.203563520607796,1.00061243311129,2875,1,0.861777777777778
"b.phi.water",-0.414410944242396,0.212647188807611,-0.842333819209574,-0.552718964762652,-0.406285945998828,-0.265413169919414,-0.0193947106408299,1.00059311267225,4500,0,0.98
"b.phi.road",0.26014753822838,0.175898223251986,-0.0818240844994588,0.142512040762809,0.262416370934799,0.375002897935479,0.611919712757795,1.00175790983838,2990,1,0.924
"b.phi.harv",0.28381400088848,0.15095439925059,-0.0190471748866642,0.182603490891751,0.285728202179242,0.388009564610152,0.577728893076,1.00059280524131,2698,1,0.969111111111111
"a.p",1.51319246378167,0.169986943978197,1.15705467535191,1.42091614656032,1.52050395449773,1.61836524147088,1.81658674694476,1.00879009351605,4320,0,1
"b.p.ak",0.156155341355384,0.196574089641808,-0.211674077000457,0.0222443191124721,0.149629988289915,0.286554038405038,0.55814148420837,1.00018498067897,4500,1,0.786
"b.p.clutter",0.130973232610875,0.0426098341315387,0.0478335919298589,0.102048761243166,0.130772924726101,0.159189961467904,0.215879080082387,1.00074855765503,2683,0,0.999333333333333
"b.p.temp",0.247248923126241,0.0471463710791116,0.15415150351937,0.215328022426353,0.247614405934751,0.278951287292321,0.33800144170913,1.00035235302323,3147,0,1
"b.p.julian",0.212710072923001,0.0469383084095123,0.120752887762412,0.180989981238854,0.212054215643592,0.244232443130396,0.306699695857609,0.999980206969119,4500,0,1
"sigma.gam",0.50760552750929,0.438948103556138,0.0132946013380116,0.192453376505235,0.402396395255279,0.703149659478472,1.60648842362956,1.01509067651371,173,0,1
"sigma.phi",2.00585378598283,1.07000459468863,0.572201825402121,1.19510927361954,1.81399985553282,2.57758460490795,4.56357352227847,1.0069983968474,291,0,1
"sigma.p",0.440250656719639,0.164274951973955,0.237057120362524,0.333766671705691,0.406033747109506,0.506868685799489,0.825678056579736,1.00623295377187,4500,0,1
"eps.gam[1]",-0.171616198348917,0.465163869537589,-1.24046249721938,-0.378756928155129,-0.0786575442260361,0.0593926037851465,0.655864756392624,1.00149867054146,4500,1,0.639111111111111
"eps.gam[2]",0.00934918529585702,0.412386236087002,-0.811430891670861,-0.186537370008576,-0.00160287120707748,0.180990278311695,0.95083704573441,1.00283903059587,2380,1,0.493111111111111
"eps.gam[3]",-0.0414034914096158,0.415593758983571,-0.936601883499458,-0.231062969904842,-0.0168448058377469,0.147123018600534,0.841724092874966,1.00337233994989,1005,1,0.543555555555556
"eps.gam[4]",0.34552995796949,0.503424010569815,-0.339353062822069,0.00268736822976385,0.20103026946832,0.585851623393408,1.58464862563763,1.00940302371413,262,1,0.759555555555556
"eps.gam[5]",-0.0445237332726375,0.461060146437476,-1.04508575566369,-0.252778292631775,-0.0190038299804646,0.15546373370383,0.958499520358915,1.0049695682483,731,1,0.545333333333333
"eps.gam[6]",0.381667610533979,0.609034205394018,-0.362565551099819,0.000126761460402863,0.190276243269623,0.615251394671632,1.98437119616545,1.01294579343686,264,1,0.750888888888889
"eps.gam[7]",0.0256843501573984,0.568948214804936,-1.18459736923872,-0.187052905215484,0.0032216662074051,0.246351777281289,1.27274473800395,1.00093120658527,4500,1,0.511777777777778
"eps.gam[8]",0.013744240896411,0.571813969593788,-1.13751691937117,-0.210088498914215,-0.000881024551060757,0.203923188990542,1.3259745461801,1.0164508581369,4500,1,0.495333333333333
"eps.phi[1]",0.321499970683053,0.870780002963931,-1.10780461044432,-0.330862042333743,0.239215511922013,0.898573978686705,2.22959455360238,1.00849428877643,240,1,0.601777777777778
"eps.phi[2]",0.999785275502738,0.946993499733006,-0.529453944713927,0.290827309727444,0.910069808937967,1.6199768845348,3.03854927872863,1.00723019259559,278,1,0.85
"eps.phi[3]",0.269189850998048,0.849719543884616,-1.1339342196989,-0.369891442861764,0.171326888676785,0.848501436199776,2.09092228298354,1.00996146230469,202,1,0.576
"eps.phi[4]",1.89635000720707,1.09837041656363,0.0974938246430162,1.05786047217549,1.80746561733963,2.60659450946855,4.26929832287266,1.0065365260493,333,0,0.982222222222222
"eps.phi[5]",1.47459396192839,0.957133634445015,-0.119550670493504,0.745142034736209,1.38396020794804,2.13409391274443,3.51106389658322,1.00772046866271,257,1,0.958
"eps.phi[6]",2.61861547738426,1.5434281177866,0.355388858629026,1.48954203534478,2.41101134201923,3.46758635001973,6.03412854653063,1.00561389671399,381,0,0.992444444444444
"eps.phi[7]",1.89797855771988,1.04990621019385,0.112497146828272,1.10922950450258,1.8154194928959,2.62901944548726,4.05430955644079,1.00830766023116,242,0,0.984888888888889
"eps.phi[8]",2.2990887275228,1.23851075602138,0.300976588597855,1.38015405192433,2.19403522917357,3.08612938261801,4.97470088741049,1.00331987639735,608,0,0.994444444444444
"eps.p[1]",0.0614967030961113,0.230177307325095,-0.367715327605144,-0.0868622904635621,0.0512910017508954,0.202039805810861,0.547227045428219,1.00319295872585,2265,1,0.593555555555556
"eps.p[2]",-0.028522470202189,0.212601821521605,-0.425549960909208,-0.161658435171574,-0.0332245999968035,0.0964960466202444,0.417690647644637,1.00373957724547,2767,1,0.576888888888889
"eps.p[3]",-0.45355499662812,0.192795613616058,-0.811344359728861,-0.573950246390806,-0.456293468063987,-0.339051030776641,-0.05933310279487,1.00302764588827,4500,0,0.985111111111111
"eps.p[4]",-0.604394667861524,0.192545018500015,-0.987561142534399,-0.724956839185626,-0.605237419809775,-0.48675612873877,-0.240057373583656,1.00373013745532,4500,0,0.993333333333333
"eps.p[5]",0.151189255784737,0.204784313228838,-0.226910530508159,0.022270651017342,0.145904927279638,0.267551638065329,0.556367463765648,1.0036993183036,2029,1,0.786222222222222
"eps.p[6]",0.237329882104328,0.196622506359964,-0.127136198694413,0.112371999312033,0.22725599755971,0.348788448488168,0.639133988478973,1.00651513063152,4500,1,0.912444444444444
"eps.p[7]",0.172417744640328,0.204228080197228,-0.20814244000505,0.0421800303125865,0.164923717181238,0.291626526306178,0.593223675703941,1.00339887491265,4091,1,0.815777777777778
"eps.p[8]",0.473223040059059,0.209398570790697,0.0975850622445456,0.33659800413027,0.463772117448711,0.596435358448918,0.909624457085711,1.00460912051914,4500,0,0.994
"eps.p[9]",0.182525317112745,0.200552792985938,-0.169025812459117,0.0544066903543319,0.17156140738117,0.295643678435454,0.580823547585515,1.00512664415267,4500,1,0.836
"psi.fs[1]",0.836875555555556,0.0325654241249128,0.765,0.815,0.84,0.86,0.895,1.00198838488977,943,0,1
"psi.fs[2]",0.842525555555556,0.0229446121312316,0.795,0.825,0.845,0.86,0.885,0.999970236805295,4500,0,1
"psi.fs[3]",0.892168888888889,0.0149726107240027,0.86,0.885,0.895,0.9,0.92,1.00148031774316,1356,0,1
"psi.fs[4]",0.857555555555556,0.0177032609460595,0.825,0.845,0.86,0.87,0.89,1.00215545254556,856,0,1
"psi.fs[5]",0.94593,0.0101738931486624,0.925,0.94,0.945,0.955,0.965,0.999758604156741,4500,0,1
"psi.fs[6]",0.937436666666667,0.00977357517631341,0.915,0.93,0.94,0.945,0.955,0.99990075210481,4500,0,1
"psi.fs[7]",0.975065555555556,0.00892419062361024,0.955,0.97,0.975,0.98,0.99,1.00033426874319,3359,0,1
"psi.fs[8]",0.96483,0.00913453020919513,0.945,0.96,0.965,0.97,0.98,1.00001788268299,4500,0,1
"psi.fs[9]",0.96936,0.0101122484319029,0.945,0.965,0.97,0.975,0.985,0.999963651217735,4500,0,1
"psi.surv[1]",0.839498207885305,0.00351147173251825,0.838709677419355,0.838709677419355,0.838709677419355,0.838709677419355,0.854838709677419,1.00022999061118,4500,0,1
"psi.surv[2]",0.831620545073375,0.0102019724828826,0.820754716981132,0.820754716981132,0.830188679245283,0.839622641509434,0.858490566037736,0.999940443962812,4500,0,1
"psi.surv[3]",0.886394011032309,0.00968132445338608,0.872340425531915,0.879432624113475,0.886524822695035,0.893617021276596,0.907801418439716,1.00121786705117,3141,0,1
"psi.surv[4]",0.847007407407407,0.0136417773909769,0.826666666666667,0.84,0.846666666666667,0.853333333333333,0.873333333333333,1.00150094272645,1220,0,1
"psi.surv[5]",0.941982026143791,0.0052812855117813,0.933823529411765,0.941176470588235,0.941176470588235,0.941176470588235,0.955882352941177,1.000299676992,3992,0,1
"psi.surv[6]",0.943376121463078,0.00550254936645416,0.937888198757764,0.937888198757764,0.944099378881988,0.944099378881988,0.956521739130435,1.00000239752609,4500,0,1
"psi.surv[7]",0.972003584229391,0.00686625027222057,0.959677419354839,0.967741935483871,0.975806451612903,0.975806451612903,0.983870967741935,1.00013906586553,4471,0,1
"psi.surv[8]",0.966595744680851,0.00364221780083277,0.964539007092199,0.964539007092199,0.964539007092199,0.971631205673759,0.978723404255319,0.999823807338695,4500,0,1
"psi.surv[9]",0.97617230273752,0.00468324221575783,0.971014492753623,0.971014492753623,0.978260869565217,0.978260869565217,0.985507246376812,0.999997697512221,4500,0,1
"n.occ[1]",167.375111111111,6.51308482498257,153,163,168,172,179,1.00198838488977,943,0,1
"n.occ[2]",168.505111111111,4.58892242624631,159,165,169,172,177,0.999970236805296,4500,0,1
"n.occ[3]",178.433777777778,2.99452214480053,172,177,179,180,184,1.00148031774316,1356,0,1
"n.occ[4]",171.511111111111,3.54065218921189,165,169,172,174,178,1.00215545254556,856,0,1
"n.occ[5]",189.186,2.03477862973248,185,188,189,191,193,0.999758604156746,4500,0,1
"n.occ[6]",187.487333333333,1.95471503526269,183,186,188,189,191,0.999900752104809,4500,0,1
"n.occ[7]",195.013111111111,1.78483812472205,191,194,195,196,198,1.00033426874319,3359,0,1
"n.occ[8]",192.966,1.82690604183903,189,192,193,194,196,1.00001788268298,4500,0,1
"n.occ[9]",193.872,2.02244968638057,189,193,194,195,197,0.999963651217736,4500,0,1
"psi.reg[1,1]",0.694755555555556,0.220190850781373,0.2,0.533333333333333,0.733333333333333,0.866666666666667,1,1.00241814405813,876,0,1
"psi.reg[2,1]",0.748837606837607,0.0646764786182045,0.615384615384615,0.717948717948718,0.743589743589744,0.794871794871795,0.846153846153846,1.00011382317917,4500,0,1
"psi.reg[3,1]",0.961996296296296,0.0378029200620542,0.866666666666667,0.95,0.966666666666667,0.983333333333333,1,1.00175238366152,2420,0,1
"psi.reg[4,1]",0.837434343434343,0.0736785342456172,0.666666666666667,0.787878787878788,0.848484848484849,0.878787878787879,0.939393939393939,0.999731834860631,4500,0,1
"psi.reg[5,1]",0.79988679245283,0.0720432042411886,0.641509433962264,0.754716981132076,0.811320754716981,0.849056603773585,0.905660377358491,0.999784805645462,4500,0,1
"psi.reg[1,2]",0.774562962962963,0.12109446769182,0.533333333333333,0.666666666666667,0.8,0.866666666666667,1,1.00033224604278,4500,0,1
"psi.reg[2,2]",0.842524216524216,0.0538654724211691,0.717948717948718,0.82051282051282,0.846153846153846,0.871794871794872,0.923076923076923,1.00036275256739,4500,0,1
"psi.reg[3,2]",0.93567037037037,0.0296623876063344,0.866666666666667,0.916666666666667,0.933333333333333,0.95,0.983333333333333,0.999838926422186,4500,0,1
"psi.reg[4,2]",0.832855218855219,0.0433989305330982,0.757575757575758,0.818181818181818,0.848484848484849,0.848484848484849,0.909090909090909,1.00015326158566,4500,0,1
"psi.reg[5,2]",0.762335429769392,0.0291592352307547,0.69811320754717,0.735849056603774,0.754716981132076,0.773584905660377,0.811320754716981,1.00022828633438,4500,0,1
"psi.reg[1,3]",0.849777777777778,0.0478651964318892,0.733333333333333,0.8,0.866666666666667,0.866666666666667,0.933333333333333,1.00004651195903,4500,0,1
"psi.reg[2,3]",0.863122507122507,0.0310920768171996,0.794871794871795,0.846153846153846,0.871794871794872,0.871794871794872,0.923076923076923,1.00006322533837,4500,0,1
"psi.reg[3,3]",0.957177777777778,0.0256661129060827,0.9,0.933333333333333,0.966666666666667,0.983333333333333,1,1.00183525860028,1139,0,1
"psi.reg[4,3]",0.912457912457912,0.0288519611650825,0.848484848484849,0.909090909090909,0.909090909090909,0.939393939393939,0.96969696969697,1.00080022525443,1816,0,1
"psi.reg[5,3]",0.839312368972746,0.0257011000495383,0.792452830188679,0.830188679245283,0.849056603773585,0.849056603773585,0.886792452830189,1.0001655920316,4197,0,1
"psi.reg[1,4]",0.820948148148148,0.05669422406762,0.733333333333333,0.8,0.8,0.866666666666667,0.933333333333333,1.00016086040161,4500,0,1
"psi.reg[2,4]",0.914974358974359,0.0278738109596762,0.846153846153846,0.897435897435897,0.923076923076923,0.923076923076923,0.948717948717949,1.00018209700898,4500,0,1
"psi.reg[3,4]",0.9315,0.0308980670676493,0.866666666666667,0.916666666666667,0.933333333333333,0.95,0.983333333333333,1.00126109034142,1325,0,1
"psi.reg[4,4]",0.699434343434343,0.0390319841088401,0.636363636363636,0.666666666666667,0.696969696969697,0.727272727272727,0.787878787878788,0.99977380642478,4500,0,1
"psi.reg[5,4]",0.840406708595388,0.0306230068050462,0.773584905660377,0.811320754716981,0.849056603773585,0.867924528301887,0.905660377358491,1.00149220773615,1308,0,1
"psi.reg[1,5]",0.897762962962963,0.0458920577795141,0.8,0.866666666666667,0.933333333333333,0.933333333333333,0.933333333333333,0.999906966041099,4500,0,1
"psi.reg[2,5]",0.971618233618234,0.0144031776786718,0.948717948717949,0.974358974358974,0.974358974358974,0.974358974358974,1,1.00088995961181,3226,0,1
"psi.reg[3,5]",0.965144444444444,0.020259031733959,0.916666666666667,0.95,0.966666666666667,0.983333333333333,1,1.000120950674,4500,0,1
"psi.reg[4,5]",0.929373737373737,0.0180936386762511,0.878787878787879,0.909090909090909,0.939393939393939,0.939393939393939,0.939393939393939,1.00022623137686,4086,0,1
"psi.reg[5,5]",0.929215932914046,0.0173864696619982,0.886792452830189,0.924528301886792,0.924528301886792,0.943396226415094,0.962264150943396,0.999750062187114,4500,0,1
"psi.reg[1,6]",0.852148148148148,0.0382958948549983,0.765000000000001,0.866666666666667,0.866666666666667,0.866666666666667,0.933333333333333,1.00053824245711,3067,0,1
"psi.reg[2,6]",0.968438746438746,0.0189105354820227,0.923076923076923,0.948717948717949,0.974358974358974,0.974358974358974,1,1.00044625802594,2909,0,1
"psi.reg[3,6]",0.976737037037037,0.0147005033823627,0.95,0.966666666666667,0.983333333333333,0.983333333333333,1,1.00019316903255,4500,0,1
"psi.reg[4,6]",0.918686868686869,0.0253953629887054,0.848484848484849,0.909090909090909,0.909090909090909,0.939393939393939,0.939393939393939,1.00099497905937,4500,0,1
"psi.reg[5,6]",0.905945492662474,0.0181583527290766,0.867924528301887,0.886792452830189,0.905660377358491,0.924528301886792,0.943396226415094,1.00044708849874,3194,0,1
"psi.reg[1,7]",0.968325925925926,0.0439601082345756,0.866666666666667,0.933333333333333,1,1,1,1.00149762024717,1136,0,1
"psi.reg[2,7]",0.996638176638177,0.00979585918462752,0.974358974358974,1,1,1,1,1.00936891016507,2618,0,1
"psi.reg[3,7]",0.993348148148148,0.0112646427512607,0.966666666666667,0.983333333333333,1,1,1,1.00340135122479,2244,0,1
"psi.reg[4,7]",0.940915824915825,0.0162430844200518,0.909090909090909,0.939393939393939,0.939393939393939,0.939393939393939,0.96969696969697,1.00083421455003,4500,0,1
"psi.reg[5,7]",0.961664570230608,0.0186219392289935,0.924528301886792,0.943396226415094,0.962264150943396,0.981132075471698,0.981132075471698,0.999930596715939,4500,0,1
"psi.reg[1,8]",0.99002962962963,0.0248747644592641,0.933333333333333,1,1,1,1,1.00046204805617,4500,0,1
"psi.reg[2,8]",0.973219373219373,0.0164561457964714,0.948717948717949,0.974358974358974,0.974358974358974,0.974358974358974,1,1.00092740039559,3518,0,1
"psi.reg[3,8]",0.980288888888889,0.0086997959079787,0.95,0.983333333333333,0.983333333333333,0.983333333333333,1,1.00108763210789,2826,0,1
"psi.reg[4,8]",0.951441077441077,0.024941316880612,0.909090909090909,0.939393939393939,0.96969696969697,0.96969696969697,1,1.0000358291646,4500,0,1
"psi.reg[5,8]",0.942360587002096,0.02015442824905,0.886792452830189,0.924528301886792,0.943396226415094,0.962264150943396,0.962264150943396,1.00003944846539,4500,0,1
"psi.reg[1,9]",0.922059259259259,0.0387284808698996,0.8,0.933333333333333,0.933333333333333,0.933333333333333,1,1.00024156813807,4500,0,1
"psi.reg[2,9]",0.995515669515669,0.0109424714826022,0.974358974358974,1,1,1,1,1.00050308662387,4500,0,1
"psi.reg[3,9]",0.979774074074074,0.00877725193803582,0.95,0.983333333333333,0.983333333333333,0.983333333333333,0.983333333333333,1.00008983641353,4500,0,1
"psi.reg[4,9]",0.950094276094276,0.0233789909980555,0.909090909090909,0.939393939393939,0.939393939393939,0.96969696969697,1,0.999880646928373,4500,0,1
"psi.reg[5,9]",0.963706498951782,0.0254503716304544,0.905660377358491,0.943396226415094,0.962264150943396,0.981132075471698,1,1.00006949446553,4500,0,1
"n.occ.reg[1,1]",10.4213333333333,3.3028627617206,3,8,11,13,15,1.00241814405813,876,0,1
"n.occ.reg[2,1]",29.2046666666667,2.52238266610998,24,28,29,31,33,1.00011382317917,4500,0,1
"n.occ.reg[3,1]",57.7197777777778,2.26817520372325,52,57,58,59,60,1.00175238366152,2420,0,1
"n.occ.reg[4,1]",27.6353333333333,2.43139163010537,22,26,28,29,31,0.999731834860631,4500,0,1
"n.occ.reg[5,1]",42.394,3.81828982478299,34,40,43,45,48,0.999784805645462,4500,0,1
"n.occ.reg[1,2]",11.6184444444444,1.8164170153773,8,10,12,13,15,1.00033224604278,4500,0,1
"n.occ.reg[2,2]",32.8584444444444,2.10075342442559,28,32,33,34,36,1.00036275256739,4500,0,1
"n.occ.reg[3,2]",56.1402222222222,1.77974325638006,52,55,56,57,59,0.999838926422186,4500,0,1
"n.occ.reg[4,2]",27.4842222222222,1.43216470759224,25,27,28,28,30,1.00015326158566,4500,0,1
"n.occ.reg[5,2]",40.4037777777778,1.54543946723,37,39,40,41,43,1.00022828633438,4500,0,1
"n.occ.reg[1,3]",12.7466666666667,0.717977946478338,11,12,13,13,14,1.00004651195903,4500,0,1
"n.occ.reg[2,3]",33.6617777777778,1.21259099587078,31,33,34,34,36,1.00006322533837,4500,0,1
"n.occ.reg[3,3]",57.4306666666667,1.53996677436496,54,56,58,59,60,1.00183525860028,1139,0,1
"n.occ.reg[4,3]",30.1111111111111,0.952114718447722,28,30,30,31,32,1.00080022525443,1816,0,1
"n.occ.reg[5,3]",44.4835555555556,1.36215830262553,42,44,45,45,47,1.0001655920316,4197,0,1
"n.occ.reg[1,4]",12.3142222222222,0.8504133610143,11,12,12,13,14,1.00016086040161,4500,0,1
"n.occ.reg[2,4]",35.684,1.08707862742737,33,35,36,36,37,1.00018209700898,4500,0,1
"n.occ.reg[3,4]",55.89,1.85388402405896,52,55,56,57,59,1.00126109034142,1325,0,1
"n.occ.reg[4,4]",23.0813333333333,1.28805547559172,21,22,23,24,26,0.99977380642478,4500,0,1
"n.occ.reg[5,4]",44.5415555555556,1.62301936066745,41,43,45,46,48,1.00149220773615,1308,0,1
"n.occ.reg[1,5]",13.4664444444444,0.688380866692712,12,13,14,14,14,0.999906966041099,4500,0,1
"n.occ.reg[2,5]",37.8931111111111,0.5617239294682,37,38,38,38,39,1.0008899596118,3226,0,1
"n.occ.reg[3,5]",57.9086666666667,1.21554190403754,55,57,58,59,60,1.000120950674,4500,0,1
"n.occ.reg[4,5]",30.6693333333333,0.597090076316284,29,30,31,31,31,1.00022623137686,4086,0,1
"n.occ.reg[5,5]",49.2484444444444,0.921482892085905,47,49,49,50,51,0.999750062187114,4500,0,1
"n.occ.reg[1,6]",12.7822222222222,0.574438422824974,11.475,13,13,13,14,1.00053824245711,3067,0,1
"n.occ.reg[2,6]",37.7691111111111,0.737510883798887,36,37,38,38,39,1.00044625802593,2909,0,1
"n.occ.reg[3,6]",58.6042222222222,0.882030202941761,57,58,59,59,60,1.00019316903254,4500,0,1
"n.occ.reg[4,6]",30.3166666666667,0.838046978627277,28,30,30,31,31,1.00099497905937,4500,0,1
"n.occ.reg[5,6]",48.0151111111111,0.962392694641058,46,47,48,49,50,1.00044708849874,3194,0,1
"n.occ.reg[1,7]",14.5248888888889,0.659401623518634,13,14,15,15,15,1.00149762024717,1136,0,1
"n.occ.reg[2,7]",38.8688888888889,0.382038508200473,38,39,39,39,39,1.00936891016508,2618,0,1
"n.occ.reg[3,7]",59.6008888888889,0.675878565075639,58,59,60,60,60,1.00340135122479,2244,0,1
"n.occ.reg[4,7]",31.0502222222222,0.53602178586171,30,31,31,31,32,1.00083421455003,4500,0,1
"n.occ.reg[5,7]",50.9682222222222,0.986962779136656,49,50,51,52,52,0.999930596715938,4500,0,1
"n.occ.reg[1,8]",14.8504444444444,0.373121466888961,14,15,15,15,15,1.00046204805617,4500,0,1
"n.occ.reg[2,8]",37.9555555555556,0.641789686062385,37,38,38,38,39,1.00092740039559,3518,0,1
"n.occ.reg[3,8]",58.8173333333333,0.521987754478722,57,59,59,59,60,1.00108763210789,2826,0,1
"n.occ.reg[4,8]",31.3975555555556,0.823063457060195,30,31,32,32,33,1.0000358291646,4500,0,1
"n.occ.reg[5,8]",49.9451111111111,1.06818469719965,47,49,50,51,51,1.00003944846539,4500,0,1
"n.occ.reg[1,9]",13.8308888888889,0.580927213048494,12,14,14,14,15,1.00024156813807,4500,0,1
"n.occ.reg[2,9]",38.8251111111111,0.426756387821486,38,39,39,39,39,1.00050308662386,4500,0,1
"n.occ.reg[3,9]",58.7864444444444,0.52663511628215,57,59,59,59,59,1.00008983641353,4500,0,1
"n.occ.reg[4,9]",31.3531111111111,0.77150670293583,30,31,31,32,33,0.999880646928374,4500,0,1
"n.occ.reg[5,9]",51.0764444444444,1.34886969641408,48,50,51,52,53,1.00006949446553,4500,0,1
"psi.reg.init[1]",0.662216544112369,0.23290208930377,0.149619600220911,0.501272321104455,0.706729150281793,0.858901028472405,0.974238086928345,1.00313581717694,839,0,1
"psi.reg.init[2]",0.762069341302115,0.110654064895573,0.508629439920019,0.697485974206988,0.778645954937316,0.844126818101704,0.929584530611685,0.999926898388172,4500,0,1
"psi.reg.init[3]",0.950456986653859,0.0408991665112088,0.843622709977999,0.933602745266156,0.961692540540668,0.979683276186087,0.994610693387341,1.00077956963034,4500,0,1
"psi.reg.init[4]",0.843629913505176,0.0868629280576765,0.639180299807856,0.795312221318663,0.859345396110665,0.9086482061822,0.964706301766487,1.00035530426238,4500,0,1
"psi.reg.init[5]",0.826254238238645,0.105023048330846,0.566753056695333,0.768262876915121,0.84759100932488,0.906077610282656,0.969162889626825,0.999699092120955,4500,0,1
"gamma.reg[1,1]",0.657739194514326,0.184918360914289,0.245305248425566,0.533272882659821,0.686767041881933,0.803679443120249,0.931467087187092,1.00115278765223,1473,0,1
"gamma.reg[2,1]",0.558649467301107,0.169087917093416,0.21155812940624,0.443577255791352,0.567553290174599,0.684971548912035,0.854207850471553,1.00230054676943,825,0,1
"gamma.reg[3,1]",0.600669233728295,0.197231364835826,0.180783101447163,0.466578986794247,0.621533617182928,0.754832500965371,0.914430060133847,1.00067493036443,2492,0,1
"gamma.reg[4,1]",0.626333458380689,0.152019118414083,0.269054338358932,0.535195247287018,0.648271831594936,0.737107690162689,0.866332302017182,1.00062868309984,2290,0,1
"gamma.reg[5,1]",0.60400716240342,0.140489153771066,0.29838901264556,0.515760656425751,0.619108789743785,0.70475568527225,0.837391715791367,1.00376702254214,638,0,1
"gamma.reg[1,2]",0.693778189536527,0.167040479553861,0.317136649167472,0.588149692635683,0.718435788802145,0.82609685291873,0.940229717126591,1.00030907767456,3489,0,1
"gamma.reg[2,2]",0.596955691055916,0.162361400271025,0.264742041097454,0.486239318388292,0.606984190097425,0.71664576227048,0.8817089566905,1.00156338042317,1256,0,1
"gamma.reg[3,2]",0.637285638061849,0.180016928087708,0.245172704263142,0.516863088904228,0.657844712361498,0.775234959915665,0.92609600335584,1.00021478082645,4500,0,1
"gamma.reg[4,2]",0.665860802718961,0.126596159796866,0.38671343147112,0.589447765089502,0.677601867281117,0.757122983695325,0.875054517756112,0.999978264915428,4500,0,1
"gamma.reg[5,2]",0.644453000536284,0.11869285339473,0.398501030867039,0.567046200460619,0.652270248655179,0.72851590368749,0.858035901950594,1.00250605549435,1047,0,1
"gamma.reg[1,3]",0.68450195469493,0.167746906723271,0.309655414689861,0.574747113085496,0.711123623432536,0.815489996233298,0.938521507967238,0.999931263029374,4500,0,1
"gamma.reg[2,3]",0.586675498973969,0.163377998529476,0.251956784676593,0.475123504736109,0.595924987068109,0.711343999448414,0.872350641788082,1.00215730027399,835,0,1
"gamma.reg[3,3]",0.626642971646212,0.188518010720442,0.212828722309511,0.499112563249676,0.649070340890392,0.771640750973856,0.927262458039979,1.00085882652218,2810,0,1
"gamma.reg[4,3]",0.653855915778727,0.138008077912697,0.34425880155506,0.568357496338614,0.671749877783487,0.754906813013711,0.877861323371005,1.00031506672682,3238,0,1
"gamma.reg[5,3]",0.633390134504465,0.123585083211584,0.369465132065079,0.552560305722925,0.643759545470888,0.723708797813116,0.847124295908195,1.00050995037387,2781,0,1
"gamma.reg[1,4]",0.75146840713752,0.148610334468196,0.407030769364964,0.661334327184134,0.776786281968065,0.86625238282632,0.960422129967038,0.999864999061826,4500,0,1
"gamma.reg[2,4]",0.664415643750061,0.156765671662844,0.331341898967422,0.556908434099097,0.678158790753464,0.786237754196568,0.921094987673016,1.00296874172327,645,0,1
"gamma.reg[3,4]",0.699159747149024,0.168887694278763,0.319249593651808,0.594154201870483,0.724247577076356,0.828241276413038,0.953651984505763,1.00212875600519,1126,0,1
"gamma.reg[4,4]",0.731574313799775,0.109581288046728,0.492586269414412,0.660263664779743,0.74271420218244,0.81422825974679,0.910596714973282,1.00364126722234,701,0,1
"gamma.reg[5,4]",0.709744325835886,0.116830521643517,0.465236006555315,0.634178756101948,0.717517203898546,0.794937739346557,0.912049919654045,1.00014301162631,4500,0,1
"gamma.reg[1,5]",0.682659476153759,0.174248965862309,0.287160573824565,0.568425359024594,0.709515817943308,0.819517787203144,0.940476288924156,0.999732520748385,4500,0,1
"gamma.reg[2,5]",0.585147834626524,0.170411792639264,0.229345789176073,0.469923445538435,0.594921473403228,0.710755367355249,0.879452550249711,1.00143921749666,1400,0,1
"gamma.reg[3,5]",0.625675771307507,0.18876170347122,0.212739386688272,0.497515384945348,0.650545102048167,0.770309354587871,0.92763666286552,1.00060782557183,4500,0,1
"gamma.reg[4,5]",0.652969103487708,0.140553572034088,0.3281472434322,0.567395614860194,0.66913763137138,0.755500627128516,0.877365641186367,0.999999252486027,4500,0,1
"gamma.reg[5,5]",0.631167183253024,0.136673396070618,0.32497065523039,0.544979683813193,0.643984279950851,0.728757395497565,0.862629404762198,1.00024499163912,4500,0,1
"gamma.reg[1,6]",0.754811783759873,0.15044507541498,0.403455861133591,0.664197253779981,0.780809652248447,0.872868597331848,0.968262110224145,1.00012484387715,4500,0,1
"gamma.reg[2,6]",0.667908204844622,0.162699960668659,0.331458457227364,0.560725728506359,0.681809271245554,0.794630146666657,0.935696326239312,1.00283355204577,638,0,1
"gamma.reg[3,6]",0.702876335504215,0.172511013918543,0.316063681989953,0.593408433364624,0.728903434503078,0.836515562063326,0.960457615477658,1.00127845454783,1299,0,1
"gamma.reg[4,6]",0.732458095861149,0.121868176132119,0.465772173215378,0.656946780935234,0.742807918488669,0.821649718193913,0.941670963948508,1.00230076132067,780,0,1
"gamma.reg[5,6]",0.71198956157749,0.123299906610475,0.467412972863333,0.628892067201966,0.714268451381378,0.801251139029294,0.935686101426962,1.00084027545113,2224,0,1
"gamma.reg[1,7]",0.693342279720584,0.181656166633155,0.268236765694379,0.580588393816414,0.723964253144096,0.834128991604579,0.952879054857169,1.00080218093242,2052,0,1
"gamma.reg[2,7]",0.598682630083958,0.182435652776457,0.206523794564992,0.480422098504025,0.61238853486368,0.73745652522536,0.902068826279403,1.00156097962595,1158,0,1
"gamma.reg[3,7]",0.637164434668133,0.198050558208179,0.206476086554313,0.506455310322502,0.662646599672222,0.79368669057822,0.940003645602879,1.00055833159953,2859,0,1
"gamma.reg[4,7]",0.665923708206691,0.151392669425078,0.30141542642199,0.585248435675548,0.687920800793094,0.7730869793858,0.901869885523423,1.00166563505409,2491,0,1
"gamma.reg[5,7]",0.644331433493296,0.146959680905389,0.303318248203784,0.560093418989362,0.658596674499252,0.745578669079779,0.889490429107347,1.0031399207902,824,0,1
"gamma.reg[1,8]",0.69068228280933,0.179211100520312,0.287177062022048,0.579192633293129,0.718574521385521,0.82953644877947,0.949867937335044,1.00280977926419,1131,0,1
"gamma.reg[2,8]",0.595410585984341,0.177925357723296,0.225836304327024,0.473895648519757,0.606724209154471,0.728334189947275,0.899579637527721,1.00192046867383,1059,0,1
"gamma.reg[3,8]",0.634705958092237,0.195520902589364,0.204929255504192,0.505175143373067,0.658588944749601,0.786603652442435,0.941153410201553,1.00100212842708,2088,0,1
"gamma.reg[4,8]",0.661925548715979,0.150557808709205,0.315214494321987,0.575225202573603,0.67851656559914,0.767760997214343,0.903087575655369,1.00271849734989,2046,0,1
"gamma.reg[5,8]",0.640135134013708,0.147651911489075,0.308982801176455,0.551268105247582,0.654037725651913,0.741907550201162,0.897201792081381,1.00489857826248,626,0,1
"phi.reg[1,1]",0.770863303569626,0.115645643857319,0.500648786124985,0.699317959968051,0.788860361601336,0.85695724206726,0.944691507943275,1.0037163516264,772,0,1
"phi.reg[2,1]",0.9425206440478,0.0332059034104355,0.858058690191329,0.925855145729779,0.950108593367406,0.96628530876845,0.985782276886488,1.00112717129793,4500,0,1
"phi.reg[3,1]",0.958108161950605,0.0230474706770018,0.901148598327965,0.945921680897977,0.962710791028111,0.974625634991294,0.989890658343287,1.00001292272469,4500,0,1
"phi.reg[4,1]",0.838783379491719,0.0638159116468341,0.696011637648686,0.799182034050495,0.845990645145872,0.886284366199596,0.939796487409331,1.00043370926333,2897,0,1
"phi.reg[5,1]",0.842825960972769,0.0619868771133051,0.704252990159305,0.804801093078075,0.84824704163317,0.887766631746175,0.946002005981659,1.00048146579011,4500,0,1
"phi.reg[1,2]",0.862494945541211,0.0816449447278763,0.658646011245679,0.817500034389389,0.878149683249343,0.923581590763863,0.97421975234284,1.00087843609687,2385,0,1
"phi.reg[2,2]",0.968861300187498,0.0196847448556023,0.919240774402606,0.959556970409299,0.973361337938401,0.98297450082238,0.994148828209244,1.00048159412872,4500,0,1
"phi.reg[3,2]",0.977364824368142,0.0140962996062498,0.941523463511815,0.970600299780811,0.980267678957704,0.987377123175913,0.995660875545327,1.00050691360161,3200,0,1
"phi.reg[4,2]",0.908640319442177,0.0418655493557864,0.810977919956442,0.885284868623473,0.915283646214198,0.939501609113257,0.971927445702517,1.00023380483081,4500,0,1
"phi.reg[5,2]",0.911684662368286,0.0396314829914489,0.818048885705432,0.889191736640076,0.916990501713755,0.940050104143814,0.972100146351023,0.999852638850595,4500,0,1
"phi.reg[1,3]",0.765632293509702,0.107189452590871,0.5330197717021,0.698524589037202,0.778808079896498,0.847400420050091,0.936095857777789,1.0020929725568,1032,0,1
"phi.reg[2,3]",0.941475831789093,0.029926541508791,0.867329918795495,0.925826727651288,0.946849595727055,0.963262622385237,0.982766347068106,1.00026997130685,4500,0,1
"phi.reg[3,3]",0.956694058409367,0.0224940566356525,0.903502065023695,0.944752485961757,0.960413477969254,0.97299857999373,0.988113605177858,1.000922251068,1851,0,1
"phi.reg[4,3]",0.834596412501137,0.056012357431328,0.712679936317346,0.798875179138402,0.839280977505864,0.876575976631619,0.927527541435619,0.999876440587144,4500,0,1
"phi.reg[5,3]",0.838471065736888,0.0565947613296019,0.71119844408058,0.804405015478336,0.84379136026615,0.879559818996,0.931581884379768,0.999931650796112,4500,0,1
"phi.reg[1,4]",0.934155228968929,0.0474975786304824,0.814416971537788,0.912265876760882,0.94558779389377,0.968760405634335,0.991344810839584,1.00319910370457,1132,0,1
"phi.reg[2,4]",0.986284704150802,0.00983310439763672,0.961005436354619,0.981796394844484,0.988738270298348,0.99325208930065,0.998092248216505,1.0006531646787,4500,0,1
"phi.reg[3,4]",0.989962633914603,0.00738760823276482,0.971631733482269,0.986691689975886,0.991787665444835,0.995283266506295,0.99854293444221,1.00006551380568,4500,0,1
"phi.reg[4,4]",0.957580942215228,0.0249272529219608,0.895306346281324,0.944451710415035,0.962051616329395,0.975888049001592,0.992135145261694,1.0002821285326,4500,0,1
"phi.reg[5,4]",0.959002184688427,0.0239093524198838,0.900504086721295,0.946260429934921,0.963561656043667,0.976607894071484,0.992376281380931,1.00005641933502,4500,0,1
"phi.reg[1,5]",0.908981087761961,0.0565265918283485,0.767446542994955,0.879824733245578,0.921429994466611,0.950741948332322,0.982884368846926,1.00094700023912,1715,0,1
"phi.reg[2,5]",0.980702547624873,0.0120331588739228,0.950674355202063,0.975181717353848,0.983272884741413,0.989276408483289,0.995738303498725,1.00034239936083,4500,0,1
"phi.reg[3,5]",0.98600775094732,0.00860047387476206,0.964142622057553,0.98204620458825,0.987986524592612,0.992079241378109,0.996895811045554,1.001738988034,1855,0,1
"phi.reg[4,5]",0.941056272651299,0.0277850834473323,0.876894818057047,0.925293593385278,0.94564209609224,0.961399274823619,0.981075359518693,0.999839033015506,4500,0,1
"phi.reg[5,5]",0.942964234305744,0.0264588799788595,0.880788290413445,0.928377208044839,0.947321373954943,0.962447537319955,0.98179231272414,0.999863091519837,4500,0,1
"phi.reg[1,6]",0.958436922838035,0.0394251213844619,0.84787687913926,0.944003536325506,0.97033898177379,0.985950710070259,0.998465235021919,1.00611834861285,596,0,1
"phi.reg[2,6]",0.991861858865183,0.00743042629250207,0.972166954180528,0.989059411743263,0.993854351705287,0.997012574194326,0.999602586034841,1.00217637327273,1251,0,1
"phi.reg[3,6]",0.994071404948009,0.0054117986988945,0.979363052894837,0.992036032524035,0.995543853455419,0.997857875923785,0.99974325896694,1.00114457607991,1784,0,1
"phi.reg[4,6]",0.974545796262615,0.020182581282543,0.926464916426856,0.965092528897839,0.979052810376704,0.989173644178439,0.998455482605493,1.00206617293362,2267,0,1
"phi.reg[5,6]",0.975085365883602,0.0198218875060553,0.925724531487493,0.965720518690745,0.980001509118262,0.989710980652276,0.99855962554486,1.00151961717825,1718,0,1
"phi.reg[1,7]",0.935290902665199,0.0457378277590611,0.816685847882175,0.915681868640096,0.945531420177676,0.968183389530204,0.990376057400203,1.00181007525828,1060,0,1
"phi.reg[2,7]",0.986624218219594,0.00930099241052594,0.962538085996838,0.982383985846492,0.988806723107414,0.993273824008879,0.997703639654011,1.00482038990368,1389,0,1
"phi.reg[3,7]",0.990406181663433,0.00644375113169925,0.974152766825678,0.987462966909928,0.991900665693502,0.995062405781414,0.998308607161002,1.00212580305089,1539,0,1
"phi.reg[4,7]",0.958882713455815,0.0225668713956121,0.904339897733305,0.946880010568524,0.963112066215532,0.975208446976126,0.990469019236507,1.00103971562586,4500,0,1
"phi.reg[5,7]",0.959947008990798,0.0225907385377409,0.903691483535062,0.948225355750308,0.964302131365729,0.97626803645847,0.990646794101226,1.00021090492875,4500,0,1
"phi.reg[1,8]",0.951408441056919,0.0392221002093305,0.847013387022138,0.935073594364104,0.961794277446261,0.97976159537228,0.995653238642003,1.00022792029273,4500,0,1
"phi.reg[2,8]",0.990202719207155,0.00794584069145102,0.969244051644981,0.987102723389435,0.992320130494274,0.995764986604286,0.99895488974531,1.00019199207639,4500,0,1
"phi.reg[3,8]",0.992988729009474,0.00550079279363944,0.978544254223193,0.990678044102131,0.994370184514678,0.996877046342605,0.999222254949773,1.00028159012313,4184,0,1
"phi.reg[4,8]",0.96944702128941,0.0204825264343283,0.91802804906705,0.95891535326419,0.974023435408925,0.984580978344872,0.996038693265448,1.0004705492068,4500,0,1
"phi.reg[5,8]",0.970397804363144,0.02008072439439,0.918436641162807,0.960805471172759,0.974909680463034,0.984882452169446,0.996105289704633,1.00011988840109,4500,0,1
"ext.reg[1,1]",0.229136696430374,0.115645643857319,0.0553084920567251,0.14304275793274,0.211139638398664,0.300682040031949,0.499351213875015,1.0037163516264,772,0,1
"ext.reg[2,1]",0.0574793559521999,0.0332059034104355,0.014217723113512,0.0337146912315503,0.0498914066325938,0.0741448542702208,0.141941309808671,1.00112717129793,4500,0,1
"ext.reg[3,1]",0.0418918380493948,0.0230474706770018,0.0101093416567126,0.0253743650087064,0.0372892089718891,0.0540783191020232,0.0988514016720353,1.00001292272469,4500,0,1
"ext.reg[4,1]",0.161216620508281,0.0638159116468341,0.0602035125906688,0.113715633800404,0.154009354854128,0.200817965949505,0.303988362351314,1.00043370926333,2897,0,1
"ext.reg[5,1]",0.157174039027231,0.0619868771133051,0.053997994018341,0.112233368253825,0.15175295836683,0.195198906921925,0.295747009840694,1.00048146579011,4500,0,1
"ext.reg[1,2]",0.137505054458789,0.0816449447278763,0.02578024765716,0.0764184092361374,0.121850316750658,0.182499965610611,0.341353988754321,1.00087843609687,2385,0,1
"ext.reg[2,2]",0.0311386998125021,0.0196847448556023,0.00585117179075618,0.0170254991776203,0.0266386620615989,0.0404430295907013,0.0807592255973937,1.00048159412872,4500,0,1
"ext.reg[3,2]",0.0226351756318581,0.0140962996062498,0.0043391244546733,0.0126228768240875,0.0197323210422958,0.0293997002191894,0.0584765364881846,1.00050691360161,3200,0,1
"ext.reg[4,2]",0.0913596805578227,0.0418655493557864,0.0280725542974835,0.0604983908867434,0.0847163537858022,0.114715131376527,0.189022080043558,1.00023380483081,4500,0,1
"ext.reg[5,2]",0.0883153376317143,0.0396314829914489,0.027899853648977,0.0599498958561858,0.0830094982862453,0.110808263359924,0.181951114294568,0.999852638850595,4500,0,1
"ext.reg[1,3]",0.234367706490298,0.107189452590871,0.0639041422222106,0.152599579949909,0.221191920103502,0.301475410962798,0.4669802282979,1.0020929725568,1032,0,1
"ext.reg[2,3]",0.0585241682109073,0.029926541508791,0.0172336529318938,0.0367373776147633,0.0531504042729452,0.0741732723487115,0.132670081204505,1.00026997130685,4500,0,1
"ext.reg[3,3]",0.0433059415906331,0.0224940566356525,0.0118863948221416,0.0270014200062703,0.039586522030746,0.0552475140382432,0.0964979349763048,1.000922251068,1851,0,1
"ext.reg[4,3]",0.165403587498863,0.056012357431328,0.0724724585643805,0.123424023368381,0.160719022494136,0.201124820861598,0.287320063682654,0.999876440587144,4500,0,1
"ext.reg[5,3]",0.161528934263112,0.0565947613296019,0.0684181156202319,0.120440181004,0.15620863973385,0.195594984521664,0.28880155591942,0.999931650796112,4500,0,1
"ext.reg[1,4]",0.065844771031071,0.0474975786304824,0.00865518916041625,0.0312395943656656,0.0544122061062295,0.0877341232391184,0.185583028462212,1.00319910370457,1132,0,1
"ext.reg[2,4]",0.0137152958491975,0.00983310439763672,0.00190775178349548,0.00674791069935024,0.0112617297016517,0.0182036051555164,0.0389945636453814,1.00065316467871,4500,0,1
"ext.reg[3,4]",0.0100373660853973,0.00738760823276482,0.00145706555778979,0.00471673349370469,0.00821233455516523,0.0133083100241139,0.0283682665177309,1.00006551380568,4500,0,1
"ext.reg[4,4]",0.0424190577847724,0.0249272529219608,0.00786485473830648,0.0241119509984076,0.0379483836706054,0.0555482895849655,0.104693653718676,1.0002821285326,4500,0,1
"ext.reg[5,4]",0.0409978153115732,0.0239093524198838,0.00762371861906903,0.0233921059285161,0.0364383439563332,0.0537395700650794,0.099495913278705,1.00005641933502,4500,0,1
"ext.reg[1,5]",0.0910189122380388,0.0565265918283485,0.0171156311530736,0.0492580516676779,0.0785700055333891,0.120175266754422,0.232553457005044,1.00094700023912,1715,0,1
"ext.reg[2,5]",0.0192974523751272,0.0120331588739228,0.00426169650127461,0.0107235915167113,0.0167271152585869,0.0248182826461518,0.0493256447979366,1.00034239936082,4500,0,1
"ext.reg[3,5]",0.0139922490526796,0.00860047387476206,0.00310418895444623,0.00792075862189076,0.0120134754073878,0.0179537954117499,0.0358573779424469,1.001738988034,1855,0,1
"ext.reg[4,5]",0.0589437273487008,0.0277850834473323,0.0189246404813074,0.0386007251763813,0.05435790390776,0.0747064066147216,0.123105181942953,0.999839033015505,4500,0,1
"ext.reg[5,5]",0.0570357656942558,0.0264588799788595,0.0182076872758595,0.0375524626800452,0.0526786260450573,0.0716227919551607,0.119211709586554,0.999863091519837,4500,0,1
"ext.reg[1,6]",0.0415630771619651,0.0394251213844619,0.00153476497808062,0.0140492899297405,0.0296610182262105,0.0559964636744937,0.152123120860739,1.00611834861285,596,0,1
"ext.reg[2,6]",0.00813814113481719,0.00743042629250207,0.000397413965159191,0.00298742580567399,0.00614564829471287,0.0109405882567371,0.027833045819472,1.00217637327273,1251,0,1
"ext.reg[3,6]",0.00592859505199101,0.0054117986988945,0.00025674103305949,0.00214212407621489,0.00445614654458099,0.00796396747596467,0.0206369471051631,1.00114457607993,1784,0,1
"ext.reg[4,6]",0.0254542037373849,0.020182581282543,0.00154451739450709,0.0108263558215611,0.0209471896232961,0.0349074711021614,0.0735350835731444,1.00206617293362,2267,0,1
"ext.reg[5,6]",0.0249146341163979,0.0198218875060553,0.00144037445514,0.0102890193477243,0.0199984908817382,0.0342794813092551,0.0742754685125072,1.00151961717825,1718,0,1
"ext.reg[1,7]",0.0647090973348008,0.0457378277590611,0.00962394259979695,0.0318166104697956,0.0544685798223237,0.0843181313599042,0.183314152117825,1.00181007525828,1060,0,1
"ext.reg[2,7]",0.0133757817804064,0.00930099241052594,0.00229636034598886,0.00672617599112063,0.0111932768925864,0.0176160141535085,0.0374619140031624,1.00482038990367,1389,0,1
"ext.reg[3,7]",0.0095938183365672,0.00644375113169925,0.0016913928389979,0.00493759421858628,0.00809933430649784,0.0125370330900716,0.0258472331743215,1.0021258030509,1539,0,1
"ext.reg[4,7]",0.0411172865441847,0.0225668713956121,0.00953098076349311,0.0247915530238744,0.036887933784468,0.0531199894314758,0.0956601022666948,1.00103971562586,4500,0,1
"ext.reg[5,7]",0.0400529910092016,0.0225907385377409,0.009353205898774,0.0237319635415299,0.0356978686342709,0.0517746442496924,0.0963085164649382,1.00021090492875,4500,0,1
"ext.reg[1,8]",0.0485915589430806,0.0392221002093305,0.00434676135799736,0.0202384046277204,0.0382057225537391,0.0649264056358965,0.152986612977862,1.00022792029273,4500,0,1
"ext.reg[2,8]",0.00979728079284474,0.00794584069145102,0.00104511025469052,0.00423501339571372,0.00767986950572636,0.012897276610565,0.0307559483550187,1.00019199207638,4500,0,1
"ext.reg[3,8]",0.00701127099052612,0.00550079279363944,0.000777745050226986,0.00312295365739471,0.00562981548532249,0.00932195589786894,0.0214557457768072,1.00028159012314,4184,0,1
"ext.reg[4,8]",0.0305529787105896,0.0204825264343283,0.00396130673455198,0.015419021655128,0.0259765645910753,0.0410846467358096,0.0819719509329499,1.0004705492068,4500,0,1
"ext.reg[5,8]",0.0296021956368556,0.02008072439439,0.00389471029536694,0.0151175478305544,0.0250903195369656,0.0391945288272413,0.0815633588371927,1.00011988840109,4500,0,1
"mean.gamma.reg[1]",0.701122946040856,0.148329157211712,0.372115071176552,0.601329486359346,0.720748041481114,0.815799060181813,0.931828251070125,1.00007186372618,4500,0,1
"mean.gamma.reg[2]",0.606730694577562,0.141897653247385,0.315358692744712,0.511766048363443,0.613442654839906,0.710042387598548,0.856769290577515,1.00206887869986,899,0,1
"mean.gamma.reg[3]",0.645522511269684,0.165178875331475,0.294730509994179,0.537712961065439,0.662241259104683,0.77081366746422,0.916736210522229,1.00106041916192,3638,0,1
"mean.gamma.reg[4]",0.67386261836871,0.103958955866165,0.457719483411568,0.604746365971031,0.680823701976336,0.749498863695992,0.859639054713053,1.0002387594987,4500,0,1
"mean.gamma.reg[5]",0.652402241952196,0.0972084871824732,0.452644584319254,0.586057686302171,0.657972236688001,0.720954912550052,0.830271041737592,1.00140628366368,1382,0,1
"mean.phi.reg[1]",0.885907890738948,0.0527105645792883,0.769066925200176,0.854787587224259,0.893005295601091,0.924728986758964,0.967307260538899,1.00303912008032,766,0,1
"mean.phi.reg[2]",0.9735667280115,0.0121751968172168,0.944405611839451,0.966935190843417,0.975440976496918,0.982485237612607,0.991231425719031,1.00158025410852,3545,0,1
"mean.phi.reg[3]",0.980700468151369,0.00855426006865089,0.961168950268817,0.975610475023149,0.981806290158509,0.987061800223536,0.993902462186232,1.00103222821487,1774,0,1
"mean.phi.reg[4]",0.922941607163675,0.0211347715473262,0.878467667785265,0.909266634743962,0.925032947553629,0.938078229633797,0.959402376811141,1.00018069246572,4072,0,1
"mean.phi.reg[5]",0.925047285913707,0.0206698524487136,0.880490129445804,0.912052904975655,0.9264629055194,0.939589707099675,0.962226846923571,1.00002024199351,4500,0,1
"mean.ext.reg[1]",0.114092109261052,0.0527105645792883,0.0326927394611008,0.0752710132410362,0.106994704398909,0.145212412775741,0.230933074799824,1.00303912008032,766,0,1
"mean.ext.reg[2]",0.0264332719885003,0.0121751968172168,0.00876857428096921,0.0175147623873926,0.0245590235030819,0.0330648091565828,0.0555943881605485,1.00158025410853,3545,0,1
"mean.ext.reg[3]",0.0192995318486309,0.00855426006865089,0.00609753781376766,0.0129381997764641,0.0181937098414907,0.024389524976851,0.0388310497311826,1.00103222821486,1774,0,1
"mean.ext.reg[4]",0.0770583928363249,0.0211347715473262,0.0405976231888588,0.0619217703662034,0.074967052446371,0.0907333652560378,0.121532332214735,1.00018069246572,4072,0,1
"mean.ext.reg[5]",0.0749527140862928,0.0206698524487136,0.0377731530764292,0.0604102929003248,0.0735370944806003,0.0879470950243447,0.119509870554196,1.00002024199352,4500,0,1
"equilib.reg[1]",0.860106399667185,0.0577977774770806,0.73203379854401,0.826138829497573,0.864447547719334,0.901896834101074,0.953324136372332,1.00223882172678,1058,0,1
"equilib.reg[2]",0.957082731904585,0.0202657049763705,0.907910133152176,0.946924554852653,0.960837009284919,0.971244455301739,0.985509787405477,0.999824274915179,4500,0,1
"equilib.reg[3]",0.969578067563132,0.0146706745506574,0.935615102567306,0.962336517404827,0.972150748754217,0.979925289053901,0.98999531268271,1.00006325070688,4500,0,1
"equilib.reg[4]",0.896295294394504,0.0285171966336945,0.832808804807536,0.87855223942632,0.898803439424641,0.91686822660731,0.944534039044512,1.00094999639982,1948,0,1
"equilib.reg[5]",0.896254257562261,0.0274114720071667,0.836676356183027,0.879418365427194,0.897819659419586,0.915464288395348,0.94527317962761,0.999931961803102,4500,0,1
"mean.p",0.818178327629936,0.0264865504388905,0.760797096249801,0.805481999110863,0.820612678437758,0.834569553212174,0.860156050530501,1.01718423749322,2484,0,1
"p.year[1]",0.827010578568002,0.0249883726682762,0.775244305518452,0.810835235975613,0.828138238676938,0.844478841942982,0.873506317882502,1.00042842334317,2637,0,1
"p.year[2]",0.814248746033525,0.0221722034735896,0.768957441013784,0.799595880204169,0.815016506709649,0.829602780299341,0.856031020307916,1.00007735558002,4500,0,1
"p.year[3]",0.742030329629099,0.0216046782216024,0.697989729887891,0.727574355415579,0.74258603833426,0.756627926747905,0.78290923239954,1.00000422405851,4500,0,1
"p.year[4]",0.712188262144131,0.0233697650849578,0.664460734745108,0.696970337572987,0.712483799523012,0.728178788974307,0.756192906504778,1.00062456641998,2143,0,1
"p.year[5]",0.840066756498886,0.0173020194431329,0.804298577367942,0.828685028243646,0.840626148458987,0.852011476415588,0.872198843134148,1.00039703164384,3884,0,1
"p.year[6]",0.851409038100588,0.0147977437232615,0.821706876218668,0.84182851830857,0.851734302243163,0.861303840865256,0.879228994877164,0.99984160685003,4500,0,1
"p.year[7]",0.842892770787933,0.0170842613590199,0.807237624480377,0.83242805050418,0.843713224428241,0.854387615322323,0.874090121563926,0.9999790617335,4500,0,1
"p.year[8]",0.878657719959777,0.0141049422699034,0.84949991398215,0.869300240275302,0.879082704519307,0.888472352721104,0.904584885465809,0.999738539741495,4500,0,1
"p.year[9]",0.844365650375516,0.0152025520792104,0.813755177084771,0.834000673797063,0.844532994942623,0.854998535346496,0.872488950291152,0.999966629410526,4500,0,1
"z[1,1]",0.837111111111111,0.36930530304322,0,1,1,1,1,1.00178055310043,1737,1,1
"z[2,1]",1,0,1,1,1,1,1,NA,1,0,1
"z[3,1]",0.908888888888889,0.287799032014152,0,1,1,1,1,1.00075116451518,4500,1,1
"z[4,1]",1,0,1,1,1,1,1,NA,1,0,1
"z[5,1]",0.824444444444444,0.38048386710849,0,1,1,1,1,1.00120005363219,2261,1,1
"z[6,1]",0.629555555555556,0.482977427194249,0,0,1,1,1,0.999784227356322,4500,1,1
"z[7,1]",0.828,0.377422382794731,0,1,1,1,1,1.00060144273269,3756,1,1
"z[8,1]",0.579111111111111,0.493756629222073,0,0,1,1,1,0.999704423420242,4500,1,1
"z[9,1]",0.574666666666667,0.494448397311501,0,0,1,1,1,1.00014828132528,4253,1,1
"z[10,1]",0.892888888888889,0.309288827266365,0,1,1,1,1,0.999717874190235,4500,1,1
"z[11,1]",0.949777777777778,0.218427454690079,0,1,1,1,1,1.00019767711793,4500,1,1
"z[12,1]",0.99,0.0995098009695405,1,1,1,1,1,1.01372199446749,3518,0,1
"z[13,1]",0.980444444444444,0.13848248064772,1,1,1,1,1,1.00850581717296,2920,0,1
"z[14,1]",0.974888888888889,0.15647998127484,0.475000000000009,1,1,1,1,1.00094041840201,4500,0,1
"z[15,1]",1,0,1,1,1,1,1,NA,1,0,1
"z[16,1]",1,0,1,1,1,1,1,NA,1,0,1
"z[17,1]",0.821555555555556,0.382928988404224,0,1,1,1,1,0.9997090990427,4500,1,1
"z[18,1]",0.00666666666666667,0.0813860808385347,0,0,0,0,0,1.01933805696619,3726,1,1
"z[19,1]",1,0,1,1,1,1,1,NA,1,0,1
"z[20,1]",0.0115555555555556,0.106885749673393,0,0,0,0,0,1.00770335728748,4500,1,1
"z[21,1]",1,0,1,1,1,1,1,NA,1,0,1
"z[22,1]",1,0,1,1,1,1,1,NA,1,0,1
"z[23,1]",0.834888888888889,0.371322059827841,0,1,1,1,1,1.00001859072494,4500,1,1
"z[24,1]",1,0,1,1,1,1,1,NA,1,0,1
"z[25,1]",0.604888888888889,0.488928873692955,0,0,1,1,1,1.00019871334683,3933,1,1
"z[26,1]",0.907111111111111,0.290308925003992,0,1,1,1,1,1.00139639297799,3420,1,1
"z[27,1]",0.838222222222222,0.368287753936293,0,1,1,1,1,0.999909338460711,4500,1,1
"z[28,1]",0.823777777777778,0.381051462839662,0,1,1,1,1,1.00003381768803,4500,1,1
"z[29,1]",0.794666666666667,0.403989881012978,0,1,1,1,1,1.00227114082359,1174,1,1
"z[30,1]",0.941555555555556,0.234608019202615,0,1,1,1,1,1.00245126979332,3250,1,1
"z[31,1]",0.888888888888889,0.314304605201633,0,1,1,1,1,1.00202825019132,2149,1,1
"z[32,1]",0.943777777777778,0.230375949195969,0,1,1,1,1,1.0032442529248,2628,1,1
"z[33,1]",0.821555555555556,0.382928988404224,0,1,1,1,1,1.00057874791506,3731,1,1
"z[34,1]",0.791111111111111,0.406560023037948,0,1,1,1,1,1.00003071072716,4500,1,1
"z[35,1]",0.824444444444444,0.38048386710849,0,1,1,1,1,1.0014575016155,1930,1,1
"z[36,1]",0.798,0.401536834294687,0,1,1,1,1,0.999686553043438,4500,1,1
"z[37,1]",0.782888888888889,0.412324698400923,0,1,1,1,1,1.00266131055206,990,1,1
"z[38,1]",0.542222222222222,0.49826946084164,0,0,1,1,1,1.00020377283962,3755,1,1
"z[39,1]",0.875333333333333,0.330377275632388,0,1,1,1,1,1.0001584431232,4500,1,1
"z[40,1]",0.879111111111111,0.326034334535402,0,1,1,1,1,0.999957018330548,4500,1,1
"z[41,1]",0.952666666666667,0.212374461172167,0,1,1,1,1,1.00588110172589,1771,1,1
"z[42,1]",0.971333333333333,0.166886422507456,0,1,1,1,1,1.00147889438409,4500,1,1
"z[43,1]",0.902444444444444,0.296745745695873,0,1,1,1,1,1.00184858637749,2592,1,1
"z[44,1]",0.762444444444444,0.425632672691991,0,1,1,1,1,1.0011513538304,1858,1,1
"z[45,1]",0.775111111111111,0.417555531121581,0,1,1,1,1,1.00019736934176,4500,1,1
"z[46,1]",0.922,0.26820138867189,0,1,1,1,1,1.00277585968562,2238,1,1
"z[47,1]",0.929555555555556,0.255922995228642,0,1,1,1,1,1.00038087959737,4500,1,1
"z[48,1]",0.924888888888889,0.263599835321828,0,1,1,1,1,1.0012829960692,4453,1,1
"z[49,1]",0.965777777777778,0.181819713016199,0,1,1,1,1,1.00192317115254,4500,1,1
"z[50,1]",0.950888888888889,0.216124014828025,0,1,1,1,1,1.00093158932218,4500,1,1
"z[51,1]",0.913333333333333,0.281377237154674,0,1,1,1,1,1.00095095102761,4500,1,1
"z[52,1]",0.980222222222222,0.139251306560123,1,1,1,1,1,1.01536391745408,1610,0,1
"z[53,1]",0.969555555555556,0.171825903655918,0,1,1,1,1,1.00527531953528,3005,1,1
"z[54,1]",1,0,1,1,1,1,1,NA,1,0,1
"z[55,1]",1,0,1,1,1,1,1,NA,1,0,1
"z[56,1]",1,0,1,1,1,1,1,NA,1,0,1
"z[57,1]",1,0,1,1,1,1,1,NA,1,0,1
"z[58,1]",1,0,1,1,1,1,1,NA,1,0,1
"z[59,1]",0.002,0.0446815807032984,0,0,0,0,0,1.01775579934475,4500,1,1
"z[60,1]",1,0,1,1,1,1,1,NA,1,0,1
"z[61,1]",0.967333333333333,0.177782392941008,0,1,1,1,1,1.00584182260089,2540,1,1
"z[62,1]",0.886222222222222,0.317576458890005,0,1,1,1,1,1.00233889761057,1859,1,1
"z[63,1]",0.976,0.153066020038189,1,1,1,1,1,0.999801545676032,4500,0,1
"z[64,1]",0.904888888888889,0.293400949995396,0,1,1,1,1,1.00070698141929,4500,1,1
"z[65,1]",0.983555555555556,0.127191272176836,1,1,1,1,1,1.00981373507252,3006,0,1
"z[66,1]",0.977777777777778,0.147421927362282,1,1,1,1,1,1.00003247709731,4500,0,1
"z[67,1]",0.954666666666667,0.20805730398765,0,1,1,1,1,1.00041787499394,4500,1,1
"z[68,1]",0.961777777777778,0.191753630840733,0,1,1,1,1,1.00154604570655,4500,1,1
"z[69,1]",1,0,1,1,1,1,1,NA,1,0,1
"z[70,1]",1,0,1,1,1,1,1,NA,1,0,1
"z[71,1]",0.864,0.342826658537455,0,1,1,1,1,1.00069889626163,4111,1,1
"z[72,1]",0.876222222222222,0.329364458287695,0,1,1,1,1,1.00043603873647,4500,1,1
"z[73,1]",0.882888888888889,0.321588371654486,0,1,1,1,1,1.00123235302383,3085,1,1
"z[74,1]",0.914444444444444,0.279737720136869,0,1,1,1,1,1.00046736231929,4500,1,1
"z[75,1]",0.832888888888889,0.373116502618737,0,1,1,1,1,1.0001272738322,4500,1,1
"z[76,1]",0.674222222222222,0.468716799882941,0,0,1,1,1,1.0000356868443,4500,1,1
"z[77,1]",0.0182222222222222,0.133769014787178,0,0,0,0,0,1.01534631222413,1743,1,1
"z[78,1]",0.794,0.404475407947857,0,1,1,1,1,0.999951963390755,4500,1,1
"z[79,1]",0.864666666666667,0.342117278212555,0,1,1,1,1,0.999672018810437,4500,1,1
"z[80,1]",0.664222222222222,0.472314127676576,0,0,1,1,1,0.999905598415815,4500,1,1
"z[81,1]",0.817777777777778,0.386070468001789,0,1,1,1,1,1.00061261492615,3539,1,1
"z[82,1]",0.935333333333333,0.245964088766797,0,1,1,1,1,1.00023362407612,4500,1,1
"z[83,1]",0.855777777777778,0.351353961248913,0,1,1,1,1,1.00049607934925,4500,1,1
"z[84,1]",0.779777777777778,0.414442474320032,0,1,1,1,1,0.999667448183127,4500,1,1
"z[85,1]",0.570888888888889,0.495004258940334,0,0,1,1,1,1.00014409459842,4281,1,1
"z[86,1]",0.000888888888888889,0.0298042977535084,0,0,0,0,0,1.02957562893154,4500,1,1
"z[87,1]",0.000222222222222222,0.0149071198499986,0,0,0,0,0,1.29093398298233,4500,1,1
"z[88,1]",1,0,1,1,1,1,1,NA,1,0,1
"z[89,1]",1,0,1,1,1,1,1,NA,1,0,1
"z[90,1]",0.822666666666667,0.381992995470565,0,1,1,1,1,1.0009230783591,2729,1,1
"z[91,1]",0.959333333333333,0.19753875656879,0,1,1,1,1,1.00320601570855,3608,1,1
"z[92,1]",0.943111111111111,0.231655927287332,0,1,1,1,1,0.999803859904927,4500,1,1
"z[93,1]",0.936888888888889,0.243189722775225,0,1,1,1,1,1.0000333570096,4500,1,1
"z[94,1]",0.888666666666667,0.314579423009121,0,1,1,1,1,1.00035515087246,4500,1,1
"z[95,1]",0.806888888888889,0.394783287468091,0,1,1,1,1,0.999789751687336,4500,1,1
"z[96,1]",0.920222222222222,0.270978968999202,0,1,1,1,1,0.999836012266329,4500,1,1
"z[97,1]",0.774,0.418285644793295,0,1,1,1,1,0.999770718368482,4500,1,1
"z[98,1]",0.861555555555556,0.345404244715402,0,1,1,1,1,0.999772423506152,4500,1,1
"z[99,1]",0.878222222222222,0.327065317805307,0,1,1,1,1,1.00089554870736,3794,1,1
"z[100,1]",0.696666666666667,0.459749054543926,0,0,1,1,1,1.00012693014659,4500,1,1
"z[101,1]",0.924,0.265027562343912,0,1,1,1,1,0.999711640087471,4500,1,1
"z[102,1]",1,0,1,1,1,1,1,NA,1,0,1
"z[103,1]",1,0,1,1,1,1,1,NA,1,0,1
"z[104,1]",0,0,0,0,0,0,0,NA,1,1,1
"z[105,1]",0.400444444444444,0.490042912671345,0,0,0,1,1,1.00047134156343,2593,1,1
"z[106,1]",0.929111111111111,0.25666767217915,0,1,1,1,1,1.00200098695302,3238,1,1
"z[107,1]",0.965777777777778,0.181819713016199,0,1,1,1,1,1.00063629003074,4500,1,1
"z[108,1]",0.988444444444444,0.106885749673393,1,1,1,1,1,1.01323161320855,3169,0,1
"z[109,1]",0.786,0.410172386899561,0,1,1,1,1,0.999700624406859,4500,1,1
"z[110,1]",1,0,1,1,1,1,1,NA,1,0,1
"z[111,1]",1,0,1,1,1,1,1,NA,1,0,1
"z[112,1]",1,0,1,1,1,1,1,NA,1,0,1
"z[113,1]",1,0,1,1,1,1,1,NA,1,0,1
"z[114,1]",0.81,0.392344501174273,0,1,1,1,1,1.00057047466988,3596,1,1
"z[115,1]",0.816222222222222,0.387345901868794,0,1,1,1,1,1.00315611433203,958,1,1
"z[116,1]",0.781555555555556,0.413236514340125,0,1,1,1,1,1.00013833382502,4500,1,1
"z[117,1]",0.896888888888889,0.304137740801698,0,1,1,1,1,1.00046641568357,4500,1,1
"z[118,1]",1,0,1,1,1,1,1,NA,1,0,1
"z[119,1]",1,0,1,1,1,1,1,NA,1,0,1
"z[120,1]",1,0,1,1,1,1,1,NA,1,0,1
"z[121,1]",1,0,1,1,1,1,1,NA,1,0,1
"z[122,1]",0.976888888888889,0.150273104306291,1,1,1,1,1,1.00000536670911,4500,0,1
"z[123,1]",0.970444444444444,0.169376503362579,0,1,1,1,1,1.0015801584509,4500,1,1
"z[124,1]",0.900222222222222,0.299736780791094,0,1,1,1,1,0.999724727246495,4500,1,1
"z[125,1]",0.902,0.297347688610086,0,1,1,1,1,0.999732914872795,4500,1,1
"z[126,1]",0.911777777777778,0.283649327601227,0,1,1,1,1,1.00207028318504,2582,1,1
"z[127,1]",0.97,0.170606178387604,0,1,1,1,1,1.01206563315139,1365,1,1
"z[128,1]",0.956666666666667,0.203629000755977,0,1,1,1,1,1.00497163688771,2258,1,1
"z[129,1]",0.971555555555556,0.166257332410862,0,1,1,1,1,1.0031754103731,4500,1,1
"z[130,1]",0.962888888888889,0.189055069145718,0,1,1,1,1,1.00669662249246,1973,1,1
"z[131,1]",0.830888888888889,0.37489168457024,0,1,1,1,1,1.000049790491,4500,1,1
"z[132,1]",0.794222222222222,0.404313752586695,0,1,1,1,1,0.999917045553116,4500,1,1
"z[133,1]",0.846666666666667,0.360348550735725,0,1,1,1,1,1.00031551436381,4500,1,1
"z[134,1]",1,0,1,1,1,1,1,NA,1,0,1
"z[135,1]",1,0,1,1,1,1,1,NA,1,0,1
"z[136,1]",1,0,1,1,1,1,1,NA,1,0,1
"z[137,1]",1,0,1,1,1,1,1,NA,1,0,1
"z[138,1]",1,0,1,1,1,1,1,NA,1,0,1
"z[139,1]",1,0,1,1,1,1,1,NA,1,0,1
"z[140,1]",0.558666666666667,0.496601475145506,0,0,1,1,1,1.0012751246742,1265,1,1
"z[141,1]",0.944666666666667,0.228655142165391,0,1,1,1,1,1.00185699893757,4357,1,1
"z[142,1]",0.933555555555556,0.249085061097509,0,1,1,1,1,0.99994260592581,4500,1,1
"z[143,1]",0.924666666666667,0.26395777175116,0,1,1,1,1,0.999986832203741,4500,1,1
"z[144,1]",0.896444444444444,0.304716977446087,0,1,1,1,1,1.00001267315533,4500,1,1
"z[145,1]",0.814,0.389149910460912,0,1,1,1,1,1.00038565003818,4500,1,1
"z[146,1]",0.663111111111111,0.472699079486726,0,0,1,1,1,0.999919533977571,4500,1,1
"z[147,1]",0.740666666666667,0.438317521197537,0,0,1,1,1,0.999793177331884,4500,1,1
"z[148,1]",0.926444444444444,0.261075243046752,0,1,1,1,1,0.999703823998064,4500,1,1
"z[149,1]",0.900222222222222,0.299736780791094,0,1,1,1,1,1.00121999855857,3582,1,1
"z[150,1]",0.670222222222222,0.470184562178699,0,0,1,1,1,1.00030522702583,3542,1,1
"z[151,1]",0.902888888888889,0.296141912106173,0,1,1,1,1,1.00094007630236,4473,1,1
"z[152,1]",0.501333333333333,0.500053786838027,0,0,1,1,1,0.999760230478418,4500,1,1
"z[153,1]",0.640666666666667,0.479858373564228,0,0,1,1,1,1.00051134094887,2578,1,1
"z[154,1]",0.834666666666667,0.371522402164484,0,1,1,1,1,0.999728826574489,4500,1,1
"z[155,1]",1,0,1,1,1,1,1,NA,1,0,1
"z[156,1]",0.00622222222222222,0.0786440117920529,0,0,0,0,0,1.0154263710713,4500,1,1
"z[157,1]",0.00244444444444444,0.0493863456663645,0,0,0,0,0,1.02752607886309,4500,1,1
"z[158,1]",1,0,1,1,1,1,1,NA,1,0,1
"z[159,1]",1,0,1,1,1,1,1,NA,1,0,1
"z[160,1]",0.965333333333333,0.182954440186126,0,1,1,1,1,1.00026127977536,4500,1,1
"z[161,1]",1,0,1,1,1,1,1,NA,1,0,1
"z[162,1]",1,0,1,1,1,1,1,NA,1,0,1
"z[163,1]",1,0,1,1,1,1,1,NA,1,0,1
"z[164,1]",1,0,1,1,1,1,1,NA,1,0,1
"z[165,1]",0.000666666666666667,0.0258141493083176,0,0,0,0,0,1.13377982835195,4498,1,1
"z[166,1]",1,0,1,1,1,1,1,NA,1,0,1
"z[167,1]",1,0,1,1,1,1,1,NA,1,0,1
"z[168,1]",1,0,1,1,1,1,1,NA,1,0,1
"z[169,1]",1,0,1,1,1,1,1,NA,1,0,1
"z[170,1]",1,0,1,1,1,1,1,NA,1,0,1
"z[171,1]",0.621777777777778,0.48499736545041,0,0,1,1,1,0.999881235862477,4500,1,1
"z[172,1]",0.794222222222222,0.404313752586695,0,1,1,1,1,1.00136069728542,1814,1,1
"z[173,1]",0.639333333333333,0.480247306077237,0,0,1,1,1,1.00089184819106,1778,1,1
"z[174,1]",0.914222222222222,0.280066744092239,0,1,1,1,1,1.00271584039137,2082,1,1
"z[175,1]",1,0,1,1,1,1,1,NA,1,0,1
"z[176,1]",1,0,1,1,1,1,1,NA,1,0,1
"z[177,1]",1,0,1,1,1,1,1,NA,1,0,1
"z[178,1]",1,0,1,1,1,1,1,NA,1,0,1
"z[179,1]",1,0,1,1,1,1,1,NA,1,0,1
"z[180,1]",0.969111111111111,0.173035889574341,0,1,1,1,1,1.00068471849172,4500,1,1
"z[181,1]",0.981777777777778,0.133769014787178,1,1,1,1,1,1.00158826531223,4500,0,1
"z[182,1]",0.910666666666667,0.285255975094233,0,1,1,1,1,0.999980120824814,4500,1,1
"z[183,1]",0.967777777777778,0.176609404971474,0,1,1,1,1,1.0036257026011,4023,1,1
"z[184,1]",0.992,0.08909412970305,1,1,1,1,1,1.00317460821143,4500,0,1
"z[185,1]",0.972222222222222,0.164353812079863,0,1,1,1,1,1.00051238360775,4500,1,1
"z[186,1]",1,0,1,1,1,1,1,NA,1,0,1
"z[187,1]",0.507777777777778,0.49999506060636,0,0,1,1,1,1.00041031641321,2695,1,1
"z[188,1]",0.558444444444444,0.496627683071132,0,0,1,1,1,1.00096318413658,1568,1,1
"z[189,1]",0.857777777777778,0.349316729871186,0,1,1,1,1,1.00127032975729,2564,1,1
"z[190,1]",0.714888888888889,0.451517518428169,0,0,1,1,1,0.999897009642368,4500,1,1
"z[191,1]",0.766444444444444,0.423139629767078,0,1,1,1,1,1.00140625717294,1611,1,1
"z[192,1]",0.696888888888889,0.459653909941761,0,0,1,1,1,1.00049618250583,2851,1,1
"z[193,1]",0.743555555555556,0.436718529791692,0,0,1,1,1,1.00144230067999,1480,1,1
"z[194,1]",0.733111111111111,0.442382978159525,0,0,1,1,1,1.00118134562244,1685,1,1
"z[195,1]",0.641111111111111,0.479727835627364,0,0,1,1,1,1.00295985428075,663,1,1
"z[196,1]",0.555555555555556,0.496959215758583,0,0,1,1,1,0.999676733777885,4500,1,1
"z[197,1]",0.591111111111111,0.491683321058642,0,0,1,1,1,1.00007841015851,4500,1,1
"z[198,1]",0.71,0.453812478591892,0,0,1,1,1,0.999982570355807,4500,1,1
"z[199,1]",0.454444444444444,0.497975700190078,0,0,0,1,1,1.00053103467393,2337,1,1
"z[200,1]",0.890222222222222,0.31264730789996,0,1,1,1,1,1.00690371491665,708,1,1
"z[1,2]",1,0,1,1,1,1,1,NA,1,0,1
"z[2,2]",1,0,1,1,1,1,1,NA,1,0,1
"z[3,2]",1,0,1,1,1,1,1,NA,1,0,1
"z[4,2]",0.0122222222222222,0.109888684384328,0,0,0,0,0,1.00488188601634,4500,1,1
"z[5,2]",0.889555555555556,0.313477760833612,0,1,1,1,1,0.999791949673606,4500,1,1
"z[6,2]",0.823777777777778,0.381051462839662,0,1,1,1,1,1.00029067169878,4500,1,1
"z[7,2]",1,0,1,1,1,1,1,NA,1,0,1
"z[8,2]",0.00644444444444444,0.0800271001985887,0,0,0,0,0,1.02797813734868,2647,1,1
"z[9,2]",0.0722222222222222,0.258884272233404,0,0,0,0,1,1.00151472237414,4027,1,1
"z[10,2]",1,0,1,1,1,1,1,NA,1,0,1
"z[11,2]",1,0,1,1,1,1,1,NA,1,0,1
"z[12,2]",1,0,1,1,1,1,1,NA,1,0,1
"z[13,2]",1,0,1,1,1,1,1,NA,1,0,1
"z[14,2]",1,0,1,1,1,1,1,NA,1,0,1
"z[15,2]",1,0,1,1,1,1,1,NA,1,0,1
"z[16,2]",0.983777777777778,0.126343218950737,1,1,1,1,1,0.999763525920088,4500,0,1
"z[17,2]",0.844222222222222,0.362684839639867,0,1,1,1,1,1.00119621495041,2478,1,1
"z[18,2]",0.00622222222222222,0.0786440117920529,0,0,0,0,0,1.01727500571948,4473,1,1
"z[19,2]",1,0,1,1,1,1,1,NA,1,0,1
"z[20,2]",0.0108888888888889,0.103791690054186,0,0,0,0,0,1.00993807854512,4452,1,1
"z[21,2]",0.870888888888889,0.335360141694826,0,1,1,1,1,0.999808996828154,4500,1,1
"z[22,2]",0.926,0.261799982697114,0,1,1,1,1,0.999808526038126,4500,1,1
"z[23,2]",0.922666666666667,0.267149300225178,0,1,1,1,1,1.00203674084296,2956,1,1
"z[24,2]",0.676888888888889,0.467716724186892,0,0,1,1,1,0.999735273895866,4500,1,1
"z[25,2]",1,0,1,1,1,1,1,NA,1,0,1
"z[26,2]",1,0,1,1,1,1,1,NA,1,0,1
"z[27,2]",1,0,1,1,1,1,1,NA,1,0,1
"z[28,2]",0.779333333333333,0.414742225461546,0,1,1,1,1,0.999786685106687,4500,1,1
"z[29,2]",0.826,0.379151613165137,0,1,1,1,1,1.00048340613146,4256,1,1
"z[30,2]",1,0,1,1,1,1,1,NA,1,0,1
"z[31,2]",1,0,1,1,1,1,1,NA,1,0,1
"z[32,2]",1,0,1,1,1,1,1,NA,1,0,1
"z[33,2]",0.845777777777778,0.361201773251085,0,1,1,1,1,1.00106957364968,2741,1,1
"z[34,2]",0.828,0.377422382794731,0,1,1,1,1,1.00168559820321,1739,1,1
"z[35,2]",0.867111111111111,0.339492333243092,0,1,1,1,1,1.00052517368628,4500,1,1
"z[36,2]",0.827333333333333,0.378000847924102,0,1,1,1,1,1.00198575873932,1515,1,1
"z[37,2]",1,0,1,1,1,1,1,NA,1,0,1
"z[38,2]",0.567111111111111,0.495530690855779,0,0,1,1,1,1.00030705912663,3186,1,1
"z[39,2]",1,0,1,1,1,1,1,NA,1,0,1
"z[40,2]",0.934222222222222,0.247920794922865,0,1,1,1,1,0.99994782547672,4500,1,1
"z[41,2]",1,0,1,1,1,1,1,NA,1,0,1
"z[42,2]",1,0,1,1,1,1,1,NA,1,0,1
"z[43,2]",1,0,1,1,1,1,1,NA,1,0,1
"z[44,2]",1,0,1,1,1,1,1,NA,1,0,1
"z[45,2]",1,0,1,1,1,1,1,NA,1,0,1
"z[46,2]",1,0,1,1,1,1,1,NA,1,0,1
"z[47,2]",1,0,1,1,1,1,1,NA,1,0,1
"z[48,2]",1,0,1,1,1,1,1,NA,1,0,1
"z[49,2]",0.977555555555556,0.148140366379144,1,1,1,1,1,1.00430327362036,4500,0,1
"z[50,2]",0.962222222222222,0.190679566273877,0,1,1,1,1,1.00381613009923,3302,1,1
"z[51,2]",0.938444444444444,0.240373270107645,0,1,1,1,1,1.00060536642278,4500,1,1
"z[52,2]",0.966888888888889,0.178946588136641,0,1,1,1,1,0.999690689442864,4500,1,1
"z[53,2]",0.954444444444444,0.208542349028494,0,1,1,1,1,0.999718818758832,4500,1,1
"z[54,2]",1,0,1,1,1,1,1,NA,1,0,1
"z[55,2]",1,0,1,1,1,1,1,NA,1,0,1
"z[56,2]",1,0,1,1,1,1,1,NA,1,0,1
"z[57,2]",0.810222222222222,0.392168777194373,0,1,1,1,1,0.999845992977214,4500,1,1
"z[58,2]",0.793111111111111,0.405120165106772,0,1,1,1,1,1.00004382217613,4500,1,1
"z[59,2]",0.716666666666667,0.450666938039623,0,0,1,1,1,1.00184099014095,1135,1,1
"z[60,2]",1,0,1,1,1,1,1,NA,1,0,1
"z[61,2]",0.974444444444444,0.157822698772571,0,1,1,1,1,1.00280087295242,4500,1,1
"z[62,2]",0.842888888888889,0.363945936488476,0,1,1,1,1,0.999853943261825,4500,1,1
"z[63,2]",0.97,0.170606178387604,0,1,1,1,1,1.000016239433,4500,1,1
"z[64,2]",0.916444444444444,0.276750871585914,0,1,1,1,1,1.00070383022986,4500,1,1
"z[65,2]",0.973777777777778,0.159813306406557,0,1,1,1,1,1.00038537464219,4500,1,1
"z[66,2]",0.958444444444444,0.199593447150984,0,1,1,1,1,1.00228895017549,4500,1,1
"z[67,2]",0.94,0.237513233566337,0,1,1,1,1,0.999689889514002,4500,1,1
"z[68,2]",0.942444444444444,0.232926963317475,0,1,1,1,1,1.00542207194794,1591,1,1
"z[69,2]",1,0,1,1,1,1,1,NA,1,0,1
"z[70,2]",1,0,1,1,1,1,1,NA,1,0,1
"z[71,2]",1,0,1,1,1,1,1,NA,1,0,1
"z[72,2]",1,0,1,1,1,1,1,NA,1,0,1
"z[73,2]",1,0,1,1,1,1,1,NA,1,0,1
"z[74,2]",1,0,1,1,1,1,1,NA,1,0,1
"z[75,2]",1,0,1,1,1,1,1,NA,1,0,1
"z[76,2]",0.0726666666666667,0.259617411331994,0,0,0,0,1,1.00017220026967,4500,1,1
"z[77,2]",0.657777777777778,0.474506277674274,0,0,1,1,1,1.00009951897626,4500,1,1
"z[78,2]",0.842222222222222,0.364573020049094,0,1,1,1,1,1.0002539093642,4500,1,1
"z[79,2]",0.922666666666667,0.267149300225178,0,1,1,1,1,1.00101530148877,4500,1,1
"z[80,2]",0.749111111111111,0.433572864534595,0,0,1,1,1,1.00017157674466,4500,1,1
"z[81,2]",0.851555555555556,0.355579510689408,0,1,1,1,1,1.00158397442508,2070,1,1
"z[82,2]",1,0,1,1,1,1,1,NA,1,0,1
"z[83,2]",1,0,1,1,1,1,1,NA,1,0,1
"z[84,2]",1,0,1,1,1,1,1,NA,1,0,1
"z[85,2]",1,0,1,1,1,1,1,NA,1,0,1
"z[86,2]",1,0,1,1,1,1,1,NA,1,0,1
"z[87,2]",0.002,0.0446815807032984,0,0,0,0,0,1.01775579934475,4500,1,1
"z[88,2]",0.857333333333333,0.349771461918135,0,1,1,1,1,0.999978813616994,4500,1,1
"z[89,2]",0.934,0.248309689121249,0,1,1,1,1,1.00038620959188,4500,1,1
"z[90,2]",0.85,0.357111102643182,0,1,1,1,1,0.999807883686854,4500,1,1
"z[91,2]",0.950888888888889,0.216124014828025,0,1,1,1,1,0.999813778825685,4500,1,1
"z[92,2]",0.951777777777778,0.214259284678296,0,1,1,1,1,1.00164306875734,4500,1,1
"z[93,2]",0.940666666666667,0.236273770253685,0,1,1,1,1,1.0028204288736,2834,1,1
"z[94,2]",0.836222222222222,0.370114925946038,0,1,1,1,1,0.999861437740497,4500,1,1
"z[95,2]",0.0917777777777778,0.288744081583378,0,0,0,0,1,0.999766110733203,4500,1,1
"z[96,2]",1,0,1,1,1,1,1,NA,1,0,1
"z[97,2]",0.216444444444444,0.411866414442152,0,0,0,0,1,0.999873722407611,4500,1,1
"z[98,2]",1,0,1,1,1,1,1,NA,1,0,1
"z[99,2]",0.931777777777778,0.252154872981642,0,1,1,1,1,0.999892618185721,4500,1,1
"z[100,2]",0.870222222222222,0.336096129894842,0,1,1,1,1,1.00060081830379,4500,1,1
"z[101,2]",0.957111111111111,0.202629110007349,0,1,1,1,1,1.00125977570367,4500,1,1
"z[102,2]",0.0664444444444444,0.249085061097509,0,0,0,0,1,1.0020492827725,3369,1,1
"z[103,2]",1,0,1,1,1,1,1,NA,1,0,1
"z[104,2]",0.00511111111111111,0.071317023933587,0,0,0,0,0,1.00628299119719,4500,1,1
"z[105,2]",0.0268888888888889,0.161776674693452,0,0,0,0,1,1.01181124965428,1546,1,1
"z[106,2]",1,0,1,1,1,1,1,NA,1,0,1
"z[107,2]",1,0,1,1,1,1,1,NA,1,0,1
"z[108,2]",1,0,1,1,1,1,1,NA,1,0,1
"z[109,2]",0.268444444444444,0.443199362410781,0,0,0,1,1,1.00054342497098,2899,1,1
"z[110,2]",1,0,1,1,1,1,1,NA,1,0,1
"z[111,2]",1,0,1,1,1,1,1,NA,1,0,1
"z[112,2]",1,0,1,1,1,1,1,NA,1,0,1
"z[113,2]",0.952,0.213789983216616,0,1,1,1,1,1.00189882314401,4500,1,1
"z[114,2]",1,0,1,1,1,1,1,NA,1,0,1
"z[115,2]",0.0108888888888889,0.103791690054186,0,0,0,0,0,1.02507589799005,1760,1,1
"z[116,2]",1,0,1,1,1,1,1,NA,1,0,1
"z[117,2]",1,0,1,1,1,1,1,NA,1,0,1
"z[118,2]",1,0,1,1,1,1,1,NA,1,0,1
"z[119,2]",0.183555555555556,0.387164337009769,0,0,0,0,1,1.00018117156602,4500,1,1
"z[120,2]",1,0,1,1,1,1,1,NA,1,0,1
"z[121,2]",1,0,1,1,1,1,1,NA,1,0,1
"z[122,2]",1,0,1,1,1,1,1,NA,1,0,1
"z[123,2]",1,0,1,1,1,1,1,NA,1,0,1
"z[124,2]",1,0,1,1,1,1,1,NA,1,0,1
"z[125,2]",1,0,1,1,1,1,1,NA,1,0,1
"z[126,2]",1,0,1,1,1,1,1,NA,1,0,1
"z[127,2]",0.953777777777778,0.209989350685102,0,1,1,1,1,0.999831621750431,4500,1,1
"z[128,2]",0.94,0.237513233566337,0,1,1,1,1,1.00010831445341,4500,1,1
"z[129,2]",0.96,0.195980956294358,0,1,1,1,1,1.00072052457034,4500,1,1
"z[130,2]",0.954444444444444,0.208542349028494,0,1,1,1,1,0.999836248309865,4500,1,1
"z[131,2]",0.623111111111111,0.484660554821125,0,0,1,1,1,0.999820064599463,4500,1,1
"z[132,2]",0.701111111111111,0.457821907476261,0,0,1,1,1,0.999835697664179,4500,1,1
"z[133,2]",0.771333333333333,0.420020744838499,0,1,1,1,1,1.00078543083555,2529,1,1
"z[134,2]",1,0,1,1,1,1,1,NA,1,0,1
"z[135,2]",0.954888888888889,0.207570887552932,0,1,1,1,1,1.00290211887768,3576,1,1
"z[136,2]",1,0,1,1,1,1,1,NA,1,0,1
"z[137,2]",1,0,1,1,1,1,1,NA,1,0,1
"z[138,2]",1,0,1,1,1,1,1,NA,1,0,1
"z[139,2]",1,0,1,1,1,1,1,NA,1,0,1
"z[140,2]",1,0,1,1,1,1,1,NA,1,0,1
"z[141,2]",1,0,1,1,1,1,1,NA,1,0,1
"z[142,2]",0.784444444444444,0.411252893283533,0,1,1,1,1,1.00129342375661,1826,1,1
"z[143,2]",0.811111111111111,0.391463830704758,0,1,1,1,1,1.00073875308467,3040,1,1
"z[144,2]",0.781777777777778,0.413084983718457,0,1,1,1,1,1.00048332527506,3596,1,1
"z[145,2]",0.878444444444444,0.326808103614916,0,1,1,1,1,1.00221790939544,1829,1,1
"z[146,2]",0.835333333333333,0.370920651032105,0,1,1,1,1,0.999928620175537,4500,1,1
"z[147,2]",0.858888888888889,0.348174818844698,0,1,1,1,1,0.9998297224345,4500,1,1
"z[148,2]",0.956,0.205117892035902,0,1,1,1,1,1.00046182877777,4500,1,1
"z[149,2]",1,0,1,1,1,1,1,NA,1,0,1
"z[150,2]",0.00955555555555555,0.0972951722699289,0,0,0,0,0,1.01999855912005,2523,1,1
"z[151,2]",1,0,1,1,1,1,1,NA,1,0,1
"z[152,2]",0.0742222222222222,0.262161318587002,0,0,0,0,1,1.00043954809455,4500,1,1
"z[153,2]",0.832888888888889,0.373116502618737,0,1,1,1,1,1.00006481361829,4500,1,1
"z[154,2]",0.903555555555556,0.295232591318208,0,1,1,1,1,0.99978684583672,4500,1,1
"z[155,2]",1,0,1,1,1,1,1,NA,1,0,1
"z[156,2]",1,0,1,1,1,1,1,NA,1,0,1
"z[157,2]",1,0,1,1,1,1,1,NA,1,0,1
"z[158,2]",1,0,1,1,1,1,1,NA,1,0,1
"z[159,2]",1,0,1,1,1,1,1,NA,1,0,1
"z[160,2]",1,0,1,1,1,1,1,NA,1,0,1
"z[161,2]",1,0,1,1,1,1,1,NA,1,0,1
"z[162,2]",1,0,1,1,1,1,1,NA,1,0,1
"z[163,2]",1,0,1,1,1,1,1,NA,1,0,1
"z[164,2]",0.953333333333333,0.210947333488984,0,1,1,1,1,0.999816237279989,4500,1,1
"z[165,2]",0.523555555555556,0.499500330706483,0,0,1,1,1,0.999836039979821,4500,1,1
"z[166,2]",0.974888888888889,0.15647998127484,0.475000000000009,1,1,1,1,1.00424868681665,4427,0,1
"z[167,2]",0.00777777777777778,0.0878578356425394,0,0,0,0,0,1.00745153911102,4500,1,1
"z[168,2]",0.931555555555556,0.252535095508448,0,1,1,1,1,1.00316610393778,2239,1,1
"z[169,2]",0.942,0.233769424929795,0,1,1,1,1,1.00043459416466,4500,1,1
"z[170,2]",0.579555555555556,0.493685197983452,0,0,1,1,1,0.999844107675005,4500,1,1
"z[171,2]",0.821777777777778,0.382742231038999,0,1,1,1,1,1.00091407602057,2737,1,1
"z[172,2]",0.863777777777778,0.343062504722754,0,1,1,1,1,1.00081399439528,3707,1,1
"z[173,2]",0.822,0.382555253386689,0,1,1,1,1,1.00011363713019,4500,1,1
"z[174,2]",1,0,1,1,1,1,1,NA,1,0,1
"z[175,2]",1,0,1,1,1,1,1,NA,1,0,1
"z[176,2]",1,0,1,1,1,1,1,NA,1,0,1
"z[177,2]",0.008,0.08909412970305,0,0,0,0,0,1.00433814824978,4500,1,1
"z[178,2]",1,0,1,1,1,1,1,NA,1,0,1
"z[179,2]",1,0,1,1,1,1,1,NA,1,0,1
"z[180,2]",0.954888888888889,0.207570887552932,0,1,1,1,1,0.999839571030923,4500,1,1
"z[181,2]",0.975111111111111,0.155803807734777,1,1,1,1,1,1.00482133220542,3964,0,1
"z[182,2]",0.856,0.351128748592969,0,1,1,1,1,0.999817759944034,4500,1,1
"z[183,2]",0.952444444444444,0.212847579895609,0,1,1,1,1,1.00398131930779,2542,1,1
"z[184,2]",1,0,1,1,1,1,1,NA,1,0,1
"z[185,2]",0.976888888888889,0.150273104306291,1,1,1,1,1,1.00029585633548,4500,0,1
"z[186,2]",0.922888888888889,0.266797311851382,0,1,1,1,1,0.999993340218457,4500,1,1
"z[187,2]",0.722666666666667,0.447732177907764,0,0,1,1,1,1.0008448938241,2125,1,1
"z[188,2]",0.712444444444444,0.452673054448139,0,0,1,1,1,0.999691890827422,4500,1,1
"z[189,2]",0.893333333333333,0.308723288567936,0,1,1,1,1,0.99977267519309,4500,1,1
"z[190,2]",0.727555555555556,0.445266804820707,0,0,1,1,1,0.999972225374385,4500,1,1
"z[191,2]",0.893111111111111,0.309006267220739,0,1,1,1,1,1.00481501071939,1020,1,1
"z[192,2]",0.864444444444444,0.342354045917987,0,1,1,1,1,1.00125146086564,2688,1,1
"z[193,2]",0.820666666666667,0.383673821422209,0,1,1,1,1,1.00049037906679,4123,1,1
"z[194,2]",0.874,0.331886241714584,0,1,1,1,1,1.00088249155193,3736,1,1
"z[195,2]",0.801555555555556,0.398872915075436,0,1,1,1,1,1.0003307462018,4500,1,1
"z[196,2]",0.365333333333333,0.481577019668107,0,0,0,1,1,0.999709305682172,4500,1,1
"z[197,2]",0.751555555555556,0.43215888858307,0,1,1,1,1,0.999926391399986,4500,1,1
"z[198,2]",0.789555555555556,0.407669611770085,0,1,1,1,1,0.999790794295051,4500,1,1
"z[199,2]",0.548444444444444,0.497702905421648,0,0,1,1,1,1.00039261646855,2786,1,1
"z[200,2]",0.930888888888889,0.253671175391235,0,1,1,1,1,1.00310408824995,2259,1,1
"z[1,3]",1,0,1,1,1,1,1,NA,1,0,1
"z[2,3]",1,0,1,1,1,1,1,NA,1,0,1
"z[3,3]",1,0,1,1,1,1,1,NA,1,0,1
"z[4,3]",0.0213333333333333,0.14450904074975,0,0,0,0,0,1.00186988563725,4500,1,1
"z[5,3]",0.934222222222222,0.247920794922865,0,1,1,1,1,1.00173125657151,3939,1,1
"z[6,3]",0.910444444444444,0.285575701032972,0,1,1,1,1,1.00029481590242,4500,1,1
"z[7,3]",1,0,1,1,1,1,1,NA,1,0,1
"z[8,3]",0.00666666666666667,0.0813860808385347,0,0,0,0,0,1.00135104912971,4500,1,1
"z[9,3]",1,0,1,1,1,1,1,NA,1,0,1
"z[10,3]",1,0,1,1,1,1,1,NA,1,0,1
"z[11,3]",0.986,0.11750348180963,1,1,1,1,1,1.00468645065246,4500,0,1
"z[12,3]",1,0,1,1,1,1,1,NA,1,0,1
"z[13,3]",1,0,1,1,1,1,1,NA,1,0,1
"z[14,3]",1,0,1,1,1,1,1,NA,1,0,1
"z[15,3]",1,0,1,1,1,1,1,NA,1,0,1
"z[16,3]",1,0,1,1,1,1,1,NA,1,0,1
"z[17,3]",1,0,1,1,1,1,1,NA,1,0,1
"z[18,3]",0.120666666666667,0.325775699866786,0,0,0,0,1,1.00004165033909,4500,1,1
"z[19,3]",0.79,0.407353501103256,0,1,1,1,1,1.00012985368084,4500,1,1
"z[20,3]",1,0,1,1,1,1,1,NA,1,0,1
"z[21,3]",1,0,1,1,1,1,1,NA,1,0,1
"z[22,3]",1,0,1,1,1,1,1,NA,1,0,1
"z[23,3]",1,0,1,1,1,1,1,NA,1,0,1
"z[24,3]",0.114444444444444,0.318385678262224,0,0,0,0,1,0.999885507370804,4500,1,1
"z[25,3]",0.0191111111111111,0.136930797191431,0,0,0,0,0,1.01133081929955,2247,1,1
"z[26,3]",1,0,1,1,1,1,1,NA,1,0,1
"z[27,3]",1,0,1,1,1,1,1,NA,1,0,1
"z[28,3]",0.86,0.347025591999432,0,1,1,1,1,1.00023385248044,4500,1,1
"z[29,3]",0.896666666666667,0.304427578014234,0,1,1,1,1,0.999744236467714,4500,1,1
"z[30,3]",1,0,1,1,1,1,1,NA,1,0,1
"z[31,3]",1,0,1,1,1,1,1,NA,1,0,1
"z[32,3]",1,0,1,1,1,1,1,NA,1,0,1
"z[33,3]",1,0,1,1,1,1,1,NA,1,0,1
"z[34,3]",1,0,1,1,1,1,1,NA,1,0,1
"z[35,3]",1,0,1,1,1,1,1,NA,1,0,1
"z[36,3]",1,0,1,1,1,1,1,NA,1,0,1
"z[37,3]",1,0,1,1,1,1,1,NA,1,0,1
"z[38,3]",0.0886666666666667,0.28429359739909,0,0,0,0,1,0.999972416323129,4500,1,1
"z[39,3]",1,0,1,1,1,1,1,NA,1,0,1
"z[40,3]",1,0,1,1,1,1,1,NA,1,0,1
"z[41,3]",1,0,1,1,1,1,1,NA,1,0,1
"z[42,3]",1,0,1,1,1,1,1,NA,1,0,1
"z[43,3]",1,0,1,1,1,1,1,NA,1,0,1
"z[44,3]",1,0,1,1,1,1,1,NA,1,0,1
"z[45,3]",0.885777777777778,0.318116322460963,0,1,1,1,1,1.00194874139675,2160,1,1
"z[46,3]",1,0,1,1,1,1,1,NA,1,0,1
"z[47,3]",1,0,1,1,1,1,1,NA,1,0,1
"z[48,3]",1,0,1,1,1,1,1,NA,1,0,1
"z[49,3]",1,0,1,1,1,1,1,NA,1,0,1
"z[50,3]",1,0,1,1,1,1,1,NA,1,0,1
"z[51,3]",1,0,1,1,1,1,1,NA,1,0,1
"z[52,3]",0.978222222222222,0.145973426820025,1,1,1,1,1,1.0062011367456,3566,0,1
"z[53,3]",0.965555555555556,0.182388094475073,0,1,1,1,1,1.00242833507862,4500,1,1
"z[54,3]",1,0,1,1,1,1,1,NA,1,0,1
"z[55,3]",1,0,1,1,1,1,1,NA,1,0,1
"z[56,3]",1,0,1,1,1,1,1,NA,1,0,1
"z[57,3]",1,0,1,1,1,1,1,NA,1,0,1
"z[58,3]",1,0,1,1,1,1,1,NA,1,0,1
"z[59,3]",1,0,1,1,1,1,1,NA,1,0,1
"z[60,3]",0.287777777777778,0.452777302401117,0,0,0,1,1,1.00041672723128,3261,1,1
"z[61,3]",0.984222222222222,0.124628612791859,1,1,1,1,1,1.00494673152989,4500,0,1
"z[62,3]",0.882888888888889,0.321588371654486,0,1,1,1,1,0.999904161575274,4500,1,1
"z[63,3]",0.975777777777778,0.153755519169198,1,1,1,1,1,1.00549312970806,3600,0,1
"z[64,3]",0.946222222222222,0.225603720820688,0,1,1,1,1,1.00709521641922,1315,1,1
"z[65,3]",0.98,0.140015558148628,1,1,1,1,1,1.00369037217046,4500,0,1
"z[66,3]",0.973111111111111,0.161776674693452,0,1,1,1,1,1.0070837330111,2548,1,1
"z[67,3]",0.956222222222222,0.204623040065984,0,1,1,1,1,1.0000609864443,4500,1,1
"z[68,3]",0.960888888888889,0.193880853578703,0,1,1,1,1,1.00208597226572,4500,1,1
"z[69,3]",1,0,1,1,1,1,1,NA,1,0,1
"z[70,3]",1,0,1,1,1,1,1,NA,1,0,1
"z[71,3]",1,0,1,1,1,1,1,NA,1,0,1
"z[72,3]",1,0,1,1,1,1,1,NA,1,0,1
"z[73,3]",0.0553333333333333,0.228655142165391,0,0,0,0,1,0.999775004609186,4500,1,1
"z[74,3]",1,0,1,1,1,1,1,NA,1,0,1
"z[75,3]",1,0,1,1,1,1,1,NA,1,0,1
"z[76,3]",0.595111111111111,0.490925079569897,0,0,1,1,1,0.999725728339708,4500,1,1
"z[77,3]",1,0,1,1,1,1,1,NA,1,0,1
"z[78,3]",0.914666666666667,0.279408131952049,0,1,1,1,1,1.00058819135615,4500,1,1
"z[79,3]",0.961777777777778,0.191753630840733,0,1,1,1,1,1.00001357478635,4500,1,1
"z[80,3]",0.844,0.362895667058781,0,1,1,1,1,1.00081342786371,3317,1,1
"z[81,3]",1,0,1,1,1,1,1,NA,1,0,1
"z[82,3]",1,0,1,1,1,1,1,NA,1,0,1
"z[83,3]",1,0,1,1,1,1,1,NA,1,0,1
"z[84,3]",1,0,1,1,1,1,1,NA,1,0,1
"z[85,3]",1,0,1,1,1,1,1,NA,1,0,1
"z[86,3]",1,0,1,1,1,1,1,NA,1,0,1
"z[87,3]",1,0,1,1,1,1,1,NA,1,0,1
"z[88,3]",1,0,1,1,1,1,1,NA,1,0,1
"z[89,3]",1,0,1,1,1,1,1,NA,1,0,1
"z[90,3]",0.890222222222222,0.31264730789996,0,1,1,1,1,1.00052160366393,4500,1,1
"z[91,3]",0.965555555555556,0.182388094475073,0,1,1,1,1,1.00049129814005,4500,1,1
"z[92,3]",0.969333333333333,0.17243210118093,0,1,1,1,1,1.00142153871751,4500,1,1
"z[93,3]",0.958666666666667,0.199082134750893,0,1,1,1,1,0.999996442945816,4500,1,1
"z[94,3]",0.873555555555556,0.332386519284506,0,1,1,1,1,0.999692919181185,4500,1,1
"z[95,3]",1,0,1,1,1,1,1,NA,1,0,1
"z[96,3]",1,0,1,1,1,1,1,NA,1,0,1
"z[97,3]",1,0,1,1,1,1,1,NA,1,0,1
"z[98,3]",1,0,1,1,1,1,1,NA,1,0,1
"z[99,3]",1,0,1,1,1,1,1,NA,1,0,1
"z[100,3]",1,0,1,1,1,1,1,NA,1,0,1
"z[101,3]",1,0,1,1,1,1,1,NA,1,0,1
"z[102,3]",1,0,1,1,1,1,1,NA,1,0,1
"z[103,3]",1,0,1,1,1,1,1,NA,1,0,1
"z[104,3]",0.0151111111111111,0.1220084974435,0,0,0,0,0,1.00044568096925,4500,1,1
"z[105,3]",0.565111111111111,0.49579750786278,0,0,1,1,1,0.999990779520576,4500,1,1
"z[106,3]",1,0,1,1,1,1,1,NA,1,0,1
"z[107,3]",1,0,1,1,1,1,1,NA,1,0,1
"z[108,3]",1,0,1,1,1,1,1,NA,1,0,1
"z[109,3]",1,0,1,1,1,1,1,NA,1,0,1
"z[110,3]",1,0,1,1,1,1,1,NA,1,0,1
"z[111,3]",1,0,1,1,1,1,1,NA,1,0,1
"z[112,3]",0.98,0.140015558148628,1,1,1,1,1,1.00024418939892,4500,0,1
"z[113,3]",1,0,1,1,1,1,1,NA,1,0,1
"z[114,3]",1,0,1,1,1,1,1,NA,1,0,1
"z[115,3]",0.0442222222222222,0.205611312804703,0,0,0,0,1,1.00050881276373,4500,1,1
"z[116,3]",1,0,1,1,1,1,1,NA,1,0,1
"z[117,3]",1,0,1,1,1,1,1,NA,1,0,1
"z[118,3]",1,0,1,1,1,1,1,NA,1,0,1
"z[119,3]",1,0,1,1,1,1,1,NA,1,0,1
"z[120,3]",1,0,1,1,1,1,1,NA,1,0,1
"z[121,3]",1,0,1,1,1,1,1,NA,1,0,1
"z[122,3]",1,0,1,1,1,1,1,NA,1,0,1
"z[123,3]",1,0,1,1,1,1,1,NA,1,0,1
"z[124,3]",1,0,1,1,1,1,1,NA,1,0,1
"z[125,3]",0.949555555555556,0.218884556868758,0,1,1,1,1,1.00032226841553,4500,1,1
"z[126,3]",1,0,1,1,1,1,1,NA,1,0,1
"z[127,3]",0.97,0.170606178387604,0,1,1,1,1,NA,4500,1,1
"z[128,3]",0.96,0.195980956294358,0,1,1,1,1,0.999867436464732,4500,1,1
"z[129,3]",0.969555555555556,0.171825903655918,0,1,1,1,1,1.00257048953065,4500,1,1
"z[130,3]",0.972888888888889,0.162425248725456,0,1,1,1,1,0.999914840532128,4500,1,1
"z[131,3]",0.740222222222222,0.438561313033389,0,0,1,1,1,1.00070842817085,2496,1,1
"z[132,3]",0.794666666666667,0.403989881012978,0,1,1,1,1,1.0011433733429,2071,1,1
"z[133,3]",0.841555555555556,0.365197809580639,0,1,1,1,1,0.99975128461646,4500,1,1
"z[134,3]",0.277111111111111,0.447621568717054,0,0,0,1,1,1.0012224598243,1608,1,1
"z[135,3]",1,0,1,1,1,1,1,NA,1,0,1
"z[136,3]",1,0,1,1,1,1,1,NA,1,0,1
"z[137,3]",1,0,1,1,1,1,1,NA,1,0,1
"z[138,3]",1,0,1,1,1,1,1,NA,1,0,1
"z[139,3]",1,0,1,1,1,1,1,NA,1,0,1
"z[140,3]",1,0,1,1,1,1,1,NA,1,0,1
"z[141,3]",1,0,1,1,1,1,1,NA,1,0,1
"z[142,3]",0.835555555555556,0.370719583788944,0,1,1,1,1,1.00214268054609,1472,1,1
"z[143,3]",0.87,0.336340807693268,0,1,1,1,1,0.999741899791031,4500,1,1
"z[144,3]",0.862,0.344938314111875,0,1,1,1,1,0.999854993152153,4500,1,1
"z[145,3]",0.945333333333333,0.227353708622013,0,1,1,1,1,1.01134722815131,818,1,1
"z[146,3]",0.932888888888889,0.25024213410665,0,1,1,1,1,1.00097672545847,4500,1,1
"z[147,3]",0.935777777777778,0.245175623613492,0,1,1,1,1,0.999796469065018,4500,1,1
"z[148,3]",0.981777777777778,0.133769014787178,1,1,1,1,1,1.00547949755823,4500,0,1
"z[149,3]",1,0,1,1,1,1,1,NA,1,0,1
"z[150,3]",0.0715555555555556,0.257779217003763,0,0,0,0,1,1.00049340478508,4500,1,1
"z[151,3]",1,0,1,1,1,1,1,NA,1,0,1
"z[152,3]",1,0,1,1,1,1,1,NA,1,0,1
"z[153,3]",0.927555555555556,0.259251196201609,0,1,1,1,1,1.00120971258715,4500,1,1
"z[154,3]",0.959555555555556,0.197021109093834,0,1,1,1,1,1.0011572887011,4500,1,1
"z[155,3]",1,0,1,1,1,1,1,NA,1,0,1
"z[156,3]",0.046,0.209508363001558,0,0,0,0,1,1.00200197020537,4500,1,1
"z[157,3]",1,0,1,1,1,1,1,NA,1,0,1
"z[158,3]",1,0,1,1,1,1,1,NA,1,0,1
"z[159,3]",1,0,1,1,1,1,1,NA,1,0,1
"z[160,3]",1,0,1,1,1,1,1,NA,1,0,1
"z[161,3]",1,0,1,1,1,1,1,NA,1,0,1
"z[162,3]",1,0,1,1,1,1,1,NA,1,0,1
"z[163,3]",1,0,1,1,1,1,1,NA,1,0,1
"z[164,3]",1,0,1,1,1,1,1,NA,1,0,1
"z[165,3]",0.0284444444444444,0.166257332410862,0,0,0,0,1,1.0000867058006,4500,1,1
"z[166,3]",1,0,1,1,1,1,1,NA,1,0,1
"z[167,3]",0.616888888888889,0.486199052506756,0,0,1,1,1,0.999913674844723,4500,1,1
"z[168,3]",0.949555555555556,0.218884556868758,0,1,1,1,1,0.999806495049011,4500,1,1
"z[169,3]",0.962888888888889,0.189055069145718,0,1,1,1,1,1.01283888382228,1048,1,1
"z[170,3]",0.0664444444444444,0.249085061097509,0,0,0,0,1,1.0002890758793,4500,1,1
"z[171,3]",0.902444444444444,0.296745745695873,0,1,1,1,1,1.00267793137,1880,1,1
"z[172,3]",0.918,0.274395210814911,0,1,1,1,1,1.0005425182134,4500,1,1
"z[173,3]",0.902888888888889,0.296141912106173,0,1,1,1,1,1.00045872501345,4500,1,1
"z[174,3]",0.961111111111111,0.193351625166517,0,1,1,1,1,1.00016085476002,4500,1,1
"z[175,3]",1,0,1,1,1,1,1,NA,1,0,1
"z[176,3]",1,0,1,1,1,1,1,NA,1,0,1
"z[177,3]",1,0,1,1,1,1,1,NA,1,0,1
"z[178,3]",1,0,1,1,1,1,1,NA,1,0,1
"z[179,3]",0.560666666666667,0.49636106354266,0,0,1,1,1,1.00140857543291,1169,1,1
"z[180,3]",0.965777777777778,0.181819713016199,0,1,1,1,1,1.00144923031121,4500,1,1
"z[181,3]",0.981333333333333,0.1353598679191,1,1,1,1,1,1.00230758494456,4500,0,1
"z[182,3]",0.901777777777778,0.297647954649891,0,1,1,1,1,1.00141030653795,3227,1,1
"z[183,3]",0.967777777777778,0.176609404971474,0,1,1,1,1,1.00587677153855,2558,1,1
"z[184,3]",1,0,1,1,1,1,1,NA,1,0,1
"z[185,3]",1,0,1,1,1,1,1,NA,1,0,1
"z[186,3]",1,0,1,1,1,1,1,NA,1,0,1
"z[187,3]",1,0,1,1,1,1,1,NA,1,0,1
"z[188,3]",0.802888888888889,0.397861153319085,0,1,1,1,1,1.00114960011135,2136,1,1
"z[189,3]",0.945777777777778,0.226480841156445,0,1,1,1,1,1.00015477340499,4500,1,1
"z[190,3]",0.84,0.366646796392903,0,1,1,1,1,0.999842811206418,4500,1,1
"z[191,3]",1,0,1,1,1,1,1,NA,1,0,1
"z[192,3]",1,0,1,1,1,1,1,NA,1,0,1
"z[193,3]",1,0,1,1,1,1,1,NA,1,0,1
"z[194,3]",1,0,1,1,1,1,1,NA,1,0,1
"z[195,3]",1,0,1,1,1,1,1,NA,1,0,1
"z[196,3]",0.000666666666666667,0.0258141493083176,0,0,0,0,0,1.13377982835195,4498,1,1
"z[197,3]",1,0,1,1,1,1,1,NA,1,0,1
"z[198,3]",1,0,1,1,1,1,1,NA,1,0,1
"z[199,3]",0.157333333333333,0.364155219964792,0,0,0,0,1,1.00022603067521,4500,1,1
"z[200,3]",1,0,1,1,1,1,1,NA,1,0,1
"z[1,4]",1,0,1,1,1,1,1,NA,1,0,1
"z[2,4]",1,0,1,1,1,1,1,NA,1,0,1
"z[3,4]",0.0331111111111111,0.178946588136641,0,0,0,0,1,1.00436892793038,3309,1,1
"z[4,4]",0.0651111111111111,0.246749233761641,0,0,0,0,1,1.00136581552468,4500,1,1
"z[5,4]",0.932666666666667,0.250626243865736,0,1,1,1,1,1.00002357148336,4500,1,1
"z[6,4]",0.900666666666667,0.299142287254753,0,1,1,1,1,1.00000842973575,4500,1,1
"z[7,4]",0.836888888888889,0.369508075588303,0,1,1,1,1,0.999751456570148,4500,1,1
"z[8,4]",1,0,1,1,1,1,1,NA,1,0,1
"z[9,4]",1,0,1,1,1,1,1,NA,1,0,1
"z[10,4]",1,0,1,1,1,1,1,NA,1,0,1
"z[11,4]",1,0,1,1,1,1,1,NA,1,0,1
"z[12,4]",1,0,1,1,1,1,1,NA,1,0,1
"z[13,4]",0.853777777777778,0.353368126214765,0,1,1,1,1,1.00121220662735,2599,1,1
"z[14,4]",0.103111111111111,0.304137740801698,0,0,0,0,1,1.00056784660735,4500,1,1
"z[15,4]",1,0,1,1,1,1,1,NA,1,0,1
"z[16,4]",1,0,1,1,1,1,1,NA,1,0,1
"z[17,4]",1,0,1,1,1,1,1,NA,1,0,1
"z[18,4]",0.05,0.217969167319041,0,0,0,0,1,1.00084664841581,4500,1,1
"z[19,4]",0.0108888888888889,0.103791690054186,0,0,0,0,0,1.00995262137529,4452,1,1
"z[20,4]",1,0,1,1,1,1,1,NA,1,0,1
"z[21,4]",1,0,1,1,1,1,1,NA,1,0,1
"z[22,4]",1,0,1,1,1,1,1,NA,1,0,1
"z[23,4]",1,0,1,1,1,1,1,NA,1,0,1
"z[24,4]",1,0,1,1,1,1,1,NA,1,0,1
"z[25,4]",0.00711111111111111,0.0840363764582043,0,0,0,0,0,1.01326495832306,4500,1,1
"z[26,4]",1,0,1,1,1,1,1,NA,1,0,1
"z[27,4]",1,0,1,1,1,1,1,NA,1,0,1
"z[28,4]",1,0,1,1,1,1,1,NA,1,0,1
"z[29,4]",1,0,1,1,1,1,1,NA,1,0,1
"z[30,4]",1,0,1,1,1,1,1,NA,1,0,1
"z[31,4]",1,0,1,1,1,1,1,NA,1,0,1
"z[32,4]",1,0,1,1,1,1,1,NA,1,0,1
"z[33,4]",0.186666666666667,0.38968701286146,0,0,0,0,1,0.999862349936442,4500,1,1
"z[34,4]",0.344888888888889,0.47538485817232,0,0,0,1,1,1.00192787760863,980,1,1
"z[35,4]",1,0,1,1,1,1,1,NA,1,0,1
"z[36,4]",0.540444444444444,0.498416945173493,0,0,1,1,1,0.999753462047252,4500,1,1
"z[37,4]",1,0,1,1,1,1,1,NA,1,0,1
"z[38,4]",0.785111111111111,0.41079088857108,0,1,1,1,1,1.00146309105615,1646,1,1
"z[39,4]",1,0,1,1,1,1,1,NA,1,0,1
"z[40,4]",1,0,1,1,1,1,1,NA,1,0,1
"z[41,4]",1,0,1,1,1,1,1,NA,1,0,1
"z[42,4]",1,0,1,1,1,1,1,NA,1,0,1
"z[43,4]",0.213555555555556,0.409862062981569,0,0,0,0,1,1.0000764230215,4500,1,1
"z[44,4]",0.88,0.324997649041713,0,1,1,1,1,0.999686538857806,4500,1,1
"z[45,4]",1,0,1,1,1,1,1,NA,1,0,1
"z[46,4]",1,0,1,1,1,1,1,NA,1,0,1
"z[47,4]",1,0,1,1,1,1,1,NA,1,0,1
"z[48,4]",1,0,1,1,1,1,1,NA,1,0,1
"z[49,4]",0.869777777777778,0.336585160875883,0,1,1,1,1,1.00216924640811,1769,1,1
"z[50,4]",1,0,1,1,1,1,1,NA,1,0,1
"z[51,4]",1,0,1,1,1,1,1,NA,1,0,1
"z[52,4]",0.964444444444444,0.185199838067563,0,1,1,1,1,1.00244646861939,4500,1,1
"z[53,4]",0.949777777777778,0.218427454690079,0,1,1,1,1,1.00006791042082,4500,1,1
"z[54,4]",1,0,1,1,1,1,1,NA,1,0,1
"z[55,4]",1,0,1,1,1,1,1,NA,1,0,1
"z[56,4]",1,0,1,1,1,1,1,NA,1,0,1
"z[57,4]",1,0,1,1,1,1,1,NA,1,0,1
"z[58,4]",0.0366666666666667,0.18796295738691,0,0,0,0,1,1.00197242678246,4500,1,1
"z[59,4]",1,0,1,1,1,1,1,NA,1,0,1
"z[60,4]",1,0,1,1,1,1,1,NA,1,0,1
"z[61,4]",0.978444444444444,0.14524324938423,1,1,1,1,1,1.00237476476169,4500,0,1
"z[62,4]",0.867555555555556,0.339010992795988,0,1,1,1,1,1.00095590946527,3383,1,1
"z[63,4]",0.975777777777778,0.153755519169198,1,1,1,1,1,0.999975841264409,4500,0,1
"z[64,4]",0.931555555555556,0.252535095508448,0,1,1,1,1,1.00250661891402,2754,1,1
"z[65,4]",0.976444444444444,0.151676642100424,1,1,1,1,1,1.00306145634426,4500,0,1
"z[66,4]",0.958888888888889,0.198569256988457,0,1,1,1,1,1.00111142771433,4500,1,1
"z[67,4]",0.943555555555556,0.230803611284136,0,1,1,1,1,1.00282549036391,2964,1,1
"z[68,4]",0.950666666666667,0.216587118720284,0,1,1,1,1,1.00127720663987,4500,1,1
"z[69,4]",0.155333333333333,0.362262407670956,0,0,0,0,1,1.00005740367965,4500,1,1
"z[70,4]",0.149333333333333,0.356456343321839,0,0,0,0,1,0.999863834025718,4500,1,1
"z[71,4]",0.0257777777777778,0.158489324311835,0,0,0,0,1,1.00017525943486,4500,1,1
"z[72,4]",0.384888888888889,0.486623113690261,0,0,0,1,1,0.999863899924303,4500,1,1
"z[73,4]",1,0,1,1,1,1,1,NA,1,0,1
"z[74,4]",1,0,1,1,1,1,1,NA,1,0,1
"z[75,4]",1,0,1,1,1,1,1,NA,1,0,1
"z[76,4]",0.798,0.401536834294687,0,1,1,1,1,0.999983115780176,4500,1,1
"z[77,4]",0.379777777777778,0.485385385658857,0,0,0,1,1,0.999981943781107,4500,1,1
"z[78,4]",1,0,1,1,1,1,1,NA,1,0,1
"z[79,4]",1,0,1,1,1,1,1,NA,1,0,1
"z[80,4]",0.819555555555556,0.384599944597123,0,1,1,1,1,0.999721878864849,4500,1,1
"z[81,4]",1,0,1,1,1,1,1,NA,1,0,1
"z[82,4]",1,0,1,1,1,1,1,NA,1,0,1
"z[83,4]",1,0,1,1,1,1,1,NA,1,0,1
"z[84,4]",1,0,1,1,1,1,1,NA,1,0,1
"z[85,4]",1,0,1,1,1,1,1,NA,1,0,1
"z[86,4]",0.0406666666666667,0.19753875656879,0,0,0,0,1,1.0008812337281,4500,1,1
"z[87,4]",1,0,1,1,1,1,1,NA,1,0,1
"z[88,4]",1,0,1,1,1,1,1,NA,1,0,1
"z[89,4]",0.930888888888889,0.253671175391235,0,1,1,1,1,1.00147534726955,4286,1,1
"z[90,4]",0.873333333333333,0.332636153179885,0,1,1,1,1,1.00077419185671,4081,1,1
"z[91,4]",0.957777777777778,0.201118111385383,0,1,1,1,1,1.00022482903355,4500,1,1
"z[92,4]",0.968888888888889,0.173637293967947,0,1,1,1,1,0.99985668880865,4500,1,1
"z[93,4]",0.953333333333333,0.210947333488984,0,1,1,1,1,1.0031397960058,3230,1,1
"z[94,4]",0.842666666666667,0.364155219964792,0,1,1,1,1,1.00054439368779,4303,1,1
"z[95,4]",1,0,1,1,1,1,1,NA,1,0,1
"z[96,4]",1,0,1,1,1,1,1,NA,1,0,1
"z[97,4]",1,0,1,1,1,1,1,NA,1,0,1
"z[98,4]",1,0,1,1,1,1,1,NA,1,0,1
"z[99,4]",1,0,1,1,1,1,1,NA,1,0,1
"z[100,4]",0.904666666666667,0.293707437222326,0,1,1,1,1,0.99985590165713,4500,1,1
"z[101,4]",0.408444444444444,0.491600737364081,0,0,0,1,1,1.00071816111836,1975,1,1
"z[102,4]",1,0,1,1,1,1,1,NA,1,0,1
"z[103,4]",1,0,1,1,1,1,1,NA,1,0,1
"z[104,4]",1,0,1,1,1,1,1,NA,1,0,1
"z[105,4]",0.73,0.44400879466008,0,0,1,1,1,1.00122292466789,1629,1,1
"z[106,4]",1,0,1,1,1,1,1,NA,1,0,1
"z[107,4]",1,0,1,1,1,1,1,NA,1,0,1
"z[108,4]",1,0,1,1,1,1,1,NA,1,0,1
"z[109,4]",1,0,1,1,1,1,1,NA,1,0,1
"z[110,4]",1,0,1,1,1,1,1,NA,1,0,1
"z[111,4]",1,0,1,1,1,1,1,NA,1,0,1
"z[112,4]",1,0,1,1,1,1,1,NA,1,0,1
"z[113,4]",1,0,1,1,1,1,1,NA,1,0,1
"z[114,4]",1,0,1,1,1,1,1,NA,1,0,1
"z[115,4]",1,0,1,1,1,1,1,NA,1,0,1
"z[116,4]",1,0,1,1,1,1,1,NA,1,0,1
"z[117,4]",1,0,1,1,1,1,1,NA,1,0,1
"z[118,4]",1,0,1,1,1,1,1,NA,1,0,1
"z[119,4]",1,0,1,1,1,1,1,NA,1,0,1
"z[120,4]",1,0,1,1,1,1,1,NA,1,0,1
"z[121,4]",1,0,1,1,1,1,1,NA,1,0,1
"z[122,4]",1,0,1,1,1,1,1,NA,1,0,1
"z[123,4]",0.958444444444444,0.199593447150984,0,1,1,1,1,0.999775538367603,4500,1,1
"z[124,4]",1,0,1,1,1,1,1,NA,1,0,1
"z[125,4]",1,0,1,1,1,1,1,NA,1,0,1
"z[126,4]",1,0,1,1,1,1,1,NA,1,0,1
"z[127,4]",0.960444444444444,0.194934239891299,0,1,1,1,1,1.00336263317997,3546,1,1
"z[128,4]",0.945111111111111,0.227788562815897,0,1,1,1,1,1.00110221456054,4500,1,1
"z[129,4]",0.959111111111111,0.198054801702807,0,1,1,1,1,1.00521943575115,2276,1,1
"z[130,4]",0.966,0.181249276657738,0,1,1,1,1,1.00055752684663,4500,1,1
"z[131,4]",0.625333333333333,0.484090520376307,0,0,1,1,1,0.999743502316427,4500,1,1
"z[132,4]",0.688444444444444,0.463180705671176,0,0,1,1,1,1.00000418526955,4500,1,1
"z[133,4]",0.761777777777778,0.426043109584256,0,1,1,1,1,0.999795663072875,4500,1,1
"z[134,4]",1,0,1,1,1,1,1,NA,1,0,1
"z[135,4]",0.194222222222222,0.395644709448007,0,0,0,0,1,1.00131359225584,1938,1,1
"z[136,4]",1,0,1,1,1,1,1,NA,1,0,1
"z[137,4]",1,0,1,1,1,1,1,NA,1,0,1
"z[138,4]",1,0,1,1,1,1,1,NA,1,0,1
"z[139,4]",1,0,1,1,1,1,1,NA,1,0,1
"z[140,4]",0.0128888888888889,0.11280777163711,0,0,0,0,0,1.00390931704758,4500,1,1
"z[141,4]",1,0,1,1,1,1,1,NA,1,0,1
"z[142,4]",0.786222222222222,0.410017314533042,0,1,1,1,1,0.999922139632686,4500,1,1
"z[143,4]",0.809111111111111,0.393045354774839,0,1,1,1,1,0.999968336553144,4500,1,1
"z[144,4]",0.788666666666667,0.408299647209664,0,1,1,1,1,0.999956786275892,4500,1,1
"z[145,4]",1,0,1,1,1,1,1,NA,1,0,1
"z[146,4]",1,0,1,1,1,1,1,NA,1,0,1
"z[147,4]",1,0,1,1,1,1,1,NA,1,0,1
"z[148,4]",1,0,1,1,1,1,1,NA,1,0,1
"z[149,4]",0.934444444444444,0.247531090191705,0,1,1,1,1,0.999850688430383,4500,1,1
"z[150,4]",1,0,1,1,1,1,1,NA,1,0,1
"z[151,4]",0.923111111111111,0.266444673101302,0,1,1,1,1,1.00109278596216,4500,1,1
"z[152,4]",1,0,1,1,1,1,1,NA,1,0,1
"z[153,4]",1,0,1,1,1,1,1,NA,1,0,1
"z[154,4]",1,0,1,1,1,1,1,NA,1,0,1
"z[155,4]",0.0986666666666667,0.298247082996824,0,0,0,0,1,1.00000361109993,4500,1,1
"z[156,4]",0.0395555555555556,0.194934239891299,0,0,0,0,1,1.00009365267649,4500,1,1
"z[157,4]",0.0173333333333333,0.130524613834426,0,0,0,0,0,1.0104881435454,2675,1,1
"z[158,4]",1,0,1,1,1,1,1,NA,1,0,1
"z[159,4]",1,0,1,1,1,1,1,NA,1,0,1
"z[160,4]",1,0,1,1,1,1,1,NA,1,0,1
"z[161,4]",1,0,1,1,1,1,1,NA,1,0,1
"z[162,4]",1,0,1,1,1,1,1,NA,1,0,1
"z[163,4]",1,0,1,1,1,1,1,NA,1,0,1
"z[164,4]",1,0,1,1,1,1,1,NA,1,0,1
"z[165,4]",0.0531111111111111,0.224279956970223,0,0,0,0,1,1.00072966363426,4500,1,1
"z[166,4]",1,0,1,1,1,1,1,NA,1,0,1
"z[167,4]",1,0,1,1,1,1,1,NA,1,0,1
"z[168,4]",1,0,1,1,1,1,1,NA,1,0,1
"z[169,4]",1,0,1,1,1,1,1,NA,1,0,1
"z[170,4]",1,0,1,1,1,1,1,NA,1,0,1
"z[171,4]",0.899777777777778,0.300329439689937,0,1,1,1,1,1.00072318288363,4500,1,1
"z[172,4]",0.910666666666667,0.285255975094233,0,1,1,1,1,1.00302795503762,1831,1,1
"z[173,4]",0.917333333333333,0.275408323018099,0,1,1,1,1,1.00132199535132,3969,1,1
"z[174,4]",1,0,1,1,1,1,1,NA,1,0,1
"z[175,4]",1,0,1,1,1,1,1,NA,1,0,1
"z[176,4]",1,0,1,1,1,1,1,NA,1,0,1
"z[177,4]",1,0,1,1,1,1,1,NA,1,0,1
"z[178,4]",0.956888888888889,0.203129792200249,0,1,1,1,1,0.99972464048182,4500,1,1
"z[179,4]",0.780222222222222,0.414142029152664,0,1,1,1,1,1.00024555126667,4500,1,1
"z[180,4]",0.957777777777778,0.201118111385383,0,1,1,1,1,1.0005865408946,4500,1,1
"z[181,4]",0.974222222222222,0.158489324311835,0,1,1,1,1,1.00391119967278,4500,1,1
"z[182,4]",0.852666666666667,0.354477284696265,0,1,1,1,1,1.00002372913236,4500,1,1
"z[183,4]",0.954444444444444,0.208542349028494,0,1,1,1,1,1.00007144334441,4500,1,1
"z[184,4]",1,0,1,1,1,1,1,NA,1,0,1
"z[185,4]",1,0,1,1,1,1,1,NA,1,0,1
"z[186,4]",1,0,1,1,1,1,1,NA,1,0,1
"z[187,4]",1,0,1,1,1,1,1,NA,1,0,1
"z[188,4]",0.744666666666667,0.436096875191881,0,0,1,1,1,0.999895814042955,4500,1,1
"z[189,4]",1,0,1,1,1,1,1,NA,1,0,1
"z[190,4]",1,0,1,1,1,1,1,NA,1,0,1
"z[191,4]",0.939777777777778,0.237924537926314,0,1,1,1,1,1.00006745730184,4500,1,1
"z[192,4]",1,0,1,1,1,1,1,NA,1,0,1
"z[193,4]",1,0,1,1,1,1,1,NA,1,0,1
"z[194,4]",1,0,1,1,1,1,1,NA,1,0,1
"z[195,4]",1,0,1,1,1,1,1,NA,1,0,1
"z[196,4]",0.028,0.164991058376806,0,0,0,0,1,1.00036541235807,4500,1,1
"z[197,4]",0.360888888888889,0.480311737615325,0,0,0,1,1,0.999813201759726,4500,1,1
"z[198,4]",1,0,1,1,1,1,1,NA,1,0,1
"z[199,4]",0.240888888888889,0.42767052389049,0,0,0,0,1,1.00119219099622,1789,1,1
"z[200,4]",1,0,1,1,1,1,1,NA,1,0,1
"z[1,5]",1,0,1,1,1,1,1,NA,1,0,1
"z[2,5]",1,0,1,1,1,1,1,NA,1,0,1
"z[3,5]",0.0253333333333333,0.15715293120877,0,0,0,0,1,1.00556387940202,3402,1,1
"z[4,5]",1,0,1,1,1,1,1,NA,1,0,1
"z[5,5]",0.965111111111111,0.183518768996536,0,1,1,1,1,1.01065462672553,1335,1,1
"z[6,5]",0.965555555555556,0.182388094475073,0,1,1,1,1,1.00029122281504,4500,1,1
"z[7,5]",0.934222222222222,0.247920794922865,0,1,1,1,1,1.00092719634154,4500,1,1
"z[8,5]",1,0,1,1,1,1,1,NA,1,0,1
"z[9,5]",1,0,1,1,1,1,1,NA,1,0,1
"z[10,5]",1,0,1,1,1,1,1,NA,1,0,1
"z[11,5]",1,0,1,1,1,1,1,NA,1,0,1
"z[12,5]",1,0,1,1,1,1,1,NA,1,0,1
"z[13,5]",0.774666666666667,0.417848084308576,0,1,1,1,1,1.00099784046184,2147,1,1
"z[14,5]",0.103555555555556,0.304716977446087,0,0,0,0,1,1.00215992227904,2159,1,1
"z[15,5]",1,0,1,1,1,1,1,NA,1,0,1
"z[16,5]",1,0,1,1,1,1,1,NA,1,0,1
"z[17,5]",1,0,1,1,1,1,1,NA,1,0,1
"z[18,5]",0.694444444444444,0.460693523007132,0,0,1,1,1,0.999759278886281,4500,1,1
"z[19,5]",0.0233333333333333,0.15097666777369,0,0,0,0,0,1.00194122079106,4500,1,1
"z[20,5]",1,0,1,1,1,1,1,NA,1,0,1
"z[21,5]",1,0,1,1,1,1,1,NA,1,0,1
"z[22,5]",1,0,1,1,1,1,1,NA,1,0,1
"z[23,5]",1,0,1,1,1,1,1,NA,1,0,1
"z[24,5]",1,0,1,1,1,1,1,NA,1,0,1
"z[25,5]",1,0,1,1,1,1,1,NA,1,0,1
"z[26,5]",1,0,1,1,1,1,1,NA,1,0,1
"z[27,5]",1,0,1,1,1,1,1,NA,1,0,1
"z[28,5]",1,0,1,1,1,1,1,NA,1,0,1
"z[29,5]",1,0,1,1,1,1,1,NA,1,0,1
"z[30,5]",0.988888888888889,0.104833661410201,1,1,1,1,1,0.999870974059888,4500,0,1
"z[31,5]",1,0,1,1,1,1,1,NA,1,0,1
"z[32,5]",1,0,1,1,1,1,1,NA,1,0,1
"z[33,5]",1,0,1,1,1,1,1,NA,1,0,1
"z[34,5]",1,0,1,1,1,1,1,NA,1,0,1
"z[35,5]",1,0,1,1,1,1,1,NA,1,0,1
"z[36,5]",1,0,1,1,1,1,1,NA,1,0,1
"z[37,5]",1,0,1,1,1,1,1,NA,1,0,1
"z[38,5]",1,0,1,1,1,1,1,NA,1,0,1
"z[39,5]",1,0,1,1,1,1,1,NA,1,0,1
"z[40,5]",1,0,1,1,1,1,1,NA,1,0,1
"z[41,5]",1,0,1,1,1,1,1,NA,1,0,1
"z[42,5]",1,0,1,1,1,1,1,NA,1,0,1
"z[43,5]",1,0,1,1,1,1,1,NA,1,0,1
"z[44,5]",1,0,1,1,1,1,1,NA,1,0,1
"z[45,5]",1,0,1,1,1,1,1,NA,1,0,1
"z[46,5]",1,0,1,1,1,1,1,NA,1,0,1
"z[47,5]",0.981555555555556,0.13456697579197,1,1,1,1,1,1.00799991998049,3274,0,1
"z[48,5]",0.990222222222222,0.0984089676386699,1,1,1,1,1,1.00696580834126,4500,0,1
"z[49,5]",0.958888888888889,0.198569256988457,0,1,1,1,1,1.00144058477905,4500,1,1
"z[50,5]",0.990666666666667,0.0961679644942985,1,1,1,1,1,1.02313913680923,2230,0,1
"z[51,5]",0.983111111111111,0.128869487630174,1,1,1,1,1,1.00640620449794,4425,0,1
"z[52,5]",0.980888888888889,0.136930797191431,1,1,1,1,1,1.00642496304903,3914,0,1
"z[53,5]",0.979111111111111,0.143028281223349,1,1,1,1,1,0.999902499429906,4500,0,1
"z[54,5]",1,0,1,1,1,1,1,NA,1,0,1
"z[55,5]",1,0,1,1,1,1,1,NA,1,0,1
"z[56,5]",1,0,1,1,1,1,1,NA,1,0,1
"z[57,5]",1,0,1,1,1,1,1,NA,1,0,1
"z[58,5]",1,0,1,1,1,1,1,NA,1,0,1
"z[59,5]",0.987111111111111,0.11280777163711,1,1,1,1,1,1.01152429204033,3262,0,1
"z[60,5]",0.985333333333333,0.120227982292648,1,1,1,1,1,1.00424956411599,4500,0,1
"z[61,5]",0.992444444444444,0.0866033246050876,1,1,1,1,1,1.03034482300482,2081,0,1
"z[62,5]",0.955333333333333,0.206593901727913,0,1,1,1,1,1.00161129003409,4500,1,1
"z[63,5]",0.992888888888889,0.0840363764582043,1,1,1,1,1,1.00311461330671,4500,0,1
"z[64,5]",0.979333333333333,0.142281601882585,1,1,1,1,1,1.00344600824256,4500,0,1
"z[65,5]",0.993111111111111,0.0827221418662089,1,1,1,1,1,1.00645251233684,4500,0,1
"z[66,5]",0.984444444444444,0.123761803562895,1,1,1,1,1,1.00291733106356,4500,0,1
"z[67,5]",0.983555555555556,0.127191272176836,1,1,1,1,1,1.00370504695139,4500,0,1
"z[68,5]",0.981111111111111,0.136147779728393,1,1,1,1,1,1.00231693045249,4500,0,1
"z[69,5]",1,0,1,1,1,1,1,NA,1,0,1
"z[70,5]",1,0,1,1,1,1,1,NA,1,0,1
"z[71,5]",0.004,0.0631259497363628,0,0,0,0,0,NA,4500,1,1
"z[72,5]",1,0,1,1,1,1,1,NA,1,0,1
"z[73,5]",0.952444444444444,0.212847579895609,0,1,1,1,1,1.00561978196537,1839,1,1
"z[74,5]",0.97,0.170606178387604,0,1,1,1,1,1.00236668201411,4500,1,1
"z[75,5]",0.941777777777778,0.234189202882591,0,1,1,1,1,0.999921213109823,4500,1,1
"z[76,5]",1,0,1,1,1,1,1,NA,1,0,1
"z[77,5]",1,0,1,1,1,1,1,NA,1,0,1
"z[78,5]",1,0,1,1,1,1,1,NA,1,0,1
"z[79,5]",1,0,1,1,1,1,1,NA,1,0,1
"z[80,5]",0.910444444444444,0.285575701032972,0,1,1,1,1,1.00216667449598,2454,1,1
"z[81,5]",1,0,1,1,1,1,1,NA,1,0,1
"z[82,5]",1,0,1,1,1,1,1,NA,1,0,1
"z[83,5]",1,0,1,1,1,1,1,NA,1,0,1
"z[84,5]",1,0,1,1,1,1,1,NA,1,0,1
"z[85,5]",1,0,1,1,1,1,1,NA,1,0,1
"z[86,5]",1,0,1,1,1,1,1,NA,1,0,1
"z[87,5]",1,0,1,1,1,1,1,NA,1,0,1
"z[88,5]",0.104888888888889,0.306444249967912,0,0,0,0,1,0.999854062089943,4500,1,1
"z[89,5]",1,0,1,1,1,1,1,NA,1,0,1
"z[90,5]",0.932,0.251773880070849,0,1,1,1,1,1.00078820555023,4500,1,1
"z[91,5]",0.985555555555556,0.119327141438796,1,1,1,1,1,1.00160901985186,4500,0,1
"z[92,5]",0.987777777777778,0.109888684384328,1,1,1,1,1,1.01230483497492,3218,0,1
"z[93,5]",0.986666666666667,0.11471041653724,1,1,1,1,1,1.02127688651422,1709,0,1
"z[94,5]",0.945111111111111,0.227788562815897,0,1,1,1,1,1.00233192664881,3599,1,1
"z[95,5]",1,0,1,1,1,1,1,NA,1,0,1
"z[96,5]",1,0,1,1,1,1,1,NA,1,0,1
"z[97,5]",1,0,1,1,1,1,1,NA,1,0,1
"z[98,5]",1,0,1,1,1,1,1,NA,1,0,1
"z[99,5]",0.99,0.0995098009695405,1,1,1,1,1,1.01375041180442,3518,0,1
"z[100,5]",1,0,1,1,1,1,1,NA,1,0,1
"z[101,5]",1,0,1,1,1,1,1,NA,1,0,1
"z[102,5]",0.979333333333333,0.142281601882585,1,1,1,1,1,1.01295787962722,1823,0,1
"z[103,5]",0.982444444444444,0.13134379171788,1,1,1,1,1,1.01005906297699,2751,0,1
"z[104,5]",1,0,1,1,1,1,1,NA,1,0,1
"z[105,5]",0.875333333333333,0.330377275632388,0,1,1,1,1,1.00057957904126,4500,1,1
"z[106,5]",0.973777777777778,0.159813306406557,0,1,1,1,1,1.00388710724115,4500,1,1
"z[107,5]",1,0,1,1,1,1,1,NA,1,0,1
"z[108,5]",1,0,1,1,1,1,1,NA,1,0,1
"z[109,5]",1,0,1,1,1,1,1,NA,1,0,1
"z[110,5]",1,0,1,1,1,1,1,NA,1,0,1
"z[111,5]",1,0,1,1,1,1,1,NA,1,0,1
"z[112,5]",1,0,1,1,1,1,1,NA,1,0,1
"z[113,5]",1,0,1,1,1,1,1,NA,1,0,1
"z[114,5]",1,0,1,1,1,1,1,NA,1,0,1
"z[115,5]",1,0,1,1,1,1,1,NA,1,0,1
"z[116,5]",1,0,1,1,1,1,1,NA,1,0,1
"z[117,5]",1,0,1,1,1,1,1,NA,1,0,1
"z[118,5]",1,0,1,1,1,1,1,NA,1,0,1
"z[119,5]",1,0,1,1,1,1,1,NA,1,0,1
"z[120,5]",1,0,1,1,1,1,1,NA,1,0,1
"z[121,5]",1,0,1,1,1,1,1,NA,1,0,1
"z[122,5]",1,0,1,1,1,1,1,NA,1,0,1
"z[123,5]",1,0,1,1,1,1,1,NA,1,0,1
"z[124,5]",1,0,1,1,1,1,1,NA,1,0,1
"z[125,5]",1,0,1,1,1,1,1,NA,1,0,1
"z[126,5]",1,0,1,1,1,1,1,NA,1,0,1
"z[127,5]",0.988444444444444,0.106885749673393,1,1,1,1,1,1.00098880252479,4500,0,1
"z[128,5]",0.983333333333333,0.128033322512951,1,1,1,1,1,1.01027598926113,2838,0,1
"z[129,5]",0.984666666666667,0.122888478420367,1,1,1,1,1,1.00063941115207,4500,0,1
"z[130,5]",0.988,0.108897361089598,1,1,1,1,1,1.00333729730656,4500,0,1
"z[131,5]",0.838,0.368491756631665,0,1,1,1,1,1.00015280876919,4500,1,1
"z[132,5]",0.882666666666667,0.321852826698461,0,1,1,1,1,0.999921730428351,4500,1,1
"z[133,5]",0.919333333333333,0.272352784307054,0,1,1,1,1,1.00032513922014,4500,1,1
"z[134,5]",1,0,1,1,1,1,1,NA,1,0,1
"z[135,5]",1,0,1,1,1,1,1,NA,1,0,1
"z[136,5]",0.978,0.146699633251375,1,1,1,1,1,NA,4500,0,1
"z[137,5]",1,0,1,1,1,1,1,NA,1,0,1
"z[138,5]",1,0,1,1,1,1,1,NA,1,0,1
"z[139,5]",1,0,1,1,1,1,1,NA,1,0,1
"z[140,5]",1,0,1,1,1,1,1,NA,1,0,1
"z[141,5]",0.0277777777777778,0.164353812079863,0,0,0,0,1,1.00273380043369,4500,1,1
"z[142,5]",0.909111111111111,0.287482981490148,0,1,1,1,1,1.00036379999033,4500,1,1
"z[143,5]",0.920666666666667,0.270288346355507,0,1,1,1,1,1.00017933542346,4500,1,1
"z[144,5]",0.912666666666667,0.282354278616482,0,1,1,1,1,1.00072593648919,4500,1,1
"z[145,5]",1,0,1,1,1,1,1,NA,1,0,1
"z[146,5]",1,0,1,1,1,1,1,NA,1,0,1
"z[147,5]",1,0,1,1,1,1,1,NA,1,0,1
"z[148,5]",1,0,1,1,1,1,1,NA,1,0,1
"z[149,5]",1,0,1,1,1,1,1,NA,1,0,1
"z[150,5]",0.0417777777777778,0.200103206188376,0,0,0,0,1,1.00106771159587,4500,1,1
"z[151,5]",1,0,1,1,1,1,1,NA,1,0,1
"z[152,5]",1,0,1,1,1,1,1,NA,1,0,1
"z[153,5]",1,0,1,1,1,1,1,NA,1,0,1
"z[154,5]",1,0,1,1,1,1,1,NA,1,0,1
"z[155,5]",1,0,1,1,1,1,1,NA,1,0,1
"z[156,5]",1,0,1,1,1,1,1,NA,1,0,1
"z[157,5]",1,0,1,1,1,1,1,NA,1,0,1
"z[158,5]",1,0,1,1,1,1,1,NA,1,0,1
"z[159,5]",1,0,1,1,1,1,1,NA,1,0,1
"z[160,5]",1,0,1,1,1,1,1,NA,1,0,1
"z[161,5]",1,0,1,1,1,1,1,NA,1,0,1
"z[162,5]",1,0,1,1,1,1,1,NA,1,0,1
"z[163,5]",0.978222222222222,0.145973426820025,1,1,1,1,1,1.00459021980147,4500,0,1
"z[164,5]",1,0,1,1,1,1,1,NA,1,0,1
"z[165,5]",1,0,1,1,1,1,1,NA,1,0,1
"z[166,5]",1,0,1,1,1,1,1,NA,1,0,1
"z[167,5]",1,0,1,1,1,1,1,NA,1,0,1
"z[168,5]",0.986444444444444,0.115649360747383,1,1,1,1,1,1.01000351508315,3564,0,1
"z[169,5]",1,0,1,1,1,1,1,NA,1,0,1
"z[170,5]",0.969555555555556,0.171825903655918,0,1,1,1,1,1.00156196102861,4500,1,1
"z[171,5]",0.970444444444444,0.169376503362579,0,1,1,1,1,1.00256373502503,4500,1,1
"z[172,5]",0.972666666666667,0.163070940344369,0,1,1,1,1,1.00806242954179,2217,1,1
"z[173,5]",0.973777777777778,0.159813306406557,0,1,1,1,1,1.0060139619858,3061,1,1
"z[174,5]",1,0,1,1,1,1,1,NA,1,0,1
"z[175,5]",1,0,1,1,1,1,1,NA,1,0,1
"z[176,5]",1,0,1,1,1,1,1,NA,1,0,1
"z[177,5]",1,0,1,1,1,1,1,NA,1,0,1
"z[178,5]",0.972888888888889,0.162425248725456,0,1,1,1,1,1.00436194370282,4017,1,1
"z[179,5]",0.903333333333333,0.295536176252013,0,1,1,1,1,1.00352905428728,1486,1,1
"z[180,5]",0.985555555555556,0.119327141438796,1,1,1,1,1,1.00774382681094,4304,0,1
"z[181,5]",0.991111111111111,0.093871373318521,1,1,1,1,1,1.00377509200308,4500,0,1
"z[182,5]",0.961555555555556,0.192288028053314,0,1,1,1,1,0.999955360058032,4500,1,1
"z[183,5]",0.985777777777778,0.118419030794728,1,1,1,1,1,1.00576548639937,4500,0,1
"z[184,5]",1,0,1,1,1,1,1,NA,1,0,1
"z[185,5]",0.998,0.0446815807032984,1,1,1,1,1,1.05117977239475,4492,0,1
"z[186,5]",0.761555555555556,0.426179602245209,0,1,1,1,1,0.999822461807781,4500,1,1
"z[187,5]",1,0,1,1,1,1,1,NA,1,0,1
"z[188,5]",0.877111111111111,0.328346109941716,0,1,1,1,1,1.00067463058742,4500,1,1
"z[189,5]",1,0,1,1,1,1,1,NA,1,0,1
"z[190,5]",1,0,1,1,1,1,1,NA,1,0,1
"z[191,5]",1,0,1,1,1,1,1,NA,1,0,1
"z[192,5]",0.976888888888889,0.150273104306291,1,1,1,1,1,1.00333084572888,4500,0,1
"z[193,5]",1,0,1,1,1,1,1,NA,1,0,1
"z[194,5]",1,0,1,1,1,1,1,NA,1,0,1
"z[195,5]",1,0,1,1,1,1,1,NA,1,0,1
"z[196,5]",0.00422222222222222,0.0648485125458765,0,0,0,0,0,1.03664473319752,3042,1,1
"z[197,5]",0.846666666666667,0.360348550735725,0,1,1,1,1,0.999789535565468,4500,1,1
"z[198,5]",1,0,1,1,1,1,1,NA,1,0,1
"z[199,5]",1,0,1,1,1,1,1,NA,1,0,1
"z[200,5]",1,0,1,1,1,1,1,NA,1,0,1
"z[1,6]",1,0,1,1,1,1,1,NA,1,0,1
"z[2,6]",1,0,1,1,1,1,1,NA,1,0,1
"z[3,6]",1,0,1,1,1,1,1,NA,1,0,1
"z[4,6]",1,0,1,1,1,1,1,NA,1,0,1
"z[5,6]",0.975555555555556,0.154441620272072,1,1,1,1,1,1.00489122668676,3992,0,1
"z[6,6]",0.968,0.176019558815419,0,1,1,1,1,1.00547872400915,2752,1,1
"z[7,6]",1,0,1,1,1,1,1,NA,1,0,1
"z[8,6]",1,0,1,1,1,1,1,NA,1,0,1
"z[9,6]",1,0,1,1,1,1,1,NA,1,0,1
"z[10,6]",1,0,1,1,1,1,1,NA,1,0,1
"z[11,6]",1,0,1,1,1,1,1,NA,1,0,1
"z[12,6]",1,0,1,1,1,1,1,NA,1,0,1
"z[13,6]",1,0,1,1,1,1,1,NA,1,0,1
"z[14,6]",0.192222222222222,0.394090538139547,0,0,0,0,1,0.999839667509533,4500,1,1
"z[15,6]",1,0,1,1,1,1,1,NA,1,0,1
"z[16,6]",0.991111111111111,0.093871373318521,1,1,1,1,1,1.00188619250104,4500,0,1
"z[17,6]",1,0,1,1,1,1,1,NA,1,0,1
"z[18,6]",0.800666666666667,0.399543527048891,0,1,1,1,1,0.999930807102915,4500,1,1
"z[19,6]",0.082,0.274395210814911,0,0,0,0,1,1.00190344348814,2972,1,1
"z[20,6]",1,0,1,1,1,1,1,NA,1,0,1
"z[21,6]",0.948,0.222051699163907,0,1,1,1,1,1.00015391369844,4500,1,1
"z[22,6]",1,0,1,1,1,1,1,NA,1,0,1
"z[23,6]",1,0,1,1,1,1,1,NA,1,0,1
"z[24,6]",1,0,1,1,1,1,1,NA,1,0,1
"z[25,6]",0.231555555555556,0.4218733586284,0,0,0,0,1,1.0005150210877,3316,1,1
"z[26,6]",1,0,1,1,1,1,1,NA,1,0,1
"z[27,6]",1,0,1,1,1,1,1,NA,1,0,1
"z[28,6]",1,0,1,1,1,1,1,NA,1,0,1
"z[29,6]",0.006,0.0772355205065475,0,0,0,0,0,1.01790890406194,4474,1,1
"z[30,6]",1,0,1,1,1,1,1,NA,1,0,1
"z[31,6]",1,0,1,1,1,1,1,NA,1,0,1
"z[32,6]",1,0,1,1,1,1,1,NA,1,0,1
"z[33,6]",1,0,1,1,1,1,1,NA,1,0,1
"z[34,6]",1,0,1,1,1,1,1,NA,1,0,1
"z[35,6]",1,0,1,1,1,1,1,NA,1,0,1
"z[36,6]",0.0513333333333333,0.220701260655139,0,0,0,0,1,1.00044658848127,4500,1,1
"z[37,6]",1,0,1,1,1,1,1,NA,1,0,1
"z[38,6]",1,0,1,1,1,1,1,NA,1,0,1
"z[39,6]",1,0,1,1,1,1,1,NA,1,0,1
"z[40,6]",1,0,1,1,1,1,1,NA,1,0,1
"z[41,6]",1,0,1,1,1,1,1,NA,1,0,1
"z[42,6]",1,0,1,1,1,1,1,NA,1,0,1
"z[43,6]",1,0,1,1,1,1,1,NA,1,0,1
"z[44,6]",1,0,1,1,1,1,1,NA,1,0,1
"z[45,6]",1,0,1,1,1,1,1,NA,1,0,1
"z[46,6]",1,0,1,1,1,1,1,NA,1,0,1
"z[47,6]",0.972,0.164991058376806,0,1,1,1,1,1.00749957166156,2326,1,1
"z[48,6]",0.985333333333333,0.120227982292648,1,1,1,1,1,1.01632523932191,2033,0,1
"z[49,6]",0.974222222222222,0.158489324311835,0,1,1,1,1,1.00355542173859,4500,1,1
"z[50,6]",0.985555555555556,0.119327141438796,1,1,1,1,1,1.00558005827799,4500,0,1
"z[51,6]",0.98,0.140015558148628,1,1,1,1,1,1.00369525048954,4500,0,1
"z[52,6]",0.984888888888889,0.1220084974435,1,1,1,1,1,1.00376572636557,4500,0,1
"z[53,6]",0.981777777777778,0.133769014787178,1,1,1,1,1,1.00365839949509,4500,0,1
"z[54,6]",1,0,1,1,1,1,1,NA,1,0,1
"z[55,6]",1,0,1,1,1,1,1,NA,1,0,1
"z[56,6]",1,0,1,1,1,1,1,NA,1,0,1
"z[57,6]",0.931111111111111,0.253293243280298,0,1,1,1,1,1.00258882492335,2668,1,1
"z[58,6]",1,0,1,1,1,1,1,NA,1,0,1
"z[59,6]",1,0,1,1,1,1,1,NA,1,0,1
"z[60,6]",1,0,1,1,1,1,1,NA,1,0,1
"z[61,6]",1,0,1,1,1,1,1,NA,1,0,1
"z[62,6]",1,0,1,1,1,1,1,NA,1,0,1
"z[63,6]",1,0,1,1,1,1,1,NA,1,0,1
"z[64,6]",1,0,1,1,1,1,1,NA,1,0,1
"z[65,6]",1,0,1,1,1,1,1,NA,1,0,1
"z[66,6]",1,0,1,1,1,1,1,NA,1,0,1
"z[67,6]",1,0,1,1,1,1,1,NA,1,0,1
"z[68,6]",1,0,1,1,1,1,1,NA,1,0,1
"z[69,6]",1,0,1,1,1,1,1,NA,1,0,1
"z[70,6]",0.919555555555556,0.272010253356189,0,1,1,1,1,0.999887682985643,4500,1,1
"z[71,6]",0.00622222222222222,0.0786440117920529,0,0,0,0,0,1.00223843908715,4500,1,1
"z[72,6]",1,0,1,1,1,1,1,NA,1,0,1
"z[73,6]",1,0,1,1,1,1,1,NA,1,0,1
"z[74,6]",1,0,1,1,1,1,1,NA,1,0,1
"z[75,6]",0.930888888888889,0.253671175391235,0,1,1,1,1,0.99988718035356,4500,1,1
"z[76,6]",1,0,1,1,1,1,1,NA,1,0,1
"z[77,6]",1,0,1,1,1,1,1,NA,1,0,1
"z[78,6]",1,0,1,1,1,1,1,NA,1,0,1
"z[79,6]",1,0,1,1,1,1,1,NA,1,0,1
"z[80,6]",0.927111111111111,0.259982920619994,0,1,1,1,1,1.00154603934077,3922,1,1
"z[81,6]",1,0,1,1,1,1,1,NA,1,0,1
"z[82,6]",1,0,1,1,1,1,1,NA,1,0,1
"z[83,6]",1,0,1,1,1,1,1,NA,1,0,1
"z[84,6]",0.944888888888889,0.228222372014437,0,1,1,1,1,1.0020138740661,4072,1,1
"z[85,6]",0.939333333333333,0.238744400231546,0,1,1,1,1,1.00028263741652,4500,1,1
"z[86,6]",1,0,1,1,1,1,1,NA,1,0,1
"z[87,6]",1,0,1,1,1,1,1,NA,1,0,1
"z[88,6]",0.744666666666667,0.436096875191881,0,0,1,1,1,1.00009912918136,4500,1,1
"z[89,6]",1,0,1,1,1,1,1,NA,1,0,1
"z[90,6]",0.946666666666667,0.224722297816234,0,1,1,1,1,1.00209790025563,4058,1,1
"z[91,6]",1,0,1,1,1,1,1,NA,1,0,1
"z[92,6]",1,0,1,1,1,1,1,NA,1,0,1
"z[93,6]",1,0,1,1,1,1,1,NA,1,0,1
"z[94,6]",1,0,1,1,1,1,1,NA,1,0,1
"z[95,6]",1,0,1,1,1,1,1,NA,1,0,1
"z[96,6]",1,0,1,1,1,1,1,NA,1,0,1
"z[97,6]",1,0,1,1,1,1,1,NA,1,0,1
"z[98,6]",1,0,1,1,1,1,1,NA,1,0,1
"z[99,6]",1,0,1,1,1,1,1,NA,1,0,1
"z[100,6]",1,0,1,1,1,1,1,NA,1,0,1
"z[101,6]",1,0,1,1,1,1,1,NA,1,0,1
"z[102,6]",0.972888888888889,0.162425248725456,0,1,1,1,1,1.00750797072653,2396,1,1
"z[103,6]",0.972,0.164991058376806,0,1,1,1,1,0.999766569208857,4500,1,1
"z[104,6]",0.199777777777778,0.399877670163395,0,0,0,0,1,1.00046685023685,3906,1,1
"z[105,6]",0.910444444444444,0.285575701032972,0,1,1,1,1,1.00049340259026,4500,1,1
"z[106,6]",0.962,0.191217481839897,0,1,1,1,1,1.00038595250224,4500,1,1
"z[107,6]",1,0,1,1,1,1,1,NA,1,0,1
"z[108,6]",1,0,1,1,1,1,1,NA,1,0,1
"z[109,6]",1,0,1,1,1,1,1,NA,1,0,1
"z[110,6]",1,0,1,1,1,1,1,NA,1,0,1
"z[111,6]",1,0,1,1,1,1,1,NA,1,0,1
"z[112,6]",1,0,1,1,1,1,1,NA,1,0,1
"z[113,6]",1,0,1,1,1,1,1,NA,1,0,1
"z[114,6]",1,0,1,1,1,1,1,NA,1,0,1
"z[115,6]",1,0,1,1,1,1,1,NA,1,0,1
"z[116,6]",1,0,1,1,1,1,1,NA,1,0,1
"z[117,6]",1,0,1,1,1,1,1,NA,1,0,1
"z[118,6]",1,0,1,1,1,1,1,NA,1,0,1
"z[119,6]",1,0,1,1,1,1,1,NA,1,0,1
"z[120,6]",1,0,1,1,1,1,1,NA,1,0,1
"z[121,6]",1,0,1,1,1,1,1,NA,1,0,1
"z[122,6]",1,0,1,1,1,1,1,NA,1,0,1
"z[123,6]",1,0,1,1,1,1,1,NA,1,0,1
"z[124,6]",1,0,1,1,1,1,1,NA,1,0,1
"z[125,6]",0.975111111111111,0.155803807734777,1,1,1,1,1,1.00594846404802,3256,0,1
"z[126,6]",1,0,1,1,1,1,1,NA,1,0,1
"z[127,6]",1,0,1,1,1,1,1,NA,1,0,1
"z[128,6]",1,0,1,1,1,1,1,NA,1,0,1
"z[129,6]",1,0,1,1,1,1,1,NA,1,0,1
"z[130,6]",1,0,1,1,1,1,1,NA,1,0,1
"z[131,6]",0.825555555555556,0.379533385063961,0,1,1,1,1,1.0003449510094,4500,1,1
"z[132,6]",0.875555555555556,0.330124587038853,0,1,1,1,1,1.0018002150781,2149,1,1
"z[133,6]",0.913333333333333,0.281377237154674,0,1,1,1,1,1.00104594905844,4500,1,1
"z[134,6]",1,0,1,1,1,1,1,NA,1,0,1
"z[135,6]",1,0,1,1,1,1,1,NA,1,0,1
"z[136,6]",1,0,1,1,1,1,1,NA,1,0,1
"z[137,6]",1,0,1,1,1,1,1,NA,1,0,1
"z[138,6]",1,0,1,1,1,1,1,NA,1,0,1
"z[139,6]",1,0,1,1,1,1,1,NA,1,0,1
"z[140,6]",1,0,1,1,1,1,1,NA,1,0,1
"z[141,6]",1,0,1,1,1,1,1,NA,1,0,1
"z[142,6]",0.907555555555556,0.289684513538625,0,1,1,1,1,1.0015821012065,3107,1,1
"z[143,6]",0.922666666666667,0.267149300225178,0,1,1,1,1,1.00081630936205,4500,1,1
"z[144,6]",0.907555555555556,0.289684513538625,0,1,1,1,1,1.00042705346078,4500,1,1
"z[145,6]",1,0,1,1,1,1,1,NA,1,0,1
"z[146,6]",1,0,1,1,1,1,1,NA,1,0,1
"z[147,6]",1,0,1,1,1,1,1,NA,1,0,1
"z[148,6]",1,0,1,1,1,1,1,NA,1,0,1
"z[149,6]",1,0,1,1,1,1,1,NA,1,0,1
"z[150,6]",0.133333333333333,0.339972411050686,0,0,0,0,1,1.00026662445309,4500,1,1
"z[151,6]",1,0,1,1,1,1,1,NA,1,0,1
"z[152,6]",1,0,1,1,1,1,1,NA,1,0,1
"z[153,6]",1,0,1,1,1,1,1,NA,1,0,1
"z[154,6]",1,0,1,1,1,1,1,NA,1,0,1
"z[155,6]",1,0,1,1,1,1,1,NA,1,0,1
"z[156,6]",1,0,1,1,1,1,1,NA,1,0,1
"z[157,6]",1,0,1,1,1,1,1,NA,1,0,1
"z[158,6]",1,0,1,1,1,1,1,NA,1,0,1
"z[159,6]",1,0,1,1,1,1,1,NA,1,0,1
"z[160,6]",1,0,1,1,1,1,1,NA,1,0,1
"z[161,6]",0.942,0.233769424929795,0,1,1,1,1,1.00118018941751,4500,1,1
"z[162,6]",1,0,1,1,1,1,1,NA,1,0,1
"z[163,6]",1,0,1,1,1,1,1,NA,1,0,1
"z[164,6]",1,0,1,1,1,1,1,NA,1,0,1
"z[165,6]",1,0,1,1,1,1,1,NA,1,0,1
"z[166,6]",1,0,1,1,1,1,1,NA,1,0,1
"z[167,6]",0.00111111111111111,0.033318511930496,0,0,0,0,0,1.01912206739455,4500,1,1
"z[168,6]",1,0,1,1,1,1,1,NA,1,0,1
"z[169,6]",1,0,1,1,1,1,1,NA,1,0,1
"z[170,6]",1,0,1,1,1,1,1,NA,1,0,1
"z[171,6]",1,0,1,1,1,1,1,NA,1,0,1
"z[172,6]",1,0,1,1,1,1,1,NA,1,0,1
"z[173,6]",1,0,1,1,1,1,1,NA,1,0,1
"z[174,6]",1,0,1,1,1,1,1,NA,1,0,1
"z[175,6]",1,0,1,1,1,1,1,NA,1,0,1
"z[176,6]",0.98,0.140015558148628,1,1,1,1,1,1.00139742156051,4500,0,1
"z[177,6]",1,0,1,1,1,1,1,NA,1,0,1
"z[178,6]",0.972444444444444,0.163713783655141,0,1,1,1,1,1.00093673485069,4500,1,1
"z[179,6]",0.931111111111111,0.253293243280298,0,1,1,1,1,1.00376678392781,1889,1,1
"z[180,6]",1,0,1,1,1,1,1,NA,1,0,1
"z[181,6]",1,0,1,1,1,1,1,NA,1,0,1
"z[182,6]",1,0,1,1,1,1,1,NA,1,0,1
"z[183,6]",1,0,1,1,1,1,1,NA,1,0,1
"z[184,6]",1,0,1,1,1,1,1,NA,1,0,1
"z[185,6]",1,0,1,1,1,1,1,NA,1,0,1
"z[186,6]",0.0468888888888889,0.211424346699986,0,0,0,0,1,1.00167388484525,4500,1,1
"z[187,6]",0.870888888888889,0.335360141694826,0,1,1,1,1,1.00051206616527,4500,1,1
"z[188,6]",0.898666666666667,0.301803131244352,0,1,1,1,1,0.99967554039278,4500,1,1
"z[189,6]",1,0,1,1,1,1,1,NA,1,0,1
"z[190,6]",1,0,1,1,1,1,1,NA,1,0,1
"z[191,6]",1,0,1,1,1,1,1,NA,1,0,1
"z[192,6]",0.950666666666667,0.216587118720284,0,1,1,1,1,1.00272205255445,3480,1,1
"z[193,6]",1,0,1,1,1,1,1,NA,1,0,1
"z[194,6]",1,0,1,1,1,1,1,NA,1,0,1
"z[195,6]",1,0,1,1,1,1,1,NA,1,0,1
"z[196,6]",1,0,1,1,1,1,1,NA,1,0,1
"z[197,6]",1,0,1,1,1,1,1,NA,1,0,1
"z[198,6]",0.0151111111111111,0.1220084974435,0,0,0,0,0,0.999778015907098,4500,1,1
"z[199,6]",1,0,1,1,1,1,1,NA,1,0,1
"z[200,6]",1,0,1,1,1,1,1,NA,1,0,1
"z[1,7]",1,0,1,1,1,1,1,NA,1,0,1
"z[2,7]",1,0,1,1,1,1,1,NA,1,0,1
"z[3,7]",1,0,1,1,1,1,1,NA,1,0,1
"z[4,7]",1,0,1,1,1,1,1,NA,1,0,1
"z[5,7]",1,0,1,1,1,1,1,NA,1,0,1
"z[6,7]",1,0,1,1,1,1,1,NA,1,0,1
"z[7,7]",0.984222222222222,0.124628612791859,1,1,1,1,1,1.00947205926365,3243,0,1
"z[8,7]",0.969555555555556,0.171825903655918,0,1,1,1,1,1.00105102654804,4500,1,1
"z[9,7]",0.996444444444444,0.0595289935189017,1,1,1,1,1,1.01316180066133,4500,0,1
"z[10,7]",0.988,0.108897361089598,1,1,1,1,1,1.00019302158559,4500,0,1
"z[11,7]",1,0,1,1,1,1,1,NA,1,0,1
"z[12,7]",1,0,1,1,1,1,1,NA,1,0,1
"z[13,7]",1,0,1,1,1,1,1,NA,1,0,1
"z[14,7]",1,0,1,1,1,1,1,NA,1,0,1
"z[15,7]",1,0,1,1,1,1,1,NA,1,0,1
"z[16,7]",0.994888888888889,0.071317023933587,1,1,1,1,1,1.02274864216795,4120,0,1
"z[17,7]",0.972222222222222,0.164353812079863,0,1,1,1,1,0.999903396738802,4500,1,1
"z[18,7]",0.926444444444444,0.261075243046752,0,1,1,1,1,1.00402145430176,1678,1,1
"z[19,7]",0.00155555555555556,0.0394142235807543,0,0,0,0,0,1.15137489576351,1656,1,1
"z[20,7]",0.972666666666667,0.163070940344369,0,1,1,1,1,1.0034201659527,4500,1,1
"z[21,7]",0.967333333333333,0.177782392941008,0,1,1,1,1,1.00033349294212,4500,1,1
"z[22,7]",0.986,0.11750348180963,1,1,1,1,1,1.01601072644825,2168,0,1
"z[23,7]",1,0,1,1,1,1,1,NA,1,0,1
"z[24,7]",1,0,1,1,1,1,1,NA,1,0,1
"z[25,7]",0.749111111111111,0.433572864534595,0,0,1,1,1,0.999717655876578,4500,1,1
"z[26,7]",0.979111111111111,0.143028281223349,1,1,1,1,1,1.00880307683278,2639,0,1
"z[27,7]",0.974,0.159152847308496,0,1,1,1,1,1.00012820522849,4500,1,1
"z[28,7]",1,0,1,1,1,1,1,NA,1,0,1
"z[29,7]",0.0584444444444444,0.234608019202615,0,0,0,0,1,0.999894879406051,4500,1,1
"z[30,7]",1,0,1,1,1,1,1,NA,1,0,1
"z[31,7]",1,0,1,1,1,1,1,NA,1,0,1
"z[32,7]",1,0,1,1,1,1,1,NA,1,0,1
"z[33,7]",1,0,1,1,1,1,1,NA,1,0,1
"z[34,7]",1,0,1,1,1,1,1,NA,1,0,1
"z[35,7]",1,0,1,1,1,1,1,NA,1,0,1
"z[36,7]",1,0,1,1,1,1,1,NA,1,0,1
"z[37,7]",0.982,0.132965893646013,1,1,1,1,1,1.00625106261169,4262,0,1
"z[38,7]",1,0,1,1,1,1,1,NA,1,0,1
"z[39,7]",1,0,1,1,1,1,1,NA,1,0,1
"z[40,7]",1,0,1,1,1,1,1,NA,1,0,1
"z[41,7]",0.991777777777778,0.0903129549063227,1,1,1,1,1,1.00225582340358,4500,0,1
"z[42,7]",0.995555555555556,0.0665257457028688,1,1,1,1,1,1.02280815119122,4500,0,1
"z[43,7]",0.640444444444444,0.479923474838046,0,0,1,1,1,0.999903151938948,4500,1,1
"z[44,7]",1,0,1,1,1,1,1,NA,1,0,1
"z[45,7]",1,0,1,1,1,1,1,NA,1,0,1
"z[46,7]",1,0,1,1,1,1,1,NA,1,0,1
"z[47,7]",0.982666666666667,0.130524613834426,1,1,1,1,1,1.00599293077132,4500,0,1
"z[48,7]",0.994,0.0772355205065475,1,1,1,1,1,1.02379917724328,3356,0,1
"z[49,7]",0.986666666666667,0.11471041653724,1,1,1,1,1,1.0026475802534,4500,0,1
"z[50,7]",1,0,1,1,1,1,1,NA,1,0,1
"z[51,7]",1,0,1,1,1,1,1,NA,1,0,1
"z[52,7]",0.994,0.0772355205065475,1,1,1,1,1,1.00789465731767,4500,0,1
"z[53,7]",0.990888888888889,0.0950268670194558,1,1,1,1,1,1.01069346456887,4500,0,1
"z[54,7]",0.992222222222222,0.0878578356425394,1,1,1,1,1,1.00501518886421,4500,0,1
"z[55,7]",0.994222222222222,0.0758002102747823,1,1,1,1,1,1.04645476818666,1737,0,1
"z[56,7]",1,0,1,1,1,1,1,NA,1,0,1
"z[57,7]",1,0,1,1,1,1,1,NA,1,0,1
"z[58,7]",0.96,0.195980956294358,0,1,1,1,1,1.00061878437775,4500,1,1
"z[59,7]",1,0,1,1,1,1,1,NA,1,0,1
"z[60,7]",1,0,1,1,1,1,1,NA,1,0,1
"z[61,7]",1,0,1,1,1,1,1,NA,1,0,1
"z[62,7]",1,0,1,1,1,1,1,NA,1,0,1
"z[63,7]",1,0,1,1,1,1,1,NA,1,0,1
"z[64,7]",1,0,1,1,1,1,1,NA,1,0,1
"z[65,7]",0.997111111111111,0.0536766566849176,1,1,1,1,1,1.094594824565,1578,0,1
"z[66,7]",0.996666666666667,0.0576451269226115,1,1,1,1,1,1.02548704970741,4500,0,1
"z[67,7]",0.994666666666667,0.0728427622699364,1,1,1,1,1,1.03935307815042,2239,0,1
"z[68,7]",0.995777777777778,0.0648485125458765,1,1,1,1,1,1.0548557979247,1981,0,1
"z[69,7]",1,0,1,1,1,1,1,NA,1,0,1
"z[70,7]",1,0,1,1,1,1,1,NA,1,0,1
"z[71,7]",1,0,1,1,1,1,1,NA,1,0,1
"z[72,7]",1,0,1,1,1,1,1,NA,1,0,1
"z[73,7]",1,0,1,1,1,1,1,NA,1,0,1
"z[74,7]",1,0,1,1,1,1,1,NA,1,0,1
"z[75,7]",1,0,1,1,1,1,1,NA,1,0,1
"z[76,7]",0.994444444444444,0.0743365276300976,1,1,1,1,1,1.00528243061712,4500,0,1
"z[77,7]",1,0,1,1,1,1,1,NA,1,0,1
"z[78,7]",0.988,0.108897361089598,1,1,1,1,1,1.0285082998366,1405,0,1
"z[79,7]",1,0,1,1,1,1,1,NA,1,0,1
"z[80,7]",0.968888888888889,0.173637293967947,0,1,1,1,1,0.99985668880865,4500,1,1
"z[81,7]",1,0,1,1,1,1,1,NA,1,0,1
"z[82,7]",1,0,1,1,1,1,1,NA,1,0,1
"z[83,7]",0.963555555555556,0.187414119688263,0,1,1,1,1,1.00482701618584,2747,1,1
"z[84,7]",0.973333333333333,0.161125183440798,0,1,1,1,1,1.01398859963127,1318,1,1
"z[85,7]",1,0,1,1,1,1,1,NA,1,0,1
"z[86,7]",1,0,1,1,1,1,1,NA,1,0,1
"z[87,7]",1,0,1,1,1,1,1,NA,1,0,1
"z[88,7]",1,0,1,1,1,1,1,NA,1,0,1
"z[89,7]",1,0,1,1,1,1,1,NA,1,0,1
"z[90,7]",0.977777777777778,0.147421927362282,1,1,1,1,1,1.00732342180208,2974,0,1
"z[91,7]",1,0,1,1,1,1,1,NA,1,0,1
"z[92,7]",1,0,1,1,1,1,1,NA,1,0,1
"z[93,7]",1,0,1,1,1,1,1,NA,1,0,1
"z[94,7]",1,0,1,1,1,1,1,NA,1,0,1
"z[95,7]",1,0,1,1,1,1,1,NA,1,0,1
"z[96,7]",1,0,1,1,1,1,1,NA,1,0,1
"z[97,7]",1,0,1,1,1,1,1,NA,1,0,1
"z[98,7]",1,0,1,1,1,1,1,NA,1,0,1
"z[99,7]",1,0,1,1,1,1,1,NA,1,0,1
"z[100,7]",1,0,1,1,1,1,1,NA,1,0,1
"z[101,7]",1,0,1,1,1,1,1,NA,1,0,1
"z[102,7]",0.986222222222222,0.116580319235386,1,1,1,1,1,1.03277012130099,1063,0,1
"z[103,7]",0.982444444444444,0.13134379171788,1,1,1,1,1,1.00099260986683,4500,0,1
"z[104,7]",1,0,1,1,1,1,1,NA,1,0,1
"z[105,7]",0.963555555555556,0.187414119688263,0,1,1,1,1,1.00148646544564,4500,1,1
"z[106,7]",1,0,1,1,1,1,1,NA,1,0,1
"z[107,7]",1,0,1,1,1,1,1,NA,1,0,1
"z[108,7]",1,0,1,1,1,1,1,NA,1,0,1
"z[109,7]",1,0,1,1,1,1,1,NA,1,0,1
"z[110,7]",0.997555555555556,0.0493863456663645,1,1,1,1,1,1.04969069831983,3799,0,1
"z[111,7]",0.997333333333333,0.0515766100016907,1,1,1,1,1,1.06589737559147,2566,0,1
"z[112,7]",0.994,0.0772355205065475,1,1,1,1,1,1.00585876352754,4500,0,1
"z[113,7]",0.994,0.0772355205065475,1,1,1,1,1,1.00789465731767,4500,0,1
"z[114,7]",1,0,1,1,1,1,1,NA,1,0,1
"z[115,7]",1,0,1,1,1,1,1,NA,1,0,1
"z[116,7]",1,0,1,1,1,1,1,NA,1,0,1
"z[117,7]",1,0,1,1,1,1,1,NA,1,0,1
"z[118,7]",1,0,1,1,1,1,1,NA,1,0,1
"z[119,7]",1,0,1,1,1,1,1,NA,1,0,1
"z[120,7]",0.979333333333333,0.142281601882585,1,1,1,1,1,1.00415889637356,4500,0,1
"z[121,7]",1,0,1,1,1,1,1,NA,1,0,1
"z[122,7]",0.998444444444444,0.0394142235807543,1,1,1,1,1,1.11102922004618,2420,0,1
"z[123,7]",0.993777777777778,0.0786440117920529,1,1,1,1,1,1.02276129649656,3385,0,1
"z[124,7]",0.989777777777778,0.100598097789677,1,1,1,1,1,1.03040042945121,1541,0,1
"z[125,7]",1,0,1,1,1,1,1,NA,1,0,1
"z[126,7]",1,0,1,1,1,1,1,NA,1,0,1
"z[127,7]",0.996222222222222,0.0613542394088465,1,1,1,1,1,1.01164843669904,4500,0,1
"z[128,7]",0.995555555555556,0.0665257457028688,1,1,1,1,1,1.01567977518289,4500,0,1
"z[129,7]",0.997555555555556,0.0493863456663645,1,1,1,1,1,1.04969069831983,3799,0,1
"z[130,7]",0.997111111111111,0.0536766566849176,1,1,1,1,1,1.0362487128527,4488,0,1
"z[131,7]",1,0,1,1,1,1,1,NA,1,0,1
"z[132,7]",1,0,1,1,1,1,1,NA,1,0,1
"z[133,7]",1,0,1,1,1,1,1,NA,1,0,1
"z[134,7]",0.989111111111111,0.103791690054186,1,1,1,1,1,1.01849326004935,2398,0,1
"z[135,7]",0.993555555555556,0.0800271001985887,1,1,1,1,1,1.01440878909793,4500,0,1
"z[136,7]",0.984888888888889,0.1220084974435,1,1,1,1,1,1.00443122440623,4500,0,1
"z[137,7]",0.996,0.0631259497363628,1,1,1,1,1,1.03085558648885,3843,0,1
"z[138,7]",1,0,1,1,1,1,1,NA,1,0,1
"z[139,7]",0.987555555555556,0.11087069888737,1,1,1,1,1,1.01983573071509,1961,0,1
"z[140,7]",1,0,1,1,1,1,1,NA,1,0,1
"z[141,7]",1,0,1,1,1,1,1,NA,1,0,1
"z[142,7]",0.961111111111111,0.193351625166517,0,1,1,1,1,1.0005850732167,4500,1,1
"z[143,7]",0.969555555555556,0.171825903655918,0,1,1,1,1,1.00527531953528,3005,1,1
"z[144,7]",0.964888888888889,0.18408109945566,0,1,1,1,1,1.00699706993931,2001,1,1
"z[145,7]",1,0,1,1,1,1,1,NA,1,0,1
"z[146,7]",1,0,1,1,1,1,1,NA,1,0,1
"z[147,7]",1,0,1,1,1,1,1,NA,1,0,1
"z[148,7]",1,0,1,1,1,1,1,NA,1,0,1
"z[149,7]",1,0,1,1,1,1,1,NA,1,0,1
"z[150,7]",1,0,1,1,1,1,1,NA,1,0,1
"z[151,7]",0.978666666666667,0.14450904074975,1,1,1,1,1,1.00034550957161,4500,0,1
"z[152,7]",0.990666666666667,0.0961679644942985,1,1,1,1,1,1.0099003894011,4500,0,1
"z[153,7]",1,0,1,1,1,1,1,NA,1,0,1
"z[154,7]",0.993333333333333,0.0813860808385347,1,1,1,1,1,1.00135104912971,4500,0,1
"z[155,7]",0.985555555555556,0.119327141438796,1,1,1,1,1,1.02316744630657,1450,0,1
"z[156,7]",0.109333333333333,0.312091653631951,0,0,0,0,1,1.00019019159757,4500,1,1
"z[157,7]",1,0,1,1,1,1,1,NA,1,0,1
"z[158,7]",1,0,1,1,1,1,1,NA,1,0,1
"z[159,7]",1,0,1,1,1,1,1,NA,1,0,1
"z[160,7]",1,0,1,1,1,1,1,NA,1,0,1
"z[161,7]",0.968888888888889,0.173637293967947,0,1,1,1,1,1.00633427251984,2472,1,1
"z[162,7]",1,0,1,1,1,1,1,NA,1,0,1
"z[163,7]",1,0,1,1,1,1,1,NA,1,0,1
"z[164,7]",1,0,1,1,1,1,1,NA,1,0,1
"z[165,7]",1,0,1,1,1,1,1,NA,1,0,1
"z[166,7]",1,0,1,1,1,1,1,NA,1,0,1
"z[167,7]",1,0,1,1,1,1,1,NA,1,0,1
"z[168,7]",0.987555555555556,0.11087069888737,1,1,1,1,1,1.00949698102493,4081,0,1
"z[169,7]",0.986,0.11750348180963,1,1,1,1,1,1.00314724351889,4500,0,1
"z[170,7]",1,0,1,1,1,1,1,NA,1,0,1
"z[171,7]",1,0,1,1,1,1,1,NA,1,0,1
"z[172,7]",0.992888888888889,0.0840363764582043,1,1,1,1,1,1.01183715153128,4500,0,1
"z[173,7]",0.995555555555556,0.0665257457028688,1,1,1,1,1,1.02280815119122,4500,0,1
"z[174,7]",1,0,1,1,1,1,1,NA,1,0,1
"z[175,7]",1,0,1,1,1,1,1,NA,1,0,1
"z[176,7]",1,0,1,1,1,1,1,NA,1,0,1
"z[177,7]",1,0,1,1,1,1,1,NA,1,0,1
"z[178,7]",0.981555555555556,0.13456697579197,1,1,1,1,1,0.999967805582719,4500,0,1
"z[179,7]",0.960222222222222,0.195458425118277,0,1,1,1,1,1.00377700223139,3171,1,1
"z[180,7]",0.996666666666667,0.0576451269226115,1,1,1,1,1,1.02548704970741,4500,0,1
"z[181,7]",0.997777777777778,0.0470932775447189,1,1,1,1,1,1.01916489327094,4500,0,1
"z[182,7]",0.982444444444444,0.13134379171788,1,1,1,1,1,1.00074331888571,4500,0,1
"z[183,7]",0.996888888888889,0.0556966916350484,1,1,1,1,1,1.07091572488513,2027,0,1
"z[184,7]",1,0,1,1,1,1,1,NA,1,0,1
"z[185,7]",1,0,1,1,1,1,1,NA,1,0,1
"z[186,7]",1,0,1,1,1,1,1,NA,1,0,1
"z[187,7]",0.916666666666667,0.276416113804279,0,1,1,1,1,1.00059286781105,4500,1,1
"z[188,7]",0.950444444444444,0.217049006950826,0,1,1,1,1,1.00221104134799,4166,1,1
"z[189,7]",0.718666666666667,0.449699709640618,0,0,1,1,1,1.00157831052304,1300,1,1
"z[190,7]",1,0,1,1,1,1,1,NA,1,0,1
"z[191,7]",1,0,1,1,1,1,1,NA,1,0,1
"z[192,7]",0.969333333333333,0.17243210118093,0,1,1,1,1,1.00499451470373,3136,1,1
"z[193,7]",1,0,1,1,1,1,1,NA,1,0,1
"z[194,7]",1,0,1,1,1,1,1,NA,1,0,1
"z[195,7]",1,0,1,1,1,1,1,NA,1,0,1
"z[196,7]",1,0,1,1,1,1,1,NA,1,0,1
"z[197,7]",0.969777777777778,0.171217271410598,0,1,1,1,1,1.00705641555986,2293,1,1
"z[198,7]",1,0,1,1,1,1,1,NA,1,0,1
"z[199,7]",1,0,1,1,1,1,1,NA,1,0,1
"z[200,7]",1,0,1,1,1,1,1,NA,1,0,1
"z[1,8]",1,0,1,1,1,1,1,NA,1,0,1
"z[2,8]",1,0,1,1,1,1,1,NA,1,0,1
"z[3,8]",1,0,1,1,1,1,1,NA,1,0,1
"z[4,8]",1,0,1,1,1,1,1,NA,1,0,1
"z[5,8]",0.992666666666667,0.0853297931213479,1,1,1,1,1,1.04048745419086,1586,0,1
"z[6,8]",0.984444444444444,0.123761803562895,1,1,1,1,1,1.01342478523547,2333,0,1
"z[7,8]",1,0,1,1,1,1,1,NA,1,0,1
"z[8,8]",1,0,1,1,1,1,1,NA,1,0,1
"z[9,8]",1,0,1,1,1,1,1,NA,1,0,1
"z[10,8]",1,0,1,1,1,1,1,NA,1,0,1
"z[11,8]",0.992666666666667,0.0853297931213479,1,1,1,1,1,1.00383176745923,4500,0,1
"z[12,8]",1,0,1,1,1,1,1,NA,1,0,1
"z[13,8]",1,0,1,1,1,1,1,NA,1,0,1
"z[14,8]",0.0366666666666667,0.18796295738691,0,0,0,0,1,1.00256484359903,4500,1,1
"z[15,8]",1,0,1,1,1,1,1,NA,1,0,1
"z[16,8]",0.988666666666667,0.105864911172911,1,1,1,1,1,1.01578998740568,2702,0,1
"z[17,8]",0.944888888888889,0.228222372014437,0,1,1,1,1,1.00266985924236,3187,1,1
"z[18,8]",1,0,1,1,1,1,1,NA,1,0,1
"z[19,8]",0.000666666666666667,0.0258141493083176,0,0,0,0,0,1.29167562882982,1500,1,1
"z[20,8]",0.940444444444444,0.236687854568751,0,1,1,1,1,1.00061645946569,4500,1,1
"z[21,8]",0.959777777777778,0.196501846614733,0,1,1,1,1,1.00666789838058,1832,1,1
"z[22,8]",0.969111111111111,0.173035889574341,0,1,1,1,1,1.00785791563751,2015,1,1
"z[23,8]",0.986,0.11750348180963,1,1,1,1,1,1.00583135989628,4500,0,1
"z[24,8]",1,0,1,1,1,1,1,NA,1,0,1
"z[25,8]",0.85,0.357111102643182,0,1,1,1,1,1.00017199369026,4500,1,1
"z[26,8]",0.956888888888889,0.203129792200249,0,1,1,1,1,1.00037608689907,4500,1,1
"z[27,8]",0.953333333333333,0.210947333488984,0,1,1,1,1,1.00216362125993,4483,1,1
"z[28,8]",1,0,1,1,1,1,1,NA,1,0,1
"z[29,8]",0.789555555555556,0.407669611770085,0,1,1,1,1,1.00016610111014,4500,1,1
"z[30,8]",0.982666666666667,0.130524613834426,1,1,1,1,1,1.00068615095485,4500,0,1
"z[31,8]",0.970666666666667,0.168757866791187,0,1,1,1,1,1.00085158016495,4500,1,1
"z[32,8]",0.983111111111111,0.128869487630174,1,1,1,1,1,1.01860251606349,1550,0,1
"z[33,8]",1,0,1,1,1,1,1,NA,1,0,1
"z[34,8]",1,0,1,1,1,1,1,NA,1,0,1
"z[35,8]",1,0,1,1,1,1,1,NA,1,0,1
"z[36,8]",1,0,1,1,1,1,1,NA,1,0,1
"z[37,8]",1,0,1,1,1,1,1,NA,1,0,1
"z[38,8]",1,0,1,1,1,1,1,NA,1,0,1
"z[39,8]",0.990444444444444,0.0972951722699289,1,1,1,1,1,1.00811289568029,4500,0,1
"z[40,8]",1,0,1,1,1,1,1,NA,1,0,1
"z[41,8]",1,0,1,1,1,1,1,NA,1,0,1
"z[42,8]",0.989555555555556,0.10167426066326,1,1,1,1,1,1.00334243703936,4500,0,1
"z[43,8]",0.874222222222222,0.331635596516771,0,1,1,1,1,1.00023247373357,4500,1,1
"z[44,8]",0.96,0.195980956294358,0,1,1,1,1,1.00061878437775,4500,1,1
"z[45,8]",0.933333333333333,0.249471546385758,0,1,1,1,1,1.00265972640767,2676,1,1
"z[46,8]",0.977333333333333,0.148855006121055,1,1,1,1,1,1.00371393499945,4500,0,1
"z[47,8]",0.974888888888889,0.15647998127484,0.475000000000009,1,1,1,1,1.00143511680965,4500,0,1
"z[48,8]",1,0,1,1,1,1,1,NA,1,0,1
"z[49,8]",0.99,0.0995098009695405,1,1,1,1,1,1.0049189021993,4500,0,1
"z[50,8]",1,0,1,1,1,1,1,NA,1,0,1
"z[51,8]",0.988222222222222,0.107896472423584,1,1,1,1,1,1.00093951678015,4500,0,1
"z[52,8]",1,0,1,1,1,1,1,NA,1,0,1
"z[53,8]",1,0,1,1,1,1,1,NA,1,0,1
"z[54,8]",1,0,1,1,1,1,1,NA,1,0,1
"z[55,8]",0.984444444444444,0.123761803562895,1,1,1,1,1,1.00228668264933,4500,0,1
"z[56,8]",1,0,1,1,1,1,1,NA,1,0,1
"z[57,8]",1,0,1,1,1,1,1,NA,1,0,1
"z[58,8]",0.942666666666667,0.232504269129342,0,1,1,1,1,1.00341471176802,2466,1,1
"z[59,8]",1,0,1,1,1,1,1,NA,1,0,1
"z[60,8]",1,0,1,1,1,1,1,NA,1,0,1
"z[61,8]",1,0,1,1,1,1,1,NA,1,0,1
"z[62,8]",1,0,1,1,1,1,1,NA,1,0,1
"z[63,8]",1,0,1,1,1,1,1,NA,1,0,1
"z[64,8]",1,0,1,1,1,1,1,NA,1,0,1
"z[65,8]",1,0,1,1,1,1,1,NA,1,0,1
"z[66,8]",1,0,1,1,1,1,1,NA,1,0,1
"z[67,8]",1,0,1,1,1,1,1,NA,1,0,1
"z[68,8]",0.990222222222222,0.0984089676386699,1,1,1,1,1,1.00696580834126,4500,0,1
"z[69,8]",1,0,1,1,1,1,1,NA,1,0,1
"z[70,8]",0.0711111111111111,0.257038913373673,0,0,0,0,1,1.00050359220732,4500,1,1
"z[71,8]",1,0,1,1,1,1,1,NA,1,0,1
"z[72,8]",1,0,1,1,1,1,1,NA,1,0,1
"z[73,8]",1,0,1,1,1,1,1,NA,1,0,1
"z[74,8]",1,0,1,1,1,1,1,NA,1,0,1
"z[75,8]",1,0,1,1,1,1,1,NA,1,0,1
"z[76,8]",1,0,1,1,1,1,1,NA,1,0,1
"z[77,8]",1,0,1,1,1,1,1,NA,1,0,1
"z[78,8]",1,0,1,1,1,1,1,NA,1,0,1
"z[79,8]",1,0,1,1,1,1,1,NA,1,0,1
"z[80,8]",1,0,1,1,1,1,1,NA,1,0,1
"z[81,8]",0.969777777777778,0.171217271410598,0,1,1,1,1,0.999781500517843,4500,1,1
"z[82,8]",0.986222222222222,0.116580319235386,1,1,1,1,1,1.00928475830001,3770,0,1
"z[83,8]",0.858,0.349088929478717,0,1,1,1,1,1.00054130579693,4500,1,1
"z[84,8]",1,0,1,1,1,1,1,NA,1,0,1
"z[85,8]",1,0,1,1,1,1,1,NA,1,0,1
"z[86,8]",1,0,1,1,1,1,1,NA,1,0,1
"z[87,8]",1,0,1,1,1,1,1,NA,1,0,1
"z[88,8]",1,0,1,1,1,1,1,NA,1,0,1
"z[89,8]",0.984666666666667,0.122888478420367,1,1,1,1,1,1.01988282052625,1593,0,1
"z[90,8]",1,0,1,1,1,1,1,NA,1,0,1
"z[91,8]",1,0,1,1,1,1,1,NA,1,0,1
"z[92,8]",0.996,0.0631259497363628,1,1,1,1,1,1.08545624529428,1282,0,1
"z[93,8]",1,0,1,1,1,1,1,NA,1,0,1
"z[94,8]",1,0,1,1,1,1,1,NA,1,0,1
"z[95,8]",0.850222222222222,0.356893121404989,0,1,1,1,1,0.999805099545627,4500,1,1
"z[96,8]",1,0,1,1,1,1,1,NA,1,0,1
"z[97,8]",1,0,1,1,1,1,1,NA,1,0,1
"z[98,8]",1,0,1,1,1,1,1,NA,1,0,1
"z[99,8]",1,0,1,1,1,1,1,NA,1,0,1
"z[100,8]",1,0,1,1,1,1,1,NA,1,0,1
"z[101,8]",1,0,1,1,1,1,1,NA,1,0,1
"z[102,8]",0.975111111111111,0.155803807734777,1,1,1,1,1,1.00271725736905,4500,0,1
"z[103,8]",0.976444444444444,0.151676642100424,1,1,1,1,1,1.00194510117909,4500,0,1
"z[104,8]",0.18,0.384230148856787,0,0,0,0,1,0.999996728049055,4500,1,1
"z[105,8]",1,0,1,1,1,1,1,NA,1,0,1
"z[106,8]",1,0,1,1,1,1,1,NA,1,0,1
"z[107,8]",1,0,1,1,1,1,1,NA,1,0,1
"z[108,8]",1,0,1,1,1,1,1,NA,1,0,1
"z[109,8]",1,0,1,1,1,1,1,NA,1,0,1
"z[110,8]",1,0,1,1,1,1,1,NA,1,0,1
"z[111,8]",1,0,1,1,1,1,1,NA,1,0,1
"z[112,8]",1,0,1,1,1,1,1,NA,1,0,1
"z[113,8]",1,0,1,1,1,1,1,NA,1,0,1
"z[114,8]",1,0,1,1,1,1,1,NA,1,0,1
"z[115,8]",1,0,1,1,1,1,1,NA,1,0,1
"z[116,8]",1,0,1,1,1,1,1,NA,1,0,1
"z[117,8]",0.977111111111111,0.149565901047889,1,1,1,1,1,1.00266563691123,4500,0,1
"z[118,8]",0.965555555555556,0.182388094475073,0,1,1,1,1,1.00116041901959,4500,1,1
"z[119,8]",1,0,1,1,1,1,1,NA,1,0,1
"z[120,8]",0.960666666666667,0.194408387233923,0,1,1,1,1,1.00168231753773,4500,1,1
"z[121,8]",1,0,1,1,1,1,1,NA,1,0,1
"z[122,8]",1,0,1,1,1,1,1,NA,1,0,1
"z[123,8]",1,0,1,1,1,1,1,NA,1,0,1
"z[124,8]",1,0,1,1,1,1,1,NA,1,0,1
"z[125,8]",1,0,1,1,1,1,1,NA,1,0,1
"z[126,8]",1,0,1,1,1,1,1,NA,1,0,1
"z[127,8]",1,0,1,1,1,1,1,NA,1,0,1
"z[128,8]",1,0,1,1,1,1,1,NA,1,0,1
"z[129,8]",1,0,1,1,1,1,1,NA,1,0,1
"z[130,8]",1,0,1,1,1,1,1,NA,1,0,1
"z[131,8]",1,0,1,1,1,1,1,NA,1,0,1
"z[132,8]",1,0,1,1,1,1,1,NA,1,0,1
"z[133,8]",0.949777777777778,0.218427454690079,0,1,1,1,1,1.00428814334677,2263,1,1
"z[134,8]",1,0,1,1,1,1,1,NA,1,0,1
"z[135,8]",1,0,1,1,1,1,1,NA,1,0,1
"z[136,8]",0.980888888888889,0.136930797191431,1,1,1,1,1,1.00057897328288,4500,0,1
"z[137,8]",1,0,1,1,1,1,1,NA,1,0,1
"z[138,8]",0.956888888888889,0.203129792200249,0,1,1,1,1,1.00037608689907,4500,1,1
"z[139,8]",0.985111111111111,0.121121715563244,1,1,1,1,1,1.00388815152445,4500,0,1
"z[140,8]",0.926888888888889,0.260347727038461,0,1,1,1,1,1.00128293573532,4500,1,1
"z[141,8]",0.988,0.108897361089598,1,1,1,1,1,1.01055433314637,3812,0,1
"z[142,8]",1,0,1,1,1,1,1,NA,1,0,1
"z[143,8]",1,0,1,1,1,1,1,NA,1,0,1
"z[144,8]",1,0,1,1,1,1,1,NA,1,0,1
"z[145,8]",1,0,1,1,1,1,1,NA,1,0,1
"z[146,8]",1,0,1,1,1,1,1,NA,1,0,1
"z[147,8]",1,0,1,1,1,1,1,NA,1,0,1
"z[148,8]",1,0,1,1,1,1,1,NA,1,0,1
"z[149,8]",1,0,1,1,1,1,1,NA,1,0,1
"z[150,8]",0.957777777777778,0.201118111385383,0,1,1,1,1,1.00031462255858,4500,1,1
"z[151,8]",0.959111111111111,0.198054801702807,0,1,1,1,1,1.00242290406701,4500,1,1
"z[152,8]",1,0,1,1,1,1,1,NA,1,0,1
"z[153,8]",1,0,1,1,1,1,1,NA,1,0,1
"z[154,8]",0.990222222222222,0.0984089676386699,1,1,1,1,1,1.00619298350256,4500,0,1
"z[155,8]",1,0,1,1,1,1,1,NA,1,0,1
"z[156,8]",1,0,1,1,1,1,1,NA,1,0,1
"z[157,8]",1,0,1,1,1,1,1,NA,1,0,1
"z[158,8]",1,0,1,1,1,1,1,NA,1,0,1
"z[159,8]",1,0,1,1,1,1,1,NA,1,0,1
"z[160,8]",0.994888888888889,0.071317023933587,1,1,1,1,1,1.0434969473385,2102,0,1
"z[161,8]",0.952666666666667,0.212374461172167,0,1,1,1,1,1.00297071784474,3346,1,1
"z[162,8]",0.988444444444444,0.106885749673393,1,1,1,1,1,1.00882746345541,4500,0,1
"z[163,8]",1,0,1,1,1,1,1,NA,1,0,1
"z[164,8]",1,0,1,1,1,1,1,NA,1,0,1
"z[165,8]",1,0,1,1,1,1,1,NA,1,0,1
"z[166,8]",1,0,1,1,1,1,1,NA,1,0,1
"z[167,8]",0.00155555555555556,0.0394142235807543,0,0,0,0,0,1.06447893654775,4494,1,1
"z[168,8]",0.97,0.170606178387604,0,1,1,1,1,1.00340700328639,4500,1,1
"z[169,8]",0.974,0.159152847308496,0,1,1,1,1,1.00380145825706,4500,1,1
"z[170,8]",1,0,1,1,1,1,1,NA,1,0,1
"z[171,8]",0.988444444444444,0.106885749673393,1,1,1,1,1,1.01211005001677,3453,0,1
"z[172,8]",1,0,1,1,1,1,1,NA,1,0,1
"z[173,8]",1,0,1,1,1,1,1,NA,1,0,1
"z[174,8]",0.980222222222222,0.139251306560123,1,1,1,1,1,1.00287223418682,4500,0,1
"z[175,8]",1,0,1,1,1,1,1,NA,1,0,1
"z[176,8]",1,0,1,1,1,1,1,NA,1,0,1
"z[177,8]",1,0,1,1,1,1,1,NA,1,0,1
"z[178,8]",0.979777777777778,0.140775309913555,1,1,1,1,1,1.00067185842133,4500,0,1
"z[179,8]",0.962444444444444,0.190139869149559,0,1,1,1,1,1.00155430800394,4500,1,1
"z[180,8]",1,0,1,1,1,1,1,NA,1,0,1
"z[181,8]",1,0,1,1,1,1,1,NA,1,0,1
"z[182,8]",1,0,1,1,1,1,1,NA,1,0,1
"z[183,8]",1,0,1,1,1,1,1,NA,1,0,1
"z[184,8]",1,0,1,1,1,1,1,NA,1,0,1
"z[185,8]",1,0,1,1,1,1,1,NA,1,0,1
"z[186,8]",1,0,1,1,1,1,1,NA,1,0,1
"z[187,8]",0.888,0.31540150006909,0,1,1,1,1,1.00184834779718,2300,1,1
"z[188,8]",1,0,1,1,1,1,1,NA,1,0,1
"z[189,8]",1,0,1,1,1,1,1,NA,1,0,1
"z[190,8]",1,0,1,1,1,1,1,NA,1,0,1
"z[191,8]",1,0,1,1,1,1,1,NA,1,0,1
"z[192,8]",0.962444444444444,0.190139869149559,0,1,1,1,1,1.00064863787605,4500,1,1
"z[193,8]",1,0,1,1,1,1,1,NA,1,0,1
"z[194,8]",1,0,1,1,1,1,1,NA,1,0,1
"z[195,8]",1,0,1,1,1,1,1,NA,1,0,1
"z[196,8]",1,0,1,1,1,1,1,NA,1,0,1
"z[197,8]",1,0,1,1,1,1,1,NA,1,0,1
"z[198,8]",1,0,1,1,1,1,1,NA,1,0,1
"z[199,8]",1,0,1,1,1,1,1,NA,1,0,1
"z[200,8]",1,0,1,1,1,1,1,NA,1,0,1
"z[1,9]",1,0,1,1,1,1,1,NA,1,0,1
"z[2,9]",1,0,1,1,1,1,1,NA,1,0,1
"z[3,9]",1,0,1,1,1,1,1,NA,1,0,1
"z[4,9]",1,0,1,1,1,1,1,NA,1,0,1
"z[5,9]",1,0,1,1,1,1,1,NA,1,0,1
"z[6,9]",1,0,1,1,1,1,1,NA,1,0,1
"z[7,9]",1,0,1,1,1,1,1,NA,1,0,1
"z[8,9]",1,0,1,1,1,1,1,NA,1,0,1
"z[9,9]",1,0,1,1,1,1,1,NA,1,0,1
"z[10,9]",1,0,1,1,1,1,1,NA,1,0,1
"z[11,9]",1,0,1,1,1,1,1,NA,1,0,1
"z[12,9]",1,0,1,1,1,1,1,NA,1,0,1
"z[13,9]",1,0,1,1,1,1,1,NA,1,0,1
"z[14,9]",0.0217777777777778,0.145973426820025,0,0,0,0,0,1.00069835190868,4500,1,1
"z[15,9]",1,0,1,1,1,1,1,NA,1,0,1
"z[16,9]",0.987555555555556,0.11087069888737,1,1,1,1,1,1.00757820869593,4500,0,1
"z[17,9]",0.951111111111111,0.215659687442576,0,1,1,1,1,1.0008423809495,4500,1,1
"z[18,9]",0.936888888888889,0.243189722775225,0,1,1,1,1,1.00178835385568,3979,1,1
"z[19,9]",0.537333333333333,0.498659683881665,0,0,1,1,1,1.00105944232997,1449,1,1
"z[20,9]",0.943333333333333,0.231230268797726,0,1,1,1,1,1.00093663888451,4500,1,1
"z[21,9]",0.967111111111111,0.17836557884435,0,1,1,1,1,1.0023922540594,4500,1,1
"z[22,9]",0.969111111111111,0.173035889574341,0,1,1,1,1,1.0021660271539,4500,1,1
"z[23,9]",0.984666666666667,0.122888478420367,1,1,1,1,1,1.00579299046735,4500,0,1
"z[24,9]",0.985111111111111,0.121121715563244,1,1,1,1,1,1.00184056122518,4500,0,1
"z[25,9]",0.9,0.300033338889918,0,1,1,1,1,0.999785506528413,4500,1,1
"z[26,9]",0.958666666666667,0.199082134750893,0,1,1,1,1,0.999808129720762,4500,1,1
"z[27,9]",0.952666666666667,0.212374461172167,0,1,1,1,1,1.0024208285248,4006,1,1
"z[28,9]",1,0,1,1,1,1,1,NA,1,0,1
"z[29,9]",1,0,1,1,1,1,1,NA,1,0,1
"z[30,9]",0.980222222222222,0.139251306560123,1,1,1,1,1,1.00676049937563,3603,0,1
"z[31,9]",0.970444444444444,0.169376503362579,0,1,1,1,1,1.00364360820638,4368,1,1
"z[32,9]",0.977555555555556,0.148140366379144,1,1,1,1,1,1.00643246045443,3342,0,1
"z[33,9]",1,0,1,1,1,1,1,NA,1,0,1
"z[34,9]",1,0,1,1,1,1,1,NA,1,0,1
"z[35,9]",1,0,1,1,1,1,1,NA,1,0,1
"z[36,9]",1,0,1,1,1,1,1,NA,1,0,1
"z[37,9]",1,0,1,1,1,1,1,NA,1,0,1
"z[38,9]",1,0,1,1,1,1,1,NA,1,0,1
"z[39,9]",1,0,1,1,1,1,1,NA,1,0,1
"z[40,9]",1,0,1,1,1,1,1,NA,1,0,1
"z[41,9]",0.984888888888889,0.1220084974435,1,1,1,1,1,1.00770249508434,4129,0,1
"z[42,9]",0.988,0.108897361089598,1,1,1,1,1,1.00592739056704,4500,0,1
"z[43,9]",0.932222222222222,0.251392113273443,0,1,1,1,1,1.00052435611435,4500,1,1
"z[44,9]",0.958,0.200611423704479,0,1,1,1,1,1.00135340529985,4500,1,1
"z[45,9]",0.930888888888889,0.253671175391235,0,1,1,1,1,1.00024529633843,4500,1,1
"z[46,9]",0.972,0.164991058376806,0,1,1,1,1,1.00393959711657,4273,1,1
"z[47,9]",0.979555555555556,0.141530634321543,1,1,1,1,1,1.00723230191287,3271,0,1
"z[48,9]",1,0,1,1,1,1,1,NA,1,0,1
"z[49,9]",0.988222222222222,0.107896472423584,1,1,1,1,1,1.0047342543543,4500,0,1
"z[50,9]",1,0,1,1,1,1,1,NA,1,0,1
"z[51,9]",1,0,1,1,1,1,1,NA,1,0,1
"z[52,9]",1,0,1,1,1,1,1,NA,1,0,1
"z[53,9]",1,0,1,1,1,1,1,NA,1,0,1
"z[54,9]",1,0,1,1,1,1,1,NA,1,0,1
"z[55,9]",0.988222222222222,0.107896472423584,1,1,1,1,1,1.02722363899535,1502,0,1
"z[56,9]",1,0,1,1,1,1,1,NA,1,0,1
"z[57,9]",0.956666666666667,0.203629000755977,0,1,1,1,1,1.00741528216485,1547,1,1
"z[58,9]",1,0,1,1,1,1,1,NA,1,0,1
"z[59,9]",1,0,1,1,1,1,1,NA,1,0,1
"z[60,9]",1,0,1,1,1,1,1,NA,1,0,1
"z[61,9]",1,0,1,1,1,1,1,NA,1,0,1
"z[62,9]",1,0,1,1,1,1,1,NA,1,0,1
"z[63,9]",1,0,1,1,1,1,1,NA,1,0,1
"z[64,9]",1,0,1,1,1,1,1,NA,1,0,1
"z[65,9]",1,0,1,1,1,1,1,NA,1,0,1
"z[66,9]",1,0,1,1,1,1,1,NA,1,0,1
"z[67,9]",1,0,1,1,1,1,1,NA,1,0,1
"z[68,9]",1,0,1,1,1,1,1,NA,1,0,1
"z[69,9]",1,0,1,1,1,1,1,NA,1,0,1
"z[70,9]",1,0,1,1,1,1,1,NA,1,0,1
"z[71,9]",1,0,1,1,1,1,1,NA,1,0,1
"z[72,9]",1,0,1,1,1,1,1,NA,1,0,1
"z[73,9]",1,0,1,1,1,1,1,NA,1,0,1
"z[74,9]",1,0,1,1,1,1,1,NA,1,0,1
"z[75,9]",1,0,1,1,1,1,1,NA,1,0,1
"z[76,9]",1,0,1,1,1,1,1,NA,1,0,1
"z[77,9]",1,0,1,1,1,1,1,NA,1,0,1
"z[78,9]",1,0,1,1,1,1,1,NA,1,0,1
"z[79,9]",1,0,1,1,1,1,1,NA,1,0,1
"z[80,9]",1,0,1,1,1,1,1,NA,1,0,1
"z[81,9]",1,0,1,1,1,1,1,NA,1,0,1
"z[82,9]",1,0,1,1,1,1,1,NA,1,0,1
"z[83,9]",0.567555555555556,0.495470282080354,0,0,1,1,1,1.00000175469649,4500,1,1
"z[84,9]",0.970222222222222,0.169992598048771,0,1,1,1,1,0.999873516978612,4500,1,1
"z[85,9]",0.963333333333333,0.18796295738691,0,1,1,1,1,1.00179785703416,4500,1,1
"z[86,9]",1,0,1,1,1,1,1,NA,1,0,1
"z[87,9]",1,0,1,1,1,1,1,NA,1,0,1
"z[88,9]",1,0,1,1,1,1,1,NA,1,0,1
"z[89,9]",1,0,1,1,1,1,1,NA,1,0,1
"z[90,9]",1,0,1,1,1,1,1,NA,1,0,1
"z[91,9]",1,0,1,1,1,1,1,NA,1,0,1
"z[92,9]",1,0,1,1,1,1,1,NA,1,0,1
"z[93,9]",1,0,1,1,1,1,1,NA,1,0,1
"z[94,9]",1,0,1,1,1,1,1,NA,1,0,1
"z[95,9]",0.866,0.340690171985335,0,1,1,1,1,1.0001771349081,4500,1,1
"z[96,9]",1,0,1,1,1,1,1,NA,1,0,1
"z[97,9]",1,0,1,1,1,1,1,NA,1,0,1
"z[98,9]",1,0,1,1,1,1,1,NA,1,0,1
"z[99,9]",1,0,1,1,1,1,1,NA,1,0,1
"z[100,9]",1,0,1,1,1,1,1,NA,1,0,1
"z[101,9]",1,0,1,1,1,1,1,NA,1,0,1
"z[102,9]",0.981333333333333,0.1353598679191,1,1,1,1,1,1.00164740862012,4500,0,1
"z[103,9]",0.981777777777778,0.133769014787178,1,1,1,1,1,1.00158826531223,4500,0,1
"z[104,9]",1,0,1,1,1,1,1,NA,1,0,1
"z[105,9]",1,0,1,1,1,1,1,NA,1,0,1
"z[106,9]",1,0,1,1,1,1,1,NA,1,0,1
"z[107,9]",1,0,1,1,1,1,1,NA,1,0,1
"z[108,9]",1,0,1,1,1,1,1,NA,1,0,1
"z[109,9]",1,0,1,1,1,1,1,NA,1,0,1
"z[110,9]",1,0,1,1,1,1,1,NA,1,0,1
"z[111,9]",1,0,1,1,1,1,1,NA,1,0,1
"z[112,9]",0.990888888888889,0.0950268670194558,1,1,1,1,1,1.01940710110385,2730,0,1
"z[113,9]",1,0,1,1,1,1,1,NA,1,0,1
"z[114,9]",1,0,1,1,1,1,1,NA,1,0,1
"z[115,9]",1,0,1,1,1,1,1,NA,1,0,1
"z[116,9]",0.938888888888889,0.239560631963708,0,1,1,1,1,1.00786764232076,1058,1,1
"z[117,9]",0.976888888888889,0.150273104306291,1,1,1,1,1,1.00029585633548,4500,0,1
"z[118,9]",0.959333333333333,0.19753875656879,0,1,1,1,1,1.00010426432332,4500,1,1
"z[119,9]",1,0,1,1,1,1,1,NA,1,0,1
"z[120,9]",0.96,0.195980956294358,0,1,1,1,1,1.0010719163463,4500,1,1
"z[121,9]",1,0,1,1,1,1,1,NA,1,0,1
"z[122,9]",0.995333333333333,0.0681609955608629,1,1,1,1,1,1.02286738384481,4480,0,1
"z[123,9]",0.991555555555556,0.0915150092219534,1,1,1,1,1,1.00421547951676,4500,0,1
"z[124,9]",0.984666666666667,0.122888478420367,1,1,1,1,1,1.01336447230046,2371,0,1
"z[125,9]",1,0,1,1,1,1,1,NA,1,0,1
"z[126,9]",0.981333333333333,0.1353598679191,1,1,1,1,1,1.01291415780002,2028,0,1
"z[127,9]",1,0,1,1,1,1,1,NA,1,0,1
"z[128,9]",1,0,1,1,1,1,1,NA,1,0,1
"z[129,9]",1,0,1,1,1,1,1,NA,1,0,1
"z[130,9]",1,0,1,1,1,1,1,NA,1,0,1
"z[131,9]",1,0,1,1,1,1,1,NA,1,0,1
"z[132,9]",0.048,0.213789983216616,0,0,0,0,1,0.999773028106511,4500,1,1
"z[133,9]",1,0,1,1,1,1,1,NA,1,0,1
"z[134,9]",1,0,1,1,1,1,1,NA,1,0,1
"z[135,9]",0.989333333333333,0.102738670891514,1,1,1,1,1,1.00428820998375,4500,0,1
"z[136,9]",0.976444444444444,0.151676642100424,1,1,1,1,1,1.00718645297296,2858,0,1
"z[137,9]",1,0,1,1,1,1,1,NA,1,0,1
"z[138,9]",0.956888888888889,0.203129792200249,0,1,1,1,1,1.00590572400109,1930,1,1
"z[139,9]",1,0,1,1,1,1,1,NA,1,0,1
"z[140,9]",1,0,1,1,1,1,1,NA,1,0,1
"z[141,9]",1,0,1,1,1,1,1,NA,1,0,1
"z[142,9]",1,0,1,1,1,1,1,NA,1,0,1
"z[143,9]",1,0,1,1,1,1,1,NA,1,0,1
"z[144,9]",1,0,1,1,1,1,1,NA,1,0,1
"z[145,9]",0.988444444444444,0.106885749673393,1,1,1,1,1,1.00268268507519,4500,0,1
"z[146,9]",0.984888888888889,0.1220084974435,1,1,1,1,1,1.00277482360537,4500,0,1
"z[147,9]",1,0,1,1,1,1,1,NA,1,0,1
"z[148,9]",1,0,1,1,1,1,1,NA,1,0,1
"z[149,9]",0.983333333333333,0.128033322512951,1,1,1,1,1,1.01025186345938,2838,0,1
"z[150,9]",0.947777777777778,0.222499579945098,0,1,1,1,1,1.00335322259327,2732,1,1
"z[151,9]",0.963777777777778,0.186863405673864,0,1,1,1,1,1.01724490319596,796,1,1
"z[152,9]",1,0,1,1,1,1,1,NA,1,0,1
"z[153,9]",1,0,1,1,1,1,1,NA,1,0,1
"z[154,9]",1,0,1,1,1,1,1,NA,1,0,1
"z[155,9]",1,0,1,1,1,1,1,NA,1,0,1
"z[156,9]",1,0,1,1,1,1,1,NA,1,0,1
"z[157,9]",1,0,1,1,1,1,1,NA,1,0,1
"z[158,9]",1,0,1,1,1,1,1,NA,1,0,1
"z[159,9]",1,0,1,1,1,1,1,NA,1,0,1
"z[160,9]",1,0,1,1,1,1,1,NA,1,0,1
"z[161,9]",0.966222222222222,0.180676765936377,0,1,1,1,1,1.01205226796317,1223,1,1
"z[162,9]",1,0,1,1,1,1,1,NA,1,0,1
"z[163,9]",1,0,1,1,1,1,1,NA,1,0,1
"z[164,9]",1,0,1,1,1,1,1,NA,1,0,1
"z[165,9]",1,0,1,1,1,1,1,NA,1,0,1
"z[166,9]",0.992,0.08909412970305,1,1,1,1,1,1.00433814824978,4500,0,1
"z[167,9]",0.579111111111111,0.493756629222073,0,0,1,1,1,0.999738103478086,4500,1,1
"z[168,9]",0.967555555555556,0.177197008935809,0,1,1,1,1,1.00148896824509,4500,1,1
"z[169,9]",0.971111111111111,0.167512855228826,0,1,1,1,1,1.00063831567923,4500,1,1
"z[170,9]",0.970444444444444,0.169376503362579,0,1,1,1,1,1.00256373502503,4500,1,1
"z[171,9]",1,0,1,1,1,1,1,NA,1,0,1
"z[172,9]",1,0,1,1,1,1,1,NA,1,0,1
"z[173,9]",1,0,1,1,1,1,1,NA,1,0,1
"z[174,9]",1,0,1,1,1,1,1,NA,1,0,1
"z[175,9]",1,0,1,1,1,1,1,NA,1,0,1
"z[176,9]",1,0,1,1,1,1,1,NA,1,0,1
"z[177,9]",1,0,1,1,1,1,1,NA,1,0,1
"z[178,9]",0.980888888888889,0.136930797191431,1,1,1,1,1,1.00099852264813,4500,0,1
"z[179,9]",0.969333333333333,0.17243210118093,0,1,1,1,1,1.00441228546354,3521,1,1
"z[180,9]",0.994222222222222,0.0758002102747823,1,1,1,1,1,1.00041370665397,4500,0,1
"z[181,9]",1,0,1,1,1,1,1,NA,1,0,1
"z[182,9]",1,0,1,1,1,1,1,NA,1,0,1
"z[183,9]",1,0,1,1,1,1,1,NA,1,0,1
"z[184,9]",1,0,1,1,1,1,1,NA,1,0,1
"z[185,9]",1,0,1,1,1,1,1,NA,1,0,1
"z[186,9]",0.978,0.146699633251375,1,1,1,1,1,1.0017391459985,4500,0,1
"z[187,9]",0.900444444444444,0.299439764034771,0,1,1,1,1,1.00123802664337,3553,1,1
"z[188,9]",1,0,1,1,1,1,1,NA,1,0,1
"z[189,9]",1,0,1,1,1,1,1,NA,1,0,1
"z[190,9]",1,0,1,1,1,1,1,NA,1,0,1
"z[191,9]",1,0,1,1,1,1,1,NA,1,0,1
"z[192,9]",0.964888888888889,0.18408109945566,0,1,1,1,1,1.00430657245802,3162,1,1
"z[193,9]",0.961111111111111,0.193351625166517,0,1,1,1,1,1.00148482733664,4500,1,1
"z[194,9]",0.981777777777778,0.133769014787178,1,1,1,1,1,1.0090950338513,2923,0,1
"z[195,9]",0.970222222222222,0.169992598048771,0,1,1,1,1,0.999873516978612,4500,1,1
"z[196,9]",0.0744444444444444,0.26252196898347,0,0,0,0,1,1.0000456407829,4500,1,1
"z[197,9]",1,0,1,1,1,1,1,NA,1,0,1
"z[198,9]",1,0,1,1,1,1,1,NA,1,0,1
"z[199,9]",1,0,1,1,1,1,1,NA,1,0,1
"z[200,9]",1,0,1,1,1,1,1,NA,1,0,1
"deviance",3645.81097499033,27.1677692506192,3597.99143401889,3626.161675946,3644.36305266294,3663.35725057084,3703.61116260454,1.00041948168777,3806,0,1
