"parameter","mean","sd","2.5%","25%","50%","75%","97.5%","Rhat","n.eff","overlap0","f"
"a.psi[1]",-0.290771579949102,1.64814109356957,-3.38862400500453,-1.44431020281332,-0.350074613088149,0.866966490078687,2.94455425206486,1.00256462432936,1477,1,0.574444444444444
"a.psi[2]",0.596393735035683,0.620646948335857,-0.599975438619217,0.182300179505913,0.590493207534193,0.999859545710901,1.82502138071651,1.00028031144553,4500,1,0.836666666666667
"a.psi[3]",-0.665974414816998,0.660275213332713,-1.94703154516656,-1.10096985533187,-0.66438376965984,-0.229271618975082,0.628358981707058,0.999860712914444,4500,1,0.847555555555556
"a.psi[4]",1.66441721967657,0.689699108324366,0.429875343067707,1.18550432943649,1.62991735928379,2.06259667167677,3.18745722993746,1.00052837701632,4500,0,0.997111111111111
"a.psi[5]",2.17767373810968,0.987326476409146,0.408031664905136,1.48103288593872,2.11059352996047,2.78257673578923,4.28123194612273,1.00071188064596,2293,0,0.992444444444444
"b.psi.elev",-0.507169157771089,0.414945270837511,-1.3740998044484,-0.770782740205301,-0.48855600314316,-0.227214278545619,0.274075117320041,1.0008451076116,2044,1,0.899111111111111
"b.psi.water",-0.0425753970426216,0.415685166511883,-0.869264726165686,-0.314772468416891,-0.0397181036632789,0.236327364018871,0.778436400222175,0.999940703185021,4500,1,0.537333333333333
"a.gam[1]",-1.07854415484692,1.38046120374443,-3.19259686351008,-2.06352859796597,-1.31429247618892,-0.299974380997381,2.19544316493884,1.02109389969902,130,1,0.804444444444444
"a.gam[2]",0.158683176059779,0.420601290071444,-0.638323061012593,-0.124980169417529,0.152158990437214,0.436983999175729,1.00440654596605,1.00119479362275,2117,1,0.644
"a.gam[3]",-1.4298856240723,0.265750160743992,-1.96300520158035,-1.60521366299982,-1.42058924302317,-1.24645540515897,-0.928826343060757,0.999828896899019,4500,0,1
"a.gam[4]",-0.283863903915758,0.448513125398248,-1.16533470584601,-0.582063075090398,-0.279979141942174,0.00672411408927616,0.610571736509884,1.00056611937776,4500,1,0.745111111111111
"a.gam[5]",-0.0717115220427445,0.461947133964118,-0.959290144038608,-0.380733976634848,-0.087471763072043,0.226994075359688,0.856353789540187,1.00051474640316,4500,1,0.574222222222222
"b.gam.elev",-0.307743169623425,0.182230597761187,-0.664698225340551,-0.425716033707839,-0.308568512903602,-0.18519687424977,0.0494064197365299,1.0008231559462,4349,1,0.953777777777778
"b.gam.water",0.0330780353944564,0.185096213731131,-0.321440577980093,-0.0922765151428564,0.0300376500419833,0.157284420354471,0.405486530165523,1.00177624315062,972,1,0.567333333333333
"b.gam.road",-0.538153793587769,0.183689086302012,-0.906499356620997,-0.659280850851443,-0.530345669708257,-0.414400664424464,-0.186200394956808,1.00043106639723,2898,0,0.999111111111111
"b.gam.harv",0.180023567375566,0.135304587299527,-0.0843741336401774,0.0889841084834546,0.179650783550242,0.26959169139939,0.445417852062646,1.00000733814339,4500,1,0.91
"a.phi[1]",-0.979073452933264,1.69893853423286,-3.98209724961714,-2.16510586909386,-1.09865099109888,0.133016556123641,2.65000288972659,1.0119565030623,198,1,0.734
"a.phi[2]",1.78310274390954,0.396302446433715,1.01174905703449,1.52364114572951,1.78314973196239,2.03524875471918,2.5932103692603,1.00057374750239,2325,0,1
"a.phi[3]",-0.748329431254285,0.497693057435133,-1.80086728022547,-1.06213274636887,-0.731130982281821,-0.419788285323012,0.186892135946562,0.999945944888928,4500,1,0.938
"a.phi[4]",2.5843892159791,0.414631593335208,1.79259867426771,2.30885799969536,2.57509981701258,2.85171257692799,3.41061069841483,1.00084662687024,1925,0,1
"a.phi[5]",1.71082244255288,0.413265722024392,0.917267593904081,1.43639690335424,1.69207361016486,1.97877233222211,2.56265861896167,1.00013950924171,4500,0,1
"b.phi.elev",-0.184632018907124,0.232906787867,-0.614484793075936,-0.342293476093893,-0.196004685750639,-0.0385128138177595,0.31311802277633,1.00162769542244,1086,1,0.794666666666667
"b.phi.water",-0.282751351248892,0.187252837988102,-0.646463664462498,-0.410271151050846,-0.284215571294553,-0.155207674513384,0.0840959289996252,1.00157815410946,1226,1,0.934222222222222
"b.phi.road",0.225008471886314,0.192950500638702,-0.151276903919424,0.094377033844428,0.227738724750833,0.352927554306544,0.595326090742677,1.00109745275229,3763,1,0.879777777777778
"b.phi.harv",0.156881872421118,0.152733015081109,-0.153968678825139,0.0559268567163298,0.160273295425968,0.258649697557254,0.453493628580997,1.00096590293529,2821,1,0.852888888888889
"a.p",0.107922225189147,0.128625603010415,-0.150871430194255,0.0306186596462974,0.110138700458383,0.188820225851319,0.362934682074756,1.00198213960655,4500,1,0.816666666666667
"b.p.ak",-2.79684204995275,1.01190908558915,-4.55783651024132,-3.54897547688975,-2.85228870040172,-2.11022742703819,-0.72940571920886,1.00965910014499,216,0,0.997555555555556
"b.p.clutter",0.00302000628752956,0.0445445294833067,-0.0803333368668374,-0.0277524425625586,0.00266518546981156,0.0322372456479811,0.0912395697887298,0.999782697925056,4500,1,0.527555555555556
"b.p.temp",0.533711628618133,0.0496326169036703,0.441187907626279,0.499880988350215,0.532889300781887,0.566300307363008,0.631528850410316,1.00111965990844,1478,0,1
"b.p.julian",0.22391465284837,0.0499107777091769,0.127533701279155,0.189653998707571,0.223524588689966,0.256640038629457,0.322143007375673,1.00055824201868,4500,0,1
"sigma.gam",0.301214384958778,0.22471987408147,0.0190494239236246,0.134506913914894,0.258200892267166,0.413172832823015,0.832501019706934,1.00183649574283,1245,0,1
"sigma.phi",0.565764381768147,0.356194782140592,0.0384395146196133,0.318275493496448,0.514598506767918,0.743365758475429,1.39934795088976,1.00144294859083,1325,0,1
"sigma.p",0.341674538851733,0.120563381710897,0.174288513648767,0.257906968976502,0.318561057521692,0.402112237235768,0.633285750730662,1.00101430821209,2974,0,1
"eps.gam[1]",0.00600764246809574,0.278890134318188,-0.576838542448634,-0.127074514600428,0.00111472019420192,0.137894140939765,0.623961995991289,1.0026339655326,1044,1,0.504
"eps.gam[2]",-0.0708648633913922,0.278164001096294,-0.716752341307622,-0.193324883476178,-0.0298994911709396,0.0700364640996438,0.445919222126186,1.00021219332987,4500,1,0.588222222222222
"eps.gam[3]",-0.120379149232279,0.28005606668629,-0.793459217731598,-0.247108771447617,-0.0679694782121263,0.0319135962369082,0.374019880867187,1.00080085092017,1853,1,0.665333333333333
"eps.gam[4]",-0.064206358160549,0.260371334050991,-0.668092634236169,-0.183945851083912,-0.0308394588943178,0.0676505766677108,0.429941771666413,1.00019065427127,4500,1,0.592
"eps.gam[5]",-0.097014414007095,0.257869939720282,-0.707802108743199,-0.219848241987901,-0.0529720803033355,0.0412275350751261,0.375557463119381,1.00411973431976,699,1,0.639777777777778
"eps.gam[6]",-0.12118493540461,0.29146008810425,-0.843884956294891,-0.245849877502577,-0.0595254470447849,0.0375548064701464,0.371569011217335,1.00197432722835,1199,1,0.653555555555556
"eps.gam[7]",0.0830500330095427,0.254726436159591,-0.390104462491025,-0.0514803087529276,0.0461353377776667,0.214026550862226,0.656572393769337,1.00095381602512,1871,1,0.630888888888889
"eps.gam[8]",0.245145526661011,0.295475056200884,-0.17961733904313,0.0228999360075618,0.176562724762639,0.404315484250732,0.968727584142226,1.00149868762131,1481,1,0.814666666666667
"eps.phi[1]",0.0717720454826742,0.401262606480115,-0.676601237724119,-0.159803706237347,0.0346341065037928,0.275112962273623,0.95733811235107,1.00073534487413,4038,1,0.559333333333333
"eps.phi[2]",0.0284902624817787,0.383942754782322,-0.716744594033333,-0.197792012064402,0.00523332414637548,0.2281461880167,0.84655998978749,1.00083147223068,4500,1,0.512444444444444
"eps.phi[3]",-0.318592223260781,0.406947716938218,-1.19485035853481,-0.576110617729049,-0.277265371907384,-0.0331603178195218,0.404023396915435,1.00224466990138,2100,1,0.797333333333333
"eps.phi[4]",-0.055528740692235,0.386044710426316,-0.79447822142456,-0.283017743774771,-0.050725559189312,0.143717782649227,0.815081611425572,1.00049273342729,2858,1,0.582888888888889
"eps.phi[5]",-0.186441719534403,0.392231954885366,-0.992757997936201,-0.428777088786436,-0.149181749623086,0.0444808052719104,0.572615809691551,1.00100981086244,2436,1,0.696888888888889
"eps.phi[6]",0.504635662607478,0.51753817236239,-0.225610004089213,0.114006108976534,0.418382743590194,0.794876451922926,1.74973673388007,1.00086523383549,3011,1,0.864444444444444
"eps.phi[7]",-0.0745266811248802,0.394562684888392,-0.853066205463586,-0.304825139495033,-0.0581007706952771,0.135586506214441,0.763612767697068,1.00196569365746,2513,1,0.584666666666667
"eps.phi[8]",0.680172555532525,0.569236804336476,-0.0861639736467372,0.239528265477852,0.585195973950444,1.00998860521276,2.01160285043433,0.999930720207618,4500,1,0.928444444444444
"eps.p[1]",-0.166451376914449,0.194591134304197,-0.557681859570511,-0.291460694842126,-0.160220108112816,-0.0406342612662063,0.197000700165526,1.0003795777119,4500,1,0.808888888888889
"eps.p[2]",-0.107609946958481,0.172140463590389,-0.449214650446666,-0.218308162726052,-0.107669177414058,0.00545186717241164,0.237762828084867,1.00047989878973,3835,1,0.738444444444444
"eps.p[3]",-0.0275282367362617,0.163421994579331,-0.357507926524436,-0.134166907619884,-0.0263288905479051,0.0786256314130044,0.294633184827925,1.0005706928299,4500,1,0.568
"eps.p[4]",-0.358831478054644,0.172768235202099,-0.714438809802225,-0.468651910901714,-0.352541169615025,-0.246830714990066,-0.0299177752680848,1.00064238083092,4500,0,0.982888888888889
"eps.p[5]",0.0548051184628528,0.169806385710793,-0.272521631087488,-0.0564913648821104,0.0516607414766313,0.163901564578668,0.389521022455967,1.0023006989861,1602,1,0.624
"eps.p[6]",-0.212622992434116,0.171569971687497,-0.564044655000242,-0.32201677722199,-0.211739796963291,-0.10038504633815,0.12444995567701,1.00104623974808,4500,1,0.898
"eps.p[7]",0.218413263394636,0.168635407260918,-0.0948670626977974,0.104407793072223,0.210967527480183,0.327960145239572,0.56653792896512,1.00047583549613,4500,1,0.913555555555556
"eps.p[8]",0.0852828025231973,0.173298545962482,-0.24643150516508,-0.0288408545821866,0.0786891566530463,0.194571643239968,0.442735976637262,1.00016267281859,4500,1,0.687333333333333
"eps.p[9]",0.517600325879018,0.167769194697943,0.209848888265748,0.402263712756948,0.508147370388065,0.623385135828478,0.863303599048208,1.00122392260207,4500,0,0.999777777777778
"psi.fs[1]",0.619943333333333,0.0524514838433414,0.52,0.585,0.62,0.655,0.725,1.0003869269943,3040,0,1
"psi.fs[2]",0.589784444444444,0.0366845007044393,0.525,0.565,0.59,0.615,0.665,1.00305693229664,607,0,1
"psi.fs[3]",0.573824444444444,0.0318334020124732,0.52,0.55,0.57,0.595,0.64,1.01030704634262,210,0,1
"psi.fs[4]",0.529464444444444,0.0358167935589871,0.465,0.505,0.53,0.55,0.605,1.00629449396754,325,0,1
"psi.fs[5]",0.552883333333333,0.0314946403284023,0.495,0.53,0.55,0.575,0.62,1.00575142398857,377,0,1
"psi.fs[6]",0.527754444444444,0.0321968607819504,0.47,0.505,0.525,0.55,0.595,1.00221650775145,948,0,1
"psi.fs[7]",0.584562222222222,0.0319390310834889,0.525,0.565,0.585,0.605,0.65,1.00473036625826,474,0,1
"psi.fs[8]",0.582352222222222,0.0306933536407966,0.525,0.56,0.58,0.6,0.645,1.00656869240387,295,0,1
"psi.fs[9]",0.673571111111111,0.0291462280656802,0.62,0.655,0.67,0.695,0.735,1.0080733571678,258,0,1
"psi.surv[1]",0.633215053763441,0.0280079905107398,0.580645161290323,0.612903225806452,0.629032258064516,0.645161290322581,0.693548387096774,1.00078007562663,4500,0,1
"psi.surv[2]",0.658410901467505,0.0249256081890388,0.613207547169811,0.641509433962264,0.660377358490566,0.679245283018868,0.707547169811321,1.0000498334434,4500,0,1
"psi.surv[3]",0.608302600472813,0.0298238004639172,0.560283687943262,0.588652482269504,0.602836879432624,0.624113475177305,0.673758865248227,1.01528783832671,157,0,1
"psi.surv[4]",0.574065185185185,0.0356366220394807,0.513333333333333,0.546666666666667,0.573333333333333,0.6,0.646666666666667,1.0090856019604,233,0,1
"psi.surv[5]",0.625882352941176,0.0288389028788256,0.580882352941177,0.602941176470588,0.625,0.647058823529412,0.691176470588235,1.00856063831882,253,0,1
"psi.surv[6]",0.544616977225673,0.0319549933529469,0.484472049689441,0.521739130434783,0.540372670807453,0.565217391304348,0.608695652173913,1.00263637455984,790,0,1
"psi.surv[7]",0.659390681003584,0.0290728776479157,0.612903225806452,0.637096774193548,0.653225806451613,0.67741935483871,0.725806451612903,1.01288774673036,197,0,1
"psi.surv[8]",0.55989598108747,0.0294854759947577,0.51063829787234,0.539007092198582,0.560283687943262,0.581560283687943,0.624113475177305,1.00949259921768,216,0,1
"psi.surv[9]",0.673576489533011,0.0217740787443307,0.63768115942029,0.659420289855073,0.666666666666667,0.688405797101449,0.717391304347826,1.01661089782375,144,0,1
"n.occ[1]",123.988666666667,10.4902967686683,104,117,124,131,145,1.0003869269943,3040,0,1
"n.occ[2]",117.956888888889,7.33690014088787,105,113,118,123,133,1.00305693229664,607,0,1
"n.occ[3]",114.764888888889,6.36668040249464,104,110,114,119,128,1.01030704634262,210,0,1
"n.occ[4]",105.892888888889,7.16335871179743,93,101,106,110,121,1.00629449396754,325,0,1
"n.occ[5]",110.576666666667,6.29892806568046,99,106,110,115,124,1.00575142398857,377,0,1
"n.occ[6]",105.550888888889,6.43937215639007,94,101,105,110,119,1.00221650775145,948,0,1
"n.occ[7]",116.912444444444,6.38780621669779,105,113,117,121,130,1.00473036625826,474,0,1
"n.occ[8]",116.470444444444,6.13867072815931,105,112,116,120,129,1.00656869240387,295,0,1
"n.occ[9]",134.714222222222,5.82924561313604,124,131,134,139,147,1.0080733571678,258,0,1
"psi.reg[1,1]",0.533703703703704,0.307384217285134,0,0.266666666666667,0.533333333333333,0.8,1,1.00183236270387,1068,1,1
"psi.reg[2,1]",0.542022792022792,0.0897529071176434,0.358974358974359,0.487179487179487,0.538461538461538,0.615384615384615,0.717948717948718,0.999754471380089,4500,0,1
"psi.reg[3,1]",0.345411111111111,0.118974740539407,0.15,0.25,0.333333333333333,0.416666666666667,0.6,0.999951988901209,4500,0,1
"psi.reg[4,1]",0.793030303030303,0.0810250865952769,0.606060606060606,0.757575757575758,0.787878787878788,0.848484848484849,0.939393939393939,1.00010913455177,4500,0,1
"psi.reg[5,1]",0.904708595387841,0.0697252602176731,0.735849056603774,0.867924528301887,0.924528301886792,0.962264150943396,1,1.00023854446198,4500,0,1
"psi.reg[1,2]",0.333881481481482,0.247887911092215,0,0.133333333333333,0.266666666666667,0.533333333333333,0.866666666666667,1.01579043117572,153,1,1
"psi.reg[2,2]",0.676267806267806,0.0745351199884154,0.512820512820513,0.641025641025641,0.666666666666667,0.717948717948718,0.82051282051282,0.999683262417233,4500,0,1
"psi.reg[3,2]",0.2444,0.0542767107030154,0.15,0.2,0.233333333333333,0.283333333333333,0.366666666666667,1.00007225386562,4500,0,1
"psi.reg[4,2]",0.811481481481481,0.0488320715891916,0.696969696969697,0.787878787878788,0.818181818181818,0.848484848484849,0.909090909090909,0.999857096171979,4500,0,1
"psi.reg[5,2]",0.851534591194969,0.0435833335001447,0.773584905660377,0.830188679245283,0.849056603773585,0.886792452830189,0.924528301886792,1.00014974198525,4500,0,1
"psi.reg[1,3]",0.281348148148148,0.249880581545449,0,0.0666666666666667,0.2,0.466666666666667,0.866666666666667,1.0289366004837,92,1,1
"psi.reg[2,3]",0.591527065527066,0.0636133860163598,0.461538461538462,0.538461538461538,0.58974358974359,0.641025641025641,0.717948717948718,1.00025525625506,4500,0,1
"psi.reg[3,3]",0.251907407407407,0.048534410111799,0.166666666666667,0.216666666666667,0.25,0.283333333333333,0.35,1.00044336039672,4500,0,1
"psi.reg[4,3]",0.822713804713805,0.035585754398256,0.757575757575758,0.787878787878788,0.818181818181818,0.848484848484849,0.878787878787879,0.999879117251795,4500,0,1
"psi.reg[5,3]",0.853039832285115,0.0331686149538803,0.792452830188679,0.830188679245283,0.849056603773585,0.867924528301887,0.924528301886792,1.00088707266394,1701,0,1
"psi.reg[1,4]",0.282666666666667,0.245412932314725,0,0.0666666666666667,0.2,0.466666666666667,0.866666666666667,1.02370174516724,107,1,1
"psi.reg[2,4]",0.693726495726496,0.0505230216139586,0.58974358974359,0.666666666666667,0.692307692307692,0.717948717948718,0.794871794871795,1.00023173904693,4500,0,1
"psi.reg[3,4]",0.180233333333333,0.0482020454293348,0.1,0.15,0.183333333333333,0.216666666666667,0.283333333333333,1.00019683932144,3966,0,1
"psi.reg[4,4]",0.820127946127946,0.04108585842889,0.727272727272727,0.787878787878788,0.818181818181818,0.848484848484849,0.909090909090909,1.00014579897435,4500,0,1
"psi.reg[5,4]",0.692817610062893,0.0622415307929158,0.566037735849057,0.660377358490566,0.69811320754717,0.735849056603774,0.811320754716981,1.00114499809805,2909,0,1
"psi.reg[1,5]",0.273081481481481,0.245956830698528,0,0.0666666666666667,0.2,0.4,0.866666666666667,1.02333314375413,108,1,1
"psi.reg[2,5]",0.745356125356125,0.0360165250312007,0.666666666666667,0.717948717948718,0.743589743589744,0.769230769230769,0.82051282051282,1.00010421276829,4500,0,1
"psi.reg[3,5]",0.236107407407407,0.0511133685409137,0.15,0.2,0.233333333333333,0.266666666666667,0.35,1.00035638556771,4500,0,1
"psi.reg[4,5]",0.723043771043771,0.0465452054870727,0.636363636363636,0.696969696969697,0.727272727272727,0.757575757575758,0.818181818181818,0.99976562281853,4500,0,1
"psi.reg[5,5]",0.743106918238994,0.0454477645962465,0.660377358490566,0.716981132075472,0.735849056603774,0.773584905660377,0.830188679245283,1.00078616264581,2545,0,1
"psi.reg[1,6]",0.315081481481481,0.231671930558998,0.0666666666666667,0.133333333333333,0.266666666666667,0.466666666666667,0.866666666666667,1.02277718909521,118,0,1
"psi.reg[2,6]",0.713652421652422,0.0552222763276452,0.615384615384615,0.666666666666667,0.717948717948718,0.743589743589744,0.82051282051282,1.00044558419651,3267,0,1
"psi.reg[3,6]",0.182674074074074,0.0357473641069678,0.116666666666667,0.15,0.183333333333333,0.2,0.266666666666667,1.00122362824742,1347,0,1
"psi.reg[4,6]",0.76352861952862,0.0434376269987228,0.696969696969697,0.727272727272727,0.757575757575758,0.787878787878788,0.848484848484849,1.00089719969044,1925,0,1
"psi.reg[5,6]",0.695006289308176,0.0536585770715347,0.60377358490566,0.660377358490566,0.69811320754717,0.735849056603774,0.811320754716981,1.0007280873475,2060,0,1
"psi.reg[1,7]",0.296,0.25907699832716,0,0.0666666666666667,0.2,0.466666666666667,0.933333333333333,1.02450413668509,114,1,1
"psi.reg[2,7]",0.82211396011396,0.033272214226114,0.743589743589744,0.794871794871795,0.82051282051282,0.846153846153846,0.871794871794872,1.00014320154765,4500,0,1
"psi.reg[3,7]",0.216311111111111,0.0526682713119888,0.116666666666667,0.183333333333333,0.216666666666667,0.25,0.333333333333333,1.00125376523271,1344,0,1
"psi.reg[4,7]",0.78559595959596,0.035937084132665,0.727272727272727,0.757575757575758,0.787878787878788,0.818181818181818,0.848484848484849,1.00001254325855,4500,0,1
"psi.reg[5,7]",0.78314465408805,0.0465263283727122,0.69811320754717,0.754716981132076,0.792452830188679,0.811320754716981,0.867924528301887,1.00057378458229,3497,0,1
"psi.reg[1,8]",0.373214814814815,0.219787674797328,0.133333333333333,0.2,0.333333333333333,0.533333333333333,0.866666666666667,1.02382524042326,108,0,1
"psi.reg[2,8]",0.681299145299145,0.0604680037734037,0.564102564102564,0.641025641025641,0.692307692307692,0.717948717948718,0.794871794871795,1.00150103118221,2199,0,1
"psi.reg[3,8]",0.258388888888889,0.034014444223675,0.2,0.233333333333333,0.25,0.283333333333333,0.333333333333333,1.00012326680347,4500,0,1
"psi.reg[4,8]",0.82210101010101,0.0434150312196772,0.727272727272727,0.787878787878788,0.818181818181818,0.848484848484849,0.909090909090909,1.00053330222319,3259,0,1
"psi.reg[5,8]",0.786205450733753,0.0486333037613562,0.679245283018868,0.754716981132076,0.792452830188679,0.811320754716981,0.867924528301887,1.00093368555749,2448,0,1
"psi.reg[1,9]",0.347437037037037,0.264898559931022,0,0.133333333333333,0.266666666666667,0.533333333333333,0.933333333333333,1.02214865561162,110,1,1
"psi.reg[2,9]",0.768871794871795,0.0363988849878431,0.692307692307692,0.743589743589744,0.769230769230769,0.794871794871795,0.846153846153846,1.00004731299223,4500,0,1
"psi.reg[3,9]",0.421218518518519,0.0346014848307259,0.366666666666667,0.4,0.416666666666667,0.45,0.5,0.999960507659236,4500,0,1
"psi.reg[4,9]",0.885710437710438,0.0294010559845199,0.818181818181818,0.878787878787879,0.878787878787879,0.909090909090909,0.939393939393939,1.00002920909597,4500,0,1
"psi.reg[5,9]",0.849341719077568,0.0408946953100177,0.754716981132076,0.830188679245283,0.849056603773585,0.886792452830189,0.924528301886792,1.00152190798861,1159,0,1
"n.occ.reg[1,1]",8.00555555555556,4.61076325927701,0,4,8,12,15,1.00183236270387,1068,1,1
"n.occ.reg[2,1]",21.1388888888889,3.50036337758809,14,19,21,24,28,0.999754471380089,4500,0,1
"n.occ.reg[3,1]",20.7246666666667,7.13848443236442,9,15,20,25,36,0.999951988901209,4500,0,1
"n.occ.reg[4,1]",26.17,2.67382785764414,20,25,26,28,31,1.00010913455177,4500,0,1
"n.occ.reg[5,1]",47.9495555555556,3.69543879153667,39,46,49,51,53,1.00023854446198,4500,0,1
"n.occ.reg[1,2]",5.00822222222222,3.71831866638322,0,2,4,8,13,1.01579043117572,153,1,1
"n.occ.reg[2,2]",26.3744444444444,2.9068696795482,20,25,26,28,32,0.999683262417233,4500,0,1
"n.occ.reg[3,2]",14.664,3.25660264218093,9,12,14,17,22,1.00007225386562,4500,0,1
"n.occ.reg[4,2]",26.7788888888889,1.61145836244332,23,26,27,28,30,0.999857096171979,4500,0,1
"n.occ.reg[5,2]",45.1313333333333,2.30991667550767,41,44,45,47,49,1.00014974198525,4500,0,1
"n.occ.reg[1,3]",4.22022222222222,3.74820872318173,0,1,3,7,13,1.0289366004837,92,1,1
"n.occ.reg[2,3]",23.0695555555556,2.48092205463803,18,21,23,25,28,1.00025525625506,4500,0,1
"n.occ.reg[3,3]",15.1144444444444,2.91206460670794,10,13,15,17,21,1.00044336039672,4500,0,1
"n.occ.reg[4,3]",27.1495555555556,1.17432989514245,25,26,27,28,29,0.999879117251795,4500,0,1
"n.occ.reg[5,3]",45.2111111111111,1.75793659255566,42,44,45,46,49,1.00088707266394,1701,0,1
"n.occ.reg[1,4]",4.24,3.68119398472087,0,1,3,7,13,1.02370174516724,107,1,1
"n.occ.reg[2,4]",27.0553333333333,1.97039784294438,23,26,27,28,31,1.00023173904693,4500,0,1
"n.occ.reg[3,4]",10.814,2.89212272576009,6,9,11,13,17,1.00019683932144,3966,0,1
"n.occ.reg[4,4]",27.0642222222222,1.35583332815337,24,26,27,28,30,1.00014579897435,4500,0,1
"n.occ.reg[5,4]",36.7193333333333,3.29880113202454,30,35,37,39,43,1.00114499809805,2909,0,1
"n.occ.reg[1,5]",4.09622222222222,3.68935246047793,0,1,3,6,13,1.02333314375413,108,1,1
"n.occ.reg[2,5]",29.0688888888889,1.40464447621683,26,28,29,30,32,1.00010421276829,4500,0,1
"n.occ.reg[3,5]",14.1664444444444,3.06680211245482,9,12,14,16,21,1.00035638556771,4500,0,1
"n.occ.reg[4,5]",23.8604444444444,1.5359917810734,21,23,24,25,27,0.99976562281853,4500,0,1
"n.occ.reg[5,5]",39.3846666666667,2.40873152360107,35,38,39,41,44,1.00078616264581,2545,0,1
"n.occ.reg[1,6]",4.72622222222222,3.47507895838497,1,2,4,7,13,1.02277718909521,118,0,1
"n.occ.reg[2,6]",27.8324444444444,2.15366877677816,24,26,28,29,32,1.00044558419651,3267,0,1
"n.occ.reg[3,6]",10.9604444444444,2.14484184641807,7,9,11,12,16,1.00122362824742,1347,0,1
"n.occ.reg[4,6]",25.1964444444444,1.43344169095785,23,24,25,26,28,1.00089719969044,1925,0,1
"n.occ.reg[5,6]",36.8353333333333,2.84390458479134,32,35,37,39,43,1.0007280873475,2060,0,1
"n.occ.reg[1,7]",4.44,3.8861549749074,0,1,3,7,14,1.02450413668509,114,1,1
"n.occ.reg[2,7]",32.0624444444444,1.29761635481845,29,31,32,33,34,1.00014320154765,4500,0,1
"n.occ.reg[3,7]",12.9786666666667,3.16009627871933,7,11,13,15,20,1.00125376523271,1344,0,1
"n.occ.reg[4,7]",25.9246666666667,1.18592377637795,24,25,26,27,28,1.00001254325855,4500,0,1
"n.occ.reg[5,7]",41.5066666666667,2.46589540375374,37,40,42,43,46,1.00057378458229,3497,0,1
"n.occ.reg[1,8]",5.59822222222222,3.29681512195992,2,3,5,8,13,1.02382524042326,108,0,1
"n.occ.reg[2,8]",26.5706666666667,2.35825214716274,22,25,27,28,31,1.00150103118221,2199,0,1
"n.occ.reg[3,8]",15.5033333333333,2.0408666534205,12,14,15,17,20,1.00012326680347,4500,0,1
"n.occ.reg[4,8]",27.1293333333333,1.43269603024935,24,26,27,28,30,1.00053330222319,3259,0,1
"n.occ.reg[5,8]",41.6688888888889,2.57756509935188,36,40,42,43,46,1.00093368555749,2448,0,1
"n.occ.reg[1,9]",5.21155555555556,3.97347839896532,0,2,4,8,14,1.02214865561162,110,1,1
"n.occ.reg[2,9]",29.986,1.41955651452588,27,29,30,31,33,1.00004731299223,4500,0,1
"n.occ.reg[3,9]",25.2731111111111,2.07608908984355,22,24,25,27,30,0.999960507659236,4500,0,1
"n.occ.reg[4,9]",29.2284444444444,0.970234847489158,27,29,29,30,31,1.00002920909597,4500,0,1
"n.occ.reg[5,9]",45.0151111111111,2.16741885143094,40,44,45,47,49,1.00152190798861,1159,0,1
"psi.reg.init[1]",0.449083891007151,0.28696300626773,0.0326528905408562,0.190878784889026,0.413364328570008,0.704114055831852,0.950005123339705,1.00125755672596,1634,0,1
"psi.reg.init[2]",0.63371382639865,0.132681753762085,0.354349517790704,0.545449245278814,0.643478302353919,0.731030959009309,0.861167410593793,1.00005401556656,4500,0,1
"psi.reg.init[3]",0.35257182926371,0.138657793763678,0.12487743041779,0.24955821691766,0.339755549184257,0.442931862631615,0.65211724536328,0.99974104939397,4500,0,1
"psi.reg.init[4]",0.821137031421124,0.0918696391684885,0.60584389596861,0.76593605212423,0.836158315154277,0.887214267398004,0.960359531272599,1.00089858228423,2498,0,1
"psi.reg.init[5]",0.866176815430889,0.101624836764257,0.600615806770468,0.814728538046101,0.891928557978114,0.941727009276144,0.986362912460799,1.00204115522271,1933,0,1
"gamma.reg[1,1]",0.301107593248888,0.243792834188627,0.0381739125316486,0.111070729972768,0.214812427750682,0.432653350668268,0.902054519315096,1.02009316592515,141,0,1
"gamma.reg[2,1]",0.538838846988972,0.111715825739327,0.318985913348833,0.461898066302046,0.540313142413198,0.616148016960277,0.750103900452467,1.00009004498473,4500,0,1
"gamma.reg[3,1]",0.199623703065042,0.0543959384554773,0.104288646931964,0.163125187009047,0.195711792873385,0.231558021458786,0.322082302950696,1.00024057028438,3580,0,1
"gamma.reg[4,1]",0.434639039420763,0.116981453665088,0.219425896967864,0.352624928505803,0.430023250227778,0.510642893614616,0.6772595656,1.00187687887562,1262,0,1
"gamma.reg[5,1]",0.484424369210971,0.123129119853493,0.249534479989282,0.400040473306737,0.481833075951559,0.566131165476404,0.72725616780293,1.0006566254839,3293,0,1
"gamma.reg[1,2]",0.288730127252973,0.240598703393096,0.0348689295423451,0.105516322669444,0.202570955486682,0.408217491899094,0.906424702634114,1.02247352669708,126,0,1
"gamma.reg[2,2]",0.520916491906876,0.111601677923352,0.296402054842992,0.443891347957142,0.522339744087014,0.598562359392811,0.734582643128204,1.00114065114982,1678,0,1
"gamma.reg[3,2]",0.187719034923742,0.0500323162175287,0.0948183339546637,0.153910546536605,0.18551261157567,0.219810949648642,0.2910761363349,0.999895884501742,4500,0,1
"gamma.reg[4,2]",0.417131028853764,0.114614305767067,0.205044067554837,0.335192492805579,0.413418108812714,0.495636899770466,0.647994256856072,1.00026374968632,4500,0,1
"gamma.reg[5,2]",0.466612747895871,0.117904018176568,0.234392269257217,0.386413466136342,0.465118052795157,0.548203287298755,0.700295701006968,0.999927971610222,4500,0,1
"gamma.reg[1,3]",0.281324376133401,0.237640506813437,0.033706464736059,0.101184995979687,0.194889136298399,0.394721671775327,0.891876760772336,1.02121918271232,142,0,1
"gamma.reg[2,3]",0.50928924110112,0.110705580596077,0.286744593430698,0.434115586457857,0.511690152517719,0.58772575294918,0.721013062283462,0.999943769849287,4500,0,1
"gamma.reg[3,3]",0.180748038822852,0.049896311137652,0.0886458568676609,0.146272819229161,0.178926967271528,0.212838752613158,0.28513795214373,1.00079319261809,2848,0,1
"gamma.reg[4,3]",0.40588080409167,0.114353898235081,0.193870913171123,0.32567269673427,0.403240582927797,0.482558756947467,0.639266791234496,1.00143290647708,1884,0,1
"gamma.reg[5,3]",0.454910696930269,0.118354928515924,0.226976539807155,0.373015407883878,0.451307584747108,0.532375628023607,0.69007048171971,1.00066367657665,2217,0,1
"gamma.reg[1,4]",0.289456331175702,0.239833565753121,0.0354858883716817,0.105783802021893,0.201941322622138,0.40811908293974,0.900465582523008,1.02280057156977,127,0,1
"gamma.reg[2,4]",0.522387729420195,0.108792383062299,0.310495350276713,0.446059146549675,0.522289574936046,0.599904545075316,0.736443711450884,1.00004029404229,4500,0,1
"gamma.reg[3,4]",0.188656478088383,0.0504678208601967,0.0988894005840695,0.153765027891248,0.186117556800135,0.219448328655673,0.294085798650539,1.00012540423105,4500,0,1
"gamma.reg[4,4]",0.418323362424689,0.11330259141159,0.213448872030466,0.338993835366127,0.412803797348659,0.492539427476677,0.654118673479498,1.00084729007951,2961,0,1
"gamma.reg[5,4]",0.468002560315467,0.115907650852943,0.242538081792776,0.390949139797879,0.464749212750506,0.548198499388745,0.701643751562184,1.00041951922203,3793,0,1
"gamma.reg[1,5]",0.284503574267468,0.237469967706091,0.0346173236736008,0.104114817996273,0.199191838629795,0.397321650075677,0.890017994131068,1.02016818260352,145,0,1
"gamma.reg[2,5]",0.51466128353662,0.108694483683997,0.299373847229599,0.439994623663835,0.515423348487164,0.590510058577171,0.728962883045502,1.00016518179135,4500,0,1
"gamma.reg[3,5]",0.1832313033736,0.0462612889239421,0.097360009033397,0.152294781899387,0.181823951645793,0.211928265953982,0.280108827002455,1.00086209430148,1734,0,1
"gamma.reg[4,5]",0.410741115691537,0.110910593363154,0.204360988871328,0.333339545159459,0.405612848651868,0.484564605117797,0.640839709922242,1.00216847103422,1053,0,1
"gamma.reg[5,5]",0.460062466795171,0.114236629371501,0.247363389900373,0.381130161885389,0.455860106472438,0.536078630803471,0.689634430364976,1.00107003977125,1539,0,1
"gamma.reg[1,6]",0.281770289956902,0.237767854681349,0.0327577487678357,0.100792471560839,0.197454639036819,0.3953765554688,0.891458653306853,1.02065472745136,142,0,1
"gamma.reg[2,6]",0.509135309739811,0.111111942773222,0.28893619073611,0.436834260310024,0.509844330431322,0.588342852463887,0.715663079073862,1.0005688870833,4431,0,1
"gamma.reg[3,6]",0.181123028910451,0.0512094944857,0.0833718719118023,0.146995009656665,0.180774503482415,0.214190499349353,0.286077632983852,1.00085078177807,2151,0,1
"gamma.reg[4,6]",0.405672033540698,0.11352938067204,0.199825852365918,0.324349647215448,0.403649343490375,0.481330079692937,0.63727637096238,1.0010068824931,2448,0,1
"gamma.reg[5,6]",0.455233465285787,0.121380675642142,0.216346536909925,0.372755869988881,0.456369778506859,0.538675877552044,0.692119108582623,1.00140102971449,1390,0,1
"gamma.reg[1,7]",0.311864202956746,0.244097230473744,0.0430391536765118,0.119910458300556,0.229434554767231,0.447823001967484,0.910794693144074,1.021158504753,131,0,1
"gamma.reg[2,7]",0.557064740634574,0.108962335622052,0.342100667977405,0.482083068424416,0.559661643441491,0.633387837662591,0.769760380115942,1.00079588518679,2318,0,1
"gamma.reg[3,7]",0.210989452608318,0.05178609394269,0.124460335776321,0.174274830317196,0.206114372129227,0.241150011143014,0.327392613750371,1.00026551786079,4500,0,1
"gamma.reg[4,7]",0.452466187986221,0.114722565989141,0.24157788967892,0.370105975774741,0.447898859995662,0.530508549549193,0.687665863816771,1.00097269169408,2197,0,1
"gamma.reg[5,7]",0.502441747584761,0.117419319041133,0.276850408202954,0.421244159606244,0.5003780712961,0.582906420498711,0.733990669764423,1.00002088448396,4500,0,1
"gamma.reg[1,8]",0.338872604283031,0.251967654064764,0.0474084336864965,0.135282004299643,0.25960720153871,0.490180630405752,0.92346489544528,1.02123978528214,126,0,1
"gamma.reg[2,8]",0.594247851579967,0.109332014542544,0.378625778230419,0.517009383847316,0.594628272338834,0.672366160753645,0.803609803593795,1.001546683956,1279,0,1
"gamma.reg[3,8]",0.238873121802831,0.0582616418063183,0.145245911307777,0.196227410682878,0.231667705417805,0.274775193777844,0.371784980611837,1.00081183782172,2239,0,1
"gamma.reg[4,8]",0.490436259717348,0.119222343833841,0.271218075432401,0.406563445831772,0.485593311030187,0.570680079211556,0.732610056098632,1.00120614642328,2172,0,1
"gamma.reg[5,8]",0.540266344147198,0.119377109530452,0.315337724787055,0.455059504089712,0.5380537845256,0.621594549538589,0.77187267250051,1.00002941127735,4500,0,1
"phi.reg[1,1]",0.34726196726482,0.282072239621117,0.0173010120838987,0.108516151795121,0.2597173337291,0.546536023465572,0.946251255304703,1.01276798265221,193,0,1
"phi.reg[2,1]",0.854617249060843,0.0593395761268063,0.719312552997612,0.821422010877643,0.86245369485592,0.896649049811129,0.948621218055969,1.00068444028813,2828,0,1
"phi.reg[3,1]",0.34644789848141,0.115295165144198,0.150620139895518,0.261941197558087,0.338112713873561,0.421258102768468,0.595291619082387,1.00018409810036,4500,0,1
"phi.reg[4,1]",0.927830678949939,0.032647175085122,0.849152237636267,0.91005563470805,0.932513170568558,0.950840946662626,0.976201429380169,0.999992141244912,4500,0,1
"phi.reg[5,1]",0.846462727278788,0.0588992502782965,0.711897660623455,0.810946829331178,0.852671212931862,0.888533246150944,0.942481761614651,1.00071682585418,2754,0,1
"phi.reg[1,2]",0.341488500531714,0.281413140608294,0.0172042202228913,0.103789567652946,0.246129532289248,0.547803989189065,0.939327626972464,1.01290032232074,197,0,1
"phi.reg[2,2]",0.850338232326966,0.0578354893198992,0.717772717991678,0.816924044698798,0.857637102970339,0.891176139887686,0.942167469345702,1.00069877872206,4500,0,1
"phi.reg[3,2]",0.338073998017008,0.117183972803205,0.137157223381359,0.252902664601574,0.329120183345786,0.412316027714793,0.587598179549742,1.00010960678498,4500,0,1
"phi.reg[4,2]",0.926082525502439,0.0304622163495917,0.85557150579111,0.909190276646212,0.930284378184915,0.948383754256764,0.972502567380374,1.00025222285465,4500,0,1
"phi.reg[5,2]",0.841904941632638,0.0569808529876813,0.716562264588224,0.806563752274215,0.847970013164197,0.882193875195242,0.938052789519735,1.00068254798398,2951,0,1
"phi.reg[1,3]",0.293436887451413,0.268124706322454,0.0110204804414581,0.0755394465519838,0.194444020678608,0.456939945314664,0.918245609222351,1.01476800511964,185,0,1
"phi.reg[2,3]",0.802388551709192,0.0724613224889146,0.632362102629182,0.761252597708549,0.811693749445645,0.855160774033103,0.916579799386133,1.00224582962459,1073,0,1
"phi.reg[3,3]",0.270703228918931,0.106684358544665,0.0937489392095968,0.190491631697666,0.262412128836716,0.340631958478332,0.499879748507425,1.00025576599853,4500,0,1
"phi.reg[4,3]",0.89859258519355,0.0427376052176053,0.791090405963991,0.876863370331844,0.905896379535815,0.929171827864121,0.9596109901016,1.00220872580782,938,0,1
"phi.reg[5,3]",0.789009581000415,0.0827948417217955,0.596021466335239,0.739559596790046,0.800639581261891,0.85122994791841,0.918588478532654,1.00094999910833,3958,0,1
"phi.reg[1,4]",0.329009548146675,0.278168676182514,0.0155452422232075,0.0978243574448846,0.236509540663206,0.521633344589452,0.932753479691211,1.01472711236293,173,0,1
"phi.reg[2,4]",0.840620308766637,0.0578748561080385,0.709790130322876,0.80660576250953,0.847634982214292,0.882035170518258,0.934445841394972,1.00227902868734,1137,0,1
"phi.reg[3,4]",0.321110277602501,0.115491293339483,0.124095124207247,0.235612068892858,0.312777682760603,0.394185678398451,0.567827672086211,1.00080005401325,2616,0,1
"phi.reg[4,4]",0.91968868625582,0.0345326102715652,0.837727889616977,0.900931619455037,0.925709597829908,0.944055131687461,0.970915729181026,1.00188590158387,1348,0,1
"phi.reg[5,4]",0.830035457835052,0.0638812342096191,0.683748615776407,0.79369173984627,0.838016444056431,0.876145446018369,0.929736436693543,1.00034378114697,3903,0,1
"phi.reg[1,5]",0.311461365499639,0.273967422285407,0.0127878880052977,0.0855737497520816,0.212584328802998,0.488473713157084,0.924589809996623,1.01238708803618,215,0,1
"phi.reg[2,5]",0.821710020161591,0.066952266677463,0.667081113170067,0.782918652151093,0.830954243567534,0.870254086737349,0.928099918059091,1.00052609735221,4500,0,1
"phi.reg[3,5]",0.295146971311506,0.110988398614266,0.108413685578142,0.214477660878637,0.286332990931179,0.365284984767757,0.531220380607997,1.00049659977539,4500,0,1
"phi.reg[4,5]",0.909520668953012,0.0387859891693152,0.817561653101802,0.888356941829239,0.915776333385597,0.937440446306026,0.966993082267143,1.00013699721172,4500,0,1
"phi.reg[5,5]",0.809030620110168,0.0767905454084947,0.634145128018338,0.761942410553276,0.818879667415843,0.86575074553787,0.932024639686387,1.00039620941175,3340,0,1
"phi.reg[1,6]",0.413630339908683,0.296843229605797,0.0254490067601903,0.149734465274629,0.343783164511774,0.664394310413265,0.967779237878913,1.01037282092397,215,0,1
"phi.reg[2,6]",0.8974282753497,0.0474534070175824,0.78925217610687,0.867644617198232,0.902688794364726,0.933120628681601,0.972447920466008,1.00081375152148,4500,0,1
"phi.reg[3,6]",0.442739518970261,0.140237419447394,0.200270387721011,0.341871671930928,0.428032990959069,0.533262967861345,0.7468593081672,1.0007122384147,3331,0,1
"phi.reg[4,6]",0.949861827130458,0.025820711880559,0.888658031358278,0.934711736971571,0.953662358453026,0.96901022530961,0.98865641120249,1.00048242882797,4500,0,1
"phi.reg[5,6]",0.890954205442013,0.0494299791647251,0.783913653679054,0.860124857370785,0.896231157483868,0.928135473270045,0.970109821408764,1.00073462725183,2160,0,1
"phi.reg[1,7]",0.328573738149973,0.278981627398314,0.0145154261233245,0.0935435545538305,0.235603367747613,0.525539716116793,0.937276222667758,1.01399053764059,178,0,1
"phi.reg[2,7]",0.837252349035376,0.0611100461428635,0.702535848202825,0.80094961541973,0.844659352057922,0.881403374746079,0.936111696517377,1.00205565886181,1450,0,1
"phi.reg[3,7]",0.317862295739967,0.116896031898734,0.114091519355705,0.233536307053083,0.309072300961971,0.39471444637212,0.563751523743413,1.00054870918313,2843,0,1
"phi.reg[4,7]",0.917985613548489,0.0358063784342399,0.832486812418366,0.898801364953264,0.923355878409462,0.943331007893969,0.971221842468148,1.00253223518321,1397,0,1
"phi.reg[5,7]",0.826932845113164,0.0660721345011208,0.674197835410038,0.788650972016619,0.834757726958306,0.87452774381814,0.933471315566432,1.00044893176668,2661,0,1
"phi.reg[1,8]",0.440989667540645,0.300734434197058,0.0299733932933443,0.171854270126689,0.384321211448096,0.708184528170411,0.974606928966395,1.00945474431089,228,0,1
"phi.reg[2,8]",0.910247796878367,0.046222719459113,0.80683927607576,0.881398136585732,0.916961415253956,0.945597468877319,0.978858193719227,1.00011593094631,4500,0,1
"phi.reg[3,8]",0.48351642896115,0.13174767041621,0.248906931516531,0.385379676337525,0.477460180434604,0.574646813791424,0.75035086314634,1.00006329904198,4500,0,1
"phi.reg[4,8]",0.956525449827532,0.0246501311014492,0.898321324218257,0.942677666713684,0.960845498680763,0.975319767209027,0.991048796854245,0.99983212790785,4500,0,1
"phi.reg[5,8]",0.905530620126405,0.0459542621558475,0.803033635195884,0.876041558415242,0.911773326584118,0.940634134373807,0.976879354412256,1.00083867577504,2703,0,1
"ext.reg[1,1]",0.65273803273518,0.282072239621117,0.053748744695297,0.453463976534428,0.7402826662709,0.891483848204879,0.982698987916101,1.01276798265221,193,0,1
"ext.reg[2,1]",0.145382750939157,0.0593395761268063,0.0513787819440305,0.103350950188871,0.13754630514408,0.178577989122357,0.280687447002388,1.00068444028813,2828,0,1
"ext.reg[3,1]",0.65355210151859,0.115295165144198,0.404708380917612,0.578741897231531,0.661887286126439,0.738058802441913,0.849379860104482,1.00018409810036,4500,0,1
"ext.reg[4,1]",0.0721693210500609,0.032647175085122,0.0237985706198306,0.0491590533373741,0.067486829431442,0.0899443652919502,0.150847762363733,0.999992141244912,4500,0,1
"ext.reg[5,1]",0.153537272721212,0.0588992502782965,0.0575182383853492,0.111466753849056,0.147328787068138,0.189053170668822,0.288102339376545,1.00071682585418,2754,0,1
"ext.reg[1,2]",0.658511499468286,0.281413140608294,0.0606723730275362,0.452196010810935,0.753870467710752,0.896210432347054,0.982795779777109,1.01290032232074,197,0,1
"ext.reg[2,2]",0.149661767673034,0.0578354893198992,0.0578325306542979,0.108823860112314,0.142362897029661,0.183075955301202,0.282227282008321,1.00069877872206,4500,0,1
"ext.reg[3,2]",0.661926001982992,0.117183972803205,0.412401820450258,0.587683972285207,0.670879816654214,0.747097335398426,0.862842776618641,1.00010960678498,4500,0,1
"ext.reg[4,2]",0.0739174744975606,0.0304622163495917,0.0274974326196258,0.0516162457432355,0.0697156218150853,0.0908097233537878,0.14442849420889,1.00025222285465,4500,0,1
"ext.reg[5,2]",0.158095058367362,0.0569808529876813,0.0619472104802644,0.117806124804758,0.152029986835803,0.193436247725785,0.283437735411776,1.00068254798398,2951,0,1
"ext.reg[1,3]",0.706563112548587,0.268124706322454,0.0817543907776485,0.543060054685336,0.805555979321392,0.924460553448016,0.988979519558542,1.01476800511964,185,0,1
"ext.reg[2,3]",0.197611448290808,0.0724613224889146,0.0834202006138667,0.144839225966897,0.188306250554355,0.238747402291451,0.367637897370818,1.00224582962459,1073,0,1
"ext.reg[3,3]",0.729296771081069,0.106684358544665,0.500120251492574,0.659368041521668,0.737587871163284,0.809508368302334,0.906251060790403,1.00025576599853,4500,0,1
"ext.reg[4,3]",0.10140741480645,0.0427376052176053,0.0403890098984,0.0708281721358791,0.0941036204641846,0.123136629668156,0.208909594036009,1.00220872580782,938,0,1
"ext.reg[5,3]",0.210990418999585,0.0827948417217955,0.0814115214673457,0.14877005208159,0.199360418738109,0.260440403209954,0.403978533664761,1.00094999910833,3958,0,1
"ext.reg[1,4]",0.670990451853325,0.278168676182514,0.0672465203087889,0.478366655410548,0.763490459336794,0.902175642555115,0.984454757776792,1.01472711236293,173,0,1
"ext.reg[2,4]",0.159379691233363,0.0578748561080385,0.0655541586050283,0.117964829481742,0.152365017785708,0.19339423749047,0.290209869677123,1.00227902868734,1137,0,1
"ext.reg[3,4]",0.678889722397499,0.115491293339483,0.432172327913789,0.605814321601549,0.687222317239397,0.764387931107142,0.875904875792753,1.00080005401325,2616,0,1
"ext.reg[4,4]",0.0803113137441799,0.0345326102715652,0.0290842708189736,0.0559448683125387,0.0742904021700918,0.0990683805449635,0.162272110383023,1.00188590158387,1348,0,1
"ext.reg[5,4]",0.169964542164948,0.0638812342096191,0.0702635633064568,0.123854553981631,0.161983555943569,0.20630826015373,0.316251384223593,1.00034378114697,3903,0,1
"ext.reg[1,5]",0.688538634500361,0.273967422285407,0.0754101900033765,0.511526286842916,0.787415671197002,0.914426250247918,0.987212111994702,1.01238708803618,215,0,1
"ext.reg[2,5]",0.178289979838409,0.066952266677463,0.0719000819409085,0.129745913262651,0.169045756432466,0.217081347848907,0.332918886829933,1.00052609735221,4500,0,1
"ext.reg[3,5]",0.704853028688494,0.110988398614266,0.468779619392003,0.634715015232243,0.713667009068821,0.785522339121363,0.891586314421858,1.00049659977539,4500,0,1
"ext.reg[4,5]",0.0904793310469884,0.0387859891693152,0.0330069177328567,0.062559553693974,0.0842236666144027,0.111643058170761,0.182438346898198,1.00013699721172,4500,0,1
"ext.reg[5,5]",0.190969379889832,0.0767905454084947,0.0679753603136126,0.13424925446213,0.181120332584157,0.238057589446724,0.365854871981662,1.00039620941175,3340,0,1
"ext.reg[1,6]",0.586369660091317,0.296843229605797,0.0322207621210873,0.335605689586735,0.656216835488226,0.850265534725371,0.97455099323981,1.01037282092397,215,0,1
"ext.reg[2,6]",0.1025717246503,0.0474534070175824,0.027552079533992,0.066879371318399,0.0973112056352742,0.132355382801768,0.21074782389313,1.00081375152148,4500,0,1
"ext.reg[3,6]",0.557260481029738,0.140237419447394,0.2531406918328,0.466737032138655,0.571967009040931,0.658128328069072,0.799729612278989,1.0007122384147,3331,0,1
"ext.reg[4,6]",0.0501381728695416,0.025820711880559,0.0113435887975095,0.0309897746903901,0.0463376415469743,0.0652882630284287,0.111341968641722,1.00048242882797,4500,0,1
"ext.reg[5,6]",0.109045794557987,0.0494299791647251,0.029890178591236,0.0718645267299547,0.103768842516132,0.139875142629215,0.216086346320946,1.00073462725183,2160,0,1
"ext.reg[1,7]",0.671426261850027,0.278981627398314,0.0627237773322419,0.474460283883207,0.764396632252387,0.906456445446169,0.985484573876676,1.01399053764059,178,0,1
"ext.reg[2,7]",0.162747650964624,0.0611100461428635,0.0638883034826233,0.118596625253921,0.155340647942078,0.19905038458027,0.297464151797175,1.00205565886181,1450,0,1
"ext.reg[3,7]",0.682137704260033,0.116896031898734,0.436248476256587,0.60528555362788,0.690927699038029,0.766463692946917,0.885908480644295,1.00054870918313,2843,0,1
"ext.reg[4,7]",0.082014386451511,0.0358063784342399,0.0287781575318516,0.0566689921060307,0.0766441215905378,0.101198635046736,0.167513187581634,1.00253223518321,1397,0,1
"ext.reg[5,7]",0.173067154886836,0.0660721345011208,0.0665286844335682,0.12547225618186,0.165242273041694,0.211349027983381,0.325802164589962,1.00044893176668,2661,0,1
"ext.reg[1,8]",0.559010332459355,0.300734434197058,0.0253930710336047,0.291815471829589,0.615678788551904,0.828145729873312,0.970026606706656,1.00945474431089,228,0,1
"ext.reg[2,8]",0.0897522031216328,0.046222719459113,0.0211418062807734,0.054402531122681,0.0830385847460437,0.118601863414268,0.19316072392424,1.00011593094631,4500,0,1
"ext.reg[3,8]",0.51648357103885,0.13174767041621,0.249649136853659,0.425353186208576,0.522539819565396,0.614620323662475,0.751093068483469,1.00006329904198,4500,0,1
"ext.reg[4,8]",0.0434745501724684,0.0246501311014492,0.00895120314575459,0.0246802327909726,0.0391545013192375,0.0573223332863161,0.101678675781743,0.99983212790785,4500,0,1
"ext.reg[5,8]",0.0944693798735952,0.0459542621558475,0.0231206455877437,0.0593658656261933,0.088226673415882,0.123958441584758,0.196966364804116,1.00083867577504,2703,0,1
"mean.gamma.reg[1]",0.297203637409389,0.238141163836941,0.0420060166920507,0.11331416183834,0.213503951074252,0.419252995332519,0.895166697411545,1.02182894130526,131,0,1
"mean.gamma.reg[2]",0.533317686863517,0.0943680553785853,0.346858254012765,0.469451950195626,0.532927982453377,0.599527169000428,0.718614212232896,1.00050979694615,4500,0,1
"mean.gamma.reg[3]",0.196370520199402,0.035924601911879,0.132837250148892,0.17070055549981,0.194300175722687,0.220120199487485,0.270073473088789,0.999874338991583,4500,0,1
"mean.gamma.reg[4]",0.429411228965836,0.100282431421411,0.244460261399586,0.360227339932468,0.426671465722791,0.495431162945086,0.637691318725877,1.00141993397603,1993,0,1
"mean.gamma.reg[5]",0.478994299770687,0.104249617609254,0.281346718658987,0.407112863110907,0.475786395338963,0.54991567068622,0.688904844321481,1.00037945138497,4004,0,1
"mean.phi.reg[1]",0.350731501811695,0.275323551746452,0.0217667859238255,0.116873510375511,0.268607011645082,0.550822510437721,0.935816965447816,1.01322664795025,188,0,1
"mean.phi.reg[2]",0.851825347911084,0.0405732893813708,0.764074955745436,0.827112688022839,0.854889257819492,0.880402001838739,0.922588520587813,1.00102578631328,1939,0,1
"mean.phi.reg[3]",0.351950077250342,0.0910569204891561,0.185775438049333,0.288122584439594,0.347363115516633,0.413324528137176,0.541361507767816,1.00010360783554,4500,0,1
"mean.phi.reg[4]",0.925761004420155,0.0233032686178577,0.874007581720167,0.911312348328523,0.928294591155277,0.942640718498088,0.964532383349696,1.00068995630304,2191,0,1
"mean.phi.reg[5]",0.84248262481733,0.0437473475865446,0.749881032436956,0.81395670596548,0.844448145256991,0.873116336129562,0.922107262561544,1.00017403565322,4302,0,1
"mean.ext.reg[1]",0.649268498188305,0.275323551746452,0.064183034552184,0.449177489562279,0.731392988354918,0.883126489624489,0.978233214076174,1.01322664795025,188,0,1
"mean.ext.reg[2]",0.148174652088916,0.0405732893813708,0.0774114794121866,0.119597998161261,0.145110742180508,0.172887311977161,0.235925044254563,1.00102578631328,1939,0,1
"mean.ext.reg[3]",0.648049922749658,0.0910569204891561,0.458638492232183,0.586675471862824,0.652636884483367,0.711877415560406,0.814224561950667,1.00010360783554,4500,0,1
"mean.ext.reg[4]",0.0742389955798451,0.0233032686178577,0.0354676166503035,0.0573592815019123,0.0717054088447226,0.0886876516714769,0.125992418279833,1.00068995630304,2191,0,1
"mean.ext.reg[5]",0.15751737518267,0.0437473475865446,0.0778927374384562,0.126883663870438,0.155551854743009,0.186043294034521,0.250118967563044,1.00017403565322,4302,0,1
"equilib.reg[1]",0.316550275666375,0.217415031013106,0.0513713353521566,0.142501567942982,0.255445052848332,0.449353638332422,0.849318186141434,1.02569011731579,104,0,1
"equilib.reg[2]",0.782885074486893,0.0446748151530214,0.688688743527925,0.754134749557965,0.784873741675876,0.813711249750801,0.865607622833796,1.0016472582892,1188,0,1
"equilib.reg[3]",0.233016693213355,0.0328361798648496,0.172921433602505,0.209911748050604,0.231566561709821,0.254056907163028,0.300557491819288,1.00019541742468,4500,0,1
"equilib.reg[4]",0.849729034533936,0.0453098957353729,0.748878722265736,0.821060408050223,0.855211380679965,0.882301521387319,0.923648914133554,1.00000774777307,4500,0,1
"equilib.reg[5]",0.752087402194929,0.049635611846887,0.649816183287845,0.719801918804676,0.753522267084788,0.785226995867879,0.844936627174577,1.00213577485735,1001,0,1
"mean.p",0.526851484489996,0.0319038779663271,0.462353534458858,0.507654066942171,0.52750687460451,0.547065304234721,0.589750651737354,1.00190353827801,4500,0,1
"p.year[1]",0.48547652410158,0.0408413782472049,0.404122738566478,0.458279352000126,0.486328135370991,0.513189432140031,0.564513344231908,1.00034368498271,4500,0,1
"p.year[2]",0.500079142987258,0.0338580154617747,0.433669279131077,0.476491873813391,0.500389719066208,0.523165152658459,0.565337169088554,1.00026850964358,3942,0,1
"p.year[3]",0.520011048924322,0.0309148974923902,0.458825705262701,0.498930170596064,0.520950844727987,0.540704336238335,0.580141417167618,1.00026615254803,4500,0,1
"p.year[4]",0.43788323325449,0.0334550840357996,0.373981081445706,0.41496012004259,0.43746039376001,0.460490333052216,0.505668638269855,0.999889943472116,4500,0,1
"p.year[5]",0.540410245526269,0.0333059074262872,0.474524677763507,0.518017616165873,0.540160604285327,0.562877956479058,0.605282262532933,1.00190408542322,1252,0,1
"p.year[6]",0.473968497088457,0.0336812936429604,0.40839103214005,0.451323215823829,0.473929872954272,0.496928138593961,0.540346838980229,1.00089155762479,3124,0,1
"p.year[7]",0.580541096977154,0.0311225117709487,0.518919835109829,0.559913006042491,0.579991694828333,0.601026683796926,0.642448833269907,1.00011908347663,4500,0,1
"p.year[8]",0.547925235080262,0.0335499327410816,0.483516928898906,0.524505649049095,0.547553375469524,0.570394972030022,0.615390669504412,1.00013448775518,4500,0,1
"p.year[9]",0.650942812687475,0.0282109007781207,0.594698509502799,0.631777318440944,0.651468790790074,0.670839354095409,0.705171614206172,1.0007319883775,3171,0,1
"z[1,1]",0.706888888888889,0.455239543167748,0,0,1,1,1,1.00005556118656,4500,1,1
"z[2,1]",1,0,1,1,1,1,1,NA,1,0,1
"z[3,1]",0.884,0.320260507431969,0,1,1,1,1,1.00048911181248,4500,1,1
"z[4,1]",1,0,1,1,1,1,1,NA,1,0,1
"z[5,1]",0.555555555555556,0.496959215758583,0,0,1,1,1,1.00138117610751,1186,1,1
"z[6,1]",0.549111111111111,0.497637549399386,0,0,1,1,1,0.999789064378235,4500,1,1
"z[7,1]",0.932444444444444,0.251009569058353,0,1,1,1,1,1.00190361878515,3534,1,1
"z[8,1]",0.829111111111111,0.376453674828579,0,1,1,1,1,0.999852385465132,4500,1,1
"z[9,1]",0.948222222222222,0.221602690281563,0,1,1,1,1,0.999676849461937,4500,1,1
"z[10,1]",0.938666666666667,0.239967397948637,0,1,1,1,1,1.00102532656515,4500,1,1
"z[11,1]",0.354666666666667,0.478465354393109,0,0,0,1,1,1.00009296479996,4500,1,1
"z[12,1]",0.378444444444444,0.485053121407382,0,0,0,1,1,1.00020373536209,3957,1,1
"z[13,1]",0.385555555555556,0.48678036713741,0,0,0,1,1,0.999775288412663,4500,1,1
"z[14,1]",0.471777777777778,0.49925834698966,0,0,0,1,1,0.999910359313257,4500,1,1
"z[15,1]",1,0,1,1,1,1,1,NA,1,0,1
"z[16,1]",0.0775555555555556,0.267500640790067,0,0,0,0,1,1.00192491682483,3090,1,1
"z[17,1]",0.914888888888889,0.279077977538732,0,1,1,1,1,1.00242197801421,2334,1,1
"z[18,1]",1,0,1,1,1,1,1,NA,1,0,1
"z[19,1]",1,0,1,1,1,1,1,NA,1,0,1
"z[20,1]",0.782,0.412933277874277,0,1,1,1,1,1.00021913711632,4500,1,1
"z[21,1]",0.0308888888888889,0.173035889574341,0,0,0,0,1,1.00331933279889,4500,1,1
"z[22,1]",1,0,1,1,1,1,1,NA,1,0,1
"z[23,1]",0.541111111111111,0.498362387004393,0,0,1,1,1,0.999711455090537,4500,1,1
"z[24,1]",1,0,1,1,1,1,1,NA,1,0,1
"z[25,1]",0.919333333333333,0.272352784307054,0,1,1,1,1,1.00008410282379,4500,1,1
"z[26,1]",0.927111111111111,0.259982920619994,0,1,1,1,1,1.00061093237642,4500,1,1
"z[27,1]",0.924444444444444,0.26431503658815,0,1,1,1,1,1.00096309356884,4500,1,1
"z[28,1]",0.808666666666667,0.393394560003013,0,1,1,1,1,0.99994854127847,4500,1,1
"z[29,1]",0.818444444444444,0.385520639964811,0,1,1,1,1,0.999788432827544,4500,1,1
"z[30,1]",0.953111111111111,0.211424346699986,0,1,1,1,1,1.00030928004813,4500,1,1
"z[31,1]",0.937111111111111,0.242789983053629,0,1,1,1,1,1.00615973883644,1300,1,1
"z[32,1]",0.948,0.222051699163907,0,1,1,1,1,1.00413047222588,2265,1,1
"z[33,1]",0.908,0.289058069739814,0,1,1,1,1,1.00187513310808,2712,1,1
"z[34,1]",0.916666666666667,0.276416113804279,0,1,1,1,1,1.00028898618018,4500,1,1
"z[35,1]",0.928666666666667,0.257409427269842,0,1,1,1,1,1.00175759876992,3607,1,1
"z[36,1]",0.906,0.291861147705373,0,1,1,1,1,1.00024804328645,4500,1,1
"z[37,1]",0.654,0.475746042033284,0,0,1,1,1,1.00003706954676,4500,1,1
"z[38,1]",0.495333333333333,0.500033784144251,0,0,0,1,1,0.999794625066417,4500,1,1
"z[39,1]",0.356666666666667,0.479068426232276,0,0,0,1,1,1.00014936089315,4500,1,1
"z[40,1]",0.622888888888889,0.484716960933941,0,0,1,1,1,1.00003260902942,4500,1,1
"z[41,1]",0.273333333333333,0.445720058225465,0,0,0,1,1,0.999713538938686,4500,1,1
"z[42,1]",0.266,0.441913336752103,0,0,0,1,1,0.999785230246835,4500,1,1
"z[43,1]",0.827555555555556,0.377808255362111,0,1,1,1,1,1.00008310999084,4500,1,1
"z[44,1]",0.931333333333333,0.252914551125769,0,1,1,1,1,1.00033701053816,4500,1,1
"z[45,1]",0.904,0.294623980049003,0,1,1,1,1,1.00120801039678,3732,1,1
"z[46,1]",0.942888888888889,0.232080592249878,0,1,1,1,1,1.0001854833904,4500,1,1
"z[47,1]",0.455555555555556,0.498076118888428,0,0,0,1,1,1.00122605220984,1298,1,1
"z[48,1]",0.372888888888889,0.483626655635772,0,0,0,1,1,0.999916570430952,4500,1,1
"z[49,1]",0.267777777777778,0.442850336945843,0,0,0,1,1,1.00188773077169,1150,1,1
"z[50,1]",0.410888888888889,0.492049807202756,0,0,0,1,1,1.00000103832807,4500,1,1
"z[51,1]",0.322666666666667,0.467548357918906,0,0,0,1,1,0.999970262309505,4500,1,1
"z[52,1]",0.295333333333333,0.456243151014127,0,0,0,1,1,1.00010457292073,4500,1,1
"z[53,1]",0.315555555555556,0.464788396146104,0,0,0,1,1,1.00028160189097,3775,1,1
"z[54,1]",0.0253333333333333,0.15715293120877,0,0,0,0,1,1.00412839847496,4500,1,1
"z[55,1]",1,0,1,1,1,1,1,NA,1,0,1
"z[56,1]",0.0382222222222222,0.191753630840733,0,0,0,0,1,0.999794471740875,4500,1,1
"z[57,1]",1,0,1,1,1,1,1,NA,1,0,1
"z[58,1]",1,0,1,1,1,1,1,NA,1,0,1
"z[59,1]",1,0,1,1,1,1,1,NA,1,0,1
"z[60,1]",1,0,1,1,1,1,1,NA,1,0,1
"z[61,1]",0.493555555555556,0.500014027611875,0,0,0,1,1,1.00044350929095,2580,1,1
"z[62,1]",0.487111111111111,0.499889395289257,0,0,0,1,1,0.999769052081745,4500,1,1
"z[63,1]",0.491555555555556,0.499984243163838,0,0,0,1,1,1.00021774621907,3634,1,1
"z[64,1]",0.487555555555556,0.499900659415981,0,0,0,1,1,0.999826019060538,4500,1,1
"z[65,1]",0.353555555555556,0.478126370077776,0,0,0,1,1,0.999837136365388,4500,1,1
"z[66,1]",0.312222222222222,0.463451439386995,0,0,0,1,1,0.999785951230454,4500,1,1
"z[67,1]",0.322222222222222,0.467379508271034,0,0,0,1,1,0.999903374367233,4500,1,1
"z[68,1]",0.292,0.454732835349272,0,0,0,1,1,0.999796456554858,4500,1,1
"z[69,1]",1,0,1,1,1,1,1,NA,1,0,1
"z[70,1]",1,0,1,1,1,1,1,NA,1,0,1
"z[71,1]",0.928222222222222,0.258148285687458,0,1,1,1,1,1.00181646736915,3478,1,1
"z[72,1]",0.917555555555556,0.275071213116166,0,1,1,1,1,1.00473113848745,1296,1,1
"z[73,1]",0.887555555555556,0.315947581441862,0,1,1,1,1,1.0010981847889,3504,1,1
"z[74,1]",0.91,0.286213563699108,0,1,1,1,1,1.00530424855333,1083,1,1
"z[75,1]",0.910888888888889,0.284935717041694,0,1,1,1,1,1.0020425877133,2581,1,1
"z[76,1]",0.846444444444444,0.360562251135657,0,1,1,1,1,1.00052693758094,4470,1,1
"z[77,1]",0.593777777777778,0.491181576997835,0,0,1,1,1,0.999972895530168,4500,1,1
"z[78,1]",0.494888888888889,0.500029437774103,0,0,0,1,1,1.00063138157395,2078,1,1
"z[79,1]",0.587777777777778,0.492289464688504,0,0,1,1,1,1.0002297383214,3665,1,1
"z[80,1]",0.890888888888889,0.311813217568572,0,1,1,1,1,0.99973977594133,4500,1,1
"z[81,1]",0.350888888888889,0.47730127009326,0,0,0,1,1,0.999769936512775,4500,1,1
"z[82,1]",0.890222222222222,0.31264730789996,0,1,1,1,1,1.00180458035314,2388,1,1
"z[83,1]",0.853555555555556,0.353590515635706,0,1,1,1,1,1.00005218488588,4500,1,1
"z[84,1]",0.927111111111111,0.259982920619994,0,1,1,1,1,1.00309182894643,2149,1,1
"z[85,1]",0.918222222222222,0.274056314018784,0,1,1,1,1,1.00057774907421,4500,1,1
"z[86,1]",0.00311111111111111,0.0556966916350484,0,0,0,0,0,1.00222267416305,4500,1,1
"z[87,1]",0.0311111111111111,0.173637293967947,0,0,0,0,1,1.00374476362398,4043,1,1
"z[88,1]",0.113333333333333,0.317035052820037,0,0,0,0,1,1.000599617699,4500,1,1
"z[89,1]",0.0471111111111111,0.211900053000311,0,0,0,0,1,1.00048722718915,4500,1,1
"z[90,1]",0.911333333333333,0.28429359739909,0,1,1,1,1,1.00061963263519,4500,1,1
"z[91,1]",0.494444444444444,0.500024696236309,0,0,0,1,1,0.999835347723717,4500,1,1
"z[92,1]",0.482222222222222,0.499739380349854,0,0,0,1,1,0.999977286503517,4500,1,1
"z[93,1]",0.480888888888889,0.499690156151589,0,0,0,1,1,1.00047765403241,2474,1,1
"z[94,1]",0.465333333333333,0.498852205573066,0,0,0,1,1,1.00013011321804,4341,1,1
"z[95,1]",0.863333333333333,0.343533280003382,0,1,1,1,1,1.00045547143768,4500,1,1
"z[96,1]",0.783555555555556,0.411866414442152,0,1,1,1,1,1.00015594365806,4500,1,1
"z[97,1]",0.884222222222222,0.319993810293055,0,1,1,1,1,0.999951915451514,4500,1,1
"z[98,1]",0.884,0.320260507431969,0,1,1,1,1,1.0003084732849,4500,1,1
"z[99,1]",0.538,0.498609312933248,0,0,1,1,1,1.00020442018188,3746,1,1
"z[100,1]",0.528,0.49927086200081,0,0,1,1,1,1.00055197657994,2271,1,1
"z[101,1]",0.607111111111111,0.488446750122183,0,0,1,1,1,1.00060847397318,2233,1,1
"z[102,1]",0.0133333333333333,0.11471041653724,0,0,0,0,0,1.00137399590882,4500,1,1
"z[103,1]",1,0,1,1,1,1,1,NA,1,0,1
"z[104,1]",0.0166666666666667,0.128033322512951,0,0,0,0,0,1.00702635494373,4098,1,1
"z[105,1]",0.813333333333333,0.38968701286146,0,1,1,1,1,0.999782268136524,4500,1,1
"z[106,1]",0.447333333333333,0.497273741106578,0,0,0,1,1,0.999900471610348,4500,1,1
"z[107,1]",0.442222222222222,0.496705701896018,0,0,0,1,1,1.00160849758979,1048,1,1
"z[108,1]",0.391777777777778,0.488201715753971,0,0,0,1,1,1.00011391248173,4500,1,1
"z[109,1]",0.438666666666667,0.496279108959641,0,0,0,1,1,1.00037115321518,2887,1,1
"z[110,1]",1,0,1,1,1,1,1,NA,1,0,1
"z[111,1]",0.0522222222222222,0.222499579945098,0,0,0,0,1,1.00175485797586,4500,1,1
"z[112,1]",1,0,1,1,1,1,1,NA,1,0,1
"z[113,1]",0.0173333333333333,0.130524613834426,0,0,0,0,0,1.00447963676198,4500,1,1
"z[114,1]",0.556666666666667,0.496833717710475,0,0,1,1,1,1.00000349925347,4500,1,1
"z[115,1]",0.701333333333333,0.4577242040664,0,0,1,1,1,1.00126703333602,1492,1,1
"z[116,1]",0.837777777777778,0.368695512481717,0,1,1,1,1,0.999852540650716,4500,1,1
"z[117,1]",0.884888888888889,0.319191453390303,0,1,1,1,1,1.00087929174505,4038,1,1
"z[118,1]",1,0,1,1,1,1,1,NA,1,0,1
"z[119,1]",1,0,1,1,1,1,1,NA,1,0,1
"z[120,1]",1,0,1,1,1,1,1,NA,1,0,1
"z[121,1]",1,0,1,1,1,1,1,NA,1,0,1
"z[122,1]",0.168666666666667,0.374498850135827,0,0,0,0,1,0.999783318368813,4500,1,1
"z[123,1]",0.279777777777778,0.448939818965831,0,0,0,1,1,0.999805759109008,4500,1,1
"z[124,1]",0.278888888888889,0.448502594820192,0,0,0,1,1,1.00049337004412,3015,1,1
"z[125,1]",0.695333333333333,0.460317255808063,0,0,1,1,1,1.00035647058622,3430,1,1
"z[126,1]",0.742,0.437582621671684,0,0,1,1,1,1.00005608911457,4500,1,1
"z[127,1]",0.312888888888889,0.463721056398394,0,0,0,1,1,0.999686372447187,4500,1,1
"z[128,1]",0.305111111111111,0.460505642356816,0,0,0,1,1,0.999973518668183,4500,1,1
"z[129,1]",0.321111111111111,0.466955265919508,0,0,0,1,1,1.0003030201447,3605,1,1
"z[130,1]",0.316666666666667,0.465227886091202,0,0,0,1,1,1.00034308577669,3422,1,1
"z[131,1]",0.610666666666667,0.487653293444934,0,0,1,1,1,1.00019021310696,4023,1,1
"z[132,1]",0.751555555555556,0.43215888858307,0,1,1,1,1,0.999703412490298,4500,1,1
"z[133,1]",0.690444444444444,0.462361784640317,0,0,1,1,1,1.0003344200692,3500,1,1
"z[134,1]",0.0306666666666667,0.17243210118093,0,0,0,0,1,1.00374585105233,4096,1,1
"z[135,1]",0.0437777777777778,0.204623040065984,0,0,0,0,1,1.00341912148718,3164,1,1
"z[136,1]",0.0357777777777778,0.185756281888117,0,0,0,0,1,0.999936250839094,4500,1,1
"z[137,1]",0.0431111111111111,0.203129792200249,0,0,0,0,1,0.999855196657628,4500,1,1
"z[138,1]",1,0,1,1,1,1,1,NA,1,0,1
"z[139,1]",1,0,1,1,1,1,1,NA,1,0,1
"z[140,1]",0.842444444444444,0.364364247671686,0,1,1,1,1,1.00068447113409,3698,1,1
"z[141,1]",0.925777777777778,0.262161318587002,0,1,1,1,1,1.00056650290594,4500,1,1
"z[142,1]",0.279111111111111,0.448612105960907,0,0,0,1,1,0.999733085828705,4500,1,1
"z[143,1]",0.252,0.434209508544566,0,0,0,1,1,0.999756206407218,4500,1,1
"z[144,1]",0.237777777777778,0.42576964496162,0,0,0,0,1,0.999861037217629,4500,1,1
"z[145,1]",0.610444444444444,0.487703681892657,0,0,1,1,1,0.999908289638552,4500,1,1
"z[146,1]",0.574888888888889,0.494414780977379,0,0,1,1,1,1.0003078730133,3196,1,1
"z[147,1]",0.558222222222222,0.496653790160836,0,0,1,1,1,0.999771726130781,4500,1,1
"z[148,1]",0.523111111111111,0.499521096378026,0,0,1,1,1,0.999752696052687,4500,1,1
"z[149,1]",0.935333333333333,0.245964088766797,0,1,1,1,1,1.00130367226083,4500,1,1
"z[150,1]",0.680666666666667,0.466270166765153,0,0,1,1,1,1.00061022347462,2442,1,1
"z[151,1]",0.934,0.248309689121249,0,1,1,1,1,1.0001931134935,4500,1,1
"z[152,1]",0.947777777777778,0.222499579945098,0,1,1,1,1,1.00244689532511,3619,1,1
"z[153,1]",0.556888888888889,0.496808316030622,0,0,1,1,1,0.999814216844327,4500,1,1
"z[154,1]",0.507333333333333,0.500001778169765,0,0,1,1,1,1.00007355156464,4500,1,1
"z[155,1]",0.0157777777777778,0.124628612791859,0,0,0,0,0,1.00765821621317,3981,1,1
"z[156,1]",0.157111111111111,0.363945936488476,0,0,0,0,1,0.999773613164092,4500,1,1
"z[157,1]",0.171555555555556,0.377035591290268,0,0,0,0,1,1.00084840059175,2986,1,1
"z[158,1]",1,0,1,1,1,1,1,NA,1,0,1
"z[159,1]",1,0,1,1,1,1,1,NA,1,0,1
"z[160,1]",0.940222222222222,0.237101007385967,0,1,1,1,1,1.00044638365771,4500,1,1
"z[161,1]",0.0177777777777778,0.132157518294075,0,0,0,0,0,1.00216586494186,4500,1,1
"z[162,1]",1,0,1,1,1,1,1,NA,1,0,1
"z[163,1]",0.0568888888888889,0.231655927287332,0,0,0,0,1,1.000446461544,4500,1,1
"z[164,1]",1,0,1,1,1,1,1,NA,1,0,1
"z[165,1]",1,0,1,1,1,1,1,NA,1,0,1
"z[166,1]",1,0,1,1,1,1,1,NA,1,0,1
"z[167,1]",1,0,1,1,1,1,1,NA,1,0,1
"z[168,1]",1,0,1,1,1,1,1,NA,1,0,1
"z[169,1]",1,0,1,1,1,1,1,NA,1,0,1
"z[170,1]",0.778888888888889,0.415041284080923,0,1,1,1,1,1.00079503070183,2582,1,1
"z[171,1]",0.584444444444444,0.492872314821739,0,0,1,1,1,0.999933476844816,4500,1,1
"z[172,1]",0.642444444444444,0.479333535407764,0,0,1,1,1,0.999943748433454,4500,1,1
"z[173,1]",0.656222222222222,0.475020800138348,0,0,1,1,1,1.00039430079155,3044,1,1
"z[174,1]",0.916666666666667,0.276416113804279,0,1,1,1,1,1.00220645486688,2566,1,1
"z[175,1]",1,0,1,1,1,1,1,NA,1,0,1
"z[176,1]",1,0,1,1,1,1,1,NA,1,0,1
"z[177,1]",1,0,1,1,1,1,1,NA,1,0,1
"z[178,1]",0.27,0.44400879466008,0,0,0,1,1,1.0011636582679,1698,1,1
"z[179,1]",0.259111111111111,0.438195405335641,0,0,0,1,1,0.99993255627737,4500,1,1
"z[180,1]",0.318,0.465751226921597,0,0,0,1,1,0.999898014603928,4500,1,1
"z[181,1]",0.346666666666667,0.475961375470961,0,0,0,1,1,0.999971300614564,4500,1,1
"z[182,1]",0.276666666666667,0.447399937094247,0,0,0,1,1,1.00147180323674,1389,1,1
"z[183,1]",0.301111111111111,0.458791875940345,0,0,0,1,1,1.00170981755294,1165,1,1
"z[184,1]",0.211333333333333,0.408299647209664,0,0,0,0,1,0.999669276718305,4500,1,1
"z[185,1]",0.236888888888889,0.425220794194227,0,0,0,0,1,1.00048578668303,3378,1,1
"z[186,1]",0.536888888888889,0.498692766455964,0,0,1,1,1,0.999921024772696,4500,1,1
"z[187,1]",0.511111111111111,0.499932079059661,0,0,1,1,1,1.00152632797407,1081,1,1
"z[188,1]",0.515111111111111,0.499827141590173,0,0,1,1,1,1.00098705161078,1521,1,1
"z[189,1]",0.518666666666667,0.499706960137864,0,0,1,1,1,1.00042014805974,2663,1,1
"z[190,1]",0.552,0.497343912078482,0,0,1,1,1,1.00035929714071,2924,1,1
"z[191,1]",0.549777777777778,0.497571291367215,0,0,1,1,1,1.00030828013017,3151,1,1
"z[192,1]",0.555777777777778,0.496934317478156,0,0,1,1,1,1.00292325648002,626,1,1
"z[193,1]",0.556444444444444,0.496859018679803,0,0,1,1,1,1.00028262478841,3291,1,1
"z[194,1]",0.538666666666667,0.498558045238571,0,0,1,1,1,1.0021767584115,806,1,1
"z[195,1]",0.535555555555556,0.498789624368718,0,0,1,1,1,1.00077180342966,1823,1,1
"z[196,1]",0.534222222222222,0.498882899180174,0,0,1,1,1,0.999941124399423,4500,1,1
"z[197,1]",0.52,0.499655360218754,0,0,1,1,1,0.999874689448859,4500,1,1
"z[198,1]",0.527555555555556,0.499295594301857,0,0,1,1,1,1.00080196425098,1771,1,1
"z[199,1]",0.506,0.500019559519626,0,0,1,1,1,1.00063694791877,2066,1,1
"z[200,1]",0.547777777777778,0.497767359789301,0,0,1,1,1,0.999750280389777,4500,1,1
"z[1,2]",0.693777777777778,0.460974396775704,0,0,1,1,1,1.00006425423346,4500,1,1
"z[2,2]",1,0,1,1,1,1,1,NA,1,0,1
"z[3,2]",1,0,1,1,1,1,1,NA,1,0,1
"z[4,2]",1,0,1,1,1,1,1,NA,1,0,1
"z[5,2]",0.684,0.464964560666886,0,0,1,1,1,1.00054454678099,2639,1,1
"z[6,2]",0.662222222222222,0.473004935714673,0,0,1,1,1,1.00066943200701,2233,1,1
"z[7,2]",1,0,1,1,1,1,1,NA,1,0,1
"z[8,2]",0.379555555555556,0.485330278513819,0,0,0,1,1,1.00012763763878,4500,1,1
"z[9,2]",1,0,1,1,1,1,1,NA,1,0,1
"z[10,2]",1,0,1,1,1,1,1,NA,1,0,1
"z[11,2]",0.0713333333333333,0.257409427269842,0,0,0,0,1,1.00108079219923,4500,1,1
"z[12,2]",0.104888888888889,0.306444249967912,0,0,0,0,1,0.999803764132321,4500,1,1
"z[13,2]",0.112222222222222,0.315674737072972,0,0,0,0,1,1.00047578292748,4500,1,1
"z[14,2]",0.105555555555556,0.307302075661651,0,0,0,0,1,1.00034180160753,4500,1,1
"z[15,2]",1,0,1,1,1,1,1,NA,1,0,1
"z[16,2]",0.330444444444444,0.470425436576649,0,0,0,1,1,1.00121227286009,1469,1,1
"z[17,2]",0.867777777777778,0.338769847401279,0,1,1,1,1,1.00054383528391,4500,1,1
"z[18,2]",1,0,1,1,1,1,1,NA,1,0,1
"z[19,2]",0.351333333333333,0.477439920333794,0,0,0,1,1,1.00079806628338,1941,1,1
"z[20,2]",1,0,1,1,1,1,1,NA,1,0,1
"z[21,2]",0.693111111111111,0.461254135741093,0,0,1,1,1,0.99977346978674,4500,1,1
"z[22,2]",0.831333333333333,0.374498850135827,0,1,1,1,1,1.00130359568185,2187,1,1
"z[23,2]",0.780222222222222,0.414142029152664,0,1,1,1,1,1.00001951283726,4500,1,1
"z[24,2]",0.675333333333333,0.468302207021895,0,0,1,1,1,1.0001946542481,4316,1,1
"z[25,2]",1,0,1,1,1,1,1,NA,1,0,1
"z[26,2]",1,0,1,1,1,1,1,NA,1,0,1
"z[27,2]",1,0,1,1,1,1,1,NA,1,0,1
"z[28,2]",0.858,0.349088929478717,0,1,1,1,1,0.999981262376347,4500,1,1
"z[29,2]",0.870666666666667,0.335605797609632,0,1,1,1,1,1.00002332702548,4500,1,1
"z[30,2]",1,0,1,1,1,1,1,NA,1,0,1
"z[31,2]",1,0,1,1,1,1,1,NA,1,0,1
"z[32,2]",1,0,1,1,1,1,1,NA,1,0,1
"z[33,2]",0.865777777777778,0.340928800069097,0,1,1,1,1,0.999690365990643,4500,1,1
"z[34,2]",0.884222222222222,0.319993810293055,0,1,1,1,1,1.00065548201762,4500,1,1
"z[35,2]",0.908222222222222,0.288744081583378,0,1,1,1,1,1.00078993625562,4500,1,1
"z[36,2]",0.871111111111111,0.335114158308128,0,1,1,1,1,0.999997548379691,4500,1,1
"z[37,2]",1,0,1,1,1,1,1,NA,1,0,1
"z[38,2]",0.618666666666667,0.485768113554913,0,0,1,1,1,0.999707864720742,4500,1,1
"z[39,2]",0.251555555555556,0.433955304487405,0,0,0,1,1,0.999838459348603,4500,1,1
"z[40,2]",0.814222222222222,0.38897045754562,0,1,1,1,1,0.999913446379776,4500,1,1
"z[41,2]",0.026,0.159152847308496,0,0,0,0,1,1.00618938361672,3000,1,1
"z[42,2]",0.0448888888888889,0.207083090060559,0,0,0,0,1,1.00088541344151,4500,1,1
"z[43,2]",1,0,1,1,1,1,1,NA,1,0,1
"z[44,2]",1,0,1,1,1,1,1,NA,1,0,1
"z[45,2]",1,0,1,1,1,1,1,NA,1,0,1
"z[46,2]",1,0,1,1,1,1,1,NA,1,0,1
"z[47,2]",0.0711111111111111,0.257038913373673,0,0,0,0,1,1.00036856565722,4500,1,1
"z[48,2]",0.04,0.195980956294358,0,0,0,0,1,1.00151813977878,4500,1,1
"z[49,2]",0.150888888888889,0.357980320487749,0,0,0,0,1,0.999835123094549,4500,1,1
"z[50,2]",0.452888888888889,0.497830912852555,0,0,0,1,1,0.999896357667194,4500,1,1
"z[51,2]",0.28,0.449048783494364,0,0,0,1,1,1.00219373136643,986,1,1
"z[52,2]",0.206444444444444,0.404798158938663,0,0,0,0,1,0.999912840442928,4500,1,1
"z[53,2]",0.248,0.431899817975513,0,0,0,0,1,0.999787940484777,4500,1,1
"z[54,2]",1,0,1,1,1,1,1,NA,1,0,1
"z[55,2]",0.026,0.159152847308496,0,0,0,0,1,1.00104859787231,4500,1,1
"z[56,2]",1,0,1,1,1,1,1,NA,1,0,1
"z[57,2]",0.934,0.248309689121249,0,1,1,1,1,1.0008560609387,4500,1,1
"z[58,2]",0.945555555555556,0.226917803425049,0,1,1,1,1,1.00062386843553,4500,1,1
"z[59,2]",0.741111111111111,0.438073142680987,0,0,1,1,1,0.999749703137632,4500,1,1
"z[60,2]",1,0,1,1,1,1,1,NA,1,0,1
"z[61,2]",0.356444444444444,0.479001868217388,0,0,0,1,1,1.00013068672503,4500,1,1
"z[62,2]",0.243333333333333,0.429142339283927,0,0,0,0,1,1.00065832075581,2745,1,1
"z[63,2]",0.381777777777778,0.485876494079463,0,0,0,1,1,1.00037555638516,2988,1,1
"z[64,2]",0.281555555555556,0.449807721414225,0,0,0,1,1,0.999936754266523,4500,1,1
"z[65,2]",0.310222222222222,0.46263588027627,0,0,0,1,1,0.999836890688559,4500,1,1
"z[66,2]",0.199111111111111,0.399376165139174,0,0,0,0,1,0.999667581660941,4500,1,1
"z[67,2]",0.269111111111111,0.443547110984994,0,0,0,1,1,1.00122718971886,1627,1,1
"z[68,2]",0.262222222222222,0.439891724684666,0,0,0,1,1,0.999677166075257,4500,1,1
"z[69,2]",1,0,1,1,1,1,1,NA,1,0,1
"z[70,2]",0.022,0.146699633251375,0,0,0,0,0,1.0003058941077,4500,1,1
"z[71,2]",1,0,1,1,1,1,1,NA,1,0,1
"z[72,2]",1,0,1,1,1,1,1,NA,1,0,1
"z[73,2]",0.605777777777778,0.488737294104904,0,0,1,1,1,1.00003575518165,4500,1,1
"z[74,2]",1,0,1,1,1,1,1,NA,1,0,1
"z[75,2]",0.451333333333333,0.497681220282181,0,0,0,1,1,0.999671441392937,4500,1,1
"z[76,2]",0.665555555555556,0.471848316480549,0,0,1,1,1,0.999855585643182,4500,1,1
"z[77,2]",0.489333333333333,0.499941761444901,0,0,0,1,1,1.00022225928287,3605,1,1
"z[78,2]",0.466888888888889,0.498957892550504,0,0,0,1,1,0.999853550487813,4500,1,1
"z[79,2]",0.749111111111111,0.433572864534595,0,0,1,1,1,1.000678873523,2637,1,1
"z[80,2]",0.803111111111111,0.397691841406318,0,1,1,1,1,1.00020682424535,4500,1,1
"z[81,2]",0.217111111111111,0.412324698400923,0,0,0,0,1,1.00081777727575,2554,1,1
"z[82,2]",1,0,1,1,1,1,1,NA,1,0,1
"z[83,2]",1,0,1,1,1,1,1,NA,1,0,1
"z[84,2]",1,0,1,1,1,1,1,NA,1,0,1
"z[85,2]",1,0,1,1,1,1,1,NA,1,0,1
"z[86,2]",0.0355555555555556,0.185199838067563,0,0,0,0,1,1.00044271415635,4500,1,1
"z[87,2]",1,0,1,1,1,1,1,NA,1,0,1
"z[88,2]",0.586444444444444,0.49252539525639,0,0,1,1,1,0.999668289579602,4500,1,1
"z[89,2]",0.235333333333333,0.424254114509919,0,0,0,0,1,1.0001685767298,4500,1,1
"z[90,2]",0.845555555555556,0.361414422480432,0,1,1,1,1,1.00187212292635,1742,1,1
"z[91,2]",0.362,0.480632224224849,0,0,0,1,1,0.999692981196628,4500,1,1
"z[92,2]",0.288222222222222,0.452985399212743,0,0,0,1,1,1.00008974700651,4500,1,1
"z[93,2]",0.318888888888889,0.466097674905879,0,0,0,1,1,0.999945298003616,4500,1,1
"z[94,2]",0.335777777777778,0.472314127676576,0,0,0,1,1,1.00019706912167,4226,1,1
"z[95,2]",1,0,1,1,1,1,1,NA,1,0,1
"z[96,2]",0.830666666666667,0.375087749976273,0,1,1,1,1,1.00082036051641,3074,1,1
"z[97,2]",1,0,1,1,1,1,1,NA,1,0,1
"z[98,2]",1,0,1,1,1,1,1,NA,1,0,1
"z[99,2]",0.776222222222222,0.416821176064373,0,1,1,1,1,0.999787726985079,4500,1,1
"z[100,2]",0.745777777777778,0.435471497524474,0,0,1,1,1,0.99970850494794,4500,1,1
"z[101,2]",0.832,0.373907833880739,0,1,1,1,1,1.00056353944512,3982,1,1
"z[102,2]",0.00866666666666667,0.0927009450571682,0,0,0,0,0,1.01824227289338,3053,1,1
"z[103,2]",0.0297777777777778,0.169992598048771,0,0,0,0,1,0.999696177370605,4500,1,1
"z[104,2]",0.0677777777777778,0.251392113273443,0,0,0,0,1,1.00100452769169,4500,1,1
"z[105,2]",0.487111111111111,0.499889395289257,0,0,0,1,1,0.999750063561809,4500,1,1
"z[106,2]",0.0708888888888889,0.25666767217915,0,0,0,0,1,1.00192163371027,3361,1,1
"z[107,2]",0.076,0.265027562343912,0,0,0,0,1,1.0013047617896,4350,1,1
"z[108,2]",0.0837777777777778,0.277085046671742,0,0,0,0,1,1.00167625033241,3233,1,1
"z[109,2]",0.0811111111111111,0.273036014356096,0,0,0,0,1,0.999804256845738,4500,1,1
"z[110,2]",1,0,1,1,1,1,1,NA,1,0,1
"z[111,2]",1,0,1,1,1,1,1,NA,1,0,1
"z[112,2]",1,0,1,1,1,1,1,NA,1,0,1
"z[113,2]",0.217777777777778,0.41278139661439,0,0,0,0,1,0.999861260410989,4500,1,1
"z[114,2]",0.153777777777778,0.360775688043558,0,0,0,0,1,1.00020124088689,4500,1,1
"z[115,2]",1,0,1,1,1,1,1,NA,1,0,1
"z[116,2]",1,0,1,1,1,1,1,NA,1,0,1
"z[117,2]",1,0,1,1,1,1,1,NA,1,0,1
"z[118,2]",1,0,1,1,1,1,1,NA,1,0,1
"z[119,2]",1,0,1,1,1,1,1,NA,1,0,1
"z[120,2]",0.714222222222222,0.451834269514556,0,0,1,1,1,0.999903979951725,4500,1,1
"z[121,2]",1,0,1,1,1,1,1,NA,1,0,1
"z[122,2]",0.0111111111111111,0.104833661410201,0,0,0,0,0,1.00048371211307,4500,1,1
"z[123,2]",0.0464444444444444,0.21046900448124,0,0,0,0,1,1.00001898079864,4500,1,1
"z[124,2]",0.0744444444444444,0.26252196898347,0,0,0,0,1,0.999812221906615,4500,1,1
"z[125,2]",0.586888888888889,0.492447165503345,0,0,1,1,1,0.99975519586246,4500,1,1
"z[126,2]",0.673777777777778,0.468881796977854,0,0,1,1,1,1.00003636710152,4500,1,1
"z[127,2]",0.256222222222222,0.436594495952397,0,0,0,1,1,1.00065495612768,2657,1,1
"z[128,2]",0.284444444444444,0.451199559730334,0,0,0,1,1,0.999999347569589,4500,1,1
"z[129,2]",0.267333333333333,0.442616942427579,0,0,0,1,1,1.00069246854832,2486,1,1
"z[130,2]",0.227777777777778,0.419445059820707,0,0,0,0,1,1.00176749740908,1359,1,1
"z[131,2]",0.574888888888889,0.494414780977379,0,0,1,1,1,1.00030003988747,3233,1,1
"z[132,2]",0.753333333333333,0.431118922372735,0,1,1,1,1,1.00003584125212,4500,1,1
"z[133,2]",0.741777777777778,0.437705472729636,0,0,1,1,1,1.00184666127038,1197,1,1
"z[134,2]",0.0208888888888889,0.143028281223349,0,0,0,0,0,1.0091503195115,2542,1,1
"z[135,2]",0.262444444444444,0.440011798198807,0,0,0,1,1,1.00021421733223,4500,1,1
"z[136,2]",0.0226666666666667,0.148855006121055,0,0,0,0,0,1.00207325266574,4500,1,1
"z[137,2]",0.024,0.153066020038189,0,0,0,0,0,1.00621336202372,3228,1,1
"z[138,2]",1,0,1,1,1,1,1,NA,1,0,1
"z[139,2]",1,0,1,1,1,1,1,NA,1,0,1
"z[140,2]",0.193777777777778,0.395300740773805,0,0,0,0,1,0.999719174571158,4500,1,1
"z[141,2]",1,0,1,1,1,1,1,NA,1,0,1
"z[142,2]",0.262222222222222,0.439891724684666,0,0,0,1,1,1.00009743906587,4500,1,1
"z[143,2]",0.148888888888889,0.356018474426563,0,0,0,0,1,1.00095538207631,3052,1,1
"z[144,2]",0.161555555555556,0.368083503985174,0,0,0,0,1,1.00031920041637,4500,1,1
"z[145,2]",0.727555555555556,0.445266804820707,0,0,1,1,1,0.999806796182247,4500,1,1
"z[146,2]",0.706444444444444,0.455441309280792,0,0,1,1,1,0.999777377655489,4500,1,1
"z[147,2]",0.726222222222222,0.445945847603538,0,0,1,1,1,1.00002281296078,4500,1,1
"z[148,2]",0.602666666666667,0.489400429727963,0,0,1,1,1,0.999763528779634,4500,1,1
"z[149,2]",1,0,1,1,1,1,1,NA,1,0,1
"z[150,2]",0.181555555555556,0.385520639964811,0,0,0,0,1,1.00064115313132,3456,1,1
"z[151,2]",1,0,1,1,1,1,1,NA,1,0,1
"z[152,2]",1,0,1,1,1,1,1,NA,1,0,1
"z[153,2]",0.725111111111111,0.446507885643041,0,0,1,1,1,1.00000661930675,4500,1,1
"z[154,2]",0.594,0.491139088153224,0,0,1,1,1,0.999809190812722,4500,1,1
"z[155,2]",0.00666666666666667,0.0813860808385347,0,0,0,0,0,1.02095798095014,3439,1,1
"z[156,2]",1,0,1,1,1,1,1,NA,1,0,1
"z[157,2]",1,0,1,1,1,1,1,NA,1,0,1
"z[158,2]",1,0,1,1,1,1,1,NA,1,0,1
"z[159,2]",0.768888888888889,0.421590159780607,0,1,1,1,1,0.999883301835372,4500,1,1
"z[160,2]",1,0,1,1,1,1,1,NA,1,0,1
"z[161,2]",0.09,0.286213563699108,0,0,0,0,1,1.00152499245131,3272,1,1
"z[162,2]",1,0,1,1,1,1,1,NA,1,0,1
"z[163,2]",1,0,1,1,1,1,1,NA,1,0,1
"z[164,2]",0.898444444444444,0.302096516371218,0,1,1,1,1,0.999714070727081,4500,1,1
"z[165,2]",0.601555555555556,0.4896322544876,0,0,1,1,1,0.999723773150669,4500,1,1
"z[166,2]",0.934666666666667,0.247140571093493,0,1,1,1,1,1.0003810417425,4500,1,1
"z[167,2]",1,0,1,1,1,1,1,NA,1,0,1
"z[168,2]",0.904222222222222,0.294318950732983,0,1,1,1,1,1.00000515175162,4500,1,1
"z[169,2]",0.903333333333333,0.295536176252013,0,1,1,1,1,1.00335667019307,1548,1,1
"z[170,2]",0.835777777777778,0.370518274124004,0,1,1,1,1,1.00022530093271,4500,1,1
"z[171,2]",0.688,0.46336131898982,0,0,1,1,1,0.999767807152508,4500,1,1
"z[172,2]",0.773333333333333,0.418721686366343,0,1,1,1,1,0.999760545588177,4500,1,1
"z[173,2]",0.729111111111111,0.444468220697162,0,0,1,1,1,0.999684324958905,4500,1,1
"z[174,2]",1,0,1,1,1,1,1,NA,1,0,1
"z[175,2]",1,0,1,1,1,1,1,NA,1,0,1
"z[176,2]",1,0,1,1,1,1,1,NA,1,0,1
"z[177,2]",0.0697777777777778,0.254800445248467,0,0,0,0,1,1.00198739062973,3312,1,1
"z[178,2]",0.0933333333333333,0.290931317221604,0,0,0,0,1,1.00128935792791,3639,1,1
"z[179,2]",0.235111111111111,0.424115371696836,0,0,0,0,1,1.00001513343959,4500,1,1
"z[180,2]",0.203555555555556,0.402686883553545,0,0,0,0,1,1.0036020703381,782,1,1
"z[181,2]",0.247555555555556,0.431640134143791,0,0,0,0,1,0.999868122482564,4500,1,1
"z[182,2]",0.330444444444444,0.470425436576649,0,0,0,1,1,0.999717013173097,4500,1,1
"z[183,2]",0.223777777777778,0.416821176064373,0,0,0,0,1,1.00037919166552,4039,1,1
"z[184,2]",0.03,0.170606178387604,0,0,0,0,1,1.00027858959244,4500,1,1
"z[185,2]",0.112888888888889,0.316492096335047,0,0,0,0,1,1.00046746153262,4500,1,1
"z[186,2]",0.342222222222222,0.474506277674274,0,0,0,1,1,1.00318440253871,635,1,1
"z[187,2]",0.288666666666667,0.453192964509253,0,0,0,1,1,1.00281209494034,776,1,1
"z[188,2]",0.298444444444444,0.4576263718623,0,0,0,1,1,1.00547353249559,414,1,1
"z[189,2]",0.355111111111111,0.478600158461255,0,0,0,1,1,1.003257975761,614,1,1
"z[190,2]",0.276666666666667,0.447399937094247,0,0,0,1,1,1.00532776821314,446,1,1
"z[191,2]",0.356222222222222,0.478935197820584,0,0,0,1,1,1.00780937657761,272,1,1
"z[192,2]",0.356,0.478868414994924,0,0,0,1,1,1.00503003651028,410,1,1
"z[193,2]",0.415333333333333,0.492834181158129,0,0,0,1,1,1.00173615265971,1000,1,1
"z[194,2]",0.329111111111111,0.469942618366919,0,0,0,1,1,1.00895057028388,249,1,1
"z[195,2]",0.315333333333333,0.464700129404919,0,0,0,1,1,1.00512255765664,430,1,1
"z[196,2]",0.336444444444444,0.47254544997478,0,0,0,1,1,1.0013981354317,1299,1,1
"z[197,2]",0.326444444444444,0.468964115768405,0,0,0,1,1,1.00237540446979,847,1,1
"z[198,2]",0.353333333333333,0.478058234406061,0,0,0,1,1,1.00570343882575,366,1,1
"z[199,2]",0.283111111111111,0.450560009264124,0,0,0,1,1,1.00070425261432,2378,1,1
"z[200,2]",0.375777777777778,0.484376896126532,0,0,0,1,1,1.00625406561225,329,1,1
"z[1,3]",1,0,1,1,1,1,1,NA,1,0,1
"z[2,3]",1,0,1,1,1,1,1,NA,1,0,1
"z[3,3]",1,0,1,1,1,1,1,NA,1,0,1
"z[4,3]",1,0,1,1,1,1,1,NA,1,0,1
"z[5,3]",0.728444444444444,0.444811312859524,0,0,1,1,1,1.00042473625879,3336,1,1
"z[6,3]",0.691555555555556,0.461902458436175,0,0,1,1,1,1.00014629500053,4500,1,1
"z[7,3]",1,0,1,1,1,1,1,NA,1,0,1
"z[8,3]",1,0,1,1,1,1,1,NA,1,0,1
"z[9,3]",1,0,1,1,1,1,1,NA,1,0,1
"z[10,3]",1,0,1,1,1,1,1,NA,1,0,1
"z[11,3]",0.225555555555556,0.417994106865551,0,0,0,0,1,1.00090001316032,2330,1,1
"z[12,3]",0.0348888888888889,0.183518768996536,0,0,0,0,1,1.00125462632933,4500,1,1
"z[13,3]",0.03,0.170606178387604,0,0,0,0,1,1.0126920335159,1302,1,1
"z[14,3]",0.0824444444444444,0.275071213116166,0,0,0,0,1,1.0014263035068,3746,1,1
"z[15,3]",0.424666666666667,0.494347241700356,0,0,0,1,1,0.999701340864401,4500,1,1
"z[16,3]",0.305111111111111,0.460505642356816,0,0,0,1,1,0.999990243635644,4500,1,1
"z[17,3]",1,0,1,1,1,1,1,NA,1,0,1
"z[18,3]",1,0,1,1,1,1,1,NA,1,0,1
"z[19,3]",0.380888888888889,0.485659302026543,0,0,0,1,1,1.00077813991013,1909,1,1
"z[20,3]",0.384444444444444,0.486517742196654,0,0,0,1,1,1.00054261134209,2413,1,1
"z[21,3]",0.0635555555555556,0.243986630137708,0,0,0,0,1,0.999715396260381,4500,1,1
"z[22,3]",1,0,1,1,1,1,1,NA,1,0,1
"z[23,3]",1,0,1,1,1,1,1,NA,1,0,1
"z[24,3]",0.267333333333333,0.442616942427579,0,0,0,1,1,0.999689783699749,4500,1,1
"z[25,3]",0.323333333333333,0.467800726216587,0,0,0,1,1,1.00201395547927,975,1,1
"z[26,3]",1,0,1,1,1,1,1,NA,1,0,1
"z[27,3]",1,0,1,1,1,1,1,NA,1,0,1
"z[28,3]",0.892222222222222,0.310134007193376,0,1,1,1,1,1.00019051463477,4500,1,1
"z[29,3]",0.922444444444444,0.267500640790067,0,1,1,1,1,0.999917513410125,4500,1,1
"z[30,3]",1,0,1,1,1,1,1,NA,1,0,1
"z[31,3]",1,0,1,1,1,1,1,NA,1,0,1
"z[32,3]",1,0,1,1,1,1,1,NA,1,0,1
"z[33,3]",1,0,1,1,1,1,1,NA,1,0,1
"z[34,3]",1,0,1,1,1,1,1,NA,1,0,1
"z[35,3]",1,0,1,1,1,1,1,NA,1,0,1
"z[36,3]",1,0,1,1,1,1,1,NA,1,0,1
"z[37,3]",0.126888888888889,0.332885451492204,0,0,0,0,1,0.999728985576511,4500,1,1
"z[38,3]",0.246222222222222,0.430857392202569,0,0,0,0,1,1.00021255542621,4500,1,1
"z[39,3]",1,0,1,1,1,1,1,NA,1,0,1
"z[40,3]",1,0,1,1,1,1,1,NA,1,0,1
"z[41,3]",0.0415555555555556,0.199593447150984,0,0,0,0,1,1.00627812768439,1890,1,1
"z[42,3]",1,0,1,1,1,1,1,NA,1,0,1
"z[43,3]",1,0,1,1,1,1,1,NA,1,0,1
"z[44,3]",1,0,1,1,1,1,1,NA,1,0,1
"z[45,3]",0.830666666666667,0.375087749976273,0,1,1,1,1,1.00070969524363,3404,1,1
"z[46,3]",1,0,1,1,1,1,1,NA,1,0,1
"z[47,3]",0.166444444444444,0.372520508798759,0,0,0,0,1,1.00166276750366,1811,1,1
"z[48,3]",1,0,1,1,1,1,1,NA,1,0,1
"z[49,3]",0.0215555555555556,0.14524324938423,0,0,0,0,0,1.00468384544347,4500,1,1
"z[50,3]",1,0,1,1,1,1,1,NA,1,0,1
"z[51,3]",1,0,1,1,1,1,1,NA,1,0,1
"z[52,3]",0.194444444444444,0.395816394508945,0,0,0,0,1,0.999824747080575,4500,1,1
"z[53,3]",0.215333333333333,0.411099069553526,0,0,0,0,1,1.00026181990742,4500,1,1
"z[54,3]",0.0128888888888889,0.11280777163711,0,0,0,0,0,1.01414632909892,2657,1,1
"z[55,3]",0.0137777777777778,0.116580319235386,0,0,0,0,0,1.00615198692432,4500,1,1
"z[56,3]",1,0,1,1,1,1,1,NA,1,0,1
"z[57,3]",1,0,1,1,1,1,1,NA,1,0,1
"z[58,3]",1,0,1,1,1,1,1,NA,1,0,1
"z[59,3]",0.463333333333333,0.498709158355544,0,0,0,1,1,1.000293629614,3210,1,1
"z[60,3]",0.32,0.466527990911181,0,0,0,1,1,1.00029640291241,3646,1,1
"z[61,3]",0.287333333333333,0.452568673341182,0,0,0,1,1,1.00066705618711,2439,1,1
"z[62,3]",0.237333333333333,0.425495540244226,0,0,0,0,1,0.999686952676179,4500,1,1
"z[63,3]",0.354444444444444,0.478397783242291,0,0,0,1,1,1.00022554713008,3918,1,1
"z[64,3]",0.236222222222222,0.424807469897772,0,0,0,0,1,1.00008775548325,4500,1,1
"z[65,3]",0.286888888888889,0.452359511296517,0,0,0,1,1,0.999702590161927,4500,1,1
"z[66,3]",0.156888888888889,0.36373639680125,0,0,0,0,1,1.00050231337057,4500,1,1
"z[67,3]",0.263333333333333,0.44049064361538,0,0,0,1,1,1.00005812269693,4500,1,1
"z[68,3]",0.240666666666667,0.427535778058793,0,0,0,0,1,1.00026194438717,4500,1,1
"z[69,3]",1,0,1,1,1,1,1,NA,1,0,1
"z[70,3]",0.000666666666666667,0.0258141493083176,0,0,0,0,0,1.13377982835195,4498,1,1
"z[71,3]",1,0,1,1,1,1,1,NA,1,0,1
"z[72,3]",1,0,1,1,1,1,1,NA,1,0,1
"z[73,3]",1,0,1,1,1,1,1,NA,1,0,1
"z[74,3]",1,0,1,1,1,1,1,NA,1,0,1
"z[75,3]",1,0,1,1,1,1,1,NA,1,0,1
"z[76,3]",0.77,0.420879275212238,0,1,1,1,1,0.999732680086847,4500,1,1
"z[77,3]",0.217555555555556,0.412629339745095,0,0,0,0,1,0.999856479373065,4500,1,1
"z[78,3]",0.373111111111111,0.483685020474982,0,0,0,1,1,0.999744189172575,4500,1,1
"z[79,3]",0.856222222222222,0.350903250632194,0,1,1,1,1,1.00215184481269,1636,1,1
"z[80,3]",0.738,0.439771506069421,0,0,1,1,1,1.00045946299087,3272,1,1
"z[81,3]",0.0406666666666667,0.19753875656879,0,0,0,0,1,1.00117313179146,4500,1,1
"z[82,3]",1,0,1,1,1,1,1,NA,1,0,1
"z[83,3]",0.273555555555556,0.445833022603045,0,0,0,1,1,1.00001384616913,4500,1,1
"z[84,3]",1,0,1,1,1,1,1,NA,1,0,1
"z[85,3]",1,0,1,1,1,1,1,NA,1,0,1
"z[86,3]",0.00488888888888889,0.069757214702053,0,0,0,0,0,1.0007080631168,4500,1,1
"z[87,3]",0.103333333333333,0.304427578014234,0,0,0,0,1,1.00211127577888,2211,1,1
"z[88,3]",1,0,1,1,1,1,1,NA,1,0,1
"z[89,3]",0.0624444444444444,0.241987910285634,0,0,0,0,1,0.999868287735446,4500,1,1
"z[90,3]",0.795777777777778,0.403176919921029,0,1,1,1,1,1.00061215576528,3263,1,1
"z[91,3]",0.340222222222222,0.473836422485663,0,0,0,1,1,0.999731805649377,4500,1,1
"z[92,3]",0.242666666666667,0.428742818638798,0,0,0,0,1,1.00129150474454,1675,1,1
"z[93,3]",0.292888888888889,0.455138463782826,0,0,0,1,1,0.999743208873957,4500,1,1
"z[94,3]",0.357777777777778,0.47939953221348,0,0,0,1,1,0.999725989273074,4500,1,1
"z[95,3]",1,0,1,1,1,1,1,NA,1,0,1
"z[96,3]",1,0,1,1,1,1,1,NA,1,0,1
"z[97,3]",1,0,1,1,1,1,1,NA,1,0,1
"z[98,3]",1,0,1,1,1,1,1,NA,1,0,1
"z[99,3]",1,0,1,1,1,1,1,NA,1,0,1
"z[100,3]",1,0,1,1,1,1,1,NA,1,0,1
"z[101,3]",1,0,1,1,1,1,1,NA,1,0,1
"z[102,3]",0.01,0.0995098009695405,0,0,0,0,0,1.03071516841595,1555,1,1
"z[103,3]",0.00977777777777778,0.0984089676386699,0,0,0,0,0,1.01081954133456,4500,1,1
"z[104,3]",0.0604444444444444,0.238334925238366,0,0,0,0,1,1.00274474977015,2855,1,1
"z[105,3]",0.613555555555556,0.486988539438194,0,0,1,1,1,0.99970129227069,4500,1,1
"z[106,3]",0.0277777777777778,0.164353812079863,0,0,0,0,1,1.00071364134274,4500,1,1
"z[107,3]",0.0388888888888889,0.193351625166517,0,0,0,0,1,1.0101223928491,1260,1,1
"z[108,3]",0.0228888888888889,0.149565901047889,0,0,0,0,0,1.00207602295884,4500,1,1
"z[109,3]",0.0424444444444444,0.201623280764707,0,0,0,0,1,1.00133575798079,4500,1,1
"z[110,3]",0.398444444444444,0.4896322544876,0,0,0,1,1,0.999739204146176,4500,1,1
"z[111,3]",0.0368888888888889,0.188509935158217,0,0,0,0,1,1.00434357347356,2986,1,1
"z[112,3]",0.293777777777778,0.455541996182829,0,0,0,1,1,0.999867002249744,4500,1,1
"z[113,3]",0.0224444444444444,0.148140366379144,0,0,0,0,0,1.00033284826239,4500,1,1
"z[114,3]",0.115111111111111,0.319191453390303,0,0,0,0,1,1.00077027935909,4456,1,1
"z[115,3]",0.156444444444444,0.363316547020318,0,0,0,0,1,1.00023891567604,4500,1,1
"z[116,3]",0.354222222222222,0.478330099283297,0,0,0,1,1,1.00055962873804,2451,1,1
"z[117,3]",1,0,1,1,1,1,1,NA,1,0,1
"z[118,3]",1,0,1,1,1,1,1,NA,1,0,1
"z[119,3]",1,0,1,1,1,1,1,NA,1,0,1
"z[120,3]",1,0,1,1,1,1,1,NA,1,0,1
"z[121,3]",1,0,1,1,1,1,1,NA,1,0,1
"z[122,3]",0.00955555555555555,0.0972951722699289,0,0,0,0,0,1.01292904646635,3912,1,1
"z[123,3]",0.0644444444444444,0.245570273205584,0,0,0,0,1,1.00073333652657,4500,1,1
"z[124,3]",1,0,1,1,1,1,1,NA,1,0,1
"z[125,3]",0.843555555555556,0.363316547020318,0,1,1,1,1,1.00420428806898,840,1,1
"z[126,3]",1,0,1,1,1,1,1,NA,1,0,1
"z[127,3]",0.251111111111111,0.433700495878734,0,0,0,1,1,1.00175293669971,1283,1,1
"z[128,3]",0.272666666666667,0.445380327769016,0,0,0,1,1,0.999943303716937,4500,1,1
"z[129,3]",0.249333333333333,0.432675194529199,0,0,0,0,1,0.999700433239154,4500,1,1
"z[130,3]",0.206888888888889,0.405120165106772,0,0,0,0,1,1.00028794129361,4500,1,1
"z[131,3]",0.532666666666667,0.498987193828014,0,0,1,1,1,0.999825574994242,4500,1,1
"z[132,3]",0.753555555555556,0.430988234428048,0,1,1,1,1,1.00040207942402,3663,1,1
"z[133,3]",0.77,0.420879275212238,0,1,1,1,1,1.00044661823393,3613,1,1
"z[134,3]",0.0148888888888889,0.121121715563244,0,0,0,0,0,1.00046905066482,4500,1,1
"z[135,3]",1,0,1,1,1,1,1,NA,1,0,1
"z[136,3]",0.0124444444444444,0.11087069888737,0,0,0,0,0,1.00178570731046,4500,1,1
"z[137,3]",0.0951111111111111,0.293400949995396,0,0,0,0,1,0.999990049524231,4500,1,1
"z[138,3]",1,0,1,1,1,1,1,NA,1,0,1
"z[139,3]",1,0,1,1,1,1,1,NA,1,0,1
"z[140,3]",1,0,1,1,1,1,1,NA,1,0,1
"z[141,3]",1,0,1,1,1,1,1,NA,1,0,1
"z[142,3]",0.250444444444444,0.433317147097976,0,0,0,1,1,0.999835636507209,4500,1,1
"z[143,3]",0.126888888888889,0.332885451492204,0,0,0,0,1,1.00001293535591,4500,1,1
"z[144,3]",0.149333333333333,0.356456343321839,0,0,0,0,1,1.00138118620075,2300,1,1
"z[145,3]",0.833333333333333,0.372719411818938,0,1,1,1,1,0.999728031228391,4500,1,1
"z[146,3]",0.790444444444444,0.407036659542908,0,1,1,1,1,0.999974752282953,4500,1,1
"z[147,3]",0.789555555555556,0.407669611770085,0,1,1,1,1,1.0001935113754,4500,1,1
"z[148,3]",0.602222222222222,0.489493475530316,0,0,1,1,1,0.999995290356229,4500,1,1
"z[149,3]",1,0,1,1,1,1,1,NA,1,0,1
"z[150,3]",0.0455555555555556,0.208542349028494,0,0,0,0,1,1.00396870392945,2661,1,1
"z[151,3]",1,0,1,1,1,1,1,NA,1,0,1
"z[152,3]",1,0,1,1,1,1,1,NA,1,0,1
"z[153,3]",0.788888888888889,0.408142411058839,0,1,1,1,1,0.999934587610216,4500,1,1
"z[154,3]",0.526666666666667,0.499343868224145,0,0,1,1,1,0.999925279749154,4500,1,1
"z[155,3]",0.042,0.200611423704479,0,0,0,0,1,1.00185311794816,4500,1,1
"z[156,3]",1,0,1,1,1,1,1,NA,1,0,1
"z[157,3]",1,0,1,1,1,1,1,NA,1,0,1
"z[158,3]",1,0,1,1,1,1,1,NA,1,0,1
"z[159,3]",1,0,1,1,1,1,1,NA,1,0,1
"z[160,3]",1,0,1,1,1,1,1,NA,1,0,1
"z[161,3]",0.0724444444444445,0.259251196201609,0,0,0,0,1,1.00165388219231,3739,1,1
"z[162,3]",1,0,1,1,1,1,1,NA,1,0,1
"z[163,3]",0.154444444444444,0.361414422480432,0,0,0,0,1,1.00188031211203,1728,1,1
"z[164,3]",1,0,1,1,1,1,1,NA,1,0,1
"z[165,3]",0.130888888888889,0.337316279778769,0,0,0,0,1,1.00212347280735,1785,1,1
"z[166,3]",1,0,1,1,1,1,1,NA,1,0,1
"z[167,3]",0.729555555555556,0.444238789444786,0,0,1,1,1,0.99991838117884,4500,1,1
"z[168,3]",0.911555555555556,0.28397173218309,0,1,1,1,1,1.00035283563784,4500,1,1
"z[169,3]",0.844444444444444,0.362473753328113,0,1,1,1,1,1.00033763719662,4500,1,1
"z[170,3]",1,0,1,1,1,1,1,NA,1,0,1
"z[171,3]",0.725333333333333,0.446395755946304,0,0,1,1,1,1.00034668510448,3695,1,1
"z[172,3]",0.786222222222222,0.410017314533042,0,1,1,1,1,0.999848537484809,4500,1,1
"z[173,3]",0.771555555555556,0.419877074039644,0,1,1,1,1,0.999906082105292,4500,1,1
"z[174,3]",0.980666666666667,0.137709003796433,1,1,1,1,1,1.0179677474121,1407,0,1
"z[175,3]",1,0,1,1,1,1,1,NA,1,0,1
"z[176,3]",1,0,1,1,1,1,1,NA,1,0,1
"z[177,3]",0.0975555555555556,0.296745745695873,0,0,0,0,1,1.00043236434858,4500,1,1
"z[178,3]",0.0848888888888889,0.278747254884959,0,0,0,0,1,1.00139081664661,3738,1,1
"z[179,3]",0.180222222222222,0.384415155438755,0,0,0,0,1,0.999973134076333,4500,1,1
"z[180,3]",0.167777777777778,0.373710356413528,0,0,0,0,1,1.00012762806002,4500,1,1
"z[181,3]",0.207333333333333,0.405441428226822,0,0,0,0,1,1.00004736020763,4500,1,1
"z[182,3]",0.302888888888889,0.459558638160658,0,0,0,1,1,1.00039999377231,3238,1,1
"z[183,3]",0.206888888888889,0.405120165106772,0,0,0,0,1,0.999948527453072,4500,1,1
"z[184,3]",0.00844444444444444,0.0915150092219534,0,0,0,0,0,1.01245259674609,4500,1,1
"z[185,3]",0.014,0.11750348180963,0,0,0,0,0,1.01037491504772,3329,1,1
"z[186,3]",0.306444444444444,0.46106776908457,0,0,0,1,1,1.00829631801255,277,1,1
"z[187,3]",0.241333333333333,0.427939542005023,0,0,0,0,1,1.00665544290147,394,1,1
"z[188,3]",0.265333333333333,0.441559603346368,0,0,0,1,1,1.00856601210563,293,1,1
"z[189,3]",0.300888888888889,0.458695455968038,0,0,0,1,1,1.0056524157256,402,1,1
"z[190,3]",0.237555555555556,0.425632672691991,0,0,0,0,1,1.00717985133956,371,1,1
"z[191,3]",0.295777777777778,0.456442309208322,0,0,0,1,1,1.0107592784985,221,1,1
"z[192,3]",0.306666666666667,0.461161015380892,0,0,0,1,1,1.00700254815858,326,1,1
"z[193,3]",0.341111111111111,0.474135294503335,0,0,0,1,1,1.00403532604639,512,1,1
"z[194,3]",0.258666666666667,0.437950733110633,0,0,0,1,1,1.01536249192916,170,1,1
"z[195,3]",0.271333333333333,0.444697089289433,0,0,0,1,1,1.01075103204274,232,1,1
"z[196,3]",0.263333333333333,0.44049064361538,0,0,0,1,1,1.00993550328535,255,1,1
"z[197,3]",0.275555555555556,0.446843442673997,0,0,0,1,1,1.01067038416813,231,1,1
"z[198,3]",0.296444444444444,0.456740072592966,0,0,0,1,1,1.00885301390506,265,1,1
"z[199,3]",0.252444444444444,0.434463109111385,0,0,0,1,1,1.00748274484192,343,1,1
"z[200,3]",0.307333333333333,0.461439998958005,0,0,0,1,1,1.00810971280405,282,1,1
"z[1,4]",1,0,1,1,1,1,1,NA,1,0,1
"z[2,4]",1,0,1,1,1,1,1,NA,1,0,1
"z[3,4]",1,0,1,1,1,1,1,NA,1,0,1
"z[4,4]",1,0,1,1,1,1,1,NA,1,0,1
"z[5,4]",0.722888888888889,0.447621568717054,0,0,1,1,1,1.002351006637,937,1,1
"z[6,4]",0.675333333333333,0.468302207021895,0,0,1,1,1,0.999686631525716,4500,1,1
"z[7,4]",0.733777777777778,0.442030961496967,0,0,1,1,1,1.00143899389098,1443,1,1
"z[8,4]",1,0,1,1,1,1,1,NA,1,0,1
"z[9,4]",1,0,1,1,1,1,1,NA,1,0,1
"z[10,4]",1,0,1,1,1,1,1,NA,1,0,1
"z[11,4]",0.205111111111111,0.403827664350618,0,0,0,0,1,0.99976218390813,4500,1,1
"z[12,4]",0.164444444444444,0.370719583788944,0,0,0,0,1,0.999879945841602,4500,1,1
"z[13,4]",0.164666666666667,0.370920651032105,0,0,0,0,1,0.999772377760885,4500,1,1
"z[14,4]",0.187111111111111,0.390044037056583,0,0,0,0,1,1.00007146644931,4500,1,1
"z[15,4]",1,0,1,1,1,1,1,NA,1,0,1
"z[16,4]",1,0,1,1,1,1,1,NA,1,0,1
"z[17,4]",0.436666666666667,0.496027786758685,0,0,0,1,1,0.999758436254205,4500,1,1
"z[18,4]",1,0,1,1,1,1,1,NA,1,0,1
"z[19,4]",0.158444444444444,0.365197809580639,0,0,0,0,1,1.00126037122777,2355,1,1
"z[20,4]",1,0,1,1,1,1,1,NA,1,0,1
"z[21,4]",1,0,1,1,1,1,1,NA,1,0,1
"z[22,4]",1,0,1,1,1,1,1,NA,1,0,1
"z[23,4]",1,0,1,1,1,1,1,NA,1,0,1
"z[24,4]",1,0,1,1,1,1,1,NA,1,0,1
"z[25,4]",1,0,1,1,1,1,1,NA,1,0,1
"z[26,4]",1,0,1,1,1,1,1,NA,1,0,1
"z[27,4]",1,0,1,1,1,1,1,NA,1,0,1
"z[28,4]",1,0,1,1,1,1,1,NA,1,0,1
"z[29,4]",1,0,1,1,1,1,1,NA,1,0,1
"z[30,4]",0.233777777777778,0.423279509260919,0,0,0,0,1,1.00019712322676,4500,1,1
"z[31,4]",1,0,1,1,1,1,1,NA,1,0,1
"z[32,4]",1,0,1,1,1,1,1,NA,1,0,1
"z[33,4]",0.677111111111111,0.467632601442718,0,0,1,1,1,1.00110846580819,1594,1,1
"z[34,4]",0.741333333333333,0.437950733110633,0,0,1,1,1,1.00024896391344,4480,1,1
"z[35,4]",0.772888888888889,0.419011539250935,0,1,1,1,1,0.999804281352992,4500,1,1
"z[36,4]",0.766666666666667,0.422999587247188,0,1,1,1,1,1.00075172069586,2576,1,1
"z[37,4]",0.0573333333333333,0.232504269129342,0,0,0,0,1,1.00339479418957,2466,1,1
"z[38,4]",0.647111111111111,0.477921623868044,0,0,1,1,1,1.00021315232951,4012,1,1
"z[39,4]",1,0,1,1,1,1,1,NA,1,0,1
"z[40,4]",1,0,1,1,1,1,1,NA,1,0,1
"z[41,4]",0.098,0.297347688610086,0,0,0,0,1,1.00211508131429,2305,1,1
"z[42,4]",0.147111111111111,0.35425600967688,0,0,0,0,1,0.999941198777869,4500,1,1
"z[43,4]",0.223333333333333,0.416526241432852,0,0,0,0,1,0.999920341477454,4500,1,1
"z[44,4]",0.866222222222222,0.340451231560198,0,1,1,1,1,1.00106598640004,3076,1,1
"z[45,4]",0.183333333333333,0.386982559325991,0,0,0,0,1,0.999729417097027,4500,1,1
"z[46,4]",0.168888888888889,0.374695384746298,0,0,0,0,1,0.999675381897419,4500,1,1
"z[47,4]",0.0153333333333333,0.122888478420367,0,0,0,0,0,1.00769827184089,4078,1,1
"z[48,4]",0.0117777777777778,0.107896472423584,0,0,0,0,0,1.00093951678015,4500,1,1
"z[49,4]",0.0702222222222222,0.255549553077657,0,0,0,0,1,0.999828654920482,4500,1,1
"z[50,4]",0.112666666666667,0.316220034192095,0,0,0,0,1,1.00246257343789,1782,1,1
"z[51,4]",1,0,1,1,1,1,1,NA,1,0,1
"z[52,4]",0.173333333333333,0.378577254918682,0,0,0,0,1,1.00005547998186,4500,1,1
"z[53,4]",0.179777777777778,0.384044924537002,0,0,0,0,1,1.00053149952193,3915,1,1
"z[54,4]",0.0417777777777778,0.200103206188376,0,0,0,0,1,1.00244201031064,4480,1,1
"z[55,4]",0.034,0.181249276657738,0,0,0,0,1,0.99973525047369,4500,1,1
"z[56,4]",0.0288888888888889,0.167512855228826,0,0,0,0,1,1.00493294236736,3363,1,1
"z[57,4]",0.372888888888889,0.483626655635772,0,0,0,1,1,0.999776761486443,4500,1,1
"z[58,4]",1,0,1,1,1,1,1,NA,1,0,1
"z[59,4]",0.238666666666667,0.426315935343921,0,0,0,0,1,1.00132273640779,1661,1,1
"z[60,4]",1,0,1,1,1,1,1,NA,1,0,1
"z[61,4]",0.221111111111111,0.415041284080923,0,0,0,0,1,0.999847200021296,4500,1,1
"z[62,4]",0.205777777777778,0.404313752586695,0,0,0,0,1,1.00024589972648,4500,1,1
"z[63,4]",0.294222222222222,0.455742978111293,0,0,0,1,1,1.00021969515087,4350,1,1
"z[64,4]",0.204222222222222,0.403176919921029,0,0,0,0,1,1.00097610927775,2358,1,1
"z[65,4]",0.235111111111111,0.424115371696836,0,0,0,0,1,0.999987508536863,4500,1,1
"z[66,4]",0.133555555555556,0.340211978135586,0,0,0,0,1,0.999955607406143,4500,1,1
"z[67,4]",0.246444444444444,0.430988234428048,0,0,0,0,1,0.999978612680211,4500,1,1
"z[68,4]",0.218888888888889,0.413539050686171,0,0,0,0,1,1.00033730460764,4367,1,1
"z[69,4]",0.495333333333333,0.500033784144251,0,0,0,1,1,0.999817153527983,4500,1,1
"z[70,4]",0.0642222222222222,0.245175623613492,0,0,0,0,1,0.999755416842429,4500,1,1
"z[71,4]",0.326444444444444,0.468964115768405,0,0,0,1,1,0.999872635976961,4500,1,1
"z[72,4]",0.802222222222222,0.398367913358764,0,1,1,1,1,0.999811776798073,4500,1,1
"z[73,4]",0.314888888888889,0.464523226610421,0,0,0,1,1,0.999890215878132,4500,1,1
"z[74,4]",0.475777777777778,0.499468438887055,0,0,0,1,1,1.00147979253463,1111,1,1
"z[75,4]",1,0,1,1,1,1,1,NA,1,0,1
"z[76,4]",0.698666666666667,0.458888168015487,0,0,1,1,1,0.999838819345494,4500,1,1
"z[77,4]",0.143555555555556,0.350677466816207,0,0,0,0,1,1.00030106246214,4500,1,1
"z[78,4]",0.0462222222222222,0.209989350685102,0,0,0,0,1,0.999907895541719,4500,1,1
"z[79,4]",1,0,1,1,1,1,1,NA,1,0,1
"z[80,4]",0.650444444444444,0.476882591680911,0,0,1,1,1,1.00040666980853,2973,1,1
"z[81,4]",0.0106666666666667,0.102738670891514,0,0,0,0,0,1.00231639746635,4500,1,1
"z[82,4]",1,0,1,1,1,1,1,NA,1,0,1
"z[83,4]",0.0406666666666667,0.19753875656879,0,0,0,0,1,1.00199950321558,4500,1,1
"z[84,4]",1,0,1,1,1,1,1,NA,1,0,1
"z[85,4]",1,0,1,1,1,1,1,NA,1,0,1
"z[86,4]",0.0206666666666667,0.142281601882585,0,0,0,0,0,1.00038898679433,4500,1,1
"z[87,4]",0.232888888888889,0.422719012480962,0,0,0,0,1,0.999706844720211,4500,1,1
"z[88,4]",0.0913333333333333,0.288114564405752,0,0,0,0,1,1.00048467338356,4500,1,1
"z[89,4]",0.207777777777778,0.405761950063745,0,0,0,0,1,0.999831377927299,4500,1,1
"z[90,4]",0.720888888888889,0.448612105960907,0,0,1,1,1,1.00002757281727,4500,1,1
"z[91,4]",0.297333333333333,0.457135276030239,0,0,0,1,1,0.999958671873242,4500,1,1
"z[92,4]",0.190222222222222,0.392520020648455,0,0,0,0,1,1.00109640055017,2279,1,1
"z[93,4]",0.244666666666667,0.429937164909212,0,0,0,0,1,0.999985219209971,4500,1,1
"z[94,4]",0.306888888888889,0.461254135741093,0,0,0,1,1,1.00023129022129,4159,1,1
"z[95,4]",1,0,1,1,1,1,1,NA,1,0,1
"z[96,4]",1,0,1,1,1,1,1,NA,1,0,1
"z[97,4]",1,0,1,1,1,1,1,NA,1,0,1
"z[98,4]",1,0,1,1,1,1,1,NA,1,0,1
"z[99,4]",1,0,1,1,1,1,1,NA,1,0,1
"z[100,4]",0.778666666666667,0.415190554162588,0,1,1,1,1,0.999788668512361,4500,1,1
"z[101,4]",0.729777777777778,0.444123862548642,0,0,1,1,1,1.00048593408429,3094,1,1
"z[102,4]",0.00266666666666667,0.0515766100016907,0,0,0,0,0,1.02969958135743,4500,1,1
"z[103,4]",0.0137777777777778,0.116580319235386,0,0,0,0,0,1.00969035090412,3621,1,1
"z[104,4]",0.376222222222222,0.484490685382771,0,0,0,1,1,0.999976358366765,4500,1,1
"z[105,4]",0.641555555555556,0.479596850200442,0,0,1,1,1,0.999854931625403,4500,1,1
"z[106,4]",0.0302222222222222,0.171217271410598,0,0,0,0,1,1.00651829202183,2464,1,1
"z[107,4]",0.0362222222222222,0.186863405673864,0,0,0,0,1,1.0050695217658,2639,1,1
"z[108,4]",0.0171111111111111,0.129699881353212,0,0,0,0,0,1.00649125910765,4312,1,1
"z[109,4]",0.0255555555555556,0.157822698772571,0,0,0,0,1,1.00030329590503,4500,1,1
"z[110,4]",1,0,1,1,1,1,1,NA,1,0,1
"z[111,4]",0.0157777777777778,0.124628612791859,0,0,0,0,0,1.00252260883605,4500,1,1
"z[112,4]",0.02,0.140015558148628,0,0,0,0,0,1.01347151671758,1813,1,1
"z[113,4]",0.0204444444444444,0.141530634321543,0,0,0,0,0,1.00340144636141,4500,1,1
"z[114,4]",0.156888888888889,0.36373639680125,0,0,0,0,1,1.00068396939621,3716,1,1
"z[115,4]",1,0,1,1,1,1,1,NA,1,0,1
"z[116,4]",0.245111111111111,0.430200861930551,0,0,0,0,1,1.00000481064262,4500,1,1
"z[117,4]",0.725777777777778,0.44617107989607,0,0,1,1,1,0.999828201754988,4500,1,1
"z[118,4]",1,0,1,1,1,1,1,NA,1,0,1
"z[119,4]",1,0,1,1,1,1,1,NA,1,0,1
"z[120,4]",1,0,1,1,1,1,1,NA,1,0,1
"z[121,4]",1,0,1,1,1,1,1,NA,1,0,1
"z[122,4]",0.0104444444444444,0.10167426066326,0,0,0,0,0,1.00947382646113,4500,1,1
"z[123,4]",0.312444444444444,0.463541435706004,0,0,0,1,1,1.00212946160396,951,1,1
"z[124,4]",0.0368888888888889,0.188509935158217,0,0,0,0,1,1.00672266113886,1977,1,1
"z[125,4]",1,0,1,1,1,1,1,NA,1,0,1
"z[126,4]",1,0,1,1,1,1,1,NA,1,0,1
"z[127,4]",0.213555555555556,0.409862062981569,0,0,0,0,1,1.00050932184497,3540,1,1
"z[128,4]",0.243111111111111,0.42900932220977,0,0,0,0,1,1.00005524301572,4500,1,1
"z[129,4]",0.209333333333333,0.406877964144234,0,0,0,0,1,1.00163096118579,1546,1,1
"z[130,4]",0.187555555555556,0.390400228668437,0,0,0,0,1,1.00024830911211,4500,1,1
"z[131,4]",0.424666666666667,0.494347241700356,0,0,0,1,1,0.999924677241277,4500,1,1
"z[132,4]",0.752888888888889,0.431379835980449,0,1,1,1,1,0.999735822557368,4500,1,1
"z[133,4]",0.774222222222222,0.418139960301486,0,1,1,1,1,1.0005888619514,3103,1,1
"z[134,4]",0.016,0.125489041132367,0,0,0,0,0,1.00175297194104,4500,1,1
"z[135,4]",0.0357777777777778,0.185756281888117,0,0,0,0,1,1.01255176365688,1108,1,1
"z[136,4]",0.0468888888888889,0.211424346699986,0,0,0,0,1,1.00222638880451,4352,1,1
"z[137,4]",1,0,1,1,1,1,1,NA,1,0,1
"z[138,4]",0.446666666666667,0.497202666143567,0,0,0,1,1,0.999939525904608,4500,1,1
"z[139,4]",1,0,1,1,1,1,1,NA,1,0,1
"z[140,4]",0.211555555555556,0.408456701904577,0,0,0,0,1,1.00035215464429,4376,1,1
"z[141,4]",0.203777777777778,0.40285041785229,0,0,0,0,1,1.00092128196867,2466,1,1
"z[142,4]",0.227777777777778,0.419445059820707,0,0,0,0,1,1.00054564411635,3242,1,1
"z[143,4]",0.119555555555556,0.324477150893065,0,0,0,0,1,0.999835850317118,4500,1,1
"z[144,4]",0.129777777777778,0.336096129894842,0,0,0,0,1,0.999854464223435,4500,1,1
"z[145,4]",1,0,1,1,1,1,1,NA,1,0,1
"z[146,4]",1,0,1,1,1,1,1,NA,1,0,1
"z[147,4]",1,0,1,1,1,1,1,NA,1,0,1
"z[148,4]",0.492,0.499991553607254,0,0,0,1,1,0.999883648822424,4500,1,1
"z[149,4]",0.625777777777778,0.483975208221787,0,0,1,1,1,1.0000593690734,4500,1,1
"z[150,4]",0.0631111111111111,0.243189722775225,0,0,0,0,1,0.999673670256558,4500,1,1
"z[151,4]",0.742444444444444,0.437336477200438,0,0,1,1,1,0.999901971606361,4500,1,1
"z[152,4]",1,0,1,1,1,1,1,NA,1,0,1
"z[153,4]",1,0,1,1,1,1,1,NA,1,0,1
"z[154,4]",0.180666666666667,0.384784516645139,0,0,0,0,1,1.00125037024953,2131,1,1
"z[155,4]",1,0,1,1,1,1,1,NA,1,0,1
"z[156,4]",1,0,1,1,1,1,1,NA,1,0,1
"z[157,4]",1,0,1,1,1,1,1,NA,1,0,1
"z[158,4]",1,0,1,1,1,1,1,NA,1,0,1
"z[159,4]",1,0,1,1,1,1,1,NA,1,0,1
"z[160,4]",1,0,1,1,1,1,1,NA,1,0,1
"z[161,4]",0.0864444444444444,0.281050450380857,0,0,0,0,1,0.999931949826132,4500,1,1
"z[162,4]",1,0,1,1,1,1,1,NA,1,0,1
"z[163,4]",0.216888888888889,0.412172113536087,0,0,0,0,1,1.00041916963465,3923,1,1
"z[164,4]",1,0,1,1,1,1,1,NA,1,0,1
"z[165,4]",1,0,1,1,1,1,1,NA,1,0,1
"z[166,4]",1,0,1,1,1,1,1,NA,1,0,1
"z[167,4]",0.456222222222222,0.498135170505595,0,0,0,1,1,1.00011518905716,4498,1,1
"z[168,4]",1,0,1,1,1,1,1,NA,1,0,1
"z[169,4]",0.659111111111111,0.474060750452833,0,0,1,1,1,1.00230252978827,846,1,1
"z[170,4]",0.574666666666667,0.494448397311501,0,0,1,1,1,0.999969058666938,4500,1,1
"z[171,4]",0.713777777777778,0.452044767264234,0,0,1,1,1,1.00010448320078,4500,1,1
"z[172,4]",0.762888888888889,0.425358247463406,0,1,1,1,1,1.00041080082528,3709,1,1
"z[173,4]",0.777777777777778,0.41578591064293,0,1,1,1,1,1.0000151363083,4500,1,1
"z[174,4]",1,0,1,1,1,1,1,NA,1,0,1
"z[175,4]",1,0,1,1,1,1,1,NA,1,0,1
"z[176,4]",1,0,1,1,1,1,1,NA,1,0,1
"z[177,4]",1,0,1,1,1,1,1,NA,1,0,1
"z[178,4]",0.215333333333333,0.411099069553526,0,0,0,0,1,0.999739192440925,4500,1,1
"z[179,4]",0.423555555555556,0.494176603975863,0,0,0,1,1,1.00098716887502,1554,1,1
"z[180,4]",0.136666666666667,0.343533280003382,0,0,0,0,1,0.999831576597066,4500,1,1
"z[181,4]",0.156888888888889,0.36373639680125,0,0,0,0,1,1.00287486009524,1185,1,1
"z[182,4]",0.258,0.437582621671684,0,0,0,1,1,1.00069842072518,2530,1,1
"z[183,4]",0.173555555555556,0.378768934845247,0,0,0,0,1,1.00073856386527,3257,1,1
"z[184,4]",0.0115555555555556,0.106885749673393,0,0,0,0,0,1.03486135657999,1181,1,1
"z[185,4]",0.0348888888888889,0.183518768996536,0,0,0,0,1,1.00235380657431,4500,1,1
"z[186,4]",0.307777777777778,0.461625359343403,0,0,0,1,1,1.00662310173371,340,1,1
"z[187,4]",0.259333333333333,0.438317521197537,0,0,0,1,1,1.00500089082355,490,1,1
"z[188,4]",0.243555555555556,0.429275200077866,0,0,0,0,1,1.0105230512289,254,1,1
"z[189,4]",0.253555555555556,0.43509447717713,0,0,0,1,1,1.00626601183556,402,1,1
"z[190,4]",0.196888888888889,0.397691841406318,0,0,0,0,1,1.01246149829216,251,1,1
"z[191,4]",0.298444444444444,0.4576263718623,0,0,0,1,1,1.0095230751111,247,1,1
"z[192,4]",0.286,0.451939585291061,0,0,0,1,1,1.00741401069946,319,1,1
"z[193,4]",0.416222222222222,0.492986096957346,0,0,0,1,1,1.00474224235538,410,1,1
"z[194,4]",0.244666666666667,0.429937164909212,0,0,0,0,1,1.01446503701794,187,1,1
"z[195,4]",0.268,0.442966820830323,0,0,0,1,1,1.00540459164739,449,1,1
"z[196,4]",0.266444444444444,0.442148443237228,0,0,0,1,1,1.00497932490346,486,1,1
"z[197,4]",0.306,0.460880898377707,0,0,0,1,1,1.00668426491286,341,1,1
"z[198,4]",0.349111111111111,0.476742121649057,0,0,0,1,1,1.00275866825434,718,1,1
"z[199,4]",0.240888888888889,0.42767052389049,0,0,0,0,1,1.00640298466649,411,1,1
"z[200,4]",0.303111111111111,0.459653909941761,0,0,0,1,1,1.00971973811006,240,1,1
"z[1,5]",0.637333333333333,0.480823180928364,0,0,1,1,1,1.0000007934823,4500,1,1
"z[2,5]",1,0,1,1,1,1,1,NA,1,0,1
"z[3,5]",1,0,1,1,1,1,1,NA,1,0,1
"z[4,5]",1,0,1,1,1,1,1,NA,1,0,1
"z[5,5]",0.776666666666667,0.416526241432852,0,1,1,1,1,0.999846367468735,4500,1,1
"z[6,5]",0.734444444444444,0.441677657791417,0,0,1,1,1,1.00018437833683,4500,1,1
"z[7,5]",0.613555555555556,0.486988539438194,0,0,1,1,1,0.999940940545269,4500,1,1
"z[8,5]",1,0,1,1,1,1,1,NA,1,0,1
"z[9,5]",1,0,1,1,1,1,1,NA,1,0,1
"z[10,5]",1,0,1,1,1,1,1,NA,1,0,1
"z[11,5]",1,0,1,1,1,1,1,NA,1,0,1
"z[12,5]",1,0,1,1,1,1,1,NA,1,0,1
"z[13,5]",0.136,0.342826658537455,0,0,0,0,1,1.00202546974936,1808,1,1
"z[14,5]",0.171111111111111,0.37664787801767,0,0,0,0,1,0.999903506236975,4500,1,1
"z[15,5]",1,0,1,1,1,1,1,NA,1,0,1
"z[16,5]",1,0,1,1,1,1,1,NA,1,0,1
"z[17,5]",1,0,1,1,1,1,1,NA,1,0,1
"z[18,5]",0.741555555555556,0.437828176501353,0,0,1,1,1,0.999812328771309,4500,1,1
"z[19,5]",0.318666666666667,0.4660112460449,0,0,0,1,1,1.00083142453544,1984,1,1
"z[20,5]",0.207333333333333,0.405441428226822,0,0,0,0,1,1.00090759157927,2450,1,1
"z[21,5]",1,0,1,1,1,1,1,NA,1,0,1
"z[22,5]",1,0,1,1,1,1,1,NA,1,0,1
"z[23,5]",1,0,1,1,1,1,1,NA,1,0,1
"z[24,5]",1,0,1,1,1,1,1,NA,1,0,1
"z[25,5]",1,0,1,1,1,1,1,NA,1,0,1
"z[26,5]",1,0,1,1,1,1,1,NA,1,0,1
"z[27,5]",1,0,1,1,1,1,1,NA,1,0,1
"z[28,5]",1,0,1,1,1,1,1,NA,1,0,1
"z[29,5]",0.06,0.237513233566337,0,0,0,0,1,1.00177622849016,4185,1,1
"z[30,5]",0.360444444444444,0.480182763029296,0,0,0,1,1,1.00048359401409,2655,1,1
"z[31,5]",1,0,1,1,1,1,1,NA,1,0,1
"z[32,5]",1,0,1,1,1,1,1,NA,1,0,1
"z[33,5]",1,0,1,1,1,1,1,NA,1,0,1
"z[34,5]",1,0,1,1,1,1,1,NA,1,0,1
"z[35,5]",1,0,1,1,1,1,1,NA,1,0,1
"z[36,5]",1,0,1,1,1,1,1,NA,1,0,1
"z[37,5]",1,0,1,1,1,1,1,NA,1,0,1
"z[38,5]",1,0,1,1,1,1,1,NA,1,0,1
"z[39,5]",1,0,1,1,1,1,1,NA,1,0,1
"z[40,5]",1,0,1,1,1,1,1,NA,1,0,1
"z[41,5]",0.0673333333333333,0.250626243865736,0,0,0,0,1,1.00073644916393,4500,1,1
"z[42,5]",0.0944444444444444,0.292478548049893,0,0,0,0,1,1.00013501989055,4500,1,1
"z[43,5]",0.0842222222222222,0.277751657165108,0,0,0,0,1,0.999683203691284,4500,1,1
"z[44,5]",1,0,1,1,1,1,1,NA,1,0,1
"z[45,5]",1,0,1,1,1,1,1,NA,1,0,1
"z[46,5]",0.092,0.289058069739814,0,0,0,0,1,1.00272740351899,1952,1,1
"z[47,5]",0.505111111111111,0.500029437774103,0,0,1,1,1,0.99986855769763,4500,1,1
"z[48,5]",0.308666666666667,0.461994574038951,0,0,0,1,1,1.00072704472403,2210,1,1
"z[49,5]",0.132222222222222,0.338769847401279,0,0,0,0,1,0.999870898847245,4500,1,1
"z[50,5]",0.116888888888889,0.321323545239986,0,0,0,0,1,1.00045926994677,4500,1,1
"z[51,5]",0.256444444444444,0.436718529791692,0,0,0,1,1,0.999858633634694,4500,1,1
"z[52,5]",0.173111111111111,0.378385347354177,0,0,0,0,1,1.00130010804463,2147,1,1
"z[53,5]",0.202666666666667,0.402030852549182,0,0,0,0,1,0.999754491623946,4500,1,1
"z[54,5]",1,0,1,1,1,1,1,NA,1,0,1
"z[55,5]",0.00155555555555556,0.0394142235807543,0,0,0,0,0,1.06447893654775,4494,1,1
"z[56,5]",1,0,1,1,1,1,1,NA,1,0,1
"z[57,5]",0.172222222222222,0.377615433769331,0,0,0,0,1,1.00116587108316,2346,1,1
"z[58,5]",0.315111111111111,0.464611739583112,0,0,0,1,1,1.00013098446884,4500,1,1
"z[59,5]",0.365777777777778,0.481701109203711,0,0,0,1,1,1.00026446866146,3606,1,1
"z[60,5]",0.877333333333333,0.328090652606978,0,1,1,1,1,1.0001844027327,4500,1,1
"z[61,5]",0.178222222222222,0.382742231038999,0,0,0,0,1,1.00111847232739,2353,1,1
"z[62,5]",0.226,0.418285644793295,0,0,0,0,1,0.999785310069401,4500,1,1
"z[63,5]",0.289111111111111,0.453399999020624,0,0,0,1,1,0.999753119918848,4500,1,1
"z[64,5]",0.223333333333333,0.416526241432852,0,0,0,0,1,1.00122694411752,1857,1,1
"z[65,5]",0.220222222222222,0.414442474320032,0,0,0,0,1,1.00009184220874,4500,1,1
"z[66,5]",0.119777777777778,0.324737580302701,0,0,0,0,1,1.00104991608606,3417,1,1
"z[67,5]",0.250888888888889,0.433572864534595,0,0,0,1,1,1.00023466806901,4500,1,1
"z[68,5]",0.216444444444444,0.411866414442152,0,0,0,0,1,1.00022536427565,4500,1,1
"z[69,5]",0.485777777777778,0.499853229798312,0,0,0,1,1,0.999726348847273,4500,1,1
"z[70,5]",0.101777777777778,0.302389453504865,0,0,0,0,1,1.00117355767403,3624,1,1
"z[71,5]",0.204222222222222,0.403176919921029,0,0,0,0,1,1.00069219757393,2995,1,1
"z[72,5]",0.838444444444444,0.368083503985174,0,1,1,1,1,1.00085998784679,3086,1,1
"z[73,5]",0.524666666666667,0.49944668205886,0,0,1,1,1,1.00100339273242,1505,1,1
"z[74,5]",0.795555555555556,0.403339888149625,0,1,1,1,1,0.999723521991765,4500,1,1
"z[75,5]",0.761333333333333,0.42631593534392,0,1,1,1,1,1.00102683580212,2032,1,1
"z[76,5]",0.465333333333333,0.498852205573066,0,0,0,1,1,0.999842547700767,4500,1,1
"z[77,5]",0.0997777777777778,0.299736780791094,0,0,0,0,1,0.999853180951736,4500,1,1
"z[78,5]",0.0315555555555556,0.174833049066281,0,0,0,0,1,1.0009591069782,4500,1,1
"z[79,5]",1,0,1,1,1,1,1,NA,1,0,1
"z[80,5]",0.591777777777778,0.491559289588405,0,0,1,1,1,0.999678453082712,4500,1,1
"z[81,5]",0.00933333333333333,0.0961679644942985,0,0,0,0,0,1.00053169360396,4500,1,1
"z[82,5]",1,0,1,1,1,1,1,NA,1,0,1
"z[83,5]",0.0131111111111111,0.113763288874888,0,0,0,0,0,1.00507930445481,4500,1,1
"z[84,5]",1,0,1,1,1,1,1,NA,1,0,1
"z[85,5]",1,0,1,1,1,1,1,NA,1,0,1
"z[86,5]",0.000444444444444444,0.0210795079890303,0,0,0,0,0,1.10528646876281,4500,1,1
"z[87,5]",1,0,1,1,1,1,1,NA,1,0,1
"z[88,5]",0.0355555555555556,0.185199838067563,0,0,0,0,1,1.00031726832143,4500,1,1
"z[89,5]",0.0415555555555556,0.199593447150984,0,0,0,0,1,1.00303600844848,3718,1,1
"z[90,5]",0.668,0.470983327210095,0,0,1,1,1,0.999744941874728,4500,1,1
"z[91,5]",0.304222222222222,0.460128362739494,0,0,0,1,1,1.00025667221875,4011,1,1
"z[92,5]",0.179777777777778,0.384044924537002,0,0,0,0,1,1.00120595498014,2211,1,1
"z[93,5]",0.266,0.441913336752103,0,0,0,1,1,0.999738541290777,4500,1,1
"z[94,5]",0.447777777777778,0.497320622174249,0,0,0,1,1,0.999789355082618,4500,1,1
"z[95,5]",1,0,1,1,1,1,1,NA,1,0,1
"z[96,5]",1,0,1,1,1,1,1,NA,1,0,1
"z[97,5]",1,0,1,1,1,1,1,NA,1,0,1
"z[98,5]",1,0,1,1,1,1,1,NA,1,0,1
"z[99,5]",0.881777777777778,0.322906951398641,0,1,1,1,1,1.00115023726563,3239,1,1
"z[100,5]",1,0,1,1,1,1,1,NA,1,0,1
"z[101,5]",1,0,1,1,1,1,1,NA,1,0,1
"z[102,5]",0.0844444444444444,0.278084096742923,0,0,0,0,1,1.00123209832079,4132,1,1
"z[103,5]",0.243111111111111,0.42900932220977,0,0,0,0,1,0.99975919136926,4500,1,1
"z[104,5]",1,0,1,1,1,1,1,NA,1,0,1
"z[105,5]",0.661333333333333,0.473308924567378,0,0,1,1,1,0.999800944996708,4500,1,1
"z[106,5]",0.192,0.393916846973326,0,0,0,0,1,1.00092917523638,2561,1,1
"z[107,5]",0.0133333333333333,0.11471041653724,0,0,0,0,0,1.01020687284749,3553,1,1
"z[108,5]",0.0146666666666667,0.120227982292648,0,0,0,0,0,1.02560414113976,1285,1,1
"z[109,5]",1,0,1,1,1,1,1,NA,1,0,1
"z[110,5]",0.0786666666666667,0.269247715076274,0,0,0,0,1,0.99972299400365,4500,1,1
"z[111,5]",0.0253333333333333,0.15715293120877,0,0,0,0,1,1.02328025357979,830,1,1
"z[112,5]",0.04,0.195980956294358,0,0,0,0,1,1.00011833771384,4500,1,1
"z[113,5]",0.0353333333333333,0.184641449821595,0,0,0,0,1,1.0021422932664,4500,1,1
"z[114,5]",1,0,1,1,1,1,1,NA,1,0,1
"z[115,5]",1,0,1,1,1,1,1,NA,1,0,1
"z[116,5]",1,0,1,1,1,1,1,NA,1,0,1
"z[117,5]",1,0,1,1,1,1,1,NA,1,0,1
"z[118,5]",0.274444444444444,0.446283487398919,0,0,0,1,1,0.999846762126953,4500,1,1
"z[119,5]",0.360666666666667,0.480247306077237,0,0,0,1,1,0.999676361658307,4500,1,1
"z[120,5]",1,0,1,1,1,1,1,NA,1,0,1
"z[121,5]",1,0,1,1,1,1,1,NA,1,0,1
"z[122,5]",0.00555555555555556,0.0743365276300976,0,0,0,0,0,1.0215820490186,3997,1,1
"z[123,5]",0.0346666666666667,0.182954440186126,0,0,0,0,1,1.00045865917028,4500,1,1
"z[124,5]",0.0413333333333333,0.199082134750893,0,0,0,0,1,1.00112704444885,4500,1,1
"z[125,5]",1,0,1,1,1,1,1,NA,1,0,1
"z[126,5]",1,0,1,1,1,1,1,NA,1,0,1
"z[127,5]",0.220888888888889,0.414891841242824,0,0,0,0,1,0.999742464063255,4500,1,1
"z[128,5]",0.273111111111111,0.445606954364799,0,0,0,1,1,0.99998496092474,4500,1,1
"z[129,5]",0.214666666666667,0.410636530918233,0,0,0,0,1,0.999747354896571,4500,1,1
"z[130,5]",0.173333333333333,0.378577254918682,0,0,0,0,1,1.00080923100984,3062,1,1
"z[131,5]",0.338,0.473081107853284,0,0,0,1,1,1.00037816169106,3141,1,1
"z[132,5]",0.800666666666667,0.399543527048891,0,1,1,1,1,1.00158400209731,1631,1,1
"z[133,5]",0.815777777777778,0.387708394308229,0,1,1,1,1,1.00079605634417,2939,1,1
"z[134,5]",0.0371111111111111,0.189055069145718,0,0,0,0,1,1.00395976907426,3246,1,1
"z[135,5]",0.0533333333333333,0.224722297816234,0,0,0,0,1,1.00278645990257,3157,1,1
"z[136,5]",0.144444444444444,0.351578889148306,0,0,0,0,1,1.00107331681918,2874,1,1
"z[137,5]",0.103555555555556,0.304716977446087,0,0,0,0,1,0.999893007096818,4500,1,1
"z[138,5]",1,0,1,1,1,1,1,NA,1,0,1
"z[139,5]",1,0,1,1,1,1,1,NA,1,0,1
"z[140,5]",1,0,1,1,1,1,1,NA,1,0,1
"z[141,5]",0.0162222222222222,0.126343218950737,0,0,0,0,0,1.01510899350962,1984,1,1
"z[142,5]",0.260444444444444,0.438925902898667,0,0,0,1,1,1.0007916716658,2313,1,1
"z[143,5]",0.131777777777778,0.338286602882318,0,0,0,0,1,0.999764603689444,4500,1,1
"z[144,5]",0.149333333333333,0.356456343321839,0,0,0,0,1,0.999684965860269,4500,1,1
"z[145,5]",1,0,1,1,1,1,1,NA,1,0,1
"z[146,5]",0.00488888888888889,0.069757214702053,0,0,0,0,0,1.0068913899778,4500,1,1
"z[147,5]",1,0,1,1,1,1,1,NA,1,0,1
"z[148,5]",1,0,1,1,1,1,1,NA,1,0,1
"z[149,5]",0.187333333333333,0.390222236792799,0,0,0,0,1,1.00102845599648,2408,1,1
"z[150,5]",0.0542222222222222,0.226480841156445,0,0,0,0,1,1.00206856570869,4058,1,1
"z[151,5]",0.434222222222222,0.49570948160029,0,0,0,1,1,0.999843750731095,4500,1,1
"z[152,5]",0.353555555555556,0.478126370077776,0,0,0,1,1,1.00008184069534,4500,1,1
"z[153,5]",1,0,1,1,1,1,1,NA,1,0,1
"z[154,5]",0.0466666666666667,0.210947333488984,0,0,0,0,1,1.00071189088181,4500,1,1
"z[155,5]",0.0686666666666667,0.252914551125769,0,0,0,0,1,1.00080446656165,4500,1,1
"z[156,5]",1,0,1,1,1,1,1,NA,1,0,1
"z[157,5]",1,0,1,1,1,1,1,NA,1,0,1
"z[158,5]",1,0,1,1,1,1,1,NA,1,0,1
"z[159,5]",1,0,1,1,1,1,1,NA,1,0,1
"z[160,5]",1,0,1,1,1,1,1,NA,1,0,1
"z[161,5]",0.0646666666666667,0.245964088766797,0,0,0,0,1,1.00045461419032,4500,1,1
"z[162,5]",1,0,1,1,1,1,1,NA,1,0,1
"z[163,5]",0.521555555555556,0.499590655088691,0,0,1,1,1,0.999847825663356,4500,1,1
"z[164,5]",1,0,1,1,1,1,1,NA,1,0,1
"z[165,5]",0.216222222222222,0.411713299819999,0,0,0,0,1,1.00145755696194,1644,1,1
"z[166,5]",1,0,1,1,1,1,1,NA,1,0,1
"z[167,5]",1,0,1,1,1,1,1,NA,1,0,1
"z[168,5]",0.919333333333333,0.272352784307054,0,1,1,1,1,1.00105349263421,4500,1,1
"z[169,5]",1,0,1,1,1,1,1,NA,1,0,1
"z[170,5]",0.799111111111111,0.40070965179,0,1,1,1,1,1.0001752811484,4500,1,1
"z[171,5]",0.808222222222222,0.393742953740522,0,1,1,1,1,0.999914588164098,4500,1,1
"z[172,5]",0.814888888888889,0.388430838391443,0,1,1,1,1,1.00019066295632,4500,1,1
"z[173,5]",0.846666666666667,0.360348550735725,0,1,1,1,1,0.99989527578705,4500,1,1
"z[174,5]",1,0,1,1,1,1,1,NA,1,0,1
"z[175,5]",1,0,1,1,1,1,1,NA,1,0,1
"z[176,5]",1,0,1,1,1,1,1,NA,1,0,1
"z[177,5]",1,0,1,1,1,1,1,NA,1,0,1
"z[178,5]",0.249777777777778,0.432932432056475,0,0,0,0,1,0.999996358445183,4500,1,1
"z[179,5]",0.402,0.490356434858746,0,0,0,1,1,1.00053844592382,2391,1,1
"z[180,5]",0.114444444444444,0.318385678262224,0,0,0,0,1,1.00096914804239,3794,1,1
"z[181,5]",0.135555555555556,0.342354045917987,0,0,0,0,1,1.00115809287786,2863,1,1
"z[182,5]",0.384888888888889,0.486623113690261,0,0,0,1,1,0.999815024394729,4500,1,1
"z[183,5]",0.165333333333333,0.371522402164484,0,0,0,0,1,1.00044980200744,4500,1,1
"z[184,5]",0,0,0,0,0,0,0,NA,1,1,1
"z[185,5]",0.0566666666666667,0.231230268797726,0,0,0,0,1,1.00184115307478,4297,1,1
"z[186,5]",0.328222222222222,0.469618360227404,0,0,0,1,1,1.00587410952384,369,1,1
"z[187,5]",0.261333333333333,0.439409978425398,0,0,0,1,1,1.00685923690892,363,1,1
"z[188,5]",0.247333333333333,0.431510061922995,0,0,0,0,1,1.00629210816454,410,1,1
"z[189,5]",0.234888888888889,0.423976466980315,0,0,0,0,1,1.00826744296938,325,1,1
"z[190,5]",0.196,0.397012627570361,0,0,0,0,1,1.00980154084657,314,1,1
"z[191,5]",0.284,0.450986915108927,0,0,0,1,1,1.01174388413334,208,1,1
"z[192,5]",0.316444444444444,0.465140233704518,0,0,0,1,1,1.0059268348715,376,1,1
"z[193,5]",0.314444444444444,0.464345830930596,0,0,0,1,1,1.01094590359759,209,1,1
"z[194,5]",0.238888888888889,0.426452109033423,0,0,0,0,1,1.00953908398804,282,1,1
"z[195,5]",0.264444444444444,0.441085949781573,0,0,0,1,1,1.00814242805812,307,1,1
"z[196,5]",0.239777777777778,0.426995212746905,0,0,0,0,1,1.00537543715502,486,1,1
"z[197,5]",0.333111111111111,0.471378272709209,0,0,0,1,1,1.00396657571908,530,1,1
"z[198,5]",0.306,0.460880898377707,0,0,0,1,1,1.00320148833063,668,1,1
"z[199,5]",0.232,0.422155899481977,0,0,0,0,1,1.00824322511052,329,1,1
"z[200,5]",0.299333333333333,0.458016928242846,0,0,0,1,1,1.01173551981059,201,1,1
"z[1,6]",1,0,1,1,1,1,1,NA,1,0,1
"z[2,6]",1,0,1,1,1,1,1,NA,1,0,1
"z[3,6]",1,0,1,1,1,1,1,NA,1,0,1
"z[4,6]",1,0,1,1,1,1,1,NA,1,0,1
"z[5,6]",0.855111111111111,0.352027892860083,0,1,1,1,1,0.999726115996708,4500,1,1
"z[6,6]",0.803555555555556,0.397352628229014,0,1,1,1,1,0.99969435478167,4500,1,1
"z[7,6]",0.107555555555556,0.309852696115214,0,0,0,0,1,1.00002332352554,4500,1,1
"z[8,6]",1,0,1,1,1,1,1,NA,1,0,1
"z[9,6]",0.290444444444444,0.454017925095822,0,0,0,1,1,1.00023262884821,4290,1,1
"z[10,6]",0.476444444444444,0.499500330706483,0,0,0,1,1,0.999828905466503,4500,1,1
"z[11,6]",0.144,0.351128748592969,0,0,0,0,1,0.999944270152937,4500,1,1
"z[12,6]",0.53,0.499154653248394,0,0,1,1,1,0.999796746568612,4500,1,1
"z[13,6]",1,0,1,1,1,1,1,NA,1,0,1
"z[14,6]",0.23,0.420879275212238,0,0,0,0,1,1.00009896934451,4500,1,1
"z[15,6]",0.425777777777778,0.49451532347518,0,0,0,1,1,0.999865270702241,4500,1,1
"z[16,6]",0.882888888888889,0.321588371654486,0,1,1,1,1,1.00050122769992,4500,1,1
"z[17,6]",1,0,1,1,1,1,1,NA,1,0,1
"z[18,6]",0.708444444444444,0.454529233367423,0,0,1,1,1,0.999954040531813,4500,1,1
"z[19,6]",0.713777777777778,0.452044767264234,0,0,1,1,1,0.999997806667869,4500,1,1
"z[20,6]",0.228444444444444,0.419877074039644,0,0,0,0,1,1.00015946365835,4500,1,1
"z[21,6]",0.654888888888889,0.475457324667998,0,0,1,1,1,1.00057471694867,2441,1,1
"z[22,6]",1,0,1,1,1,1,1,NA,1,0,1
"z[23,6]",1,0,1,1,1,1,1,NA,1,0,1
"z[24,6]",1,0,1,1,1,1,1,NA,1,0,1
"z[25,6]",0.534888888888889,0.498836709534676,0,0,1,1,1,1.00031616834437,3097,1,1
"z[26,6]",1,0,1,1,1,1,1,NA,1,0,1
"z[27,6]",0.270222222222222,0.444123862548642,0,0,0,1,1,1.00108706882447,1785,1,1
"z[28,6]",0.425333333333333,0.494448397311501,0,0,0,1,1,0.999757117903884,4500,1,1
"z[29,6]",0.0313333333333333,0.174236339048014,0,0,0,0,1,1.00359232337214,4182,1,1
"z[30,6]",0.165111111111111,0.371322059827841,0,0,0,0,1,0.999878564493468,4500,1,1
"z[31,6]",1,0,1,1,1,1,1,NA,1,0,1
"z[32,6]",1,0,1,1,1,1,1,NA,1,0,1
"z[33,6]",1,0,1,1,1,1,1,NA,1,0,1
"z[34,6]",0.328666666666667,0.469780727557959,0,0,0,1,1,1.00000637835663,4500,1,1
"z[35,6]",0.678222222222222,0.467210174719196,0,0,1,1,1,1.0005656910362,2557,1,1
"z[36,6]",1,0,1,1,1,1,1,NA,1,0,1
"z[37,6]",0.251555555555556,0.433955304487405,0,0,0,1,1,1.00131062731154,1619,1,1
"z[38,6]",0.364888888888889,0.481452487777566,0,0,0,1,1,0.999724990166549,4500,1,1
"z[39,6]",1,0,1,1,1,1,1,NA,1,0,1
"z[40,6]",1,0,1,1,1,1,1,NA,1,0,1
"z[41,6]",0.0686666666666667,0.252914551125769,0,0,0,0,1,1.0055057419017,1329,1,1
"z[42,6]",1,0,1,1,1,1,1,NA,1,0,1
"z[43,6]",1,0,1,1,1,1,1,NA,1,0,1
"z[44,6]",0.373555555555556,0.483801422745545,0,0,0,1,1,1.00072745995479,2015,1,1
"z[45,6]",1,0,1,1,1,1,1,NA,1,0,1
"z[46,6]",1,0,1,1,1,1,1,NA,1,0,1
"z[47,6]",0.334666666666667,0.471926245268845,0,0,0,1,1,0.999697983770571,4500,1,1
"z[48,6]",0.289555555555556,0.453606503473637,0,0,0,1,1,0.99969520533335,4500,1,1
"z[49,6]",0.137555555555556,0.344471179734573,0,0,0,0,1,1.00001510787071,4500,1,1
"z[50,6]",0.0822222222222222,0.274733509778789,0,0,0,0,1,1.00063167572983,4500,1,1
"z[51,6]",0.333111111111111,0.471378272709209,0,0,0,1,1,1.00152680732344,1218,1,1
"z[52,6]",0.152444444444444,0.35949110480899,0,0,0,0,1,0.999845720515855,4500,1,1
"z[53,6]",0.184666666666667,0.388070039026517,0,0,0,0,1,1.00012018342295,4500,1,1
"z[54,6]",0.0184444444444444,0.13456697579197,0,0,0,0,0,0.999967805582719,4500,1,1
"z[55,6]",0.00911111111111111,0.0950268670194558,0,0,0,0,0,1.00177964054235,4500,1,1
"z[56,6]",1,0,1,1,1,1,1,NA,1,0,1
"z[57,6]",0.402666666666667,0.490489229621105,0,0,0,1,1,0.999693488445572,4500,1,1
"z[58,6]",0.383333333333333,0.48625243591082,0,0,0,1,1,1.0000364354176,4500,1,1
"z[59,6]",0.120444444444444,0.325516707964524,0,0,0,0,1,1.00148669761846,2589,1,1
"z[60,6]",1,0,1,1,1,1,1,NA,1,0,1
"z[61,6]",0.00733333333333333,0.0853297931213479,0,0,0,0,0,1.00106117530681,4500,1,1
"z[62,6]",0.0115555555555556,0.106885749673393,0,0,0,0,0,1.00211675230104,4500,1,1
"z[63,6]",0.0126666666666667,0.111843649799372,0,0,0,0,0,1.00155539881737,4500,1,1
"z[64,6]",0.0108888888888889,0.103791690054186,0,0,0,0,0,1.00993807854512,4452,1,1
"z[65,6]",0.016,0.125489041132367,0,0,0,0,0,0.999965227662021,4500,1,1
"z[66,6]",0.00577777777777778,0.0758002102747823,0,0,0,0,0,1.03449288248657,2375,1,1
"z[67,6]",0.016,0.125489041132367,0,0,0,0,0,1.00881765551846,3429,1,1
"z[68,6]",0.02,0.140015558148628,0,0,0,0,0,1.00654241637507,3676,1,1
"z[69,6]",1,0,1,1,1,1,1,NA,1,0,1
"z[70,6]",0.121333333333333,0.326550535565759,0,0,0,0,1,0.999849177571775,4500,1,1
"z[71,6]",0.263555555555556,0.440609993399906,0,0,0,1,1,1.00027572835782,4223,1,1
"z[72,6]",1,0,1,1,1,1,1,NA,1,0,1
"z[73,6]",0.0833333333333333,0.276416113804279,0,0,0,0,1,0.999869621068542,4500,1,1
"z[74,6]",0.418222222222222,0.493321879203579,0,0,0,1,1,0.999997592534851,4500,1,1
"z[75,6]",0.69,0.462544639898296,0,0,1,1,1,0.99984162753695,4500,1,1
"z[76,6]",0.465111111111111,0.498836709534676,0,0,0,1,1,1.00036671506293,2875,1,1
"z[77,6]",0.0884444444444445,0.28397173218309,0,0,0,0,1,1.0003994270591,4500,1,1
"z[78,6]",1,0,1,1,1,1,1,NA,1,0,1
"z[79,6]",1,0,1,1,1,1,1,NA,1,0,1
"z[80,6]",0.474888888888889,0.499424528678156,0,0,0,1,1,0.999697972094208,4500,1,1
"z[81,6]",0.0153333333333333,0.122888478420367,0,0,0,0,0,1.00579299046735,4500,1,1
"z[82,6]",1,0,1,1,1,1,1,NA,1,0,1
"z[83,6]",0.0342222222222222,0.181819713016199,0,0,0,0,1,1.00520014334893,2711,1,1
"z[84,6]",0.945333333333333,0.227353708622013,0,1,1,1,1,1.00124362724298,4500,1,1
"z[85,6]",0.966,0.181249276657738,0,1,1,1,1,1.01566065765625,936,1,1
"z[86,6]",0.000888888888888889,0.0298042977535084,0,0,0,0,0,1.02957562893154,4500,1,1
"z[87,6]",0.276444444444444,0.447288914457388,0,0,0,1,1,1.00083287603516,2143,1,1
"z[88,6]",0.183555555555556,0.387164337009769,0,0,0,0,1,1.00007023642291,4500,1,1
"z[89,6]",0.0888888888888889,0.284614925079102,0,0,0,0,1,1.0004479346874,4500,1,1
"z[90,6]",0.539777777777778,0.498470605557614,0,0,1,1,1,1.00007761517073,4500,1,1
"z[91,6]",0.0104444444444444,0.10167426066326,0,0,0,0,0,1.00947382646113,4500,1,1
"z[92,6]",0.0126666666666667,0.111843649799372,0,0,0,0,0,1.00013974300809,4500,1,1
"z[93,6]",0.0115555555555556,0.106885749673393,0,0,0,0,0,1.00324405900324,4500,1,1
"z[94,6]",0.0304444444444444,0.171825903655918,0,0,0,0,1,0.999864829365822,4500,1,1
"z[95,6]",1,0,1,1,1,1,1,NA,1,0,1
"z[96,6]",1,0,1,1,1,1,1,NA,1,0,1
"z[97,6]",1,0,1,1,1,1,1,NA,1,0,1
"z[98,6]",1,0,1,1,1,1,1,NA,1,0,1
"z[99,6]",1,0,1,1,1,1,1,NA,1,0,1
"z[100,6]",0.423111111111111,0.494107632628327,0,0,0,1,1,0.999988092093013,4500,1,1
"z[101,6]",0.723111111111111,0.447510821813304,0,0,1,1,1,0.999905796002525,4500,1,1
"z[102,6]",0.100222222222222,0.300329439689937,0,0,0,0,1,1.00026174767129,4500,1,1
"z[103,6]",0.223555555555556,0.416673794115523,0,0,0,0,1,0.999755892028331,4500,1,1
"z[104,6]",0.734444444444444,0.441677657791417,0,0,1,1,1,1.0004531460239,3257,1,1
"z[105,6]",0.607777777777778,0.488300047719838,0,0,1,1,1,0.999826101705835,4500,1,1
"z[106,6]",0.173555555555556,0.378768934845247,0,0,0,0,1,0.999861984478041,4500,1,1
"z[107,6]",0.00555555555555556,0.0743365276300976,0,0,0,0,0,1.01469994118345,4500,1,1
"z[108,6]",0.00555555555555556,0.0743365276300976,0,0,0,0,0,1.02835299721172,3025,1,1
"z[109,6]",0.0104444444444444,0.10167426066326,0,0,0,0,0,1.01612441585894,2868,1,1
"z[110,6]",0.0664444444444444,0.249085061097509,0,0,0,0,1,1.0007126918532,4500,1,1
"z[111,6]",0.0426666666666667,0.202126943226378,0,0,0,0,1,1.00482069005595,2358,1,1
"z[112,6]",0.072,0.258516636409127,0,0,0,0,1,0.99973295427904,4500,1,1
"z[113,6]",0.0455555555555556,0.208542349028494,0,0,0,0,1,1.00374368247131,2814,1,1
"z[114,6]",0.277111111111111,0.447621568717054,0,0,0,1,1,1.00022399112199,4473,1,1
"z[115,6]",0.357777777777778,0.47939953221348,0,0,0,1,1,1.00097453585599,1668,1,1
"z[116,6]",1,0,1,1,1,1,1,NA,1,0,1
"z[117,6]",0.540222222222222,0.498434931707668,0,0,1,1,1,0.999885565287209,4500,1,1
"z[118,6]",1,0,1,1,1,1,1,NA,1,0,1
"z[119,6]",1,0,1,1,1,1,1,NA,1,0,1
"z[120,6]",1,0,1,1,1,1,1,NA,1,0,1
"z[121,6]",1,0,1,1,1,1,1,NA,1,0,1
"z[122,6]",0.0124444444444444,0.11087069888737,0,0,0,0,0,0.999829978020007,4500,1,1
"z[123,6]",0.0671111111111111,0.25024213410665,0,0,0,0,1,1.00089860383447,4500,1,1
"z[124,6]",0.0402222222222222,0.196501846614733,0,0,0,0,1,1.0003776323295,4500,1,1
"z[125,6]",0.967777777777778,0.176609404971474,0,1,1,1,1,1.00401652421804,3672,1,1
"z[126,6]",0.728,0.445039339088464,0,0,1,1,1,1.00131880230695,1527,1,1
"z[127,6]",0.0444444444444444,0.206103312651472,0,0,0,0,1,1.00050047301995,4500,1,1
"z[128,6]",0.0871111111111111,0.28202914935459,0,0,0,0,1,1.00164746735778,3171,1,1
"z[129,6]",0.0486666666666667,0.215194128644091,0,0,0,0,1,1.00424840480421,2351,1,1
"z[130,6]",0.0302222222222222,0.171217271410598,0,0,0,0,1,1.00754056367669,2144,1,1
"z[131,6]",0.175555555555556,0.38048386710849,0,0,0,0,1,0.999812583721921,4500,1,1
"z[132,6]",0.885333333333333,0.318654651372799,0,1,1,1,1,1.0007213317953,4500,1,1
"z[133,6]",0.881333333333333,0.323431809105324,0,1,1,1,1,1.00114437352555,3225,1,1
"z[134,6]",1,0,1,1,1,1,1,NA,1,0,1
"z[135,6]",1,0,1,1,1,1,1,NA,1,0,1
"z[136,6]",0.0346666666666667,0.182954440186126,0,0,0,0,1,1.00224025155408,4500,1,1
"z[137,6]",1,0,1,1,1,1,1,NA,1,0,1
"z[138,6]",1,0,1,1,1,1,1,NA,1,0,1
"z[139,6]",1,0,1,1,1,1,1,NA,1,0,1
"z[140,6]",1,0,1,1,1,1,1,NA,1,0,1
"z[141,6]",1,0,1,1,1,1,1,NA,1,0,1
"z[142,6]",0.225777777777778,0.418139960301486,0,0,0,0,1,0.99977411944955,4500,1,1
"z[143,6]",0.124222222222222,0.329871555144548,0,0,0,0,1,1.00067058352712,4500,1,1
"z[144,6]",0.138,0.344938314111875,0,0,0,0,1,0.999923017519612,4500,1,1
"z[145,6]",1,0,1,1,1,1,1,NA,1,0,1
"z[146,6]",1,0,1,1,1,1,1,NA,1,0,1
"z[147,6]",1,0,1,1,1,1,1,NA,1,0,1
"z[148,6]",1,0,1,1,1,1,1,NA,1,0,1
"z[149,6]",0.0875555555555556,0.282678859190088,0,0,0,0,1,1.00180891989557,2911,1,1
"z[150,6]",0.0677777777777778,0.251392113273443,0,0,0,0,1,1.00115763105603,4500,1,1
"z[151,6]",1,0,1,1,1,1,1,NA,1,0,1
"z[152,6]",0.261555555555556,0.439530633059229,0,0,0,1,1,0.999854031559681,4500,1,1
"z[153,6]",1,0,1,1,1,1,1,NA,1,0,1
"z[154,6]",0.134444444444444,0.341167116466881,0,0,0,0,1,0.999936450162903,4500,1,1
"z[155,6]",1,0,1,1,1,1,1,NA,1,0,1
"z[156,6]",1,0,1,1,1,1,1,NA,1,0,1
"z[157,6]",1,0,1,1,1,1,1,NA,1,0,1
"z[158,6]",1,0,1,1,1,1,1,NA,1,0,1
"z[159,6]",1,0,1,1,1,1,1,NA,1,0,1
"z[160,6]",1,0,1,1,1,1,1,NA,1,0,1
"z[161,6]",0.492888888888889,0.500004988738047,0,0,0,1,1,0.999714421090952,4500,1,1
"z[162,6]",1,0,1,1,1,1,1,NA,1,0,1
"z[163,6]",0.434,0.495679936742269,0,0,0,1,1,1.00020620461,3778,1,1
"z[164,6]",0.779333333333333,0.414742225461546,0,1,1,1,1,1.00058105708561,3190,1,1
"z[165,6]",0.202222222222222,0.401701697512958,0,0,0,0,1,1.00175744503226,1488,1,1
"z[166,6]",1,0,1,1,1,1,1,NA,1,0,1
"z[167,6]",1,0,1,1,1,1,1,NA,1,0,1
"z[168,6]",1,0,1,1,1,1,1,NA,1,0,1
"z[169,6]",1,0,1,1,1,1,1,NA,1,0,1
"z[170,6]",1,0,1,1,1,1,1,NA,1,0,1
"z[171,6]",1,0,1,1,1,1,1,NA,1,0,1
"z[172,6]",1,0,1,1,1,1,1,NA,1,0,1
"z[173,6]",1,0,1,1,1,1,1,NA,1,0,1
"z[174,6]",1,0,1,1,1,1,1,NA,1,0,1
"z[175,6]",1,0,1,1,1,1,1,NA,1,0,1
"z[176,6]",0.97,0.170606178387604,0,1,1,1,1,1.00211026300537,4500,1,1
"z[177,6]",1,0,1,1,1,1,1,NA,1,0,1
"z[178,6]",0.248444444444444,0.43215888858307,0,0,0,0,1,0.999692804036583,4500,1,1
"z[179,6]",0.392444444444444,0.488349054561546,0,0,0,1,1,1.00104573476171,1523,1,1
"z[180,6]",0.00644444444444444,0.0800271001985887,0,0,0,0,0,1.00026806590517,4500,1,1
"z[181,6]",0.00333333333333333,0.0576451269226114,0,0,0,0,0,1.00631011246591,4500,1,1
"z[182,6]",0.00711111111111111,0.0840363764582043,0,0,0,0,0,1.0060467218903,4500,1,1
"z[183,6]",0.00311111111111111,0.0556966916350484,0,0,0,0,0,1.03148234445217,4500,1,1
"z[184,6]",0.00933333333333333,0.0961679644942985,0,0,0,0,0,1.01573187316449,3286,1,1
"z[185,6]",0.012,0.108897361089598,0,0,0,0,0,1.0012441993949,4500,1,1
"z[186,6]",0.347111111111111,0.476104358262486,0,0,0,1,1,1.00509872457497,409,1,1
"z[187,6]",0.264222222222222,0.440967176865896,0,0,0,1,1,1.01041961607432,245,1,1
"z[188,6]",0.231555555555556,0.4218733586284,0,0,0,0,1,1.00554886809317,480,1,1
"z[189,6]",0.218,0.412933277874277,0,0,0,0,1,1.01444945345569,200,1,1
"z[190,6]",0.182888888888889,0.386618364283047,0,0,0,0,1,1.00597375440048,533,1,1
"z[191,6]",0.272222222222222,0.445153141962922,0,0,0,1,1,1.01049540265229,236,1,1
"z[192,6]",0.308444444444444,0.461902458436175,0,0,0,1,1,1.00549521835215,406,1,1
"z[193,6]",1,0,1,1,1,1,1,NA,1,0,1
"z[194,6]",0.228444444444444,0.419877074039644,0,0,0,0,1,1.01324213726181,212,1,1
"z[195,6]",0.266666666666667,0.442265782086846,0,0,0,1,1,1.0047283863097,507,1,1
"z[196,6]",0.257111111111111,0.437089742091455,0,0,0,1,1,1.00870496621249,295,1,1
"z[197,6]",0.295333333333333,0.456243151014127,0,0,0,1,1,1.00665173615603,349,1,1
"z[198,6]",0.374888888888889,0.484148013121574,0,0,0,1,1,1.00323928297784,601,1,1
"z[199,6]",0.204888888888889,0.403665260137017,0,0,0,0,1,1.0079938790954,371,1,1
"z[200,6]",0.274444444444444,0.446283487398919,0,0,0,1,1,1.00527651853924,452,1,1
"z[1,7]",1,0,1,1,1,1,1,NA,1,0,1
"z[2,7]",1,0,1,1,1,1,1,NA,1,0,1
"z[3,7]",1,0,1,1,1,1,1,NA,1,0,1
"z[4,7]",1,0,1,1,1,1,1,NA,1,0,1
"z[5,7]",1,0,1,1,1,1,1,NA,1,0,1
"z[6,7]",1,0,1,1,1,1,1,NA,1,0,1
"z[7,7]",0.651777777777778,0.476459813329635,0,0,1,1,1,0.999813869183352,4500,1,1
"z[8,7]",0.786888888888889,0.409551021508422,0,1,1,1,1,1.00008390658469,4500,1,1
"z[9,7]",0.704444444444444,0.456342795094932,0,0,1,1,1,0.999873900909493,4500,1,1
"z[10,7]",0.791777777777778,0.406081732372833,0,1,1,1,1,1.0001489280373,4500,1,1
"z[11,7]",0.0522222222222222,0.222499579945098,0,0,0,0,1,0.999706901630555,4500,1,1
"z[12,7]",1,0,1,1,1,1,1,NA,1,0,1
"z[13,7]",0.0586666666666667,0.235025879030759,0,0,0,0,1,0.999885086264872,4500,1,1
"z[14,7]",0.0435555555555556,0.20412674648623,0,0,0,0,1,1.00476189572254,2338,1,1
"z[15,7]",1,0,1,1,1,1,1,NA,1,0,1
"z[16,7]",0.878888888888889,0.326292612819852,0,1,1,1,1,1.00071626092402,4482,1,1
"z[17,7]",0.883777777777778,0.320526828561842,0,1,1,1,1,0.99966895092449,4500,1,1
"z[18,7]",0.772666666666667,0.41915621376802,0,1,1,1,1,0.999861040754824,4500,1,1
"z[19,7]",1,0,1,1,1,1,1,NA,1,0,1
"z[20,7]",0.630444444444444,0.482738058059052,0,0,1,1,1,1.00080892963869,1881,1,1
"z[21,7]",0.764,0.424669373114469,0,1,1,1,1,1.00051259770334,3273,1,1
"z[22,7]",0.854,0.353145456878832,0,1,1,1,1,1.00138219973661,2332,1,1
"z[23,7]",1,0,1,1,1,1,1,NA,1,0,1
"z[24,7]",1,0,1,1,1,1,1,NA,1,0,1
"z[25,7]",0.709333333333333,0.454120450341688,0,0,1,1,1,1.0009273788156,1923,1,1
"z[26,7]",0.899777777777778,0.300329439689937,0,1,1,1,1,1.00126652314806,3453,1,1
"z[27,7]",0.670888888888889,0.469942618366919,0,0,1,1,1,1.00089478458387,1845,1,1
"z[28,7]",0.282222222222222,0.450130942836138,0,0,0,1,1,1.00005382672921,4500,1,1
"z[29,7]",0.0915555555555556,0.288429580365407,0,0,0,0,1,0.999841365608122,4500,1,1
"z[30,7]",1,0,1,1,1,1,1,NA,1,0,1
"z[31,7]",1,0,1,1,1,1,1,NA,1,0,1
"z[32,7]",1,0,1,1,1,1,1,NA,1,0,1
"z[33,7]",1,0,1,1,1,1,1,NA,1,0,1
"z[34,7]",0.314888888888889,0.464523226610421,0,0,0,1,1,0.999676688736293,4500,1,1
"z[35,7]",1,0,1,1,1,1,1,NA,1,0,1
"z[36,7]",1,0,1,1,1,1,1,NA,1,0,1
"z[37,7]",0.418222222222222,0.493321879203579,0,0,0,1,1,1.00104758248161,1491,1,1
"z[38,7]",1,0,1,1,1,1,1,NA,1,0,1
"z[39,7]",1,0,1,1,1,1,1,NA,1,0,1
"z[40,7]",1,0,1,1,1,1,1,NA,1,0,1
"z[41,7]",0.251333333333333,0.433827975818527,0,0,0,1,1,0.999756521904627,4500,1,1
"z[42,7]",0.448222222222222,0.497367101581811,0,0,0,1,1,1.00012753233833,4390,1,1
"z[43,7]",1,0,1,1,1,1,1,NA,1,0,1
"z[44,7]",1,0,1,1,1,1,1,NA,1,0,1
"z[45,7]",1,0,1,1,1,1,1,NA,1,0,1
"z[46,7]",1,0,1,1,1,1,1,NA,1,0,1
"z[47,7]",0.444444444444444,0.496959215758583,0,0,0,1,1,0.999963522798578,4500,1,1
"z[48,7]",0.355111111111111,0.478600158461255,0,0,0,1,1,0.99988762927798,4500,1,1
"z[49,7]",0.159333333333333,0.36602731409757,0,0,0,0,1,0.999868849719121,4500,1,1
"z[50,7]",0.0177777777777778,0.132157518294075,0,0,0,0,0,1.00168632104619,4500,1,1
"z[51,7]",1,0,1,1,1,1,1,NA,1,0,1
"z[52,7]",0.141555555555556,0.348632457117574,0,0,0,0,1,1.00093825783514,3226,1,1
"z[53,7]",0.202666666666667,0.402030852549182,0,0,0,0,1,1.00157807421192,1615,1,1
"z[54,7]",0.485333333333333,0.499840383502347,0,0,0,1,1,0.999682040169234,4500,1,1
"z[55,7]",0.225333333333333,0.417848084308576,0,0,0,0,1,0.999858437897455,4500,1,1
"z[56,7]",0.0164444444444444,0.127191272176836,0,0,0,0,0,1.0125356379759,2357,1,1
"z[57,7]",0.280444444444444,0.449266303438176,0,0,0,1,1,1.00115288148472,1670,1,1
"z[58,7]",0.629333333333333,0.483036995302483,0,0,1,1,1,0.999774185480287,4500,1,1
"z[59,7]",0.189777777777778,0.392168777194373,0,0,0,0,1,1.00090530192849,2633,1,1
"z[60,7]",1,0,1,1,1,1,1,NA,1,0,1
"z[61,7]",0.00111111111111111,0.033318511930496,0,0,0,0,0,1.11603919183554,3212,1,1
"z[62,7]",0.00377777777777778,0.0613542394088465,0,0,0,0,0,1.02644198768286,4500,1,1
"z[63,7]",0.00111111111111111,0.033318511930496,0,0,0,0,0,1.11603919183554,3212,1,1
"z[64,7]",0.00155555555555556,0.0394142235807543,0,0,0,0,0,1.06447893654775,4494,1,1
"z[65,7]",0.165777777777778,0.371922364665625,0,0,0,0,1,1.00119092475338,2368,1,1
"z[66,7]",0.0902222222222222,0.286531703964327,0,0,0,0,1,1.00024071882752,4500,1,1
"z[67,7]",0.244888888888889,0.430069091055928,0,0,0,0,1,0.999845014904647,4500,1,1
"z[68,7]",0.226,0.418285644793295,0,0,0,0,1,0.999966978125378,4500,1,1
"z[69,7]",1,0,1,1,1,1,1,NA,1,0,1
"z[70,7]",0.0217777777777778,0.145973426820025,0,0,0,0,0,1.00377941031315,4500,1,1
"z[71,7]",1,0,1,1,1,1,1,NA,1,0,1
"z[72,7]",1,0,1,1,1,1,1,NA,1,0,1
"z[73,7]",0.0573333333333333,0.232504269129342,0,0,0,0,1,1.00159319935061,4500,1,1
"z[74,7]",1,0,1,1,1,1,1,NA,1,0,1
"z[75,7]",0.184222222222222,0.387708394308229,0,0,0,0,1,0.999697203873983,4500,1,1
"z[76,7]",0.619777777777778,0.48549527596758,0,0,1,1,1,1.00031967722065,3252,1,1
"z[77,7]",0.0828888888888889,0.27574484166109,0,0,0,0,1,0.999734982836739,4500,1,1
"z[78,7]",0.921111111111111,0.26959522169686,0,1,1,1,1,1.00180310034425,3221,1,1
"z[79,7]",1,0,1,1,1,1,1,NA,1,0,1
"z[80,7]",0.405111111111111,0.49096808995874,0,0,0,1,1,0.999743526265552,4500,1,1
"z[81,7]",0.0344444444444444,0.182388094475073,0,0,0,0,1,1.00261947075583,4500,1,1
"z[82,7]",1,0,1,1,1,1,1,NA,1,0,1
"z[83,7]",0.148222222222222,0.355359616987625,0,0,0,0,1,0.999970305369274,4500,1,1
"z[84,7]",0.955333333333333,0.206593901727913,0,1,1,1,1,1.00221743922781,4500,1,1
"z[85,7]",1,0,1,1,1,1,1,NA,1,0,1
"z[86,7]",0.000888888888888889,0.0298042977535084,0,0,0,0,0,1.16587551740291,2570,1,1
"z[87,7]",1,0,1,1,1,1,1,NA,1,0,1
"z[88,7]",0.0226666666666667,0.148855006121055,0,0,0,0,0,1.0034203511384,4500,1,1
"z[89,7]",0.00244444444444444,0.0493863456663645,0,0,0,0,0,1.12531031754529,1336,1,1
"z[90,7]",0.444444444444444,0.496959215758583,0,0,0,1,1,1.00010593457219,4500,1,1
"z[91,7]",0.00511111111111111,0.071317023933587,0,0,0,0,0,1.01186096147377,4500,1,1
"z[92,7]",0.00155555555555556,0.0394142235807543,0,0,0,0,0,1.0097473778051,4500,1,1
"z[93,7]",0.00644444444444444,0.0800271001985887,0,0,0,0,0,1.02960246864555,2494,1,1
"z[94,7]",0.0208888888888889,0.143028281223349,0,0,0,0,0,1.00149270039846,4500,1,1
"z[95,7]",1,0,1,1,1,1,1,NA,1,0,1
"z[96,7]",1,0,1,1,1,1,1,NA,1,0,1
"z[97,7]",1,0,1,1,1,1,1,NA,1,0,1
"z[98,7]",1,0,1,1,1,1,1,NA,1,0,1
"z[99,7]",1,0,1,1,1,1,1,NA,1,0,1
"z[100,7]",1,0,1,1,1,1,1,NA,1,0,1
"z[101,7]",1,0,1,1,1,1,1,NA,1,0,1
"z[102,7]",0.107777777777778,0.310134007193376,0,0,0,0,1,1.00100010268652,3903,1,1
"z[103,7]",0.253333333333333,0.434968503993735,0,0,0,1,1,1.00024492243909,4500,1,1
"z[104,7]",1,0,1,1,1,1,1,NA,1,0,1
"z[105,7]",0.597555555555556,0.490445069407419,0,0,1,1,1,1.00056867609121,2312,1,1
"z[106,7]",0.0122222222222222,0.109888684384328,0,0,0,0,0,1.0058794427696,4500,1,1
"z[107,7]",0.00266666666666667,0.0515766100016907,0,0,0,0,0,1.06582943979277,2566,1,1
"z[108,7]",0.004,0.0631259497363628,0,0,0,0,0,1.03082188158496,3843,1,1
"z[109,7]",1,0,1,1,1,1,1,NA,1,0,1
"z[110,7]",0.327111111111111,0.469210353869047,0,0,0,1,1,0.999902847855231,4500,1,1
"z[111,7]",0.174222222222222,0.379342612245988,0,0,0,0,1,0.999875169388276,4500,1,1
"z[112,7]",0.207333333333333,0.405441428226822,0,0,0,0,1,1.00076440146475,2781,1,1
"z[113,7]",0.214,0.410172386899561,0,0,0,0,1,1.00068129843004,2935,1,1
"z[114,7]",1,0,1,1,1,1,1,NA,1,0,1
"z[115,7]",1,0,1,1,1,1,1,NA,1,0,1
"z[116,7]",1,0,1,1,1,1,1,NA,1,0,1
"z[117,7]",1,0,1,1,1,1,1,NA,1,0,1
"z[118,7]",1,0,1,1,1,1,1,NA,1,0,1
"z[119,7]",1,0,1,1,1,1,1,NA,1,0,1
"z[120,7]",0.910666666666667,0.285255975094233,0,1,1,1,1,1.00074951573736,4500,1,1
"z[121,7]",1,0,1,1,1,1,1,NA,1,0,1
"z[122,7]",0.0571111111111111,0.232080592249878,0,0,0,0,1,1.00008315092799,4500,1,1
"z[123,7]",0.328444444444444,0.469699603488733,0,0,0,1,1,1.00062624727159,2363,1,1
"z[124,7]",0.208,0.405921933549937,0,0,0,0,1,1.00014346078388,4500,1,1
"z[125,7]",1,0,1,1,1,1,1,NA,1,0,1
"z[126,7]",1,0,1,1,1,1,1,NA,1,0,1
"z[127,7]",0.200888888888889,0.40070965179,0,0,0,0,1,0.999937943967578,4500,1,1
"z[128,7]",0.274666666666667,0.446395755946304,0,0,0,1,1,1.0012221923686,1619,1,1
"z[129,7]",0.209555555555556,0.407036659542908,0,0,0,0,1,1.00113629451782,2063,1,1
"z[130,7]",0.130222222222222,0.336585160875883,0,0,0,0,1,1.0032414488843,1229,1,1
"z[131,7]",0.0393333333333333,0.194408387233923,0,0,0,0,1,1.00445344586143,2744,1,1
"z[132,7]",1,0,1,1,1,1,1,NA,1,0,1
"z[133,7]",1,0,1,1,1,1,1,NA,1,0,1
"z[134,7]",0.433111111111111,0.495560742973591,0,0,0,1,1,0.999786241768951,4500,1,1
"z[135,7]",0.369111111111111,0.482617714898697,0,0,0,1,1,0.999899256675553,4500,1,1
"z[136,7]",0.149777777777778,0.356893121404989,0,0,0,0,1,1.00053387469335,4500,1,1
"z[137,7]",0.499111111111111,0.500054774604643,0,0,0,1,1,1.00155899373307,1062,1,1
"z[138,7]",1,0,1,1,1,1,1,NA,1,0,1
"z[139,7]",0.938444444444444,0.240373270107645,0,1,1,1,1,1.00156076026458,4500,1,1
"z[140,7]",1,0,1,1,1,1,1,NA,1,0,1
"z[141,7]",1,0,1,1,1,1,1,NA,1,0,1
"z[142,7]",0.300888888888889,0.458695455968038,0,0,0,1,1,1.00021074216954,4379,1,1
"z[143,7]",0.139111111111111,0.346100894176313,0,0,0,0,1,0.99983852383115,4500,1,1
"z[144,7]",0.146666666666667,0.353812625669477,0,0,0,0,1,1.00036773462595,4500,1,1
"z[145,7]",1,0,1,1,1,1,1,NA,1,0,1
"z[146,7]",1,0,1,1,1,1,1,NA,1,0,1
"z[147,7]",1,0,1,1,1,1,1,NA,1,0,1
"z[148,7]",1,0,1,1,1,1,1,NA,1,0,1
"z[149,7]",0.098,0.297347688610086,0,0,0,0,1,1.00212023338363,2305,1,1
"z[150,7]",0.066,0.248309689121249,0,0,0,0,1,1.0022471004901,3130,1,1
"z[151,7]",0.914222222222222,0.280066744092239,0,1,1,1,1,1.0045378172199,1307,1,1
"z[152,7]",0.54,0.498452818498796,0,0,1,1,1,0.999691813392268,4500,1,1
"z[153,7]",1,0,1,1,1,1,1,NA,1,0,1
"z[154,7]",0.538666666666667,0.498558045238571,0,0,1,1,1,0.999818914076116,4500,1,1
"z[155,7]",0.983555555555556,0.127191272176836,1,1,1,1,1,1.0042629806271,4500,0,1
"z[156,7]",0.458444444444444,0.498325515976808,0,0,0,1,1,0.999812387257185,4500,1,1
"z[157,7]",1,0,1,1,1,1,1,NA,1,0,1
"z[158,7]",0.628444444444444,0.483274172249775,0,0,1,1,1,1.00055382581532,2417,1,1
"z[159,7]",0.558888888888889,0.496575166367993,0,0,1,1,1,0.99988886163941,4500,1,1
"z[160,7]",0.783777777777778,0.411713299819999,0,1,1,1,1,0.999734541616786,4500,1,1
"z[161,7]",0.594,0.491139088153224,0,0,1,1,1,0.999751910615594,4500,1,1
"z[162,7]",1,0,1,1,1,1,1,NA,1,0,1
"z[163,7]",1,0,1,1,1,1,1,NA,1,0,1
"z[164,7]",1,0,1,1,1,1,1,NA,1,0,1
"z[165,7]",0.046,0.209508363001558,0,0,0,0,1,1.00246662658799,4059,1,1
"z[166,7]",1,0,1,1,1,1,1,NA,1,0,1
"z[167,7]",1,0,1,1,1,1,1,NA,1,0,1
"z[168,7]",0.926444444444444,0.261075243046752,0,1,1,1,1,0.999799395970581,4500,1,1
"z[169,7]",0.933777777777778,0.248697776589203,0,1,1,1,1,1.00241092253974,2934,1,1
"z[170,7]",1,0,1,1,1,1,1,NA,1,0,1
"z[171,7]",1,0,1,1,1,1,1,NA,1,0,1
"z[172,7]",0.886,0.317846582996096,0,1,1,1,1,1.00141557309811,2830,1,1
"z[173,7]",0.945777777777778,0.226480841156445,0,1,1,1,1,0.999788566899285,4500,1,1
"z[174,7]",1,0,1,1,1,1,1,NA,1,0,1
"z[175,7]",1,0,1,1,1,1,1,NA,1,0,1
"z[176,7]",1,0,1,1,1,1,1,NA,1,0,1
"z[177,7]",1,0,1,1,1,1,1,NA,1,0,1
"z[178,7]",0.279111111111111,0.448612105960907,0,0,0,1,1,1.0000869650868,4500,1,1
"z[179,7]",0.451555555555556,0.497702905421648,0,0,0,1,1,0.99985783673303,4500,1,1
"z[180,7]",0.0846666666666667,0.278415961965736,0,0,0,0,1,1.00012207454199,4500,1,1
"z[181,7]",0.094,0.291861147705373,0,0,0,0,1,1.00126084877197,3686,1,1
"z[182,7]",0.436,0.495942191671005,0,0,0,1,1,0.999692331000098,4500,1,1
"z[183,7]",0.134666666666667,0.341405121831401,0,0,0,0,1,1.00456375694235,872,1,1
"z[184,7]",0.0424444444444444,0.201623280764707,0,0,0,0,1,1.00598540020259,1928,1,1
"z[185,7]",0.0364444444444444,0.187414119688263,0,0,0,0,1,1.00351376502212,3685,1,1
"z[186,7]",0.404888888888889,0.490925079569897,0,0,0,1,1,1.00293865113845,638,1,1
"z[187,7]",0.294222222222222,0.455742978111293,0,0,0,1,1,1.00460257662757,493,1,1
"z[188,7]",0.260444444444444,0.438925902898667,0,0,0,1,1,1.00639352959511,391,1,1
"z[189,7]",0.243555555555556,0.429275200077866,0,0,0,0,1,1.01077949348047,247,1,1
"z[190,7]",0.186888888888889,0.389865629174764,0,0,0,0,1,1.01055852664521,306,1,1
"z[191,7]",0.303111111111111,0.459653909941761,0,0,0,1,1,1.01516668837272,157,1,1
"z[192,7]",0.336888888888889,0.472699079486726,0,0,0,1,1,1.005126515497,415,1,1
"z[193,7]",0.380888888888889,0.485659302026543,0,0,0,1,1,1.00113581875048,1445,1,1
"z[194,7]",0.245333333333333,0.430332477675716,0,0,0,0,1,1.02158566385617,128,1,1
"z[195,7]",0.260444444444444,0.438925902898667,0,0,0,1,1,1.00871703654873,291,1,1
"z[196,7]",0.266666666666667,0.442265782086846,0,0,0,1,1,1.01167168519596,217,1,1
"z[197,7]",0.356444444444444,0.479001868217388,0,0,0,1,1,1.00580047379454,361,1,1
"z[198,7]",0.338888888888889,0.473384630425236,0,0,0,1,1,1.00660826977713,325,1,1
"z[199,7]",0.243555555555556,0.429275200077866,0,0,0,0,1,1.00846374535235,313,1,1
"z[200,7]",0.317777777777778,0.465664309473131,0,0,0,1,1,1.00479664215551,455,1,1
"z[1,8]",1,0,1,1,1,1,1,NA,1,0,1
"z[2,8]",1,0,1,1,1,1,1,NA,1,0,1
"z[3,8]",0.669111111111111,0.470585426201071,0,0,1,1,1,1.00005571810615,4500,1,1
"z[4,8]",1,0,1,1,1,1,1,NA,1,0,1
"z[5,8]",0.908444444444444,0.288429580365407,0,1,1,1,1,1.00084697153996,4500,1,1
"z[6,8]",0.477111111111111,0.499531330570002,0,0,0,1,1,0.999671766923474,4500,1,1
"z[7,8]",1,0,1,1,1,1,1,NA,1,0,1
"z[8,8]",0.163333333333333,0.369710603319289,0,0,0,0,1,1.00007540193592,4500,1,1
"z[9,8]",1,0,1,1,1,1,1,NA,1,0,1
"z[10,8]",1,0,1,1,1,1,1,NA,1,0,1
"z[11,8]",0.370222222222222,0.482917749456484,0,0,0,1,1,0.999849604669294,4500,1,1
"z[12,8]",1,0,1,1,1,1,1,NA,1,0,1
"z[13,8]",0.116888888888889,0.321323545239986,0,0,0,0,1,1.00114524854744,3283,1,1
"z[14,8]",0.180222222222222,0.384415155438755,0,0,0,0,1,0.999681307991962,4500,1,1
"z[15,8]",0.0946666666666667,0.292786506951796,0,0,0,0,1,1.0018479589663,2667,1,1
"z[16,8]",0.841777777777778,0.364989800567479,0,1,1,1,1,1.00199178997717,1617,1,1
"z[17,8]",0.792888888888889,0.405280889437269,0,1,1,1,1,1.00075260840875,2812,1,1
"z[18,8]",1,0,1,1,1,1,1,NA,1,0,1
"z[19,8]",1,0,1,1,1,1,1,NA,1,0,1
"z[20,8]",0.727555555555556,0.445266804820707,0,0,1,1,1,1.00042194568568,3343,1,1
"z[21,8]",0.678222222222222,0.467210174719196,0,0,1,1,1,1.00015923548816,4500,1,1
"z[22,8]",0.728222222222222,0.444925396089892,0,0,1,1,1,0.999803362507209,4500,1,1
"z[23,8]",0.811777777777778,0.390932959969401,0,1,1,1,1,1.00100070273208,2455,1,1
"z[24,8]",1,0,1,1,1,1,1,NA,1,0,1
"z[25,8]",0.722444444444444,0.447842649487471,0,0,1,1,1,1.00020187960138,4500,1,1
"z[26,8]",0.836666666666667,0.369710603319289,0,1,1,1,1,0.999932513792714,4500,1,1
"z[27,8]",0.766444444444444,0.423139629767078,0,1,1,1,1,1.00128645652091,1721,1,1
"z[28,8]",0.352444444444444,0.477784560747159,0,0,0,1,1,0.999968733552276,4500,1,1
"z[29,8]",0.61,0.487804139401693,0,0,1,1,1,0.999859148908077,4500,1,1
"z[30,8]",0.903333333333333,0.295536176252013,0,1,1,1,1,1.0008003798934,4500,1,1
"z[31,8]",0.861111111111111,0.345868976410075,0,1,1,1,1,0.999958636030233,4500,1,1
"z[32,8]",0.898444444444444,0.302096516371218,0,1,1,1,1,1.00155849572861,2902,1,1
"z[33,8]",1,0,1,1,1,1,1,NA,1,0,1
"z[34,8]",1,0,1,1,1,1,1,NA,1,0,1
"z[35,8]",1,0,1,1,1,1,1,NA,1,0,1
"z[36,8]",1,0,1,1,1,1,1,NA,1,0,1
"z[37,8]",0.124888888888889,0.330629621712271,0,0,0,0,1,1.00177390613856,2162,1,1
"z[38,8]",0.243111111111111,0.42900932220977,0,0,0,0,1,1.0007179832034,2581,1,1
"z[39,8]",0.909333333333333,0.287166411122996,0,1,1,1,1,1.00231165019549,2282,1,1
"z[40,8]",0.438666666666667,0.496279108959641,0,0,0,1,1,0.9998902313671,4500,1,1
"z[41,8]",0.066,0.248309689121249,0,0,0,0,1,1.00445124445366,1686,1,1
"z[42,8]",0.266444444444444,0.442148443237228,0,0,0,1,1,1.00018030233622,4500,1,1
"z[43,8]",0.821111111111111,0.383301843561013,0,1,1,1,1,1.00124237617482,2169,1,1
"z[44,8]",0.837111111111111,0.36930530304322,0,1,1,1,1,1.00016921548883,4500,1,1
"z[45,8]",0.756444444444444,0.429275200077866,0,1,1,1,1,0.999785063029637,4500,1,1
"z[46,8]",0.880888888888889,0.323955206581375,0,1,1,1,1,1.00081110199274,4159,1,1
"z[47,8]",0.400888888888889,0.490133014784224,0,0,0,1,1,0.999849311461318,4500,1,1
"z[48,8]",0.00133333333333333,0.0364945409967103,0,0,0,0,0,1.13404536757886,2248,1,1
"z[49,8]",0.166888888888889,0.372918076298587,0,0,0,0,1,1.0005617963455,4023,1,1
"z[50,8]",0.0344444444444444,0.182388094475073,0,0,0,0,1,1.00342016795339,3986,1,1
"z[51,8]",0.213333333333333,0.409706632041442,0,0,0,0,1,1.00046822778502,3727,1,1
"z[52,8]",0.0124444444444444,0.11087069888737,0,0,0,0,0,1.00031991431262,4500,1,1
"z[53,8]",0.0348888888888889,0.183518768996536,0,0,0,0,1,1.00501390043221,2762,1,1
"z[54,8]",0.0375555555555556,0.190139869149559,0,0,0,0,1,1.00228798634587,4500,1,1
"z[55,8]",0.270444444444444,0.444238789444786,0,0,0,1,1,1.00090149909574,2062,1,1
"z[56,8]",0.0313333333333333,0.174236339048014,0,0,0,0,1,1.00022919748405,4500,1,1
"z[57,8]",1,0,1,1,1,1,1,NA,1,0,1
"z[58,8]",0.814444444444444,0.388790794756483,0,1,1,1,1,1.00178986161747,1565,1,1
"z[59,8]",0.316666666666667,0.465227886091202,0,0,0,1,1,0.999862862374329,4500,1,1
"z[60,8]",1,0,1,1,1,1,1,NA,1,0,1
"z[61,8]",0.016,0.125489041132367,0,0,0,0,0,1.0076549486843,3937,1,1
"z[62,8]",0.00711111111111111,0.0840363764582043,0,0,0,0,0,1.00894651673936,4500,1,1
"z[63,8]",0.006,0.0772355205065475,0,0,0,0,0,1.00585876352754,4500,1,1
"z[64,8]",0.00533333333333333,0.0728427622699364,0,0,0,0,0,1.04634286394697,1886,1,1
"z[65,8]",0.0164444444444444,0.127191272176836,0,0,0,0,0,1.00089164750179,4500,1,1
"z[66,8]",0.00111111111111111,0.033318511930496,0,0,0,0,0,1.07137218653062,4500,1,1
"z[67,8]",0.0104444444444444,0.10167426066326,0,0,0,0,0,1.00675308325243,4500,1,1
"z[68,8]",0.203333333333333,0.402523160105083,0,0,0,0,1,0.999957540267056,4500,1,1
"z[69,8]",1,0,1,1,1,1,1,NA,1,0,1
"z[70,8]",0.180222222222222,0.384415155438755,0,0,0,0,1,0.999901597542548,4500,1,1
"z[71,8]",1,0,1,1,1,1,1,NA,1,0,1
"z[72,8]",1,0,1,1,1,1,1,NA,1,0,1
"z[73,8]",0.144666666666667,0.35180353283733,0,0,0,0,1,0.999990924574932,4500,1,1
"z[74,8]",0.371333333333333,0.48321504225507,0,0,0,1,1,1.00067157825633,2133,1,1
"z[75,8]",1,0,1,1,1,1,1,NA,1,0,1
"z[76,8]",0.39,0.487804139401693,0,0,0,1,1,0.999950811676782,4500,1,1
"z[77,8]",0.0915555555555556,0.288429580365407,0,0,0,0,1,1.00042041471316,4500,1,1
"z[78,8]",1,0,1,1,1,1,1,NA,1,0,1
"z[79,8]",0.0682222222222222,0.252154872981642,0,0,0,0,1,1.0001128108916,4500,1,1
"z[80,8]",0.0271111111111111,0.162425248725456,0,0,0,0,1,1.00023355876278,4500,1,1
"z[81,8]",0.130888888888889,0.337316279778769,0,0,0,0,1,0.999811522917778,4500,1,1
"z[82,8]",0.974444444444444,0.157822698772571,0,1,1,1,1,1.00065971885653,4500,1,1
"z[83,8]",0.196666666666667,0.39752233312673,0,0,0,0,1,1.0017590427307,1518,1,1
"z[84,8]",1,0,1,1,1,1,1,NA,1,0,1
"z[85,8]",1,0,1,1,1,1,1,NA,1,0,1
"z[86,8]",0.00577777777777778,0.0758002102747823,0,0,0,0,0,1.01788704433237,4500,1,1
"z[87,8]",0.316666666666667,0.465227886091202,0,0,0,1,1,1.0000126744047,4500,1,1
"z[88,8]",1,0,1,1,1,1,1,NA,1,0,1
"z[89,8]",0.168222222222222,0.374105075074719,0,0,0,0,1,1.00078511867417,3188,1,1
"z[90,8]",0.0288888888888889,0.167512855228826,0,0,0,0,1,1.0002621625973,4500,1,1
"z[91,8]",0.0311111111111111,0.173637293967947,0,0,0,0,1,1.00067029180129,4500,1,1
"z[92,8]",0.115555555555556,0.319726736204165,0,0,0,0,1,0.999739905788755,4500,1,1
"z[93,8]",1,0,1,1,1,1,1,NA,1,0,1
"z[94,8]",0.0602222222222222,0.237924537926314,0,0,0,0,1,1.00087315013971,4500,1,1
"z[95,8]",0.813111111111111,0.389865629174764,0,1,1,1,1,0.999840683259535,4500,1,1
"z[96,8]",1,0,1,1,1,1,1,NA,1,0,1
"z[97,8]",1,0,1,1,1,1,1,NA,1,0,1
"z[98,8]",1,0,1,1,1,1,1,NA,1,0,1
"z[99,8]",1,0,1,1,1,1,1,NA,1,0,1
"z[100,8]",0.201777777777778,0.401371780296798,0,0,0,0,1,1.00092942559751,2459,1,1
"z[101,8]",1,0,1,1,1,1,1,NA,1,0,1
"z[102,8]",0.118888888888889,0.323693689929004,0,0,0,0,1,1.00091409503014,3816,1,1
"z[103,8]",0.248222222222222,0.432029429863302,0,0,0,0,1,1.00014507654329,4500,1,1
"z[104,8]",1,0,1,1,1,1,1,NA,1,0,1
"z[105,8]",0.348222222222222,0.476459813329635,0,0,0,1,1,1.0004162271722,2945,1,1
"z[106,8]",0.000444444444444444,0.0210795079890303,0,0,0,0,0,1.2913045102833,2250,1,1
"z[107,8]",1,0,1,1,1,1,1,NA,1,0,1
"z[108,8]",1,0,1,1,1,1,1,NA,1,0,1
"z[109,8]",0.000222222222222222,0.0149071198499986,0,0,0,0,0,1.29093398298233,4500,1,1
"z[110,8]",1,0,1,1,1,1,1,NA,1,0,1
"z[111,8]",0.0975555555555556,0.296745745695873,0,0,0,0,1,1.00122009030908,3662,1,1
"z[112,8]",0.0351111111111111,0.18408109945566,0,0,0,0,1,1.00737437738395,1901,1,1
"z[113,8]",0.0642222222222222,0.245175623613492,0,0,0,0,1,1.00086017880379,4500,1,1
"z[114,8]",1,0,1,1,1,1,1,NA,1,0,1
"z[115,8]",1,0,1,1,1,1,1,NA,1,0,1
"z[116,8]",1,0,1,1,1,1,1,NA,1,0,1
"z[117,8]",0.863555555555556,0.343298045001655,0,1,1,1,1,1.00000983751574,4500,1,1
"z[118,8]",0.836888888888889,0.369508075588303,0,1,1,1,1,1.00076649944275,3323,1,1
"z[119,8]",1,0,1,1,1,1,1,NA,1,0,1
"z[120,8]",0.821333333333333,0.383115525804514,0,1,1,1,1,1.00066561112634,3405,1,1
"z[121,8]",1,0,1,1,1,1,1,NA,1,0,1
"z[122,8]",0.0173333333333333,0.130524613834426,0,0,0,0,0,1.00874242664152,3195,1,1
"z[123,8]",0.0353333333333333,0.184641449821595,0,0,0,0,1,1.00138612927726,4500,1,1
"z[124,8]",1,0,1,1,1,1,1,NA,1,0,1
"z[125,8]",1,0,1,1,1,1,1,NA,1,0,1
"z[126,8]",1,0,1,1,1,1,1,NA,1,0,1
"z[127,8]",0.044,0.205117892035902,0,0,0,0,1,0.999792195815873,4500,1,1
"z[128,8]",0.0626666666666667,0.24238938031912,0,0,0,0,1,0.999945688207717,4500,1,1
"z[129,8]",0.126888888888889,0.332885451492204,0,0,0,0,1,0.999819391851984,4500,1,1
"z[130,8]",0.0331111111111111,0.178946588136641,0,0,0,0,1,1.00120670374711,4500,1,1
"z[131,8]",0.212,0.408770267763041,0,0,0,0,1,0.999881563193027,4500,1,1
"z[132,8]",0.254666666666667,0.435722096383381,0,0,0,1,1,0.999717996475442,4500,1,1
"z[133,8]",0.948222222222222,0.221602690281563,0,1,1,1,1,1.00310846353304,2951,1,1
"z[134,8]",1,0,1,1,1,1,1,NA,1,0,1
"z[135,8]",1,0,1,1,1,1,1,NA,1,0,1
"z[136,8]",0.170222222222222,0.375869674751524,0,0,0,0,1,0.999719780343053,4500,1,1
"z[137,8]",1,0,1,1,1,1,1,NA,1,0,1
"z[138,8]",0.844,0.362895667058781,0,1,1,1,1,1.0003986608051,4500,1,1
"z[139,8]",0.907555555555556,0.289684513538625,0,1,1,1,1,1.00023870879432,4500,1,1
"z[140,8]",0.750444444444444,0.432803889466465,0,1,1,1,1,0.999785676545015,4500,1,1
"z[141,8]",0.899111111111111,0.301215011772787,0,1,1,1,1,1.00119929957286,3596,1,1
"z[142,8]",0.00733333333333333,0.0853297931213479,0,0,0,0,0,1.00930722190751,4500,1,1
"z[143,8]",0.00711111111111111,0.0840363764582043,0,0,0,0,0,1.02312173865027,2919,1,1
"z[144,8]",0.0124444444444444,0.11087069888737,0,0,0,0,0,1.00178570731046,4500,1,1
"z[145,8]",1,0,1,1,1,1,1,NA,1,0,1
"z[146,8]",1,0,1,1,1,1,1,NA,1,0,1
"z[147,8]",1,0,1,1,1,1,1,NA,1,0,1
"z[148,8]",1,0,1,1,1,1,1,NA,1,0,1
"z[149,8]",1,0,1,1,1,1,1,NA,1,0,1
"z[150,8]",0.420444444444444,0.493685197983452,0,0,0,1,1,0.999947822310134,4500,1,1
"z[151,8]",0.832222222222222,0.373710356413528,0,1,1,1,1,0.999918893379269,4500,1,1
"z[152,8]",0.482444444444444,0.499747237980913,0,0,0,1,1,0.999709769719303,4500,1,1
"z[153,8]",1,0,1,1,1,1,1,NA,1,0,1
"z[154,8]",0.767111111111111,0.422719012480962,0,1,1,1,1,1.00065273243972,2843,1,1
"z[155,8]",1,0,1,1,1,1,1,NA,1,0,1
"z[156,8]",1,0,1,1,1,1,1,NA,1,0,1
"z[157,8]",1,0,1,1,1,1,1,NA,1,0,1
"z[158,8]",1,0,1,1,1,1,1,NA,1,0,1
"z[159,8]",1,0,1,1,1,1,1,NA,1,0,1
"z[160,8]",0.906444444444444,0.291241760159636,0,1,1,1,1,1.0003482611023,4500,1,1
"z[161,8]",0.585111111111111,0.492757604259719,0,0,1,1,1,0.999898307093399,4500,1,1
"z[162,8]",0.846888888888889,0.360134586374701,0,1,1,1,1,1.0000735614185,4500,1,1
"z[163,8]",0.135111111111111,0.341880202058169,0,0,0,0,1,1.00279831459303,1370,1,1
"z[164,8]",0.539555555555556,0.498488292894798,0,0,1,1,1,0.99967420957568,4500,1,1
"z[165,8]",1,0,1,1,1,1,1,NA,1,0,1
"z[166,8]",0.493777777777778,0.500016842965432,0,0,0,1,1,0.999773696252411,4500,1,1
"z[167,8]",1,0,1,1,1,1,1,NA,1,0,1
"z[168,8]",0.860222222222222,0.346794862339979,0,1,1,1,1,1.00013986449033,4500,1,1
"z[169,8]",0.874666666666667,0.331133289462245,0,1,1,1,1,1.00133042221297,2732,1,1
"z[170,8]",1,0,1,1,1,1,1,NA,1,0,1
"z[171,8]",0.869555555555556,0.336829190149167,0,1,1,1,1,1.0012367555636,2812,1,1
"z[172,8]",1,0,1,1,1,1,1,NA,1,0,1
"z[173,8]",1,0,1,1,1,1,1,NA,1,0,1
"z[174,8]",0.973111111111111,0.161776674693452,0,1,1,1,1,1.00676332571094,2664,1,1
"z[175,8]",1,0,1,1,1,1,1,NA,1,0,1
"z[176,8]",1,0,1,1,1,1,1,NA,1,0,1
"z[177,8]",1,0,1,1,1,1,1,NA,1,0,1
"z[178,8]",0.272444444444444,0.445266804820707,0,0,0,1,1,1.00137774866356,1479,1,1
"z[179,8]",0.408444444444444,0.491600737364081,0,0,0,1,1,1.00069024434414,2029,1,1
"z[180,8]",0.0162222222222222,0.126343218950737,0,0,0,0,0,1.00893945120054,3333,1,1
"z[181,8]",0.01,0.0995098009695405,0,0,0,0,0,1.00267583642981,4500,1,1
"z[182,8]",0.0273333333333333,0.163070940344369,0,0,0,0,1,1.00663217517522,2679,1,1
"z[183,8]",0.0117777777777778,0.107896472423584,0,0,0,0,0,1.00202837040961,4500,1,1
"z[184,8]",1,0,1,1,1,1,1,NA,1,0,1
"z[185,8]",1,0,1,1,1,1,1,NA,1,0,1
"z[186,8]",1,0,1,1,1,1,1,NA,1,0,1
"z[187,8]",0.291555555555556,0.454529233367423,0,0,0,1,1,1.00394594006345,570,1,1
"z[188,8]",0.221333333333333,0.415190554162588,0,0,0,0,1,1.00722896305328,389,1,1
"z[189,8]",0.234,0.423419225890279,0,0,0,0,1,1.01356496931799,203,1,1
"z[190,8]",0.180222222222222,0.384415155438755,0,0,0,0,1,1.00672845781884,480,1,1
"z[191,8]",0.283333333333333,0.450666938039623,0,0,0,1,1,1.00879588321555,273,1,1
"z[192,8]",0.334222222222222,0.471770270121085,0,0,0,1,1,1.00760647395157,288,1,1
"z[193,8]",0.424444444444444,0.494313318715563,0,0,0,1,1,1.00547597457924,358,1,1
"z[194,8]",0.247333333333333,0.431510061922995,0,0,0,0,1,1.01311319516592,204,1,1
"z[195,8]",0.280222222222222,0.449157611618771,0,0,0,1,1,1.00742101311194,323,1,1
"z[196,8]",0.267333333333333,0.442616942427579,0,0,0,1,1,1.00841888719082,295,1,1
"z[197,8]",0.31,0.462544639898296,0,0,0,1,1,1.00708668167623,318,1,1
"z[198,8]",1,0,1,1,1,1,1,NA,1,0,1
"z[199,8]",0.235555555555556,0.424392695578353,0,0,0,0,1,1.00628290488725,422,1,1
"z[200,8]",0.288666666666667,0.453192964509253,0,0,0,1,1,1.00694316238696,338,1,1
"z[1,9]",1,0,1,1,1,1,1,NA,1,0,1
"z[2,9]",1,0,1,1,1,1,1,NA,1,0,1
"z[3,9]",1,0,1,1,1,1,1,NA,1,0,1
"z[4,9]",0.126222222222222,0.332136549049397,0,0,0,0,1,1.0014509911052,2548,1,1
"z[5,9]",1,0,1,1,1,1,1,NA,1,0,1
"z[6,9]",0.000222222222222222,0.0149071198499986,0,0,0,0,0,1.29093398298233,4500,1,1
"z[7,9]",1,0,1,1,1,1,1,NA,1,0,1
"z[8,9]",1,0,1,1,1,1,1,NA,1,0,1
"z[9,9]",1,0,1,1,1,1,1,NA,1,0,1
"z[10,9]",1,0,1,1,1,1,1,NA,1,0,1
"z[11,9]",1,0,1,1,1,1,1,NA,1,0,1
"z[12,9]",1,0,1,1,1,1,1,NA,1,0,1
"z[13,9]",1,0,1,1,1,1,1,NA,1,0,1
"z[14,9]",0.042,0.200611423704479,0,0,0,0,1,1.00254333737761,4312,1,1
"z[15,9]",0.173333333333333,0.378577254918682,0,0,0,0,1,1.00168106487506,1731,1,1
"z[16,9]",0.879777777777778,0.325257357975255,0,1,1,1,1,0.999807687110447,4500,1,1
"z[17,9]",0.860222222222222,0.346794862339979,0,1,1,1,1,1.0018738447141,1887,1,1
"z[18,9]",0.852444444444444,0.354698282420007,0,1,1,1,1,1.00067079524211,3962,1,1
"z[19,9]",0.936888888888889,0.243189722775225,0,1,1,1,1,1.00035161554734,4500,1,1
"z[20,9]",0.835777777777778,0.370518274124004,0,1,1,1,1,1.00002930647077,4500,1,1
"z[21,9]",0.792222222222222,0.405761950063745,0,1,1,1,1,1.00100635386155,2272,1,1
"z[22,9]",0.789111111111111,0.407984993242305,0,1,1,1,1,1.00027878084889,4500,1,1
"z[23,9]",0.848444444444444,0.35862940517766,0,1,1,1,1,1.00074310926527,3612,1,1
"z[24,9]",0.867333333333333,0.339251821185049,0,1,1,1,1,1.00191157864634,1928,1,1
"z[25,9]",0.797777777777778,0.401701697512958,0,1,1,1,1,1.0006826211745,3057,1,1
"z[26,9]",0.879555555555556,0.325516707964524,0,1,1,1,1,1.00053936578359,4500,1,1
"z[27,9]",0.856,0.351128748592969,0,1,1,1,1,1.00027035305211,4500,1,1
"z[28,9]",1,0,1,1,1,1,1,NA,1,0,1
"z[29,9]",1,0,1,1,1,1,1,NA,1,0,1
"z[30,9]",0.906444444444444,0.291241760159636,0,1,1,1,1,1.00026651660313,4500,1,1
"z[31,9]",0.894222222222222,0.307587164752331,0,1,1,1,1,1.00119240947265,3465,1,1
"z[32,9]",0.918888888888889,0.273036014356096,0,1,1,1,1,1.00073864241499,4500,1,1
"z[33,9]",1,0,1,1,1,1,1,NA,1,0,1
"z[34,9]",1,0,1,1,1,1,1,NA,1,0,1
"z[35,9]",1,0,1,1,1,1,1,NA,1,0,1
"z[36,9]",1,0,1,1,1,1,1,NA,1,0,1
"z[37,9]",1,0,1,1,1,1,1,NA,1,0,1
"z[38,9]",1,0,1,1,1,1,1,NA,1,0,1
"z[39,9]",1,0,1,1,1,1,1,NA,1,0,1
"z[40,9]",1,0,1,1,1,1,1,NA,1,0,1
"z[41,9]",0.321555555555556,0.467125326314897,0,0,0,1,1,0.999755885687262,4500,1,1
"z[42,9]",0.314222222222222,0.464256948082182,0,0,0,1,1,1.0001555342835,4500,1,1
"z[43,9]",0.854444444444444,0.352699276340701,0,1,1,1,1,1.00060821286011,4277,1,1
"z[44,9]",0.854888888888889,0.352251969758594,0,1,1,1,1,0.99990864999192,4500,1,1
"z[45,9]",0.848,0.359060788616921,0,1,1,1,1,1.00007151732594,4500,1,1
"z[46,9]",0.896,0.305294467945715,0,1,1,1,1,0.999777412696298,4500,1,1
"z[47,9]",0.498,0.500051564356009,0,0,0,1,1,1.0000983170204,4500,1,1
"z[48,9]",1,0,1,1,1,1,1,NA,1,0,1
"z[49,9]",0.209333333333333,0.406877964144234,0,0,0,0,1,1.00055031616541,3418,1,1
"z[50,9]",0.0155555555555556,0.123761803562895,0,0,0,0,0,1.01942551704531,1608,1,1
"z[51,9]",0.042,0.200611423704479,0,0,0,0,1,1.00163021357111,4500,1,1
"z[52,9]",0.00933333333333333,0.0961679644942985,0,0,0,0,0,1.03900400997469,1301,1,1
"z[53,9]",0.0148888888888889,0.121121715563244,0,0,0,0,0,1.00046905066482,4500,1,1
"z[54,9]",1,0,1,1,1,1,1,NA,1,0,1
"z[55,9]",0.334222222222222,0.471770270121085,0,0,0,1,1,0.999753832084158,4500,1,1
"z[56,9]",1,0,1,1,1,1,1,NA,1,0,1
"z[57,9]",0.932888888888889,0.25024213410665,0,1,1,1,1,0.99993753802098,4500,1,1
"z[58,9]",1,0,1,1,1,1,1,NA,1,0,1
"z[59,9]",1,0,1,1,1,1,1,NA,1,0,1
"z[60,9]",1,0,1,1,1,1,1,NA,1,0,1
"z[61,9]",0.00533333333333333,0.0728427622699364,0,0,0,0,0,1.0892510368728,919,1,1
"z[62,9]",0.00488888888888889,0.069757214702053,0,0,0,0,0,1.03056849282155,3179,1,1
"z[63,9]",0.00333333333333333,0.0576451269226114,0,0,0,0,0,1.01922466287575,4500,1,1
"z[64,9]",0.004,0.0631259497363628,0,0,0,0,0,1.00430023712846,4500,1,1
"z[65,9]",1,0,1,1,1,1,1,NA,1,0,1
"z[66,9]",0.00155555555555556,0.0394142235807543,0,0,0,0,0,1.06447893654775,4494,1,1
"z[67,9]",0.002,0.0446815807032984,0,0,0,0,0,1.01775579934475,4500,1,1
"z[68,9]",0.00177777777777778,0.0421308880870312,0,0,0,0,0,1.05041941929871,4500,1,1
"z[69,9]",1,0,1,1,1,1,1,NA,1,0,1
"z[70,9]",1,0,1,1,1,1,1,NA,1,0,1
"z[71,9]",1,0,1,1,1,1,1,NA,1,0,1
"z[72,9]",1,0,1,1,1,1,1,NA,1,0,1
"z[73,9]",0.0837777777777778,0.277085046671742,0,0,0,0,1,1.00069985278712,4500,1,1
"z[74,9]",1,0,1,1,1,1,1,NA,1,0,1
"z[75,9]",1,0,1,1,1,1,1,NA,1,0,1
"z[76,9]",0.352,0.477647044653794,0,0,0,1,1,1.0001671612413,4387,1,1
"z[77,9]",0.107333333333333,0.309570969851063,0,0,0,0,1,0.999819732803397,4500,1,1
"z[78,9]",1,0,1,1,1,1,1,NA,1,0,1
"z[79,9]",0.068,0.251773880070849,0,0,0,0,1,0.999887972524459,4500,1,1
"z[80,9]",0.016,0.125489041132367,0,0,0,0,0,1.00234541762403,4500,1,1
"z[81,9]",0.192222222222222,0.394090538139547,0,0,0,0,1,0.999888824369503,4500,1,1
"z[82,9]",1,0,1,1,1,1,1,NA,1,0,1
"z[83,9]",0.206444444444444,0.404798158938663,0,0,0,0,1,1.00110834457499,2126,1,1
"z[84,9]",0.960222222222222,0.195458425118277,0,1,1,1,1,1.00190759826972,4500,1,1
"z[85,9]",0.952666666666667,0.212374461172167,0,1,1,1,1,1.00329406694295,3045,1,1
"z[86,9]",0.0375555555555556,0.190139869149559,0,0,0,0,1,1.00216959309967,4500,1,1
"z[87,9]",1,0,1,1,1,1,1,NA,1,0,1
"z[88,9]",0.101555555555556,0.302096516371218,0,0,0,0,1,0.999669576339891,4500,1,1
"z[89,9]",0.0362222222222222,0.186863405673864,0,0,0,0,1,1.00023310056361,4500,1,1
"z[90,9]",0.0197777777777778,0.139251306560123,0,0,0,0,0,1.00071533416294,4500,1,1
"z[91,9]",0.002,0.0446815807032984,0,0,0,0,0,1.06670438272335,3369,1,1
"z[92,9]",0.00622222222222222,0.0786440117920529,0,0,0,0,0,1.02276129649656,3385,1,1
"z[93,9]",0.0197777777777778,0.139251306560123,0,0,0,0,0,1.01077664782256,2283,1,1
"z[94,9]",0.0144444444444444,0.119327141438796,0,0,0,0,0,1.01726434257671,1949,1,1
"z[95,9]",0.800444444444444,0.399710695309344,0,1,1,1,1,1.00172413270722,1530,1,1
"z[96,9]",1,0,1,1,1,1,1,NA,1,0,1
"z[97,9]",1,0,1,1,1,1,1,NA,1,0,1
"z[98,9]",1,0,1,1,1,1,1,NA,1,0,1
"z[99,9]",1,0,1,1,1,1,1,NA,1,0,1
"z[100,9]",1,0,1,1,1,1,1,NA,1,0,1
"z[101,9]",1,0,1,1,1,1,1,NA,1,0,1
"z[102,9]",0.141111111111111,0.348174818844698,0,0,0,0,1,1.00185128172213,1885,1,1
"z[103,9]",0.315111111111111,0.464611739583112,0,0,0,1,1,1.00007814207154,4500,1,1
"z[104,9]",0.135777777777778,0.342590505813979,0,0,0,0,1,1.00015229748283,4500,1,1
"z[105,9]",1,0,1,1,1,1,1,NA,1,0,1
"z[106,9]",0.000888888888888889,0.0298042977535084,0,0,0,0,0,1.10540023626025,4497,1,1
"z[107,9]",1,0,1,1,1,1,1,NA,1,0,1
"z[108,9]",0.0804444444444444,0.272010253356189,0,0,0,0,1,1.00252560504891,2353,1,1
"z[109,9]",1,0,1,1,1,1,1,NA,1,0,1
"z[110,9]",1,0,1,1,1,1,1,NA,1,0,1
"z[111,9]",1,0,1,1,1,1,1,NA,1,0,1
"z[112,9]",0.259777777777778,0.438561313033389,0,0,0,1,1,0.999805585284073,4500,1,1
"z[113,9]",1,0,1,1,1,1,1,NA,1,0,1
"z[114,9]",1,0,1,1,1,1,1,NA,1,0,1
"z[115,9]",1,0,1,1,1,1,1,NA,1,0,1
"z[116,9]",0.841111111111111,0.365613067283923,0,1,1,1,1,0.999734377106918,4500,1,1
"z[117,9]",0.853333333333333,0.353812625669477,0,1,1,1,1,1.00025225614589,4500,1,1
"z[118,9]",0.878888888888889,0.326292612819852,0,1,1,1,1,1.00055636823558,4500,1,1
"z[119,9]",1,0,1,1,1,1,1,NA,1,0,1
"z[120,9]",0.864,0.342826658537455,0,1,1,1,1,1.00567535656035,711,1,1
"z[121,9]",1,0,1,1,1,1,1,NA,1,0,1
"z[122,9]",0.098,0.297347688610086,0,0,0,0,1,1.00030195855136,4500,1,1
"z[123,9]",0.382222222222222,0.485984443888549,0,0,0,1,1,1.00003400396681,4500,1,1
"z[124,9]",0.378666666666667,0.485108769136227,0,0,0,1,1,1.00103393230486,1556,1,1
"z[125,9]",1,0,1,1,1,1,1,NA,1,0,1
"z[126,9]",0.966,0.181249276657738,0,1,1,1,1,1.00151818698599,4500,1,1
"z[127,9]",0.0395555555555556,0.194934239891299,0,0,0,0,1,1.00264623089139,4397,1,1
"z[128,9]",0.0635555555555556,0.243986630137708,0,0,0,0,1,1.00403891101449,1920,1,1
"z[129,9]",1,0,1,1,1,1,1,NA,1,0,1
"z[130,9]",0.0226666666666667,0.148855006121055,0,0,0,0,0,1.00282032396618,4500,1,1
"z[131,9]",1,0,1,1,1,1,1,NA,1,0,1
"z[132,9]",0.0913333333333333,0.288114564405752,0,0,0,0,1,1.00225196288144,2325,1,1
"z[133,9]",1,0,1,1,1,1,1,NA,1,0,1
"z[134,9]",1,0,1,1,1,1,1,NA,1,0,1
"z[135,9]",0.404888888888889,0.490925079569897,0,0,0,1,1,1.00029219056582,3318,1,1
"z[136,9]",0.216666666666667,0.412019352281919,0,0,0,0,1,0.999746334907361,4500,1,1
"z[137,9]",1,0,1,1,1,1,1,NA,1,0,1
"z[138,9]",0.864222222222222,0.342590505813979,0,1,1,1,1,1.00138544029716,2474,1,1
"z[139,9]",1,0,1,1,1,1,1,NA,1,0,1
"z[140,9]",1,0,1,1,1,1,1,NA,1,0,1
"z[141,9]",1,0,1,1,1,1,1,NA,1,0,1
"z[142,9]",1,0,1,1,1,1,1,NA,1,0,1
"z[143,9]",0.000444444444444444,0.0210795079890303,0,0,0,0,0,1.10528646876281,4500,1,1
"z[144,9]",1,0,1,1,1,1,1,NA,1,0,1
"z[145,9]",0.916222222222222,0.277085046671742,0,1,1,1,1,1.00050113269938,4500,1,1
"z[146,9]",0.886888888888889,0.316763768877172,0,1,1,1,1,1.00081620789459,4332,1,1
"z[147,9]",1,0,1,1,1,1,1,NA,1,0,1
"z[148,9]",1,0,1,1,1,1,1,NA,1,0,1
"z[149,9]",0.934,0.248309689121249,0,1,1,1,1,1.00178191966576,3818,1,1
"z[150,9]",0.607777777777778,0.488300047719838,0,0,1,1,1,1.00031484104557,3236,1,1
"z[151,9]",0.878,0.327322178971133,0,1,1,1,1,1.00046745552421,4500,1,1
"z[152,9]",1,0,1,1,1,1,1,NA,1,0,1
"z[153,9]",1,0,1,1,1,1,1,NA,1,0,1
"z[154,9]",1,0,1,1,1,1,1,NA,1,0,1
"z[155,9]",1,0,1,1,1,1,1,NA,1,0,1
"z[156,9]",1,0,1,1,1,1,1,NA,1,0,1
"z[157,9]",1,0,1,1,1,1,1,NA,1,0,1
"z[158,9]",1,0,1,1,1,1,1,NA,1,0,1
"z[159,9]",1,0,1,1,1,1,1,NA,1,0,1
"z[160,9]",1,0,1,1,1,1,1,NA,1,0,1
"z[161,9]",0.686666666666667,0.463900181643165,0,0,1,1,1,0.999826612520681,4500,1,1
"z[162,9]",1,0,1,1,1,1,1,NA,1,0,1
"z[163,9]",0.0377777777777778,0.190679566273877,0,0,0,0,1,1.00018953485693,4500,1,1
"z[164,9]",1,0,1,1,1,1,1,NA,1,0,1
"z[165,9]",1,0,1,1,1,1,1,NA,1,0,1
"z[166,9]",0.728888888888889,0.44458272527145,0,0,1,1,1,0.999731683037705,4500,1,1
"z[167,9]",0.828,0.377422382794731,0,1,1,1,1,1.0002029056247,4500,1,1
"z[168,9]",0.891777777777778,0.310695388301107,0,1,1,1,1,1.00014669536535,4500,1,1
"z[169,9]",0.907333333333333,0.289996972491497,0,1,1,1,1,1.00061736655893,4500,1,1
"z[170,9]",0.896222222222222,0.305005940343398,0,1,1,1,1,1.00030324846558,4500,1,1
"z[171,9]",1,0,1,1,1,1,1,NA,1,0,1
"z[172,9]",1,0,1,1,1,1,1,NA,1,0,1
"z[173,9]",1,0,1,1,1,1,1,NA,1,0,1
"z[174,9]",1,0,1,1,1,1,1,NA,1,0,1
"z[175,9]",1,0,1,1,1,1,1,NA,1,0,1
"z[176,9]",1,0,1,1,1,1,1,NA,1,0,1
"z[177,9]",1,0,1,1,1,1,1,NA,1,0,1
"z[178,9]",0.343555555555556,0.474947643050087,0,0,0,1,1,0.999938151618843,4500,1,1
"z[179,9]",0.507111111111111,0.500004988738047,0,0,1,1,1,1.00013452105981,4280,1,1
"z[180,9]",0.146666666666667,0.353812625669477,0,0,0,0,1,1.00002535196552,4500,1,1
"z[181,9]",0.002,0.0446815807032984,0,0,0,0,0,1.01775579934475,4500,1,1
"z[182,9]",1,0,1,1,1,1,1,NA,1,0,1
"z[183,9]",0.00333333333333333,0.0576451269226114,0,0,0,0,0,1.00631011246591,4500,1,1
"z[184,9]",1,0,1,1,1,1,1,NA,1,0,1
"z[185,9]",1,0,1,1,1,1,1,NA,1,0,1
"z[186,9]",0.56,0.496442109138781,0,0,1,1,1,1.0032940710819,565,1,1
"z[187,9]",0.347333333333333,0.476175677963101,0,0,0,1,1,1.00539309479636,388,1,1
"z[188,9]",0.264222222222222,0.440967176865896,0,0,0,1,1,1.00599239300106,412,1,1
"z[189,9]",0.265333333333333,0.441559603346368,0,0,0,1,1,1.01411480322727,182,1,1
"z[190,9]",0.227111111111111,0.419011539250935,0,0,0,0,1,1.01368930729906,208,1,1
"z[191,9]",0.313555555555556,0.463989558652072,0,0,0,1,1,1.01076247050371,214,1,1
"z[192,9]",0.387333333333333,0.487195000651384,0,0,0,1,1,1.00826222893774,249,1,1
"z[193,9]",0.469555555555556,0.499127736847838,0,0,0,1,1,1.00297728339231,611,1,1
"z[194,9]",0.318666666666667,0.4660112460449,0,0,0,1,1,1.00617408550493,359,1,1
"z[195,9]",0.362666666666667,0.480823180928364,0,0,0,1,1,1.00519899604973,397,1,1
"z[196,9]",0.305111111111111,0.460505642356816,0,0,0,1,1,1.00704120908969,323,1,1
"z[197,9]",0.367111111111111,0.482070727090806,0,0,0,1,1,1.00408865207586,492,1,1
"z[198,9]",0.412444444444444,0.492329045117813,0,0,0,1,1,1.00736895999802,272,1,1
"z[199,9]",0.273111111111111,0.445606954364799,0,0,0,1,1,1.0083435038127,293,1,1
"z[200,9]",0.338,0.473081107853284,0,0,0,1,1,1.00754967441131,288,1,1
"deviance",3332.58169581581,42.4473734168896,3254.05944208935,3303.67163558533,3331.04519871172,3360.02657430706,3420.11260244064,0.999963886711102,4500,0,1
