"parameter","mean","sd","2.5%","25%","50%","75%","97.5%","Rhat","n.eff","overlap0","f"
"a.psi[1]",-1.86563474932645,1.18716798176555,-4.3140406720126,-2.62256266029742,-1.82882320514312,-1.06177644732064,0.330915782730359,0.999806431356386,4500,1,0.951111111111111
"a.psi[2]",-0.599971592306792,0.610128164646353,-1.78499892805886,-1.00060262936771,-0.602130380484544,-0.189754618985611,0.595041084967034,0.999987258412318,4500,1,0.838222222222222
"a.psi[3]",0.896630308618968,0.628909760882394,-0.190184365709902,0.464433107701132,0.854127139718915,1.2868774204226,2.20420128592606,1.0025096645703,1176,1,0.936444444444444
"a.psi[4]",0.0381781357729714,0.646691485168108,-1.19783149866338,-0.388278746236812,0.0212295087874376,0.459160969765383,1.32344243955719,1.00016024202457,4500,1,0.514444444444444
"a.psi[5]",1.21221831580063,0.700699896949497,-0.103807676544836,0.740734728406855,1.18294022783468,1.65062647067085,2.6540180303441,1.00222448472087,924,1,0.966222222222222
"b.psi.elev",0.759146442226219,0.453417300414182,-0.0884098188971176,0.464019335442628,0.739267026491404,1.04926099169525,1.6778178211766,1.00181525277551,1099,1,0.961777777777778
"b.psi.water",-0.0582098214843067,0.302274795500098,-0.664536937456489,-0.257005641394587,-0.0555496151265509,0.149757608273532,0.528954126842722,1.00032461107436,4500,1,0.570222222222222
"a.gam[1]",-2.33816743004781,0.579884707164006,-3.49148064222097,-2.72065613472013,-2.33456466942574,-1.95615322041862,-1.22449791498087,1.00129644959022,2139,0,1
"a.gam[2]",-0.158613466359185,0.413621228764538,-0.94781975597215,-0.442720688089235,-0.167308812508604,0.115123970936215,0.668277715289158,1.00103037541356,2120,1,0.657111111111111
"a.gam[3]",-1.22063180847813,0.45766242464046,-2.20176225630282,-1.49262174539881,-1.20099475909398,-0.906746580140942,-0.399765407539212,1.00005806128289,4500,0,0.999333333333333
"a.gam[4]",0.216969187709412,0.354780361613768,-0.459846619403277,-0.027562599977715,0.213782172602449,0.450967546021749,0.928523571338051,1.00001874932036,4500,1,0.721555555555556
"a.gam[5]",-0.062130557454707,0.349821942812576,-0.724768295070132,-0.299793502660048,-0.0750426567890324,0.160539237489182,0.663534539030719,1.00241013185489,1192,1,0.583333333333333
"b.gam.elev",0.344886621276805,0.232615562488835,-0.0842972581186869,0.189917992559261,0.335040803148787,0.49207465649651,0.842256715693404,1.00089857873121,1920,1,0.938666666666667
"b.gam.water",-0.111256644953523,0.157920122625491,-0.428739142652772,-0.214713011810054,-0.110146140572129,-0.0070349252072267,0.194549314706994,1.00036874423457,3588,1,0.763111111111111
"b.gam.road",-0.278304017653068,0.16818761084515,-0.610688898520058,-0.390185762679989,-0.273257710769263,-0.16425992295023,0.0361122170588418,1.00057924940049,2525,1,0.954666666666667
"b.gam.harv",0.0603448564138427,0.147674532472221,-0.230500303480894,-0.0376850629939822,0.0617862944659837,0.159731106039346,0.345478200680167,1.00066267150726,2118,1,0.658666666666667
"a.phi[1]",1.23647340661355,1.14604604204143,-0.72991663898328,0.427586770343752,1.14247824225234,1.93881027288829,3.76865415894386,1.0002979079682,4500,1,0.869555555555556
"a.phi[2]",2.00734159092177,0.551938765846183,0.738948509631483,1.69677145191688,2.04348346532825,2.36919840763961,2.98088417720513,1.00674284054157,438,0,0.998444444444444
"a.phi[3]",2.78519800660964,0.561592434176709,1.59502826241182,2.43270952385144,2.80761658154861,3.16696733916269,3.80330258568486,1.00510007414347,533,0,0.999777777777778
"a.phi[4]",0.730076010223669,0.493083974121814,-0.417776527417075,0.466807150552487,0.783639252333834,1.05594007805748,1.55417007138347,1.00873345928052,418,1,0.921111111111111
"a.phi[5]",1.12869565155503,0.501623330525657,-0.0299137437175589,0.861706099059535,1.17485238114128,1.46607643685664,1.97070606904222,1.00437615279108,1344,1,0.971555555555556
"b.phi.elev",-0.447587637715269,0.181915731587778,-0.790762071859925,-0.568726806840932,-0.450885522776066,-0.332993374168753,-0.0768686776781222,1.00267196383131,723,0,0.990666666666667
"b.phi.water",-0.427603108786499,0.182377917635823,-0.802924766383053,-0.546501392171677,-0.421502859543795,-0.299979568797007,-0.0905348659102457,1.0003456137181,4068,0,0.995111111111111
"b.phi.road",0.080614601917445,0.148742305940787,-0.208822818003675,-0.0203751547011945,0.0791479864094806,0.18106765831045,0.376772133839589,0.999922295635943,4500,1,0.707333333333333
"b.phi.harv",0.197031391646497,0.145059093594742,-0.0963462874017938,0.0996890495034078,0.199040621715147,0.294276489498788,0.473768164915866,1.00077290495869,2384,1,0.914444444444444
"a.p",0.397905186311247,0.140264477561151,0.11117666621514,0.317036773960624,0.40202783297839,0.484139452728877,0.659997295902464,1.00927102477407,1242,0,0.992444444444444
"b.p.ak",0.284395164022354,0.337177647104721,-0.359773002636726,0.0536090362379936,0.283353518105381,0.508916308064373,0.939195494706167,1.00001226448794,4500,1,0.798444444444444
"b.p.clutter",0.152538273750256,0.0402974978959362,0.0725570013969735,0.125633102791266,0.152522709828331,0.178961058252116,0.230915171695266,0.99993597237287,4500,0,1
"b.p.temp",0.119636828998943,0.0413909357628251,0.0378933386141884,0.0914201986064024,0.120411695240465,0.147275735111274,0.201284373204021,1.00005610215476,4500,0,0.999555555555556
"b.p.julian",0.192431695278629,0.0466578877873768,0.101693722608255,0.161782561299984,0.190846380640705,0.224157963881682,0.284314324116497,1.00159312023334,1097,0,1
"sigma.gam",0.321611714258435,0.260798523556828,0.00921262624662321,0.134487353531691,0.269054637618416,0.444048380320686,0.966796074454617,1.00203211042181,2117,0,1
"sigma.phi",0.979390188177818,0.488511770701894,0.372589376161813,0.659428317956109,0.864849345311413,1.17924513331292,2.23007309559055,1.01239838796779,432,0,1
"sigma.p",0.375863949229333,0.139564378315473,0.186509428128134,0.281149916971077,0.349904550276372,0.442703478958999,0.706295945420465,1.00751453873148,2066,0,1
"eps.gam[1]",-0.0485745702261174,0.308678557738704,-0.797140277477425,-0.168801922718074,-0.0103923634957694,0.0995044650743434,0.52678981726029,1.00042870294269,4500,1,0.539111111111111
"eps.gam[2]",-0.101806578539763,0.277921770796636,-0.762656118115159,-0.230248396455397,-0.0493775154217796,0.0410509973935925,0.383188789330804,1.00108197987332,4500,1,0.640222222222222
"eps.gam[3]",-0.165286404315882,0.2915772934671,-0.901023082734515,-0.312323481794675,-0.0915086134339552,0.0111735187278701,0.28447853235202,1.00133738793735,1461,1,0.709333333333333
"eps.gam[4]",0.181559487951352,0.275485235531966,-0.236642840952377,-0.000853778568348177,0.115562996068407,0.330133913643263,0.845586100508846,1.000358099037,4500,1,0.744444444444444
"eps.gam[5]",-0.0465651362947636,0.273059447591396,-0.69191782395663,-0.168773388529555,-0.0167039362917215,0.0830635389218447,0.504159794525332,1.00032790441691,4500,1,0.561555555555556
"eps.gam[6]",0.148860327429494,0.285230537643066,-0.336823854047854,-0.0166540144933035,0.0855519290397013,0.288809496040231,0.834469612026381,1.00024601570288,4500,1,0.696444444444444
"eps.gam[7]",-0.198108549557368,0.370796672167484,-1.15843188059786,-0.341741107580357,-0.0935271774642066,0.0115506023429304,0.338376873236198,1.00185894803495,2036,1,0.704666666666667
"eps.gam[8]",0.0328493596000629,0.280255624945622,-0.528233341283165,-0.0962238639268137,0.0118977662830844,0.157099530299031,0.66960344489816,1.00024221832867,4500,1,0.547111111111111
"eps.phi[1]",-0.0936982989527239,0.542179208380353,-1.0285440444886,-0.437679735552388,-0.137167050136201,0.18752605369728,1.12404500462787,1.00036726987693,4500,1,0.618
"eps.phi[2]",-0.52929010725712,0.491771195919442,-1.40677090844466,-0.852700366607824,-0.563643201204243,-0.245640562292833,0.58663450428186,1.00383206295957,1526,1,0.874
"eps.phi[3]",-0.303701240424602,0.51086647188265,-1.22797266288499,-0.6460651184329,-0.338789162615983,-0.0158712734118088,0.841308819247086,1.00664308943318,367,1,0.759777777777778
"eps.phi[4]",0.435975297825736,0.565906765536895,-0.502537515914986,0.0517542564023843,0.359783987833706,0.736522860670734,1.76548346797229,1.00598692236082,825,1,0.79
"eps.phi[5]",0.59965489171904,0.561660109259436,-0.302484811507377,0.211978210406178,0.530309865035002,0.891294076054895,1.92450415307188,1.00454204868629,1129,1,0.886222222222222
"eps.phi[6]",1.43374608029771,0.755801217918239,0.258981070431597,0.905819548847143,1.32568279448031,1.8347392134403,3.23792238306752,1.00611056957905,501,0,0.994666666666667
"eps.phi[7]",0.694543346040725,0.565528953832972,-0.197425276563745,0.305789630580505,0.624213378604507,1.003353821304,2.00693728988824,1.00626060064169,720,1,0.918888888888889
"eps.phi[8]",0.733197021508025,0.570862377718584,-0.174762381297597,0.340759526864785,0.662808223245775,1.04825079614669,2.03267145426009,1.00613443738112,556,1,0.936
"eps.p[1]",-0.387537532079995,0.230013653371258,-0.858916446263507,-0.530439372744062,-0.375047576543779,-0.229224485389783,0.0301573810115752,1.00114196147489,1662,1,0.964888888888889
"eps.p[2]",0.112967452912104,0.188054778453033,-0.241694889608472,-0.0109181445320709,0.107894333511974,0.231260936693638,0.502482769384268,1.00298317126843,2466,1,0.732444444444444
"eps.p[3]",-0.253024922331382,0.178453638006768,-0.611349322691824,-0.366267115261535,-0.251258708710203,-0.13616795470844,0.0832229819830474,1.00209416218214,2182,1,0.933111111111111
"eps.p[4]",-0.427144467682434,0.183137957000023,-0.797635820899081,-0.543718428238732,-0.425041115980755,-0.306623522191427,-0.0743693168798921,1.00451146418976,2682,0,0.990222222222222
"eps.p[5]",0.0659551206677475,0.172516537485525,-0.261374100022183,-0.0484243636846661,0.0643577443628563,0.172942147495124,0.411225896014627,1.00304826668642,2108,1,0.653777777777778
"eps.p[6]",0.120971446108003,0.165728965715577,-0.196134555465235,0.016063443457775,0.116525935167855,0.223142509368399,0.472562202722635,1.00630565195312,859,1,0.780666666666667
"eps.p[7]",0.282864017570903,0.17343979663977,-0.040004320026034,0.168473835896845,0.274538307599749,0.388477362395964,0.636614163992414,1.00542282261037,1806,1,0.961111111111111
"eps.p[8]",0.137236081842756,0.172894084354775,-0.194500182327711,0.025367976830853,0.132873101604911,0.244873120729556,0.48744477541632,1.00581960249824,1482,1,0.802888888888889
"eps.p[9]",0.392802682259876,0.172086209403059,0.0748309246272309,0.28137647170412,0.387604874418672,0.496309630951826,0.73855750595763,1.00486807375068,1793,0,0.991333333333333
"psi.fs[1]",0.574094444444444,0.0513837958798299,0.475,0.54,0.575,0.61,0.675,1.00000755929134,4500,0,1
"psi.fs[2]",0.606097777777778,0.0291914337418881,0.55,0.585,0.605,0.625,0.665,1.00000792055692,4500,0,1
"psi.fs[3]",0.57779,0.0258343611159602,0.53,0.56,0.575,0.595,0.63,0.999989549658606,4500,0,1
"psi.fs[4]",0.579066666666667,0.0290332105903153,0.525,0.56,0.58,0.6,0.635,0.999715349354755,4500,0,1
"psi.fs[5]",0.691311111111111,0.0201732573514575,0.65,0.68,0.69,0.705,0.73,1.00091567493179,2444,0,1
"psi.fs[6]",0.70915,0.0178222169803004,0.675,0.695,0.71,0.72,0.745,1.00035865905648,3215,0,1
"psi.fs[7]",0.787354444444444,0.0165203751901673,0.755,0.775,0.79,0.8,0.82,1.00007442815637,4500,0,1
"psi.fs[8]",0.740642222222222,0.0214784403591552,0.7,0.725,0.74,0.755,0.78,1.00017004651544,4500,0,1
"psi.fs[9]",0.753514444444444,0.018824619975083,0.715,0.74,0.755,0.765,0.79,0.999785708081236,4500,0,1
"psi.surv[1]",0.56973835125448,0.0418803041981453,0.5,0.532258064516129,0.564516129032258,0.596774193548387,0.661290322580645,0.999867152036173,4500,0,1
"psi.surv[2]",0.65243605870021,0.0207719548297519,0.622641509433962,0.641509433962264,0.650943396226415,0.669811320754717,0.69811320754717,1.00051929511191,3008,0,1
"psi.surv[3]",0.577240346729708,0.0205115382479401,0.546099290780142,0.560283687943262,0.574468085106383,0.588652482269504,0.624113475177305,0.99982705848699,4500,0,1
"psi.surv[4]",0.590751111111111,0.0273809425678659,0.54,0.573333333333333,0.586666666666667,0.606666666666667,0.646666666666667,1.00015617276384,4500,0,1
"psi.surv[5]",0.717338235294118,0.0154151886695507,0.691176470588235,0.705882352941177,0.713235294117647,0.727941176470588,0.75,1.00045193506535,3952,0,1
"psi.surv[6]",0.714732919254658,0.0132845211019632,0.68944099378882,0.708074534161491,0.714285714285714,0.720496894409938,0.739130434782609,1.00013883945097,4500,0,1
"psi.surv[7]",0.756345878136201,0.0104530194751882,0.741935483870968,0.75,0.758064516129032,0.766129032258065,0.782258064516129,1.00020782953045,4500,0,1
"psi.surv[8]",0.723412135539795,0.0151733907454912,0.695035460992908,0.716312056737589,0.723404255319149,0.730496453900709,0.75177304964539,1.00100473827873,1755,0,1
"psi.surv[9]",0.758644122383253,0.00937574411415004,0.746376811594203,0.753623188405797,0.760869565217391,0.760869565217391,0.782608695652174,0.999988606183428,4500,0,1
"n.occ[1]",114.818888888889,10.276759175966,95,108,115,122,135,1.00000755929134,4500,0,1
"n.occ[2]",121.219555555556,5.83828674837761,110,117,121,125,133,1.00000792055692,4500,0,1
"n.occ[3]",115.558,5.16687222319204,106,112,115,119,126,0.999989549658606,4500,0,1
"n.occ[4]",115.813333333333,5.80664211806306,105,112,116,120,127,0.999715349354755,4500,0,1
"n.occ[5]",138.262222222222,4.03465147029151,130,136,138,141,146,1.00091567493179,2444,0,1
"n.occ[6]",141.83,3.56444339606009,135,139,142,144,149,1.00035865905648,3215,0,1
"n.occ[7]",157.470888888889,3.30407503803347,151,155,158,160,164,1.00007442815637,4500,0,1
"n.occ[8]",148.128444444444,4.29568807183104,140,145,148,151,156,1.00017004651544,4500,0,1
"n.occ[9]",150.702888888889,3.76492399501659,143,148,151,153,158,0.999785708081236,4500,0,1
"psi.reg[1,1]",0.0582518518518519,0.100726195669563,0,0,0,0.0666666666666667,0.333333333333333,1.00029224489181,4500,1,1
"psi.reg[2,1]",0.492267806267806,0.0990573686959184,0.307692307692308,0.41025641025641,0.487179487179487,0.564102564102564,0.692307692307692,1.00075799187224,3838,0,1
"psi.reg[3,1]",0.701981481481481,0.0958743021024827,0.5,0.633333333333333,0.7,0.766666666666667,0.883333333333333,1.0029358567591,803,0,1
"psi.reg[4,1]",0.581468013468013,0.114972920474629,0.363636363636364,0.515151515151515,0.575757575757576,0.666666666666667,0.787878787878788,1.00050558206847,2768,0,1
"psi.reg[5,1]",0.630930817610063,0.0945304314530749,0.433962264150943,0.566037735849057,0.622641509433962,0.69811320754717,0.811320754716981,1.00020623765567,3795,0,1
"psi.reg[1,2]",0.0474518518518518,0.0700213649997105,0,0,0,0.0666666666666667,0.266666666666667,0.99987194511658,4500,1,1
"psi.reg[2,2]",0.608467236467236,0.0748837157245813,0.461538461538462,0.564102564102564,0.615384615384615,0.666666666666667,0.743589743589744,0.999929926912506,4500,0,1
"psi.reg[3,2]",0.773088888888889,0.0484578761939871,0.683333333333333,0.75,0.766666666666667,0.8,0.866666666666667,1.00277566550668,1125,0,1
"psi.reg[4,2]",0.664053872053872,0.0517689614532008,0.575757575757576,0.636363636363636,0.666666666666667,0.696969696969697,0.757575757575758,1.00052197256832,3439,0,1
"psi.reg[5,2]",0.537329140461216,0.0472872251592875,0.452830188679245,0.509433962264151,0.528301886792453,0.566037735849057,0.632547169811314,1.00097380007611,1878,0,1
"psi.reg[1,3]",0.0109481481481481,0.0271767140135108,0,0,0,0,0.0666666666666667,1.00003771052536,4500,1,1
"psi.reg[2,3]",0.606176638176638,0.0566822801919631,0.487179487179487,0.564102564102564,0.615384615384615,0.641025641025641,0.717948717948718,1.00015022049899,4500,0,1
"psi.reg[3,3]",0.731448148148148,0.0429240352153428,0.65,0.7,0.733333333333333,0.766666666666667,0.816666666666667,1.00028360108997,4500,0,1
"psi.reg[4,3]",0.595360269360269,0.0506799063817108,0.515151515151515,0.545454545454545,0.606060606060606,0.636363636363636,0.696969696969697,0.999765580648708,4500,0,1
"psi.reg[5,3]",0.53243605870021,0.0453648258908166,0.452830188679245,0.504716981132075,0.528301886792453,0.566037735849057,0.622641509433962,0.999917175322312,4500,0,1
"psi.reg[1,4]",0.0212888888888889,0.035837865061643,0,0,0,0.0666666666666667,0.133333333333333,1.00050801511654,4500,1,1
"psi.reg[2,4]",0.645618233618234,0.051329954721548,0.538461538461538,0.615384615384615,0.641025641025641,0.692307692307692,0.743589743589744,1.00028217058716,3376,0,1
"psi.reg[3,4]",0.707407407407407,0.0488052859364451,0.6,0.683333333333333,0.716666666666667,0.733333333333333,0.8,0.999695749085084,4500,0,1
"psi.reg[4,4]",0.547959595959596,0.0580521105770453,0.454545454545455,0.515151515151515,0.545454545454545,0.575757575757576,0.666666666666667,0.999810806076224,4500,0,1
"psi.reg[5,4]",0.562033542976939,0.0446052675349777,0.471698113207547,0.528301886792453,0.566037735849057,0.584905660377358,0.660377358490566,1.00009506093766,4500,0,1
"psi.reg[1,5]",0.113674074074074,0.0413842910835352,0.0666666666666667,0.0666666666666667,0.133333333333333,0.133333333333333,0.2,1.00006881547187,4500,0,1
"psi.reg[2,5]",0.769709401709402,0.0404932081049418,0.692307692307692,0.743589743589744,0.769230769230769,0.794871794871795,0.846153846153846,1.00097545425816,2394,0,1
"psi.reg[3,5]",0.75427037037037,0.0379707214775046,0.683333333333333,0.733333333333333,0.75,0.783333333333333,0.816666666666667,0.999751474478044,4500,0,1
"psi.reg[4,5]",0.636242424242424,0.0420178967740678,0.575757575757576,0.606060606060606,0.636363636363636,0.666666666666667,0.727272727272727,1.00031372272583,3216,0,1
"psi.reg[5,5]",0.760117400419287,0.0324205122692271,0.69811320754717,0.735849056603774,0.754716981132076,0.773584905660377,0.830188679245283,0.999841990405901,4500,0,1
"psi.reg[1,6]",0.148444444444444,0.031380131487843,0.133333333333333,0.133333333333333,0.133333333333333,0.133333333333333,0.2,1.00011395965431,4500,0,1
"psi.reg[2,6]",0.818461538461538,0.0313727540380059,0.743589743589744,0.794871794871795,0.82051282051282,0.846153846153846,0.871794871794872,1.000072151523,4500,0,1
"psi.reg[3,6]",0.758322222222222,0.0288396933902785,0.7,0.733333333333333,0.766666666666667,0.783333333333333,0.816666666666667,1.00046366954999,3276,0,1
"psi.reg[4,6]",0.664518518518519,0.0533491824586249,0.545454545454545,0.636363636363636,0.666666666666667,0.696969696969697,0.757575757575758,0.999879827879735,4500,0,1
"psi.reg[5,6]",0.759526205450734,0.0315262315019366,0.69811320754717,0.735849056603774,0.754716981132076,0.773584905660377,0.811320754716981,1.00144572795013,4500,0,1
"psi.reg[1,7]",0.224933333333333,0.0403922140702478,0.2,0.2,0.2,0.266666666666667,0.333333333333333,1.00067268097003,4123,0,1
"psi.reg[2,7]",0.931698005698006,0.0258433940800538,0.871794871794872,0.923076923076923,0.923076923076923,0.948717948717949,0.974358974358974,1.00120918736362,1736,0,1
"psi.reg[3,7]",0.77377037037037,0.0270152370594155,0.716666666666667,0.75,0.783333333333333,0.8,0.816666666666667,1.00072297337865,2955,0,1
"psi.reg[4,7]",0.779097643097643,0.0428695511586,0.696969696969697,0.757575757575758,0.787878787878788,0.818181818181818,0.878787878787879,1.00031689951085,4019,0,1
"psi.reg[5,7]",0.860834381551363,0.0293138083362955,0.811320754716981,0.849056603773585,0.867924528301887,0.886792452830189,0.915566037735842,1.00083178316518,1787,0,1
"psi.reg[1,8]",0.286503703703704,0.0335964000523398,0.266666666666667,0.266666666666667,0.266666666666667,0.333333333333333,0.333333333333333,1.00052220593084,4347,0,1
"psi.reg[2,8]",0.789549857549858,0.0390598546046987,0.717948717948718,0.769230769230769,0.794871794871795,0.82051282051282,0.871794871794872,1.0006844041685,1994,0,1
"psi.reg[3,8]",0.782159259259259,0.026700482734704,0.724583333333333,0.766666666666667,0.783333333333333,0.8,0.833333333333333,1.00015617549453,4093,0,1
"psi.reg[4,8]",0.720148148148148,0.0547294210355722,0.606060606060606,0.696969696969697,0.727272727272727,0.757575757575758,0.818181818181818,1.00016624175449,4500,0,1
"psi.reg[5,8]",0.798943396226415,0.0432627109329991,0.716981132075472,0.773584905660377,0.792452830188679,0.830188679245283,0.886792452830189,0.999831862474903,4500,0,1
"psi.reg[1,9]",0.2976,0.0507499072498752,0.2,0.266666666666667,0.266666666666667,0.333333333333333,0.4,1.00033508640237,3165,0,1
"psi.reg[2,9]",0.911487179487179,0.0285062095747112,0.846153846153846,0.897435897435897,0.923076923076923,0.923076923076923,0.948717948717949,1.00038558996927,4500,0,1
"psi.reg[3,9]",0.778355555555556,0.023657284005419,0.733333333333333,0.766666666666667,0.783333333333333,0.8,0.816666666666667,1.00019094202349,4500,0,1
"psi.reg[4,9]",0.626060606060606,0.0425389757259043,0.545454545454545,0.606060606060606,0.636363636363636,0.666666666666667,0.696969696969697,1.00106245592593,4500,0,1
"psi.reg[5,9]",0.817538784067086,0.0454470047034261,0.716981132075472,0.792452830188679,0.811320754716981,0.849056603773585,0.905660377358491,0.99988799537566,4500,0,1
"n.occ.reg[1,1]",0.873777777777778,1.51089293504345,0,0,0,1,5,1.00029224489181,4500,1,1
"n.occ.reg[2,1]",19.1984444444444,3.86323737914082,12,16,19,22,27,1.00075799187224,3838,0,1
"n.occ.reg[3,1]",42.1188888888889,5.75245812614896,30,38,42,46,53,1.0029358567591,803,0,1
"n.occ.reg[4,1]",19.1884444444444,3.79410637566274,12,17,19,22,26,1.00050558206847,2768,0,1
"n.occ.reg[5,1]",33.4393333333333,5.01011286701297,23,30,33,37,43,1.00020623765567,3795,0,1
"n.occ.reg[1,2]",0.711777777777778,1.05032047499566,0,0,0,1,4,0.99987194511658,4500,1,1
"n.occ.reg[2,2]",23.7302222222222,2.92046491325867,18,22,24,26,29,0.999929926912507,4500,0,1
"n.occ.reg[3,2]",46.3853333333333,2.90747257163923,41,45,46,48,52,1.00277566550668,1125,0,1
"n.occ.reg[4,2]",21.9137777777778,1.70837572795563,19,21,22,23,25,1.00052197256832,3439,0,1
"n.occ.reg[5,2]",28.4784444444444,2.50622293344224,24,27,28,30,33.5249999999996,1.00097380007611,1878,0,1
"n.occ.reg[1,3]",0.164222222222222,0.407650710202662,0,0,0,0,1,1.00003771052536,4500,1,1
"n.occ.reg[2,3]",23.6408888888889,2.21060892748656,19,22,24,25,28,1.00015022049899,4500,0,1
"n.occ.reg[3,3]",43.8868888888889,2.57544211292057,39,42,44,46,49,1.00028360108997,4500,0,1
"n.occ.reg[4,3]",19.6468888888889,1.67243691059646,17,18,20,21,23,0.999765580648708,4500,0,1
"n.occ.reg[5,3]",28.2191111111111,2.40433577221328,24,26.75,28,30,33,0.999917175322312,4500,0,1
"n.occ.reg[1,4]",0.319333333333333,0.537567975924645,0,0,0,1,2,1.00050801511654,4500,1,1
"n.occ.reg[2,4]",25.1791111111111,2.00186823414037,21,24,25,27,29,1.00028217058716,3376,0,1
"n.occ.reg[3,4]",42.4444444444444,2.92831715618671,36,41,43,44,48,0.999695749085084,4500,0,1
"n.occ.reg[4,4]",18.0826666666667,1.91571964904249,15,17,18,19,22,0.999810806076224,4500,0,1
"n.occ.reg[5,4]",29.7877777777778,2.36407917935382,25,28,30,31,35,1.00009506093766,4500,0,1
"n.occ.reg[1,5]",1.70511111111111,0.620764366253028,1,1,2,2,3,1.00006881547187,4500,0,1
"n.occ.reg[2,5]",30.0186666666667,1.57923511609273,27,29,30,31,33,1.00097545425816,2394,0,1
"n.occ.reg[3,5]",45.2562222222222,2.27824328865027,41,44,45,47,49,0.999751474478044,4500,0,1
"n.occ.reg[4,5]",20.996,1.38659059354424,19,20,21,22,24,1.00031372272583,3216,0,1
"n.occ.reg[5,5]",40.2862222222222,1.71828715026903,37,39,40,41,44,0.999841990405901,4500,0,1
"n.occ.reg[1,6]",2.22666666666667,0.470701972317645,2,2,2,2,3,1.00011395965431,4500,0,1
"n.occ.reg[2,6]",31.92,1.22353740748223,29,31,32,33,34,1.000072151523,4500,0,1
"n.occ.reg[3,6]",45.4993333333333,1.73038160341671,42,44,46,47,49,1.00046366954999,3276,0,1
"n.occ.reg[4,6]",21.9291111111111,1.76052302113462,18,21,22,23,25,0.999879827879735,4500,0,1
"n.occ.reg[5,6]",40.2548888888889,1.67089026960264,37,39,40,41,43,1.00144572795013,4500,0,1
"n.occ.reg[1,7]",3.374,0.605883211053718,3,3,3,4,5,1.00067268097003,4123,0,1
"n.occ.reg[2,7]",36.3362222222222,1.0078923691221,34,36,36,37,38,1.00120918736362,1736,0,1
"n.occ.reg[3,7]",46.4262222222222,1.62091422356493,43,45,47,48,49,1.00072297337865,2955,0,1
"n.occ.reg[4,7]",25.7102222222222,1.4146951882338,23,25,26,27,29,1.00031689951085,4019,0,1
"n.occ.reg[5,7]",45.6242222222222,1.55363184182366,43,45,46,47,48.5249999999996,1.00083178316518,1787,0,1
"n.occ.reg[1,8]",4.29755555555556,0.503946000785097,4,4,4,5,5,1.00052220593084,4347,0,1
"n.occ.reg[2,8]",30.7924444444444,1.52333432958325,28,30,31,32,34,1.0006844041685,1994,0,1
"n.occ.reg[3,8]",46.9295555555556,1.60202896408224,43.475,46,47,48,50,1.00015617549453,4093,0,1
"n.occ.reg[4,8]",23.7648888888889,1.80607089417388,20,23,24,25,27,1.00016624175449,4500,0,1
"n.occ.reg[5,8]",42.344,2.29292367944895,38,41,42,44,47,0.999831862474903,4500,0,1
"n.occ.reg[1,9]",4.464,0.761248608748128,3,4,4,5,6,1.00033508640237,3165,0,1
"n.occ.reg[2,9]",35.548,1.11174217341374,33,35,36,36,37,1.00038558996927,4500,0,1
"n.occ.reg[3,9]",46.7013333333333,1.41943704032514,44,46,47,48,49,1.00019094202349,4500,0,1
"n.occ.reg[4,9]",20.66,1.40378619895484,18,20,21,22,23,1.00106245592593,4500,0,1
"n.occ.reg[5,9]",43.3295555555556,2.40869124928158,38,42,43,45,48,0.99988799537566,4500,0,1
"psi.reg.init[1]",0.183280436598114,0.154455639366413,0.0132027419017297,0.0677003703926728,0.13837852327661,0.256970144026938,0.581982158204326,0.999885273819268,4500,0,1
"psi.reg.init[2]",0.365092443768434,0.131322847422177,0.143687179369222,0.268822954165685,0.353856448386566,0.452703177498707,0.644520878725664,0.999932799135783,4500,0,1
"psi.reg.init[3]",0.694754575673566,0.118889140373284,0.452596710143093,0.614065302822622,0.701432185177359,0.783618191239975,0.900626139900041,1.00108788961628,1498,0,1
"psi.reg.init[4]",0.50800332520716,0.146237839476839,0.231861205443404,0.404131726275754,0.505307177769658,0.612815115982119,0.789751559998598,1.00010934444168,4500,0,1
"psi.reg.init[5]",0.749928834427777,0.119908214501623,0.474071361498259,0.677156484373634,0.765476052204088,0.83897569998189,0.934258192741127,1.00258637701961,874,0,1
"gamma.reg[1,1]",0.0975476433339809,0.0559223726033882,0.0234699147293742,0.0572487105761507,0.085344995170899,0.125122201802424,0.235618995352639,1.00003096242515,4500,0,1
"gamma.reg[2,1]",0.450870484999443,0.107634349617858,0.249363463523278,0.375712108892525,0.447985299496122,0.524425141112289,0.668044186939384,1.00109886716493,1469,0,1
"gamma.reg[3,1]",0.233805791488964,0.0906660788062945,0.0718611221678078,0.169788309174795,0.227164061511792,0.292098400289881,0.422722213371833,0.999789811878716,4500,0,1
"gamma.reg[4,1]",0.540575488751967,0.0977562625505543,0.33912694674064,0.475579418048327,0.544393598447913,0.607237588936429,0.724684076572173,0.999942005686094,4500,0,1
"gamma.reg[5,1]",0.473976971955308,0.105843550633274,0.265084108431919,0.406517348656889,0.474258440274359,0.543613982820204,0.677307488000097,1.0007483447372,3845,0,1
"gamma.reg[1,2]",0.0920297086769281,0.0517872695383482,0.0246926504836461,0.054695974156286,0.0810466868791812,0.117598566182951,0.225363388791038,1.00007042150201,4500,0,1
"gamma.reg[2,2]",0.438152121815606,0.104299682000112,0.245614293639969,0.365802299684279,0.434392334624465,0.508586160158744,0.646564807634427,1.00153282445701,1531,0,1
"gamma.reg[3,2]",0.222481117542608,0.0822295109081897,0.079171012086807,0.165060860008558,0.216050264559418,0.273130184245449,0.400150834729996,1.00005893602085,4500,0,1
"gamma.reg[4,2]",0.527793377155589,0.0944322925491241,0.334188609213472,0.464807664485284,0.530551841142364,0.592419780942982,0.705823358144224,0.99999061206321,4500,0,1
"gamma.reg[5,2]",0.460577423862251,0.0973509739191154,0.276561408947542,0.394340745329142,0.457199440360055,0.523939167490159,0.656880486346968,1.00103579000353,4006,0,1
"gamma.reg[1,3]",0.0872218346637752,0.0491592511536715,0.0216735670236014,0.0518029633512859,0.0768474293592809,0.111005413046827,0.210766969634824,1.00037852375537,4370,0,1
"gamma.reg[2,3]",0.423430200586295,0.104329414940561,0.232046325537665,0.349990465673666,0.421139691173581,0.494465732613903,0.628057591392445,1.00244983510927,733,0,1
"gamma.reg[3,3]",0.21234325371119,0.0795592053933228,0.070978189700447,0.155882935129801,0.20603685815864,0.263471589162892,0.380855198534012,0.999993036240656,4500,0,1
"gamma.reg[4,3]",0.512595864442878,0.0968186188316399,0.318136691832098,0.449965688304966,0.514300966398908,0.578332979253688,0.694172234742279,1.00048388235741,2575,0,1
"gamma.reg[5,3]",0.445684672223338,0.0973460369320279,0.255280470697454,0.382024896533359,0.445193108177419,0.508783057515215,0.641412295385008,1.00218622673525,953,0,1
"gamma.reg[1,4]",0.116401641210348,0.0601091934936292,0.0344456433185485,0.0725116160486559,0.104695616818812,0.14877961631957,0.263237444160127,1.00005121367756,4500,0,1
"gamma.reg[2,4]",0.50509045548989,0.112479312202297,0.296283659694095,0.421660021938502,0.503319023657423,0.584295126255672,0.730891065025801,1.00037570551847,3000,0,1
"gamma.reg[3,4]",0.271603833374985,0.0920395525670097,0.113578418767069,0.206164234865024,0.263267726165948,0.327690393094152,0.478071535105247,1.00000495481447,4500,0,1
"gamma.reg[4,4]",0.594292228951284,0.0955452154605235,0.41094783787188,0.528614546211833,0.594319869454967,0.660519250946383,0.78001936147584,0.999890112759842,4500,0,1
"gamma.reg[5,4]",0.528597556894987,0.0896858828504008,0.362517157004583,0.465173268517418,0.525114287450848,0.58883386414601,0.710563894570241,1.00064635576229,2076,0,1
"gamma.reg[1,5]",0.0962259321061577,0.0530048332014414,0.025908590705698,0.0580191666789163,0.0852682269115914,0.121927409799998,0.233193118581212,1.00099152609699,2225,0,1
"gamma.reg[2,5]",0.451277768598105,0.108553455579821,0.247780031975378,0.375472931468012,0.448016859259304,0.524624570830704,0.66809367846925,1.00050426490803,2558,0,1
"gamma.reg[3,5]",0.231080253590583,0.0827348034915617,0.0866855072970242,0.172587439833482,0.224960966354326,0.284346364174334,0.408908196793968,1.00027559204174,4111,0,1
"gamma.reg[4,5]",0.540919962123966,0.0946060112838383,0.354037050614555,0.47747610025841,0.542265138205348,0.605648040850052,0.719293919801888,1.00009293561333,4500,0,1
"gamma.reg[5,5]",0.473852364277774,0.0965782706163157,0.285435553281535,0.410358083879,0.471341543197343,0.537623434081725,0.665866084899184,1.0015388349252,1254,0,1
"gamma.reg[1,6]",0.113852281909105,0.0617032057179448,0.0324191099029506,0.0694069626140895,0.101297600576052,0.142902090976057,0.265067559096169,1.00156879315655,1731,0,1
"gamma.reg[2,6]",0.497156113212968,0.112492874174327,0.292307213508266,0.416518935481121,0.493148193783352,0.571591628671737,0.730062322932556,1.00034008214065,3444,0,1
"gamma.reg[3,6]",0.264942898174823,0.0886996462909123,0.11491851587333,0.202201963904727,0.258643019485599,0.31765131695685,0.462340946195076,1.00040147057662,2956,0,1
"gamma.reg[4,6]",0.586507427267073,0.0969160619153715,0.403827053368662,0.51912892743598,0.584277797486356,0.651717062587319,0.780519913018343,0.999745295291188,4500,0,1
"gamma.reg[5,6]",0.520514021213418,0.0950303359556676,0.343775159094684,0.453852408426955,0.515418778954721,0.582770562545227,0.718787083416084,1.00271494019874,1002,0,1
"gamma.reg[1,7]",0.0861602159455228,0.0509468383012295,0.0190651079820981,0.05018401672838,0.0752156382210542,0.110747966167875,0.217168549987121,1.0000137517164,4500,0,1
"gamma.reg[2,7]",0.417555316722147,0.116264512524444,0.188119655920386,0.339061258040006,0.418645242369735,0.495409618539498,0.639341333633807,1.00176769110744,982,0,1
"gamma.reg[3,7]",0.20886960642577,0.0824774676471715,0.0614132966599168,0.149864573177558,0.204117638430267,0.263143609548984,0.382769542322719,0.999740244431649,4500,0,1
"gamma.reg[4,7]",0.505484957358253,0.112923826524039,0.259107921548644,0.43733691423157,0.513413398199386,0.582837747722723,0.705589450963235,1.000554359586,2937,0,1
"gamma.reg[5,7]",0.439722618808042,0.113214035640299,0.204100050991836,0.364649188416297,0.444322260065104,0.516677526502921,0.651986002471086,1.00152328115987,4086,0,1
"gamma.reg[1,8]",0.103399747387461,0.0572742836219685,0.0283007238949169,0.0622996222475928,0.0908122373871801,0.131951914168124,0.249730415643082,1.00001450788344,4500,0,1
"gamma.reg[2,8]",0.46986067001068,0.109898334372292,0.268132719544974,0.392671174086238,0.464705494753633,0.544874307521251,0.692082112235095,1.00080223940516,1998,0,1
"gamma.reg[3,8]",0.244364176110122,0.084936014284816,0.0979168058973924,0.18480037447483,0.237319255861876,0.298914950994903,0.422333253228121,1.00016444339433,4500,0,1
"gamma.reg[4,8]",0.559356631095835,0.0997475610407328,0.367481859642693,0.492820814870732,0.557993256282102,0.625656094652056,0.752993283164317,0.999828873970685,4500,0,1
"gamma.reg[5,8]",0.492802277302424,0.098862249832208,0.306529972997232,0.426163597791844,0.490659891545312,0.557014410096224,0.696266026770922,1.00047613032505,2832,0,1
"phi.reg[1,1]",0.706031711188897,0.195923156386723,0.284427445232647,0.571149540661225,0.738858084488768,0.869940467557166,0.977597370599789,0.999904444514998,4500,0,1
"phi.reg[2,1]",0.858970631006557,0.0658017473278609,0.701334767148779,0.822546764812031,0.870055773465291,0.906406352837179,0.955875565265632,1.00230151665497,867,0,1
"phi.reg[3,1]",0.92865227777858,0.0361807561042015,0.841191133679712,0.909757993608434,0.935414446681847,0.954756088520129,0.977771229129579,1.00215053777316,966,0,1
"phi.reg[4,1]",0.646445340538783,0.104455661829269,0.420799387650868,0.576825528819335,0.652444146811743,0.720744255870463,0.82969287225741,1.00324283692455,685,0,1
"phi.reg[5,1]",0.72739469126439,0.0916564082468387,0.534353141893068,0.669235506303622,0.732851767215345,0.795521661040528,0.887278409332165,1.00051578459253,4500,0,1
"phi.reg[1,2]",0.628161669412437,0.216747270583929,0.207692416435186,0.458736723353238,0.647781321675899,0.809368624800304,0.968481676756105,1.00047370125544,2838,0,1
"phi.reg[2,2]",0.803197039319534,0.0748964103183347,0.632821045190199,0.75747227036057,0.812014524389501,0.857674778480512,0.924411328795605,1.00174605689657,1238,0,1
"phi.reg[3,2]",0.897187822714823,0.0431117187220625,0.795851256928606,0.871963027219565,0.903460290012756,0.928426607403285,0.963839290843744,1.00085613972895,1870,0,1
"phi.reg[4,2]",0.548094884265476,0.0957019032590544,0.36094328176734,0.482511156148008,0.548951550488208,0.614274617359446,0.731656105348194,1.001385082781,1207,0,1
"phi.reg[5,2]",0.63962215708484,0.0949534039441542,0.446314018606271,0.575246920023517,0.642141896243803,0.707068031661776,0.815199770073645,0.999992129814201,4500,0,1
"phi.reg[1,3]",0.670223785621985,0.203776448866021,0.247189280189787,0.520450631211043,0.690604893282504,0.843123263805788,0.973531290722651,1.00093740318219,1642,0,1
"phi.reg[2,3]",0.835180980651711,0.0668213589568604,0.678771387357062,0.796207008709601,0.843916696292738,0.884402643895994,0.937488209960724,1.00031437737445,3365,0,1
"phi.reg[3,3]",0.913662833639287,0.0429648455355502,0.808804935856824,0.891108757424189,0.921241241420091,0.945462309066732,0.973481495349181,1.00083036933884,2279,0,1
"phi.reg[4,3]",0.600624528304934,0.0982897639725392,0.407715353830921,0.532205545210362,0.602493648733325,0.671749883474925,0.784288545187177,1.00092296857595,4500,0,1
"phi.reg[5,3]",0.68725856033775,0.0934043508733584,0.489835604922199,0.625148678881201,0.693019158518142,0.753342611045306,0.849366307222198,1.00147069290353,1234,0,1
"phi.reg[1,4]",0.789740242778776,0.158305197396302,0.412497665484,0.695241289832707,0.828000902051988,0.918076551546174,0.987430030054341,1.00045608145576,2976,0,1
"phi.reg[2,4]",0.912117407041286,0.0400723752003756,0.816135082698611,0.890400266111198,0.917981441666635,0.941059507406282,0.971149145513908,1.00243102694012,1753,0,1
"phi.reg[3,4]",0.956375262059632,0.0228190882962155,0.900885368418624,0.944280054971176,0.960789523670615,0.973153710707493,0.987331860780091,1.00020529096655,3911,0,1
"phi.reg[4,4]",0.753398541284549,0.0794564016942614,0.580755382231348,0.702556234526947,0.759694319680054,0.810855414090789,0.889941887406188,1.00101211599055,4500,0,1
"phi.reg[5,4]",0.817580512632563,0.0657830251573456,0.669602530872445,0.777112012054893,0.824919465341826,0.865616261335662,0.926527253397234,1.00012587649747,4500,0,1
"phi.reg[1,5]",0.813057033494693,0.143320326317298,0.464020550579335,0.729083829799793,0.846043947814816,0.927824009674811,0.988569424270493,1.00077072756333,3070,0,1
"phi.reg[2,5]",0.924806822731644,0.0330324955324239,0.847759340998204,0.905923238600798,0.929965306709054,0.948628727927426,0.974197972355379,1.00140341495226,1350,0,1
"phi.reg[3,5]",0.963024954595257,0.0186090032203271,0.918879112141825,0.953130539936899,0.966375156305952,0.976565783438789,0.988830729725294,1.00074057808508,1952,0,1
"phi.reg[4,5]",0.78221774215318,0.0702606801455755,0.626208245786939,0.738965099394297,0.788063940979767,0.833145749764942,0.90047244801182,1.00080185288182,2100,0,1
"phi.reg[5,5]",0.842148087046147,0.0517656626621482,0.728539692235381,0.811082700494348,0.847074179391124,0.879199001751698,0.929604012957848,0.999784299645063,4500,0,1
"phi.reg[1,6]",0.897520257084569,0.0948270467448177,0.646553759493001,0.853373341541276,0.927567861187909,0.968433023202416,0.995619313778201,1.00248976738893,984,0,1
"phi.reg[2,6]",0.963459526144444,0.0208852561531799,0.910886463307705,0.952753652891864,0.967582486683826,0.978328359723232,0.991760494492294,1.0000970454352,4500,0,1
"phi.reg[3,6]",0.982238678068252,0.0114731068018156,0.95248113874319,0.976855024907105,0.984822683346638,0.990518581777395,0.996737660364663,1.00238146306399,2595,0,1
"phi.reg[4,6]",0.884493333057156,0.0556278469513199,0.757118920881139,0.851756056072602,0.891253556269517,0.925009371457485,0.971522691625705,1.00073296394538,3139,0,1
"phi.reg[5,6]",0.919348781288172,0.0392682061771294,0.826294442836042,0.89696382186568,0.924413372428921,0.947879950622748,0.979499733475288,1.00349560489603,638,0,1
"phi.reg[1,7]",0.826196785918008,0.13474483012522,0.491113642046442,0.748336034664107,0.859885987502512,0.931882225983235,0.989566000150219,1.00055051711597,2510,0,1
"phi.reg[2,7]",0.930308216389861,0.0328780145918419,0.851819796557368,0.912911626270475,0.935982422187926,0.954471141444311,0.97738138263053,1.00202391668869,1922,0,1
"phi.reg[3,7]",0.966096510022008,0.0175667774968009,0.92160096853126,0.957291243737832,0.969439747191848,0.978987211882217,0.98986626832287,1.00116177321572,2175,0,1
"phi.reg[4,7]",0.798004225575,0.0651318973679495,0.659323808661026,0.757746408882731,0.804438912845406,0.845934719835654,0.908954519897534,1.00004020080921,4500,0,1
"phi.reg[5,7]",0.853158905138072,0.0521778240699182,0.737322510307071,0.822503942212167,0.858966303707052,0.890641824644781,0.938508661969557,1.0001923996036,4359,0,1
"phi.reg[1,8]",0.83123458772095,0.132155849786383,0.504123212224729,0.758309755842601,0.866424190249472,0.936719869706249,0.989842855191671,1.00106772996496,1631,0,1
"phi.reg[2,8]",0.933628237602859,0.0293873573963143,0.864745638760709,0.917575574859275,0.938372836817873,0.955444799223204,0.975888656125949,0.999994000310252,4500,0,1
"phi.reg[3,8]",0.967466509363199,0.0165394830418002,0.926855677135004,0.958806541474455,0.970594229414973,0.979445523587005,0.990413273528279,0.999824675324179,4500,0,1
"phi.reg[4,8]",0.803616190064355,0.0646250884375265,0.661293266599948,0.762138884638108,0.808915451230211,0.849615157873238,0.914037191206766,0.999756617161359,4500,0,1
"phi.reg[5,8]",0.857640368034237,0.0513562035139861,0.738539389217776,0.826956970628286,0.863609248633391,0.894023428338178,0.942200981888536,1.00059692220263,2453,0,1
"ext.reg[1,1]",0.293968288811103,0.195923156386723,0.0224026294002108,0.130059532442834,0.261141915511232,0.428850459338775,0.715572554767353,0.999904444514998,4500,0,1
"ext.reg[2,1]",0.141029368993443,0.0658017473278609,0.0441244347343684,0.0935936471628209,0.129944226534709,0.177453235187969,0.298665232851221,1.00230151665497,867,0,1
"ext.reg[3,1]",0.0713477222214199,0.0361807561042015,0.0222287708704206,0.0452439114798709,0.0645855533181531,0.0902420063915663,0.158808866320288,1.00215053777316,966,0,1
"ext.reg[4,1]",0.353554659461217,0.104455661829269,0.170307127742589,0.279255744129537,0.347555853188257,0.423174471180665,0.579200612349132,1.00324283692455,685,0,1
"ext.reg[5,1]",0.27260530873561,0.0916564082468387,0.112721590667835,0.204478338959472,0.267148232784656,0.330764493696378,0.465646858106932,1.00051578459253,4500,0,1
"ext.reg[1,2]",0.371838330587563,0.216747270583929,0.0315183232438949,0.190631375199696,0.352218678324101,0.541263276646762,0.792307583564814,1.00047370125544,2838,0,1
"ext.reg[2,2]",0.196802960680466,0.0748964103183347,0.0755886712043947,0.142325221519489,0.187985475610499,0.24252772963943,0.367178954809801,1.00174605689657,1238,0,1
"ext.reg[3,2]",0.102812177285177,0.0431117187220625,0.0361607091562558,0.0715733925967151,0.0965397099872439,0.128036972780435,0.204148743071394,1.00085613972895,1870,0,1
"ext.reg[4,2]",0.451905115734524,0.0957019032590544,0.268343894651806,0.385725382640554,0.451048449511792,0.517488843851992,0.63905671823266,1.001385082781,1207,0,1
"ext.reg[5,2]",0.36037784291516,0.0949534039441542,0.184800229926355,0.292931968338224,0.357858103756197,0.424753079976483,0.553685981393729,0.999992129814201,4500,0,1
"ext.reg[1,3]",0.329776214378015,0.203776448866021,0.026468709277349,0.156876736194212,0.309395106717496,0.479549368788957,0.752810719810213,1.00093740318219,1642,0,1
"ext.reg[2,3]",0.164819019348289,0.0668213589568604,0.0625117900392762,0.115597356104006,0.156083303707262,0.203792991290399,0.321228612642938,1.00031437737445,3365,0,1
"ext.reg[3,3]",0.0863371663607134,0.0429648455355502,0.0265185046508192,0.0545376909332676,0.0787587585799092,0.108891242575811,0.191195064143176,1.00083036933884,2279,0,1
"ext.reg[4,3]",0.399375471695066,0.0982897639725392,0.215711454812822,0.328250116525075,0.397506351266675,0.467794454789638,0.59228464616908,1.00092296857595,4500,0,1
"ext.reg[5,3]",0.31274143966225,0.0934043508733584,0.150633692777802,0.246657388954694,0.306980841481858,0.374851321118799,0.510164395077801,1.00147069290353,1234,0,1
"ext.reg[1,4]",0.210259757221224,0.158305197396302,0.0125699699456589,0.0819234484538258,0.171999097948012,0.304758710167293,0.587502334516,1.00045608145576,2976,0,1
"ext.reg[2,4]",0.0878825929587137,0.0400723752003756,0.028850854486092,0.0589404925937184,0.0820185583333649,0.109599733888802,0.183864917301389,1.00243102694012,1753,0,1
"ext.reg[3,4]",0.0436247379403675,0.0228190882962155,0.0126681392199093,0.0268462892925066,0.0392104763293852,0.0557199450288244,0.0991146315813759,1.00020529096655,3911,0,1
"ext.reg[4,4]",0.246601458715451,0.0794564016942614,0.110058112593812,0.189144585909211,0.240305680319946,0.297443765473053,0.419244617768652,1.00101211599055,4500,0,1
"ext.reg[5,4]",0.182419487367437,0.0657830251573456,0.0734727466027659,0.134383738664338,0.175080534658174,0.222887987945107,0.330397469127555,1.00012587649747,4500,0,1
"ext.reg[1,5]",0.186942966505307,0.143320326317298,0.0114305757295074,0.0721759903251891,0.153956052185184,0.270916170200207,0.535979449420665,1.00077072756333,3070,0,1
"ext.reg[2,5]",0.0751931772683559,0.0330324955324239,0.0258020276446208,0.0513712720725736,0.0700346932909464,0.0940767613992025,0.152240659001796,1.00140341495226,1350,0,1
"ext.reg[3,5]",0.036975045404743,0.0186090032203271,0.0111692702747059,0.0234342165612113,0.0336248436940475,0.0468694600631013,0.081120887858175,1.00074057808508,1952,0,1
"ext.reg[4,5]",0.21778225784682,0.0702606801455755,0.0995275519881803,0.166854250235058,0.211936059020233,0.261034900605703,0.373791754213061,1.00080185288182,2100,0,1
"ext.reg[5,5]",0.157851912953853,0.0517656626621482,0.0703959870421522,0.120800998248302,0.152925820608876,0.188917299505652,0.271460307764619,0.999784299645063,4500,0,1
"ext.reg[1,6]",0.102479742915431,0.0948270467448177,0.00438068622179897,0.0315669767975839,0.0724321388120914,0.146626658458724,0.353446240506999,1.00248976738893,984,0,1
"ext.reg[2,6]",0.0365404738555558,0.0208852561531799,0.00823950550770577,0.0216716402767683,0.0324175133161744,0.0472463471081365,0.0891135366922948,1.0000970454352,4500,0,1
"ext.reg[3,6]",0.0177613219317478,0.0114731068018156,0.003262339635337,0.00948141822260512,0.0151773166533619,0.0231449750928946,0.0475188612568096,1.00238146306399,2595,0,1
"ext.reg[4,6]",0.115506666942844,0.0556278469513199,0.0284773083742951,0.0749906285425152,0.108746443730483,0.148243943927398,0.242881079118861,1.00073296394538,3139,0,1
"ext.reg[5,6]",0.0806512187118276,0.0392682061771294,0.0205002665247126,0.0521200493772519,0.0755866275710795,0.10303617813432,0.173705557163958,1.00349560489603,638,0,1
"ext.reg[1,7]",0.173803214081992,0.13474483012522,0.0104339998497806,0.0681177740167651,0.140114012497488,0.251663965335893,0.508886357953558,1.00055051711597,2510,0,1
"ext.reg[2,7]",0.0696917836101392,0.0328780145918419,0.02261861736947,0.0455288585556887,0.064017577812074,0.0870883737295246,0.148180203442632,1.00202391668869,1922,0,1
"ext.reg[3,7]",0.0339034899779921,0.0175667774968009,0.0101337316771304,0.0210127881177831,0.030560252808152,0.0427087562621676,0.0783990314687404,1.00116177321572,2175,0,1
"ext.reg[4,7]",0.201995774425,0.0651318973679495,0.0910454801024662,0.154065280164346,0.195561087154594,0.242253591117269,0.340676191338974,1.00004020080921,4500,0,1
"ext.reg[5,7]",0.146841094861928,0.0521778240699182,0.0614913380304431,0.109358175355219,0.141033696292948,0.177496057787833,0.262677489692929,1.0001923996036,4359,0,1
"ext.reg[1,8]",0.16876541227905,0.132155849786383,0.010157144808329,0.0632801302937509,0.133575809750528,0.241690244157399,0.495876787775271,1.00106772996496,1631,0,1
"ext.reg[2,8]",0.0663717623971406,0.0293873573963143,0.0241113438740509,0.0445552007767959,0.0616271631821266,0.082424425140725,0.135254361239291,0.999994000310252,4500,0,1
"ext.reg[3,8]",0.0325334906368008,0.0165394830418002,0.00958672647172071,0.0205544764129952,0.0294057705850271,0.0411934585255449,0.0731443228649964,0.999824675324179,4500,0,1
"ext.reg[4,8]",0.196383809935645,0.0646250884375265,0.0859628087932336,0.150384842126762,0.191084548769789,0.237861115361892,0.338706733400052,0.999756617161359,4500,0,1
"ext.reg[5,8]",0.142359631965763,0.0513562035139861,0.0577990181114644,0.105976571661822,0.136390751366609,0.173043029371715,0.261460610782224,1.00059692220263,2453,0,1
"mean.gamma.reg[1]",0.0991048756541598,0.0498139197443294,0.0302338416308303,0.0626369833017657,0.0890339020174388,0.12443444088199,0.226997511766947,1.00029843184047,3684,0,1
"mean.gamma.reg[2]",0.456674141429392,0.0914180002312601,0.284195014623768,0.393195925406226,0.455240089566689,0.517610854914852,0.641019849446795,1.00162022191325,1196,0,1
"mean.gamma.reg[3]",0.23618636630238,0.0732544204329382,0.101220466901802,0.185083024330505,0.231283628264893,0.283802272026467,0.388253006808984,0.999907724438827,4500,0,1
"mean.gamma.reg[4]",0.545940742143356,0.0775624837161907,0.396501180937852,0.492182226993256,0.546373845093582,0.599414458884491,0.698779420817494,0.999964840658216,4500,0,1
"mean.gamma.reg[5]",0.479465988317193,0.0785291838940486,0.334862607142376,0.424057783061712,0.474802019825725,0.528770469612504,0.643089370443994,1.00187073346112,1380,0,1
"mean.phi.reg[1]",0.77027075915254,0.1492252812972,0.441383741862153,0.668163882872556,0.793715359693896,0.892991914018224,0.981927488404544,1.00065350897468,2244,0,1
"mean.phi.reg[2]",0.895208607610987,0.0328589819364583,0.820815531198543,0.875904221402557,0.897779876199978,0.918908612908882,0.949509040221384,1.00139530276823,1337,0,1
"mean.phi.reg[3]",0.94683810603013,0.0195123393693668,0.903129017916153,0.934927176660422,0.949278182883159,0.961259972036613,0.978039991097311,1.00072355795378,1920,0,1
"mean.phi.reg[4]",0.727111848155429,0.0471473240344122,0.630374794671977,0.695628691613502,0.72914167056782,0.759601725048054,0.817396283672025,1.00082687665414,1809,0,1
"mean.phi.reg[5]",0.793019007853271,0.0418854334566482,0.706935378157202,0.766275326803799,0.794470791134989,0.821696675197021,0.871904037259296,1.0002428858408,3510,0,1
"mean.ext.reg[1]",0.22972924084746,0.1492252812972,0.0180725115954557,0.107008085981776,0.206284640306104,0.331836117127444,0.558616258137847,1.00065350897468,2244,0,1
"mean.ext.reg[2]",0.104791392389013,0.0328589819364583,0.0504909597786161,0.0810913870911175,0.102220123800022,0.124095778597443,0.179184468801457,1.00139530276823,1337,0,1
"mean.ext.reg[3]",0.0531618939698702,0.0195123393693668,0.0219600089026886,0.0387400279633868,0.0507218171168408,0.0650728233395783,0.0968709820838465,1.00072355795378,1920,0,1
"mean.ext.reg[4]",0.272888151844571,0.0471473240344122,0.182603716327975,0.240398274951946,0.27085832943218,0.304371308386498,0.369625205328023,1.00082687665414,1809,0,1
"mean.ext.reg[5]",0.206980992146729,0.0418854334566482,0.128095962740704,0.178303324802979,0.205529208865011,0.233724673196201,0.293064621842798,1.0002428858408,3510,0,1
"equilib.reg[1]",0.356419893288238,0.195840993493721,0.0955415849265643,0.20653418481644,0.312316553544409,0.468861837539097,0.83715819372962,1.00019079300177,4500,0,1
"equilib.reg[2]",0.813430889783751,0.0457789523530239,0.714740287747639,0.785504841304178,0.816453340684061,0.845084624792314,0.893844127671642,1.00085622154516,1691,0,1
"equilib.reg[3]",0.811733415231468,0.0582162640378992,0.684241220839373,0.776326918822858,0.817875722470987,0.852383865385224,0.907789334037805,1.00198445011938,1100,0,1
"equilib.reg[4]",0.666359356098368,0.0438542224626749,0.577620973962081,0.637763012036252,0.666907980710544,0.695951420883094,0.750301561047844,1.00067613506383,3205,0,1
"equilib.reg[5]",0.697980502427638,0.0466031272683445,0.603842271848927,0.666690776489644,0.698601894234428,0.730477311454392,0.786849722264667,0.999929018116389,4500,0,1
"mean.p",0.597741587671687,0.0335799387286868,0.527765567615677,0.578601921994409,0.599174771115979,0.618724868655401,0.659259774995318,1.00919492840116,1229,0,1
"p.year[1]",0.502585854809424,0.051837287186657,0.398728366395052,0.467175576286933,0.50335423524275,0.537545528925112,0.600000984578421,1.00001751460469,4500,0,1
"p.year[2]",0.624420445647681,0.0331503216439213,0.558697774983577,0.602507562054134,0.624493721807337,0.647195009484422,0.689135206433557,0.999728408597121,4500,0,1
"p.year[3]",0.536009670772499,0.0322425063227366,0.471576981456452,0.514834675150823,0.5364237626,0.558007971298277,0.59870904068998,0.999907672932789,4500,0,1
"p.year[4]",0.49272583720905,0.0345716712546378,0.424916432837564,0.469281313966257,0.493216796355947,0.516200128119125,0.558810972848446,1.00179805554196,4500,0,1
"p.year[5]",0.613563006449056,0.0275569717018212,0.559001733939486,0.595304605201635,0.613882964438789,0.631963043405978,0.667196625128808,0.999742678229131,4500,0,1
"p.year[6]",0.626569299503998,0.0241424022923253,0.577034741427991,0.610427593327035,0.626917344483307,0.642753954341669,0.673045021521229,1.00035456296818,3466,0,1
"p.year[7]",0.663431636079158,0.0254676405985568,0.614134582943577,0.646017214148627,0.663403253800895,0.681106933781232,0.712453634118764,0.999998576030201,4500,0,1
"p.year[8]",0.630277325300497,0.0268476009175777,0.576585764318614,0.612698469566671,0.631140108053354,0.648295352257976,0.681363592494943,1.00211768206393,836,0,1
"p.year[9]",0.687482827491433,0.0239012332930241,0.639873591847477,0.671535907286859,0.687821151226545,0.703574285203907,0.733415358169323,0.999917790264531,4500,0,1
"z[1,1]",0.607555555555556,0.488349054561546,0,0,1,1,1,1.000252313525,3583,1,1
"z[2,1]",1,0,1,1,1,1,1,NA,1,0,1
"z[3,1]",0.682888888888889,0.465402822947092,0,0,1,1,1,1.00004630792438,4500,1,1
"z[4,1]",1,0,1,1,1,1,1,NA,1,0,1
"z[5,1]",0.491777777777778,0.499987947793793,0,0,0,1,1,0.999905415093909,4500,1,1
"z[6,1]",0.472888888888889,0.499319929690292,0,0,0,1,1,1.00033069777897,3025,1,1
"z[7,1]",0.733111111111111,0.442382978159525,0,0,1,1,1,1.00031056252459,3975,1,1
"z[8,1]",0.740222222222222,0.438561313033389,0,0,1,1,1,0.999781342226952,4500,1,1
"z[9,1]",0.385777777777778,0.486832570746799,0,0,0,1,1,0.999833345543442,4500,1,1
"z[10,1]",0.376888888888889,0.484660554821125,0,0,0,1,1,1.00006446432608,4500,1,1
"z[11,1]",0.874888888888889,0.330881626062155,0,1,1,1,1,1.00019299970259,4500,1,1
"z[12,1]",0.849333333333333,0.357763421105649,0,1,1,1,1,0.999942831596139,4500,1,1
"z[13,1]",0.866888888888889,0.339732529641953,0,1,1,1,1,1.00151120632779,2345,1,1
"z[14,1]",0.805333333333333,0.395987880398553,0,1,1,1,1,0.999947225814434,4500,1,1
"z[15,1]",0.116888888888889,0.321323545239986,0,0,0,0,1,0.999842591015826,4500,1,1
"z[16,1]",1,0,1,1,1,1,1,NA,1,0,1
"z[17,1]",0.549777777777778,0.497571291367215,0,0,1,1,1,1.00017659499704,3966,1,1
"z[18,1]",0.0764444444444444,0.265737434110773,0,0,0,0,1,1.00166396483179,3549,1,1
"z[19,1]",0.0873333333333333,0.282354278616482,0,0,0,0,1,1.00075175984588,4500,1,1
"z[20,1]",0.0882222222222222,0.283649327601227,0,0,0,0,1,1.00169676821722,3063,1,1
"z[21,1]",0.116888888888889,0.321323545239986,0,0,0,0,1,1.00244488680378,1741,1,1
"z[22,1]",1,0,1,1,1,1,1,NA,1,0,1
"z[23,1]",0.520444444444444,0.499637368189459,0,0,1,1,1,0.999706242468253,4500,1,1
"z[24,1]",0.0486666666666667,0.215194128644091,0,0,0,0,1,1.00032189514451,4500,1,1
"z[25,1]",0.710666666666667,0.453503317459126,0,0,1,1,1,1.00034783019403,3578,1,1
"z[26,1]",0.722444444444444,0.447842649487471,0,0,1,1,1,1.00013888037286,4500,1,1
"z[27,1]",0.734,0.441913336752103,0,0,1,1,1,0.999790950374731,4500,1,1
"z[28,1]",0.550222222222222,0.497526618051391,0,0,1,1,1,1.00093361668815,1599,1,1
"z[29,1]",0.626,0.483917388734693,0,0,1,1,1,1.00072020895465,2035,1,1
"z[30,1]",0.750444444444444,0.432803889466465,0,1,1,1,1,1.00012638790014,4500,1,1
"z[31,1]",0.723333333333333,0.447399937094247,0,0,1,1,1,1.00130768000067,1531,1,1
"z[32,1]",0.756888888888889,0.42900932220977,0,1,1,1,1,0.999715480615427,4500,1,1
"z[33,1]",0.627777777777778,0.483450905827888,0,0,1,1,1,0.99973755929274,4500,1,1
"z[34,1]",0.690444444444444,0.462361784640317,0,0,1,1,1,0.99969309917586,4500,1,1
"z[35,1]",0.56,0.496442109138781,0,0,1,1,1,1.00018823604916,3896,1,1
"z[36,1]",0.723333333333333,0.447399937094247,0,0,1,1,1,0.999857209702452,4500,1,1
"z[37,1]",0.433111111111111,0.495560742973591,0,0,0,1,1,0.999735817346775,4500,1,1
"z[38,1]",0.524444444444444,0.49945761003876,0,0,1,1,1,1.00077182083611,1818,1,1
"z[39,1]",0.654666666666667,0.475529676249547,0,0,1,1,1,0.999836266705348,4500,1,1
"z[40,1]",0.551111111111111,0.49743606782648,0,0,1,1,1,1.0000546398457,4500,1,1
"z[41,1]",0.899777777777778,0.300329439689937,0,1,1,1,1,0.999997283025812,4500,1,1
"z[42,1]",0.903111111111111,0.295839282691587,0,1,1,1,1,0.999718215196141,4500,1,1
"z[43,1]",0.831777777777778,0.374105075074719,0,1,1,1,1,1.00122141909966,2292,1,1
"z[44,1]",0.444888888888889,0.497008710431761,0,0,0,1,1,1.00078841861703,1810,1,1
"z[45,1]",0.676888888888889,0.467716724186892,0,0,1,1,1,0.999877621613481,4500,1,1
"z[46,1]",0.732222222222222,0.442850336945843,0,0,1,1,1,0.999898685801597,4500,1,1
"z[47,1]",0.816222222222222,0.387345901868794,0,1,1,1,1,0.999684156245862,4500,1,1
"z[48,1]",0.854666666666667,0.352475764072828,0,1,1,1,1,1.00062926093946,4172,1,1
"z[49,1]",0.877555555555556,0.327834845547119,0,1,1,1,1,1.0023826481087,1710,1,1
"z[50,1]",0.869111111111111,0.337316279778769,0,1,1,1,1,1.0002685363867,4500,1,1
"z[51,1]",0.829555555555556,0.376064573555185,0,1,1,1,1,1.00094329745298,2765,1,1
"z[52,1]",0.822444444444444,0.382180635927157,0,1,1,1,1,1.00346639195858,902,1,1
"z[53,1]",0.733777777777778,0.442030961496967,0,0,1,1,1,1.00015560166912,4500,1,1
"z[54,1]",0.321777777777778,0.467210174719196,0,0,0,1,1,0.999888159722651,4500,1,1
"z[55,1]",0.396666666666667,0.489260070677426,0,0,0,1,1,0.999693759348164,4500,1,1
"z[56,1]",0.293333333333333,0.455340491638053,0,0,0,1,1,1.00000408742457,4500,1,1
"z[57,1]",1,0,1,1,1,1,1,NA,1,0,1
"z[58,1]",0.062,0.241182350987992,0,0,0,0,1,1.00012645003176,4500,1,1
"z[59,1]",0.04,0.195980956294358,0,0,0,0,1,1.00511894500201,2379,1,1
"z[60,1]",0.0233333333333333,0.15097666777369,0,0,0,0,0,1.00994291007711,2108,1,1
"z[61,1]",0.184,0.387527254202204,0,0,0,0,1,1.00900509998351,362,1,1
"z[62,1]",0.351555555555556,0.4775090751966,0,0,0,1,1,1.0019398138975,972,1,1
"z[63,1]",0.192888888888889,0.3946104019054,0,0,0,0,1,1.00033206187762,4500,1,1
"z[64,1]",0.289777777777778,0.453709557154509,0,0,0,1,1,1.00336497497083,663,1,1
"z[65,1]",0.647333333333333,0.47785314890477,0,0,1,1,1,0.999753344543985,4500,1,1
"z[66,1]",0.809555555555556,0.392695335891138,0,1,1,1,1,1.00171448354835,1591,1,1
"z[67,1]",0.774222222222222,0.418139960301486,0,1,1,1,1,1.00084170307698,2437,1,1
"z[68,1]",0.778222222222222,0.415488576801184,0,1,1,1,1,1.0028171774209,925,1,1
"z[69,1]",0.120888888888889,0.326034334535402,0,0,0,0,1,1.00104222708106,3428,1,1
"z[70,1]",1,0,1,1,1,1,1,NA,1,0,1
"z[71,1]",0.545333333333333,0.497995983919549,0,0,1,1,1,1.00014893723679,4185,1,1
"z[72,1]",0.549777777777778,0.497571291367215,0,0,1,1,1,1.00026521367114,3381,1,1
"z[73,1]",0.750666666666667,0.432675194529199,0,1,1,1,1,1.00018163121036,4500,1,1
"z[74,1]",0.714222222222222,0.451834269514556,0,0,1,1,1,0.999870124363082,4500,1,1
"z[75,1]",0.684222222222222,0.464876539876773,0,0,1,1,1,0.999968328543172,4500,1,1
"z[76,1]",0.271777777777778,0.444925396089892,0,0,0,1,1,0.999776955393063,4500,1,1
"z[77,1]",0.256888888888889,0.436966152735243,0,0,0,1,1,1.00032751890712,3974,1,1
"z[78,1]",0.488666666666667,0.499927089594053,0,0,0,1,1,0.999805412355923,4500,1,1
"z[79,1]",0.518,0.499731423754776,0,0,1,1,1,0.999677302156889,4500,1,1
"z[80,1]",0.539555555555556,0.498488292894798,0,0,1,1,1,1.00078017248772,1811,1,1
"z[81,1]",0.719333333333333,0.449374859051487,0,0,1,1,1,0.999802753427295,4500,1,1
"z[82,1]",0.639777777777778,0.480118108426531,0,0,1,1,1,0.999756307965643,4500,1,1
"z[83,1]",0.716888888888889,0.450560009264124,0,0,1,1,1,1.00022955464231,4387,1,1
"z[84,1]",0.57,0.495130769366095,0,0,1,1,1,1.00105491303281,1474,1,1
"z[85,1]",0.412222222222222,0.492289464688504,0,0,0,1,1,1.00060115705308,2210,1,1
"z[86,1]",0.220222222222222,0.414442474320032,0,0,0,0,1,1.00005357386118,4500,1,1
"z[87,1]",0.00866666666666667,0.0927009450571682,0,0,0,0,0,1.00266456296957,4500,1,1
"z[88,1]",0.142888888888889,0.349998394701315,0,0,0,0,1,0.999737326943365,4500,1,1
"z[89,1]",1,0,1,1,1,1,1,NA,1,0,1
"z[90,1]",0.58,0.493613356145918,0,0,1,1,1,0.999851457567175,4500,1,1
"z[91,1]",0.238666666666667,0.426315935343921,0,0,0,0,1,1.00524100372402,498,1,1
"z[92,1]",0.235777777777778,0.424531115060534,0,0,0,0,1,1.00095236865533,2168,1,1
"z[93,1]",0.233777777777778,0.423279509260919,0,0,0,0,1,1.00285978422348,879,1,1
"z[94,1]",0.392666666666667,0.488397955351711,0,0,0,1,1,1.00000416220916,4500,1,1
"z[95,1]",0.546888888888889,0.497851896976906,0,0,1,1,1,1.00066505504769,2025,1,1
"z[96,1]",0.724444444444444,0.446843442673997,0,0,1,1,1,1.00072166212588,2380,1,1
"z[97,1]",0.554222222222222,0.497106492646933,0,0,1,1,1,1.00029403917638,3231,1,1
"z[98,1]",0.756888888888889,0.42900932220977,0,1,1,1,1,0.999741652706257,4500,1,1
"z[99,1]",0.557333333333333,0.496757210477482,0,0,1,1,1,1.00134039606985,1215,1,1
"z[100,1]",0.568888888888889,0.495286618092888,0,0,1,1,1,1.00033323038607,3065,1,1
"z[101,1]",0.606,0.488689134788264,0,0,1,1,1,1.00038684241714,2915,1,1
"z[102,1]",1,0,1,1,1,1,1,NA,1,0,1
"z[103,1]",0.479111111111111,0.499618980061514,0,0,0,1,1,1.00062471497457,2095,1,1
"z[104,1]",0.0333333333333333,0.179525441950783,0,0,0,0,1,1.00030799060086,4500,1,1
"z[105,1]",0.323111111111111,0.467716724186892,0,0,0,1,1,0.999890161166805,4500,1,1
"z[106,1]",0.829777777777778,0.375869674751524,0,1,1,1,1,0.99999863132431,4500,1,1
"z[107,1]",0.838666666666667,0.367879006366473,0,1,1,1,1,1.00035979652057,4500,1,1
"z[108,1]",0.835555555555556,0.370719583788944,0,1,1,1,1,1.00006385250847,4500,1,1
"z[109,1]",0.283555555555556,0.450773731875036,0,0,0,1,1,1.00044467122716,3173,1,1
"z[110,1]",1,0,1,1,1,1,1,NA,1,0,1
"z[111,1]",1,0,1,1,1,1,1,NA,1,0,1
"z[112,1]",1,0,1,1,1,1,1,NA,1,0,1
"z[113,1]",1,0,1,1,1,1,1,NA,1,0,1
"z[114,1]",0.864222222222222,0.342590505813979,0,1,1,1,1,1.00278781126591,1361,1,1
"z[115,1]",0.912222222222222,0.283002892963307,0,1,1,1,1,1.00929181047853,647,1,1
"z[116,1]",0.864444444444444,0.342354045917987,0,1,1,1,1,1.0026015820247,1459,1,1
"z[117,1]",0.904444444444444,0.294013436961353,0,1,1,1,1,1.01104974737995,505,1,1
"z[118,1]",1,0,1,1,1,1,1,NA,1,0,1
"z[119,1]",1,0,1,1,1,1,1,NA,1,0,1
"z[120,1]",1,0,1,1,1,1,1,NA,1,0,1
"z[121,1]",1,0,1,1,1,1,1,NA,1,0,1
"z[122,1]",0.933555555555556,0.249085061097509,0,1,1,1,1,0.99986531657546,4500,1,1
"z[123,1]",0.886,0.317846582996096,0,1,1,1,1,1.0020289693852,2099,1,1
"z[124,1]",0.893555555555556,0.308439890155801,0,1,1,1,1,1.00118577766231,3465,1,1
"z[125,1]",0.515333333333333,0.499820372268219,0,0,1,1,1,0.999841189554162,4500,1,1
"z[126,1]",0.337111111111111,0.472775718807963,0,0,0,1,1,1.00048502360607,2742,1,1
"z[127,1]",0.787333333333333,0.409239260843992,0,1,1,1,1,0.999748523713184,4500,1,1
"z[128,1]",0.723333333333333,0.447399937094247,0,0,1,1,1,1.00017184885085,4500,1,1
"z[129,1]",0.787111111111111,0.409395231177718,0,1,1,1,1,1.00038523335627,4154,1,1
"z[130,1]",0.786444444444444,0.409862062981569,0,1,1,1,1,1.00093881724103,2342,1,1
"z[131,1]",0.766,0.423419225890279,0,1,1,1,1,0.999811963554879,4500,1,1
"z[132,1]",0.685777777777778,0.464256948082183,0,0,1,1,1,1.00054652690782,2644,1,1
"z[133,1]",0.752888888888889,0.431379835980449,0,1,1,1,1,1.00034459759768,3971,1,1
"z[134,1]",1,0,1,1,1,1,1,NA,1,0,1
"z[135,1]",1,0,1,1,1,1,1,NA,1,0,1
"z[136,1]",1,0,1,1,1,1,1,NA,1,0,1
"z[137,1]",0.452222222222222,0.497767359789301,0,0,0,1,1,1.00000749454566,4500,1,1
"z[138,1]",1,0,1,1,1,1,1,NA,1,0,1
"z[139,1]",1,0,1,1,1,1,1,NA,1,0,1
"z[140,1]",0.539555555555556,0.498488292894798,0,0,1,1,1,1.0005783769316,2212,1,1
"z[141,1]",0.697777777777778,0.459272058951726,0,0,1,1,1,0.999673825364667,4500,1,1
"z[142,1]",0.777111111111111,0.41623062313954,0,1,1,1,1,0.999879998780337,4500,1,1
"z[143,1]",0.826,0.379151613165137,0,1,1,1,1,1.00005804330886,4500,1,1
"z[144,1]",0.821777777777778,0.382742231038999,0,1,1,1,1,0.999923062797369,4500,1,1
"z[145,1]",0.456888888888889,0.498193322813397,0,0,0,1,1,0.999668214530168,4500,1,1
"z[146,1]",0.503777777777778,0.500041291421886,0,0,1,1,1,1.00048609596084,2445,1,1
"z[147,1]",0.472222222222222,0.499283277769074,0,0,0,1,1,1.00069087370072,1963,1,1
"z[148,1]",0.530666666666667,0.499114129659167,0,0,1,1,1,0.999938933486219,4500,1,1
"z[149,1]",0.805333333333333,0.395987880398553,0,1,1,1,1,1.00024949392859,4500,1,1
"z[150,1]",0.609777777777778,0.487854208528772,0,0,1,1,1,1.0013182711149,1275,1,1
"z[151,1]",0.343555555555556,0.474947643050087,0,0,0,1,1,0.999860617573619,4500,1,1
"z[152,1]",0.274888888888889,0.446507885643041,0,0,0,1,1,1.0010364833467,1833,1,1
"z[153,1]",0.463555555555556,0.498725450676525,0,0,0,1,1,1.00040612997743,2724,1,1
"z[154,1]",0.488444444444444,0.499922001275859,0,0,0,1,1,0.999928109110767,4500,1,1
"z[155,1]",0.0551111111111111,0.228222372014437,0,0,0,0,1,1.00038465907993,4500,1,1
"z[156,1]",0.0997777777777778,0.299736780791094,0,0,0,0,1,1.0006034293154,4500,1,1
"z[157,1]",1,0,1,1,1,1,1,NA,1,0,1
"z[158,1]",0.223555555555556,0.416673794115523,0,0,0,0,1,1.00032044587733,4417,1,1
"z[159,1]",1,0,1,1,1,1,1,NA,1,0,1
"z[160,1]",0.241777777777778,0.428207929712462,0,0,0,0,1,1.00023720783196,4500,1,1
"z[161,1]",1,0,1,1,1,1,1,NA,1,0,1
"z[162,1]",1,0,1,1,1,1,1,NA,1,0,1
"z[163,1]",1,0,1,1,1,1,1,NA,1,0,1
"z[164,1]",1,0,1,1,1,1,1,NA,1,0,1
"z[165,1]",0.0455555555555556,0.208542349028494,0,0,0,0,1,1.01473149651418,755,1,1
"z[166,1]",1,0,1,1,1,1,1,NA,1,0,1
"z[167,1]",1,0,1,1,1,1,1,NA,1,0,1
"z[168,1]",1,0,1,1,1,1,1,NA,1,0,1
"z[169,1]",0.0811111111111111,0.273036014356096,0,0,0,0,1,1.00406811573676,1524,1,1
"z[170,1]",0.233333333333333,0.422999587247188,0,0,0,0,1,0.999812274964525,4500,1,1
"z[171,1]",0.409777777777778,0.491847241752287,0,0,0,1,1,0.999851840266579,4500,1,1
"z[172,1]",0.348888888888889,0.476671715676982,0,0,0,1,1,0.999750302364459,4500,1,1
"z[173,1]",0.340444444444444,0.473911314498849,0,0,0,1,1,1.00083227423494,1919,1,1
"z[174,1]",0.431777777777778,0.495378907288724,0,0,0,1,1,1.00090426558984,1653,1,1
"z[175,1]",1,0,1,1,1,1,1,NA,1,0,1
"z[176,1]",0.101555555555556,0.302096516371218,0,0,0,0,1,1.00030988860552,4500,1,1
"z[177,1]",0.0577777777777778,0.233348680154498,0,0,0,0,1,1.00029943629264,4500,1,1
"z[178,1]",0.0168888888888889,0.128869487630174,0,0,0,0,0,1.01295413813503,2228,1,1
"z[179,1]",0.018,0.132965893646013,0,0,0,0,0,1.00880651928504,3060,1,1
"z[180,1]",0.810444444444444,0.391992848433725,0,1,1,1,1,1.0005270813576,3781,1,1
"z[181,1]",0.791111111111111,0.406560023037948,0,1,1,1,1,1.00002556226234,4500,1,1
"z[182,1]",0.768444444444444,0.4218733586284,0,1,1,1,1,0.999737566160855,4500,1,1
"z[183,1]",0.807333333333333,0.394437315339694,0,1,1,1,1,1.00076990871646,2909,1,1
"z[184,1]",0.924,0.265027562343912,0,1,1,1,1,1.00088171917885,4500,1,1
"z[185,1]",0.898666666666667,0.301803131244352,0,1,1,1,1,0.999988012289213,4500,1,1
"z[186,1]",0.00533333333333333,0.0728427622699364,0,0,0,0,0,1.01003312809783,4500,1,1
"z[187,1]",0.0791111111111111,0.269942097980992,0,0,0,0,1,0.999754950637061,4500,1,1
"z[188,1]",0.101555555555556,0.302096516371218,0,0,0,0,1,1.00014917165885,4500,1,1
"z[189,1]",0.0662222222222222,0.248697776589203,0,0,0,0,1,1.00207429676606,3358,1,1
"z[190,1]",0.072,0.258516636409127,0,0,0,0,1,1.00001501974179,4500,1,1
"z[191,1]",0.0391111111111111,0.193880853578703,0,0,0,0,1,1.00756553861069,1666,1,1
"z[192,1]",0.0426666666666667,0.202126943226378,0,0,0,0,1,1.00090630811109,4500,1,1
"z[193,1]",0.0446666666666667,0.206593901727913,0,0,0,0,1,1.00872546760834,1281,1,1
"z[194,1]",0.0408888888888889,0.198054801702807,0,0,0,0,1,1.00227115002434,4500,1,1
"z[195,1]",0.0517777777777778,0.221602690281563,0,0,0,0,1,1.00274020046358,3304,1,1
"z[196,1]",0.054,0.226042815685939,0,0,0,0,1,1.00020596586239,4500,1,1
"z[197,1]",0.0735555555555556,0.261075243046752,0,0,0,0,1,0.999767612829244,4500,1,1
"z[198,1]",0.0697777777777778,0.254800445248467,0,0,0,0,1,1.00032192506825,4500,1,1
"z[199,1]",0.09,0.286213563699108,0,0,0,0,1,1.0008664574709,4500,1,1
"z[200,1]",0.0431111111111111,0.203129792200249,0,0,0,0,1,0.999768110455162,4500,1,1
"z[1,2]",1,0,1,1,1,1,1,NA,1,0,1
"z[2,2]",1,0,1,1,1,1,1,NA,1,0,1
"z[3,2]",1,0,1,1,1,1,1,NA,1,0,1
"z[4,2]",1,0,1,1,1,1,1,NA,1,0,1
"z[5,2]",0.675333333333333,0.468302207021895,0,0,1,1,1,1.00016708279974,4500,1,1
"z[6,2]",0.610666666666667,0.487653293444934,0,0,1,1,1,0.999675780071629,4500,1,1
"z[7,2]",1,0,1,1,1,1,1,NA,1,0,1
"z[8,2]",1,0,1,1,1,1,1,NA,1,0,1
"z[9,2]",0.195555555555556,0.396671837405431,0,0,0,0,1,1.00231427834719,1207,1,1
"z[10,2]",0.09,0.286213563699108,0,0,0,0,1,1.00103285825736,4459,1,1
"z[11,2]",1,0,1,1,1,1,1,NA,1,0,1
"z[12,2]",1,0,1,1,1,1,1,NA,1,0,1
"z[13,2]",1,0,1,1,1,1,1,NA,1,0,1
"z[14,2]",1,0,1,1,1,1,1,NA,1,0,1
"z[15,2]",1,0,1,1,1,1,1,NA,1,0,1
"z[16,2]",0.812666666666667,0.390222236792799,0,1,1,1,1,0.999704929951417,4500,1,1
"z[17,2]",0.507777777777778,0.49999506060636,0,0,1,1,1,0.999799805316753,4500,1,1
"z[18,2]",0.0304444444444444,0.171825903655918,0,0,0,0,1,1.0004593725201,4500,1,1
"z[19,2]",0.0173333333333333,0.130524613834426,0,0,0,0,0,1.01488747947104,1886,1,1
"z[20,2]",0.0168888888888889,0.128869487630174,0,0,0,0,0,1.00349329458475,4500,1,1
"z[21,2]",0.718888888888889,0.44959156205435,0,0,1,1,1,0.999678093662861,4500,1,1
"z[22,2]",0.695555555555556,0.460222872627697,0,0,1,1,1,1.00097122450088,1819,1,1
"z[23,2]",0.601333333333333,0.489678303660469,0,0,1,1,1,0.999838013990875,4500,1,1
"z[24,2]",0.435333333333333,0.495855685291292,0,0,0,1,1,1.00023474802268,3585,1,1
"z[25,2]",1,0,1,1,1,1,1,NA,1,0,1
"z[26,2]",1,0,1,1,1,1,1,NA,1,0,1
"z[27,2]",1,0,1,1,1,1,1,NA,1,0,1
"z[28,2]",0.619333333333333,0.485604734545429,0,0,1,1,1,1.00078239659803,1902,1,1
"z[29,2]",0.562444444444444,0.496140496791353,0,0,1,1,1,0.999691473325514,4500,1,1
"z[30,2]",1,0,1,1,1,1,1,NA,1,0,1
"z[31,2]",1,0,1,1,1,1,1,NA,1,0,1
"z[32,2]",1,0,1,1,1,1,1,NA,1,0,1
"z[33,2]",0.534,0.498898096767256,0,0,1,1,1,0.999806549242596,4500,1,1
"z[34,2]",0.716222222222222,0.450880390866246,0,0,1,1,1,1.00038642038773,3419,1,1
"z[35,2]",0.451555555555556,0.497702905421648,0,0,0,1,1,0.999889351824173,4500,1,1
"z[36,2]",0.712444444444444,0.452673054448139,0,0,1,1,1,0.999886267252699,4500,1,1
"z[37,2]",0.0131111111111111,0.113763288874888,0,0,0,0,0,0.999813989168449,4500,1,1
"z[38,2]",0.636222222222222,0.481139220491273,0,0,1,1,1,1.00044500413161,2784,1,1
"z[39,2]",1,0,1,1,1,1,1,NA,1,0,1
"z[40,2]",0.782666666666667,0.412477107072181,0,1,1,1,1,1.00068559750112,2879,1,1
"z[41,2]",1,0,1,1,1,1,1,NA,1,0,1
"z[42,2]",1,0,1,1,1,1,1,NA,1,0,1
"z[43,2]",0.166,0.372121985606325,0,0,0,0,1,1.00169984291892,1781,1,1
"z[44,2]",0.0773333333333333,0.267149300225178,0,0,0,0,1,0.999855759687842,4500,1,1
"z[45,2]",1,0,1,1,1,1,1,NA,1,0,1
"z[46,2]",1,0,1,1,1,1,1,NA,1,0,1
"z[47,2]",1,0,1,1,1,1,1,NA,1,0,1
"z[48,2]",1,0,1,1,1,1,1,NA,1,0,1
"z[49,2]",0.925555555555556,0.26252196898347,0,1,1,1,1,1.00366434324227,1808,1,1
"z[50,2]",0.922888888888889,0.266797311851382,0,1,1,1,1,1.00003704856926,4500,1,1
"z[51,2]",0.888888888888889,0.314304605201633,0,1,1,1,1,1.00015504438251,4500,1,1
"z[52,2]",0.859777777777778,0.347256026113763,0,1,1,1,1,1.00325604946029,1160,1,1
"z[53,2]",0.759555555555556,0.427400874178475,0,1,1,1,1,1.00092355798567,2178,1,1
"z[54,2]",1,0,1,1,1,1,1,NA,1,0,1
"z[55,2]",1,0,1,1,1,1,1,NA,1,0,1
"z[56,2]",1,0,1,1,1,1,1,NA,1,0,1
"z[57,2]",0.569111111111111,0.495255651738467,0,0,1,1,1,1.00011794140031,4500,1,1
"z[58,2]",0.65,0.47702260616518,0,0,1,1,1,0.999968720238483,4500,1,1
"z[59,2]",0.404444444444444,0.490838745592183,0,0,0,1,1,1.00058213634359,2271,1,1
"z[60,2]",0.0115555555555556,0.106885749673393,0,0,0,0,0,1.00548798669251,4500,1,1
"z[61,2]",0.174222222222222,0.379342612245988,0,0,0,0,1,1.0063861242363,522,1,1
"z[62,2]",0.321333333333333,0.46704035673705,0,0,0,1,1,1.00423471232487,509,1,1
"z[63,2]",0.190444444444444,0.392695335891138,0,0,0,0,1,0.999683219724164,4500,1,1
"z[64,2]",0.265555555555556,0.441677657791417,0,0,0,1,1,1.00033360202371,3847,1,1
"z[65,2]",0.678444444444444,0.467125326314897,0,0,1,1,1,1.00009357126183,4500,1,1
"z[66,2]",0.840666666666667,0.36602731409757,0,1,1,1,1,1.00061373619234,3949,1,1
"z[67,2]",0.806444444444444,0.395128456639485,0,1,1,1,1,0.999731402439187,4500,1,1
"z[68,2]",0.820444444444444,0.383859482164201,0,1,1,1,1,1.00553118623754,584,1,1
"z[69,2]",1,0,1,1,1,1,1,NA,1,0,1
"z[70,2]",1,0,1,1,1,1,1,NA,1,0,1
"z[71,2]",1,0,1,1,1,1,1,NA,1,0,1
"z[72,2]",1,0,1,1,1,1,1,NA,1,0,1
"z[73,2]",1,0,1,1,1,1,1,NA,1,0,1
"z[74,2]",1,0,1,1,1,1,1,NA,1,0,1
"z[75,2]",1,0,1,1,1,1,1,NA,1,0,1
"z[76,2]",0.102888888888889,0.303847464555696,0,0,0,0,1,1.00016550046106,4500,1,1
"z[77,2]",0.562666666666667,0.496112471026011,0,0,1,1,1,0.999802405777976,4500,1,1
"z[78,2]",0.616888888888889,0.486199052506756,0,0,1,1,1,0.999706841191781,4500,1,1
"z[79,2]",0.724666666666667,0.446731728902657,0,0,1,1,1,1.00056429409627,2801,1,1
"z[80,2]",0.541555555555556,0.498325515976808,0,0,1,1,1,1.00055857703159,2262,1,1
"z[81,2]",0.572,0.494843829554256,0,0,1,1,1,0.999671553135215,4500,1,1
"z[82,2]",1,0,1,1,1,1,1,NA,1,0,1
"z[83,2]",1,0,1,1,1,1,1,NA,1,0,1
"z[84,2]",1,0,1,1,1,1,1,NA,1,0,1
"z[85,2]",0.0251111111111111,0.15647998127484,0,0,0,0,0.524999999999636,1.00044821104998,4500,1,1
"z[86,2]",0.0493333333333333,0.216587118720284,0,0,0,0,1,1.0023856477921,3909,1,1
"z[87,2]",0.0246666666666667,0.155124368434336,0,0,0,0,0,1.00588527628107,3315,1,1
"z[88,2]",0.582222222222222,0.493247981659257,0,0,1,1,1,1.00056140646683,2299,1,1
"z[89,2]",0.777777777777778,0.41578591064293,0,1,1,1,1,1.0000190803816,4500,1,1
"z[90,2]",0.624666666666667,0.484262672142031,0,0,1,1,1,0.999864771089873,4500,1,1
"z[91,2]",0.238444444444444,0.426179602245209,0,0,0,0,1,1.0038446352204,660,1,1
"z[92,2]",0.216,0.411560008218152,0,0,0,0,1,1.00029833131641,4500,1,1
"z[93,2]",0.229333333333333,0.420450757809003,0,0,0,0,1,1.00204187963575,1195,1,1
"z[94,2]",0.414222222222222,0.492641964622739,0,0,0,1,1,1.00092900327491,1635,1,1
"z[95,2]",1,0,1,1,1,1,1,NA,1,0,1
"z[96,2]",1,0,1,1,1,1,1,NA,1,0,1
"z[97,2]",0.187333333333333,0.390222236792799,0,0,0,0,1,1.00105215661127,2380,1,1
"z[98,2]",0.0826666666666667,0.275408323018099,0,0,0,0,1,1.00283475811034,2073,1,1
"z[99,2]",0.658666666666667,0.47420972267578,0,0,1,1,1,0.999861375204875,4500,1,1
"z[100,2]",0.678444444444444,0.467125326314897,0,0,1,1,1,1.00107336295663,1629,1,1
"z[101,2]",0.832888888888889,0.373116502618737,0,1,1,1,1,1.00037822297087,4500,1,1
"z[102,2]",0.274888888888889,0.446507885643041,0,0,0,1,1,1.00008607570724,4500,1,1
"z[103,2]",1,0,1,1,1,1,1,NA,1,0,1
"z[104,2]",0.06,0.237513233566337,0,0,0,0,1,1.00327799124771,2441,1,1
"z[105,2]",0.0711111111111111,0.257038913373673,0,0,0,0,1,1.00190781916033,3370,1,1
"z[106,2]",1,0,1,1,1,1,1,NA,1,0,1
"z[107,2]",1,0,1,1,1,1,1,NA,1,0,1
"z[108,2]",1,0,1,1,1,1,1,NA,1,0,1
"z[109,2]",0.118,0.322643972732636,0,0,0,0,1,1.00041302838279,4500,1,1
"z[110,2]",1,0,1,1,1,1,1,NA,1,0,1
"z[111,2]",1,0,1,1,1,1,1,NA,1,0,1
"z[112,2]",1,0,1,1,1,1,1,NA,1,0,1
"z[113,2]",0.950666666666667,0.216587118720284,0,1,1,1,1,1.00272686872192,3480,1,1
"z[114,2]",0.0464444444444444,0.21046900448124,0,0,0,0,1,1.00904118685978,1195,1,1
"z[115,2]",0.0408888888888889,0.198054801702807,0,0,0,0,1,0.999971499601206,4500,1,1
"z[116,2]",0.0182222222222222,0.133769014787178,0,0,0,0,0,1.00479324111547,4500,1,1
"z[117,2]",1,0,1,1,1,1,1,NA,1,0,1
"z[118,2]",0.475333333333333,0.49944668205886,0,0,0,1,1,0.999932314566951,4500,1,1
"z[119,2]",0.152666666666667,0.359705863884651,0,0,0,0,1,0.999839047540375,4500,1,1
"z[120,2]",0.158444444444444,0.365197809580639,0,0,0,0,1,0.999822011655748,4500,1,1
"z[121,2]",1,0,1,1,1,1,1,NA,1,0,1
"z[122,2]",1,0,1,1,1,1,1,NA,1,0,1
"z[123,2]",1,0,1,1,1,1,1,NA,1,0,1
"z[124,2]",1,0,1,1,1,1,1,NA,1,0,1
"z[125,2]",1,0,1,1,1,1,1,NA,1,0,1
"z[126,2]",0.104666666666667,0.306157451280283,0,0,0,0,1,1.00065124391904,4500,1,1
"z[127,2]",0.828666666666667,0.376841850052645,0,1,1,1,1,1.0000087653927,4500,1,1
"z[128,2]",0.732,0.442966820830323,0,0,1,1,1,0.999741616289216,4500,1,1
"z[129,2]",0.828888888888889,0.37664787801767,0,1,1,1,1,0.999675199041871,4500,1,1
"z[130,2]",0.833555555555556,0.372520508798759,0,1,1,1,1,0.999983789370309,4500,1,1
"z[131,2]",0.404222222222222,0.490795421948218,0,0,0,1,1,1.000021180116,4500,1,1
"z[132,2]",0.465111111111111,0.498836709534676,0,0,0,1,1,1.00035724129546,2915,1,1
"z[133,2]",0.512,0.499911528069583,0,0,1,1,1,0.999712874751453,4500,1,1
"z[134,2]",1,0,1,1,1,1,1,NA,1,0,1
"z[135,2]",0.959777777777778,0.196501846614733,0,1,1,1,1,1.00186722673223,4500,1,1
"z[136,2]",1,0,1,1,1,1,1,NA,1,0,1
"z[137,2]",1,0,1,1,1,1,1,NA,1,0,1
"z[138,2]",0.536888888888889,0.498692766455964,0,0,1,1,1,1.00070138368086,1947,1,1
"z[139,2]",1,0,1,1,1,1,1,NA,1,0,1
"z[140,2]",0.0562222222222222,0.230375949195969,0,0,0,0,1,1.00119704206802,4500,1,1
"z[141,2]",1,0,1,1,1,1,1,NA,1,0,1
"z[142,2]",0.722222222222222,0.447952983557986,0,0,1,1,1,1.00002970061087,4500,1,1
"z[143,2]",0.691333333333333,0.461994574038951,0,0,1,1,1,1.0002710797731,3873,1,1
"z[144,2]",0.658666666666667,0.47420972267578,0,0,1,1,1,1.00005918373431,4500,1,1
"z[145,2]",0.672444444444444,0.469373914671421,0,0,1,1,1,0.999792339894371,4500,1,1
"z[146,2]",0.644,0.478868414994924,0,0,1,1,1,1.00038630293769,3029,1,1
"z[147,2]",0.676666666666667,0.467800726216587,0,0,1,1,1,1.00034303422003,3388,1,1
"z[148,2]",0.781555555555556,0.413236514340125,0,1,1,1,1,0.999708117283602,4500,1,1
"z[149,2]",1,0,1,1,1,1,1,NA,1,0,1
"z[150,2]",0.076,0.265027562343912,0,0,0,0,1,1.00165659863762,3565,1,1
"z[151,2]",0.0315555555555556,0.174833049066281,0,0,0,0,1,1.00206162332249,4500,1,1
"z[152,2]",0.0466666666666667,0.210947333488984,0,0,0,0,1,1.00268709603733,3708,1,1
"z[153,2]",0.656222222222222,0.475020800138348,0,0,1,1,1,1.00068875296737,2169,1,1
"z[154,2]",0.703555555555556,0.456740072592966,0,0,1,1,1,0.999837481332363,4500,1,1
"z[155,2]",0.0348888888888889,0.183518768996536,0,0,0,0,1,1.00184099798506,4500,1,1
"z[156,2]",0.0413333333333333,0.199082134750893,0,0,0,0,1,1.00490626870746,2389,1,1
"z[157,2]",1,0,1,1,1,1,1,NA,1,0,1
"z[158,2]",1,0,1,1,1,1,1,NA,1,0,1
"z[159,2]",0.363333333333333,0.481013137644236,0,0,0,1,1,1.0004838984492,2652,1,1
"z[160,2]",0.128222222222222,0.334374236084705,0,0,0,0,1,1.00061763006764,4500,1,1
"z[161,2]",0.0651111111111111,0.246749233761641,0,0,0,0,1,1.00305758771918,2413,1,1
"z[162,2]",1,0,1,1,1,1,1,NA,1,0,1
"z[163,2]",1,0,1,1,1,1,1,NA,1,0,1
"z[164,2]",0.894666666666667,0.307016560960735,0,1,1,1,1,1.00208431246613,2187,1,1
"z[165,2]",0.547111111111111,0.497830912852555,0,0,1,1,1,0.999764725559527,4500,1,1
"z[166,2]",0.938,0.241182350987992,0,1,1,1,1,1.00060670288085,4500,1,1
"z[167,2]",0.0673333333333333,0.250626243865736,0,0,0,0,1,1.0028595686179,2480,1,1
"z[168,2]",0.894222222222222,0.307587164752331,0,1,1,1,1,1.00185771502877,2416,1,1
"z[169,2]",0.554666666666667,0.497057802688137,0,0,1,1,1,0.999845025104818,4500,1,1
"z[170,2]",0.412888888888889,0.492407895500377,0,0,0,1,1,0.999868791105468,4500,1,1
"z[171,2]",0.566222222222222,0.495650290468821,0,0,1,1,1,1.00002322531785,4500,1,1
"z[172,2]",0.654222222222222,0.475674034879918,0,0,1,1,1,1.00029512554288,3525,1,1
"z[173,2]",0.527111111111111,0.499319929690292,0,0,1,1,1,0.999991363937489,4500,1,1
"z[174,2]",0.064,0.244780135956494,0,0,0,0,1,1.00096314651138,4500,1,1
"z[175,2]",1,0,1,1,1,1,1,NA,1,0,1
"z[176,2]",1,0,1,1,1,1,1,NA,1,0,1
"z[177,2]",0.0195555555555556,0.13848248064772,0,0,0,0,0,1.00074000163514,4500,1,1
"z[178,2]",0.00444444444444444,0.0665257457028688,0,0,0,0,0,1.01925110119893,4500,1,1
"z[179,2]",0.0117777777777778,0.107896472423584,0,0,0,0,0,1.0031110831676,4500,1,1
"z[180,2]",0.832888888888889,0.373116502618737,0,1,1,1,1,0.999992293125045,4500,1,1
"z[181,2]",0.848666666666667,0.358413312036458,0,1,1,1,1,1.0003657738525,4500,1,1
"z[182,2]",0.758,0.428341887533938,0,1,1,1,1,0.999910856355532,4500,1,1
"z[183,2]",0.835333333333333,0.370920651032105,0,1,1,1,1,1.00012511343737,4500,1,1
"z[184,2]",1,0,1,1,1,1,1,NA,1,0,1
"z[185,2]",0.943333333333333,0.231230268797726,0,1,1,1,1,1.0040272253515,2136,1,1
"z[186,2]",0.0144444444444444,0.119327141438796,0,0,0,0,0,1.00487082226537,4500,1,1
"z[187,2]",0.0564444444444444,0.230803611284136,0,0,0,0,1,1.0039533262249,2175,1,1
"z[188,2]",0.0882222222222222,0.283649327601227,0,0,0,0,1,0.999956371575317,4500,1,1
"z[189,2]",0.0593333333333333,0.236273770253685,0,0,0,0,1,1.0003087915084,4500,1,1
"z[190,2]",0.0573333333333333,0.232504269129342,0,0,0,0,1,1.00211578106343,3762,1,1
"z[191,2]",0.0284444444444444,0.166257332410862,0,0,0,0,1,1.00326720130238,4500,1,1
"z[192,2]",0.0346666666666667,0.182954440186126,0,0,0,0,1,1.00562731518367,2483,1,1
"z[193,2]",0.0437777777777778,0.204623040065984,0,0,0,0,1,1.00069255230967,4500,1,1
"z[194,2]",0.0313333333333333,0.174236339048014,0,0,0,0,1,1.00311050825279,4500,1,1
"z[195,2]",0.0422222222222222,0.201118111385383,0,0,0,0,1,1.00045134728069,4500,1,1
"z[196,2]",0.0364444444444444,0.187414119688263,0,0,0,0,1,1.00028623853016,4500,1,1
"z[197,2]",0.0631111111111111,0.243189722775225,0,0,0,0,1,1.00207970338303,3492,1,1
"z[198,2]",0.0577777777777778,0.233348680154498,0,0,0,0,1,1.00042486176601,4500,1,1
"z[199,2]",0.0635555555555556,0.243986630137708,0,0,0,0,1,1.00002909558533,4500,1,1
"z[200,2]",0.0346666666666667,0.182954440186126,0,0,0,0,1,1.00151195112852,4500,1,1
"z[1,3]",0.0488888888888889,0.215659687442576,0,0,0,0,1,1.00192895872553,4500,1,1
"z[2,3]",0.0888888888888889,0.284614925079102,0,0,0,0,1,1.00302184049496,1840,1,1
"z[3,3]",1,0,1,1,1,1,1,NA,1,0,1
"z[4,3]",0.144666666666667,0.35180353283733,0,0,0,0,1,1.0004255131241,4500,1,1
"z[5,3]",0.689777777777778,0.46263588027627,0,0,1,1,1,0.99992614861292,4500,1,1
"z[6,3]",0.598444444444444,0.490267381292261,0,0,1,1,1,0.999993130108365,4500,1,1
"z[7,3]",1,0,1,1,1,1,1,NA,1,0,1
"z[8,3]",1,0,1,1,1,1,1,NA,1,0,1
"z[9,3]",1,0,1,1,1,1,1,NA,1,0,1
"z[10,3]",1,0,1,1,1,1,1,NA,1,0,1
"z[11,3]",0.974222222222222,0.158489324311835,0,1,1,1,1,1.00040936234957,4500,1,1
"z[12,3]",1,0,1,1,1,1,1,NA,1,0,1
"z[13,3]",1,0,1,1,1,1,1,NA,1,0,1
"z[14,3]",1,0,1,1,1,1,1,NA,1,0,1
"z[15,3]",0.176444444444444,0.381240214508231,0,0,0,0,1,0.999716906037272,4500,1,1
"z[16,3]",0.416666666666667,0.493061436239589,0,0,0,1,1,1.00012368295252,4500,1,1
"z[17,3]",0.122444444444444,0.327834845547119,0,0,0,0,1,1.00211887904567,1898,1,1
"z[18,3]",0.092,0.289058069739814,0,0,0,0,1,1.00063356399863,4500,1,1
"z[19,3]",0.164,0.370316721641932,0,0,0,0,1,1.0005670286092,4042,1,1
"z[20,3]",0.0366666666666667,0.18796295738691,0,0,0,0,1,1.00344810498431,3726,1,1
"z[21,3]",0.044,0.205117892035902,0,0,0,0,1,1.00121028755017,4500,1,1
"z[22,3]",0.0137777777777778,0.116580319235386,0,0,0,0,0,1.01625285169054,2168,1,1
"z[23,3]",0.038,0.191217481839897,0,0,0,0,1,1.00532965540187,2397,1,1
"z[24,3]",0.0791111111111111,0.269942097980992,0,0,0,0,1,1.00586451486205,1108,1,1
"z[25,3]",0.0302222222222222,0.171217271410598,0,0,0,0,1,1.00330020849767,4500,1,1
"z[26,3]",0.269777777777778,0.443893585669453,0,0,0,1,1,1.0002062505673,4500,1,1
"z[27,3]",0.294666666666667,0.455943438114559,0,0,0,1,1,1.00000809003326,4500,1,1
"z[28,3]",0.597333333333333,0.490489229621105,0,0,1,1,1,0.999978085100016,4500,1,1
"z[29,3]",0.474222222222222,0.499390554955439,0,0,0,1,1,1.00075811742555,1842,1,1
"z[30,3]",1,0,1,1,1,1,1,NA,1,0,1
"z[31,3]",1,0,1,1,1,1,1,NA,1,0,1
"z[32,3]",1,0,1,1,1,1,1,NA,1,0,1
"z[33,3]",0.0728888888888889,0.259982920619994,0,0,0,0,1,1.00033564599331,4500,1,1
"z[34,3]",1,0,1,1,1,1,1,NA,1,0,1
"z[35,3]",0.0548888888888889,0.227788562815897,0,0,0,0,1,1.00176526072335,4500,1,1
"z[36,3]",1,0,1,1,1,1,1,NA,1,0,1
"z[37,3]",0.0375555555555556,0.190139869149559,0,0,0,0,1,1.00205977755839,4500,1,1
"z[38,3]",1,0,1,1,1,1,1,NA,1,0,1
"z[39,3]",1,0,1,1,1,1,1,NA,1,0,1
"z[40,3]",1,0,1,1,1,1,1,NA,1,0,1
"z[41,3]",1,0,1,1,1,1,1,NA,1,0,1
"z[42,3]",1,0,1,1,1,1,1,NA,1,0,1
"z[43,3]",0.217111111111111,0.412324698400923,0,0,0,0,1,1.00051539635481,3474,1,1
"z[44,3]",0.0595555555555556,0.236687854568751,0,0,0,0,1,1.00038129057412,4500,1,1
"z[45,3]",0.584222222222222,0.492910345326907,0,0,1,1,1,1.00056690664787,2290,1,1
"z[46,3]",0.414666666666667,0.492719160976806,0,0,0,1,1,0.999677923880193,4500,1,1
"z[47,3]",1,0,1,1,1,1,1,NA,1,0,1
"z[48,3]",1,0,1,1,1,1,1,NA,1,0,1
"z[49,3]",1,0,1,1,1,1,1,NA,1,0,1
"z[50,3]",1,0,1,1,1,1,1,NA,1,0,1
"z[51,3]",1,0,1,1,1,1,1,NA,1,0,1
"z[52,3]",0.846,0.360988861926802,0,1,1,1,1,1.00040558393164,4500,1,1
"z[53,3]",0.728666666666667,0.444697089289433,0,0,1,1,1,1.00042141327576,3346,1,1
"z[54,3]",1,0,1,1,1,1,1,NA,1,0,1
"z[55,3]",0.062,0.241182350987992,0,0,0,0,1,1.00400097816283,1974,1,1
"z[56,3]",1,0,1,1,1,1,1,NA,1,0,1
"z[57,3]",1,0,1,1,1,1,1,NA,1,0,1
"z[58,3]",0.0373333333333333,0.189598375253176,0,0,0,0,1,1.00086952882191,4500,1,1
"z[59,3]",0.0644444444444444,0.245570273205584,0,0,0,0,1,0.999876935554913,4500,1,1
"z[60,3]",0.0257777777777778,0.158489324311835,0,0,0,0,1,1.00040936234957,4500,1,1
"z[61,3]",0.125555555555556,0.331384612689324,0,0,0,0,1,1.0076147037695,576,1,1
"z[62,3]",0.231111111111111,0.421590159780607,0,0,0,0,1,1.00036318495456,4049,1,1
"z[63,3]",0.155111111111111,0.362050802214222,0,0,0,0,1,1.00003826978825,4500,1,1
"z[64,3]",0.200222222222222,0.400211040620324,0,0,0,0,1,1.00060340541702,3334,1,1
"z[65,3]",0.636666666666667,0.481013137644236,0,0,1,1,1,1.00072515295971,2047,1,1
"z[66,3]",0.852666666666667,0.354477284696265,0,1,1,1,1,1.00006108777457,4500,1,1
"z[67,3]",0.808444444444444,0.393568858173293,0,1,1,1,1,0.999818904901876,4500,1,1
"z[68,3]",0.820222222222222,0.384044924537002,0,1,1,1,1,1.00044959003519,4341,1,1
"z[69,3]",1,0,1,1,1,1,1,NA,1,0,1
"z[70,3]",0.0204444444444444,0.141530634321543,0,0,0,0,0,1.02374815433589,1007,1,1
"z[71,3]",1,0,1,1,1,1,1,NA,1,0,1
"z[72,3]",1,0,1,1,1,1,1,NA,1,0,1
"z[73,3]",1,0,1,1,1,1,1,NA,1,0,1
"z[74,3]",1,0,1,1,1,1,1,NA,1,0,1
"z[75,3]",1,0,1,1,1,1,1,NA,1,0,1
"z[76,3]",0.583777777777778,0.492986096957346,0,0,1,1,1,0.999874170589637,4500,1,1
"z[77,3]",1,0,1,1,1,1,1,NA,1,0,1
"z[78,3]",0.670666666666667,0.470023385229729,0,0,1,1,1,1.00022330031239,4063,1,1
"z[79,3]",0.812222222222222,0.390578012967673,0,1,1,1,1,1.00173089027423,1596,1,1
"z[80,3]",0.511777777777778,0.499916814102062,0,0,1,1,1,0.999761910631509,4500,1,1
"z[81,3]",0.0875555555555556,0.282678859190088,0,0,0,0,1,1.00059632833574,4500,1,1
"z[82,3]",0.140666666666667,0.347716010056626,0,0,0,0,1,1.00194380568902,1822,1,1
"z[83,3]",0.0597777777777778,0.237101007385967,0,0,0,0,1,1.00299890171632,2666,1,1
"z[84,3]",1,0,1,1,1,1,1,NA,1,0,1
"z[85,3]",1,0,1,1,1,1,1,NA,1,0,1
"z[86,3]",1,0,1,1,1,1,1,NA,1,0,1
"z[87,3]",1,0,1,1,1,1,1,NA,1,0,1
"z[88,3]",1,0,1,1,1,1,1,NA,1,0,1
"z[89,3]",1,0,1,1,1,1,1,NA,1,0,1
"z[90,3]",0.615777777777778,0.48646489558684,0,0,1,1,1,0.999932979539186,4500,1,1
"z[91,3]",0.187555555555556,0.390400228668437,0,0,0,0,1,1.00119717288868,2138,1,1
"z[92,3]",0.158666666666667,0.36540556500869,0,0,0,0,1,1.00046675248965,4500,1,1
"z[93,3]",0.175555555555556,0.38048386710849,0,0,0,0,1,1.00113603327067,2348,1,1
"z[94,3]",0.314666666666667,0.464434590416437,0,0,0,1,1,1.00028417553783,3753,1,1
"z[95,3]",0.0208888888888889,0.143028281223349,0,0,0,0,0,0.999902499429906,4500,1,1
"z[96,3]",1,0,1,1,1,1,1,NA,1,0,1
"z[97,3]",1,0,1,1,1,1,1,NA,1,0,1
"z[98,3]",1,0,1,1,1,1,1,NA,1,0,1
"z[99,3]",0.136222222222222,0.343062504722754,0,0,0,0,1,1.00138277709438,2480,1,1
"z[100,3]",1,0,1,1,1,1,1,NA,1,0,1
"z[101,3]",1,0,1,1,1,1,1,NA,1,0,1
"z[102,3]",1,0,1,1,1,1,1,NA,1,0,1
"z[103,3]",0.335555555555556,0.472236785873133,0,0,0,1,1,1.00064096890054,2301,1,1
"z[104,3]",1,0,1,1,1,1,1,NA,1,0,1
"z[105,3]",0.317333333333333,0.465490107554567,0,0,0,1,1,1.00019672919031,4353,1,1
"z[106,3]",1,0,1,1,1,1,1,NA,1,0,1
"z[107,3]",1,0,1,1,1,1,1,NA,1,0,1
"z[108,3]",1,0,1,1,1,1,1,NA,1,0,1
"z[109,3]",0.167777777777778,0.373710356413528,0,0,0,0,1,1.00033930130142,4500,1,1
"z[110,3]",1,0,1,1,1,1,1,NA,1,0,1
"z[111,3]",1,0,1,1,1,1,1,NA,1,0,1
"z[112,3]",0.672888888888889,0.469210353869047,0,0,1,1,1,1.00107639422142,1614,1,1
"z[113,3]",1,0,1,1,1,1,1,NA,1,0,1
"z[114,3]",0.139555555555556,0.346563836545115,0,0,0,0,1,1.00214542552916,1685,1,1
"z[115,3]",0.298222222222222,0.457528410781342,0,0,0,1,1,1.00038345342773,3330,1,1
"z[116,3]",1,0,1,1,1,1,1,NA,1,0,1
"z[117,3]",0.143555555555556,0.350677466816207,0,0,0,0,1,0.99981522734871,4500,1,1
"z[118,3]",1,0,1,1,1,1,1,NA,1,0,1
"z[119,3]",0.0548888888888889,0.227788562815897,0,0,0,0,1,0.999951048756617,4500,1,1
"z[120,3]",0.0544444444444444,0.22691780342505,0,0,0,0,1,1.00012234694231,4500,1,1
"z[121,3]",1,0,1,1,1,1,1,NA,1,0,1
"z[122,3]",0.131777777777778,0.338286602882318,0,0,0,0,1,0.999691131217365,4500,1,1
"z[123,3]",1,0,1,1,1,1,1,NA,1,0,1
"z[124,3]",1,0,1,1,1,1,1,NA,1,0,1
"z[125,3]",0.733333333333333,0.442265782086846,0,0,1,1,1,1.00002099705851,4500,1,1
"z[126,3]",0.136222222222222,0.343062504722754,0,0,0,0,1,0.999887432514199,4500,1,1
"z[127,3]",0.831555555555556,0.374302080368986,0,1,1,1,1,1.00025662208607,4500,1,1
"z[128,3]",0.655555555555556,0.47523958022822,0,0,1,1,1,1.00055506126098,2498,1,1
"z[129,3]",0.837555555555556,0.368899021895473,0,1,1,1,1,1.00003625001343,4500,1,1
"z[130,3]",0.846888888888889,0.360134586374701,0,1,1,1,1,1.0000735614185,4500,1,1
"z[131,3]",0.482666666666667,0.499754996652622,0,0,0,1,1,0.999703431944335,4500,1,1
"z[132,3]",0.424,0.494245165948161,0,0,0,1,1,0.999891347827291,4500,1,1
"z[133,3]",0.508666666666667,0.499980439715195,0,0,1,1,1,1.00016627227212,4008,1,1
"z[134,3]",1,0,1,1,1,1,1,NA,1,0,1
"z[135,3]",1,0,1,1,1,1,1,NA,1,0,1
"z[136,3]",1,0,1,1,1,1,1,NA,1,0,1
"z[137,3]",1,0,1,1,1,1,1,NA,1,0,1
"z[138,3]",1,0,1,1,1,1,1,NA,1,0,1
"z[139,3]",1,0,1,1,1,1,1,NA,1,0,1
"z[140,3]",1,0,1,1,1,1,1,NA,1,0,1
"z[141,3]",1,0,1,1,1,1,1,NA,1,0,1
"z[142,3]",0.645555555555556,0.478397783242291,0,0,1,1,1,1.00027635200224,3590,1,1
"z[143,3]",0.585111111111111,0.492757604259719,0,0,1,1,1,1.0002005540499,3863,1,1
"z[144,3]",0.552888888888889,0.497250149914738,0,0,1,1,1,1.00006958775148,4500,1,1
"z[145,3]",0.762888888888889,0.425358247463406,0,1,1,1,1,0.999717180758254,4500,1,1
"z[146,3]",0.700222222222222,0.458211434819433,0,0,1,1,1,1.00050946528137,2833,1,1
"z[147,3]",0.732222222222222,0.442850336945843,0,0,1,1,1,1.00036329784356,3664,1,1
"z[148,3]",0.872,0.334126935562941,0,1,1,1,1,0.999684436694441,4500,1,1
"z[149,3]",0.0615555555555556,0.240373270107645,0,0,0,0,1,1.00005137824689,4500,1,1
"z[150,3]",0.0813333333333333,0.273376718032487,0,0,0,0,1,1.00142936759287,3793,1,1
"z[151,3]",0.0484444444444444,0.214727330422946,0,0,0,0,1,1.00509742745244,1991,1,1
"z[152,3]",0.0202222222222222,0.140775309913555,0,0,0,0,0,1.00235830412466,4500,1,1
"z[153,3]",0.702444444444444,0.457233753448424,0,0,1,1,1,1.00015923746948,4500,1,1
"z[154,3]",0.795333333333333,0.403502668145715,0,1,1,1,1,1.00022249317995,4500,1,1
"z[155,3]",1,0,1,1,1,1,1,NA,1,0,1
"z[156,3]",1,0,1,1,1,1,1,NA,1,0,1
"z[157,3]",1,0,1,1,1,1,1,NA,1,0,1
"z[158,3]",0.161333333333333,0.367879006366473,0,0,0,0,1,1.00100983245374,2760,1,1
"z[159,3]",0.361777777777778,0.480568349565013,0,0,0,1,1,0.999675407535792,4500,1,1
"z[160,3]",0.0455555555555556,0.208542349028494,0,0,0,0,1,1.00374368247131,2814,1,1
"z[161,3]",0.197555555555556,0.398199189045792,0,0,0,0,1,1.00167800569335,1574,1,1
"z[162,3]",0.174666666666667,0.379723931960079,0,0,0,0,1,1.00078361517818,3110,1,1
"z[163,3]",1,0,1,1,1,1,1,NA,1,0,1
"z[164,3]",1,0,1,1,1,1,1,NA,1,0,1
"z[165,3]",0.04,0.195980956294358,0,0,0,0,1,1.00281393545155,4115,1,1
"z[166,3]",1,0,1,1,1,1,1,NA,1,0,1
"z[167,3]",0.511777777777778,0.499916814102062,0,0,1,1,1,0.999697848059063,4500,1,1
"z[168,3]",0.867333333333333,0.339251821185049,0,1,1,1,1,1.00060931177967,4500,1,1
"z[169,3]",0.773555555555556,0.418576507649934,0,1,1,1,1,0.999720539546748,4500,1,1
"z[170,3]",0.153777777777778,0.360775688043558,0,0,0,0,1,1.0000929519399,4500,1,1
"z[171,3]",0.530444444444444,0.499127736847838,0,0,1,1,1,1.00067439002077,1997,1,1
"z[172,3]",0.722444444444444,0.447842649487471,0,0,1,1,1,0.999853350281868,4500,1,1
"z[173,3]",0.607555555555556,0.488349054561546,0,0,1,1,1,1.00006489111151,4500,1,1
"z[174,3]",0.589333333333333,0.492009501568061,0,0,1,1,1,1.0005835143143,2261,1,1
"z[175,3]",1,0,1,1,1,1,1,NA,1,0,1
"z[176,3]",1,0,1,1,1,1,1,NA,1,0,1
"z[177,3]",0.052,0.222051699163907,0,0,0,0,1,1.00003184321712,4500,1,1
"z[178,3]",0.0315555555555556,0.174833049066281,0,0,0,0,1,1.00159361989167,4500,1,1
"z[179,3]",0.0564444444444444,0.230803611284136,0,0,0,0,1,1.00032779068171,4500,1,1
"z[180,3]",0.843333333333333,0.363526600460068,0,1,1,1,1,0.999887011045123,4500,1,1
"z[181,3]",0.871555555555556,0.334621206229362,0,1,1,1,1,0.999998971300884,4500,1,1
"z[182,3]",0.713333333333333,0.452254730173891,0,0,1,1,1,1.00032470666094,3711,1,1
"z[183,3]",0.830222222222222,0.375479179003057,0,1,1,1,1,1.00162151387608,1823,1,1
"z[184,3]",1,0,1,1,1,1,1,NA,1,0,1
"z[185,3]",1,0,1,1,1,1,1,NA,1,0,1
"z[186,3]",0.000444444444444444,0.0210795079890303,0,0,0,0,0,1.10528646876281,4500,1,1
"z[187,3]",0.00222222222222222,0.0470932775447189,0,0,0,0,0,1.03308734033364,4500,1,1
"z[188,3]",0.0666666666666667,0.249471546385758,0,0,0,0,1,1.00163099144461,4079,1,1
"z[189,3]",0.036,0.186310798705171,0,0,0,0,1,1.00187423634335,4500,1,1
"z[190,3]",0.0268888888888889,0.161776674693452,0,0,0,0,1,1.00292954796725,4500,1,1
"z[191,3]",0.000888888888888889,0.0298042977535084,0,0,0,0,0,1.16587551740291,2570,1,1
"z[192,3]",0.00355555555555556,0.0595289935189017,0,0,0,0,0,1.05569525012309,2315,1,1
"z[193,3]",0.00111111111111111,0.033318511930496,0,0,0,0,0,1.11603919183554,3212,1,1
"z[194,3]",0.000666666666666667,0.0258141493083176,0,0,0,0,0,NA,4500,1,1
"z[195,3]",0.000444444444444444,0.0210795079890303,0,0,0,0,0,1.10528646876281,4500,1,1
"z[196,3]",0.00622222222222222,0.0786440117920529,0,0,0,0,0,1.00415701458324,4500,1,1
"z[197,3]",0.00933333333333333,0.0961679644942985,0,0,0,0,0,1.00311421329248,4500,1,1
"z[198,3]",0.000666666666666667,0.0258141493083176,0,0,0,0,0,1.13377982835195,4498,1,1
"z[199,3]",0.00711111111111111,0.0840363764582043,0,0,0,0,0,1.01183715153128,4500,1,1
"z[200,3]",0.002,0.0446815807032984,0,0,0,0,0,1.06670438272335,3369,1,1
"z[1,4]",0.098,0.297347688610086,0,0,0,0,1,1.00205804935574,2369,1,1
"z[2,4]",1,0,1,1,1,1,1,NA,1,0,1
"z[3,4]",0.149777777777778,0.356893121404989,0,0,0,0,1,1.00178388175599,1848,1,1
"z[4,4]",1,0,1,1,1,1,1,NA,1,0,1
"z[5,4]",0.721333333333333,0.448392946776403,0,0,1,1,1,0.999679436601335,4500,1,1
"z[6,4]",0.627777777777778,0.483450905827888,0,0,1,1,1,0.999905646487345,4500,1,1
"z[7,4]",0.773555555555556,0.418576507649934,0,1,1,1,1,0.999874737433231,4500,1,1
"z[8,4]",1,0,1,1,1,1,1,NA,1,0,1
"z[9,4]",1,0,1,1,1,1,1,NA,1,0,1
"z[10,4]",1,0,1,1,1,1,1,NA,1,0,1
"z[11,4]",1,0,1,1,1,1,1,NA,1,0,1
"z[12,4]",1,0,1,1,1,1,1,NA,1,0,1
"z[13,4]",0.938888888888889,0.239560631963708,0,1,1,1,1,1.00244992472229,3116,1,1
"z[14,4]",0.856,0.351128748592969,0,1,1,1,1,1.00372454295258,1002,1,1
"z[15,4]",0.173333333333333,0.378577254918682,0,0,0,0,1,0.999713478388645,4500,1,1
"z[16,4]",1,0,1,1,1,1,1,NA,1,0,1
"z[17,4]",0.179333333333333,0.383673821422209,0,0,0,0,1,1.00001906730427,4500,1,1
"z[18,4]",0.0711111111111111,0.257038913373673,0,0,0,0,1,1.00213956723292,3048,1,1
"z[19,4]",0.0455555555555556,0.208542349028494,0,0,0,0,1,1.00132206724225,4500,1,1
"z[20,4]",0.108444444444444,0.310975460571048,0,0,0,0,1,1.00012004867093,4500,1,1
"z[21,4]",0.08,0.271323348038703,0,0,0,0,1,1.00442805638491,1424,1,1
"z[22,4]",0.0217777777777778,0.145973426820025,0,0,0,0,0,1.00134770496702,4500,1,1
"z[23,4]",1,0,1,1,1,1,1,NA,1,0,1
"z[24,4]",1,0,1,1,1,1,1,NA,1,0,1
"z[25,4]",0.00777777777777778,0.0878578356425394,0,0,0,0,0,1.00501518886421,4500,1,1
"z[26,4]",1,0,1,1,1,1,1,NA,1,0,1
"z[27,4]",1,0,1,1,1,1,1,NA,1,0,1
"z[28,4]",0.113111111111111,0.316763768877172,0,0,0,0,1,1.00027324494065,4500,1,1
"z[29,4]",0.0722222222222222,0.258884272233404,0,0,0,0,1,1.00315511717886,2131,1,1
"z[30,4]",1,0,1,1,1,1,1,NA,1,0,1
"z[31,4]",1,0,1,1,1,1,1,NA,1,0,1
"z[32,4]",1,0,1,1,1,1,1,NA,1,0,1
"z[33,4]",0.148444444444444,0.355579510689408,0,0,0,0,1,0.999835035310736,4500,1,1
"z[34,4]",0.521111111111111,0.499609637446916,0,0,1,1,1,1.00066784469435,2006,1,1
"z[35,4]",0.0657777777777778,0.247920794922865,0,0,0,0,1,1.00397903046665,1884,1,1
"z[36,4]",0.566888888888889,0.495560742973591,0,0,1,1,1,0.999740720367877,4500,1,1
"z[37,4]",0.0495555555555556,0.217049006950826,0,0,0,0,1,1.00300256785849,3170,1,1
"z[38,4]",0.676888888888889,0.467716724186892,0,0,1,1,1,0.999769385799083,4500,1,1
"z[39,4]",1,0,1,1,1,1,1,NA,1,0,1
"z[40,4]",1,0,1,1,1,1,1,NA,1,0,1
"z[41,4]",0.768666666666667,0.421731841536556,0,1,1,1,1,0.999884705692593,4500,1,1
"z[42,4]",1,0,1,1,1,1,1,NA,1,0,1
"z[43,4]",0.243111111111111,0.42900932220977,0,0,0,0,1,0.999943211325028,4500,1,1
"z[44,4]",0.158666666666667,0.36540556500869,0,0,0,0,1,1.00029529896369,4500,1,1
"z[45,4]",0.143777777777778,0.350903250632194,0,0,0,0,1,1.00011809330119,4500,1,1
"z[46,4]",1,0,1,1,1,1,1,NA,1,0,1
"z[47,4]",1,0,1,1,1,1,1,NA,1,0,1
"z[48,4]",1,0,1,1,1,1,1,NA,1,0,1
"z[49,4]",0.795333333333333,0.403502668145715,0,1,1,1,1,1.00007957772493,4500,1,1
"z[50,4]",0.185111111111111,0.388430838391443,0,0,0,0,1,1.00040295736285,4500,1,1
"z[51,4]",0.657777777777778,0.474506277674274,0,0,1,1,1,1.00010173571845,4500,1,1
"z[52,4]",0.86,0.347025591999432,0,1,1,1,1,1.00191355981039,1852,1,1
"z[53,4]",0.709777777777778,0.453915267875744,0,0,1,1,1,1.00018631415143,4500,1,1
"z[54,4]",1,0,1,1,1,1,1,NA,1,0,1
"z[55,4]",0.0755555555555556,0.26431503658815,0,0,0,0,1,1.00400752484707,1648,1,1
"z[56,4]",1,0,1,1,1,1,1,NA,1,0,1
"z[57,4]",0.16,0.366646796392903,0,0,0,0,1,1.00215222047621,1496,1,1
"z[58,4]",0.101111111111111,0.3015092968165,0,0,0,0,1,0.999687523797605,4500,1,1
"z[59,4]",0.052,0.222051699163907,0,0,0,0,1,1.0008522802796,4500,1,1
"z[60,4]",0.0368888888888889,0.188509935158217,0,0,0,0,1,1.00378075311492,3411,1,1
"z[61,4]",0.0724444444444445,0.259251196201609,0,0,0,0,1,1.00185475586151,3403,1,1
"z[62,4]",0.136666666666667,0.343533280003382,0,0,0,0,1,1.0005020037676,4500,1,1
"z[63,4]",0.100666666666667,0.300920274791174,0,0,0,0,1,0.999856414275976,4500,1,1
"z[64,4]",0.118222222222222,0.322906951398641,0,0,0,0,1,1.00075995752644,4390,1,1
"z[65,4]",0.58,0.493613356145918,0,0,1,1,1,1.00030197032306,3238,1,1
"z[66,4]",0.873333333333333,0.332636153179885,0,1,1,1,1,0.999956657851692,4500,1,1
"z[67,4]",0.852,0.355139448050594,0,1,1,1,1,0.99983910756463,4500,1,1
"z[68,4]",0.849555555555556,0.357546251999011,0,1,1,1,1,1.0006085369033,4142,1,1
"z[69,4]",0.228222222222222,0.419733236384864,0,0,0,0,1,0.999916006807572,4500,1,1
"z[70,4]",0.288222222222222,0.452985399212743,0,0,0,1,1,1.00028830238725,3931,1,1
"z[71,4]",0.120888888888889,0.326034334535402,0,0,0,0,1,0.999799939767424,4500,1,1
"z[72,4]",0.409333333333333,0.491765489118608,0,0,0,1,1,0.999995099062271,4500,1,1
"z[73,4]",1,0,1,1,1,1,1,NA,1,0,1
"z[74,4]",1,0,1,1,1,1,1,NA,1,0,1
"z[75,4]",1,0,1,1,1,1,1,NA,1,0,1
"z[76,4]",0.800222222222222,0.399877670163395,0,1,1,1,1,1.00138466309259,1817,1,1
"z[77,4]",0.151111111111111,0.358196950635289,0,0,0,0,1,0.999937851982986,4500,1,1
"z[78,4]",1,0,1,1,1,1,1,NA,1,0,1
"z[79,4]",1,0,1,1,1,1,1,NA,1,0,1
"z[80,4]",0.540222222222222,0.498434931707668,0,0,1,1,1,0.999931278173318,4500,1,1
"z[81,4]",0.260666666666667,0.439047140569879,0,0,0,1,1,0.999959968699636,4500,1,1
"z[82,4]",1,0,1,1,1,1,1,NA,1,0,1
"z[83,4]",1,0,1,1,1,1,1,NA,1,0,1
"z[84,4]",1,0,1,1,1,1,1,NA,1,0,1
"z[85,4]",1,0,1,1,1,1,1,NA,1,0,1
"z[86,4]",0.046,0.209508363001558,0,0,0,0,1,1.00131799994166,4500,1,1
"z[87,4]",1,0,1,1,1,1,1,NA,1,0,1
"z[88,4]",0.114666666666667,0.318654651372799,0,0,0,0,1,0.999716928015294,4500,1,1
"z[89,4]",0.528,0.49927086200081,0,0,1,1,1,1.000142969004,4217,1,1
"z[90,4]",0.646222222222222,0.478194392749094,0,0,1,1,1,0.999746428419394,4500,1,1
"z[91,4]",0.117333333333333,0.321852826698461,0,0,0,0,1,1.0037137459561,1188,1,1
"z[92,4]",0.0964444444444444,0.295232591318208,0,0,0,0,1,1.00248431990562,2034,1,1
"z[93,4]",0.112222222222222,0.315674737072972,0,0,0,0,1,1.00030969480445,4500,1,1
"z[94,4]",0.217555555555556,0.412629339745095,0,0,0,0,1,1.00000976918303,4500,1,1
"z[95,4]",0.228,0.419589231702563,0,0,0,0,1,1.00007755279855,4500,1,1
"z[96,4]",1,0,1,1,1,1,1,NA,1,0,1
"z[97,4]",1,0,1,1,1,1,1,NA,1,0,1
"z[98,4]",0.0546666666666667,0.227353708622013,0,0,0,0,1,0.999777507536514,4500,1,1
"z[99,4]",1,0,1,1,1,1,1,NA,1,0,1
"z[100,4]",0.739111111111111,0.439168232300993,0,0,1,1,1,0.999667274989457,4500,1,1
"z[101,4]",0.496666666666667,0.500044452347172,0,0,0,1,1,0.99978157761231,4500,1,1
"z[102,4]",1,0,1,1,1,1,1,NA,1,0,1
"z[103,4]",1,0,1,1,1,1,1,NA,1,0,1
"z[104,4]",1,0,1,1,1,1,1,NA,1,0,1
"z[105,4]",0.45,0.497549004847702,0,0,0,1,1,0.999779037228856,4500,1,1
"z[106,4]",1,0,1,1,1,1,1,NA,1,0,1
"z[107,4]",1,0,1,1,1,1,1,NA,1,0,1
"z[108,4]",1,0,1,1,1,1,1,NA,1,0,1
"z[109,4]",1,0,1,1,1,1,1,NA,1,0,1
"z[110,4]",1,0,1,1,1,1,1,NA,1,0,1
"z[111,4]",1,0,1,1,1,1,1,NA,1,0,1
"z[112,4]",0.372666666666667,0.483568181607945,0,0,0,1,1,1.00027358069112,3523,1,1
"z[113,4]",1,0,1,1,1,1,1,NA,1,0,1
"z[114,4]",0.09,0.286213563699108,0,0,0,0,1,1.00014091403695,4500,1,1
"z[115,4]",0.126222222222222,0.332136549049397,0,0,0,0,1,1.00113207959545,3086,1,1
"z[116,4]",1,0,1,1,1,1,1,NA,1,0,1
"z[117,4]",1,0,1,1,1,1,1,NA,1,0,1
"z[118,4]",0.359777777777778,0.479988464376133,0,0,0,1,1,0.999887755170146,4500,1,1
"z[119,4]",0.0844444444444444,0.278084096742923,0,0,0,0,1,1.00151675741466,3496,1,1
"z[120,4]",0.0728888888888889,0.259982920619994,0,0,0,0,1,1.00112993040374,4500,1,1
"z[121,4]",1,0,1,1,1,1,1,NA,1,0,1
"z[122,4]",0.00777777777777778,0.0878578356425394,0,0,0,0,0,1.00988352108561,4500,1,1
"z[123,4]",0.954888888888889,0.207570887552932,0,1,1,1,1,1.00023871596452,4500,1,1
"z[124,4]",0.629777777777778,0.482917749456484,0,0,1,1,1,0.999756936393195,4500,1,1
"z[125,4]",1,0,1,1,1,1,1,NA,1,0,1
"z[126,4]",1,0,1,1,1,1,1,NA,1,0,1
"z[127,4]",0.863111111111111,0.343768210354624,0,1,1,1,1,1.0001819785082,4500,1,1
"z[128,4]",0.585555555555556,0.492680614439225,0,0,1,1,1,0.999770139471273,4500,1,1
"z[129,4]",0.872,0.334126935562941,0,1,1,1,1,1.00102003601972,3305,1,1
"z[130,4]",0.871555555555556,0.334621206229362,0,1,1,1,1,0.999881356855695,4500,1,1
"z[131,4]",0.437111111111111,0.496084344110268,0,0,0,1,1,1.00003049867427,4500,1,1
"z[132,4]",0.460666666666667,0.498505880520963,0,0,0,1,1,1.00093814031653,1588,1,1
"z[133,4]",0.524888888888889,0.499435654940848,0,0,1,1,1,0.999677724652854,4500,1,1
"z[134,4]",1,0,1,1,1,1,1,NA,1,0,1
"z[135,4]",1,0,1,1,1,1,1,NA,1,0,1
"z[136,4]",1,0,1,1,1,1,1,NA,1,0,1
"z[137,4]",1,0,1,1,1,1,1,NA,1,0,1
"z[138,4]",1,0,1,1,1,1,1,NA,1,0,1
"z[139,4]",0.495777777777778,0.500037735357056,0,0,0,1,1,0.999968187011972,4500,1,1
"z[140,4]",0.0848888888888889,0.278747254884959,0,0,0,0,1,1.00212934063576,2605,1,1
"z[141,4]",1,0,1,1,1,1,1,NA,1,0,1
"z[142,4]",0.641777777777778,0.479531189563664,0,0,1,1,1,1.00021337654982,3987,1,1
"z[143,4]",0.589333333333333,0.492009501568061,0,0,1,1,1,0.999766536700176,4500,1,1
"z[144,4]",0.549333333333333,0.497615563629677,0,0,1,1,1,1.00021921354565,3658,1,1
"z[145,4]",1,0,1,1,1,1,1,NA,1,0,1
"z[146,4]",1,0,1,1,1,1,1,NA,1,0,1
"z[147,4]",1,0,1,1,1,1,1,NA,1,0,1
"z[148,4]",1,0,1,1,1,1,1,NA,1,0,1
"z[149,4]",0.168444444444444,0.374302080368986,0,0,0,0,1,0.999682970355822,4500,1,1
"z[150,4]",0.0502222222222222,0.218427454690079,0,0,0,0,1,1.00023079535855,4500,1,1
"z[151,4]",0.568888888888889,0.495286618092888,0,0,1,1,1,0.99984676836161,4500,1,1
"z[152,4]",0.0342222222222222,0.181819713016199,0,0,0,0,1,1.0061981588331,2293,1,1
"z[153,4]",1,0,1,1,1,1,1,NA,1,0,1
"z[154,4]",1,0,1,1,1,1,1,NA,1,0,1
"z[155,4]",0.208222222222222,0.406081732372833,0,0,0,0,1,1.0006351302683,3142,1,1
"z[156,4]",0.118,0.322643972732636,0,0,0,0,1,0.999857846964909,4500,1,1
"z[157,4]",0.0495555555555556,0.217049006950826,0,0,0,0,1,1.00385856693382,2518,1,1
"z[158,4]",0.0202222222222222,0.140775309913555,0,0,0,0,0,1.00609564795576,3896,1,1
"z[159,4]",1,0,1,1,1,1,1,NA,1,0,1
"z[160,4]",0.0104444444444444,0.10167426066326,0,0,0,0,0,1.0246184913613,1870,1,1
"z[161,4]",0.213777777777778,0.410017314533042,0,0,0,0,1,0.999987181883973,4500,1,1
"z[162,4]",1,0,1,1,1,1,1,NA,1,0,1
"z[163,4]",0.126666666666667,0.332636153179885,0,0,0,0,1,0.999739271475447,4500,1,1
"z[164,4]",0.466222222222222,0.498913194888831,0,0,0,1,1,1.00001413172334,4500,1,1
"z[165,4]",0.0955555555555556,0.294013436961353,0,0,0,0,1,1.00123347387465,3685,1,1
"z[166,4]",1,0,1,1,1,1,1,NA,1,0,1
"z[167,4]",1,0,1,1,1,1,1,NA,1,0,1
"z[168,4]",1,0,1,1,1,1,1,NA,1,0,1
"z[169,4]",1,0,1,1,1,1,1,NA,1,0,1
"z[170,4]",1,0,1,1,1,1,1,NA,1,0,1
"z[171,4]",0.456666666666667,0.498174038614519,0,0,0,1,1,1.00141022216971,1162,1,1
"z[172,4]",0.780666666666667,0.41384088844787,0,1,1,1,1,0.999992992351395,4500,1,1
"z[173,4]",0.675555555555556,0.468218927918595,0,0,1,1,1,1.00015531060932,4500,1,1
"z[174,4]",1,0,1,1,1,1,1,NA,1,0,1
"z[175,4]",1,0,1,1,1,1,1,NA,1,0,1
"z[176,4]",1,0,1,1,1,1,1,NA,1,0,1
"z[177,4]",1,0,1,1,1,1,1,NA,1,0,1
"z[178,4]",0.176,0.380862487938661,0,0,0,0,1,1.00034428094062,4500,1,1
"z[179,4]",0.299111111111111,0.457919482174323,0,0,0,1,1,0.99984424407024,4500,1,1
"z[180,4]",0.864888888888889,0.341880202058169,0,1,1,1,1,1.00279123712727,1370,1,1
"z[181,4]",0.903555555555556,0.295232591318208,0,1,1,1,1,1.00046851911836,4500,1,1
"z[182,4]",0.750222222222222,0.432932432056475,0,1,1,1,1,0.999738970843336,4500,1,1
"z[183,4]",0.849333333333333,0.357763421105649,0,1,1,1,1,1.00173912903088,1891,1,1
"z[184,4]",0.804666666666667,0.396501145622131,0,1,1,1,1,1.00060408098419,3391,1,1
"z[185,4]",0.885333333333333,0.318654651372799,0,1,1,1,1,1.0013979317796,2844,1,1
"z[186,4]",0.00133333333333333,0.0364945409967103,0,0,0,0,0,1.03900028931154,4500,1,1
"z[187,4]",0.00355555555555556,0.0595289935189017,0,0,0,0,0,1.08880915036712,1381,1,1
"z[188,4]",0.0537777777777778,0.225603720820688,0,0,0,0,1,1.00082036658254,4500,1,1
"z[189,4]",0.00177777777777778,0.0421308880870312,0,0,0,0,0,1.007413097858,4500,1,1
"z[190,4]",0.000666666666666667,0.0258141493083176,0,0,0,0,0,NA,4500,1,1
"z[191,4]",0.00622222222222222,0.0786440117920529,0,0,0,0,0,1.00415701458324,4500,1,1
"z[192,4]",0.00244444444444444,0.0493863456663645,0,0,0,0,0,1.00379178827338,4500,1,1
"z[193,4]",0.000222222222222222,0.0149071198499986,0,0,0,0,0,1.29093398298233,4500,1,1
"z[194,4]",0.000444444444444444,0.0210795079890303,0,0,0,0,0,1.10528646876281,4500,1,1
"z[195,4]",0.000444444444444444,0.0210795079890303,0,0,0,0,0,1.10528646876281,4500,1,1
"z[196,4]",0.131111111111111,0.337559341533209,0,0,0,0,1,1.00059049337145,4500,1,1
"z[197,4]",0.107555555555556,0.309852696115214,0,0,0,0,1,1.00035935892211,4500,1,1
"z[198,4]",0.00377777777777778,0.0613542394088465,0,0,0,0,0,1.02160266575274,4500,1,1
"z[199,4]",0.00488888888888889,0.069757214702053,0,0,0,0,0,1.02476925160095,3942,1,1
"z[200,4]",0.00111111111111111,0.033318511930496,0,0,0,0,0,1.07137218653062,4500,1,1
"z[1,5]",1,0,1,1,1,1,1,NA,1,0,1
"z[2,5]",1,0,1,1,1,1,1,NA,1,0,1
"z[3,5]",0.150222222222222,0.357328812676052,0,0,0,0,1,1.00123936277665,2496,1,1
"z[4,5]",0.257333333333333,0.437213183538105,0,0,0,1,1,1.00064045959559,2683,1,1
"z[5,5]",0.838888888888889,0.367674260666936,0,1,1,1,1,1.0014243465151,2101,1,1
"z[6,5]",0.765111111111111,0.423976466980315,0,1,1,1,1,1.00018471808462,4500,1,1
"z[7,5]",0.852888888888889,0.35425600967688,0,1,1,1,1,1.00059420600888,4293,1,1
"z[8,5]",1,0,1,1,1,1,1,NA,1,0,1
"z[9,5]",1,0,1,1,1,1,1,NA,1,0,1
"z[10,5]",1,0,1,1,1,1,1,NA,1,0,1
"z[11,5]",1,0,1,1,1,1,1,NA,1,0,1
"z[12,5]",1,0,1,1,1,1,1,NA,1,0,1
"z[13,5]",0.928888888888889,0.257038913373673,0,1,1,1,1,1.00095908022579,4500,1,1
"z[14,5]",1,0,1,1,1,1,1,NA,1,0,1
"z[15,5]",1,0,1,1,1,1,1,NA,1,0,1
"z[16,5]",1,0,1,1,1,1,1,NA,1,0,1
"z[17,5]",1,0,1,1,1,1,1,NA,1,0,1
"z[18,5]",0.378888888888889,0.485164308674186,0,0,0,1,1,1.00003798682375,4500,1,1
"z[19,5]",0.175777777777778,0.380673289472773,0,0,0,0,1,0.99971720636451,4500,1,1
"z[20,5]",1,0,1,1,1,1,1,NA,1,0,1
"z[21,5]",1,0,1,1,1,1,1,NA,1,0,1
"z[22,5]",1,0,1,1,1,1,1,NA,1,0,1
"z[23,5]",1,0,1,1,1,1,1,NA,1,0,1
"z[24,5]",1,0,1,1,1,1,1,NA,1,0,1
"z[25,5]",0.00155555555555556,0.0394142235807543,0,0,0,0,0,1.21785683812397,1016,1,1
"z[26,5]",1,0,1,1,1,1,1,NA,1,0,1
"z[27,5]",1,0,1,1,1,1,1,NA,1,0,1
"z[28,5]",1,0,1,1,1,1,1,NA,1,0,1
"z[29,5]",0.0708888888888889,0.25666767217915,0,0,0,0,1,0.999706446635702,4500,1,1
"z[30,5]",0.971333333333333,0.166886422507456,0,1,1,1,1,1.00090697499402,4500,1,1
"z[31,5]",1,0,1,1,1,1,1,NA,1,0,1
"z[32,5]",1,0,1,1,1,1,1,NA,1,0,1
"z[33,5]",1,0,1,1,1,1,1,NA,1,0,1
"z[34,5]",1,0,1,1,1,1,1,NA,1,0,1
"z[35,5]",0.115333333333333,0.319459284219888,0,0,0,0,1,1.00100830765607,3645,1,1
"z[36,5]",1,0,1,1,1,1,1,NA,1,0,1
"z[37,5]",1,0,1,1,1,1,1,NA,1,0,1
"z[38,5]",1,0,1,1,1,1,1,NA,1,0,1
"z[39,5]",1,0,1,1,1,1,1,NA,1,0,1
"z[40,5]",1,0,1,1,1,1,1,NA,1,0,1
"z[41,5]",1,0,1,1,1,1,1,NA,1,0,1
"z[42,5]",1,0,1,1,1,1,1,NA,1,0,1
"z[43,5]",1,0,1,1,1,1,1,NA,1,0,1
"z[44,5]",0.0166666666666667,0.128033322512951,0,0,0,0,0,0.999942198526184,4500,1,1
"z[45,5]",1,0,1,1,1,1,1,NA,1,0,1
"z[46,5]",1,0,1,1,1,1,1,NA,1,0,1
"z[47,5]",0.953555555555556,0.21046900448124,0,1,1,1,1,1.00081015697993,4500,1,1
"z[48,5]",0.975777777777778,0.153755519169198,1,1,1,1,1,1.0065302065297,3050,0,1
"z[49,5]",0.824444444444444,0.38048386710849,0,1,1,1,1,1.000480064434,4243,1,1
"z[50,5]",0.136888888888889,0.343768210354624,0,0,0,0,1,1.00264603797774,1414,1,1
"z[51,5]",0.800222222222222,0.399877670163395,0,1,1,1,1,1.00001577927487,4500,1,1
"z[52,5]",0.904444444444444,0.294013436961353,0,1,1,1,1,1.00127855894029,3595,1,1
"z[53,5]",0.729555555555556,0.444238789444786,0,0,1,1,1,1.00003978867703,4500,1,1
"z[54,5]",1,0,1,1,1,1,1,NA,1,0,1
"z[55,5]",1,0,1,1,1,1,1,NA,1,0,1
"z[56,5]",1,0,1,1,1,1,1,NA,1,0,1
"z[57,5]",1,0,1,1,1,1,1,NA,1,0,1
"z[58,5]",0.109555555555556,0.312369683381089,0,0,0,0,1,1.00378408869601,1238,1,1
"z[59,5]",0.337111111111111,0.472775718807963,0,0,0,1,1,1.00074690480195,2078,1,1
"z[60,5]",0.181777777777778,0.385704131126018,0,0,0,0,1,0.999671075034673,4500,1,1
"z[61,5]",0.0404444444444444,0.197021109093834,0,0,0,0,1,1.00213236034521,4500,1,1
"z[62,5]",0.0828888888888889,0.27574484166109,0,0,0,0,1,1.00097946408364,4500,1,1
"z[63,5]",0.0528888888888889,0.223836521313966,0,0,0,0,1,0.999735479318917,4500,1,1
"z[64,5]",0.0682222222222222,0.252154872981642,0,0,0,0,1,1.00168529122957,3890,1,1
"z[65,5]",0.543111111111111,0.498193322813397,0,0,1,1,1,0.999676632383346,4500,1,1
"z[66,5]",0.942222222222222,0.233348680154498,0,1,1,1,1,1.000573973449,4500,1,1
"z[67,5]",0.934666666666667,0.247140571093493,0,1,1,1,1,0.999686468862399,4500,1,1
"z[68,5]",0.928888888888889,0.257038913373673,0,1,1,1,1,1.00079318965686,4500,1,1
"z[69,5]",1,0,1,1,1,1,1,NA,1,0,1
"z[70,5]",0.160222222222222,0.366852788745443,0,0,0,0,1,1.00016276599132,4500,1,1
"z[71,5]",0.0482222222222222,0.214259284678296,0,0,0,0,1,1.00059206657607,4500,1,1
"z[72,5]",1,0,1,1,1,1,1,NA,1,0,1
"z[73,5]",0.883111111111111,0.321323545239986,0,1,1,1,1,0.999891113389112,4500,1,1
"z[74,5]",0.916666666666667,0.276416113804279,0,1,1,1,1,1.00347718296147,1720,1,1
"z[75,5]",0.868,0.338528384323479,0,1,1,1,1,1.00105749620433,3132,1,1
"z[76,5]",1,0,1,1,1,1,1,NA,1,0,1
"z[77,5]",0.0602222222222222,0.237924537926314,0,0,0,0,1,1.00046065296708,4500,1,1
"z[78,5]",0.0322222222222222,0.176609404971474,0,0,0,0,1,1.00014869661915,4500,1,1
"z[79,5]",1,0,1,1,1,1,1,NA,1,0,1
"z[80,5]",0.658222222222222,0.474358231604594,0,0,1,1,1,1.00039245813583,3060,1,1
"z[81,5]",1,0,1,1,1,1,1,NA,1,0,1
"z[82,5]",0.0622222222222222,0.241585568629304,0,0,0,0,1,1.00004371626309,4500,1,1
"z[83,5]",0.129555555555556,0.335851126771128,0,0,0,0,1,0.999726811340255,4500,1,1
"z[84,5]",1,0,1,1,1,1,1,NA,1,0,1
"z[85,5]",1,0,1,1,1,1,1,NA,1,0,1
"z[86,5]",0.0206666666666667,0.142281601882585,0,0,0,0,0,1.00200790845348,4500,1,1
"z[87,5]",1,0,1,1,1,1,1,NA,1,0,1
"z[88,5]",1,0,1,1,1,1,1,NA,1,0,1
"z[89,5]",0.137333333333333,0.344237159599809,0,0,0,0,1,0.999766772146754,4500,1,1
"z[90,5]",0.746222222222222,0.435220300406757,0,0,1,1,1,0.999919162535189,4500,1,1
"z[91,5]",0.066,0.248309689121249,0,0,0,0,1,1.00427581745047,1757,1,1
"z[92,5]",0.0566666666666667,0.231230268797726,0,0,0,0,1,1.00078032994206,4500,1,1
"z[93,5]",0.0673333333333333,0.250626243865736,0,0,0,0,1,1.00439243894678,1683,1,1
"z[94,5]",0.136666666666667,0.343533280003382,0,0,0,0,1,1.00064032829074,4353,1,1
"z[95,5]",0.0637777777777778,0.244383806165854,0,0,0,0,1,1.00536834316029,1460,1,1
"z[96,5]",1,0,1,1,1,1,1,NA,1,0,1
"z[97,5]",1,0,1,1,1,1,1,NA,1,0,1
"z[98,5]",1,0,1,1,1,1,1,NA,1,0,1
"z[99,5]",0.913333333333333,0.281377237154674,0,1,1,1,1,1.00172703956108,3054,1,1
"z[100,5]",1,0,1,1,1,1,1,NA,1,0,1
"z[101,5]",1,0,1,1,1,1,1,NA,1,0,1
"z[102,5]",0.848666666666667,0.358413312036458,0,1,1,1,1,1.0004394698809,4500,1,1
"z[103,5]",0.909555555555556,0.286849319191581,0,1,1,1,1,0.999911139755029,4500,1,1
"z[104,5]",1,0,1,1,1,1,1,NA,1,0,1
"z[105,5]",0.633111111111111,0.482009399978906,0,0,1,1,1,0.999820782339302,4500,1,1
"z[106,5]",0.594444444444444,0.491053797673561,0,0,1,1,1,1.00032507413027,3153,1,1
"z[107,5]",0.809777777777778,0.392520020648456,0,1,1,1,1,1.00053946840662,3710,1,1
"z[108,5]",1,0,1,1,1,1,1,NA,1,0,1
"z[109,5]",1,0,1,1,1,1,1,NA,1,0,1
"z[110,5]",1,0,1,1,1,1,1,NA,1,0,1
"z[111,5]",1,0,1,1,1,1,1,NA,1,0,1
"z[112,5]",1,0,1,1,1,1,1,NA,1,0,1
"z[113,5]",1,0,1,1,1,1,1,NA,1,0,1
"z[114,5]",1,0,1,1,1,1,1,NA,1,0,1
"z[115,5]",1,0,1,1,1,1,1,NA,1,0,1
"z[116,5]",1,0,1,1,1,1,1,NA,1,0,1
"z[117,5]",1,0,1,1,1,1,1,NA,1,0,1
"z[118,5]",1,0,1,1,1,1,1,NA,1,0,1
"z[119,5]",1,0,1,1,1,1,1,NA,1,0,1
"z[120,5]",1,0,1,1,1,1,1,NA,1,0,1
"z[121,5]",1,0,1,1,1,1,1,NA,1,0,1
"z[122,5]",0.00288888888888889,0.0536766566849176,0,0,0,0,0,1.01987494187977,4500,1,1
"z[123,5]",1,0,1,1,1,1,1,NA,1,0,1
"z[124,5]",1,0,1,1,1,1,1,NA,1,0,1
"z[125,5]",1,0,1,1,1,1,1,NA,1,0,1
"z[126,5]",1,0,1,1,1,1,1,NA,1,0,1
"z[127,5]",0.936444444444444,0.243986630137708,0,1,1,1,1,0.999861617336619,4500,1,1
"z[128,5]",0.536222222222222,0.498741643428666,0,0,1,1,1,0.999921009478503,4500,1,1
"z[129,5]",0.946444444444444,0.225163550304364,0,1,1,1,1,1.00294295703818,2993,1,1
"z[130,5]",0.938888888888889,0.239560631963708,0,1,1,1,1,1.0040833712356,1964,1,1
"z[131,5]",0.596444444444444,0.490664824063724,0,0,1,1,1,0.999981854704764,4500,1,1
"z[132,5]",0.578444444444444,0.493863006596498,0,0,1,1,1,1.0000674106424,4500,1,1
"z[133,5]",0.656222222222222,0.475020800138348,0,0,1,1,1,1.00009756612463,4500,1,1
"z[134,5]",1,0,1,1,1,1,1,NA,1,0,1
"z[135,5]",1,0,1,1,1,1,1,NA,1,0,1
"z[136,5]",0.968,0.176019558815419,0,1,1,1,1,1.00343072646369,4268,1,1
"z[137,5]",1,0,1,1,1,1,1,NA,1,0,1
"z[138,5]",1,0,1,1,1,1,1,NA,1,0,1
"z[139,5]",1,0,1,1,1,1,1,NA,1,0,1
"z[140,5]",1,0,1,1,1,1,1,NA,1,0,1
"z[141,5]",0.310888888888889,0.462908853291612,0,0,0,1,1,0.999725225529918,4500,1,1
"z[142,5]",0.740666666666667,0.438317521197537,0,0,1,1,1,0.999801022393244,4500,1,1
"z[143,5]",0.694444444444444,0.460693523007132,0,0,1,1,1,0.999838401833072,4500,1,1
"z[144,5]",0.660222222222222,0.473686290111743,0,0,1,1,1,1.00006759170398,4500,1,1
"z[145,5]",1,0,1,1,1,1,1,NA,1,0,1
"z[146,5]",0.066,0.248309689121249,0,0,0,0,1,1.00194554424458,3557,1,1
"z[147,5]",1,0,1,1,1,1,1,NA,1,0,1
"z[148,5]",0.414444444444444,0.492680614439225,0,0,0,1,1,0.999921301580087,4500,1,1
"z[149,5]",0.0828888888888889,0.27574484166109,0,0,0,0,1,1.00095061158447,4500,1,1
"z[150,5]",0.0571111111111111,0.232080592249878,0,0,0,0,1,1.00008315092799,4500,1,1
"z[151,5]",1,0,1,1,1,1,1,NA,1,0,1
"z[152,5]",0.120888888888889,0.326034334535402,0,0,0,0,1,0.999747483919811,4500,1,1
"z[153,5]",1,0,1,1,1,1,1,NA,1,0,1
"z[154,5]",0.383333333333333,0.48625243591082,0,0,0,1,1,1.00012148120799,4500,1,1
"z[155,5]",1,0,1,1,1,1,1,NA,1,0,1
"z[156,5]",0.0551111111111111,0.228222372014437,0,0,0,0,1,1.00397577684515,2221,1,1
"z[157,5]",0.0211111111111111,0.143770739157005,0,0,0,0,0,1.00420168693754,4500,1,1
"z[158,5]",0.0153333333333333,0.122888478420367,0,0,0,0,0,1.00096365867745,4500,1,1
"z[159,5]",0.531777777777778,0.499044603505108,0,0,1,1,1,0.999889330597987,4500,1,1
"z[160,5]",0.0108888888888889,0.103791690054186,0,0,0,0,0,1.01057023039737,4195,1,1
"z[161,5]",0.0891111111111111,0.284935717041694,0,0,0,0,1,1.00173735246903,2973,1,1
"z[162,5]",1,0,1,1,1,1,1,NA,1,0,1
"z[163,5]",0.707333333333333,0.455037253396046,0,0,1,1,1,1.00085354001136,2044,1,1
"z[164,5]",1,0,1,1,1,1,1,NA,1,0,1
"z[165,5]",1,0,1,1,1,1,1,NA,1,0,1
"z[166,5]",1,0,1,1,1,1,1,NA,1,0,1
"z[167,5]",1,0,1,1,1,1,1,NA,1,0,1
"z[168,5]",0.957111111111111,0.202629110007349,0,1,1,1,1,1.004151499819,2709,1,1
"z[169,5]",1,0,1,1,1,1,1,NA,1,0,1
"z[170,5]",0.921333333333333,0.269247715076274,0,1,1,1,1,0.999849742676915,4500,1,1
"z[171,5]",0.388666666666667,0.487501488932589,0,0,0,1,1,1.00099210879884,1591,1,1
"z[172,5]",0.892,0.310414904214329,0,1,1,1,1,1.00091922491166,4143,1,1
"z[173,5]",0.851333333333333,0.355799129666249,0,1,1,1,1,0.999763644051619,4500,1,1
"z[174,5]",1,0,1,1,1,1,1,NA,1,0,1
"z[175,5]",1,0,1,1,1,1,1,NA,1,0,1
"z[176,5]",1,0,1,1,1,1,1,NA,1,0,1
"z[177,5]",0.0366666666666667,0.18796295738691,0,0,0,0,1,1.00503009619741,2621,1,1
"z[178,5]",0.338222222222222,0.473157163337463,0,0,0,1,1,0.999675972967346,4500,1,1
"z[179,5]",0.504444444444444,0.500035809144714,0,0,1,1,1,0.99970255843611,4500,1,1
"z[180,5]",0.932444444444444,0.251009569058353,0,1,1,1,1,1.00175713268991,3786,1,1
"z[181,5]",0.958222222222222,0.200103206188376,0,1,1,1,1,1.00161794404297,4500,1,1
"z[182,5]",0.881111111111111,0.323693689929004,0,1,1,1,1,1.00128775190348,2943,1,1
"z[183,5]",0.930888888888889,0.253671175391235,0,1,1,1,1,0.99974415936375,4500,1,1
"z[184,5]",1,0,1,1,1,1,1,NA,1,0,1
"z[185,5]",0.950444444444444,0.217049006950826,0,1,1,1,1,1.00014442630224,4500,1,1
"z[186,5]",0.0266666666666667,0.161125183440798,0,0,0,0,1,1.008781827393,2087,1,1
"z[187,5]",0.00577777777777778,0.0758002102747823,0,0,0,0,0,1.00925930386255,4500,1,1
"z[188,5]",0.048,0.213789983216616,0,0,0,0,1,0.999914651775973,4500,1,1
"z[189,5]",0.000222222222222222,0.0149071198499986,0,0,0,0,0,1.29093398298233,4500,1,1
"z[190,5]",0,0,0,0,0,0,0,NA,1,1,1
"z[191,5]",0,0,0,0,0,0,0,NA,1,1,1
"z[192,5]",0.0617777777777778,0.240778252960813,0,0,0,0,1,1.00119477500519,4500,1,1
"z[193,5]",0,0,0,0,0,0,0,NA,1,1,1
"z[194,5]",0,0,0,0,0,0,0,NA,1,1,1
"z[195,5]",0.000222222222222222,0.0149071198499986,0,0,0,0,0,1.29093398298233,4500,1,1
"z[196,5]",1,0,1,1,1,1,1,NA,1,0,1
"z[197,5]",0.559555555555556,0.4964956347635,0,0,1,1,1,1.00034096690419,3013,1,1
"z[198,5]",0.000444444444444444,0.0210795079890303,0,0,0,0,0,1.2913045102833,2250,1,1
"z[199,5]",0.002,0.0446815807032984,0,0,0,0,0,1.01775579934475,4500,1,1
"z[200,5]",0.000444444444444444,0.0210795079890303,0,0,0,0,0,1.2913045102833,2250,1,1
"z[1,6]",1,0,1,1,1,1,1,NA,1,0,1
"z[2,6]",0.121333333333333,0.326550535565759,0,0,0,0,1,0.999692670780612,4500,1,1
"z[3,6]",1,0,1,1,1,1,1,NA,1,0,1
"z[4,6]",1,0,1,1,1,1,1,NA,1,0,1
"z[5,6]",0.905111111111111,0.293093973751269,0,1,1,1,1,0.999830701632844,4500,1,1
"z[6,6]",0.842444444444444,0.364364247671686,0,1,1,1,1,0.999811048814515,4500,1,1
"z[7,6]",1,0,1,1,1,1,1,NA,1,0,1
"z[8,6]",1,0,1,1,1,1,1,NA,1,0,1
"z[9,6]",1,0,1,1,1,1,1,NA,1,0,1
"z[10,6]",0.365333333333333,0.481577019668107,0,0,0,1,1,1.00011500793472,4500,1,1
"z[11,6]",1,0,1,1,1,1,1,NA,1,0,1
"z[12,6]",1,0,1,1,1,1,1,NA,1,0,1
"z[13,6]",1,0,1,1,1,1,1,NA,1,0,1
"z[14,6]",0.947111111111111,0.223836521313966,0,1,1,1,1,1.00067996735808,4500,1,1
"z[15,6]",1,0,1,1,1,1,1,NA,1,0,1
"z[16,6]",0.955555555555556,0.206103312651472,0,1,1,1,1,1.00004978351279,4500,1,1
"z[17,6]",1,0,1,1,1,1,1,NA,1,0,1
"z[18,6]",0.384666666666667,0.486570481552837,0,0,0,1,1,1.00019923305389,3966,1,1
"z[19,6]",0.629555555555556,0.482977427194249,0,0,1,1,1,0.999688851830475,4500,1,1
"z[20,6]",1,0,1,1,1,1,1,NA,1,0,1
"z[21,6]",0.811777777777778,0.390932959969401,0,1,1,1,1,0.999937699606587,4500,1,1
"z[22,6]",1,0,1,1,1,1,1,NA,1,0,1
"z[23,6]",1,0,1,1,1,1,1,NA,1,0,1
"z[24,6]",1,0,1,1,1,1,1,NA,1,0,1
"z[25,6]",0.0455555555555556,0.208542349028494,0,0,0,0,1,1.00222045841393,4493,1,1
"z[26,6]",1,0,1,1,1,1,1,NA,1,0,1
"z[27,6]",0.215777777777778,0.411406539438781,0,0,0,0,1,1.00042115455591,3908,1,1
"z[28,6]",0.436,0.495942191671005,0,0,0,1,1,0.999995143215102,4500,1,1
"z[29,6]",0.0266666666666667,0.161125183440798,0,0,0,0,1,1.0037183431184,4500,1,1
"z[30,6]",1,0,1,1,1,1,1,NA,1,0,1
"z[31,6]",1,0,1,1,1,1,1,NA,1,0,1
"z[32,6]",1,0,1,1,1,1,1,NA,1,0,1
"z[33,6]",1,0,1,1,1,1,1,NA,1,0,1
"z[34,6]",0.410888888888889,0.492049807202756,0,0,0,1,1,1.00012366919197,4500,1,1
"z[35,6]",1,0,1,1,1,1,1,NA,1,0,1
"z[36,6]",1,0,1,1,1,1,1,NA,1,0,1
"z[37,6]",1,0,1,1,1,1,1,NA,1,0,1
"z[38,6]",0.199777777777778,0.399877670163395,0,0,0,0,1,1.00025807597391,4500,1,1
"z[39,6]",1,0,1,1,1,1,1,NA,1,0,1
"z[40,6]",1,0,1,1,1,1,1,NA,1,0,1
"z[41,6]",1,0,1,1,1,1,1,NA,1,0,1
"z[42,6]",1,0,1,1,1,1,1,NA,1,0,1
"z[43,6]",1,0,1,1,1,1,1,NA,1,0,1
"z[44,6]",0.05,0.217969167319041,0,0,0,0,1,1.00084664841581,4500,1,1
"z[45,6]",0.0255555555555556,0.157822698772571,0,0,0,0,1,1.0017324434956,4500,1,1
"z[46,6]",1,0,1,1,1,1,1,NA,1,0,1
"z[47,6]",0.928,0.258516636409127,0,1,1,1,1,0.999931939609409,4500,1,1
"z[48,6]",0.970222222222222,0.169992598048771,0,1,1,1,1,1.00040573241168,4500,1,1
"z[49,6]",0.837777777777778,0.368695512481717,0,1,1,1,1,1.00012416482411,4500,1,1
"z[50,6]",0.0715555555555556,0.257779217003763,0,0,0,0,1,1.00116598842853,4500,1,1
"z[51,6]",0.897555555555556,0.303265589918635,0,1,1,1,1,1.00009874306033,4500,1,1
"z[52,6]",0.94,0.237513233566337,0,1,1,1,1,1.00373477270893,2176,1,1
"z[53,6]",0.726,0.446058533332705,0,0,1,1,1,1.00031964833456,3848,1,1
"z[54,6]",1,0,1,1,1,1,1,NA,1,0,1
"z[55,6]",1,0,1,1,1,1,1,NA,1,0,1
"z[56,6]",1,0,1,1,1,1,1,NA,1,0,1
"z[57,6]",0.794666666666667,0.403989881012978,0,1,1,1,1,1.00041118894993,4111,1,1
"z[58,6]",1,0,1,1,1,1,1,NA,1,0,1
"z[59,6]",0.156888888888889,0.36373639680125,0,0,0,0,1,1.00121308569689,2452,1,1
"z[60,6]",0.0191111111111111,0.136930797191431,0,0,0,0,0,1.00682315773529,3686,1,1
"z[61,6]",0.000444444444444444,0.0210795079890303,0,0,0,0,0,1.2913045102833,2250,1,1
"z[62,6]",0.000666666666666667,0.0258141493083176,0,0,0,0,0,NA,4500,1,1
"z[63,6]",0.00177777777777778,0.0421308880870312,0,0,0,0,0,1.05041941929871,4500,1,1
"z[64,6]",0.000222222222222222,0.0149071198499986,0,0,0,0,0,1.29093398298233,4500,1,1
"z[65,6]",0.448888888888889,0.49743606782648,0,0,0,1,1,0.999778344859784,4500,1,1
"z[66,6]",1,0,1,1,1,1,1,NA,1,0,1
"z[67,6]",1,0,1,1,1,1,1,NA,1,0,1
"z[68,6]",1,0,1,1,1,1,1,NA,1,0,1
"z[69,6]",1,0,1,1,1,1,1,NA,1,0,1
"z[70,6]",0.676888888888889,0.467716724186892,0,0,1,1,1,0.999701197877784,4500,1,1
"z[71,6]",0.088,0.283326381812225,0,0,0,0,1,1.0004020241916,4500,1,1
"z[72,6]",1,0,1,1,1,1,1,NA,1,0,1
"z[73,6]",1,0,1,1,1,1,1,NA,1,0,1
"z[74,6]",1,0,1,1,1,1,1,NA,1,0,1
"z[75,6]",0.869111111111111,0.337316279778769,0,1,1,1,1,1.00004067126967,4500,1,1
"z[76,6]",0.455555555555556,0.498076118888428,0,0,0,1,1,0.999683863950694,4500,1,1
"z[77,6]",0.167555555555556,0.373512642298332,0,0,0,0,1,1.00002603604175,4500,1,1
"z[78,6]",0.0137777777777778,0.116580319235386,0,0,0,0,0,1.00339209163172,4500,1,1
"z[79,6]",1,0,1,1,1,1,1,NA,1,0,1
"z[80,6]",0.745777777777778,0.435471497524474,0,0,1,1,1,0.999996582029876,4500,1,1
"z[81,6]",0.167777777777778,0.373710356413528,0,0,0,0,1,1.00127232864034,2233,1,1
"z[82,6]",0.128222222222222,0.334374236084705,0,0,0,0,1,1.00119206780217,2933,1,1
"z[83,6]",0.132222222222222,0.338769847401279,0,0,0,0,1,1.00071560799005,4157,1,1
"z[84,6]",0.778666666666667,0.415190554162588,0,1,1,1,1,1.00005511322523,4500,1,1
"z[85,6]",0.79,0.407353501103256,0,1,1,1,1,1.0008464385921,2552,1,1
"z[86,6]",0.0115555555555556,0.106885749673393,0,0,0,0,0,1.00492287383438,4500,1,1
"z[87,6]",1,0,1,1,1,1,1,NA,1,0,1
"z[88,6]",0.814666666666667,0.388610921802413,0,1,1,1,1,1.00061465235755,3491,1,1
"z[89,6]",0.361777777777778,0.480568349565013,0,0,0,1,1,1.00037382270086,3067,1,1
"z[90,6]",0.822666666666667,0.381992995470565,0,1,1,1,1,1.00120163808295,2234,1,1
"z[91,6]",0.000666666666666667,0.0258141493083176,0,0,0,0,0,1.13377982835195,4498,1,1
"z[92,6]",0.00711111111111111,0.0840363764582043,0,0,0,0,0,1.03136508271702,2135,1,1
"z[93,6]",0.00444444444444444,0.0665257457028688,0,0,0,0,0,1.07201682774541,1401,1,1
"z[94,6]",0.00133333333333333,0.0364945409967103,0,0,0,0,0,1.03900028931154,4500,1,1
"z[95,6]",0.0526666666666667,0.223391984327829,0,0,0,0,1,1.00005338171874,4500,1,1
"z[96,6]",1,0,1,1,1,1,1,NA,1,0,1
"z[97,6]",1,0,1,1,1,1,1,NA,1,0,1
"z[98,6]",0.0384444444444444,0.192288028053314,0,0,0,0,1,1.00860490367444,1501,1,1
"z[99,6]",1,0,1,1,1,1,1,NA,1,0,1
"z[100,6]",1,0,1,1,1,1,1,NA,1,0,1
"z[101,6]",1,0,1,1,1,1,1,NA,1,0,1
"z[102,6]",0.800666666666667,0.399543527048891,0,1,1,1,1,1.00022373752854,4500,1,1
"z[103,6]",0.871111111111111,0.335114158308128,0,1,1,1,1,0.999868475528081,4500,1,1
"z[104,6]",1,0,1,1,1,1,1,NA,1,0,1
"z[105,6]",0.735333333333333,0.441204578771529,0,0,1,1,1,0.999768343579802,4500,1,1
"z[106,6]",0.226444444444444,0.418576507649934,0,0,0,0,1,1.00052010953985,3338,1,1
"z[107,6]",1,0,1,1,1,1,1,NA,1,0,1
"z[108,6]",1,0,1,1,1,1,1,NA,1,0,1
"z[109,6]",1,0,1,1,1,1,1,NA,1,0,1
"z[110,6]",1,0,1,1,1,1,1,NA,1,0,1
"z[111,6]",1,0,1,1,1,1,1,NA,1,0,1
"z[112,6]",1,0,1,1,1,1,1,NA,1,0,1
"z[113,6]",1,0,1,1,1,1,1,NA,1,0,1
"z[114,6]",1,0,1,1,1,1,1,NA,1,0,1
"z[115,6]",1,0,1,1,1,1,1,NA,1,0,1
"z[116,6]",0.0362222222222222,0.186863405673864,0,0,0,0,1,1.00023310056361,4500,1,1
"z[117,6]",1,0,1,1,1,1,1,NA,1,0,1
"z[118,6]",1,0,1,1,1,1,1,NA,1,0,1
"z[119,6]",1,0,1,1,1,1,1,NA,1,0,1
"z[120,6]",1,0,1,1,1,1,1,NA,1,0,1
"z[121,6]",1,0,1,1,1,1,1,NA,1,0,1
"z[122,6]",0.00288888888888889,0.0536766566849176,0,0,0,0,0,1.094594824565,1578,1,1
"z[123,6]",1,0,1,1,1,1,1,NA,1,0,1
"z[124,6]",1,0,1,1,1,1,1,NA,1,0,1
"z[125,6]",0.904444444444444,0.294013436961353,0,1,1,1,1,1.00022577929206,4500,1,1
"z[126,6]",1,0,1,1,1,1,1,NA,1,0,1
"z[127,6]",1,0,1,1,1,1,1,NA,1,0,1
"z[128,6]",0.442222222222222,0.496705701896018,0,0,0,1,1,0.999827732549282,4500,1,1
"z[129,6]",1,0,1,1,1,1,1,NA,1,0,1
"z[130,6]",1,0,1,1,1,1,1,NA,1,0,1
"z[131,6]",0.528666666666667,0.499233019208792,0,0,1,1,1,0.999746525254758,4500,1,1
"z[132,6]",0.605333333333333,0.488833295372351,0,0,1,1,1,0.999693861497044,4500,1,1
"z[133,6]",0.655555555555556,0.47523958022822,0,0,1,1,1,0.999681615421148,4500,1,1
"z[134,6]",1,0,1,1,1,1,1,NA,1,0,1
"z[135,6]",1,0,1,1,1,1,1,NA,1,0,1
"z[136,6]",1,0,1,1,1,1,1,NA,1,0,1
"z[137,6]",1,0,1,1,1,1,1,NA,1,0,1
"z[138,6]",1,0,1,1,1,1,1,NA,1,0,1
"z[139,6]",1,0,1,1,1,1,1,NA,1,0,1
"z[140,6]",1,0,1,1,1,1,1,NA,1,0,1
"z[141,6]",1,0,1,1,1,1,1,NA,1,0,1
"z[142,6]",0.812444444444444,0.390400228668437,0,1,1,1,1,1.0001341067628,4500,1,1
"z[143,6]",0.765333333333333,0.423837400201175,0,1,1,1,1,1.00437153242784,598,1,1
"z[144,6]",0.735555555555556,0.441085949781573,0,0,1,1,1,0.999843423118654,4500,1,1
"z[145,6]",1,0,1,1,1,1,1,NA,1,0,1
"z[146,6]",1,0,1,1,1,1,1,NA,1,0,1
"z[147,6]",1,0,1,1,1,1,1,NA,1,0,1
"z[148,6]",1,0,1,1,1,1,1,NA,1,0,1
"z[149,6]",1,0,1,1,1,1,1,NA,1,0,1
"z[150,6]",0.280888888888889,0.449483278557389,0,0,0,1,1,0.999910377130868,4500,1,1
"z[151,6]",1,0,1,1,1,1,1,NA,1,0,1
"z[152,6]",1,0,1,1,1,1,1,NA,1,0,1
"z[153,6]",1,0,1,1,1,1,1,NA,1,0,1
"z[154,6]",1,0,1,1,1,1,1,NA,1,0,1
"z[155,6]",1,0,1,1,1,1,1,NA,1,0,1
"z[156,6]",1,0,1,1,1,1,1,NA,1,0,1
"z[157,6]",1,0,1,1,1,1,1,NA,1,0,1
"z[158,6]",0.00311111111111111,0.0556966916350484,0,0,0,0,0,1.03148234445217,4500,1,1
"z[159,6]",1,0,1,1,1,1,1,NA,1,0,1
"z[160,6]",0.00755555555555556,0.0866033246050876,0,0,0,0,0,1.01803036084021,3532,1,1
"z[161,6]",0.742666666666667,0.437213183538105,0,0,1,1,1,1.00010717625059,4500,1,1
"z[162,6]",1,0,1,1,1,1,1,NA,1,0,1
"z[163,6]",1,0,1,1,1,1,1,NA,1,0,1
"z[164,6]",1,0,1,1,1,1,1,NA,1,0,1
"z[165,6]",1,0,1,1,1,1,1,NA,1,0,1
"z[166,6]",1,0,1,1,1,1,1,NA,1,0,1
"z[167,6]",0.00377777777777778,0.0613542394088465,0,0,0,0,0,1.01164843669904,4500,1,1
"z[168,6]",1,0,1,1,1,1,1,NA,1,0,1
"z[169,6]",1,0,1,1,1,1,1,NA,1,0,1
"z[170,6]",1,0,1,1,1,1,1,NA,1,0,1
"z[171,6]",0.0848888888888889,0.278747254884959,0,0,0,0,1,1.0000629209528,4500,1,1
"z[172,6]",1,0,1,1,1,1,1,NA,1,0,1
"z[173,6]",1,0,1,1,1,1,1,NA,1,0,1
"z[174,6]",0.0713333333333333,0.257409427269842,0,0,0,0,1,1.00215226871522,3022,1,1
"z[175,6]",1,0,1,1,1,1,1,NA,1,0,1
"z[176,6]",0.932222222222222,0.251392113273443,0,1,1,1,1,0.999858124303789,4500,1,1
"z[177,6]",1,0,1,1,1,1,1,NA,1,0,1
"z[178,6]",0.437333333333333,0.496112471026011,0,0,0,1,1,0.999846519946099,4500,1,1
"z[179,6]",0.621555555555556,0.485053121407382,0,0,1,1,1,0.999688473420335,4500,1,1
"z[180,6]",1,0,1,1,1,1,1,NA,1,0,1
"z[181,6]",1,0,1,1,1,1,1,NA,1,0,1
"z[182,6]",1,0,1,1,1,1,1,NA,1,0,1
"z[183,6]",1,0,1,1,1,1,1,NA,1,0,1
"z[184,6]",1,0,1,1,1,1,1,NA,1,0,1
"z[185,6]",1,0,1,1,1,1,1,NA,1,0,1
"z[186,6]",0.0344444444444444,0.182388094475073,0,0,0,0,1,0.999822759715065,4500,1,1
"z[187,6]",0.0557777777777778,0.229517588820724,0,0,0,0,1,1.00212786383994,3851,1,1
"z[188,6]",0.0371111111111111,0.189055069145718,0,0,0,0,1,0.999685938359443,4500,1,1
"z[189,6]",0,0,0,0,0,0,0,NA,1,1,1
"z[190,6]",0,0,0,0,0,0,0,NA,1,1,1
"z[191,6]",0,0,0,0,0,0,0,NA,1,1,1
"z[192,6]",0.0977777777777778,0.297046952768199,0,0,0,0,1,1.00014507760958,4500,1,1
"z[193,6]",0,0,0,0,0,0,0,NA,1,1,1
"z[194,6]",0,0,0,0,0,0,0,NA,1,1,1
"z[195,6]",0,0,0,0,0,0,0,NA,1,1,1
"z[196,6]",1,0,1,1,1,1,1,NA,1,0,1
"z[197,6]",1,0,1,1,1,1,1,NA,1,0,1
"z[198,6]",0.00155555555555556,0.0394142235807543,0,0,0,0,0,1.06447893654775,4494,1,1
"z[199,6]",0,0,0,0,0,0,0,NA,1,1,1
"z[200,6]",0,0,0,0,0,0,0,NA,1,1,1
"z[1,7]",1,0,1,1,1,1,1,NA,1,0,1
"z[2,7]",1,0,1,1,1,1,1,NA,1,0,1
"z[3,7]",0.227555555555556,0.419300720566829,0,0,0,0,1,0.999679397700714,4500,1,1
"z[4,7]",1,0,1,1,1,1,1,NA,1,0,1
"z[5,7]",1,0,1,1,1,1,1,NA,1,0,1
"z[6,7]",1,0,1,1,1,1,1,NA,1,0,1
"z[7,7]",0.969333333333333,0.17243210118093,0,1,1,1,1,1.00200371403024,4500,1,1
"z[8,7]",0.941111111111111,0.235442787459719,0,1,1,1,1,1.00373139102375,2210,1,1
"z[9,7]",0.985111111111111,0.121121715563244,1,1,1,1,1,1.00827985690818,3909,0,1
"z[10,7]",0.401333333333333,0.49022269730602,0,0,0,1,1,1.00050405605843,2492,1,1
"z[11,7]",1,0,1,1,1,1,1,NA,1,0,1
"z[12,7]",1,0,1,1,1,1,1,NA,1,0,1
"z[13,7]",1,0,1,1,1,1,1,NA,1,0,1
"z[14,7]",1,0,1,1,1,1,1,NA,1,0,1
"z[15,7]",1,0,1,1,1,1,1,NA,1,0,1
"z[16,7]",0.958222222222222,0.200103206188376,0,1,1,1,1,1.00730157009137,1626,1,1
"z[17,7]",0.939777777777778,0.237924537926314,0,1,1,1,1,1.0013365009056,4500,1,1
"z[18,7]",0.396222222222222,0.489165970726295,0,0,0,1,1,1.00011991785893,4500,1,1
"z[19,7]",1,0,1,1,1,1,1,NA,1,0,1
"z[20,7]",0.927555555555556,0.259251196201609,0,1,1,1,1,1.00016376338757,4500,1,1
"z[21,7]",0.869555555555556,0.336829190149167,0,1,1,1,1,1.00119115896315,2898,1,1
"z[22,7]",0.925111111111111,0.263241224560606,0,1,1,1,1,1.00001078051995,4500,1,1
"z[23,7]",1,0,1,1,1,1,1,NA,1,0,1
"z[24,7]",1,0,1,1,1,1,1,NA,1,0,1
"z[25,7]",0.346,0.475746042033284,0,0,0,1,1,0.999920024108955,4500,1,1
"z[26,7]",0.944444444444444,0.229086879157383,0,1,1,1,1,1.00613644058282,1462,1,1
"z[27,7]",0.56,0.496442109138781,0,0,1,1,1,0.999967999070998,4500,1,1
"z[28,7]",1,0,1,1,1,1,1,NA,1,0,1
"z[29,7]",0.0868888888888889,0.281703469504598,0,0,0,0,1,0.999953091553796,4500,1,1
"z[30,7]",1,0,1,1,1,1,1,NA,1,0,1
"z[31,7]",1,0,1,1,1,1,1,NA,1,0,1
"z[32,7]",1,0,1,1,1,1,1,NA,1,0,1
"z[33,7]",1,0,1,1,1,1,1,NA,1,0,1
"z[34,7]",1,0,1,1,1,1,1,NA,1,0,1
"z[35,7]",1,0,1,1,1,1,1,NA,1,0,1
"z[36,7]",1,0,1,1,1,1,1,NA,1,0,1
"z[37,7]",0.782666666666667,0.412477107072181,0,1,1,1,1,1.00052749261454,3408,1,1
"z[38,7]",1,0,1,1,1,1,1,NA,1,0,1
"z[39,7]",1,0,1,1,1,1,1,NA,1,0,1
"z[40,7]",1,0,1,1,1,1,1,NA,1,0,1
"z[41,7]",0.989333333333333,0.102738670891514,1,1,1,1,1,1.00756383570263,4500,0,1
"z[42,7]",0.981111111111111,0.136147779728393,1,1,1,1,1,1.01497133777407,1730,0,1
"z[43,7]",1,0,1,1,1,1,1,NA,1,0,1
"z[44,7]",1,0,1,1,1,1,1,NA,1,0,1
"z[45,7]",0.0617777777777778,0.240778252960813,0,0,0,0,1,1.00616831205474,1317,1,1
"z[46,7]",1,0,1,1,1,1,1,NA,1,0,1
"z[47,7]",0.933111111111111,0.24985723616271,0,1,1,1,1,1.00012944320284,4500,1,1
"z[48,7]",0.986,0.11750348180963,1,1,1,1,1,1.00696820242814,4500,0,1
"z[49,7]",0.863777777777778,0.343062504722754,0,1,1,1,1,1.00014978738839,4500,1,1
"z[50,7]",0.0113333333333333,0.105864911172911,0,0,0,0,0,1.02197703769873,1940,1,1
"z[51,7]",1,0,1,1,1,1,1,NA,1,0,1
"z[52,7]",0.972888888888889,0.162425248725456,0,1,1,1,1,1.00150585917113,4500,1,1
"z[53,7]",0.737555555555556,0.440011798198807,0,0,1,1,1,1.00114733716813,1752,1,1
"z[54,7]",0.990888888888889,0.0950268670194558,1,1,1,1,1,1.02622336707879,2010,0,1
"z[55,7]",0.981333333333333,0.1353598679191,1,1,1,1,1,1.0101284448356,2577,0,1
"z[56,7]",1,0,1,1,1,1,1,NA,1,0,1
"z[57,7]",1,0,1,1,1,1,1,NA,1,0,1
"z[58,7]",0.786444444444444,0.409862062981569,0,1,1,1,1,1.0001141269402,4500,1,1
"z[59,7]",1,0,1,1,1,1,1,NA,1,0,1
"z[60,7]",0.008,0.08909412970305,0,0,0,0,0,1.00433814824978,4500,1,1
"z[61,7]",0,0,0,0,0,0,0,NA,1,1,1
"z[62,7]",0,0,0,0,0,0,0,NA,1,1,1
"z[63,7]",0,0,0,0,0,0,0,NA,1,1,1
"z[64,7]",0,0,0,0,0,0,0,NA,1,1,1
"z[65,7]",0.814666666666667,0.388610921802413,0,1,1,1,1,0.999705569287069,4500,1,1
"z[66,7]",0.997333333333333,0.0515766100016907,1,1,1,1,1,1.0099762458543,4500,0,1
"z[67,7]",0.994,0.0772355205065475,1,1,1,1,1,1.00585876352754,4500,0,1
"z[68,7]",0.860888888888889,0.346100894176313,0,1,1,1,1,1.00143963277303,2362,1,1
"z[69,7]",0.213555555555556,0.409862062981569,0,0,0,0,1,1.00040373523089,4031,1,1
"z[70,7]",1,0,1,1,1,1,1,NA,1,0,1
"z[71,7]",1,0,1,1,1,1,1,NA,1,0,1
"z[72,7]",1,0,1,1,1,1,1,NA,1,0,1
"z[73,7]",1,0,1,1,1,1,1,NA,1,0,1
"z[74,7]",1,0,1,1,1,1,1,NA,1,0,1
"z[75,7]",1,0,1,1,1,1,1,NA,1,0,1
"z[76,7]",0.563333333333333,0.496027786758685,0,0,1,1,1,1.00003505226212,4500,1,1
"z[77,7]",1,0,1,1,1,1,1,NA,1,0,1
"z[78,7]",0.211333333333333,0.408299647209664,0,0,0,0,1,1.00050045435573,3595,1,1
"z[79,7]",1,0,1,1,1,1,1,NA,1,0,1
"z[80,7]",0.883555555555556,0.320792774619157,0,1,1,1,1,1.00205885021186,2030,1,1
"z[81,7]",0.137111111111111,0.344002836679547,0,0,0,0,1,1.00020691561143,4500,1,1
"z[82,7]",1,0,1,1,1,1,1,NA,1,0,1
"z[83,7]",0.675333333333333,0.468302207021895,0,0,1,1,1,0.999686640167696,4500,1,1
"z[84,7]",0.861333333333333,0.3456367601238,0,1,1,1,1,1.00080619182217,3682,1,1
"z[85,7]",1,0,1,1,1,1,1,NA,1,0,1
"z[86,7]",1,0,1,1,1,1,1,NA,1,0,1
"z[87,7]",1,0,1,1,1,1,1,NA,1,0,1
"z[88,7]",1,0,1,1,1,1,1,NA,1,0,1
"z[89,7]",1,0,1,1,1,1,1,NA,1,0,1
"z[90,7]",0.925555555555556,0.26252196898347,0,1,1,1,1,1.01047992163112,663,1,1
"z[91,7]",0,0,0,0,0,0,0,NA,1,1,1
"z[92,7]",0.0137777777777778,0.116580319235386,0,0,0,0,0,1.00654686474932,4500,1,1
"z[93,7]",0.0233333333333333,0.15097666777369,0,0,0,0,0,1.00701880929923,2959,1,1
"z[94,7]",0,0,0,0,0,0,0,NA,1,1,1
"z[95,7]",1,0,1,1,1,1,1,NA,1,0,1
"z[96,7]",1,0,1,1,1,1,1,NA,1,0,1
"z[97,7]",1,0,1,1,1,1,1,NA,1,0,1
"z[98,7]",1,0,1,1,1,1,1,NA,1,0,1
"z[99,7]",1,0,1,1,1,1,1,NA,1,0,1
"z[100,7]",1,0,1,1,1,1,1,NA,1,0,1
"z[101,7]",1,0,1,1,1,1,1,NA,1,0,1
"z[102,7]",0.831333333333333,0.374498850135827,0,1,1,1,1,1.0022228907624,1395,1,1
"z[103,7]",0.89,0.312924528267118,0,1,1,1,1,1.00052343390487,4500,1,1
"z[104,7]",1,0,1,1,1,1,1,NA,1,0,1
"z[105,7]",0.890666666666667,0.312091653631951,0,1,1,1,1,1.00011139777736,4500,1,1
"z[106,7]",0.0162222222222222,0.126343218950737,0,0,0,0,0,1.01119113491328,2672,1,1
"z[107,7]",1,0,1,1,1,1,1,NA,1,0,1
"z[108,7]",1,0,1,1,1,1,1,NA,1,0,1
"z[109,7]",1,0,1,1,1,1,1,NA,1,0,1
"z[110,7]",0.942666666666667,0.232504269129342,0,1,1,1,1,1.00019839920911,4500,1,1
"z[111,7]",0.994666666666667,0.0728427622699364,1,1,1,1,1,1.02988704906347,2985,0,1
"z[112,7]",0.990666666666667,0.0961679644942985,1,1,1,1,1,1.00053169360396,4500,0,1
"z[113,7]",0.990222222222222,0.0984089676386699,1,1,1,1,1,1.00385199701059,4500,0,1
"z[114,7]",1,0,1,1,1,1,1,NA,1,0,1
"z[115,7]",1,0,1,1,1,1,1,NA,1,0,1
"z[116,7]",1,0,1,1,1,1,1,NA,1,0,1
"z[117,7]",1,0,1,1,1,1,1,NA,1,0,1
"z[118,7]",1,0,1,1,1,1,1,NA,1,0,1
"z[119,7]",1,0,1,1,1,1,1,NA,1,0,1
"z[120,7]",0.943555555555556,0.230803611284136,0,1,1,1,1,1.00176365538767,4476,1,1
"z[121,7]",1,0,1,1,1,1,1,NA,1,0,1
"z[122,7]",0.0526666666666667,0.223391984327829,0,0,0,0,1,1.00295543391541,3035,1,1
"z[123,7]",0.992,0.08909412970305,1,1,1,1,1,1.0077965040042,4500,0,1
"z[124,7]",0.989333333333333,0.102738670891514,1,1,1,1,1,1.00429334611071,4500,0,1
"z[125,7]",1,0,1,1,1,1,1,NA,1,0,1
"z[126,7]",0.493111111111111,0.50000810049994,0,0,0,1,1,0.999778445117024,4500,1,1
"z[127,7]",0.994888888888889,0.071317023933587,1,1,1,1,1,1.00628299119719,4500,0,1
"z[128,7]",0.798,0.401536834294687,0,1,1,1,1,0.999857709152349,4500,1,1
"z[129,7]",0.995777777777778,0.0648485125458766,1,1,1,1,1,1.02521400686279,4482,0,1
"z[130,7]",0.996222222222222,0.0613542394088465,1,1,1,1,1,1.00656868947539,4500,0,1
"z[131,7]",1,0,1,1,1,1,1,NA,1,0,1
"z[132,7]",1,0,1,1,1,1,1,NA,1,0,1
"z[133,7]",1,0,1,1,1,1,1,NA,1,0,1
"z[134,7]",0.989111111111111,0.103791690054186,1,1,1,1,1,0.99987936395885,4500,0,1
"z[135,7]",0.989333333333333,0.102738670891514,1,1,1,1,1,1.00165667303157,4500,0,1
"z[136,7]",0.954222222222222,0.209026032222424,0,1,1,1,1,1.00030027154917,4500,1,1
"z[137,7]",0.996666666666667,0.0576451269226115,1,1,1,1,1,1.09257835663769,1403,0,1
"z[138,7]",1,0,1,1,1,1,1,NA,1,0,1
"z[139,7]",0.979333333333333,0.142281601882585,1,1,1,1,1,1.00842162768505,2789,0,1
"z[140,7]",1,0,1,1,1,1,1,NA,1,0,1
"z[141,7]",1,0,1,1,1,1,1,NA,1,0,1
"z[142,7]",0.916666666666667,0.276416113804279,0,1,1,1,1,1.00173524155114,3164,1,1
"z[143,7]",0.894,0.307871829415116,0,1,1,1,1,1.00418837284669,1170,1,1
"z[144,7]",0.868222222222222,0.338286602882318,0,1,1,1,1,1.0001774758294,4500,1,1
"z[145,7]",1,0,1,1,1,1,1,NA,1,0,1
"z[146,7]",1,0,1,1,1,1,1,NA,1,0,1
"z[147,7]",1,0,1,1,1,1,1,NA,1,0,1
"z[148,7]",1,0,1,1,1,1,1,NA,1,0,1
"z[149,7]",1,0,1,1,1,1,1,NA,1,0,1
"z[150,7]",1,0,1,1,1,1,1,NA,1,0,1
"z[151,7]",0.952666666666667,0.212374461172167,0,1,1,1,1,1.00390087727254,2603,1,1
"z[152,7]",0.984666666666667,0.122888478420367,1,1,1,1,1,1.011176678884,2832,0,1
"z[153,7]",1,0,1,1,1,1,1,NA,1,0,1
"z[154,7]",0.971111111111111,0.167512855228826,0,1,1,1,1,1.00213845091723,4500,1,1
"z[155,7]",0.939111111111111,0.239152967592038,0,1,1,1,1,1.0019582809937,3810,1,1
"z[156,7]",0.136888888888889,0.343768210354624,0,0,0,0,1,1.00003394910216,4500,1,1
"z[157,7]",1,0,1,1,1,1,1,NA,1,0,1
"z[158,7]",0.00866666666666667,0.0927009450571682,0,0,0,0,0,1.00661531087133,4500,1,1
"z[159,7]",1,0,1,1,1,1,1,NA,1,0,1
"z[160,7]",0.0864444444444444,0.281050450380857,0,0,0,0,1,0.999789218475575,4500,1,1
"z[161,7]",0.802444444444444,0.398199189045792,0,1,1,1,1,1.00094487814954,2476,1,1
"z[162,7]",1,0,1,1,1,1,1,NA,1,0,1
"z[163,7]",1,0,1,1,1,1,1,NA,1,0,1
"z[164,7]",1,0,1,1,1,1,1,NA,1,0,1
"z[165,7]",1,0,1,1,1,1,1,NA,1,0,1
"z[166,7]",1,0,1,1,1,1,1,NA,1,0,1
"z[167,7]",0.00244444444444444,0.0493863456663645,0,0,0,0,0,1.04969069831983,3799,1,1
"z[168,7]",0.963555555555556,0.187414119688263,0,1,1,1,1,0.99992683911034,4500,1,1
"z[169,7]",0.967111111111111,0.17836557884435,0,1,1,1,1,1.00275413287142,4500,1,1
"z[170,7]",1,0,1,1,1,1,1,NA,1,0,1
"z[171,7]",1,0,1,1,1,1,1,NA,1,0,1
"z[172,7]",0.824444444444444,0.38048386710849,0,1,1,1,1,1.00062771982395,3588,1,1
"z[173,7]",0.983333333333333,0.128033322512951,1,1,1,1,1,0.999942198526184,4500,0,1
"z[174,7]",0.0962222222222222,0.294928526412557,0,0,0,0,1,0.999885087157585,4500,1,1
"z[175,7]",1,0,1,1,1,1,1,NA,1,0,1
"z[176,7]",1,0,1,1,1,1,1,NA,1,0,1
"z[177,7]",0.0566666666666667,0.231230268797726,0,0,0,0,1,1.00114241160889,4500,1,1
"z[178,7]",0.539777777777778,0.498470605557614,0,0,1,1,1,0.999686210157244,4500,1,1
"z[179,7]",0.726888888888889,0.445606954364799,0,0,1,1,1,0.999828976003389,4500,1,1
"z[180,7]",0.996666666666667,0.0576451269226115,1,1,1,1,1,1.00631011246591,4500,0,1
"z[181,7]",0.950444444444444,0.217049006950826,0,1,1,1,1,1.0020129530543,4500,1,1
"z[182,7]",0.983333333333333,0.128033322512951,1,1,1,1,1,1.0161396915311,1815,0,1
"z[183,7]",0.994888888888889,0.071317023933587,1,1,1,1,1,1.06765089748679,1304,0,1
"z[184,7]",1,0,1,1,1,1,1,NA,1,0,1
"z[185,7]",1,0,1,1,1,1,1,NA,1,0,1
"z[186,7]",1,0,1,1,1,1,1,NA,1,0,1
"z[187,7]",0.105333333333333,0.307016560960735,0,0,0,0,1,0.999974705815942,4500,1,1
"z[188,7]",0.0317777777777778,0.175427447850631,0,0,0,0,1,1.00527588144564,2872,1,1
"z[189,7]",0,0,0,0,0,0,0,NA,1,1,1
"z[190,7]",0,0,0,0,0,0,0,NA,1,1,1
"z[191,7]",0,0,0,0,0,0,0,NA,1,1,1
"z[192,7]",0.141555555555556,0.348632457117574,0,0,0,0,1,0.999738441476144,4500,1,1
"z[193,7]",0,0,0,0,0,0,0,NA,1,1,1
"z[194,7]",0,0,0,0,0,0,0,NA,1,1,1
"z[195,7]",0.000222222222222222,0.0149071198499986,0,0,0,0,0,1.29093398298233,4500,1,1
"z[196,7]",1,0,1,1,1,1,1,NA,1,0,1
"z[197,7]",0.988444444444444,0.106885749673393,1,1,1,1,1,1.00324405900324,4500,0,1
"z[198,7]",0.106444444444444,0.308439890155801,0,0,0,0,1,1.00105221024746,3792,1,1
"z[199,7]",0.000222222222222222,0.0149071198499986,0,0,0,0,0,1.29093398298233,4500,1,1
"z[200,7]",0,0,0,0,0,0,0,NA,1,1,1
"z[1,8]",1,0,1,1,1,1,1,NA,1,0,1
"z[2,8]",1,0,1,1,1,1,1,NA,1,0,1
"z[3,8]",1,0,1,1,1,1,1,NA,1,0,1
"z[4,8]",1,0,1,1,1,1,1,NA,1,0,1
"z[5,8]",0.954,0.209508363001558,0,1,1,1,1,1.00866994397022,1251,1,1
"z[6,8]",0.925555555555556,0.26252196898347,0,1,1,1,1,1.00007691576551,4500,1,1
"z[7,8]",1,0,1,1,1,1,1,NA,1,0,1
"z[8,8]",1,0,1,1,1,1,1,NA,1,0,1
"z[9,8]",1,0,1,1,1,1,1,NA,1,0,1
"z[10,8]",0.163777777777778,0.370114925946038,0,0,0,0,1,1.00020434250397,4500,1,1
"z[11,8]",0.993111111111111,0.0827221418662089,1,1,1,1,1,1.0095458939391,4500,0,1
"z[12,8]",1,0,1,1,1,1,1,NA,1,0,1
"z[13,8]",1,0,1,1,1,1,1,NA,1,0,1
"z[14,8]",1,0,1,1,1,1,1,NA,1,0,1
"z[15,8]",0.411555555555556,0.492170102148651,0,0,0,1,1,1.00007365291666,4500,1,1
"z[16,8]",0.938666666666667,0.239967397948637,0,1,1,1,1,1.00115971635829,4500,1,1
"z[17,8]",0.854666666666667,0.352475764072828,0,1,1,1,1,1.00001680458856,4500,1,1
"z[18,8]",0.0351111111111111,0.18408109945566,0,0,0,0,1,1.0025198942595,4500,1,1
"z[19,8]",0.108666666666667,0.31125512213583,0,0,0,0,1,0.999792893656083,4500,1,1
"z[20,8]",0.828444444444444,0.377035591290268,0,1,1,1,1,1.00058937263565,3803,1,1
"z[21,8]",0.806888888888889,0.394783287468091,0,1,1,1,1,0.999878294602021,4500,1,1
"z[22,8]",0.842666666666667,0.364155219964792,0,1,1,1,1,1.00043042946222,4500,1,1
"z[23,8]",0.914444444444444,0.279737720136869,0,1,1,1,1,1.0017907119323,2996,1,1
"z[24,8]",0.0673333333333333,0.250626243865736,0,0,0,0,1,1.00572026397901,1305,1,1
"z[25,8]",0.456222222222222,0.498135170505595,0,0,0,1,1,0.999812637544081,4500,1,1
"z[26,8]",0.881777777777778,0.322906951398641,0,1,1,1,1,1.00112801856134,3284,1,1
"z[27,8]",0.648666666666667,0.477439920333794,0,0,1,1,1,0.999856262040416,4500,1,1
"z[28,8]",0.185555555555556,0.388790794756483,0,0,0,0,1,0.999696864654034,4500,1,1
"z[29,8]",0.400444444444444,0.490042912671345,0,0,0,1,1,1.00143601226193,1180,1,1
"z[30,8]",0.945333333333333,0.227353708622013,0,1,1,1,1,1.00041379308831,4500,1,1
"z[31,8]",0.906,0.291861147705373,0,1,1,1,1,1.00133163439749,3528,1,1
"z[32,8]",0.945777777777778,0.226480841156445,0,1,1,1,1,1.00128088447556,4500,1,1
"z[33,8]",1,0,1,1,1,1,1,NA,1,0,1
"z[34,8]",1,0,1,1,1,1,1,NA,1,0,1
"z[35,8]",1,0,1,1,1,1,1,NA,1,0,1
"z[36,8]",1,0,1,1,1,1,1,NA,1,0,1
"z[37,8]",0.106,0.307871829415116,0,0,0,0,1,0.999889458431788,4500,1,1
"z[38,8]",1,0,1,1,1,1,1,NA,1,0,1
"z[39,8]",0.938222222222222,0.240778252960813,0,1,1,1,1,1.00004826349516,4500,1,1
"z[40,8]",1,0,1,1,1,1,1,NA,1,0,1
"z[41,8]",1,0,1,1,1,1,1,NA,1,0,1
"z[42,8]",0.949555555555556,0.218884556868758,0,1,1,1,1,1.00399355700878,2408,1,1
"z[43,8]",0.849555555555556,0.357546251999011,0,1,1,1,1,0.999708931577379,4500,1,1
"z[44,8]",0.858444444444444,0.348632457117574,0,1,1,1,1,1.00228039066689,1577,1,1
"z[45,8]",0.518,0.499731423754776,0,0,1,1,1,1.00038888504724,2777,1,1
"z[46,8]",0.930666666666667,0.25404835085059,0,1,1,1,1,1.0000047296908,4500,1,1
"z[47,8]",0.916,0.277418641167487,0,1,1,1,1,1.00005402948145,4500,1,1
"z[48,8]",1,0,1,1,1,1,1,NA,1,0,1
"z[49,8]",0.870222222222222,0.336096129894842,0,1,1,1,1,0.99992418366651,4500,1,1
"z[50,8]",0.0106666666666667,0.102738670891514,0,0,0,0,0,1.00231639746635,4500,1,1
"z[51,8]",0.984444444444444,0.123761803562895,1,1,1,1,1,1.00103185032367,4500,0,1
"z[52,8]",1,0,1,1,1,1,1,NA,1,0,1
"z[53,8]",0.674666666666667,0.468551323014127,0,0,1,1,1,1.00030109541888,3597,1,1
"z[54,8]",1,0,1,1,1,1,1,NA,1,0,1
"z[55,8]",0.944444444444444,0.229086879157383,0,1,1,1,1,1.00010614995586,4500,1,1
"z[56,8]",1,0,1,1,1,1,1,NA,1,0,1
"z[57,8]",1,0,1,1,1,1,1,NA,1,0,1
"z[58,8]",0.597111111111111,0.490533285165418,0,0,1,1,1,0.999741244906057,4500,1,1
"z[59,8]",1,0,1,1,1,1,1,NA,1,0,1
"z[60,8]",0.042,0.200611423704479,0,0,0,0,1,1.00226765679689,4500,1,1
"z[61,8]",0.000444444444444444,0.0210795079890303,0,0,0,0,0,1.2913045102833,2250,1,1
"z[62,8]",0.0104444444444444,0.10167426066326,0,0,0,0,0,1.00334243703936,4500,1,1
"z[63,8]",0.000444444444444444,0.0210795079890303,0,0,0,0,0,1.10528646876281,4500,1,1
"z[64,8]",0,0,0,0,0,0,0,NA,1,1,1
"z[65,8]",1,0,1,1,1,1,1,NA,1,0,1
"z[66,8]",1,0,1,1,1,1,1,NA,1,0,1
"z[67,8]",1,0,1,1,1,1,1,NA,1,0,1
"z[68,8]",0.519777777777778,0.499664207709814,0,0,1,1,1,0.999762100020191,4500,1,1
"z[69,8]",0.292888888888889,0.455138463782826,0,0,0,1,1,1.00031783556591,3706,1,1
"z[70,8]",0.113111111111111,0.316763768877172,0,0,0,0,1,1.00124086334952,3160,1,1
"z[71,8]",0.560444444444444,0.496388179717821,0,0,1,1,1,1.00077596682973,1836,1,1
"z[72,8]",1,0,1,1,1,1,1,NA,1,0,1
"z[73,8]",1,0,1,1,1,1,1,NA,1,0,1
"z[74,8]",1,0,1,1,1,1,1,NA,1,0,1
"z[75,8]",1,0,1,1,1,1,1,NA,1,0,1
"z[76,8]",0.456222222222222,0.498135170505595,0,0,0,1,1,0.999801795037449,4500,1,1
"z[77,8]",0.172666666666667,0.378000847924102,0,0,0,0,1,0.999742782095108,4500,1,1
"z[78,8]",0.0142222222222222,0.118419030794728,0,0,0,0,0,1.02349427801133,1449,1,1
"z[79,8]",1,0,1,1,1,1,1,NA,1,0,1
"z[80,8]",1,0,1,1,1,1,1,NA,1,0,1
"z[81,8]",0.487777777777778,0.499906143175288,0,0,0,1,1,0.999823641397571,4500,1,1
"z[82,8]",0.885555555555556,0.318385678262224,0,1,1,1,1,1.00033265851921,4500,1,1
"z[83,8]",0.628444444444444,0.483274172249775,0,0,1,1,1,1.0000124955903,4500,1,1
"z[84,8]",1,0,1,1,1,1,1,NA,1,0,1
"z[85,8]",1,0,1,1,1,1,1,NA,1,0,1
"z[86,8]",0.0293333333333333,0.168757866791187,0,0,0,0,1,1.00627540536971,2634,1,1
"z[87,8]",1,0,1,1,1,1,1,NA,1,0,1
"z[88,8]",1,0,1,1,1,1,1,NA,1,0,1
"z[89,8]",0.898666666666667,0.301803131244352,0,1,1,1,1,1.00010404674933,4500,1,1
"z[90,8]",1,0,1,1,1,1,1,NA,1,0,1
"z[91,8]",0.000666666666666667,0.0258141493083176,0,0,0,0,0,NA,4500,1,1
"z[92,8]",0.486,0.499859504599784,0,0,0,1,1,0.999674917667521,4500,1,1
"z[93,8]",1,0,1,1,1,1,1,NA,1,0,1
"z[94,8]",0.00111111111111111,0.033318511930496,0,0,0,0,0,1.01912206739455,4500,1,1
"z[95,8]",0.493333333333333,0.500011113457287,0,0,0,1,1,0.999973802109709,4500,1,1
"z[96,8]",1,0,1,1,1,1,1,NA,1,0,1
"z[97,8]",1,0,1,1,1,1,1,NA,1,0,1
"z[98,8]",1,0,1,1,1,1,1,NA,1,0,1
"z[99,8]",1,0,1,1,1,1,1,NA,1,0,1
"z[100,8]",1,0,1,1,1,1,1,NA,1,0,1
"z[101,8]",1,0,1,1,1,1,1,NA,1,0,1
"z[102,8]",0.785111111111111,0.41079088857108,0,1,1,1,1,1.00037427738612,4183,1,1
"z[103,8]",0.861777777777778,0.345171429580393,0,1,1,1,1,1.00161270000143,2149,1,1
"z[104,8]",1,0,1,1,1,1,1,NA,1,0,1
"z[105,8]",1,0,1,1,1,1,1,NA,1,0,1
"z[106,8]",0.000222222222222222,0.0149071198499986,0,0,0,0,0,1.29093398298233,4500,1,1
"z[107,8]",1,0,1,1,1,1,1,NA,1,0,1
"z[108,8]",1,0,1,1,1,1,1,NA,1,0,1
"z[109,8]",0.00177777777777778,0.0421308880870312,0,0,0,0,0,1.05041941929871,4500,1,1
"z[110,8]",0.805555555555556,0.395816394508945,0,1,1,1,1,1.00045668202808,4031,1,1
"z[111,8]",1,0,1,1,1,1,1,NA,1,0,1
"z[112,8]",1,0,1,1,1,1,1,NA,1,0,1
"z[113,8]",1,0,1,1,1,1,1,NA,1,0,1
"z[114,8]",1,0,1,1,1,1,1,NA,1,0,1
"z[115,8]",1,0,1,1,1,1,1,NA,1,0,1
"z[116,8]",1,0,1,1,1,1,1,NA,1,0,1
"z[117,8]",0.840222222222222,0.366440553449894,0,1,1,1,1,1.00123888866194,2371,1,1
"z[118,8]",0.870444444444444,0.335851126771128,0,1,1,1,1,1.00271655851127,1447,1,1
"z[119,8]",1,0,1,1,1,1,1,NA,1,0,1
"z[120,8]",0.862888888888889,0.344002836679547,0,1,1,1,1,1.00000703412525,4500,1,1
"z[121,8]",1,0,1,1,1,1,1,NA,1,0,1
"z[122,8]",0.0451111111111111,0.207570887552932,0,0,0,0,1,1.00729347826636,1513,1,1
"z[123,8]",1,0,1,1,1,1,1,NA,1,0,1
"z[124,8]",1,0,1,1,1,1,1,NA,1,0,1
"z[125,8]",1,0,1,1,1,1,1,NA,1,0,1
"z[126,8]",1,0,1,1,1,1,1,NA,1,0,1
"z[127,8]",1,0,1,1,1,1,1,NA,1,0,1
"z[128,8]",1,0,1,1,1,1,1,NA,1,0,1
"z[129,8]",1,0,1,1,1,1,1,NA,1,0,1
"z[130,8]",1,0,1,1,1,1,1,NA,1,0,1
"z[131,8]",1,0,1,1,1,1,1,NA,1,0,1
"z[132,8]",0.0862222222222222,0.280723107246949,0,0,0,0,1,1.00521934905012,1144,1,1
"z[133,8]",0.661555555555556,0.473233102223453,0,0,1,1,1,0.999735028448516,4500,1,1
"z[134,8]",1,0,1,1,1,1,1,NA,1,0,1
"z[135,8]",1,0,1,1,1,1,1,NA,1,0,1
"z[136,8]",0.886888888888889,0.316763768877172,0,1,1,1,1,1.00076638090665,4500,1,1
"z[137,8]",1,0,1,1,1,1,1,NA,1,0,1
"z[138,8]",0.874666666666667,0.331133289462245,0,1,1,1,1,1.00015396802422,4500,1,1
"z[139,8]",0.962666666666667,0.189598375253176,0,1,1,1,1,1.00588466181505,2227,1,1
"z[140,8]",0.840888888888889,0.365820316837122,0,1,1,1,1,1.00013910340373,4500,1,1
"z[141,8]",0.970444444444444,0.169376503362579,0,1,1,1,1,1.00434184461862,3700,1,1
"z[142,8]",1,0,1,1,1,1,1,NA,1,0,1
"z[143,8]",1,0,1,1,1,1,1,NA,1,0,1
"z[144,8]",1,0,1,1,1,1,1,NA,1,0,1
"z[145,8]",1,0,1,1,1,1,1,NA,1,0,1
"z[146,8]",1,0,1,1,1,1,1,NA,1,0,1
"z[147,8]",1,0,1,1,1,1,1,NA,1,0,1
"z[148,8]",1,0,1,1,1,1,1,NA,1,0,1
"z[149,8]",0.363111111111111,0.480949929775415,0,0,0,1,1,1.00152092805882,1169,1,1
"z[150,8]",0.846444444444444,0.360562251135657,0,1,1,1,1,0.999817238690387,4500,1,1
"z[151,8]",0.878444444444444,0.326808103614916,0,1,1,1,1,0.999889792565428,4500,1,1
"z[152,8]",1,0,1,1,1,1,1,NA,1,0,1
"z[153,8]",1,0,1,1,1,1,1,NA,1,0,1
"z[154,8]",0.954444444444444,0.208542349028494,0,1,1,1,1,1.00315842988694,3286,1,1
"z[155,8]",1,0,1,1,1,1,1,NA,1,0,1
"z[156,8]",0.0453333333333333,0.20805730398765,0,0,0,0,1,1.00278419503838,3699,1,1
"z[157,8]",1,0,1,1,1,1,1,NA,1,0,1
"z[158,8]",0.00644444444444444,0.0800271001985887,0,0,0,0,0,1.00206721394687,4500,1,1
"z[159,8]",1,0,1,1,1,1,1,NA,1,0,1
"z[160,8]",0.637333333333333,0.480823180928364,0,0,1,1,1,1.00017511810403,4252,1,1
"z[161,8]",0.722,0.448063180220892,0,0,1,1,1,1.00024283386535,4330,1,1
"z[162,8]",0.953333333333333,0.210947333488984,0,1,1,1,1,1.00380324523173,2706,1,1
"z[163,8]",0.135111111111111,0.341880202058169,0,0,0,0,1,1.0005349739416,4500,1,1
"z[164,8]",1,0,1,1,1,1,1,NA,1,0,1
"z[165,8]",1,0,1,1,1,1,1,NA,1,0,1
"z[166,8]",1,0,1,1,1,1,1,NA,1,0,1
"z[167,8]",0.00644444444444444,0.0800271001985887,0,0,0,0,0,1.01091755903792,4500,1,1
"z[168,8]",0.906,0.291861147705373,0,1,1,1,1,1.00043059510893,4500,1,1
"z[169,8]",0.917555555555556,0.275071213116166,0,1,1,1,1,1.00062866551313,4500,1,1
"z[170,8]",1,0,1,1,1,1,1,NA,1,0,1
"z[171,8]",0.94,0.237513233566337,0,1,1,1,1,1.00052607757629,4500,1,1
"z[172,8]",0.198,0.398536442302985,0,0,0,0,1,0.999904502237519,4500,1,1
"z[173,8]",1,0,1,1,1,1,1,NA,1,0,1
"z[174,8]",0.308666666666667,0.461994574038951,0,0,0,1,1,1.00003740088589,4500,1,1
"z[175,8]",1,0,1,1,1,1,1,NA,1,0,1
"z[176,8]",1,0,1,1,1,1,1,NA,1,0,1
"z[177,8]",0.0184444444444444,0.13456697579197,0,0,0,0,0,1.00955947482999,2757,1,1
"z[178,8]",0.588444444444444,0.492170102148651,0,0,1,1,1,0.999699865839706,4500,1,1
"z[179,8]",0.763555555555556,0.424945405567671,0,1,1,1,1,0.999922019849721,4500,1,1
"z[180,8]",1,0,1,1,1,1,1,NA,1,0,1
"z[181,8]",0.829111111111111,0.376453674828579,0,1,1,1,1,1.00035471191207,4500,1,1
"z[182,8]",1,0,1,1,1,1,1,NA,1,0,1
"z[183,8]",1,0,1,1,1,1,1,NA,1,0,1
"z[184,8]",1,0,1,1,1,1,1,NA,1,0,1
"z[185,8]",1,0,1,1,1,1,1,NA,1,0,1
"z[186,8]",1,0,1,1,1,1,1,NA,1,0,1
"z[187,8]",0.126222222222222,0.332136549049397,0,0,0,0,1,1.00126777377304,2839,1,1
"z[188,8]",0.000888888888888889,0.0298042977535084,0,0,0,0,0,1.10540023626025,4497,1,1
"z[189,8]",0,0,0,0,0,0,0,NA,1,1,1
"z[190,8]",0,0,0,0,0,0,0,NA,1,1,1
"z[191,8]",0,0,0,0,0,0,0,NA,1,1,1
"z[192,8]",0.168444444444444,0.374302080368986,0,0,0,0,1,0.999720740698307,4500,1,1
"z[193,8]",0.000888888888888889,0.0298042977535084,0,0,0,0,0,1.16587551740291,2570,1,1
"z[194,8]",0.000666666666666667,0.0258141493083176,0,0,0,0,0,NA,4500,1,1
"z[195,8]",0.000444444444444444,0.0210795079890303,0,0,0,0,0,1.2913045102833,2250,1,1
"z[196,8]",1,0,1,1,1,1,1,NA,1,0,1
"z[197,8]",1,0,1,1,1,1,1,NA,1,0,1
"z[198,8]",1,0,1,1,1,1,1,NA,1,0,1
"z[199,8]",0,0,0,0,0,0,0,NA,1,1,1
"z[200,8]",0,0,0,0,0,0,0,NA,1,1,1
"z[1,9]",1,0,1,1,1,1,1,NA,1,0,1
"z[2,9]",1,0,1,1,1,1,1,NA,1,0,1
"z[3,9]",1,0,1,1,1,1,1,NA,1,0,1
"z[4,9]",1,0,1,1,1,1,1,NA,1,0,1
"z[5,9]",1,0,1,1,1,1,1,NA,1,0,1
"z[6,9]",1,0,1,1,1,1,1,NA,1,0,1
"z[7,9]",1,0,1,1,1,1,1,NA,1,0,1
"z[8,9]",1,0,1,1,1,1,1,NA,1,0,1
"z[9,9]",1,0,1,1,1,1,1,NA,1,0,1
"z[10,9]",1,0,1,1,1,1,1,NA,1,0,1
"z[11,9]",1,0,1,1,1,1,1,NA,1,0,1
"z[12,9]",1,0,1,1,1,1,1,NA,1,0,1
"z[13,9]",1,0,1,1,1,1,1,NA,1,0,1
"z[14,9]",1,0,1,1,1,1,1,NA,1,0,1
"z[15,9]",1,0,1,1,1,1,1,NA,1,0,1
"z[16,9]",0.932222222222222,0.251392113273443,0,1,1,1,1,1.0017883271803,3731,1,1
"z[17,9]",0.830666666666667,0.375087749976273,0,1,1,1,1,1.00062491436772,3710,1,1
"z[18,9]",0.400222222222222,0.489997704195958,0,0,0,1,1,1.00134700344303,1243,1,1
"z[19,9]",0.418,0.493284981881299,0,0,0,1,1,1.00042424171958,2720,1,1
"z[20,9]",0.801111111111111,0.399208609336637,0,1,1,1,1,0.999918807454511,4500,1,1
"z[21,9]",0.818222222222222,0.385704131126018,0,1,1,1,1,0.999778087295017,4500,1,1
"z[22,9]",0.829555555555556,0.376064573555185,0,1,1,1,1,0.999875245179754,4500,1,1
"z[23,9]",0.891777777777778,0.310695388301107,0,1,1,1,1,1.00048150512358,4500,1,1
"z[24,9]",0.551555555555556,0.497390190698278,0,0,1,1,1,1.00133024429727,1220,1,1
"z[25,9]",0.542888888888889,0.49821250712404,0,0,1,1,1,1.00027650612085,3309,1,1
"z[26,9]",0.87,0.336340807693268,0,1,1,1,1,1.00012448575529,4500,1,1
"z[27,9]",0.720888888888889,0.448612105960907,0,0,1,1,1,0.999829901571438,4500,1,1
"z[28,9]",1,0,1,1,1,1,1,NA,1,0,1
"z[29,9]",0.0428888888888889,0.202629110007349,0,0,0,0,1,1.00170061726808,4500,1,1
"z[30,9]",0.913555555555556,0.281050450380857,0,1,1,1,1,0.999813008990358,4500,1,1
"z[31,9]",0.869333333333333,0.337072896216618,0,1,1,1,1,1.00193522122241,1932,1,1
"z[32,9]",0.916666666666667,0.276416113804279,0,1,1,1,1,1.00255705026615,2263,1,1
"z[33,9]",1,0,1,1,1,1,1,NA,1,0,1
"z[34,9]",1,0,1,1,1,1,1,NA,1,0,1
"z[35,9]",0.200222222222222,0.400211040620324,0,0,0,0,1,0.999944416873472,4500,1,1
"z[36,9]",1,0,1,1,1,1,1,NA,1,0,1
"z[37,9]",1,0,1,1,1,1,1,NA,1,0,1
"z[38,9]",1,0,1,1,1,1,1,NA,1,0,1
"z[39,9]",1,0,1,1,1,1,1,NA,1,0,1
"z[40,9]",1,0,1,1,1,1,1,NA,1,0,1
"z[41,9]",0.945777777777778,0.226480841156445,0,1,1,1,1,1.00254618745443,3384,1,1
"z[42,9]",0.931555555555556,0.252535095508448,0,1,1,1,1,1.00056485069535,4500,1,1
"z[43,9]",0.839111111111111,0.367469266471889,0,1,1,1,1,0.99974923537694,4500,1,1
"z[44,9]",0.798888888888889,0.400875471267549,0,1,1,1,1,1.00030934369642,4500,1,1
"z[45,9]",0.696,0.460033726065363,0,0,1,1,1,0.999886731847216,4500,1,1
"z[46,9]",0.896222222222222,0.305005940343398,0,1,1,1,1,1.00042984377352,4500,1,1
"z[47,9]",0.909111111111111,0.287482981490148,0,1,1,1,1,1.00041725067476,4500,1,1
"z[48,9]",1,0,1,1,1,1,1,NA,1,0,1
"z[49,9]",0.873333333333333,0.332636153179885,0,1,1,1,1,1.00037543576005,4500,1,1
"z[50,9]",0.0126666666666667,0.111843649799372,0,0,0,0,0,1.00576542316528,4500,1,1
"z[51,9]",1,0,1,1,1,1,1,NA,1,0,1
"z[52,9]",1,0,1,1,1,1,1,NA,1,0,1
"z[53,9]",1,0,1,1,1,1,1,NA,1,0,1
"z[54,9]",1,0,1,1,1,1,1,NA,1,0,1
"z[55,9]",0.926222222222222,0.261437958471522,0,1,1,1,1,1.00217458781471,2914,1,1
"z[56,9]",1,0,1,1,1,1,1,NA,1,0,1
"z[57,9]",0.770444444444444,0.420593762891488,0,1,1,1,1,1.00109334472044,1983,1,1
"z[58,9]",0.0255555555555556,0.157822698772571,0,0,0,0,1,1.00469011538288,3972,1,1
"z[59,9]",1,0,1,1,1,1,1,NA,1,0,1
"z[60,9]",1,0,1,1,1,1,1,NA,1,0,1
"z[61,9]",0.00133333333333333,0.0364945409967103,0,0,0,0,0,1.1055143248586,2997,1,1
"z[62,9]",1,0,1,1,1,1,1,NA,1,0,1
"z[63,9]",0.002,0.0446815807032984,0,0,0,0,0,1.01775579934475,4500,1,1
"z[64,9]",0.00155555555555556,0.0394142235807543,0,0,0,0,0,1.13197091684193,1967,1,1
"z[65,9]",1,0,1,1,1,1,1,NA,1,0,1
"z[66,9]",1,0,1,1,1,1,1,NA,1,0,1
"z[67,9]",1,0,1,1,1,1,1,NA,1,0,1
"z[68,9]",0.0702222222222222,0.255549553077657,0,0,0,0,1,1.0048182036671,1483,1,1
"z[69,9]",1,0,1,1,1,1,1,NA,1,0,1
"z[70,9]",1,0,1,1,1,1,1,NA,1,0,1
"z[71,9]",1,0,1,1,1,1,1,NA,1,0,1
"z[72,9]",1,0,1,1,1,1,1,NA,1,0,1
"z[73,9]",1,0,1,1,1,1,1,NA,1,0,1
"z[74,9]",1,0,1,1,1,1,1,NA,1,0,1
"z[75,9]",1,0,1,1,1,1,1,NA,1,0,1
"z[76,9]",1,0,1,1,1,1,1,NA,1,0,1
"z[77,9]",0.0511111111111111,0.220248825947067,0,0,0,0,1,0.999960462963641,4500,1,1
"z[78,9]",0.0177777777777778,0.132157518294075,0,0,0,0,0,1.00861650371366,3158,1,1
"z[79,9]",1,0,1,1,1,1,1,NA,1,0,1
"z[80,9]",1,0,1,1,1,1,1,NA,1,0,1
"z[81,9]",0.242222222222222,0.428475688197424,0,0,0,0,1,1.00049534590822,3284,1,1
"z[82,9]",1,0,1,1,1,1,1,NA,1,0,1
"z[83,9]",0.259111111111111,0.438195405335641,0,0,0,1,1,1.00010285590811,4500,1,1
"z[84,9]",0.767111111111111,0.422719012480962,0,1,1,1,1,1.00021167256096,4500,1,1
"z[85,9]",0.698666666666667,0.458888168015487,0,0,1,1,1,0.999668281752589,4500,1,1
"z[86,9]",0.0248888888888889,0.155803807734777,0,0,0,0,0,1.00021080653316,4500,1,1
"z[87,9]",1,0,1,1,1,1,1,NA,1,0,1
"z[88,9]",1,0,1,1,1,1,1,NA,1,0,1
"z[89,9]",1,0,1,1,1,1,1,NA,1,0,1
"z[90,9]",1,0,1,1,1,1,1,NA,1,0,1
"z[91,9]",0.00177777777777778,0.0421308880870312,0,0,0,0,0,1.05041941929871,4500,1,1
"z[92,9]",1,0,1,1,1,1,1,NA,1,0,1
"z[93,9]",1,0,1,1,1,1,1,NA,1,0,1
"z[94,9]",0.00288888888888889,0.0536766566849176,0,0,0,0,0,1.01987494187977,4500,1,1
"z[95,9]",0.580444444444444,0.493541103530166,0,0,1,1,1,0.999818222785986,4500,1,1
"z[96,9]",0.036,0.186310798705171,0,0,0,0,1,1.00533460883031,2520,1,1
"z[97,9]",0.0615555555555556,0.240373270107645,0,0,0,0,1,0.999762728182408,4500,1,1
"z[98,9]",0.0177777777777778,0.132157518294075,0,0,0,0,0,1.01682424171887,1630,1,1
"z[99,9]",1,0,1,1,1,1,1,NA,1,0,1
"z[100,9]",1,0,1,1,1,1,1,NA,1,0,1
"z[101,9]",1,0,1,1,1,1,1,NA,1,0,1
"z[102,9]",0.774888888888889,0.417701892453193,0,1,1,1,1,0.999935140578961,4500,1,1
"z[103,9]",0.857555555555556,0.349544240495844,0,1,1,1,1,1.00210550573735,1676,1,1
"z[104,9]",1,0,1,1,1,1,1,NA,1,0,1
"z[105,9]",1,0,1,1,1,1,1,NA,1,0,1
"z[106,9]",0.000666666666666667,0.0258141493083176,0,0,0,0,0,1.13377982835195,4498,1,1
"z[107,9]",1,0,1,1,1,1,1,NA,1,0,1
"z[108,9]",1,0,1,1,1,1,1,NA,1,0,1
"z[109,9]",0.000666666666666667,0.0258141493083176,0,0,0,0,0,1.13377982835195,4498,1,1
"z[110,9]",1,0,1,1,1,1,1,NA,1,0,1
"z[111,9]",1,0,1,1,1,1,1,NA,1,0,1
"z[112,9]",0.943111111111111,0.231655927287332,0,1,1,1,1,1.0002145196094,4500,1,1
"z[113,9]",1,0,1,1,1,1,1,NA,1,0,1
"z[114,9]",1,0,1,1,1,1,1,NA,1,0,1
"z[115,9]",1,0,1,1,1,1,1,NA,1,0,1
"z[116,9]",0.685111111111111,0.464523226610421,0,0,1,1,1,1.00058474886014,2528,1,1
"z[117,9]",0.801777777777778,0.398704776126197,0,1,1,1,1,1.00200893425244,1341,1,1
"z[118,9]",0.822222222222222,0.382368055124134,0,1,1,1,1,1.00162061072819,1759,1,1
"z[119,9]",1,0,1,1,1,1,1,NA,1,0,1
"z[120,9]",0.816,0.387527254202204,0,1,1,1,1,0.999824465967844,4500,1,1
"z[121,9]",1,0,1,1,1,1,1,NA,1,0,1
"z[122,9]",0.287555555555556,0.452673054448139,0,0,0,1,1,1.00013053977319,4500,1,1
"z[123,9]",0.957111111111111,0.202629110007349,0,1,1,1,1,1.00405228829571,2763,1,1
"z[124,9]",0.928,0.258516636409127,0,1,1,1,1,0.999865467161476,4500,1,1
"z[125,9]",1,0,1,1,1,1,1,NA,1,0,1
"z[126,9]",0.877555555555556,0.327834845547119,0,1,1,1,1,1.00186840590101,2120,1,1
"z[127,9]",1,0,1,1,1,1,1,NA,1,0,1
"z[128,9]",1,0,1,1,1,1,1,NA,1,0,1
"z[129,9]",1,0,1,1,1,1,1,NA,1,0,1
"z[130,9]",1,0,1,1,1,1,1,NA,1,0,1
"z[131,9]",1,0,1,1,1,1,1,NA,1,0,1
"z[132,9]",0.0424444444444444,0.201623280764707,0,0,0,0,1,1.0016465441063,4500,1,1
"z[133,9]",0.0548888888888889,0.227788562815897,0,0,0,0,1,1.00069358868112,4500,1,1
"z[134,9]",1,0,1,1,1,1,1,NA,1,0,1
"z[135,9]",0.946222222222222,0.225603720820688,0,1,1,1,1,1.00173041734702,4500,1,1
"z[136,9]",0.842,0.364781537535406,0,1,1,1,1,1.00062285152103,3922,1,1
"z[137,9]",1,0,1,1,1,1,1,NA,1,0,1
"z[138,9]",0.808444444444444,0.393568858173293,0,1,1,1,1,1.00025979218618,4500,1,1
"z[139,9]",1,0,1,1,1,1,1,NA,1,0,1
"z[140,9]",1,0,1,1,1,1,1,NA,1,0,1
"z[141,9]",1,0,1,1,1,1,1,NA,1,0,1
"z[142,9]",0.0391111111111111,0.193880853578703,0,0,0,0,1,1.00489734329833,2529,1,1
"z[143,9]",0.0288888888888889,0.167512855228826,0,0,0,0,1,1.0008255523388,4500,1,1
"z[144,9]",1,0,1,1,1,1,1,NA,1,0,1
"z[145,9]",0.916444444444444,0.276750871585914,0,1,1,1,1,1.00118186823575,4296,1,1
"z[146,9]",0.870888888888889,0.335360141694826,0,1,1,1,1,1.00007313124557,4500,1,1
"z[147,9]",1,0,1,1,1,1,1,NA,1,0,1
"z[148,9]",1,0,1,1,1,1,1,NA,1,0,1
"z[149,9]",0.601111111111111,0.489724247643094,0,0,1,1,1,1.00172081372755,1021,1,1
"z[150,9]",0.790222222222222,0.407195171791313,0,1,1,1,1,0.99976454790426,4500,1,1
"z[151,9]",0.848666666666667,0.358413312036458,0,1,1,1,1,1.00032713342425,4500,1,1
"z[152,9]",0.255333333333333,0.436096875191881,0,0,0,1,1,0.999939194739547,4500,1,1
"z[153,9]",1,0,1,1,1,1,1,NA,1,0,1
"z[154,9]",1,0,1,1,1,1,1,NA,1,0,1
"z[155,9]",1,0,1,1,1,1,1,NA,1,0,1
"z[156,9]",0.0926666666666667,0.289996972491497,0,0,0,0,1,1.00049487556268,4500,1,1
"z[157,9]",0.036,0.186310798705171,0,0,0,0,1,1.00412848145552,3210,1,1
"z[158,9]",0.00955555555555555,0.0972951722699289,0,0,0,0,0,1.0032294590615,4500,1,1
"z[159,9]",1,0,1,1,1,1,1,NA,1,0,1
"z[160,9]",1,0,1,1,1,1,1,NA,1,0,1
"z[161,9]",0.747555555555556,0.434463109111385,0,0,1,1,1,1.00129471796495,1633,1,1
"z[162,9]",1,0,1,1,1,1,1,NA,1,0,1
"z[163,9]",1,0,1,1,1,1,1,NA,1,0,1
"z[164,9]",1,0,1,1,1,1,1,NA,1,0,1
"z[165,9]",1,0,1,1,1,1,1,NA,1,0,1
"z[166,9]",0.947111111111111,0.223836521313966,0,1,1,1,1,1.00385964015783,2377,1,1
"z[167,9]",0.445333333333333,0.497057802688137,0,0,0,1,1,0.999735793792184,4500,1,1
"z[168,9]",0.880444444444444,0.324477150893065,0,1,1,1,1,1.00028304923013,4500,1,1
"z[169,9]",0.905555555555556,0.292478548049893,0,1,1,1,1,1.00133471772439,3493,1,1
"z[170,9]",0.894888888888889,0.306730619461065,0,1,1,1,1,1.00080563298954,4500,1,1
"z[171,9]",1,0,1,1,1,1,1,NA,1,0,1
"z[172,9]",1,0,1,1,1,1,1,NA,1,0,1
"z[173,9]",1,0,1,1,1,1,1,NA,1,0,1
"z[174,9]",0.0546666666666667,0.227353708622013,0,0,0,0,1,0.999860564832613,4500,1,1
"z[175,9]",1,0,1,1,1,1,1,NA,1,0,1
"z[176,9]",1,0,1,1,1,1,1,NA,1,0,1
"z[177,9]",1,0,1,1,1,1,1,NA,1,0,1
"z[178,9]",0.639777777777778,0.480118108426531,0,0,1,1,1,0.999773098415652,4500,1,1
"z[179,9]",0.806666666666667,0.394955972291722,0,1,1,1,1,0.999825057083152,4500,1,1
"z[180,9]",0.970666666666667,0.168757866791187,0,1,1,1,1,1.00030582029065,4500,1,1
"z[181,9]",1,0,1,1,1,1,1,NA,1,0,1
"z[182,9]",1,0,1,1,1,1,1,NA,1,0,1
"z[183,9]",1,0,1,1,1,1,1,NA,1,0,1
"z[184,9]",1,0,1,1,1,1,1,NA,1,0,1
"z[185,9]",1,0,1,1,1,1,1,NA,1,0,1
"z[186,9]",0.916222222222222,0.277085046671742,0,1,1,1,1,1.00267180016048,2157,1,1
"z[187,9]",0.154666666666667,0.361626810077205,0,0,0,0,1,1.00144393152424,2159,1,1
"z[188,9]",0.000222222222222222,0.0149071198499986,0,0,0,0,0,1.29093398298233,4500,1,1
"z[189,9]",0,0,0,0,0,0,0,NA,1,1,1
"z[190,9]",0.00377777777777778,0.0613542394088465,0,0,0,0,0,1.09969236873549,1138,1,1
"z[191,9]",0.000666666666666667,0.0258141493083176,0,0,0,0,0,1.29167562882982,1500,1,1
"z[192,9]",0.192444444444444,0.394264027506243,0,0,0,0,1,0.99968295701142,4500,1,1
"z[193,9]",0.0957777777777778,0.294318950732983,0,0,0,0,1,1.00038031600624,4500,1,1
"z[194,9]",0.0437777777777778,0.204623040065984,0,0,0,0,1,1.00027237704808,4500,1,1
"z[195,9]",0.0546666666666667,0.227353708622013,0,0,0,0,1,1.00002713110788,4500,1,1
"z[196,9]",1,0,1,1,1,1,1,NA,1,0,1
"z[197,9]",1,0,1,1,1,1,1,NA,1,0,1
"z[198,9]",1,0,1,1,1,1,1,NA,1,0,1
"z[199,9]",0.000666666666666667,0.0258141493083176,0,0,0,0,0,1.13377982835195,4498,1,1
"z[200,9]",0.00111111111111111,0.033318511930496,0,0,0,0,0,1.11603919183554,3212,1,1
"deviance",3856.33924045849,42.6116027319519,3774.14709387985,3826.90153192671,3856.00176483358,3884.73218448874,3941.18296096254,1.00053273671578,3733,0,1
