"parameter","mean","sd","2.5%","25%","50%","75%","97.5%","Rhat","n.eff","overlap0","f"
"a.psi[1]",0.592184110315665,1.33175992465231,-1.96679421991564,-0.298432760306937,0.540998867482764,1.45020833181208,3.32667309136892,1.00156512393367,1073,1,0.668222222222222
"a.psi[2]",0.898087230746532,0.648529138385756,-0.356540148247913,0.460394511414308,0.887394579941854,1.30662474733782,2.21416164056603,1.00118452064694,1599,1,0.924222222222222
"a.psi[3]",1.27610135411081,0.71911288068952,0.0299994335244227,0.792768582194718,1.20916916025529,1.70611157692545,2.85565899881345,1.00096602507985,2539,0,0.978
"a.psi[4]",1.49159152295075,0.772083739095208,0.138961899366737,0.977073753175229,1.42128330122236,1.94747346403212,3.25991874557642,1.0012215206305,2513,0,0.985555555555556
"a.psi[5]",0.0901999484492335,0.657343628186019,-1.17522265688305,-0.348492367334485,0.0738659678787877,0.511372293842664,1.43052874744966,1.00095040447945,2126,1,0.547555555555556
"b.psi.elev",0.0891026120063411,0.401587530214819,-0.653457785147938,-0.181485659303145,0.0705513263259386,0.344693984898739,0.910907276958177,1.00059997048823,4500,1,0.571333333333333
"b.psi.water",-0.227266023037494,0.355535611602332,-0.957159788502619,-0.459078863496278,-0.21698953708351,0.0102721016537508,0.451636295628056,0.99997353802765,4500,1,0.742
"a.gam[1]",0.64327872216443,0.597685155466685,-0.48382681511734,0.237537143500122,0.628699514509258,1.0353002200968,1.82915391619323,1.00127666217279,2136,1,0.861333333333333
"a.gam[2]",1.21831885165652,1.04375216663476,-0.486339247956354,0.47374998445176,1.08153038538401,1.85633965141577,3.5267985557207,1.00215811754604,1076,1,0.896666666666667
"a.gam[3]",-0.123376333777699,0.46717567117705,-1.02901535716214,-0.426626167509217,-0.120924662293376,0.175758186662469,0.821618618355844,1.0011286298006,4500,1,0.608444444444444
"a.gam[4]",0.0186348744055245,0.430098395371064,-0.853112204862145,-0.258471858525455,0.0220556702189554,0.299325376986539,0.856047992344643,1.00023083598125,4500,1,0.518888888888889
"a.gam[5]",0.494736335826417,0.482025076281599,-0.411942097051997,0.168943594910529,0.474946891873871,0.802079849606653,1.49744322149921,1.00062213043223,4500,1,0.857111111111111
"b.gam.elev",1.05573159415657,0.345552526579601,0.463991346546979,0.82290266318869,1.0211691141206,1.25913773450548,1.8244981120696,1.00306183955288,2961,0,1
"b.gam.water",-0.304052037981299,0.191577263546281,-0.690650148717924,-0.427240212612551,-0.297663146210176,-0.172603793853958,0.0501513044155955,1.00061395895507,2329,1,0.951777777777778
"b.gam.road",-0.118143606670511,0.175835400393291,-0.461765439363185,-0.235672396341069,-0.116377617926505,-0.00155809662899056,0.220567240630082,1.0021946134206,893,1,0.753111111111111
"b.gam.harv",-0.190301941692363,0.231362060858234,-0.686699162277513,-0.329827928190454,-0.177547013208118,-0.0400527073534892,0.225165430937585,1.00064952429382,4500,1,0.798888888888889
"a.phi[1]",0.927647323224608,0.617949956905713,-0.28864873173193,0.513950475748855,0.933420979555203,1.32481600661814,2.17516179545638,1.00260503586204,688,1,0.939111111111111
"a.phi[2]",2.28262568623764,0.502264553082427,1.22230476351514,1.97070104826541,2.29448680379306,2.61243506769821,3.23169136988181,1.00168166125063,1853,0,0.999777777777778
"a.phi[3]",1.67915424406918,0.462865786739359,0.64565834889302,1.40218442718197,1.71518119932282,1.99370146230889,2.49215704565934,1.00328494711298,738,0,0.998666666666667
"a.phi[4]",2.08280523412996,0.472001795554355,1.06205957069279,1.79538700153939,2.10635734104994,2.3934263126074,2.9510519334762,1.0047443321884,563,0,0.999777777777778
"a.phi[5]",1.78535398862987,0.49868484042538,0.760309314125028,1.47509387789067,1.81622855459966,2.12052255304297,2.70185866934062,1.0047176108015,562,0,0.999111111111111
"b.phi.elev",-0.302099425756197,0.165598365094453,-0.624756892654711,-0.411920712082625,-0.30393432041788,-0.192370693583935,0.0344888434664318,1.00043883871216,3943,1,0.961777777777778
"b.phi.water",0.00901364413807453,0.148914375433784,-0.284313659430553,-0.0918328243119572,0.0110687752108316,0.1103609982762,0.301402923745792,1.00006569280573,4500,1,0.529555555555556
"b.phi.road",0.155447527965536,0.141701774090444,-0.118636732587346,0.059906768685028,0.155516774483718,0.250624802960972,0.433231712382163,1.00186393740589,1048,1,0.859555555555556
"b.phi.harv",-0.29806143215189,0.205902485030332,-0.745896579691366,-0.423440063001465,-0.282119564507341,-0.154828080543577,0.0724877145834303,0.999900908511021,4500,1,0.944444444444444
"a.p",0.249617619775702,0.121560276022913,0.00459930525941804,0.175591410847006,0.251165908101094,0.324655268223775,0.491878227828288,1.00251635438473,1302,0,0.977111111111111
"b.p.ak",0.310004355191946,0.174848261604808,-0.0285058360490032,0.191247730724455,0.308859497934647,0.429461435694812,0.655724943172772,1.00021079556528,4500,1,0.963777777777778
"b.p.clutter",0.120664470220414,0.0370963977886985,0.0487351749010539,0.0951459212904025,0.120776070394621,0.14491921251732,0.195307540563397,1.00012287572343,4500,0,0.999555555555556
"b.p.temp",0.202482025872666,0.039137540467372,0.12659371716854,0.176007290033915,0.203087317319952,0.228272672013888,0.280828983484228,1.00075693384207,1970,0,1
"b.p.julian",0.016153102929824,0.0393635154544439,-0.0600614122223299,-0.0103175825464523,0.0156851628158859,0.0433942512322606,0.0912052344498915,1.00040731033859,2919,1,0.662
"sigma.gam",0.425189037546346,0.330024063732576,0.021832711104474,0.182407881087446,0.35622806702518,0.58890811136378,1.25628692264087,1.00102888727503,1769,0,1
"sigma.phi",0.886555620847266,0.459125745174892,0.290819960566124,0.576541827065332,0.790280040939475,1.08780693379469,2.06840418421079,1.00640958208409,757,0,1
"sigma.p",0.325868101739541,0.121997055762448,0.157427140438799,0.242949559770186,0.303826189583624,0.384433293661024,0.610250079893737,1.00174082833734,4500,0,1
"eps.gam[1]",-0.0259744698156326,0.397668648153487,-0.912576683197526,-0.204186956777367,-0.0064267136601547,0.157390588389481,0.775480566700514,1.00063458127998,2977,1,0.518444444444444
"eps.gam[2]",0.190030287736379,0.424102467233423,-0.494240688314985,-0.0420848390327066,0.091453666160941,0.376158078323957,1.22301364925603,1.00022646787237,3828,1,0.668222222222222
"eps.gam[3]",-0.127889593593603,0.360753921818401,-0.953078779804997,-0.30229165408987,-0.0677038204675534,0.0550644086336292,0.517742812476529,1.00088445376391,3791,1,0.639111111111111
"eps.gam[4]",-0.101742931133731,0.340421013871998,-0.873744480214953,-0.265008362524336,-0.0511134898051583,0.0640104792269487,0.550543820050194,1.00215390516454,4134,1,0.615333333333333
"eps.gam[5]",0.348583355658043,0.416149196270321,-0.211029530610874,0.0298398621840015,0.25373937530832,0.58396962439012,1.37087210040309,0.999971069932829,4500,1,0.811555555555556
"eps.gam[6]",0.127244197018309,0.406146649754374,-0.554683974626598,-0.0775362965207125,0.0469280444885861,0.292336602258223,1.10153458779114,1.00092217794634,4500,1,0.605111111111111
"eps.gam[7]",0.0474643089686144,0.377130277543557,-0.703603435442174,-0.132178445428259,0.0132176961946279,0.219136085195428,0.91861716233076,1.00039559482161,4252,1,0.536
"eps.gam[8]",-0.260984787399111,0.472609903201751,-1.47097444461587,-0.46394358094974,-0.13997677712969,0.0143538123254097,0.429246943202471,1.00116114801004,2190,1,0.715555555555556
"eps.phi[1]",0.0818207820520013,0.587776064475886,-0.935790447054852,-0.307569898297134,0.0239819944178074,0.403939257009006,1.41803317586983,1.00180053198235,2568,1,0.518444444444444
"eps.phi[2]",-0.0285322060522444,0.466349772643176,-0.849750049496409,-0.338683971850395,-0.0545693041016353,0.230086063667288,1.02025727021387,1.00441878594782,489,1,0.558222222222222
"eps.phi[3]",-0.627928374154368,0.420202693304503,-1.42061305400866,-0.90604614458701,-0.647188445839521,-0.367462784810643,0.239941662280252,1.00394548930063,601,1,0.929555555555556
"eps.phi[4]",0.376663895044003,0.531503576809223,-0.482064205050543,0.0053463956753813,0.31111290510816,0.681079238889875,1.58565499809417,1.00466680120298,512,1,0.754
"eps.phi[5]",0.935524379786563,0.699651543512719,-0.09920861522077,0.447041053907174,0.821215157635132,1.31031386417507,2.6570807137623,1.00207780830075,1850,1,0.957777777777778
"eps.phi[6]",0.207832002872333,0.481179954237514,-0.612446898341135,-0.121441521447449,0.162798927626186,0.490649616271698,1.2598015630106,1.00253177797479,897,1,0.642444444444444
"eps.phi[7]",0.967450465968197,0.667539852965098,-0.0431563761167227,0.491328846973304,0.864645253136285,1.32781133892979,2.54985910665649,1.00480356233321,488,1,0.967555555555556
"eps.phi[8]",0.7631846455868,0.56400464669143,-0.120658888876824,0.364272428056469,0.696079488396473,1.06353960572549,2.104766951414,1.00125037459328,1753,1,0.945111111111111
"eps.p[1]",-0.264933591959371,0.189916108050424,-0.653620863810459,-0.385957121266222,-0.261192354277774,-0.137452936626209,0.0865912728228912,1.00102745327648,2655,1,0.924
"eps.p[2]",-0.328964255191741,0.177617820875273,-0.693664839918002,-0.444592396539051,-0.322458784657106,-0.207448012573938,-3.00443701753724e-05,1.00026595194526,4388,0,0.974888888888889
"eps.p[3]",-0.0596118608369811,0.153747712880086,-0.367964469341254,-0.15642107226596,-0.0584725099962876,0.0382349569385266,0.236503828153121,1.00074205499959,2410,1,0.651333333333333
"eps.p[4]",-0.0721906651718008,0.158800865415642,-0.399430751993987,-0.173422750668121,-0.0688178968104424,0.029011398819738,0.241177749703152,1.00055142792386,3205,1,0.680888888888889
"eps.p[5]",-0.187545998767819,0.158032161716283,-0.506140851642682,-0.289798615459137,-0.186715603664191,-0.0865651248455758,0.115675830128371,1.00065561804467,3431,1,0.888
"eps.p[6]",-0.0202558411095364,0.146255279478221,-0.311890968918113,-0.113488050393212,-0.0189115937218741,0.0723834903829681,0.262730270410932,1.00215476497399,1283,1,0.559555555555556
"eps.p[7]",0.357699432884704,0.157678733401443,0.0680808136789276,0.25255795258801,0.352550229506425,0.460958134567403,0.675734376560125,1.00017576606158,4500,0,0.990444444444444
"eps.p[8]",0.261526125373874,0.151091673268471,-0.0206607274708813,0.162841368736832,0.255712155867844,0.356641707137679,0.578470508472686,1.00170287287248,1117,1,0.965555555555556
"eps.p[9]",0.286255999754126,0.149494757267374,-0.00447693780390593,0.187778380997804,0.285044733241895,0.379328149548182,0.589025394092405,1.00106225815193,1692,1,0.973333333333333
"psi.fs[1]",0.678194444444444,0.0517874648123844,0.575,0.645,0.68,0.715,0.775,1.00032951745265,3859,0,1
"psi.fs[2]",0.736285555555556,0.0423951921105978,0.65,0.71,0.735,0.765,0.815,0.999959550241107,4500,0,1
"psi.fs[3]",0.753278888888889,0.0268009671727879,0.7,0.735,0.755,0.77,0.805,0.999953584768121,4500,0,1
"psi.fs[4]",0.669342222222222,0.03302942768997,0.605,0.65,0.67,0.69,0.735,0.999781296570391,4500,0,1
"psi.fs[5]",0.755706666666667,0.026284104423884,0.705,0.74,0.755,0.775,0.805,1.00044059353699,2807,0,1
"psi.fs[6]",0.851442222222222,0.0196187261575025,0.81,0.84,0.85,0.865,0.89,1.00116797607271,1372,0,1
"psi.fs[7]",0.815808888888889,0.0252883158938633,0.765,0.8,0.815,0.835,0.865,1.00068796704408,2936,0,1
"psi.fs[8]",0.86237,0.0184604064997264,0.825,0.85,0.865,0.875,0.9,0.999843313872126,4500,0,1
"psi.fs[9]",0.848203333333333,0.0207285558430733,0.805,0.835,0.85,0.86,0.887624999999998,0.999807994282504,4500,0,1
"psi.surv[1]",0.682182795698925,0.0328957241629433,0.629032258064516,0.661290322580645,0.67741935483871,0.709677419354839,0.758064516129032,0.999898013620698,4500,0,1
"psi.surv[2]",0.704750524109015,0.0382245504556031,0.632075471698113,0.679245283018868,0.702830188679245,0.726415094339623,0.783018867924528,1.00016691500031,4090,0,1
"psi.surv[3]",0.740951930654058,0.0209095479140067,0.702127659574468,0.723404255319149,0.737588652482269,0.75177304964539,0.787234042553192,1.00000126272572,4500,0,1
"psi.surv[4]",0.659463703703704,0.0267119862198647,0.613333333333333,0.64,0.66,0.673333333333333,0.72,1.00002983797728,4500,0,1
"psi.surv[5]",0.754740196078431,0.0201351644013003,0.720588235294118,0.742647058823529,0.757352941176471,0.764705882352941,0.794117647058823,0.999834678464582,4500,0,1
"psi.surv[6]",0.854607315389924,0.0169783789700627,0.826086956521739,0.84472049689441,0.857142857142857,0.863354037267081,0.888198757763975,1.00096453325879,1634,0,1
"psi.surv[7]",0.823281362007169,0.0166897643461515,0.798387096774194,0.814516129032258,0.82258064516129,0.830645161290323,0.854838709677419,0.99974561312105,4500,0,1
"psi.surv[8]",0.87086682427108,0.011815366911757,0.851063829787234,0.865248226950355,0.872340425531915,0.879432624113475,0.893617021276596,1.00032462688743,3328,0,1
"psi.surv[9]",0.869919484702093,0.0126908459093294,0.847826086956522,0.86231884057971,0.869565217391304,0.876811594202899,0.898550724637681,1.00012841252983,4500,0,1
"n.occ[1]",135.638888888889,10.3574929624769,115,129,136,143,155,1.00032951745265,3859,0,1
"n.occ[2]",147.257111111111,8.47903842211955,130,142,147,153,163,0.999959550241107,4500,0,1
"n.occ[3]",150.655777777778,5.36019343455758,140,147,151,154,161,0.999953584768121,4500,0,1
"n.occ[4]",133.868444444444,6.605885537994,121,130,134,138,147,0.999781296570391,4500,0,1
"n.occ[5]",151.141333333333,5.25682088477679,141,148,151,155,161,1.00044059353699,2807,0,1
"n.occ[6]",170.288444444444,3.92374523150049,162,168,170,173,178,1.00116797607271,1372,0,1
"n.occ[7]",163.161777777778,5.05766317877266,153,160,163,167,173,1.00068796704408,2936,0,1
"n.occ[8]",172.474,3.69208129994528,165,170,173,175,180,0.999843313872127,4500,0,1
"n.occ[9]",169.640666666667,4.14571116861466,161,167,170,172,177.525,0.999807994282504,4500,0,1
"psi.reg[1,1]",0.614222222222222,0.24290927251218,0.133333333333333,0.466666666666667,0.6,0.8,1,1.0031749853482,607,0,1
"psi.reg[2,1]",0.705196581196581,0.0865726893477912,0.538461538461538,0.641025641025641,0.717948717948718,0.769230769230769,0.871794871794872,1.00120349622041,1989,0,1
"psi.reg[3,1]",0.768107407407407,0.101390450884717,0.55,0.7,0.783333333333333,0.833333333333333,0.95,1.00014322898025,4500,0,1
"psi.reg[4,1]",0.801353535353535,0.0947655662964603,0.606060606060606,0.727272727272727,0.818181818181818,0.878787878787879,0.96969696969697,1.00134039119202,4500,0,1
"psi.reg[5,1]",0.497958071278826,0.0957033606775204,0.320754716981132,0.433962264150943,0.490566037735849,0.566037735849057,0.679245283018868,0.999971901241824,4500,0,1
"psi.reg[1,2]",0.624192592592593,0.149327445812548,0.333333333333333,0.533333333333333,0.6,0.733333333333333,0.933333333333333,1.00160297056751,1083,0,1
"psi.reg[2,2]",0.839321937321937,0.0737560855550528,0.692307692307692,0.794871794871795,0.846153846153846,0.897435897435897,0.974358974358974,1.00060433632423,4500,0,1
"psi.reg[3,2]",0.811266666666667,0.0558054486991822,0.7,0.766666666666667,0.816666666666667,0.85,0.916666666666667,1.00004526448993,4500,0,1
"psi.reg[4,2]",0.849622895622896,0.0526294023416486,0.757575757575758,0.818181818181818,0.848484848484849,0.878787878787879,0.939393939393939,0.999785283528515,4500,0,1
"psi.reg[5,2]",0.536737945492663,0.0644597843956444,0.415094339622642,0.490566037735849,0.528301886792453,0.584905660377358,0.660377358490566,1.00036551904704,4500,0,1
"psi.reg[1,3]",0.631348148148148,0.0636962130353105,0.533333333333333,0.6,0.6,0.666666666666667,0.733333333333333,0.999877199769743,4500,0,1
"psi.reg[2,3]",0.830666666666667,0.0516516395098463,0.717948717948718,0.794871794871795,0.82051282051282,0.871794871794872,0.923076923076923,1.00059734810558,2582,0,1
"psi.reg[3,3]",0.805462962962963,0.0496222721733105,0.7,0.766666666666667,0.8,0.833333333333333,0.9,0.999986465850035,4500,0,1
"psi.reg[4,3]",0.781872053872054,0.0452304546816247,0.696969696969697,0.757575757575758,0.787878787878788,0.818181818181818,0.878787878787879,0.999726219779849,4500,0,1
"psi.reg[5,3]",0.653962264150943,0.0374599365070736,0.584905660377358,0.622641509433962,0.660377358490566,0.679245283018868,0.735849056603774,0.999793393129463,4500,0,1
"psi.reg[1,4]",0.558385185185185,0.0794858871186966,0.4,0.533333333333333,0.533333333333333,0.6,0.733333333333333,1.00041088167812,4500,0,1
"psi.reg[2,4]",0.79777207977208,0.0508059847432422,0.692307692307692,0.769230769230769,0.794871794871795,0.82051282051282,0.897435897435897,1.00021057359656,3972,0,1
"psi.reg[3,4]",0.661785185185185,0.0645071307457248,0.533333333333333,0.616666666666667,0.666666666666667,0.7,0.783333333333333,0.999744378296547,4500,0,1
"psi.reg[4,4]",0.613555555555556,0.046297574541146,0.545454545454545,0.575757575757576,0.606060606060606,0.636363636363636,0.696969696969697,0.999981978844357,4500,0,1
"psi.reg[5,4]",0.649530398322851,0.0411096718060527,0.566037735849057,0.622641509433962,0.641509433962264,0.679245283018868,0.735849056603774,1.0013339948932,1300,0,1
"psi.reg[1,5]",0.614518518518518,0.0728521041957622,0.466666666666667,0.6,0.6,0.666666666666667,0.733333333333333,0.99984260071908,4500,0,1
"psi.reg[2,5]",0.934980056980057,0.0365293773746717,0.858333333333334,0.923076923076923,0.948717948717949,0.948717948717949,1,1.00020383138965,4500,0,1
"psi.reg[3,5]",0.747066666666667,0.0555642896495645,0.633333333333333,0.716666666666667,0.75,0.783333333333333,0.85,1.00132586519764,1557,0,1
"psi.reg[4,5]",0.714053872053872,0.038959921338473,0.636363636363636,0.696969696969697,0.727272727272727,0.727272727272727,0.787878787878788,1.00004756366185,4500,0,1
"psi.reg[5,5]",0.699463312368973,0.0353596419267848,0.622641509433962,0.679245283018868,0.69811320754717,0.716981132075472,0.773584905660377,1.00012929339351,4500,0,1
"psi.reg[1,6]",0.7468,0.0692425386206121,0.6,0.733333333333333,0.733333333333333,0.8,0.866666666666667,1.00035206828885,4500,0,1
"psi.reg[2,6]",0.933145299145299,0.0339110727888514,0.871794871794872,0.923076923076923,0.923076923076923,0.948717948717949,1,1.00025647859439,4500,0,1
"psi.reg[3,6]",0.877051851851852,0.0343808120018503,0.8,0.85,0.883333333333333,0.9,0.933333333333333,1.00033109405182,3915,0,1
"psi.reg[4,6]",0.814484848484848,0.0360803772674866,0.727272727272727,0.787878787878788,0.818181818181818,0.848484848484849,0.878787878787879,1.00151432300166,1421,0,1
"psi.reg[5,6]",0.814955974842767,0.0284791600792073,0.754716981132076,0.792452830188679,0.811320754716981,0.830188679245283,0.867924528301887,0.99996862648481,4500,0,1
"psi.reg[1,7]",0.701614814814815,0.062501268883637,0.6,0.666666666666667,0.733333333333333,0.733333333333333,0.8,1.00043281424955,3338,0,1
"psi.reg[2,7]",0.898096866096866,0.0353703936225619,0.82051282051282,0.871794871794872,0.897435897435897,0.923076923076923,0.974358974358974,1.00040719825678,4404,0,1
"psi.reg[3,7]",0.811837037037037,0.0530328658424304,0.7,0.783333333333333,0.816666666666667,0.85,0.908749999999994,1.00031777027625,3405,0,1
"psi.reg[4,7]",0.769225589225589,0.0471649761144803,0.696969696969697,0.727272727272727,0.757575757575758,0.787878787878788,0.848484848484849,0.999894578950866,4500,0,1
"psi.reg[5,7]",0.821077568134172,0.0315024284564311,0.754716981132076,0.792452830188679,0.830188679245283,0.849056603773585,0.886792452830189,1.00120138605611,1589,0,1
"psi.reg[1,8]",0.835585185185185,0.0417666448478285,0.733333333333333,0.8,0.866666666666667,0.866666666666667,0.866666666666667,1.00118951126675,2257,0,1
"psi.reg[2,8]",0.974438746438746,0.0253456881323319,0.923076923076923,0.948717948717949,0.974358974358974,1,1,1.00071917822693,3467,0,1
"psi.reg[3,8]",0.805711111111111,0.0326082583217837,0.75,0.783333333333333,0.8,0.833333333333333,0.866666666666667,0.999898075028093,4500,0,1
"psi.reg[4,8]",0.919434343434343,0.0343642183085881,0.848484848484849,0.909090909090909,0.909090909090909,0.939393939393939,0.96969696969697,1.00123446390687,1559,0,1
"psi.reg[5,8]",0.8160964360587,0.037503115920459,0.735849056603774,0.792452830188679,0.811320754716981,0.849056603773585,0.886792452830189,1.00001614937315,4500,0,1
"psi.reg[1,9]",0.789837037037037,0.0700654203844208,0.666666666666667,0.733333333333333,0.8,0.866666666666667,0.933333333333333,0.99980394283352,4500,0,1
"psi.reg[2,9]",0.940387464387464,0.0275531142167213,0.871794871794872,0.923076923076923,0.948717948717949,0.948717948717949,1,1.00011885288924,4500,0,1
"psi.reg[3,9]",0.738262962962963,0.04126207192504,0.65,0.716666666666667,0.733333333333333,0.766666666666667,0.816666666666667,1.00031241329057,4500,0,1
"psi.reg[4,9]",0.990424242424242,0.0171239223508036,0.939393939393939,0.96969696969697,1,1,1,1.00032011751746,4500,0,1
"psi.reg[5,9]",0.832796645702306,0.0416586802784823,0.754716981132076,0.811320754716981,0.830188679245283,0.867924528301887,0.905660377358491,1.00050667130094,4500,0,1
"n.occ.reg[1,1]",9.21333333333333,3.64363908768269,2,7,9,12,15,1.0031749853482,607,0,1
"n.occ.reg[2,1]",27.5026666666667,3.37633488456386,21,25,28,30,34,1.00120349622041,1989,0,1
"n.occ.reg[3,1]",46.0864444444444,6.08342705308303,33,42,47,50,57,1.00014322898025,4500,0,1
"n.occ.reg[4,1]",26.4446666666667,3.12726368778319,20,24,27,29,32,1.00134039119202,4500,0,1
"n.occ.reg[5,1]",26.3917777777778,5.07227811590858,17,23,26,30,36,0.999971901241824,4500,0,1
"n.occ.reg[1,2]",9.36288888888889,2.23991168718823,5,8,9,11,14,1.00160297056751,1083,0,1
"n.occ.reg[2,2]",32.7335555555556,2.87648733664706,27,31,33,35,38,1.00060433632423,4500,0,1
"n.occ.reg[3,2]",48.676,3.34832692195093,42,46,49,51,55,1.00004526448993,4500,0,1
"n.occ.reg[4,2]",28.0375555555556,1.7367702772744,25,27,28,29,31,0.999785283528515,4500,0,1
"n.occ.reg[5,2]",28.4471111111111,3.41636857296915,22,26,28,31,35,1.00036551904704,4500,0,1
"n.occ.reg[1,3]",9.47022222222222,0.955443195529658,8,9,9,10,11,0.999877199769743,4500,0,1
"n.occ.reg[2,3]",32.396,2.01441394088401,28,31,32,34,36,1.00059734810558,2582,0,1
"n.occ.reg[3,3]",48.3277777777778,2.97733633039863,42,46,48,50,54,0.999986465850035,4500,0,1
"n.occ.reg[4,3]",25.8017777777778,1.49260500449361,23,25,26,27,29,0.999726219779849,4500,0,1
"n.occ.reg[5,3]",34.66,1.9853766348749,31,33,35,36,39,0.999793393129463,4500,0,1
"n.occ.reg[1,4]",8.37577777777778,1.19228830678045,6,8,8,9,11,1.00041088167812,4500,0,1
"n.occ.reg[2,4]",31.1131111111111,1.98143340498645,27,30,31,32,35,1.00021057359656,3972,0,1
"n.occ.reg[3,4]",39.7071111111111,3.87042784474349,32,37,40,42,47,0.999744378296547,4500,0,1
"n.occ.reg[4,4]",20.2473333333333,1.52781995985782,18,19,20,21,23,0.999981978844357,4500,0,1
"n.occ.reg[5,4]",34.4251111111111,2.1788126057208,30,33,34,36,39,1.0013339948932,1300,0,1
"n.occ.reg[1,5]",9.21777777777778,1.09278156293643,7,9,9,10,11,0.99984260071908,4500,0,1
"n.occ.reg[2,5]",36.4642222222222,1.4246457176122,33.475,36,37,37,39,1.00020383138965,4500,0,1
"n.occ.reg[3,5]",44.824,3.33385737897387,38,43,45,47,51,1.00132586519764,1557,0,1
"n.occ.reg[4,5]",23.5637777777778,1.28567740416961,21,23,24,24,26,1.00004756366185,4500,0,1
"n.occ.reg[5,5]",37.0715555555556,1.8740610221196,33,36,37,38,41,1.00012929339351,4500,0,1
"n.occ.reg[1,6]",11.202,1.03863807930918,9,11,11,12,13,1.00035206828885,4500,0,1
"n.occ.reg[2,6]",36.3926666666667,1.32253183876521,34,36,36,37,39,1.00025647859439,4500,0,1
"n.occ.reg[3,6]",52.6231111111111,2.06284872011102,48,51,53,54,56,1.00033109405182,3915,0,1
"n.occ.reg[4,6]",26.878,1.19065244982706,24,26,27,28,29,1.00151432300166,1421,0,1
"n.occ.reg[5,6]",43.1926666666667,1.50939548419799,40,42,43,44,46,0.99996862648481,4500,0,1
"n.occ.reg[1,7]",10.5242222222222,0.937519033254554,9,10,11,11,12,1.00043281424955,3338,0,1
"n.occ.reg[2,7]",35.0257777777778,1.37944535127991,32,34,35,36,38,1.00040719825678,4404,0,1
"n.occ.reg[3,7]",48.7102222222222,3.18197195054583,42,47,49,51,54.5249999999996,1.00031777027625,3405,0,1
"n.occ.reg[4,7]",25.3844444444444,1.55644421177785,23,24,25,26,28,0.999894578950866,4500,0,1
"n.occ.reg[5,7]",43.5171111111111,1.66962870819085,40,42,44,45,47,1.00120138605611,1589,0,1
"n.occ.reg[1,8]",12.5337777777778,0.626499672717427,11,12,13,13,13,1.00118951126675,2257,0,1
"n.occ.reg[2,8]",38.0031111111111,0.988481837160944,36,37,38,39,39,1.00071917822693,3467,0,1
"n.occ.reg[3,8]",48.3426666666667,1.95649549930702,45,47,48,50,52,0.999898075028092,4500,0,1
"n.occ.reg[4,8]",30.3413333333333,1.13401920418341,28,30,30,31,32,1.00123446390687,1559,0,1
"n.occ.reg[5,8]",43.2531111111111,1.98766514378433,39,42,43,45,47,1.00001614937315,4500,0,1
"n.occ.reg[1,9]",11.8475555555556,1.05098130576631,10,11,12,13,14,0.99980394283352,4500,0,1
"n.occ.reg[2,9]",36.6751111111111,1.07457145445213,34,36,37,37,39,1.00011885288924,4500,0,1
"n.occ.reg[3,9]",44.2957777777778,2.4757243155024,39,43,44,46,49,1.00031241329057,4500,0,1
"n.occ.reg[4,9]",32.684,0.565089437576519,31,32,33,33,33,1.00032011751745,4500,0,1
"n.occ.reg[5,9]",44.1382222222222,2.20791005475956,40,43,44,46,48,1.00050667130094,4500,0,1
"psi.reg.init[1]",0.606901956953009,0.239672072028634,0.122734622367253,0.425940655679895,0.632044719006098,0.810030465566106,0.965332360953777,1.0014172022526,1181,0,1
"psi.reg.init[2]",0.694545979057274,0.126736850131585,0.41179735729238,0.613107760671604,0.708352209299925,0.786947804352258,0.901513943324296,1.0016056142808,1283,0,1
"psi.reg.init[3]",0.759942560208791,0.114467305580238,0.507499293773678,0.688425489455901,0.770151908512721,0.846331257438222,0.945609792420718,1.00079865642198,3007,0,1
"psi.reg.init[4]",0.791513206894193,0.110700737512321,0.534684674847049,0.726527190973948,0.805539516135705,0.875170719677036,0.963025155167516,1.00084343324058,3621,0,1
"psi.reg.init[5]",0.520095008385423,0.149065855497298,0.235912274737533,0.413748065993355,0.51845810015965,0.625128095879395,0.806983687341263,1.00091309513002,1967,0,1
"gamma.reg[1,1]",0.636122357614353,0.145888467741616,0.321258664806514,0.541492668091056,0.648019277063252,0.743468770942084,0.881952108449015,1.00024802592996,3961,0,1
"gamma.reg[2,1]",0.72009003014892,0.178424736857118,0.321775144577408,0.600380218302575,0.741630862052649,0.867542162061215,0.974896936035853,1.00196414049312,1040,0,1
"gamma.reg[3,1]",0.465907401837902,0.131115413681543,0.208568658724719,0.377754920393888,0.466047209113711,0.55552385419738,0.720064594565749,0.999816041849688,4500,0,1
"gamma.reg[4,1]",0.499050512930666,0.126397966450276,0.238148997150355,0.418381232797133,0.502863331398018,0.584599287705649,0.740639705572401,1.00061941337109,2172,0,1
"gamma.reg[5,1]",0.607633081797141,0.125009703228624,0.34195942083398,0.529298834898836,0.614284588373826,0.696466327027707,0.833997886013798,1.00000496569044,4500,0,1
"gamma.reg[1,2]",0.679030961973075,0.136054175456571,0.391918652470243,0.590260468689792,0.688831960345747,0.77924625063367,0.913560828839785,1.00037400352832,3073,0,1
"gamma.reg[2,2]",0.753149570873154,0.165562515657155,0.390553126254169,0.641818204053777,0.778043195244866,0.890880464017624,0.981647473392409,1.00387105270574,592,0,1
"gamma.reg[3,2]",0.514438695073065,0.132338748698687,0.266508065764741,0.422248943764952,0.510111676618213,0.598214445001152,0.792282024245312,1.00075784695332,2345,0,1
"gamma.reg[4,2]",0.547933301180843,0.12144189481077,0.320787044316081,0.464386228214617,0.54525992629526,0.628360037720154,0.794201092987157,0.999865766516834,4500,0,1
"gamma.reg[5,2]",0.654413840466974,0.113813204602152,0.42881445501385,0.577608667861442,0.656178215083476,0.733865636013054,0.866097990360456,1.00052230282508,4010,0,1
"gamma.reg[1,3]",0.615641606638471,0.140458647670105,0.323132060889926,0.521574475334601,0.626038748679898,0.718063448963961,0.859364171397245,1.00044255759881,2804,0,1
"gamma.reg[2,3]",0.707456187542253,0.17308582858568,0.342251384280825,0.584080720318206,0.725810663379205,0.847867434692134,0.969950184847716,1.00221496692099,1012,0,1
"gamma.reg[3,3]",0.442083677601282,0.125367052719733,0.196712557102016,0.356795900597909,0.443288974234805,0.524829550584566,0.688294746756844,1.00023654033436,4500,0,1
"gamma.reg[4,3]",0.47521520391821,0.121644909202028,0.22715789824548,0.394697216933401,0.479024132659385,0.559750891206834,0.696539193657032,1.00043356846666,2881,0,1
"gamma.reg[5,3]",0.584847918333091,0.127084073935472,0.319187855262135,0.50483153194388,0.589630923807623,0.673974564660536,0.813223015884977,0.99999731120533,4500,0,1
"gamma.reg[1,4]",0.62211682826628,0.135376884077655,0.338245583027284,0.532030993060152,0.631692033493683,0.721472225120086,0.855356701862211,1.00133776277018,1402,0,1
"gamma.reg[2,4]",0.710959527835408,0.173583590076013,0.348111202894623,0.58942659284903,0.730655441238136,0.852043787808686,0.970794923555912,1.00225681184558,973,0,1
"gamma.reg[3,4]",0.447198947912837,0.116128807223481,0.227765283665483,0.36577065196483,0.445156942450313,0.526786424012569,0.677538911425773,0.999933874528195,4500,0,1
"gamma.reg[4,4]",0.48058385444039,0.111374787127342,0.257659575991332,0.404641092149934,0.480043715179658,0.558125632027553,0.693788190071018,1.00060052104866,4177,0,1
"gamma.reg[5,4]",0.591042345926767,0.123115912218909,0.339422560645094,0.510506000069531,0.597627803212893,0.679727578302976,0.813866230876801,1.00070669956132,4500,0,1
"gamma.reg[1,5]",0.710978004142934,0.127110237671223,0.434573513137498,0.630166696562917,0.723738293363214,0.806772842786433,0.916965229122782,1.00089681758489,2502,0,1
"gamma.reg[2,5]",0.778714658437762,0.152886733134463,0.442105031367808,0.676289126241525,0.803755747772523,0.904725028055919,0.98336302914267,1.00468420590805,593,0,1
"gamma.reg[3,5]",0.551785709937381,0.123517590725009,0.321535922643329,0.464459845933782,0.547790245814781,0.637100058112123,0.797181859913886,1.00029119019059,3609,0,1
"gamma.reg[4,5]",0.58506018057391,0.115537916443023,0.363494113961794,0.502040800043367,0.583259759913637,0.665892248171336,0.810144136893743,0.999771853946276,4500,0,1
"gamma.reg[5,5]",0.686440711148822,0.11193798978616,0.461751116158148,0.609103044422796,0.690500712095695,0.768371023087209,0.889775496617495,1.00031799207759,4500,0,1
"gamma.reg[1,6]",0.666967788283667,0.139070560391764,0.369340671074988,0.5777480923931,0.679361073012933,0.768834683556599,0.901029985178306,1.00084969735934,3292,0,1
"gamma.reg[2,6]",0.746440514535104,0.16408727847518,0.386928165753741,0.638187313642201,0.766867993098223,0.882862125224895,0.978927443040784,1.00322859449831,670,0,1
"gamma.reg[3,6]",0.500044740260778,0.132982283560709,0.253338771009179,0.408026208627857,0.4974753939693,0.587988336534141,0.77503954219038,1.00069675964612,4105,0,1
"gamma.reg[4,6]",0.533776583131789,0.120626495335422,0.297215436094834,0.448879346644619,0.530457569734569,0.61524691014178,0.774748816976251,0.999795691058222,4500,0,1
"gamma.reg[5,6]",0.639894888926706,0.122753882271699,0.384646348233114,0.559439373547271,0.64205629338771,0.727002219078194,0.869279191118217,0.999979128148928,4500,0,1
"gamma.reg[1,7]",0.652406978031696,0.13602892840558,0.364624648356275,0.562799895569221,0.667148653572223,0.751934493870018,0.878337704520623,1.00076265384276,3212,0,1
"gamma.reg[2,7]",0.73489294109311,0.168698256562481,0.368669691699379,0.621531784341737,0.759816266392775,0.872830974122778,0.976188342596465,1.00268496837178,973,0,1
"gamma.reg[3,7]",0.481786922627195,0.128452157866763,0.243260455471305,0.391386062888482,0.478165319333962,0.563882388206516,0.745713235772022,1.00007835972589,4500,0,1
"gamma.reg[4,7]",0.515609710820308,0.117459711974456,0.285614924007268,0.43691726657693,0.516261031665843,0.595479555850912,0.741928365451021,1.00050583486323,2428,0,1
"gamma.reg[5,7]",0.623147331088709,0.124561702894075,0.370183754997544,0.542663797012235,0.628026980243517,0.709960097938225,0.855007676851352,1.00010231278397,4500,0,1
"gamma.reg[1,8]",0.586259877698467,0.162303755082811,0.223445510486097,0.481355313390248,0.603981115548389,0.706565998276856,0.856741666599438,1.00073025041816,1966,0,1
"gamma.reg[2,8]",0.680588444974105,0.194394136602371,0.257195364111619,0.547055769674457,0.708490786851492,0.834795392295537,0.968746988714407,1.00143640206349,1699,0,1
"gamma.reg[3,8]",0.413176658670873,0.128767642685264,0.166843664134771,0.324950935036636,0.417029197645969,0.503927959547535,0.659431050320691,1.00014780408032,4500,0,1
"gamma.reg[4,8]",0.446944767867219,0.136008987326868,0.153124748732129,0.359914692642522,0.458104036926455,0.542398130096145,0.692535089168225,1.00104922673935,1817,0,1
"gamma.reg[5,8]",0.55526170301041,0.147763223695439,0.224214687022367,0.463304715307014,0.569565033028013,0.662200005042659,0.808182639625929,1.00024019447097,4470,0,1
"phi.reg[1,1]",0.712273992774154,0.131945450562638,0.420836453826756,0.624771300130516,0.72704691147047,0.811535285395266,0.930257482282847,1.00128194295706,1527,0,1
"phi.reg[2,1]",0.901536215767106,0.0532468380797876,0.770476909182973,0.874094082682282,0.910832624498157,0.940154080669718,0.976148787280532,1.00078180859366,4500,0,1
"phi.reg[3,1]",0.840488192249188,0.0691911117900131,0.682781358268142,0.799160294111947,0.84904870285798,0.890226593370499,0.952134693569136,1.0001954556488,4500,0,1
"phi.reg[4,1]",0.885652901032024,0.05427514130245,0.758183476535461,0.855673101251675,0.893875355537936,0.924888050788194,0.968081304593621,1.00139560633751,1574,0,1
"phi.reg[5,1]",0.848441428358586,0.0791282412244179,0.660923241408806,0.80190519537896,0.861681854849165,0.90725633778498,0.96544793153894,1.00106968797282,2801,0,1
"phi.reg[1,2]",0.69609768887823,0.118594986341794,0.442995332264656,0.617499486510855,0.707730655320159,0.783901749915242,0.89754507581799,0.999885574618017,4500,0,1
"phi.reg[2,2]",0.896531044773714,0.0448536775369815,0.793598341402748,0.870970777253618,0.903579116213062,0.92901814192722,0.963439570539564,1.00305616309891,662,0,1
"phi.reg[3,2]",0.83110915028401,0.0572340493097745,0.703332976142154,0.795262415385165,0.836744991831676,0.872674126702401,0.924642810691335,1.00033896435257,3078,0,1
"phi.reg[4,2]",0.879154756506836,0.045407212044536,0.774751236411199,0.852704931704869,0.885546935960951,0.912150128077815,0.949545653507409,1.00132688283069,4500,0,1
"phi.reg[5,2]",0.843995186446513,0.0579131169402412,0.713845221008105,0.809609370906591,0.851501315503966,0.886324398761408,0.93703151562279,1.00070017230019,2364,0,1
"phi.reg[1,3]",0.567859093727516,0.133941711115197,0.311190573292802,0.473492951561777,0.569630873556091,0.660377997634284,0.827704556138494,1.00007002146317,4500,0,1
"phi.reg[2,3]",0.830452744987848,0.0609142184630428,0.695940774642629,0.79347054437725,0.836925674978883,0.874441277605264,0.932512753959901,1.00166246545612,1192,0,1
"phi.reg[3,3]",0.733255944714931,0.0785945464328563,0.566082992351673,0.682795595827514,0.738268105590237,0.790967972828333,0.869498855741176,0.99980725393019,4500,0,1
"phi.reg[4,3]",0.80219934559771,0.0658587479629064,0.656661765396079,0.76197239612347,0.808018247960369,0.848481235941485,0.912939205445786,1.0003853090591,3371,0,1
"phi.reg[5,3]",0.751425501873272,0.0808369796887671,0.580920933937313,0.699165873088598,0.757723379616786,0.809319832266845,0.892851385079778,1.00014046482197,4500,0,1
"phi.reg[1,4]",0.768027674047546,0.106209361711752,0.532878983380012,0.700145865145449,0.78056014112632,0.848549236824346,0.934443715575475,1.00012177781505,4500,0,1
"phi.reg[2,4]",0.927608230601928,0.0335564716261713,0.848007014700366,0.908712800748452,0.932804832344269,0.952480489614988,0.976579272744619,1.00114003938999,1490,0,1
"phi.reg[3,4]",0.876900531224272,0.0520749009224568,0.757838943308633,0.846013577338249,0.883003593594578,0.914497541097014,0.959834638469024,1.00048964214064,3077,0,1
"phi.reg[4,4]",0.913624270758704,0.0384109353105612,0.822983612183498,0.8917674421878,0.919273289454527,0.941556423324175,0.971995271028362,1.00174793264226,1107,0,1
"phi.reg[5,4]",0.887776290415752,0.0477467042004461,0.778227888275332,0.859595439727615,0.894542933063039,0.922250020855045,0.96198189399128,1.00021736030179,4500,0,1
"phi.reg[1,5]",0.842535045865787,0.089395379775447,0.628750672180546,0.78904051341709,0.856472789095281,0.909219018954774,0.974945681911346,1.0006882432561,3608,0,1
"phi.reg[2,5]",0.954755277782885,0.0248189876487193,0.896900347342037,0.941235951441645,0.958757877209383,0.97291286744128,0.991686760914944,1.00183585387652,1036,0,1
"phi.reg[3,5]",0.922497075254197,0.0380301642575475,0.835123710508385,0.899911567539571,0.927061652759838,0.950450192660793,0.98257632179909,1.00124139454055,2245,0,1
"phi.reg[4,5]",0.946136964039213,0.0280256138914971,0.881790862109144,0.930050439328616,0.950734166370743,0.966613982505111,0.988481538713551,1.00072313701901,3083,0,1
"phi.reg[5,5]",0.929379417238259,0.0352103096628418,0.848976787468866,0.908540905788075,0.934448855015857,0.95515597185512,0.984247280680489,1.00222192519864,1173,0,1
"phi.reg[1,6]",0.740530052570668,0.109998039783548,0.499198778506777,0.670519379369434,0.752762464417088,0.824843811795578,0.917218130057599,1.00030187202266,4500,0,1
"phi.reg[2,6]",0.916602126403191,0.0359798723210655,0.831305109690138,0.896917140514545,0.922134747333808,0.942814691770541,0.970952365483955,1.00133662276523,1247,0,1
"phi.reg[3,6]",0.861637425355309,0.0471629948494265,0.756270887266935,0.832878610704235,0.867199019279386,0.895812634507357,0.937790999077459,0.999976143828975,4500,0,1
"phi.reg[4,6]",0.901201424945244,0.0395994451775017,0.809040147126537,0.878469656887164,0.907035821679092,0.929722877119578,0.961900380554674,0.99985332495156,4500,0,1
"phi.reg[5,6]",0.872823839928703,0.0466776389866588,0.762621301357387,0.844713273270256,0.879513633071913,0.906294776766259,0.946448433196787,1.0000025414638,4500,0,1
"phi.reg[1,7]",0.849454180099235,0.0827611214829885,0.656510204470689,0.802712165397981,0.862340668396072,0.911568592326027,0.970174206461901,1.00019008555383,4380,0,1
"phi.reg[2,7]",0.956599745785367,0.0231603868406411,0.90364722553614,0.943473155313881,0.960506851979424,0.973433109496272,0.991093065477408,1.00180420146057,976,0,1
"phi.reg[3,7]",0.925131003319777,0.0356873241420595,0.846601323023916,0.903911604054231,0.928750847847692,0.951133848760176,0.982968233058305,1.00065622275072,2065,0,1
"phi.reg[4,7]",0.948088334698727,0.0263216001252795,0.886208773864513,0.932528351437487,0.951992628220888,0.967368164460839,0.988664131715328,1.00217776248786,1108,0,1
"phi.reg[5,7]",0.931433718823631,0.0344014885764343,0.851031806961933,0.911285922916099,0.935867652924321,0.956539504957626,0.984624920678131,1.0002318647678,3720,0,1
"phi.reg[1,8]",0.826862890628934,0.0846639164667242,0.631006413630696,0.773607027887151,0.83998363573243,0.889390136260833,0.957127514901366,1.00076129837564,2834,0,1
"phi.reg[2,8]",0.949357072019145,0.0237954621917673,0.893792524408716,0.935756900350967,0.953118702709972,0.966703834787678,0.984670641469115,1.00071833793489,2504,0,1
"phi.reg[3,8]",0.912672602084848,0.0363822877066597,0.832912427752438,0.890319719514973,0.916537439182432,0.939204617104053,0.972767491339223,1.00002499928526,4500,0,1
"phi.reg[4,8]",0.939706588693238,0.0262802696954243,0.877979246629224,0.924215805695473,0.943553069954434,0.958591368244633,0.980399531229677,1.00054964938435,2288,0,1
"phi.reg[5,8]",0.920369329048366,0.0349735133422279,0.839781989590228,0.900129640056547,0.925418777259646,0.945680542620314,0.974895386275114,1.00093689509974,2453,0,1
"ext.reg[1,1]",0.287726007225846,0.131945450562638,0.0697425177171533,0.188464714604734,0.27295308852953,0.375228699869484,0.579163546173244,1.00128194295706,1527,0,1
"ext.reg[2,1]",0.0984637842328943,0.0532468380797876,0.0238512127194684,0.0598459193302824,0.089167375501843,0.125905917317719,0.229523090817027,1.00078180859366,4500,0,1
"ext.reg[3,1]",0.159511807750812,0.0691911117900131,0.0478653064308643,0.109773406629501,0.15095129714202,0.200839705888053,0.317218641731858,1.0001954556488,4500,0,1
"ext.reg[4,1]",0.114347098967976,0.05427514130245,0.0319186954063796,0.0751119492118056,0.106124644462064,0.144326898748325,0.241816523464539,1.00139560633751,1574,0,1
"ext.reg[5,1]",0.151558571641414,0.0791282412244179,0.0345520684610602,0.0927436622150195,0.138318145150835,0.19809480462104,0.339076758591193,1.00106968797282,2801,0,1
"ext.reg[1,2]",0.30390231112177,0.118594986341794,0.102454924182009,0.216098250084758,0.292269344679841,0.382500513489145,0.557004667735344,0.999885574618017,4500,0,1
"ext.reg[2,2]",0.103468955226286,0.0448536775369815,0.0365604294604362,0.07098185807278,0.0964208837869381,0.129029222746382,0.206401658597252,1.00305616309891,662,0,1
"ext.reg[3,2]",0.16889084971599,0.0572340493097745,0.0753571893086647,0.127325873297599,0.163255008168324,0.204737584614835,0.296667023857846,1.00033896435257,3078,0,1
"ext.reg[4,2]",0.120845243493164,0.045407212044536,0.0504543464925906,0.0878498719221848,0.114453064039049,0.147295068295131,0.225248763588801,1.00132688283069,4500,0,1
"ext.reg[5,2]",0.156004813553487,0.0579131169402412,0.0629684843772103,0.113675601238592,0.148498684496034,0.190390629093409,0.286154778991894,1.00070017230019,2364,0,1
"ext.reg[1,3]",0.432140906272484,0.133941711115197,0.172295443861506,0.339622002365716,0.430369126443909,0.526507048438223,0.688809426707198,1.00007002146317,4500,0,1
"ext.reg[2,3]",0.169547255012152,0.0609142184630428,0.0674872460400993,0.125558722394736,0.163074325021117,0.20652945562275,0.304059225357371,1.00166246545612,1192,0,1
"ext.reg[3,3]",0.266744055285069,0.0785945464328563,0.130501144258824,0.209032027171667,0.261731894409763,0.317204404172486,0.433917007648327,0.99980725393019,4500,0,1
"ext.reg[4,3]",0.19780065440229,0.0658587479629064,0.0870607945542144,0.151518764058516,0.191981752039631,0.23802760387653,0.34333823460392,1.0003853090591,3371,0,1
"ext.reg[5,3]",0.248574498126728,0.0808369796887671,0.107148614920222,0.190680167733155,0.242276620383214,0.300834126911402,0.419079066062687,1.00014046482197,4500,0,1
"ext.reg[1,4]",0.231972325952454,0.106209361711752,0.0655562844245247,0.151450763175654,0.21943985887368,0.299854134854551,0.467121016619988,1.00012177781505,4500,0,1
"ext.reg[2,4]",0.0723917693980717,0.0335564716261713,0.0234207272553811,0.0475195103850117,0.0671951676557311,0.0912871992515485,0.151992985299634,1.00114003938999,1490,0,1
"ext.reg[3,4]",0.123099468775728,0.0520749009224568,0.0401653615309764,0.0855024589029865,0.116996406405422,0.153986422661751,0.242161056691367,1.00048964214064,3077,0,1
"ext.reg[4,4]",0.0863757292412956,0.0384109353105612,0.0280047289716383,0.0584435766758253,0.0807267105454731,0.1082325578122,0.177016387816502,1.00174793264226,1107,0,1
"ext.reg[5,4]",0.112223709584248,0.0477467042004461,0.0380181060087198,0.0777499791449554,0.105457066936961,0.140404560272385,0.221772111724668,1.00021736030179,4500,0,1
"ext.reg[1,5]",0.157464954134213,0.089395379775447,0.0250543180886543,0.0907809810452256,0.143527210904719,0.21095948658291,0.371249327819454,1.0006882432561,3608,0,1
"ext.reg[2,5]",0.0452447222171149,0.0248189876487193,0.00831323908505566,0.02708713255872,0.0412421227906172,0.0587640485583553,0.103099652657963,1.00183585387652,1036,0,1
"ext.reg[3,5]",0.0775029247458035,0.0380301642575475,0.0174236782009094,0.049549807339207,0.0729383472401623,0.100088432460429,0.164876289491615,1.00124139454055,2245,0,1
"ext.reg[4,5]",0.0538630359607872,0.0280256138914971,0.0115184612864493,0.0333860174948894,0.0492658336292571,0.0699495606713841,0.118209137890855,1.00072313701901,3083,0,1
"ext.reg[5,5]",0.0706205827617411,0.0352103096628418,0.015752719319511,0.0448440281448804,0.0655511449841429,0.0914590942119246,0.151023212531134,1.00222192519864,1173,0,1
"ext.reg[1,6]",0.259469947429332,0.109998039783548,0.0827818699424005,0.175156188204422,0.247237535582912,0.329480620630566,0.500801221493223,1.00030187202266,4500,0,1
"ext.reg[2,6]",0.0833978735968089,0.0359798723210655,0.029047634516045,0.0571853082294593,0.0778652526661916,0.103082859485455,0.168694890309862,1.00133662276523,1247,0,1
"ext.reg[3,6]",0.138362574644691,0.0471629948494265,0.0622090009225406,0.104187365492643,0.132800980720614,0.167121389295765,0.243729112733065,0.999976143828975,4500,0,1
"ext.reg[4,6]",0.0987985750547559,0.0395994451775017,0.0380996194453258,0.0702771228804223,0.0929641783209084,0.121530343112836,0.190959852873463,0.99985332495156,4500,0,1
"ext.reg[5,6]",0.127176160071297,0.0466776389866588,0.0535515668032131,0.0937052232337412,0.120486366928087,0.155286726729743,0.237378698642613,1.0000025414638,4500,0,1
"ext.reg[1,7]",0.150545819900765,0.0827611214829885,0.0298257935380991,0.0884314076739733,0.137659331603928,0.197287834602019,0.343489795529311,1.00019008555383,4380,0,1
"ext.reg[2,7]",0.0434002542146335,0.0231603868406411,0.00890693452259217,0.0265668905037284,0.0394931480205757,0.0565268446861193,0.0963527744638604,1.00180420146057,976,0,1
"ext.reg[3,7]",0.074868996680223,0.0356873241420595,0.0170317669416951,0.048866151239824,0.0712491521523079,0.0960883959457686,0.153398676976084,1.00065622275072,2065,0,1
"ext.reg[4,7]",0.051911665301273,0.0263216001252795,0.011335868284672,0.0326318355391613,0.0480073717791118,0.0674716485625129,0.113791226135486,1.00217776248785,1108,0,1
"ext.reg[5,7]",0.0685662811763693,0.0344014885764343,0.0153750793218685,0.0434604950423738,0.0641323470756795,0.0887140770839007,0.148968193038067,1.0002318647678,3720,0,1
"ext.reg[1,8]",0.173137109371066,0.0846639164667242,0.0428724850986342,0.110609863739167,0.16001636426757,0.226392972112849,0.368993586369304,1.00076129837564,2834,0,1
"ext.reg[2,8]",0.0506429279808547,0.0237954621917673,0.0153293585308855,0.0332961652123223,0.0468812972900283,0.0642430996490328,0.106207475591284,1.00071833793489,2504,0,1
"ext.reg[3,8]",0.0873273979151524,0.0363822877066597,0.027232508660777,0.0607953828959469,0.0834625608175682,0.109680280485027,0.167087572247562,1.00002499928526,4500,0,1
"ext.reg[4,8]",0.060293411306762,0.0262802696954243,0.0196004687703228,0.0414086317553669,0.0564469300455657,0.0757841943045268,0.122020753370776,1.00054964938435,2288,0,1
"ext.reg[5,8]",0.0796306709516343,0.0349735133422279,0.0251046137248857,0.0543194573796858,0.0745812227403543,0.0998703599434527,0.160218010409772,1.00093689509974,2453,0,1
"mean.gamma.reg[1]",0.646190550331118,0.119776835916782,0.398207811862879,0.56674126369252,0.653496510967988,0.73197879455534,0.854300673042807,1.00083057671349,2230,0,1
"mean.gamma.reg[2]",0.729036484429977,0.159953142509141,0.39674996278071,0.616683595109373,0.745692708877834,0.860419438340759,0.970081085873109,1.00317006902341,780,0,1
"mean.gamma.reg[3]",0.477052844240164,0.0991825794607471,0.289961897442289,0.408048379458957,0.475898229941126,0.543392446412226,0.677945007563388,1.00019906472571,4500,0,1
"mean.gamma.reg[4]",0.510521764357917,0.0911412009031247,0.333464196793888,0.447845346269975,0.50815825958989,0.573274237293268,0.685231922723413,1.00034306089387,3866,0,1
"mean.gamma.reg[5]",0.617835227587327,0.098112635867694,0.426120571821398,0.54907089440816,0.618363592587878,0.686363900493934,0.808141482942551,1.00004409143305,4500,0,1
"mean.phi.reg[1]",0.750455077324009,0.0864829901171351,0.565798635881708,0.692011433207195,0.756894293069645,0.812906391608124,0.903145538235529,1.00029297969399,4477,0,1
"mean.phi.reg[2]",0.916680307265148,0.0265729366285256,0.858893791956939,0.900148504782059,0.919371733567772,0.935466735349039,0.961745838921933,1.00208554781473,872,0,1
"mean.phi.reg[3]",0.862961490560816,0.0326076687472599,0.794035808536459,0.842231073703085,0.865159974691041,0.886113220481444,0.92056717895053,0.999724681879912,4500,0,1
"mean.phi.reg[4]",0.901970573283962,0.026681179208234,0.843971005804868,0.885351314590311,0.904356675329962,0.921381594406885,0.946913463536081,1.00090355442375,2124,0,1
"mean.phi.reg[5]",0.873205589016635,0.0361942931482067,0.795369964020314,0.849810044491095,0.876568456303484,0.899880540599915,0.935548179027102,1.00024950140752,4500,0,1
"mean.ext.reg[1]",0.249544922675991,0.0864829901171351,0.096854461764471,0.187093608391876,0.243105706930355,0.307988566792805,0.434201364118292,1.00029297969399,4477,0,1
"mean.ext.reg[2]",0.0833196927348519,0.0265729366285256,0.0382541610780666,0.0645332646509613,0.0806282664322276,0.0998514952179408,0.14110620804306,1.00208554781473,872,0,1
"mean.ext.reg[3]",0.137038509439184,0.0326076687472599,0.0794328210494695,0.113886779518556,0.134840025308959,0.157768926296915,0.205964191463541,0.999724681879912,4500,0,1
"mean.ext.reg[4]",0.0980294267160379,0.026681179208234,0.0530865364639193,0.0786184055931154,0.0956433246700382,0.114648685409689,0.156028994195132,1.00090355442375,2124,0,1
"mean.ext.reg[5]",0.126794410983365,0.0361942931482067,0.0644518209728984,0.100119459400085,0.123431543696516,0.150189955508905,0.204630035979686,1.00024950140752,4500,0,1
"equilib.reg[1]",0.72443053705377,0.0719872239448524,0.583143502036807,0.675477363009918,0.725433567374919,0.774119293122138,0.861240137801191,1.00011253887674,4500,0,1
"equilib.reg[2]",0.895032183718971,0.0338400824462142,0.8175630867063,0.875876868412696,0.899234914118196,0.918929235604298,0.949916780759777,1.00081655703554,1807,0,1
"equilib.reg[3]",0.775026609055496,0.0427805532181242,0.688287392664459,0.747823492349066,0.776737259061861,0.804820641684605,0.852015296009665,0.99978560655131,4500,0,1
"equilib.reg[4]",0.837710897587733,0.0401770675708996,0.749741001469042,0.812380047316007,0.841054968538629,0.866640820927513,0.906750059318146,0.999969277916939,4500,0,1
"equilib.reg[5]",0.829824429254721,0.0405403823835038,0.746500957317063,0.803324024774715,0.831597134394045,0.858241754819685,0.905378212289083,1.00007224110399,4500,0,1
"mean.p",0.561860196887585,0.0297912220916627,0.501149824223984,0.543785409912919,0.562463449772753,0.580458355794686,0.620548785474431,1.00246898785906,1315,0,1
"p.year[1]",0.496208249543804,0.0418720923921657,0.410119683342214,0.467499515197637,0.497397413388914,0.525256650923861,0.575322037142147,1.00047537886702,3014,0,1
"p.year[2]",0.480288394916918,0.0376203360334847,0.406012631958493,0.454886885940138,0.479748305666815,0.505847135723356,0.553889354028952,0.999741688201078,4500,0,1
"p.year[3]",0.547212325651451,0.0277540837015435,0.491650606063333,0.528584863338805,0.547433716582495,0.566289915727336,0.601791415512112,1.00016425894884,4500,0,1
"p.year[4]",0.544085392746741,0.0295582889138819,0.485742934673883,0.524313605668258,0.544451273301449,0.564062096173974,0.601218845609419,0.999995127603239,4500,0,1
"p.year[5]",0.515461463254643,0.0284930159912656,0.459469374008341,0.496979019717592,0.514827751158941,0.534268369818603,0.573673514588439,0.9999462737449,4500,0,1
"p.year[6]",0.55696614699971,0.0231818978292245,0.51134563841599,0.541722181460557,0.557165483412164,0.573070721252768,0.601813028960531,0.999989073264658,4500,0,1
"p.year[7]",0.646872148152566,0.0265775266085614,0.594918935305604,0.628823623646864,0.64745557259007,0.664811412872852,0.697363772123463,1.00099145161936,1814,0,1
"p.year[8]",0.624775768358525,0.0236630201914259,0.577634264272818,0.608782342972748,0.625188178994015,0.64053635660583,0.670688152647671,1.00002280125326,4500,0,1
"p.year[9]",0.630527297652457,0.024025417700708,0.583203190800109,0.614546022031183,0.630603655946523,0.647112614971554,0.676954305626188,0.99974587788114,4500,0,1
"z[1,1]",0.743111111111111,0.436966152735244,0,0,1,1,1,1.00003263905029,4500,1,1
"z[2,1]",1,0,1,1,1,1,1,NA,1,0,1
"z[3,1]",0.831333333333333,0.374498850135827,0,1,1,1,1,1.00025772246421,4500,1,1
"z[4,1]",1,0,1,1,1,1,1,NA,1,0,1
"z[5,1]",0.714666666666667,0.451623236177004,0,0,1,1,1,0.999703999050916,4500,1,1
"z[6,1]",0.657555555555556,0.474580127272358,0,0,1,1,1,1.00037749552012,3133,1,1
"z[7,1]",0.693333333333333,0.461161015380892,0,0,1,1,1,0.999830447572564,4500,1,1
"z[8,1]",0.616444444444444,0.486305711885601,0,0,1,1,1,1.00033747998219,3153,1,1
"z[9,1]",0.394444444444444,0.488785347622533,0,0,0,1,1,1.00010318608262,4500,1,1
"z[10,1]",0.697333333333333,0.459463239121503,0,0,1,1,1,1.00009242721724,4500,1,1
"z[11,1]",0.873333333333333,0.332636153179885,0,1,1,1,1,1.00083114940111,3890,1,1
"z[12,1]",0.883555555555556,0.320792774619157,0,1,1,1,1,1.00077469311994,4387,1,1
"z[13,1]",0.886888888888889,0.316763768877172,0,1,1,1,1,1.0012293305883,3190,1,1
"z[14,1]",0.844444444444444,0.362473753328113,0,1,1,1,1,1.00011509584001,4500,1,1
"z[15,1]",0.137777777777778,0.344704897700523,0,0,0,0,1,1.00128539455892,2602,1,1
"z[16,1]",1,0,1,1,1,1,1,NA,1,0,1
"z[17,1]",0.563777777777778,0.495970824598166,0,0,1,1,1,1.00018460412851,3932,1,1
"z[18,1]",0.0142222222222222,0.118419030794728,0,0,0,0,0,1.01597691109058,2136,1,1
"z[19,1]",0.0666666666666667,0.249471546385758,0,0,0,0,1,1.00390339878407,1884,1,1
"z[20,1]",0.0651111111111111,0.246749233761641,0,0,0,0,1,0.999753233412808,4500,1,1
"z[21,1]",1,0,1,1,1,1,1,NA,1,0,1
"z[22,1]",1,0,1,1,1,1,1,NA,1,0,1
"z[23,1]",0.736222222222222,0.440729198791792,0,0,1,1,1,1.00105186395807,1867,1,1
"z[24,1]",1,0,1,1,1,1,1,NA,1,0,1
"z[25,1]",0.755555555555556,0.429805083347423,0,1,1,1,1,1.00003441938768,4500,1,1
"z[26,1]",0.255333333333333,0.436096875191881,0,0,0,1,1,1.00092065975134,2095,1,1
"z[27,1]",0.726222222222222,0.445945847603538,0,0,1,1,1,1.00043587613456,3280,1,1
"z[28,1]",0.783333333333333,0.412019352281919,0,1,1,1,1,1.00050832497755,3504,1,1
"z[29,1]",0.761777777777778,0.426043109584256,0,1,1,1,1,1.00014398099669,4500,1,1
"z[30,1]",0.214222222222222,0.41032728028428,0,0,0,0,1,1.00023578776407,4500,1,1
"z[31,1]",0.723333333333333,0.447399937094247,0,0,1,1,1,0.999979209653858,4500,1,1
"z[32,1]",0.341777777777778,0.474358231604594,0,0,0,1,1,0.999885308702717,4500,1,1
"z[33,1]",0.542444444444444,0.498250576126716,0,0,1,1,1,1.00149544536659,1106,1,1
"z[34,1]",0.549333333333333,0.497615563629677,0,0,1,1,1,0.999776577146564,4500,1,1
"z[35,1]",0.573555555555556,0.49461494676986,0,0,1,1,1,1.00050976605046,2428,1,1
"z[36,1]",0.521555555555556,0.499590655088691,0,0,1,1,1,1.00139208029818,1166,1,1
"z[37,1]",0.702666666666667,0.457135276030239,0,0,1,1,1,1.00022148500812,4314,1,1
"z[38,1]",0.655111111111111,0.47538485817232,0,0,1,1,1,1.00026004927652,3727,1,1
"z[39,1]",0.727555555555556,0.445266804820707,0,0,1,1,1,1.00044058744858,3270,1,1
"z[40,1]",0.749333333333333,0.433445081652364,0,0,1,1,1,1.000578634882,2929,1,1
"z[41,1]",0.788,0.408770267763041,0,1,1,1,1,0.999939753748974,4500,1,1
"z[42,1]",0.801777777777778,0.398704776126197,0,1,1,1,1,1.00072996212264,2962,1,1
"z[43,1]",0.667777777777778,0.471062552512027,0,0,1,1,1,1.00012789043398,4500,1,1
"z[44,1]",0.176444444444444,0.381240214508231,0,0,0,0,1,1.00025085875603,4500,1,1
"z[45,1]",0.302888888888889,0.459558638160658,0,0,0,1,1,1.00088704397616,1947,1,1
"z[46,1]",0.737111111111111,0.440251510398533,0,0,1,1,1,1.00033872538958,3833,1,1
"z[47,1]",0.833777777777778,0.372321366855748,0,1,1,1,1,0.999984219647278,4500,1,1
"z[48,1]",0.859777777777778,0.347256026113763,0,1,1,1,1,0.999780310681751,4500,1,1
"z[49,1]",0.797777777777778,0.401701697512958,0,1,1,1,1,0.999912602267719,4500,1,1
"z[50,1]",0.788444444444444,0.408456701904577,0,1,1,1,1,0.999850995143217,4500,1,1
"z[51,1]",0.762888888888889,0.425358247463406,0,1,1,1,1,1.00059621111836,2984,1,1
"z[52,1]",0.806888888888889,0.394783287468091,0,1,1,1,1,1.00003415890889,4500,1,1
"z[53,1]",0.786888888888889,0.409551021508422,0,1,1,1,1,1.00205912517542,1247,1,1
"z[54,1]",1,0,1,1,1,1,1,NA,1,0,1
"z[55,1]",0.262222222222222,0.439891724684666,0,0,0,1,1,0.999685073555353,4500,1,1
"z[56,1]",0.314,0.46416794180033,0,0,0,1,1,0.999853260888237,4500,1,1
"z[57,1]",1,0,1,1,1,1,1,NA,1,0,1
"z[58,1]",1,0,1,1,1,1,1,NA,1,0,1
"z[59,1]",1,0,1,1,1,1,1,NA,1,0,1
"z[60,1]",1,0,1,1,1,1,1,NA,1,0,1
"z[61,1]",0.804666666666667,0.396501145622131,0,1,1,1,1,0.999894725552411,4500,1,1
"z[62,1]",0.737333333333333,0.440131726730602,0,0,1,1,1,1.00060766812966,2753,1,1
"z[63,1]",0.754444444444444,0.430463938433717,0,1,1,1,1,1.00047286403387,3342,1,1
"z[64,1]",0.751777777777778,0.432029429863302,0,1,1,1,1,1.00020666609315,4500,1,1
"z[65,1]",0.815777777777778,0.387708394308229,0,1,1,1,1,0.99993672608045,4500,1,1
"z[66,1]",0.809111111111111,0.393045354774839,0,1,1,1,1,1.00007752176462,4500,1,1
"z[67,1]",0.779111111111111,0.414891841242824,0,1,1,1,1,0.999702430317089,4500,1,1
"z[68,1]",0.772,0.419589231702563,0,1,1,1,1,1.00004210496737,4500,1,1
"z[69,1]",1,0,1,1,1,1,1,NA,1,0,1
"z[70,1]",1,0,1,1,1,1,1,NA,1,0,1
"z[71,1]",0.900444444444444,0.299439764034771,0,1,1,1,1,0.999780270750386,4500,1,1
"z[72,1]",0.891555555555556,0.310975460571048,0,1,1,1,1,1.00145681790399,2884,1,1
"z[73,1]",0.412,0.492249780733913,0,0,0,1,1,1.0005662580838,2301,1,1
"z[74,1]",0.668222222222222,0.470903983688025,0,0,1,1,1,1.00033234704409,3392,1,1
"z[75,1]",0.367777777777778,0.482254047098673,0,0,0,1,1,1.00004273181331,4500,1,1
"z[76,1]",0.432,0.495409467127978,0,0,0,1,1,1.00067262001172,2028,1,1
"z[77,1]",0.22,0.414292338583869,0,0,0,0,1,0.999797297848243,4500,1,1
"z[78,1]",0.696666666666667,0.459749054543926,0,0,1,1,1,0.999678221143799,4500,1,1
"z[79,1]",0.738,0.439771506069421,0,0,1,1,1,0.999858608834937,4500,1,1
"z[80,1]",0.475333333333333,0.49944668205886,0,0,0,1,1,0.999906082248847,4500,1,1
"z[81,1]",0.770444444444444,0.420593762891488,0,1,1,1,1,1.00026295298115,4500,1,1
"z[82,1]",0.857555555555556,0.349544240495844,0,1,1,1,1,1.0005712303321,4500,1,1
"z[83,1]",0.789333333333333,0.407827393549698,0,1,1,1,1,0.999829799175911,4500,1,1
"z[84,1]",0.864666666666667,0.342117278212555,0,1,1,1,1,0.999925833873012,4500,1,1
"z[85,1]",0.863555555555556,0.343298045001655,0,1,1,1,1,1.00027757548237,4500,1,1
"z[86,1]",0.0853333333333333,0.279408131952049,0,0,0,0,1,1.00048138306015,4500,1,1
"z[87,1]",0.107333333333333,0.309570969851063,0,0,0,0,1,1.0003989984664,4500,1,1
"z[88,1]",1,0,1,1,1,1,1,NA,1,0,1
"z[89,1]",0.135333333333333,0.342117278212555,0,0,0,0,1,1.00072633271468,4031,1,1
"z[90,1]",0.518,0.499731423754776,0,0,1,1,1,0.99972482089711,4500,1,1
"z[91,1]",0.782888888888889,0.412324698400923,0,1,1,1,1,1.00033774323427,4375,1,1
"z[92,1]",0.786888888888889,0.409551021508422,0,1,1,1,1,1.00034858644257,4383,1,1
"z[93,1]",0.769555555555556,0.421164124865351,0,1,1,1,1,1.00049781403743,3398,1,1
"z[94,1]",0.718222222222222,0.449915597472985,0,0,1,1,1,0.999667213709426,4500,1,1
"z[95,1]",0.747333333333333,0.434589683416165,0,0,1,1,1,1.00042135394528,3503,1,1
"z[96,1]",0.835111111111111,0.371121476247506,0,1,1,1,1,0.99986329445396,4500,1,1
"z[97,1]",0.847777777777778,0.359276079878955,0,1,1,1,1,0.999979797279282,4500,1,1
"z[98,1]",0.814222222222222,0.38897045754562,0,1,1,1,1,0.999706520446877,4500,1,1
"z[99,1]",0.748,0.434209508544566,0,0,1,1,1,1.00117667362195,1766,1,1
"z[100,1]",0.688888888888889,0.462999595168907,0,0,1,1,1,1.00011213550768,4500,1,1
"z[101,1]",0.780222222222222,0.414142029152664,0,1,1,1,1,1.00001305801757,4500,1,1
"z[102,1]",1,0,1,1,1,1,1,NA,1,0,1
"z[103,1]",1,0,1,1,1,1,1,NA,1,0,1
"z[104,1]",0.0935555555555556,0.291241760159636,0,0,0,0,1,1.00018507609778,4500,1,1
"z[105,1]",0.210666666666667,0.407827393549698,0,0,0,0,1,1.00012384176355,4500,1,1
"z[106,1]",0.322,0.467294902015954,0,0,0,1,1,1.00015294560755,4500,1,1
"z[107,1]",0.874,0.331886241714584,0,1,1,1,1,1.00040529025817,4500,1,1
"z[108,1]",0.880222222222222,0.324737580302701,0,1,1,1,1,1.00233200957162,1779,1,1
"z[109,1]",0.487777777777778,0.499906143175288,0,0,0,1,1,1.00037042225777,2848,1,1
"z[110,1]",0.349555555555556,0.476882591680911,0,0,0,1,1,0.999690015475557,4500,1,1
"z[111,1]",1,0,1,1,1,1,1,NA,1,0,1
"z[112,1]",0.124888888888889,0.330629621712271,0,0,0,0,1,1.00066141524297,4500,1,1
"z[113,1]",1,0,1,1,1,1,1,NA,1,0,1
"z[114,1]",0.502222222222222,0.500050625971747,0,0,1,1,1,0.999691889210071,4500,1,1
"z[115,1]",0.460666666666667,0.498505880520963,0,0,0,1,1,1.00024797418882,3466,1,1
"z[116,1]",0.576888888888889,0.494107632628327,0,0,1,1,1,0.99969437450064,4500,1,1
"z[117,1]",0.559777777777778,0.496468922417485,0,0,1,1,1,1.00008940182079,4500,1,1
"z[118,1]",1,0,1,1,1,1,1,NA,1,0,1
"z[119,1]",1,0,1,1,1,1,1,NA,1,0,1
"z[120,1]",1,0,1,1,1,1,1,NA,1,0,1
"z[121,1]",1,0,1,1,1,1,1,NA,1,0,1
"z[122,1]",0.802444444444444,0.398199189045792,0,1,1,1,1,1.00014303374987,4500,1,1
"z[123,1]",0.776,0.416968387460446,0,1,1,1,1,1.00002881838763,4500,1,1
"z[124,1]",0.594888888888889,0.49096808995874,0,0,1,1,1,0.999841858699021,4500,1,1
"z[125,1]",0.660444444444444,0.473611049640584,0,0,1,1,1,0.999720105891694,4500,1,1
"z[126,1]",0.582444444444444,0.493210878514296,0,0,1,1,1,1.00018926438347,3935,1,1
"z[127,1]",0.781555555555556,0.413236514340125,0,1,1,1,1,0.999779143358709,4500,1,1
"z[128,1]",0.766444444444444,0.423139629767078,0,1,1,1,1,1.00002276586635,4500,1,1
"z[129,1]",0.782666666666667,0.412477107072181,0,1,1,1,1,1.0001820538495,4500,1,1
"z[130,1]",0.787777777777778,0.408926779343372,0,1,1,1,1,1.00054165336088,3428,1,1
"z[131,1]",0.789555555555556,0.407669611770085,0,1,1,1,1,1.00004783060722,4500,1,1
"z[132,1]",0.788888888888889,0.408142411058839,0,1,1,1,1,1.00115442479364,2014,1,1
"z[133,1]",0.792,0.405921933549937,0,1,1,1,1,1.00442177632131,643,1,1
"z[134,1]",1,0,1,1,1,1,1,NA,1,0,1
"z[135,1]",0.257333333333333,0.437213183538105,0,0,0,1,1,1.00006352386459,4500,1,1
"z[136,1]",1,0,1,1,1,1,1,NA,1,0,1
"z[137,1]",1,0,1,1,1,1,1,NA,1,0,1
"z[138,1]",0.008,0.08909412970305,0,0,0,0,0,1.00084038940263,4500,1,1
"z[139,1]",0.022,0.146699633251375,0,0,0,0,0,1.0026967073425,4500,1,1
"z[140,1]",0.152222222222222,0.359276079878955,0,0,0,0,1,1.0000466573763,4500,1,1
"z[141,1]",0.708444444444444,0.454529233367423,0,0,1,1,1,1.0001717975675,4500,1,1
"z[142,1]",0.749777777777778,0.433189060737051,0,0,1,1,1,0.999711467632136,4500,1,1
"z[143,1]",0.744222222222222,0.436345982906678,0,0,1,1,1,0.999777742195983,4500,1,1
"z[144,1]",0.725111111111111,0.446507885643041,0,0,1,1,1,0.999728783758655,4500,1,1
"z[145,1]",0.720222222222222,0.448939818965831,0,0,1,1,1,1.00031937328578,3797,1,1
"z[146,1]",0.666444444444444,0.471535425031454,0,0,1,1,1,0.999670107862953,4500,1,1
"z[147,1]",0.698,0.45917627766202,0,0,1,1,1,1.00102448368332,1751,1,1
"z[148,1]",0.769555555555556,0.421164124865351,0,1,1,1,1,0.999789965945588,4500,1,1
"z[149,1]",0.322,0.467294902015954,0,0,0,1,1,1.00011855975762,4500,1,1
"z[150,1]",0.432444444444444,0.495470282080354,0,0,0,1,1,0.999674396313837,4500,1,1
"z[151,1]",0.7,0.458308495491129,0,0,1,1,1,1.00022722572773,4258,1,1
"z[152,1]",0.746,0.435345973812633,0,0,1,1,1,1.00024962922004,4500,1,1
"z[153,1]",0.653333333333333,0.475961375470961,0,0,1,1,1,0.999718583203276,4500,1,1
"z[154,1]",0.727333333333333,0.445380327769016,0,0,1,1,1,1.00142902568024,1439,1,1
"z[155,1]",0.112444444444444,0.315947581441862,0,0,0,0,1,1.00098215931574,3800,1,1
"z[156,1]",1,0,1,1,1,1,1,NA,1,0,1
"z[157,1]",0.229555555555556,0.420593762891488,0,0,0,0,1,1.00249451930967,1007,1,1
"z[158,1]",0.0233333333333333,0.15097666777369,0,0,0,0,0,1.00491381754327,4158,1,1
"z[159,1]",1,0,1,1,1,1,1,NA,1,0,1
"z[160,1]",0.422888888888889,0.494072993385309,0,0,0,1,1,0.999982829240655,4500,1,1
"z[161,1]",1,0,1,1,1,1,1,NA,1,0,1
"z[162,1]",1,0,1,1,1,1,1,NA,1,0,1
"z[163,1]",1,0,1,1,1,1,1,NA,1,0,1
"z[164,1]",1,0,1,1,1,1,1,NA,1,0,1
"z[165,1]",0.0966666666666667,0.295536176252013,0,0,0,0,1,1.00087120323476,4500,1,1
"z[166,1]",1,0,1,1,1,1,1,NA,1,0,1
"z[167,1]",1,0,1,1,1,1,1,NA,1,0,1
"z[168,1]",0.0995555555555555,0.299439764034771,0,0,0,0,1,1.00009392258177,4500,1,1
"z[169,1]",1,0,1,1,1,1,1,NA,1,0,1
"z[170,1]",0.152444444444444,0.35949110480899,0,0,0,0,1,1.00006233306552,4500,1,1
"z[171,1]",0.659555555555556,0.473911314498849,0,0,1,1,1,1.00088500172104,1835,1,1
"z[172,1]",0.704,0.456541693439286,0,0,1,1,1,1.00121064546727,1559,1,1
"z[173,1]",0.653333333333333,0.475961375470961,0,0,1,1,1,1.00029570790199,3507,1,1
"z[174,1]",0.869777777777778,0.336585160875883,0,1,1,1,1,0.999807186700036,4500,1,1
"z[175,1]",1,0,1,1,1,1,1,NA,1,0,1
"z[176,1]",1,0,1,1,1,1,1,NA,1,0,1
"z[177,1]",0.318,0.465751226921597,0,0,0,1,1,1.00026714916934,3843,1,1
"z[178,1]",1,0,1,1,1,1,1,NA,1,0,1
"z[179,1]",1,0,1,1,1,1,1,NA,1,0,1
"z[180,1]",0.790888888888889,0.406719085380904,0,1,1,1,1,1.0000525360787,4500,1,1
"z[181,1]",0.817333333333333,0.386435946321023,0,1,1,1,1,1.00005579481263,4500,1,1
"z[182,1]",0.732222222222222,0.442850336945843,0,0,1,1,1,0.999755807743975,4500,1,1
"z[183,1]",0.793555555555556,0.404798158938663,0,1,1,1,1,1.00215361506133,1233,1,1
"z[184,1]",0.794,0.404475407947857,0,1,1,1,1,0.99975245190186,4500,1,1
"z[185,1]",0.779333333333333,0.414742225461546,0,1,1,1,1,1.00003450270749,4500,1,1
"z[186,1]",1,0,1,1,1,1,1,NA,1,0,1
"z[187,1]",0.429333333333333,0.495036039244765,0,0,0,1,1,1.00199981215746,881,1,1
"z[188,1]",0.562666666666667,0.496112471026011,0,0,1,1,1,0.999961498976358,4500,1,1
"z[189,1]",0.644888888888889,0.478600158461255,0,0,1,1,1,1.0005494542444,2473,1,1
"z[190,1]",0.636,0.481202095556712,0,0,1,1,1,1.00151121038782,1173,1,1
"z[191,1]",0.544888888888889,0.498036251369566,0,0,1,1,1,1.00234760864207,757,1,1
"z[192,1]",0.678888888888889,0.466955265919508,0,0,1,1,1,0.999950823555439,4500,1,1
"z[193,1]",0.557555555555556,0.496731506573104,0,0,1,1,1,1.00036010098125,2926,1,1
"z[194,1]",0.484888888888889,0.499827141590173,0,0,0,1,1,1.00081655371399,1746,1,1
"z[195,1]",0.473555555555556,0.499355688688475,0,0,0,1,1,1.00266778805527,674,1,1
"z[196,1]",0.668666666666667,0.470744941744271,0,0,1,1,1,1.00016862710584,4492,1,1
"z[197,1]",0.608888888888889,0.488053421617574,0,0,1,1,1,1.0006738763785,2088,1,1
"z[198,1]",0.624666666666667,0.484262672142031,0,0,1,1,1,1.00110183973297,1490,1,1
"z[199,1]",0.604444444444444,0.489024029314706,0,0,1,1,1,1.00005109529416,4500,1,1
"z[200,1]",0.694,0.460880898377707,0,0,1,1,1,1.00056387541266,2622,1,1
"z[1,2]",0.559777777777778,0.496468922417485,0,0,1,1,1,0.999818318470113,4500,1,1
"z[2,2]",1,0,1,1,1,1,1,NA,1,0,1
"z[3,2]",1,0,1,1,1,1,1,NA,1,0,1
"z[4,2]",1,0,1,1,1,1,1,NA,1,0,1
"z[5,2]",0.865555555555556,0.341167116466881,0,1,1,1,1,1.00002438624979,4500,1,1
"z[6,2]",0.822888888888889,0.381805133428139,0,1,1,1,1,1.00028279242694,4500,1,1
"z[7,2]",1,0,1,1,1,1,1,NA,1,0,1
"z[8,2]",1,0,1,1,1,1,1,NA,1,0,1
"z[9,2]",0.364,0.481202095556712,0,0,0,1,1,0.999850403958664,4500,1,1
"z[10,2]",1,0,1,1,1,1,1,NA,1,0,1
"z[11,2]",1,0,1,1,1,1,1,NA,1,0,1
"z[12,2]",1,0,1,1,1,1,1,NA,1,0,1
"z[13,2]",1,0,1,1,1,1,1,NA,1,0,1
"z[14,2]",1,0,1,1,1,1,1,NA,1,0,1
"z[15,2]",0.525777777777778,0.499390554955439,0,0,1,1,1,0.999852902940763,4500,1,1
"z[16,2]",0.908888888888889,0.287799032014152,0,1,1,1,1,1.00023235819814,4500,1,1
"z[17,2]",0.763555555555556,0.424945405567671,0,1,1,1,1,1.00032507778553,4198,1,1
"z[18,2]",0.0182222222222222,0.133769014787178,0,0,0,0,0,1.00089919630637,4500,1,1
"z[19,2]",0.139333333333333,0.346332514022216,0,0,0,0,1,1.00107142350034,2966,1,1
"z[20,2]",0.168,0.373907833880739,0,0,0,0,1,1.00096750562982,2752,1,1
"z[21,2]",0.731333333333333,0.443315420330316,0,0,1,1,1,1.00059154977789,2758,1,1
"z[22,2]",0.867333333333333,0.339251821185049,0,1,1,1,1,1.00024205674898,4500,1,1
"z[23,2]",0.852888888888889,0.35425600967688,0,1,1,1,1,0.999837566152213,4500,1,1
"z[24,2]",0.881555555555556,0.323169563225013,0,1,1,1,1,1.00229677108506,1825,1,1
"z[25,2]",1,0,1,1,1,1,1,NA,1,0,1
"z[26,2]",0.0502222222222222,0.218427454690079,0,0,0,0,1,1.00065158178908,4500,1,1
"z[27,2]",1,0,1,1,1,1,1,NA,1,0,1
"z[28,2]",0.781333333333333,0.413387869931969,0,1,1,1,1,1.00065010177208,2981,1,1
"z[29,2]",0.763333333333333,0.425083180281004,0,1,1,1,1,0.999873048499581,4500,1,1
"z[30,2]",0.0253333333333333,0.15715293120877,0,0,0,0,1,1.00003096676621,4500,1,1
"z[31,2]",1,0,1,1,1,1,1,NA,1,0,1
"z[32,2]",0.226888888888889,0.418866696841786,0,0,0,0,1,1.00050135226856,3420,1,1
"z[33,2]",0.763333333333333,0.425083180281004,0,1,1,1,1,0.999872857366733,4500,1,1
"z[34,2]",0.790888888888889,0.406719085380904,0,1,1,1,1,0.999868003440956,4500,1,1
"z[35,2]",0.775111111111111,0.417555531121581,0,1,1,1,1,0.999706407351042,4500,1,1
"z[36,2]",0.765555555555556,0.423698171199837,0,1,1,1,1,1.00099463390612,2099,1,1
"z[37,2]",1,0,1,1,1,1,1,NA,1,0,1
"z[38,2]",0.854444444444444,0.352699276340701,0,1,1,1,1,1.00107018674469,2873,1,1
"z[39,2]",1,0,1,1,1,1,1,NA,1,0,1
"z[40,2]",0.892888888888889,0.309288827266365,0,1,1,1,1,1.00064878200864,4500,1,1
"z[41,2]",1,0,1,1,1,1,1,NA,1,0,1
"z[42,2]",1,0,1,1,1,1,1,NA,1,0,1
"z[43,2]",0.305333333333333,0.460599645880547,0,0,0,1,1,0.999826194638856,4500,1,1
"z[44,2]",0.058,0.233769424929795,0,0,0,0,1,1.0000633594752,4500,1,1
"z[45,2]",0.163777777777778,0.370114925946038,0,0,0,0,1,0.999881343520161,4500,1,1
"z[46,2]",1,0,1,1,1,1,1,NA,1,0,1
"z[47,2]",1,0,1,1,1,1,1,NA,1,0,1
"z[48,2]",1,0,1,1,1,1,1,NA,1,0,1
"z[49,2]",0.780444444444444,0.413991545837227,0,1,1,1,1,1.00057318362206,3229,1,1
"z[50,2]",0.845111111111111,0.361838936502114,0,1,1,1,1,1.00063791361561,3940,1,1
"z[51,2]",0.782444444444444,0.412629339745095,0,1,1,1,1,0.999710927555731,4500,1,1
"z[52,2]",0.787555555555556,0.409083110301357,0,1,1,1,1,0.999683362478438,4500,1,1
"z[53,2]",0.806,0.395472824956344,0,1,1,1,1,0.999742329721983,4500,1,1
"z[54,2]",1,0,1,1,1,1,1,NA,1,0,1
"z[55,2]",1,0,1,1,1,1,1,NA,1,0,1
"z[56,2]",1,0,1,1,1,1,1,NA,1,0,1
"z[57,2]",0.907333333333333,0.289996972491497,0,1,1,1,1,1.00230922239227,2253,1,1
"z[58,2]",0.871111111111111,0.335114158308128,0,1,1,1,1,1.00319892143254,1259,1,1
"z[59,2]",0.876,0.329618179158867,0,1,1,1,1,0.999723092454738,4500,1,1
"z[60,2]",0.410444444444444,0.491969092231259,0,0,0,1,1,1.00038843579968,2870,1,1
"z[61,2]",0.8,0.400044451853224,0,1,1,1,1,1.00045691291069,3957,1,1
"z[62,2]",0.785777777777778,0.41032728028428,0,1,1,1,1,1.00053666654094,3420,1,1
"z[63,2]",0.695777777777778,0.460128362739494,0,0,1,1,1,1.00006408171386,4500,1,1
"z[64,2]",0.762222222222222,0.42576964496162,0,1,1,1,1,1.00079175895735,2461,1,1
"z[65,2]",0.785333333333333,0.410636530918233,0,1,1,1,1,1.00017063061504,4500,1,1
"z[66,2]",0.842888888888889,0.363945936488476,0,1,1,1,1,1.00097572253007,2881,1,1
"z[67,2]",0.750444444444444,0.432803889466465,0,1,1,1,1,1.00034631322878,3923,1,1
"z[68,2]",0.757111111111111,0.428876148709981,0,1,1,1,1,1.00023065099645,4500,1,1
"z[69,2]",1,0,1,1,1,1,1,NA,1,0,1
"z[70,2]",1,0,1,1,1,1,1,NA,1,0,1
"z[71,2]",1,0,1,1,1,1,1,NA,1,0,1
"z[72,2]",1,0,1,1,1,1,1,NA,1,0,1
"z[73,2]",0.463333333333333,0.498709158355544,0,0,0,1,1,1.00051724309932,2368,1,1
"z[74,2]",1,0,1,1,1,1,1,NA,1,0,1
"z[75,2]",0.312444444444444,0.463541435706004,0,0,0,1,1,0.999917535887616,4500,1,1
"z[76,2]",0.181111111111111,0.385153010658265,0,0,0,0,1,1.00001736018117,4500,1,1
"z[77,2]",0.593555555555556,0.491223961615061,0,0,1,1,1,0.999852778936775,4500,1,1
"z[78,2]",0.921111111111111,0.26959522169686,0,1,1,1,1,1.00002165332166,4500,1,1
"z[79,2]",0.876444444444444,0.329110391733384,0,1,1,1,1,1.00069382234822,4500,1,1
"z[80,2]",0.555111111111111,0.497008710431761,0,0,1,1,1,1.00069938288522,1964,1,1
"z[81,2]",0.754444444444444,0.430463938433717,0,1,1,1,1,1.00080166035514,2386,1,1
"z[82,2]",1,0,1,1,1,1,1,NA,1,0,1
"z[83,2]",1,0,1,1,1,1,1,NA,1,0,1
"z[84,2]",1,0,1,1,1,1,1,NA,1,0,1
"z[85,2]",1,0,1,1,1,1,1,NA,1,0,1
"z[86,2]",1,0,1,1,1,1,1,NA,1,0,1
"z[87,2]",1,0,1,1,1,1,1,NA,1,0,1
"z[88,2]",0.905111111111111,0.293093973751269,0,1,1,1,1,0.999890606718479,4500,1,1
"z[89,2]",0.852,0.355139448050594,0,1,1,1,1,0.999796905372964,4500,1,1
"z[90,2]",0.598666666666667,0.49022269730602,0,0,1,1,1,0.999937387328499,4500,1,1
"z[91,2]",0.777777777777778,0.41578591064293,0,1,1,1,1,0.9996971869607,4500,1,1
"z[92,2]",0.792666666666667,0.405441428226822,0,1,1,1,1,1.00028369217458,4500,1,1
"z[93,2]",0.762,0.425906457207655,0,1,1,1,1,1.00071923454019,2617,1,1
"z[94,2]",0.758,0.428341887533938,0,1,1,1,1,1.00021098869392,4500,1,1
"z[95,2]",0.726666666666667,0.445720058225465,0,0,1,1,1,0.999792461280479,4500,1,1
"z[96,2]",1,0,1,1,1,1,1,NA,1,0,1
"z[97,2]",1,0,1,1,1,1,1,NA,1,0,1
"z[98,2]",1,0,1,1,1,1,1,NA,1,0,1
"z[99,2]",0.912888888888889,0.28202914935459,0,1,1,1,1,1.00090065911758,4500,1,1
"z[100,2]",0.852222222222222,0.354919003366098,0,1,1,1,1,0.99978011941128,4500,1,1
"z[101,2]",0.878222222222222,0.327065317805307,0,1,1,1,1,0.999778756386359,4500,1,1
"z[102,2]",1,0,1,1,1,1,1,NA,1,0,1
"z[103,2]",1,0,1,1,1,1,1,NA,1,0,1
"z[104,2]",0.528888888888889,0.499220206423967,0,0,1,1,1,1.00219916954052,797,1,1
"z[105,2]",0.157111111111111,0.363945936488476,0,0,0,0,1,1.00083228868029,3236,1,1
"z[106,2]",0.152666666666667,0.359705863884651,0,0,0,0,1,1.00199497601512,1664,1,1
"z[107,2]",1,0,1,1,1,1,1,NA,1,0,1
"z[108,2]",1,0,1,1,1,1,1,NA,1,0,1
"z[109,2]",0.371333333333333,0.48321504225507,0,0,0,1,1,1.00026728559999,3574,1,1
"z[110,2]",1,0,1,1,1,1,1,NA,1,0,1
"z[111,2]",0.223777777777778,0.416821176064373,0,0,0,0,1,1.00076612148997,2628,1,1
"z[112,2]",0.113111111111111,0.316763768877172,0,0,0,0,1,0.99997105897453,4500,1,1
"z[113,2]",0.809777777777778,0.392520020648456,0,1,1,1,1,1.00009458339965,4500,1,1
"z[114,2]",1,0,1,1,1,1,1,NA,1,0,1
"z[115,2]",1,0,1,1,1,1,1,NA,1,0,1
"z[116,2]",0.329333333333333,0.470023385229729,0,0,0,1,1,1.00035559994838,3292,1,1
"z[117,2]",1,0,1,1,1,1,1,NA,1,0,1
"z[118,2]",0.442888888888889,0.496782813624796,0,0,0,1,1,1.00025245131907,3461,1,1
"z[119,2]",0.730666666666667,0.443662743942178,0,0,1,1,1,1.00055309645711,2870,1,1
"z[120,2]",0.739333333333333,0.439047140569879,0,0,1,1,1,0.999704474770684,4500,1,1
"z[121,2]",0.572888888888889,0.494713651416732,0,0,1,1,1,0.999711555364355,4500,1,1
"z[122,2]",1,0,1,1,1,1,1,NA,1,0,1
"z[123,2]",1,0,1,1,1,1,1,NA,1,0,1
"z[124,2]",0.251555555555556,0.433955304487405,0,0,0,1,1,1.00013745094835,4500,1,1
"z[125,2]",0.477555555555556,0.499551501696818,0,0,0,1,1,1.00041785756972,2673,1,1
"z[126,2]",0.254444444444444,0.435596871671687,0,0,0,1,1,1.00060994776822,2801,1,1
"z[127,2]",0.754666666666667,0.430332477675716,0,1,1,1,1,0.999900284076428,4500,1,1
"z[128,2]",0.730666666666667,0.443662743942178,0,0,1,1,1,1.00086836200955,2116,1,1
"z[129,2]",0.776,0.416968387460446,0,1,1,1,1,1.00020461923872,4500,1,1
"z[130,2]",0.772444444444444,0.419300720566829,0,1,1,1,1,1.00009823151603,4500,1,1
"z[131,2]",0.895111111111111,0.306444249967912,0,1,1,1,1,0.999845639456619,4500,1,1
"z[132,2]",0.882666666666667,0.321852826698461,0,1,1,1,1,0.999756399190436,4500,1,1
"z[133,2]",0.842666666666667,0.364155219964792,0,1,1,1,1,0.999771931192382,4500,1,1
"z[134,2]",1,0,1,1,1,1,1,NA,1,0,1
"z[135,2]",0.665555555555556,0.471848316480549,0,0,1,1,1,0.999756752694333,4500,1,1
"z[136,2]",1,0,1,1,1,1,1,NA,1,0,1
"z[137,2]",1,0,1,1,1,1,1,NA,1,0,1
"z[138,2]",0.0135555555555556,0.115649360747383,0,0,0,0,0,1.00799203611427,4440,1,1
"z[139,2]",0.0137777777777778,0.116580319235386,0,0,0,0,0,1.00140104949524,4500,1,1
"z[140,2]",0.0344444444444444,0.182388094475073,0,0,0,0,1,1.00634293083426,2238,1,1
"z[141,2]",1,0,1,1,1,1,1,NA,1,0,1
"z[142,2]",0.828444444444444,0.377035591290268,0,1,1,1,1,1.00023987380856,4500,1,1
"z[143,2]",0.842,0.364781537535406,0,1,1,1,1,1.00047192005994,4500,1,1
"z[144,2]",0.821333333333333,0.383115525804514,0,1,1,1,1,0.999986894350789,4500,1,1
"z[145,2]",0.901555555555556,0.297947752307987,0,1,1,1,1,0.999707358990065,4500,1,1
"z[146,2]",0.864666666666667,0.342117278212555,0,1,1,1,1,0.999866910755452,4500,1,1
"z[147,2]",0.855555555555556,0.351578889148306,0,1,1,1,1,0.999745830042067,4500,1,1
"z[148,2]",0.882666666666667,0.321852826698461,0,1,1,1,1,1.00018341530303,4500,1,1
"z[149,2]",0.226888888888889,0.418866696841786,0,0,0,0,1,1.0004086449511,3841,1,1
"z[150,2]",0.427333333333333,0.494746348916912,0,0,0,1,1,1.00016013444965,4141,1,1
"z[151,2]",1,0,1,1,1,1,1,NA,1,0,1
"z[152,2]",1,0,1,1,1,1,1,NA,1,0,1
"z[153,2]",0.840444444444444,0.366234059493059,0,1,1,1,1,1.00017948504752,4500,1,1
"z[154,2]",0.860444444444444,0.346563836545115,0,1,1,1,1,1.00048832212063,4500,1,1
"z[155,2]",0.154666666666667,0.361626810077205,0,0,0,0,1,1.00007009150883,4500,1,1
"z[156,2]",0.166444444444444,0.372520508798759,0,0,0,0,1,1.00010603980513,4500,1,1
"z[157,2]",1,0,1,1,1,1,1,NA,1,0,1
"z[158,2]",0.014,0.11750348180963,0,0,0,0,0,1.00083005440124,4500,1,1
"z[159,2]",0.325555555555556,0.468634121452001,0,0,0,1,1,1.00112194084596,1570,1,1
"z[160,2]",0.226222222222222,0.418431160517439,0,0,0,0,1,1.00038183261123,3988,1,1
"z[161,2]",0.133555555555556,0.340211978135586,0,0,0,0,1,1.00334524877356,1177,1,1
"z[162,2]",1,0,1,1,1,1,1,NA,1,0,1
"z[163,2]",1,0,1,1,1,1,1,NA,1,0,1
"z[164,2]",0.918444444444444,0.273716817169827,0,1,1,1,1,1.00040982824089,4500,1,1
"z[165,2]",0.876888888888889,0.32860121836697,0,1,1,1,1,1.00019046867601,4500,1,1
"z[166,2]",0.917333333333333,0.275408323018099,0,1,1,1,1,1.00183335551738,3030,1,1
"z[167,2]",0.525333333333333,0.499413303264157,0,0,1,1,1,0.999796440305812,4500,1,1
"z[168,2]",0.468666666666667,0.499072712041911,0,0,0,1,1,1.00000488892878,4500,1,1
"z[169,2]",0.881777777777778,0.322906951398641,0,1,1,1,1,1.00044385503705,4500,1,1
"z[170,2]",0.235555555555556,0.424392695578353,0,0,0,0,1,0.9997267785616,4500,1,1
"z[171,2]",0.818,0.38588740703616,0,1,1,1,1,1.00162912766211,1710,1,1
"z[172,2]",0.836888888888889,0.369508075588303,0,1,1,1,1,1.00258930810363,1256,1,1
"z[173,2]",0.810222222222222,0.392168777194373,0,1,1,1,1,1.00058013988259,3551,1,1
"z[174,2]",1,0,1,1,1,1,1,NA,1,0,1
"z[175,2]",1,0,1,1,1,1,1,NA,1,0,1
"z[176,2]",1,0,1,1,1,1,1,NA,1,0,1
"z[177,2]",1,0,1,1,1,1,1,NA,1,0,1
"z[178,2]",1,0,1,1,1,1,1,NA,1,0,1
"z[179,2]",1,0,1,1,1,1,1,NA,1,0,1
"z[180,2]",0.822888888888889,0.381805133428139,0,1,1,1,1,0.999727007757044,4500,1,1
"z[181,2]",0.820888888888889,0.383487941993863,0,1,1,1,1,1.0003945992365,4500,1,1
"z[182,2]",0.739333333333333,0.439047140569879,0,0,1,1,1,1.00191183784658,1159,1,1
"z[183,2]",0.783777777777778,0.411713299819999,0,1,1,1,1,1.00046864547929,3687,1,1
"z[184,2]",0.397555555555556,0.489447005298862,0,0,0,1,1,0.999947505931992,4500,1,1
"z[185,2]",0.726666666666667,0.445720058225465,0,0,1,1,1,0.999989773862587,4500,1,1
"z[186,2]",0.890222222222222,0.31264730789996,0,1,1,1,1,1.00171085935744,2497,1,1
"z[187,2]",0.369555555555556,0.482738058059052,0,0,0,1,1,1.00041102132008,2885,1,1
"z[188,2]",0.621111111111111,0.485164308674186,0,0,1,1,1,1.00061835066518,2240,1,1
"z[189,2]",0.66,0.473761414375011,0,0,1,1,1,1.00081327359377,1950,1,1
"z[190,2]",0.784888888888889,0.410945068049354,0,1,1,1,1,1.00010898534273,4500,1,1
"z[191,2]",0.408888888888889,0.491683321058642,0,0,0,1,1,0.999972558005528,4500,1,1
"z[192,2]",0.755111111111111,0.430069091055928,0,1,1,1,1,1.00142453081487,1545,1,1
"z[193,2]",0.446,0.497130686801717,0,0,0,1,1,0.999735763071826,4500,1,1
"z[194,2]",0.341777777777778,0.474358231604594,0,0,0,1,1,1.00044803664479,2843,1,1
"z[195,2]",0.344,0.475093841995383,0,0,0,1,1,1.00037127384722,3148,1,1
"z[196,2]",0.768888888888889,0.421590159780607,0,1,1,1,1,1.00166893105762,1413,1,1
"z[197,2]",0.73,0.44400879466008,0,0,1,1,1,1.00146609494617,1418,1,1
"z[198,2]",0.732666666666667,0.442616942427579,0,0,1,1,1,1.00030849281276,3971,1,1
"z[199,2]",0.744666666666667,0.436096875191881,0,0,1,1,1,1.00000090196024,4500,1,1
"z[200,2]",0.765111111111111,0.423976466980315,0,1,1,1,1,1.00131557462825,1685,1,1
"z[1,3]",1,0,1,1,1,1,1,NA,1,0,1
"z[2,3]",1,0,1,1,1,1,1,NA,1,0,1
"z[3,3]",1,0,1,1,1,1,1,NA,1,0,1
"z[4,3]",1,0,1,1,1,1,1,NA,1,0,1
"z[5,3]",0.867111111111111,0.339492333243092,0,1,1,1,1,0.999780024364122,4500,1,1
"z[6,3]",0.832444444444444,0.373512642298332,0,1,1,1,1,0.999702125981209,4500,1,1
"z[7,3]",1,0,1,1,1,1,1,NA,1,0,1
"z[8,3]",1,0,1,1,1,1,1,NA,1,0,1
"z[9,3]",1,0,1,1,1,1,1,NA,1,0,1
"z[10,3]",1,0,1,1,1,1,1,NA,1,0,1
"z[11,3]",0.902,0.297347688610086,0,1,1,1,1,1.00172684062999,2751,1,1
"z[12,3]",1,0,1,1,1,1,1,NA,1,0,1
"z[13,3]",1,0,1,1,1,1,1,NA,1,0,1
"z[14,3]",1,0,1,1,1,1,1,NA,1,0,1
"z[15,3]",0.289777777777778,0.453709557154509,0,0,0,1,1,0.999971733619493,4500,1,1
"z[16,3]",1,0,1,1,1,1,1,NA,1,0,1
"z[17,3]",1,0,1,1,1,1,1,NA,1,0,1
"z[18,3]",0.0328888888888889,0.17836557884435,0,0,0,0,1,1.00034890999419,4500,1,1
"z[19,3]",0.686444444444444,0.463989558652072,0,0,1,1,1,1.00094694618408,1816,1,1
"z[20,3]",1,0,1,1,1,1,1,NA,1,0,1
"z[21,3]",1,0,1,1,1,1,1,NA,1,0,1
"z[22,3]",1,0,1,1,1,1,1,NA,1,0,1
"z[23,3]",1,0,1,1,1,1,1,NA,1,0,1
"z[24,3]",0.359111111111111,0.479793160509196,0,0,0,1,1,0.999748196101058,4500,1,1
"z[25,3]",1,0,1,1,1,1,1,NA,1,0,1
"z[26,3]",0.0831111111111111,0.276080771207218,0,0,0,0,1,0.999785659170843,4500,1,1
"z[27,3]",1,0,1,1,1,1,1,NA,1,0,1
"z[28,3]",0.798666666666667,0.401041099019679,0,1,1,1,1,1.00036402168669,4449,1,1
"z[29,3]",0.679333333333333,0.466784720300032,0,0,1,1,1,0.999771225313383,4500,1,1
"z[30,3]",0.0182222222222222,0.133769014787178,0,0,0,0,0,1.00571439420514,4500,1,1
"z[31,3]",1,0,1,1,1,1,1,NA,1,0,1
"z[32,3]",1,0,1,1,1,1,1,NA,1,0,1
"z[33,3]",1,0,1,1,1,1,1,NA,1,0,1
"z[34,3]",1,0,1,1,1,1,1,NA,1,0,1
"z[35,3]",1,0,1,1,1,1,1,NA,1,0,1
"z[36,3]",1,0,1,1,1,1,1,NA,1,0,1
"z[37,3]",1,0,1,1,1,1,1,NA,1,0,1
"z[38,3]",1,0,1,1,1,1,1,NA,1,0,1
"z[39,3]",1,0,1,1,1,1,1,NA,1,0,1
"z[40,3]",1,0,1,1,1,1,1,NA,1,0,1
"z[41,3]",0.277333333333333,0.447732177907764,0,0,0,1,1,1.00003684387234,4500,1,1
"z[42,3]",1,0,1,1,1,1,1,NA,1,0,1
"z[43,3]",1,0,1,1,1,1,1,NA,1,0,1
"z[44,3]",0.0497777777777778,0.217509687264132,0,0,0,0,1,1.00020639667587,4500,1,1
"z[45,3]",0.625111111111111,0.484148013121574,0,0,1,1,1,0.999707516494943,4500,1,1
"z[46,3]",1,0,1,1,1,1,1,NA,1,0,1
"z[47,3]",1,0,1,1,1,1,1,NA,1,0,1
"z[48,3]",1,0,1,1,1,1,1,NA,1,0,1
"z[49,3]",1,0,1,1,1,1,1,NA,1,0,1
"z[50,3]",1,0,1,1,1,1,1,NA,1,0,1
"z[51,3]",1,0,1,1,1,1,1,NA,1,0,1
"z[52,3]",0.786,0.410172386899561,0,1,1,1,1,1.0002493675696,4500,1,1
"z[53,3]",0.802444444444444,0.398199189045792,0,1,1,1,1,0.999858895328657,4500,1,1
"z[54,3]",1,0,1,1,1,1,1,NA,1,0,1
"z[55,3]",1,0,1,1,1,1,1,NA,1,0,1
"z[56,3]",1,0,1,1,1,1,1,NA,1,0,1
"z[57,3]",1,0,1,1,1,1,1,NA,1,0,1
"z[58,3]",1,0,1,1,1,1,1,NA,1,0,1
"z[59,3]",0.448222222222222,0.497367101581811,0,0,0,1,1,0.999771134299716,4500,1,1
"z[60,3]",0.291777777777778,0.454631100078816,0,0,0,1,1,0.999989675214837,4500,1,1
"z[61,3]",0.799111111111111,0.40070965179,0,1,1,1,1,0.999831543082565,4500,1,1
"z[62,3]",0.835555555555556,0.370719583788944,0,1,1,1,1,0.999675761659473,4500,1,1
"z[63,3]",0.634444444444444,0.481639119708878,0,0,1,1,1,0.999920734260347,4500,1,1
"z[64,3]",0.793777777777778,0.404636876657394,0,1,1,1,1,1.00069842292687,2969,1,1
"z[65,3]",0.779111111111111,0.414891841242824,0,1,1,1,1,0.999852373491112,4500,1,1
"z[66,3]",0.839111111111111,0.367469266471889,0,1,1,1,1,1.00110294583507,2587,1,1
"z[67,3]",0.754888888888889,0.430200861930551,0,1,1,1,1,1.00043013104906,3546,1,1
"z[68,3]",0.750222222222222,0.432932432056475,0,1,1,1,1,0.99998762333715,4500,1,1
"z[69,3]",1,0,1,1,1,1,1,NA,1,0,1
"z[70,3]",1,0,1,1,1,1,1,NA,1,0,1
"z[71,3]",0.117111111111111,0.321588371654486,0,0,0,0,1,1.00149331549737,2641,1,1
"z[72,3]",1,0,1,1,1,1,1,NA,1,0,1
"z[73,3]",1,0,1,1,1,1,1,NA,1,0,1
"z[74,3]",1,0,1,1,1,1,1,NA,1,0,1
"z[75,3]",1,0,1,1,1,1,1,NA,1,0,1
"z[76,3]",0.637111111111111,0.480886610884745,0,0,1,1,1,1.00243087256566,787,1,1
"z[77,3]",1,0,1,1,1,1,1,NA,1,0,1
"z[78,3]",0.934666666666667,0.247140571093493,0,1,1,1,1,1.00146697377007,4500,1,1
"z[79,3]",0.878222222222222,0.327065317805307,0,1,1,1,1,0.999940609789959,4500,1,1
"z[80,3]",0.643777777777778,0.478935197820584,0,0,1,1,1,0.999675529230516,4500,1,1
"z[81,3]",0.253111111111111,0.434842380726248,0,0,0,1,1,0.999783334369362,4500,1,1
"z[82,3]",1,0,1,1,1,1,1,NA,1,0,1
"z[83,3]",1,0,1,1,1,1,1,NA,1,0,1
"z[84,3]",1,0,1,1,1,1,1,NA,1,0,1
"z[85,3]",1,0,1,1,1,1,1,NA,1,0,1
"z[86,3]",0.324222222222222,0.468135528488827,0,0,0,1,1,1.00026034102254,3849,1,1
"z[87,3]",1,0,1,1,1,1,1,NA,1,0,1
"z[88,3]",1,0,1,1,1,1,1,NA,1,0,1
"z[89,3]",1,0,1,1,1,1,1,NA,1,0,1
"z[90,3]",0.673555555555556,0.468964115768405,0,0,1,1,1,1.00009845035329,4500,1,1
"z[91,3]",0.803777777777778,0.397182726461142,0,1,1,1,1,0.999679507613155,4500,1,1
"z[92,3]",0.823777777777778,0.381051462839662,0,1,1,1,1,1.00012171769287,4500,1,1
"z[93,3]",0.785333333333333,0.410636530918233,0,1,1,1,1,1.00165942887116,1492,1,1
"z[94,3]",0.789555555555556,0.407669611770085,0,1,1,1,1,1.00004243551581,4500,1,1
"z[95,3]",1,0,1,1,1,1,1,NA,1,0,1
"z[96,3]",1,0,1,1,1,1,1,NA,1,0,1
"z[97,3]",1,0,1,1,1,1,1,NA,1,0,1
"z[98,3]",1,0,1,1,1,1,1,NA,1,0,1
"z[99,3]",0.234888888888889,0.423976466980315,0,0,0,0,1,1.00082878167705,2397,1,1
"z[100,3]",1,0,1,1,1,1,1,NA,1,0,1
"z[101,3]",1,0,1,1,1,1,1,NA,1,0,1
"z[102,3]",1,0,1,1,1,1,1,NA,1,0,1
"z[103,3]",1,0,1,1,1,1,1,NA,1,0,1
"z[104,3]",0.146444444444444,0.353590515635706,0,0,0,0,1,1.00011320946581,4500,1,1
"z[105,3]",0.394222222222222,0.488737294104904,0,0,0,1,1,1.00135541853738,1244,1,1
"z[106,3]",0.0535555555555556,0.225163550304364,0,0,0,0,1,1.00268869138708,3249,1,1
"z[107,3]",1,0,1,1,1,1,1,NA,1,0,1
"z[108,3]",1,0,1,1,1,1,1,NA,1,0,1
"z[109,3]",0.371777777777778,0.483333192816774,0,0,0,1,1,1.00028730434746,3448,1,1
"z[110,3]",1,0,1,1,1,1,1,NA,1,0,1
"z[111,3]",1,0,1,1,1,1,1,NA,1,0,1
"z[112,3]",0.49,0.499955543700455,0,0,0,1,1,0.999785217135909,4500,1,1
"z[113,3]",1,0,1,1,1,1,1,NA,1,0,1
"z[114,3]",0.187777777777778,0.390578012967673,0,0,0,0,1,0.999801360951213,4500,1,1
"z[115,3]",0.0542222222222222,0.226480841156445,0,0,0,0,1,1.00023892001961,4500,1,1
"z[116,3]",1,0,1,1,1,1,1,NA,1,0,1
"z[117,3]",0.147333333333333,0.354477284696265,0,0,0,0,1,0.999891544115328,4500,1,1
"z[118,3]",0.404222222222222,0.490795421948218,0,0,0,1,1,0.999947967651234,4500,1,1
"z[119,3]",1,0,1,1,1,1,1,NA,1,0,1
"z[120,3]",1,0,1,1,1,1,1,NA,1,0,1
"z[121,3]",1,0,1,1,1,1,1,NA,1,0,1
"z[122,3]",0.314888888888889,0.464523226610421,0,0,0,1,1,0.999915462731451,4500,1,1
"z[123,3]",1,0,1,1,1,1,1,NA,1,0,1
"z[124,3]",0.164222222222222,0.370518274124004,0,0,0,0,1,1.00036217500547,4500,1,1
"z[125,3]",0.771333333333333,0.420020744838499,0,1,1,1,1,1.0002844201239,4500,1,1
"z[126,3]",0.261333333333333,0.439409978425398,0,0,0,1,1,1.00022188496871,4500,1,1
"z[127,3]",0.750888888888889,0.432546347108695,0,1,1,1,1,0.999900141592364,4500,1,1
"z[128,3]",0.724,0.447066455019138,0,0,1,1,1,0.999701864693983,4500,1,1
"z[129,3]",0.756666666666667,0.429142339283927,0,1,1,1,1,1.00020693737707,4500,1,1
"z[130,3]",0.776444444444444,0.416673794115523,0,1,1,1,1,1.0003567876899,4166,1,1
"z[131,3]",0.892444444444444,0.309852696115214,0,1,1,1,1,1.00164942615064,2631,1,1
"z[132,3]",0.884444444444444,0.319726736204165,0,1,1,1,1,0.999839264224399,4500,1,1
"z[133,3]",0.825777777777778,0.379342612245988,0,1,1,1,1,1.00027710036839,4500,1,1
"z[134,3]",0.233555555555556,0.423139629767078,0,0,0,0,1,0.999903463354235,4500,1,1
"z[135,3]",1,0,1,1,1,1,1,NA,1,0,1
"z[136,3]",1,0,1,1,1,1,1,NA,1,0,1
"z[137,3]",1,0,1,1,1,1,1,NA,1,0,1
"z[138,3]",0.00533333333333333,0.0728427622699364,0,0,0,0,0,1.01759611175516,4500,1,1
"z[139,3]",0.0155555555555556,0.123761803562895,0,0,0,0,0,1.01216540771744,2564,1,1
"z[140,3]",0.0266666666666667,0.161125183440798,0,0,0,0,1,1.00502408402932,3577,1,1
"z[141,3]",0.0991111111111111,0.298844349077286,0,0,0,0,1,1.00177274626375,2664,1,1
"z[142,3]",0.832444444444444,0.373512642298332,0,1,1,1,1,1.0000070925965,4500,1,1
"z[143,3]",0.857111111111111,0.349998394701315,0,1,1,1,1,0.999870449519619,4500,1,1
"z[144,3]",0.837111111111111,0.36930530304322,0,1,1,1,1,1.00108862344332,2584,1,1
"z[145,3]",0.905777777777778,0.292170095489473,0,1,1,1,1,1.00040277968494,4500,1,1
"z[146,3]",0.891333333333333,0.31125512213583,0,1,1,1,1,1.00109162623013,3613,1,1
"z[147,3]",0.846222222222222,0.360775688043558,0,1,1,1,1,1.00063165067869,3988,1,1
"z[148,3]",0.877555555555556,0.327834845547119,0,1,1,1,1,1.00482294435716,898,1,1
"z[149,3]",1,0,1,1,1,1,1,NA,1,0,1
"z[150,3]",1,0,1,1,1,1,1,NA,1,0,1
"z[151,3]",0.111777777777778,0.315127869408896,0,0,0,0,1,1.00102379270566,3717,1,1
"z[152,3]",1,0,1,1,1,1,1,NA,1,0,1
"z[153,3]",0.852888888888889,0.35425600967688,0,1,1,1,1,1.00034571243338,4500,1,1
"z[154,3]",0.884666666666667,0.319459284219888,0,1,1,1,1,1.00141973959263,2789,1,1
"z[155,3]",1,0,1,1,1,1,1,NA,1,0,1
"z[156,3]",0.0415555555555556,0.199593447150984,0,0,0,0,1,1.00413037000768,2792,1,1
"z[157,3]",0.0726666666666667,0.259617411331994,0,0,0,0,1,1.00142122126373,4213,1,1
"z[158,3]",0.0206666666666667,0.142281601882585,0,0,0,0,0,1.01313344346108,1799,1,1
"z[159,3]",0.102,0.302681943946003,0,0,0,0,1,1.00157423829302,2850,1,1
"z[160,3]",0.101555555555556,0.302096516371218,0,0,0,0,1,1.00109335269649,3842,1,1
"z[161,3]",1,0,1,1,1,1,1,NA,1,0,1
"z[162,3]",1,0,1,1,1,1,1,NA,1,0,1
"z[163,3]",1,0,1,1,1,1,1,NA,1,0,1
"z[164,3]",1,0,1,1,1,1,1,NA,1,0,1
"z[165,3]",1,0,1,1,1,1,1,NA,1,0,1
"z[166,3]",1,0,1,1,1,1,1,NA,1,0,1
"z[167,3]",0.697777777777778,0.459272058951726,0,0,1,1,1,0.999906979570557,4500,1,1
"z[168,3]",0.776666666666667,0.416526241432852,0,1,1,1,1,1.00092288208294,2292,1,1
"z[169,3]",0.878,0.327322178971133,0,1,1,1,1,1.00371042402148,1152,1,1
"z[170,3]",0.187111111111111,0.390044037056583,0,0,0,0,1,1.00156746541434,1734,1,1
"z[171,3]",0.828222222222222,0.377229102086146,0,1,1,1,1,1.00166643607321,1762,1,1
"z[172,3]",0.860666666666667,0.346332514022216,0,1,1,1,1,1.00035255438294,4500,1,1
"z[173,3]",0.841777777777778,0.364989800567479,0,1,1,1,1,1.00104534610513,2731,1,1
"z[174,3]",0.778666666666667,0.415190554162588,0,1,1,1,1,0.999833546682056,4500,1,1
"z[175,3]",1,0,1,1,1,1,1,NA,1,0,1
"z[176,3]",0.329333333333333,0.470023385229729,0,0,0,1,1,0.999963930958512,4500,1,1
"z[177,3]",0.096,0.294623980049003,0,0,0,0,1,1.0018108233025,2676,1,1
"z[178,3]",0.502666666666667,0.500048452864589,0,0,1,1,1,1.00245781272911,722,1,1
"z[179,3]",1,0,1,1,1,1,1,NA,1,0,1
"z[180,3]",0.813777777777778,0.389329153792569,0,1,1,1,1,1.00014769386903,4500,1,1
"z[181,3]",0.83,0.375674543355024,0,1,1,1,1,1.00067755159215,3515,1,1
"z[182,3]",0.746888888888889,0.434842380726248,0,0,1,1,1,0.999999374894337,4500,1,1
"z[183,3]",0.780222222222222,0.414142029152664,0,1,1,1,1,0.999783214928043,4500,1,1
"z[184,3]",1,0,1,1,1,1,1,NA,1,0,1
"z[185,3]",0.335111111111111,0.472081750364742,0,0,0,1,1,0.99967009121615,4500,1,1
"z[186,3]",1,0,1,1,1,1,1,NA,1,0,1
"z[187,3]",0.0777777777777778,0.267851336095241,0,0,0,0,1,0.999901732939503,4500,1,1
"z[188,3]",0.667333333333333,0.471220648693901,0,0,1,1,1,1.00005584591541,4500,1,1
"z[189,3]",0.616888888888889,0.486199052506756,0,0,1,1,1,0.999672356562949,4500,1,1
"z[190,3]",0.877777777777778,0.327578687942835,0,1,1,1,1,1.00033890605375,4500,1,1
"z[191,3]",0.0873333333333333,0.282354278616482,0,0,0,0,1,1.00023751681763,4500,1,1
"z[192,3]",1,0,1,1,1,1,1,NA,1,0,1
"z[193,3]",0.0611111111111111,0.239560631963708,0,0,0,0,1,1.00437575601877,1842,1,1
"z[194,3]",0.0393333333333333,0.194408387233923,0,0,0,0,1,1.00261448778078,4476,1,1
"z[195,3]",0.0426666666666667,0.202126943226378,0,0,0,0,1,1.00262699007891,4116,1,1
"z[196,3]",1,0,1,1,1,1,1,NA,1,0,1
"z[197,3]",1,0,1,1,1,1,1,NA,1,0,1
"z[198,3]",1,0,1,1,1,1,1,NA,1,0,1
"z[199,3]",1,0,1,1,1,1,1,NA,1,0,1
"z[200,3]",1,0,1,1,1,1,1,NA,1,0,1
"z[1,4]",1,0,1,1,1,1,1,NA,1,0,1
"z[2,4]",1,0,1,1,1,1,1,NA,1,0,1
"z[3,4]",1,0,1,1,1,1,1,NA,1,0,1
"z[4,4]",1,0,1,1,1,1,1,NA,1,0,1
"z[5,4]",0.811111111111111,0.391463830704758,0,1,1,1,1,1.00117275158499,2172,1,1
"z[6,4]",0.752,0.431899817975513,0,1,1,1,1,0.999864870197024,4500,1,1
"z[7,4]",0.880444444444444,0.324477150893065,0,1,1,1,1,1.00088486412431,3898,1,1
"z[8,4]",1,0,1,1,1,1,1,NA,1,0,1
"z[9,4]",1,0,1,1,1,1,1,NA,1,0,1
"z[10,4]",1,0,1,1,1,1,1,NA,1,0,1
"z[11,4]",1,0,1,1,1,1,1,NA,1,0,1
"z[12,4]",1,0,1,1,1,1,1,NA,1,0,1
"z[13,4]",0.668222222222222,0.470903983688025,0,0,1,1,1,1.00046210453907,2844,1,1
"z[14,4]",0.480444444444444,0.499672956192184,0,0,0,1,1,0.999715740918652,4500,1,1
"z[15,4]",1,0,1,1,1,1,1,NA,1,0,1
"z[16,4]",0.225777777777778,0.418139960301486,0,0,0,0,1,0.999861563490785,4500,1,1
"z[17,4]",1,0,1,1,1,1,1,NA,1,0,1
"z[18,4]",0.0208888888888889,0.143028281223349,0,0,0,0,0,1.01647644091963,1419,1,1
"z[19,4]",1,0,1,1,1,1,1,NA,1,0,1
"z[20,4]",1,0,1,1,1,1,1,NA,1,0,1
"z[21,4]",0.0991111111111111,0.298844349077286,0,0,0,0,1,1.00111724550156,3856,1,1
"z[22,4]",1,0,1,1,1,1,1,NA,1,0,1
"z[23,4]",1,0,1,1,1,1,1,NA,1,0,1
"z[24,4]",1,0,1,1,1,1,1,NA,1,0,1
"z[25,4]",1,0,1,1,1,1,1,NA,1,0,1
"z[26,4]",1,0,1,1,1,1,1,NA,1,0,1
"z[27,4]",1,0,1,1,1,1,1,NA,1,0,1
"z[28,4]",1,0,1,1,1,1,1,NA,1,0,1
"z[29,4]",0.0366666666666667,0.18796295738691,0,0,0,0,1,1.00132692561694,4500,1,1
"z[30,4]",0.00866666666666667,0.0927009450571682,0,0,0,0,0,1.01246236211681,4462,1,1
"z[31,4]",0.237555555555556,0.425632672691991,0,0,0,0,1,1.00046447036547,3471,1,1
"z[32,4]",1,0,1,1,1,1,1,NA,1,0,1
"z[33,4]",1,0,1,1,1,1,1,NA,1,0,1
"z[34,4]",1,0,1,1,1,1,1,NA,1,0,1
"z[35,4]",0.611777777777778,0.487399752951416,0,0,1,1,1,1.00001359320088,4500,1,1
"z[36,4]",0.670444444444444,0.470104033146587,0,0,1,1,1,1.00057508047419,2498,1,1
"z[37,4]",1,0,1,1,1,1,1,NA,1,0,1
"z[38,4]",0.769333333333333,0.4213063016117,0,1,1,1,1,0.999739533542678,4500,1,1
"z[39,4]",1,0,1,1,1,1,1,NA,1,0,1
"z[40,4]",1,0,1,1,1,1,1,NA,1,0,1
"z[41,4]",0.279111111111111,0.448612105960907,0,0,0,1,1,0.999952631648594,4500,1,1
"z[42,4]",1,0,1,1,1,1,1,NA,1,0,1
"z[43,4]",0.122,0.327322178971133,0,0,0,0,1,0.99984746214724,4500,1,1
"z[44,4]",0.149333333333333,0.356456343321839,0,0,0,0,1,1.00481145398759,769,1,1
"z[45,4]",1,0,1,1,1,1,1,NA,1,0,1
"z[46,4]",0.0126666666666667,0.111843649799372,0,0,0,0,0,1.00390244697568,4500,1,1
"z[47,4]",1,0,1,1,1,1,1,NA,1,0,1
"z[48,4]",1,0,1,1,1,1,1,NA,1,0,1
"z[49,4]",0.377111111111111,0.484716960933941,0,0,0,1,1,1.00033265815037,3196,1,1
"z[50,4]",0.224666666666667,0.417409000135464,0,0,0,0,1,1.00075027286947,2649,1,1
"z[51,4]",0.218666666666667,0.413387869931969,0,0,0,0,1,1.00004151528337,4500,1,1
"z[52,4]",0.694444444444444,0.460693523007132,0,0,1,1,1,0.999907595894013,4500,1,1
"z[53,4]",0.694666666666667,0.460599645880547,0,0,1,1,1,0.999776962516281,4500,1,1
"z[54,4]",1,0,1,1,1,1,1,NA,1,0,1
"z[55,4]",1,0,1,1,1,1,1,NA,1,0,1
"z[56,4]",0.0344444444444444,0.182388094475073,0,0,0,0,1,1.01360062065578,1058,1,1
"z[57,4]",0.072,0.258516636409127,0,0,0,0,1,1.00435620373652,1595,1,1
"z[58,4]",1,0,1,1,1,1,1,NA,1,0,1
"z[59,4]",1,0,1,1,1,1,1,NA,1,0,1
"z[60,4]",1,0,1,1,1,1,1,NA,1,0,1
"z[61,4]",0.795111111111111,0.403665260137017,0,1,1,1,1,1.0002144383264,4500,1,1
"z[62,4]",0.830444444444444,0.375283581331809,0,1,1,1,1,1.00004948988588,4500,1,1
"z[63,4]",0.422222222222222,0.493968461120604,0,0,0,1,1,1.00059491354244,2210,1,1
"z[64,4]",0.801777777777778,0.398704776126197,0,1,1,1,1,0.999858262162641,4500,1,1
"z[65,4]",0.694444444444444,0.460693523007132,0,0,1,1,1,0.99999767071888,4500,1,1
"z[66,4]",0.772222222222222,0.419445059820707,0,1,1,1,1,1.00009070159216,4500,1,1
"z[67,4]",0.672888888888889,0.469210353869047,0,0,1,1,1,0.99998479261059,4500,1,1
"z[68,4]",0.668222222222222,0.470903983688025,0,0,1,1,1,1.00002847878175,4500,1,1
"z[69,4]",0.197555555555556,0.398199189045792,0,0,0,0,1,0.999879795258683,4500,1,1
"z[70,4]",0.252,0.434209508544566,0,0,0,1,1,0.99990035000761,4500,1,1
"z[71,4]",0.0104444444444444,0.10167426066326,0,0,0,0,0,1.00334243703936,4500,1,1
"z[72,4]",0.307111111111111,0.461347130241433,0,0,0,1,1,1.00116794529649,1572,1,1
"z[73,4]",0.158222222222222,0.364989800567479,0,0,0,0,1,0.999884802491826,4500,1,1
"z[74,4]",1,0,1,1,1,1,1,NA,1,0,1
"z[75,4]",0.166888888888889,0.372918076298587,0,0,0,0,1,0.999828799202699,4500,1,1
"z[76,4]",0.758,0.428341887533938,0,1,1,1,1,1.00030839018319,4256,1,1
"z[77,4]",0.795111111111111,0.403665260137017,0,1,1,1,1,0.999767966406324,4500,1,1
"z[78,4]",1,0,1,1,1,1,1,NA,1,0,1
"z[79,4]",1,0,1,1,1,1,1,NA,1,0,1
"z[80,4]",0.656,0.475093841995383,0,0,1,1,1,0.99980761492118,4500,1,1
"z[81,4]",0.260888888888889,0.439168232300993,0,0,0,1,1,0.999990512847595,4500,1,1
"z[82,4]",1,0,1,1,1,1,1,NA,1,0,1
"z[83,4]",1,0,1,1,1,1,1,NA,1,0,1
"z[84,4]",1,0,1,1,1,1,1,NA,1,0,1
"z[85,4]",1,0,1,1,1,1,1,NA,1,0,1
"z[86,4]",0.352222222222222,0.477715859346455,0,0,0,1,1,1.00029837023922,3467,1,1
"z[87,4]",1,0,1,1,1,1,1,NA,1,0,1
"z[88,4]",1,0,1,1,1,1,1,NA,1,0,1
"z[89,4]",0.729333333333333,0.444353575457908,0,0,1,1,1,1.00146778175775,1407,1,1
"z[90,4]",0.668,0.470983327210095,0,0,1,1,1,0.999668116636499,4500,1,1
"z[91,4]",0.779111111111111,0.414891841242824,0,1,1,1,1,0.999672445608258,4500,1,1
"z[92,4]",0.818222222222222,0.385704131126018,0,1,1,1,1,0.999754713224788,4500,1,1
"z[93,4]",0.770888888888889,0.420307586552663,0,1,1,1,1,1.0005890878079,3063,1,1
"z[94,4]",0.776,0.416968387460446,0,1,1,1,1,0.999696006516138,4500,1,1
"z[95,4]",1,0,1,1,1,1,1,NA,1,0,1
"z[96,4]",1,0,1,1,1,1,1,NA,1,0,1
"z[97,4]",1,0,1,1,1,1,1,NA,1,0,1
"z[98,4]",0.286888888888889,0.452359511296517,0,0,0,1,1,0.999824825023883,4500,1,1
"z[99,4]",1,0,1,1,1,1,1,NA,1,0,1
"z[100,4]",0.758444444444444,0.428073814585456,0,1,1,1,1,1.0001821936153,4500,1,1
"z[101,4]",0.242,0.428341887533938,0,0,0,0,1,1.00002508849767,4500,1,1
"z[102,4]",1,0,1,1,1,1,1,NA,1,0,1
"z[103,4]",1,0,1,1,1,1,1,NA,1,0,1
"z[104,4]",1,0,1,1,1,1,1,NA,1,0,1
"z[105,4]",0.494444444444444,0.500024696236309,0,0,0,1,1,1.00132274931323,1213,1,1
"z[106,4]",0.0197777777777778,0.139251306560123,0,0,0,0,0,1.00130604590166,4500,1,1
"z[107,4]",1,0,1,1,1,1,1,NA,1,0,1
"z[108,4]",1,0,1,1,1,1,1,NA,1,0,1
"z[109,4]",1,0,1,1,1,1,1,NA,1,0,1
"z[110,4]",0.200444444444444,0.400377436705509,0,0,0,0,1,0.999754052736072,4500,1,1
"z[111,4]",0.0237777777777778,0.152373076750087,0,0,0,0,0,1.00680456775745,2995,1,1
"z[112,4]",0.0368888888888889,0.188509935158217,0,0,0,0,1,0.999686168252864,4500,1,1
"z[113,4]",0.121555555555556,0.326808103614916,0,0,0,0,1,1.00020040388012,4500,1,1
"z[114,4]",1,0,1,1,1,1,1,NA,1,0,1
"z[115,4]",1,0,1,1,1,1,1,NA,1,0,1
"z[116,4]",1,0,1,1,1,1,1,NA,1,0,1
"z[117,4]",1,0,1,1,1,1,1,NA,1,0,1
"z[118,4]",1,0,1,1,1,1,1,NA,1,0,1
"z[119,4]",1,0,1,1,1,1,1,NA,1,0,1
"z[120,4]",1,0,1,1,1,1,1,NA,1,0,1
"z[121,4]",1,0,1,1,1,1,1,NA,1,0,1
"z[122,4]",1,0,1,1,1,1,1,NA,1,0,1
"z[123,4]",0.634888888888889,0.481514809038625,0,0,1,1,1,0.999966035193063,4500,1,1
"z[124,4]",0.136,0.342826658537455,0,0,0,0,1,1.00134243563963,2535,1,1
"z[125,4]",1,0,1,1,1,1,1,NA,1,0,1
"z[126,4]",1,0,1,1,1,1,1,NA,1,0,1
"z[127,4]",0.649555555555556,0.477162165502882,0,0,1,1,1,1.00105440215838,1586,1,1
"z[128,4]",0.647777777777778,0.477715859346455,0,0,1,1,1,0.999684156296051,4500,1,1
"z[129,4]",0.598888888888889,0.490177908479588,0,0,1,1,1,0.999805611387038,4500,1,1
"z[130,4]",0.688888888888889,0.462999595168907,0,0,1,1,1,1.00003220828359,4500,1,1
"z[131,4]",0.828,0.377422382794731,0,1,1,1,1,1.0030147299376,1045,1,1
"z[132,4]",0.831111111111111,0.374695384746298,0,1,1,1,1,1.0002908998317,4500,1,1
"z[133,4]",0.756,0.429540453404983,0,1,1,1,1,0.999987118689266,4500,1,1
"z[134,4]",1,0,1,1,1,1,1,NA,1,0,1
"z[135,4]",0.200888888888889,0.40070965179,0,0,0,0,1,1.00151709771884,1691,1,1
"z[136,4]",0.388888888888889,0.487552196998034,0,0,0,1,1,0.99985726560589,4500,1,1
"z[137,4]",1,0,1,1,1,1,1,NA,1,0,1
"z[138,4]",0.00333333333333333,0.0576451269226114,0,0,0,0,0,1.00631011246591,4500,1,1
"z[139,4]",0.00777777777777778,0.0878578356425394,0,0,0,0,0,1.01108601973314,4500,1,1
"z[140,4]",0.0573333333333333,0.232504269129342,0,0,0,0,1,1.00211578106343,3762,1,1
"z[141,4]",0.0144444444444444,0.119327141438796,0,0,0,0,0,1.00881049390446,3794,1,1
"z[142,4]",0.758666666666667,0.427939542005023,0,1,1,1,1,0.999761636049415,4500,1,1
"z[143,4]",0.786222222222222,0.410017314533042,0,1,1,1,1,0.999893155670314,4500,1,1
"z[144,4]",0.754666666666667,0.430332477675716,0,1,1,1,1,1.00033044664057,4072,1,1
"z[145,4]",1,0,1,1,1,1,1,NA,1,0,1
"z[146,4]",1,0,1,1,1,1,1,NA,1,0,1
"z[147,4]",1,0,1,1,1,1,1,NA,1,0,1
"z[148,4]",1,0,1,1,1,1,1,NA,1,0,1
"z[149,4]",0.882,0.322643972732636,0,1,1,1,1,0.999796598937042,4500,1,1
"z[150,4]",0.412666666666667,0.492368522046806,0,0,0,1,1,1.001344170404,1237,1,1
"z[151,4]",0.187333333333333,0.390222236792799,0,0,0,0,1,1.00169859255192,1624,1,1
"z[152,4]",1,0,1,1,1,1,1,NA,1,0,1
"z[153,4]",1,0,1,1,1,1,1,NA,1,0,1
"z[154,4]",0.314444444444444,0.464345830930596,0,0,0,1,1,1.00111651199548,1599,1,1
"z[155,4]",0.0355555555555556,0.185199838067563,0,0,0,0,1,1.00025371372654,4500,1,1
"z[156,4]",0.0117777777777778,0.107896472423584,0,0,0,0,0,1.01586854998645,2591,1,1
"z[157,4]",0.062,0.241182350987992,0,0,0,0,1,1.00288865773452,2653,1,1
"z[158,4]",0.00266666666666667,0.0515766100016907,0,0,0,0,0,1.11341842976364,1382,1,1
"z[159,4]",0.004,0.0631259497363628,0,0,0,0,0,1.05543924613477,2070,1,1
"z[160,4]",0.0166666666666667,0.128033322512951,0,0,0,0,0,1.00159033233649,4500,1,1
"z[161,4]",0.0404444444444444,0.197021109093834,0,0,0,0,1,1.00339861921236,3433,1,1
"z[162,4]",1,0,1,1,1,1,1,NA,1,0,1
"z[163,4]",1,0,1,1,1,1,1,NA,1,0,1
"z[164,4]",1,0,1,1,1,1,1,NA,1,0,1
"z[165,4]",0.244,0.429540453404983,0,0,0,0,1,0.999803849685359,4500,1,1
"z[166,4]",0.425777777777778,0.49451532347518,0,0,0,1,1,1.0013538534955,1218,1,1
"z[167,4]",0.426444444444444,0.49461494676986,0,0,0,1,1,1.00003482449782,4500,1,1
"z[168,4]",1,0,1,1,1,1,1,NA,1,0,1
"z[169,4]",1,0,1,1,1,1,1,NA,1,0,1
"z[170,4]",1,0,1,1,1,1,1,NA,1,0,1
"z[171,4]",0.721777777777778,0.448173239577547,0,0,1,1,1,1.00095478555322,1931,1,1
"z[172,4]",0.799777777777778,0.400211040620324,0,1,1,1,1,0.999997125481181,4500,1,1
"z[173,4]",0.827555555555556,0.377808255362111,0,1,1,1,1,1.00072191623394,3319,1,1
"z[174,4]",0.242222222222222,0.428475688197424,0,0,0,0,1,1.00102050728055,2018,1,1
"z[175,4]",0.0511111111111111,0.220248825947067,0,0,0,0,1,1.00287010182811,3200,1,1
"z[176,4]",1,0,1,1,1,1,1,NA,1,0,1
"z[177,4]",0.006,0.0772355205065475,0,0,0,0,0,1.01394634622296,4500,1,1
"z[178,4]",0.564,0.495942191671005,0,0,1,1,1,1.00133514371347,1222,1,1
"z[179,4]",0.737777777777778,0.439891724684666,0,0,1,1,1,0.999774042391406,4500,1,1
"z[180,4]",0.748222222222222,0.434082482018484,0,0,1,1,1,0.999821817089831,4500,1,1
"z[181,4]",0.739111111111111,0.439168232300993,0,0,1,1,1,1.00016488635269,4500,1,1
"z[182,4]",0.668222222222222,0.470903983688025,0,0,1,1,1,0.999679169111984,4500,1,1
"z[183,4]",0.680666666666667,0.466270166765153,0,0,1,1,1,0.999798235096889,4500,1,1
"z[184,4]",1,0,1,1,1,1,1,NA,1,0,1
"z[185,4]",0.448,0.497343912078482,0,0,0,1,1,0.999907730835843,4500,1,1
"z[186,4]",1,0,1,1,1,1,1,NA,1,0,1
"z[187,4]",0.192888888888889,0.3946104019054,0,0,0,0,1,1.00077079431515,2909,1,1
"z[188,4]",0.615333333333333,0.486570481552837,0,0,1,1,1,0.999969255341014,4500,1,1
"z[189,4]",0.0466666666666667,0.210947333488984,0,0,0,0,1,1.00179546165209,4500,1,1
"z[190,4]",1,0,1,1,1,1,1,NA,1,0,1
"z[191,4]",0.557111111111111,0.496782813624796,0,0,1,1,1,1.00083825056882,1735,1,1
"z[192,4]",1,0,1,1,1,1,1,NA,1,0,1
"z[193,4]",0.00955555555555555,0.0972951722699289,0,0,0,0,0,1.0032294590615,4500,1,1
"z[194,4]",0.00977777777777778,0.0984089676386699,0,0,0,0,0,1.00307431864487,4500,1,1
"z[195,4]",0.00933333333333333,0.0961679644942985,0,0,0,0,0,1.02067590247432,2497,1,1
"z[196,4]",1,0,1,1,1,1,1,NA,1,0,1
"z[197,4]",0.397111111111111,0.489353748787543,0,0,0,1,1,1.00010924772376,4500,1,1
"z[198,4]",1,0,1,1,1,1,1,NA,1,0,1
"z[199,4]",0.538,0.498609312933248,0,0,1,1,1,0.999675001789839,4500,1,1
"z[200,4]",1,0,1,1,1,1,1,NA,1,0,1
"z[1,5]",1,0,1,1,1,1,1,NA,1,0,1
"z[2,5]",1,0,1,1,1,1,1,NA,1,0,1
"z[3,5]",1,0,1,1,1,1,1,NA,1,0,1
"z[4,5]",1,0,1,1,1,1,1,NA,1,0,1
"z[5,5]",0.905111111111111,0.293093973751269,0,1,1,1,1,1.00187149413122,2632,1,1
"z[6,5]",0.825555555555556,0.379533385063961,0,1,1,1,1,1.00038637680035,4500,1,1
"z[7,5]",0.912666666666667,0.282354278616482,0,1,1,1,1,1.00033104242547,4500,1,1
"z[8,5]",1,0,1,1,1,1,1,NA,1,0,1
"z[9,5]",1,0,1,1,1,1,1,NA,1,0,1
"z[10,5]",1,0,1,1,1,1,1,NA,1,0,1
"z[11,5]",1,0,1,1,1,1,1,NA,1,0,1
"z[12,5]",1,0,1,1,1,1,1,NA,1,0,1
"z[13,5]",0.564666666666667,0.495855685291292,0,0,1,1,1,0.999995160655924,4500,1,1
"z[14,5]",1,0,1,1,1,1,1,NA,1,0,1
"z[15,5]",1,0,1,1,1,1,1,NA,1,0,1
"z[16,5]",1,0,1,1,1,1,1,NA,1,0,1
"z[17,5]",1,0,1,1,1,1,1,NA,1,0,1
"z[18,5]",0.146444444444444,0.353590515635706,0,0,0,0,1,1.00042788744128,4500,1,1
"z[19,5]",1,0,1,1,1,1,1,NA,1,0,1
"z[20,5]",1,0,1,1,1,1,1,NA,1,0,1
"z[21,5]",1,0,1,1,1,1,1,NA,1,0,1
"z[22,5]",1,0,1,1,1,1,1,NA,1,0,1
"z[23,5]",1,0,1,1,1,1,1,NA,1,0,1
"z[24,5]",1,0,1,1,1,1,1,NA,1,0,1
"z[25,5]",1,0,1,1,1,1,1,NA,1,0,1
"z[26,5]",1,0,1,1,1,1,1,NA,1,0,1
"z[27,5]",0.478222222222222,0.499581015333774,0,0,0,1,1,0.999852618711695,4500,1,1
"z[28,5]",1,0,1,1,1,1,1,NA,1,0,1
"z[29,5]",0.0537777777777778,0.225603720820688,0,0,0,0,1,0.999676142269508,4500,1,1
"z[30,5]",0.102666666666667,0.303556748016748,0,0,0,0,1,1.00061520645116,4500,1,1
"z[31,5]",1,0,1,1,1,1,1,NA,1,0,1
"z[32,5]",0.759555555555556,0.427400874178475,0,1,1,1,1,1.00001843958983,4500,1,1
"z[33,5]",1,0,1,1,1,1,1,NA,1,0,1
"z[34,5]",1,0,1,1,1,1,1,NA,1,0,1
"z[35,5]",1,0,1,1,1,1,1,NA,1,0,1
"z[36,5]",1,0,1,1,1,1,1,NA,1,0,1
"z[37,5]",1,0,1,1,1,1,1,NA,1,0,1
"z[38,5]",1,0,1,1,1,1,1,NA,1,0,1
"z[39,5]",1,0,1,1,1,1,1,NA,1,0,1
"z[40,5]",1,0,1,1,1,1,1,NA,1,0,1
"z[41,5]",1,0,1,1,1,1,1,NA,1,0,1
"z[42,5]",1,0,1,1,1,1,1,NA,1,0,1
"z[43,5]",1,0,1,1,1,1,1,NA,1,0,1
"z[44,5]",0.133333333333333,0.339972411050686,0,0,0,0,1,1.00010409883933,4500,1,1
"z[45,5]",0.0451111111111111,0.207570887552932,0,0,0,0,1,1.00175371556107,4500,1,1
"z[46,5]",0.00333333333333333,0.0576451269226114,0,0,0,0,0,1.00631011246591,4500,1,1
"z[47,5]",0.762666666666667,0.425495540244226,0,1,1,1,1,1.0005099561609,3285,1,1
"z[48,5]",0.840888888888889,0.365820316837122,0,1,1,1,1,0.999667989819015,4500,1,1
"z[49,5]",0.687555555555556,0.463541435706004,0,0,1,1,1,1.00030090107691,3678,1,1
"z[50,5]",0.648222222222222,0.477578116620203,0,0,1,1,1,1.00033913211807,3260,1,1
"z[51,5]",0.612444444444444,0.487246348852538,0,0,1,1,1,1.00064010565346,2165,1,1
"z[52,5]",0.813555555555556,0.389508187829929,0,1,1,1,1,0.99998965834928,4500,1,1
"z[53,5]",0.782888888888889,0.412324698400923,0,1,1,1,1,1.00071266512142,2811,1,1
"z[54,5]",1,0,1,1,1,1,1,NA,1,0,1
"z[55,5]",0.133111111111111,0.339732529641953,0,0,0,0,1,1.00064948968827,4418,1,1
"z[56,5]",0.034,0.181249276657738,0,0,0,0,1,1.0084502350481,1720,1,1
"z[57,5]",0.102,0.302681943946003,0,0,0,0,1,1.00404607908197,1240,1,1
"z[58,5]",0.479333333333333,0.499628223640529,0,0,0,1,1,0.999710600161773,4500,1,1
"z[59,5]",0.908666666666667,0.288114564405752,0,1,1,1,1,1.00084006103189,4500,1,1
"z[60,5]",0.945777777777778,0.226480841156445,0,1,1,1,1,0.999675997957099,4500,1,1
"z[61,5]",0.867777777777778,0.338769847401279,0,1,1,1,1,1.00066537071996,4368,1,1
"z[62,5]",0.898,0.302681943946003,0,1,1,1,1,1.00139495280694,3155,1,1
"z[63,5]",0.358444444444444,0.479596850200442,0,0,0,1,1,1.00027187220908,3591,1,1
"z[64,5]",0.883555555555556,0.320792774619157,0,1,1,1,1,1.00039494755075,4500,1,1
"z[65,5]",0.823555555555556,0.381240214508231,0,1,1,1,1,0.999857351187116,4500,1,1
"z[66,5]",0.878444444444444,0.326808103614916,0,1,1,1,1,1.00034968825583,4500,1,1
"z[67,5]",0.804,0.397012627570361,0,1,1,1,1,1.00001594558321,4500,1,1
"z[68,5]",0.795555555555556,0.403339888149625,0,1,1,1,1,0.999947856870173,4500,1,1
"z[69,5]",1,0,1,1,1,1,1,NA,1,0,1
"z[70,5]",1,0,1,1,1,1,1,NA,1,0,1
"z[71,5]",0.0182222222222222,0.133769014787178,0,0,0,0,0,1.0098002141964,2725,1,1
"z[72,5]",0.451555555555556,0.497702905421648,0,0,0,1,1,1.00102805587983,1488,1,1
"z[73,5]",0.374888888888889,0.484148013121574,0,0,0,1,1,0.99979388339521,4500,1,1
"z[74,5]",0.912888888888889,0.28202914935459,0,1,1,1,1,0.999857677635409,4500,1,1
"z[75,5]",0.526666666666667,0.499343868224145,0,0,1,1,1,0.999925279749154,4500,1,1
"z[76,5]",1,0,1,1,1,1,1,NA,1,0,1
"z[77,5]",1,0,1,1,1,1,1,NA,1,0,1
"z[78,5]",0.597111111111111,0.490533285165418,0,0,1,1,1,1.00002194151159,4500,1,1
"z[79,5]",1,0,1,1,1,1,1,NA,1,0,1
"z[80,5]",0.728666666666667,0.444697089289433,0,0,1,1,1,0.999740456386352,4500,1,1
"z[81,5]",0.281333333333333,0.449699709640618,0,0,0,1,1,1.00027869936047,4051,1,1
"z[82,5]",1,0,1,1,1,1,1,NA,1,0,1
"z[83,5]",0.447333333333333,0.497273741106578,0,0,0,1,1,1.00018472851681,3909,1,1
"z[84,5]",1,0,1,1,1,1,1,NA,1,0,1
"z[85,5]",1,0,1,1,1,1,1,NA,1,0,1
"z[86,5]",1,0,1,1,1,1,1,NA,1,0,1
"z[87,5]",1,0,1,1,1,1,1,NA,1,0,1
"z[88,5]",1,0,1,1,1,1,1,NA,1,0,1
"z[89,5]",0.451333333333333,0.497681220282181,0,0,0,1,1,1.00037942519365,2839,1,1
"z[90,5]",0.740888888888889,0.438195405335641,0,0,1,1,1,0.999981292354047,4500,1,1
"z[91,5]",0.853555555555556,0.353590515635706,0,1,1,1,1,0.999981410926798,4500,1,1
"z[92,5]",0.878888888888889,0.326292612819852,0,1,1,1,1,1.00206211829446,1962,1,1
"z[93,5]",0.847333333333333,0.359705863884651,0,1,1,1,1,1.00012199539789,4500,1,1
"z[94,5]",0.865111111111111,0.341642816812701,0,1,1,1,1,0.999831580341073,4500,1,1
"z[95,5]",1,0,1,1,1,1,1,NA,1,0,1
"z[96,5]",1,0,1,1,1,1,1,NA,1,0,1
"z[97,5]",1,0,1,1,1,1,1,NA,1,0,1
"z[98,5]",1,0,1,1,1,1,1,NA,1,0,1
"z[99,5]",0.904444444444444,0.294013436961353,0,1,1,1,1,1.00149792766962,3149,1,1
"z[100,5]",1,0,1,1,1,1,1,NA,1,0,1
"z[101,5]",1,0,1,1,1,1,1,NA,1,0,1
"z[102,5]",0.748,0.434209508544566,0,0,1,1,1,0.9998979246033,4500,1,1
"z[103,5]",0.807555555555556,0.394264027506243,0,1,1,1,1,1.00164582008992,1624,1,1
"z[104,5]",1,0,1,1,1,1,1,NA,1,0,1
"z[105,5]",0.620444444444444,0.485330278513819,0,0,1,1,1,1.00080475050693,1873,1,1
"z[106,5]",0.129111111111111,0.335360141694826,0,0,0,0,1,0.999815028993227,4500,1,1
"z[107,5]",0.794888888888889,0.403827664350618,0,1,1,1,1,1.0008291537972,2644,1,1
"z[108,5]",1,0,1,1,1,1,1,NA,1,0,1
"z[109,5]",1,0,1,1,1,1,1,NA,1,0,1
"z[110,5]",0.199777777777778,0.399877670163395,0,0,0,0,1,0.999960102755607,4500,1,1
"z[111,5]",0.034,0.181249276657738,0,0,0,0,1,1.00486116890084,2918,1,1
"z[112,5]",0.114888888888889,0.318923242760949,0,0,0,0,1,1.0012256703477,3159,1,1
"z[113,5]",1,0,1,1,1,1,1,NA,1,0,1
"z[114,5]",1,0,1,1,1,1,1,NA,1,0,1
"z[115,5]",0.112,0.31540150006909,0,0,0,0,1,0.999943892067886,4500,1,1
"z[116,5]",1,0,1,1,1,1,1,NA,1,0,1
"z[117,5]",1,0,1,1,1,1,1,NA,1,0,1
"z[118,5]",0.639555555555556,0.480182763029296,0,0,1,1,1,0.999979157720243,4500,1,1
"z[119,5]",1,0,1,1,1,1,1,NA,1,0,1
"z[120,5]",1,0,1,1,1,1,1,NA,1,0,1
"z[121,5]",1,0,1,1,1,1,1,NA,1,0,1
"z[122,5]",0.350666666666667,0.477231774616603,0,0,0,1,1,1.00117710297645,1461,1,1
"z[123,5]",1,0,1,1,1,1,1,NA,1,0,1
"z[124,5]",1,0,1,1,1,1,1,NA,1,0,1
"z[125,5]",1,0,1,1,1,1,1,NA,1,0,1
"z[126,5]",1,0,1,1,1,1,1,NA,1,0,1
"z[127,5]",0.806222222222222,0.395300740773805,0,1,1,1,1,0.999916298796108,4500,1,1
"z[128,5]",0.775333333333333,0.417409000135464,0,1,1,1,1,1.00001812799136,4500,1,1
"z[129,5]",0.583555555555556,0.493023818130153,0,0,1,1,1,0.999678314739634,4500,1,1
"z[130,5]",0.807111111111111,0.3946104019054,0,1,1,1,1,1.00089409321178,2619,1,1
"z[131,5]",0.916,0.277418641167487,0,1,1,1,1,1.0008769660035,4500,1,1
"z[132,5]",0.901333333333333,0.298247082996824,0,1,1,1,1,1.00221766762202,2200,1,1
"z[133,5]",0.853555555555556,0.353590515635706,0,1,1,1,1,1.00185234127464,1826,1,1
"z[134,5]",1,0,1,1,1,1,1,NA,1,0,1
"z[135,5]",1,0,1,1,1,1,1,NA,1,0,1
"z[136,5]",0.771333333333333,0.420020744838499,0,1,1,1,1,1.0008106267451,2476,1,1
"z[137,5]",1,0,1,1,1,1,1,NA,1,0,1
"z[138,5]",0.0275555555555556,0.163713783655141,0,0,0,0,1,1.00062757774851,4500,1,1
"z[139,5]",0.044,0.205117892035902,0,0,0,0,1,1.00079378513473,4500,1,1
"z[140,5]",1,0,1,1,1,1,1,NA,1,0,1
"z[141,5]",0.0408888888888889,0.198054801702807,0,0,0,0,1,1.00395439082647,2964,1,1
"z[142,5]",0.859333333333333,0.347716010056626,0,1,1,1,1,1.00250256117697,1461,1,1
"z[143,5]",0.870888888888889,0.335360141694826,0,1,1,1,1,0.999926451958571,4500,1,1
"z[144,5]",0.845777777777778,0.361201773251085,0,1,1,1,1,1.00123106371575,2458,1,1
"z[145,5]",1,0,1,1,1,1,1,NA,1,0,1
"z[146,5]",1,0,1,1,1,1,1,NA,1,0,1
"z[147,5]",1,0,1,1,1,1,1,NA,1,0,1
"z[148,5]",1,0,1,1,1,1,1,NA,1,0,1
"z[149,5]",1,0,1,1,1,1,1,NA,1,0,1
"z[150,5]",1,0,1,1,1,1,1,NA,1,0,1
"z[151,5]",0.144,0.351128748592969,0,0,0,0,1,1.00179888420979,1909,1,1
"z[152,5]",1,0,1,1,1,1,1,NA,1,0,1
"z[153,5]",1,0,1,1,1,1,1,NA,1,0,1
"z[154,5]",1,0,1,1,1,1,1,NA,1,0,1
"z[155,5]",0.00755555555555556,0.0866033246050876,0,0,0,0,0,1.00791045137367,4500,1,1
"z[156,5]",0.00777777777777778,0.0878578356425394,0,0,0,0,0,1.00008075315855,4500,1,1
"z[157,5]",1,0,1,1,1,1,1,NA,1,0,1
"z[158,5]",0.00733333333333333,0.0853297931213479,0,0,0,0,0,1.00930722190751,4500,1,1
"z[159,5]",0.00355555555555556,0.0595289935189017,0,0,0,0,0,1.05061772453475,2563,1,1
"z[160,5]",0.0393333333333333,0.194408387233923,0,0,0,0,1,1.00168675303719,4500,1,1
"z[161,5]",1,0,1,1,1,1,1,NA,1,0,1
"z[162,5]",1,0,1,1,1,1,1,NA,1,0,1
"z[163,5]",0.916888888888889,0.276080771207218,0,1,1,1,1,1.00019412850999,4500,1,1
"z[164,5]",1,0,1,1,1,1,1,NA,1,0,1
"z[165,5]",0.492,0.499991553607254,0,0,0,1,1,1.00027322524703,3303,1,1
"z[166,5]",1,0,1,1,1,1,1,NA,1,0,1
"z[167,5]",1,0,1,1,1,1,1,NA,1,0,1
"z[168,5]",0.574222222222222,0.49451532347518,0,0,1,1,1,0.999758727026414,4500,1,1
"z[169,5]",1,0,1,1,1,1,1,NA,1,0,1
"z[170,5]",0.953333333333333,0.210947333488984,0,1,1,1,1,1.0003762250586,4500,1,1
"z[171,5]",0.724888888888889,0.44661987659371,0,0,1,1,1,0.999855256096623,4500,1,1
"z[172,5]",0.889111111111111,0.314029389601949,0,1,1,1,1,0.999859515347278,4500,1,1
"z[173,5]",0.903333333333333,0.295536176252013,0,1,1,1,1,1.00095479026248,4433,1,1
"z[174,5]",1,0,1,1,1,1,1,NA,1,0,1
"z[175,5]",0.0415555555555556,0.199593447150984,0,0,0,0,1,1.0010805797977,4500,1,1
"z[176,5]",1,0,1,1,1,1,1,NA,1,0,1
"z[177,5]",0.00244444444444444,0.0493863456663645,0,0,0,0,0,1.04969069831983,3799,1,1
"z[178,5]",0.639777777777778,0.480118108426531,0,0,1,1,1,1.00128540905606,1345,1,1
"z[179,5]",0.749333333333333,0.433445081652364,0,0,1,1,1,1.00073829578985,2482,1,1
"z[180,5]",0.869333333333333,0.337072896216618,0,1,1,1,1,1.00046305970682,4500,1,1
"z[181,5]",0.865333333333333,0.341405121831401,0,1,1,1,1,1.00359790302858,1087,1,1
"z[182,5]",0.797555555555556,0.401866370186409,0,1,1,1,1,1.00140235188822,1793,1,1
"z[183,5]",0.825111111111111,0.379914253274278,0,1,1,1,1,1.00198555554959,1490,1,1
"z[184,5]",0.173333333333333,0.378577254918682,0,0,0,0,1,1.00023316533047,4500,1,1
"z[185,5]",0.771555555555556,0.419877074039644,0,1,1,1,1,1.0008122494099,2473,1,1
"z[186,5]",0.681111111111111,0.466097674905879,0,0,1,1,1,0.999693827641631,4500,1,1
"z[187,5]",1,0,1,1,1,1,1,NA,1,0,1
"z[188,5]",0.698222222222222,0.45908036879609,0,0,1,1,1,1.00024409403563,4120,1,1
"z[189,5]",0.0937777777777778,0.291551703123276,0,0,0,0,1,1.00103581835476,4303,1,1
"z[190,5]",1,0,1,1,1,1,1,NA,1,0,1
"z[191,5]",1,0,1,1,1,1,1,NA,1,0,1
"z[192,5]",0.828,0.377422382794731,0,1,1,1,1,0.999699469727091,4500,1,1
"z[193,5]",0.0731111111111111,0.260347727038461,0,0,0,0,1,1.00099179864952,4500,1,1
"z[194,5]",0.00311111111111111,0.0556966916350484,0,0,0,0,0,1.00222267416305,4500,1,1
"z[195,5]",0.086,0.28039520580441,0,0,0,0,1,1.0012075722724,4114,1,1
"z[196,5]",1,0,1,1,1,1,1,NA,1,0,1
"z[197,5]",0.676222222222222,0.467968368392469,0,0,1,1,1,1.00002283231136,4500,1,1
"z[198,5]",0.0782222222222222,0.268550801033379,0,0,0,0,1,1.00471979908943,1363,1,1
"z[199,5]",1,0,1,1,1,1,1,NA,1,0,1
"z[200,5]",1,0,1,1,1,1,1,NA,1,0,1
"z[1,6]",1,0,1,1,1,1,1,NA,1,0,1
"z[2,6]",1,0,1,1,1,1,1,NA,1,0,1
"z[3,6]",1,0,1,1,1,1,1,NA,1,0,1
"z[4,6]",1,0,1,1,1,1,1,NA,1,0,1
"z[5,6]",0.948222222222222,0.221602690281563,0,1,1,1,1,1.00187982254907,4500,1,1
"z[6,6]",0.839111111111111,0.367469266471889,0,1,1,1,1,1.00007414478914,4500,1,1
"z[7,6]",1,0,1,1,1,1,1,NA,1,0,1
"z[8,6]",1,0,1,1,1,1,1,NA,1,0,1
"z[9,6]",1,0,1,1,1,1,1,NA,1,0,1
"z[10,6]",1,0,1,1,1,1,1,NA,1,0,1
"z[11,6]",1,0,1,1,1,1,1,NA,1,0,1
"z[12,6]",1,0,1,1,1,1,1,NA,1,0,1
"z[13,6]",1,0,1,1,1,1,1,NA,1,0,1
"z[14,6]",0.833777777777778,0.372321366855748,0,1,1,1,1,0.99999909549854,4500,1,1
"z[15,6]",1,0,1,1,1,1,1,NA,1,0,1
"z[16,6]",0.960222222222222,0.195458425118277,0,1,1,1,1,1.00019042952636,4500,1,1
"z[17,6]",0.614,0.486884667310502,0,0,1,1,1,1.00041994318475,2803,1,1
"z[18,6]",0.220888888888889,0.414891841242824,0,0,0,0,1,1.00096454372745,2234,1,1
"z[19,6]",0.973777777777778,0.159813306406557,0,1,1,1,1,1.0021924972053,4500,1,1
"z[20,6]",1,0,1,1,1,1,1,NA,1,0,1
"z[21,6]",0.881555555555556,0.323169563225013,0,1,1,1,1,1.00107072181548,3417,1,1
"z[22,6]",1,0,1,1,1,1,1,NA,1,0,1
"z[23,6]",1,0,1,1,1,1,1,NA,1,0,1
"z[24,6]",1,0,1,1,1,1,1,NA,1,0,1
"z[25,6]",1,0,1,1,1,1,1,NA,1,0,1
"z[26,6]",1,0,1,1,1,1,1,NA,1,0,1
"z[27,6]",1,0,1,1,1,1,1,NA,1,0,1
"z[28,6]",0.77,0.420879275212238,0,1,1,1,1,1.00006502574701,4500,1,1
"z[29,6]",0.0808888888888889,0.272694703874728,0,0,0,0,1,1.00529575765776,1189,1,1
"z[30,6]",0.11,0.312924528267118,0,0,0,0,1,1.00142498374502,2899,1,1
"z[31,6]",1,0,1,1,1,1,1,NA,1,0,1
"z[32,6]",1,0,1,1,1,1,1,NA,1,0,1
"z[33,6]",1,0,1,1,1,1,1,NA,1,0,1
"z[34,6]",1,0,1,1,1,1,1,NA,1,0,1
"z[35,6]",1,0,1,1,1,1,1,NA,1,0,1
"z[36,6]",1,0,1,1,1,1,1,NA,1,0,1
"z[37,6]",1,0,1,1,1,1,1,NA,1,0,1
"z[38,6]",1,0,1,1,1,1,1,NA,1,0,1
"z[39,6]",1,0,1,1,1,1,1,NA,1,0,1
"z[40,6]",1,0,1,1,1,1,1,NA,1,0,1
"z[41,6]",0.469333333333333,0.499114129659167,0,0,0,1,1,1.00011125578751,4500,1,1
"z[42,6]",1,0,1,1,1,1,1,NA,1,0,1
"z[43,6]",1,0,1,1,1,1,1,NA,1,0,1
"z[44,6]",1,0,1,1,1,1,1,NA,1,0,1
"z[45,6]",0.0106666666666667,0.102738670891514,0,0,0,0,0,1.00756383570263,4500,1,1
"z[46,6]",0.0402222222222222,0.196501846614733,0,0,0,0,1,1.00186722673223,4500,1,1
"z[47,6]",0.733555555555556,0.442148443237228,0,0,1,1,1,1.00013684507952,4500,1,1
"z[48,6]",0.850222222222222,0.356893121404989,0,1,1,1,1,1.00160657916729,2017,1,1
"z[49,6]",0.816,0.387527254202204,0,1,1,1,1,1.00055942277686,3741,1,1
"z[50,6]",0.869333333333333,0.337072896216618,0,1,1,1,1,1.0001193358714,4500,1,1
"z[51,6]",0.843777777777778,0.363106236035812,0,1,1,1,1,1.00103440967141,2779,1,1
"z[52,6]",0.878,0.327322178971133,0,1,1,1,1,0.999724693861003,4500,1,1
"z[53,6]",0.838222222222222,0.368287753936293,0,1,1,1,1,1.00132094601177,2237,1,1
"z[54,6]",1,0,1,1,1,1,1,NA,1,0,1
"z[55,6]",1,0,1,1,1,1,1,NA,1,0,1
"z[56,6]",1,0,1,1,1,1,1,NA,1,0,1
"z[57,6]",0.720444444444444,0.448830717933826,0,0,1,1,1,1.00058321623865,2718,1,1
"z[58,6]",1,0,1,1,1,1,1,NA,1,0,1
"z[59,6]",1,0,1,1,1,1,1,NA,1,0,1
"z[60,6]",1,0,1,1,1,1,1,NA,1,0,1
"z[61,6]",1,0,1,1,1,1,1,NA,1,0,1
"z[62,6]",1,0,1,1,1,1,1,NA,1,0,1
"z[63,6]",0.256666666666667,0.436842415343932,0,0,0,1,1,1.00010785134116,4500,1,1
"z[64,6]",1,0,1,1,1,1,1,NA,1,0,1
"z[65,6]",1,0,1,1,1,1,1,NA,1,0,1
"z[66,6]",1,0,1,1,1,1,1,NA,1,0,1
"z[67,6]",1,0,1,1,1,1,1,NA,1,0,1
"z[68,6]",1,0,1,1,1,1,1,NA,1,0,1
"z[69,6]",1,0,1,1,1,1,1,NA,1,0,1
"z[70,6]",0.916888888888889,0.276080771207218,0,1,1,1,1,1.00226278694762,2518,1,1
"z[71,6]",0.103777777777778,0.305005940343398,0,0,0,0,1,1.00070505881974,4500,1,1
"z[72,6]",1,0,1,1,1,1,1,NA,1,0,1
"z[73,6]",0.289111111111111,0.453399999020624,0,0,0,1,1,1.00094864630856,1901,1,1
"z[74,6]",1,0,1,1,1,1,1,NA,1,0,1
"z[75,6]",0.815555555555556,0.387889322484193,0,1,1,1,1,1.00059978115157,3572,1,1
"z[76,6]",1,0,1,1,1,1,1,NA,1,0,1
"z[77,6]",1,0,1,1,1,1,1,NA,1,0,1
"z[78,6]",1,0,1,1,1,1,1,NA,1,0,1
"z[79,6]",1,0,1,1,1,1,1,NA,1,0,1
"z[80,6]",0.837111111111111,0.36930530304322,0,1,1,1,1,1.00048668392116,4462,1,1
"z[81,6]",0.468222222222222,0.499044603505108,0,0,0,1,1,1.00085926919297,1688,1,1
"z[82,6]",1,0,1,1,1,1,1,NA,1,0,1
"z[83,6]",1,0,1,1,1,1,1,NA,1,0,1
"z[84,6]",0.961333333333333,0.192820688042738,0,1,1,1,1,1.00650818409555,1946,1,1
"z[85,6]",0.984,0.125489041132367,1,1,1,1,1,1.00588307621006,4500,0,1
"z[86,6]",1,0,1,1,1,1,1,NA,1,0,1
"z[87,6]",1,0,1,1,1,1,1,NA,1,0,1
"z[88,6]",0.962222222222222,0.190679566273877,0,1,1,1,1,1.00091746059336,4500,1,1
"z[89,6]",0.740888888888889,0.438195405335641,0,0,1,1,1,1.00034169234066,3854,1,1
"z[90,6]",0.848,0.359060788616921,0,1,1,1,1,0.999938860634819,4500,1,1
"z[91,6]",1,0,1,1,1,1,1,NA,1,0,1
"z[92,6]",1,0,1,1,1,1,1,NA,1,0,1
"z[93,6]",1,0,1,1,1,1,1,NA,1,0,1
"z[94,6]",1,0,1,1,1,1,1,NA,1,0,1
"z[95,6]",1,0,1,1,1,1,1,NA,1,0,1
"z[96,6]",1,0,1,1,1,1,1,NA,1,0,1
"z[97,6]",1,0,1,1,1,1,1,NA,1,0,1
"z[98,6]",1,0,1,1,1,1,1,NA,1,0,1
"z[99,6]",1,0,1,1,1,1,1,NA,1,0,1
"z[100,6]",0.338666666666667,0.473308924567378,0,0,0,1,1,1.00081405921426,1947,1,1
"z[101,6]",1,0,1,1,1,1,1,NA,1,0,1
"z[102,6]",0.852444444444444,0.354698282420007,0,1,1,1,1,0.999771066749098,4500,1,1
"z[103,6]",0.848444444444444,0.35862940517766,0,1,1,1,1,1.00217788235488,1544,1,1
"z[104,6]",1,0,1,1,1,1,1,NA,1,0,1
"z[105,6]",0.782666666666667,0.412477107072181,0,1,1,1,1,1.0014718539531,1634,1,1
"z[106,6]",0.168,0.373907833880739,0,0,0,0,1,0.999784158473531,4500,1,1
"z[107,6]",1,0,1,1,1,1,1,NA,1,0,1
"z[108,6]",1,0,1,1,1,1,1,NA,1,0,1
"z[109,6]",1,0,1,1,1,1,1,NA,1,0,1
"z[110,6]",1,0,1,1,1,1,1,NA,1,0,1
"z[111,6]",0.0584444444444444,0.234608019202615,0,0,0,0,1,1.00167448819279,4500,1,1
"z[112,6]",1,0,1,1,1,1,1,NA,1,0,1
"z[113,6]",0.222444444444444,0.415934319726735,0,0,0,0,1,1.00116008357006,1939,1,1
"z[114,6]",1,0,1,1,1,1,1,NA,1,0,1
"z[115,6]",1,0,1,1,1,1,1,NA,1,0,1
"z[116,6]",1,0,1,1,1,1,1,NA,1,0,1
"z[117,6]",1,0,1,1,1,1,1,NA,1,0,1
"z[118,6]",1,0,1,1,1,1,1,NA,1,0,1
"z[119,6]",1,0,1,1,1,1,1,NA,1,0,1
"z[120,6]",1,0,1,1,1,1,1,NA,1,0,1
"z[121,6]",1,0,1,1,1,1,1,NA,1,0,1
"z[122,6]",1,0,1,1,1,1,1,NA,1,0,1
"z[123,6]",1,0,1,1,1,1,1,NA,1,0,1
"z[124,6]",0.561333333333333,0.496279108959641,0,0,1,1,1,0.999821710561325,4500,1,1
"z[125,6]",0.970888888888889,0.168136660277006,0,1,1,1,1,1.01962780791547,867,1,1
"z[126,6]",1,0,1,1,1,1,1,NA,1,0,1
"z[127,6]",1,0,1,1,1,1,1,NA,1,0,1
"z[128,6]",1,0,1,1,1,1,1,NA,1,0,1
"z[129,6]",0.264222222222222,0.440967176865896,0,0,0,1,1,0.999686864147659,4500,1,1
"z[130,6]",1,0,1,1,1,1,1,NA,1,0,1
"z[131,6]",0.950444444444444,0.217049006950826,0,1,1,1,1,0.999878010459385,4500,1,1
"z[132,6]",0.950222222222222,0.217509687264132,0,1,1,1,1,1.00179196993871,4500,1,1
"z[133,6]",0.91,0.286213563699108,0,1,1,1,1,1.00033864686557,4500,1,1
"z[134,6]",1,0,1,1,1,1,1,NA,1,0,1
"z[135,6]",1,0,1,1,1,1,1,NA,1,0,1
"z[136,6]",1,0,1,1,1,1,1,NA,1,0,1
"z[137,6]",1,0,1,1,1,1,1,NA,1,0,1
"z[138,6]",1,0,1,1,1,1,1,NA,1,0,1
"z[139,6]",1,0,1,1,1,1,1,NA,1,0,1
"z[140,6]",0.541333333333333,0.498344001389429,0,0,1,1,1,1.0000788521882,4500,1,1
"z[141,6]",1,0,1,1,1,1,1,NA,1,0,1
"z[142,6]",0.916888888888889,0.276080771207218,0,1,1,1,1,1.00329504844081,1810,1,1
"z[143,6]",0.920666666666667,0.270288346355507,0,1,1,1,1,1.00242002003317,2478,1,1
"z[144,6]",0.876888888888889,0.32860121836697,0,1,1,1,1,1.00012606650874,4500,1,1
"z[145,6]",1,0,1,1,1,1,1,NA,1,0,1
"z[146,6]",1,0,1,1,1,1,1,NA,1,0,1
"z[147,6]",1,0,1,1,1,1,1,NA,1,0,1
"z[148,6]",1,0,1,1,1,1,1,NA,1,0,1
"z[149,6]",1,0,1,1,1,1,1,NA,1,0,1
"z[150,6]",0.863555555555556,0.343298045001655,0,1,1,1,1,1.00092343886882,3366,1,1
"z[151,6]",1,0,1,1,1,1,1,NA,1,0,1
"z[152,6]",1,0,1,1,1,1,1,NA,1,0,1
"z[153,6]",1,0,1,1,1,1,1,NA,1,0,1
"z[154,6]",0.532888888888889,0.498972592899741,0,0,1,1,1,1.00001616093593,4500,1,1
"z[155,6]",0.0753333333333333,0.26395777175116,0,0,0,0,1,0.999986832203741,4500,1,1
"z[156,6]",0.0315555555555556,0.174833049066281,0,0,0,0,1,1.0014319796459,4500,1,1
"z[157,6]",1,0,1,1,1,1,1,NA,1,0,1
"z[158,6]",0.00711111111111111,0.0840363764582043,0,0,0,0,0,1.00749490045356,4500,1,1
"z[159,6]",0.00311111111111111,0.0556966916350484,0,0,0,0,0,1.04516835562949,3306,1,1
"z[160,6]",0.0422222222222222,0.201118111385383,0,0,0,0,1,1.00176226628764,4500,1,1
"z[161,6]",0.829777777777778,0.375869674751524,0,1,1,1,1,1.00008328880758,4500,1,1
"z[162,6]",1,0,1,1,1,1,1,NA,1,0,1
"z[163,6]",1,0,1,1,1,1,1,NA,1,0,1
"z[164,6]",1,0,1,1,1,1,1,NA,1,0,1
"z[165,6]",1,0,1,1,1,1,1,NA,1,0,1
"z[166,6]",1,0,1,1,1,1,1,NA,1,0,1
"z[167,6]",1,0,1,1,1,1,1,NA,1,0,1
"z[168,6]",0.193333333333333,0.394955972291722,0,0,0,0,1,0.999825057083152,4500,1,1
"z[169,6]",1,0,1,1,1,1,1,NA,1,0,1
"z[170,6]",1,0,1,1,1,1,1,NA,1,0,1
"z[171,6]",0.359111111111111,0.479793160509196,0,0,0,1,1,0.999836306284011,4500,1,1
"z[172,6]",1,0,1,1,1,1,1,NA,1,0,1
"z[173,6]",1,0,1,1,1,1,1,NA,1,0,1
"z[174,6]",1,0,1,1,1,1,1,NA,1,0,1
"z[175,6]",1,0,1,1,1,1,1,NA,1,0,1
"z[176,6]",0.970222222222222,0.169992598048771,0,1,1,1,1,0.999873516978612,4500,1,1
"z[177,6]",0.0137777777777778,0.116580319235386,0,0,0,0,0,1.00299579306652,4500,1,1
"z[178,6]",0.744888888888889,0.435972098015125,0,0,1,1,1,1.00102420521977,1944,1,1
"z[179,6]",0.799555555555556,0.400377436705509,0,1,1,1,1,0.999817661070266,4500,1,1
"z[180,6]",1,0,1,1,1,1,1,NA,1,0,1
"z[181,6]",1,0,1,1,1,1,1,NA,1,0,1
"z[182,6]",1,0,1,1,1,1,1,NA,1,0,1
"z[183,6]",1,0,1,1,1,1,1,NA,1,0,1
"z[184,6]",1,0,1,1,1,1,1,NA,1,0,1
"z[185,6]",1,0,1,1,1,1,1,NA,1,0,1
"z[186,6]",0.409777777777778,0.491847241752287,0,0,0,1,1,0.999836755811905,4500,1,1
"z[187,6]",0.902666666666667,0.296444065956704,0,1,1,1,1,1.00042518812583,4500,1,1
"z[188,6]",0.822222222222222,0.382368055124134,0,1,1,1,1,0.99975443511182,4500,1,1
"z[189,6]",1,0,1,1,1,1,1,NA,1,0,1
"z[190,6]",1,0,1,1,1,1,1,NA,1,0,1
"z[191,6]",0.249777777777778,0.432932432056475,0,0,0,0,1,1.0000972417008,4500,1,1
"z[192,6]",0.781333333333333,0.413387869931969,0,1,1,1,1,1.0001937279196,4500,1,1
"z[193,6]",1,0,1,1,1,1,1,NA,1,0,1
"z[194,6]",0.00533333333333333,0.0728427622699364,0,0,0,0,0,1.02256197716652,3980,1,1
"z[195,6]",1,0,1,1,1,1,1,NA,1,0,1
"z[196,6]",1,0,1,1,1,1,1,NA,1,0,1
"z[197,6]",1,0,1,1,1,1,1,NA,1,0,1
"z[198,6]",0.0308888888888889,0.173035889574341,0,0,0,0,1,1.00306323392973,4500,1,1
"z[199,6]",1,0,1,1,1,1,1,NA,1,0,1
"z[200,6]",1,0,1,1,1,1,1,NA,1,0,1
"z[1,7]",1,0,1,1,1,1,1,NA,1,0,1
"z[2,7]",1,0,1,1,1,1,1,NA,1,0,1
"z[3,7]",1,0,1,1,1,1,1,NA,1,0,1
"z[4,7]",1,0,1,1,1,1,1,NA,1,0,1
"z[5,7]",1,0,1,1,1,1,1,NA,1,0,1
"z[6,7]",0.0402222222222222,0.196501846614733,0,0,0,0,1,1.00077389868559,4500,1,1
"z[7,7]",0.965333333333333,0.182954440186126,0,1,1,1,1,1.00309471843383,4345,1,1
"z[8,7]",0.932,0.251773880070849,0,1,1,1,1,1.00633076587402,1176,1,1
"z[9,7]",0.951111111111111,0.215659687442576,0,1,1,1,1,1.0026200848454,3637,1,1
"z[10,7]",0.946222222222222,0.225603720820688,0,1,1,1,1,1.00036124434122,4500,1,1
"z[11,7]",1,0,1,1,1,1,1,NA,1,0,1
"z[12,7]",1,0,1,1,1,1,1,NA,1,0,1
"z[13,7]",1,0,1,1,1,1,1,NA,1,0,1
"z[14,7]",1,0,1,1,1,1,1,NA,1,0,1
"z[15,7]",0.335111111111111,0.472081750364742,0,0,0,1,1,0.999762598873678,4500,1,1
"z[16,7]",0.914222222222222,0.280066744092239,0,1,1,1,1,0.999935696568684,4500,1,1
"z[17,7]",0.713333333333333,0.452254730173891,0,0,1,1,1,1.00015022837132,4500,1,1
"z[18,7]",0.148222222222222,0.355359616987625,0,0,0,0,1,1.00028146280028,4500,1,1
"z[19,7]",1,0,1,1,1,1,1,NA,1,0,1
"z[20,7]",0.899333333333333,0.300920274791174,0,1,1,1,1,1.00027233618904,4500,1,1
"z[21,7]",0.816,0.387527254202204,0,1,1,1,1,1.00062528869146,3472,1,1
"z[22,7]",0.886888888888889,0.316763768877172,0,1,1,1,1,1.00116678055195,3315,1,1
"z[23,7]",1,0,1,1,1,1,1,NA,1,0,1
"z[24,7]",1,0,1,1,1,1,1,NA,1,0,1
"z[25,7]",0.899111111111111,0.301215011772787,0,1,1,1,1,1.00179739482587,2592,1,1
"z[26,7]",0.87,0.336340807693268,0,1,1,1,1,0.999689766578618,4500,1,1
"z[27,7]",0.882666666666667,0.321852826698461,0,1,1,1,1,1.00224104725497,1880,1,1
"z[28,7]",1,0,1,1,1,1,1,NA,1,0,1
"z[29,7]",0.145555555555556,0.352699276340701,0,0,0,0,1,1.00016691502904,4500,1,1
"z[30,7]",1,0,1,1,1,1,1,NA,1,0,1
"z[31,7]",1,0,1,1,1,1,1,NA,1,0,1
"z[32,7]",1,0,1,1,1,1,1,NA,1,0,1
"z[33,7]",1,0,1,1,1,1,1,NA,1,0,1
"z[34,7]",1,0,1,1,1,1,1,NA,1,0,1
"z[35,7]",1,0,1,1,1,1,1,NA,1,0,1
"z[36,7]",1,0,1,1,1,1,1,NA,1,0,1
"z[37,7]",0.940444444444444,0.236687854568751,0,1,1,1,1,1.00202872093469,3769,1,1
"z[38,7]",1,0,1,1,1,1,1,NA,1,0,1
"z[39,7]",1,0,1,1,1,1,1,NA,1,0,1
"z[40,7]",1,0,1,1,1,1,1,NA,1,0,1
"z[41,7]",0.587777777777778,0.492289464688504,0,0,1,1,1,1.00014643878955,4301,1,1
"z[42,7]",0.810888888888889,0.391640375465991,0,1,1,1,1,1.00025229436624,4500,1,1
"z[43,7]",1,0,1,1,1,1,1,NA,1,0,1
"z[44,7]",0.355777777777778,0.478801519693364,0,0,0,1,1,0.999729128811717,4500,1,1
"z[45,7]",0.0246666666666667,0.155124368434336,0,0,0,0,0,1.00512580077514,3778,1,1
"z[46,7]",1,0,1,1,1,1,1,NA,1,0,1
"z[47,7]",0.629777777777778,0.482917749456484,0,0,1,1,1,0.999852454520346,4500,1,1
"z[48,7]",0.849333333333333,0.357763421105649,0,1,1,1,1,1.00010579952097,4500,1,1
"z[49,7]",0.768444444444444,0.4218733586284,0,1,1,1,1,0.999906321790164,4500,1,1
"z[50,7]",1,0,1,1,1,1,1,NA,1,0,1
"z[51,7]",1,0,1,1,1,1,1,NA,1,0,1
"z[52,7]",0.835333333333333,0.370920651032105,0,1,1,1,1,1.00004580145784,4500,1,1
"z[53,7]",0.564666666666667,0.495855685291292,0,0,1,1,1,0.999910646318839,4500,1,1
"z[54,7]",0.891333333333333,0.31125512213583,0,1,1,1,1,0.999792893656083,4500,1,1
"z[55,7]",0.793111111111111,0.405120165106772,0,1,1,1,1,1.00099480506918,2302,1,1
"z[56,7]",0.088,0.283326381812225,0,0,0,0,1,0.999747120256165,4500,1,1
"z[57,7]",1,0,1,1,1,1,1,NA,1,0,1
"z[58,7]",0.890222222222222,0.31264730789996,0,1,1,1,1,1.00030436585898,4500,1,1
"z[59,7]",1,0,1,1,1,1,1,NA,1,0,1
"z[60,7]",0.286666666666667,0.452254730173891,0,0,0,1,1,1.00043244707987,3189,1,1
"z[61,7]",1,0,1,1,1,1,1,NA,1,0,1
"z[62,7]",1,0,1,1,1,1,1,NA,1,0,1
"z[63,7]",1,0,1,1,1,1,1,NA,1,0,1
"z[64,7]",1,0,1,1,1,1,1,NA,1,0,1
"z[65,7]",0.842666666666667,0.364155219964792,0,1,1,1,1,0.999847843363073,4500,1,1
"z[66,7]",0.904666666666667,0.293707437222326,0,1,1,1,1,1.00042416004494,4500,1,1
"z[67,7]",0.871333333333333,0.334867846727887,0,1,1,1,1,1.00316696996015,1279,1,1
"z[68,7]",0.731111111111111,0.443431336484672,0,0,1,1,1,1.00040601422065,3436,1,1
"z[69,7]",1,0,1,1,1,1,1,NA,1,0,1
"z[70,7]",1,0,1,1,1,1,1,NA,1,0,1
"z[71,7]",1,0,1,1,1,1,1,NA,1,0,1
"z[72,7]",1,0,1,1,1,1,1,NA,1,0,1
"z[73,7]",1,0,1,1,1,1,1,NA,1,0,1
"z[74,7]",1,0,1,1,1,1,1,NA,1,0,1
"z[75,7]",1,0,1,1,1,1,1,NA,1,0,1
"z[76,7]",0.922888888888889,0.266797311851382,0,1,1,1,1,1.00048959618185,4500,1,1
"z[77,7]",1,0,1,1,1,1,1,NA,1,0,1
"z[78,7]",0.958222222222222,0.200103206188376,0,1,1,1,1,1.00041994793017,4500,1,1
"z[79,7]",1,0,1,1,1,1,1,NA,1,0,1
"z[80,7]",0.911333333333333,0.28429359739909,0,1,1,1,1,0.999848042975449,4500,1,1
"z[81,7]",0.269111111111111,0.443547110984994,0,0,0,1,1,0.999929874626496,4500,1,1
"z[82,7]",0.186666666666667,0.38968701286146,0,0,0,0,1,1.00017128707675,4500,1,1
"z[83,7]",0.821333333333333,0.383115525804514,0,1,1,1,1,1.00014523230205,4500,1,1
"z[84,7]",0.954222222222222,0.209026032222424,0,1,1,1,1,1.00006717543837,4500,1,1
"z[85,7]",1,0,1,1,1,1,1,NA,1,0,1
"z[86,7]",1,0,1,1,1,1,1,NA,1,0,1
"z[87,7]",1,0,1,1,1,1,1,NA,1,0,1
"z[88,7]",1,0,1,1,1,1,1,NA,1,0,1
"z[89,7]",1,0,1,1,1,1,1,NA,1,0,1
"z[90,7]",0.916222222222222,0.277085046671742,0,1,1,1,1,0.999922064225585,4500,1,1
"z[91,7]",1,0,1,1,1,1,1,NA,1,0,1
"z[92,7]",1,0,1,1,1,1,1,NA,1,0,1
"z[93,7]",1,0,1,1,1,1,1,NA,1,0,1
"z[94,7]",1,0,1,1,1,1,1,NA,1,0,1
"z[95,7]",1,0,1,1,1,1,1,NA,1,0,1
"z[96,7]",1,0,1,1,1,1,1,NA,1,0,1
"z[97,7]",1,0,1,1,1,1,1,NA,1,0,1
"z[98,7]",0.126666666666667,0.332636153179885,0,0,0,0,1,1.00068897662251,4419,1,1
"z[99,7]",1,0,1,1,1,1,1,NA,1,0,1
"z[100,7]",1,0,1,1,1,1,1,NA,1,0,1
"z[101,7]",1,0,1,1,1,1,1,NA,1,0,1
"z[102,7]",0.728888888888889,0.44458272527145,0,0,1,1,1,0.999712731133894,4500,1,1
"z[103,7]",0.764,0.424669373114469,0,1,1,1,1,0.999693957865944,4500,1,1
"z[104,7]",1,0,1,1,1,1,1,NA,1,0,1
"z[105,7]",0.881777777777778,0.322906951398641,0,1,1,1,1,0.999811838347062,4500,1,1
"z[106,7]",0.0111111111111111,0.104833661410201,0,0,0,0,0,1.00109459702762,4500,1,1
"z[107,7]",1,0,1,1,1,1,1,NA,1,0,1
"z[108,7]",1,0,1,1,1,1,1,NA,1,0,1
"z[109,7]",1,0,1,1,1,1,1,NA,1,0,1
"z[110,7]",0.551777777777778,0.497367101581811,0,0,1,1,1,1.0003093250519,3149,1,1
"z[111,7]",0.349555555555556,0.476882591680911,0,0,0,1,1,0.999931992868571,4500,1,1
"z[112,7]",0.546888888888889,0.497851896976906,0,0,1,1,1,1.00041549522476,2697,1,1
"z[113,7]",0.364666666666667,0.48139005584196,0,0,0,1,1,0.999891682484785,4500,1,1
"z[114,7]",1,0,1,1,1,1,1,NA,1,0,1
"z[115,7]",1,0,1,1,1,1,1,NA,1,0,1
"z[116,7]",1,0,1,1,1,1,1,NA,1,0,1
"z[117,7]",1,0,1,1,1,1,1,NA,1,0,1
"z[118,7]",0.196222222222222,0.397182726461142,0,0,0,0,1,0.999792654451811,4500,1,1
"z[119,7]",1,0,1,1,1,1,1,NA,1,0,1
"z[120,7]",0.899333333333333,0.300920274791174,0,1,1,1,1,1.00091969770654,4397,1,1
"z[121,7]",1,0,1,1,1,1,1,NA,1,0,1
"z[122,7]",0.842666666666667,0.364155219964792,0,1,1,1,1,1.00005900149057,4500,1,1
"z[123,7]",0.795777777777778,0.403176919921029,0,1,1,1,1,1.00105118717562,2229,1,1
"z[124,7]",0.790444444444444,0.407036659542908,0,1,1,1,1,1.00075102656186,2787,1,1
"z[125,7]",1,0,1,1,1,1,1,NA,1,0,1
"z[126,7]",0.455111111111111,0.498036251369566,0,0,0,1,1,0.999758532836669,4500,1,1
"z[127,7]",0.63,0.48285796204854,0,0,1,1,1,0.99971567705747,4500,1,1
"z[128,7]",0.852444444444444,0.354698282420007,0,1,1,1,1,1.0000521898141,4500,1,1
"z[129,7]",0.778444444444444,0.415339651674082,0,1,1,1,1,1.00027564877017,4500,1,1
"z[130,7]",0.549555555555556,0.497593477623403,0,0,1,1,1,1.00044253800107,2606,1,1
"z[131,7]",1,0,1,1,1,1,1,NA,1,0,1
"z[132,7]",1,0,1,1,1,1,1,NA,1,0,1
"z[133,7]",1,0,1,1,1,1,1,NA,1,0,1
"z[134,7]",0.875333333333333,0.330377275632388,0,1,1,1,1,1.00002119418665,4500,1,1
"z[135,7]",0.889777777777778,0.313201345555729,0,1,1,1,1,0.999984416530777,4500,1,1
"z[136,7]",0.846888888888889,0.360134586374701,0,1,1,1,1,0.9996944993854,4500,1,1
"z[137,7]",0.884444444444444,0.319726736204165,0,1,1,1,1,1.00127123940168,3049,1,1
"z[138,7]",1,0,1,1,1,1,1,NA,1,0,1
"z[139,7]",0.938888888888889,0.239560631963708,0,1,1,1,1,1.00059671420093,4500,1,1
"z[140,7]",1,0,1,1,1,1,1,NA,1,0,1
"z[141,7]",1,0,1,1,1,1,1,NA,1,0,1
"z[142,7]",0.889777777777778,0.313201345555729,0,1,1,1,1,1.0030692853525,1498,1,1
"z[143,7]",0.894666666666667,0.307016560960735,0,1,1,1,1,0.999674949161276,4500,1,1
"z[144,7]",0.662444444444444,0.472928646865263,0,0,1,1,1,0.999752981327175,4500,1,1
"z[145,7]",1,0,1,1,1,1,1,NA,1,0,1
"z[146,7]",1,0,1,1,1,1,1,NA,1,0,1
"z[147,7]",1,0,1,1,1,1,1,NA,1,0,1
"z[148,7]",0.363111111111111,0.480949929775415,0,0,0,1,1,0.999786225953266,4500,1,1
"z[149,7]",1,0,1,1,1,1,1,NA,1,0,1
"z[150,7]",1,0,1,1,1,1,1,NA,1,0,1
"z[151,7]",0.894,0.307871829415116,0,1,1,1,1,1.00026869311895,4500,1,1
"z[152,7]",0.970888888888889,0.168136660277006,0,1,1,1,1,1.00154662423638,4500,1,1
"z[153,7]",1,0,1,1,1,1,1,NA,1,0,1
"z[154,7]",0.844888888888889,0.362050802214222,0,1,1,1,1,1.00310063863487,1106,1,1
"z[155,7]",0.638888888888889,0.480376057688429,0,0,1,1,1,1.00014865911543,4498,1,1
"z[156,7]",0.012,0.108897361089598,0,0,0,0,0,1.00593816083002,4500,1,1
"z[157,7]",0.424,0.494245165948161,0,0,0,1,1,0.999804471897659,4500,1,1
"z[158,7]",0.00222222222222222,0.0470932775447189,0,0,0,0,0,1.14617340750571,1215,1,1
"z[159,7]",0.00111111111111111,0.033318511930496,0,0,0,0,0,1.18898008348926,1730,1,1
"z[160,7]",0.0277777777777778,0.164353812079863,0,0,0,0,1,1.00051238360775,4500,1,1
"z[161,7]",0.781777777777778,0.413084983718457,0,1,1,1,1,1.00042264749601,3887,1,1
"z[162,7]",1,0,1,1,1,1,1,NA,1,0,1
"z[163,7]",1,0,1,1,1,1,1,NA,1,0,1
"z[164,7]",1,0,1,1,1,1,1,NA,1,0,1
"z[165,7]",1,0,1,1,1,1,1,NA,1,0,1
"z[166,7]",1,0,1,1,1,1,1,NA,1,0,1
"z[167,7]",0.0115555555555556,0.106885749673393,0,0,0,0,0,1.00660030084828,4500,1,1
"z[168,7]",0.456666666666667,0.498174038614519,0,0,0,1,1,0.999740005953699,4500,1,1
"z[169,7]",0.898444444444444,0.302096516371218,0,1,1,1,1,0.999794002256748,4500,1,1
"z[170,7]",1,0,1,1,1,1,1,NA,1,0,1
"z[171,7]",1,0,1,1,1,1,1,NA,1,0,1
"z[172,7]",0.908666666666667,0.288114564405752,0,1,1,1,1,1.00177659974898,2859,1,1
"z[173,7]",0.949555555555556,0.218884556868758,0,1,1,1,1,1.00594667808598,1648,1,1
"z[174,7]",0.423555555555556,0.494176603975863,0,0,0,1,1,1.00012599706627,4463,1,1
"z[175,7]",1,0,1,1,1,1,1,NA,1,0,1
"z[176,7]",1,0,1,1,1,1,1,NA,1,0,1
"z[177,7]",0.0371111111111111,0.189055069145718,0,0,0,0,1,1.00026502201675,4500,1,1
"z[178,7]",0.757777777777778,0.428475688197424,0,1,1,1,1,1.0002646271599,4500,1,1
"z[179,7]",0.766222222222222,0.423279509260919,0,1,1,1,1,1.00003645546163,4500,1,1
"z[180,7]",0.904,0.294623980049003,0,1,1,1,1,1.00055910780544,4500,1,1
"z[181,7]",0.878444444444444,0.326808103614916,0,1,1,1,1,1.00257733479995,1602,1,1
"z[182,7]",0.847555555555556,0.35949110480899,0,1,1,1,1,0.999765742092635,4500,1,1
"z[183,7]",0.888222222222222,0.315127869408896,0,1,1,1,1,0.999977429238546,4500,1,1
"z[184,7]",1,0,1,1,1,1,1,NA,1,0,1
"z[185,7]",1,0,1,1,1,1,1,NA,1,0,1
"z[186,7]",1,0,1,1,1,1,1,NA,1,0,1
"z[187,7]",0.796444444444444,0.402686883553545,0,1,1,1,1,1.00024701694634,4500,1,1
"z[188,7]",0.869777777777778,0.336585160875883,0,1,1,1,1,1.00029275573751,4500,1,1
"z[189,7]",1,0,1,1,1,1,1,NA,1,0,1
"z[190,7]",1,0,1,1,1,1,1,NA,1,0,1
"z[191,7]",1,0,1,1,1,1,1,NA,1,0,1
"z[192,7]",0.694,0.460880898377707,0,0,1,1,1,1.00039011772996,3251,1,1
"z[193,7]",0.0815555555555556,0.273716817169827,0,0,0,0,1,1.0016318690659,3387,1,1
"z[194,7]",0.000666666666666667,0.0258141493083176,0,0,0,0,0,1.13377982835195,4498,1,1
"z[195,7]",0.00911111111111111,0.0950268670194558,0,0,0,0,0,1.00892419825012,4500,1,1
"z[196,7]",1,0,1,1,1,1,1,NA,1,0,1
"z[197,7]",0.900444444444444,0.299439764034771,0,1,1,1,1,1.00110256453679,3872,1,1
"z[198,7]",0.172222222222222,0.377615433769331,0,0,0,0,1,1.00079425580612,3102,1,1
"z[199,7]",1,0,1,1,1,1,1,NA,1,0,1
"z[200,7]",1,0,1,1,1,1,1,NA,1,0,1
"z[1,8]",1,0,1,1,1,1,1,NA,1,0,1
"z[2,8]",1,0,1,1,1,1,1,NA,1,0,1
"z[3,8]",1,0,1,1,1,1,1,NA,1,0,1
"z[4,8]",1,0,1,1,1,1,1,NA,1,0,1
"z[5,8]",0.952222222222222,0.213319417750194,0,1,1,1,1,1.00217128456643,4367,1,1
"z[6,8]",0.836888888888889,0.369508075588303,0,1,1,1,1,1.00196018627539,1597,1,1
"z[7,8]",1,0,1,1,1,1,1,NA,1,0,1
"z[8,8]",1,0,1,1,1,1,1,NA,1,0,1
"z[9,8]",1,0,1,1,1,1,1,NA,1,0,1
"z[10,8]",1,0,1,1,1,1,1,NA,1,0,1
"z[11,8]",0.970888888888889,0.168136660277006,0,1,1,1,1,1.003748807631,4304,1,1
"z[12,8]",1,0,1,1,1,1,1,NA,1,0,1
"z[13,8]",1,0,1,1,1,1,1,NA,1,0,1
"z[14,8]",1,0,1,1,1,1,1,NA,1,0,1
"z[15,8]",1,0,1,1,1,1,1,NA,1,0,1
"z[16,8]",0.941777777777778,0.234189202882591,0,1,1,1,1,1.00178547289467,4288,1,1
"z[17,8]",0.792666666666667,0.405441428226822,0,1,1,1,1,1.00006941423085,4500,1,1
"z[18,8]",0.0628888888888889,0.242789983053629,0,0,0,0,1,1.00054599425067,4500,1,1
"z[19,8]",0.336444444444444,0.47254544997478,0,0,0,1,1,1.00017883081989,4377,1,1
"z[20,8]",0.883333333333333,0.321058346535981,0,1,1,1,1,1.00075584884096,4460,1,1
"z[21,8]",0.890888888888889,0.311813217568572,0,1,1,1,1,1.00234569572379,1918,1,1
"z[22,8]",0.931777777777778,0.252154872981642,0,1,1,1,1,1.00264176973336,2644,1,1
"z[23,8]",0.931111111111111,0.253293243280298,0,1,1,1,1,1.0100881334392,745,1,1
"z[24,8]",1,0,1,1,1,1,1,NA,1,0,1
"z[25,8]",0.877333333333333,0.328090652606978,0,1,1,1,1,1.00185701752182,2119,1,1
"z[26,8]",0.866222222222222,0.340451231560198,0,1,1,1,1,1.00127316956051,2677,1,1
"z[27,8]",0.866,0.340690171985335,0,1,1,1,1,1.00059801539313,4500,1,1
"z[28,8]",1,0,1,1,1,1,1,NA,1,0,1
"z[29,8]",0.754666666666667,0.430332477675716,0,1,1,1,1,1.00087893914572,2237,1,1
"z[30,8]",0.954444444444444,0.208542349028494,0,1,1,1,1,1.00163536805182,4500,1,1
"z[31,8]",0.941333333333333,0.235025879030759,0,1,1,1,1,1.0010479277705,4500,1,1
"z[32,8]",0.948444444444444,0.221152546426871,0,1,1,1,1,0.99973888361807,4500,1,1
"z[33,8]",1,0,1,1,1,1,1,NA,1,0,1
"z[34,8]",1,0,1,1,1,1,1,NA,1,0,1
"z[35,8]",1,0,1,1,1,1,1,NA,1,0,1
"z[36,8]",1,0,1,1,1,1,1,NA,1,0,1
"z[37,8]",1,0,1,1,1,1,1,NA,1,0,1
"z[38,8]",1,0,1,1,1,1,1,NA,1,0,1
"z[39,8]",0.962666666666667,0.189598375253176,0,1,1,1,1,1.00086811879942,4500,1,1
"z[40,8]",1,0,1,1,1,1,1,NA,1,0,1
"z[41,8]",0.319333333333333,0.466270166765153,0,0,0,1,1,0.999869059712551,4500,1,1
"z[42,8]",0.854666666666667,0.352475764072828,0,1,1,1,1,0.999724241378643,4500,1,1
"z[43,8]",0.846,0.360988861926802,0,1,1,1,1,1.00017768703394,4500,1,1
"z[44,8]",0.55,0.497549004847702,0,0,1,1,1,1.00020907739233,3730,1,1
"z[45,8]",0.398444444444444,0.4896322544876,0,0,0,1,1,1.00039596912002,2868,1,1
"z[46,8]",0.948666666666667,0.220701260655139,0,1,1,1,1,1.00194193775303,4500,1,1
"z[47,8]",0.660222222222222,0.473686290111743,0,0,1,1,1,0.999687708979242,4500,1,1
"z[48,8]",1,0,1,1,1,1,1,NA,1,0,1
"z[49,8]",0.817333333333333,0.386435946321023,0,1,1,1,1,1.0004854332303,4081,1,1
"z[50,8]",1,0,1,1,1,1,1,NA,1,0,1
"z[51,8]",0.948888888888889,0.220248825947067,0,1,1,1,1,1.00371370882117,2532,1,1
"z[52,8]",1,0,1,1,1,1,1,NA,1,0,1
"z[53,8]",0.127555555555556,0.333631340448453,0,0,0,0,1,1.00176850272795,2133,1,1
"z[54,8]",1,0,1,1,1,1,1,NA,1,0,1
"z[55,8]",0.846222222222222,0.360775688043558,0,1,1,1,1,1.002312120776,1459,1,1
"z[56,8]",1,0,1,1,1,1,1,NA,1,0,1
"z[57,8]",1,0,1,1,1,1,1,NA,1,0,1
"z[58,8]",0.930222222222222,0.254800445248467,0,1,1,1,1,1.00379224614107,1855,1,1
"z[59,8]",1,0,1,1,1,1,1,NA,1,0,1
"z[60,8]",1,0,1,1,1,1,1,NA,1,0,1
"z[61,8]",0.216888888888889,0.412172113536087,0,0,0,0,1,0.999872578976731,4500,1,1
"z[62,8]",1,0,1,1,1,1,1,NA,1,0,1
"z[63,8]",1,0,1,1,1,1,1,NA,1,0,1
"z[64,8]",1,0,1,1,1,1,1,NA,1,0,1
"z[65,8]",1,0,1,1,1,1,1,NA,1,0,1
"z[66,8]",1,0,1,1,1,1,1,NA,1,0,1
"z[67,8]",1,0,1,1,1,1,1,NA,1,0,1
"z[68,8]",0.593333333333333,0.491266242031879,0,0,1,1,1,1.00119522830024,1358,1,1
"z[69,8]",1,0,1,1,1,1,1,NA,1,0,1
"z[70,8]",1,0,1,1,1,1,1,NA,1,0,1
"z[71,8]",1,0,1,1,1,1,1,NA,1,0,1
"z[72,8]",1,0,1,1,1,1,1,NA,1,0,1
"z[73,8]",1,0,1,1,1,1,1,NA,1,0,1
"z[74,8]",1,0,1,1,1,1,1,NA,1,0,1
"z[75,8]",1,0,1,1,1,1,1,NA,1,0,1
"z[76,8]",1,0,1,1,1,1,1,NA,1,0,1
"z[77,8]",1,0,1,1,1,1,1,NA,1,0,1
"z[78,8]",1,0,1,1,1,1,1,NA,1,0,1
"z[79,8]",1,0,1,1,1,1,1,NA,1,0,1
"z[80,8]",1,0,1,1,1,1,1,NA,1,0,1
"z[81,8]",0.828666666666667,0.376841850052645,0,1,1,1,1,0.99971438616575,4500,1,1
"z[82,8]",0.791111111111111,0.406560023037948,0,1,1,1,1,1.00028086521461,4500,1,1
"z[83,8]",0.908222222222222,0.288744081583378,0,1,1,1,1,1.00113202611446,4098,1,1
"z[84,8]",1,0,1,1,1,1,1,NA,1,0,1
"z[85,8]",1,0,1,1,1,1,1,NA,1,0,1
"z[86,8]",1,0,1,1,1,1,1,NA,1,0,1
"z[87,8]",1,0,1,1,1,1,1,NA,1,0,1
"z[88,8]",1,0,1,1,1,1,1,NA,1,0,1
"z[89,8]",0.937333333333333,0.24238938031912,0,1,1,1,1,1.00123191782637,4500,1,1
"z[90,8]",1,0,1,1,1,1,1,NA,1,0,1
"z[91,8]",1,0,1,1,1,1,1,NA,1,0,1
"z[92,8]",0.99,0.0995098009695405,1,1,1,1,1,1.00491306919603,4500,0,1
"z[93,8]",1,0,1,1,1,1,1,NA,1,0,1
"z[94,8]",1,0,1,1,1,1,1,NA,1,0,1
"z[95,8]",0.959333333333333,0.19753875656879,0,1,1,1,1,1.00102533679571,4500,1,1
"z[96,8]",1,0,1,1,1,1,1,NA,1,0,1
"z[97,8]",1,0,1,1,1,1,1,NA,1,0,1
"z[98,8]",1,0,1,1,1,1,1,NA,1,0,1
"z[99,8]",1,0,1,1,1,1,1,NA,1,0,1
"z[100,8]",1,0,1,1,1,1,1,NA,1,0,1
"z[101,8]",1,0,1,1,1,1,1,NA,1,0,1
"z[102,8]",0.853777777777778,0.353368126214765,0,1,1,1,1,1.00087720716117,3314,1,1
"z[103,8]",0.819333333333333,0.384784516645139,0,1,1,1,1,1.00078891183513,3020,1,1
"z[104,8]",1,0,1,1,1,1,1,NA,1,0,1
"z[105,8]",1,0,1,1,1,1,1,NA,1,0,1
"z[106,8]",0.00288888888888889,0.0536766566849176,0,0,0,0,0,1.01135716364468,4500,1,1
"z[107,8]",1,0,1,1,1,1,1,NA,1,0,1
"z[108,8]",1,0,1,1,1,1,1,NA,1,0,1
"z[109,8]",1,0,1,1,1,1,1,NA,1,0,1
"z[110,8]",0.0757777777777778,0.264671632552429,0,0,0,0,1,1.00078881730516,4500,1,1
"z[111,8]",0.0306666666666667,0.17243210118093,0,0,0,0,1,1.00000167057857,4500,1,1
"z[112,8]",0.153555555555556,0.360562251135657,0,0,0,0,1,0.999773358979848,4500,1,1
"z[113,8]",0.162666666666667,0.369102285280562,0,0,0,0,1,1.00091774887383,2938,1,1
"z[114,8]",1,0,1,1,1,1,1,NA,1,0,1
"z[115,8]",1,0,1,1,1,1,1,NA,1,0,1
"z[116,8]",1,0,1,1,1,1,1,NA,1,0,1
"z[117,8]",0.879555555555556,0.325516707964524,0,1,1,1,1,0.999945859450453,4500,1,1
"z[118,8]",0.393777777777778,0.488640869641331,0,0,0,1,1,0.999756752531438,4500,1,1
"z[119,8]",1,0,1,1,1,1,1,NA,1,0,1
"z[120,8]",0.885777777777778,0.318116322460963,0,1,1,1,1,0.999842786866787,4500,1,1
"z[121,8]",1,0,1,1,1,1,1,NA,1,0,1
"z[122,8]",1,0,1,1,1,1,1,NA,1,0,1
"z[123,8]",1,0,1,1,1,1,1,NA,1,0,1
"z[124,8]",1,0,1,1,1,1,1,NA,1,0,1
"z[125,8]",1,0,1,1,1,1,1,NA,1,0,1
"z[126,8]",1,0,1,1,1,1,1,NA,1,0,1
"z[127,8]",0.250888888888889,0.433572864534595,0,0,0,1,1,1.00003190209929,4500,1,1
"z[128,8]",1,0,1,1,1,1,1,NA,1,0,1
"z[129,8]",1,0,1,1,1,1,1,NA,1,0,1
"z[130,8]",0.0702222222222222,0.255549553077657,0,0,0,0,1,1.00052260772069,4500,1,1
"z[131,8]",1,0,1,1,1,1,1,NA,1,0,1
"z[132,8]",1,0,1,1,1,1,1,NA,1,0,1
"z[133,8]",0.938222222222222,0.240778252960813,0,1,1,1,1,1.00339950013577,2298,1,1
"z[134,8]",1,0,1,1,1,1,1,NA,1,0,1
"z[135,8]",1,0,1,1,1,1,1,NA,1,0,1
"z[136,8]",0.884222222222222,0.319993810293055,0,1,1,1,1,1.00182697209166,2264,1,1
"z[137,8]",1,0,1,1,1,1,1,NA,1,0,1
"z[138,8]",0.952,0.213789983216616,0,1,1,1,1,1.00189882314401,4500,1,1
"z[139,8]",0.964444444444444,0.185199838067563,0,1,1,1,1,1.00094536643588,4500,1,1
"z[140,8]",0.976666666666667,0.15097666777369,1,1,1,1,1,1.00009394803719,4500,0,1
"z[141,8]",0.971111111111111,0.167512855228826,0,1,1,1,1,0.999792003463521,4500,1,1
"z[142,8]",1,0,1,1,1,1,1,NA,1,0,1
"z[143,8]",1,0,1,1,1,1,1,NA,1,0,1
"z[144,8]",0.108888888888889,0.311534374101511,0,0,0,0,1,1.00117556708822,3406,1,1
"z[145,8]",1,0,1,1,1,1,1,NA,1,0,1
"z[146,8]",1,0,1,1,1,1,1,NA,1,0,1
"z[147,8]",1,0,1,1,1,1,1,NA,1,0,1
"z[148,8]",1,0,1,1,1,1,1,NA,1,0,1
"z[149,8]",0.414666666666667,0.492719160976806,0,0,0,1,1,0.99999221869684,4500,1,1
"z[150,8]",0.952444444444444,0.212847579895609,0,1,1,1,1,1.00849851771834,1242,1,1
"z[151,8]",0.890444444444444,0.312369683381089,0,1,1,1,1,1.00171246966696,2511,1,1
"z[152,8]",1,0,1,1,1,1,1,NA,1,0,1
"z[153,8]",1,0,1,1,1,1,1,NA,1,0,1
"z[154,8]",0.822,0.382555253386689,0,1,1,1,1,1.00029376205407,4500,1,1
"z[155,8]",1,0,1,1,1,1,1,NA,1,0,1
"z[156,8]",0.0508888888888889,0.219795235207613,0,0,0,0,1,1.01187385398733,836,1,1
"z[157,8]",1,0,1,1,1,1,1,NA,1,0,1
"z[158,8]",0.004,0.0631259497363628,0,0,0,0,0,1.01337564992756,4500,1,1
"z[159,8]",0.00133333333333333,0.0364945409967103,0,0,0,0,0,1.10559375176454,2997,1,1
"z[160,8]",0.158888888888889,0.365613067283923,0,0,0,0,1,1.00173714056753,1804,1,1
"z[161,8]",0.869777777777778,0.336585160875883,0,1,1,1,1,1.00110862730306,3055,1,1
"z[162,8]",0.968,0.176019558815419,0,1,1,1,1,1.00661413228611,2299,1,1
"z[163,8]",1,0,1,1,1,1,1,NA,1,0,1
"z[164,8]",1,0,1,1,1,1,1,NA,1,0,1
"z[165,8]",1,0,1,1,1,1,1,NA,1,0,1
"z[166,8]",1,0,1,1,1,1,1,NA,1,0,1
"z[167,8]",0.0242222222222222,0.153755519169198,0,0,0,0,0,1.00445093660544,4392,1,1
"z[168,8]",0.607111111111111,0.488446750122183,0,0,1,1,1,0.999706095103951,4500,1,1
"z[169,8]",0.904444444444444,0.294013436961353,0,1,1,1,1,1.00119136921962,3781,1,1
"z[170,8]",1,0,1,1,1,1,1,NA,1,0,1
"z[171,8]",0.958666666666667,0.199082134750893,0,1,1,1,1,1.00422513218495,2758,1,1
"z[172,8]",1,0,1,1,1,1,1,NA,1,0,1
"z[173,8]",1,0,1,1,1,1,1,NA,1,0,1
"z[174,8]",0.816222222222222,0.387345901868794,0,1,1,1,1,1.00052464307665,3875,1,1
"z[175,8]",1,0,1,1,1,1,1,NA,1,0,1
"z[176,8]",0.363777777777778,0.481139220491273,0,0,0,1,1,1.00084153974291,1840,1,1
"z[177,8]",1,0,1,1,1,1,1,NA,1,0,1
"z[178,8]",0.793555555555556,0.404798158938663,0,1,1,1,1,1.00093153196941,2419,1,1
"z[179,8]",0.790888888888889,0.406719085380904,0,1,1,1,1,1.00029777949117,4500,1,1
"z[180,8]",1,0,1,1,1,1,1,NA,1,0,1
"z[181,8]",1,0,1,1,1,1,1,NA,1,0,1
"z[182,8]",1,0,1,1,1,1,1,NA,1,0,1
"z[183,8]",1,0,1,1,1,1,1,NA,1,0,1
"z[184,8]",1,0,1,1,1,1,1,NA,1,0,1
"z[185,8]",1,0,1,1,1,1,1,NA,1,0,1
"z[186,8]",1,0,1,1,1,1,1,NA,1,0,1
"z[187,8]",0.804,0.397012627570361,0,1,1,1,1,1.0008267789839,2742,1,1
"z[188,8]",1,0,1,1,1,1,1,NA,1,0,1
"z[189,8]",1,0,1,1,1,1,1,NA,1,0,1
"z[190,8]",1,0,1,1,1,1,1,NA,1,0,1
"z[191,8]",1,0,1,1,1,1,1,NA,1,0,1
"z[192,8]",0.715111111111111,0.451411666500422,0,0,1,1,1,1.00021359194238,4490,1,1
"z[193,8]",1,0,1,1,1,1,1,NA,1,0,1
"z[194,8]",0.00644444444444444,0.0800271001985887,0,0,0,0,0,1.0345446755334,2127,1,1
"z[195,8]",0.00822222222222222,0.0903129549063228,0,0,0,0,0,1.00445707038135,4500,1,1
"z[196,8]",1,0,1,1,1,1,1,NA,1,0,1
"z[197,8]",1,0,1,1,1,1,1,NA,1,0,1
"z[198,8]",1,0,1,1,1,1,1,NA,1,0,1
"z[199,8]",1,0,1,1,1,1,1,NA,1,0,1
"z[200,8]",1,0,1,1,1,1,1,NA,1,0,1
"z[1,9]",1,0,1,1,1,1,1,NA,1,0,1
"z[2,9]",1,0,1,1,1,1,1,NA,1,0,1
"z[3,9]",1,0,1,1,1,1,1,NA,1,0,1
"z[4,9]",1,0,1,1,1,1,1,NA,1,0,1
"z[5,9]",1,0,1,1,1,1,1,NA,1,0,1
"z[6,9]",1,0,1,1,1,1,1,NA,1,0,1
"z[7,9]",1,0,1,1,1,1,1,NA,1,0,1
"z[8,9]",1,0,1,1,1,1,1,NA,1,0,1
"z[9,9]",1,0,1,1,1,1,1,NA,1,0,1
"z[10,9]",1,0,1,1,1,1,1,NA,1,0,1
"z[11,9]",1,0,1,1,1,1,1,NA,1,0,1
"z[12,9]",1,0,1,1,1,1,1,NA,1,0,1
"z[13,9]",1,0,1,1,1,1,1,NA,1,0,1
"z[14,9]",1,0,1,1,1,1,1,NA,1,0,1
"z[15,9]",1,0,1,1,1,1,1,NA,1,0,1
"z[16,9]",0.931555555555556,0.252535095508448,0,1,1,1,1,0.999745564178593,4500,1,1
"z[17,9]",0.809777777777778,0.392520020648456,0,1,1,1,1,0.999867344894052,4500,1,1
"z[18,9]",0.296666666666667,0.456839067684736,0,0,0,1,1,0.99991873386857,4500,1,1
"z[19,9]",0.567555555555556,0.495470282080354,0,0,1,1,1,1.00015168417129,4202,1,1
"z[20,9]",0.866666666666667,0.339972411050686,0,1,1,1,1,1.0024752945277,1539,1,1
"z[21,9]",0.871333333333333,0.334867846727887,0,1,1,1,1,0.999920049413174,4500,1,1
"z[22,9]",0.919555555555556,0.272010253356189,0,1,1,1,1,0.999698180229578,4500,1,1
"z[23,9]",0.924222222222222,0.264671632552429,0,1,1,1,1,1.00195814797313,3104,1,1
"z[24,9]",0.932888888888889,0.25024213410665,0,1,1,1,1,0.99993753802098,4500,1,1
"z[25,9]",0.85,0.357111102643182,0,1,1,1,1,1.00150397377581,2137,1,1
"z[26,9]",0.850222222222222,0.356893121404989,0,1,1,1,1,1.00017994027264,4500,1,1
"z[27,9]",0.836666666666667,0.369710603319289,0,1,1,1,1,0.999773769492279,4500,1,1
"z[28,9]",1,0,1,1,1,1,1,NA,1,0,1
"z[29,9]",1,0,1,1,1,1,1,NA,1,0,1
"z[30,9]",0.914444444444444,0.279737720136869,0,1,1,1,1,1.00139052473184,3711,1,1
"z[31,9]",0.904666666666667,0.293707437222326,0,1,1,1,1,1.00082883804444,4500,1,1
"z[32,9]",0.908888888888889,0.287799032014152,0,1,1,1,1,1.00025384093372,4500,1,1
"z[33,9]",1,0,1,1,1,1,1,NA,1,0,1
"z[34,9]",1,0,1,1,1,1,1,NA,1,0,1
"z[35,9]",1,0,1,1,1,1,1,NA,1,0,1
"z[36,9]",1,0,1,1,1,1,1,NA,1,0,1
"z[37,9]",1,0,1,1,1,1,1,NA,1,0,1
"z[38,9]",1,0,1,1,1,1,1,NA,1,0,1
"z[39,9]",1,0,1,1,1,1,1,NA,1,0,1
"z[40,9]",1,0,1,1,1,1,1,NA,1,0,1
"z[41,9]",0.661777777777778,0.473157163337463,0,0,1,1,1,1.00069073409722,2183,1,1
"z[42,9]",0.830444444444444,0.375283581331809,0,1,1,1,1,1.00030394325841,4500,1,1
"z[43,9]",0.831555555555556,0.374302080368986,0,1,1,1,1,1.00058800241688,3871,1,1
"z[44,9]",0.629777777777778,0.482917749456484,0,0,1,1,1,1.00022669583678,3836,1,1
"z[45,9]",0.549555555555556,0.497593477623403,0,0,1,1,1,1.00017760307445,3957,1,1
"z[46,9]",0.902444444444444,0.296745745695873,0,1,1,1,1,0.999707996649118,4500,1,1
"z[47,9]",0.639111111111111,0.480311737615324,0,0,1,1,1,1.00031602413792,3347,1,1
"z[48,9]",1,0,1,1,1,1,1,NA,1,0,1
"z[49,9]",0.816444444444444,0.387164337009769,0,1,1,1,1,1.00073931380578,3120,1,1
"z[50,9]",0.317777777777778,0.465664309473131,0,0,0,1,1,0.999689201658669,4500,1,1
"z[51,9]",1,0,1,1,1,1,1,NA,1,0,1
"z[52,9]",1,0,1,1,1,1,1,NA,1,0,1
"z[53,9]",0.0551111111111111,0.228222372014437,0,0,0,0,1,1.00060219569131,4500,1,1
"z[54,9]",1,0,1,1,1,1,1,NA,1,0,1
"z[55,9]",0.829333333333333,0.376259240127448,0,1,1,1,1,0.999692475506604,4500,1,1
"z[56,9]",1,0,1,1,1,1,1,NA,1,0,1
"z[57,9]",0.918444444444444,0.273716817169827,0,1,1,1,1,1.00009284978742,4500,1,1
"z[58,9]",1,0,1,1,1,1,1,NA,1,0,1
"z[59,9]",1,0,1,1,1,1,1,NA,1,0,1
"z[60,9]",1,0,1,1,1,1,1,NA,1,0,1
"z[61,9]",0.0582222222222222,0.234189202882591,0,0,0,0,1,1.00272630173535,2978,1,1
"z[62,9]",0.405555555555556,0.491053797673561,0,0,0,1,1,1.00044361175661,2672,1,1
"z[63,9]",0.210666666666667,0.407827393549698,0,0,0,0,1,1.00000735158856,4500,1,1
"z[64,9]",1,0,1,1,1,1,1,NA,1,0,1
"z[65,9]",1,0,1,1,1,1,1,NA,1,0,1
"z[66,9]",0.216444444444444,0.411866414442152,0,0,0,0,1,0.999796141521152,4500,1,1
"z[67,9]",0.136,0.342826658537455,0,0,0,0,1,1.00058979823637,4500,1,1
"z[68,9]",0.0891111111111111,0.284935717041694,0,0,0,0,1,1.00276904326263,1977,1,1
"z[69,9]",1,0,1,1,1,1,1,NA,1,0,1
"z[70,9]",1,0,1,1,1,1,1,NA,1,0,1
"z[71,9]",1,0,1,1,1,1,1,NA,1,0,1
"z[72,9]",1,0,1,1,1,1,1,NA,1,0,1
"z[73,9]",1,0,1,1,1,1,1,NA,1,0,1
"z[74,9]",1,0,1,1,1,1,1,NA,1,0,1
"z[75,9]",1,0,1,1,1,1,1,NA,1,0,1
"z[76,9]",1,0,1,1,1,1,1,NA,1,0,1
"z[77,9]",1,0,1,1,1,1,1,NA,1,0,1
"z[78,9]",1,0,1,1,1,1,1,NA,1,0,1
"z[79,9]",1,0,1,1,1,1,1,NA,1,0,1
"z[80,9]",1,0,1,1,1,1,1,NA,1,0,1
"z[81,9]",1,0,1,1,1,1,1,NA,1,0,1
"z[82,9]",1,0,1,1,1,1,1,NA,1,0,1
"z[83,9]",1,0,1,1,1,1,1,NA,1,0,1
"z[84,9]",0.942444444444444,0.232926963317475,0,1,1,1,1,0.99990136313874,4500,1,1
"z[85,9]",0.940444444444444,0.236687854568751,0,1,1,1,1,1.00254855883034,3091,1,1
"z[86,9]",0.184888888888889,0.388250544230724,0,0,0,0,1,1.00376422057565,809,1,1
"z[87,9]",1,0,1,1,1,1,1,NA,1,0,1
"z[88,9]",1,0,1,1,1,1,1,NA,1,0,1
"z[89,9]",1,0,1,1,1,1,1,NA,1,0,1
"z[90,9]",1,0,1,1,1,1,1,NA,1,0,1
"z[91,9]",1,0,1,1,1,1,1,NA,1,0,1
"z[92,9]",1,0,1,1,1,1,1,NA,1,0,1
"z[93,9]",1,0,1,1,1,1,1,NA,1,0,1
"z[94,9]",1,0,1,1,1,1,1,NA,1,0,1
"z[95,9]",0.950888888888889,0.216124014828025,0,1,1,1,1,0.999847572231356,4500,1,1
"z[96,9]",1,0,1,1,1,1,1,NA,1,0,1
"z[97,9]",1,0,1,1,1,1,1,NA,1,0,1
"z[98,9]",1,0,1,1,1,1,1,NA,1,0,1
"z[99,9]",1,0,1,1,1,1,1,NA,1,0,1
"z[100,9]",1,0,1,1,1,1,1,NA,1,0,1
"z[101,9]",1,0,1,1,1,1,1,NA,1,0,1
"z[102,9]",0.816222222222222,0.387345901868794,0,1,1,1,1,0.999931385542218,4500,1,1
"z[103,9]",0.812666666666667,0.390222236792799,0,1,1,1,1,1.00022485189484,4500,1,1
"z[104,9]",1,0,1,1,1,1,1,NA,1,0,1
"z[105,9]",1,0,1,1,1,1,1,NA,1,0,1
"z[106,9]",0.00577777777777778,0.0758002102747823,0,0,0,0,0,1.0135891826854,4500,1,1
"z[107,9]",1,0,1,1,1,1,1,NA,1,0,1
"z[108,9]",0.596888888888889,0.490577236068557,0,0,1,1,1,1.00036053815721,2996,1,1
"z[109,9]",1,0,1,1,1,1,1,NA,1,0,1
"z[110,9]",0.0393333333333333,0.194408387233923,0,0,0,0,1,1.00650578475744,1919,1,1
"z[111,9]",0.0153333333333333,0.122888478420367,0,0,0,0,0,1.01150828821191,2755,1,1
"z[112,9]",0.520666666666667,0.499628223640529,0,0,1,1,1,0.999785528231126,4500,1,1
"z[113,9]",1,0,1,1,1,1,1,NA,1,0,1
"z[114,9]",1,0,1,1,1,1,1,NA,1,0,1
"z[115,9]",1,0,1,1,1,1,1,NA,1,0,1
"z[116,9]",0.881333333333333,0.323431809105324,0,1,1,1,1,1.00249570659697,1694,1,1
"z[117,9]",0.856444444444444,0.350677466816207,0,1,1,1,1,0.999834955166368,4500,1,1
"z[118,9]",0.495777777777778,0.500037735357056,0,0,0,1,1,0.999932592903514,4500,1,1
"z[119,9]",1,0,1,1,1,1,1,NA,1,0,1
"z[120,9]",0.851777777777778,0.355359616987625,0,1,1,1,1,0.999826256147302,4500,1,1
"z[121,9]",1,0,1,1,1,1,1,NA,1,0,1
"z[122,9]",0.868444444444444,0.338044502394683,0,1,1,1,1,0.999674173536358,4500,1,1
"z[123,9]",0.844,0.362895667058781,0,1,1,1,1,1.00050199592881,4500,1,1
"z[124,9]",0.878444444444444,0.326808103614916,0,1,1,1,1,1.0003323598857,4500,1,1
"z[125,9]",1,0,1,1,1,1,1,NA,1,0,1
"z[126,9]",0.931777777777778,0.252154872981642,0,1,1,1,1,0.999782679775874,4500,1,1
"z[127,9]",1,0,1,1,1,1,1,NA,1,0,1
"z[128,9]",1,0,1,1,1,1,1,NA,1,0,1
"z[129,9]",0.235333333333333,0.424254114509919,0,0,0,0,1,1.00209995631845,1144,1,1
"z[130,9]",0.0553333333333333,0.228655142165391,0,0,0,0,1,1.0001807889829,4500,1,1
"z[131,9]",1,0,1,1,1,1,1,NA,1,0,1
"z[132,9]",1,0,1,1,1,1,1,NA,1,0,1
"z[133,9]",1,0,1,1,1,1,1,NA,1,0,1
"z[134,9]",1,0,1,1,1,1,1,NA,1,0,1
"z[135,9]",0.890666666666667,0.312091653631951,0,1,1,1,1,1.0034591595598,1351,1,1
"z[136,9]",0.868666666666667,0.337802082174598,0,1,1,1,1,0.999911359142354,4500,1,1
"z[137,9]",1,0,1,1,1,1,1,NA,1,0,1
"z[138,9]",0.908444444444444,0.288429580365407,0,1,1,1,1,1.00105209703237,4342,1,1
"z[139,9]",1,0,1,1,1,1,1,NA,1,0,1
"z[140,9]",1,0,1,1,1,1,1,NA,1,0,1
"z[141,9]",1,0,1,1,1,1,1,NA,1,0,1
"z[142,9]",1,0,1,1,1,1,1,NA,1,0,1
"z[143,9]",1,0,1,1,1,1,1,NA,1,0,1
"z[144,9]",0.0893333333333333,0.285255975094233,0,0,0,0,1,1.00391525810284,1442,1,1
"z[145,9]",0.956444444444444,0.20412674648623,0,1,1,1,1,1.00223691773495,4500,1,1
"z[146,9]",0.943777777777778,0.230375949195969,0,1,1,1,1,1.00639477514584,1393,1,1
"z[147,9]",1,0,1,1,1,1,1,NA,1,0,1
"z[148,9]",1,0,1,1,1,1,1,NA,1,0,1
"z[149,9]",0.596444444444444,0.490664824063724,0,0,1,1,1,1.00078163805838,1868,1,1
"z[150,9]",0.926,0.261799982697114,0,1,1,1,1,1.00043993412114,4500,1,1
"z[151,9]",0.87,0.336340807693268,0,1,1,1,1,1.0004001213977,4500,1,1
"z[152,9]",1,0,1,1,1,1,1,NA,1,0,1
"z[153,9]",1,0,1,1,1,1,1,NA,1,0,1
"z[154,9]",0.214888888888889,0.41079088857108,0,0,0,0,1,1.00033671007121,4426,1,1
"z[155,9]",1,0,1,1,1,1,1,NA,1,0,1
"z[156,9]",1,0,1,1,1,1,1,NA,1,0,1
"z[157,9]",1,0,1,1,1,1,1,NA,1,0,1
"z[158,9]",0.00511111111111111,0.071317023933587,0,0,0,0,0,1.02274864216795,4120,1,1
"z[159,9]",0.00355555555555556,0.0595289935189017,0,0,0,0,0,1.02429824061568,4500,1,1
"z[160,9]",0.0375555555555556,0.190139869149559,0,0,0,0,1,1.00261758909241,4500,1,1
"z[161,9]",0.843777777777778,0.363106236035812,0,1,1,1,1,0.99997527516563,4500,1,1
"z[162,9]",1,0,1,1,1,1,1,NA,1,0,1
"z[163,9]",1,0,1,1,1,1,1,NA,1,0,1
"z[164,9]",1,0,1,1,1,1,1,NA,1,0,1
"z[165,9]",1,0,1,1,1,1,1,NA,1,0,1
"z[166,9]",0.951777777777778,0.214259284678296,0,1,1,1,1,1.00059206657607,4500,1,1
"z[167,9]",0.500666666666667,0.500055120322497,0,0,1,1,1,0.999691493212421,4500,1,1
"z[168,9]",0.675555555555556,0.468218927918595,0,0,1,1,1,1.00031854356921,3504,1,1
"z[169,9]",0.886888888888889,0.316763768877172,0,1,1,1,1,0.999772147372496,4500,1,1
"z[170,9]",0.923777777777778,0.265382828642999,0,1,1,1,1,1.00026789536461,4500,1,1
"z[171,9]",1,0,1,1,1,1,1,NA,1,0,1
"z[172,9]",1,0,1,1,1,1,1,NA,1,0,1
"z[173,9]",1,0,1,1,1,1,1,NA,1,0,1
"z[174,9]",1,0,1,1,1,1,1,NA,1,0,1
"z[175,9]",1,0,1,1,1,1,1,NA,1,0,1
"z[176,9]",1,0,1,1,1,1,1,NA,1,0,1
"z[177,9]",1,0,1,1,1,1,1,NA,1,0,1
"z[178,9]",0.798888888888889,0.400875471267549,0,1,1,1,1,1.00230344721074,1187,1,1
"z[179,9]",0.776444444444444,0.416673794115523,0,1,1,1,1,0.999755892028331,4500,1,1
"z[180,9]",0.917333333333333,0.275408323018099,0,1,1,1,1,1.00052791066857,4500,1,1
"z[181,9]",1,0,1,1,1,1,1,NA,1,0,1
"z[182,9]",1,0,1,1,1,1,1,NA,1,0,1
"z[183,9]",1,0,1,1,1,1,1,NA,1,0,1
"z[184,9]",1,0,1,1,1,1,1,NA,1,0,1
"z[185,9]",1,0,1,1,1,1,1,NA,1,0,1
"z[186,9]",0.904222222222222,0.294318950732983,0,1,1,1,1,1.0031246175382,1660,1,1
"z[187,9]",0.777777777777778,0.41578591064293,0,1,1,1,1,1.00112609217139,1991,1,1
"z[188,9]",1,0,1,1,1,1,1,NA,1,0,1
"z[189,9]",0.0766666666666667,0.266091381389197,0,0,0,0,1,0.999976688874749,4500,1,1
"z[190,9]",1,0,1,1,1,1,1,NA,1,0,1
"z[191,9]",1,0,1,1,1,1,1,NA,1,0,1
"z[192,9]",0.703555555555556,0.456740072592966,0,0,1,1,1,0.99988188158769,4500,1,1
"z[193,9]",0.858444444444444,0.348632457117574,0,1,1,1,1,1.00072141695427,3901,1,1
"z[194,9]",0.253777777777778,0.435220300406757,0,0,0,1,1,0.999770506723267,4500,1,1
"z[195,9]",0.273111111111111,0.445606954364799,0,0,0,1,1,1.00059107844569,2723,1,1
"z[196,9]",1,0,1,1,1,1,1,NA,1,0,1
"z[197,9]",1,0,1,1,1,1,1,NA,1,0,1
"z[198,9]",1,0,1,1,1,1,1,NA,1,0,1
"z[199,9]",1,0,1,1,1,1,1,NA,1,0,1
"z[200,9]",1,0,1,1,1,1,1,NA,1,0,1
"deviance",4515.07932934754,47.7489371560884,4424.24628191573,4481.8547883908,4514.34104991689,4547.73791957619,4610.66869677854,0.999889866397771,4500,0,1
