"parameter","mean","sd","2.5%","25%","50%","75%","97.5%","Rhat","n.eff","overlap0","f"
"a.psi[1]",0.0748445266320281,1.45806891749383,-2.5589504225042,-0.936134903312763,-0.0204224263330462,0.996083877397885,3.1162839261643,1.00087680958046,1921,1,0.494
"a.psi[2]",1.66439747658501,0.647607684680563,0.441560647401309,1.2216721689932,1.64591357037057,2.07030513257462,2.9886546298579,1.00022665195394,4422,0,0.996444444444444
"a.psi[3]",1.49589795177307,0.562376033543956,0.45377841173089,1.11645049243628,1.4695134742158,1.85803906949877,2.63900269291255,0.999968498525466,4500,0,0.998
"a.psi[4]",2.38104194220157,0.798466819409519,0.949090203232091,1.83171045117877,2.32760402165295,2.87937708133412,4.14310862021032,1.00027269374031,4009,0,0.999333333333333
"a.psi[5]",1.28468306209059,0.657088915646606,0.00862448277640246,0.85470226637016,1.28204074162271,1.70123708216693,2.64886579263839,1.00035529362689,4500,0,0.975111111111111
"b.psi.elev",-0.588908118423001,0.353069766050821,-1.29497879481768,-0.818879297663072,-0.581851604447269,-0.351929133171965,0.103453409473983,1.00010079687846,4500,1,0.956222222222222
"b.psi.water",-0.27789947245085,0.381434136597302,-1.06375626642149,-0.521336345085795,-0.270794884034102,-0.020434571359333,0.431409786102167,1.00085971210081,1701,1,0.771555555555556
"a.gam[1]",-2.06200769162016,0.596882292352725,-3.27592110542689,-2.45131759984359,-2.04325348670189,-1.65386193383072,-0.945788782329638,1.00051034459848,4500,0,0.999333333333333
"a.gam[2]",0.569947584492844,0.541464049351016,-0.452102019364824,0.201030779512529,0.554712345535005,0.909203614203187,1.67087204697644,1.00082869719437,2103,1,0.858
"a.gam[3]",-0.585648287693245,0.372025187855566,-1.32983374631457,-0.834475315908977,-0.580900839246664,-0.335582891183427,0.143166529381273,1.00089666199936,2764,1,0.945555555555556
"a.gam[4]",1.24151271305438,0.748109398289863,-0.0987542624295468,0.745407849429121,1.2156939970237,1.67532469675663,2.87858440977857,1.00025552285095,4500,1,0.965333333333333
"a.gam[5]",-0.323297682413565,0.655853536668919,-1.60845348207623,-0.765361037463385,-0.327272520468941,0.100028672381996,1.01434138567175,1.00159935580155,1617,1,0.696666666666667
"b.gam.elev",0.0447574529207042,0.240443397937589,-0.431259797995666,-0.11737977964364,0.0478854605246689,0.205451240295504,0.51278635955303,0.999933436629826,4500,1,0.572888888888889
"b.gam.water",-0.210318143226399,0.219139812717733,-0.661184937461826,-0.350486685726841,-0.20149590119955,-0.0614646890551625,0.199838621114641,1.00019157695971,4500,1,0.836
"b.gam.road",0.23079638769438,0.189527144899316,-0.141041912679404,0.10327550205156,0.22957635927814,0.352624015667403,0.615552491252561,1.00080154982198,2776,1,0.888888888888889
"b.gam.harv",-0.141910360756395,0.206804460576961,-0.55646068869972,-0.279019375155125,-0.137252281048441,0.000929504452556761,0.24682269780457,1.00013481707183,4500,1,0.748666666666667
"a.phi[1]",-0.250874728452536,0.895380157257674,-2.15017431297682,-0.778182180328747,-0.215800158868308,0.319951083842923,1.44803969865884,1.00591357475265,338,1,0.604666666666667
"a.phi[2]",2.12339856841836,0.712589641419077,0.500607275065177,1.73342576924605,2.22766058393552,2.61434978787012,3.2421345077928,1.00392571234935,505,0,0.990666666666667
"a.phi[3]",1.69113149399261,0.706790215003067,-0.0449896427919796,1.32883518736416,1.82087590260232,2.18564357051109,2.7393071601702,1.00493101869104,474,1,0.972888888888889
"a.phi[4]",2.80910108585024,0.718823691294384,1.1496739394692,2.40978819403879,2.91225202249773,3.29745143614594,3.97657993889708,1.00649273165082,327,0,0.998
"a.phi[5]",3.37171319958123,0.809678254386015,1.64468941993875,2.88830359473629,3.4049269153781,3.89154280875712,4.9147037137675,1.00139621101472,1440,0,0.998888888888889
"b.phi.elev",-0.715340225824501,0.203016666478437,-1.12250881644064,-0.854512059222163,-0.708171879174923,-0.577349367436949,-0.325165129761326,1.00168148604312,1525,0,1
"b.phi.water",-0.2369581056373,0.157095740597723,-0.56253369686865,-0.341352085104496,-0.232086397165521,-0.130720397191992,0.064207395107021,1.0001719223076,4500,1,0.940222222222222
"b.phi.road",-0.336553044508559,0.185520922368423,-0.694338223887919,-0.458949111212288,-0.334126775810768,-0.212083932266728,0.0213109517516174,0.999859624738875,4500,1,0.966888888888889
"b.phi.harv",-0.238674690833553,0.175924655124072,-0.608519228092425,-0.34934509719881,-0.228286542452682,-0.11543832870353,0.0798201286576093,0.999998445293794,4500,1,0.923111111111111
"a.p",1.13773358025415,0.106493010711066,0.921415282462273,1.07194052013528,1.13813276165278,1.20326400119407,1.34700115623202,1.00136795679121,1726,0,1
"b.p.ak",-1.01167687178585,0.245224459081008,-1.49887611020714,-1.17607491021007,-1.01034466824782,-0.84547389025316,-0.535072639966843,1.00010853191099,4500,0,1
"b.p.clutter",-0.0494121558953983,0.0398555830688114,-0.128091210237836,-0.0757522426406524,-0.0495352322434897,-0.0224189877057333,0.0271753748257728,0.999978453640525,4500,1,0.892
"b.p.temp",0.458090960616936,0.0463371712336992,0.367621510083899,0.42598854896655,0.457249687595423,0.489577987739037,0.550904143412585,0.999963248895694,4500,0,1
"b.p.julian",0.0505759740888319,0.0446379637445659,-0.035286674508436,0.0204950304039551,0.0498781454276666,0.07921777873133,0.140896207906872,1.00145275866941,1367,1,0.875555555555556
"sigma.gam",0.323168714475873,0.267161879316748,0.015302609994364,0.12657673559865,0.260812824006145,0.444870910954656,1.00341486562555,1.01402464315057,350,0,1
"sigma.phi",1.39692363305324,0.993990929630514,0.220694248747444,0.711762825741538,1.15407860773448,1.82296489256382,3.92434136290736,1.01203804929759,321,0,1
"sigma.p",0.280342377969144,0.104280180871424,0.13423170481278,0.208741881955586,0.262077541746731,0.328103738887111,0.532617394370911,1.00216044664097,4500,0,1
"eps.gam[1]",-0.0478396052221999,0.319862975929308,-0.815255961488476,-0.175045419614804,-0.011862765099762,0.0953922020241636,0.587970346126702,1.00504980884486,747,1,0.546666666666667
"eps.gam[2]",-0.0386671359693469,0.315196526663819,-0.783160685854266,-0.165571561786879,-0.0141488422044736,0.0982621954573099,0.600211397887916,1.00154595580994,1913,1,0.548222222222222
"eps.gam[3]",-0.18769911729274,0.348042989918584,-1.08505652021253,-0.335153780338959,-0.0946799067884148,0.015037711807744,0.308533306839938,1.00991443175884,784,1,0.700444444444444
"eps.gam[4]",0.125124973340664,0.310012854067197,-0.4008984121228,-0.0385734877644377,0.0559085116720789,0.259766459984016,0.898202923898907,1.00102275759435,4277,1,0.652888888888889
"eps.gam[5]",-0.00247714994900682,0.298118328754114,-0.670726244270826,-0.127671317290769,0.00274158152821242,0.12742131748149,0.622284265937062,1.00180054143485,3700,1,0.490444444444444
"eps.gam[6]",0.0272151746766787,0.323210081727388,-0.657562437597963,-0.105568639401521,0.00691588029945775,0.161894435470535,0.756278974697953,1.00255483649292,4215,1,0.525111111111111
"eps.gam[7]",0.0421560235498451,0.361386174500447,-0.645407432895825,-0.0913483941856959,0.0125603855585805,0.176070801809698,0.838715930615918,1.01150242007313,3323,1,0.546444444444444
"eps.gam[8]",-0.0263274166815397,0.33658202325901,-0.808753947791699,-0.156556809677951,-0.00776784923994808,0.11360060171907,0.657396764317533,1.00183727531135,2640,1,0.533777777777778
"eps.phi[1]",1.06201640467642,1.09633215498718,-0.329870161577117,0.297693450434553,0.846672860606672,1.5892772343016,3.46514276952973,1.02465434424018,239,1,0.882888888888889
"eps.phi[2]",0.356808229299089,0.735587589276157,-0.750509441758282,-0.142860243898423,0.212792136743534,0.723887226125249,2.13938617485454,1.00556371023567,362,1,0.65
"eps.phi[3]",0.444326297563861,0.771469350721091,-0.709619102428111,-0.0865797756212684,0.301200841015394,0.859184599563959,2.27697847936511,1.00545425086795,392,1,0.690444444444444
"eps.phi[4]",-0.0231694449974038,0.677831383470251,-1.07227929504621,-0.47197032036809,-0.134753022029136,0.308024550145429,1.58340319736571,1.00574239814499,413,1,0.594666666666667
"eps.phi[5]",0.773577316282641,0.82057945420184,-0.42102324133188,0.174941350631464,0.634376751120334,1.22635043500989,2.76108915445772,1.0038774853302,682,1,0.843111111111111
"eps.phi[6]",1.09839809441605,0.923782462547425,-0.178265574347143,0.427014666510916,0.904380216196529,1.61841076066989,3.2814728868768,1.00619899184808,389,1,0.931555555555556
"eps.phi[7]",2.51039104680898,1.84966269932055,0.15412903190557,1.23193865321412,2.1520142509619,3.42281417844651,6.70054980280905,1.01378644403036,343,0,0.991555555555556
"eps.phi[8]",0.427904933778928,0.716804324188275,-0.620615787199983,-0.0553094231313916,0.279617294606485,0.806807872720107,2.13837925120344,1.00684115773095,338,1,0.700444444444444
"eps.p[1]",0.0109852044886463,0.169493188881073,-0.313259643702308,-0.100610108339882,0.00903329996207054,0.115700041019178,0.361838395710073,1.00153126572978,1364,1,0.521555555555556
"eps.p[2]",-0.244711757790187,0.154258287563035,-0.569305099020863,-0.345005782093863,-0.237498158224671,-0.139528744860088,0.0458770027253298,0.999908756542948,4500,1,0.952
"eps.p[3]",-0.337246237132596,0.143541152311882,-0.639842349243046,-0.430206820417115,-0.329150012827358,-0.241005432450212,-0.0648559727811085,1.00071543614509,4500,0,0.993555555555556
"eps.p[4]",-0.122681062677665,0.140617395236972,-0.409718052733355,-0.21366317285622,-0.119623408515467,-0.0318260610575431,0.151582185279147,1.00146704445221,1187,1,0.822444444444444
"eps.p[5]",0.111452124088784,0.149166218940659,-0.165464522941323,0.0103196251197737,0.107073726960996,0.206988161860967,0.410578569386291,1.00141163491746,1331,1,0.772222222222222
"eps.p[6]",0.157367841945455,0.138677187673219,-0.100665371187682,0.0681830713065261,0.1504838627906,0.243826127051702,0.453406564919199,1.00106338252924,1743,1,0.885333333333333
"eps.p[7]",0.00296022398650331,0.14288287210507,-0.278823400354881,-0.090320889655305,-1.15476859198563e-05,0.0937291142608971,0.301854939925966,1.00082366279021,3234,1,0.5
"eps.p[8]",0.153707891983423,0.140335386811383,-0.107388114407597,0.0606855120978176,0.149710766442317,0.242401140000786,0.445136979075055,1.00072006332379,2968,1,0.871333333333333
"eps.p[9]",0.312002619210857,0.147868230638495,0.035212173726515,0.209843559408083,0.305497998906737,0.402970205242352,0.61932401141775,1.00067513492066,4500,0,0.988222222222222
"psi.fs[1]",0.791033333333333,0.0377748356514065,0.712375,0.765,0.795,0.82,0.86,1.00084351518844,2400,0,1
"psi.fs[2]",0.832495555555556,0.0267861589856665,0.78,0.815,0.835,0.85,0.885,1.00100939005546,1983,0,1
"psi.fs[3]",0.80739,0.0195243537402734,0.77,0.795,0.81,0.82,0.845,1.00014097599631,4500,0,1
"psi.fs[4]",0.792097777777778,0.0197230039106118,0.75,0.78,0.79,0.805,0.83,1.00043289879011,2857,0,1
"psi.fs[5]",0.783462222222222,0.019620530874059,0.745,0.77,0.785,0.795,0.82,1.0006645376012,2050,0,1
"psi.fs[6]",0.822528888888889,0.014734225778806,0.795,0.815,0.825,0.835,0.85,0.999923998539803,4500,0,1
"psi.fs[7]",0.85026,0.0168808291159702,0.815,0.84,0.85,0.86,0.88,1.00114711080612,1730,0,1
"psi.fs[8]",0.89925,0.012172755791188,0.875,0.89,0.9,0.91,0.92,1.00097729945512,1567,0,1
"psi.fs[9]",0.839801111111111,0.0157754792861943,0.805,0.83,0.84,0.85,0.87,1.00006253422938,4500,0,1
"psi.surv[1]",0.808806451612903,0.00608843607561585,0.806451612903226,0.806451612903226,0.806451612903226,0.806451612903226,0.82258064516129,1.00043733478478,4500,0,1
"psi.surv[2]",0.872224318658281,0.0141575469415427,0.849056603773585,0.858490566037736,0.867924528301887,0.877358490566038,0.89622641509434,0.999758711766996,4500,0,1
"psi.surv[3]",0.813705279747833,0.0116922522114887,0.794326241134752,0.808510638297872,0.815602836879433,0.822695035460993,0.836879432624113,1.0014911314575,1595,0,1
"psi.surv[4]",0.797955555555556,0.0134971048990496,0.773333333333333,0.786666666666667,0.8,0.806666666666667,0.826666666666667,0.999889796648831,4500,0,1
"psi.surv[5]",0.80743954248366,0.00911231631823509,0.794117647058823,0.801470588235294,0.808823529411765,0.816176470588235,0.82738970588235,1.00017194045252,4458,0,1
"psi.surv[6]",0.847649413388544,0.00818530789164175,0.832298136645963,0.84472049689441,0.84472049689441,0.850931677018634,0.863354037267081,1.00033261369341,3360,0,1
"psi.surv[7]",0.881550179211469,0.00880105948950538,0.870967741935484,0.870967741935484,0.879032258064516,0.887096774193548,0.903225806451613,1.00019876552063,4500,0,1
"psi.surv[8]",0.904838455476753,0.00519784445951448,0.900709219858156,0.900709219858156,0.900709219858156,0.907801418439716,0.914893617021277,1.00075867159189,3067,0,1
"psi.surv[9]",0.850576489533011,0.00813474022705645,0.840579710144927,0.847826086956522,0.847826086956522,0.855072463768116,0.869565217391304,0.999788417559295,4500,0,1
"n.occ[1]",158.206666666667,7.55496713028131,142.475,153,159,164,172,1.00084351518844,2400,0,1
"n.occ[2]",166.499111111111,5.35723179713331,156,163,167,170,177,1.00100939005546,1983,0,1
"n.occ[3]",161.478,3.90487074805468,154,159,162,164,169,1.00014097599631,4500,0,1
"n.occ[4]",158.419555555556,3.94460078212236,150,156,158,161,166,1.00043289879011,2857,0,1
"n.occ[5]",156.692444444444,3.9241061748118,149,154,157,159,164,1.0006645376012,2050,0,1
"n.occ[6]",164.505777777778,2.94684515576121,159,163,165,167,170,0.999923998539804,4500,0,1
"n.occ[7]",170.052,3.37616582319404,163,168,170,172,176,1.00114711080612,1730,0,1
"n.occ[8]",179.85,2.4345511582376,175,178,180,182,184,1.00097729945512,1567,0,1
"n.occ[9]",167.960222222222,3.15509585723886,161,166,168,170,174,1.00006253422938,4500,0,1
"psi.reg[1,1]",0.632192592592593,0.255059072990785,0.133333333333333,0.4,0.666666666666667,0.866666666666667,1,1.00124692520779,1477,0,1
"psi.reg[2,1]",0.742034188034188,0.0700102714016952,0.58974358974359,0.692307692307692,0.743589743589744,0.794871794871795,0.846153846153846,1.00104367025912,1876,0,1
"psi.reg[3,1]",0.786385185185185,0.0682234312307333,0.633333333333333,0.75,0.8,0.833333333333333,0.9,0.999879521579257,4500,0,1
"psi.reg[4,1]",0.877791245791246,0.0739447573649506,0.696969696969697,0.848484848484849,0.878787878787879,0.939393939393939,0.96969696969697,1.00001461822229,4500,0,1
"psi.reg[5,1]",0.823287211740042,0.0587420188966209,0.69811320754717,0.792452830188679,0.830188679245283,0.867924528301887,0.924528301886792,1.00056762513936,3783,0,1
"psi.reg[1,2]",0.48757037037037,0.175168284504317,0.2,0.333333333333333,0.466666666666667,0.6,0.866666666666667,1.00082649683033,2047,0,1
"psi.reg[2,2]",0.8482849002849,0.0558528027693073,0.717948717948718,0.82051282051282,0.846153846153846,0.897435897435897,0.948717948717949,1.00112843585481,1906,0,1
"psi.reg[3,2]",0.808588888888889,0.0442488687618477,0.716666666666667,0.783333333333333,0.816666666666667,0.833333333333333,0.883333333333333,1.00051607558156,2427,0,1
"psi.reg[4,2]",0.952114478114478,0.0257952364490882,0.878787878787879,0.939393939393939,0.96969696969697,0.96969696969697,1,1.00045284378398,4500,0,1
"psi.reg[5,2]",0.871081761006289,0.0280607615489207,0.811320754716981,0.849056603773585,0.867924528301887,0.886792452830189,0.924528301886792,1.00075811102218,4500,0,1
"psi.reg[1,3]",0.2984,0.0989456057198084,0.133333333333333,0.2,0.266666666666667,0.333333333333333,0.533333333333333,1.00102497674318,3682,0,1
"psi.reg[2,3]",0.802102564102564,0.0419723766618398,0.717948717948718,0.769230769230769,0.794871794871795,0.82051282051282,0.871794871794872,0.999993817163461,4500,0,1
"psi.reg[3,3]",0.745266666666667,0.0403556036382194,0.666666666666667,0.716666666666667,0.75,0.766666666666667,0.816666666666667,0.999783285082401,4500,0,1
"psi.reg[4,3]",0.957023569023569,0.0260975678579563,0.909090909090909,0.939393939393939,0.96969696969697,0.96969696969697,1,1.00170337527666,1209,0,1
"psi.reg[5,3]",0.932494758909853,0.0155651377011179,0.905660377358491,0.924528301886792,0.924528301886792,0.943396226415094,0.962264150943396,1.00162605433026,1364,0,1
"psi.reg[1,4]",0.346281481481481,0.0683296316175546,0.266666666666667,0.266666666666667,0.333333333333333,0.4,0.466666666666667,0.999811613809685,4500,0,1
"psi.reg[2,4]",0.792871794871795,0.0372079225523336,0.717948717948718,0.769230769230769,0.794871794871795,0.82051282051282,0.871794871794872,1.00020600177566,4500,0,1
"psi.reg[3,4]",0.745718518518519,0.0419842578411932,0.666666666666667,0.716666666666667,0.75,0.766666666666667,0.816666666666667,1.00141707887187,1173,0,1
"psi.reg[4,4]",0.871239057239057,0.0342155114229126,0.818181818181818,0.848484848484849,0.878787878787879,0.878787878787879,0.939393939393939,0.999985856315722,4500,0,1
"psi.reg[5,4]",0.920930817610063,0.0216332502485976,0.867924528301887,0.905660377358491,0.924528301886792,0.943396226415094,0.962264150943396,1.00044416565614,3040,0,1
"psi.reg[1,5]",0.248148148148148,0.0746748173570883,0.133333333333333,0.2,0.266666666666667,0.266666666666667,0.4,1.00005280650629,4500,0,1
"psi.reg[2,5]",0.808074074074074,0.0310845009352676,0.743589743589744,0.794871794871795,0.82051282051282,0.82051282051282,0.846153846153846,1.00068829262087,2307,0,1
"psi.reg[3,5]",0.733866666666667,0.0482379447215363,0.633333333333333,0.7,0.733333333333333,0.766666666666667,0.833333333333333,1.00030719270743,3240,0,1
"psi.reg[4,5]",0.844127946127946,0.024160684879587,0.787878787878788,0.818181818181818,0.848484848484849,0.848484848484849,0.878787878787879,1.00014669376169,4500,0,1
"psi.reg[5,5]",0.935228511530398,0.0174828989553227,0.905660377358491,0.924528301886792,0.943396226415094,0.943396226415094,0.962264150943396,1.00054604273878,2986,0,1
"psi.reg[1,6]",0.245288888888889,0.0774509175999862,0.133333333333333,0.2,0.266666666666667,0.266666666666667,0.4,1.00025084559327,4500,0,1
"psi.reg[2,6]",0.86188603988604,0.0264157448784932,0.82051282051282,0.846153846153846,0.871794871794872,0.871794871794872,0.897435897435897,1.00029098852473,4500,0,1
"psi.reg[3,6]",0.770492592592593,0.0297033120980336,0.716666666666667,0.75,0.766666666666667,0.783333333333333,0.833333333333333,0.999902858133021,4500,0,1
"psi.reg[4,6]",0.915003367003367,0.0310011800846473,0.848484848484849,0.909090909090909,0.909090909090909,0.939393939393939,0.96969696969697,1.00152698456887,1963,0,1
"psi.reg[5,6]",0.958268343815514,0.0151409650371239,0.924528301886792,0.943396226415094,0.962264150943396,0.962264150943396,0.981132075471698,1.00033618549694,3290,0,1
"psi.reg[1,7]",0.412711111111111,0.0742478223735448,0.266666666666667,0.333333333333333,0.4,0.466666666666667,0.533333333333333,1.00020287590168,4500,0,1
"psi.reg[2,7]",0.834324786324786,0.0332388589610473,0.769230769230769,0.82051282051282,0.846153846153846,0.846153846153846,0.897435897435897,0.999715020139923,4500,0,1
"psi.reg[3,7]",0.800837037037037,0.0384964202965679,0.716666666666667,0.783333333333333,0.8,0.833333333333333,0.866666666666667,1.00177995422659,1139,0,1
"psi.reg[4,7]",0.966047138047138,0.0182103045086454,0.939393939393939,0.96969696969697,0.96969696969697,0.96969696969697,1,1.00007026056395,4500,0,1
"psi.reg[5,7]",0.96967714884696,0.0160595410045915,0.943396226415094,0.962264150943396,0.962264150943396,0.981132075471698,1,1.00102277268132,1956,0,1
"psi.reg[1,8]",0.579274074074074,0.0476880617974564,0.533333333333333,0.533333333333333,0.6,0.6,0.666666666666667,0.999720319582924,4500,0,1
"psi.reg[2,8]",0.930638176638177,0.0311213367015397,0.871794871794872,0.923076923076923,0.923076923076923,0.948717948717949,0.974358974358974,1.0002154356687,4500,0,1
"psi.reg[3,8]",0.844337037037037,0.0242283287672974,0.8,0.833333333333333,0.85,0.866666666666667,0.883333333333333,1.00122713022883,1320,0,1
"psi.reg[4,8]",0.986740740740741,0.0191751842135754,0.939393939393939,0.96969696969697,1,1,1,1.00257930366253,1060,0,1
"psi.reg[5,8]",0.97440251572327,0.0115522278017858,0.943396226415094,0.962264150943396,0.981132075471698,0.981132075471698,0.981132075471698,1.00021317030787,4500,0,1
"psi.reg[1,9]",0.423437037037037,0.0877458251847776,0.266666666666667,0.333333333333333,0.4,0.466666666666667,0.6,0.999957586981012,4500,0,1
"psi.reg[2,9]",0.882900284900285,0.029829475731502,0.82051282051282,0.871794871794872,0.897435897435897,0.897435897435897,0.923076923076923,1.00001218649002,4500,0,1
"psi.reg[3,9]",0.764314814814815,0.0312703411799794,0.7,0.75,0.766666666666667,0.783333333333333,0.816666666666667,1.00049040068006,2828,0,1
"psi.reg[4,9]",0.940329966329966,0.0257582847366032,0.878787878787879,0.939393939393939,0.939393939393939,0.96969696969697,1,1.00010573189888,4500,0,1
"psi.reg[5,9]",0.948788259958071,0.0187406109885276,0.905660377358491,0.943396226415094,0.943396226415094,0.962264150943396,0.981132075471698,0.999754570129251,4500,0,1
"n.occ.reg[1,1]",9.48288888888889,3.82588609486178,2,6,10,13,15,1.00124692520779,1477,0,1
"n.occ.reg[2,1]",28.9393333333333,2.73040058466611,23,27,29,31,33,1.00104367025912,1876,0,1
"n.occ.reg[3,1]",47.1831111111111,4.093405873844,38,45,48,50,54,0.999879521579257,4500,0,1
"n.occ.reg[4,1]",28.9671111111111,2.44017699304337,23,28,29,31,32,1.00001461822229,4500,0,1
"n.occ.reg[5,1]",43.6342222222222,3.11332700152091,37,42,44,46,49,1.00056762513936,3783,0,1
"n.occ.reg[1,2]",7.31355555555556,2.62752426756476,3,5,7,9,13,1.00082649683033,2047,0,1
"n.occ.reg[2,2]",33.0831111111111,2.17825930800298,28,32,33,35,37,1.00112843585481,1906,0,1
"n.occ.reg[3,2]",48.5153333333333,2.65493212571086,43,47,49,50,53,1.00051607558156,2427,0,1
"n.occ.reg[4,2]",31.4197777777778,0.85124280281991,29,31,32,32,33,1.00045284378398,4500,0,1
"n.occ.reg[5,2]",46.1673333333333,1.4872203620928,43,45,46,47,49,1.00075811102218,4500,0,1
"n.occ.reg[1,3]",4.476,1.48418408579713,2,3,4,5,8,1.00102497674318,3682,0,1
"n.occ.reg[2,3]",31.282,1.63692268981175,28,30,31,32,34,0.99999381716346,4500,0,1
"n.occ.reg[3,3]",44.716,2.42133621829316,40,43,45,46,49,0.999783285082401,4500,0,1
"n.occ.reg[4,3]",31.5817777777778,0.861219739312558,30,31,32,32,33,1.00170337527666,1209,0,1
"n.occ.reg[5,3]",49.4222222222222,0.824952298159249,48,49,49,50,51,1.00162605433026,1364,0,1
"n.occ.reg[1,4]",5.19422222222222,1.02494447426332,4,4,5,6,7,0.999811613809685,4500,0,1
"n.occ.reg[2,4]",30.922,1.45110897954101,28,30,31,32,34,1.00020600177566,4500,0,1
"n.occ.reg[3,4]",44.7431111111111,2.51905547047159,40,43,45,46,49,1.00141707887187,1173,0,1
"n.occ.reg[4,4]",28.7508888888889,1.12911187695612,27,28,29,29,31,0.999985856315722,4500,0,1
"n.occ.reg[5,4]",48.8093333333333,1.14656226317567,46,48,49,50,51,1.00044416565614,3040,0,1
"n.occ.reg[1,5]",3.72222222222222,1.12012226035632,2,3,4,4,6,1.00005280650629,4500,0,1
"n.occ.reg[2,5]",31.5148888888889,1.21229553647544,29,31,32,32,33,1.00068829262087,2307,0,1
"n.occ.reg[3,5]",44.032,2.89427668329218,38,42,44,46,50,1.00030719270743,3240,0,1
"n.occ.reg[4,5]",27.8562222222222,0.797302601026372,26,27,28,28,29,1.00014669376169,4500,0,1
"n.occ.reg[5,5]",49.5671111111111,0.926593644632103,48,49,50,50,51,1.00054604273877,2986,0,1
"n.occ.reg[1,6]",3.67933333333333,1.16176376399979,2,3,4,4,6,1.00025084559327,4500,0,1
"n.occ.reg[2,6]",33.6135555555556,1.03021405026124,32,33,34,34,35,1.00029098852473,4500,0,1
"n.occ.reg[3,6]",46.2295555555556,1.78219872588201,43,45,46,47,50,0.999902858133021,4500,0,1
"n.occ.reg[4,6]",30.1951111111111,1.02303894279336,28,30,30,31,32,1.00152698456887,1963,0,1
"n.occ.reg[5,6]",50.7882222222222,0.802471146967567,49,50,51,51,52,1.00033618549694,3290,0,1
"n.occ.reg[1,7]",6.19066666666667,1.11371733560317,4,5,6,7,8,1.00020287590168,4500,0,1
"n.occ.reg[2,7]",32.5386666666667,1.29631549948084,30,32,33,33,35,0.999715020139923,4500,0,1
"n.occ.reg[3,7]",48.0502222222222,2.30978521779408,43,47,48,50,52,1.00177995422659,1139,0,1
"n.occ.reg[4,7]",31.8795555555556,0.600940048785298,31,32,32,32,33,1.00007026056395,4500,0,1
"n.occ.reg[5,7]",51.3928888888889,0.851155673243351,50,51,51,52,53,1.00102277268132,1956,0,1
"n.occ.reg[1,8]",8.68911111111111,0.715320926961846,8,8,9,9,10,0.999720319582924,4500,0,1
"n.occ.reg[2,8]",36.2948888888889,1.21373213136005,34,36,36,37,38,1.0002154356687,4500,0,1
"n.occ.reg[3,8]",50.6602222222222,1.45369972603784,48,50,51,52,53,1.00122713022883,1320,0,1
"n.occ.reg[4,8]",32.5624444444444,0.632781079047988,31,32,33,33,33,1.00257930366253,1060,0,1
"n.occ.reg[5,8]",51.6433333333333,0.612268073494649,50,51,52,52,52,1.00021317030787,4500,0,1
"n.occ.reg[1,9]",6.35155555555556,1.31618737777166,4,5,6,7,9,0.999957586981012,4500,0,1
"n.occ.reg[2,9]",34.4331111111111,1.16334955352858,32,34,35,35,36,1.00001218649002,4500,0,1
"n.occ.reg[3,9]",45.8588888888889,1.87622047079876,42,45,46,47,49,1.00049040068006,2828,0,1
"n.occ.reg[4,9]",31.0308888888889,0.850023396307905,29,31,31,32,33,1.00010573189888,4500,0,1
"n.occ.reg[5,9]",50.2857777777778,0.993252382391964,48,50,50,51,52,0.999754570129251,4500,0,1
"psi.reg.init[1]",0.506787289626467,0.264434623661896,0.0718274844702772,0.281681929973455,0.494894570861428,0.73028792352922,0.957559192993592,1.00077427970489,2044,0,1
"psi.reg.init[2]",0.823079284593605,0.0894001377914398,0.608630775570049,0.772357676592277,0.838337992607784,0.887983304255644,0.952058929852488,1.00016345327871,4500,0,1
"psi.reg.init[3]",0.802935893383024,0.0842286667150524,0.611537201240682,0.753329725715584,0.812983425245937,0.865068221760676,0.933329856298651,0.999890019631352,4500,0,1
"psi.reg.init[4]",0.895943404350685,0.0692910972486863,0.720932164261964,0.861965359485358,0.911137534153257,0.946817470738064,0.984374582258731,1.00061365739798,2763,0,1
"psi.reg.init[5]",0.764667818079705,0.111431210802147,0.502156103679032,0.701552614416399,0.782796953360656,0.845696208366272,0.933940948079945,1.00045866874322,4230,0,1
"gamma.reg[1,1]",0.123961984409056,0.0680355207665,0.0289846407994838,0.0740201507088189,0.111449109379094,0.160208663906372,0.293049367901921,1.00136644805249,1417,0,1
"gamma.reg[2,1]",0.618483470188108,0.129046775589555,0.350175891438988,0.533770926110879,0.626443479206321,0.712759512987491,0.845363657345731,0.9999915134932,4500,0,1
"gamma.reg[3,1]",0.353539544113976,0.0993528717537184,0.170812300985614,0.284545545038324,0.350059316850199,0.415038261323834,0.562995305733896,1.00033447243054,4020,0,1
"gamma.reg[4,1]",0.742153196682428,0.134390295825351,0.427711849175352,0.661758526018651,0.762888393565292,0.841080643639243,0.944328890696677,1.00235198249414,1155,0,1
"gamma.reg[5,1]",0.417032604456229,0.151918201796798,0.150611858717384,0.302854705571453,0.407511362283076,0.520967282858789,0.736297971512534,1.00096816270838,2099,0,1
"gamma.reg[1,2]",0.124491882091371,0.0685396193075859,0.0319817327502604,0.0745437417928391,0.110307071307103,0.160821139418026,0.296010948966665,1.00135324117286,1579,0,1
"gamma.reg[2,2]",0.620225308412856,0.130528114650387,0.341339918636501,0.533381450398601,0.627264823140277,0.714373625405441,0.85269128126938,1.00002616108565,4500,0,1
"gamma.reg[3,2]",0.355388444115057,0.0982434873193106,0.172696432666935,0.285667562852785,0.352546283403677,0.419285509292657,0.553554128603089,1.00075386348799,4500,0,1
"gamma.reg[4,2]",0.743656232305518,0.134278260352953,0.431162934735317,0.664042065373456,0.765778549702667,0.841747692109586,0.947041740354682,1.00162887698906,1743,0,1
"gamma.reg[5,2]",0.419067218156301,0.153590269468015,0.146067117139473,0.304694727655709,0.407821753435543,0.522350965870948,0.735726025741125,1.00115290781938,2103,0,1
"gamma.reg[1,3]",0.110499551011617,0.0621102289252154,0.0244558010816116,0.0640832891670226,0.0991799136554013,0.143788270814868,0.266780604960061,1.00280951874278,1072,0,1
"gamma.reg[2,3]",0.587572448435659,0.137281231841799,0.292593975303027,0.498751635293744,0.595893504915847,0.685592546068097,0.825153169519979,1.00071602448995,4500,0,1
"gamma.reg[3,3]",0.324249103099416,0.0955012950121034,0.14000663313108,0.25851925794042,0.323709885718988,0.386780499132446,0.521001979454417,1.00137968625507,4500,0,1
"gamma.reg[4,3]",0.716450698378849,0.14582347832872,0.375915249025149,0.626183206996394,0.739185479111672,0.8240875217429,0.938040182201989,1.00277121962608,1050,0,1
"gamma.reg[5,3]",0.387388977111075,0.152219525846822,0.127159806628683,0.271838271599414,0.376119393538497,0.491661596270621,0.706638907497952,1.00129918114971,2024,0,1
"gamma.reg[1,4]",0.141144334531902,0.0729360020202551,0.0403355111481205,0.0873911427145004,0.127193123943886,0.181282014109558,0.317647133051759,1.00029859455337,4500,0,1
"gamma.reg[2,4]",0.655298218924885,0.121266116251821,0.409746233935545,0.571381767751567,0.661236346255877,0.742941260234199,0.875689711808471,1.00095850897638,1745,0,1
"gamma.reg[3,4]",0.391288070188788,0.101314223086952,0.215398435501983,0.320561528831375,0.383482288109752,0.452733286622682,0.615601341066947,1.00103723272488,2602,0,1
"gamma.reg[4,4]",0.771420220624441,0.121177679089484,0.494581642224127,0.69705910233659,0.790238090380943,0.861786697676498,0.95426732766333,1.00100865725519,4500,0,1
"gamma.reg[5,4]",0.454616522004929,0.157410035001111,0.179331739252812,0.340783622750428,0.445219610840779,0.564603228383552,0.771825922852542,1.00115584208858,2374,0,1
"gamma.reg[1,5]",0.127497739642794,0.0677582483481314,0.0329493701447588,0.0770490948720479,0.115245983312275,0.16284936710093,0.294713151942711,1.00054016180024,3526,0,1
"gamma.reg[2,5]",0.628941699658423,0.124179885907874,0.368640756599276,0.543877076176247,0.634407133027301,0.718398967835103,0.846857798999648,1.00010622183806,4500,0,1
"gamma.reg[3,5]",0.3625888903868,0.0941973402577444,0.196111386445021,0.296101839002506,0.358306008614471,0.423490265683356,0.559102160838231,1.00054923474577,4500,0,1
"gamma.reg[4,5]",0.751677405813114,0.125363727611283,0.467309341987918,0.67676920625238,0.769942359895847,0.844853179116625,0.945662108733782,1.00168972735377,2346,0,1
"gamma.reg[5,5]",0.426835900569933,0.15170984823291,0.158114532664947,0.314361882861547,0.418388704101882,0.530812333797045,0.731337554282803,1.00059013703739,3005,0,1
"gamma.reg[1,6]",0.131033667027451,0.0704681602675333,0.0342747339073705,0.0798448432253881,0.116486864323584,0.169053467714794,0.298944917107994,1.00015614908616,4500,0,1
"gamma.reg[2,6]",0.633864539303785,0.12951760855133,0.362204243305543,0.549400837350264,0.640015267794697,0.72635874065365,0.872232229756119,1.00094084505463,1771,0,1
"gamma.reg[3,6]",0.369837486693764,0.101818753865072,0.19030617469732,0.298372667574518,0.364307161287503,0.433591054747622,0.586123568367378,1.00161674134228,2355,0,1
"gamma.reg[4,6]",0.755213667620849,0.12848678485773,0.459921150764589,0.680306610799887,0.77355512901618,0.851251352701595,0.94792535522874,1.00088380539182,4500,0,1
"gamma.reg[5,6]",0.433519778740326,0.157930562287424,0.155007834669647,0.316701363025029,0.422278176658492,0.541934790936304,0.761323005774443,1.00111962526682,2349,0,1
"gamma.reg[1,7]",0.133207842460285,0.0723911674481107,0.0338904389049375,0.0797874318052504,0.119575108698232,0.170568238672664,0.310424775673236,1.00055315658618,2375,0,1
"gamma.reg[2,7]",0.637283384918178,0.130388382222976,0.363373792214725,0.552457299195838,0.646242170863448,0.730909808728845,0.862251598172671,1.0005903263065,4500,0,1
"gamma.reg[3,7]",0.373338216037635,0.101910002110972,0.19070801381326,0.302264395323553,0.365882094755909,0.436188091356373,0.59492841912104,1.0005208817999,3418,0,1
"gamma.reg[4,7]",0.75580907069226,0.13469565140126,0.433409716019768,0.678088185897479,0.778367173360657,0.855948989745467,0.952849699711892,1.00159276604432,2029,0,1
"gamma.reg[5,7]",0.437125632035889,0.159993429490151,0.15909154930149,0.319030271341865,0.428644736391199,0.544029778828406,0.768547506289604,1.00180616174191,1710,0,1
"gamma.reg[1,8]",0.126396559775064,0.0708347670732819,0.0303212311327414,0.0753096992356524,0.112008934350163,0.163116650777993,0.298598695211736,1.00372087215005,1676,0,1
"gamma.reg[2,8]",0.622437957057656,0.132857280020965,0.344377461192687,0.534959708757615,0.630000189720035,0.718977997187616,0.85827267668202,0.999993407227124,4500,0,1
"gamma.reg[3,8]",0.358181811393379,0.0996002281852315,0.177559413214724,0.288203360412281,0.354385023117656,0.419562789166903,0.564901453790989,1.00048204897242,2804,0,1
"gamma.reg[4,8]",0.744807618293414,0.137554414348195,0.415830392124845,0.664321313218153,0.768735609653832,0.844592709465132,0.949664707603716,1.00136905352656,2467,0,1
"gamma.reg[5,8]",0.422482709268506,0.158177852235873,0.141474520683035,0.306783505555053,0.413228704867167,0.529456148744541,0.746362630586137,1.00119114538971,1588,0,1
"phi.reg[1,1]",0.661063091998726,0.168274104602406,0.317725679753746,0.543085310421694,0.668772473322004,0.787552441079466,0.947655653431795,1.00074239351137,2282,0,1
"phi.reg[2,1]",0.950973363039625,0.0302194185798678,0.874853456617664,0.935245133167299,0.956139330715819,0.973039349850968,0.991781173210824,1.00178140618786,1105,0,1
"phi.reg[3,1]",0.928947190337434,0.0391725190301593,0.838995340618561,0.90699705638762,0.93473761020823,0.957126885811136,0.986528711495058,1.0029957029583,650,0,1
"phi.reg[4,1]",0.974522345746246,0.0163266457984153,0.934575853499146,0.966338232942845,0.978146154628402,0.986145157459094,0.995859490226011,1.00109053670286,2708,0,1
"phi.reg[5,1]",0.983193609372513,0.0141724890199694,0.947894068800226,0.977477072214191,0.987019170645197,0.993161536367301,0.99845867608918,1.00138147978418,1263,0,1
"phi.reg[1,2]",0.520434647048801,0.166282027539695,0.226400672969494,0.39559791038279,0.510837742030874,0.638338190926823,0.853606277217906,1.00019313022473,4500,0,1
"phi.reg[2,2]",0.915885958198148,0.0362469481488973,0.829185064761521,0.89568648093688,0.921760408916587,0.941854665305112,0.96977833024001,1.0002392228837,4500,0,1
"phi.reg[3,2]",0.878708036789391,0.0447434422316567,0.773853175028777,0.852573769964404,0.884463297401117,0.911130958609158,0.949558331711863,1.00108924834374,3182,0,1
"phi.reg[4,2]",0.955334730342504,0.0204557798978778,0.905447986193604,0.944237144359483,0.958927638750121,0.970127609994235,0.984839985715391,1.00022360496619,4500,0,1
"phi.reg[5,2]",0.97175141689447,0.0173228567277154,0.928356909600323,0.963115840606367,0.975641810017075,0.984172208437776,0.994360327270808,1.00197329910657,1109,0,1
"phi.reg[1,3]",0.540237216521875,0.166336066940436,0.229004612793486,0.418435625475792,0.535667142458507,0.659999697888282,0.861732453179496,1.00054898066894,4500,0,1
"phi.reg[2,3]",0.921296408600445,0.0361507753630878,0.836888967966751,0.900586398120058,0.927255722218765,0.94773669052786,0.974995436153761,1.00043446880126,3776,0,1
"phi.reg[3,3]",0.886321793959639,0.0455512114466682,0.781452306295086,0.859212282205548,0.893079293262083,0.919309011440922,0.956676125716568,1.00081278466604,2091,0,1
"phi.reg[4,3]",0.957956524147812,0.0209209048809633,0.908493468051132,0.947067229716248,0.961317245844291,0.97298753690543,0.988267202780699,0.999890283379154,4500,0,1
"phi.reg[5,3]",0.973253945668241,0.0177083630855555,0.928200189016127,0.964586745478197,0.97719524050192,0.986105284766734,0.995361863813055,1.00238712196815,1012,0,1
"phi.reg[1,4]",0.437156299762701,0.162764317724394,0.16430185884981,0.313222412491823,0.422795598651635,0.545574419363514,0.785588604251085,1.0009867999066,1653,0,1
"phi.reg[2,4]",0.88326164657191,0.0459663983853938,0.776670208832065,0.856216106418564,0.889758566446128,0.916996557921843,0.953397907493512,1.00153374186261,1896,0,1
"phi.reg[3,4]",0.83332487993552,0.057718165479265,0.698272637270683,0.798605356872025,0.839254311595184,0.875700835115359,0.925244732641099,1.00228319150164,1050,0,1
"phi.reg[4,4]",0.936599631843452,0.0276015310406173,0.872554979130839,0.920897062527809,0.941741242212277,0.956584394897543,0.97719835799532,1.00185959128366,1703,0,1
"phi.reg[5,4]",0.959717421512757,0.023624573385349,0.901818044001191,0.947439741491086,0.964528932016823,0.977114860192656,0.991808846393613,1.00095059770477,1805,0,1
"phi.reg[1,5]",0.611291442820462,0.161003970564062,0.292934945901908,0.497131822293076,0.618258458544089,0.73187634176278,0.902210667220848,1.00062284607627,2133,0,1
"phi.reg[2,5]",0.941903144028212,0.027281723956286,0.876173480634671,0.927258529937647,0.946507984128791,0.961454473941056,0.98185387693442,0.999824840704467,4500,0,1
"phi.reg[3,5]",0.914567705971192,0.0366996612580602,0.827653013485346,0.894207226904511,0.919794717042377,0.940773346079794,0.97128828567802,0.999893237916685,4500,0,1
"phi.reg[4,5]",0.96900198567521,0.0165065739305143,0.929443081376187,0.960504387660795,0.972288723654863,0.980788585152039,0.991543206910993,1.00097705880492,2781,0,1
"phi.reg[5,5]",0.980383613521192,0.0132426321968163,0.946845750850241,0.974302377640922,0.983339301659858,0.990043507509426,0.997011165562162,1.00015957039692,4141,0,1
"phi.reg[1,6]",0.674738619042072,0.155784579725016,0.348863581581773,0.567096008736126,0.687627335888876,0.790750110125427,0.938800604338887,1.00026173568703,4500,0,1
"phi.reg[2,6]",0.955067826284906,0.0244487414710901,0.896289376494164,0.941429108239238,0.959105829343063,0.972909438606572,0.990887714970366,1.00030314630934,3316,0,1
"phi.reg[3,6]",0.934378191194519,0.0320429856825104,0.861627198459733,0.916240404903671,0.938443628028119,0.957324732199232,0.984578087983563,1.00180030157006,1571,0,1
"phi.reg[4,6]",0.976602759826727,0.0135293815882895,0.942783631065406,0.969469647470502,0.979052366033932,0.986419329488637,0.995507262997701,1.0001049146794,4500,0,1
"phi.reg[5,6]",0.985204524051333,0.0106737048269888,0.958149787419208,0.980488929874376,0.987627446303264,0.993055838701571,0.998126458127289,1.00083924552418,2182,0,1
"phi.reg[1,7]",0.849350895232386,0.128079381252707,0.51864195991442,0.780976443016149,0.881413831204262,0.950076163928121,0.997047745662741,1.0007613219763,2178,0,1
"phi.reg[2,7]",0.982506474167175,0.0168680082474419,0.937413992163028,0.975771075609138,0.987626002908951,0.994901852148052,0.999676927939069,1.0074810674353,397,0,1
"phi.reg[3,7]",0.974371987312427,0.0233319362717276,0.910987720165984,0.963566705726199,0.980776995153511,0.991842237544241,0.999464108543816,1.00395105042945,506,0,1
"phi.reg[4,7]",0.990920010015202,0.00923548108454855,0.965655796327616,0.987460187133411,0.993707203438193,0.997436102722039,0.999827230383327,1.0028069522719,844,0,1
"phi.reg[5,7]",0.994014317449931,0.00696731036347534,0.975186037021475,0.991958573346557,0.996474245821152,0.998690002701162,0.999927468089574,1.00356507034652,586,0,1
"phi.reg[1,8]",0.537919572302515,0.154201945198054,0.252020143992803,0.424926496271523,0.535886511694517,0.645662775861836,0.842297195241706,1.00039854871426,3308,0,1
"phi.reg[2,8]",0.921816017621997,0.0322239046948301,0.847747857205823,0.903710924303778,0.926444591530512,0.944995780707326,0.970822079462344,1.00100120661764,2722,0,1
"phi.reg[3,8]",0.887200522877917,0.0378602968230833,0.801606188554731,0.86420061464884,0.892129059578246,0.914381323879964,0.949579854739799,1.00180612987613,1230,0,1
"phi.reg[4,8]",0.958517995771383,0.0183283861568601,0.915909854288097,0.948379604451465,0.961420779133495,0.971865048212007,0.985439608433591,1.00159971093835,4500,0,1
"phi.reg[5,8]",0.973679478768565,0.0158223045038157,0.933687968976973,0.96541523909518,0.976886268453919,0.985035317426316,0.994952992501351,1.00172203276908,1125,0,1
"ext.reg[1,1]",0.338936908001274,0.168274104602406,0.0523443465682048,0.212447558920534,0.331227526677996,0.456914689578306,0.682274320246253,1.00074239351137,2282,0,1
"ext.reg[2,1]",0.0490266369603754,0.0302194185798678,0.00821882678917569,0.0269606501490325,0.0438606692841807,0.0647548668327012,0.125146543382336,1.00178140618786,1105,0,1
"ext.reg[3,1]",0.0710528096625655,0.0391725190301593,0.0134712885049422,0.0428731141888639,0.0652623897917703,0.0930029436123795,0.161004659381439,1.00299570295831,650,0,1
"ext.reg[4,1]",0.0254776542537542,0.0163266457984153,0.00414050977398854,0.0138548425409059,0.021853845371598,0.0336617670571549,0.0654241465008543,1.00109053670286,2708,0,1
"ext.reg[5,1]",0.0168063906274874,0.0141724890199694,0.00154132391082041,0.00683846363269888,0.0129808293548027,0.0225229277858095,0.0521059311997734,1.00138147978418,1263,0,1
"ext.reg[1,2]",0.479565352951199,0.166282027539695,0.146393722782094,0.361661809073177,0.489162257969126,0.60440208961721,0.773599327030506,1.00019313022473,4500,0,1
"ext.reg[2,2]",0.0841140418018523,0.0362469481488973,0.0302216697599899,0.0581453346948879,0.0782395910834132,0.104313519063121,0.170814935238479,1.0002392228837,4500,0,1
"ext.reg[3,2]",0.121291963210609,0.0447434422316567,0.0504416682881372,0.0888690413908423,0.115536702598883,0.147426230035596,0.226146824971223,1.00108924834374,3182,0,1
"ext.reg[4,2]",0.0446652696574957,0.0204557798978778,0.0151600142846086,0.0298723900057649,0.0410723612498793,0.0557628556405171,0.0945520138063955,1.00022360496619,4500,0,1
"ext.reg[5,2]",0.0282485831055297,0.0173228567277154,0.00563967272919146,0.0158277915622239,0.0243581899829249,0.0368841593936332,0.0716430903996774,1.00197329910657,1109,0,1
"ext.reg[1,3]",0.459762783478125,0.166336066940436,0.138267546820504,0.340000302111718,0.464332857541493,0.581564374524208,0.770995387206513,1.00054898066894,4500,0,1
"ext.reg[2,3]",0.0787035913995549,0.0361507753630878,0.0250045638462386,0.0522633094721403,0.0727442777812349,0.0994136018799416,0.163111032033249,1.00043446880126,3776,0,1
"ext.reg[3,3]",0.113678206040361,0.0455512114466682,0.0433238742834323,0.080690988559078,0.106920706737917,0.140787717794452,0.218547693704914,1.00081278466604,2091,0,1
"ext.reg[4,3]",0.0420434758521884,0.0209209048809633,0.0117327972193007,0.0270124630945695,0.0386827541557086,0.0529327702837522,0.091506531948868,0.999890283379155,4500,0,1
"ext.reg[5,3]",0.0267460543317587,0.0177083630855555,0.00463813618694538,0.0138947152332658,0.0228047594980798,0.0354132545218029,0.0717998109838724,1.00238712196815,1012,0,1
"ext.reg[1,4]",0.562843700237299,0.162764317724394,0.214411395748915,0.454425580636486,0.577204401348365,0.686777587508177,0.835698141150189,1.0009867999066,1653,0,1
"ext.reg[2,4]",0.11673835342809,0.0459663983853938,0.0466020925064879,0.083003442078157,0.110241433553872,0.143783893581436,0.223329791167935,1.00153374186261,1896,0,1
"ext.reg[3,4]",0.16667512006448,0.057718165479265,0.0747552673589009,0.124299164884641,0.160745688404816,0.201394643127975,0.301727362729317,1.00228319150164,1050,0,1
"ext.reg[4,4]",0.0634003681565482,0.0276015310406173,0.0228016420046804,0.0434156051024569,0.0582587577877233,0.0791029374721907,0.127445020869161,1.00185959128366,1703,0,1
"ext.reg[5,4]",0.0402825784872427,0.023624573385349,0.00819115360638649,0.0228851398073441,0.0354710679831773,0.0525602585089136,0.0981819559988087,1.00095059770477,1805,0,1
"ext.reg[1,5]",0.388708557179538,0.161003970564062,0.0977893327791517,0.26812365823722,0.381741541455911,0.502868177706924,0.707065054098091,1.00062284607627,2133,0,1
"ext.reg[2,5]",0.0580968559717879,0.027281723956286,0.0181461230655797,0.0385455260589441,0.0534920158712091,0.0727414700623526,0.123826519365329,0.999824840704467,4500,0,1
"ext.reg[3,5]",0.0854322940288081,0.0366996612580602,0.0287117143219798,0.0592266539202055,0.0802052829576225,0.105792773095488,0.172346986514654,0.999893237916685,4500,0,1
"ext.reg[4,5]",0.0309980143247895,0.0165065739305143,0.00845679308900734,0.0192114148479605,0.0277112763451375,0.0394956123392055,0.0705569186238128,1.00097705880492,2781,0,1
"ext.reg[5,5]",0.0196163864788083,0.0132426321968163,0.00298883443783805,0.00995649249057431,0.0166606983401421,0.0256976223590777,0.0531542491497591,1.00015957039692,4141,0,1
"ext.reg[1,6]",0.325261380957928,0.155784579725016,0.0611993956611125,0.209249889874573,0.312372664111124,0.432903991263874,0.651136418418226,1.00026173568703,4500,0,1
"ext.reg[2,6]",0.044932173715094,0.0244487414710901,0.00911228502963404,0.0270905613934279,0.0408941706569368,0.0585708917607618,0.103710623505835,1.00030314630934,3316,0,1
"ext.reg[3,6]",0.0656218088054814,0.0320429856825104,0.0154219120164373,0.042675267800768,0.061556371971881,0.0837595950963289,0.138372801540267,1.00180030157006,1571,0,1
"ext.reg[4,6]",0.0233972401732734,0.0135293815882895,0.00449273700229863,0.0135806705113632,0.0209476339660681,0.0305303525294979,0.057216368934594,1.0001049146794,4500,0,1
"ext.reg[5,6]",0.014795475948667,0.0106737048269888,0.00187354187271129,0.00694416129842915,0.0123725536967359,0.0195110701256237,0.0418502125807918,1.00083924552417,2182,0,1
"ext.reg[1,7]",0.150649104767614,0.128079381252707,0.0029522543372594,0.0499238360718792,0.118586168795738,0.219023556983851,0.481358040085578,1.0007613219763,2178,0,1
"ext.reg[2,7]",0.0174935258328252,0.0168680082474419,0.000323072060930518,0.00509814785194768,0.0123739970910492,0.0242289243908615,0.0625860078369718,1.0074810674353,397,0,1
"ext.reg[3,7]",0.0256280126875734,0.0233319362717276,0.000535891456183846,0.00815776245575872,0.019223004846489,0.0364332942738005,0.0890122798340157,1.00395105042945,506,0,1
"ext.reg[4,7]",0.00907998998479835,0.00923548108454855,0.000172769616673046,0.00256389727796089,0.00629279656180703,0.0125398128665891,0.0343442036723839,1.0028069522719,844,0,1
"ext.reg[5,7]",0.00598568255006876,0.00696731036347534,7.25319104255967e-05,0.00130999729883843,0.00352575417884787,0.00804142665344265,0.024813962978525,1.0035650703465,586,0,1
"ext.reg[1,8]",0.462080427697485,0.154201945198054,0.157702804758294,0.354337224138164,0.464113488305483,0.575073503728477,0.747979856007197,1.00039854871426,3308,0,1
"ext.reg[2,8]",0.0781839823780026,0.0322239046948301,0.0291779205376559,0.0550042192926738,0.0735554084694884,0.0962890756962224,0.152252142794177,1.00100120661764,2722,0,1
"ext.reg[3,8]",0.112799477122083,0.0378602968230833,0.0504201452602012,0.0856186761200356,0.107870940421754,0.13579938535116,0.198393811445269,1.00180612987613,1230,0,1
"ext.reg[4,8]",0.0414820042286175,0.0183283861568601,0.0145603915664092,0.0281349517879929,0.0385792208665049,0.0516203955485351,0.0840901457119027,1.00159971093835,4500,0,1
"ext.reg[5,8]",0.0263205212314347,0.0158223045038157,0.00504700749864888,0.0149646825736843,0.0231137315460809,0.0345847609048205,0.066312031023027,1.00172203276908,1125,0,1
"mean.gamma.reg[1]",0.127279195118692,0.0611885016092212,0.0397769164780633,0.0817195716076233,0.116923349140254,0.16278155413651,0.273276533050996,1.00174907590629,2020,0,1
"mean.gamma.reg[2]",0.625513378362444,0.11291901828339,0.397043958754168,0.548718313425314,0.630775747831825,0.705106418185563,0.830318633851015,1.00014433833301,4500,0,1
"mean.gamma.reg[3]",0.361051445753602,0.0761362338561667,0.221092596892736,0.306654866614427,0.358844307907339,0.409677758310213,0.516946490535685,1.00017796347025,4500,0,1
"mean.gamma.reg[4]",0.747648513801359,0.121816454293439,0.470975920000608,0.672401910180945,0.764345356086845,0.836619875143273,0.941884351033578,1.00168844712229,1840,0,1
"mean.gamma.reg[5]",0.424758667792899,0.141872675123736,0.174941184501325,0.319801268111247,0.41709408233932,0.520757723802155,0.723742607110753,1.0010449021864,1964,0,1
"mean.phi.reg[1]",0.604023973091192,0.128942460095032,0.362656351640692,0.513592705267991,0.598644721468155,0.695269352075846,0.859025751787411,1.00003362229871,4500,0,1
"mean.phi.reg[2]",0.934088854814052,0.0201891312554001,0.888879441384397,0.921706842200184,0.936241133149818,0.948784155296877,0.967600327308319,1.00077601326548,1830,0,1
"mean.phi.reg[3]",0.904727538547255,0.0220820394222358,0.858196466121869,0.89055501011205,0.906339684791092,0.920381829653936,0.942782948966089,1.00347276394371,598,0,1
"mean.phi.reg[4]",0.964931997921067,0.0119619472352189,0.938081093161826,0.957925709799369,0.966330472874744,0.973423779182438,0.98403264388454,0.999957172399269,4500,0,1
"mean.phi.reg[5]",0.977649790904875,0.0118346319083063,0.949932076243367,0.970813110921628,0.9796036182851,0.986364995733675,0.995006727348031,1.00185529787839,947,0,1
"mean.ext.reg[1]",0.395976026908808,0.128942460095032,0.140974248212589,0.304730647924154,0.401355278531845,0.486407294732009,0.637343648359307,1.00003362229871,4500,0,1
"mean.ext.reg[2]",0.0659111451859478,0.0201891312554001,0.0323996726916811,0.0512158447031234,0.0637588668501818,0.0782931577998158,0.111120558615603,1.00077601326548,1830,0,1
"mean.ext.reg[3]",0.0952724614527451,0.0220820394222358,0.0572170510339108,0.0796181703460636,0.093660315208908,0.10944498988795,0.141803533878131,1.00347276394372,598,0,1
"mean.ext.reg[4]",0.0350680020789331,0.0119619472352189,0.0159673561154598,0.0265762208175622,0.0336695271252557,0.0420742902006313,0.0619189068381742,0.999957172399271,4500,0,1
"mean.ext.reg[5]",0.0223502090951246,0.0118346319083063,0.004993272651969,0.0136350042663255,0.0203963817148996,0.0291868890783716,0.0500679237566326,1.00185529787839,947,0,1
"equilib.reg[1]",0.246179236926731,0.0970573712795131,0.0970733092722085,0.175888324408067,0.23383074387904,0.300221437607723,0.459602435951688,0.999871992127047,4500,0,1
"equilib.reg[2]",0.903819888507915,0.0274107088097298,0.842914359228357,0.887681016829998,0.906563589222585,0.923272107425789,0.949422048030424,1.00046905287296,4111,0,1
"equilib.reg[3]",0.788282114549107,0.0460669445641883,0.689139390566791,0.759253735845669,0.791923627849876,0.820681152568565,0.867714775882481,1.00105188222016,1575,0,1
"equilib.reg[4]",0.954387501680793,0.0163677401888389,0.914680743659055,0.94521071503871,0.956875610608255,0.965806641301722,0.979245497005292,0.999911215664642,4500,0,1
"equilib.reg[5]",0.947660004325467,0.0280096200791964,0.879993457223775,0.933030458605089,0.952569939268248,0.967157431873794,0.98683253321094,1.00371604301872,962,0,1
"mean.p",0.756729961060319,0.0196259478168258,0.715330391238219,0.744965773906952,0.75733664685978,0.769104922113964,0.793638919844054,1.00115439694124,1873,0,1
"p.year[1]",0.758220954229876,0.0272666800879369,0.702519648441687,0.740443747095927,0.758667063924107,0.776661039147054,0.810519302904076,1.00029407375798,4500,0,1
"p.year[2]",0.70880193268522,0.0265435226830453,0.653570901669254,0.691164289014699,0.709592720338927,0.727566496517155,0.757071617632882,1.00080769583965,2898,0,1
"p.year[3]",0.689589082352426,0.0235416032358566,0.641160593732878,0.674256142161122,0.690397192637868,0.706114854528768,0.73364780928874,1.00067041843033,2651,0,1
"p.year[4]",0.733467332404575,0.0212809330832586,0.690034332918215,0.719890713203593,0.734212057105383,0.747969179613649,0.773527383268377,1.00012224617683,4500,0,1
"p.year[5]",0.776440873860338,0.0211388367656228,0.734008113403443,0.762241862866885,0.776943792046323,0.790786080173262,0.81747682216198,1.00196313138217,1471,0,1
"p.year[6]",0.784477150544525,0.0177571509848114,0.749515008152164,0.772492846668629,0.784886326337021,0.796548287476009,0.817783166349352,1.00033859418634,4500,0,1
"p.year[7]",0.757189768031706,0.0209266640631971,0.716139888495111,0.743624690598279,0.757299909044552,0.771296227835595,0.797909949660257,1.00070125167384,2032,0,1
"p.year[8]",0.783853206280668,0.0178798617713438,0.747104951453879,0.771921214317894,0.784091292162729,0.795967695516638,0.817993920851074,0.999803482112774,4500,0,1
"p.year[9]",0.809264259187278,0.0186146154823568,0.771257138808942,0.796882955348149,0.809872223413062,0.822198437518193,0.844245688571747,1.00011239621122,4500,0,1
"z[1,1]",0.854444444444444,0.352699276340701,0,1,1,1,1,1.00044547083777,4500,1,1
"z[2,1]",1,0,1,1,1,1,1,NA,1,0,1
"z[3,1]",0.868222222222222,0.338286602882318,0,1,1,1,1,0.999974296765773,4500,1,1
"z[4,1]",1,0,1,1,1,1,1,NA,1,0,1
"z[5,1]",0.783777777777778,0.411713299819999,0,1,1,1,1,0.999976550764733,4500,1,1
"z[6,1]",0.696444444444444,0.459844072046096,0,0,1,1,1,1.00036916236947,3364,1,1
"z[7,1]",0.924888888888889,0.263599835321828,0,1,1,1,1,1.00093082520009,4500,1,1
"z[8,1]",0.891333333333333,0.31125512213583,0,1,1,1,1,1.00138896160611,2986,1,1
"z[9,1]",0.935777777777778,0.245175623613492,0,1,1,1,1,1.00037087604568,4500,1,1
"z[10,1]",0.937111111111111,0.242789983053629,0,1,1,1,1,1.00362989948609,2136,1,1
"z[11,1]",0.917111111111111,0.27574484166109,0,1,1,1,1,1.00274835999612,2136,1,1
"z[12,1]",0.947777777777778,0.222499579945098,0,1,1,1,1,1.00268423667751,3331,1,1
"z[13,1]",0.942888888888889,0.232080592249878,0,1,1,1,1,1.00365368730261,2326,1,1
"z[14,1]",0.952,0.213789983216616,0,1,1,1,1,1.00709408717704,1463,1,1
"z[15,1]",1,0,1,1,1,1,1,NA,1,0,1
"z[16,1]",1,0,1,1,1,1,1,NA,1,0,1
"z[17,1]",0.908888888888889,0.287799032014152,0,1,1,1,1,0.99994021879326,4500,1,1
"z[18,1]",1,0,1,1,1,1,1,NA,1,0,1
"z[19,1]",1,0,1,1,1,1,1,NA,1,0,1
"z[20,1]",0.0328888888888889,0.17836557884435,0,0,0,0,1,1.00115248853837,4500,1,1
"z[21,1]",1,0,1,1,1,1,1,NA,1,0,1
"z[22,1]",1,0,1,1,1,1,1,NA,1,0,1
"z[23,1]",0.756,0.429540453404983,0,1,1,1,1,1.00045405141092,3450,1,1
"z[24,1]",1,0,1,1,1,1,1,NA,1,0,1
"z[25,1]",0.904444444444444,0.294013436961353,0,1,1,1,1,1.00260877642015,1970,1,1
"z[26,1]",0.947111111111111,0.223836521313966,0,1,1,1,1,1.00038496787661,4500,1,1
"z[27,1]",0.941555555555556,0.234608019202615,0,1,1,1,1,1.00152748626819,4500,1,1
"z[28,1]",0.878444444444444,0.326808103614916,0,1,1,1,1,0.999824779425227,4500,1,1
"z[29,1]",0.834222222222222,0.371922364665625,0,1,1,1,1,1.00119092475338,2368,1,1
"z[30,1]",0.939111111111111,0.239152967592038,0,1,1,1,1,1.00094110024556,4500,1,1
"z[31,1]",0.947777777777778,0.222499579945098,0,1,1,1,1,1.00115493895402,4500,1,1
"z[32,1]",0.942,0.233769424929795,0,1,1,1,1,1.00652966585513,1323,1,1
"z[33,1]",0.862222222222222,0.344704897700523,0,1,1,1,1,1.00368789848424,1043,1,1
"z[34,1]",0.872444444444444,0.333631340448453,0,1,1,1,1,1.00050740220139,4500,1,1
"z[35,1]",0.875333333333333,0.330377275632388,0,1,1,1,1,0.999797128937251,4500,1,1
"z[36,1]",0.855111111111111,0.352027892860083,0,1,1,1,1,0.999788779854145,4500,1,1
"z[37,1]",0.780444444444444,0.413991545837227,0,1,1,1,1,0.99980353551338,4500,1,1
"z[38,1]",0.538888888888889,0.498540756682388,0,0,1,1,1,1.00020604153498,3734,1,1
"z[39,1]",0.794444444444444,0.404151910349933,0,1,1,1,1,0.99989498431148,4500,1,1
"z[40,1]",0.798444444444444,0.401206535283835,0,1,1,1,1,1.0002119478919,4500,1,1
"z[41,1]",0.876888888888889,0.32860121836697,0,1,1,1,1,0.999719588656288,4500,1,1
"z[42,1]",0.866888888888889,0.339732529641953,0,1,1,1,1,0.999946331852134,4500,1,1
"z[43,1]",0.8,0.400044451853224,0,1,1,1,1,0.999808356556547,4500,1,1
"z[44,1]",0.908444444444444,0.288429580365407,0,1,1,1,1,1.00009765548555,4500,1,1
"z[45,1]",0.945777777777778,0.226480841156445,0,1,1,1,1,0.999816838952527,4500,1,1
"z[46,1]",0.948444444444444,0.221152546426871,0,1,1,1,1,1.00659245092967,1466,1,1
"z[47,1]",0.246222222222222,0.430857392202569,0,0,0,0,1,1.00165833347839,1359,1,1
"z[48,1]",0.922222222222222,0.267851336095241,0,1,1,1,1,1.00118296014638,4500,1,1
"z[49,1]",0.788888888888889,0.408142411058839,0,1,1,1,1,0.999670171351685,4500,1,1
"z[50,1]",0.797111111111111,0.402195144834769,0,1,1,1,1,0.999724187738645,4500,1,1
"z[51,1]",0.814666666666667,0.388610921802413,0,1,1,1,1,0.999669859383825,4500,1,1
"z[52,1]",0.774444444444444,0.417994106865551,0,1,1,1,1,1.00093145564131,2258,1,1
"z[53,1]",0.801111111111111,0.399208609336637,0,1,1,1,1,0.999760869536465,4500,1,1
"z[54,1]",1,0,1,1,1,1,1,NA,1,0,1
"z[55,1]",1,0,1,1,1,1,1,NA,1,0,1
"z[56,1]",1,0,1,1,1,1,1,NA,1,0,1
"z[57,1]",1,0,1,1,1,1,1,NA,1,0,1
"z[58,1]",1,0,1,1,1,1,1,NA,1,0,1
"z[59,1]",1,0,1,1,1,1,1,NA,1,0,1
"z[60,1]",1,0,1,1,1,1,1,NA,1,0,1
"z[61,1]",0.912888888888889,0.28202914935459,0,1,1,1,1,1.00048827967873,4500,1,1
"z[62,1]",0.856,0.351128748592969,0,1,1,1,1,1.0039179638096,960,1,1
"z[63,1]",0.919333333333333,0.272352784307054,0,1,1,1,1,1.00064933071522,4500,1,1
"z[64,1]",0.858,0.349088929478717,0,1,1,1,1,0.999761320313195,4500,1,1
"z[65,1]",0.839777777777778,0.366852788745443,0,1,1,1,1,1.00029059694842,4500,1,1
"z[66,1]",0.808222222222222,0.393742953740522,0,1,1,1,1,0.999957140604016,4500,1,1
"z[67,1]",0.731777777777778,0.443083162614667,0,0,1,1,1,1.00067686198629,2518,1,1
"z[68,1]",0.738222222222222,0.439651142234043,0,0,1,1,1,0.999826097420069,4500,1,1
"z[69,1]",1,0,1,1,1,1,1,NA,1,0,1
"z[70,1]",1,0,1,1,1,1,1,NA,1,0,1
"z[71,1]",0.930888888888889,0.253671175391235,0,1,1,1,1,1.00011983731563,4500,1,1
"z[72,1]",0.924,0.265027562343912,0,1,1,1,1,1.00031231720976,4500,1,1
"z[73,1]",0.591555555555556,0.491600737364081,0,0,1,1,1,1.00025868994178,3498,1,1
"z[74,1]",0.944888888888889,0.228222372014437,0,1,1,1,1,0.99994852365854,4500,1,1
"z[75,1]",0.508444444444444,0.499984243163838,0,0,1,1,1,0.999899479967567,4500,1,1
"z[76,1]",0.261777777777778,0.439651142234043,0,0,0,1,1,1.00154043793579,1382,1,1
"z[77,1]",0.0144444444444444,0.119327141438796,0,0,0,0,0,1.00844006787801,3950,1,1
"z[78,1]",0.783777777777778,0.411713299819999,0,1,1,1,1,1.00201455054786,1263,1,1
"z[79,1]",0.796666666666667,0.402523160105083,0,1,1,1,1,1.00076454171149,2819,1,1
"z[80,1]",0.826444444444444,0.378768934845247,0,1,1,1,1,1.00080375829077,3062,1,1
"z[81,1]",0.767333333333333,0.422578479909467,0,1,1,1,1,0.99996680878882,4500,1,1
"z[82,1]",0.916666666666667,0.276416113804279,0,1,1,1,1,0.999818761392099,4500,1,1
"z[83,1]",0.765777777777778,0.423558779816329,0,1,1,1,1,1.00053443592956,3210,1,1
"z[84,1]",0.888666666666667,0.314579423009121,0,1,1,1,1,1.00145462794856,2819,1,1
"z[85,1]",0.833333333333333,0.372719411818938,0,1,1,1,1,1.00291106108958,1112,1,1
"z[86,1]",0.000666666666666667,0.0258141493083176,0,0,0,0,0,1.29167562882982,1500,1,1
"z[87,1]",0.00977777777777778,0.0984089676386699,0,0,0,0,0,1.00463304545948,4500,1,1
"z[88,1]",0.0133333333333333,0.11471041653724,0,0,0,0,0,1.00854653460262,4230,1,1
"z[89,1]",0.00466666666666667,0.0681609955608629,0,0,0,0,0,1.0649153531949,1494,1,1
"z[90,1]",0.872222222222222,0.333879303929952,0,1,1,1,1,1.0010549584412,3225,1,1
"z[91,1]",0.907777777777778,0.289371546504837,0,1,1,1,1,1.0000078736196,4500,1,1
"z[92,1]",0.879555555555556,0.325516707964524,0,1,1,1,1,1.0006698251335,4500,1,1
"z[93,1]",0.901111111111111,0.298545948120994,0,1,1,1,1,1.00022970742622,4500,1,1
"z[94,1]",0.873333333333333,0.332636153179885,0,1,1,1,1,1.00173484366958,2178,1,1
"z[95,1]",0.798888888888889,0.400875471267549,0,1,1,1,1,0.999770871515512,4500,1,1
"z[96,1]",0.841333333333333,0.36540556500869,0,1,1,1,1,0.999920436381746,4500,1,1
"z[97,1]",0.896888888888889,0.304137740801698,0,1,1,1,1,0.999704141594337,4500,1,1
"z[98,1]",0.839111111111111,0.367469266471889,0,1,1,1,1,0.999903446191533,4500,1,1
"z[99,1]",0.760666666666667,0.426723978795057,0,1,1,1,1,1.00070166710185,2655,1,1
"z[100,1]",0.684,0.464964560666886,0,0,1,1,1,1.00068517816631,2270,1,1
"z[101,1]",0.802222222222222,0.398367913358764,0,1,1,1,1,1.0021493204515,1275,1,1
"z[102,1]",0.00288888888888889,0.0536766566849176,0,0,0,0,0,1.05188194987867,3071,1,1
"z[103,1]",0.0393333333333333,0.194408387233923,0,0,0,0,1,1.00802429021683,1566,1,1
"z[104,1]",0.00111111111111111,0.033318511930496,0,0,0,0,0,1.18898008348926,1730,1,1
"z[105,1]",0.286666666666667,0.452254730173891,0,0,0,1,1,1.00024333461115,4248,1,1
"z[106,1]",0.920222222222222,0.270978968999202,0,1,1,1,1,0.999891066857358,4500,1,1
"z[107,1]",0.936222222222222,0.244383806165854,0,1,1,1,1,1.00463450111397,1678,1,1
"z[108,1]",0.941777777777778,0.234189202882591,0,1,1,1,1,1.00006857368893,4500,1,1
"z[109,1]",0.664444444444444,0.472236785873133,0,0,1,1,1,1.00050082598593,2696,1,1
"z[110,1]",1,0,1,1,1,1,1,NA,1,0,1
"z[111,1]",1,0,1,1,1,1,1,NA,1,0,1
"z[112,1]",1,0,1,1,1,1,1,NA,1,0,1
"z[113,1]",1,0,1,1,1,1,1,NA,1,0,1
"z[114,1]",0.722222222222222,0.447952983557986,0,0,1,1,1,1.00023717228315,4365,1,1
"z[115,1]",0.096,0.294623980049003,0,0,0,0,1,1.00008905970082,4500,1,1
"z[116,1]",0.706,0.455642552430834,0,0,1,1,1,1.00164706780369,1216,1,1
"z[117,1]",0.680222222222222,0.466442171258347,0,0,1,1,1,0.999795586886742,4500,1,1
"z[118,1]",1,0,1,1,1,1,1,NA,1,0,1
"z[119,1]",1,0,1,1,1,1,1,NA,1,0,1
"z[120,1]",1,0,1,1,1,1,1,NA,1,0,1
"z[121,1]",1,0,1,1,1,1,1,NA,1,0,1
"z[122,1]",0.549555555555556,0.497593477623403,0,0,1,1,1,0.99975402050756,4500,1,1
"z[123,1]",0.892,0.310414904214329,0,1,1,1,1,1.00004899805551,4500,1,1
"z[124,1]",0.848666666666667,0.358413312036458,0,1,1,1,1,1.00069110344033,3803,1,1
"z[125,1]",0.938888888888889,0.239560631963708,0,1,1,1,1,1.0013375343617,4500,1,1
"z[126,1]",0.945777777777778,0.226480841156445,0,1,1,1,1,1.00958496442338,978,1,1
"z[127,1]",0.795777777777778,0.403176919921029,0,1,1,1,1,1.00027726853211,4500,1,1
"z[128,1]",0.784,0.411560008218152,0,1,1,1,1,NA,4500,1,1
"z[129,1]",0.796444444444444,0.402686883553545,0,1,1,1,1,1.00038889525544,4270,1,1
"z[130,1]",0.804,0.397012627570361,0,1,1,1,1,1.00034846155722,4500,1,1
"z[131,1]",0.733555555555556,0.442148443237228,0,0,1,1,1,0.999669195983377,4500,1,1
"z[132,1]",0.813777777777778,0.389329153792569,0,1,1,1,1,1.00030339092329,4500,1,1
"z[133,1]",0.766666666666667,0.422999587247188,0,1,1,1,1,1.00129884769371,1719,1,1
"z[134,1]",1,0,1,1,1,1,1,NA,1,0,1
"z[135,1]",0.00822222222222222,0.0903129549063228,0,0,0,0,0,1.02677617869642,2174,1,1
"z[136,1]",1,0,1,1,1,1,1,NA,1,0,1
"z[137,1]",0.00377777777777778,0.0613542394088465,0,0,0,0,0,1.12903308588537,838,1,1
"z[138,1]",1,0,1,1,1,1,1,NA,1,0,1
"z[139,1]",1,0,1,1,1,1,1,NA,1,0,1
"z[140,1]",0.244444444444444,0.429805083347423,0,0,0,0,1,1.00401865445222,629,1,1
"z[141,1]",0.947555555555556,0.222946339423924,0,1,1,1,1,1.00826215630616,1156,1,1
"z[142,1]",0.579555555555556,0.493685197983452,0,0,1,1,1,0.999983881008039,4500,1,1
"z[143,1]",0.645555555555556,0.478397783242291,0,0,1,1,1,0.999967186410729,4500,1,1
"z[144,1]",0.567777777777778,0.49543992538561,0,0,1,1,1,0.999807262533603,4500,1,1
"z[145,1]",0.789555555555556,0.407669611770085,0,1,1,1,1,1.0003172576586,4500,1,1
"z[146,1]",0.697333333333333,0.459463239121503,0,0,1,1,1,1.0005749578541,2605,1,1
"z[147,1]",0.759555555555556,0.427400874178475,0,1,1,1,1,0.999747299131254,4500,1,1
"z[148,1]",0.809777777777778,0.392520020648456,0,1,1,1,1,1.00275217438605,1049,1,1
"z[149,1]",0.916888888888889,0.276080771207218,0,1,1,1,1,1.00014217682761,4500,1,1
"z[150,1]",0.868444444444444,0.338044502394683,0,1,1,1,1,0.99975924007385,4500,1,1
"z[151,1]",0.933555555555556,0.249085061097509,0,1,1,1,1,1.00336317565365,2178,1,1
"z[152,1]",0.941777777777778,0.234189202882591,0,1,1,1,1,1.00276410556425,2931,1,1
"z[153,1]",0.724888888888889,0.44661987659371,0,0,1,1,1,1.00079282960558,2236,1,1
"z[154,1]",0.770444444444444,0.420593762891488,0,1,1,1,1,1.00014489397639,4500,1,1
"z[155,1]",0.0148888888888889,0.121121715563244,0,0,0,0,0,1.00012513927424,4500,1,1
"z[156,1]",1,0,1,1,1,1,1,NA,1,0,1
"z[157,1]",1,0,1,1,1,1,1,NA,1,0,1
"z[158,1]",1,0,1,1,1,1,1,NA,1,0,1
"z[159,1]",1,0,1,1,1,1,1,NA,1,0,1
"z[160,1]",0.95,0.217969167319041,0,1,1,1,1,1.00153255198724,4500,1,1
"z[161,1]",1,0,1,1,1,1,1,NA,1,0,1
"z[162,1]",1,0,1,1,1,1,1,NA,1,0,1
"z[163,1]",1,0,1,1,1,1,1,NA,1,0,1
"z[164,1]",1,0,1,1,1,1,1,NA,1,0,1
"z[165,1]",1,0,1,1,1,1,1,NA,1,0,1
"z[166,1]",1,0,1,1,1,1,1,NA,1,0,1
"z[167,1]",1,0,1,1,1,1,1,NA,1,0,1
"z[168,1]",1,0,1,1,1,1,1,NA,1,0,1
"z[169,1]",1,0,1,1,1,1,1,NA,1,0,1
"z[170,1]",1,0,1,1,1,1,1,NA,1,0,1
"z[171,1]",0.734,0.441913336752103,0,0,1,1,1,0.999684094146824,4500,1,1
"z[172,1]",0.844,0.362895667058781,0,1,1,1,1,0.999756353603727,4500,1,1
"z[173,1]",0.804444444444444,0.396671837405431,0,1,1,1,1,1.00153136719659,1713,1,1
"z[174,1]",0.915333333333333,0.278415961965736,0,1,1,1,1,1.00425496566572,1407,1,1
"z[175,1]",1,0,1,1,1,1,1,NA,1,0,1
"z[176,1]",1,0,1,1,1,1,1,NA,1,0,1
"z[177,1]",1,0,1,1,1,1,1,NA,1,0,1
"z[178,1]",1,0,1,1,1,1,1,NA,1,0,1
"z[179,1]",1,0,1,1,1,1,1,NA,1,0,1
"z[180,1]",0.781111111111111,0.413539050686171,0,1,1,1,1,0.999829550685066,4500,1,1
"z[181,1]",0.810444444444444,0.391992848433725,0,1,1,1,1,1.00051987236286,3809,1,1
"z[182,1]",0.578,0.4939334121149,0,0,1,1,1,1.00009417913832,4500,1,1
"z[183,1]",0.762,0.425906457207655,0,1,1,1,1,0.999990910291338,4500,1,1
"z[184,1]",0.831777777777778,0.374105075074719,0,1,1,1,1,1.00001560313427,4500,1,1
"z[185,1]",0.765333333333333,0.423837400201175,0,1,1,1,1,0.99995779647019,4500,1,1
"z[186,1]",1,0,1,1,1,1,1,NA,1,0,1
"z[187,1]",0.458444444444444,0.498325515976808,0,0,0,1,1,0.999937562333888,4500,1,1
"z[188,1]",0.572888888888889,0.494713651416732,0,0,1,1,1,1.0002034928896,3812,1,1
"z[189,1]",0.645111111111111,0.478532812783537,0,0,1,1,1,1.00154340705262,1171,1,1
"z[190,1]",0.583777777777778,0.492986096957346,0,0,1,1,1,1.00010610771208,4500,1,1
"z[191,1]",0.614222222222222,0.486832570746799,0,0,1,1,1,1.00095632948803,1643,1,1
"z[192,1]",0.582444444444444,0.493210878514296,0,0,1,1,1,1.00009525460881,4500,1,1
"z[193,1]",0.508444444444444,0.499984243163838,0,0,1,1,1,1.00035572879844,2908,1,1
"z[194,1]",0.602888888888889,0.489353748787543,0,0,1,1,1,1.00108498541452,1478,1,1
"z[195,1]",0.528666666666667,0.499233019208792,0,0,1,1,1,1.00075070110967,1855,1,1
"z[196,1]",0.583555555555556,0.493023818130153,0,0,1,1,1,1.00109424597553,1445,1,1
"z[197,1]",0.780666666666667,0.41384088844787,0,1,1,1,1,1.00091865854462,2331,1,1
"z[198,1]",0.806888888888889,0.394783287468091,0,1,1,1,1,1.00041669386168,4271,1,1
"z[199,1]",0.567555555555556,0.495470282080354,0,0,1,1,1,1.00014228744042,4289,1,1
"z[200,1]",0.647333333333333,0.47785314890477,0,0,1,1,1,0.999696455350061,4500,1,1
"z[1,2]",1,0,1,1,1,1,1,NA,1,0,1
"z[2,2]",1,0,1,1,1,1,1,NA,1,0,1
"z[3,2]",1,0,1,1,1,1,1,NA,1,0,1
"z[4,2]",1,0,1,1,1,1,1,NA,1,0,1
"z[5,2]",0.858222222222222,0.348860838750797,0,1,1,1,1,1.00037699932216,4500,1,1
"z[6,2]",0.793111111111111,0.405120165106772,0,1,1,1,1,1.00005881152437,4500,1,1
"z[7,2]",1,0,1,1,1,1,1,NA,1,0,1
"z[8,2]",1,0,1,1,1,1,1,NA,1,0,1
"z[9,2]",1,0,1,1,1,1,1,NA,1,0,1
"z[10,2]",1,0,1,1,1,1,1,NA,1,0,1
"z[11,2]",1,0,1,1,1,1,1,NA,1,0,1
"z[12,2]",1,0,1,1,1,1,1,NA,1,0,1
"z[13,2]",1,0,1,1,1,1,1,NA,1,0,1
"z[14,2]",1,0,1,1,1,1,1,NA,1,0,1
"z[15,2]",1,0,1,1,1,1,1,NA,1,0,1
"z[16,2]",0.960222222222222,0.195458425118277,0,1,1,1,1,1.00403316580063,2987,1,1
"z[17,2]",0.960888888888889,0.193880853578703,0,1,1,1,1,1.00099331433874,4500,1,1
"z[18,2]",0.904444444444444,0.294013436961353,0,1,1,1,1,0.999709556489061,4500,1,1
"z[19,2]",1,0,1,1,1,1,1,NA,1,0,1
"z[20,2]",0.0766666666666667,0.266091381389197,0,0,0,0,1,1.00059554066151,4500,1,1
"z[21,2]",0.943111111111111,0.231655927287332,0,1,1,1,1,1.00080471493243,4500,1,1
"z[22,2]",0.946888888888889,0.224279956970223,0,1,1,1,1,1.00055375028973,4500,1,1
"z[23,2]",0.879555555555556,0.325516707964524,0,1,1,1,1,1.00055463182697,4500,1,1
"z[24,2]",0.802888888888889,0.397861153319085,0,1,1,1,1,1.00009354543397,4500,1,1
"z[25,2]",1,0,1,1,1,1,1,NA,1,0,1
"z[26,2]",1,0,1,1,1,1,1,NA,1,0,1
"z[27,2]",1,0,1,1,1,1,1,NA,1,0,1
"z[28,2]",0.947555555555556,0.222946339423924,0,1,1,1,1,1.00165504020164,4500,1,1
"z[29,2]",0.902444444444444,0.296745745695873,0,1,1,1,1,1.00002345644155,4500,1,1
"z[30,2]",1,0,1,1,1,1,1,NA,1,0,1
"z[31,2]",1,0,1,1,1,1,1,NA,1,0,1
"z[32,2]",1,0,1,1,1,1,1,NA,1,0,1
"z[33,2]",0.946222222222222,0.225603720820688,0,1,1,1,1,1.00281116660393,3114,1,1
"z[34,2]",0.953333333333333,0.210947333488984,0,1,1,1,1,1.00238804062687,4115,1,1
"z[35,2]",0.951777777777778,0.214259284678296,0,1,1,1,1,1.00041512641842,4500,1,1
"z[36,2]",0.941555555555556,0.234608019202615,0,1,1,1,1,1.00009000071736,4500,1,1
"z[37,2]",1,0,1,1,1,1,1,NA,1,0,1
"z[38,2]",0.570888888888889,0.495004258940334,0,0,1,1,1,0.999684299870052,4500,1,1
"z[39,2]",1,0,1,1,1,1,1,NA,1,0,1
"z[40,2]",0.905333333333333,0.292786506951796,0,1,1,1,1,1.00015106174797,4500,1,1
"z[41,2]",1,0,1,1,1,1,1,NA,1,0,1
"z[42,2]",1,0,1,1,1,1,1,NA,1,0,1
"z[43,2]",1,0,1,1,1,1,1,NA,1,0,1
"z[44,2]",1,0,1,1,1,1,1,NA,1,0,1
"z[45,2]",1,0,1,1,1,1,1,NA,1,0,1
"z[46,2]",1,0,1,1,1,1,1,NA,1,0,1
"z[47,2]",0.0104444444444444,0.10167426066326,0,0,0,0,0,1.01147310231785,4026,1,1
"z[48,2]",1,0,1,1,1,1,1,NA,1,0,1
"z[49,2]",0.819555555555556,0.384599944597123,0,1,1,1,1,0.999844023320425,4500,1,1
"z[50,2]",0.853111111111111,0.354034456841916,0,1,1,1,1,1.00046483119376,4500,1,1
"z[51,2]",0.877111111111111,0.328346109941716,0,1,1,1,1,1.00019048099911,4500,1,1
"z[52,2]",0.8,0.400044451853224,0,1,1,1,1,1.00019106712661,4500,1,1
"z[53,2]",0.828,0.377422382794731,0,1,1,1,1,0.999670262028427,4500,1,1
"z[54,2]",1,0,1,1,1,1,1,NA,1,0,1
"z[55,2]",1,0,1,1,1,1,1,NA,1,0,1
"z[56,2]",1,0,1,1,1,1,1,NA,1,0,1
"z[57,2]",0.984222222222222,0.124628612791859,1,1,1,1,1,1.00129974235275,4500,0,1
"z[58,2]",0.952222222222222,0.213319417750194,0,1,1,1,1,1.00398901400308,2532,1,1
"z[59,2]",0.918888888888889,0.273036014356096,0,1,1,1,1,1.0007624329833,4500,1,1
"z[60,2]",1,0,1,1,1,1,1,NA,1,0,1
"z[61,2]",0.915555555555556,0.278084096742923,0,1,1,1,1,1.00067383779587,4500,1,1
"z[62,2]",0.904444444444444,0.294013436961353,0,1,1,1,1,1.00142579853177,3291,1,1
"z[63,2]",0.938222222222222,0.240778252960813,0,1,1,1,1,1.00033466044611,4500,1,1
"z[64,2]",0.886222222222222,0.317576458890005,0,1,1,1,1,0.999916389255803,4500,1,1
"z[65,2]",0.871333333333333,0.334867846727887,0,1,1,1,1,1.00053163661403,4500,1,1
"z[66,2]",0.852,0.355139448050594,0,1,1,1,1,1.00122853329894,2534,1,1
"z[67,2]",0.721111111111111,0.448502594820192,0,0,1,1,1,1.00076787862387,2255,1,1
"z[68,2]",0.741777777777778,0.437705472729636,0,0,1,1,1,0.999982281068443,4500,1,1
"z[69,2]",1,0,1,1,1,1,1,NA,1,0,1
"z[70,2]",1,0,1,1,1,1,1,NA,1,0,1
"z[71,2]",1,0,1,1,1,1,1,NA,1,0,1
"z[72,2]",1,0,1,1,1,1,1,NA,1,0,1
"z[73,2]",0.613777777777778,0.486936656862876,0,0,1,1,1,1.00039210152102,2909,1,1
"z[74,2]",1,0,1,1,1,1,1,NA,1,0,1
"z[75,2]",0.516,0.499799470790481,0,0,1,1,1,0.999756852368489,4500,1,1
"z[76,2]",0.173555555555556,0.378768934845247,0,0,0,0,1,1.00262388337101,1178,1,1
"z[77,2]",0.106222222222222,0.308156070826227,0,0,0,0,1,1.00230057329432,2002,1,1
"z[78,2]",0.905555555555556,0.292478548049893,0,1,1,1,1,0.999841956044671,4500,1,1
"z[79,2]",0.886222222222222,0.317576458890005,0,1,1,1,1,1.00143181251658,2810,1,1
"z[80,2]",0.890222222222222,0.31264730789996,0,1,1,1,1,1.00077154869614,4500,1,1
"z[81,2]",0.842,0.364781537535406,0,1,1,1,1,1.00092391424637,2984,1,1
"z[82,2]",1,0,1,1,1,1,1,NA,1,0,1
"z[83,2]",1,0,1,1,1,1,1,NA,1,0,1
"z[84,2]",1,0,1,1,1,1,1,NA,1,0,1
"z[85,2]",1,0,1,1,1,1,1,NA,1,0,1
"z[86,2]",0.0813333333333333,0.273376718032487,0,0,0,0,1,1.00222909981163,2614,1,1
"z[87,2]",1,0,1,1,1,1,1,NA,1,0,1
"z[88,2]",0.752222222222222,0.431770052781765,0,1,1,1,1,1.00004538940818,4500,1,1
"z[89,2]",0.647555555555556,0.477784560747159,0,0,1,1,1,0.999829328935051,4500,1,1
"z[90,2]",0.924666666666667,0.26395777175116,0,1,1,1,1,1.00205661654241,2996,1,1
"z[91,2]",0.927777777777778,0.258884272233404,0,1,1,1,1,1.00131611241657,4500,1,1
"z[92,2]",0.908,0.289058069739814,0,1,1,1,1,1.0014877478619,3279,1,1
"z[93,2]",0.915777777777778,0.277751657165108,0,1,1,1,1,1.00067792056655,4500,1,1
"z[94,2]",0.915111111111111,0.278747254884959,0,1,1,1,1,1.00018597917023,4500,1,1
"z[95,2]",1,0,1,1,1,1,1,NA,1,0,1
"z[96,2]",1,0,1,1,1,1,1,NA,1,0,1
"z[97,2]",1,0,1,1,1,1,1,NA,1,0,1
"z[98,2]",1,0,1,1,1,1,1,NA,1,0,1
"z[99,2]",0.892888888888889,0.309288827266365,0,1,1,1,1,1.00358179241117,1334,1,1
"z[100,2]",0.834,0.372121985606325,0,1,1,1,1,0.999971475657517,4500,1,1
"z[101,2]",0.912222222222222,0.283002892963307,0,1,1,1,1,1.00179436807923,2933,1,1
"z[102,2]",0.00822222222222222,0.0903129549063228,0,0,0,0,0,1.01313909925661,4464,1,1
"z[103,2]",1,0,1,1,1,1,1,NA,1,0,1
"z[104,2]",0.0522222222222222,0.222499579945098,0,0,0,0,1,0.999676688052088,4500,1,1
"z[105,2]",0.171111111111111,0.37664787801767,0,0,0,0,1,0.999730383438354,4500,1,1
"z[106,2]",1,0,1,1,1,1,1,NA,1,0,1
"z[107,2]",1,0,1,1,1,1,1,NA,1,0,1
"z[108,2]",1,0,1,1,1,1,1,NA,1,0,1
"z[109,2]",0.653777777777778,0.475817934481609,0,0,1,1,1,0.999768346862599,4500,1,1
"z[110,2]",1,0,1,1,1,1,1,NA,1,0,1
"z[111,2]",1,0,1,1,1,1,1,NA,1,0,1
"z[112,2]",1,0,1,1,1,1,1,NA,1,0,1
"z[113,2]",0.930888888888889,0.253671175391235,0,1,1,1,1,1.00011983731563,4500,1,1
"z[114,2]",1,0,1,1,1,1,1,NA,1,0,1
"z[115,2]",0.00266666666666667,0.0515766100016907,0,0,0,0,0,1.0099762458543,4500,1,1
"z[116,2]",1,0,1,1,1,1,1,NA,1,0,1
"z[117,2]",1,0,1,1,1,1,1,NA,1,0,1
"z[118,2]",1,0,1,1,1,1,1,NA,1,0,1
"z[119,2]",1,0,1,1,1,1,1,NA,1,0,1
"z[120,2]",0.847555555555556,0.35949110480899,0,1,1,1,1,1.00029893374741,4500,1,1
"z[121,2]",1,0,1,1,1,1,1,NA,1,0,1
"z[122,2]",0.0244444444444444,0.154441620272072,0,0,0,0,0,1.00075096825947,4500,1,1
"z[123,2]",1,0,1,1,1,1,1,NA,1,0,1
"z[124,2]",1,0,1,1,1,1,1,NA,1,0,1
"z[125,2]",1,0,1,1,1,1,1,NA,1,0,1
"z[126,2]",1,0,1,1,1,1,1,NA,1,0,1
"z[127,2]",0.811333333333333,0.391287080054478,0,1,1,1,1,1.0000588674964,4500,1,1
"z[128,2]",0.808,0.393916846973326,0,1,1,1,1,1.00033367661766,4500,1,1
"z[129,2]",0.829111111111111,0.376453674828579,0,1,1,1,1,1.00116049970105,2360,1,1
"z[130,2]",0.810888888888889,0.391640375465991,0,1,1,1,1,0.999768495318944,4500,1,1
"z[131,2]",0.911777777777778,0.283649327601227,0,1,1,1,1,1.00145391294395,3474,1,1
"z[132,2]",0.920444444444444,0.270633969230444,0,1,1,1,1,1.00080345996491,4500,1,1
"z[133,2]",0.894888888888889,0.306730619461065,0,1,1,1,1,1.00108330689022,3751,1,1
"z[134,2]",0.05,0.217969167319041,0,0,0,0,1,1.00810152146243,1239,1,1
"z[135,2]",0.102444444444444,0.303265589918635,0,0,0,0,1,1.0008919725967,4424,1,1
"z[136,2]",1,0,1,1,1,1,1,NA,1,0,1
"z[137,2]",0.00288888888888889,0.0536766566849176,0,0,0,0,0,1.04418532344872,3647,1,1
"z[138,2]",1,0,1,1,1,1,1,NA,1,0,1
"z[139,2]",1,0,1,1,1,1,1,NA,1,0,1
"z[140,2]",0.202444444444444,0.401866370186409,0,0,0,0,1,1.00316499867181,891,1,1
"z[141,2]",1,0,1,1,1,1,1,NA,1,0,1
"z[142,2]",0.623333333333333,0.484604040216981,0,0,1,1,1,0.999812977779043,4500,1,1
"z[143,2]",0.740666666666667,0.438317521197537,0,0,1,1,1,0.999925929242035,4500,1,1
"z[144,2]",0.644222222222222,0.478801519693364,0,0,1,1,1,1.00013310186033,4500,1,1
"z[145,2]",0.889777777777778,0.313201345555729,0,1,1,1,1,1.00044701353527,4500,1,1
"z[146,2]",0.806,0.395472824956344,0,1,1,1,1,1.0001028214086,4500,1,1
"z[147,2]",0.858888888888889,0.348174818844698,0,1,1,1,1,0.999991012830659,4500,1,1
"z[148,2]",0.870888888888889,0.335360141694826,0,1,1,1,1,1.00218851784899,1757,1,1
"z[149,2]",1,0,1,1,1,1,1,NA,1,0,1
"z[150,2]",1,0,1,1,1,1,1,NA,1,0,1
"z[151,2]",1,0,1,1,1,1,1,NA,1,0,1
"z[152,2]",1,0,1,1,1,1,1,NA,1,0,1
"z[153,2]",0.834444444444444,0.371722503647495,0,1,1,1,1,1.00048904546443,4393,1,1
"z[154,2]",0.825777777777778,0.379342612245988,0,1,1,1,1,1.00022488793204,4500,1,1
"z[155,2]",1,0,1,1,1,1,1,NA,1,0,1
"z[156,2]",1,0,1,1,1,1,1,NA,1,0,1
"z[157,2]",1,0,1,1,1,1,1,NA,1,0,1
"z[158,2]",1,0,1,1,1,1,1,NA,1,0,1
"z[159,2]",1,0,1,1,1,1,1,NA,1,0,1
"z[160,2]",1,0,1,1,1,1,1,NA,1,0,1
"z[161,2]",1,0,1,1,1,1,1,NA,1,0,1
"z[162,2]",1,0,1,1,1,1,1,NA,1,0,1
"z[163,2]",1,0,1,1,1,1,1,NA,1,0,1
"z[164,2]",0.939333333333333,0.238744400231546,0,1,1,1,1,0.999940382969963,4500,1,1
"z[165,2]",0.967555555555556,0.177197008935809,0,1,1,1,1,1.0000669563001,4500,1,1
"z[166,2]",0.961333333333333,0.192820688042738,0,1,1,1,1,1.0051450317518,2437,1,1
"z[167,2]",1,0,1,1,1,1,1,NA,1,0,1
"z[168,2]",0.991333333333333,0.0927009450571682,1,1,1,1,1,1.01535874708308,3626,0,1
"z[169,2]",0.995777777777778,0.0648485125458766,1,1,1,1,1,1.00930518134672,4500,0,1
"z[170,2]",0.997111111111111,0.0536766566849176,1,1,1,1,1,1.01987494187977,4500,0,1
"z[171,2]",0.814444444444444,0.388790794756483,0,1,1,1,1,1.00019086967587,4500,1,1
"z[172,2]",0.908444444444444,0.288429580365407,0,1,1,1,1,1.00067693472449,4500,1,1
"z[173,2]",0.862888888888889,0.344002836679547,0,1,1,1,1,0.99968954154606,4500,1,1
"z[174,2]",1,0,1,1,1,1,1,NA,1,0,1
"z[175,2]",1,0,1,1,1,1,1,NA,1,0,1
"z[176,2]",1,0,1,1,1,1,1,NA,1,0,1
"z[177,2]",0.0642222222222222,0.245175623613492,0,0,0,0,1,1.00572956202237,1370,1,1
"z[178,2]",1,0,1,1,1,1,1,NA,1,0,1
"z[179,2]",1,0,1,1,1,1,1,NA,1,0,1
"z[180,2]",0.793555555555556,0.404798158938663,0,1,1,1,1,0.999982623647359,4500,1,1
"z[181,2]",0.868222222222222,0.338286602882318,0,1,1,1,1,1.00015412435978,4500,1,1
"z[182,2]",0.582444444444444,0.493210878514296,0,0,1,1,1,0.99968205276989,4500,1,1
"z[183,2]",0.770666666666667,0.420450757809003,0,1,1,1,1,1.00131219874851,1727,1,1
"z[184,2]",1,0,1,1,1,1,1,NA,1,0,1
"z[185,2]",0.774666666666667,0.417848084308576,0,1,1,1,1,0.999892384375115,4500,1,1
"z[186,2]",0.775333333333333,0.417409000135464,0,1,1,1,1,1.0011344168185,1957,1,1
"z[187,2]",0.295777777777778,0.456442309208322,0,0,0,1,1,1.00028534084739,3881,1,1
"z[188,2]",0.446,0.497130686801717,0,0,0,1,1,0.999827998946508,4500,1,1
"z[189,2]",0.481777777777778,0.499723368190952,0,0,0,1,1,1.00025451719505,3410,1,1
"z[190,2]",0.474444444444444,0.499401978692167,0,0,0,1,1,1.00012710080614,4358,1,1
"z[191,2]",0.388444444444444,0.487450674261498,0,0,0,1,1,1.00014795774216,4378,1,1
"z[192,2]",0.363111111111111,0.480949929775415,0,0,0,1,1,1.00032644643268,3278,1,1
"z[193,2]",0.346666666666667,0.475961375470961,0,0,0,1,1,0.999707047178352,4500,1,1
"z[194,2]",0.360666666666667,0.480247306077237,0,0,0,1,1,1.0011770112543,1437,1,1
"z[195,2]",0.336,0.472391352256365,0,0,0,1,1,1.00059493628395,2414,1,1
"z[196,2]",0.381111111111111,0.485713761684283,0,0,0,1,1,1.00017850834562,4143,1,1
"z[197,2]",0.827333333333333,0.378000847924102,0,1,1,1,1,0.999801007716917,4500,1,1
"z[198,2]",0.861777777777778,0.345171429580393,0,1,1,1,1,1.0001594105527,4500,1,1
"z[199,2]",0.468888888888889,0.499086617264418,0,0,0,1,1,0.99973148937411,4500,1,1
"z[200,2]",0.506222222222222,0.500016842965432,0,0,1,1,1,1.0002426042074,3477,1,1
"z[1,3]",1,0,1,1,1,1,1,NA,1,0,1
"z[2,3]",1,0,1,1,1,1,1,NA,1,0,1
"z[3,3]",1,0,1,1,1,1,1,NA,1,0,1
"z[4,3]",1,0,1,1,1,1,1,NA,1,0,1
"z[5,3]",0.832666666666667,0.373314691159151,0,1,1,1,1,1.00019750521363,4500,1,1
"z[6,3]",0.745555555555556,0.435596871671687,0,0,1,1,1,1.00126287531586,1659,1,1
"z[7,3]",1,0,1,1,1,1,1,NA,1,0,1
"z[8,3]",1,0,1,1,1,1,1,NA,1,0,1
"z[9,3]",1,0,1,1,1,1,1,NA,1,0,1
"z[10,3]",1,0,1,1,1,1,1,NA,1,0,1
"z[11,3]",0.950666666666667,0.216587118720284,0,1,1,1,1,1.00311748275092,3075,1,1
"z[12,3]",1,0,1,1,1,1,1,NA,1,0,1
"z[13,3]",1,0,1,1,1,1,1,NA,1,0,1
"z[14,3]",0.0295555555555556,0.169376503362579,0,0,0,0,1,1.01254993533852,1333,1,1
"z[15,3]",1,0,1,1,1,1,1,NA,1,0,1
"z[16,3]",1,0,1,1,1,1,1,NA,1,0,1
"z[17,3]",1,0,1,1,1,1,1,NA,1,0,1
"z[18,3]",1,0,1,1,1,1,1,NA,1,0,1
"z[19,3]",0.988888888888889,0.104833661410201,1,1,1,1,1,1.00109459702762,4500,0,1
"z[20,3]",1,0,1,1,1,1,1,NA,1,0,1
"z[21,3]",1,0,1,1,1,1,1,NA,1,0,1
"z[22,3]",1,0,1,1,1,1,1,NA,1,0,1
"z[23,3]",1,0,1,1,1,1,1,NA,1,0,1
"z[24,3]",0.165555555555556,0.371722503647495,0,0,0,0,1,1.00044699572952,4500,1,1
"z[25,3]",1,0,1,1,1,1,1,NA,1,0,1
"z[26,3]",1,0,1,1,1,1,1,NA,1,0,1
"z[27,3]",1,0,1,1,1,1,1,NA,1,0,1
"z[28,3]",0.955777777777778,0.205611312804703,0,1,1,1,1,1.00182705701035,4500,1,1
"z[29,3]",0.890444444444444,0.312369683381089,0,1,1,1,1,1.00048485757107,4500,1,1
"z[30,3]",1,0,1,1,1,1,1,NA,1,0,1
"z[31,3]",1,0,1,1,1,1,1,NA,1,0,1
"z[32,3]",1,0,1,1,1,1,1,NA,1,0,1
"z[33,3]",1,0,1,1,1,1,1,NA,1,0,1
"z[34,3]",1,0,1,1,1,1,1,NA,1,0,1
"z[35,3]",1,0,1,1,1,1,1,NA,1,0,1
"z[36,3]",1,0,1,1,1,1,1,NA,1,0,1
"z[37,3]",1,0,1,1,1,1,1,NA,1,0,1
"z[38,3]",0.187333333333333,0.390222236792799,0,0,0,0,1,1.00132177693986,1993,1,1
"z[39,3]",1,0,1,1,1,1,1,NA,1,0,1
"z[40,3]",1,0,1,1,1,1,1,NA,1,0,1
"z[41,3]",1,0,1,1,1,1,1,NA,1,0,1
"z[42,3]",1,0,1,1,1,1,1,NA,1,0,1
"z[43,3]",1,0,1,1,1,1,1,NA,1,0,1
"z[44,3]",1,0,1,1,1,1,1,NA,1,0,1
"z[45,3]",0.996222222222222,0.0613542394088465,1,1,1,1,1,1.04065952588074,3049,0,1
"z[46,3]",1,0,1,1,1,1,1,NA,1,0,1
"z[47,3]",0.00288888888888889,0.0536766566849176,0,0,0,0,0,1.01135716364468,4500,1,1
"z[48,3]",1,0,1,1,1,1,1,NA,1,0,1
"z[49,3]",1,0,1,1,1,1,1,NA,1,0,1
"z[50,3]",1,0,1,1,1,1,1,NA,1,0,1
"z[51,3]",1,0,1,1,1,1,1,NA,1,0,1
"z[52,3]",0.750222222222222,0.432932432056475,0,1,1,1,1,0.999738970843336,4500,1,1
"z[53,3]",0.813333333333333,0.38968701286146,0,1,1,1,1,1.00083684446574,2824,1,1
"z[54,3]",1,0,1,1,1,1,1,NA,1,0,1
"z[55,3]",1,0,1,1,1,1,1,NA,1,0,1
"z[56,3]",1,0,1,1,1,1,1,NA,1,0,1
"z[57,3]",1,0,1,1,1,1,1,NA,1,0,1
"z[58,3]",1,0,1,1,1,1,1,NA,1,0,1
"z[59,3]",1,0,1,1,1,1,1,NA,1,0,1
"z[60,3]",0.0886666666666667,0.28429359739909,0,0,0,0,1,1.00246701028399,2209,1,1
"z[61,3]",0.900888888888889,0.298844349077286,0,1,1,1,1,0.999985116883547,4500,1,1
"z[62,3]",0.915111111111111,0.278747254884959,0,1,1,1,1,1.00012489371982,4500,1,1
"z[63,3]",0.933555555555556,0.249085061097509,0,1,1,1,1,1.0024043988935,2943,1,1
"z[64,3]",0.896444444444444,0.304716977446087,0,1,1,1,1,1.00073645667689,4500,1,1
"z[65,3]",0.857777777777778,0.349316729871186,0,1,1,1,1,1.00136987990474,2406,1,1
"z[66,3]",0.835777777777778,0.370518274124004,0,1,1,1,1,1.00118668743503,2405,1,1
"z[67,3]",0.641555555555556,0.479596850200442,0,0,1,1,1,1.00019481376362,4126,1,1
"z[68,3]",0.649555555555556,0.477162165502882,0,0,1,1,1,1.00022274767923,3948,1,1
"z[69,3]",1,0,1,1,1,1,1,NA,1,0,1
"z[70,3]",1,0,1,1,1,1,1,NA,1,0,1
"z[71,3]",1,0,1,1,1,1,1,NA,1,0,1
"z[72,3]",1,0,1,1,1,1,1,NA,1,0,1
"z[73,3]",1,0,1,1,1,1,1,NA,1,0,1
"z[74,3]",1,0,1,1,1,1,1,NA,1,0,1
"z[75,3]",1,0,1,1,1,1,1,NA,1,0,1
"z[76,3]",0.231111111111111,0.421590159780607,0,0,0,0,1,1.00401701819422,647,1,1
"z[77,3]",0.0191111111111111,0.136930797191431,0,0,0,0,0,1.00887886815591,2855,1,1
"z[78,3]",0.907777777777778,0.289371546504837,0,1,1,1,1,1.00028216346493,4500,1,1
"z[79,3]",0.889555555555556,0.313477760833612,0,1,1,1,1,1.00004514519891,4500,1,1
"z[80,3]",0.912222222222222,0.283002892963307,0,1,1,1,1,1.00006259908704,4500,1,1
"z[81,3]",1,0,1,1,1,1,1,NA,1,0,1
"z[82,3]",1,0,1,1,1,1,1,NA,1,0,1
"z[83,3]",0.172888888888889,0.378193211805201,0,0,0,0,1,1.00059921873581,3752,1,1
"z[84,3]",1,0,1,1,1,1,1,NA,1,0,1
"z[85,3]",1,0,1,1,1,1,1,NA,1,0,1
"z[86,3]",0.0108888888888889,0.103791690054186,0,0,0,0,0,1.00051648792556,4500,1,1
"z[87,3]",0.0177777777777778,0.132157518294075,0,0,0,0,0,1.02262929704503,1212,1,1
"z[88,3]",1,0,1,1,1,1,1,NA,1,0,1
"z[89,3]",1,0,1,1,1,1,1,NA,1,0,1
"z[90,3]",0.938,0.241182350987992,0,1,1,1,1,1.002476934414,3044,1,1
"z[91,3]",0.931777777777778,0.252154872981642,0,1,1,1,1,1.0017530528543,3754,1,1
"z[92,3]",0.906444444444444,0.291241760159636,0,1,1,1,1,1.00090252864916,4500,1,1
"z[93,3]",0.909555555555556,0.286849319191581,0,1,1,1,1,1.00080518049502,4500,1,1
"z[94,3]",0.932,0.251773880070849,0,1,1,1,1,1.00134533164483,4500,1,1
"z[95,3]",1,0,1,1,1,1,1,NA,1,0,1
"z[96,3]",1,0,1,1,1,1,1,NA,1,0,1
"z[97,3]",1,0,1,1,1,1,1,NA,1,0,1
"z[98,3]",1,0,1,1,1,1,1,NA,1,0,1
"z[99,3]",1,0,1,1,1,1,1,NA,1,0,1
"z[100,3]",1,0,1,1,1,1,1,NA,1,0,1
"z[101,3]",1,0,1,1,1,1,1,NA,1,0,1
"z[102,3]",0.0204444444444444,0.141530634321543,0,0,0,0,0,1.00046614949664,4500,1,1
"z[103,3]",0.00666666666666667,0.0813860808385347,0,0,0,0,0,1.01128187735177,4500,1,1
"z[104,3]",1,0,1,1,1,1,1,NA,1,0,1
"z[105,3]",0.353111111111111,0.477989985685628,0,0,0,1,1,1.00063218408893,2267,1,1
"z[106,3]",1,0,1,1,1,1,1,NA,1,0,1
"z[107,3]",1,0,1,1,1,1,1,NA,1,0,1
"z[108,3]",1,0,1,1,1,1,1,NA,1,0,1
"z[109,3]",1,0,1,1,1,1,1,NA,1,0,1
"z[110,3]",1,0,1,1,1,1,1,NA,1,0,1
"z[111,3]",0.216222222222222,0.411713299819999,0,0,0,0,1,1.00003427398682,4500,1,1
"z[112,3]",0.519333333333333,0.499681605671062,0,0,1,1,1,1.00014606057463,4182,1,1
"z[113,3]",1,0,1,1,1,1,1,NA,1,0,1
"z[114,3]",1,0,1,1,1,1,1,NA,1,0,1
"z[115,3]",0.00111111111111111,0.033318511930496,0,0,0,0,0,1.01912206739455,4500,1,1
"z[116,3]",1,0,1,1,1,1,1,NA,1,0,1
"z[117,3]",1,0,1,1,1,1,1,NA,1,0,1
"z[118,3]",1,0,1,1,1,1,1,NA,1,0,1
"z[119,3]",1,0,1,1,1,1,1,NA,1,0,1
"z[120,3]",1,0,1,1,1,1,1,NA,1,0,1
"z[121,3]",1,0,1,1,1,1,1,NA,1,0,1
"z[122,3]",0.0506666666666667,0.219340481264845,0,0,0,0,1,1.00311906636133,3007,1,1
"z[123,3]",1,0,1,1,1,1,1,NA,1,0,1
"z[124,3]",1,0,1,1,1,1,1,NA,1,0,1
"z[125,3]",0.970222222222222,0.169992598048771,0,1,1,1,1,1.00533605932144,3032,1,1
"z[126,3]",1,0,1,1,1,1,1,NA,1,0,1
"z[127,3]",0.778444444444444,0.415339651674082,0,1,1,1,1,1.00044268970086,3728,1,1
"z[128,3]",0.789111111111111,0.407984993242305,0,1,1,1,1,1.00048622610351,3668,1,1
"z[129,3]",0.815555555555556,0.387889322484193,0,1,1,1,1,1.00040707430475,4487,1,1
"z[130,3]",0.772666666666667,0.41915621376802,0,1,1,1,1,1.00101362636777,2122,1,1
"z[131,3]",0.890666666666667,0.312091653631951,0,1,1,1,1,1.00084256486233,4354,1,1
"z[132,3]",0.903333333333333,0.295536176252013,0,1,1,1,1,1.00227050757128,2200,1,1
"z[133,3]",0.857111111111111,0.349998394701315,0,1,1,1,1,0.999826117971882,4500,1,1
"z[134,3]",0.00377777777777778,0.0613542394088465,0,0,0,0,0,1.02644198768286,4500,1,1
"z[135,3]",0.00333333333333333,0.0576451269226114,0,0,0,0,0,1.01920790422686,4500,1,1
"z[136,3]",0.0122222222222222,0.109888684384328,0,0,0,0,0,0.999835943907718,4500,1,1
"z[137,3]",0.154444444444444,0.361414422480432,0,0,0,0,1,1.00081564376591,3323,1,1
"z[138,3]",1,0,1,1,1,1,1,NA,1,0,1
"z[139,3]",1,0,1,1,1,1,1,NA,1,0,1
"z[140,3]",1,0,1,1,1,1,1,NA,1,0,1
"z[141,3]",1,0,1,1,1,1,1,NA,1,0,1
"z[142,3]",0.595777777777778,0.490795421948218,0,0,1,1,1,0.999964830127267,4500,1,1
"z[143,3]",0.730666666666667,0.443662743942178,0,0,1,1,1,1.00031275183155,3943,1,1
"z[144,3]",0.608,0.488250934794651,0,0,1,1,1,1.00004600006875,4500,1,1
"z[145,3]",0.897555555555556,0.303265589918635,0,1,1,1,1,1.00189849360875,2441,1,1
"z[146,3]",0.811333333333333,0.391287080054478,0,1,1,1,1,0.999669771426495,4500,1,1
"z[147,3]",0.896444444444444,0.304716977446087,0,1,1,1,1,1.00113015491071,3680,1,1
"z[148,3]",0.731777777777778,0.443083162614667,0,0,1,1,1,1.00006280076006,4500,1,1
"z[149,3]",1,0,1,1,1,1,1,NA,1,0,1
"z[150,3]",1,0,1,1,1,1,1,NA,1,0,1
"z[151,3]",1,0,1,1,1,1,1,NA,1,0,1
"z[152,3]",1,0,1,1,1,1,1,NA,1,0,1
"z[153,3]",0.863555555555556,0.343298045001655,0,1,1,1,1,0.999679054468656,4500,1,1
"z[154,3]",0.680666666666667,0.466270166765153,0,0,1,1,1,1.0002179435988,4181,1,1
"z[155,3]",1,0,1,1,1,1,1,NA,1,0,1
"z[156,3]",1,0,1,1,1,1,1,NA,1,0,1
"z[157,3]",1,0,1,1,1,1,1,NA,1,0,1
"z[158,3]",1,0,1,1,1,1,1,NA,1,0,1
"z[159,3]",1,0,1,1,1,1,1,NA,1,0,1
"z[160,3]",1,0,1,1,1,1,1,NA,1,0,1
"z[161,3]",0.0224444444444444,0.148140366379144,0,0,0,0,0,1.00110017298555,4500,1,1
"z[162,3]",1,0,1,1,1,1,1,NA,1,0,1
"z[163,3]",1,0,1,1,1,1,1,NA,1,0,1
"z[164,3]",1,0,1,1,1,1,1,NA,1,0,1
"z[165,3]",1,0,1,1,1,1,1,NA,1,0,1
"z[166,3]",1,0,1,1,1,1,1,NA,1,0,1
"z[167,3]",0.994666666666667,0.0728427622699364,1,1,1,1,1,1.04634286394697,1886,0,1
"z[168,3]",0.995111111111111,0.069757214702053,1,1,1,1,1,1.08320692666786,1084,0,1
"z[169,3]",0.992666666666667,0.0853297931213479,1,1,1,1,1,1.00930722190751,4500,0,1
"z[170,3]",1,0,1,1,1,1,1,NA,1,0,1
"z[171,3]",0.796222222222222,0.40285041785229,0,1,1,1,1,0.999938022402515,4500,1,1
"z[172,3]",0.916,0.277418641167487,0,1,1,1,1,0.999716639462981,4500,1,1
"z[173,3]",0.820222222222222,0.384044924537002,0,1,1,1,1,1.0010877311409,2392,1,1
"z[174,3]",0.941333333333333,0.235025879030759,0,1,1,1,1,1.00104952232468,4500,1,1
"z[175,3]",1,0,1,1,1,1,1,NA,1,0,1
"z[176,3]",1,0,1,1,1,1,1,NA,1,0,1
"z[177,3]",1,0,1,1,1,1,1,NA,1,0,1
"z[178,3]",1,0,1,1,1,1,1,NA,1,0,1
"z[179,3]",1,0,1,1,1,1,1,NA,1,0,1
"z[180,3]",0.732222222222222,0.442850336945843,0,0,1,1,1,0.99984458351142,4500,1,1
"z[181,3]",0.846888888888889,0.360134586374701,0,1,1,1,1,0.999950028463175,4500,1,1
"z[182,3]",0.506666666666667,0.500011113457287,0,0,1,1,1,0.99984089949584,4500,1,1
"z[183,3]",0.695777777777778,0.460128362739494,0,0,1,1,1,1.00017331611304,4500,1,1
"z[184,3]",1,0,1,1,1,1,1,NA,1,0,1
"z[185,3]",1,0,1,1,1,1,1,NA,1,0,1
"z[186,3]",0.539111111111111,0.498523368446663,0,0,1,1,1,0.999937036638344,4500,1,1
"z[187,3]",0.0397777777777778,0.195458425118277,0,0,0,0,1,1.00089857736539,4500,1,1
"z[188,3]",0.342,0.474432312469713,0,0,0,1,1,1.00021183970889,4084,1,1
"z[189,3]",0.289777777777778,0.453709557154509,0,0,0,1,1,1.00023146848651,4311,1,1
"z[190,3]",0.297777777777778,0.457332101657473,0,0,0,1,1,0.999931784425287,4500,1,1
"z[191,3]",0.086,0.28039520580441,0,0,0,0,1,1.00139036570949,3686,1,1
"z[192,3]",0.0855555555555556,0.279737720136869,0,0,0,0,1,1.00239102308675,2334,1,1
"z[193,3]",0.06,0.237513233566337,0,0,0,0,1,1.00362127993961,2227,1,1
"z[194,3]",0.056,0.22994727692822,0,0,0,0,1,1.00117556209674,4500,1,1
"z[195,3]",0.0484444444444444,0.214727330422946,0,0,0,0,1,1.00155876665211,4500,1,1
"z[196,3]",0.0377777777777778,0.190679566273877,0,0,0,0,1,1.00018953485693,4500,1,1
"z[197,3]",1,0,1,1,1,1,1,NA,1,0,1
"z[198,3]",1,0,1,1,1,1,1,NA,1,0,1
"z[199,3]",0.393777777777778,0.488640869641331,0,0,0,1,1,1.00000655773701,4500,1,1
"z[200,3]",0.2,0.400044451853224,0,0,0,0,1,1.00047002235373,3900,1,1
"z[1,4]",1,0,1,1,1,1,1,NA,1,0,1
"z[2,4]",1,0,1,1,1,1,1,NA,1,0,1
"z[3,4]",1,0,1,1,1,1,1,NA,1,0,1
"z[4,4]",1,0,1,1,1,1,1,NA,1,0,1
"z[5,4]",0.839555555555556,0.367058530929405,0,1,1,1,1,1.00013409388822,4500,1,1
"z[6,4]",0.726444444444444,0.445833022603045,0,0,1,1,1,1.00050372605791,3006,1,1
"z[7,4]",0.989333333333333,0.102738670891514,1,1,1,1,1,1.00165667303157,4500,0,1
"z[8,4]",1,0,1,1,1,1,1,NA,1,0,1
"z[9,4]",1,0,1,1,1,1,1,NA,1,0,1
"z[10,4]",1,0,1,1,1,1,1,NA,1,0,1
"z[11,4]",1,0,1,1,1,1,1,NA,1,0,1
"z[12,4]",1,0,1,1,1,1,1,NA,1,0,1
"z[13,4]",0.814666666666667,0.388610921802413,0,1,1,1,1,0.999865016039965,4500,1,1
"z[14,4]",0.002,0.0446815807032984,0,0,0,0,0,1.06670438272335,3369,1,1
"z[15,4]",1,0,1,1,1,1,1,NA,1,0,1
"z[16,4]",1,0,1,1,1,1,1,NA,1,0,1
"z[17,4]",1,0,1,1,1,1,1,NA,1,0,1
"z[18,4]",1,0,1,1,1,1,1,NA,1,0,1
"z[19,4]",1,0,1,1,1,1,1,NA,1,0,1
"z[20,4]",1,0,1,1,1,1,1,NA,1,0,1
"z[21,4]",0.0891111111111111,0.284935717041694,0,0,0,0,1,1.00047897911722,4500,1,1
"z[22,4]",1,0,1,1,1,1,1,NA,1,0,1
"z[23,4]",1,0,1,1,1,1,1,NA,1,0,1
"z[24,4]",1,0,1,1,1,1,1,NA,1,0,1
"z[25,4]",1,0,1,1,1,1,1,NA,1,0,1
"z[26,4]",1,0,1,1,1,1,1,NA,1,0,1
"z[27,4]",1,0,1,1,1,1,1,NA,1,0,1
"z[28,4]",1,0,1,1,1,1,1,NA,1,0,1
"z[29,4]",1,0,1,1,1,1,1,NA,1,0,1
"z[30,4]",1,0,1,1,1,1,1,NA,1,0,1
"z[31,4]",1,0,1,1,1,1,1,NA,1,0,1
"z[32,4]",1,0,1,1,1,1,1,NA,1,0,1
"z[33,4]",1,0,1,1,1,1,1,NA,1,0,1
"z[34,4]",1,0,1,1,1,1,1,NA,1,0,1
"z[35,4]",0.832,0.373907833880739,0,1,1,1,1,0.999984733340921,4500,1,1
"z[36,4]",0.930888888888889,0.253671175391235,0,1,1,1,1,1.00027984362509,4500,1,1
"z[37,4]",1,0,1,1,1,1,1,NA,1,0,1
"z[38,4]",0.637777777777778,0.480695987642528,0,0,1,1,1,1.00016234078182,4365,1,1
"z[39,4]",1,0,1,1,1,1,1,NA,1,0,1
"z[40,4]",1,0,1,1,1,1,1,NA,1,0,1
"z[41,4]",1,0,1,1,1,1,1,NA,1,0,1
"z[42,4]",1,0,1,1,1,1,1,NA,1,0,1
"z[43,4]",1,0,1,1,1,1,1,NA,1,0,1
"z[44,4]",0.988222222222222,0.107896472423584,1,1,1,1,1,1.0031110831676,4500,0,1
"z[45,4]",1,0,1,1,1,1,1,NA,1,0,1
"z[46,4]",1,0,1,1,1,1,1,NA,1,0,1
"z[47,4]",0,0,0,0,0,0,0,NA,1,1,1
"z[48,4]",1,0,1,1,1,1,1,NA,1,0,1
"z[49,4]",0.320444444444444,0.466699265365087,0,0,0,1,1,0.999985617598886,4500,1,1
"z[50,4]",1,0,1,1,1,1,1,NA,1,0,1
"z[51,4]",1,0,1,1,1,1,1,NA,1,0,1
"z[52,4]",0.745111111111111,0.435847171788359,0,0,1,1,1,1.00133309459356,1587,1,1
"z[53,4]",0.803555555555556,0.397352628229014,0,1,1,1,1,1.00033663610708,4500,1,1
"z[54,4]",1,0,1,1,1,1,1,NA,1,0,1
"z[55,4]",1,0,1,1,1,1,1,NA,1,0,1
"z[56,4]",1,0,1,1,1,1,1,NA,1,0,1
"z[57,4]",1,0,1,1,1,1,1,NA,1,0,1
"z[58,4]",1,0,1,1,1,1,1,NA,1,0,1
"z[59,4]",1,0,1,1,1,1,1,NA,1,0,1
"z[60,4]",1,0,1,1,1,1,1,NA,1,0,1
"z[61,4]",0.892,0.310414904214329,0,1,1,1,1,0.999953814054162,4500,1,1
"z[62,4]",0.929555555555556,0.255922995228642,0,1,1,1,1,1.00022520900362,4500,1,1
"z[63,4]",0.940666666666667,0.236273770253685,0,1,1,1,1,1.000688354825,4500,1,1
"z[64,4]",0.908666666666667,0.288114564405752,0,1,1,1,1,1.00367017752838,1507,1,1
"z[65,4]",0.866444444444444,0.340211978135586,0,1,1,1,1,0.999900737111811,4500,1,1
"z[66,4]",0.845555555555556,0.361414422480432,0,1,1,1,1,1.00050306125197,4500,1,1
"z[67,4]",0.52,0.499655360218754,0,0,1,1,1,0.99967730866843,4500,1,1
"z[68,4]",0.536,0.498757736621663,0,0,1,1,1,0.999767187080648,4500,1,1
"z[69,4]",0.278222222222222,0.448173239577547,0,0,0,1,1,1.00065702840577,2524,1,1
"z[70,4]",0.241555555555556,0.428073814585456,0,0,0,0,1,1.00006906647844,4500,1,1
"z[71,4]",0.076,0.265027562343912,0,0,0,0,1,1.00129765942,4350,1,1
"z[72,4]",0.404,0.490751993830658,0,0,0,1,1,0.999890106592026,4500,1,1
"z[73,4]",0.658888888888889,0.474135294503335,0,0,1,1,1,1.00053770266334,2554,1,1
"z[74,4]",1,0,1,1,1,1,1,NA,1,0,1
"z[75,4]",1,0,1,1,1,1,1,NA,1,0,1
"z[76,4]",0.215555555555556,0.411252893283533,0,0,0,0,1,1.00163195583436,1506,1,1
"z[77,4]",0.0597777777777778,0.237101007385967,0,0,0,0,1,1.00044638365771,4500,1,1
"z[78,4]",1,0,1,1,1,1,1,NA,1,0,1
"z[79,4]",1,0,1,1,1,1,1,NA,1,0,1
"z[80,4]",0.922666666666667,0.267149300225178,0,1,1,1,1,0.999724786374001,4500,1,1
"z[81,4]",0.0913333333333333,0.288114564405752,0,0,0,0,1,0.99974183015459,4500,1,1
"z[82,4]",1,0,1,1,1,1,1,NA,1,0,1
"z[83,4]",1,0,1,1,1,1,1,NA,1,0,1
"z[84,4]",1,0,1,1,1,1,1,NA,1,0,1
"z[85,4]",1,0,1,1,1,1,1,NA,1,0,1
"z[86,4]",0.00555555555555556,0.0743365276300976,0,0,0,0,0,1.0238750341996,3610,1,1
"z[87,4]",0.0202222222222222,0.140775309913555,0,0,0,0,0,1.00571077561933,4137,1,1
"z[88,4]",1,0,1,1,1,1,1,NA,1,0,1
"z[89,4]",0.734222222222222,0.441795568888414,0,0,1,1,1,0.99999052285725,4500,1,1
"z[90,4]",0.944222222222222,0.229517588820724,0,1,1,1,1,0.999782322533378,4500,1,1
"z[91,4]",0.936666666666667,0.243588603732636,0,1,1,1,1,0.999939940743546,4500,1,1
"z[92,4]",0.906888888888889,0.290620372706953,0,1,1,1,1,1.0013463552219,3512,1,1
"z[93,4]",0.914666666666667,0.279408131952049,0,1,1,1,1,1.00065049506381,4500,1,1
"z[94,4]",0.946222222222222,0.225603720820688,0,1,1,1,1,1.00116335828154,4500,1,1
"z[95,4]",1,0,1,1,1,1,1,NA,1,0,1
"z[96,4]",1,0,1,1,1,1,1,NA,1,0,1
"z[97,4]",1,0,1,1,1,1,1,NA,1,0,1
"z[98,4]",1,0,1,1,1,1,1,NA,1,0,1
"z[99,4]",1,0,1,1,1,1,1,NA,1,0,1
"z[100,4]",0.846,0.360988861926802,0,1,1,1,1,1.00070233918556,3712,1,1
"z[101,4]",0.178444444444444,0.382928988404224,0,0,0,0,1,1.00088419070752,2794,1,1
"z[102,4]",0.00111111111111111,0.033318511930496,0,0,0,0,0,1.07137218653062,4500,1,1
"z[103,4]",0.00111111111111111,0.033318511930496,0,0,0,0,0,1.01912206739455,4500,1,1
"z[104,4]",1,0,1,1,1,1,1,NA,1,0,1
"z[105,4]",0.400444444444444,0.490042912671345,0,0,0,1,1,1.00074992937118,1927,1,1
"z[106,4]",1,0,1,1,1,1,1,NA,1,0,1
"z[107,4]",1,0,1,1,1,1,1,NA,1,0,1
"z[108,4]",1,0,1,1,1,1,1,NA,1,0,1
"z[109,4]",1,0,1,1,1,1,1,NA,1,0,1
"z[110,4]",1,0,1,1,1,1,1,NA,1,0,1
"z[111,4]",1,0,1,1,1,1,1,NA,1,0,1
"z[112,4]",0.0346666666666667,0.182954440186126,0,0,0,0,1,1.00092225506475,4500,1,1
"z[113,4]",1,0,1,1,1,1,1,NA,1,0,1
"z[114,4]",1,0,1,1,1,1,1,NA,1,0,1
"z[115,4]",0.0317777777777778,0.175427447850631,0,0,0,0,1,1.00156342015563,4500,1,1
"z[116,4]",1,0,1,1,1,1,1,NA,1,0,1
"z[117,4]",1,0,1,1,1,1,1,NA,1,0,1
"z[118,4]",1,0,1,1,1,1,1,NA,1,0,1
"z[119,4]",1,0,1,1,1,1,1,NA,1,0,1
"z[120,4]",1,0,1,1,1,1,1,NA,1,0,1
"z[121,4]",1,0,1,1,1,1,1,NA,1,0,1
"z[122,4]",1,0,1,1,1,1,1,NA,1,0,1
"z[123,4]",0.933777777777778,0.248697776589203,0,1,1,1,1,1.00216999413765,3228,1,1
"z[124,4]",1,0,1,1,1,1,1,NA,1,0,1
"z[125,4]",1,0,1,1,1,1,1,NA,1,0,1
"z[126,4]",1,0,1,1,1,1,1,NA,1,0,1
"z[127,4]",0.788222222222222,0.408613575352813,0,1,1,1,1,1.00030424725866,4500,1,1
"z[128,4]",0.802222222222222,0.398367913358764,0,1,1,1,1,1.00012156003182,4500,1,1
"z[129,4]",0.833333333333333,0.372719411818938,0,1,1,1,1,1.00077620308344,3245,1,1
"z[130,4]",0.786888888888889,0.409551021508422,0,1,1,1,1,1.00101040110464,2219,1,1
"z[131,4]",0.893333333333333,0.308723288567936,0,1,1,1,1,1.00001704834789,4500,1,1
"z[132,4]",0.904666666666667,0.293707437222326,0,1,1,1,1,1.00141099562915,3328,1,1
"z[133,4]",0.861777777777778,0.345171429580393,0,1,1,1,1,1.00026388892194,4500,1,1
"z[134,4]",0.00511111111111111,0.071317023933587,0,0,0,0,0,1.02274864216795,4120,1,1
"z[135,4]",0.00777777777777778,0.0878578356425394,0,0,0,0,0,1.01466855960057,4225,1,1
"z[136,4]",0.0453333333333333,0.20805730398765,0,0,0,0,1,1.00214666540271,4500,1,1
"z[137,4]",1,0,1,1,1,1,1,NA,1,0,1
"z[138,4]",1,0,1,1,1,1,1,NA,1,0,1
"z[139,4]",1,0,1,1,1,1,1,NA,1,0,1
"z[140,4]",1,0,1,1,1,1,1,NA,1,0,1
"z[141,4]",1,0,1,1,1,1,1,NA,1,0,1
"z[142,4]",0.542222222222222,0.49826946084164,0,0,1,1,1,0.999671819431061,4500,1,1
"z[143,4]",0.741333333333333,0.437950733110633,0,0,1,1,1,1.00101372537468,1936,1,1
"z[144,4]",0.573111111111111,0.494680851905704,0,0,1,1,1,0.999978805940982,4500,1,1
"z[145,4]",1,0,1,1,1,1,1,NA,1,0,1
"z[146,4]",1,0,1,1,1,1,1,NA,1,0,1
"z[147,4]",1,0,1,1,1,1,1,NA,1,0,1
"z[148,4]",0.0775555555555556,0.267500640790067,0,0,0,0,1,0.999758253503091,4500,1,1
"z[149,4]",0.842444444444444,0.364364247671686,0,1,1,1,1,1.00193033730172,1659,1,1
"z[150,4]",1,0,1,1,1,1,1,NA,1,0,1
"z[151,4]",0.993111111111111,0.0827221418662089,1,1,1,1,1,1.01411938769043,4500,0,1
"z[152,4]",1,0,1,1,1,1,1,NA,1,0,1
"z[153,4]",1,0,1,1,1,1,1,NA,1,0,1
"z[154,4]",0.203777777777778,0.40285041785229,0,0,0,0,1,0.99971252647045,4500,1,1
"z[155,4]",1,0,1,1,1,1,1,NA,1,0,1
"z[156,4]",1,0,1,1,1,1,1,NA,1,0,1
"z[157,4]",1,0,1,1,1,1,1,NA,1,0,1
"z[158,4]",1,0,1,1,1,1,1,NA,1,0,1
"z[159,4]",1,0,1,1,1,1,1,NA,1,0,1
"z[160,4]",1,0,1,1,1,1,1,NA,1,0,1
"z[161,4]",0.008,0.08909412970305,0,0,0,0,0,1.0300002818468,1985,1,1
"z[162,4]",1,0,1,1,1,1,1,NA,1,0,1
"z[163,4]",1,0,1,1,1,1,1,NA,1,0,1
"z[164,4]",1,0,1,1,1,1,1,NA,1,0,1
"z[165,4]",1,0,1,1,1,1,1,NA,1,0,1
"z[166,4]",1,0,1,1,1,1,1,NA,1,0,1
"z[167,4]",1,0,1,1,1,1,1,NA,1,0,1
"z[168,4]",1,0,1,1,1,1,1,NA,1,0,1
"z[169,4]",1,0,1,1,1,1,1,NA,1,0,1
"z[170,4]",1,0,1,1,1,1,1,NA,1,0,1
"z[171,4]",0.805111111111111,0.396159167375477,0,1,1,1,1,1.00006475799785,4500,1,1
"z[172,4]",0.930666666666667,0.25404835085059,0,1,1,1,1,1.00004017536919,4500,1,1
"z[173,4]",0.819555555555556,0.384599944597123,0,1,1,1,1,1.00053015455998,3926,1,1
"z[174,4]",1,0,1,1,1,1,1,NA,1,0,1
"z[175,4]",1,0,1,1,1,1,1,NA,1,0,1
"z[176,4]",1,0,1,1,1,1,1,NA,1,0,1
"z[177,4]",1,0,1,1,1,1,1,NA,1,0,1
"z[178,4]",0.964222222222222,0.185756281888117,0,1,1,1,1,1.00303859017625,4287,1,1
"z[179,4]",0.974666666666667,0.15715293120877,0,1,1,1,1,1.00972553958617,1985,1,1
"z[180,4]",0.667777777777778,0.471062552512027,0,0,1,1,1,1.00089798438451,1835,1,1
"z[181,4]",0.857777777777778,0.349316729871186,0,1,1,1,1,1.00027562586944,4500,1,1
"z[182,4]",0.399777777777778,0.489906972262025,0,0,0,1,1,1.00015892247484,4237,1,1
"z[183,4]",0.597555555555556,0.490445069407419,0,0,1,1,1,1.00087546150534,1727,1,1
"z[184,4]",1,0,1,1,1,1,1,NA,1,0,1
"z[185,4]",0.356,0.478868414994924,0,0,0,1,1,1.00004415969929,4500,1,1
"z[186,4]",1,0,1,1,1,1,1,NA,1,0,1
"z[187,4]",0.0311111111111111,0.173637293967947,0,0,0,0,1,1.00180538490825,4500,1,1
"z[188,4]",0.328,0.469536997712101,0,0,0,1,1,0.999732172465705,4500,1,1
"z[189,4]",0.106444444444444,0.308439890155801,0,0,0,0,1,1.00002972488414,4500,1,1
"z[190,4]",0.0704444444444444,0.255922995228642,0,0,0,0,1,0.99994871476284,4500,1,1
"z[191,4]",0.133555555555556,0.340211978135586,0,0,0,0,1,0.99973482312149,4500,1,1
"z[192,4]",0.0377777777777778,0.190679566273877,0,0,0,0,1,1.00203191821381,4500,1,1
"z[193,4]",0.0224444444444444,0.148140366379144,0,0,0,0,0,1.00048565505507,4500,1,1
"z[194,4]",0.0448888888888889,0.207083090060559,0,0,0,0,1,0.999720305833135,4500,1,1
"z[195,4]",0.0197777777777778,0.139251306560123,0,0,0,0,0,1.00091209024949,4500,1,1
"z[196,4]",0.07,0.255175370837775,0,0,0,0,1,1.00295427601039,2326,1,1
"z[197,4]",1,0,1,1,1,1,1,NA,1,0,1
"z[198,4]",1,0,1,1,1,1,1,NA,1,0,1
"z[199,4]",1,0,1,1,1,1,1,NA,1,0,1
"z[200,4]",0.329777777777778,0.470184562178699,0,0,0,1,1,0.999717116432929,4500,1,1
"z[1,5]",1,0,1,1,1,1,1,NA,1,0,1
"z[2,5]",1,0,1,1,1,1,1,NA,1,0,1
"z[3,5]",1,0,1,1,1,1,1,NA,1,0,1
"z[4,5]",1,0,1,1,1,1,1,NA,1,0,1
"z[5,5]",0.809555555555556,0.392695335891138,0,1,1,1,1,1.00054773363839,3687,1,1
"z[6,5]",0.608222222222222,0.488201715753971,0,0,1,1,1,0.99995426267165,4500,1,1
"z[7,5]",0.986444444444444,0.115649360747383,1,1,1,1,1,1.01596794625966,2239,0,1
"z[8,5]",1,0,1,1,1,1,1,NA,1,0,1
"z[9,5]",1,0,1,1,1,1,1,NA,1,0,1
"z[10,5]",1,0,1,1,1,1,1,NA,1,0,1
"z[11,5]",1,0,1,1,1,1,1,NA,1,0,1
"z[12,5]",1,0,1,1,1,1,1,NA,1,0,1
"z[13,5]",0.401555555555556,0.490267381292261,0,0,0,1,1,0.999744009241572,4500,1,1
"z[14,5]",0.000666666666666667,0.0258141493083176,0,0,0,0,0,1.13377982835195,4498,1,1
"z[15,5]",1,0,1,1,1,1,1,NA,1,0,1
"z[16,5]",1,0,1,1,1,1,1,NA,1,0,1
"z[17,5]",1,0,1,1,1,1,1,NA,1,0,1
"z[18,5]",0.986888888888889,0.113763288874888,1,1,1,1,1,1.00201641669654,4500,0,1
"z[19,5]",1,0,1,1,1,1,1,NA,1,0,1
"z[20,5]",1,0,1,1,1,1,1,NA,1,0,1
"z[21,5]",1,0,1,1,1,1,1,NA,1,0,1
"z[22,5]",1,0,1,1,1,1,1,NA,1,0,1
"z[23,5]",1,0,1,1,1,1,1,NA,1,0,1
"z[24,5]",1,0,1,1,1,1,1,NA,1,0,1
"z[25,5]",1,0,1,1,1,1,1,NA,1,0,1
"z[26,5]",1,0,1,1,1,1,1,NA,1,0,1
"z[27,5]",1,0,1,1,1,1,1,NA,1,0,1
"z[28,5]",1,0,1,1,1,1,1,NA,1,0,1
"z[29,5]",0.0217777777777778,0.145973426820025,0,0,0,0,0,1.0039357084176,4500,1,1
"z[30,5]",0.989111111111111,0.103791690054186,1,1,1,1,1,1.01363012953965,3256,0,1
"z[31,5]",1,0,1,1,1,1,1,NA,1,0,1
"z[32,5]",1,0,1,1,1,1,1,NA,1,0,1
"z[33,5]",1,0,1,1,1,1,1,NA,1,0,1
"z[34,5]",1,0,1,1,1,1,1,NA,1,0,1
"z[35,5]",1,0,1,1,1,1,1,NA,1,0,1
"z[36,5]",1,0,1,1,1,1,1,NA,1,0,1
"z[37,5]",1,0,1,1,1,1,1,NA,1,0,1
"z[38,5]",1,0,1,1,1,1,1,NA,1,0,1
"z[39,5]",1,0,1,1,1,1,1,NA,1,0,1
"z[40,5]",1,0,1,1,1,1,1,NA,1,0,1
"z[41,5]",1,0,1,1,1,1,1,NA,1,0,1
"z[42,5]",1,0,1,1,1,1,1,NA,1,0,1
"z[43,5]",1,0,1,1,1,1,1,NA,1,0,1
"z[44,5]",1,0,1,1,1,1,1,NA,1,0,1
"z[45,5]",1,0,1,1,1,1,1,NA,1,0,1
"z[46,5]",1,0,1,1,1,1,1,NA,1,0,1
"z[47,5]",0.223111111111111,0.41637851783485,0,0,0,0,1,0.999933377069222,4500,1,1
"z[48,5]",0.543333333333333,0.498174038614519,0,0,1,1,1,1.00029879972245,3191,1,1
"z[49,5]",0.505777777777778,0.500022177276067,0,0,1,1,1,0.999744052564245,4500,1,1
"z[50,5]",0.763555555555556,0.424945405567671,0,1,1,1,1,1.00070129059553,2671,1,1
"z[51,5]",0.829555555555556,0.376064573555185,0,1,1,1,1,1.00102542142097,2606,1,1
"z[52,5]",0.723333333333333,0.447399937094247,0,0,1,1,1,1.00038349399454,3483,1,1
"z[53,5]",0.781111111111111,0.413539050686171,0,1,1,1,1,1.00057119231531,3240,1,1
"z[54,5]",1,0,1,1,1,1,1,NA,1,0,1
"z[55,5]",1,0,1,1,1,1,1,NA,1,0,1
"z[56,5]",1,0,1,1,1,1,1,NA,1,0,1
"z[57,5]",1,0,1,1,1,1,1,NA,1,0,1
"z[58,5]",0.0711111111111111,0.257038913373673,0,0,0,0,1,1.00197292255982,3271,1,1
"z[59,5]",0.820888888888889,0.383487941993863,0,1,1,1,1,0.999671179128468,4500,1,1
"z[60,5]",0.883777777777778,0.320526828561842,0,1,1,1,1,0.99997748866952,4500,1,1
"z[61,5]",0.912666666666667,0.282354278616482,0,1,1,1,1,1.00162842438134,3185,1,1
"z[62,5]",0.954,0.209508363001558,0,1,1,1,1,1.00016592358137,4500,1,1
"z[63,5]",0.956888888888889,0.203129792200249,0,1,1,1,1,0.999681113257785,4500,1,1
"z[64,5]",0.935333333333333,0.245964088766797,0,1,1,1,1,1.00021220710037,4500,1,1
"z[65,5]",0.887777777777778,0.315674737072972,0,1,1,1,1,1.00311377346038,1449,1,1
"z[66,5]",0.868,0.338528384323479,0,1,1,1,1,1.00135841035658,2570,1,1
"z[67,5]",0.252666666666667,0.434589683416165,0,0,0,1,1,1.00024694209501,4500,1,1
"z[68,5]",0.256444444444444,0.436718529791692,0,0,0,1,1,1.00039537456254,3593,1,1
"z[69,5]",1,0,1,1,1,1,1,NA,1,0,1
"z[70,5]",0.144,0.351128748592969,0,0,0,0,1,1.00128489270489,2515,1,1
"z[71,5]",0.0113333333333333,0.105864911172911,0,0,0,0,0,1.01582517529047,2702,1,1
"z[72,5]",1,0,1,1,1,1,1,NA,1,0,1
"z[73,5]",0.892666666666667,0.309570969851063,0,1,1,1,1,1.00294905922748,1582,1,1
"z[74,5]",0.996444444444444,0.0595289935189017,1,1,1,1,1,1.00744020021063,4500,0,1
"z[75,5]",0.992444444444444,0.0866033246050876,1,1,1,1,1,1.0254626751023,2490,0,1
"z[76,5]",0.0417777777777778,0.200103206188376,0,0,0,0,1,1.00299053564052,3737,1,1
"z[77,5]",1,0,1,1,1,1,1,NA,1,0,1
"z[78,5]",1,0,1,1,1,1,1,NA,1,0,1
"z[79,5]",1,0,1,1,1,1,1,NA,1,0,1
"z[80,5]",0.923555555555556,0.265737434110773,0,1,1,1,1,1.00005742490485,4500,1,1
"z[81,5]",1,0,1,1,1,1,1,NA,1,0,1
"z[82,5]",1,0,1,1,1,1,1,NA,1,0,1
"z[83,5]",0.0177777777777778,0.132157518294075,0,0,0,0,0,1.00023272343933,4500,1,1
"z[84,5]",1,0,1,1,1,1,1,NA,1,0,1
"z[85,5]",1,0,1,1,1,1,1,NA,1,0,1
"z[86,5]",1,0,1,1,1,1,1,NA,1,0,1
"z[87,5]",1,0,1,1,1,1,1,NA,1,0,1
"z[88,5]",0.0468888888888889,0.211424346699986,0,0,0,0,1,0.999827188287617,4500,1,1
"z[89,5]",0.0142222222222222,0.118419030794728,0,0,0,0,0,1.0005447576819,4500,1,1
"z[90,5]",0.945555555555556,0.226917803425049,0,1,1,1,1,1.00112904911871,4500,1,1
"z[91,5]",0.95,0.217969167319041,0,1,1,1,1,1.00028918495275,4500,1,1
"z[92,5]",0.927111111111111,0.259982920619994,0,1,1,1,1,1.0000283519591,4500,1,1
"z[93,5]",0.937111111111111,0.242789983053629,0,1,1,1,1,1.00088949250634,4500,1,1
"z[94,5]",0.966222222222222,0.180676765936377,0,1,1,1,1,1.00792721130451,1832,1,1
"z[95,5]",1,0,1,1,1,1,1,NA,1,0,1
"z[96,5]",1,0,1,1,1,1,1,NA,1,0,1
"z[97,5]",1,0,1,1,1,1,1,NA,1,0,1
"z[98,5]",1,0,1,1,1,1,1,NA,1,0,1
"z[99,5]",0.875777777777778,0.329871555144548,0,1,1,1,1,0.999699993901133,4500,1,1
"z[100,5]",1,0,1,1,1,1,1,NA,1,0,1
"z[101,5]",1,0,1,1,1,1,1,NA,1,0,1
"z[102,5]",0.380666666666667,0.485604734545429,0,0,0,1,1,1.00018295479549,4113,1,1
"z[103,5]",0.314666666666667,0.464434590416437,0,0,0,1,1,1.00131883583904,1406,1,1
"z[104,5]",0.0202222222222222,0.140775309913555,0,0,0,0,0,1.01180223936185,2048,1,1
"z[105,5]",0.348888888888889,0.476671715676982,0,0,0,1,1,1.00063487677882,2275,1,1
"z[106,5]",0.610888888888889,0.48760279849109,0,0,1,1,1,1.00001033656746,4500,1,1
"z[107,5]",0.317333333333333,0.465490107554567,0,0,0,1,1,0.9999143744364,4500,1,1
"z[108,5]",1,0,1,1,1,1,1,NA,1,0,1
"z[109,5]",1,0,1,1,1,1,1,NA,1,0,1
"z[110,5]",1,0,1,1,1,1,1,NA,1,0,1
"z[111,5]",1,0,1,1,1,1,1,NA,1,0,1
"z[112,5]",1,0,1,1,1,1,1,NA,1,0,1
"z[113,5]",1,0,1,1,1,1,1,NA,1,0,1
"z[114,5]",1,0,1,1,1,1,1,NA,1,0,1
"z[115,5]",1,0,1,1,1,1,1,NA,1,0,1
"z[116,5]",1,0,1,1,1,1,1,NA,1,0,1
"z[117,5]",1,0,1,1,1,1,1,NA,1,0,1
"z[118,5]",1,0,1,1,1,1,1,NA,1,0,1
"z[119,5]",1,0,1,1,1,1,1,NA,1,0,1
"z[120,5]",1,0,1,1,1,1,1,NA,1,0,1
"z[121,5]",1,0,1,1,1,1,1,NA,1,0,1
"z[122,5]",0.00622222222222222,0.0786440117920529,0,0,0,0,0,1.00223843908715,4500,1,1
"z[123,5]",1,0,1,1,1,1,1,NA,1,0,1
"z[124,5]",1,0,1,1,1,1,1,NA,1,0,1
"z[125,5]",1,0,1,1,1,1,1,NA,1,0,1
"z[126,5]",1,0,1,1,1,1,1,NA,1,0,1
"z[127,5]",0.845111111111111,0.361838936502114,0,1,1,1,1,1.00011825148355,4500,1,1
"z[128,5]",0.854888888888889,0.352251969758594,0,1,1,1,1,1.00232273709374,1523,1,1
"z[129,5]",0.869555555555556,0.336829190149167,0,1,1,1,1,0.999956097341277,4500,1,1
"z[130,5]",0.838888888888889,0.367674260666936,0,1,1,1,1,1.00147245090759,2054,1,1
"z[131,5]",0.874444444444444,0.331384612689324,0,1,1,1,1,0.999693222893837,4500,1,1
"z[132,5]",0.883777777777778,0.320526828561842,0,1,1,1,1,1.00027347128089,4500,1,1
"z[133,5]",0.832,0.373907833880739,0,1,1,1,1,1.00246086738119,1278,1,1
"z[134,5]",1,0,1,1,1,1,1,NA,1,0,1
"z[135,5]",1,0,1,1,1,1,1,NA,1,0,1
"z[136,5]",0.601111111111111,0.489724247643094,0,0,1,1,1,0.999833315185696,4500,1,1
"z[137,5]",1,0,1,1,1,1,1,NA,1,0,1
"z[138,5]",1,0,1,1,1,1,1,NA,1,0,1
"z[139,5]",1,0,1,1,1,1,1,NA,1,0,1
"z[140,5]",1,0,1,1,1,1,1,NA,1,0,1
"z[141,5]",0.0788888888888889,0.26959522169686,0,0,0,0,1,0.999839580398914,4500,1,1
"z[142,5]",0.381333333333333,0.485768113554913,0,0,0,1,1,1.00034297545149,3142,1,1
"z[143,5]",0.746222222222222,0.435220300406757,0,0,1,1,1,1.00123582385157,1687,1,1
"z[144,5]",0.447111111111111,0.497250149914738,0,0,0,1,1,0.999962831038624,4500,1,1
"z[145,5]",1,0,1,1,1,1,1,NA,1,0,1
"z[146,5]",0,0,0,0,0,0,0,NA,1,1,1
"z[147,5]",1,0,1,1,1,1,1,NA,1,0,1
"z[148,5]",0.00444444444444444,0.0665257457028688,0,0,0,0,0,1.02982435352671,3585,1,1
"z[149,5]",0.400888888888889,0.490133014784224,0,0,0,1,1,1.00197089028822,909,1,1
"z[150,5]",1,0,1,1,1,1,1,NA,1,0,1
"z[151,5]",1,0,1,1,1,1,1,NA,1,0,1
"z[152,5]",1,0,1,1,1,1,1,NA,1,0,1
"z[153,5]",1,0,1,1,1,1,1,NA,1,0,1
"z[154,5]",1,0,1,1,1,1,1,NA,1,0,1
"z[155,5]",1,0,1,1,1,1,1,NA,1,0,1
"z[156,5]",1,0,1,1,1,1,1,NA,1,0,1
"z[157,5]",1,0,1,1,1,1,1,NA,1,0,1
"z[158,5]",1,0,1,1,1,1,1,NA,1,0,1
"z[159,5]",1,0,1,1,1,1,1,NA,1,0,1
"z[160,5]",1,0,1,1,1,1,1,NA,1,0,1
"z[161,5]",0.00422222222222222,0.0648485125458765,0,0,0,0,0,1.01734330121673,4500,1,1
"z[162,5]",1,0,1,1,1,1,1,NA,1,0,1
"z[163,5]",0.849333333333333,0.357763421105649,0,1,1,1,1,1.00037623385448,4500,1,1
"z[164,5]",1,0,1,1,1,1,1,NA,1,0,1
"z[165,5]",1,0,1,1,1,1,1,NA,1,0,1
"z[166,5]",1,0,1,1,1,1,1,NA,1,0,1
"z[167,5]",1,0,1,1,1,1,1,NA,1,0,1
"z[168,5]",0.990444444444444,0.0972951722699289,1,1,1,1,1,1.01291032875428,3912,0,1
"z[169,5]",1,0,1,1,1,1,1,NA,1,0,1
"z[170,5]",0.993111111111111,0.0827221418662089,1,1,1,1,1,1.00019364538551,4500,0,1
"z[171,5]",0.809333333333333,0.392870447175731,0,1,1,1,1,1.00034080422784,4500,1,1
"z[172,5]",0.943777777777778,0.230375949195969,0,1,1,1,1,1.00221459298797,3681,1,1
"z[173,5]",0.824222222222222,0.380673289472773,0,1,1,1,1,0.999999113671397,4500,1,1
"z[174,5]",1,0,1,1,1,1,1,NA,1,0,1
"z[175,5]",1,0,1,1,1,1,1,NA,1,0,1
"z[176,5]",1,0,1,1,1,1,1,NA,1,0,1
"z[177,5]",1,0,1,1,1,1,1,NA,1,0,1
"z[178,5]",0.919333333333333,0.272352784307054,0,1,1,1,1,1.00032513922014,4500,1,1
"z[179,5]",0.944444444444444,0.229086879157383,0,1,1,1,1,1.00525730202404,1701,1,1
"z[180,5]",0.356888888888889,0.479134871912081,0,0,0,1,1,0.999700829708191,4500,1,1
"z[181,5]",0.879111111111111,0.326034334535402,0,1,1,1,1,1.00145138281123,2635,1,1
"z[182,5]",0.177333333333333,0.381992995470565,0,0,0,0,1,1.00116865703108,2275,1,1
"z[183,5]",0.309555555555556,0.462361784640317,0,0,0,1,1,1.00091005680987,1884,1,1
"z[184,5]",0.00155555555555556,0.0394142235807543,0,0,0,0,0,1.06447893654775,4494,1,1
"z[185,5]",0.653555555555556,0.475889712276878,0,0,1,1,1,1.00067459582347,2193,1,1
"z[186,5]",0.520222222222222,0.499646413713741,0,0,1,1,1,0.999859632974087,4500,1,1
"z[187,5]",0.0368888888888889,0.188509935158217,0,0,0,0,1,1.00342248324179,3729,1,1
"z[188,5]",0.354222222222222,0.478330099283297,0,0,0,1,1,0.99983116890109,4500,1,1
"z[189,5]",0.0206666666666667,0.142281601882585,0,0,0,0,0,1.00308219272429,4500,1,1
"z[190,5]",0.0386666666666667,0.192820688042738,0,0,0,0,1,1.00388651624287,3177,1,1
"z[191,5]",0.0215555555555556,0.14524324938423,0,0,0,0,0,1.03870772815262,579,1,1
"z[192,5]",0.189555555555556,0.391992848433725,0,0,0,0,1,1.00051987236286,3809,1,1
"z[193,5]",0.006,0.0772355205065475,0,0,0,0,0,1.00585876352754,4500,1,1
"z[194,5]",0.0106666666666667,0.102738670891514,0,0,0,0,0,1.00428820998375,4500,1,1
"z[195,5]",0.00622222222222222,0.0786440117920529,0,0,0,0,0,1.01172087798374,4500,1,1
"z[196,5]",0.0142222222222222,0.118419030794728,0,0,0,0,0,1.00614321843789,4500,1,1
"z[197,5]",0.451333333333333,0.497681220282181,0,0,0,1,1,0.999928709933457,4500,1,1
"z[198,5]",1,0,1,1,1,1,1,NA,1,0,1
"z[199,5]",0.052,0.222051699163907,0,0,0,0,1,1.00188724639468,4500,1,1
"z[200,5]",1,0,1,1,1,1,1,NA,1,0,1
"z[1,6]",1,0,1,1,1,1,1,NA,1,0,1
"z[2,6]",1,0,1,1,1,1,1,NA,1,0,1
"z[3,6]",1,0,1,1,1,1,1,NA,1,0,1
"z[4,6]",1,0,1,1,1,1,1,NA,1,0,1
"z[5,6]",0.890666666666667,0.312091653631951,0,1,1,1,1,1.00136236910251,3030,1,1
"z[6,6]",0.494,0.500019559519626,0,0,0,1,1,1.00052269270887,2341,1,1
"z[7,6]",1,0,1,1,1,1,1,NA,1,0,1
"z[8,6]",1,0,1,1,1,1,1,NA,1,0,1
"z[9,6]",1,0,1,1,1,1,1,NA,1,0,1
"z[10,6]",1,0,1,1,1,1,1,NA,1,0,1
"z[11,6]",1,0,1,1,1,1,1,NA,1,0,1
"z[12,6]",1,0,1,1,1,1,1,NA,1,0,1
"z[13,6]",1,0,1,1,1,1,1,NA,1,0,1
"z[14,6]",0.000888888888888889,0.0298042977535084,0,0,0,0,0,1.10540023626025,4497,1,1
"z[15,6]",1,0,1,1,1,1,1,NA,1,0,1
"z[16,6]",0.944888888888889,0.228222372014437,0,1,1,1,1,0.999921511497948,4500,1,1
"z[17,6]",1,0,1,1,1,1,1,NA,1,0,1
"z[18,6]",0.988888888888889,0.104833661410201,1,1,1,1,1,1.00474504369883,4500,0,1
"z[19,6]",0.990888888888889,0.0950268670194558,1,1,1,1,1,1.00804836715043,4500,0,1
"z[20,6]",0.528222222222222,0.49925834698966,0,0,1,1,1,1.00042163906833,2661,1,1
"z[21,6]",0.891111111111111,0.311534374101511,0,1,1,1,1,1.00010965217522,4500,1,1
"z[22,6]",1,0,1,1,1,1,1,NA,1,0,1
"z[23,6]",1,0,1,1,1,1,1,NA,1,0,1
"z[24,6]",1,0,1,1,1,1,1,NA,1,0,1
"z[25,6]",1,0,1,1,1,1,1,NA,1,0,1
"z[26,6]",1,0,1,1,1,1,1,NA,1,0,1
"z[27,6]",1,0,1,1,1,1,1,NA,1,0,1
"z[28,6]",0.700222222222222,0.458211434819433,0,0,1,1,1,1.00056770780282,2643,1,1
"z[29,6]",1,0,1,1,1,1,1,NA,1,0,1
"z[30,6]",1,0,1,1,1,1,1,NA,1,0,1
"z[31,6]",1,0,1,1,1,1,1,NA,1,0,1
"z[32,6]",1,0,1,1,1,1,1,NA,1,0,1
"z[33,6]",1,0,1,1,1,1,1,NA,1,0,1
"z[34,6]",1,0,1,1,1,1,1,NA,1,0,1
"z[35,6]",1,0,1,1,1,1,1,NA,1,0,1
"z[36,6]",1,0,1,1,1,1,1,NA,1,0,1
"z[37,6]",1,0,1,1,1,1,1,NA,1,0,1
"z[38,6]",1,0,1,1,1,1,1,NA,1,0,1
"z[39,6]",1,0,1,1,1,1,1,NA,1,0,1
"z[40,6]",1,0,1,1,1,1,1,NA,1,0,1
"z[41,6]",1,0,1,1,1,1,1,NA,1,0,1
"z[42,6]",1,0,1,1,1,1,1,NA,1,0,1
"z[43,6]",1,0,1,1,1,1,1,NA,1,0,1
"z[44,6]",1,0,1,1,1,1,1,NA,1,0,1
"z[45,6]",1,0,1,1,1,1,1,NA,1,0,1
"z[46,6]",1,0,1,1,1,1,1,NA,1,0,1
"z[47,6]",0.339555555555556,0.473611049640584,0,0,0,1,1,1.00036944415302,3179,1,1
"z[48,6]",0.339555555555556,0.473611049640584,0,0,0,1,1,1.00111902402593,1542,1,1
"z[49,6]",0.598222222222222,0.490311960466974,0,0,1,1,1,0.999684987673689,4500,1,1
"z[50,6]",0.844444444444444,0.362473753328113,0,1,1,1,1,0.999899536501107,4500,1,1
"z[51,6]",0.880444444444444,0.324477150893065,0,1,1,1,1,1.00204116776227,2006,1,1
"z[52,6]",0.791111111111111,0.406560023037948,0,1,1,1,1,1.00149329328306,1655,1,1
"z[53,6]",0.846666666666667,0.360348550735725,0,1,1,1,1,1.00001328418889,4500,1,1
"z[54,6]",1,0,1,1,1,1,1,NA,1,0,1
"z[55,6]",1,0,1,1,1,1,1,NA,1,0,1
"z[56,6]",1,0,1,1,1,1,1,NA,1,0,1
"z[57,6]",0.983333333333333,0.128033322512951,1,1,1,1,1,NA,4500,0,1
"z[58,6]",1,0,1,1,1,1,1,NA,1,0,1
"z[59,6]",1,0,1,1,1,1,1,NA,1,0,1
"z[60,6]",1,0,1,1,1,1,1,NA,1,0,1
"z[61,6]",1,0,1,1,1,1,1,NA,1,0,1
"z[62,6]",1,0,1,1,1,1,1,NA,1,0,1
"z[63,6]",1,0,1,1,1,1,1,NA,1,0,1
"z[64,6]",1,0,1,1,1,1,1,NA,1,0,1
"z[65,6]",1,0,1,1,1,1,1,NA,1,0,1
"z[66,6]",1,0,1,1,1,1,1,NA,1,0,1
"z[67,6]",0.0111111111111111,0.104833661410201,0,0,0,0,0,1.00352924261491,4500,1,1
"z[68,6]",0.00511111111111111,0.071317023933587,0,0,0,0,0,1.05587546102487,1610,1,1
"z[69,6]",1,0,1,1,1,1,1,NA,1,0,1
"z[70,6]",0.787555555555556,0.409083110301357,0,1,1,1,1,1.00011665148555,4500,1,1
"z[71,6]",0.00888888888888889,0.093871373318521,0,0,0,0,0,1.01306905400085,4150,1,1
"z[72,6]",1,0,1,1,1,1,1,NA,1,0,1
"z[73,6]",1,0,1,1,1,1,1,NA,1,0,1
"z[74,6]",1,0,1,1,1,1,1,NA,1,0,1
"z[75,6]",0.995333333333333,0.0681609955608629,1,1,1,1,1,1.04154976895011,2413,0,1
"z[76,6]",0.0797777777777778,0.270978968999202,0,0,0,0,1,1.00038635104106,4500,1,1
"z[77,6]",1,0,1,1,1,1,1,NA,1,0,1
"z[78,6]",1,0,1,1,1,1,1,NA,1,0,1
"z[79,6]",1,0,1,1,1,1,1,NA,1,0,1
"z[80,6]",0.949333333333333,0.219340481264845,0,1,1,1,1,1.00027492286424,4500,1,1
"z[81,6]",0.160666666666667,0.367264023365226,0,0,0,0,1,1.00125065149626,2347,1,1
"z[82,6]",1,0,1,1,1,1,1,NA,1,0,1
"z[83,6]",1,0,1,1,1,1,1,NA,1,0,1
"z[84,6]",0.938444444444444,0.240373270107645,0,1,1,1,1,1.00086930641117,4500,1,1
"z[85,6]",0.890666666666667,0.312091653631951,0,1,1,1,1,1.00051915344579,4500,1,1
"z[86,6]",0.000444444444444444,0.0210795079890303,0,0,0,0,0,1.2913045102833,2250,1,1
"z[87,6]",1,0,1,1,1,1,1,NA,1,0,1
"z[88,6]",0.765777777777778,0.423558779816329,0,1,1,1,1,1.0003160326944,4289,1,1
"z[89,6]",1,0,1,1,1,1,1,NA,1,0,1
"z[90,6]",0.964888888888889,0.18408109945566,0,1,1,1,1,1.00059110887232,4500,1,1
"z[91,6]",1,0,1,1,1,1,1,NA,1,0,1
"z[92,6]",1,0,1,1,1,1,1,NA,1,0,1
"z[93,6]",1,0,1,1,1,1,1,NA,1,0,1
"z[94,6]",1,0,1,1,1,1,1,NA,1,0,1
"z[95,6]",1,0,1,1,1,1,1,NA,1,0,1
"z[96,6]",1,0,1,1,1,1,1,NA,1,0,1
"z[97,6]",1,0,1,1,1,1,1,NA,1,0,1
"z[98,6]",1,0,1,1,1,1,1,NA,1,0,1
"z[99,6]",1,0,1,1,1,1,1,NA,1,0,1
"z[100,6]",1,0,1,1,1,1,1,NA,1,0,1
"z[101,6]",1,0,1,1,1,1,1,NA,1,0,1
"z[102,6]",0.379111111111111,0.485219740058412,0,0,0,1,1,0.999939705683128,4500,1,1
"z[103,6]",0.453777777777778,0.497914248836969,0,0,0,1,1,0.999777939624508,4500,1,1
"z[104,6]",0.0406666666666667,0.19753875656879,0,0,0,0,1,1.00097665447286,4500,1,1
"z[105,6]",0.290888888888889,0.454222843702708,0,0,0,1,1,1.00023980231892,4229,1,1
"z[106,6]",0.351555555555556,0.4775090751966,0,0,0,1,1,1.0002756598941,3610,1,1
"z[107,6]",1,0,1,1,1,1,1,NA,1,0,1
"z[108,6]",1,0,1,1,1,1,1,NA,1,0,1
"z[109,6]",1,0,1,1,1,1,1,NA,1,0,1
"z[110,6]",1,0,1,1,1,1,1,NA,1,0,1
"z[111,6]",1,0,1,1,1,1,1,NA,1,0,1
"z[112,6]",1,0,1,1,1,1,1,NA,1,0,1
"z[113,6]",1,0,1,1,1,1,1,NA,1,0,1
"z[114,6]",1,0,1,1,1,1,1,NA,1,0,1
"z[115,6]",1,0,1,1,1,1,1,NA,1,0,1
"z[116,6]",1,0,1,1,1,1,1,NA,1,0,1
"z[117,6]",1,0,1,1,1,1,1,NA,1,0,1
"z[118,6]",1,0,1,1,1,1,1,NA,1,0,1
"z[119,6]",1,0,1,1,1,1,1,NA,1,0,1
"z[120,6]",1,0,1,1,1,1,1,NA,1,0,1
"z[121,6]",1,0,1,1,1,1,1,NA,1,0,1
"z[122,6]",0.0164444444444444,0.127191272176836,0,0,0,0,0,1.00257793588501,4500,1,1
"z[123,6]",1,0,1,1,1,1,1,NA,1,0,1
"z[124,6]",1,0,1,1,1,1,1,NA,1,0,1
"z[125,6]",0.977333333333333,0.148855006121055,1,1,1,1,1,1.00102221295617,4500,0,1
"z[126,6]",1,0,1,1,1,1,1,NA,1,0,1
"z[127,6]",1,0,1,1,1,1,1,NA,1,0,1
"z[128,6]",1,0,1,1,1,1,1,NA,1,0,1
"z[129,6]",1,0,1,1,1,1,1,NA,1,0,1
"z[130,6]",1,0,1,1,1,1,1,NA,1,0,1
"z[131,6]",0.930888888888889,0.253671175391235,0,1,1,1,1,1.00042334759875,4500,1,1
"z[132,6]",0.928888888888889,0.257038913373673,0,1,1,1,1,0.999960508508738,4500,1,1
"z[133,6]",0.905555555555556,0.292478548049893,0,1,1,1,1,1.00390974390476,1371,1,1
"z[134,6]",0.0408888888888889,0.198054801702807,0,0,0,0,1,1.00648412133775,1861,1,1
"z[135,6]",1,0,1,1,1,1,1,NA,1,0,1
"z[136,6]",1,0,1,1,1,1,1,NA,1,0,1
"z[137,6]",1,0,1,1,1,1,1,NA,1,0,1
"z[138,6]",1,0,1,1,1,1,1,NA,1,0,1
"z[139,6]",1,0,1,1,1,1,1,NA,1,0,1
"z[140,6]",1,0,1,1,1,1,1,NA,1,0,1
"z[141,6]",1,0,1,1,1,1,1,NA,1,0,1
"z[142,6]",0.282666666666667,0.450345746508267,0,0,0,1,1,0.999733300236533,4500,1,1
"z[143,6]",0.815777777777778,0.387708394308229,0,1,1,1,1,1.00053894623429,3824,1,1
"z[144,6]",0.364444444444444,0.481327513188742,0,0,0,1,1,1.00041509382304,2884,1,1
"z[145,6]",0.00133333333333333,0.0364945409967103,0,0,0,0,0,1.2055506609676,1285,1,1
"z[146,6]",1,0,1,1,1,1,1,NA,1,0,1
"z[147,6]",1,0,1,1,1,1,1,NA,1,0,1
"z[148,6]",1,0,1,1,1,1,1,NA,1,0,1
"z[149,6]",1,0,1,1,1,1,1,NA,1,0,1
"z[150,6]",1,0,1,1,1,1,1,NA,1,0,1
"z[151,6]",1,0,1,1,1,1,1,NA,1,0,1
"z[152,6]",1,0,1,1,1,1,1,NA,1,0,1
"z[153,6]",1,0,1,1,1,1,1,NA,1,0,1
"z[154,6]",0.0568888888888889,0.231655927287332,0,0,0,0,1,0.999880792830867,4500,1,1
"z[155,6]",1,0,1,1,1,1,1,NA,1,0,1
"z[156,6]",1,0,1,1,1,1,1,NA,1,0,1
"z[157,6]",1,0,1,1,1,1,1,NA,1,0,1
"z[158,6]",1,0,1,1,1,1,1,NA,1,0,1
"z[159,6]",1,0,1,1,1,1,1,NA,1,0,1
"z[160,6]",1,0,1,1,1,1,1,NA,1,0,1
"z[161,6]",0.527777777777778,0.499283277769074,0,0,1,1,1,0.999850642328217,4500,1,1
"z[162,6]",1,0,1,1,1,1,1,NA,1,0,1
"z[163,6]",1,0,1,1,1,1,1,NA,1,0,1
"z[164,6]",1,0,1,1,1,1,1,NA,1,0,1
"z[165,6]",1,0,1,1,1,1,1,NA,1,0,1
"z[166,6]",1,0,1,1,1,1,1,NA,1,0,1
"z[167,6]",1,0,1,1,1,1,1,NA,1,0,1
"z[168,6]",1,0,1,1,1,1,1,NA,1,0,1
"z[169,6]",1,0,1,1,1,1,1,NA,1,0,1
"z[170,6]",1,0,1,1,1,1,1,NA,1,0,1
"z[171,6]",1,0,1,1,1,1,1,NA,1,0,1
"z[172,6]",1,0,1,1,1,1,1,NA,1,0,1
"z[173,6]",1,0,1,1,1,1,1,NA,1,0,1
"z[174,6]",1,0,1,1,1,1,1,NA,1,0,1
"z[175,6]",1,0,1,1,1,1,1,NA,1,0,1
"z[176,6]",0.982666666666667,0.130524613834426,1,1,1,1,1,1.00297180826674,4500,0,1
"z[177,6]",1,0,1,1,1,1,1,NA,1,0,1
"z[178,6]",0.922,0.26820138867189,0,1,1,1,1,1.00028231186799,4500,1,1
"z[179,6]",0.939333333333333,0.238744400231546,0,1,1,1,1,1.00301702866587,2618,1,1
"z[180,6]",0.00288888888888889,0.0536766566849176,0,0,0,0,0,1.06671398972748,2334,1,1
"z[181,6]",1,0,1,1,1,1,1,NA,1,0,1
"z[182,6]",0.00244444444444444,0.0493863456663645,0,0,0,0,0,1.04969069831983,3799,1,1
"z[183,6]",0.00111111111111111,0.033318511930496,0,0,0,0,0,1.01912206739455,4500,1,1
"z[184,6]",1,0,1,1,1,1,1,NA,1,0,1
"z[185,6]",1,0,1,1,1,1,1,NA,1,0,1
"z[186,6]",0.397555555555556,0.489447005298862,0,0,0,1,1,1.00026867422121,3475,1,1
"z[187,6]",0.148888888888889,0.356018474426563,0,0,0,0,1,1.00006426106219,4500,1,1
"z[188,6]",0.476,0.499479168610191,0,0,0,1,1,0.999674942901777,4500,1,1
"z[189,6]",0.0193333333333333,0.137709003796433,0,0,0,0,0,1.00110661657222,4500,1,1
"z[190,6]",0.103333333333333,0.304427578014234,0,0,0,0,1,1.00011546552407,4500,1,1
"z[191,6]",0.014,0.11750348180963,0,0,0,0,0,1.0225808832142,1528,1,1
"z[192,6]",0.240888888888889,0.42767052389049,0,0,0,0,1,0.999698338563585,4500,1,1
"z[193,6]",0.00133333333333333,0.0364945409967103,0,0,0,0,0,1.2055506609676,1285,1,1
"z[194,6]",0.00577777777777778,0.0758002102747823,0,0,0,0,0,1.02000319097684,4155,1,1
"z[195,6]",0.00222222222222222,0.0470932775447189,0,0,0,0,0,1.00465090130556,4500,1,1
"z[196,6]",0.00911111111111111,0.0950268670194558,0,0,0,0,0,1.00087621829912,4500,1,1
"z[197,6]",0.259777777777778,0.438561313033389,0,0,0,1,1,0.999895930829078,4500,1,1
"z[198,6]",1,0,1,1,1,1,1,NA,1,0,1
"z[199,6]",0.00111111111111111,0.033318511930496,0,0,0,0,0,1.18898008348926,1730,1,1
"z[200,6]",1,0,1,1,1,1,1,NA,1,0,1
"z[1,7]",1,0,1,1,1,1,1,NA,1,0,1
"z[2,7]",1,0,1,1,1,1,1,NA,1,0,1
"z[3,7]",1,0,1,1,1,1,1,NA,1,0,1
"z[4,7]",1,0,1,1,1,1,1,NA,1,0,1
"z[5,7]",1,0,1,1,1,1,1,NA,1,0,1
"z[6,7]",0.000222222222222222,0.0149071198499986,0,0,0,0,0,1.29093398298233,4500,1,1
"z[7,7]",0.995333333333333,0.0681609955608629,1,1,1,1,1,1.02286738384481,4480,0,1
"z[8,7]",0.993333333333333,0.0813860808385347,1,1,1,1,1,1.03036628469413,2354,0,1
"z[9,7]",0.995333333333333,0.0681609955608629,1,1,1,1,1,1.07603724589279,1255,0,1
"z[10,7]",0.996222222222222,0.0613542394088465,1,1,1,1,1,1.05861090122379,2061,0,1
"z[11,7]",1,0,1,1,1,1,1,NA,1,0,1
"z[12,7]",1,0,1,1,1,1,1,NA,1,0,1
"z[13,7]",1,0,1,1,1,1,1,NA,1,0,1
"z[14,7]",0,0,0,0,0,0,0,NA,1,1,1
"z[15,7]",0.264,0.440848259908167,0,0,0,1,1,0.999690138201711,4500,1,1
"z[16,7]",0.941555555555556,0.234608019202615,0,1,1,1,1,1.00050453169986,4500,1,1
"z[17,7]",0.994666666666667,0.0728427622699364,1,1,1,1,1,1.03227887696713,2755,0,1
"z[18,7]",0.992444444444444,0.0866033246050876,1,1,1,1,1,1.00010538829945,4500,0,1
"z[19,7]",1,0,1,1,1,1,1,NA,1,0,1
"z[20,7]",0.705555555555556,0.455843273310498,0,0,1,1,1,0.999764921463341,4500,1,1
"z[21,7]",0.864444444444444,0.342354045917987,0,1,1,1,1,1.00089987548226,3450,1,1
"z[22,7]",0.918444444444444,0.273716817169827,0,1,1,1,1,1.00085800239687,4500,1,1
"z[23,7]",1,0,1,1,1,1,1,NA,1,0,1
"z[24,7]",1,0,1,1,1,1,1,NA,1,0,1
"z[25,7]",0.982666666666667,0.130524613834426,1,1,1,1,1,1.00498476016515,4500,0,1
"z[26,7]",0.995333333333333,0.0681609955608629,1,1,1,1,1,1.04159769870214,2413,0,1
"z[27,7]",0.989777777777778,0.100598097789677,1,1,1,1,1,1.00706844910419,4500,0,1
"z[28,7]",1,0,1,1,1,1,1,NA,1,0,1
"z[29,7]",1,0,1,1,1,1,1,NA,1,0,1
"z[30,7]",1,0,1,1,1,1,1,NA,1,0,1
"z[31,7]",1,0,1,1,1,1,1,NA,1,0,1
"z[32,7]",1,0,1,1,1,1,1,NA,1,0,1
"z[33,7]",1,0,1,1,1,1,1,NA,1,0,1
"z[34,7]",1,0,1,1,1,1,1,NA,1,0,1
"z[35,7]",1,0,1,1,1,1,1,NA,1,0,1
"z[36,7]",1,0,1,1,1,1,1,NA,1,0,1
"z[37,7]",0.969333333333333,0.17243210118093,0,1,1,1,1,1.00125724169039,4500,1,1
"z[38,7]",0.152,0.359060788616921,0,0,0,0,1,0.999737923114716,4500,1,1
"z[39,7]",1,0,1,1,1,1,1,NA,1,0,1
"z[40,7]",1,0,1,1,1,1,1,NA,1,0,1
"z[41,7]",0.963111111111111,0.188509935158217,0,1,1,1,1,1.00167842632088,4500,1,1
"z[42,7]",0.894222222222222,0.307587164752331,0,1,1,1,1,1.00044615461988,4500,1,1
"z[43,7]",1,0,1,1,1,1,1,NA,1,0,1
"z[44,7]",1,0,1,1,1,1,1,NA,1,0,1
"z[45,7]",1,0,1,1,1,1,1,NA,1,0,1
"z[46,7]",1,0,1,1,1,1,1,NA,1,0,1
"z[47,7]",0.441555555555556,0.496627683071132,0,0,0,1,1,1.00063668197691,2096,1,1
"z[48,7]",0.127777777777778,0.333879303929952,0,0,0,0,1,1.00142276629159,2557,1,1
"z[49,7]",0.67,0.470264972387141,0,0,1,1,1,0.999686307745245,4500,1,1
"z[50,7]",1,0,1,1,1,1,1,NA,1,0,1
"z[51,7]",1,0,1,1,1,1,1,NA,1,0,1
"z[52,7]",0.878888888888889,0.326292612819852,0,1,1,1,1,1.00004076512873,4500,1,1
"z[53,7]",0.915777777777778,0.277751657165108,0,1,1,1,1,1.000779517243,4500,1,1
"z[54,7]",0.986,0.11750348180963,1,1,1,1,1,1.01822184453748,1903,0,1
"z[55,7]",0.910222222222222,0.285894896643156,0,1,1,1,1,1.00355503889496,1575,1,1
"z[56,7]",1,0,1,1,1,1,1,NA,1,0,1
"z[57,7]",1,0,1,1,1,1,1,NA,1,0,1
"z[58,7]",0.956222222222222,0.204623040065984,0,1,1,1,1,1.00329257407677,3274,1,1
"z[59,7]",1,0,1,1,1,1,1,NA,1,0,1
"z[60,7]",1,0,1,1,1,1,1,NA,1,0,1
"z[61,7]",1,0,1,1,1,1,1,NA,1,0,1
"z[62,7]",1,0,1,1,1,1,1,NA,1,0,1
"z[63,7]",1,0,1,1,1,1,1,NA,1,0,1
"z[64,7]",1,0,1,1,1,1,1,NA,1,0,1
"z[65,7]",0.970222222222222,0.169992598048771,0,1,1,1,1,1.00040573241168,4500,1,1
"z[66,7]",0.962222222222222,0.190679566273877,0,1,1,1,1,1.00024490481405,4500,1,1
"z[67,7]",0.588,0.492249780733913,0,0,1,1,1,1.00097878642333,1579,1,1
"z[68,7]",0.150666666666667,0.357763421105649,0,0,0,0,1,1.00105421012824,2815,1,1
"z[69,7]",1,0,1,1,1,1,1,NA,1,0,1
"z[70,7]",1,0,1,1,1,1,1,NA,1,0,1
"z[71,7]",1,0,1,1,1,1,1,NA,1,0,1
"z[72,7]",1,0,1,1,1,1,1,NA,1,0,1
"z[73,7]",1,0,1,1,1,1,1,NA,1,0,1
"z[74,7]",1,0,1,1,1,1,1,NA,1,0,1
"z[75,7]",1,0,1,1,1,1,1,NA,1,0,1
"z[76,7]",0.676222222222222,0.467968368392469,0,0,1,1,1,1.00082277798776,1984,1,1
"z[77,7]",1,0,1,1,1,1,1,NA,1,0,1
"z[78,7]",0.964444444444444,0.185199838067563,0,1,1,1,1,1.00031726832143,4500,1,1
"z[79,7]",1,0,1,1,1,1,1,NA,1,0,1
"z[80,7]",0.973777777777778,0.159813306406557,0,1,1,1,1,1.00196955745622,4500,1,1
"z[81,7]",0.132666666666667,0.339251821185049,0,0,0,0,1,1.00001937320545,4500,1,1
"z[82,7]",1,0,1,1,1,1,1,NA,1,0,1
"z[83,7]",0.865111111111111,0.341642816812701,0,1,1,1,1,0.999722831596543,4500,1,1
"z[84,7]",0.950222222222222,0.217509687264132,0,1,1,1,1,1.00023954821145,4500,1,1
"z[85,7]",1,0,1,1,1,1,1,NA,1,0,1
"z[86,7]",1,0,1,1,1,1,1,NA,1,0,1
"z[87,7]",1,0,1,1,1,1,1,NA,1,0,1
"z[88,7]",1,0,1,1,1,1,1,NA,1,0,1
"z[89,7]",0.00177777777777778,0.0421308880870312,0,0,0,0,0,1.05041941929871,4500,1,1
"z[90,7]",0.986222222222222,0.116580319235386,1,1,1,1,1,1.02500648817659,1405,0,1
"z[91,7]",1,0,1,1,1,1,1,NA,1,0,1
"z[92,7]",1,0,1,1,1,1,1,NA,1,0,1
"z[93,7]",1,0,1,1,1,1,1,NA,1,0,1
"z[94,7]",1,0,1,1,1,1,1,NA,1,0,1
"z[95,7]",1,0,1,1,1,1,1,NA,1,0,1
"z[96,7]",1,0,1,1,1,1,1,NA,1,0,1
"z[97,7]",1,0,1,1,1,1,1,NA,1,0,1
"z[98,7]",1,0,1,1,1,1,1,NA,1,0,1
"z[99,7]",1,0,1,1,1,1,1,NA,1,0,1
"z[100,7]",1,0,1,1,1,1,1,NA,1,0,1
"z[101,7]",1,0,1,1,1,1,1,NA,1,0,1
"z[102,7]",0.436666666666667,0.496027786758685,0,0,0,1,1,0.99996900326825,4500,1,1
"z[103,7]",0.549555555555556,0.497593477623403,0,0,1,1,1,1.00013890336895,4282,1,1
"z[104,7]",0.00844444444444444,0.0915150092219534,0,0,0,0,0,1.00421547951676,4500,1,1
"z[105,7]",0.154,0.360988861926802,0,0,0,0,1,1.00032663322696,4500,1,1
"z[106,7]",0.00422222222222222,0.0648485125458765,0,0,0,0,0,1.08203133272235,1272,1,1
"z[107,7]",1,0,1,1,1,1,1,NA,1,0,1
"z[108,7]",1,0,1,1,1,1,1,NA,1,0,1
"z[109,7]",1,0,1,1,1,1,1,NA,1,0,1
"z[110,7]",0.958,0.200611423704479,0,1,1,1,1,1.00530884333199,2191,1,1
"z[111,7]",0.566,0.495679936742269,0,0,1,1,1,1.00030976087516,3171,1,1
"z[112,7]",0.960444444444444,0.194934239891299,0,1,1,1,1,1.00055564196615,4500,1,1
"z[113,7]",0.948222222222222,0.221602690281563,0,1,1,1,1,1.00035278930347,4500,1,1
"z[114,7]",1,0,1,1,1,1,1,NA,1,0,1
"z[115,7]",1,0,1,1,1,1,1,NA,1,0,1
"z[116,7]",1,0,1,1,1,1,1,NA,1,0,1
"z[117,7]",1,0,1,1,1,1,1,NA,1,0,1
"z[118,7]",1,0,1,1,1,1,1,NA,1,0,1
"z[119,7]",1,0,1,1,1,1,1,NA,1,0,1
"z[120,7]",0.989777777777778,0.100598097789677,1,1,1,1,1,1.00635139093968,4500,0,1
"z[121,7]",1,0,1,1,1,1,1,NA,1,0,1
"z[122,7]",0.635777777777778,0.481264859774747,0,0,1,1,1,1.00024171106188,3755,1,1
"z[123,7]",0.970888888888889,0.168136660277006,0,1,1,1,1,1.00200901579209,4500,1,1
"z[124,7]",0.940222222222222,0.237101007385967,0,1,1,1,1,1.00042467060651,4500,1,1
"z[125,7]",1,0,1,1,1,1,1,NA,1,0,1
"z[126,7]",1,0,1,1,1,1,1,NA,1,0,1
"z[127,7]",0.968,0.176019558815419,0,1,1,1,1,1.01355917662865,1144,1,1
"z[128,7]",0.972666666666667,0.163070940344369,0,1,1,1,1,1.00165013425794,4500,1,1
"z[129,7]",0.972222222222222,0.164353812079863,0,1,1,1,1,1.00384686418974,4411,1,1
"z[130,7]",0.961111111111111,0.193351625166517,0,1,1,1,1,1.00190515241693,4500,1,1
"z[131,7]",1,0,1,1,1,1,1,NA,1,0,1
"z[132,7]",1,0,1,1,1,1,1,NA,1,0,1
"z[133,7]",1,0,1,1,1,1,1,NA,1,0,1
"z[134,7]",0.604,0.489118762484308,0,0,1,1,1,0.999691199908645,4500,1,1
"z[135,7]",0.966888888888889,0.178946588136641,0,1,1,1,1,1.00041197678956,4500,1,1
"z[136,7]",0.870666666666667,0.335605797609632,0,1,1,1,1,1.00066731211008,4446,1,1
"z[137,7]",0.968666666666667,0.174236339048014,0,1,1,1,1,1.00382035402833,3941,1,1
"z[138,7]",1,0,1,1,1,1,1,NA,1,0,1
"z[139,7]",0.994444444444444,0.0743365276300976,1,1,1,1,1,1.03934236767802,2152,0,1
"z[140,7]",1,0,1,1,1,1,1,NA,1,0,1
"z[141,7]",1,0,1,1,1,1,1,NA,1,0,1
"z[142,7]",0.123333333333333,0.328855978694735,0,0,0,0,1,0.999995651575892,4500,1,1
"z[143,7]",0.902,0.297347688610086,0,1,1,1,1,1.00058670709304,4500,1,1
"z[144,7]",0.194666666666667,0.395987880398553,0,0,0,0,1,0.99972985961589,4500,1,1
"z[145,7]",1,0,1,1,1,1,1,NA,1,0,1
"z[146,7]",1,0,1,1,1,1,1,NA,1,0,1
"z[147,7]",1,0,1,1,1,1,1,NA,1,0,1
"z[148,7]",0.370666666666667,0.483036995302483,0,0,0,1,1,1.00006017892705,4500,1,1
"z[149,7]",1,0,1,1,1,1,1,NA,1,0,1
"z[150,7]",1,0,1,1,1,1,1,NA,1,0,1
"z[151,7]",0.993333333333333,0.0813860808385347,1,1,1,1,1,1.00135104912971,4500,0,1
"z[152,7]",0.994222222222222,0.0758002102747823,1,1,1,1,1,1.00925930386255,4500,0,1
"z[153,7]",1,0,1,1,1,1,1,NA,1,0,1
"z[154,7]",0.565777777777778,0.49570948160029,0,0,1,1,1,0.999712424687118,4500,1,1
"z[155,7]",0.975333333333333,0.155124368434336,1,1,1,1,1,1.00132719145061,4500,0,1
"z[156,7]",1,0,1,1,1,1,1,NA,1,0,1
"z[157,7]",1,0,1,1,1,1,1,NA,1,0,1
"z[158,7]",1,0,1,1,1,1,1,NA,1,0,1
"z[159,7]",1,0,1,1,1,1,1,NA,1,0,1
"z[160,7]",1,0,1,1,1,1,1,NA,1,0,1
"z[161,7]",0.596444444444444,0.490664824063724,0,0,1,1,1,1.00003829356357,4500,1,1
"z[162,7]",1,0,1,1,1,1,1,NA,1,0,1
"z[163,7]",1,0,1,1,1,1,1,NA,1,0,1
"z[164,7]",1,0,1,1,1,1,1,NA,1,0,1
"z[165,7]",1,0,1,1,1,1,1,NA,1,0,1
"z[166,7]",1,0,1,1,1,1,1,NA,1,0,1
"z[167,7]",1,0,1,1,1,1,1,NA,1,0,1
"z[168,7]",0.994666666666667,0.0728427622699364,1,1,1,1,1,1.04634286394697,1886,0,1
"z[169,7]",0.995555555555556,0.0665257457028688,1,1,1,1,1,1.03325742741324,3201,0,1
"z[170,7]",1,0,1,1,1,1,1,NA,1,0,1
"z[171,7]",1,0,1,1,1,1,1,NA,1,0,1
"z[172,7]",0.982666666666667,0.130524613834426,1,1,1,1,1,1.01047476810116,2675,0,1
"z[173,7]",0.938444444444444,0.240373270107645,0,1,1,1,1,1.00131201706809,4500,1,1
"z[174,7]",1,0,1,1,1,1,1,NA,1,0,1
"z[175,7]",1,0,1,1,1,1,1,NA,1,0,1
"z[176,7]",1,0,1,1,1,1,1,NA,1,0,1
"z[177,7]",1,0,1,1,1,1,1,NA,1,0,1
"z[178,7]",0.933777777777778,0.248697776589203,0,1,1,1,1,0.999847259378714,4500,1,1
"z[179,7]",0.944444444444444,0.229086879157383,0,1,1,1,1,1.00064255520332,4500,1,1
"z[180,7]",0.0853333333333333,0.279408131952049,0,0,0,0,1,1.00265338193226,2134,1,1
"z[181,7]",0.967111111111111,0.17836557884435,0,1,1,1,1,1.00377012127715,3812,1,1
"z[182,7]",0.573555555555556,0.49461494676986,0,0,1,1,1,1.00010282949241,4500,1,1
"z[183,7]",0.613111111111111,0.487091983794328,0,0,1,1,1,1.00100165787906,1586,1,1
"z[184,7]",1,0,1,1,1,1,1,NA,1,0,1
"z[185,7]",1,0,1,1,1,1,1,NA,1,0,1
"z[186,7]",1,0,1,1,1,1,1,NA,1,0,1
"z[187,7]",0.207111111111111,0.405280889437269,0,0,0,0,1,0.999722439668391,4500,1,1
"z[188,7]",0.695333333333333,0.460317255808063,0,0,1,1,1,1.00020687155122,4374,1,1
"z[189,7]",0.203333333333333,0.402523160105083,0,0,0,0,1,1.00039648727424,4223,1,1
"z[190,7]",1,0,1,1,1,1,1,NA,1,0,1
"z[191,7]",0.15,0.357111102643182,0,0,0,0,1,0.999753222273209,4500,1,1
"z[192,7]",0.288444444444444,0.453089248254689,0,0,0,1,1,1.00016236582189,4500,1,1
"z[193,7]",0.00266666666666667,0.0515766100016907,0,0,0,0,0,1.0099762458543,4500,1,1
"z[194,7]",0.00555555555555556,0.0743365276300976,0,0,0,0,0,1.03718470538448,2284,1,1
"z[195,7]",0.00288888888888889,0.0536766566849176,0,0,0,0,0,1.01135716364468,4500,1,1
"z[196,7]",0.0106666666666667,0.102738670891514,0,0,0,0,0,1.01206696520755,3750,1,1
"z[197,7]",0.621555555555556,0.485053121407382,0,0,1,1,1,0.99989453003881,4500,1,1
"z[198,7]",1,0,1,1,1,1,1,NA,1,0,1
"z[199,7]",0.00311111111111111,0.0556966916350484,0,0,0,0,0,1.03837431163505,3926,1,1
"z[200,7]",1,0,1,1,1,1,1,NA,1,0,1
"z[1,8]",1,0,1,1,1,1,1,NA,1,0,1
"z[2,8]",1,0,1,1,1,1,1,NA,1,0,1
"z[3,8]",1,0,1,1,1,1,1,NA,1,0,1
"z[4,8]",1,0,1,1,1,1,1,NA,1,0,1
"z[5,8]",0.978666666666667,0.14450904074975,1,1,1,1,1,1.0017013884292,4500,0,1
"z[6,8]",0.42,0.493613356145918,0,0,0,1,1,0.999746488030365,4500,1,1
"z[7,8]",1,0,1,1,1,1,1,NA,1,0,1
"z[8,8]",1,0,1,1,1,1,1,NA,1,0,1
"z[9,8]",1,0,1,1,1,1,1,NA,1,0,1
"z[10,8]",1,0,1,1,1,1,1,NA,1,0,1
"z[11,8]",0.988222222222222,0.107896472423584,1,1,1,1,1,1.01168067573179,3519,0,1
"z[12,8]",1,0,1,1,1,1,1,NA,1,0,1
"z[13,8]",1,0,1,1,1,1,1,NA,1,0,1
"z[14,8]",0.000666666666666667,0.0258141493083176,0,0,0,0,0,1.13377982835195,4498,1,1
"z[15,8]",1,0,1,1,1,1,1,NA,1,0,1
"z[16,8]",0.968444444444444,0.174833049066281,0,1,1,1,1,1.0014319796459,4500,1,1
"z[17,8]",0.995555555555556,0.0665257457028688,1,1,1,1,1,1.01567977518289,4500,0,1
"z[18,8]",1,0,1,1,1,1,1,NA,1,0,1
"z[19,8]",1,0,1,1,1,1,1,NA,1,0,1
"z[20,8]",0.816444444444444,0.387164337009769,0,1,1,1,1,1.0000674036397,4500,1,1
"z[21,8]",0.903555555555556,0.295232591318208,0,1,1,1,1,1.00065346541102,4500,1,1
"z[22,8]",0.940666666666667,0.236273770253685,0,1,1,1,1,1.00230006258699,3395,1,1
"z[23,8]",0.968,0.176019558815419,0,1,1,1,1,1.00113172753379,4500,1,1
"z[24,8]",1,0,1,1,1,1,1,NA,1,0,1
"z[25,8]",0.983333333333333,0.128033322512951,1,1,1,1,1,1.00702635494373,4098,0,1
"z[26,8]",0.994,0.0772355205065475,1,1,1,1,1,1.01393057475345,4500,0,1
"z[27,8]",0.990222222222222,0.0984089676386699,1,1,1,1,1,1.00150453602595,4500,0,1
"z[28,8]",1,0,1,1,1,1,1,NA,1,0,1
"z[29,8]",0.976666666666667,0.15097666777369,1,1,1,1,1,1.0026510759671,4500,0,1
"z[30,8]",0.997111111111111,0.0536766566849177,1,1,1,1,1,1.01135716364468,4500,0,1
"z[31,8]",0.996222222222222,0.0613542394088465,1,1,1,1,1,1.02644198768287,4500,0,1
"z[32,8]",0.998444444444444,0.0394142235807543,1,1,1,1,1,1.06447893654775,4494,0,1
"z[33,8]",1,0,1,1,1,1,1,NA,1,0,1
"z[34,8]",1,0,1,1,1,1,1,NA,1,0,1
"z[35,8]",1,0,1,1,1,1,1,NA,1,0,1
"z[36,8]",1,0,1,1,1,1,1,NA,1,0,1
"z[37,8]",1,0,1,1,1,1,1,NA,1,0,1
"z[38,8]",1,0,1,1,1,1,1,NA,1,0,1
"z[39,8]",0.975555555555556,0.154441620272072,1,1,1,1,1,1.00643330331237,3077,0,1
"z[40,8]",1,0,1,1,1,1,1,NA,1,0,1
"z[41,8]",1,0,1,1,1,1,1,NA,1,0,1
"z[42,8]",0.896,0.305294467945715,0,1,1,1,1,1.00177394980461,2548,1,1
"z[43,8]",0.99,0.0995098009695405,1,1,1,1,1,1.01519428936616,3183,0,1
"z[44,8]",0.992222222222222,0.0878578356425394,1,1,1,1,1,1.0264001929506,2333,0,1
"z[45,8]",0.997333333333333,0.0515766100016907,1,1,1,1,1,1.06582943979277,2566,0,1
"z[46,8]",0.997111111111111,0.0536766566849176,1,1,1,1,1,1.01135716364468,4500,0,1
"z[47,8]",0.527333333333333,0.499307811606502,0,0,1,1,1,0.999860957152223,4500,1,1
"z[48,8]",0.00444444444444444,0.0665257457028688,0,0,0,0,0,1.03325742741325,3201,1,1
"z[49,8]",0.754888888888889,0.430200861930551,0,1,1,1,1,1.00017268016694,4500,1,1
"z[50,8]",1,0,1,1,1,1,1,NA,1,0,1
"z[51,8]",0.982,0.132965893646013,1,1,1,1,1,1.00132283449278,4500,0,1
"z[52,8]",1,0,1,1,1,1,1,NA,1,0,1
"z[53,8]",1,0,1,1,1,1,1,NA,1,0,1
"z[54,8]",1,0,1,1,1,1,1,NA,1,0,1
"z[55,8]",0.912444444444444,0.282678859190088,0,1,1,1,1,1.00271878353106,2041,1,1
"z[56,8]",1,0,1,1,1,1,1,NA,1,0,1
"z[57,8]",1,0,1,1,1,1,1,NA,1,0,1
"z[58,8]",0.969555555555556,0.171825903655918,0,1,1,1,1,1.00223966488226,4500,1,1
"z[59,8]",1,0,1,1,1,1,1,NA,1,0,1
"z[60,8]",1,0,1,1,1,1,1,NA,1,0,1
"z[61,8]",1,0,1,1,1,1,1,NA,1,0,1
"z[62,8]",1,0,1,1,1,1,1,NA,1,0,1
"z[63,8]",1,0,1,1,1,1,1,NA,1,0,1
"z[64,8]",1,0,1,1,1,1,1,NA,1,0,1
"z[65,8]",1,0,1,1,1,1,1,NA,1,0,1
"z[66,8]",1,0,1,1,1,1,1,NA,1,0,1
"z[67,8]",1,0,1,1,1,1,1,NA,1,0,1
"z[68,8]",0.211111111111111,0.408142411058839,0,0,0,0,1,0.999678182678338,4500,1,1
"z[69,8]",1,0,1,1,1,1,1,NA,1,0,1
"z[70,8]",1,0,1,1,1,1,1,NA,1,0,1
"z[71,8]",1,0,1,1,1,1,1,NA,1,0,1
"z[72,8]",1,0,1,1,1,1,1,NA,1,0,1
"z[73,8]",1,0,1,1,1,1,1,NA,1,0,1
"z[74,8]",1,0,1,1,1,1,1,NA,1,0,1
"z[75,8]",0.967777777777778,0.176609404971474,0,1,1,1,1,1.00242287923507,4500,1,1
"z[76,8]",1,0,1,1,1,1,1,NA,1,0,1
"z[77,8]",1,0,1,1,1,1,1,NA,1,0,1
"z[78,8]",1,0,1,1,1,1,1,NA,1,0,1
"z[79,8]",1,0,1,1,1,1,1,NA,1,0,1
"z[80,8]",1,0,1,1,1,1,1,NA,1,0,1
"z[81,8]",0.764666666666667,0.424254114509919,0,1,1,1,1,1.00088357137725,2284,1,1
"z[82,8]",0.992444444444444,0.0866033246050876,1,1,1,1,1,1.00532486120142,4500,0,1
"z[83,8]",0.910666666666667,0.285255975094233,0,1,1,1,1,1.00316613932936,1755,1,1
"z[84,8]",1,0,1,1,1,1,1,NA,1,0,1
"z[85,8]",1,0,1,1,1,1,1,NA,1,0,1
"z[86,8]",1,0,1,1,1,1,1,NA,1,0,1
"z[87,8]",1,0,1,1,1,1,1,NA,1,0,1
"z[88,8]",1,0,1,1,1,1,1,NA,1,0,1
"z[89,8]",0.681333333333333,0.4660112460449,0,0,1,1,1,1.0005441873915,2623,1,1
"z[90,8]",1,0,1,1,1,1,1,NA,1,0,1
"z[91,8]",1,0,1,1,1,1,1,NA,1,0,1
"z[92,8]",0.994444444444444,0.0743365276300976,1,1,1,1,1,1.00528243061712,4500,0,1
"z[93,8]",1,0,1,1,1,1,1,NA,1,0,1
"z[94,8]",1,0,1,1,1,1,1,NA,1,0,1
"z[95,8]",0.982,0.132965893646013,1,1,1,1,1,1.0138745861018,1957,0,1
"z[96,8]",1,0,1,1,1,1,1,NA,1,0,1
"z[97,8]",1,0,1,1,1,1,1,NA,1,0,1
"z[98,8]",1,0,1,1,1,1,1,NA,1,0,1
"z[99,8]",1,0,1,1,1,1,1,NA,1,0,1
"z[100,8]",1,0,1,1,1,1,1,NA,1,0,1
"z[101,8]",1,0,1,1,1,1,1,NA,1,0,1
"z[102,8]",0.541111111111111,0.498362387004393,0,0,1,1,1,1.00166383503663,1013,1,1
"z[103,8]",0.654666666666667,0.475529676249547,0,0,1,1,1,0.999946666376193,4500,1,1
"z[104,8]",0.114666666666667,0.318654651372799,0,0,0,0,1,0.99994654131705,4500,1,1
"z[105,8]",0.0151111111111111,0.1220084974435,0,0,0,0,0,1.00770249508434,4129,1,1
"z[106,8]",0,0,0,0,0,0,0,NA,1,1,1
"z[107,8]",1,0,1,1,1,1,1,NA,1,0,1
"z[108,8]",1,0,1,1,1,1,1,NA,1,0,1
"z[109,8]",1,0,1,1,1,1,1,NA,1,0,1
"z[110,8]",1,0,1,1,1,1,1,NA,1,0,1
"z[111,8]",0.337111111111111,0.472775718807963,0,0,0,1,1,1.00041018929141,3016,1,1
"z[112,8]",1,0,1,1,1,1,1,NA,1,0,1
"z[113,8]",1,0,1,1,1,1,1,NA,1,0,1
"z[114,8]",1,0,1,1,1,1,1,NA,1,0,1
"z[115,8]",1,0,1,1,1,1,1,NA,1,0,1
"z[116,8]",1,0,1,1,1,1,1,NA,1,0,1
"z[117,8]",0.964888888888889,0.18408109945566,0,1,1,1,1,1.00488350405145,2813,1,1
"z[118,8]",0.994666666666667,0.0728427622699364,1,1,1,1,1,1.01761585252646,4500,0,1
"z[119,8]",1,0,1,1,1,1,1,NA,1,0,1
"z[120,8]",0.990666666666667,0.0961679644942985,1,1,1,1,1,1.00737653196148,4500,0,1
"z[121,8]",1,0,1,1,1,1,1,NA,1,0,1
"z[122,8]",1,0,1,1,1,1,1,NA,1,0,1
"z[123,8]",1,0,1,1,1,1,1,NA,1,0,1
"z[124,8]",1,0,1,1,1,1,1,NA,1,0,1
"z[125,8]",1,0,1,1,1,1,1,NA,1,0,1
"z[126,8]",1,0,1,1,1,1,1,NA,1,0,1
"z[127,8]",1,0,1,1,1,1,1,NA,1,0,1
"z[128,8]",1,0,1,1,1,1,1,NA,1,0,1
"z[129,8]",1,0,1,1,1,1,1,NA,1,0,1
"z[130,8]",1,0,1,1,1,1,1,NA,1,0,1
"z[131,8]",1,0,1,1,1,1,1,NA,1,0,1
"z[132,8]",1,0,1,1,1,1,1,NA,1,0,1
"z[133,8]",0.979777777777778,0.140775309913555,1,1,1,1,1,1.00460517599911,4500,0,1
"z[134,8]",1,0,1,1,1,1,1,NA,1,0,1
"z[135,8]",1,0,1,1,1,1,1,NA,1,0,1
"z[136,8]",0.870444444444444,0.335851126771128,0,1,1,1,1,0.999925055236927,4500,1,1
"z[137,8]",1,0,1,1,1,1,1,NA,1,0,1
"z[138,8]",0.993555555555556,0.0800271001985887,1,1,1,1,1,1.00385467038575,4500,0,1
"z[139,8]",0.996444444444444,0.0595289935189017,1,1,1,1,1,1.01316180066133,4500,0,1
"z[140,8]",0.997555555555556,0.0493863456663645,1,1,1,1,1,1.02752607886309,4500,0,1
"z[141,8]",0.999333333333333,0.0258141493083176,1,1,1,1,1,1.13377982835194,4498,0,1
"z[142,8]",0.00377777777777778,0.0613542394088465,0,0,0,0,0,1.04065952588073,3049,1,1
"z[143,8]",1,0,1,1,1,1,1,NA,1,0,1
"z[144,8]",0.0435555555555556,0.20412674648623,0,0,0,0,1,0.999766180785828,4500,1,1
"z[145,8]",1,0,1,1,1,1,1,NA,1,0,1
"z[146,8]",1,0,1,1,1,1,1,NA,1,0,1
"z[147,8]",1,0,1,1,1,1,1,NA,1,0,1
"z[148,8]",1,0,1,1,1,1,1,NA,1,0,1
"z[149,8]",1,0,1,1,1,1,1,NA,1,0,1
"z[150,8]",0.994444444444444,0.0743365276300976,1,1,1,1,1,1.00288530029543,4500,0,1
"z[151,8]",0.992888888888889,0.0840363764582043,1,1,1,1,1,1.00016132087137,4500,0,1
"z[152,8]",1,0,1,1,1,1,1,NA,1,0,1
"z[153,8]",1,0,1,1,1,1,1,NA,1,0,1
"z[154,8]",0.665333333333333,0.471926245268845,0,0,1,1,1,0.999856532138656,4500,1,1
"z[155,8]",1,0,1,1,1,1,1,NA,1,0,1
"z[156,8]",1,0,1,1,1,1,1,NA,1,0,1
"z[157,8]",1,0,1,1,1,1,1,NA,1,0,1
"z[158,8]",1,0,1,1,1,1,1,NA,1,0,1
"z[159,8]",1,0,1,1,1,1,1,NA,1,0,1
"z[160,8]",0.999555555555556,0.0210795079890303,1,1,1,1,1,1.10528646876282,4500,0,1
"z[161,8]",0.715777777777778,0.451093304698539,0,0,1,1,1,1.00059170720879,2655,1,1
"z[162,8]",0.990888888888889,0.0950268670194558,1,1,1,1,1,1.04183762978279,1236,0,1
"z[163,8]",1,0,1,1,1,1,1,NA,1,0,1
"z[164,8]",1,0,1,1,1,1,1,NA,1,0,1
"z[165,8]",1,0,1,1,1,1,1,NA,1,0,1
"z[166,8]",1,0,1,1,1,1,1,NA,1,0,1
"z[167,8]",1,0,1,1,1,1,1,NA,1,0,1
"z[168,8]",0.992222222222222,0.0878578356425394,1,1,1,1,1,1.00132095025047,4500,0,1
"z[169,8]",0.996222222222222,0.0613542394088465,1,1,1,1,1,1.03124325048663,4012,0,1
"z[170,8]",1,0,1,1,1,1,1,NA,1,0,1
"z[171,8]",0.972,0.164991058376806,0,1,1,1,1,1.00796659420257,2188,1,1
"z[172,8]",1,0,1,1,1,1,1,NA,1,0,1
"z[173,8]",1,0,1,1,1,1,1,NA,1,0,1
"z[174,8]",0.986666666666667,0.11471041653724,1,1,1,1,1,1.00009421809267,4500,0,1
"z[175,8]",1,0,1,1,1,1,1,NA,1,0,1
"z[176,8]",1,0,1,1,1,1,1,NA,1,0,1
"z[177,8]",1,0,1,1,1,1,1,NA,1,0,1
"z[178,8]",0.952444444444444,0.212847579895609,0,1,1,1,1,0.999895197596661,4500,1,1
"z[179,8]",0.952222222222222,0.213319417750194,0,1,1,1,1,1.00381945070097,2641,1,1
"z[180,8]",0.0333333333333333,0.179525441950783,0,0,0,0,1,1.00860257525997,1714,1,1
"z[181,8]",1,0,1,1,1,1,1,NA,1,0,1
"z[182,8]",1,0,1,1,1,1,1,NA,1,0,1
"z[183,8]",1,0,1,1,1,1,1,NA,1,0,1
"z[184,8]",1,0,1,1,1,1,1,NA,1,0,1
"z[185,8]",1,0,1,1,1,1,1,NA,1,0,1
"z[186,8]",1,0,1,1,1,1,1,NA,1,0,1
"z[187,8]",0.28,0.449048783494364,0,0,0,1,1,0.999887131143939,4500,1,1
"z[188,8]",1,0,1,1,1,1,1,NA,1,0,1
"z[189,8]",1,0,1,1,1,1,1,NA,1,0,1
"z[190,8]",1,0,1,1,1,1,1,NA,1,0,1
"z[191,8]",1,0,1,1,1,1,1,NA,1,0,1
"z[192,8]",0.347333333333333,0.476175677963101,0,0,0,1,1,0.999845414973378,4500,1,1
"z[193,8]",0.0122222222222222,0.109888684384328,0,0,0,0,0,1.0058794427696,4500,1,1
"z[194,8]",0.0115555555555556,0.106885749673393,0,0,0,0,0,1.00660030084828,4500,1,1
"z[195,8]",0.0113333333333333,0.105864911172911,0,0,0,0,0,1.00724784508166,4500,1,1
"z[196,8]",0.0217777777777778,0.145973426820025,0,0,0,0,0,1.00134770496702,4500,1,1
"z[197,8]",1,0,1,1,1,1,1,NA,1,0,1
"z[198,8]",1,0,1,1,1,1,1,NA,1,0,1
"z[199,8]",0.00488888888888889,0.069757214702053,0,0,0,0,0,1.04723205393332,2012,1,1
"z[200,8]",1,0,1,1,1,1,1,NA,1,0,1
"z[1,9]",1,0,1,1,1,1,1,NA,1,0,1
"z[2,9]",1,0,1,1,1,1,1,NA,1,0,1
"z[3,9]",1,0,1,1,1,1,1,NA,1,0,1
"z[4,9]",1,0,1,1,1,1,1,NA,1,0,1
"z[5,9]",1,0,1,1,1,1,1,NA,1,0,1
"z[6,9]",0.000222222222222222,0.0149071198499986,0,0,0,0,0,1.29093398298233,4500,1,1
"z[7,9]",1,0,1,1,1,1,1,NA,1,0,1
"z[8,9]",1,0,1,1,1,1,1,NA,1,0,1
"z[9,9]",1,0,1,1,1,1,1,NA,1,0,1
"z[10,9]",1,0,1,1,1,1,1,NA,1,0,1
"z[11,9]",1,0,1,1,1,1,1,NA,1,0,1
"z[12,9]",1,0,1,1,1,1,1,NA,1,0,1
"z[13,9]",1,0,1,1,1,1,1,NA,1,0,1
"z[14,9]",0.000444444444444444,0.0210795079890303,0,0,0,0,0,1.10528646876281,4500,1,1
"z[15,9]",1,0,1,1,1,1,1,NA,1,0,1
"z[16,9]",0.919777777777778,0.271667108709551,0,1,1,1,1,1.00088248924013,4500,1,1
"z[17,9]",0.989111111111111,0.103791690054186,1,1,1,1,1,1.01610186033344,2762,0,1
"z[18,9]",0.988888888888889,0.104833661410201,1,1,1,1,1,1.00715009264915,4500,0,1
"z[19,9]",0.979111111111111,0.143028281223349,1,1,1,1,1,1.00043263449164,4500,0,1
"z[20,9]",0.865555555555556,0.341167116466881,0,1,1,1,1,1.00136117288262,2532,1,1
"z[21,9]",0.813777777777778,0.389329153792569,0,1,1,1,1,1.00056838303082,3650,1,1
"z[22,9]",0.843777777777778,0.363106236035812,0,1,1,1,1,1.00047946722901,4500,1,1
"z[23,9]",0.865111111111111,0.341642816812701,0,1,1,1,1,1.00068212523719,4228,1,1
"z[24,9]",0.808,0.393916846973326,0,1,1,1,1,1.00059990670277,3446,1,1
"z[25,9]",0.963555555555556,0.187414119688263,0,1,1,1,1,1.00190075993449,4500,1,1
"z[26,9]",0.988666666666667,0.105864911172911,1,1,1,1,1,1.00377368174571,4500,0,1
"z[27,9]",0.976222222222222,0.152373076750087,1,1,1,1,1,1.00203958960623,4500,0,1
"z[28,9]",1,0,1,1,1,1,1,NA,1,0,1
"z[29,9]",1,0,1,1,1,1,1,NA,1,0,1
"z[30,9]",0.988222222222222,0.107896472423584,1,1,1,1,1,1.00634375932865,4500,0,1
"z[31,9]",0.989555555555556,0.10167426066326,1,1,1,1,1,1.00402899987297,4500,0,1
"z[32,9]",0.986444444444444,0.115649360747383,1,1,1,1,1,1.0063652065686,4500,0,1
"z[33,9]",1,0,1,1,1,1,1,NA,1,0,1
"z[34,9]",1,0,1,1,1,1,1,NA,1,0,1
"z[35,9]",1,0,1,1,1,1,1,NA,1,0,1
"z[36,9]",1,0,1,1,1,1,1,NA,1,0,1
"z[37,9]",1,0,1,1,1,1,1,NA,1,0,1
"z[38,9]",1,0,1,1,1,1,1,NA,1,0,1
"z[39,9]",1,0,1,1,1,1,1,NA,1,0,1
"z[40,9]",1,0,1,1,1,1,1,NA,1,0,1
"z[41,9]",0.827555555555556,0.377808255362111,0,1,1,1,1,0.999929595394774,4500,1,1
"z[42,9]",0.784888888888889,0.410945068049354,0,1,1,1,1,1.00049072851581,3604,1,1
"z[43,9]",0.944,0.22994727692822,0,1,1,1,1,1.00016933695892,4500,1,1
"z[44,9]",0.967111111111111,0.17836557884435,0,1,1,1,1,1.01262139841192,1192,1,1
"z[45,9]",0.988666666666667,0.105864911172911,1,1,1,1,1,1.0583405530208,701,0,1
"z[46,9]",0.989555555555556,0.10167426066326,1,1,1,1,1,1.01081582404037,4272,0,1
"z[47,9]",0.545777777777778,0.497955316441356,0,0,1,1,1,0.999852591947633,4500,1,1
"z[48,9]",1,0,1,1,1,1,1,NA,1,0,1
"z[49,9]",0.657555555555556,0.474580127272358,0,0,1,1,1,1.00018703237448,4266,1,1
"z[50,9]",1,0,1,1,1,1,1,NA,1,0,1
"z[51,9]",1,0,1,1,1,1,1,NA,1,0,1
"z[52,9]",1,0,1,1,1,1,1,NA,1,0,1
"z[53,9]",0.024,0.153066020038189,0,0,0,0,0,1.00007144431001,4500,1,1
"z[54,9]",1,0,1,1,1,1,1,NA,1,0,1
"z[55,9]",0.806,0.395472824956344,0,1,1,1,1,1.00133057133432,1931,1,1
"z[56,9]",1,0,1,1,1,1,1,NA,1,0,1
"z[57,9]",0.968888888888889,0.173637293967947,0,1,1,1,1,1.00325806328976,4500,1,1
"z[58,9]",1,0,1,1,1,1,1,NA,1,0,1
"z[59,9]",1,0,1,1,1,1,1,NA,1,0,1
"z[60,9]",1,0,1,1,1,1,1,NA,1,0,1
"z[61,9]",1,0,1,1,1,1,1,NA,1,0,1
"z[62,9]",1,0,1,1,1,1,1,NA,1,0,1
"z[63,9]",1,0,1,1,1,1,1,NA,1,0,1
"z[64,9]",1,0,1,1,1,1,1,NA,1,0,1
"z[65,9]",1,0,1,1,1,1,1,NA,1,0,1
"z[66,9]",1,0,1,1,1,1,1,NA,1,0,1
"z[67,9]",0.00977777777777778,0.0984089676386699,0,0,0,0,0,1.00307431864487,4500,1,1
"z[68,9]",0.00133333333333333,0.0364945409967103,0,0,0,0,0,NA,4500,1,1
"z[69,9]",1,0,1,1,1,1,1,NA,1,0,1
"z[70,9]",1,0,1,1,1,1,1,NA,1,0,1
"z[71,9]",1,0,1,1,1,1,1,NA,1,0,1
"z[72,9]",1,0,1,1,1,1,1,NA,1,0,1
"z[73,9]",1,0,1,1,1,1,1,NA,1,0,1
"z[74,9]",1,0,1,1,1,1,1,NA,1,0,1
"z[75,9]",1,0,1,1,1,1,1,NA,1,0,1
"z[76,9]",1,0,1,1,1,1,1,NA,1,0,1
"z[77,9]",1,0,1,1,1,1,1,NA,1,0,1
"z[78,9]",1,0,1,1,1,1,1,NA,1,0,1
"z[79,9]",1,0,1,1,1,1,1,NA,1,0,1
"z[80,9]",0.0735555555555556,0.261075243046752,0,0,0,0,1,1.003382690027,1972,1,1
"z[81,9]",0.233555555555556,0.423139629767078,0,0,0,0,1,1.0007343480909,2626,1,1
"z[82,9]",1,0,1,1,1,1,1,NA,1,0,1
"z[83,9]",0.179111111111111,0.383487941993863,0,0,0,0,1,1.00115238659208,2286,1,1
"z[84,9]",0.912222222222222,0.283002892963307,0,1,1,1,1,1.00050137790524,4500,1,1
"z[85,9]",0.839777777777778,0.366852788745443,0,1,1,1,1,1.00039035512336,4500,1,1
"z[86,9]",0.0102222222222222,0.100598097789677,0,0,0,0,0,1.009876274207,4500,1,1
"z[87,9]",1,0,1,1,1,1,1,NA,1,0,1
"z[88,9]",1,0,1,1,1,1,1,NA,1,0,1
"z[89,9]",1,0,1,1,1,1,1,NA,1,0,1
"z[90,9]",1,0,1,1,1,1,1,NA,1,0,1
"z[91,9]",0.022,0.146699633251375,0,0,0,0,0,1.0007840421433,4500,1,1
"z[92,9]",1,0,1,1,1,1,1,NA,1,0,1
"z[93,9]",1,0,1,1,1,1,1,NA,1,0,1
"z[94,9]",1,0,1,1,1,1,1,NA,1,0,1
"z[95,9]",0.932222222222222,0.251392113273443,0,1,1,1,1,0.999932615890778,4500,1,1
"z[96,9]",1,0,1,1,1,1,1,NA,1,0,1
"z[97,9]",1,0,1,1,1,1,1,NA,1,0,1
"z[98,9]",1,0,1,1,1,1,1,NA,1,0,1
"z[99,9]",1,0,1,1,1,1,1,NA,1,0,1
"z[100,9]",1,0,1,1,1,1,1,NA,1,0,1
"z[101,9]",1,0,1,1,1,1,1,NA,1,0,1
"z[102,9]",0.39,0.487804139401693,0,0,0,1,1,0.999675771045177,4500,1,1
"z[103,9]",0.616444444444444,0.486305711885601,0,0,1,1,1,0.999926777607432,4500,1,1
"z[104,9]",1,0,1,1,1,1,1,NA,1,0,1
"z[105,9]",0.00933333333333333,0.0961679644942985,0,0,0,0,0,1.01075591710808,4500,1,1
"z[106,9]",0,0,0,0,0,0,0,NA,1,1,1
"z[107,9]",1,0,1,1,1,1,1,NA,1,0,1
"z[108,9]",1,0,1,1,1,1,1,NA,1,0,1
"z[109,9]",1,0,1,1,1,1,1,NA,1,0,1
"z[110,9]",1,0,1,1,1,1,1,NA,1,0,1
"z[111,9]",1,0,1,1,1,1,1,NA,1,0,1
"z[112,9]",0.821777777777778,0.382742231038999,0,1,1,1,1,1.00078629648653,3049,1,1
"z[113,9]",1,0,1,1,1,1,1,NA,1,0,1
"z[114,9]",1,0,1,1,1,1,1,NA,1,0,1
"z[115,9]",1,0,1,1,1,1,1,NA,1,0,1
"z[116,9]",0.937333333333333,0.24238938031912,0,1,1,1,1,1.00050383216031,4500,1,1
"z[117,9]",0.844,0.362895667058781,0,1,1,1,1,1.00036380502522,4500,1,1
"z[118,9]",0.977111111111111,0.149565901047889,1,1,1,1,1,1.00148849610668,4500,0,1
"z[119,9]",1,0,1,1,1,1,1,NA,1,0,1
"z[120,9]",0.974666666666667,0.15715293120877,0,1,1,1,1,1.00196519426127,4500,1,1
"z[121,9]",1,0,1,1,1,1,1,NA,1,0,1
"z[122,9]",0.646666666666667,0.478058234406061,0,0,1,1,1,1.00037616733779,3092,1,1
"z[123,9]",0.858666666666667,0.348403784006977,0,1,1,1,1,1.00045223562155,4500,1,1
"z[124,9]",0.747111111111111,0.434716107244037,0,0,1,1,1,1.00009110505313,4500,1,1
"z[125,9]",1,0,1,1,1,1,1,NA,1,0,1
"z[126,9]",0.965111111111111,0.183518768996536,0,1,1,1,1,1.00424405603794,3233,1,1
"z[127,9]",0.0502222222222222,0.218427454690079,0,0,0,0,1,1.00201884946832,4452,1,1
"z[128,9]",1,0,1,1,1,1,1,NA,1,0,1
"z[129,9]",1,0,1,1,1,1,1,NA,1,0,1
"z[130,9]",0.0446666666666667,0.206593901727913,0,0,0,0,1,1.0004378891385,4500,1,1
"z[131,9]",1,0,1,1,1,1,1,NA,1,0,1
"z[132,9]",1,0,1,1,1,1,1,NA,1,0,1
"z[133,9]",1,0,1,1,1,1,1,NA,1,0,1
"z[134,9]",1,0,1,1,1,1,1,NA,1,0,1
"z[135,9]",0.854222222222222,0.352922507098086,0,1,1,1,1,1.00082126765,3484,1,1
"z[136,9]",0.734,0.441913336752103,0,0,1,1,1,0.999970089876664,4500,1,1
"z[137,9]",0.0526666666666667,0.223391984327829,0,0,0,0,1,1.00136023057622,4500,1,1
"z[138,9]",0.972666666666667,0.163070940344369,0,1,1,1,1,1.00351843651842,4500,1,1
"z[139,9]",1,0,1,1,1,1,1,NA,1,0,1
"z[140,9]",1,0,1,1,1,1,1,NA,1,0,1
"z[141,9]",1,0,1,1,1,1,1,NA,1,0,1
"z[142,9]",0.000888888888888889,0.0298042977535084,0,0,0,0,0,1.16587551740291,2570,1,1
"z[143,9]",1,0,1,1,1,1,1,NA,1,0,1
"z[144,9]",1,0,1,1,1,1,1,NA,1,0,1
"z[145,9]",0.893333333333333,0.308723288567936,0,1,1,1,1,1.0032706809394,1460,1,1
"z[146,9]",0.804444444444444,0.396671837405431,0,1,1,1,1,0.999742395746674,4500,1,1
"z[147,9]",1,0,1,1,1,1,1,NA,1,0,1
"z[148,9]",1,0,1,1,1,1,1,NA,1,0,1
"z[149,9]",0.976444444444444,0.151676642100424,1,1,1,1,1,1.00882412536396,2342,0,1
"z[150,9]",0.978888888888889,0.143770739157005,1,1,1,1,1,0.999724396257424,4500,0,1
"z[151,9]",0.981555555555556,0.13456697579197,1,1,1,1,1,1.00534868310873,4500,0,1
"z[152,9]",1,0,1,1,1,1,1,NA,1,0,1
"z[153,9]",1,0,1,1,1,1,1,NA,1,0,1
"z[154,9]",0.00377777777777778,0.0613542394088465,0,0,0,0,0,1.00656868947539,4500,1,1
"z[155,9]",1,0,1,1,1,1,1,NA,1,0,1
"z[156,9]",1,0,1,1,1,1,1,NA,1,0,1
"z[157,9]",1,0,1,1,1,1,1,NA,1,0,1
"z[158,9]",1,0,1,1,1,1,1,NA,1,0,1
"z[159,9]",1,0,1,1,1,1,1,NA,1,0,1
"z[160,9]",1,0,1,1,1,1,1,NA,1,0,1
"z[161,9]",0.546888888888889,0.497851896976906,0,0,1,1,1,0.999886591994319,4500,1,1
"z[162,9]",1,0,1,1,1,1,1,NA,1,0,1
"z[163,9]",1,0,1,1,1,1,1,NA,1,0,1
"z[164,9]",1,0,1,1,1,1,1,NA,1,0,1
"z[165,9]",1,0,1,1,1,1,1,NA,1,0,1
"z[166,9]",0.923777777777778,0.265382828642999,0,1,1,1,1,1.00244702488598,2552,1,1
"z[167,9]",0.989777777777778,0.100598097789677,1,1,1,1,1,1.00062949830714,4500,0,1
"z[168,9]",0.985777777777778,0.118419030794728,1,1,1,1,1,1.01239038936484,2757,0,1
"z[169,9]",0.987777777777778,0.109888684384328,1,1,1,1,1,1.01281050587744,3096,0,1
"z[170,9]",0.992222222222222,0.0878578356425394,1,1,1,1,1,1.03772704636365,1612,0,1
"z[171,9]",1,0,1,1,1,1,1,NA,1,0,1
"z[172,9]",1,0,1,1,1,1,1,NA,1,0,1
"z[173,9]",1,0,1,1,1,1,1,NA,1,0,1
"z[174,9]",1,0,1,1,1,1,1,NA,1,0,1
"z[175,9]",1,0,1,1,1,1,1,NA,1,0,1
"z[176,9]",1,0,1,1,1,1,1,NA,1,0,1
"z[177,9]",1,0,1,1,1,1,1,NA,1,0,1
"z[178,9]",0.933555555555556,0.249085061097509,0,1,1,1,1,0.999788461382776,4500,1,1
"z[179,9]",0.941111111111111,0.235442787459719,0,1,1,1,1,0.999674648297066,4500,1,1
"z[180,9]",0.487555555555556,0.499900659415981,0,0,0,1,1,0.999916264819305,4500,1,1
"z[181,9]",1,0,1,1,1,1,1,NA,1,0,1
"z[182,9]",1,0,1,1,1,1,1,NA,1,0,1
"z[183,9]",1,0,1,1,1,1,1,NA,1,0,1
"z[184,9]",1,0,1,1,1,1,1,NA,1,0,1
"z[185,9]",1,0,1,1,1,1,1,NA,1,0,1
"z[186,9]",0.681555555555556,0.465924695139235,0,0,1,1,1,1.0009498525587,1800,1,1
"z[187,9]",0.246222222222222,0.430857392202569,0,0,0,0,1,1.0000116598252,4500,1,1
"z[188,9]",0.0753333333333333,0.26395777175116,0,0,0,0,1,1.00078027242462,4500,1,1
"z[189,9]",0.116444444444444,0.320792774619157,0,0,0,0,1,1.00001843808484,4500,1,1
"z[190,9]",0.436444444444444,0.495999356288236,0,0,0,1,1,1.0002115099645,3737,1,1
"z[191,9]",1,0,1,1,1,1,1,NA,1,0,1
"z[192,9]",0.293333333333333,0.455340491638053,0,0,0,1,1,1.00064299356856,2469,1,1
"z[193,9]",0.130222222222222,0.336585160875883,0,0,0,0,1,1.00018293407019,4500,1,1
"z[194,9]",0.194666666666667,0.395987880398553,0,0,0,0,1,1.00051778432217,3740,1,1
"z[195,9]",0.141777777777778,0.348860838750797,0,0,0,0,1,1.0002780470211,4500,1,1
"z[196,9]",0.0295555555555556,0.169376503362579,0,0,0,0,1,1.00292244994774,4500,1,1
"z[197,9]",1,0,1,1,1,1,1,NA,1,0,1
"z[198,9]",1,0,1,1,1,1,1,NA,1,0,1
"z[199,9]",0.006,0.0772355205065475,0,0,0,0,0,1.00585876352754,4500,1,1
"z[200,9]",1,0,1,1,1,1,1,NA,1,0,1
"deviance",3950.62569414737,29.5697190032685,3896.29387816521,3929.5678580803,3949.30181120449,3970.17330000324,4013.98444937539,0.999827200419,4500,0,1
