"parameter","mean","sd","2.5%","25%","50%","75%","97.5%","Rhat","n.eff","overlap0","f"
"a.psi[1]",-0.3148891007606,1.75990031160738,-3.66553234639612,-1.53465038263157,-0.312833183675428,0.892122804494038,3.11452482639315,1.00130477097175,2604,1,0.568222222222222
"a.psi[2]",0.907846474257216,0.653041740501806,-0.326063835182764,0.451765631635699,0.901339062646127,1.34214341890537,2.21565010003423,0.99987007975114,4500,1,0.922444444444444
"a.psi[3]",-1.99454819732321,0.625367622773957,-3.36795087867008,-2.37641752576396,-1.94586441393248,-1.56205697697578,-0.924445020169907,1.00148991078439,4500,0,1
"a.psi[4]",1.02248680935547,0.644996099151228,-0.175955007193481,0.583302016100864,0.992401268048719,1.43668839692057,2.37262564867545,1.00047178698813,3051,1,0.955111111111111
"a.psi[5]",-0.745290264276785,0.665738502748054,-2.03312163167974,-1.18786425841234,-0.738334646215752,-0.301545814942752,0.556974448866351,1.00023532259003,4500,1,0.876666666666667
"b.psi.elev",-1.22392026473496,0.440933461790287,-2.12320089950205,-1.51825850916082,-1.21208577357059,-0.918845964655514,-0.39426452973856,1.00030531503482,4500,0,0.997777777777778
"b.psi.water",-0.334713634615388,0.319953451586439,-0.985106959088609,-0.545045275097284,-0.325680459993015,-0.120357309810565,0.264053280922212,1.00101127257546,1835,1,0.855777777777778
"a.gam[1]",-0.689479722308018,1.5988040716099,-3.15840340700543,-1.87125382542278,-0.948942129841968,0.302773696871635,2.89753222370954,1.00175281615983,1104,1,0.692222222222222
"a.gam[2]",-0.636446693404795,0.306149791981029,-1.24539950067614,-0.842814836795492,-0.633452060510174,-0.43951008880105,-0.0270041775284525,1.00061781825476,2523,0,0.979333333333333
"a.gam[3]",-3.2660836166698,0.390783172728458,-4.06156120457699,-3.52944205471819,-3.24723751823107,-2.99474584790091,-2.54445321209638,1.00019469020106,4500,0,1
"a.gam[4]",-0.332537817291137,0.281770349046038,-0.879191959365442,-0.515343625347259,-0.33269218860262,-0.151772809097945,0.236142786834122,1.0006991995149,3523,1,0.884444444444444
"a.gam[5]",-0.956867886370289,0.308721919151262,-1.55720801368635,-1.16058776137804,-0.958429547992117,-0.758417031445725,-0.346461736831456,0.999956597489066,4500,0,0.999111111111111
"b.gam.elev",-0.579102981125289,0.171883554360376,-0.927027896728812,-0.69239716006322,-0.576291989291623,-0.464818874970534,-0.245341057793613,1.00075522956364,2376,0,0.999777777777778
"b.gam.water",-0.134496363347315,0.141874139383061,-0.426894906406586,-0.228466174711982,-0.134198856432456,-0.0399270660044917,0.142547699952342,1.00045303455039,4500,1,0.830444444444444
"b.gam.road",-0.0772704764335936,0.139507133875564,-0.342619597487435,-0.173963784372644,-0.0800433565735974,0.0147962647720237,0.201021900748532,1.00025298973058,3477,1,0.715333333333333
"b.gam.harv",-0.148795000618562,0.125270663498611,-0.391688561301477,-0.234198810225984,-0.148301656554242,-0.0640247261402375,0.09121462809249,1.00000624746576,4500,1,0.881111111111111
"a.phi[1]",-0.991521668098292,1.6882505238659,-4.0823195624585,-2.15213995096454,-1.07883772767751,0.10540296897365,2.56270924318209,1.01474395839881,141,1,0.732666666666667
"a.phi[2]",1.84065331074313,0.412229412949232,1.00792960613772,1.58084459720618,1.84548029970341,2.10889349167259,2.63247761401451,1.00005056983715,4500,0,0.999555555555556
"a.phi[3]",1.82622318812822,0.697059915274612,0.561375633347561,1.34754791496934,1.79806346508013,2.26589148968292,3.28549914628386,1.00054185357782,2837,0,0.998
"a.phi[4]",1.00951458124725,0.388691446087117,0.228962469477612,0.764692093536546,1.01088222721095,1.26188003095339,1.76404909480995,1.00070184968844,4500,0,0.990444444444444
"a.phi[5]",1.33673647711606,0.454559876464997,0.465107083511401,1.04218306096221,1.32738265105762,1.62964398560073,2.23834585551299,1.00049422217967,3979,0,0.997777777777778
"b.phi.elev",-1.69592669775483,0.278203495086727,-2.25419637299406,-1.88500811678389,-1.68720723904882,-1.50344526073547,-1.16665028385903,1.00102797557365,1926,0,1
"b.phi.water",-0.301508061823375,0.212766562130805,-0.747463559355446,-0.440425145003668,-0.293412634266072,-0.152133129471431,0.0902728151029026,1.00173786333619,1182,1,0.930222222222222
"b.phi.road",0.335297354915511,0.197180929711665,-0.0453436244643965,0.201419361906385,0.332347163129458,0.468234254150125,0.719695110370004,1.00050890040482,2752,1,0.954666666666667
"b.phi.harv",0.742656374544443,0.242678333335818,0.295913596426638,0.581066365277261,0.737230746802467,0.894190111514264,1.24590505986863,1.00089174366578,1690,0,0.998888888888889
"a.p",0.55991402071423,0.110837236792196,0.3316976104956,0.497705322611571,0.562857923687121,0.625804000605138,0.769628752745098,1.00451833404936,965,0,0.999555555555556
"b.p.ak",-3.72396077967041,0.637343851489167,-4.77721570528355,-4.16520399753307,-3.8040824817624,-3.36689059860686,-2.21262538637933,1.01409600420539,161,0,1
"b.p.clutter",0.116428908912654,0.0480931135061901,0.019913155216815,0.0839840177227025,0.117713061575545,0.148808738064835,0.20865341759947,1.00053424096463,4500,0,0.993555555555556
"b.p.temp",0.0873364469518948,0.0560281288598078,-0.0220383212559138,0.050696721421047,0.0868579303767237,0.124943884519939,0.199672068872395,0.999953563492663,4500,1,0.942
"b.p.julian",0.0999834741497068,0.0515465822240335,-9.38347763156293e-05,0.0649538003893676,0.0998522778545695,0.134687938100986,0.200131937915289,1.00065413547277,2276,1,0.974666666666667
"sigma.gam",0.274253118901126,0.223410776089072,0.0136567743579641,0.113219395364886,0.2274708303891,0.371856479233967,0.839074495933866,1.00422116942846,1188,0,1
"sigma.phi",0.503126464569313,0.34752687240577,0.0242506133135877,0.248968508520767,0.453147968334622,0.691158493384672,1.31198006921887,1.00072495916182,2307,0,1
"sigma.p",0.249756041274892,0.120508023701227,0.0576419989891997,0.16800609542733,0.233286462183845,0.311837821565653,0.526538969338821,1.00042477953567,4500,0,1
"eps.gam[1]",0.0058170370989034,0.248682994294056,-0.538061541990499,-0.105632868892709,0.00188476188853819,0.131185212341991,0.520144336048429,1.00013791010419,4500,1,0.509111111111111
"eps.gam[2]",-0.172835235396598,0.293277708544527,-0.931536232041548,-0.296646860348119,-0.0917643345060732,0.00700809105845797,0.232696372721999,1.00486820759994,967,1,0.718444444444444
"eps.gam[3]",-0.229531519865376,0.308523944697365,-1.05575658341507,-0.372134085582123,-0.138889105050597,-0.0105910009820624,0.156522782242588,1.00063269271623,2105,1,0.794
"eps.gam[4]",-0.0951910273722019,0.235961689261335,-0.67526567376531,-0.199370774706867,-0.0491172120700509,0.0297005580110229,0.318469220134527,1.00207905083193,1255,1,0.647111111111111
"eps.gam[5]",0.0191401008814823,0.22480123055666,-0.456235205164665,-0.0838389381110565,0.0100667994883607,0.127178531374881,0.512054933173622,1.0004824215946,4500,1,0.542666666666667
"eps.gam[6]",0.0302187853008379,0.229182034452009,-0.450989694935349,-0.0736233251589673,0.0112167582510518,0.13088037397407,0.54239542099628,1.00188862408234,1143,1,0.549111111111111
"eps.gam[7]",0.0647267989598304,0.240220840640964,-0.409439490670814,-0.0493889408707772,0.0345877798952039,0.178857516052081,0.613722824383257,1.00183210247142,4500,1,0.617111111111111
"eps.gam[8]",0.0891765910845364,0.239700581004051,-0.34942187443089,-0.0362654763561764,0.0466113321752045,0.210775854451679,0.646773063590235,1.00173939312828,2628,1,0.641555555555556
"eps.phi[1]",0.0289005699359674,0.443782595640898,-0.822133697801644,-0.206446848529549,0.0037203275353323,0.232438892599218,1.03840791216458,1.00130462772205,4500,1,0.509111111111111
"eps.phi[2]",-0.0982199250814584,0.391440331377645,-0.919697558732285,-0.307527029362549,-0.0667522960867908,0.104589970877501,0.707680354434902,1.00167016285118,1851,1,0.611111111111111
"eps.phi[3]",-0.484087191587282,0.450106034134475,-1.47829206060426,-0.774757600733931,-0.414892238947534,-0.12272564143007,0.165017881265674,1.00187519350615,1372,1,0.883111111111111
"eps.phi[4]",0.188679214582329,0.417415614358917,-0.500472597764084,-0.0579558857655091,0.10232377761588,0.395611754373396,1.20166666433251,1.00021225565239,4500,1,0.658888888888889
"eps.phi[5]",0.236701071234267,0.401475373347101,-0.422878503748464,-0.0152614971573255,0.158241332711101,0.447635641219434,1.15656766455787,1.00032242046541,4500,1,0.718888888888889
"eps.phi[6]",0.365672935445918,0.465364309698644,-0.290498688914413,0.0235337432117959,0.261770853606525,0.615006983670918,1.52277423227248,1.00005179572188,4500,1,0.796222222222222
"eps.phi[7]",0.214145502391928,0.40389205047096,-0.45537815377517,-0.0315881452376826,0.137124315339537,0.433741068048844,1.17499686948103,1.00008507746045,4500,1,0.691333333333333
"eps.phi[8]",0.244850340059643,0.41352695597276,-0.414200433087549,-0.012556955801154,0.153079414129967,0.442379754976066,1.24752767989063,1.00083582950075,4500,1,0.723111111111111
"eps.p[1]",-0.223939456524016,0.20642428590709,-0.669440743056378,-0.350113962870623,-0.201549422274199,-0.0731410078630017,0.110493810079666,1.00011801268011,4500,1,0.871777777777778
"eps.p[2]",-0.0856704087012373,0.159222918796018,-0.417063740626136,-0.181663907193566,-0.0787093397733604,0.015521881498219,0.227571025621855,1.00043145609696,4392,1,0.708444444444444
"eps.p[3]",-0.258840840098988,0.167330310530387,-0.620629163034489,-0.366242018251176,-0.248643460721614,-0.139366888839174,0.0253303708292439,1.00026444780606,4223,1,0.955555555555556
"eps.p[4]",-0.0819354399170446,0.154905312554729,-0.398041823418803,-0.179220869602708,-0.0747596580975483,0.0149331313212923,0.222363617883902,1.00008997832333,4500,1,0.710888888888889
"eps.p[5]",0.153952934424416,0.15803250088135,-0.118419572716264,0.0415167321970413,0.140057542891602,0.252502335886483,0.497245994644455,1.0030287580174,1248,1,0.854
"eps.p[6]",0.164089476085458,0.155951976290031,-0.104975197378034,0.05579082708323,0.15163104760468,0.260618623177118,0.504099199009491,1.00230850404362,4500,1,0.874
"eps.p[7]",0.0596455562989759,0.152681435257328,-0.227246397794602,-0.0359681822030496,0.0513721156727853,0.151500046471637,0.384806387437935,1.00120363465245,3789,1,0.658444444444444
"eps.p[8]",0.149779093163621,0.161644509043299,-0.137772601198479,0.0379449382557412,0.13671504042978,0.247886802219136,0.494762300354803,1.00426863093645,762,1,0.835777777777778
"eps.p[9]",0.146699058166284,0.155245551910009,-0.124459182613189,0.0399507900277176,0.132836638973515,0.242392255045525,0.47470272571339,1.00403341447922,1013,1,0.847111111111111
"psi.fs[1]",0.432393333333333,0.0422620393891185,0.35,0.405,0.435,0.46,0.515,1.00069505440369,2455,0,1
"psi.fs[2]",0.445483333333333,0.0311776123150702,0.385,0.425,0.445,0.465,0.505,1.00174255121647,1001,0,1
"psi.fs[3]",0.435203333333333,0.0278765773985874,0.38,0.415,0.435,0.455,0.49,1.00621772581936,334,0,1
"psi.fs[4]",0.396297777777778,0.0272507434385671,0.345,0.375,0.395,0.415,0.45,1.00900722489643,222,0,1
"psi.fs[5]",0.442357777777778,0.0253104045112515,0.395,0.425,0.445,0.46,0.49,1.00965284394765,208,0,1
"psi.fs[6]",0.484561111111111,0.0238943467709743,0.44,0.465,0.485,0.505,0.525,1.00821278228393,256,0,1
"psi.fs[7]",0.508856666666667,0.0249192630516636,0.46,0.49,0.51,0.525,0.555,1.00884571591303,258,0,1
"psi.fs[8]",0.515384444444444,0.0223105987465228,0.47,0.5,0.515,0.53,0.555,1.0048161617769,423,0,1
"psi.fs[9]",0.525062222222222,0.0225183364949855,0.48,0.51,0.525,0.54,0.565,1.00516370410442,406,0,1
"psi.surv[1]",0.40573835125448,0.0232415769272211,0.370967741935484,0.387096774193548,0.403225806451613,0.419354838709677,0.467741935483871,0.999923238283178,4500,0,1
"psi.surv[2]",0.497050314465409,0.0152011904485867,0.471698113207547,0.481132075471698,0.5,0.509433962264151,0.528301886792453,1.00052026968887,4500,0,1
"psi.surv[3]",0.460475965327029,0.0264682566566656,0.411347517730496,0.439716312056738,0.460992907801418,0.482269503546099,0.51063829787234,1.00798426810126,251,0,1
"psi.surv[4]",0.428008888888889,0.0282202117495449,0.38,0.406666666666667,0.426666666666667,0.446666666666667,0.48,1.00916010838466,218,0,1
"psi.surv[5]",0.492457516339869,0.0257806097196511,0.441176470588235,0.470588235294118,0.492647058823529,0.514705882352941,0.536764705882353,1.00742540396069,268,0,1
"psi.surv[6]",0.49872187715666,0.0224508392259368,0.453416149068323,0.484472049689441,0.496894409937888,0.515527950310559,0.53416149068323,1.01078194510896,194,0,1
"psi.surv[7]",0.589182795698925,0.028230354458985,0.532258064516129,0.57258064516129,0.588709677419355,0.612903225806452,0.637096774193548,1.00778808806474,269,0,1
"psi.surv[8]",0.488613081166273,0.0214263154150744,0.446808510638298,0.475177304964539,0.48936170212766,0.50354609929078,0.524822695035461,1.00810534942962,271,0,1
"psi.surv[9]",0.514217391304348,0.0167737441758618,0.485507246376812,0.5,0.514492753623188,0.528985507246377,0.543478260869565,1.0052860183919,363,0,1
"n.occ[1]",86.4786666666667,8.45240787782371,70,81,87,92,103,1.00069505440369,2455,0,1
"n.occ[2]",89.0966666666667,6.23552246301403,77,85,89,93,101,1.00174255121647,1001,0,1
"n.occ[3]",87.0406666666667,5.57531547971749,76,83,87,91,98,1.00621772581936,334,0,1
"n.occ[4]",79.2595555555556,5.45014868771342,69,75,79,83,90,1.00900722489643,222,0,1
"n.occ[5]",88.4715555555556,5.06208090225029,79,85,89,92,98,1.00965284394765,208,0,1
"n.occ[6]",96.9122222222222,4.77886935419485,88,93,97,101,105,1.00821278228393,256,0,1
"n.occ[7]",101.771333333333,4.98385261033273,92,98,102,105,111,1.00884571591303,258,0,1
"n.occ[8]",103.076888888889,4.46211974930455,94,100,103,106,111,1.00481616177689,423,0,1
"n.occ[9]",105.012444444444,4.5036672989971,96,102,105,108,113,1.00516370410442,406,0,1
"psi.reg[1,1]",0.655288888888889,0.294422946126736,0.0666666666666667,0.4,0.733333333333333,0.933333333333333,1,0.999817102085625,4500,0,1
"psi.reg[2,1]",0.4877150997151,0.090722826223441,0.307692307692308,0.41025641025641,0.487179487179487,0.564102564102564,0.666666666666667,1.00030442456261,3766,0,1
"psi.reg[3,1]",0.156711111111111,0.0521241093253582,0.0666666666666667,0.116666666666667,0.15,0.183333333333333,0.266666666666667,1.00035422624901,4500,0,1
"psi.reg[4,1]",0.587427609427609,0.103580710721033,0.393939393939394,0.515151515151515,0.575757575757576,0.666666666666667,0.787878787878788,0.999991245680592,4500,0,1
"psi.reg[5,1]",0.544163522012579,0.0826291293162239,0.377358490566038,0.490566037735849,0.547169811320755,0.60377358490566,0.69811320754717,1.00039417316978,3005,0,1
"psi.reg[1,2]",0.574725925925926,0.261174146773793,0.0666666666666667,0.4,0.6,0.8,1,1.00567560419138,349,0,1
"psi.reg[2,2]",0.422336182336182,0.0749624704692146,0.282051282051282,0.384615384615385,0.41025641025641,0.461538461538462,0.564102564102564,0.99980612996574,4500,0,1
"psi.reg[3,2]",0.169348148148148,0.0326479099912816,0.116666666666667,0.15,0.166666666666667,0.183333333333333,0.25,1.00035284274956,4500,0,1
"psi.reg[4,2]",0.578215488215488,0.0499323275947355,0.484848484848485,0.545454545454545,0.575757575757576,0.606060606060606,0.696969696969697,1.00035783351028,3191,0,1
"psi.reg[5,2]",0.655899371069182,0.0316988001851512,0.60377358490566,0.641509433962264,0.660377358490566,0.679245283018868,0.716981132075472,0.999904790787155,4500,0,1
"psi.reg[1,3]",0.550503703703704,0.267533031986304,0.0666666666666667,0.333333333333333,0.533333333333333,0.8,1,1.00937721412929,214,0,1
"psi.reg[2,3]",0.306683760683761,0.0564476493765185,0.205128205128205,0.256410256410256,0.307692307692308,0.333333333333333,0.41025641025641,1.00013578362587,4500,0,1
"psi.reg[3,3]",0.190774074074074,0.0259088021517633,0.15,0.166666666666667,0.183333333333333,0.2,0.25,1.00040052438579,4500,0,1
"psi.reg[4,3]",0.551939393939394,0.0384861237013742,0.484848484848485,0.515151515151515,0.545454545454545,0.575757575757576,0.636363636363636,0.999694535264202,4500,0,1
"psi.reg[5,3]",0.701169811320755,0.0270965767553692,0.641509433962264,0.679245283018868,0.69811320754717,0.716981132075472,0.754716981132076,1.00029483855381,4250,0,1
"psi.reg[1,4]",0.508296296296296,0.273436536627744,0,0.266666666666667,0.533333333333333,0.733333333333333,1,1.01004465591865,200,1,1
"psi.reg[2,4]",0.373874643874644,0.0326155737581878,0.307692307692308,0.358974358974359,0.384615384615385,0.384615384615385,0.435897435897436,0.999712736607539,4500,0,1
"psi.reg[3,4]",0.167140740740741,0.0220298706387492,0.133333333333333,0.15,0.166666666666667,0.183333333333333,0.216666666666667,0.999816818302741,4500,0,1
"psi.reg[4,4]",0.351582491582492,0.0373587129673615,0.303030303030303,0.333333333333333,0.333333333333333,0.363636363636364,0.424242424242424,1.00100312706403,2309,0,1
"psi.reg[5,4]",0.668364779874214,0.0332271374174425,0.60377358490566,0.641509433962264,0.660377358490566,0.69811320754717,0.735849056603774,1.00137733153897,1209,0,1
"psi.reg[1,5]",0.552607407407407,0.27786885429932,0,0.333333333333333,0.566666666666667,0.8,1,1.01035915500519,200,1,1
"psi.reg[2,5]",0.39045584045584,0.0334868989163709,0.333333333333333,0.358974358974359,0.384615384615385,0.41025641025641,0.461538461538462,1.00004115665877,4500,0,1
"psi.reg[3,5]",0.158444444444444,0.0219856015172594,0.116666666666667,0.15,0.15,0.166666666666667,0.2,1.0008269067422,1797,0,1
"psi.reg[4,5]",0.432653198653199,0.0308812564912386,0.393939393939394,0.424242424242424,0.424242424242424,0.454545454545455,0.484848484848485,1.00185227251924,2539,0,1
"psi.reg[5,5]",0.776800838574424,0.0245040288992822,0.716981132075472,0.754716981132076,0.773584905660377,0.792452830188679,0.811320754716981,1.0003201366102,3240,0,1
"psi.reg[1,6]",0.567051851851852,0.274186139957548,0.0666666666666667,0.333333333333333,0.6,0.8,1,1.01102746504128,189,0,1
"psi.reg[2,6]",0.439960113960114,0.0274442160765029,0.384615384615385,0.41025641025641,0.435897435897436,0.461538461538462,0.487179487179487,1.00030767361482,4040,0,1
"psi.reg[3,6]",0.169603703703704,0.0176914266211642,0.15,0.15,0.166666666666667,0.183333333333333,0.2,1.00037093932301,4411,0,1
"psi.reg[4,6]",0.543474747474747,0.0371197828610895,0.484848484848485,0.515151515151515,0.545454545454545,0.575757575757576,0.606060606060606,1.00040359564688,4500,0,1
"psi.reg[5,6]",0.813907756813417,0.0193266084061932,0.773584905660377,0.811320754716981,0.811320754716981,0.830188679245283,0.849056603773585,1.0000573640367,4500,0,1
"psi.reg[1,7]",0.596992592592593,0.268607890343397,0.0666666666666667,0.4,0.6,0.8,1,1.01150821389937,182,0,1
"psi.reg[2,7]",0.57419943019943,0.029143964855523,0.512820512820513,0.564102564102564,0.564102564102564,0.58974358974359,0.641025641025641,0.999958922350453,4500,0,1
"psi.reg[3,7]",0.176307407407407,0.0245420745290022,0.133333333333333,0.166666666666667,0.166666666666667,0.2,0.233333333333333,1.0001918774693,4500,0,1
"psi.reg[4,7]",0.486814814814815,0.0368279266897376,0.424242424242424,0.454545454545455,0.484848484848485,0.515151515151515,0.545454545454545,0.999985754147278,4500,0,1
"psi.reg[5,7]",0.826025157232704,0.0218289130096516,0.773584905660377,0.811320754716981,0.830188679245283,0.849056603773585,0.867924528301887,1.00009003541274,4500,0,1
"psi.reg[1,8]",0.671096296296296,0.214587733101315,0.266666666666667,0.533333333333333,0.666666666666667,0.866666666666667,1,1.00977430525059,221,0,1
"psi.reg[2,8]",0.475396011396011,0.0412745835177105,0.41025641025641,0.435897435897436,0.461538461538462,0.512820512820513,0.564102564102564,0.999837406270704,4500,0,1
"psi.reg[3,8]",0.211781481481481,0.019723062331904,0.183333333333333,0.2,0.216666666666667,0.216666666666667,0.25,0.999855403347031,4500,0,1
"psi.reg[4,8]",0.544175084175084,0.042308469002238,0.454545454545455,0.515151515151515,0.545454545454545,0.575757575757576,0.636363636363636,1.00025065092041,4500,0,1
"psi.reg[5,8]",0.82651572327044,0.0282217023004399,0.773584905660377,0.811320754716981,0.830188679245283,0.849056603773585,0.867924528301887,1.00037418294339,3088,0,1
"psi.reg[1,9]",0.650385185185185,0.223930947068792,0.2,0.466666666666667,0.666666666666667,0.866666666666667,1,1.01075343826572,192,0,1
"psi.reg[2,9]",0.502461538461538,0.0363977005949451,0.435897435897436,0.487179487179487,0.512820512820513,0.538461538461538,0.564102564102564,0.999895717617861,4500,0,1
"psi.reg[3,9]",0.226725925925926,0.0195190864049414,0.2,0.216666666666667,0.216666666666667,0.233333333333333,0.266666666666667,0.999842271510152,4500,0,1
"psi.reg[4,9]",0.573057239057239,0.0307120331609688,0.515151515151515,0.545454545454545,0.575757575757576,0.606060606060606,0.636363636363636,1.00115478998984,1496,0,1
"psi.reg[5,9]",0.814079664570231,0.0359420778538142,0.735849056603774,0.792452830188679,0.811320754716981,0.830188679245283,0.886792452830189,0.999739851797844,4500,0,1
"n.occ.reg[1,1]",9.82933333333333,4.41634419190104,1,6,11,14,15,0.999817102085625,4500,0,1
"n.occ.reg[2,1]",19.0208888888889,3.5381902227142,12,16,19,22,26,1.00030442456261,3766,0,1
"n.occ.reg[3,1]",9.40266666666667,3.12744655952149,4,7,9,11,16,1.00035422624901,4500,0,1
"n.occ.reg[4,1]",19.3851111111111,3.4181634537941,13,17,19,22,26,0.999991245680592,4500,0,1
"n.occ.reg[5,1]",28.8406666666667,4.37934385375987,20,26,29,32,37,1.00039417316978,3005,0,1
"n.occ.reg[1,2]",8.62088888888889,3.9176122016069,1,6,9,12,15,1.00567560419138,349,0,1
"n.occ.reg[2,2]",16.4711111111111,2.92353634829937,11,15,16,18,22,0.99980612996574,4500,0,1
"n.occ.reg[3,2]",10.1608888888889,1.95887459947689,7,9,10,11,15,1.00035284274956,4500,0,1
"n.occ.reg[4,2]",19.0811111111111,1.64776681062627,16,18,19,20,23,1.00035783351028,3191,0,1
"n.occ.reg[5,2]",34.7626666666667,1.68003640981301,32,34,35,36,38,0.999904790787155,4500,0,1
"n.occ.reg[1,3]",8.25755555555556,4.01299547979456,1,5,8,12,15,1.00937721412929,214,0,1
"n.occ.reg[2,3]",11.9606666666667,2.20145832568422,8,10,12,13,16,1.00013578362587,4500,0,1
"n.occ.reg[3,3]",11.4464444444444,1.5545281291058,9,10,11,12,15,1.00040052438579,4500,0,1
"n.occ.reg[4,3]",18.214,1.27004208214535,16,17,18,19,21,0.999694535264202,4500,0,1
"n.occ.reg[5,3]",37.162,1.43611856803457,34,36,37,38,40,1.00029483855381,4250,0,1
"n.occ.reg[1,4]",7.62444444444444,4.10154804941616,0,4,8,11,15,1.01004465591865,200,1,1
"n.occ.reg[2,4]",14.5811111111111,1.27200737656932,12,14,15,15,17,0.999712736607539,4500,0,1
"n.occ.reg[3,4]",10.0284444444444,1.32179223832495,8,9,10,11,13,0.999816818302741,4500,0,1
"n.occ.reg[4,4]",11.6022222222222,1.23283752792293,10,11,11,12,14,1.00100312706403,2309,0,1
"n.occ.reg[5,4]",35.4233333333333,1.76103828312445,32,34,35,37,39,1.00137733153897,1209,0,1
"n.occ.reg[1,5]",8.28911111111111,4.1680328144898,0,5,8.5,12,15,1.01035915500519,200,1,1
"n.occ.reg[2,5]",15.2277777777778,1.30598905773846,13,14,15,16,18,1.00004115665877,4500,0,1
"n.occ.reg[3,5]",9.50666666666667,1.31913609103557,7,9,9,10,12,1.0008269067422,1797,0,1
"n.occ.reg[4,5]",14.2775555555556,1.01908146421087,13,14,14,15,16,1.00185227251924,2539,0,1
"n.occ.reg[5,5]",41.1704444444444,1.29871353166196,38,40,41,42,43,1.0003201366102,3240,0,1
"n.occ.reg[1,6]",8.50577777777778,4.11279209936322,1,5,9,12,15,1.01102746504128,189,0,1
"n.occ.reg[2,6]",17.1584444444444,1.07032442698361,15,16,17,18,19,1.00030767361482,4040,0,1
"n.occ.reg[3,6]",10.1762222222222,1.06148559726985,9,9,10,11,12,1.00037093932301,4411,0,1
"n.occ.reg[4,6]",17.9346666666667,1.22495283441595,16,17,18,19,20,1.00040359564688,4500,0,1
"n.occ.reg[5,6]",43.1371111111111,1.02431024552824,41,43,43,44,45,1.0000573640367,4500,0,1
"n.occ.reg[1,7]",8.95488888888889,4.02911835515095,1,6,9,12,15,1.01150821389937,182,0,1
"n.occ.reg[2,7]",22.3937777777778,1.1366146293654,20,22,22,23,25,0.999958922350453,4500,0,1
"n.occ.reg[3,7]",10.5784444444444,1.47252447174013,8,10,10,12,14,1.0001918774693,4500,0,1
"n.occ.reg[4,7]",16.0648888888889,1.21532158076134,14,15,16,17,18,0.999985754147278,4500,0,1
"n.occ.reg[5,7]",43.7793333333333,1.15693238951153,41,43,44,45,46,1.00009003541274,4500,0,1
"n.occ.reg[1,8]",10.0664444444444,3.21881599651972,4,8,10,13,15,1.00977430525059,221,0,1
"n.occ.reg[2,8]",18.5404444444444,1.60970875719071,16,17,18,20,22,0.999837406270704,4500,0,1
"n.occ.reg[3,8]",12.7068888888889,1.18338373991424,11,12,13,13,15,0.999855403347031,4500,0,1
"n.occ.reg[4,8]",17.9577777777778,1.39617947707385,15,17,18,19,21,1.00025065092041,4500,0,1
"n.occ.reg[5,8]",43.8053333333333,1.49575022192331,41,43,44,45,46,1.00037418294339,3088,0,1
"n.occ.reg[1,9]",9.75577777777778,3.35896420603188,3,7,10,13,15,1.01075343826572,192,0,1
"n.occ.reg[2,9]",19.596,1.41951032320286,17,19,20,21,22,0.999895717617861,4500,0,1
"n.occ.reg[3,9]",13.6035555555556,1.17114518429648,12,13,13,14,16,0.999842271510152,4500,0,1
"n.occ.reg[4,9]",18.9108888888889,1.01349709431197,17,18,19,20,21,1.00115478998984,1496,0,1
"n.occ.reg[5,9]",43.1462222222222,1.90493012625215,39,42,43,44,47,0.999739851797844,4500,0,1
"psi.reg.init[1]",0.448220032619241,0.29510183551384,0.0249520213146082,0.177314298455969,0.422423342678952,0.709328019579404,0.957487828358796,1.00071380723604,2672,0,1
"psi.reg.init[2]",0.69616641617771,0.127439853183833,0.419198660484956,0.61105894656982,0.711224602657943,0.79284220491622,0.901646035455776,0.999847003379215,4500,0,1
"psi.reg.init[3]",0.134299469962015,0.066093654104831,0.0333128171173899,0.0849887460563618,0.125005002371763,0.173351682393103,0.284053064289944,1.00025077284746,4500,0,1
"psi.reg.init[4]",0.718410106287859,0.118930505674324,0.456124395377409,0.641826834002151,0.729561956438652,0.807941305984916,0.914715861723895,1.00026858016695,3469,0,1
"psi.reg.init[5]",0.336530355859666,0.136986013269989,0.115769239131493,0.233641129115278,0.323368418071973,0.425179639440339,0.635752096391087,1.00048654153583,4088,0,1
"gamma.reg[1,1]",0.371813515801481,0.279955693263393,0.0386536310612248,0.131938886418354,0.284420684411888,0.58245500620421,0.951470378861397,1.00188429364827,932,0,1
"gamma.reg[2,1]",0.351706797378189,0.0813121574507635,0.208216645035198,0.295561937621799,0.346569671264585,0.403060314130799,0.518370424618678,1.00067162435656,4500,0,1
"gamma.reg[3,1]",0.0402316637490404,0.017177957249898,0.0148258089383954,0.0279967839560167,0.0374374467435314,0.0490101666945172,0.0815150473756114,1.00011091538851,4500,0,1
"gamma.reg[4,1]",0.421268734407106,0.0829882215249465,0.264171986324969,0.367379773272986,0.418039850735819,0.473433655997676,0.59471502239181,1.00025072237777,4500,0,1
"gamma.reg[5,1]",0.28408957822304,0.0708855250497228,0.158655982773179,0.234936188306692,0.277627706707526,0.327479429656598,0.438264821945921,0.999889228968041,4500,0,1
"gamma.reg[1,2]",0.345213626095071,0.277816125510747,0.0320294845647698,0.111225614623578,0.249266539119721,0.543716413602265,0.940353202759886,1.00149619419759,1126,0,1
"gamma.reg[2,2]",0.313633247200917,0.0760653929474671,0.161655213384475,0.261959084622927,0.313138144575872,0.364673254534524,0.464465195810251,1.00106727844909,2193,0,1
"gamma.reg[3,2]",0.0340163367862395,0.0144549977872478,0.0120528317263598,0.0236334774644151,0.0320442682765733,0.0423109001758975,0.0668562675966297,1.00038505871462,4500,0,1
"gamma.reg[4,2]",0.380207603983239,0.080913408606523,0.215722363781385,0.326588417572751,0.38298225443034,0.436061055851621,0.531498117985211,1.0006611111871,3353,0,1
"gamma.reg[5,2]",0.250590987603333,0.0665829882334461,0.123112619371981,0.203447073580762,0.247949640688112,0.295477762709432,0.387478823525006,1.00063110864437,2331,0,1
"gamma.reg[1,3]",0.337018973530029,0.276231864108007,0.0287882433179323,0.106737122102998,0.240616135875582,0.527741497541797,0.935500803661134,1.00109105629452,1443,0,1
"gamma.reg[2,3]",0.301992527903755,0.0748484824029325,0.153265719909613,0.250871831246288,0.303320591276803,0.353723639699067,0.445318136802795,1.00116297136002,1608,0,1
"gamma.reg[3,3]",0.0323017523485706,0.013994057596223,0.0112056856478844,0.0221723780906542,0.0301713282087291,0.0403776703229566,0.0640587490070182,1.0001128259122,4500,0,1
"gamma.reg[4,3]",0.367288183675212,0.0801633526326606,0.199974371609253,0.314022174298971,0.370238831647743,0.422354282398754,0.518611611006034,0.999786378153308,4500,0,1
"gamma.reg[5,3]",0.240316754363044,0.0647928094861602,0.120241840365741,0.195283428476362,0.239001841077664,0.282543819054652,0.372616106016526,0.999997526789378,4500,0,1
"gamma.reg[1,4]",0.356051688729949,0.277634241510291,0.0339779517269662,0.121451087105725,0.261574289164336,0.555108628069762,0.941931846619289,1.00128654695607,1247,0,1
"gamma.reg[2,4]",0.328929097105078,0.0707505159217493,0.194800968753223,0.279546733447007,0.327675943455692,0.376509342636923,0.470678613258256,1.00150652344985,1188,0,1
"gamma.reg[3,4]",0.0362061636880223,0.0144391710849393,0.0143527607614987,0.0259965007497875,0.0344006260575275,0.0443073759542643,0.0698517142372541,0.999764519448197,4500,0,1
"gamma.reg[4,4]",0.397033781928578,0.0719055581756634,0.255575136713314,0.347916284644165,0.397535016821039,0.445053131169888,0.538595805349651,0.999931203053319,4500,0,1
"gamma.reg[5,4]",0.263997946833698,0.063885082867589,0.1492010264042,0.218409316942364,0.259924573660707,0.307604751970122,0.396088680297877,1.00008521630865,4500,0,1
"gamma.reg[1,5]",0.373654494531138,0.279701068008024,0.0395330929726021,0.134496036609933,0.286148179906433,0.588722124352376,0.948528637133043,1.00185955194532,929,0,1
"gamma.reg[2,5]",0.353930438351778,0.0739931945923154,0.222507102987507,0.301461039601534,0.349960346958046,0.401216226835862,0.510804450922301,1.00076660315483,2541,0,1
"gamma.reg[3,5]",0.0403304892900754,0.0160002350794965,0.0157812337325024,0.0287306137943001,0.0378282578630111,0.0487764312670467,0.0782697500822744,0.99982754637417,4500,0,1
"gamma.reg[4,5]",0.424035295564068,0.0747641622907408,0.284973060174431,0.373039489552962,0.422355244385777,0.472773273819229,0.57769409227738,1.00009380894223,4500,0,1
"gamma.reg[5,5]",0.286391109928899,0.0691998408125065,0.165187482429811,0.238230599395815,0.281122482411755,0.3288035889055,0.439245668349926,0.999969492313133,4500,0,1
"gamma.reg[1,6]",0.374755059098705,0.279911735438232,0.0419588093343642,0.134325440462407,0.281235524078534,0.589475843695904,0.951913405501426,1.00205440884188,861,0,1
"gamma.reg[2,6]",0.356586543275757,0.0766799850309467,0.221206954372383,0.303813862157772,0.351778932449002,0.404537285363812,0.523525469796252,1.00009536874527,4500,0,1
"gamma.reg[3,6]",0.0407851237477828,0.0164270349138436,0.0164288909650561,0.0288926836874734,0.0382112440722763,0.0497518315136135,0.0800103581612626,1.00040917171794,3056,0,1
"gamma.reg[4,6]",0.426776337859185,0.0781123892020416,0.282060088083738,0.373086942852526,0.423547897948629,0.476492073877138,0.588096998617806,1.00083182351926,2122,0,1
"gamma.reg[5,6]",0.288675067024685,0.0705515290647779,0.168125966575114,0.239551901006987,0.282921332980087,0.329592530388679,0.443553865330044,1.0010054491053,1958,0,1
"gamma.reg[1,7]",0.380110931845679,0.279674498077462,0.0425257696074411,0.13978977986308,0.2963311156511,0.594059116341155,0.953002896185993,1.00173643211946,983,0,1
"gamma.reg[2,7]",0.364723089859252,0.0812907986120821,0.219750974720658,0.307906276355882,0.359948066087447,0.417579787032695,0.536355260665289,1.00054725871714,3587,0,1
"gamma.reg[3,7]",0.0423247755333083,0.0174416661238346,0.0166811833312441,0.0297932596429901,0.0396507570525453,0.051787375818941,0.0848826501773762,1.00033092992814,4500,0,1
"gamma.reg[4,7]",0.435031443752506,0.079857343094363,0.286668427741712,0.380524504397763,0.430882086918972,0.486264913368966,0.601155766535243,0.999938431235283,4500,0,1
"gamma.reg[5,7]",0.296100530903758,0.0746070607296973,0.166733767152438,0.244504370499399,0.28930109175467,0.341010049732213,0.459199959167844,0.999934721722507,4500,0,1
"gamma.reg[1,8]",0.383640046600338,0.27973496764312,0.0434380113338217,0.14326755847208,0.298262065595101,0.599785325480238,0.951446921167422,1.00207409832574,856,0,1
"gamma.reg[2,8]",0.370210273216012,0.0820304238696183,0.224293957520287,0.31351540862885,0.363137346725715,0.422676261667173,0.546060765420698,1.00099286407096,1601,0,1
"gamma.reg[3,8]",0.0434011015683089,0.0181245490901392,0.0170260962812647,0.0302979221788675,0.040481022555331,0.0528413842465381,0.0873285597258936,1.00028812441846,3247,0,1
"gamma.reg[4,8]",0.440918984641865,0.0811749912758498,0.293774224900559,0.385488072168373,0.435900292825622,0.492371098811596,0.616073122183895,1.00127851701509,1420,0,1
"gamma.reg[5,8]",0.301262100994187,0.0772752181902519,0.172353062766923,0.245839188789062,0.293602941542755,0.348775016886845,0.475588739936489,1.00045704947568,2924,0,1
"phi.reg[1,1]",0.340146010145739,0.277926225774176,0.0155458477746504,0.104134010309147,0.254207647085793,0.537543594270535,0.935180808809945,1.01329517458561,165,0,1
"phi.reg[2,1]",0.855210884847608,0.0644853226253281,0.697791602913442,0.822852418844161,0.866706877116858,0.900087252336878,0.948317639935013,1.00019251826958,4500,0,1
"phi.reg[3,1]",0.839923085510182,0.097847395955039,0.606864278743382,0.78700634951026,0.859542722376574,0.91368865420014,0.971140952213248,1.00084276657111,1827,0,1
"phi.reg[4,1]",0.727403817353012,0.0964861794514162,0.510754432616511,0.671987469200992,0.736906380142297,0.793687191417464,0.889435082906886,0.999877750159939,4500,0,1
"phi.reg[5,1]",0.781579597704333,0.0953341232251609,0.554883453973117,0.730620966554965,0.794960304913539,0.848972079460636,0.929085788299265,1.00038052767107,4500,0,1
"phi.reg[1,2]",0.321194776329461,0.274611178617968,0.014085917004778,0.090082787115053,0.22987953823239,0.504682026109782,0.928712366839448,1.01631998135817,138,0,1
"phi.reg[2,2]",0.839357751147254,0.0703915986071007,0.663830187115801,0.803226009546724,0.852886773909031,0.88892068479186,0.939275567417886,1.00168307921368,1321,0,1
"phi.reg[3,2]",0.826064101118755,0.099548867189329,0.581385406305788,0.769157891891036,0.84404980923268,0.900322334504938,0.965415708539625,1.00041042432493,4181,0,1
"phi.reg[4,2]",0.704819413865461,0.0921054153124728,0.50407457053498,0.649123585865009,0.714741026157597,0.770258061852113,0.859228652699381,1.00035813950543,4424,0,1
"phi.reg[5,2]",0.762491987183088,0.0937664563747377,0.545828196800509,0.705683273304767,0.77583048966719,0.832845871814302,0.907187496344055,1.00020612395603,4500,0,1
"phi.reg[1,3]",0.269428500899084,0.259276698175165,0.00934406768961917,0.0638676874276239,0.16779757774734,0.413047989168275,0.903789677308047,1.01750776058124,138,0,1
"phi.reg[2,3]",0.779159587082982,0.102725257192768,0.535417421610817,0.720819187132296,0.800762339041973,0.856967704851254,0.918935543705252,1.00083924426749,1771,0,1
"phi.reg[3,3]",0.770337048563031,0.118454268086851,0.495738581479497,0.69798543661953,0.788786671817244,0.859488485794108,0.943328701628532,1.00009172849464,4500,0,1
"phi.reg[4,3]",0.620816370897046,0.121501877184401,0.364724438697477,0.539313210051096,0.632645591428742,0.712000481827604,0.825569724438013,1.00042526449465,2785,0,1
"phi.reg[5,3]",0.686941356286302,0.126450613214182,0.401169252683676,0.605883879199322,0.703065096406539,0.783245545985015,0.88394735841778,1.00037346981756,4075,0,1
"phi.reg[1,4]",0.363688698241735,0.281579306285396,0.0175374221319092,0.120439179709948,0.289690175019801,0.57375158932344,0.945025911612018,1.01486504546718,150,0,1
"phi.reg[2,4]",0.875460227714156,0.0494350381249731,0.762388514159988,0.847145330815111,0.881792075558905,0.910805852610419,0.954174807065021,1.00015734062266,4500,0,1
"phi.reg[3,4]",0.859308595730433,0.0875258227654202,0.645349956240039,0.812249512144944,0.87634426122629,0.925434417720917,0.97571617382014,1.00066560381863,2898,0,1
"phi.reg[4,4]",0.757885822448443,0.0826399682288615,0.583025142085623,0.707345140529983,0.762504101383391,0.816410727497117,0.902076144370118,1.00006492349168,4500,0,1
"phi.reg[5,4]",0.808822668961781,0.07828824419312,0.628266885038242,0.762573416407366,0.817493748183594,0.866343746634543,0.933325420234562,1.00010718724639,4500,0,1
"phi.reg[1,5]",0.371830008148121,0.282974771198825,0.0186623217221294,0.123853327253625,0.303808252842785,0.589358261284128,0.947685080638474,1.01385251430868,158,0,1
"phi.reg[2,5]",0.880473198793971,0.0483097756211498,0.767023665221962,0.853475422057003,0.887396868090598,0.914505496353048,0.953662962830362,1.00008158620599,4500,0,1
"phi.reg[3,5]",0.864463152759939,0.0861576165368026,0.650943665700656,0.821273342592225,0.882664632994003,0.929047721997883,0.977201445132003,1.00140705230665,1707,0,1
"phi.reg[4,5]",0.766747049244728,0.0792795268515389,0.595578284817154,0.717331572609004,0.772214604557275,0.822932343792441,0.901154013581279,1.00000139025765,4500,0,1
"phi.reg[5,5]",0.817458759355485,0.0710531718465139,0.654733737698569,0.775627665405621,0.826344824586616,0.868638421565308,0.930014575347319,1.00044389623009,3726,0,1
"phi.reg[1,6]",0.392296986756963,0.28895196820001,0.0207788079378509,0.134669320006388,0.329078042779514,0.626875034213944,0.955964301867893,1.01436884127927,151,0,1
"phi.reg[2,6]",0.892338169229669,0.0448429321007119,0.789103190607582,0.865578747964921,0.897448674127577,0.92435617161082,0.964697042113364,1.00019920822597,4369,0,1
"phi.reg[3,6]",0.875552488210794,0.0842345440354482,0.663572246870897,0.832329887537508,0.894188322275483,0.938711334144234,0.981736941028883,1.00161194604439,2137,0,1
"phi.reg[4,6]",0.786458552913396,0.0784240875975406,0.622471400311834,0.733313341236539,0.790946063196674,0.843288327321863,0.92346773823274,0.999808095655019,4500,0,1
"phi.reg[5,6]",0.833325435598136,0.0702073641567307,0.677980088393574,0.790519911462347,0.841439534694275,0.884612536835747,0.947031329553054,1.0001268603384,4500,0,1
"phi.reg[1,7]",0.36818423296922,0.280200871664244,0.0174526345367075,0.12723105060488,0.296298885438281,0.575878008705809,0.942658260712245,1.01403384361128,155,0,1
"phi.reg[2,7]",0.878732611685318,0.0470460612308536,0.766960953321894,0.852205809364118,0.884965427786161,0.911919151306221,0.953008029228591,1.00019005297199,4500,0,1
"phi.reg[3,7]",0.862063196918761,0.0867696167775525,0.646296317047834,0.816119269728114,0.880152010874655,0.928054889490842,0.975751889670365,1.00038850895047,3083,0,1
"phi.reg[4,7]",0.763280095204493,0.0780568358676235,0.593069211237446,0.714644234556875,0.76797479872349,0.819360447223917,0.899535712720317,1.00054675224367,3120,0,1
"phi.reg[5,7]",0.813599567411674,0.0733947456011967,0.646307281006198,0.769119258923029,0.822788059145939,0.866543714043349,0.930362285506019,1.00084962550408,1761,0,1
"phi.reg[1,8]",0.37205084276803,0.282957445713923,0.0193524145580958,0.127114829994938,0.30148965165455,0.590031239347798,0.949633787448181,1.01465268597103,149,0,1
"phi.reg[2,8]",0.881470690603369,0.0465516169626644,0.773770820285365,0.85426149931753,0.887379004941653,0.914012672689652,0.956826345582532,1.00073737030015,4500,0,1
"phi.reg[3,8]",0.866266370202476,0.0830447316149098,0.661447858028992,0.821734535183597,0.883098470201054,0.928770678580919,0.976290953614093,1.0008815979399,2447,0,1
"phi.reg[4,8]",0.768099874768391,0.0781874860520989,0.599133645521376,0.718993052864105,0.772670456572552,0.823428863292218,0.902923847743016,1.0003341810457,3806,0,1
"phi.reg[5,8]",0.817525964665063,0.0727783582399796,0.652361927533598,0.773472462796935,0.824969419767257,0.870974653999341,0.937991658112904,1.0009429930698,2396,0,1
"ext.reg[1,1]",0.659853989854261,0.277926225774176,0.0648191911900548,0.462456405729465,0.745792352914207,0.895865989690853,0.98445415222535,1.01329517458561,165,0,1
"ext.reg[2,1]",0.144789115152392,0.0644853226253281,0.0516823600649867,0.0999127476631218,0.133293122883142,0.177147581155839,0.302208397086558,1.00019251826958,4500,0,1
"ext.reg[3,1]",0.160076914489818,0.097847395955039,0.0288590477867518,0.08631134579986,0.140457277623426,0.21299365048974,0.393135721256618,1.00084276657111,1827,0,1
"ext.reg[4,1]",0.272596182646988,0.0964861794514162,0.110564917093114,0.206312808582536,0.263093619857703,0.328012530799008,0.489245567383489,0.999877750159939,4500,0,1
"ext.reg[5,1]",0.218420402295667,0.0953341232251609,0.0709142117007353,0.151027920539364,0.205039695086461,0.269379033445035,0.445116546026883,1.00038052767107,4500,0,1
"ext.reg[1,2]",0.678805223670539,0.274611178617968,0.0712876331605518,0.495317973890218,0.77012046176761,0.909917212884947,0.985914082995222,1.01631998135817,138,0,1
"ext.reg[2,2]",0.160642248852746,0.0703915986071007,0.0607244325821136,0.11107931520814,0.147113226090969,0.196773990453276,0.336169812884199,1.00168307921368,1321,0,1
"ext.reg[3,2]",0.173935898881245,0.099548867189329,0.0345842914603753,0.0996776654950615,0.15595019076732,0.230842108108964,0.418614593694212,1.00041042432493,4181,0,1
"ext.reg[4,2]",0.295180586134539,0.0921054153124728,0.140771347300619,0.229741938147887,0.285258973842403,0.350876414134991,0.49592542946502,1.00035813950543,4424,0,1
"ext.reg[5,2]",0.237508012816913,0.0937664563747377,0.0928125036559452,0.167154128185698,0.22416951033281,0.294316726695233,0.454171803199491,1.00020612395603,4500,0,1
"ext.reg[1,3]",0.730571499100916,0.259276698175165,0.096210322691953,0.586952010831725,0.83220242225266,0.936132312572376,0.990655932310381,1.01750776058124,138,0,1
"ext.reg[2,3]",0.220840412917018,0.102725257192768,0.0810644562947478,0.143032295148746,0.199237660958027,0.279180812867704,0.464582578389183,1.00083924426749,1771,0,1
"ext.reg[3,3]",0.229662951436969,0.118454268086851,0.0566712983714681,0.140511514205892,0.211213328182756,0.30201456338047,0.504261418520503,1.00009172849464,4500,0,1
"ext.reg[4,3]",0.379183629102955,0.121501877184401,0.174430275561987,0.287999518172397,0.367354408571258,0.460686789948904,0.635275561302523,1.00042526449465,2785,0,1
"ext.reg[5,3]",0.313058643713698,0.126450613214182,0.11605264158222,0.216754454014985,0.296934903593461,0.394116120800678,0.598830747316324,1.00037346981756,4075,0,1
"ext.reg[1,4]",0.636311301758265,0.281579306285396,0.0549740883879818,0.42624841067656,0.710309824980199,0.879560820290052,0.982462577868091,1.01486504546718,150,0,1
"ext.reg[2,4]",0.124539772285844,0.0494350381249731,0.0458251929349793,0.0891941473895815,0.118207924441095,0.152854669184889,0.237611485840012,1.00015734062266,4500,0,1
"ext.reg[3,4]",0.140691404269567,0.0875258227654202,0.0242838261798603,0.0745655822790831,0.123655738773711,0.187750487855056,0.35465004375996,1.00066560381863,2898,0,1
"ext.reg[4,4]",0.242114177551557,0.0826399682288615,0.0979238556298819,0.183589272502883,0.237495898616609,0.292654859470017,0.416974857914377,1.00006492349168,4500,0,1
"ext.reg[5,4]",0.191177331038219,0.07828824419312,0.0666745797654383,0.133656253365457,0.182506251816406,0.237426583592634,0.371733114961758,1.00010718724639,4500,0,1
"ext.reg[1,5]",0.628169991851879,0.282974771198825,0.0523149193615255,0.410641738715872,0.696191747157215,0.876146672746375,0.981337678277871,1.01385251430868,158,0,1
"ext.reg[2,5]",0.119526801206029,0.0483097756211498,0.0463370371696376,0.0854945036469522,0.112603131909402,0.146524577942997,0.232976334778038,1.00008158620599,4500,0,1
"ext.reg[3,5]",0.135536847240061,0.0861576165368026,0.0227985548679974,0.0709522780021168,0.117335367005997,0.178726657407776,0.349056334299344,1.00140705230665,1707,0,1
"ext.reg[4,5]",0.233252950755272,0.0792795268515389,0.0988459864187206,0.177067656207559,0.227785395442725,0.282668427390996,0.404421715182846,1.00000139025765,4500,0,1
"ext.reg[5,5]",0.182541240644515,0.0710531718465139,0.0699854246526812,0.131361578434692,0.173655175413384,0.224372334594379,0.34526626230143,1.00044389623009,3726,0,1
"ext.reg[1,6]",0.607703013243037,0.28895196820001,0.0440356981321069,0.373124965786056,0.670921957220486,0.865330679993612,0.979221192062149,1.01436884127927,151,0,1
"ext.reg[2,6]",0.10766183077033,0.0448429321007119,0.0353029578866361,0.0756438283891804,0.102551325872423,0.134421252035079,0.210896809392417,1.00019920822597,4369,0,1
"ext.reg[3,6]",0.124447511789206,0.0842345440354482,0.018263058971117,0.0612886658557658,0.105811677724517,0.167670112462492,0.336427753129102,1.00161194604439,2137,0,1
"ext.reg[4,6]",0.213541447086604,0.0784240875975406,0.0765322617672602,0.156711672678137,0.209053936803326,0.266686658763461,0.377528599688166,0.999808095655019,4500,0,1
"ext.reg[5,6]",0.166674564401864,0.0702073641567307,0.0529686704469463,0.115387463164253,0.158560465305725,0.209480088537653,0.322019911606425,1.0001268603384,4500,0,1
"ext.reg[1,7]",0.63181576703078,0.280200871664244,0.0573417392877549,0.424121991294191,0.703701114561719,0.87276894939512,0.982547365463292,1.01403384361128,155,0,1
"ext.reg[2,7]",0.121267388314682,0.0470460612308536,0.0469919707714095,0.0880808486937791,0.115034572213839,0.147794190635882,0.233039046678105,1.00019005297199,4500,0,1
"ext.reg[3,7]",0.137936803081239,0.0867696167775525,0.0242481103296346,0.0719451105091582,0.119847989125345,0.183880730271886,0.353703682952166,1.00038850895047,3083,0,1
"ext.reg[4,7]",0.236719904795507,0.0780568358676235,0.100464287279683,0.180639552776083,0.23202520127651,0.285355765443125,0.406930788762554,1.00054675224367,3120,0,1
"ext.reg[5,7]",0.186400432588326,0.0733947456011967,0.0696377144939814,0.133456285956651,0.177211940854061,0.230880741076971,0.353692718993802,1.00084962550408,1761,0,1
"ext.reg[1,8]",0.62794915723197,0.282957445713923,0.0503662125518193,0.409968760652202,0.69851034834545,0.872885170005063,0.980647585441904,1.01465268597103,149,0,1
"ext.reg[2,8]",0.118529309396631,0.0465516169626644,0.0431736544174676,0.0859873273103482,0.112620995058347,0.14573850068247,0.226229179714635,1.00073737030015,4500,0,1
"ext.reg[3,8]",0.133733629797524,0.0830447316149098,0.0237090463859069,0.0712293214190809,0.116901529798946,0.178265464816403,0.338552141971008,1.0008815979399,2447,0,1
"ext.reg[4,8]",0.231900125231609,0.0781874860520989,0.0970761522569838,0.176571136707782,0.227329543427448,0.281006947135895,0.400866354478623,1.0003341810457,3806,0,1
"ext.reg[5,8]",0.182474035334937,0.0727783582399796,0.062008341887096,0.129025346000659,0.175030580232743,0.226527537203065,0.347638072466402,1.0009429930698,2396,0,1
"mean.gamma.reg[1]",0.365282292029049,0.27635377989945,0.0406782104384057,0.130466806925977,0.273043020913012,0.571049343784935,0.946057034844826,1.00168384853747,1008,0,1
"mean.gamma.reg[2]",0.342714001786342,0.060731404295209,0.227811422047189,0.299359213403524,0.34226824088613,0.382665382065223,0.462914070172716,1.00069231570981,2325,0,1
"mean.gamma.reg[3]",0.0386996758389185,0.0136328843966723,0.0171349930806137,0.0285996875989207,0.036960622554906,0.0469847324218049,0.0694729805021886,0.999789442967332,4500,0,1
"mean.gamma.reg[4]",0.41157004572647,0.0600389709859354,0.29690660827905,0.371910649175029,0.411046840199715,0.451045492445882,0.531432865735714,1.00019853016956,4500,0,1
"mean.gamma.reg[5]",0.276428009484331,0.0551458814555406,0.176852203335808,0.237679154002922,0.273383731340585,0.312885833034446,0.390337499208671,0.999851757004003,4500,0,1
"mean.phi.reg[1]",0.349852507032294,0.271604985845281,0.0182222708082675,0.118261024051688,0.278279742038539,0.544925412037335,0.929655905720924,1.01559096404045,143,0,1
"mean.phi.reg[2]",0.860275390138041,0.0412960557379801,0.767780209093244,0.835350865865647,0.864357660523756,0.889828764831544,0.928927575565659,1.00043465690358,2721,0,1
"mean.phi.reg[3]",0.845497254876797,0.081660077780126,0.651908600108313,0.79969337510587,0.85913942753317,0.906688294490749,0.962623752232354,1.00059200149277,2849,0,1
"mean.phi.reg[4]",0.736938874586871,0.0599033956525979,0.607048485994078,0.698091158896364,0.740773793304247,0.779873233878526,0.844366349579513,1.00019278463141,4500,0,1
"mean.phi.reg[5]",0.790218167145733,0.0635457578577173,0.653171843643304,0.749348715828997,0.79440342559569,0.836225470852469,0.901157782366967,1.00010917432894,4500,0,1
"mean.ext.reg[1]",0.650147492967706,0.271604985845281,0.0703440942790755,0.455074587962665,0.721720257961461,0.881738975948312,0.981777729191732,1.01559096404045,143,0,1
"mean.ext.reg[2]",0.139724609861959,0.0412960557379801,0.0710724244343408,0.110171235168456,0.135642339476244,0.164649134134353,0.232219790906756,1.00043465690358,2721,0,1
"mean.ext.reg[3]",0.154502745123204,0.081660077780126,0.0373762477676459,0.0933117055092513,0.14086057246683,0.20030662489413,0.348091399891687,1.00059200149277,2849,0,1
"mean.ext.reg[4]",0.263061125413129,0.0599033956525979,0.155633650420487,0.220126766121474,0.259226206695753,0.301908841103636,0.392951514005922,1.00019278463141,4500,0,1
"mean.ext.reg[5]",0.209781832854267,0.0635457578577173,0.0988422176330333,0.163774529147531,0.205596574404311,0.250651284171003,0.346828156356696,1.00010917432894,4500,0,1
"equilib.reg[1]",0.3503500094381,0.219331572585572,0.0540023461212455,0.164807707414871,0.317744036934359,0.495226695427209,0.854030313294605,1.00879591406694,232,0,1
"equilib.reg[2]",0.712019161394904,0.0620864256262954,0.587872226612962,0.671188217415394,0.714600340015532,0.755671422584616,0.826381719273291,1.00012836629338,4475,0,1
"equilib.reg[3]",0.228581167866338,0.101230331456711,0.088432853481882,0.156337781968648,0.209089922496163,0.278546512262695,0.48162577644828,1.00026685909615,4500,0,1
"equilib.reg[4]",0.612022126669218,0.0598866734407763,0.49127385824342,0.571808404489512,0.612337119152531,0.652239878068333,0.732646496067002,1.00003488173155,4500,0,1
"equilib.reg[5]",0.573114112283908,0.0812273192345808,0.415369792763284,0.518069502540906,0.570752042617379,0.627356446036622,0.734379729799903,1.00015962843104,4500,0,1
"mean.p",0.636053436390505,0.0256373709165995,0.582172367071962,0.621919921996782,0.637113550438593,0.651537424253903,0.683440579407933,1.00536315764002,920,0,1
"p.year[1]",0.582432494660042,0.0500915451203952,0.47417248357211,0.550478100196094,0.588137951296307,0.618998609113041,0.664933130455088,0.999932436813513,4500,0,1
"p.year[2]",0.615826409774594,0.0341885373314643,0.542081681446148,0.593983441887501,0.617781720843407,0.639311321938561,0.677177520401344,1.00019136395114,4500,0,1
"p.year[3]",0.574291789621644,0.0370603508038215,0.500430632991513,0.549477628844369,0.575319101911859,0.600441088830405,0.643659010005702,1.00077919951752,3520,0,1
"p.year[4]",0.616766947209955,0.0321407783780438,0.549238538875956,0.595565421653647,0.618075672628994,0.638884798839327,0.676036284277555,1.0007022312011,2360,0,1
"p.year[5]",0.670550519612137,0.0299059065494489,0.614124274825517,0.649616990583314,0.670219324885788,0.690727260602653,0.730908396003297,1.00029224437214,4500,0,1
"p.year[6]",0.672894306239429,0.0272668732792214,0.621370061946177,0.654015134521621,0.672798997061145,0.691329427995939,0.727496258621673,1.00021698274819,4500,0,1
"p.year[7]",0.649585054397795,0.0282572240085585,0.594281085133197,0.630896238303239,0.649538107225423,0.667810402193341,0.70560670820899,1.00001955106776,4500,0,1
"p.year[8]",0.669685104702013,0.0287950675185829,0.615694405554185,0.649670163032478,0.668931089413317,0.689722158717124,0.723991532719953,1.00109621061057,2862,0,1
"p.year[9]",0.669050107202366,0.0278474082962411,0.616285822031126,0.650164582091601,0.668671947735054,0.687727844034818,0.723729950071055,1.00026932293784,4500,0,1
"z[1,1]",0.465333333333333,0.498852205573066,0,0,0,1,1,1.00063916899173,2072,1,1
"z[2,1]",0.0675555555555555,0.251009569058353,0,0,0,0,1,1.0025316347205,2756,1,1
"z[3,1]",0.448,0.497343912078482,0,0,0,1,1,0.99972959174958,4500,1,1
"z[4,1]",0.141555555555556,0.348632457117574,0,0,0,0,1,1.00049737985349,4500,1,1
"z[5,1]",0.544888888888889,0.498036251369566,0,0,1,1,1,1.00046478254547,2532,1,1
"z[6,1]",0.422666666666667,0.494038251734098,0,0,0,1,1,0.999794760186861,4500,1,1
"z[7,1]",0.184888888888889,0.388250544230724,0,0,0,0,1,1.00077989759354,2973,1,1
"z[8,1]",0.154222222222222,0.361201773251085,0,0,0,0,1,1.00096264561087,2962,1,1
"z[9,1]",0.386888888888889,0.487091983794328,0,0,0,1,1,1.00026049125477,3556,1,1
"z[10,1]",0.774444444444444,0.417994106865551,0,1,1,1,1,0.999900111889761,4500,1,1
"z[11,1]",0.784222222222222,0.411406539438781,0,1,1,1,1,0.999879803709545,4500,1,1
"z[12,1]",0.881111111111111,0.323693689929004,0,1,1,1,1,1.00063992062367,4500,1,1
"z[13,1]",0.857333333333333,0.349771461918135,0,1,1,1,1,1.00029646965313,4500,1,1
"z[14,1]",0.749777777777778,0.433189060737051,0,0,1,1,1,1.00049527223121,3212,1,1
"z[15,1]",0.170888888888889,0.376453674828579,0,0,0,0,1,1.00041136439955,4500,1,1
"z[16,1]",1,0,1,1,1,1,1,NA,1,0,1
"z[17,1]",0.694666666666667,0.460599645880547,0,0,1,1,1,0.999688004165543,4500,1,1
"z[18,1]",1,0,1,1,1,1,1,NA,1,0,1
"z[19,1]",0.0151111111111111,0.1220084974435,0,0,0,0,0,1.00443122440623,4500,1,1
"z[20,1]",0.216888888888889,0.412172113536087,0,0,0,0,1,1.00001129346123,4500,1,1
"z[21,1]",0.0124444444444444,0.11087069888737,0,0,0,0,0,1.00998743260568,3889,1,1
"z[22,1]",1,0,1,1,1,1,1,NA,1,0,1
"z[23,1]",0.494,0.500019559519626,0,0,0,1,1,0.999696241387993,4500,1,1
"z[24,1]",1,0,1,1,1,1,1,NA,1,0,1
"z[25,1]",0.735555555555556,0.441085949781573,0,0,1,1,1,1.00005953325318,4500,1,1
"z[26,1]",0.790666666666667,0.406877964144234,0,1,1,1,1,1.00051946919525,3536,1,1
"z[27,1]",0.779555555555556,0.414592436549855,0,1,1,1,1,0.999770344595421,4500,1,1
"z[28,1]",0.630888888888889,0.482617714898697,0,0,1,1,1,1.00001995146618,4500,1,1
"z[29,1]",0.484222222222222,0.49980653687248,0,0,0,1,1,1.00098654451974,1522,1,1
"z[30,1]",0.853333333333333,0.353812625669477,0,1,1,1,1,1.0002386086832,4500,1,1
"z[31,1]",0.829111111111111,0.376453674828579,0,1,1,1,1,0.999701029216173,4500,1,1
"z[32,1]",0.847777777777778,0.359276079878955,0,1,1,1,1,1.00163461461148,1970,1,1
"z[33,1]",0.574444444444444,0.49448191147051,0,0,1,1,1,0.999748796756228,4500,1,1
"z[34,1]",0.597333333333333,0.490489229621105,0,0,1,1,1,0.999808710485489,4500,1,1
"z[35,1]",0.642222222222222,0.47939953221348,0,0,1,1,1,1.00009657923202,4500,1,1
"z[36,1]",0.265333333333333,0.441559603346368,0,0,0,1,1,1.00385707829094,613,1,1
"z[37,1]",0.481111111111111,0.499698607638849,0,0,0,1,1,1.00029773325384,3178,1,1
"z[38,1]",0.330222222222222,0.470345263832854,0,0,0,1,1,1.00006452611766,4500,1,1
"z[39,1]",0.370666666666667,0.483036995302483,0,0,0,1,1,1.00015792910059,4363,1,1
"z[40,1]",0.515777777777778,0.49980653687248,0,0,1,1,1,1.00019116155886,3821,1,1
"z[41,1]",0.0297777777777778,0.169992598048771,0,0,0,0,1,1.00966990462179,1707,1,1
"z[42,1]",0.0282222222222222,0.165625554658784,0,0,0,0,1,1.00087919647669,4500,1,1
"z[43,1]",0.321777777777778,0.467210174719196,0,0,0,1,1,0.999757353291332,4500,1,1
"z[44,1]",0.712888888888889,0.452464158988094,0,0,1,1,1,1.00044899172406,3124,1,1
"z[45,1]",0.717555555555556,0.450238412335078,0,0,1,1,1,1.00259539720106,847,1,1
"z[46,1]",0.837777777777778,0.368695512481717,0,1,1,1,1,0.999756088966581,4500,1,1
"z[47,1]",0.0195555555555556,0.13848248064772,0,0,0,0,0,1.00809998382703,3058,1,1
"z[48,1]",0.0115555555555556,0.106885749673393,0,0,0,0,0,1.00098880252479,4500,1,1
"z[49,1]",0.0262222222222222,0.159813306406557,0,0,0,0,1,1.00207926167904,4500,1,1
"z[50,1]",0.0426666666666667,0.202126943226378,0,0,0,0,1,1.00059713980246,4500,1,1
"z[51,1]",0.0384444444444444,0.192288028053314,0,0,0,0,1,0.999684671006851,4500,1,1
"z[52,1]",0.0877777777777778,0.283002892963307,0,0,0,0,1,1.00205200014655,2621,1,1
"z[53,1]",0.127111111111111,0.333134414974858,0,0,0,0,1,1.00058127525013,4500,1,1
"z[54,1]",0.000444444444444444,0.0210795079890303,0,0,0,0,0,1.2913045102833,2250,1,1
"z[55,1]",0.00111111111111111,0.033318511930496,0,0,0,0,0,1.18898008348926,1730,1,1
"z[56,1]",0.00333333333333333,0.0576451269226114,0,0,0,0,0,1.00631011246591,4500,1,1
"z[57,1]",1,0,1,1,1,1,1,NA,1,0,1
"z[58,1]",1,0,1,1,1,1,1,NA,1,0,1
"z[59,1]",0.0137777777777778,0.116580319235386,0,0,0,0,0,1.00140104949524,4500,1,1
"z[60,1]",1,0,1,1,1,1,1,NA,1,0,1
"z[61,1]",0.0648888888888889,0.246357074296865,0,0,0,0,1,1.00065752787928,4500,1,1
"z[62,1]",0.269333333333333,0.443662743942178,0,0,0,1,1,0.999691475724187,4500,1,1
"z[63,1]",0.108444444444444,0.310975460571048,0,0,0,0,1,1.00005747205799,4500,1,1
"z[64,1]",0.13,0.336340807693268,0,0,0,0,1,1.00116209357299,2949,1,1
"z[65,1]",0.130444444444444,0.336829190149167,0,0,0,0,1,1.00137453444578,2576,1,1
"z[66,1]",0.109333333333333,0.312091653631951,0,0,0,0,1,1.00004966560735,4500,1,1
"z[67,1]",0.0817777777777778,0.274056314018784,0,0,0,0,1,0.999854961812375,4500,1,1
"z[68,1]",0.0735555555555556,0.261075243046752,0,0,0,0,1,1.00126155042561,4500,1,1
"z[69,1]",1,0,1,1,1,1,1,NA,1,0,1
"z[70,1]",1,0,1,1,1,1,1,NA,1,0,1
"z[71,1]",0.896444444444444,0.304716977446087,0,1,1,1,1,1.00040720595312,4500,1,1
"z[72,1]",0.892888888888889,0.309288827266365,0,1,1,1,1,0.999968608644858,4500,1,1
"z[73,1]",0.644888888888889,0.478600158461255,0,0,1,1,1,0.99973767147798,4500,1,1
"z[74,1]",0.766888888888889,0.422859381539275,0,1,1,1,1,1.00005259710295,4500,1,1
"z[75,1]",0.367777777777778,0.482254047098673,0,0,0,1,1,0.999683503055939,4500,1,1
"z[76,1]",0.344222222222222,0.475166768674333,0,0,0,1,1,0.999922705611047,4500,1,1
"z[77,1]",0.0151111111111111,0.1220084974435,0,0,0,0,0,1.00277482360537,4500,1,1
"z[78,1]",0.534222222222222,0.498882899180174,0,0,1,1,1,0.999830948082975,4500,1,1
"z[79,1]",0.650666666666667,0.476812413633565,0,0,1,1,1,1.00014823462513,4500,1,1
"z[80,1]",0.611777777777778,0.487399752951416,0,0,1,1,1,1.00119307350829,1386,1,1
"z[81,1]",0.299333333333333,0.458016928242846,0,0,0,1,1,0.999880715021499,4500,1,1
"z[82,1]",0.496444444444444,0.500042921276482,0,0,0,1,1,1.00027928759509,3269,1,1
"z[83,1]",0.254666666666667,0.435722096383381,0,0,0,1,1,1.00088851439611,2165,1,1
"z[84,1]",0.813111111111111,0.389865629174764,0,1,1,1,1,0.999795821260959,4500,1,1
"z[85,1]",0.763111111111111,0.425220794194227,0,1,1,1,1,1.000085221769,4500,1,1
"z[86,1]",0.000888888888888889,0.0298042977535084,0,0,0,0,0,1.10540023626025,4497,1,1
"z[87,1]",0.016,0.125489041132367,0,0,0,0,0,1.00441543545884,4500,1,1
"z[88,1]",0.014,0.11750348180963,0,0,0,0,0,1.0269543487657,1277,1,1
"z[89,1]",0.0177777777777778,0.132157518294075,0,0,0,0,0,1.00361374500449,4500,1,1
"z[90,1]",0.675111111111111,0.468385365862911,0,0,1,1,1,1.00035046394765,3333,1,1
"z[91,1]",0.663111111111111,0.472699079486726,0,0,1,1,1,1.00034719513307,3298,1,1
"z[92,1]",0.118666666666667,0.323431809105324,0,0,0,0,1,1.00039609101412,4500,1,1
"z[93,1]",0.635111111111111,0.481452487777566,0,0,1,1,1,1.00081720459642,1876,1,1
"z[94,1]",0.256444444444444,0.436718529791692,0,0,0,1,1,0.999887081619752,4500,1,1
"z[95,1]",0.361111111111111,0.480376057688429,0,0,0,1,1,0.999767207491925,4500,1,1
"z[96,1]",0.525111111111111,0.499424528678156,0,0,1,1,1,1.00025372318382,3420,1,1
"z[97,1]",0.603777777777778,0.489165970726295,0,0,1,1,1,1.00028059620106,3405,1,1
"z[98,1]",0.477777777777778,0.499561438643661,0,0,0,1,1,1.00005391646048,4500,1,1
"z[99,1]",0.411111111111111,0.492090009160827,0,0,0,1,1,0.999843877881525,4500,1,1
"z[100,1]",0.299111111111111,0.457919482174323,0,0,0,1,1,1.00029354888589,3802,1,1
"z[101,1]",0.530444444444444,0.499127736847838,0,0,1,1,1,1.00024671009617,3465,1,1
"z[102,1]",0.000222222222222222,0.0149071198499986,0,0,0,0,0,1.29093398298233,4500,1,1
"z[103,1]",0.00111111111111111,0.033318511930496,0,0,0,0,0,1.01912206739455,4500,1,1
"z[104,1]",0.00666666666666667,0.0813860808385347,0,0,0,0,0,1.01937157805726,3726,1,1
"z[105,1]",0.175555555555556,0.38048386710849,0,0,0,0,1,1.00116286783509,2303,1,1
"z[106,1]",0.341777777777778,0.474358231604594,0,0,0,1,1,0.999809168635697,4500,1,1
"z[107,1]",0.795555555555556,0.403339888149625,0,1,1,1,1,0.999737544594503,4500,1,1
"z[108,1]",0.877333333333333,0.328090652606978,0,1,1,1,1,1.0011251160287,3187,1,1
"z[109,1]",0.128888888888889,0.335114158308128,0,0,0,0,1,1.00151824900173,2397,1,1
"z[110,1]",0.000666666666666667,0.0258141493083176,0,0,0,0,0,1.13377982835195,4498,1,1
"z[111,1]",0.000444444444444444,0.0210795079890303,0,0,0,0,0,1.2913045102833,2250,1,1
"z[112,1]",0.000444444444444444,0.0210795079890303,0,0,0,0,0,1.10528646876281,4500,1,1
"z[113,1]",0.000222222222222222,0.0149071198499986,0,0,0,0,0,1.29093398298233,4500,1,1
"z[114,1]",0.0791111111111111,0.269942097980992,0,0,0,0,1,0.999782938691774,4500,1,1
"z[115,1]",0.0644444444444444,0.245570273205584,0,0,0,0,1,1.00793535890225,993,1,1
"z[116,1]",0.0826666666666667,0.275408323018099,0,0,0,0,1,1.00052791066857,4500,1,1
"z[117,1]",0.0902222222222222,0.286531703964327,0,0,0,0,1,1.00439919790778,1280,1,1
"z[118,1]",1,0,1,1,1,1,1,NA,1,0,1
"z[119,1]",1,0,1,1,1,1,1,NA,1,0,1
"z[120,1]",0.00222222222222222,0.0470932775447189,0,0,0,0,0,1.00465090130556,4500,1,1
"z[121,1]",1,0,1,1,1,1,1,NA,1,0,1
"z[122,1]",0.0126666666666667,0.111843649799372,0,0,0,0,0,1.00155539881737,4500,1,1
"z[123,1]",0.0293333333333333,0.168757866791187,0,0,0,0,1,1.00030582029065,4500,1,1
"z[124,1]",0.0191111111111111,0.136930797191431,0,0,0,0,0,1.00267737363779,4500,1,1
"z[125,1]",0.885333333333333,0.318654651372799,0,1,1,1,1,1.00033351590008,4500,1,1
"z[126,1]",0.888666666666667,0.314579423009121,0,1,1,1,1,0.999901211621261,4500,1,1
"z[127,1]",0.0695555555555556,0.254424773023488,0,0,0,0,1,0.999884662046863,4500,1,1
"z[128,1]",0.0706666666666667,0.256295700525826,0,0,0,0,1,1.00074886227287,4500,1,1
"z[129,1]",0.0884444444444445,0.28397173218309,0,0,0,0,1,1.00026346433008,4500,1,1
"z[130,1]",0.0735555555555556,0.261075243046752,0,0,0,0,1,1.00198142406992,3166,1,1
"z[131,1]",0.26,0.438682989251808,0,0,0,1,1,1.00046746511993,3248,1,1
"z[132,1]",0.392222222222222,0.488300047719838,0,0,0,1,1,0.999992866777924,4500,1,1
"z[133,1]",0.295111111111111,0.456143376880734,0,0,0,1,1,0.999833374805699,4500,1,1
"z[134,1]",0.00111111111111111,0.033318511930496,0,0,0,0,0,1.11603919183554,3212,1,1
"z[135,1]",0.00133333333333333,0.0364945409967103,0,0,0,0,0,1.03900028931154,4500,1,1
"z[136,1]",0.002,0.0446815807032984,0,0,0,0,0,1.0512219283661,4492,1,1
"z[137,1]",0.000666666666666667,0.0258141493083176,0,0,0,0,0,NA,4500,1,1
"z[138,1]",1,0,1,1,1,1,1,NA,1,0,1
"z[139,1]",1,0,1,1,1,1,1,NA,1,0,1
"z[140,1]",0.177333333333333,0.381992995470565,0,0,0,0,1,1.00005269107724,4500,1,1
"z[141,1]",0.843333333333333,0.363526600460068,0,1,1,1,1,1.00254479406196,1314,1,1
"z[142,1]",0.0575555555555556,0.232926963317475,0,0,0,0,1,1.00409717994478,2066,1,1
"z[143,1]",0.0382222222222222,0.191753630840733,0,0,0,0,1,1.00241794835031,4500,1,1
"z[144,1]",0.0344444444444444,0.182388094475073,0,0,0,0,1,1.00062587168941,4500,1,1
"z[145,1]",0.601111111111111,0.489724247643094,0,0,1,1,1,1.00039754622599,2859,1,1
"z[146,1]",0.467777777777778,0.499016097456518,0,0,0,1,1,1.00002083148129,4500,1,1
"z[147,1]",0.547555555555556,0.497788644271504,0,0,1,1,1,0.999788895141579,4500,1,1
"z[148,1]",0.58,0.493613356145918,0,0,1,1,1,1.00013271970651,4409,1,1
"z[149,1]",0.747111111111111,0.434716107244037,0,0,1,1,1,1.00001019824857,4500,1,1
"z[150,1]",0.220444444444444,0.414592436549855,0,0,0,0,1,1.00013312162314,4500,1,1
"z[151,1]",0.786444444444444,0.409862062981569,0,1,1,1,1,1.00033966359924,4424,1,1
"z[152,1]",0.805777777777778,0.395644709448007,0,1,1,1,1,1.00031010594789,4500,1,1
"z[153,1]",0.437777777777778,0.496168421423433,0,0,0,1,1,1.00012492350714,4439,1,1
"z[154,1]",0.539777777777778,0.498470605557614,0,0,1,1,1,1.00073052849381,1897,1,1
"z[155,1]",0.0368888888888889,0.188509935158217,0,0,0,0,1,1.00504368782453,2598,1,1
"z[156,1]",0.0842222222222222,0.277751657165108,0,0,0,0,1,1.00038097596408,4500,1,1
"z[157,1]",0.08,0.271323348038703,0,0,0,0,1,0.999789628877566,4500,1,1
"z[158,1]",0.198,0.398536442302985,0,0,0,0,1,1.00046475662578,3956,1,1
"z[159,1]",0.15,0.357111102643182,0,0,0,0,1,1.00131453662436,2385,1,1
"z[160,1]",0.888888888888889,0.314304605201633,0,1,1,1,1,1.0005360471259,4500,1,1
"z[161,1]",0.00244444444444444,0.0493863456663645,0,0,0,0,0,1.02752607886309,4500,1,1
"z[162,1]",1,0,1,1,1,1,1,NA,1,0,1
"z[163,1]",1,0,1,1,1,1,1,NA,1,0,1
"z[164,1]",1,0,1,1,1,1,1,NA,1,0,1
"z[165,1]",0.0137777777777778,0.116580319235386,0,0,0,0,0,1.00060102232352,4500,1,1
"z[166,1]",1,0,1,1,1,1,1,NA,1,0,1
"z[167,1]",0.0235555555555556,0.151676642100424,0,0,0,0,0,1.00277711894983,4500,1,1
"z[168,1]",1,0,1,1,1,1,1,NA,1,0,1
"z[169,1]",1,0,1,1,1,1,1,NA,1,0,1
"z[170,1]",0.147333333333333,0.354477284696265,0,0,0,0,1,0.999793414340517,4500,1,1
"z[171,1]",0.553777777777778,0.497154780426351,0,0,1,1,1,1.00037920525332,2846,1,1
"z[172,1]",0.736222222222222,0.440729198791792,0,0,1,1,1,0.999700633288132,4500,1,1
"z[173,1]",0.703333333333333,0.456839067684736,0,0,1,1,1,1.00035404738178,3496,1,1
"z[174,1]",0.841333333333333,0.36540556500869,0,1,1,1,1,1.00258101202307,1283,1,1
"z[175,1]",1,0,1,1,1,1,1,NA,1,0,1
"z[176,1]",1,0,1,1,1,1,1,NA,1,0,1
"z[177,1]",1,0,1,1,1,1,1,NA,1,0,1
"z[178,1]",0.00688888888888889,0.0827221418662089,0,0,0,0,0,1.0033393216296,4500,1,1
"z[179,1]",0.00244444444444444,0.0493863456663645,0,0,0,0,0,1.02752607886309,4500,1,1
"z[180,1]",0.0906666666666667,0.287166411122996,0,0,0,0,1,1.00085561815324,4500,1,1
"z[181,1]",0.136222222222222,0.343062504722754,0,0,0,0,1,0.999989611267198,4500,1,1
"z[182,1]",0.0531111111111111,0.224279956970223,0,0,0,0,1,1.00352510905153,2566,1,1
"z[183,1]",0.0817777777777778,0.274056314018784,0,0,0,0,1,1.00136011474872,3920,1,1
"z[184,1]",0.0302222222222222,0.171217271410598,0,0,0,0,1,1.01026846540785,1592,1,1
"z[185,1]",0.0262222222222222,0.159813306406557,0,0,0,0,1,1.00711485137303,2599,1,1
"z[186,1]",0.686222222222222,0.464078812014018,0,0,1,1,1,0.999961274751082,4500,1,1
"z[187,1]",0.573555555555556,0.49461494676986,0,0,1,1,1,0.999688064529597,4500,1,1
"z[188,1]",0.574444444444444,0.49448191147051,0,0,1,1,1,1.00006539378481,4500,1,1
"z[189,1]",0.686444444444444,0.463989558652072,0,0,1,1,1,0.999826995891217,4500,1,1
"z[190,1]",0.702222222222222,0.457332101657473,0,0,1,1,1,0.999871924360813,4500,1,1
"z[191,1]",0.688888888888889,0.462999595168907,0,0,1,1,1,1.00000945401898,4500,1,1
"z[192,1]",0.682666666666667,0.465490107554567,0,0,1,1,1,0.999819600528945,4500,1,1
"z[193,1]",0.707111111111111,0.455138463782826,0,0,1,1,1,0.999943688312992,4500,1,1
"z[194,1]",0.667333333333333,0.471220648693901,0,0,1,1,1,1.0005092420002,2682,1,1
"z[195,1]",0.656444444444444,0.474947643050087,0,0,1,1,1,1.00008973901768,4500,1,1
"z[196,1]",0.684666666666667,0.464700129404919,0,0,1,1,1,1.00021184232847,4250,1,1
"z[197,1]",0.600444444444444,0.489861448745136,0,0,1,1,1,1.0002239837047,3747,1,1
"z[198,1]",0.642,0.479465416916711,0,0,1,1,1,0.999806827272289,4500,1,1
"z[199,1]",0.518666666666667,0.499706960137864,0,0,1,1,1,1.00036735880701,2862,1,1
"z[200,1]",0.758222222222222,0.428207929712462,0,1,1,1,1,0.999932117548023,4500,1,1
"z[1,2]",0.127555555555556,0.333631340448453,0,0,0,0,1,0.99996146881639,4500,1,1
"z[2,2]",1,0,1,1,1,1,1,NA,1,0,1
"z[3,2]",0.154,0.360988861926802,0,0,0,0,1,1.00001083269265,4500,1,1
"z[4,2]",1,0,1,1,1,1,1,NA,1,0,1
"z[5,2]",0.510666666666667,0.499941761444901,0,0,1,1,1,1.00047341200638,2485,1,1
"z[6,2]",0.441777777777778,0.496653790160836,0,0,0,1,1,0.999770506973023,4500,1,1
"z[7,2]",0.0144444444444444,0.119327141438796,0,0,0,0,0,1.00051801240823,4500,1,1
"z[8,2]",0.0131111111111111,0.113763288874888,0,0,0,0,0,1.00377276060759,4500,1,1
"z[9,2]",0.382888888888889,0.486145561638017,0,0,0,1,1,1.00035813876337,3066,1,1
"z[10,2]",1,0,1,1,1,1,1,NA,1,0,1
"z[11,2]",1,0,1,1,1,1,1,NA,1,0,1
"z[12,2]",1,0,1,1,1,1,1,NA,1,0,1
"z[13,2]",1,0,1,1,1,1,1,NA,1,0,1
"z[14,2]",1,0,1,1,1,1,1,NA,1,0,1
"z[15,2]",1,0,1,1,1,1,1,NA,1,0,1
"z[16,2]",0.617333333333333,0.486091963269127,0,0,1,1,1,1.00056019586562,2370,1,1
"z[17,2]",0.873111111111111,0.332885451492204,0,1,1,1,1,1.00130540322081,2747,1,1
"z[18,2]",0.138888888888889,0.345868976410075,0,0,0,0,1,0.999823664911604,4500,1,1
"z[19,2]",0.00977777777777778,0.0984089676386699,0,0,0,0,0,1.02287288012021,2156,1,1
"z[20,2]",1,0,1,1,1,1,1,NA,1,0,1
"z[21,2]",0.211777777777778,0.408613575352813,0,0,0,0,1,0.999885327615382,4500,1,1
"z[22,2]",0.374,0.483917388734693,0,0,0,1,1,1.00026379158867,3585,1,1
"z[23,2]",0.580666666666667,0.493504823124117,0,0,1,1,1,0.999765328126106,4500,1,1
"z[24,2]",0.388222222222222,0.487399752951416,0,0,0,1,1,0.999773391716774,4500,1,1
"z[25,2]",1,0,1,1,1,1,1,NA,1,0,1
"z[26,2]",1,0,1,1,1,1,1,NA,1,0,1
"z[27,2]",1,0,1,1,1,1,1,NA,1,0,1
"z[28,2]",0.508666666666667,0.499980439715195,0,0,1,1,1,1.00073986097685,1869,1,1
"z[29,2]",0.399111111111111,0.489770086465077,0,0,0,1,1,1.00114810146279,1413,1,1
"z[30,2]",1,0,1,1,1,1,1,NA,1,0,1
"z[31,2]",1,0,1,1,1,1,1,NA,1,0,1
"z[32,2]",1,0,1,1,1,1,1,NA,1,0,1
"z[33,2]",0.809777777777778,0.392520020648456,0,1,1,1,1,0.999842453574662,4500,1,1
"z[34,2]",0.812222222222222,0.390578012967673,0,1,1,1,1,1.00007786706417,4500,1,1
"z[35,2]",0.843111111111111,0.36373639680125,0,1,1,1,1,1.00134090527885,2265,1,1
"z[36,2]",0.259111111111111,0.438195405335641,0,0,0,1,1,1.0006177346699,2744,1,1
"z[37,2]",0.00755555555555556,0.0866033246050876,0,0,0,0,0,1.00532486120142,4500,1,1
"z[38,2]",0.247555555555556,0.431640134143791,0,0,0,0,1,1.00185757007207,1231,1,1
"z[39,2]",0.0197777777777778,0.139251306560123,0,0,0,0,0,1.00248242729487,4500,1,1
"z[40,2]",0.334,0.471692106132094,0,0,0,1,1,0.999964696603718,4500,1,1
"z[41,2]",0.00133333333333333,0.0364945409967103,0,0,0,0,0,NA,4500,1,1
"z[42,2]",0.00155555555555556,0.0394142235807543,0,0,0,0,0,1.06447893654775,4494,1,1
"z[43,2]",1,0,1,1,1,1,1,NA,1,0,1
"z[44,2]",1,0,1,1,1,1,1,NA,1,0,1
"z[45,2]",1,0,1,1,1,1,1,NA,1,0,1
"z[46,2]",1,0,1,1,1,1,1,NA,1,0,1
"z[47,2]",0.002,0.0446815807032984,0,0,0,0,0,1.06670438272335,3369,1,1
"z[48,2]",0.000222222222222222,0.0149071198499986,0,0,0,0,0,1.29093398298233,4500,1,1
"z[49,2]",0.0188888888888889,0.136147779728393,0,0,0,0,0,1.00338808585243,4500,1,1
"z[50,2]",0.0264444444444444,0.160470739436839,0,0,0,0,1,1.00326578932156,4500,1,1
"z[51,2]",0.026,0.159152847308496,0,0,0,0,1,1.00460342224805,3976,1,1
"z[52,2]",0.0802222222222222,0.271667108709551,0,0,0,0,1,1.00017454259332,4500,1,1
"z[53,2]",0.130888888888889,0.337316279778769,0,0,0,0,1,1.00063505354995,4500,1,1
"z[54,2]",0,0,0,0,0,0,0,NA,1,1,1
"z[55,2]",0,0,0,0,0,0,0,NA,1,1,1
"z[56,2]",0.0184444444444444,0.13456697579197,0,0,0,0,0,1.00799991998049,3274,1,1
"z[57,2]",0.757777777777778,0.428475688197424,0,1,1,1,1,0.999757396782293,4500,1,1
"z[58,2]",0.660222222222222,0.473686290111743,0,0,1,1,1,1.00003547756122,4500,1,1
"z[59,2]",0.157555555555556,0.364364247671686,0,0,0,0,1,0.999802418588438,4500,1,1
"z[60,2]",1,0,1,1,1,1,1,NA,1,0,1
"z[61,2]",0.0593333333333333,0.236273770253685,0,0,0,0,1,1.00068718465785,4500,1,1
"z[62,2]",0.254888888888889,0.435847171788359,0,0,0,1,1,0.999860450963629,4500,1,1
"z[63,2]",0.100888888888889,0.301215011772787,0,0,0,0,1,1.00053139861976,4500,1,1
"z[64,2]",0.118666666666667,0.323431809105324,0,0,0,0,1,1.0019797665471,2059,1,1
"z[65,2]",0.115333333333333,0.319459284219888,0,0,0,0,1,0.99993007143222,4500,1,1
"z[66,2]",0.0953333333333333,0.293707437222326,0,0,0,0,1,1.0007829220618,4500,1,1
"z[67,2]",0.0764444444444444,0.265737434110773,0,0,0,0,1,1.00242522673454,2559,1,1
"z[68,2]",0.0726666666666667,0.259617411331994,0,0,0,0,1,1.00066219728618,4500,1,1
"z[69,2]",1,0,1,1,1,1,1,NA,1,0,1
"z[70,2]",1,0,1,1,1,1,1,NA,1,0,1
"z[71,2]",1,0,1,1,1,1,1,NA,1,0,1
"z[72,2]",1,0,1,1,1,1,1,NA,1,0,1
"z[73,2]",1,0,1,1,1,1,1,NA,1,0,1
"z[74,2]",1,0,1,1,1,1,1,NA,1,0,1
"z[75,2]",0.269111111111111,0.443547110984994,0,0,0,1,1,1.0001680843572,4500,1,1
"z[76,2]",0.242666666666667,0.428742818638798,0,0,0,0,1,0.999774141569743,4500,1,1
"z[77,2]",0.0502222222222222,0.218427454690079,0,0,0,0,1,1.00104263202685,4500,1,1
"z[78,2]",0.317333333333333,0.465490107554567,0,0,0,1,1,0.999813505819327,4500,1,1
"z[79,2]",0.670222222222222,0.470184562178699,0,0,1,1,1,0.999886922060473,4500,1,1
"z[80,2]",0.757777777777778,0.428475688197424,0,1,1,1,1,0.999896255374057,4500,1,1
"z[81,2]",0.218444444444444,0.413236514340125,0,0,0,0,1,0.99991173516879,4500,1,1
"z[82,2]",0.0935555555555556,0.291241760159636,0,0,0,0,1,1.00116276029747,3940,1,1
"z[83,2]",0.0415555555555556,0.199593447150984,0,0,0,0,1,1.00413037000768,2792,1,1
"z[84,2]",1,0,1,1,1,1,1,NA,1,0,1
"z[85,2]",1,0,1,1,1,1,1,NA,1,0,1
"z[86,2]",0.00511111111111111,0.071317023933587,0,0,0,0,0,1.0034649704122,4500,1,1
"z[87,2]",0.00377777777777778,0.0613542394088465,0,0,0,0,0,1.01164843669904,4500,1,1
"z[88,2]",0.294666666666667,0.455943438114559,0,0,0,1,1,1.00030372106148,3772,1,1
"z[89,2]",0.130666666666667,0.337072896216618,0,0,0,0,1,1.0005669791726,4500,1,1
"z[90,2]",0.802444444444444,0.398199189045792,0,1,1,1,1,1.00034481702007,4500,1,1
"z[91,2]",0.749777777777778,0.433189060737051,0,0,1,1,1,1.00071063404884,2563,1,1
"z[92,2]",0.111555555555556,0.314853844066041,0,0,0,0,1,1.00042147764089,4500,1,1
"z[93,2]",0.718444444444444,0.449807721414225,0,0,1,1,1,1.00049406175337,2987,1,1
"z[94,2]",0.229777777777778,0.42073660196956,0,0,0,0,1,0.999691031313645,4500,1,1
"z[95,2]",0.0724444444444445,0.259251196201609,0,0,0,0,1,1.00039218350686,4500,1,1
"z[96,2]",1,0,1,1,1,1,1,NA,1,0,1
"z[97,2]",0.124666666666667,0.330377275632388,0,0,0,0,1,0.999840865000216,4500,1,1
"z[98,2]",0.0735555555555556,0.261075243046752,0,0,0,0,1,1.00129979405244,4496,1,1
"z[99,2]",0.267777777777778,0.442850336945843,0,0,0,1,1,1.00062898496624,2646,1,1
"z[100,2]",0.202888888888889,0.402195144834769,0,0,0,0,1,1.00162904347039,1573,1,1
"z[101,2]",0.346666666666667,0.475961375470961,0,0,0,1,1,0.999694048471041,4500,1,1
"z[102,2]",0.000444444444444444,0.0210795079890303,0,0,0,0,0,1.10528646876281,4500,1,1
"z[103,2]",0.000222222222222222,0.0149071198499986,0,0,0,0,0,1.29093398298233,4500,1,1
"z[104,2]",0.00533333333333333,0.0728427622699364,0,0,0,0,0,1.02256197716652,3980,1,1
"z[105,2]",0.149333333333333,0.356456343321839,0,0,0,0,1,1.00221113015778,1543,1,1
"z[106,2]",0.356222222222222,0.478935197820584,0,0,0,1,1,1.00039515153316,2993,1,1
"z[107,2]",1,0,1,1,1,1,1,NA,1,0,1
"z[108,2]",1,0,1,1,1,1,1,NA,1,0,1
"z[109,2]",0.0197777777777778,0.139251306560123,0,0,0,0,0,1.00169557370318,4500,1,1
"z[110,2]",0.000222222222222222,0.0149071198499986,0,0,0,0,0,1.29093398298233,4500,1,1
"z[111,2]",0,0,0,0,0,0,0,NA,1,1,1
"z[112,2]",0.000222222222222222,0.0149071198499986,0,0,0,0,0,1.29093398298233,4500,1,1
"z[113,2]",0.00911111111111111,0.0950268670194558,0,0,0,0,0,1.01940710110385,2730,1,1
"z[114,2]",0.00511111111111111,0.071317023933587,0,0,0,0,0,1.02802154249046,3323,1,1
"z[115,2]",0.00222222222222222,0.0470932775447189,0,0,0,0,0,1.05921191003868,3455,1,1
"z[116,2]",0.004,0.0631259497363628,0,0,0,0,0,1.0178320753574,4500,1,1
"z[117,2]",0.022,0.146699633251375,0,0,0,0,0,1.0017391459985,4500,1,1
"z[118,2]",1,0,1,1,1,1,1,NA,1,0,1
"z[119,2]",1,0,1,1,1,1,1,NA,1,0,1
"z[120,2]",0.00266666666666667,0.0515766100016907,0,0,0,0,0,1.08251978672251,1996,1,1
"z[121,2]",1,0,1,1,1,1,1,NA,1,0,1
"z[122,2]",0.000666666666666667,0.0258141493083176,0,0,0,0,0,1.13377982835195,4498,1,1
"z[123,2]",0.000666666666666667,0.0258141493083176,0,0,0,0,0,1.13377982835195,4498,1,1
"z[124,2]",0.00222222222222222,0.0470932775447189,0,0,0,0,0,1.10574346891428,1797,1,1
"z[125,2]",1,0,1,1,1,1,1,NA,1,0,1
"z[126,2]",1,0,1,1,1,1,1,NA,1,0,1
"z[127,2]",0.0653333333333333,0.247140571093493,0,0,0,0,1,0.999924568442208,4500,1,1
"z[128,2]",0.0644444444444444,0.245570273205584,0,0,0,0,1,1.00440348384097,1738,1,1
"z[129,2]",0.0862222222222222,0.280723107246949,0,0,0,0,1,1.00053029686573,4500,1,1
"z[130,2]",0.0728888888888889,0.259982920619994,0,0,0,0,1,1.00006147031852,4500,1,1
"z[131,2]",0.201777777777778,0.401371780296798,0,0,0,0,1,1.00116059486109,2074,1,1
"z[132,2]",0.229777777777778,0.42073660196956,0,0,0,0,1,0.999738380281647,4500,1,1
"z[133,2]",0.206,0.404475407947857,0,0,0,0,1,1.00071376547891,2914,1,1
"z[134,2]",0.000222222222222222,0.0149071198499986,0,0,0,0,0,1.29093398298233,4500,1,1
"z[135,2]",0.0113333333333333,0.105864911172911,0,0,0,0,0,1.03386345247862,1241,1,1
"z[136,2]",0.00133333333333333,0.0364945409967103,0,0,0,0,0,1.03900028931154,4500,1,1
"z[137,2]",0.000666666666666667,0.0258141493083176,0,0,0,0,0,1.13377982835195,4498,1,1
"z[138,2]",1,0,1,1,1,1,1,NA,1,0,1
"z[139,2]",1,0,1,1,1,1,1,NA,1,0,1
"z[140,2]",0.0171111111111111,0.129699881353212,0,0,0,0,0,1.00753333706275,3744,1,1
"z[141,2]",1,0,1,1,1,1,1,NA,1,0,1
"z[142,2]",0.0553333333333333,0.228655142165391,0,0,0,0,1,1.00388550212003,2263,1,1
"z[143,2]",0.0355555555555556,0.185199838067563,0,0,0,0,1,1.00257793423756,4500,1,1
"z[144,2]",0.0311111111111111,0.173637293967947,0,0,0,0,1,1.001320000895,4500,1,1
"z[145,2]",0.576222222222222,0.494210936123245,0,0,1,1,1,0.999803663231554,4500,1,1
"z[146,2]",0.497777777777778,0.500050625971747,0,0,0,1,1,1.00051698268795,2357,1,1
"z[147,2]",0.540666666666667,0.498398858885473,0,0,1,1,1,1.00078272755237,1809,1,1
"z[148,2]",0.514444444444444,0.499846856100427,0,0,1,1,1,0.999810664619579,4500,1,1
"z[149,2]",1,0,1,1,1,1,1,NA,1,0,1
"z[150,2]",0.0231111111111111,0.150273104306291,0,0,0,0,0,1.00087617538689,4500,1,1
"z[151,2]",1,0,1,1,1,1,1,NA,1,0,1
"z[152,2]",1,0,1,1,1,1,1,NA,1,0,1
"z[153,2]",0.398,0.489539840452324,0,0,0,1,1,1.00027149897073,3457,1,1
"z[154,2]",0.464,0.498757736621663,0,0,0,1,1,0.999893023141848,4500,1,1
"z[155,2]",0.00755555555555556,0.0866033246050876,0,0,0,0,0,1.02178858894475,2921,1,1
"z[156,2]",0.0204444444444444,0.141530634321543,0,0,0,0,0,0.999912779725212,4500,1,1
"z[157,2]",1,0,1,1,1,1,1,NA,1,0,1
"z[158,2]",1,0,1,1,1,1,1,NA,1,0,1
"z[159,2]",1,0,1,1,1,1,1,NA,1,0,1
"z[160,2]",1,0,1,1,1,1,1,NA,1,0,1
"z[161,2]",0.00244444444444444,0.0493863456663645,0,0,0,0,0,1.015878473234,4500,1,1
"z[162,2]",1,0,1,1,1,1,1,NA,1,0,1
"z[163,2]",0.00644444444444444,0.0800271001985887,0,0,0,0,0,1.01091755903792,4500,1,1
"z[164,2]",0.944444444444444,0.229086879157383,0,1,1,1,1,1.0039032721362,2238,1,1
"z[165,2]",0.364888888888889,0.481452487777566,0,0,0,1,1,1.00015623637865,4416,1,1
"z[166,2]",0.946444444444444,0.225163550304364,0,1,1,1,1,1.0021450011729,3964,1,1
"z[167,2]",0.0313333333333333,0.174236339048014,0,0,0,0,1,1.00262572850187,4500,1,1
"z[168,2]",0.986444444444444,0.115649360747383,1,1,1,1,1,1.00228050718154,4500,0,1
"z[169,2]",0.979333333333333,0.142281601882585,1,1,1,1,1,1.01086795768709,2170,0,1
"z[170,2]",0.261333333333333,0.439409978425398,0,0,0,1,1,0.999752094039921,4500,1,1
"z[171,2]",0.577333333333333,0.494038251734098,0,0,1,1,1,1.00034971762239,3001,1,1
"z[172,2]",0.727555555555556,0.445266804820707,0,0,1,1,1,1.00046871118197,3154,1,1
"z[173,2]",0.775111111111111,0.417555531121581,0,1,1,1,1,1.00028046799128,4500,1,1
"z[174,2]",1,0,1,1,1,1,1,NA,1,0,1
"z[175,2]",1,0,1,1,1,1,1,NA,1,0,1
"z[176,2]",1,0,1,1,1,1,1,NA,1,0,1
"z[177,2]",0.184,0.387527254202204,0,0,0,0,1,1.00008969015238,4500,1,1
"z[178,2]",0.000444444444444444,0.0210795079890303,0,0,0,0,0,1.10528646876281,4500,1,1
"z[179,2]",0.000666666666666667,0.0258141493083176,0,0,0,0,0,NA,4500,1,1
"z[180,2]",0.0837777777777778,0.277085046671742,0,0,0,0,1,0.999947464486605,4500,1,1
"z[181,2]",0.113555555555556,0.317305949160352,0,0,0,0,1,1.00070863570224,4500,1,1
"z[182,2]",0.0464444444444444,0.21046900448124,0,0,0,0,1,0.999679193863648,4500,1,1
"z[183,2]",0.072,0.258516636409127,0,0,0,0,1,1.00179757968824,3497,1,1
"z[184,2]",0.00222222222222222,0.0470932775447189,0,0,0,0,0,1.03308734033364,4500,1,1
"z[185,2]",0.0184444444444444,0.13456697579197,0,0,0,0,0,1.0064659137683,4030,1,1
"z[186,2]",0.645555555555556,0.478397783242291,0,0,1,1,1,1.00297187546606,665,1,1
"z[187,2]",0.447333333333333,0.497273741106578,0,0,0,1,1,1.00050146081674,2427,1,1
"z[188,2]",0.507111111111111,0.500004988738047,0,0,1,1,1,1.00168758392898,995,1,1
"z[189,2]",0.622666666666667,0.4847732585933,0,0,1,1,1,1.00048916912304,2588,1,1
"z[190,2]",0.467555555555556,0.499001695344051,0,0,0,1,1,1.00019454525137,3809,1,1
"z[191,2]",0.699555555555556,0.458502232009075,0,0,1,1,1,1.00118296770067,1568,1,1
"z[192,2]",0.688888888888889,0.462999595168907,0,0,1,1,1,1.00187377359836,1057,1,1
"z[193,2]",0.602666666666667,0.489400429727963,0,0,1,1,1,1.00099425456207,1575,1,1
"z[194,2]",0.666444444444444,0.471535425031454,0,0,1,1,1,1.00136692847544,1326,1,1
"z[195,2]",0.584,0.492948272697508,0,0,1,1,1,1.00248685493626,734,1,1
"z[196,2]",0.642,0.479465416916711,0,0,1,1,1,1.00394181552437,513,1,1
"z[197,2]",0.476888888888889,0.499521096378026,0,0,0,1,1,1.00273942935742,658,1,1
"z[198,2]",0.495111111111111,0.500031660354467,0,0,0,1,1,1.00231816009478,760,1,1
"z[199,2]",0.390222222222222,0.487854208528772,0,0,0,1,1,0.999924876204176,4500,1,1
"z[200,2]",0.684888888888889,0.464611739583112,0,0,1,1,1,1.00347070577743,612,1,1
"z[1,3]",1,0,1,1,1,1,1,NA,1,0,1
"z[2,3]",1,0,1,1,1,1,1,NA,1,0,1
"z[3,3]",1,0,1,1,1,1,1,NA,1,0,1
"z[4,3]",0.0766666666666667,0.266091381389197,0,0,0,0,1,1.0005088159312,4500,1,1
"z[5,3]",0.498444444444444,0.500053144788681,0,0,0,1,1,1.0001509428891,4134,1,1
"z[6,3]",0.438444444444444,0.496251588690519,0,0,0,1,1,0.999891923453528,4500,1,1
"z[7,3]",0.00955555555555555,0.0972951722699289,0,0,0,0,0,1.01131014212008,4458,1,1
"z[8,3]",0.00511111111111111,0.071317023933587,0,0,0,0,0,1.01733434770711,4500,1,1
"z[9,3]",1,0,1,1,1,1,1,NA,1,0,1
"z[10,3]",1,0,1,1,1,1,1,NA,1,0,1
"z[11,3]",0.997111111111111,0.0536766566849177,1,1,1,1,1,1.01987494187977,4500,0,1
"z[12,3]",1,0,1,1,1,1,1,NA,1,0,1
"z[13,3]",1,0,1,1,1,1,1,NA,1,0,1
"z[14,3]",1,0,1,1,1,1,1,NA,1,0,1
"z[15,3]",0.316222222222222,0.465052458586249,0,0,0,1,1,1.00232708801422,875,1,1
"z[16,3]",0.0535555555555556,0.225163550304364,0,0,0,0,1,1.00134342651509,4500,1,1
"z[17,3]",1,0,1,1,1,1,1,NA,1,0,1
"z[18,3]",0.106222222222222,0.308156070826227,0,0,0,0,1,0.999751549833708,4500,1,1
"z[19,3]",0.0746666666666667,0.262881936707821,0,0,0,0,1,0.999992455674625,4500,1,1
"z[20,3]",1,0,1,1,1,1,1,NA,1,0,1
"z[21,3]",1,0,1,1,1,1,1,NA,1,0,1
"z[22,3]",0.0157777777777778,0.124628612791859,0,0,0,0,0,1.00221845724212,4500,1,1
"z[23,3]",1,0,1,1,1,1,1,NA,1,0,1
"z[24,3]",0.0548888888888889,0.227788562815897,0,0,0,0,1,1.00165335252961,4500,1,1
"z[25,3]",1,0,1,1,1,1,1,NA,1,0,1
"z[26,3]",1,0,1,1,1,1,1,NA,1,0,1
"z[27,3]",1,0,1,1,1,1,1,NA,1,0,1
"z[28,3]",0.394222222222222,0.488737294104904,0,0,0,1,1,1.00010975990397,4500,1,1
"z[29,3]",0.299333333333333,0.458016928242846,0,0,0,1,1,1.00052661269072,2771,1,1
"z[30,3]",1,0,1,1,1,1,1,NA,1,0,1
"z[31,3]",1,0,1,1,1,1,1,NA,1,0,1
"z[32,3]",1,0,1,1,1,1,1,NA,1,0,1
"z[33,3]",1,0,1,1,1,1,1,NA,1,0,1
"z[34,3]",1,0,1,1,1,1,1,NA,1,0,1
"z[35,3]",1,0,1,1,1,1,1,NA,1,0,1
"z[36,3]",0.0597777777777778,0.237101007385967,0,0,0,0,1,1.00409754621601,1994,1,1
"z[37,3]",0.0151111111111111,0.1220084974435,0,0,0,0,0,1.00673755039386,4500,1,1
"z[38,3]",0.0197777777777778,0.139251306560123,0,0,0,0,0,1.00676049937563,3603,1,1
"z[39,3]",0.00844444444444444,0.0915150092219534,0,0,0,0,0,1.00629110908797,4500,1,1
"z[40,3]",0.0262222222222222,0.159813306406557,0,0,0,0,1,1.00106509553356,4500,1,1
"z[41,3]",0.00133333333333333,0.0364945409967103,0,0,0,0,0,1.03900028931154,4500,1,1
"z[42,3]",0.000444444444444444,0.0210795079890303,0,0,0,0,0,1.10528646876281,4500,1,1
"z[43,3]",1,0,1,1,1,1,1,NA,1,0,1
"z[44,3]",0.332,0.470983327210095,0,0,0,1,1,1.00016614164543,4500,1,1
"z[45,3]",0.960444444444444,0.194934239891299,0,1,1,1,1,1.0005034542304,4500,1,1
"z[46,3]",1,0,1,1,1,1,1,NA,1,0,1
"z[47,3]",0.000222222222222222,0.0149071198499986,0,0,0,0,0,1.29093398298233,4500,1,1
"z[48,3]",0,0,0,0,0,0,0,NA,1,1,1
"z[49,3]",0.000888888888888889,0.0298042977535084,0,0,0,0,0,1.16587551740291,2570,1,1
"z[50,3]",0.00177777777777778,0.0421308880870312,0,0,0,0,0,1.007413097858,4500,1,1
"z[51,3]",0.00333333333333333,0.0576451269226114,0,0,0,0,0,1.00631011246591,4500,1,1
"z[52,3]",0.0677777777777778,0.251392113273443,0,0,0,0,1,1.00294052398949,2406,1,1
"z[53,3]",0.120444444444444,0.325516707964524,0,0,0,0,1,0.99981407109658,4500,1,1
"z[54,3]",0,0,0,0,0,0,0,NA,1,1,1
"z[55,3]",0.000222222222222222,0.0149071198499986,0,0,0,0,0,1.29093398298233,4500,1,1
"z[56,3]",1,0,1,1,1,1,1,NA,1,0,1
"z[57,3]",1,0,1,1,1,1,1,NA,1,0,1
"z[58,3]",1,0,1,1,1,1,1,NA,1,0,1
"z[59,3]",0.0197777777777778,0.139251306560123,0,0,0,0,0,1.00462695707557,4500,1,1
"z[60,3]",0.387777777777778,0.487297590280489,0,0,0,1,1,0.999969530234276,4500,1,1
"z[61,3]",0.048,0.213789983216616,0,0,0,0,1,0.999985660994314,4500,1,1
"z[62,3]",0.204,0.403013763231578,0,0,0,0,1,1.00118895455021,2020,1,1
"z[63,3]",0.0831111111111111,0.276080771207218,0,0,0,0,1,1.00023092362316,4500,1,1
"z[64,3]",0.0997777777777778,0.299736780791094,0,0,0,0,1,1.00650890952526,809,1,1
"z[65,3]",0.0926666666666667,0.289996972491497,0,0,0,0,1,1.00149333753495,3244,1,1
"z[66,3]",0.0782222222222222,0.268550801033379,0,0,0,0,1,1.00024004430304,4500,1,1
"z[67,3]",0.0648888888888889,0.246357074296865,0,0,0,0,1,1.00035747364546,4500,1,1
"z[68,3]",0.0613333333333333,0.239967397948637,0,0,0,0,1,1.00169459401572,4271,1,1
"z[69,3]",1,0,1,1,1,1,1,NA,1,0,1
"z[70,3]",1,0,1,1,1,1,1,NA,1,0,1
"z[71,3]",1,0,1,1,1,1,1,NA,1,0,1
"z[72,3]",1,0,1,1,1,1,1,NA,1,0,1
"z[73,3]",0.146888888888889,0.354034456841916,0,0,0,0,1,1.00005508917175,4500,1,1
"z[74,3]",1,0,1,1,1,1,1,NA,1,0,1
"z[75,3]",1,0,1,1,1,1,1,NA,1,0,1
"z[76,3]",0.666444444444444,0.471535425031454,0,0,1,1,1,1.00046398211843,2820,1,1
"z[77,3]",0.0102222222222222,0.100598097789677,0,0,0,0,0,1.00350580465093,4500,1,1
"z[78,3]",0.344444444444444,0.47523958022822,0,0,0,1,1,1.00032061601263,3386,1,1
"z[79,3]",0.755777777777778,0.429672846227236,0,1,1,1,1,1.00007207858428,4500,1,1
"z[80,3]",0.829111111111111,0.376453674828579,0,1,1,1,1,1.00039503830222,4500,1,1
"z[81,3]",0.0393333333333333,0.194408387233923,0,0,0,0,1,1.00013312277838,4500,1,1
"z[82,3]",0.0175555555555556,0.13134379171788,0,0,0,0,0,1.01440709796783,1931,1,1
"z[83,3]",0.014,0.11750348180963,0,0,0,0,0,1.0069829948271,4500,1,1
"z[84,3]",1,0,1,1,1,1,1,NA,1,0,1
"z[85,3]",1,0,1,1,1,1,1,NA,1,0,1
"z[86,3]",0.00133333333333333,0.0364945409967103,0,0,0,0,0,1.1055143248586,2997,1,1
"z[87,3]",0.00444444444444444,0.0665257457028688,0,0,0,0,0,1.00837775074503,4500,1,1
"z[88,3]",0.00933333333333333,0.0961679644942985,0,0,0,0,0,1.01074275341819,4500,1,1
"z[89,3]",0.0111111111111111,0.104833661410201,0,0,0,0,0,1.00231559826491,4500,1,1
"z[90,3]",0.861111111111111,0.345868976410075,0,1,1,1,1,1.00087668175079,3446,1,1
"z[91,3]",0.811333333333333,0.391287080054478,0,1,1,1,1,1.00101515191722,2421,1,1
"z[92,3]",0.0866666666666667,0.281377237154674,0,0,0,0,1,1.0005626957779,4500,1,1
"z[93,3]",0.782222222222222,0.41278139661439,0,1,1,1,1,1.00046094267348,3706,1,1
"z[94,3]",0.196222222222222,0.397182726461142,0,0,0,0,1,1.00021754078582,4500,1,1
"z[95,3]",0.0184444444444444,0.13456697579197,0,0,0,0,0,1.03761813735752,694,1,1
"z[96,3]",0.0217777777777778,0.145973426820025,0,0,0,0,0,1.00361173142836,4500,1,1
"z[97,3]",0.0208888888888889,0.143028281223349,0,0,0,0,0,1.00952715110659,2452,1,1
"z[98,3]",0.000666666666666667,0.0258141493083176,0,0,0,0,0,NA,4500,1,1
"z[99,3]",0.0104444444444444,0.10167426066326,0,0,0,0,0,1.04476910098676,1007,1,1
"z[100,3]",0.00444444444444444,0.0665257457028688,0,0,0,0,0,1.00467419516687,4500,1,1
"z[101,3]",0.0206666666666667,0.142281601882585,0,0,0,0,0,1.00254783995548,4500,1,1
"z[102,3]",0,0,0,0,0,0,0,NA,1,1,1
"z[103,3]",0.000222222222222222,0.0149071198499986,0,0,0,0,0,1.29093398298233,4500,1,1
"z[104,3]",0.00222222222222222,0.0470932775447189,0,0,0,0,0,1.11638204294893,1605,1,1
"z[105,3]",0.447333333333333,0.497273741106578,0,0,0,1,1,0.999779337427468,4500,1,1
"z[106,3]",1,0,1,1,1,1,1,NA,1,0,1
"z[107,3]",1,0,1,1,1,1,1,NA,1,0,1
"z[108,3]",1,0,1,1,1,1,1,NA,1,0,1
"z[109,3]",0.00244444444444444,0.0493863456663645,0,0,0,0,0,1.015878473234,4500,1,1
"z[110,3]",0.000444444444444444,0.0210795079890303,0,0,0,0,0,1.2913045102833,2250,1,1
"z[111,3]",0,0,0,0,0,0,0,NA,1,1,1
"z[112,3]",0.00688888888888889,0.0827221418662089,0,0,0,0,0,1.02460703378379,2828,1,1
"z[113,3]",0.000666666666666667,0.0258141493083176,0,0,0,0,0,1.13377982835195,4498,1,1
"z[114,3]",0.00488888888888889,0.069757214702053,0,0,0,0,0,1.0007080631168,4500,1,1
"z[115,3]",0.004,0.0631259497363628,0,0,0,0,0,1.05537677568565,2070,1,1
"z[116,3]",0.00644444444444444,0.0800271001985887,0,0,0,0,0,1.04096424884592,1777,1,1
"z[117,3]",1,0,1,1,1,1,1,NA,1,0,1
"z[118,3]",1,0,1,1,1,1,1,NA,1,0,1
"z[119,3]",1,0,1,1,1,1,1,NA,1,0,1
"z[120,3]",0.00377777777777778,0.0613542394088465,0,0,0,0,0,1.02644198768286,4500,1,1
"z[121,3]",1,0,1,1,1,1,1,NA,1,0,1
"z[122,3]",0.000888888888888889,0.0298042977535084,0,0,0,0,0,1.29204734004362,1125,1,1
"z[123,3]",0.000444444444444444,0.0210795079890303,0,0,0,0,0,1.10528646876281,4500,1,1
"z[124,3]",0.000666666666666667,0.0258141493083176,0,0,0,0,0,1.13377982835195,4498,1,1
"z[125,3]",0.953555555555556,0.21046900448124,0,1,1,1,1,1.00050975038629,4500,1,1
"z[126,3]",1,0,1,1,1,1,1,NA,1,0,1
"z[127,3]",0.0535555555555556,0.225163550304364,0,0,0,0,1,0.999676219558115,4500,1,1
"z[128,3]",0.0535555555555556,0.225163550304364,0,0,0,0,1,1.00380738933721,2371,1,1
"z[129,3]",0.0713333333333333,0.257409427269842,0,0,0,0,1,1.00013935561169,4500,1,1
"z[130,3]",0.0622222222222222,0.241585568629304,0,0,0,0,1,0.999891443694042,4500,1,1
"z[131,3]",0.202666666666667,0.402030852549182,0,0,0,0,1,1.00095408591071,2409,1,1
"z[132,3]",0.225111111111111,0.417701892453193,0,0,0,0,1,1.00004712815669,4500,1,1
"z[133,3]",0.189333333333333,0.391816714616485,0,0,0,0,1,0.999707458741186,4500,1,1
"z[134,3]",0.000222222222222222,0.0149071198499986,0,0,0,0,0,1.29093398298233,4500,1,1
"z[135,3]",0.000444444444444444,0.0210795079890303,0,0,0,0,0,1.2913045102833,2250,1,1
"z[136,3]",0.000888888888888889,0.0298042977535084,0,0,0,0,0,1.10540023626025,4497,1,1
"z[137,3]",0.00177777777777778,0.0421308880870312,0,0,0,0,0,1.05041941929871,4500,1,1
"z[138,3]",1,0,1,1,1,1,1,NA,1,0,1
"z[139,3]",1,0,1,1,1,1,1,NA,1,0,1
"z[140,3]",0.016,0.125489041132367,0,0,0,0,0,1.01026584023598,2953,1,1
"z[141,3]",1,0,1,1,1,1,1,NA,1,0,1
"z[142,3]",0.0442222222222222,0.205611312804703,0,0,0,0,1,1.00025985421869,4500,1,1
"z[143,3]",0.0271111111111111,0.162425248725456,0,0,0,0,1,1.00288142520708,4500,1,1
"z[144,3]",0.0313333333333333,0.174236339048014,0,0,0,0,1,1.00358636069751,4182,1,1
"z[145,3]",0.603111111111111,0.489306962447443,0,0,1,1,1,1.00115501016643,1410,1,1
"z[146,3]",0.579555555555556,0.493685197983452,0,0,1,1,1,1.00054822554903,2330,1,1
"z[147,3]",0.594444444444444,0.491053797673561,0,0,1,1,1,0.999740929396241,4500,1,1
"z[148,3]",0.376,0.48443384507651,0,0,0,1,1,1.00144764087401,1204,1,1
"z[149,3]",1,0,1,1,1,1,1,NA,1,0,1
"z[150,3]",0.0315555555555556,0.174833049066281,0,0,0,0,1,1.00175086246072,4500,1,1
"z[151,3]",1,0,1,1,1,1,1,NA,1,0,1
"z[152,3]",1,0,1,1,1,1,1,NA,1,0,1
"z[153,3]",0.280222222222222,0.449157611618771,0,0,0,1,1,0.999798403335556,4500,1,1
"z[154,3]",0.327777777777778,0.46945551588082,0,0,0,1,1,1.00031169967267,3523,1,1
"z[155,3]",0.0104444444444444,0.10167426066326,0,0,0,0,0,1.00675308325243,4500,1,1
"z[156,3]",0.0266666666666667,0.161125183440798,0,0,0,0,1,1.00272895645146,4500,1,1
"z[157,3]",0.0331111111111111,0.178946588136641,0,0,0,0,1,1.00500754260518,2908,1,1
"z[158,3]",0.953555555555556,0.21046900448124,0,1,1,1,1,1.0003200731809,4500,1,1
"z[159,3]",1,0,1,1,1,1,1,NA,1,0,1
"z[160,3]",1,0,1,1,1,1,1,NA,1,0,1
"z[161,3]",0.00311111111111111,0.0556966916350484,0,0,0,0,0,1.00222267416305,4500,1,1
"z[162,3]",0.0404444444444444,0.197021109093834,0,0,0,0,1,1.00369273332211,3183,1,1
"z[163,3]",0.00466666666666667,0.0681609955608629,0,0,0,0,0,1.02289275773604,4480,1,1
"z[164,3]",1,0,1,1,1,1,1,NA,1,0,1
"z[165,3]",0.0104444444444444,0.10167426066326,0,0,0,0,0,1.0026590201648,4500,1,1
"z[166,3]",1,0,1,1,1,1,1,NA,1,0,1
"z[167,3]",0.429555555555556,0.495067717737518,0,0,0,1,1,0.999816353351189,4500,1,1
"z[168,3]",0.984,0.125489041132367,1,1,1,1,1,1.00880638944534,3429,0,1
"z[169,3]",0.981555555555556,0.13456697579197,1,1,1,1,1,1.01392928984143,1901,0,1
"z[170,3]",0.237777777777778,0.42576964496162,0,0,0,0,1,0.999915364013448,4500,1,1
"z[171,3]",0.597555555555556,0.490445069407419,0,0,1,1,1,0.999825786773745,4500,1,1
"z[172,3]",0.715111111111111,0.451411666500422,0,0,1,1,1,1.00035620281707,3570,1,1
"z[173,3]",0.809555555555556,0.392695335891138,0,1,1,1,1,1.00019651342775,4500,1,1
"z[174,3]",0.670222222222222,0.470184562178699,0,0,1,1,1,0.999736818425475,4500,1,1
"z[175,3]",1,0,1,1,1,1,1,NA,1,0,1
"z[176,3]",1,0,1,1,1,1,1,NA,1,0,1
"z[177,3]",1,0,1,1,1,1,1,NA,1,0,1
"z[178,3]",0.00911111111111111,0.0950268670194558,0,0,0,0,0,1.00177964054235,4500,1,1
"z[179,3]",0.0108888888888889,0.103791690054186,0,0,0,0,0,1.01057023039737,4195,1,1
"z[180,3]",0.0711111111111111,0.257038913373673,0,0,0,0,1,1.00009655894551,4500,1,1
"z[181,3]",0.086,0.28039520580441,0,0,0,0,1,1.00018205236245,4500,1,1
"z[182,3]",0.0408888888888889,0.198054801702807,0,0,0,0,1,1.00203450829984,4500,1,1
"z[183,3]",0.0646666666666667,0.245964088766797,0,0,0,0,1,1.0009384051304,4500,1,1
"z[184,3]",0.00111111111111111,0.033318511930496,0,0,0,0,0,1.07137218653062,4500,1,1
"z[185,3]",0.00133333333333333,0.0364945409967103,0,0,0,0,0,1.03900028931154,4500,1,1
"z[186,3]",0.608,0.488250934794651,0,0,1,1,1,1.00413471875006,476,1,1
"z[187,3]",0.417111111111111,0.493136363362625,0,0,0,1,1,1.00314480116926,596,1,1
"z[188,3]",0.497111111111111,0.500047218140406,0,0,0,1,1,1.00330612057745,555,1,1
"z[189,3]",0.603555555555556,0.489213073447176,0,0,1,1,1,1.00117382622116,1392,1,1
"z[190,3]",0.517111111111111,0.499762656369589,0,0,1,1,1,1.00109217777568,1410,1,1
"z[191,3]",0.658222222222222,0.474358231604594,0,0,1,1,1,1.00296815387388,676,1,1
"z[192,3]",0.676222222222222,0.467968368392469,0,0,1,1,1,1.00379495765181,557,1,1
"z[193,3]",0.567555555555556,0.495470282080354,0,0,1,1,1,1.00233097531304,769,1,1
"z[194,3]",0.640222222222222,0.479988464376133,0,0,1,1,1,1.00255234894501,756,1,1
"z[195,3]",0.554444444444444,0.497082197947321,0,0,1,1,1,1.00324017136067,571,1,1
"z[196,3]",0.588,0.492249780733913,0,0,1,1,1,1.00218092160565,825,1,1
"z[197,3]",0.438222222222222,0.49622396735604,0,0,0,1,1,1.00142014530794,1163,1,1
"z[198,3]",0.452222222222222,0.497767359789301,0,0,0,1,1,1.00567426488537,342,1,1
"z[199,3]",0.381333333333333,0.485768113554913,0,0,0,1,1,1.00088653122149,1739,1,1
"z[200,3]",0.658222222222222,0.474358231604594,0,0,1,1,1,1.00649135498507,330,1,1
"z[1,4]",0.0213333333333333,0.14450904074975,0,0,0,0,0,1.00321516917514,4500,1,1
"z[2,4]",1,0,1,1,1,1,1,NA,1,0,1
"z[3,4]",0.0173333333333333,0.130524613834426,0,0,0,0,0,NA,4500,1,1
"z[4,4]",0.0417777777777778,0.200103206188376,0,0,0,0,1,1.00376787437164,3026,1,1
"z[5,4]",0.466,0.498898096767256,0,0,0,1,1,0.999950251192554,4500,1,1
"z[6,4]",0.433555555555556,0.495620542761747,0,0,0,1,1,0.999697714935004,4500,1,1
"z[7,4]",0.458444444444444,0.498325515976808,0,0,0,1,1,1.00076834759473,1834,1,1
"z[8,4]",0.0144444444444444,0.119327141438796,0,0,0,0,0,1.00738756907372,4500,1,1
"z[9,4]",1,0,1,1,1,1,1,NA,1,0,1
"z[10,4]",1,0,1,1,1,1,1,NA,1,0,1
"z[11,4]",1,0,1,1,1,1,1,NA,1,0,1
"z[12,4]",1,0,1,1,1,1,1,NA,1,0,1
"z[13,4]",0.970888888888889,0.168136660277006,0,1,1,1,1,1.00080800288408,4500,1,1
"z[14,4]",1,0,1,1,1,1,1,NA,1,0,1
"z[15,4]",1,0,1,1,1,1,1,NA,1,0,1
"z[16,4]",0.0364444444444444,0.187414119688263,0,0,0,0,1,1.00052714953312,4500,1,1
"z[17,4]",0.546444444444444,0.497893564956549,0,0,1,1,1,1.00066298414044,2030,1,1
"z[18,4]",0.0591111111111111,0.23585874953463,0,0,0,0,1,1.00024818038804,4500,1,1
"z[19,4]",0.00444444444444444,0.0665257457028688,0,0,0,0,0,1.05639538174787,1830,1,1
"z[20,4]",0.546444444444444,0.497893564956549,0,0,1,1,1,0.999777935895052,4500,1,1
"z[21,4]",0.00666666666666667,0.0813860808385347,0,0,0,0,0,1.0046976492112,4500,1,1
"z[22,4]",1,0,1,1,1,1,1,NA,1,0,1
"z[23,4]",1,0,1,1,1,1,1,NA,1,0,1
"z[24,4]",1,0,1,1,1,1,1,NA,1,0,1
"z[25,4]",1,0,1,1,1,1,1,NA,1,0,1
"z[26,4]",1,0,1,1,1,1,1,NA,1,0,1
"z[27,4]",1,0,1,1,1,1,1,NA,1,0,1
"z[28,4]",0.0111111111111111,0.104833661410201,0,0,0,0,0,1.00715009264915,4500,1,1
"z[29,4]",0.00777777777777778,0.0878578356425394,0,0,0,0,0,1.0122733361313,4500,1,1
"z[30,4]",1,0,1,1,1,1,1,NA,1,0,1
"z[31,4]",1,0,1,1,1,1,1,NA,1,0,1
"z[32,4]",1,0,1,1,1,1,1,NA,1,0,1
"z[33,4]",0.344666666666667,0.475312276709952,0,0,0,1,1,0.999807514957761,4500,1,1
"z[34,4]",1,0,1,1,1,1,1,NA,1,0,1
"z[35,4]",1,0,1,1,1,1,1,NA,1,0,1
"z[36,4]",0.212222222222222,0.408926779343372,0,0,0,0,1,0.999990940029921,4500,1,1
"z[37,4]",0.00666666666666667,0.0813860808385347,0,0,0,0,0,1.02093295988644,3439,1,1
"z[38,4]",0.162222222222222,0.368695512481717,0,0,0,0,1,0.999788239297173,4500,1,1
"z[39,4]",0.00355555555555556,0.0595289935189017,0,0,0,0,0,1.0016276586034,4500,1,1
"z[40,4]",0.004,0.0631259497363628,0,0,0,0,0,1.00430023712846,4500,1,1
"z[41,4]",0.00111111111111111,0.033318511930496,0,0,0,0,0,1.01912206739455,4500,1,1
"z[42,4]",0.000888888888888889,0.0298042977535084,0,0,0,0,0,1.02957562893154,4500,1,1
"z[43,4]",0.022,0.146699633251375,0,0,0,0,0,1.00014637771612,4500,1,1
"z[44,4]",0.247555555555556,0.431640134143791,0,0,0,0,1,0.999985140201269,4500,1,1
"z[45,4]",1,0,1,1,1,1,1,NA,1,0,1
"z[46,4]",1,0,1,1,1,1,1,NA,1,0,1
"z[47,4]",0.000222222222222222,0.0149071198499986,0,0,0,0,0,1.29093398298233,4500,1,1
"z[48,4]",0,0,0,0,0,0,0,NA,1,1,1
"z[49,4]",0.00311111111111111,0.0556966916350484,0,0,0,0,0,1.0097811592317,4500,1,1
"z[50,4]",0.000222222222222222,0.0149071198499986,0,0,0,0,0,1.29093398298233,4500,1,1
"z[51,4]",0.00177777777777778,0.0421308880870312,0,0,0,0,0,1.0296375030843,4500,1,1
"z[52,4]",0.0446666666666667,0.206593901727913,0,0,0,0,1,1.00031681850323,4500,1,1
"z[53,4]",0.112888888888889,0.316492096335047,0,0,0,0,1,0.999831374176394,4500,1,1
"z[54,4]",0.000222222222222222,0.0149071198499986,0,0,0,0,0,1.29093398298233,4500,1,1
"z[55,4]",0,0,0,0,0,0,0,NA,1,1,1
"z[56,4]",0.00866666666666667,0.0927009450571682,0,0,0,0,0,1.00365645516092,4500,1,1
"z[57,4]",1,0,1,1,1,1,1,NA,1,0,1
"z[58,4]",0.0417777777777778,0.200103206188376,0,0,0,0,1,0.999728231499788,4500,1,1
"z[59,4]",0.00355555555555556,0.0595289935189017,0,0,0,0,0,1.02976186456545,4485,1,1
"z[60,4]",1,0,1,1,1,1,1,NA,1,0,1
"z[61,4]",0.0284444444444444,0.166257332410862,0,0,0,0,1,1.00451331588089,3707,1,1
"z[62,4]",0.123333333333333,0.328855978694735,0,0,0,0,1,1.00031827673845,4500,1,1
"z[63,4]",0.0457777777777778,0.209026032222424,0,0,0,0,1,1.0057761236669,1863,1,1
"z[64,4]",0.0582222222222222,0.234189202882591,0,0,0,0,1,1.00611027463614,1412,1,1
"z[65,4]",0.0548888888888889,0.227788562815897,0,0,0,0,1,1.0044805369696,1987,1,1
"z[66,4]",0.0415555555555556,0.199593447150984,0,0,0,0,1,0.999775538367603,4500,1,1
"z[67,4]",0.0393333333333333,0.194408387233923,0,0,0,0,1,1.00034068133396,4500,1,1
"z[68,4]",0.0375555555555556,0.190139869149559,0,0,0,0,1,1.00104510554928,4500,1,1
"z[69,4]",0.0293333333333333,0.168757866791187,0,0,0,0,1,1.00952422552096,1764,1,1
"z[70,4]",0.0117777777777778,0.107896472423584,0,0,0,0,0,1.0047342543543,4500,1,1
"z[71,4]",0.0922222222222222,0.289371546504837,0,0,0,0,1,1.0031337172343,1717,1,1
"z[72,4]",0.267111111111111,0.442500031568708,0,0,0,1,1,0.999794918533489,4500,1,1
"z[73,4]",1,0,1,1,1,1,1,NA,1,0,1
"z[74,4]",1,0,1,1,1,1,1,NA,1,0,1
"z[75,4]",1,0,1,1,1,1,1,NA,1,0,1
"z[76,4]",0.868,0.338528384323479,0,1,1,1,1,1.00093543906379,3438,1,1
"z[77,4]",0.00244444444444444,0.0493863456663645,0,0,0,0,0,1.02752607886309,4500,1,1
"z[78,4]",0.00911111111111111,0.0950268670194558,0,0,0,0,0,1.00892419825012,4500,1,1
"z[79,4]",1,0,1,1,1,1,1,NA,1,0,1
"z[80,4]",0.866888888888889,0.339732529641953,0,1,1,1,1,1.000001764692,4500,1,1
"z[81,4]",1,0,1,1,1,1,1,NA,1,0,1
"z[82,4]",0.00488888888888889,0.069757214702053,0,0,0,0,0,1.03621672505691,2664,1,1
"z[83,4]",0.00755555555555556,0.0866033246050876,0,0,0,0,0,1.00010538829945,4500,1,1
"z[84,4]",1,0,1,1,1,1,1,NA,1,0,1
"z[85,4]",1,0,1,1,1,1,1,NA,1,0,1
"z[86,4]",0.000666666666666667,0.0258141493083176,0,0,0,0,0,1.29167562882982,1500,1,1
"z[87,4]",0.00333333333333333,0.0576451269226114,0,0,0,0,0,1.02548704970741,4500,1,1
"z[88,4]",0.00622222222222222,0.0786440117920529,0,0,0,0,0,1.00984922977106,4500,1,1
"z[89,4]",0.0955555555555556,0.294013436961353,0,0,0,0,1,1.00047226999334,4500,1,1
"z[90,4]",0.895555555555556,0.305870222190877,0,1,1,1,1,1.00102559811858,3939,1,1
"z[91,4]",0.869111111111111,0.337316279778769,0,1,1,1,1,1.00081694145802,3815,1,1
"z[92,4]",0.0502222222222222,0.218427454690079,0,0,0,0,1,1.00104263202685,4500,1,1
"z[93,4]",0.849111111111111,0.357980320487749,0,1,1,1,1,1.00037194594729,4500,1,1
"z[94,4]",0.111555555555556,0.314853844066041,0,0,0,0,1,0.999797350165827,4500,1,1
"z[95,4]",0.0211111111111111,0.143770739157005,0,0,0,0,0,1.00041752280354,4500,1,1
"z[96,4]",1,0,1,1,1,1,1,NA,1,0,1
"z[97,4]",0.0142222222222222,0.118419030794728,0,0,0,0,0,1.00428429098357,4500,1,1
"z[98,4]",1,0,1,1,1,1,1,NA,1,0,1
"z[99,4]",0.00622222222222222,0.0786440117920529,0,0,0,0,0,1.00795484428757,4500,1,1
"z[100,4]",0.124666666666667,0.330377275632388,0,0,0,0,1,1.00034558312908,4500,1,1
"z[101,4]",0.00577777777777778,0.0758002102747823,0,0,0,0,0,1.0135891826854,4500,1,1
"z[102,4]",0,0,0,0,0,0,0,NA,1,1,1
"z[103,4]",0.000222222222222222,0.0149071198499986,0,0,0,0,0,1.29093398298233,4500,1,1
"z[104,4]",0.00222222222222222,0.0470932775447189,0,0,0,0,0,1.03308734033364,4500,1,1
"z[105,4]",0.624666666666667,0.484262672142031,0,0,1,1,1,1.00012048742323,4500,1,1
"z[106,4]",1,0,1,1,1,1,1,NA,1,0,1
"z[107,4]",1,0,1,1,1,1,1,NA,1,0,1
"z[108,4]",1,0,1,1,1,1,1,NA,1,0,1
"z[109,4]",0.00111111111111111,0.033318511930496,0,0,0,0,0,1.01912206739455,4500,1,1
"z[110,4]",0.000444444444444444,0.0210795079890303,0,0,0,0,0,1.10528646876281,4500,1,1
"z[111,4]",0,0,0,0,0,0,0,NA,1,1,1
"z[112,4]",0,0,0,0,0,0,0,NA,1,1,1
"z[113,4]",0.000222222222222222,0.0149071198499986,0,0,0,0,0,1.29093398298233,4500,1,1
"z[114,4]",0.00288888888888889,0.0536766566849176,0,0,0,0,0,1.0362487128527,4488,1,1
"z[115,4]",0.00488888888888889,0.069757214702053,0,0,0,0,0,1.00381169842431,4500,1,1
"z[116,4]",0.004,0.0631259497363628,0,0,0,0,0,1.00430023712846,4500,1,1
"z[117,4]",0.074,0.261799982697114,0,0,0,0,1,1.00034472793051,4500,1,1
"z[118,4]",1,0,1,1,1,1,1,NA,1,0,1
"z[119,4]",1,0,1,1,1,1,1,NA,1,0,1
"z[120,4]",0.000888888888888889,0.0298042977535084,0,0,0,0,0,1.02957562893154,4500,1,1
"z[121,4]",1,0,1,1,1,1,1,NA,1,0,1
"z[122,4]",0.000222222222222222,0.0149071198499986,0,0,0,0,0,1.29093398298233,4500,1,1
"z[123,4]",0.00711111111111111,0.0840363764582043,0,0,0,0,0,1.0060467218903,4500,1,1
"z[124,4]",0,0,0,0,0,0,0,NA,1,1,1
"z[125,4]",1,0,1,1,1,1,1,NA,1,0,1
"z[126,4]",1,0,1,1,1,1,1,NA,1,0,1
"z[127,4]",0.0315555555555556,0.174833049066281,0,0,0,0,1,0.999851616514426,4500,1,1
"z[128,4]",0.0297777777777778,0.169992598048771,0,0,0,0,1,1.00005100054034,4500,1,1
"z[129,4]",0.0393333333333333,0.194408387233923,0,0,0,0,1,1.00235205322163,4500,1,1
"z[130,4]",0.0368888888888889,0.188509935158217,0,0,0,0,1,1.00378075311492,3411,1,1
"z[131,4]",0.191111111111111,0.393220058960265,0,0,0,0,1,1.00075551356965,2979,1,1
"z[132,4]",0.229777777777778,0.42073660196956,0,0,0,0,1,0.999880183293001,4500,1,1
"z[133,4]",0.181555555555556,0.385520639964811,0,0,0,0,1,1.00181483477603,1565,1,1
"z[134,4]",0.000222222222222222,0.0149071198499986,0,0,0,0,0,1.29093398298233,4500,1,1
"z[135,4]",0.000444444444444444,0.0210795079890303,0,0,0,0,0,1.10528646876281,4500,1,1
"z[136,4]",0.00177777777777778,0.0421308880870312,0,0,0,0,0,1.08837125013206,2765,1,1
"z[137,4]",0,0,0,0,0,0,0,NA,1,1,1
"z[138,4]",0.608444444444444,0.488152390565698,0,0,1,1,1,0.999699661223007,4500,1,1
"z[139,4]",1,0,1,1,1,1,1,NA,1,0,1
"z[140,4]",0.0197777777777778,0.139251306560123,0,0,0,0,0,1.00404520595898,4500,1,1
"z[141,4]",1,0,1,1,1,1,1,NA,1,0,1
"z[142,4]",0.0426666666666667,0.202126943226378,0,0,0,0,1,0.999977346429402,4500,1,1
"z[143,4]",0.0237777777777778,0.152373076750087,0,0,0,0,0,1.00053583759787,4500,1,1
"z[144,4]",0.0293333333333333,0.168757866791187,0,0,0,0,1,1.00076210050181,4500,1,1
"z[145,4]",1,0,1,1,1,1,1,NA,1,0,1
"z[146,4]",1,0,1,1,1,1,1,NA,1,0,1
"z[147,4]",1,0,1,1,1,1,1,NA,1,0,1
"z[148,4]",0.00444444444444444,0.0665257457028688,0,0,0,0,0,1.00467419516687,4500,1,1
"z[149,4]",0.98,0.140015558148628,1,1,1,1,1,1.01126556321982,2170,0,1
"z[150,4]",0.00755555555555556,0.0866033246050876,0,0,0,0,0,1.03977426898293,1566,1,1
"z[151,4]",0.977333333333333,0.148855006121055,1,1,1,1,1,1.00072080921672,4500,0,1
"z[152,4]",1,0,1,1,1,1,1,NA,1,0,1
"z[153,4]",0.00733333333333333,0.0853297931213479,0,0,0,0,0,1.02521856695679,2587,1,1
"z[154,4]",0.00644444444444444,0.0800271001985887,0,0,0,0,0,1.00026806590517,4500,1,1
"z[155,4]",0.00355555555555556,0.0595289935189017,0,0,0,0,0,1.00744020021063,4500,1,1
"z[156,4]",0.0184444444444444,0.13456697579197,0,0,0,0,0,0.999967805582719,4500,1,1
"z[157,4]",0.00466666666666667,0.0681609955608629,0,0,0,0,0,NA,4500,1,1
"z[158,4]",1,0,1,1,1,1,1,NA,1,0,1
"z[159,4]",1,0,1,1,1,1,1,NA,1,0,1
"z[160,4]",1,0,1,1,1,1,1,NA,1,0,1
"z[161,4]",0.00177777777777778,0.0421308880870312,0,0,0,0,0,1.05041941929871,4500,1,1
"z[162,4]",0.0211111111111111,0.143770739157005,0,0,0,0,0,1.00420168693754,4500,1,1
"z[163,4]",0.00377777777777778,0.0613542394088465,0,0,0,0,0,1.02160266575274,4500,1,1
"z[164,4]",1,0,1,1,1,1,1,NA,1,0,1
"z[165,4]",0.00244444444444444,0.0493863456663645,0,0,0,0,0,1.06016543873974,3087,1,1
"z[166,4]",1,0,1,1,1,1,1,NA,1,0,1
"z[167,4]",0.0302222222222222,0.171217271410598,0,0,0,0,1,1.00320913818497,4500,1,1
"z[168,4]",1,0,1,1,1,1,1,NA,1,0,1
"z[169,4]",1,0,1,1,1,1,1,NA,1,0,1
"z[170,4]",1,0,1,1,1,1,1,NA,1,0,1
"z[171,4]",0.618,0.485930522805471,0,0,1,1,1,0.999969824206675,4500,1,1
"z[172,4]",0.701777777777778,0.457528410781341,0,0,1,1,1,0.999954798273562,4500,1,1
"z[173,4]",0.837555555555556,0.368899021895473,0,1,1,1,1,1.00007527850548,4500,1,1
"z[174,4]",0.161555555555556,0.368083503985174,0,0,0,0,1,0.999788919082688,4500,1,1
"z[175,4]",0.209555555555556,0.407036659542908,0,0,0,0,1,0.99993710873979,4500,1,1
"z[176,4]",1,0,1,1,1,1,1,NA,1,0,1
"z[177,4]",0.0126666666666667,0.111843649799372,0,0,0,0,0,1.01674329926034,2283,1,1
"z[178,4]",0.084,0.277418641167487,0,0,0,0,1,1.00162862418344,3309,1,1
"z[179,4]",0.0882222222222222,0.283649327601227,0,0,0,0,1,1.00119874682608,4043,1,1
"z[180,4]",0.04,0.195980956294358,0,0,0,0,1,1.00598143972179,2042,1,1
"z[181,4]",0.0497777777777778,0.217509687264132,0,0,0,0,1,1.0010654037954,4500,1,1
"z[182,4]",0.0297777777777778,0.169992598048771,0,0,0,0,1,1.0137743269107,1202,1,1
"z[183,4]",0.0348888888888889,0.183518768996536,0,0,0,0,1,1.00294369583445,4500,1,1
"z[184,4]",0,0,0,0,0,0,0,NA,1,1,1
"z[185,4]",0.00288888888888889,0.0536766566849176,0,0,0,0,0,1.0362487128527,4488,1,1
"z[186,4]",0.586222222222222,0.492564355055741,0,0,1,1,1,1.00418009335345,462,1,1
"z[187,4]",0.380222222222222,0.48549527596758,0,0,0,1,1,1.00373239666637,527,1,1
"z[188,4]",0.450666666666667,0.497615563629677,0,0,0,1,1,1.00250315111914,718,1,1
"z[189,4]",0.538888888888889,0.498540756682388,0,0,1,1,1,1.00198229127837,874,1,1
"z[190,4]",0.413111111111111,0.492447165503345,0,0,0,1,1,1.00093710411926,1627,1,1
"z[191,4]",0.642666666666667,0.479267426453253,0,0,1,1,1,1.00567463213377,366,1,1
"z[192,4]",0.626,0.483917388734693,0,0,1,1,1,1.00293058878891,659,1,1
"z[193,4]",0.516,0.499799470790481,0,0,1,1,1,1.00278780252773,647,1,1
"z[194,4]",0.592222222222222,0.491476082048761,0,0,1,1,1,1.00421917137475,460,1,1
"z[195,4]",0.495777777777778,0.500037735357056,0,0,0,1,1,1.00239252514708,739,1,1
"z[196,4]",0.571111111111111,0.494972376804615,0,0,1,1,1,1.00229504911207,782,1,1
"z[197,4]",0.417333333333333,0.493173672423185,0,0,0,1,1,1.00492398225869,397,1,1
"z[198,4]",0.446444444444444,0.49717877353545,0,0,0,1,1,1.00137054046756,1191,1,1
"z[199,4]",0.332444444444444,0.471141659653459,0,0,0,1,1,1.00471819652457,450,1,1
"z[200,4]",0.615333333333333,0.486570481552837,0,0,1,1,1,1.00292753169169,653,1,1
"z[1,5]",1,0,1,1,1,1,1,NA,1,0,1
"z[2,5]",1,0,1,1,1,1,1,NA,1,0,1
"z[3,5]",0.00666666666666667,0.0813860808385347,0,0,0,0,0,1.00135104912971,4500,1,1
"z[4,5]",1,0,1,1,1,1,1,NA,1,0,1
"z[5,5]",0.568,0.495409467127978,0,0,1,1,1,1.00005178142794,4500,1,1
"z[6,5]",0.545111111111111,0.498016167641992,0,0,1,1,1,0.999687488396121,4500,1,1
"z[7,5]",0.751555555555556,0.43215888858307,0,1,1,1,1,1.00024619311824,4500,1,1
"z[8,5]",1,0,1,1,1,1,1,NA,1,0,1
"z[9,5]",1,0,1,1,1,1,1,NA,1,0,1
"z[10,5]",1,0,1,1,1,1,1,NA,1,0,1
"z[11,5]",1,0,1,1,1,1,1,NA,1,0,1
"z[12,5]",1,0,1,1,1,1,1,NA,1,0,1
"z[13,5]",0.958444444444444,0.199593447150984,0,1,1,1,1,0.99996220993901,4500,1,1
"z[14,5]",1,0,1,1,1,1,1,NA,1,0,1
"z[15,5]",1,0,1,1,1,1,1,NA,1,0,1
"z[16,5]",1,0,1,1,1,1,1,NA,1,0,1
"z[17,5]",1,0,1,1,1,1,1,NA,1,0,1
"z[18,5]",0.478,0.499571276520695,0,0,0,1,1,0.999837950308387,4500,1,1
"z[19,5]",0.0133333333333333,0.11471041653724,0,0,0,0,0,1.00518947195944,4500,1,1
"z[20,5]",1,0,1,1,1,1,1,NA,1,0,1
"z[21,5]",1,0,1,1,1,1,1,NA,1,0,1
"z[22,5]",0.0104444444444444,0.10167426066326,0,0,0,0,0,1.00675308325243,4500,1,1
"z[23,5]",1,0,1,1,1,1,1,NA,1,0,1
"z[24,5]",1,0,1,1,1,1,1,NA,1,0,1
"z[25,5]",1,0,1,1,1,1,1,NA,1,0,1
"z[26,5]",1,0,1,1,1,1,1,NA,1,0,1
"z[27,5]",1,0,1,1,1,1,1,NA,1,0,1
"z[28,5]",0.00533333333333333,0.0728427622699364,0,0,0,0,0,1.03935307815042,2239,1,1
"z[29,5]",0.00688888888888889,0.0827221418662089,0,0,0,0,0,1.00645251233684,4500,1,1
"z[30,5]",0.994888888888889,0.071317023933587,1,1,1,1,1,1.01186096147377,4500,0,1
"z[31,5]",1,0,1,1,1,1,1,NA,1,0,1
"z[32,5]",1,0,1,1,1,1,1,NA,1,0,1
"z[33,5]",1,0,1,1,1,1,1,NA,1,0,1
"z[34,5]",1,0,1,1,1,1,1,NA,1,0,1
"z[35,5]",1,0,1,1,1,1,1,NA,1,0,1
"z[36,5]",1,0,1,1,1,1,1,NA,1,0,1
"z[37,5]",0.00155555555555556,0.0394142235807543,0,0,0,0,0,1.06447893654775,4494,1,1
"z[38,5]",0.00111111111111111,0.033318511930496,0,0,0,0,0,1.01912206739455,4500,1,1
"z[39,5]",0.00133333333333333,0.0364945409967103,0,0,0,0,0,1.1055143248586,2997,1,1
"z[40,5]",0.002,0.0446815807032984,0,0,0,0,0,1.01775579934475,4500,1,1
"z[41,5]",0.000666666666666667,0.0258141493083176,0,0,0,0,0,1.13377982835195,4498,1,1
"z[42,5]",0.000222222222222222,0.0149071198499986,0,0,0,0,0,1.29093398298233,4500,1,1
"z[43,5]",0.00266666666666667,0.0515766100016907,0,0,0,0,0,1.02969958135743,4500,1,1
"z[44,5]",0.164,0.370316721641932,0,0,0,0,1,0.999741405979971,4500,1,1
"z[45,5]",1,0,1,1,1,1,1,NA,1,0,1
"z[46,5]",1,0,1,1,1,1,1,NA,1,0,1
"z[47,5]",0.0331111111111111,0.178946588136641,0,0,0,0,1,1.00070171688585,4500,1,1
"z[48,5]",0.00466666666666667,0.0681609955608629,0,0,0,0,0,1.0228673838448,4480,1,1
"z[49,5]",0.0235555555555556,0.151676642100424,0,0,0,0,0,1.00250280257367,4500,1,1
"z[50,5]",0.0122222222222222,0.109888684384328,0,0,0,0,0,1.01183352033046,3350,1,1
"z[51,5]",0.0131111111111111,0.113763288874888,0,0,0,0,0,1.00377276060759,4500,1,1
"z[52,5]",0.0377777777777778,0.190679566273877,0,0,0,0,1,1.00604207254941,2147,1,1
"z[53,5]",0.116222222222222,0.320526828561842,0,0,0,0,1,1.00023714984066,4500,1,1
"z[54,5]",0,0,0,0,0,0,0,NA,1,1,1
"z[55,5]",0,0,0,0,0,0,0,NA,1,1,1
"z[56,5]",0,0,0,0,0,0,0,NA,1,1,1
"z[57,5]",1,0,1,1,1,1,1,NA,1,0,1
"z[58,5]",1,0,1,1,1,1,1,NA,1,0,1
"z[59,5]",0.125777777777778,0.331635596516771,0,0,0,0,1,1.00036813202232,4500,1,1
"z[60,5]",0.918888888888889,0.273036014356096,0,1,1,1,1,1.00095222360115,4500,1,1
"z[61,5]",0.0148888888888889,0.121121715563244,0,0,0,0,0,1.00525119447447,4500,1,1
"z[62,5]",0.0815555555555556,0.273716817169827,0,0,0,0,1,1.00147276020743,3683,1,1
"z[63,5]",0.0251111111111111,0.15647998127484,0,0,0,0,0.524999999999636,1.01593618527271,1231,1,1
"z[64,5]",0.0333333333333333,0.179525441950783,0,0,0,0,1,1.00414256053648,3453,1,1
"z[65,5]",0.0291111111111111,0.168136660277006,0,0,0,0,1,1.00567251545916,2921,1,1
"z[66,5]",0.0273333333333333,0.163070940344369,0,0,0,0,1,1.00352940979396,4500,1,1
"z[67,5]",0.0226666666666667,0.148855006121055,0,0,0,0,0,1.0007219581864,4500,1,1
"z[68,5]",0.0235555555555556,0.151676642100424,0,0,0,0,0,1.00194828172777,4500,1,1
"z[69,5]",0.034,0.181249276657738,0,0,0,0,1,1.00158626579166,4500,1,1
"z[70,5]",0.014,0.11750348180963,0,0,0,0,0,1.01599055482856,2168,1,1
"z[71,5]",0.102666666666667,0.303556748016748,0,0,0,0,1,1.00218478400067,2153,1,1
"z[72,5]",0.365777777777778,0.481701109203711,0,0,0,1,1,1.00074354451861,2008,1,1
"z[73,5]",0.801555555555556,0.398872915075436,0,1,1,1,1,1.00084124887818,2676,1,1
"z[74,5]",0.952888888888889,0.211900053000311,0,1,1,1,1,1.01343222330924,798,1,1
"z[75,5]",0.924444444444444,0.26431503658815,0,1,1,1,1,1.00006646284617,4500,1,1
"z[76,5]",1,0,1,1,1,1,1,NA,1,0,1
"z[77,5]",0.000888888888888889,0.0298042977535084,0,0,0,0,0,1.10540023626025,4497,1,1
"z[78,5]",0.00644444444444444,0.0800271001985887,0,0,0,0,0,1.05053301700987,1426,1,1
"z[79,5]",1,0,1,1,1,1,1,NA,1,0,1
"z[80,5]",0.911555555555556,0.28397173218309,0,1,1,1,1,1.00160051362982,3196,1,1
"z[81,5]",0.05,0.217969167319041,0,0,0,0,1,0.999961896055906,4500,1,1
"z[82,5]",0.0168888888888889,0.128869487630174,0,0,0,0,0,1.00429672579985,4500,1,1
"z[83,5]",0.00955555555555555,0.0972951722699289,0,0,0,0,0,1.02846962012514,1759,1,1
"z[84,5]",1,0,1,1,1,1,1,NA,1,0,1
"z[85,5]",1,0,1,1,1,1,1,NA,1,0,1
"z[86,5]",0.000666666666666667,0.0258141493083176,0,0,0,0,0,1.13377982835195,4498,1,1
"z[87,5]",0,0,0,0,0,0,0,NA,1,1,1
"z[88,5]",0.0117777777777778,0.107896472423584,0,0,0,0,0,1.01060867948704,3865,1,1
"z[89,5]",0.00822222222222222,0.0903129549063228,0,0,0,0,0,1.01313909925661,4464,1,1
"z[90,5]",0.925555555555556,0.26252196898347,0,1,1,1,1,0.999702997363854,4500,1,1
"z[91,5]",0.926666666666667,0.260711833537911,0,1,1,1,1,1.00067745633743,4500,1,1
"z[92,5]",0.0286666666666667,0.166886422507456,0,0,0,0,1,1.00166839675633,4500,1,1
"z[93,5]",0.918666666666667,0.273376718032487,0,1,1,1,1,1.00495193183805,1265,1,1
"z[94,5]",0.0744444444444444,0.26252196898347,0,0,0,0,1,1.00020129267707,4500,1,1
"z[95,5]",0.00911111111111111,0.0950268670194558,0,0,0,0,0,1.02196397529785,2407,1,1
"z[96,5]",1,0,1,1,1,1,1,NA,1,0,1
"z[97,5]",0.00644444444444444,0.0800271001985887,0,0,0,0,0,1.00740892988738,4500,1,1
"z[98,5]",0.000888888888888889,0.0298042977535084,0,0,0,0,0,1.02957562893154,4500,1,1
"z[99,5]",0.196666666666667,0.39752233312673,0,0,0,0,1,1.00012884194971,4500,1,1
"z[100,5]",0.0151111111111111,0.1220084974435,0,0,0,0,0,1.00541124295703,4500,1,1
"z[101,5]",0.0835555555555555,0.276750871585914,0,0,0,0,1,0.999683444993205,4500,1,1
"z[102,5]",0.00666666666666667,0.0813860808385347,0,0,0,0,0,1.04390171417816,1597,1,1
"z[103,5]",0.0217777777777778,0.145973426820025,0,0,0,0,0,1.00118702466128,4500,1,1
"z[104,5]",0.00222222222222222,0.0470932775447189,0,0,0,0,0,1.03308734033364,4500,1,1
"z[105,5]",0.77,0.420879275212238,0,1,1,1,1,1.00013628630603,4500,1,1
"z[106,5]",0.903555555555556,0.295232591318208,0,1,1,1,1,1.00007004330602,4500,1,1
"z[107,5]",0.516222222222222,0.499792305780154,0,0,1,1,1,1.00001158223727,4500,1,1
"z[108,5]",1,0,1,1,1,1,1,NA,1,0,1
"z[109,5]",0.00711111111111111,0.0840363764582043,0,0,0,0,0,1.03136508271702,2135,1,1
"z[110,5]",0.000222222222222222,0.0149071198499986,0,0,0,0,0,1.29093398298233,4500,1,1
"z[111,5]",0,0,0,0,0,0,0,NA,1,1,1
"z[112,5]",0,0,0,0,0,0,0,NA,1,1,1
"z[113,5]",0,0,0,0,0,0,0,NA,1,1,1
"z[114,5]",0.000222222222222222,0.0149071198499986,0,0,0,0,0,1.29093398298233,4500,1,1
"z[115,5]",0.00177777777777778,0.0421308880870312,0,0,0,0,0,1.05041941929871,4500,1,1
"z[116,5]",0.000444444444444444,0.0210795079890303,0,0,0,0,0,1.10528646876281,4500,1,1
"z[117,5]",1,0,1,1,1,1,1,NA,1,0,1
"z[118,5]",1,0,1,1,1,1,1,NA,1,0,1
"z[119,5]",1,0,1,1,1,1,1,NA,1,0,1
"z[120,5]",0.0186666666666667,0.1353598679191,0,0,0,0,0,1.00054826854875,4500,1,1
"z[121,5]",1,0,1,1,1,1,1,NA,1,0,1
"z[122,5]",0.000222222222222222,0.0149071198499986,0,0,0,0,0,1.29093398298233,4500,1,1
"z[123,5]",0,0,0,0,0,0,0,NA,1,1,1
"z[124,5]",0.000666666666666667,0.0258141493083176,0,0,0,0,0,1.13377982835195,4498,1,1
"z[125,5]",1,0,1,1,1,1,1,NA,1,0,1
"z[126,5]",1,0,1,1,1,1,1,NA,1,0,1
"z[127,5]",0.02,0.140015558148628,0,0,0,0,0,1.00197062699116,4500,1,1
"z[128,5]",0.02,0.140015558148628,0,0,0,0,0,1.00024418939892,4500,1,1
"z[129,5]",0.0266666666666667,0.161125183440798,0,0,0,0,1,1.00196946595653,4500,1,1
"z[130,5]",0.022,0.146699633251375,0,0,0,0,0,1.00221731759583,4500,1,1
"z[131,5]",0.188222222222222,0.390932959969401,0,0,0,0,1,1.00107365096237,2322,1,1
"z[132,5]",0.246444444444444,0.430988234428048,0,0,0,0,1,0.999933305073791,4500,1,1
"z[133,5]",0.195111111111111,0.396330255697618,0,0,0,0,1,1.00011554274185,4500,1,1
"z[134,5]",0.000444444444444444,0.0210795079890303,0,0,0,0,0,1.2913045102833,2250,1,1
"z[135,5]",0,0,0,0,0,0,0,NA,1,1,1
"z[136,5]",0.0133333333333333,0.11471041653724,0,0,0,0,0,1.01020687284749,3553,1,1
"z[137,5]",0,0,0,0,0,0,0,NA,1,1,1
"z[138,5]",1,0,1,1,1,1,1,NA,1,0,1
"z[139,5]",1,0,1,1,1,1,1,NA,1,0,1
"z[140,5]",1,0,1,1,1,1,1,NA,1,0,1
"z[141,5]",0.469555555555556,0.499127736847838,0,0,0,1,1,0.99974341225237,4500,1,1
"z[142,5]",0.0464444444444444,0.21046900448124,0,0,0,0,1,1.00845511584337,1277,1,1
"z[143,5]",0.0275555555555556,0.163713783655141,0,0,0,0,1,0.99980405170275,4500,1,1
"z[144,5]",0.0335555555555556,0.180102161070095,0,0,0,0,1,1.00959468586308,1539,1,1
"z[145,5]",0.03,0.170606178387604,0,0,0,0,1,1.00236668201411,4500,1,1
"z[146,5]",0.00444444444444444,0.0665257457028688,0,0,0,0,0,1.03325742741325,3201,1,1
"z[147,5]",0.0142222222222222,0.118419030794728,0,0,0,0,0,1.00167141669486,4500,1,1
"z[148,5]",0.000666666666666667,0.0258141493083176,0,0,0,0,0,NA,4500,1,1
"z[149,5]",1,0,1,1,1,1,1,NA,1,0,1
"z[150,5]",0.00955555555555555,0.0972951722699289,0,0,0,0,0,1.00486484966793,4500,1,1
"z[151,5]",1,0,1,1,1,1,1,NA,1,0,1
"z[152,5]",1,0,1,1,1,1,1,NA,1,0,1
"z[153,5]",0.00133333333333333,0.0364945409967103,0,0,0,0,0,1.2055506609676,1285,1,1
"z[154,5]",0.00244444444444444,0.0493863456663645,0,0,0,0,0,1.015878473234,4500,1,1
"z[155,5]",0.000888888888888889,0.0298042977535084,0,0,0,0,0,1.16587551740291,2570,1,1
"z[156,5]",0.00711111111111111,0.0840363764582043,0,0,0,0,0,1.0060467218903,4500,1,1
"z[157,5]",0.000888888888888889,0.0298042977535084,0,0,0,0,0,1.02957562893154,4500,1,1
"z[158,5]",1,0,1,1,1,1,1,NA,1,0,1
"z[159,5]",1,0,1,1,1,1,1,NA,1,0,1
"z[160,5]",1,0,1,1,1,1,1,NA,1,0,1
"z[161,5]",0.00133333333333333,0.0364945409967103,0,0,0,0,0,1.1055143248586,2997,1,1
"z[162,5]",1,0,1,1,1,1,1,NA,1,0,1
"z[163,5]",0.176444444444444,0.381240214508231,0,0,0,0,1,1.00104591298826,2488,1,1
"z[164,5]",1,0,1,1,1,1,1,NA,1,0,1
"z[165,5]",1,0,1,1,1,1,1,NA,1,0,1
"z[166,5]",1,0,1,1,1,1,1,NA,1,0,1
"z[167,5]",0.00333333333333333,0.0576451269226114,0,0,0,0,0,1.02548704970741,4500,1,1
"z[168,5]",0.992,0.08909412970305,1,1,1,1,1,1.03433833958622,1729,0,1
"z[169,5]",1,0,1,1,1,1,1,NA,1,0,1
"z[170,5]",0.983555555555556,0.127191272176836,1,1,1,1,1,1.00924646082569,3181,0,1
"z[171,5]",0.771333333333333,0.420020744838499,0,1,1,1,1,0.999897315633114,4500,1,1
"z[172,5]",0.812222222222222,0.390578012967673,0,1,1,1,1,1.00100743060956,2439,1,1
"z[173,5]",0.914444444444444,0.279737720136869,0,1,1,1,1,0.999972915012676,4500,1,1
"z[174,5]",1,0,1,1,1,1,1,NA,1,0,1
"z[175,5]",1,0,1,1,1,1,1,NA,1,0,1
"z[176,5]",1,0,1,1,1,1,1,NA,1,0,1
"z[177,5]",0.0106666666666667,0.102738670891514,0,0,0,0,0,1.00428820998375,4500,1,1
"z[178,5]",0.154,0.360988861926802,0,0,0,0,1,1.00126257292702,2397,1,1
"z[179,5]",0.163555555555556,0.369912886638286,0,0,0,0,1,1.00064342429095,3750,1,1
"z[180,5]",0.0288888888888889,0.167512855228826,0,0,0,0,1,1.01623508156574,1051,1,1
"z[181,5]",0.0328888888888889,0.17836557884435,0,0,0,0,1,1.00391001135436,3682,1,1
"z[182,5]",0.0268888888888889,0.161776674693452,0,0,0,0,1,1.00496424155798,3581,1,1
"z[183,5]",0.0208888888888889,0.143028281223349,0,0,0,0,0,1.00604152553921,3801,1,1
"z[184,5]",0,0,0,0,0,0,0,NA,1,1,1
"z[185,5]",0.00711111111111111,0.0840363764582043,0,0,0,0,0,1.00164208775464,4500,1,1
"z[186,5]",0.660444444444444,0.473611049640584,0,0,1,1,1,1.00457441649241,457,1,1
"z[187,5]",0.431777777777778,0.495378907288724,0,0,0,1,1,1.00524426700565,371,1,1
"z[188,5]",0.503111111111111,0.500045884634864,0,0,1,1,1,1.00181130587712,938,1,1
"z[189,5]",0.552444444444444,0.497297231855004,0,0,1,1,1,1.00298314649236,614,1,1
"z[190,5]",0.481333333333333,0.499706960137864,0,0,0,1,1,1.0018964944628,904,1,1
"z[191,5]",0.666888888888889,0.471378272709209,0,0,1,1,1,1.00871873008158,253,1,1
"z[192,5]",0.681777777777778,0.465838022120859,0,0,1,1,1,1.00338858861225,622,1,1
"z[193,5]",0.564888888888889,0.495826647239751,0,0,1,1,1,1.00153675365609,1092,1,1
"z[194,5]",0.612666666666667,0.487195000651384,0,0,1,1,1,1.00557896251881,362,1,1
"z[195,5]",0.528666666666667,0.499233019208792,0,0,1,1,1,1.00371358926406,501,1,1
"z[196,5]",0.598,0.490356434858746,0,0,1,1,1,1.00094218895398,1635,1,1
"z[197,5]",0.484888888888889,0.499827141590173,0,0,0,1,1,1.00310551462438,588,1,1
"z[198,5]",0.480666666666667,0.499681605671062,0,0,0,1,1,1.00358609717423,517,1,1
"z[199,5]",0.384222222222222,0.48646489558684,0,0,0,1,1,1.00120116032886,1380,1,1
"z[200,5]",0.657333333333333,0.474653861317923,0,0,1,1,1,1.00610205225312,350,1,1
"z[1,6]",1,0,1,1,1,1,1,NA,1,0,1
"z[2,6]",1,0,1,1,1,1,1,NA,1,0,1
"z[3,6]",0.00866666666666667,0.0927009450571682,0,0,0,0,0,1.00661531087133,4500,1,1
"z[4,6]",0.0242222222222222,0.153755519169198,0,0,0,0,0,1.00706400847308,2833,1,1
"z[5,6]",0.719555555555556,0.449266303438176,0,0,1,1,1,0.999669036002796,4500,1,1
"z[6,6]",0.717555555555556,0.450238412335078,0,0,1,1,1,0.999710458349354,4500,1,1
"z[7,6]",1,0,1,1,1,1,1,NA,1,0,1
"z[8,6]",0.0228888888888889,0.149565901047889,0,0,0,0,0,1.00441900390413,4500,1,1
"z[9,6]",0.445111111111111,0.497033306854574,0,0,0,1,1,0.999667015709993,4500,1,1
"z[10,6]",1,0,1,1,1,1,1,NA,1,0,1
"z[11,6]",1,0,1,1,1,1,1,NA,1,0,1
"z[12,6]",1,0,1,1,1,1,1,NA,1,0,1
"z[13,6]",1,0,1,1,1,1,1,NA,1,0,1
"z[14,6]",0.328666666666667,0.469780727557959,0,0,0,1,1,0.999903788523539,4500,1,1
"z[15,6]",1,0,1,1,1,1,1,NA,1,0,1
"z[16,6]",0.93,0.255175370837775,0,1,1,1,1,1.0001387228803,4500,1,1
"z[17,6]",1,0,1,1,1,1,1,NA,1,0,1
"z[18,6]",0.707333333333333,0.455037253396046,0,0,1,1,1,0.999927322265636,4500,1,1
"z[19,6]",0.0531111111111111,0.224279956970223,0,0,0,0,1,1.00017348424478,4500,1,1
"z[20,6]",1,0,1,1,1,1,1,NA,1,0,1
"z[21,6]",0.240666666666667,0.427535778058793,0,0,0,0,1,1.00135931022676,1618,1,1
"z[22,6]",1,0,1,1,1,1,1,NA,1,0,1
"z[23,6]",1,0,1,1,1,1,1,NA,1,0,1
"z[24,6]",0.024,0.153066020038189,0,0,0,0,0,1.00728813070482,2775,1,1
"z[25,6]",1,0,1,1,1,1,1,NA,1,0,1
"z[26,6]",1,0,1,1,1,1,1,NA,1,0,1
"z[27,6]",1,0,1,1,1,1,1,NA,1,0,1
"z[28,6]",0.0511111111111111,0.220248825947067,0,0,0,0,1,1.0013764377815,4500,1,1
"z[29,6]",0.00466666666666667,0.0681609955608629,0,0,0,0,0,1.00981510952152,4500,1,1
"z[30,6]",1,0,1,1,1,1,1,NA,1,0,1
"z[31,6]",1,0,1,1,1,1,1,NA,1,0,1
"z[32,6]",1,0,1,1,1,1,1,NA,1,0,1
"z[33,6]",1,0,1,1,1,1,1,NA,1,0,1
"z[34,6]",1,0,1,1,1,1,1,NA,1,0,1
"z[35,6]",1,0,1,1,1,1,1,NA,1,0,1
"z[36,6]",0.0466666666666667,0.210947333488984,0,0,0,0,1,1.00015298927903,4500,1,1
"z[37,6]",1,0,1,1,1,1,1,NA,1,0,1
"z[38,6]",0.00777777777777778,0.0878578356425394,0,0,0,0,0,1.00501518886421,4500,1,1
"z[39,6]",0.0126666666666667,0.111843649799372,0,0,0,0,0,1.01679246477611,2283,1,1
"z[40,6]",0.0244444444444444,0.154441620272072,0,0,0,0,0,1.0082246422276,2428,1,1
"z[41,6]",0.00111111111111111,0.033318511930496,0,0,0,0,0,1.01912206739455,4500,1,1
"z[42,6]",0.002,0.0446815807032984,0,0,0,0,0,1.01775579934475,4500,1,1
"z[43,6]",0.000888888888888889,0.0298042977535084,0,0,0,0,0,1.02957562893154,4500,1,1
"z[44,6]",1,0,1,1,1,1,1,NA,1,0,1
"z[45,6]",1,0,1,1,1,1,1,NA,1,0,1
"z[46,6]",1,0,1,1,1,1,1,NA,1,0,1
"z[47,6]",0.0662222222222222,0.248697776589203,0,0,0,0,1,1.00006031116117,4500,1,1
"z[48,6]",0.00733333333333333,0.0853297931213479,0,0,0,0,0,1.00930722190751,4500,1,1
"z[49,6]",0.0406666666666667,0.19753875656879,0,0,0,0,1,0.999715260887316,4500,1,1
"z[50,6]",0.0124444444444444,0.11087069888737,0,0,0,0,0,1.00469371523223,4500,1,1
"z[51,6]",0.014,0.11750348180963,0,0,0,0,0,1.01601072644825,2168,1,1
"z[52,6]",0.0306666666666667,0.17243210118093,0,0,0,0,1,1.00225452341088,4500,1,1
"z[53,6]",0.122444444444444,0.327834845547119,0,0,0,0,1,1.00085823360113,3893,1,1
"z[54,6]",0,0,0,0,0,0,0,NA,1,1,1
"z[55,6]",0,0,0,0,0,0,0,NA,1,1,1
"z[56,6]",0,0,0,0,0,0,0,NA,1,1,1
"z[57,6]",0.810888888888889,0.391640375465991,0,1,1,1,1,1.00034108140964,4500,1,1
"z[58,6]",1,0,1,1,1,1,1,NA,1,0,1
"z[59,6]",0.0346666666666667,0.182954440186126,0,0,0,0,1,1.01111000017812,1292,1,1
"z[60,6]",1,0,1,1,1,1,1,NA,1,0,1
"z[61,6]",0,0,0,0,0,0,0,NA,1,1,1
"z[62,6]",0.000888888888888889,0.0298042977535084,0,0,0,0,0,1.16587551740291,2570,1,1
"z[63,6]",0.000666666666666667,0.0258141493083176,0,0,0,0,0,1.13377982835195,4498,1,1
"z[64,6]",0.000666666666666667,0.0258141493083176,0,0,0,0,0,NA,4500,1,1
"z[65,6]",0.000666666666666667,0.0258141493083176,0,0,0,0,0,1.13377982835195,4498,1,1
"z[66,6]",0.000444444444444444,0.0210795079890303,0,0,0,0,0,1.10528646876281,4500,1,1
"z[67,6]",0.00133333333333333,0.0364945409967103,0,0,0,0,0,1.03900028931154,4500,1,1
"z[68,6]",0.00244444444444444,0.0493863456663645,0,0,0,0,0,1.02752607886309,4500,1,1
"z[69,6]",1,0,1,1,1,1,1,NA,1,0,1
"z[70,6]",0.257333333333333,0.437213183538105,0,0,0,1,1,0.999918235248244,4500,1,1
"z[71,6]",1,0,1,1,1,1,1,NA,1,0,1
"z[72,6]",1,0,1,1,1,1,1,NA,1,0,1
"z[73,6]",1,0,1,1,1,1,1,NA,1,0,1
"z[74,6]",1,0,1,1,1,1,1,NA,1,0,1
"z[75,6]",0.930888888888889,0.253671175391235,0,1,1,1,1,1.00020894045507,4500,1,1
"z[76,6]",1,0,1,1,1,1,1,NA,1,0,1
"z[77,6]",0.00266666666666667,0.0515766100016907,0,0,0,0,0,1.06589737559147,2566,1,1
"z[78,6]",0.00711111111111111,0.0840363764582043,0,0,0,0,0,1.0060467218903,4500,1,1
"z[79,6]",1,0,1,1,1,1,1,NA,1,0,1
"z[80,6]",0.941333333333333,0.235025879030759,0,1,1,1,1,0.999690890689769,4500,1,1
"z[81,6]",0.0891111111111111,0.284935717041694,0,0,0,0,1,1.00440266881158,1298,1,1
"z[82,6]",1,0,1,1,1,1,1,NA,1,0,1
"z[83,6]",0.0124444444444444,0.11087069888737,0,0,0,0,0,1.00566156740414,4500,1,1
"z[84,6]",0.900666666666667,0.299142287254753,0,1,1,1,1,1.00236127116374,2076,1,1
"z[85,6]",0.949555555555556,0.218884556868758,0,1,1,1,1,1.00190222756302,4500,1,1
"z[86,6]",0.000666666666666667,0.0258141493083176,0,0,0,0,0,NA,4500,1,1
"z[87,6]",0.00111111111111111,0.033318511930496,0,0,0,0,0,1.07137218653062,4500,1,1
"z[88,6]",0.301111111111111,0.458791875940345,0,0,0,1,1,0.999834556479323,4500,1,1
"z[89,6]",0.0208888888888889,0.143028281223349,0,0,0,0,0,1.00007951977996,4500,1,1
"z[90,6]",0.954222222222222,0.209026032222424,0,1,1,1,1,0.999757134967979,4500,1,1
"z[91,6]",1,0,1,1,1,1,1,NA,1,0,1
"z[92,6]",0.00422222222222222,0.0648485125458765,0,0,0,0,0,1.03664473319752,3042,1,1
"z[93,6]",1,0,1,1,1,1,1,NA,1,0,1
"z[94,6]",0.00111111111111111,0.033318511930496,0,0,0,0,0,1.07137218653062,4500,1,1
"z[95,6]",0.0126666666666667,0.111843649799372,0,0,0,0,0,1.00296364746086,4500,1,1
"z[96,6]",0.0184444444444444,0.13456697579197,0,0,0,0,0,1.00064469773257,4500,1,1
"z[97,6]",0.00688888888888889,0.0827221418662089,0,0,0,0,0,1.0033393216296,4500,1,1
"z[98,6]",1,0,1,1,1,1,1,NA,1,0,1
"z[99,6]",0.004,0.0631259497363628,0,0,0,0,0,1.0178320753574,4500,1,1
"z[100,6]",0.000888888888888889,0.0298042977535084,0,0,0,0,0,1.02957562893154,4500,1,1
"z[101,6]",1,0,1,1,1,1,1,NA,1,0,1
"z[102,6]",0.01,0.0995098009695405,0,0,0,0,0,1.00267583642981,4500,1,1
"z[103,6]",0.0337777777777778,0.180676765936377,0,0,0,0,1,1.00451794280196,3133,1,1
"z[104,6]",0.00222222222222222,0.0470932775447189,0,0,0,0,0,1.00465090130556,4500,1,1
"z[105,6]",0.867333333333333,0.339251821185049,0,1,1,1,1,1.00018752592547,4500,1,1
"z[106,6]",0.908666666666667,0.288114564405752,0,1,1,1,1,0.999741900440202,4500,1,1
"z[107,6]",1,0,1,1,1,1,1,NA,1,0,1
"z[108,6]",1,0,1,1,1,1,1,NA,1,0,1
"z[109,6]",1,0,1,1,1,1,1,NA,1,0,1
"z[110,6]",0,0,0,0,0,0,0,NA,1,1,1
"z[111,6]",0.000222222222222222,0.0149071198499986,0,0,0,0,0,1.29093398298233,4500,1,1
"z[112,6]",0.00155555555555556,0.0394142235807543,0,0,0,0,0,1.0097473778051,4500,1,1
"z[113,6]",0,0,0,0,0,0,0,NA,1,1,1
"z[114,6]",0.00244444444444444,0.0493863456663645,0,0,0,0,0,1.00379178827338,4500,1,1
"z[115,6]",1,0,1,1,1,1,1,NA,1,0,1
"z[116,6]",0.00133333333333333,0.0364945409967103,0,0,0,0,0,1.03900028931154,4500,1,1
"z[117,6]",1,0,1,1,1,1,1,NA,1,0,1
"z[118,6]",1,0,1,1,1,1,1,NA,1,0,1
"z[119,6]",1,0,1,1,1,1,1,NA,1,0,1
"z[120,6]",1,0,1,1,1,1,1,NA,1,0,1
"z[121,6]",1,0,1,1,1,1,1,NA,1,0,1
"z[122,6]",0.000222222222222222,0.0149071198499986,0,0,0,0,0,1.29093398298233,4500,1,1
"z[123,6]",0.000222222222222222,0.0149071198499986,0,0,0,0,0,1.29093398298233,4500,1,1
"z[124,6]",0.000666666666666667,0.0258141493083176,0,0,0,0,0,1.13377982835195,4498,1,1
"z[125,6]",0.958,0.200611423704479,0,1,1,1,1,1.00676037001784,1742,1,1
"z[126,6]",1,0,1,1,1,1,1,NA,1,0,1
"z[127,6]",0.000888888888888889,0.0298042977535084,0,0,0,0,0,1.02957562893154,4500,1,1
"z[128,6]",0.002,0.0446815807032984,0,0,0,0,0,1.01775579934475,4500,1,1
"z[129,6]",0.00111111111111111,0.033318511930496,0,0,0,0,0,1.01912206739455,4500,1,1
"z[130,6]",0.000666666666666667,0.0258141493083176,0,0,0,0,0,1.13377982835195,4498,1,1
"z[131,6]",0.275111111111111,0.44661987659371,0,0,0,1,1,0.999856973030752,4500,1,1
"z[132,6]",0.324444444444444,0.468218927918595,0,0,0,1,1,0.999673291550601,4500,1,1
"z[133,6]",0.234222222222222,0.423558779816329,0,0,0,0,1,1.00123797296916,1781,1,1
"z[134,6]",0.00266666666666667,0.0515766100016907,0,0,0,0,0,1.0391172209852,4489,1,1
"z[135,6]",0.000444444444444444,0.0210795079890303,0,0,0,0,0,1.2913045102833,2250,1,1
"z[136,6]",0.000444444444444444,0.0210795079890303,0,0,0,0,0,1.10528646876281,4500,1,1
"z[137,6]",0.000444444444444444,0.0210795079890303,0,0,0,0,0,1.10528646876281,4500,1,1
"z[138,6]",1,0,1,1,1,1,1,NA,1,0,1
"z[139,6]",1,0,1,1,1,1,1,NA,1,0,1
"z[140,6]",1,0,1,1,1,1,1,NA,1,0,1
"z[141,6]",1,0,1,1,1,1,1,NA,1,0,1
"z[142,6]",0.0495555555555556,0.217049006950826,0,0,0,0,1,1.00081260743105,4500,1,1
"z[143,6]",0.0331111111111111,0.178946588136641,0,0,0,0,1,0.999762956010259,4500,1,1
"z[144,6]",0.0351111111111111,0.18408109945566,0,0,0,0,1,1.00104223448686,4500,1,1
"z[145,6]",1,0,1,1,1,1,1,NA,1,0,1
"z[146,6]",0.00622222222222222,0.0786440117920529,0,0,0,0,0,1.01172087798374,4500,1,1
"z[147,6]",0.00288888888888889,0.0536766566849176,0,0,0,0,0,1.01987494187977,4500,1,1
"z[148,6]",0.00111111111111111,0.033318511930496,0,0,0,0,0,1.07137218653062,4500,1,1
"z[149,6]",1,0,1,1,1,1,1,NA,1,0,1
"z[150,6]",0.154888888888889,0.361838936502114,0,0,0,0,1,1.00035825588498,4500,1,1
"z[151,6]",1,0,1,1,1,1,1,NA,1,0,1
"z[152,6]",1,0,1,1,1,1,1,NA,1,0,1
"z[153,6]",0.00244444444444444,0.0493863456663645,0,0,0,0,0,1.07037255410904,2600,1,1
"z[154,6]",0.00444444444444444,0.0665257457028688,0,0,0,0,0,1.00837775074503,4500,1,1
"z[155,6]",0.0153333333333333,0.122888478420367,0,0,0,0,0,1.00866006087753,3641,1,1
"z[156,6]",0.0108888888888889,0.103791690054186,0,0,0,0,0,1.00745502402484,4500,1,1
"z[157,6]",0.00466666666666667,0.0681609955608629,0,0,0,0,0,1.00980631222186,4500,1,1
"z[158,6]",1,0,1,1,1,1,1,NA,1,0,1
"z[159,6]",1,0,1,1,1,1,1,NA,1,0,1
"z[160,6]",1,0,1,1,1,1,1,NA,1,0,1
"z[161,6]",0.0813333333333333,0.273376718032487,0,0,0,0,1,1.00151063990349,3629,1,1
"z[162,6]",1,0,1,1,1,1,1,NA,1,0,1
"z[163,6]",0.00822222222222222,0.0903129549063228,0,0,0,0,0,1.04780732763649,1189,1,1
"z[164,6]",1,0,1,1,1,1,1,NA,1,0,1
"z[165,6]",0.00244444444444444,0.0493863456663645,0,0,0,0,0,1.07037255410904,2600,1,1
"z[166,6]",1,0,1,1,1,1,1,NA,1,0,1
"z[167,6]",0.006,0.0772355205065475,0,0,0,0,0,1.01394634622296,4500,1,1
"z[168,6]",1,0,1,1,1,1,1,NA,1,0,1
"z[169,6]",1,0,1,1,1,1,1,NA,1,0,1
"z[170,6]",1,0,1,1,1,1,1,NA,1,0,1
"z[171,6]",1,0,1,1,1,1,1,NA,1,0,1
"z[172,6]",1,0,1,1,1,1,1,NA,1,0,1
"z[173,6]",1,0,1,1,1,1,1,NA,1,0,1
"z[174,6]",1,0,1,1,1,1,1,NA,1,0,1
"z[175,6]",1,0,1,1,1,1,1,NA,1,0,1
"z[176,6]",0.965333333333333,0.182954440186126,0,1,1,1,1,1.00289402949368,4500,1,1
"z[177,6]",1,0,1,1,1,1,1,NA,1,0,1
"z[178,6]",0.225333333333333,0.417848084308576,0,0,0,0,1,1.00073921012544,2673,1,1
"z[179,6]",0.227777777777778,0.419445059820707,0,0,0,0,1,1.00024201655201,4500,1,1
"z[180,6]",0.00111111111111111,0.033318511930496,0,0,0,0,0,1.01912206739455,4500,1,1
"z[181,6]",0.00111111111111111,0.033318511930496,0,0,0,0,0,1.11603919183554,3212,1,1
"z[182,6]",0.000444444444444444,0.0210795079890303,0,0,0,0,0,1.2913045102833,2250,1,1
"z[183,6]",0.000444444444444444,0.0210795079890303,0,0,0,0,0,1.10528646876281,4500,1,1
"z[184,6]",0,0,0,0,0,0,0,NA,1,1,1
"z[185,6]",0.000222222222222222,0.0149071198499986,0,0,0,0,0,1.29093398298233,4500,1,1
"z[186,6]",0.677333333333333,0.467548357918906,0,0,1,1,1,1.00438275857343,487,1,1
"z[187,6]",0.462444444444444,0.498642993187124,0,0,0,1,1,1.00295344675027,618,1,1
"z[188,6]",0.505777777777778,0.500022177276067,0,0,1,1,1,1.0010031145049,1502,1,1
"z[189,6]",0.558444444444444,0.496627683071132,0,0,1,1,1,1.00327358761736,568,1,1
"z[190,6]",0.473777777777778,0.499367409960488,0,0,0,1,1,1.00456520921025,415,1,1
"z[191,6]",0.686888888888889,0.463810680915818,0,0,1,1,1,1.00978806597785,234,1,1
"z[192,6]",0.712666666666667,0.452568673341182,0,0,1,1,1,1.00294609597709,749,1,1
"z[193,6]",0.61,0.487804139401693,0,0,1,1,1,1.00337614698133,570,1,1
"z[194,6]",0.627555555555556,0.483509598351886,0,0,1,1,1,1.0034335443346,573,1,1
"z[195,6]",0.544,0.498115586572163,0,0,1,1,1,1.00064703345468,2061,1,1
"z[196,6]",0.62,0.485440384797876,0,0,1,1,1,1.00265364787186,716,1,1
"z[197,6]",0.454,0.497934832661102,0,0,0,1,1,1.00324270030969,570,1,1
"z[198,6]",0.538888888888889,0.498540756682388,0,0,1,1,1,1.00263736673434,683,1,1
"z[199,6]",0.378,0.48494150122798,0,0,0,1,1,1.00317752607541,610,1,1
"z[200,6]",0.656,0.475093841995383,0,0,1,1,1,1.00742717730574,290,1,1
"z[1,7]",1,0,1,1,1,1,1,NA,1,0,1
"z[2,7]",1,0,1,1,1,1,1,NA,1,0,1
"z[3,7]",0.00733333333333333,0.0853297931213479,0,0,0,0,0,1.0160549703192,4096,1,1
"z[4,7]",0.0235555555555556,0.151676642100424,0,0,0,0,0,0.999853141794595,4500,1,1
"z[5,7]",1,0,1,1,1,1,1,NA,1,0,1
"z[6,7]",1,0,1,1,1,1,1,NA,1,0,1
"z[7,7]",0.966666666666667,0.179525441950783,0,1,1,1,1,1.00906497104346,1636,1,1
"z[8,7]",0.123777777777778,0.329364458287695,0,0,0,0,1,0.999983234104013,4500,1,1
"z[9,7]",0.797333333333333,0.402030852549182,0,1,1,1,1,0.999981563093607,4500,1,1
"z[10,7]",0.982888888888889,0.129699881353212,1,1,1,1,1,1.0028806182443,4500,0,1
"z[11,7]",0.856444444444444,0.350677466816207,0,1,1,1,1,0.999883622785188,4500,1,1
"z[12,7]",1,0,1,1,1,1,1,NA,1,0,1
"z[13,7]",1,0,1,1,1,1,1,NA,1,0,1
"z[14,7]",0.266666666666667,0.442265782086846,0,0,0,1,1,0.999707288151755,4500,1,1
"z[15,7]",1,0,1,1,1,1,1,NA,1,0,1
"z[16,7]",0.898888888888889,0.3015092968165,0,1,1,1,1,0.999821878798802,4500,1,1
"z[17,7]",0.944222222222222,0.229517588820724,0,1,1,1,1,1.00169768807852,4500,1,1
"z[18,7]",0.84,0.366646796392903,0,1,1,1,1,0.999752662532492,4500,1,1
"z[19,7]",0.00311111111111111,0.0556966916350484,0,0,0,0,0,1.00222267416305,4500,1,1
"z[20,7]",0.957555555555556,0.201623280764707,0,1,1,1,1,0.999771177743804,4500,1,1
"z[21,7]",0.209333333333333,0.406877964144234,0,0,0,0,1,0.999837092031414,4500,1,1
"z[22,7]",0.528,0.49927086200081,0,0,1,1,1,0.999954143296757,4500,1,1
"z[23,7]",1,0,1,1,1,1,1,NA,1,0,1
"z[24,7]",1,0,1,1,1,1,1,NA,1,0,1
"z[25,7]",0.974222222222222,0.158489324311835,0,1,1,1,1,1.00830671403821,2281,1,1
"z[26,7]",0.964666666666667,0.184641449821595,0,1,1,1,1,1.00202159204826,4500,1,1
"z[27,7]",0.966888888888889,0.178946588136641,0,1,1,1,1,1.00206452245764,4500,1,1
"z[28,7]",0.0313333333333333,0.174236339048014,0,0,0,0,1,1.00119250769189,4500,1,1
"z[29,7]",0.0222222222222222,0.147421927362282,0,0,0,0,0,1.00439570026591,4500,1,1
"z[30,7]",1,0,1,1,1,1,1,NA,1,0,1
"z[31,7]",1,0,1,1,1,1,1,NA,1,0,1
"z[32,7]",1,0,1,1,1,1,1,NA,1,0,1
"z[33,7]",1,0,1,1,1,1,1,NA,1,0,1
"z[34,7]",1,0,1,1,1,1,1,NA,1,0,1
"z[35,7]",1,0,1,1,1,1,1,NA,1,0,1
"z[36,7]",0.0608888888888889,0.239152967592038,0,0,0,0,1,1.00094110024556,4500,1,1
"z[37,7]",0.121111111111111,0.326292612819852,0,0,0,0,1,0.999969082773761,4500,1,1
"z[38,7]",0.00244444444444444,0.0493863456663645,0,0,0,0,0,1.02752607886309,4500,1,1
"z[39,7]",1,0,1,1,1,1,1,NA,1,0,1
"z[40,7]",1,0,1,1,1,1,1,NA,1,0,1
"z[41,7]",0.0151111111111111,0.1220084974435,0,0,0,0,0,1.00011221757071,4500,1,1
"z[42,7]",0.0275555555555556,0.163713783655141,0,0,0,0,1,1.00175842252946,4500,1,1
"z[43,7]",0.0333333333333333,0.179525441950783,0,0,0,0,1,1.00314655785092,4440,1,1
"z[44,7]",1,0,1,1,1,1,1,NA,1,0,1
"z[45,7]",0.395111111111111,0.488928873692955,0,0,0,1,1,1.0003416985739,3101,1,1
"z[46,7]",1,0,1,1,1,1,1,NA,1,0,1
"z[47,7]",0.0968888888888889,0.295839282691587,0,0,0,0,1,0.999785905085105,4500,1,1
"z[48,7]",0.006,0.0772355205065475,0,0,0,0,0,1.01790890406194,4474,1,1
"z[49,7]",0.0553333333333333,0.228655142165391,0,0,0,0,1,1.003905953733,2248,1,1
"z[50,7]",0.000666666666666667,0.0258141493083176,0,0,0,0,0,1.29167562882982,1500,1,1
"z[51,7]",0.00155555555555556,0.0394142235807543,0,0,0,0,0,1.11102922004619,2420,1,1
"z[52,7]",0.0242222222222222,0.153755519169198,0,0,0,0,0,1.00261296143847,4500,1,1
"z[53,7]",0.136888888888889,0.343768210354624,0,0,0,0,1,1.00156000426887,2239,1,1
"z[54,7]",0.00888888888888889,0.093871373318521,0,0,0,0,0,1.0075225008699,4500,1,1
"z[55,7]",0.0295555555555556,0.169376503362579,0,0,0,0,1,1.00167003158294,4500,1,1
"z[56,7]",0,0,0,0,0,0,0,NA,1,1,1
"z[57,7]",1,0,1,1,1,1,1,NA,1,0,1
"z[58,7]",0.504444444444444,0.500035809144714,0,0,1,1,1,1.00039820309185,2739,1,1
"z[59,7]",1,0,1,1,1,1,1,NA,1,0,1
"z[60,7]",1,0,1,1,1,1,1,NA,1,0,1
"z[61,7]",0,0,0,0,0,0,0,NA,1,1,1
"z[62,7]",0.000222222222222222,0.0149071198499986,0,0,0,0,0,1.29093398298233,4500,1,1
"z[63,7]",0.000222222222222222,0.0149071198499986,0,0,0,0,0,1.29093398298233,4500,1,1
"z[64,7]",0,0,0,0,0,0,0,NA,1,1,1
"z[65,7]",0.00511111111111111,0.071317023933587,0,0,0,0,0,1.05587546102487,1610,1,1
"z[66,7]",0.0146666666666667,0.120227982292648,0,0,0,0,0,1.02137566770638,1549,1,1
"z[67,7]",0.0111111111111111,0.104833661410201,0,0,0,0,0,0.999870974059888,4500,1,1
"z[68,7]",0.0153333333333333,0.122888478420367,0,0,0,0,0,1.00354064280867,4500,1,1
"z[69,7]",0.0408888888888889,0.198054801702807,0,0,0,0,1,1.00907367029188,1342,1,1
"z[70,7]",1,0,1,1,1,1,1,NA,1,0,1
"z[71,7]",1,0,1,1,1,1,1,NA,1,0,1
"z[72,7]",1,0,1,1,1,1,1,NA,1,0,1
"z[73,7]",1,0,1,1,1,1,1,NA,1,0,1
"z[74,7]",1,0,1,1,1,1,1,NA,1,0,1
"z[75,7]",1,0,1,1,1,1,1,NA,1,0,1
"z[76,7]",0.994,0.0772355205065475,1,1,1,1,1,1.03144975011756,2517,0,1
"z[77,7]",0.00444444444444444,0.0665257457028688,0,0,0,0,0,1.02982435352671,3585,1,1
"z[78,7]",0.380444444444444,0.485550059204588,0,0,0,1,1,1.00031115996365,3300,1,1
"z[79,7]",1,0,1,1,1,1,1,NA,1,0,1
"z[80,7]",0.973111111111111,0.161776674693452,0,1,1,1,1,1.00549115827543,3252,1,1
"z[81,7]",1,0,1,1,1,1,1,NA,1,0,1
"z[82,7]",0.131111111111111,0.337559341533209,0,0,0,0,1,0.999908103062413,4500,1,1
"z[83,7]",0.186666666666667,0.38968701286146,0,0,0,0,1,1.00009332194735,4500,1,1
"z[84,7]",0.894888888888889,0.306730619461065,0,1,1,1,1,1.00214783772882,2136,1,1
"z[85,7]",1,0,1,1,1,1,1,NA,1,0,1
"z[86,7]",0,0,0,0,0,0,0,NA,1,1,1
"z[87,7]",0.01,0.0995098009695405,0,0,0,0,0,1.00934810019948,4500,1,1
"z[88,7]",0.00911111111111111,0.0950268670194558,0,0,0,0,0,1.00177964054235,4500,1,1
"z[89,7]",0.00377777777777778,0.0613542394088465,0,0,0,0,0,1.0014045739505,4500,1,1
"z[90,7]",0.974444444444444,0.157822698772571,0,1,1,1,1,0.999825745655456,4500,1,1
"z[91,7]",0.863555555555556,0.343298045001655,0,1,1,1,1,0.999780492807084,4500,1,1
"z[92,7]",0.00866666666666667,0.0927009450571682,0,0,0,0,0,1.0114914933181,4500,1,1
"z[93,7]",0.875111111111111,0.330629621712271,0,1,1,1,1,0.999854456642194,4500,1,1
"z[94,7]",0.0117777777777778,0.107896472423584,0,0,0,0,0,1.00202837040961,4500,1,1
"z[95,7]",0.00755555555555556,0.0866033246050876,0,0,0,0,0,1.00662430949529,4500,1,1
"z[96,7]",1,0,1,1,1,1,1,NA,1,0,1
"z[97,7]",0.0164444444444444,0.127191272176836,0,0,0,0,0,1.00453676991833,4500,1,1
"z[98,7]",0.000222222222222222,0.0149071198499986,0,0,0,0,0,1.29093398298233,4500,1,1
"z[99,7]",0.0131111111111111,0.113763288874888,0,0,0,0,0,1.00420483763436,4500,1,1
"z[100,7]",0.002,0.0446815807032984,0,0,0,0,0,1.01775579934475,4500,1,1
"z[101,7]",0.0204444444444444,0.141530634321543,0,0,0,0,0,1.00775147110373,3050,1,1
"z[102,7]",0.00844444444444444,0.0915150092219534,0,0,0,0,0,1.00939158746387,4500,1,1
"z[103,7]",0.0386666666666667,0.192820688042738,0,0,0,0,1,1.00116614985413,4500,1,1
"z[104,7]",0.00111111111111111,0.033318511930496,0,0,0,0,0,1.01912206739455,4500,1,1
"z[105,7]",0.937333333333333,0.24238938031912,0,1,1,1,1,1.00024643396071,4500,1,1
"z[106,7]",1,0,1,1,1,1,1,NA,1,0,1
"z[107,7]",1,0,1,1,1,1,1,NA,1,0,1
"z[108,7]",1,0,1,1,1,1,1,NA,1,0,1
"z[109,7]",1,0,1,1,1,1,1,NA,1,0,1
"z[110,7]",0.00333333333333333,0.0576451269226114,0,0,0,0,0,1.02548704970741,4500,1,1
"z[111,7]",0.00711111111111111,0.0840363764582043,0,0,0,0,0,1.02034360596131,3326,1,1
"z[112,7]",0.00822222222222222,0.0903129549063228,0,0,0,0,0,1.00990346837757,4500,1,1
"z[113,7]",0.00866666666666667,0.0927009450571682,0,0,0,0,0,1.00858040416496,4500,1,1
"z[114,7]",0.002,0.0446815807032984,0,0,0,0,0,1.06670438272335,3369,1,1
"z[115,7]",0.00422222222222222,0.0648485125458765,0,0,0,0,0,1.01734330121673,4500,1,1
"z[116,7]",0.000888888888888889,0.0298042977535084,0,0,0,0,0,1.10540023626025,4497,1,1
"z[117,7]",1,0,1,1,1,1,1,NA,1,0,1
"z[118,7]",1,0,1,1,1,1,1,NA,1,0,1
"z[119,7]",1,0,1,1,1,1,1,NA,1,0,1
"z[120,7]",0.976444444444444,0.151676642100424,1,1,1,1,1,1.00773798756404,2663,0,1
"z[121,7]",1,0,1,1,1,1,1,NA,1,0,1
"z[122,7]",0.00311111111111111,0.0556966916350484,0,0,0,0,0,1.01716357534615,4500,1,1
"z[123,7]",0.0108888888888889,0.103791690054186,0,0,0,0,0,1.00115329687314,4500,1,1
"z[124,7]",0.008,0.08909412970305,0,0,0,0,0,1.00433814824978,4500,1,1
"z[125,7]",1,0,1,1,1,1,1,NA,1,0,1
"z[126,7]",0.499555555555556,0.500055367263675,0,0,0,1,1,0.999697812867823,4500,1,1
"z[127,7]",0.00711111111111111,0.0840363764582043,0,0,0,0,0,1.00749490045356,4500,1,1
"z[128,7]",0.008,0.08909412970305,0,0,0,0,0,1.00084038940263,4500,1,1
"z[129,7]",0.00866666666666667,0.0927009450571682,0,0,0,0,0,1.00858040416496,4500,1,1
"z[130,7]",0.00844444444444444,0.0915150092219534,0,0,0,0,0,1.00212190440097,4500,1,1
"z[131,7]",0.00822222222222222,0.0903129549063228,0,0,0,0,0,1.00665019004433,4500,1,1
"z[132,7]",0.0106666666666667,0.102738670891514,0,0,0,0,0,1.00429334611071,4500,1,1
"z[133,7]",0.00488888888888889,0.069757214702053,0,0,0,0,0,1.02766816457401,3519,1,1
"z[134,7]",0.307555555555556,0.46153274196674,0,0,0,1,1,1.0007542018406,2165,1,1
"z[135,7]",0.01,0.0995098009695405,0,0,0,0,0,1.00042133123201,4500,1,1
"z[136,7]",0.0262222222222222,0.159813306406557,0,0,0,0,1,1.00038537464219,4500,1,1
"z[137,7]",0.00955555555555555,0.0972951722699289,0,0,0,0,0,1.01764261500617,2861,1,1
"z[138,7]",1,0,1,1,1,1,1,NA,1,0,1
"z[139,7]",0.983777777777778,0.126343218950737,1,1,1,1,1,1.00668187207812,4428,0,1
"z[140,7]",1,0,1,1,1,1,1,NA,1,0,1
"z[141,7]",1,0,1,1,1,1,1,NA,1,0,1
"z[142,7]",0.0431111111111111,0.203129792200249,0,0,0,0,1,1.00072300954642,4500,1,1
"z[143,7]",0.0373333333333333,0.189598375253176,0,0,0,0,1,1.00126711728575,4500,1,1
"z[144,7]",0.0333333333333333,0.179525441950783,0,0,0,0,1,1.00420600441843,3399,1,1
"z[145,7]",1,0,1,1,1,1,1,NA,1,0,1
"z[146,7]",1,0,1,1,1,1,1,NA,1,0,1
"z[147,7]",0.0195555555555556,0.13848248064772,0,0,0,0,0,1.00788971637537,3132,1,1
"z[148,7]",0.00466666666666667,0.0681609955608629,0,0,0,0,0,1.05053832197373,1961,1,1
"z[149,7]",1,0,1,1,1,1,1,NA,1,0,1
"z[150,7]",1,0,1,1,1,1,1,NA,1,0,1
"z[151,7]",0.967777777777778,0.176609404971474,0,1,1,1,1,1.0015903759832,4500,1,1
"z[152,7]",0.994444444444444,0.0743365276300976,1,1,1,1,1,1.01469994118345,4500,0,1
"z[153,7]",0.004,0.0631259497363628,0,0,0,0,0,1.03923481585255,2989,1,1
"z[154,7]",0.181333333333333,0.385336933245042,0,0,0,0,1,0.99997957084618,4500,1,1
"z[155,7]",0.608666666666667,0.488102959197653,0,0,1,1,1,1.00011508230299,4500,1,1
"z[156,7]",0.0184444444444444,0.13456697579197,0,0,0,0,0,1.00019328375097,4500,1,1
"z[157,7]",0.0168888888888889,0.128869487630174,0,0,0,0,0,0.999756147998793,4500,1,1
"z[158,7]",1,0,1,1,1,1,1,NA,1,0,1
"z[159,7]",1,0,1,1,1,1,1,NA,1,0,1
"z[160,7]",1,0,1,1,1,1,1,NA,1,0,1
"z[161,7]",0.0791111111111111,0.269942097980992,0,0,0,0,1,0.999908236228374,4500,1,1
"z[162,7]",1,0,1,1,1,1,1,NA,1,0,1
"z[163,7]",1,0,1,1,1,1,1,NA,1,0,1
"z[164,7]",1,0,1,1,1,1,1,NA,1,0,1
"z[165,7]",1,0,1,1,1,1,1,NA,1,0,1
"z[166,7]",1,0,1,1,1,1,1,NA,1,0,1
"z[167,7]",1,0,1,1,1,1,1,NA,1,0,1
"z[168,7]",0.983777777777778,0.126343218950737,1,1,1,1,1,1.0020797474981,4500,0,1
"z[169,7]",0.972,0.164991058376806,0,1,1,1,1,1.00245894997632,4500,1,1
"z[170,7]",1,0,1,1,1,1,1,NA,1,0,1
"z[171,7]",1,0,1,1,1,1,1,NA,1,0,1
"z[172,7]",0.922666666666667,0.267149300225178,0,1,1,1,1,1.00116455596648,4500,1,1
"z[173,7]",0.982666666666667,0.130524613834426,1,1,1,1,1,1.00144994015393,4500,0,1
"z[174,7]",1,0,1,1,1,1,1,NA,1,0,1
"z[175,7]",1,0,1,1,1,1,1,NA,1,0,1
"z[176,7]",1,0,1,1,1,1,1,NA,1,0,1
"z[177,7]",0.0308888888888889,0.173035889574341,0,0,0,0,1,1.00068471849172,4500,1,1
"z[178,7]",0.295333333333333,0.456243151014127,0,0,0,1,1,0.99985649375101,4500,1,1
"z[179,7]",0.285555555555556,0.451728819841134,0,0,0,1,1,1.00008798944745,4500,1,1
"z[180,7]",0.0146666666666667,0.120227982292648,0,0,0,0,0,1.00002099988288,4500,1,1
"z[181,7]",0.0144444444444444,0.119327141438796,0,0,0,0,0,1.0298432743781,1114,1,1
"z[182,7]",0.0286666666666667,0.166886422507456,0,0,0,0,1,1.00843303527219,2022,1,1
"z[183,7]",0.0122222222222222,0.109888684384328,0,0,0,0,0,1.00287049758948,4500,1,1
"z[184,7]",0.000222222222222222,0.0149071198499986,0,0,0,0,0,1.29093398298233,4500,1,1
"z[185,7]",0,0,0,0,0,0,0,NA,1,1,1
"z[186,7]",0.725333333333333,0.446395755946304,0,0,1,1,1,1.00100982166553,1866,1,1
"z[187,7]",0.486888888888889,0.499883614915158,0,0,0,1,1,1.00183711593311,927,1,1
"z[188,7]",0.522888888888889,0.499531330570002,0,0,1,1,1,1.00628780084761,308,1,1
"z[189,7]",0.597333333333333,0.490489229621105,0,0,1,1,1,1.00453422527827,432,1,1
"z[190,7]",0.512888888888889,0.499889395289257,0,0,1,1,1,1.00209065697203,831,1,1
"z[191,7]",0.733333333333333,0.442265782086846,0,0,1,1,1,1.00688056248591,357,1,1
"z[192,7]",0.733555555555556,0.442148443237228,0,0,1,1,1,1.00327892977994,712,1,1
"z[193,7]",0.642666666666667,0.479267426453253,0,0,1,1,1,1.00692183078221,304,1,1
"z[194,7]",0.646,0.478262302468231,0,0,1,1,1,1.00368598585076,550,1,1
"z[195,7]",0.564888888888889,0.495826647239751,0,0,1,1,1,1.00127053102041,1273,1,1
"z[196,7]",0.675777777777778,0.468135528488827,0,0,1,1,1,1.00339241420798,617,1,1
"z[197,7]",0.502444444444444,0.500049588808145,0,0,1,1,1,1.00434886885249,433,1,1
"z[198,7]",0.527777777777778,0.499283277769074,0,0,1,1,1,1.00561411016177,342,1,1
"z[199,7]",0.402444444444444,0.490445069407419,0,0,0,1,1,1.00106987181274,1484,1,1
"z[200,7]",0.680666666666667,0.466270166765153,0,0,1,1,1,1.00577399722457,381,1,1
"z[1,8]",1,0,1,1,1,1,1,NA,1,0,1
"z[2,8]",0.0368888888888889,0.188509935158217,0,0,0,0,1,1.00038967376062,4500,1,1
"z[3,8]",0.00666666666666667,0.0813860808385347,0,0,0,0,0,1.02093295988644,3439,1,1
"z[4,8]",1,0,1,1,1,1,1,NA,1,0,1
"z[5,8]",0.872666666666667,0.333383044377978,0,1,1,1,1,1.00127017492691,2800,1,1
"z[6,8]",0.477555555555556,0.499551501696818,0,0,0,1,1,0.999768156161159,4500,1,1
"z[7,8]",1,0,1,1,1,1,1,NA,1,0,1
"z[8,8]",0.00222222222222222,0.0470932775447189,0,0,0,0,0,1.03308734033364,4500,1,1
"z[9,8]",1,0,1,1,1,1,1,NA,1,0,1
"z[10,8]",1,0,1,1,1,1,1,NA,1,0,1
"z[11,8]",0.922,0.26820138867189,0,1,1,1,1,1.00071037071653,4500,1,1
"z[12,8]",1,0,1,1,1,1,1,NA,1,0,1
"z[13,8]",1,0,1,1,1,1,1,NA,1,0,1
"z[14,8]",1,0,1,1,1,1,1,NA,1,0,1
"z[15,8]",1,0,1,1,1,1,1,NA,1,0,1
"z[16,8]",0.868222222222222,0.338286602882318,0,1,1,1,1,1.00044485525238,4500,1,1
"z[17,8]",0.911111111111111,0.284614925079102,0,1,1,1,1,1.00549051132233,1052,1,1
"z[18,8]",1,0,1,1,1,1,1,NA,1,0,1
"z[19,8]",0.008,0.08909412970305,0,0,0,0,0,1.01009052275933,4500,1,1
"z[20,8]",0.929333333333333,0.256295700525826,0,1,1,1,1,1.00012946563451,4500,1,1
"z[21,8]",0.206,0.404475407947857,0,0,0,0,1,1.00013541801487,4500,1,1
"z[22,8]",0.396,0.489118762484308,0,0,0,1,1,1.00043963471503,2705,1,1
"z[23,8]",0.580666666666667,0.493504823124117,0,0,1,1,1,0.999926436786405,4500,1,1
"z[24,8]",1,0,1,1,1,1,1,NA,1,0,1
"z[25,8]",0.952666666666667,0.212374461172167,0,1,1,1,1,1.00173651823754,4500,1,1
"z[26,8]",0.943333333333333,0.231230268797726,0,1,1,1,1,1.00015919750186,4500,1,1
"z[27,8]",0.951333333333333,0.215194128644091,0,1,1,1,1,1.00301104372304,3223,1,1
"z[28,8]",0.0108888888888889,0.103791690054186,0,0,0,0,0,1.00242101026089,4500,1,1
"z[29,8]",0.178,0.382555253386689,0,0,0,0,1,0.999987860922046,4500,1,1
"z[30,8]",0.985777777777778,0.118419030794728,1,1,1,1,1,1.00872970972799,3890,0,1
"z[31,8]",0.969777777777778,0.171217271410598,0,1,1,1,1,1.00449469576082,3513,1,1
"z[32,8]",0.983555555555556,0.127191272176836,1,1,1,1,1,1.00230014314057,4500,0,1
"z[33,8]",1,0,1,1,1,1,1,NA,1,0,1
"z[34,8]",1,0,1,1,1,1,1,NA,1,0,1
"z[35,8]",1,0,1,1,1,1,1,NA,1,0,1
"z[36,8]",1,0,1,1,1,1,1,NA,1,0,1
"z[37,8]",1,0,1,1,1,1,1,NA,1,0,1
"z[38,8]",0.00555555555555556,0.0743365276300976,0,0,0,0,0,1.0004744725668,4500,1,1
"z[39,8]",0.419333333333333,0.493504823124117,0,0,0,1,1,1.00020021324975,3850,1,1
"z[40,8]",0.112,0.31540150006909,0,0,0,0,1,0.999786383707546,4500,1,1
"z[41,8]",0.00355555555555556,0.0595289935189017,0,0,0,0,0,1.08419602780494,1465,1,1
"z[42,8]",0.0468888888888889,0.211424346699986,0,0,0,0,1,1.00056889969501,4500,1,1
"z[43,8]",0.199111111111111,0.399376165139174,0,0,0,0,1,1.00002271764491,4500,1,1
"z[44,8]",0.954222222222222,0.209026032222424,0,1,1,1,1,1.00299791517744,3416,1,1
"z[45,8]",0.626444444444444,0.483801422745545,0,0,1,1,1,1.00126155136189,1346,1,1
"z[46,8]",0.969111111111111,0.173035889574341,0,1,1,1,1,1.00534744051264,2915,1,1
"z[47,8]",0.124,0.329618179158867,0,0,0,0,1,0.999911130049811,4500,1,1
"z[48,8]",0,0,0,0,0,0,0,NA,1,1,1
"z[49,8]",0.07,0.255175370837775,0,0,0,0,1,1.00113406921415,4500,1,1
"z[50,8]",0.00155555555555556,0.0394142235807543,0,0,0,0,0,1.06447893654775,4494,1,1
"z[51,8]",0.0126666666666667,0.111843649799372,0,0,0,0,0,1.00947919567888,4021,1,1
"z[52,8]",0.000222222222222222,0.0149071198499986,0,0,0,0,0,1.29093398298233,4500,1,1
"z[53,8]",0.138,0.344938314111875,0,0,0,0,1,1.00075683683229,3861,1,1
"z[54,8]",0,0,0,0,0,0,0,NA,1,1,1
"z[55,8]",0.0497777777777778,0.217509687264132,0,0,0,0,1,1.00409630772646,2378,1,1
"z[56,8]",0,0,0,0,0,0,0,NA,1,1,1
"z[57,8]",1,0,1,1,1,1,1,NA,1,0,1
"z[58,8]",0.331777777777778,0.470903983688025,0,0,0,1,1,0.999740954784267,4500,1,1
"z[59,8]",1,0,1,1,1,1,1,NA,1,0,1
"z[60,8]",0.236,0.424669373114469,0,0,0,0,1,1.00010493144995,4500,1,1
"z[61,8]",0.000222222222222222,0.0149071198499986,0,0,0,0,0,1.29093398298233,4500,1,1
"z[62,8]",0,0,0,0,0,0,0,NA,1,1,1
"z[63,8]",0,0,0,0,0,0,0,NA,1,1,1
"z[64,8]",0,0,0,0,0,0,0,NA,1,1,1
"z[65,8]",0,0,0,0,0,0,0,NA,1,1,1
"z[66,8]",0.000222222222222222,0.0149071198499986,0,0,0,0,0,1.29093398298233,4500,1,1
"z[67,8]",0.000444444444444444,0.0210795079890303,0,0,0,0,0,1.10528646876281,4500,1,1
"z[68,8]",0.0144444444444444,0.119327141438796,0,0,0,0,0,1.00558842976441,4500,1,1
"z[69,8]",0.0291111111111111,0.168136660277006,0,0,0,0,1,1.00302185942536,4500,1,1
"z[70,8]",0.018,0.132965893646013,0,0,0,0,0,1.00972607997895,2776,1,1
"z[71,8]",0.708222222222222,0.454631100078816,0,0,1,1,1,0.999930644177803,4500,1,1
"z[72,8]",1,0,1,1,1,1,1,NA,1,0,1
"z[73,8]",1,0,1,1,1,1,1,NA,1,0,1
"z[74,8]",1,0,1,1,1,1,1,NA,1,0,1
"z[75,8]",1,0,1,1,1,1,1,NA,1,0,1
"z[76,8]",1,0,1,1,1,1,1,NA,1,0,1
"z[77,8]",0.006,0.0772355205065475,0,0,0,0,0,1.01394634622296,4500,1,1
"z[78,8]",0.00911111111111111,0.0950268670194558,0,0,0,0,0,1.01505775418488,3517,1,1
"z[79,8]",1,0,1,1,1,1,1,NA,1,0,1
"z[80,8]",1,0,1,1,1,1,1,NA,1,0,1
"z[81,8]",0.367777777777778,0.482254047098673,0,0,0,1,1,1.00033799667544,3208,1,1
"z[82,8]",0.606222222222222,0.488640869641331,0,0,1,1,1,0.999720343855429,4500,1,1
"z[83,8]",0.182666666666667,0.386435946321023,0,0,0,0,1,0.999669933132679,4500,1,1
"z[84,8]",1,0,1,1,1,1,1,NA,1,0,1
"z[85,8]",1,0,1,1,1,1,1,NA,1,0,1
"z[86,8]",0.000444444444444444,0.0210795079890303,0,0,0,0,0,1.2913045102833,2250,1,1
"z[87,8]",1,0,1,1,1,1,1,NA,1,0,1
"z[88,8]",0.0528888888888889,0.223836521313966,0,0,0,0,1,1.00501909738652,1855,1,1
"z[89,8]",0.127777777777778,0.333879303929952,0,0,0,0,1,1.00034734294595,4500,1,1
"z[90,8]",1,0,1,1,1,1,1,NA,1,0,1
"z[91,8]",1,0,1,1,1,1,1,NA,1,0,1
"z[92,8]",0.513555555555556,0.499871757528332,0,0,1,1,1,1.00050627085889,2388,1,1
"z[93,8]",1,0,1,1,1,1,1,NA,1,0,1
"z[94,8]",1,0,1,1,1,1,1,NA,1,0,1
"z[95,8]",0.328666666666667,0.469780727557959,0,0,0,1,1,1.00050871578895,2694,1,1
"z[96,8]",1,0,1,1,1,1,1,NA,1,0,1
"z[97,8]",1,0,1,1,1,1,1,NA,1,0,1
"z[98,8]",1,0,1,1,1,1,1,NA,1,0,1
"z[99,8]",0.00533333333333333,0.0728427622699364,0,0,0,0,0,1.01761585252646,4500,1,1
"z[100,8]",0.00133333333333333,0.0364945409967103,0,0,0,0,0,1.03900028931154,4500,1,1
"z[101,8]",0.00577777777777778,0.0758002102747823,0,0,0,0,0,1.04247355050921,1908,1,1
"z[102,8]",0.00933333333333333,0.0961679644942985,0,0,0,0,0,1.01576429909377,3286,1,1
"z[103,8]",0.0502222222222222,0.218427454690079,0,0,0,0,1,1.00084714721999,4500,1,1
"z[104,8]",0.00177777777777778,0.0421308880870312,0,0,0,0,0,1.08837125013206,2765,1,1
"z[105,8]",1,0,1,1,1,1,1,NA,1,0,1
"z[106,8]",1,0,1,1,1,1,1,NA,1,0,1
"z[107,8]",1,0,1,1,1,1,1,NA,1,0,1
"z[108,8]",1,0,1,1,1,1,1,NA,1,0,1
"z[109,8]",0.00266666666666667,0.0515766100016907,0,0,0,0,0,1.0099762458543,4500,1,1
"z[110,8]",0,0,0,0,0,0,0,NA,1,1,1
"z[111,8]",0.000222222222222222,0.0149071198499986,0,0,0,0,0,1.29093398298233,4500,1,1
"z[112,8]",0.000888888888888889,0.0298042977535084,0,0,0,0,0,1.02957562893154,4500,1,1
"z[113,8]",0.000666666666666667,0.0258141493083176,0,0,0,0,0,1.13377982835195,4498,1,1
"z[114,8]",0.00288888888888889,0.0536766566849176,0,0,0,0,0,1.05188194987867,3071,1,1
"z[115,8]",0.002,0.0446815807032984,0,0,0,0,0,1.13431201396164,1498,1,1
"z[116,8]",1,0,1,1,1,1,1,NA,1,0,1
"z[117,8]",0.492222222222222,0.49999506060636,0,0,0,1,1,0.999868619493473,4500,1,1
"z[118,8]",0.973555555555556,0.160470739436839,0,1,1,1,1,1.00381215249715,4500,1,1
"z[119,8]",1,0,1,1,1,1,1,NA,1,0,1
"z[120,8]",0.959777777777778,0.196501846614733,0,1,1,1,1,1.0003776323295,4500,1,1
"z[121,8]",1,0,1,1,1,1,1,NA,1,0,1
"z[122,8]",0.00155555555555556,0.0394142235807543,0,0,0,0,0,1.0097473778051,4500,1,1
"z[123,8]",0.00177777777777778,0.0421308880870312,0,0,0,0,0,1.0296375030843,4500,1,1
"z[124,8]",0.000888888888888889,0.0298042977535084,0,0,0,0,0,1.10540023626025,4497,1,1
"z[125,8]",1,0,1,1,1,1,1,NA,1,0,1
"z[126,8]",1,0,1,1,1,1,1,NA,1,0,1
"z[127,8]",0.000222222222222222,0.0149071198499986,0,0,0,0,0,1.29093398298233,4500,1,1
"z[128,8]",0.000444444444444444,0.0210795079890303,0,0,0,0,0,1.10528646876281,4500,1,1
"z[129,8]",0.000444444444444444,0.0210795079890303,0,0,0,0,0,1.10528646876281,4500,1,1
"z[130,8]",0.000666666666666667,0.0258141493083176,0,0,0,0,0,1.29167562882982,1500,1,1
"z[131,8]",0.00133333333333333,0.0364945409967103,0,0,0,0,0,1.2055506609676,1285,1,1
"z[132,8]",0.0191111111111111,0.136930797191431,0,0,0,0,0,1.01177236720092,2170,1,1
"z[133,8]",0.163555555555556,0.369912886638286,0,0,0,0,1,1.00091490849293,2920,1,1
"z[134,8]",1,0,1,1,1,1,1,NA,1,0,1
"z[135,8]",0,0,0,0,0,0,0,NA,1,1,1
"z[136,8]",0.0357777777777778,0.185756281888117,0,0,0,0,1,1.00068069236543,4500,1,1
"z[137,8]",0.000222222222222222,0.0149071198499986,0,0,0,0,0,1.29093398298233,4500,1,1
"z[138,8]",0.982444444444444,0.13134379171788,1,1,1,1,1,1.00024710853064,4500,0,1
"z[139,8]",0.986222222222222,0.116580319235386,1,1,1,1,1,1.00020112059105,4500,0,1
"z[140,8]",0.924888888888889,0.263599835321828,0,1,1,1,1,1.00251043558697,2531,1,1
"z[141,8]",0.986,0.11750348180963,1,1,1,1,1,1.00583135989628,4500,0,1
"z[142,8]",0.000222222222222222,0.0149071198499986,0,0,0,0,0,1.29093398298233,4500,1,1
"z[143,8]",0.000222222222222222,0.0149071198499986,0,0,0,0,0,1.29093398298233,4500,1,1
"z[144,8]",0.000222222222222222,0.0149071198499986,0,0,0,0,0,1.29093398298233,4500,1,1
"z[145,8]",1,0,1,1,1,1,1,NA,1,0,1
"z[146,8]",0.0113333333333333,0.105864911172911,0,0,0,0,0,NA,4500,1,1
"z[147,8]",1,0,1,1,1,1,1,NA,1,0,1
"z[148,8]",0.0133333333333333,0.11471041653724,0,0,0,0,0,1.01513574703163,2401,1,1
"z[149,8]",0.512888888888889,0.499889395289257,0,0,1,1,1,0.999887773887532,4500,1,1
"z[150,8]",0.720444444444444,0.448830717933826,0,0,1,1,1,0.999674520323753,4500,1,1
"z[151,8]",0.937333333333333,0.24238938031912,0,1,1,1,1,1.00043866983666,4500,1,1
"z[152,8]",1,0,1,1,1,1,1,NA,1,0,1
"z[153,8]",0.00244444444444444,0.0493863456663645,0,0,0,0,0,1.04969069831983,3799,1,1
"z[154,8]",0.186,0.389149910460912,0,0,0,0,1,1.00009649119313,4500,1,1
"z[155,8]",1,0,1,1,1,1,1,NA,1,0,1
"z[156,8]",0.0251111111111111,0.15647998127484,0,0,0,0,0.524999999999636,1.00339585820798,4500,1,1
"z[157,8]",0.0102222222222222,0.100598097789677,0,0,0,0,0,1.00350580465093,4500,1,1
"z[158,8]",1,0,1,1,1,1,1,NA,1,0,1
"z[159,8]",1,0,1,1,1,1,1,NA,1,0,1
"z[160,8]",0.996444444444444,0.0595289935189017,1,1,1,1,1,1.0351015531623,3777,0,1
"z[161,8]",0.0788888888888889,0.26959522169686,0,0,0,0,1,1.00011950213783,4500,1,1
"z[162,8]",0.926444444444444,0.261075243046752,0,1,1,1,1,1.00305291542146,2167,1,1
"z[163,8]",0.0135555555555556,0.115649360747383,0,0,0,0,0,1.0030988295649,4500,1,1
"z[164,8]",1,0,1,1,1,1,1,NA,1,0,1
"z[165,8]",0.00533333333333333,0.0728427622699364,0,0,0,0,0,1.01003312809783,4500,1,1
"z[166,8]",1,0,1,1,1,1,1,NA,1,0,1
"z[167,8]",0.0115555555555556,0.106885749673393,0,0,0,0,0,1.00548798669251,4500,1,1
"z[168,8]",0.974444444444444,0.157822698772571,0,1,1,1,1,1.0041027625529,4500,1,1
"z[169,8]",0.950222222222222,0.217509687264132,0,1,1,1,1,1.00810151668633,1242,1,1
"z[170,8]",1,0,1,1,1,1,1,NA,1,0,1
"z[171,8]",0.924666666666667,0.26395777175116,0,1,1,1,1,1.00053538511109,4500,1,1
"z[172,8]",1,0,1,1,1,1,1,NA,1,0,1
"z[173,8]",1,0,1,1,1,1,1,NA,1,0,1
"z[174,8]",0.930666666666667,0.25404835085059,0,1,1,1,1,1.00448476900278,1596,1,1
"z[175,8]",1,0,1,1,1,1,1,NA,1,0,1
"z[176,8]",1,0,1,1,1,1,1,NA,1,0,1
"z[177,8]",0.00288888888888889,0.0536766566849176,0,0,0,0,0,1.01987494187977,4500,1,1
"z[178,8]",0.356222222222222,0.478935197820584,0,0,0,1,1,0.999689606794782,4500,1,1
"z[179,8]",0.340888888888889,0.474060750452833,0,0,0,1,1,1.00148007810171,1230,1,1
"z[180,8]",0.00333333333333333,0.0576451269226114,0,0,0,0,0,1.07180083444577,1870,1,1
"z[181,8]",0.000888888888888889,0.0298042977535084,0,0,0,0,0,1.02957562893154,4500,1,1
"z[182,8]",0.000666666666666667,0.0258141493083176,0,0,0,0,0,1.13377982835195,4498,1,1
"z[183,8]",0.000444444444444444,0.0210795079890303,0,0,0,0,0,1.10528646876281,4500,1,1
"z[184,8]",0,0,0,0,0,0,0,NA,1,1,1
"z[185,8]",0.000222222222222222,0.0149071198499986,0,0,0,0,0,1.29093398298233,4500,1,1
"z[186,8]",1,0,1,1,1,1,1,NA,1,0,1
"z[187,8]",0.483555555555556,0.499785041837245,0,0,0,1,1,1.0025652326083,696,1,1
"z[188,8]",0.498888888888889,0.500054330109907,0,0,0,1,1,1.0019560921533,879,1,1
"z[189,8]",0.582666666666667,0.493173672423185,0,0,1,1,1,1.00348851855414,543,1,1
"z[190,8]",0.484444444444444,0.499813504030347,0,0,0,1,1,1.00076406607274,1829,1,1
"z[191,8]",0.782222222222222,0.41278139661439,0,1,1,1,1,1.0081447087116,348,1,1
"z[192,8]",0.739777777777778,0.438804519166392,0,0,1,1,1,1.00219418742572,1035,1,1
"z[193,8]",1,0,1,1,1,1,1,NA,1,0,1
"z[194,8]",0.660444444444444,0.473611049640584,0,0,1,1,1,1.00394266063341,525,1,1
"z[195,8]",0.581777777777778,0.493321879203579,0,0,1,1,1,1.00227981237734,793,1,1
"z[196,8]",0.718888888888889,0.44959156205435,0,0,1,1,1,1.00387782510379,591,1,1
"z[197,8]",0.474,0.499379032047168,0,0,0,1,1,1.00438686992729,430,1,1
"z[198,8]",1,0,1,1,1,1,1,NA,1,0,1
"z[199,8]",0.382888888888889,0.486145561638017,0,0,0,1,1,1.00398365811689,494,1,1
"z[200,8]",0.676888888888889,0.467716724186892,0,0,1,1,1,1.00341284474105,612,1,1
"z[1,9]",1,0,1,1,1,1,1,NA,1,0,1
"z[2,9]",1,0,1,1,1,1,1,NA,1,0,1
"z[3,9]",0.00866666666666667,0.0927009450571682,0,0,0,0,0,1.01151180273602,4500,1,1
"z[4,9]",0.0562222222222222,0.230375949195969,0,0,0,0,1,1.00025314205757,4500,1,1
"z[5,9]",1,0,1,1,1,1,1,NA,1,0,1
"z[6,9]",0.00666666666666667,0.0813860808385347,0,0,0,0,0,1.00135104912971,4500,1,1
"z[7,9]",1,0,1,1,1,1,1,NA,1,0,1
"z[8,9]",0.00488888888888889,0.069757214702053,0,0,0,0,0,1.03056849282155,3179,1,1
"z[9,9]",1,0,1,1,1,1,1,NA,1,0,1
"z[10,9]",1,0,1,1,1,1,1,NA,1,0,1
"z[11,9]",1,0,1,1,1,1,1,NA,1,0,1
"z[12,9]",1,0,1,1,1,1,1,NA,1,0,1
"z[13,9]",1,0,1,1,1,1,1,NA,1,0,1
"z[14,9]",0.154444444444444,0.361414422480432,0,0,0,0,1,1.0012002415306,2489,1,1
"z[15,9]",0.223333333333333,0.416526241432852,0,0,0,0,1,0.999787111345322,4500,1,1
"z[16,9]",0.866444444444444,0.340211978135586,0,1,1,1,1,1.00047068113788,4500,1,1
"z[17,9]",0.892444444444444,0.309852696115214,0,1,1,1,1,1.00022300014786,4500,1,1
"z[18,9]",0.892888888888889,0.309288827266365,0,1,1,1,1,0.9997502155832,4500,1,1
"z[19,9]",0.398222222222222,0.489586100094805,0,0,0,1,1,1.00006194663797,4500,1,1
"z[20,9]",0.912444444444444,0.282678859190088,0,1,1,1,1,1.00168366836595,3094,1,1
"z[21,9]",0.207777777777778,0.405761950063745,0,0,0,0,1,1.00036762590728,4336,1,1
"z[22,9]",0.361777777777778,0.480568349565013,0,0,0,1,1,0.99974767053236,4500,1,1
"z[23,9]",0.44,0.496442109138781,0,0,0,1,1,0.999960717691596,4500,1,1
"z[24,9]",0.500222222222222,0.500055515428323,0,0,1,1,1,1.00050864241546,2380,1,1
"z[25,9]",0.943333333333333,0.231230268797726,0,1,1,1,1,1.00031404759763,4500,1,1
"z[26,9]",0.930888888888889,0.253671175391235,0,1,1,1,1,1.0003336618092,4500,1,1
"z[27,9]",0.940666666666667,0.236273770253685,0,1,1,1,1,1.00083176839874,4500,1,1
"z[28,9]",0.0135555555555556,0.115649360747383,0,0,0,0,0,1.0030988295649,4500,1,1
"z[29,9]",0.0144444444444444,0.119327141438796,0,0,0,0,0,1.00558842976441,4500,1,1
"z[30,9]",0.976,0.153066020038189,1,1,1,1,1,1.00820853360173,2472,0,1
"z[31,9]",0.955333333333333,0.206593901727913,0,1,1,1,1,1.00198009256494,4500,1,1
"z[32,9]",0.976888888888889,0.150273104306291,1,1,1,1,1,1.00333084572888,4500,0,1
"z[33,9]",1,0,1,1,1,1,1,NA,1,0,1
"z[34,9]",1,0,1,1,1,1,1,NA,1,0,1
"z[35,9]",1,0,1,1,1,1,1,NA,1,0,1
"z[36,9]",1,0,1,1,1,1,1,NA,1,0,1
"z[37,9]",0.00222222222222222,0.0470932775447189,0,0,0,0,0,1.00465090130556,4500,1,1
"z[38,9]",0.00133333333333333,0.0364945409967103,0,0,0,0,0,1.03900028931154,4500,1,1
"z[39,9]",0.008,0.08909412970305,0,0,0,0,0,1.00433814824978,4500,1,1
"z[40,9]",1,0,1,1,1,1,1,NA,1,0,1
"z[41,9]",0.0271111111111111,0.162425248725456,0,0,0,0,1,1.01145718161692,1586,1,1
"z[42,9]",0.0635555555555556,0.243986630137708,0,0,0,0,1,1.00536606788382,1465,1,1
"z[43,9]",0.251333333333333,0.433827975818527,0,0,0,1,1,0.999691697853517,4500,1,1
"z[44,9]",0.930888888888889,0.253671175391235,0,1,1,1,1,1.00063915171682,4500,1,1
"z[45,9]",0.723333333333333,0.447399937094247,0,0,1,1,1,1.00094973554009,1956,1,1
"z[46,9]",0.959777777777778,0.196501846614733,0,1,1,1,1,1.00137126165596,4500,1,1
"z[47,9]",0.145111111111111,0.352251969758594,0,0,0,0,1,1.000158098449,4500,1,1
"z[48,9]",0.000222222222222222,0.0149071198499986,0,0,0,0,0,1.29093398298233,4500,1,1
"z[49,9]",0.0815555555555556,0.273716817169827,0,0,0,0,1,1.00419180950926,1469,1,1
"z[50,9]",0.000666666666666667,0.0258141493083176,0,0,0,0,0,1.13377982835195,4498,1,1
"z[51,9]",0.002,0.0446815807032984,0,0,0,0,0,1.01775579934475,4500,1,1
"z[52,9]",0,0,0,0,0,0,0,NA,1,1,1
"z[53,9]",1,0,1,1,1,1,1,NA,1,0,1
"z[54,9]",0,0,0,0,0,0,0,NA,1,1,1
"z[55,9]",0.066,0.248309689121249,0,0,0,0,1,1.00147939670578,4475,1,1
"z[56,9]",0.000222222222222222,0.0149071198499986,0,0,0,0,0,1.29093398298233,4500,1,1
"z[57,9]",0.718222222222222,0.449915597472985,0,0,1,1,1,1.00039154935798,3405,1,1
"z[58,9]",0.0106666666666667,0.102738670891514,0,0,0,0,0,1.02348168043463,1926,1,1
"z[59,9]",1,0,1,1,1,1,1,NA,1,0,1
"z[60,9]",1,0,1,1,1,1,1,NA,1,0,1
"z[61,9]",0.002,0.0446815807032984,0,0,0,0,0,1.0512219283661,4492,1,1
"z[62,9]",0.000666666666666667,0.0258141493083176,0,0,0,0,0,1.13377982835195,4498,1,1
"z[63,9]",0.00222222222222222,0.0470932775447189,0,0,0,0,0,1.03308734033364,4500,1,1
"z[64,9]",0.00177777777777778,0.0421308880870312,0,0,0,0,0,1.0296375030843,4500,1,1
"z[65,9]",0,0,0,0,0,0,0,NA,1,1,1
"z[66,9]",0.000888888888888889,0.0298042977535084,0,0,0,0,0,1.02957562893154,4500,1,1
"z[67,9]",0,0,0,0,0,0,0,NA,1,1,1
"z[68,9]",0.000888888888888889,0.0298042977535084,0,0,0,0,0,1.02957562893154,4500,1,1
"z[69,9]",0.0195555555555556,0.13848248064772,0,0,0,0,0,1.00013642672836,4500,1,1
"z[70,9]",1,0,1,1,1,1,1,NA,1,0,1
"z[71,9]",1,0,1,1,1,1,1,NA,1,0,1
"z[72,9]",1,0,1,1,1,1,1,NA,1,0,1
"z[73,9]",1,0,1,1,1,1,1,NA,1,0,1
"z[74,9]",1,0,1,1,1,1,1,NA,1,0,1
"z[75,9]",1,0,1,1,1,1,1,NA,1,0,1
"z[76,9]",1,0,1,1,1,1,1,NA,1,0,1
"z[77,9]",0.0231111111111111,0.150273104306291,0,0,0,0,0,1.0049110512509,4195,1,1
"z[78,9]",0.0111111111111111,0.104833661410201,0,0,0,0,0,1.01192085265378,3649,1,1
"z[79,9]",1,0,1,1,1,1,1,NA,1,0,1
"z[80,9]",1,0,1,1,1,1,1,NA,1,0,1
"z[81,9]",0.0766666666666667,0.266091381389197,0,0,0,0,1,0.999947565080912,4500,1,1
"z[82,9]",1,0,1,1,1,1,1,NA,1,0,1
"z[83,9]",0.0386666666666667,0.192820688042738,0,0,0,0,1,1.00036234818581,4500,1,1
"z[84,9]",0.861333333333333,0.3456367601238,0,1,1,1,1,1.00089442223933,3403,1,1
"z[85,9]",0.877777777777778,0.327578687942835,0,1,1,1,1,1.00089345760767,3806,1,1
"z[86,9]",0.000666666666666667,0.0258141493083176,0,0,0,0,0,1.13377982835195,4498,1,1
"z[87,9]",1,0,1,1,1,1,1,NA,1,0,1
"z[88,9]",0.00444444444444444,0.0665257457028688,0,0,0,0,0,1.01567977518289,4500,1,1
"z[89,9]",0.00977777777777778,0.0984089676386699,0,0,0,0,0,1.01689447331202,2927,1,1
"z[90,9]",1,0,1,1,1,1,1,NA,1,0,1
"z[91,9]",1,0,1,1,1,1,1,NA,1,0,1
"z[92,9]",1,0,1,1,1,1,1,NA,1,0,1
"z[93,9]",1,0,1,1,1,1,1,NA,1,0,1
"z[94,9]",1,0,1,1,1,1,1,NA,1,0,1
"z[95,9]",0.234666666666667,0.423837400201175,0,0,0,0,1,1.00037789589813,3924,1,1
"z[96,9]",0.00955555555555555,0.0972951722699289,0,0,0,0,0,1.00811289568028,4500,1,1
"z[97,9]",0.0282222222222222,0.165625554658784,0,0,0,0,1,1.00028975159241,4500,1,1
"z[98,9]",0.00244444444444444,0.0493863456663645,0,0,0,0,0,1.015878473234,4500,1,1
"z[99,9]",0.0124444444444444,0.11087069888737,0,0,0,0,0,1.0080588726158,4500,1,1
"z[100,9]",0.00133333333333333,0.0364945409967103,0,0,0,0,0,1.1055143248586,2997,1,1
"z[101,9]",0.00666666666666667,0.0813860808385347,0,0,0,0,0,1.00135104912971,4500,1,1
"z[102,9]",0.0102222222222222,0.100598097789677,0,0,0,0,0,1.00278611783273,4500,1,1
"z[103,9]",0.0495555555555556,0.217049006950826,0,0,0,0,1,1.0019719796105,4500,1,1
"z[104,9]",0.00288888888888889,0.0536766566849176,0,0,0,0,0,1.00262879405446,4500,1,1
"z[105,9]",1,0,1,1,1,1,1,NA,1,0,1
"z[106,9]",1,0,1,1,1,1,1,NA,1,0,1
"z[107,9]",1,0,1,1,1,1,1,NA,1,0,1
"z[108,9]",1,0,1,1,1,1,1,NA,1,0,1
"z[109,9]",0.000444444444444444,0.0210795079890303,0,0,0,0,0,1.10528646876281,4500,1,1
"z[110,9]",0.000444444444444444,0.0210795079890303,0,0,0,0,0,1.10528646876281,4500,1,1
"z[111,9]",0.000222222222222222,0.0149071198499986,0,0,0,0,0,1.29093398298233,4500,1,1
"z[112,9]",0.0282222222222222,0.165625554658784,0,0,0,0,1,1.00497219826286,3408,1,1
"z[113,9]",0,0,0,0,0,0,0,NA,1,1,1
"z[114,9]",0.002,0.0446815807032984,0,0,0,0,0,1.01775579934475,4500,1,1
"z[115,9]",0.00177777777777778,0.0421308880870312,0,0,0,0,0,1.0296375030843,4500,1,1
"z[116,9]",0.184222222222222,0.387708394308229,0,0,0,0,1,1.00024691966148,4500,1,1
"z[117,9]",0.327555555555556,0.469373914671421,0,0,0,1,1,1.00052142105622,2664,1,1
"z[118,9]",0.954888888888889,0.207570887552932,0,1,1,1,1,0.999679911426005,4500,1,1
"z[119,9]",1,0,1,1,1,1,1,NA,1,0,1
"z[120,9]",0.955111111111111,0.207083090060559,0,1,1,1,1,1.00643456117552,1710,1,1
"z[121,9]",1,0,1,1,1,1,1,NA,1,0,1
"z[122,9]",0.0202222222222222,0.140775309913555,0,0,0,0,0,1.00460517599911,4500,1,1
"z[123,9]",0.0257777777777778,0.158489324311835,0,0,0,0,1,1.00111171697032,4500,1,1
"z[124,9]",0.022,0.146699633251375,0,0,0,0,0,1.00269064285249,4500,1,1
"z[125,9]",1,0,1,1,1,1,1,NA,1,0,1
"z[126,9]",0.922222222222222,0.267851336095241,0,1,1,1,1,1.00425013896107,1512,1,1
"z[127,9]",0.000888888888888889,0.0298042977535084,0,0,0,0,0,1.02957562893154,4500,1,1
"z[128,9]",0.00288888888888889,0.0536766566849176,0,0,0,0,0,1.01987494187977,4500,1,1
"z[129,9]",0.00155555555555556,0.0394142235807543,0,0,0,0,0,1.0097473778051,4500,1,1
"z[130,9]",0.00111111111111111,0.033318511930496,0,0,0,0,0,1.07137218653062,4500,1,1
"z[131,9]",1,0,1,1,1,1,1,NA,1,0,1
"z[132,9]",0.0104444444444444,0.10167426066326,0,0,0,0,0,1.00608069684322,4500,1,1
"z[133,9]",1,0,1,1,1,1,1,NA,1,0,1
"z[134,9]",1,0,1,1,1,1,1,NA,1,0,1
"z[135,9]",0.032,0.176019558815419,0,0,0,0,1,1.00182407986128,4500,1,1
"z[136,9]",0.0391111111111111,0.193880853578703,0,0,0,0,1,1.00183119110357,4500,1,1
"z[137,9]",0.00177777777777778,0.0421308880870312,0,0,0,0,0,1.007413097858,4500,1,1
"z[138,9]",0.973111111111111,0.161776674693452,0,1,1,1,1,1.00067437100754,4500,1,1
"z[139,9]",1,0,1,1,1,1,1,NA,1,0,1
"z[140,9]",1,0,1,1,1,1,1,NA,1,0,1
"z[141,9]",1,0,1,1,1,1,1,NA,1,0,1
"z[142,9]",0.000444444444444444,0.0210795079890303,0,0,0,0,0,1.10528646876281,4500,1,1
"z[143,9]",0.000222222222222222,0.0149071198499986,0,0,0,0,0,1.29093398298233,4500,1,1
"z[144,9]",0,0,0,0,0,0,0,NA,1,1,1
"z[145,9]",0.677555555555556,0.467463993550157,0,0,1,1,1,1.00007171050463,4500,1,1
"z[146,9]",0.248444444444444,0.43215888858307,0,0,0,0,1,0.999828646228179,4500,1,1
"z[147,9]",1,0,1,1,1,1,1,NA,1,0,1
"z[148,9]",1,0,1,1,1,1,1,NA,1,0,1
"z[149,9]",0.67,0.470264972387141,0,0,1,1,1,1.00055939946777,2539,1,1
"z[150,9]",0.634666666666667,0.481577019668107,0,0,1,1,1,1.00002330268135,4500,1,1
"z[151,9]",0.930222222222222,0.254800445248467,0,1,1,1,1,1.00093629392843,4500,1,1
"z[152,9]",1,0,1,1,1,1,1,NA,1,0,1
"z[153,9]",0.00866666666666667,0.0927009450571682,0,0,0,0,0,1.01246236211681,4462,1,1
"z[154,9]",0.0142222222222222,0.118419030794728,0,0,0,0,0,1.00354140681131,4500,1,1
"z[155,9]",1,0,1,1,1,1,1,NA,1,0,1
"z[156,9]",1,0,1,1,1,1,1,NA,1,0,1
"z[157,9]",1,0,1,1,1,1,1,NA,1,0,1
"z[158,9]",1,0,1,1,1,1,1,NA,1,0,1
"z[159,9]",0.433555555555556,0.495620542761747,0,0,0,1,1,1.00028816540587,3281,1,1
"z[160,9]",1,0,1,1,1,1,1,NA,1,0,1
"z[161,9]",0.076,0.265027562343912,0,0,0,0,1,1.00044776399773,4500,1,1
"z[162,9]",1,0,1,1,1,1,1,NA,1,0,1
"z[163,9]",1,0,1,1,1,1,1,NA,1,0,1
"z[164,9]",1,0,1,1,1,1,1,NA,1,0,1
"z[165,9]",1,0,1,1,1,1,1,NA,1,0,1
"z[166,9]",0.904,0.294623980049003,0,1,1,1,1,1.00162298509805,2945,1,1
"z[167,9]",0.480888888888889,0.499690156151589,0,0,0,1,1,0.999707413843768,4500,1,1
"z[168,9]",0.969333333333333,0.17243210118093,0,1,1,1,1,1.00142153871751,4500,1,1
"z[169,9]",0.948666666666667,0.220701260655139,0,1,1,1,1,1.00032150434969,4500,1,1
"z[170,9]",0.967777777777778,0.176609404971474,0,1,1,1,1,1.00197041244699,4500,1,1
"z[171,9]",1,0,1,1,1,1,1,NA,1,0,1
"z[172,9]",1,0,1,1,1,1,1,NA,1,0,1
"z[173,9]",1,0,1,1,1,1,1,NA,1,0,1
"z[174,9]",1,0,1,1,1,1,1,NA,1,0,1
"z[175,9]",1,0,1,1,1,1,1,NA,1,0,1
"z[176,9]",1,0,1,1,1,1,1,NA,1,0,1
"z[177,9]",0.00755555555555556,0.0866033246050876,0,0,0,0,0,1.00532486120142,4500,1,1
"z[178,9]",0.403777777777778,0.490708461211765,0,0,0,1,1,0.999679812224571,4500,1,1
"z[179,9]",0.374444444444444,0.484032918756003,0,0,0,1,1,1.00029460987851,3399,1,1
"z[180,9]",0.0373333333333333,0.189598375253176,0,0,0,0,1,1.00006793834137,4500,1,1
"z[181,9]",0,0,0,0,0,0,0,NA,1,1,1
"z[182,9]",0,0,0,0,0,0,0,NA,1,1,1
"z[183,9]",0,0,0,0,0,0,0,NA,1,1,1
"z[184,9]",0.000222222222222222,0.0149071198499986,0,0,0,0,0,1.29093398298233,4500,1,1
"z[185,9]",0.00133333333333333,0.0364945409967103,0,0,0,0,0,1.13404536757886,2248,1,1
"z[186,9]",0.767777777777778,0.422296923573775,0,1,1,1,1,1.00670140706655,399,1,1
"z[187,9]",0.490222222222222,0.499959940110648,0,0,0,1,1,1.0061277124652,315,1,1
"z[188,9]",0.501555555555556,0.500053144788681,0,0,1,1,1,1.00323105940047,566,1,1
"z[189,9]",0.599555555555556,0.490042912671345,0,0,1,1,1,1.00325417558831,585,1,1
"z[190,9]",0.519555555555556,0.499672956192184,0,0,1,1,1,1.00119641016674,1315,1,1
"z[191,9]",1,0,1,1,1,1,1,NA,1,0,1
"z[192,9]",0.749777777777778,0.433189060737051,0,0,1,1,1,1.00354140547488,693,1,1
"z[193,9]",0.716888888888889,0.450560009264124,0,0,1,1,1,1.00530106756999,440,1,1
"z[194,9]",0.698888888888889,0.458791875940345,0,0,1,1,1,1.00260324006329,814,1,1
"z[195,9]",0.623555555555556,0.484547417083546,0,0,1,1,1,1.00233721187992,804,1,1
"z[196,9]",1,0,1,1,1,1,1,NA,1,0,1
"z[197,9]",0.472222222222222,0.499283277769074,0,0,0,1,1,1.00517194207037,370,1,1
"z[198,9]",0.512,0.499911528069583,0,0,1,1,1,1.00525735097291,363,1,1
"z[199,9]",0.410444444444444,0.491969092231259,0,0,0,1,1,1.00084601662292,1757,1,1
"z[200,9]",0.693333333333333,0.461161015380892,0,0,1,1,1,1.00216826032696,946,1,1
"deviance",2558.70330701852,32.7218389840318,2498.33498082942,2535.8647091908,2557.82430095403,2579.8376629868,2625.35947787122,1.00075919194968,2633,0,1
