"parameter","mean","sd","2.5%","25%","50%","75%","97.5%","Rhat","n.eff","overlap0","f"
"a.psi[1]",-3.0021364189903,0.955261454046735,-5.04290214014908,-3.61465496414053,-2.9397500231556,-2.33771560509154,-1.30201696025032,1.00177144207647,1091,0,1
"a.psi[2]",0.44521541233969,0.49702908933723,-0.518065758321351,0.11498833419098,0.441667055392422,0.779702308715644,1.43008880651907,1.00024375480201,3809,1,0.810444444444444
"a.psi[3]",1.76947082650734,0.667798911620603,0.67693004617297,1.29929358559814,1.6940126136323,2.1560965245598,3.30228487673577,1.00114389452721,2640,0,0.999555555555556
"a.psi[4]",0.618111177616074,0.457866170484116,-0.242618139294463,0.301218150402372,0.597676643523547,0.910109458444446,1.57606449913042,1.00215216755678,2818,1,0.917111111111111
"a.psi[5]",-0.147662623634695,0.396708964140194,-0.925619156984769,-0.404537952528858,-0.152941096275451,0.116898882132646,0.638727893011103,1.0002593251477,4500,1,0.654444444444444
"b.psi.elev",-0.220373351841307,0.298979052677974,-0.819866109993157,-0.41630260498884,-0.216282951778704,-0.0235779194287644,0.367366413278992,1.0015180812921,1089,1,0.771555555555556
"b.psi.water",-0.0289822443677246,0.218566465570855,-0.470428765160117,-0.170249495817161,-0.0237419456601686,0.113949451869213,0.401144956993201,1.00025356070668,4500,1,0.546222222222222
"a.gam[1]",-2.28458920976359,0.603907471774065,-3.5201394218361,-2.66980428942087,-2.26527091792993,-1.87373829048916,-1.16123240731091,1.00010863923399,4500,0,1
"a.gam[2]",0.319957116988667,0.490125545020745,-0.624659805388235,-0.00903299911236341,0.309127018865931,0.638017302648935,1.30976279751046,1.00010945885397,4500,1,0.746
"a.gam[3]",-1.37786020561384,0.502621452823377,-2.41644925492953,-1.70845853412916,-1.36664591474122,-1.02880276460623,-0.440174701024054,1.00103877649134,1561,0,0.998222222222222
"a.gam[4]",0.270261819957043,0.412568249893741,-0.510288934107529,0.000911414556752102,0.250004953943816,0.545277393747629,1.12482071093175,1.00063270436082,2683,1,0.750666666666667
"a.gam[5]",-0.004595513975802,0.396348557361192,-0.776878788857825,-0.268986175295377,-0.00685264913892414,0.252139068630155,0.777560451915934,1.00094458953264,1902,1,0.507777777777778
"b.gam.elev",0.186094632105178,0.217687441454909,-0.223091636096972,0.0360259635627869,0.182123358982183,0.325889684648553,0.637008576436294,1.00027436349675,4500,1,0.806222222222222
"b.gam.water",-0.276353292073562,0.189760106929655,-0.665807472965754,-0.403607986409241,-0.272619045838985,-0.151080354463035,0.0861398179463198,1.00098328261032,1661,1,0.929333333333333
"b.gam.road",-0.325648432763841,0.185724291837091,-0.71248584535521,-0.445642832105088,-0.319108873898701,-0.198087830446473,0.0211342244839921,1.00030837160309,3635,1,0.967777777777778
"b.gam.harv",-0.0164424451030432,0.168841686366207,-0.351396735557994,-0.126871200457882,-0.017288217135227,0.0963288760244565,0.309261003319467,1.00063579012734,4356,1,0.536222222222222
"a.phi[1]",1.92284692096058,1.15426269716998,-0.283757985121688,1.14221667470052,1.88725947391251,2.64766384308517,4.30131043248208,0.999739423842188,4500,1,0.959555555555556
"a.phi[2]",1.80613346051348,0.694633156458376,0.1663849072786,1.40811133511762,1.87199335086327,2.26443741972684,2.98237710549045,1.00908531456689,460,0,0.984666666666667
"a.phi[3]",2.28906744682718,0.716750399796798,0.625329545717177,1.88570756658283,2.34999386980962,2.75518794615451,3.57700853485688,1.00922687623097,267,0,0.994222222222222
"a.phi[4]",0.267842647249273,0.653053241301433,-1.33984239534898,-0.0778624827604605,0.374709616304322,0.719320928568116,1.27664934076059,1.01054598413233,287,1,0.717333333333333
"a.phi[5]",1.75908774900246,0.691572373455562,0.0897118246321939,1.38023177399648,1.83852074648706,2.22796227938997,2.90078441860043,1.01016891046355,321,0,0.978666666666667
"b.phi.elev",-0.0758400653576338,0.22492325999853,-0.50796134294724,-0.232164624601231,-0.0742324424679214,0.0736586143308606,0.372461080250804,0.999735957084574,4500,1,0.634666666666667
"b.phi.water",-0.329035741596744,0.214002365280965,-0.783321609042531,-0.464988198456061,-0.320490172785602,-0.177554080272857,0.0494951373222625,1.00001424459833,4500,1,0.949777777777778
"b.phi.road",0.0836290508797909,0.18345517580843,-0.274387199743352,-0.0434859855202364,0.0845530124891715,0.211272917059457,0.438851984961268,1.00072959258412,2179,1,0.671111111111111
"b.phi.harv",0.381637708292824,0.152355062818247,0.0813223212557536,0.280333404996408,0.380232580681703,0.482409439825397,0.684759684108818,0.99999268023258,4500,0,0.992222222222222
"a.p",0.446933743079971,0.158864542229957,0.100280999055173,0.356787588678148,0.449419765312445,0.5390187161323,0.761576422015699,1.01281021064752,212,0,0.991333333333333
"b.p.ak",0.271943617852692,0.345990483752892,-0.407863300479213,0.0421050493817075,0.273600898540395,0.497916469564755,0.956079001659999,0.999929235137017,4500,1,0.786888888888889
"b.p.clutter",0.162547884847585,0.0441398159242624,0.0770089284868518,0.132356235508807,0.162218568662164,0.192344282892958,0.25063323899182,1.00086072857331,1924,0,1
"b.p.temp",0.119610343845933,0.0433918368448841,0.0336753659256731,0.0911734984154572,0.119796006241735,0.149057528038577,0.202417669532069,1.00002039536502,4500,0,0.997333333333333
"b.p.julian",0.154955174801899,0.0481580203461878,0.0608816417860078,0.122616122407307,0.15431315868586,0.187265781987758,0.250006957631741,1.00022075057509,4500,0,0.999555555555556
"sigma.gam",0.479263923906277,0.38568132671103,0.019682315523941,0.209762207862734,0.397885956709205,0.648219293849023,1.42668001674566,1.00217946641566,2955,0,1
"sigma.phi",1.16953990884054,0.902904827524861,0.177428840482979,0.634690450372032,0.958359707795963,1.44909276440879,3.35251986117483,1.03050307021528,274,0,1
"sigma.p",0.377449800404224,0.16642853971782,0.16921467722091,0.268122800272101,0.341066515192974,0.446549963144403,0.802587488211979,1.00329694985943,612,0,1
"eps.gam[1]",-0.299038686335433,0.385196819388752,-1.23446513028311,-0.510207758587672,-0.219677122691744,-0.0206820664499791,0.276823920831053,0.999850622036653,4500,1,0.792666666666667
"eps.gam[2]",0.211098229000343,0.333379211484845,-0.370043234768915,-0.00145360440953108,0.156982320800659,0.407912938768993,0.9749402181302,1.00076109544396,2011,1,0.743555555555556
"eps.gam[3]",-0.0893425181472581,0.353187709696649,-0.911154283348259,-0.257961185515772,-0.0404575600991352,0.0961234632446093,0.573790596904097,1.0000987920196,4500,1,0.592444444444444
"eps.gam[4]",0.185081723794854,0.353459885132824,-0.430297025785075,-0.0188245450646659,0.122083839249032,0.375533210352455,1.0089080453761,1.00082626460717,1825,1,0.704
"eps.gam[5]",-0.359351603844163,0.537389042213329,-1.74833848456359,-0.612627045275154,-0.205811707379385,-0.00353738609249388,0.330837558386917,1.00009641905202,4500,1,0.759777777777778
"eps.gam[6]",-0.0220781982401188,0.350988288162471,-0.787961320981205,-0.185984257526751,-0.00753145269785843,0.156219094317238,0.696521397412807,1.00178573987263,1880,1,0.520888888888889
"eps.phi[1]",-0.249111511847807,0.618783816675876,-1.27654364213324,-0.656813199575595,-0.31376724899205,0.0631613162562384,1.25577893342432,1.00640128812599,684,1,0.709111111111111
"eps.phi[2]",0.42118965434643,0.705226139426773,-0.639172347230661,-0.0554750824332245,0.279466800938181,0.785292437486317,2.12146136648112,1.01047264830345,372,1,0.706444444444444
"eps.phi[3]",0.514535325451792,0.68496095408576,-0.492738518821744,0.0147463142432903,0.399433252139084,0.867496054800965,2.17653755071921,1.00962848972911,318,1,0.764444444444444
"eps.phi[4]",1.48573185238573,0.989591665290694,0.0518593878639519,0.784841566059267,1.3346945635259,2.00062544799686,3.85165957018888,1.00517339533003,493,0,0.984666666666667
"eps.phi[5]",0.707590562465476,0.715060258812778,-0.31952338329805,0.196726437177786,0.562430447517388,1.08868017264073,2.50158566682683,1.0085267577838,379,1,0.877333333333333
"eps.phi[6]",0.84007346730154,0.735898522647318,-0.217130673786238,0.304757385739536,0.711560556219403,1.25237744953384,2.5580070445319,1.01023134310751,314,1,0.912444444444444
"eps.p[1]",-0.282575661334739,0.192753503374699,-0.680960899366878,-0.401034053898828,-0.277483911491411,-0.156221190259018,0.0774903655762352,1.01065664691736,220,1,0.938444444444444
"eps.p[2]",-0.442736601348147,0.199190655691914,-0.862052128071385,-0.566494854432401,-0.436708005687258,-0.311967776012181,-0.0705844270932721,1.00700548115217,297,0,0.990666666666667
"eps.p[3]",0.0265847935504118,0.185111117018581,-0.337642471595222,-0.0915601595308684,0.0256107187856827,0.141315303543904,0.399487443796133,1.00670051292083,420,1,0.558222222222222
"eps.p[4]",0.0752098846715712,0.179550556437848,-0.27348078001489,-0.0358584325867604,0.0713950738397444,0.182587979294158,0.456935693214227,1.01045936180132,243,1,0.672
"eps.p[5]",0.227362063329247,0.189216112888277,-0.13626954808486,0.109409122063364,0.220136668033243,0.33652893598771,0.643337144884179,1.00915223847427,313,1,0.902222222222222
"eps.p[6]",0.0941828205515625,0.184342845885949,-0.257817710523195,-0.0237210585553339,0.0914756910066742,0.206079313750227,0.480935538985689,1.00814492913307,390,1,0.704444444444444
"eps.p[7]",0.334596921113161,0.183524960661218,-0.0227530347419594,0.220573983110506,0.32885777314312,0.443122539761842,0.733033123566474,1.00851762583517,360,1,0.966888888888889
"psi.fs[1]",0.598995555555556,0.0296437689317206,0.545,0.58,0.6,0.62,0.66,0.999956751594544,4500,0,1
"psi.fs[2]",0.589552222222222,0.0321634962799297,0.53,0.57,0.59,0.61,0.655,1.00098893770981,4500,0,1
"psi.fs[3]",0.697695555555556,0.0215306834357147,0.655,0.685,0.7,0.71,0.74,1.00006616126262,4500,0,1
"psi.fs[4]",0.706766666666667,0.0188983370646662,0.67,0.695,0.705,0.72,0.745,1.00015771168213,4500,0,1
"psi.fs[5]",0.789695555555556,0.0164938032583084,0.755,0.78,0.79,0.8,0.82,0.999873369199941,4500,0,1
"psi.fs[6]",0.741506666666667,0.0207458975450031,0.7,0.725,0.74,0.755,0.78,1.00084742112101,4449,0,1
"psi.fs[7]",0.760723333333333,0.0178623727076329,0.725,0.75,0.76,0.775,0.795,1.00009879725327,4500,0,1
"psi.surv[1]",0.575867612293144,0.0188953427203973,0.546099290780142,0.560283687943262,0.574468085106383,0.588652482269504,0.617021276595745,1.00039241432222,2887,0,1
"psi.surv[2]",0.587074074074074,0.0279763223738032,0.54,0.566666666666667,0.586666666666667,0.606666666666667,0.646666666666667,1.00065677699417,4500,0,1
"psi.surv[3]",0.714287581699346,0.015694082036427,0.691176470588235,0.705882352941177,0.713235294117647,0.720588235294118,0.75,1.00054984584918,2860,0,1
"psi.surv[4]",0.713741890959282,0.0139017356931752,0.68944099378882,0.701863354037267,0.714285714285714,0.720496894409938,0.745341614906832,0.999865625293016,4500,0,1
"psi.surv[5]",0.755810035842294,0.0106283510235562,0.741935483870968,0.75,0.758064516129032,0.766129032258065,0.782258064516129,1.00054057629051,2855,0,1
"psi.surv[6]",0.72160756501182,0.0159016543829667,0.695035460992908,0.709219858156028,0.723404255319149,0.730496453900709,0.75177304964539,1.00000040215286,4500,0,1
"psi.surv[7]",0.758890499194847,0.00929307833396345,0.746376811594203,0.753623188405797,0.760869565217391,0.768115942028985,0.782608695652174,0.999676079054189,4500,0,1
"n.occ[1]",119.799111111111,5.92875378634411,109,116,120,124,132,0.999956751594543,4500,0,1
"n.occ[2]",117.910444444444,6.43269925598594,106,114,118,122,131,1.00098893770981,4500,0,1
"n.occ[3]",139.539111111111,4.30613668714294,131,137,140,142,148,1.00006616126262,4500,0,1
"n.occ[4]",141.353333333333,3.77966741293324,134,139,141,144,149,1.00015771168213,4500,0,1
"n.occ[5]",157.939111111111,3.29876065166168,151,156,158,160,164,0.999873369199943,4500,0,1
"n.occ[6]",148.301333333333,4.14917950900062,140,145,148,151,156,1.00084742112102,4449,0,1
"n.occ[7]",152.144666666667,3.57247454152658,145,150,152,155,159,1.00009879725327,4500,0,1
"psi.reg[1,1]",0.00768888888888889,0.0239190141179254,0,0,0,0,0.0666666666666667,1.00165853432713,2240,1,1
"psi.reg[2,1]",0.564119658119658,0.06260817651625,0.435897435897436,0.512820512820513,0.564102564102564,0.615384615384615,0.692307692307692,0.999908299950898,4500,0,1
"psi.reg[3,1]",0.8389,0.0668557914186403,0.7,0.8,0.85,0.883333333333333,0.95,1.00107236495326,1917,0,1
"psi.reg[4,1]",0.623151515151515,0.0627123078747123,0.515151515151515,0.575757575757576,0.606060606060606,0.666666666666667,0.757575757575758,1.00421275757151,454,0,1
"psi.reg[5,1]",0.505379454926625,0.0433848218214258,0.433962264150943,0.471698113207547,0.509433962264151,0.528301886792453,0.60377358490566,0.999838496061577,4500,0,1
"psi.reg[1,2]",0.0182518518518519,0.0340655414981141,0,0,0,0,0.133333333333333,0.999796163609841,4500,1,1
"psi.reg[2,2]",0.645982905982906,0.0509730748215643,0.564102564102564,0.615384615384615,0.641025641025641,0.692307692307692,0.743589743589744,1.00007078297556,4500,0,1
"psi.reg[3,2]",0.746177777777778,0.060633773763124,0.616666666666667,0.7,0.75,0.783333333333333,0.85,1.00039362426896,4500,0,1
"psi.reg[4,2]",0.524518518518518,0.054803536798067,0.424242424242424,0.484848484848485,0.515151515151515,0.545454545454545,0.636363636363636,1.00029050639249,4500,0,1
"psi.reg[5,2]",0.572897274633124,0.0454112577790901,0.490566037735849,0.547169811320755,0.566037735849057,0.60377358490566,0.660377358490566,1.00052895558107,4500,0,1
"psi.reg[1,3]",0.115911111111111,0.0420824641359712,0.0666666666666667,0.0666666666666667,0.133333333333333,0.133333333333333,0.2,0.999804451489291,4500,0,1
"psi.reg[2,3]",0.773931623931624,0.041454954325957,0.692307692307692,0.743589743589744,0.769230769230769,0.794871794871795,0.846153846153846,0.999915061308915,4500,0,1
"psi.reg[3,3]",0.768388888888889,0.0446648229353226,0.683333333333333,0.733333333333333,0.766666666666667,0.8,0.85,0.999850255101743,4500,0,1
"psi.reg[4,3]",0.631023569023569,0.0408487468771632,0.575757575757576,0.606060606060606,0.636363636363636,0.666666666666667,0.727272727272727,0.999866783689216,4500,0,1
"psi.reg[5,3]",0.767735849056604,0.0323755776096524,0.69811320754717,0.754716981132076,0.773584905660377,0.792452830188679,0.830188679245283,0.999943619478087,4500,0,1
"psi.reg[1,4]",0.149807407407407,0.0319172023542833,0.133333333333333,0.133333333333333,0.133333333333333,0.133333333333333,0.2,1.00021938862102,4500,0,1
"psi.reg[2,4]",0.820883190883191,0.0318692400926709,0.769230769230769,0.794871794871795,0.82051282051282,0.846153846153846,0.871794871794872,1.00056875925195,4500,0,1
"psi.reg[3,4]",0.753362962962963,0.0300637589588779,0.7,0.733333333333333,0.75,0.766666666666667,0.8,1.0004177162643,2946,0,1
"psi.reg[4,4]",0.643441077441077,0.0555553612461447,0.545454545454545,0.606060606060606,0.636363636363636,0.666666666666667,0.757575757575758,1.00014608248797,4500,0,1
"psi.reg[5,4]",0.767102725366876,0.0325392993822239,0.69811320754717,0.735849056603774,0.773584905660377,0.792452830188679,0.830188679245283,0.999889610348394,4500,0,1
"psi.reg[1,5]",0.229274074074074,0.0426148417895892,0.2,0.2,0.2,0.266666666666667,0.333333333333333,0.999940826830029,4500,0,1
"psi.reg[2,5]",0.941156695156695,0.0250724382240717,0.897435897435897,0.923076923076923,0.948717948717949,0.948717948717949,0.974358974358974,1.00231873713028,775,0,1
"psi.reg[3,5]",0.7717,0.0282399911140314,0.716666666666667,0.75,0.766666666666667,0.8,0.816666666666667,1.00097281745194,3237,0,1
"psi.reg[4,5]",0.769333333333333,0.0438775800859111,0.696969696969697,0.727272727272727,0.757575757575758,0.787878787878788,0.848484848484849,0.999994721535371,4500,0,1
"psi.reg[5,5]",0.8699035639413,0.028124833161043,0.811320754716981,0.849056603773585,0.867924528301887,0.886792452830189,0.924528301886792,1.0003083018776,3193,0,1
"psi.reg[1,6]",0.288237037037037,0.0349557468323416,0.266666666666667,0.266666666666667,0.266666666666667,0.333333333333333,0.4,0.999948495570782,4500,0,1
"psi.reg[2,6]",0.794849002849003,0.0374006078596083,0.717948717948718,0.769230769230769,0.794871794871795,0.82051282051282,0.871794871794872,0.999921829048051,4500,0,1
"psi.reg[3,6]",0.77717037037037,0.027663592829583,0.716666666666667,0.766666666666667,0.783333333333333,0.8,0.833333333333333,1.00017024802469,4500,0,1
"psi.reg[4,6]",0.698552188552189,0.0546724725449216,0.606060606060606,0.666666666666667,0.696969696969697,0.727272727272727,0.818181818181818,1.00004541530573,4500,0,1
"psi.reg[5,6]",0.816909853249476,0.040418996172484,0.735849056603774,0.792452830188679,0.811320754716981,0.849056603773585,0.886792452830189,1.00071928398665,2732,0,1
"psi.reg[1,7]",0.303437037037037,0.0539930955196636,0.2,0.266666666666667,0.266666666666667,0.333333333333333,0.4,1.00120822028058,3395,0,1
"psi.reg[2,7]",0.919316239316239,0.0265543121388949,0.871794871794872,0.897435897435897,0.923076923076923,0.948717948717949,0.948717948717949,1.00010215206663,4500,0,1
"psi.reg[3,7]",0.776325925925926,0.0234685261906722,0.733333333333333,0.766666666666667,0.783333333333333,0.8,0.816666666666667,1.00161546036626,1427,0,1
"psi.reg[4,7]",0.616969696969697,0.0429852568800856,0.545454545454545,0.575757575757576,0.606060606060606,0.636363636363636,0.696969696969697,1.0003984420692,3268,0,1
"psi.reg[5,7]",0.845287211740042,0.0427770428198317,0.754716981132076,0.811320754716981,0.849056603773585,0.867924528301887,0.924528301886792,0.999737791489896,4500,0,1
"n.occ.reg[1,1]",0.115333333333333,0.358785211768881,0,0,0,0,1,1.00165853432713,2240,1,1
"n.occ.reg[2,1]",22.0006666666667,2.44171888413375,17,20,22,24,27,0.999908299950898,4500,0,1
"n.occ.reg[3,1]",50.334,4.01134748511842,42,48,51,53,57,1.00107236495326,1917,0,1
"n.occ.reg[4,1]",20.564,2.06950615986551,17,19,20,22,25,1.00421275757151,454,0,1
"n.occ.reg[5,1]",26.7851111111111,2.29939555653557,23,25,27,28,32,0.999838496061577,4500,0,1
"n.occ.reg[1,2]",0.273777777777778,0.510983122471711,0,0,0,0,2,0.999796163609841,4500,1,1
"n.occ.reg[2,2]",25.1933333333333,1.98794991804101,22,24,25,27,29,1.00007078297556,4500,0,1
"n.occ.reg[3,2]",44.7706666666667,3.63802642578744,37,42,45,47,51,1.00039362426896,4500,0,1
"n.occ.reg[4,2]",17.3091111111111,1.80851671433621,14,16,17,18,21,1.00029050639249,4500,0,1
"n.occ.reg[5,2]",30.3635555555556,2.40679666229178,26,29,30,32,35,1.00052895558107,4500,0,1
"n.occ.reg[1,3]",1.73866666666667,0.631236962039568,1,1,2,2,3,0.999804451489291,4500,0,1
"n.occ.reg[2,3]",30.1833333333333,1.61674321871232,27,29,30,31,33,0.999915061308915,4500,0,1
"n.occ.reg[3,3]",46.1033333333333,2.67988937611935,41,44,46,48,51,0.999850255101743,4500,0,1
"n.occ.reg[4,3]",20.8237777777778,1.34800864694639,19,20,21,22,24,0.999866783689216,4500,0,1
"n.occ.reg[5,3]",40.69,1.71590561331158,37,40,41,42,44,0.999943619478087,4500,0,1
"n.occ.reg[1,4]",2.24711111111111,0.47875803531425,2,2,2,2,3,1.00021938862102,4500,0,1
"n.occ.reg[2,4]",32.0144444444444,1.24290036361416,30,31,32,33,34,1.00056875925195,4500,0,1
"n.occ.reg[3,4]",45.2017777777778,1.80382553753267,42,44,45,46,48,1.0004177162643,2946,0,1
"n.occ.reg[4,4]",21.2335555555556,1.83332692112278,18,20,21,22,25,1.00014608248797,4500,0,1
"n.occ.reg[5,4]",40.6564444444444,1.72458286725787,37,39,41,42,44,0.999889610348394,4500,0,1
"n.occ.reg[1,5]",3.43911111111111,0.639222626843838,3,3,3,4,5,0.999940826830029,4500,0,1
"n.occ.reg[2,5]",36.7051111111111,0.977825090738798,35,36,37,37,38,1.00231873713028,775,0,1
"n.occ.reg[3,5]",46.302,1.69439946684188,43,45,46,48,49,1.00097281745194,3237,0,1
"n.occ.reg[4,5]",25.388,1.44796014283507,23,24,25,26,28,0.999994721535371,4500,0,1
"n.occ.reg[5,5]",46.1048888888889,1.49061615753528,43,45,46,47,49,1.0003083018776,3193,0,1
"n.occ.reg[1,6]",4.32355555555556,0.524336202485125,4,4,4,5,6,0.999948495570782,4500,0,1
"n.occ.reg[2,6]",30.9991111111111,1.45862370652473,28,30,31,32,34,0.999921829048051,4500,0,1
"n.occ.reg[3,6]",46.6302222222222,1.65981556977498,43,46,47,48,50,1.00017024802469,4500,0,1
"n.occ.reg[4,6]",23.0522222222222,1.80419159398241,20,22,23,24,27,1.00004541530573,4500,0,1
"n.occ.reg[5,6]",43.2962222222222,2.14220679714165,39,42,43,45,47,1.00071928398665,2732,0,1
"n.occ.reg[1,7]",4.55155555555556,0.809896432794954,3,4,4,5,6,1.00120822028058,3395,0,1
"n.occ.reg[2,7]",35.8533333333333,1.0356181734169,34,35,36,37,37,1.00010215206663,4500,0,1
"n.occ.reg[3,7]",46.5795555555556,1.40811157144033,44,46,47,48,49,1.00161546036626,1427,0,1
"n.occ.reg[4,7]",20.36,1.41851347704282,18,19,20,21,23,1.0003984420692,3268,0,1
"n.occ.reg[5,7]",44.8002222222222,2.26718326945108,40,43,45,46,49,0.999737791489896,4500,0,1
"psi.reg.init[1]",0.0659216632682616,0.0564841004858497,0.00641360302454739,0.0262202038315173,0.0502231960988743,0.0880471678689762,0.213825763797868,1.00264356299311,1357,0,1
"psi.reg.init[2]",0.603573078565851,0.11278541989347,0.373304639552651,0.528715449328859,0.608656183636865,0.685615948062142,0.806915139843592,1.00025197361414,3887,0,1
"psi.reg.init[3]",0.836592250657923,0.0793665633143711,0.663053159658239,0.785716062575767,0.844751128579286,0.896237101353296,0.964507111629797,1.00094989747617,2366,0,1
"psi.reg.init[4]",0.642973754465788,0.0995752472193595,0.439641253528431,0.574740276598106,0.645124577748628,0.713022560491649,0.82864643204975,1.00130444757537,4277,0,1
"psi.reg.init[5]",0.464435094927388,0.0949433218012245,0.283814362441851,0.400222538935299,0.461839082081104,0.52919148544153,0.654465790755538,1.00018123769062,4500,0,1
"gamma.reg[1,1]",0.0819666511712209,0.0483359320034138,0.019334033850086,0.0470366262175006,0.0720716770840684,0.105343768228905,0.20106321455658,1.0002937415808,4500,0,1
"gamma.reg[2,1]",0.505143155538751,0.118163733976156,0.276945351582622,0.421231352570637,0.50546475861347,0.590938544081428,0.728008303583817,1.00000706280213,4500,0,1
"gamma.reg[3,1]",0.170952493018094,0.0742966121587153,0.0534419564286752,0.116233307356626,0.161762029882759,0.21639034949681,0.340808049196643,1.00149948326434,1724,0,1
"gamma.reg[4,1]",0.493505391480073,0.112266761709305,0.261675187410067,0.417671519192125,0.496651114035943,0.570273509580608,0.70604261728669,1.00018855420608,4319,0,1
"gamma.reg[5,1]",0.42813980394187,0.102070115308447,0.230522834829144,0.35917263514122,0.426564657146925,0.498901791378673,0.625810095114829,1.00049811698136,2712,0,1
"gamma.reg[1,2]",0.125864460973967,0.0668216770614155,0.03495296252781,0.0771245954377734,0.11192522213332,0.160400747711429,0.289242094125661,1.00036162431459,4500,0,1
"gamma.reg[2,2]",0.621724596274555,0.117177935045015,0.384689607062377,0.540496552025695,0.626599902159653,0.705821855589392,0.835585249309361,0.999915686676996,4500,0,1
"gamma.reg[3,2]",0.250766188299905,0.0987281733955696,0.0913092581007151,0.177685698366833,0.23853215769406,0.312245495911155,0.472342612904641,1.00043427005778,4500,0,1
"gamma.reg[4,2]",0.612637131657576,0.100862332963795,0.414203039330771,0.54468019294804,0.61440231897285,0.683687058328542,0.803266957525715,1.00003930021943,4500,0,1
"gamma.reg[5,2]",0.549284723236678,0.09728605416475,0.360899801754053,0.480972628567105,0.54977668138831,0.616111050244345,0.740148333432758,0.999814602507236,4500,0,1
"gamma.reg[1,3]",0.0983282800012082,0.0563487536500352,0.0237587324548755,0.0578825094035672,0.0862251339432019,0.125987146569273,0.240178155809277,1.00049873865741,3494,0,1
"gamma.reg[2,3]",0.554044369919705,0.121170155829887,0.310174215904824,0.472682254345711,0.55662047165387,0.641111840825361,0.782771926285611,1.00014022970789,4500,0,1
"gamma.reg[3,3]",0.200805879635079,0.0827190972228463,0.0677779767527735,0.140294123887624,0.190340607231612,0.250439943044787,0.390118056794899,1.00056245685467,2755,0,1
"gamma.reg[4,3]",0.543172102913267,0.104031811714678,0.336860148587261,0.473004785963275,0.545402081153003,0.615519158255709,0.742415619597834,1.00000940559727,4500,0,1
"gamma.reg[5,3]",0.477966473584191,0.106942146254185,0.26136151089852,0.406743078937785,0.478377905738074,0.55358538196505,0.677525957766354,1.0003312575774,3566,0,1
"gamma.reg[1,4]",0.123973667871605,0.0683094086582664,0.0342814423234446,0.0749423386242799,0.10933837095652,0.158535137665311,0.292330833620266,1.0000571689555,4500,0,1
"gamma.reg[2,4]",0.6154936442936,0.120639330430579,0.377313628024944,0.53137081871645,0.617869505468803,0.704162689879556,0.836152923569621,0.999830079139692,4500,0,1
"gamma.reg[3,4]",0.244345776784283,0.0907085214542871,0.0983084433223702,0.178462882699467,0.233971462854314,0.299559993283595,0.453500158852557,1.00001139909967,4500,0,1
"gamma.reg[4,4]",0.606202618144251,0.106398640319356,0.39680797537099,0.534034316507736,0.606975635668149,0.680425055068739,0.808361206557454,1.00033065227739,4500,0,1
"gamma.reg[5,4]",0.542578266696117,0.106011976790348,0.344579471927538,0.467818553749755,0.541650287776165,0.61455558010047,0.75685919446183,0.99981776749396,4500,0,1
"gamma.reg[1,5]",0.0811085540906044,0.0524131612650833,0.0133864284993443,0.0433232314861534,0.070083367569532,0.106749129015388,0.208487418541488,1.00047922812353,4500,0,1
"gamma.reg[2,5]",0.492804531520508,0.14488578061267,0.192684478775889,0.396694056660315,0.500583290286363,0.598421032799013,0.749009751994798,0.999997793864128,4500,0,1
"gamma.reg[3,5]",0.167057512193186,0.080152762027623,0.0378131352474057,0.108957764712542,0.157190962234619,0.216070398297954,0.344752724361001,1.00029952185,3372,0,1
"gamma.reg[4,5]",0.48167727097176,0.137261088111912,0.195258860272512,0.393582995884507,0.493705504604642,0.577264842774857,0.724812420085585,1.00024466004231,3479,0,1
"gamma.reg[5,5]",0.418933712307278,0.130752112030363,0.147138431182339,0.332100197725228,0.426916236123139,0.5119633420744,0.650785465767418,1.00037725903185,3489,0,1
"gamma.reg[1,6]",0.104565491490694,0.0603916321253777,0.0258240189037975,0.0608490927437035,0.0925150560140956,0.133477888082502,0.255104616267562,1.00043186403034,4500,0,1
"gamma.reg[2,6]",0.569490045290398,0.11973025345708,0.332940709598956,0.489938166393292,0.571969994139444,0.654646780609366,0.793982035861177,0.999895918814204,4500,0,1
"gamma.reg[3,6]",0.21090482167722,0.0843097373807169,0.0732000118519718,0.149066372146865,0.202885384699766,0.261761597323973,0.398468307075441,1.00019328959807,4500,0,1
"gamma.reg[4,6]",0.558742165145771,0.109804226131457,0.33602944013393,0.487127887881881,0.559357843781752,0.634580334408485,0.765566264002377,1.00030096835701,4500,0,1
"gamma.reg[5,6]",0.49373810572982,0.111240059169109,0.278731016305672,0.418661321677038,0.493857088625024,0.567388677776135,0.710561813292896,0.999907984985111,4500,0,1
"phi.reg[1,1]",0.790918261241336,0.163242860602438,0.378801856902972,0.699204157899251,0.83235404782577,0.919550604933731,0.983988605704757,1.00039053312423,3758,0,1
"phi.reg[2,1]",0.81216003847275,0.0804665853518045,0.63277386339679,0.761937547301648,0.82203195942122,0.872099158762926,0.937866489758842,1.00099960879412,2185,0,1
"phi.reg[3,1]",0.871661084258447,0.0629197187165429,0.722109623443558,0.835165927583367,0.880901078201129,0.919326572183629,0.965028310582476,1.0026697245651,764,0,1
"phi.reg[4,1]",0.504137079980711,0.110379277282545,0.297931415425087,0.426708958527751,0.499586864342447,0.580626289603992,0.727967223307023,1.00218798384939,873,0,1
"phi.reg[5,1]",0.805177597015642,0.0826660159965181,0.614397747185417,0.754047398681111,0.814531931909948,0.866301543318258,0.936026587347861,1.00223887327781,1098,0,1
"phi.reg[1,2]",0.870190641935391,0.11728048884474,0.552883902714852,0.817478685905782,0.906152161293792,0.957395234969019,0.992480224707738,1.00082636394324,2145,0,1
"phi.reg[2,2]",0.892203192310586,0.0507191881574391,0.77093140393465,0.862428370447771,0.899602894071801,0.929181742521844,0.967346983128021,1.00120176721546,2170,0,1
"phi.reg[3,2]",0.929096504072975,0.0364497201582677,0.843058813043838,0.909027300692438,0.935014403427447,0.956280101487344,0.981264033356321,1.00192357944671,1012,0,1
"phi.reg[4,2]",0.658374910613575,0.0982879412573857,0.449925681186462,0.594233430430167,0.664646491583138,0.728897502096393,0.833780799713674,1.00101112618911,1928,0,1
"phi.reg[5,2]",0.888444717370764,0.0507937454240727,0.768080105419583,0.85997529935034,0.895750827381772,0.925787759150988,0.964231938588164,1.00106443742318,2726,0,1
"phi.reg[1,3]",0.881333249020603,0.107234738279213,0.585695700276246,0.835246708820614,0.914816144860494,0.95926022613943,0.992725311669501,1.00328074934957,969,0,1
"phi.reg[2,3]",0.902062801109346,0.0433702949708775,0.801741293064205,0.876972759679093,0.908834738605736,0.933952928826495,0.967869924870788,1.00010826033711,4500,0,1
"phi.reg[3,3]",0.935441142653595,0.032592906607587,0.854817470479015,0.917602198303576,0.940974808637648,0.959729592770223,0.982229120846243,1.00026470161557,3992,0,1
"phi.reg[4,3]",0.67886353513085,0.0916638624079309,0.487715906728692,0.61793270912674,0.684783316808425,0.744675425366402,0.843609616792685,0.999864397926065,4500,0,1
"phi.reg[5,3]",0.899068566362433,0.0416120525241406,0.804129456437483,0.87523454628325,0.904877634366829,0.929666675166321,0.964504779687374,1.00107104287331,4500,0,1
"phi.reg[1,4]",0.942766090520065,0.0649167767327247,0.757025271818813,0.924845451297618,0.96418101830785,0.984833339440917,0.998015776923671,1.00188883131101,1139,0,1
"phi.reg[2,4]",0.956695966443351,0.0260092796043794,0.890235819018069,0.943406108387588,0.961810571573892,0.975447470137233,0.992049660403841,1.00096823438329,2056,0,1
"phi.reg[3,4]",0.971930106419103,0.0184356008052887,0.925168529234043,0.962742525537446,0.976007013189368,0.985381622785691,0.995597097151777,0.999716777012029,4500,0,1
"phi.reg[4,4]",0.834960571941163,0.0781565163106043,0.663986504540673,0.786299886394901,0.844898455267085,0.891985826011056,0.961897546339246,1.00023380394906,4500,0,1
"phi.reg[5,4]",0.954924631897797,0.026554481967517,0.888084091185717,0.940788460916929,0.960060208947163,0.974673998922231,0.991590521213956,1.00061519502843,4500,0,1
"phi.reg[1,5]",0.898745532673653,0.0924305043151168,0.651953609084421,0.859380570955695,0.927154110883484,0.965529547239589,0.994252123226393,1.0017716928601,1310,0,1
"phi.reg[2,5]",0.916667527878874,0.0396445063629896,0.820602930820226,0.894127937170714,0.923646060453199,0.94584358762657,0.97451431213695,0.99978834069837,4500,0,1
"phi.reg[3,5]",0.946261193395417,0.0268683489124231,0.881637517351136,0.932053077548661,0.950565180717499,0.966062682686953,0.984517731597826,1.00034545797248,3925,0,1
"phi.reg[4,5]",0.718456735929231,0.0819241309834295,0.548104923289157,0.664869539206894,0.723199092562953,0.777314617077106,0.863349237356337,1.00020904360895,4500,0,1
"phi.reg[5,5]",0.914079466448742,0.0383924019996023,0.824756846009266,0.892604008516755,0.919812512793357,0.942375779777556,0.972279884266986,1.00081159615751,4500,0,1
"phi.reg[1,6]",0.909054392923842,0.0854346411881514,0.675908608102819,0.873743296125525,0.936531252040128,0.969434221398832,0.995016431702506,1.0027650043309,1067,0,1
"phi.reg[2,6]",0.926546609015461,0.0347417592265754,0.843043153772701,0.908098674915768,0.933232366251475,0.951942767435432,0.976169694247786,1.00069573047343,2635,0,1
"phi.reg[3,6]",0.952583801258153,0.0236351966283852,0.894603223628122,0.940067925979555,0.956367996897744,0.96976413494739,0.986757825128504,1.00109626223107,4050,0,1
"phi.reg[4,6]",0.742498102986846,0.0826125376217844,0.56792865527968,0.688931100591577,0.747119838861949,0.801821694467932,0.885814539020815,0.999933130672176,4500,0,1
"phi.reg[5,6]",0.923366478965771,0.0358150462445877,0.837956210606973,0.903703637052278,0.92907912416916,0.949010604126083,0.975641075998138,0.999849001016444,4500,0,1
"ext.reg[1,1]",0.209081738758664,0.163242860602438,0.0160113942952427,0.0804493950662686,0.16764595217423,0.300795842100749,0.621198143097027,1.00039053312423,3758,0,1
"ext.reg[2,1]",0.18783996152725,0.0804665853518045,0.0621335102411576,0.127900841237074,0.17796804057878,0.238062452698352,0.36722613660321,1.00099960879412,2185,0,1
"ext.reg[3,1]",0.128338915741552,0.0629197187165429,0.0349716894175241,0.0806734278163707,0.119098921798871,0.164834072416633,0.277890376556441,1.0026697245651,764,0,1
"ext.reg[4,1]",0.495862920019289,0.110379277282545,0.272032776692976,0.419373710396008,0.500413135657553,0.573291041472249,0.702068584574913,1.00218798384939,873,0,1
"ext.reg[5,1]",0.194822402984358,0.0826660159965181,0.0639734126521387,0.133698456681742,0.185468068090052,0.245952601318889,0.385602252814583,1.00223887327781,1098,0,1
"ext.reg[1,2]",0.129809358064609,0.11728048884474,0.0075197752922622,0.0426047650309809,0.0938478387062076,0.182521314094218,0.447116097285148,1.00082636394324,2145,0,1
"ext.reg[2,2]",0.107796807689414,0.0507191881574391,0.0326530168719789,0.0708182574781563,0.100397105928199,0.137571629552229,0.229068596065349,1.00120176721546,2170,0,1
"ext.reg[3,2]",0.0709034959270248,0.0364497201582677,0.0187359666436794,0.0437198985126561,0.0649855965725535,0.0909726993075616,0.156941186956162,1.00192357944671,1012,0,1
"ext.reg[4,2]",0.341625089386425,0.0982879412573857,0.166219200286326,0.271102497903607,0.335353508416862,0.405766569569833,0.550074318813538,1.00101112618911,1928,0,1
"ext.reg[5,2]",0.111555282629236,0.0507937454240727,0.0357680614118359,0.0742122408490118,0.104249172618228,0.14002470064966,0.231919894580417,1.00106443742318,2726,0,1
"ext.reg[1,3]",0.118666750979397,0.107234738279213,0.00727468833049869,0.0407397738605698,0.0851838551395055,0.164753291179386,0.414304299723754,1.00328074934957,969,0,1
"ext.reg[2,3]",0.0979371988906543,0.0433702949708775,0.0321300751292123,0.0660470711735046,0.0911652613942643,0.123027240320907,0.198258706935795,1.00010826033711,4500,0,1
"ext.reg[3,3]",0.0645588573464047,0.032592906607587,0.017770879153757,0.0402704072297775,0.0590251913623518,0.0823978016964243,0.145182529520985,1.00026470161557,3992,0,1
"ext.reg[4,3]",0.32113646486915,0.0916638624079309,0.156390383207314,0.255324574633598,0.315216683191575,0.38206729087326,0.512284093271307,0.999864397926065,4500,0,1
"ext.reg[5,3]",0.100931433637567,0.0416120525241406,0.035495220312626,0.0703333248336789,0.0951223656331715,0.124765453716749,0.195870543562517,1.00107104287331,4500,0,1
"ext.reg[1,4]",0.0572339094799348,0.0649167767327247,0.00198422307632843,0.0151666605590827,0.0358189816921498,0.0751545487023817,0.242974728181187,1.00188883131101,1139,0,1
"ext.reg[2,4]",0.0433040335566493,0.0260092796043794,0.00795033959615868,0.0245525298627671,0.0381894284261083,0.0565938916124122,0.109764180981931,1.00096823438329,2056,0,1
"ext.reg[3,4]",0.0280698935808968,0.0184356008052887,0.00440290284822279,0.0146183772143093,0.0239929868106317,0.0372574744625541,0.0748314707659572,0.999716777012029,4500,0,1
"ext.reg[4,4]",0.165039428058837,0.0781565163106043,0.0381024536607542,0.108014173988944,0.155101544732915,0.213700113605099,0.336013495459327,1.00023380394906,4500,0,1
"ext.reg[5,4]",0.0450753681022029,0.026554481967517,0.00840947878604412,0.0253260010777694,0.0399397910528368,0.0592115390830714,0.111915908814283,1.00061519502843,4500,0,1
"ext.reg[1,5]",0.101254467326347,0.0924305043151168,0.00574787677360689,0.0344704527604112,0.0728458891165158,0.140619429044305,0.348046390915579,1.0017716928601,1310,0,1
"ext.reg[2,5]",0.0833324721211256,0.0396445063629896,0.0254856878630505,0.0541564123734298,0.0763539395468009,0.105872062829286,0.179397069179774,0.99978834069837,4500,0,1
"ext.reg[3,5]",0.0537388066045829,0.0268683489124231,0.0154822684021742,0.0339373173130475,0.049434819282501,0.067946922451339,0.118362482648863,1.00034545797248,3925,0,1
"ext.reg[4,5]",0.281543264070769,0.0819241309834295,0.136650762643663,0.222685382922894,0.276800907437047,0.335130460793106,0.451895076710843,1.00020904360895,4500,0,1
"ext.reg[5,5]",0.0859205335512578,0.0383924019996023,0.0277201157330142,0.0576242202224444,0.080187487206643,0.107395991483245,0.175243153990733,1.00081159615751,4500,0,1
"ext.reg[1,6]",0.0909456070761583,0.0854346411881514,0.00498356829749412,0.0305657786011682,0.0634687479598723,0.126256703874474,0.324091391897181,1.0027650043309,1067,0,1
"ext.reg[2,6]",0.0734533909845387,0.0347417592265754,0.0238303057522137,0.0480572325645677,0.0667676337485249,0.0919013250842324,0.156956846227299,1.00069573047342,2635,0,1
"ext.reg[3,6]",0.0474161987418467,0.0236351966283852,0.0132421748714957,0.03023586505261,0.043632003102256,0.059932074020445,0.105396776371878,1.00109626223108,4050,0,1
"ext.reg[4,6]",0.257501897013154,0.0826125376217844,0.114185460979185,0.198178305532068,0.252880161138051,0.311068899408422,0.43207134472032,0.999933130672176,4500,0,1
"ext.reg[5,6]",0.0766335210342289,0.0358150462445877,0.0243589240018622,0.0509893958739175,0.0709208758308399,0.0962963629477217,0.162043789393027,0.999849001016444,4500,0,1
"mean.gamma.reg[1]",0.102634517599883,0.051443376996525,0.031106096414929,0.0656035874089065,0.0934231509913318,0.129949052505219,0.225445513775073,1.00024794726271,4500,0,1
"mean.gamma.reg[2]",0.559783390472919,0.100842828134975,0.361384190048795,0.49023839139903,0.560879890696589,0.629528085490186,0.753830375492093,0.999836387834813,4500,0,1
"mean.gamma.reg[3]",0.207472111934628,0.0701817905399156,0.08866507136232,0.15662207984078,0.200375485360094,0.252808662683639,0.357859343706602,1.0004948316042,3315,0,1
"mean.gamma.reg[4]",0.549322780052116,0.0854563670509549,0.383490088635783,0.491520182846115,0.549586876871032,0.60662806772333,0.717051159107457,1.00011443766805,4500,0,1
"mean.gamma.reg[5]",0.485106847582659,0.0819028674761485,0.330943681561624,0.428738818276769,0.483424452063865,0.542623448056086,0.645150947840455,1.00010834976858,4500,0,1
"mean.phi.reg[1]",0.882168028052482,0.0976595743088355,0.627238774475059,0.835372080747252,0.908900925533571,0.954569120630886,0.991317148045103,1.00153945610667,1451,0,1
"mean.phi.reg[2]",0.901056022538395,0.0340681787392065,0.824897684406507,0.879964441835703,0.904035393927028,0.926018955062931,0.958342511681959,0.999916980869268,4500,0,1
"mean.phi.reg[3]",0.934495638676282,0.0256312740727337,0.877135534876266,0.919017657658144,0.937394339855064,0.953162552008914,0.976742076721825,1.00126302233213,1276,0,1
"mean.phi.reg[4]",0.689548489430396,0.0564540527595174,0.573154978297871,0.651878831825949,0.690926743794385,0.729337361879005,0.794450778968368,1.00029751078877,4500,0,1
"mean.phi.reg[5]",0.897510243010192,0.033541217308936,0.824655184180096,0.876768773201816,0.90052938857288,0.92146218056137,0.953832965095914,1.00102153078625,4423,0,1
"mean.ext.reg[1]",0.117831971947518,0.0976595743088355,0.00868285195489726,0.0454308793691141,0.0910990744664288,0.164627919252748,0.372761225524941,1.00153945610667,1451,0,1
"mean.ext.reg[2]",0.0989439774616052,0.0340681787392065,0.041657488318041,0.0739810449370687,0.0959646060729721,0.120035558164297,0.175102315593493,0.999916980869268,4500,0,1
"mean.ext.reg[3]",0.0655043613237181,0.0256312740727337,0.0232579232781752,0.0468374479910857,0.0626056601449356,0.0809823423418565,0.122864465123734,1.00126302233213,1276,0,1
"mean.ext.reg[4]",0.310451510569604,0.0564540527595174,0.205549221031632,0.270662638120995,0.309073256205615,0.348121168174051,0.426845021702129,1.00029751078877,4500,0,1
"mean.ext.reg[5]",0.102489756989808,0.033541217308936,0.0461670349040858,0.0785378194386299,0.0994706114271199,0.123231226798184,0.175344815819904,1.00102153078624,4423,0,1
"equilib.reg[1]",0.51932089531762,0.216702398159617,0.14671045460744,0.34637664378535,0.50532139356463,0.684988670657157,0.92598516548167,1.00064049512786,3040,0,1
"equilib.reg[2]",0.849961734386965,0.0440289659408085,0.754116740882954,0.822620783774406,0.85351252380659,0.881081221617025,0.925897346332389,0.999858907870599,4500,0,1
"equilib.reg[3]",0.755609128796498,0.0760150975273237,0.58790700285446,0.709970511878025,0.761226403096048,0.809115578335731,0.8863848361928,1.00071397583387,2311,0,1
"equilib.reg[4]",0.638482645632529,0.0488687430190163,0.538742487049135,0.606799565676517,0.639718669487864,0.671815985176821,0.727190066861603,0.999727307974182,4500,0,1
"equilib.reg[5]",0.825920506984416,0.0481476536843412,0.725052073042288,0.794693813961041,0.828265538130849,0.860395268649322,0.912070031592842,1.00047911254554,4500,0,1
"mean.p",0.609267242859896,0.0375738764509941,0.525049259837295,0.588262578018766,0.610501268474354,0.631584116558219,0.681695861135136,1.01334825361984,208,0,1
"p.year[1]",0.540830337797728,0.0323988991650108,0.47573812739271,0.519382214788993,0.541872521398077,0.563469225214342,0.60169371992505,1.00135306863077,1400,0,1
"p.year[2]",0.501046084336105,0.0352897330978735,0.431961972425417,0.477196599489234,0.501095491507797,0.525213075837086,0.568687609303804,1.00037857753102,4216,0,1
"p.year[3]",0.615828994662583,0.0280466800740158,0.560067625733456,0.596681213349895,0.616139678868129,0.63542546703546,0.669857858908947,1.0006797810055,2094,0,1
"p.year[4]",0.627332250037967,0.0240570739370371,0.58081772439372,0.6105157763432,0.627565042528801,0.643768782884984,0.672534819437591,0.999891439939588,4500,0,1
"p.year[5]",0.661973276143817,0.0259017475562105,0.611970124473936,0.644272381797869,0.662624632892626,0.679484751158035,0.713178423098805,1.00054861490939,3530,0,1
"p.year[6]",0.631679371597854,0.0262858517273944,0.579659513955993,0.614423309571356,0.632186845704782,0.648982967183841,0.682656391277068,1.00068650967592,2932,0,1
"p.year[7]",0.685520415069387,0.0237595131641655,0.639717198393606,0.669177387685172,0.68615915316877,0.701687437294989,0.73161344519345,1.00003324108157,4500,0,1
"z[1,1]",0.0788888888888889,0.26959522169686,0,0,0,0,1,1.00017575520868,4500,1,1
"z[2,1]",0.0815555555555556,0.273716817169827,0,0,0,0,1,1.0027439262683,2159,1,1
"z[3,1]",1,0,1,1,1,1,1,NA,1,0,1
"z[4,1]",0.171111111111111,0.37664787801767,0,0,0,0,1,1.00070532073747,3404,1,1
"z[5,1]",0.576222222222222,0.494210936123245,0,0,1,1,1,0.999952899943358,4500,1,1
"z[6,1]",0.569333333333333,0.495224583707749,0,0,1,1,1,1.00025956724855,3442,1,1
"z[7,1]",1,0,1,1,1,1,1,NA,1,0,1
"z[8,1]",1,0,1,1,1,1,1,NA,1,0,1
"z[9,1]",1,0,1,1,1,1,1,NA,1,0,1
"z[10,1]",1,0,1,1,1,1,1,NA,1,0,1
"z[11,1]",0.967555555555556,0.177197008935809,0,1,1,1,1,1.00059213811292,4500,1,1
"z[12,1]",1,0,1,1,1,1,1,NA,1,0,1
"z[13,1]",1,0,1,1,1,1,1,NA,1,0,1
"z[14,1]",1,0,1,1,1,1,1,NA,1,0,1
"z[15,1]",0.0808888888888889,0.272694703874728,0,0,0,0,1,0.99972464284709,4500,1,1
"z[16,1]",0.126444444444444,0.332386519284506,0,0,0,0,1,1.00025833093392,4500,1,1
"z[17,1]",0.0737777777777778,0.261437958471522,0,0,0,0,1,1.00125619403313,4500,1,1
"z[18,1]",0.143111111111111,0.350225039406466,0,0,0,0,1,1.00070951268779,3899,1,1
"z[19,1]",0.245333333333333,0.430332477675716,0,0,0,0,1,0.999668771316989,4500,1,1
"z[20,1]",0.0468888888888889,0.211424346699986,0,0,0,0,1,0.999901413218211,4500,1,1
"z[21,1]",0.03,0.170606178387604,0,0,0,0,1,1.00211026300537,4500,1,1
"z[22,1]",0.0106666666666667,0.102738670891514,0,0,0,0,0,1.03087323891212,1455,1,1
"z[23,1]",0.0202222222222222,0.140775309913555,0,0,0,0,0,1.00067185842133,4500,1,1
"z[24,1]",0.0946666666666667,0.292786506951796,0,0,0,0,1,1.00028035398083,4500,1,1
"z[25,1]",0.0146666666666667,0.120227982292648,0,0,0,0,0,1.00842390669092,3903,1,1
"z[26,1]",0.096,0.294623980049003,0,0,0,0,1,1.00097395807098,4405,1,1
"z[27,1]",0.162444444444444,0.368899021895473,0,0,0,0,1,1.00022687202067,4500,1,1
"z[28,1]",0.665333333333333,0.471926245268845,0,0,1,1,1,1.00105483777236,1626,1,1
"z[29,1]",0.560222222222222,0.496415194911033,0,0,1,1,1,1.00033309616613,3051,1,1
"z[30,1]",1,0,1,1,1,1,1,NA,1,0,1
"z[31,1]",1,0,1,1,1,1,1,NA,1,0,1
"z[32,1]",1,0,1,1,1,1,1,NA,1,0,1
"z[33,1]",0.0311111111111111,0.173637293967947,0,0,0,0,1,1.00422363491343,3613,1,1
"z[34,1]",1,0,1,1,1,1,1,NA,1,0,1
"z[35,1]",0.0417777777777778,0.200103206188376,0,0,0,0,1,1.00157489803189,4500,1,1
"z[36,1]",1,0,1,1,1,1,1,NA,1,0,1
"z[37,1]",0.0517777777777778,0.221602690281563,0,0,0,0,1,1.00041273215895,4500,1,1
"z[38,1]",1,0,1,1,1,1,1,NA,1,0,1
"z[39,1]",1,0,1,1,1,1,1,NA,1,0,1
"z[40,1]",1,0,1,1,1,1,1,NA,1,0,1
"z[41,1]",1,0,1,1,1,1,1,NA,1,0,1
"z[42,1]",1,0,1,1,1,1,1,NA,1,0,1
"z[43,1]",0.0504444444444444,0.218884556868758,0,0,0,0,1,1.0006443913661,4500,1,1
"z[44,1]",0.0646666666666667,0.245964088766797,0,0,0,0,1,1.00021347421238,4500,1,1
"z[45,1]",0.338222222222222,0.473157163337463,0,0,0,1,1,0.999670060161662,4500,1,1
"z[46,1]",0.132666666666667,0.339251821185049,0,0,0,0,1,1.0000909674614,4500,1,1
"z[47,1]",1,0,1,1,1,1,1,NA,1,0,1
"z[48,1]",1,0,1,1,1,1,1,NA,1,0,1
"z[49,1]",1,0,1,1,1,1,1,NA,1,0,1
"z[50,1]",1,0,1,1,1,1,1,NA,1,0,1
"z[51,1]",1,0,1,1,1,1,1,NA,1,0,1
"z[52,1]",0.822222222222222,0.382368055124134,0,1,1,1,1,1.00306306532386,1005,1,1
"z[53,1]",0.8,0.400044451853224,0,1,1,1,1,0.999831435858991,4500,1,1
"z[54,1]",1,0,1,1,1,1,1,NA,1,0,1
"z[55,1]",0.05,0.217969167319041,0,0,0,0,1,1.00068351912789,4500,1,1
"z[56,1]",1,0,1,1,1,1,1,NA,1,0,1
"z[57,1]",1,0,1,1,1,1,1,NA,1,0,1
"z[58,1]",0.0508888888888889,0.219795235207613,0,0,0,0,1,1.00327335774986,2852,1,1
"z[59,1]",0.0548888888888889,0.227788562815897,0,0,0,0,1,1.00472796140374,1890,1,1
"z[60,1]",0.0566666666666667,0.231230268797726,0,0,0,0,1,1.00139795460555,4500,1,1
"z[61,1]",0.542,0.498288245714113,0,0,1,1,1,1.00002869072532,4500,1,1
"z[62,1]",0.786666666666667,0.409706632041442,0,1,1,1,1,1.00012610434426,4500,1,1
"z[63,1]",0.576,0.494245165948161,0,0,1,1,1,1.00029760161616,3246,1,1
"z[64,1]",0.684666666666667,0.464700129404919,0,0,1,1,1,1.00090163385566,1881,1,1
"z[65,1]",0.655111111111111,0.47538485817232,0,0,1,1,1,1.00190426256062,996,1,1
"z[66,1]",0.878222222222222,0.327065317805307,0,1,1,1,1,1.0001211587925,4500,1,1
"z[67,1]",0.882444444444444,0.322116911286587,0,1,1,1,1,0.999896223168708,4500,1,1
"z[68,1]",0.888666666666667,0.314579423009121,0,1,1,1,1,1.00067177085447,4500,1,1
"z[69,1]",1,0,1,1,1,1,1,NA,1,0,1
"z[70,1]",0.0411111111111111,0.198569256988457,0,0,0,0,1,1.00177082953501,4500,1,1
"z[71,1]",1,0,1,1,1,1,1,NA,1,0,1
"z[72,1]",1,0,1,1,1,1,1,NA,1,0,1
"z[73,1]",1,0,1,1,1,1,1,NA,1,0,1
"z[74,1]",1,0,1,1,1,1,1,NA,1,0,1
"z[75,1]",1,0,1,1,1,1,1,NA,1,0,1
"z[76,1]",0.574666666666667,0.494448397311501,0,0,1,1,1,1.00003850052238,4500,1,1
"z[77,1]",1,0,1,1,1,1,1,NA,1,0,1
"z[78,1]",0.62,0.485440384797876,0,0,1,1,1,1.00074984332308,1962,1,1
"z[79,1]",0.677333333333333,0.467548357918906,0,0,1,1,1,0.999889931105642,4500,1,1
"z[80,1]",0.576666666666667,0.49414216948469,0,0,1,1,1,0.999742440687151,4500,1,1
"z[81,1]",0.105111111111111,0.306730619461065,0,0,0,0,1,1.00254528257033,1840,1,1
"z[82,1]",0.122444444444444,0.327834845547119,0,0,0,0,1,1.00085985666929,3893,1,1
"z[83,1]",0.148444444444444,0.355579510689408,0,0,0,0,1,1.00031554308454,4500,1,1
"z[84,1]",1,0,1,1,1,1,1,NA,1,0,1
"z[85,1]",1,0,1,1,1,1,1,NA,1,0,1
"z[86,1]",1,0,1,1,1,1,1,NA,1,0,1
"z[87,1]",1,0,1,1,1,1,1,NA,1,0,1
"z[88,1]",1,0,1,1,1,1,1,NA,1,0,1
"z[89,1]",1,0,1,1,1,1,1,NA,1,0,1
"z[90,1]",0.568666666666667,0.49531748279008,0,0,1,1,1,1.0000248983375,4500,1,1
"z[91,1]",0.632888888888889,0.482070727090806,0,0,1,1,1,1.00028334840301,3491,1,1
"z[92,1]",0.638,0.480632224224849,0,0,1,1,1,1.00000990807544,4500,1,1
"z[93,1]",0.629777777777778,0.482917749456484,0,0,1,1,1,1.00137135964748,1264,1,1
"z[94,1]",0.802,0.398536442302985,0,1,1,1,1,0.999722372237698,4500,1,1
"z[95,1]",0.0835555555555555,0.276750871585914,0,0,0,0,1,1.00028911949706,4500,1,1
"z[96,1]",1,0,1,1,1,1,1,NA,1,0,1
"z[97,1]",1,0,1,1,1,1,1,NA,1,0,1
"z[98,1]",1,0,1,1,1,1,1,NA,1,0,1
"z[99,1]",0.0648888888888889,0.246357074296865,0,0,0,0,1,0.999713545629198,4500,1,1
"z[100,1]",1,0,1,1,1,1,1,NA,1,0,1
"z[101,1]",1,0,1,1,1,1,1,NA,1,0,1
"z[102,1]",1,0,1,1,1,1,1,NA,1,0,1
"z[103,1]",0.448888888888889,0.49743606782648,0,0,0,1,1,1.00021105995644,3717,1,1
"z[104,1]",1,0,1,1,1,1,1,NA,1,0,1
"z[105,1]",0.564,0.495942191671005,0,0,1,1,1,1.00007255283102,4500,1,1
"z[106,1]",1,0,1,1,1,1,1,NA,1,0,1
"z[107,1]",1,0,1,1,1,1,1,NA,1,0,1
"z[108,1]",1,0,1,1,1,1,1,NA,1,0,1
"z[109,1]",0.694444444444444,0.460693523007132,0,0,1,1,1,0.999851329907445,4500,1,1
"z[110,1]",1,0,1,1,1,1,1,NA,1,0,1
"z[111,1]",1,0,1,1,1,1,1,NA,1,0,1
"z[112,1]",0.644222222222222,0.478801519693364,0,0,1,1,1,0.999729128811717,4500,1,1
"z[113,1]",1,0,1,1,1,1,1,NA,1,0,1
"z[114,1]",0.0322222222222222,0.176609404971474,0,0,0,0,1,1.00302539135193,4500,1,1
"z[115,1]",0.0364444444444444,0.187414119688263,0,0,0,0,1,1.00267592771437,4500,1,1
"z[116,1]",1,0,1,1,1,1,1,NA,1,0,1
"z[117,1]",0.0806666666666667,0.272352784307054,0,0,0,0,1,0.999882006816668,4500,1,1
"z[118,1]",1,0,1,1,1,1,1,NA,1,0,1
"z[119,1]",0.0504444444444444,0.218884556868758,0,0,0,0,1,1.00038748280514,4500,1,1
"z[120,1]",0.0475555555555556,0.212847579895609,0,0,0,0,1,1.00202063329957,4500,1,1
"z[121,1]",1,0,1,1,1,1,1,NA,1,0,1
"z[122,1]",0.0642222222222222,0.245175623613492,0,0,0,0,1,1.00254374579711,2892,1,1
"z[123,1]",1,0,1,1,1,1,1,NA,1,0,1
"z[124,1]",1,0,1,1,1,1,1,NA,1,0,1
"z[125,1]",0.701111111111111,0.457821907476261,0,0,1,1,1,1.00279068727572,766,1,1
"z[126,1]",0.202666666666667,0.402030852549182,0,0,0,0,1,1.00035719051108,4471,1,1
"z[127,1]",0.876666666666667,0.328855978694735,0,1,1,1,1,1.00121600616774,2992,1,1
"z[128,1]",0.724444444444444,0.446843442673997,0,0,1,1,1,0.999745290470382,4500,1,1
"z[129,1]",0.869777777777778,0.336585160875883,0,1,1,1,1,1.00165238085542,2215,1,1
"z[130,1]",0.886666666666667,0.317035052820037,0,1,1,1,1,1.00004750855604,4500,1,1
"z[131,1]",0.549777777777778,0.497571291367215,0,0,1,1,1,1.0002682175532,3360,1,1
"z[132,1]",0.597111111111111,0.490533285165418,0,0,1,1,1,0.999725917756009,4500,1,1
"z[133,1]",0.575111111111111,0.494381062447301,0,0,1,1,1,1.00009395355714,4500,1,1
"z[134,1]",1,0,1,1,1,1,1,NA,1,0,1
"z[135,1]",1,0,1,1,1,1,1,NA,1,0,1
"z[136,1]",1,0,1,1,1,1,1,NA,1,0,1
"z[137,1]",1,0,1,1,1,1,1,NA,1,0,1
"z[138,1]",1,0,1,1,1,1,1,NA,1,0,1
"z[139,1]",1,0,1,1,1,1,1,NA,1,0,1
"z[140,1]",1,0,1,1,1,1,1,NA,1,0,1
"z[141,1]",1,0,1,1,1,1,1,NA,1,0,1
"z[142,1]",0.826666666666667,0.378577254918682,0,1,1,1,1,0.999886906899292,4500,1,1
"z[143,1]",0.822,0.382555253386689,0,1,1,1,1,0.999836283417513,4500,1,1
"z[144,1]",0.806222222222222,0.395300740773805,0,1,1,1,1,0.999710121967052,4500,1,1
"z[145,1]",0.675555555555556,0.468218927918595,0,0,1,1,1,1.00007402385039,4500,1,1
"z[146,1]",0.691555555555556,0.461902458436175,0,0,1,1,1,1.00009763231471,4500,1,1
"z[147,1]",0.640222222222222,0.479988464376133,0,0,1,1,1,1.00011373120296,4500,1,1
"z[148,1]",0.672666666666667,0.469292194021633,0,0,1,1,1,0.999732309423149,4500,1,1
"z[149,1]",0.0126666666666667,0.111843649799372,0,0,0,0,0,1.01674329926034,2283,1,1
"z[150,1]",0.0668888888888889,0.24985723616271,0,0,0,0,1,0.999977275466327,4500,1,1
"z[151,1]",0.0662222222222222,0.248697776589203,0,0,0,0,1,1.00198770539677,3470,1,1
"z[152,1]",0.0268888888888889,0.161776674693452,0,0,0,0,1,1.00399823988137,4380,1,1
"z[153,1]",0.691111111111111,0.462086564386042,0,0,1,1,1,1.00053096639229,2708,1,1
"z[154,1]",0.666444444444444,0.471535425031454,0,0,1,1,1,1.0010119632378,1673,1,1
"z[155,1]",1,0,1,1,1,1,1,NA,1,0,1
"z[156,1]",1,0,1,1,1,1,1,NA,1,0,1
"z[157,1]",1,0,1,1,1,1,1,NA,1,0,1
"z[158,1]",0.0455555555555556,0.208542349028494,0,0,0,0,1,1.00007144334441,4500,1,1
"z[159,1]",0.468222222222222,0.499044603505108,0,0,0,1,1,0.999902449216456,4500,1,1
"z[160,1]",0.0406666666666667,0.19753875656879,0,0,0,0,1,1.00218640469485,4500,1,1
"z[161,1]",0.0355555555555556,0.185199838067563,0,0,0,0,1,1.00691234584122,1991,1,1
"z[162,1]",0.0637777777777778,0.244383806165854,0,0,0,0,1,1.0067721495729,1168,1,1
"z[163,1]",1,0,1,1,1,1,1,NA,1,0,1
"z[164,1]",1,0,1,1,1,1,1,NA,1,0,1
"z[165,1]",0.06,0.237513233566337,0,0,0,0,1,1.00080766924431,4500,1,1
"z[166,1]",1,0,1,1,1,1,1,NA,1,0,1
"z[167,1]",0.557333333333333,0.496757210477482,0,0,1,1,1,0.999682428196915,4500,1,1
"z[168,1]",0.715777777777778,0.451093304698539,0,0,1,1,1,0.999884012582274,4500,1,1
"z[169,1]",0.662,0.473081107853284,0,0,1,1,1,0.999996977025167,4500,1,1
"z[170,1]",0.150444444444444,0.357546251999011,0,0,0,0,1,1.00062680925358,4064,1,1
"z[171,1]",0.512666666666667,0.499895076788408,0,0,1,1,1,1.00005253278378,4500,1,1
"z[172,1]",0.608888888888889,0.488053421617574,0,0,1,1,1,0.999777998947954,4500,1,1
"z[173,1]",0.648222222222222,0.477578116620203,0,0,1,1,1,0.999795275274608,4500,1,1
"z[174,1]",0.702666666666667,0.457135276030239,0,0,1,1,1,1.00085939085975,2007,1,1
"z[175,1]",1,0,1,1,1,1,1,NA,1,0,1
"z[176,1]",1,0,1,1,1,1,1,NA,1,0,1
"z[177,1]",0.126888888888889,0.332885451492204,0,0,0,0,1,1.00317984598211,1290,1,1
"z[178,1]",0.494,0.500019559519626,0,0,0,1,1,0.999813619141419,4500,1,1
"z[179,1]",0.475555555555556,0.49945761003876,0,0,0,1,1,1.00004347777711,4500,1,1
"z[180,1]",0.882,0.322643972732636,0,1,1,1,1,0.999994269037835,4500,1,1
"z[181,1]",0.862444444444444,0.344471179734573,0,1,1,1,1,1.00048725984413,4500,1,1
"z[182,1]",0.845333333333333,0.361626810077205,0,1,1,1,1,1.00097282313324,2933,1,1
"z[183,1]",0.874222222222222,0.331635596516771,0,1,1,1,1,1.0029157146731,1393,1,1
"z[184,1]",1,0,1,1,1,1,1,NA,1,0,1
"z[185,1]",1,0,1,1,1,1,1,NA,1,0,1
"z[186,1]",0.000222222222222222,0.0149071198499986,0,0,0,0,0,1.29093398298233,4500,1,1
"z[187,1]",0.00133333333333333,0.0364945409967103,0,0,0,0,0,1.03900028931154,4500,1,1
"z[188,1]",0.044,0.205117892035902,0,0,0,0,1,1.00893165824525,1274,1,1
"z[189,1]",0.0115555555555556,0.106885749673393,0,0,0,0,0,1.00881450708406,4500,1,1
"z[190,1]",0.0351111111111111,0.18408109945566,0,0,0,0,1,0.99981709525203,4500,1,1
"z[191,1]",0.000888888888888889,0.0298042977535084,0,0,0,0,0,1.16587551740291,2570,1,1
"z[192,1]",0.002,0.0446815807032984,0,0,0,0,0,1.06670438272335,3369,1,1
"z[193,1]",0.000444444444444444,0.0210795079890303,0,0,0,0,0,1.2913045102833,2250,1,1
"z[194,1]",0,0,0,0,0,0,0,NA,1,1,1
"z[195,1]",0.00111111111111111,0.033318511930496,0,0,0,0,0,1.01912206739455,4500,1,1
"z[196,1]",0.00355555555555556,0.0595289935189017,0,0,0,0,0,1.0016276586034,4500,1,1
"z[197,1]",0.00644444444444444,0.0800271001985887,0,0,0,0,0,1.00740892988738,4500,1,1
"z[198,1]",0,0,0,0,0,0,0,NA,1,1,1
"z[199,1]",0.00711111111111111,0.0840363764582043,0,0,0,0,0,1.00311461330671,4500,1,1
"z[200,1]",0.00155555555555556,0.0394142235807543,0,0,0,0,0,1.0097473778051,4500,1,1
"z[1,2]",0.07,0.255175370837775,0,0,0,0,1,1.00418618542553,1698,1,1
"z[2,2]",1,0,1,1,1,1,1,NA,1,0,1
"z[3,2]",0.129555555555556,0.335851126771128,0,0,0,0,1,0.999854729727412,4500,1,1
"z[4,2]",1,0,1,1,1,1,1,NA,1,0,1
"z[5,2]",0.719333333333333,0.449374859051487,0,0,1,1,1,0.999831916614221,4500,1,1
"z[6,2]",0.646888888888889,0.477989985685628,0,0,1,1,1,0.999689795051956,4500,1,1
"z[7,2]",0.800888888888889,0.399376165139173,0,1,1,1,1,0.999813115140603,4500,1,1
"z[8,2]",1,0,1,1,1,1,1,NA,1,0,1
"z[9,2]",1,0,1,1,1,1,1,NA,1,0,1
"z[10,2]",1,0,1,1,1,1,1,NA,1,0,1
"z[11,2]",1,0,1,1,1,1,1,NA,1,0,1
"z[12,2]",1,0,1,1,1,1,1,NA,1,0,1
"z[13,2]",0.885333333333333,0.318654651372799,0,1,1,1,1,1.00092614712299,3917,1,1
"z[14,2]",0.693333333333333,0.461161015380892,0,0,1,1,1,1.00022904919169,4185,1,1
"z[15,2]",0.150888888888889,0.357980320487749,0,0,0,0,1,1.00116801633181,2603,1,1
"z[16,2]",1,0,1,1,1,1,1,NA,1,0,1
"z[17,2]",0.168444444444444,0.374302080368986,0,0,0,0,1,1.00066663292135,3578,1,1
"z[18,2]",0.0864444444444444,0.281050450380857,0,0,0,0,1,1.00242699810961,2286,1,1
"z[19,2]",0.0633333333333333,0.243588603732636,0,0,0,0,1,1.00006589381543,4500,1,1
"z[20,2]",0.101555555555556,0.302096516371218,0,0,0,0,1,1.00060181915431,4500,1,1
"z[21,2]",0.105333333333333,0.307016560960735,0,0,0,0,1,1.00030116123344,4500,1,1
"z[22,2]",0.0324444444444444,0.177197008935809,0,0,0,0,1,1.0044744787867,3295,1,1
"z[23,2]",1,0,1,1,1,1,1,NA,1,0,1
"z[24,2]",1,0,1,1,1,1,1,NA,1,0,1
"z[25,2]",0.00377777777777778,0.0613542394088465,0,0,0,0,0,1.0014045739505,4500,1,1
"z[26,2]",1,0,1,1,1,1,1,NA,1,0,1
"z[27,2]",1,0,1,1,1,1,1,NA,1,0,1
"z[28,2]",0.0955555555555556,0.294013436961353,0,0,0,0,1,1.00055318066312,4500,1,1
"z[29,2]",0.0573333333333333,0.232504269129342,0,0,0,0,1,1.00302517625564,2744,1,1
"z[30,2]",1,0,1,1,1,1,1,NA,1,0,1
"z[31,2]",1,0,1,1,1,1,1,NA,1,0,1
"z[32,2]",1,0,1,1,1,1,1,NA,1,0,1
"z[33,2]",0.114444444444444,0.318385678262224,0,0,0,0,1,1.00089319081737,4017,1,1
"z[34,2]",0.533555555555556,0.498928193553928,0,0,1,1,1,1.00094233129757,1579,1,1
"z[35,2]",0.0495555555555556,0.217049006950826,0,0,0,0,1,1.00007819689974,4500,1,1
"z[36,2]",0.682444444444444,0.465577269706992,0,0,1,1,1,1.00099088501289,1750,1,1
"z[37,2]",0.0553333333333333,0.228655142165391,0,0,0,0,1,0.999693711683131,4500,1,1
"z[38,2]",0.738666666666667,0.439409978425398,0,0,1,1,1,0.999722224918496,4500,1,1
"z[39,2]",1,0,1,1,1,1,1,NA,1,0,1
"z[40,2]",1,0,1,1,1,1,1,NA,1,0,1
"z[41,2]",0.784444444444444,0.411252893283533,0,1,1,1,1,1.0003189026405,4500,1,1
"z[42,2]",1,0,1,1,1,1,1,NA,1,0,1
"z[43,2]",0.253555555555556,0.43509447717713,0,0,0,1,1,1.00052808036667,3062,1,1
"z[44,2]",0.105333333333333,0.307016560960735,0,0,0,0,1,0.999775053293594,4500,1,1
"z[45,2]",0.122666666666667,0.328090652606978,0,0,0,0,1,0.999800933483296,4500,1,1
"z[46,2]",1,0,1,1,1,1,1,NA,1,0,1
"z[47,2]",1,0,1,1,1,1,1,NA,1,0,1
"z[48,2]",1,0,1,1,1,1,1,NA,1,0,1
"z[49,2]",0.784,0.411560008218152,0,1,1,1,1,1.00025716413831,4500,1,1
"z[50,2]",0.162222222222222,0.368695512481717,0,0,0,0,1,1.00229937338324,1394,1,1
"z[51,2]",0.654444444444444,0.47560191296941,0,0,1,1,1,0.999710515842153,4500,1,1
"z[52,2]",0.828222222222222,0.377229102086146,0,1,1,1,1,1.00152840778559,1890,1,1
"z[53,2]",0.710444444444444,0.453606503473637,0,0,1,1,1,1.00034989482954,3568,1,1
"z[54,2]",1,0,1,1,1,1,1,NA,1,0,1
"z[55,2]",0.0548888888888889,0.227788562815897,0,0,0,0,1,1.00066496684096,4500,1,1
"z[56,2]",1,0,1,1,1,1,1,NA,1,0,1
"z[57,2]",0.0986666666666667,0.298247082996824,0,0,0,0,1,1.00305508614,1650,1,1
"z[58,2]",0.0626666666666667,0.24238938031912,0,0,0,0,1,1.00136201646079,4500,1,1
"z[59,2]",0.0551111111111111,0.228222372014437,0,0,0,0,1,1.00049408581222,4500,1,1
"z[60,2]",0.0506666666666667,0.219340481264845,0,0,0,0,1,0.999890719500624,4500,1,1
"z[61,2]",0.307555555555556,0.46153274196674,0,0,0,1,1,1.00092003112025,1882,1,1
"z[62,2]",0.382,0.485930522805471,0,0,0,1,1,0.999790272289079,4500,1,1
"z[63,2]",0.366,0.481762988195278,0,0,0,1,1,0.999692749455812,4500,1,1
"z[64,2]",0.371777777777778,0.483333192816774,0,0,0,1,1,0.999831387722685,4500,1,1
"z[65,2]",0.570666666666667,0.495036039244765,0,0,1,1,1,1.0004534592656,2597,1,1
"z[66,2]",0.852666666666667,0.354477284696265,0,1,1,1,1,1.00003681267443,4500,1,1
"z[67,2]",0.860444444444444,0.346563836545115,0,1,1,1,1,1.00030619923429,4500,1,1
"z[68,2]",0.865777777777778,0.340928800069097,0,1,1,1,1,1.00006328813525,4500,1,1
"z[69,2]",0.187777777777778,0.390578012967673,0,0,0,0,1,0.99976325812523,4500,1,1
"z[70,2]",0.178222222222222,0.382742231038999,0,0,0,0,1,1.0001816462583,4500,1,1
"z[71,2]",0.119777777777778,0.324737580302701,0,0,0,0,1,1.00073649546919,4440,1,1
"z[72,2]",0.308444444444444,0.461902458436175,0,0,0,1,1,0.999943666945185,4500,1,1
"z[73,2]",1,0,1,1,1,1,1,NA,1,0,1
"z[74,2]",1,0,1,1,1,1,1,NA,1,0,1
"z[75,2]",1,0,1,1,1,1,1,NA,1,0,1
"z[76,2]",0.828666666666667,0.376841850052645,0,1,1,1,1,0.999692335268314,4500,1,1
"z[77,2]",0.179111111111111,0.383487941993863,0,0,0,0,1,0.999770502445458,4500,1,1
"z[78,2]",1,0,1,1,1,1,1,NA,1,0,1
"z[79,2]",1,0,1,1,1,1,1,NA,1,0,1
"z[80,2]",0.59,0.491887962349039,0,0,1,1,1,0.999761577863618,4500,1,1
"z[81,2]",0.217555555555556,0.412629339745095,0,0,0,0,1,0.99970834176193,4500,1,1
"z[82,2]",1,0,1,1,1,1,1,NA,1,0,1
"z[83,2]",1,0,1,1,1,1,1,NA,1,0,1
"z[84,2]",1,0,1,1,1,1,1,NA,1,0,1
"z[85,2]",1,0,1,1,1,1,1,NA,1,0,1
"z[86,2]",0.0513333333333333,0.220701260655139,0,0,0,0,1,1.00175176249019,4500,1,1
"z[87,2]",1,0,1,1,1,1,1,NA,1,0,1
"z[88,2]",0.0902222222222222,0.286531703964327,0,0,0,0,1,1.0030573654621,1786,1,1
"z[89,2]",0.586888888888889,0.492447165503345,0,0,1,1,1,1.00040029409998,2816,1,1
"z[90,2]",0.638444444444444,0.480504363618657,0,0,1,1,1,1.00072497335642,2048,1,1
"z[91,2]",0.383555555555556,0.486305711885601,0,0,0,1,1,0.99989098320139,4500,1,1
"z[92,2]",0.342444444444444,0.474580127272358,0,0,0,1,1,1.00009328938591,4500,1,1
"z[93,2]",0.361111111111111,0.480376057688429,0,0,0,1,1,0.999980316999632,4500,1,1
"z[94,2]",0.438222222222222,0.49622396735604,0,0,0,1,1,1.0003142431854,3140,1,1
"z[95,2]",0.204888888888889,0.403665260137017,0,0,0,0,1,0.999890482321264,4500,1,1
"z[96,2]",1,0,1,1,1,1,1,NA,1,0,1
"z[97,2]",1,0,1,1,1,1,1,NA,1,0,1
"z[98,2]",0.022,0.146699633251375,0,0,0,0,0,1.00300889564241,4500,1,1
"z[99,2]",1,0,1,1,1,1,1,NA,1,0,1
"z[100,2]",0.789333333333333,0.407827393549698,0,1,1,1,1,0.999741647887687,4500,1,1
"z[101,2]",0.440444444444444,0.4964956347635,0,0,0,1,1,0.999830497340176,4500,1,1
"z[102,2]",1,0,1,1,1,1,1,NA,1,0,1
"z[103,2]",1,0,1,1,1,1,1,NA,1,0,1
"z[104,2]",1,0,1,1,1,1,1,NA,1,0,1
"z[105,2]",0.597777777777778,0.490400804496084,0,0,1,1,1,1.00031669339155,3206,1,1
"z[106,2]",1,0,1,1,1,1,1,NA,1,0,1
"z[107,2]",1,0,1,1,1,1,1,NA,1,0,1
"z[108,2]",1,0,1,1,1,1,1,NA,1,0,1
"z[109,2]",1,0,1,1,1,1,1,NA,1,0,1
"z[110,2]",1,0,1,1,1,1,1,NA,1,0,1
"z[111,2]",1,0,1,1,1,1,1,NA,1,0,1
"z[112,2]",0.403111111111111,0.490577236068557,0,0,0,1,1,0.999825615843254,4500,1,1
"z[113,2]",1,0,1,1,1,1,1,NA,1,0,1
"z[114,2]",0.0924444444444444,0.289684513538625,0,0,0,0,1,0.999764825040512,4500,1,1
"z[115,2]",0.190888888888889,0.393045354774839,0,0,0,0,1,0.999717299864235,4500,1,1
"z[116,2]",1,0,1,1,1,1,1,NA,1,0,1
"z[117,2]",1,0,1,1,1,1,1,NA,1,0,1
"z[118,2]",0.489555555555556,0.499946454370276,0,0,0,1,1,1.00016805240689,3995,1,1
"z[119,2]",0.0833333333333333,0.276416113804279,0,0,0,0,1,1.00129803803757,3998,1,1
"z[120,2]",0.0786666666666667,0.269247715076274,0,0,0,0,1,1.00097381917042,4500,1,1
"z[121,2]",1,0,1,1,1,1,1,NA,1,0,1
"z[122,2]",0.00488888888888889,0.069757214702053,0,0,0,0,0,1.0189302213851,4500,1,1
"z[123,2]",0.947333333333333,0.223391984327829,0,1,1,1,1,1.00005338171874,4500,1,1
"z[124,2]",0.701111111111111,0.457821907476261,0,0,1,1,1,1.0007553745358,2189,1,1
"z[125,2]",1,0,1,1,1,1,1,NA,1,0,1
"z[126,2]",1,0,1,1,1,1,1,NA,1,0,1
"z[127,2]",0.873555555555556,0.332386519284506,0,1,1,1,1,0.999771747201428,4500,1,1
"z[128,2]",0.592888888888889,0.491350490371822,0,0,1,1,1,1.00020143652492,3877,1,1
"z[129,2]",0.864888888888889,0.341880202058169,0,1,1,1,1,1.00233096613126,1603,1,1
"z[130,2]",0.884,0.320260507431969,0,1,1,1,1,1.00099495411874,3663,1,1
"z[131,2]",0.388444444444444,0.487450674261498,0,0,0,1,1,1.00090515984358,1706,1,1
"z[132,2]",0.361111111111111,0.480376057688429,0,0,0,1,1,0.999700454376144,4500,1,1
"z[133,2]",0.503111111111111,0.500045884634864,0,0,1,1,1,0.999918344350193,4500,1,1
"z[134,2]",1,0,1,1,1,1,1,NA,1,0,1
"z[135,2]",1,0,1,1,1,1,1,NA,1,0,1
"z[136,2]",1,0,1,1,1,1,1,NA,1,0,1
"z[137,2]",1,0,1,1,1,1,1,NA,1,0,1
"z[138,2]",1,0,1,1,1,1,1,NA,1,0,1
"z[139,2]",0.511111111111111,0.499932079059661,0,0,1,1,1,1.00086827606495,1670,1,1
"z[140,2]",0.163777777777778,0.370114925946038,0,0,0,0,1,1.00101869390758,2709,1,1
"z[141,2]",1,0,1,1,1,1,1,NA,1,0,1
"z[142,2]",0.608666666666667,0.488102959197653,0,0,1,1,1,0.999754049525084,4500,1,1
"z[143,2]",0.612444444444444,0.487246348852538,0,0,1,1,1,0.999738011059303,4500,1,1
"z[144,2]",0.572888888888889,0.494713651416732,0,0,1,1,1,1.00017438887715,4026,1,1
"z[145,2]",1,0,1,1,1,1,1,NA,1,0,1
"z[146,2]",1,0,1,1,1,1,1,NA,1,0,1
"z[147,2]",1,0,1,1,1,1,1,NA,1,0,1
"z[148,2]",1,0,1,1,1,1,1,NA,1,0,1
"z[149,2]",0.124666666666667,0.330377275632388,0,0,0,0,1,1.00052953447139,4500,1,1
"z[150,2]",0.0631111111111111,0.243189722775225,0,0,0,0,1,1.00442013325317,1772,1,1
"z[151,2]",0.581555555555556,0.493358673649186,0,0,1,1,1,1.00045962033352,2595,1,1
"z[152,2]",0.0271111111111111,0.162425248725456,0,0,0,0,1,1.00435002077359,4017,1,1
"z[153,2]",1,0,1,1,1,1,1,NA,1,0,1
"z[154,2]",1,0,1,1,1,1,1,NA,1,0,1
"z[155,2]",0.143555555555556,0.350677466816207,0,0,0,0,1,1.00016330345972,4500,1,1
"z[156,2]",0.110666666666667,0.313753775163274,0,0,0,0,1,1.00073027358998,4500,1,1
"z[157,2]",0.0497777777777778,0.217509687264132,0,0,0,0,1,1.00940349754361,1078,1,1
"z[158,2]",0.0113333333333333,0.105864911172911,0,0,0,0,0,1.00493552721682,4500,1,1
"z[159,2]",1,0,1,1,1,1,1,NA,1,0,1
"z[160,2]",0.026,0.159152847308496,0,0,0,0,1,1.01731533000701,1097,1,1
"z[161,2]",0.128222222222222,0.334374236084705,0,0,0,0,1,1.00382527223111,1075,1,1
"z[162,2]",1,0,1,1,1,1,1,NA,1,0,1
"z[163,2]",0.127111111111111,0.333134414974858,0,0,0,0,1,0.999674632863307,4500,1,1
"z[164,2]",0.416888888888889,0.49309895130924,0,0,0,1,1,0.999970415512766,4500,1,1
"z[165,2]",0.086,0.28039520580441,0,0,0,0,1,1.00086409954227,4500,1,1
"z[166,2]",1,0,1,1,1,1,1,NA,1,0,1
"z[167,2]",1,0,1,1,1,1,1,NA,1,0,1
"z[168,2]",1,0,1,1,1,1,1,NA,1,0,1
"z[169,2]",1,0,1,1,1,1,1,NA,1,0,1
"z[170,2]",1,0,1,1,1,1,1,NA,1,0,1
"z[171,2]",0.482666666666667,0.499754996652622,0,0,0,1,1,0.999728374606373,4500,1,1
"z[172,2]",0.745333333333333,0.435722096383381,0,0,1,1,1,1.00011240198545,4500,1,1
"z[173,2]",0.694222222222222,0.460787273813823,0,0,1,1,1,1.0009309946568,1863,1,1
"z[174,2]",1,0,1,1,1,1,1,NA,1,0,1
"z[175,2]",1,0,1,1,1,1,1,NA,1,0,1
"z[176,2]",1,0,1,1,1,1,1,NA,1,0,1
"z[177,2]",1,0,1,1,1,1,1,NA,1,0,1
"z[178,2]",0.491333333333333,0.499980439715195,0,0,0,1,1,1.00081608828312,1746,1,1
"z[179,2]",0.552,0.497343912078482,0,0,1,1,1,1.00069520993732,1972,1,1
"z[180,2]",0.865333333333333,0.341405121831401,0,1,1,1,1,1.00042550796291,4500,1,1
"z[181,2]",0.867333333333333,0.339251821185049,0,1,1,1,1,1.00061390461368,4500,1,1
"z[182,2]",0.761555555555556,0.426179602245209,0,1,1,1,1,1.00011932600061,4500,1,1
"z[183,2]",0.863111111111111,0.343768210354624,0,1,1,1,1,1.00051534391766,4500,1,1
"z[184,2]",0.765777777777778,0.423558779816329,0,1,1,1,1,0.999964702410208,4500,1,1
"z[185,2]",0.878888888888889,0.326292612819852,0,1,1,1,1,1.0005462198617,4500,1,1
"z[186,2]",0.00155555555555556,0.0394142235807543,0,0,0,0,0,1.06447893654775,4494,1,1
"z[187,2]",0.00333333333333333,0.0576451269226114,0,0,0,0,0,1.01922466287575,4500,1,1
"z[188,2]",0.0377777777777778,0.190679566273877,0,0,0,0,1,1.00113865846257,4500,1,1
"z[189,2]",0.00155555555555556,0.0394142235807543,0,0,0,0,0,1.06447893654775,4494,1,1
"z[190,2]",0.00222222222222222,0.0470932775447189,0,0,0,0,0,1.05921191003868,3455,1,1
"z[191,2]",0.00466666666666667,0.0681609955608629,0,0,0,0,0,1.01312583228194,4500,1,1
"z[192,2]",0.00311111111111111,0.0556966916350484,0,0,0,0,0,1.0097811592317,4500,1,1
"z[193,2]",0.00111111111111111,0.033318511930496,0,0,0,0,0,1.07137218653062,4500,1,1
"z[194,2]",0,0,0,0,0,0,0,NA,1,1,1
"z[195,2]",0.000666666666666667,0.0258141493083176,0,0,0,0,0,1.13377982835195,4498,1,1
"z[196,2]",0.112888888888889,0.316492096335047,0,0,0,0,1,0.999683841987916,4500,1,1
"z[197,2]",0.0946666666666667,0.292786506951796,0,0,0,0,1,0.999737143474894,4500,1,1
"z[198,2]",0.00377777777777778,0.0613542394088465,0,0,0,0,0,1.01164843669904,4500,1,1
"z[199,2]",0.00377777777777778,0.0613542394088465,0,0,0,0,0,1.02644198768286,4500,1,1
"z[200,2]",0.00266666666666667,0.0515766100016907,0,0,0,0,0,1.0099762458543,4500,1,1
"z[1,3]",1,0,1,1,1,1,1,NA,1,0,1
"z[2,3]",1,0,1,1,1,1,1,NA,1,0,1
"z[3,3]",0.142222222222222,0.349316729871186,0,0,0,0,1,1.00466269184192,823,1,1
"z[4,3]",0.198444444444444,0.398872915075436,0,0,0,0,1,0.999904739940211,4500,1,1
"z[5,3]",0.844666666666667,0.362262407670956,0,1,1,1,1,1.0016592939784,1914,1,1
"z[6,3]",0.805777777777778,0.395644709448007,0,1,1,1,1,0.999740236831292,4500,1,1
"z[7,3]",0.875333333333333,0.330377275632388,0,1,1,1,1,1.0011724921812,3032,1,1
"z[8,3]",1,0,1,1,1,1,1,NA,1,0,1
"z[9,3]",1,0,1,1,1,1,1,NA,1,0,1
"z[10,3]",1,0,1,1,1,1,1,NA,1,0,1
"z[11,3]",1,0,1,1,1,1,1,NA,1,0,1
"z[12,3]",1,0,1,1,1,1,1,NA,1,0,1
"z[13,3]",0.839333333333333,0.367264023365226,0,1,1,1,1,1.00175567621745,1782,1,1
"z[14,3]",1,0,1,1,1,1,1,NA,1,0,1
"z[15,3]",1,0,1,1,1,1,1,NA,1,0,1
"z[16,3]",1,0,1,1,1,1,1,NA,1,0,1
"z[17,3]",1,0,1,1,1,1,1,NA,1,0,1
"z[18,3]",0.411555555555556,0.492170102148651,0,0,0,1,1,0.999754140430305,4500,1,1
"z[19,3]",0.194666666666667,0.395987880398553,0,0,0,0,1,0.999823176215457,4500,1,1
"z[20,3]",1,0,1,1,1,1,1,NA,1,0,1
"z[21,3]",1,0,1,1,1,1,1,NA,1,0,1
"z[22,3]",1,0,1,1,1,1,1,NA,1,0,1
"z[23,3]",1,0,1,1,1,1,1,NA,1,0,1
"z[24,3]",1,0,1,1,1,1,1,NA,1,0,1
"z[25,3]",0.00244444444444444,0.0493863456663645,0,0,0,0,0,1.04969069831983,3799,1,1
"z[26,3]",1,0,1,1,1,1,1,NA,1,0,1
"z[27,3]",1,0,1,1,1,1,1,NA,1,0,1
"z[28,3]",1,0,1,1,1,1,1,NA,1,0,1
"z[29,3]",0.0631111111111111,0.243189722775225,0,0,0,0,1,1.00115149902983,4500,1,1
"z[30,3]",0.962,0.191217481839897,0,1,1,1,1,1.00016502872967,4500,1,1
"z[31,3]",1,0,1,1,1,1,1,NA,1,0,1
"z[32,3]",1,0,1,1,1,1,1,NA,1,0,1
"z[33,3]",1,0,1,1,1,1,1,NA,1,0,1
"z[34,3]",1,0,1,1,1,1,1,NA,1,0,1
"z[35,3]",0.106444444444444,0.308439890155801,0,0,0,0,1,1.00096291613632,4056,1,1
"z[36,3]",1,0,1,1,1,1,1,NA,1,0,1
"z[37,3]",1,0,1,1,1,1,1,NA,1,0,1
"z[38,3]",1,0,1,1,1,1,1,NA,1,0,1
"z[39,3]",1,0,1,1,1,1,1,NA,1,0,1
"z[40,3]",1,0,1,1,1,1,1,NA,1,0,1
"z[41,3]",1,0,1,1,1,1,1,NA,1,0,1
"z[42,3]",1,0,1,1,1,1,1,NA,1,0,1
"z[43,3]",1,0,1,1,1,1,1,NA,1,0,1
"z[44,3]",0.0148888888888889,0.121121715563244,0,0,0,0,0,1.00795676052255,4070,1,1
"z[45,3]",1,0,1,1,1,1,1,NA,1,0,1
"z[46,3]",1,0,1,1,1,1,1,NA,1,0,1
"z[47,3]",0.936888888888889,0.243189722775225,0,1,1,1,1,1.00275037922755,2728,1,1
"z[48,3]",0.972666666666667,0.163070940344369,0,1,1,1,1,1.00039966702324,4500,1,1
"z[49,3]",0.798,0.401536834294687,0,1,1,1,1,0.999943380380482,4500,1,1
"z[50,3]",0.131555555555556,0.338044502394683,0,0,0,0,1,1.00012782642923,4500,1,1
"z[51,3]",0.793333333333333,0.404959255014411,0,1,1,1,1,1.00013691638942,4500,1,1
"z[52,3]",0.879111111111111,0.326034334535402,0,1,1,1,1,1.00002238023308,4500,1,1
"z[53,3]",0.705111111111111,0.456043472609393,0,0,1,1,1,1.00017534469893,4500,1,1
"z[54,3]",1,0,1,1,1,1,1,NA,1,0,1
"z[55,3]",1,0,1,1,1,1,1,NA,1,0,1
"z[56,3]",1,0,1,1,1,1,1,NA,1,0,1
"z[57,3]",1,0,1,1,1,1,1,NA,1,0,1
"z[58,3]",0.094,0.291861147705373,0,0,0,0,1,0.999697250413775,4500,1,1
"z[59,3]",0.412888888888889,0.492407895500377,0,0,0,1,1,1.00042602063355,2718,1,1
"z[60,3]",0.263111111111111,0.440371149320812,0,0,0,1,1,1.00007845451877,4500,1,1
"z[61,3]",0.160888888888889,0.367469266471889,0,0,0,0,1,1.0010860743335,2602,1,1
"z[62,3]",0.216222222222222,0.411713299819999,0,0,0,0,1,1.0005498919614,3343,1,1
"z[63,3]",0.217111111111111,0.412324698400923,0,0,0,0,1,0.999813425231533,4500,1,1
"z[64,3]",0.194444444444444,0.395816394508945,0,0,0,0,1,0.999758152772965,4500,1,1
"z[65,3]",0.507111111111111,0.500004988738047,0,0,1,1,1,1.00038164203178,2802,1,1
"z[66,3]",0.927777777777778,0.258884272233404,0,1,1,1,1,1.00074396093953,4500,1,1
"z[67,3]",0.929111111111111,0.25666767217915,0,1,1,1,1,1.00248917690618,2690,1,1
"z[68,3]",0.936444444444444,0.243986630137708,0,1,1,1,1,1.00159160676411,4352,1,1
"z[69,3]",1,0,1,1,1,1,1,NA,1,0,1
"z[70,3]",0.143555555555556,0.350677466816207,0,0,0,0,1,1.00141199608451,2323,1,1
"z[71,3]",0.044,0.205117892035902,0,0,0,0,1,1.00083811615038,4500,1,1
"z[72,3]",1,0,1,1,1,1,1,NA,1,0,1
"z[73,3]",0.865555555555556,0.341167116466881,0,1,1,1,1,1.00211559377698,1761,1,1
"z[74,3]",0.921777777777778,0.268550801033379,0,1,1,1,1,1.00115390839876,4500,1,1
"z[75,3]",0.882,0.322643972732636,0,1,1,1,1,1.00134935060573,2845,1,1
"z[76,3]",1,0,1,1,1,1,1,NA,1,0,1
"z[77,3]",0.0737777777777778,0.261437958471522,0,0,0,0,1,0.99983034910951,4500,1,1
"z[78,3]",0.0435555555555556,0.20412674648623,0,0,0,0,1,1.00142444856344,4500,1,1
"z[79,3]",1,0,1,1,1,1,1,NA,1,0,1
"z[80,3]",0.709555555555556,0.454017925095822,0,0,1,1,1,1.00029865115363,3840,1,1
"z[81,3]",1,0,1,1,1,1,1,NA,1,0,1
"z[82,3]",0.06,0.237513233566337,0,0,0,0,1,0.999829456338744,4500,1,1
"z[83,3]",0.138666666666667,0.3456367601238,0,0,0,0,1,0.999702961555956,4500,1,1
"z[84,3]",1,0,1,1,1,1,1,NA,1,0,1
"z[85,3]",1,0,1,1,1,1,1,NA,1,0,1
"z[86,3]",0.00866666666666667,0.0927009450571682,0,0,0,0,0,1.00661531087133,4500,1,1
"z[87,3]",1,0,1,1,1,1,1,NA,1,0,1
"z[88,3]",1,0,1,1,1,1,1,NA,1,0,1
"z[89,3]",0.177111111111111,0.381805133428139,0,0,0,0,1,0.999786205402896,4500,1,1
"z[90,3]",0.765777777777778,0.423558779816329,0,1,1,1,1,1.00022973267865,4500,1,1
"z[91,3]",0.211777777777778,0.408613575352813,0,0,0,0,1,0.99972334389032,4500,1,1
"z[92,3]",0.194,0.395472824956344,0,0,0,0,1,1.00019767617293,4500,1,1
"z[93,3]",0.201111111111111,0.400875471267549,0,0,0,0,1,1.00084516299589,2650,1,1
"z[94,3]",0.281111111111111,0.44959156205435,0,0,0,1,1,0.999994170514586,4500,1,1
"z[95,3]",0.0668888888888889,0.24985723616271,0,0,0,0,1,1.00869907036166,876,1,1
"z[96,3]",1,0,1,1,1,1,1,NA,1,0,1
"z[97,3]",1,0,1,1,1,1,1,NA,1,0,1
"z[98,3]",1,0,1,1,1,1,1,NA,1,0,1
"z[99,3]",0.910444444444444,0.285575701032972,0,1,1,1,1,0.999960069691695,4500,1,1
"z[100,3]",1,0,1,1,1,1,1,NA,1,0,1
"z[101,3]",1,0,1,1,1,1,1,NA,1,0,1
"z[102,3]",0.915333333333333,0.278415961965736,0,1,1,1,1,1.00207903300765,2670,1,1
"z[103,3]",0.910444444444444,0.285575701032972,0,1,1,1,1,1.00029393941692,4500,1,1
"z[104,3]",1,0,1,1,1,1,1,NA,1,0,1
"z[105,3]",0.726,0.446058533332705,0,0,1,1,1,0.999739638401938,4500,1,1
"z[106,3]",0.549111111111111,0.497637549399386,0,0,1,1,1,1.00068519667341,1987,1,1
"z[107,3]",0.517111111111111,0.499762656369589,0,0,1,1,1,1.00304546097126,598,1,1
"z[108,3]",1,0,1,1,1,1,1,NA,1,0,1
"z[109,3]",1,0,1,1,1,1,1,NA,1,0,1
"z[110,3]",1,0,1,1,1,1,1,NA,1,0,1
"z[111,3]",1,0,1,1,1,1,1,NA,1,0,1
"z[112,3]",1,0,1,1,1,1,1,NA,1,0,1
"z[113,3]",1,0,1,1,1,1,1,NA,1,0,1
"z[114,3]",1,0,1,1,1,1,1,NA,1,0,1
"z[115,3]",1,0,1,1,1,1,1,NA,1,0,1
"z[116,3]",1,0,1,1,1,1,1,NA,1,0,1
"z[117,3]",1,0,1,1,1,1,1,NA,1,0,1
"z[118,3]",1,0,1,1,1,1,1,NA,1,0,1
"z[119,3]",1,0,1,1,1,1,1,NA,1,0,1
"z[120,3]",1,0,1,1,1,1,1,NA,1,0,1
"z[121,3]",1,0,1,1,1,1,1,NA,1,0,1
"z[122,3]",0.000888888888888889,0.0298042977535084,0,0,0,0,0,1.16587551740291,2570,1,1
"z[123,3]",1,0,1,1,1,1,1,NA,1,0,1
"z[124,3]",1,0,1,1,1,1,1,NA,1,0,1
"z[125,3]",1,0,1,1,1,1,1,NA,1,0,1
"z[126,3]",1,0,1,1,1,1,1,NA,1,0,1
"z[127,3]",0.939777777777778,0.237924537926314,0,1,1,1,1,1.00229689160718,3342,1,1
"z[128,3]",0.532444444444444,0.499001695344051,0,0,1,1,1,1.00078884232293,1794,1,1
"z[129,3]",0.936888888888889,0.243189722775225,0,1,1,1,1,1.00030857604096,4500,1,1
"z[130,3]",0.94,0.237513233566337,0,1,1,1,1,1.00052607757629,4500,1,1
"z[131,3]",0.568666666666667,0.49531748279008,0,0,1,1,1,0.999712163891537,4500,1,1
"z[132,3]",0.544444444444444,0.498076118888428,0,0,1,1,1,1.00040102880288,2749,1,1
"z[133,3]",0.654666666666667,0.475529676249547,0,0,1,1,1,1.00038954144878,3059,1,1
"z[134,3]",1,0,1,1,1,1,1,NA,1,0,1
"z[135,3]",1,0,1,1,1,1,1,NA,1,0,1
"z[136,3]",0.964222222222222,0.185756281888117,0,1,1,1,1,1.00321304217835,4063,1,1
"z[137,3]",1,0,1,1,1,1,1,NA,1,0,1
"z[138,3]",1,0,1,1,1,1,1,NA,1,0,1
"z[139,3]",1,0,1,1,1,1,1,NA,1,0,1
"z[140,3]",1,0,1,1,1,1,1,NA,1,0,1
"z[141,3]",0.296666666666667,0.456839067684736,0,0,0,1,1,0.999865813977258,4500,1,1
"z[142,3]",0.694888888888889,0.460505642356816,0,0,1,1,1,0.999927646717099,4500,1,1
"z[143,3]",0.660888888888889,0.473460219852906,0,0,1,1,1,1.00052541641053,2603,1,1
"z[144,3]",0.633777777777778,0.481824756726152,0,0,1,1,1,1.00029689940462,3427,1,1
"z[145,3]",1,0,1,1,1,1,1,NA,1,0,1
"z[146,3]",0.0753333333333333,0.26395777175116,0,0,0,0,1,1.003366832365,1928,1,1
"z[147,3]",1,0,1,1,1,1,1,NA,1,0,1
"z[148,3]",0.302,0.45917627766202,0,0,0,1,1,1.00051232946559,2807,1,1
"z[149,3]",0.0766666666666667,0.266091381389197,0,0,0,0,1,0.999710957725181,4500,1,1
"z[150,3]",0.0635555555555556,0.243986630137708,0,0,0,0,1,1.00509436399907,1538,1,1
"z[151,3]",1,0,1,1,1,1,1,NA,1,0,1
"z[152,3]",0.128888888888889,0.335114158308128,0,0,0,0,1,1.00023725733604,4500,1,1
"z[153,3]",1,0,1,1,1,1,1,NA,1,0,1
"z[154,3]",0.342444444444444,0.474580127272358,0,0,0,1,1,1.00000210779487,4500,1,1
"z[155,3]",1,0,1,1,1,1,1,NA,1,0,1
"z[156,3]",0.0606666666666667,0.238744400231546,0,0,0,0,1,1.00030533265806,4500,1,1
"z[157,3]",0.0135555555555556,0.115649360747383,0,0,0,0,0,1.00392378400485,4500,1,1
"z[158,3]",0.0124444444444444,0.11087069888737,0,0,0,0,0,1.00373204860181,4500,1,1
"z[159,3]",0.669333333333333,0.470505490679205,0,0,1,1,1,1.00119319964944,1482,1,1
"z[160,3]",0.0362222222222222,0.186863405673864,0,0,0,0,1,1.00114416606933,4500,1,1
"z[161,3]",0.088,0.283326381812225,0,0,0,0,1,1.00071413747517,4500,1,1
"z[162,3]",1,0,1,1,1,1,1,NA,1,0,1
"z[163,3]",0.731333333333333,0.443315420330316,0,0,1,1,1,0.999775987960341,4500,1,1
"z[164,3]",1,0,1,1,1,1,1,NA,1,0,1
"z[165,3]",1,0,1,1,1,1,1,NA,1,0,1
"z[166,3]",1,0,1,1,1,1,1,NA,1,0,1
"z[167,3]",1,0,1,1,1,1,1,NA,1,0,1
"z[168,3]",0.962666666666667,0.189598375253176,0,1,1,1,1,1.00006751441396,4500,1,1
"z[169,3]",1,0,1,1,1,1,1,NA,1,0,1
"z[170,3]",0.931777777777778,0.252154872981642,0,1,1,1,1,0.999856058759918,4500,1,1
"z[171,3]",0.44,0.496442109138781,0,0,0,1,1,0.999758128754091,4500,1,1
"z[172,3]",0.876888888888889,0.32860121836697,0,1,1,1,1,1.00168161024142,2305,1,1
"z[173,3]",0.861111111111111,0.345868976410075,0,1,1,1,1,1.00358881351482,1061,1,1
"z[174,3]",1,0,1,1,1,1,1,NA,1,0,1
"z[175,3]",1,0,1,1,1,1,1,NA,1,0,1
"z[176,3]",1,0,1,1,1,1,1,NA,1,0,1
"z[177,3]",0.0308888888888889,0.173035889574341,0,0,0,0,1,1.00331012239953,4500,1,1
"z[178,3]",0.575111111111111,0.494381062447301,0,0,1,1,1,1.00203889738841,866,1,1
"z[179,3]",0.675777777777778,0.468135528488827,0,0,1,1,1,1.00013953398149,4500,1,1
"z[180,3]",0.928444444444444,0.257779217003763,0,1,1,1,1,1.00017540192453,4500,1,1
"z[181,3]",0.939777777777778,0.237924537926314,0,1,1,1,1,1.00487713827009,1689,1,1
"z[182,3]",0.876,0.329618179158867,0,1,1,1,1,0.999842475716762,4500,1,1
"z[183,3]",0.934888888888889,0.246749233761641,0,1,1,1,1,0.999793140431924,4500,1,1
"z[184,3]",1,0,1,1,1,1,1,NA,1,0,1
"z[185,3]",0.944444444444444,0.229086879157383,0,1,1,1,1,0.999729380028591,4500,1,1
"z[186,3]",0.0286666666666667,0.166886422507456,0,0,0,0,1,1.00761877628242,2239,1,1
"z[187,3]",0.00911111111111111,0.0950268670194558,0,0,0,0,0,1.00177964054235,4500,1,1
"z[188,3]",0.0426666666666667,0.202126943226378,0,0,0,0,1,1.00104116987783,4500,1,1
"z[189,3]",0,0,0,0,0,0,0,NA,1,1,1
"z[190,3]",0.00111111111111111,0.033318511930496,0,0,0,0,0,1.01912206739455,4500,1,1
"z[191,3]",0,0,0,0,0,0,0,NA,1,1,1
"z[192,3]",0.0706666666666667,0.256295700525826,0,0,0,0,1,1.00296113792003,2298,1,1
"z[193,3]",0.000666666666666667,0.0258141493083176,0,0,0,0,0,1.13377982835195,4498,1,1
"z[194,3]",0,0,0,0,0,0,0,NA,1,1,1
"z[195,3]",0.000888888888888889,0.0298042977535084,0,0,0,0,0,1.16587551740291,2570,1,1
"z[196,3]",1,0,1,1,1,1,1,NA,1,0,1
"z[197,3]",0.58,0.493613356145918,0,0,1,1,1,0.999825216344884,4500,1,1
"z[198,3]",0.000888888888888889,0.0298042977535084,0,0,0,0,0,1.10540023626025,4497,1,1
"z[199,3]",0.00266666666666667,0.0515766100016907,0,0,0,0,0,NA,4500,1,1
"z[200,3]",0.00133333333333333,0.0364945409967103,0,0,0,0,0,1.10559375176454,2997,1,1
"z[1,4]",1,0,1,1,1,1,1,NA,1,0,1
"z[2,4]",0.0804444444444444,0.272010253356189,0,0,0,0,1,1.00145465734856,3774,1,1
"z[3,4]",1,0,1,1,1,1,1,NA,1,0,1
"z[4,4]",1,0,1,1,1,1,1,NA,1,0,1
"z[5,4]",0.901333333333333,0.298247082996824,0,1,1,1,1,1.00025708798656,4500,1,1
"z[6,4]",0.879111111111111,0.326034334535402,0,1,1,1,1,0.999904726831066,4500,1,1
"z[7,4]",1,0,1,1,1,1,1,NA,1,0,1
"z[8,4]",1,0,1,1,1,1,1,NA,1,0,1
"z[9,4]",1,0,1,1,1,1,1,NA,1,0,1
"z[10,4]",0.425555555555556,0.49448191147051,0,0,0,1,1,0.999848074718284,4500,1,1
"z[11,4]",1,0,1,1,1,1,1,NA,1,0,1
"z[12,4]",1,0,1,1,1,1,1,NA,1,0,1
"z[13,4]",1,0,1,1,1,1,1,NA,1,0,1
"z[14,4]",0.858444444444444,0.348632457117574,0,1,1,1,1,1.00079356887516,3657,1,1
"z[15,4]",1,0,1,1,1,1,1,NA,1,0,1
"z[16,4]",0.931555555555556,0.252535095508448,0,1,1,1,1,1.00076318659354,4500,1,1
"z[17,4]",1,0,1,1,1,1,1,NA,1,0,1
"z[18,4]",0.41,0.491887962349039,0,0,0,1,1,1.00017333788505,4083,1,1
"z[19,4]",0.648222222222222,0.477578116620203,0,0,1,1,1,1.00000299948883,4500,1,1
"z[20,4]",1,0,1,1,1,1,1,NA,1,0,1
"z[21,4]",0.874666666666667,0.331133289462245,0,1,1,1,1,1.00007901245577,4500,1,1
"z[22,4]",1,0,1,1,1,1,1,NA,1,0,1
"z[23,4]",1,0,1,1,1,1,1,NA,1,0,1
"z[24,4]",1,0,1,1,1,1,1,NA,1,0,1
"z[25,4]",0.046,0.209508363001558,0,0,0,0,1,1.00047290771737,4500,1,1
"z[26,4]",1,0,1,1,1,1,1,NA,1,0,1
"z[27,4]",0.275555555555556,0.446843442673997,0,0,0,1,1,0.999758274682978,4500,1,1
"z[28,4]",0.368888888888889,0.482557378526813,0,0,0,1,1,0.999898032295059,4500,1,1
"z[29,4]",0.0213333333333333,0.14450904074975,0,0,0,0,0,1.01023727083554,2238,1,1
"z[30,4]",1,0,1,1,1,1,1,NA,1,0,1
"z[31,4]",1,0,1,1,1,1,1,NA,1,0,1
"z[32,4]",1,0,1,1,1,1,1,NA,1,0,1
"z[33,4]",1,0,1,1,1,1,1,NA,1,0,1
"z[34,4]",0.398,0.489539840452324,0,0,0,1,1,0.999946899697752,4500,1,1
"z[35,4]",1,0,1,1,1,1,1,NA,1,0,1
"z[36,4]",1,0,1,1,1,1,1,NA,1,0,1
"z[37,4]",1,0,1,1,1,1,1,NA,1,0,1
"z[38,4]",0.207555555555556,0.405601781695743,0,0,0,0,1,1.0011289838902,2079,1,1
"z[39,4]",1,0,1,1,1,1,1,NA,1,0,1
"z[40,4]",1,0,1,1,1,1,1,NA,1,0,1
"z[41,4]",1,0,1,1,1,1,1,NA,1,0,1
"z[42,4]",1,0,1,1,1,1,1,NA,1,0,1
"z[43,4]",1,0,1,1,1,1,1,NA,1,0,1
"z[44,4]",0.0491111111111111,0.216124014828025,0,0,0,0,1,1.00318846223316,3022,1,1
"z[45,4]",0.0286666666666667,0.166886422507456,0,0,0,0,1,1.00564805287876,2984,1,1
"z[46,4]",1,0,1,1,1,1,1,NA,1,0,1
"z[47,4]",0.903333333333333,0.295536176252013,0,1,1,1,1,0.999850947001275,4500,1,1
"z[48,4]",0.965333333333333,0.182954440186126,0,1,1,1,1,1.00282320707669,4500,1,1
"z[49,4]",0.805111111111111,0.396159167375477,0,1,1,1,1,0.999911199618722,4500,1,1
"z[50,4]",0.0502222222222222,0.218427454690079,0,0,0,0,1,1.00039226076124,4500,1,1
"z[51,4]",0.88,0.324997649041713,0,1,1,1,1,1.00070826452867,4500,1,1
"z[52,4]",0.914666666666667,0.279408131952049,0,1,1,1,1,1.00018937062384,4500,1,1
"z[53,4]",0.673111111111111,0.469128394151121,0,0,1,1,1,1.00055123440564,2578,1,1
"z[54,4]",1,0,1,1,1,1,1,NA,1,0,1
"z[55,4]",1,0,1,1,1,1,1,NA,1,0,1
"z[56,4]",1,0,1,1,1,1,1,NA,1,0,1
"z[57,4]",0.688666666666667,0.463090212604415,0,0,1,1,1,1.00045663850607,2961,1,1
"z[58,4]",1,0,1,1,1,1,1,NA,1,0,1
"z[59,4]",0.180222222222222,0.384415155438755,0,0,0,0,1,1.000293454824,4500,1,1
"z[60,4]",0.0297777777777778,0.169992598048771,0,0,0,0,1,1.00111359232684,4500,1,1
"z[61,4]",0.00111111111111111,0.033318511930496,0,0,0,0,0,1.07137218653062,4500,1,1
"z[62,4]",0.00133333333333333,0.0364945409967103,0,0,0,0,0,1.13404536757886,2248,1,1
"z[63,4]",0.00244444444444444,0.0493863456663645,0,0,0,0,0,1.02752607886309,4500,1,1
"z[64,4]",0.00111111111111111,0.033318511930496,0,0,0,0,0,1.01912206739455,4500,1,1
"z[65,4]",0.352222222222222,0.477715859346455,0,0,0,1,1,1.0004787075402,2706,1,1
"z[66,4]",1,0,1,1,1,1,1,NA,1,0,1
"z[67,4]",1,0,1,1,1,1,1,NA,1,0,1
"z[68,4]",1,0,1,1,1,1,1,NA,1,0,1
"z[69,4]",1,0,1,1,1,1,1,NA,1,0,1
"z[70,4]",0.640444444444444,0.479923474838046,0,0,1,1,1,0.999857141616765,4500,1,1
"z[71,4]",0.0704444444444444,0.255922995228642,0,0,0,0,1,1.00216919497984,3042,1,1
"z[72,4]",1,0,1,1,1,1,1,NA,1,0,1
"z[73,4]",1,0,1,1,1,1,1,NA,1,0,1
"z[74,4]",1,0,1,1,1,1,1,NA,1,0,1
"z[75,4]",0.894888888888889,0.306730619461065,0,1,1,1,1,0.999970753119153,4500,1,1
"z[76,4]",0.448888888888889,0.49743606782648,0,0,0,1,1,0.999797753492912,4500,1,1
"z[77,4]",0.172222222222222,0.377615433769331,0,0,0,0,1,0.999820879148321,4500,1,1
"z[78,4]",0.0304444444444444,0.171825903655918,0,0,0,0,1,1.00139066239243,4500,1,1
"z[79,4]",1,0,1,1,1,1,1,NA,1,0,1
"z[80,4]",0.795777777777778,0.403176919921029,0,1,1,1,1,0.999880835342204,4500,1,1
"z[81,4]",0.150888888888889,0.357980320487749,0,0,0,0,1,1.00005562133226,4500,1,1
"z[82,4]",0.124444444444444,0.330124587038853,0,0,0,0,1,0.999855770194356,4500,1,1
"z[83,4]",0.112,0.31540150006909,0,0,0,0,1,1.00002539740158,4500,1,1
"z[84,4]",0.734222222222222,0.441795568888414,0,0,1,1,1,1.00026265223818,4301,1,1
"z[85,4]",0.795777777777778,0.403176919921029,0,1,1,1,1,1.00034585770746,4500,1,1
"z[86,4]",0.0135555555555556,0.115649360747383,0,0,0,0,0,1.00063182925795,4500,1,1
"z[87,4]",1,0,1,1,1,1,1,NA,1,0,1
"z[88,4]",0.77,0.420879275212238,0,1,1,1,1,0.999668972033578,4500,1,1
"z[89,4]",0.380444444444444,0.485550059204588,0,0,0,1,1,1.00018258986517,4119,1,1
"z[90,4]",0.844,0.362895667058781,0,1,1,1,1,1.00033409380358,4500,1,1
"z[91,4]",0.000666666666666667,0.0258141493083176,0,0,0,0,0,1.13377982835195,4498,1,1
"z[92,4]",0.00955555555555555,0.0972951722699289,0,0,0,0,0,1.00405077667459,4500,1,1
"z[93,4]",0.00866666666666667,0.0927009450571682,0,0,0,0,0,1.00266195722421,4500,1,1
"z[94,4]",0.00355555555555556,0.0595289935189017,0,0,0,0,0,1.02976186456545,4485,1,1
"z[95,4]",0.0357777777777778,0.185756281888117,0,0,0,0,1,1.00229189390285,4500,1,1
"z[96,4]",1,0,1,1,1,1,1,NA,1,0,1
"z[97,4]",1,0,1,1,1,1,1,NA,1,0,1
"z[98,4]",0.0155555555555556,0.123761803562895,0,0,0,0,0,1.00633387382351,4500,1,1
"z[99,4]",1,0,1,1,1,1,1,NA,1,0,1
"z[100,4]",1,0,1,1,1,1,1,NA,1,0,1
"z[101,4]",1,0,1,1,1,1,1,NA,1,0,1
"z[102,4]",0.862888888888889,0.344002836679547,0,1,1,1,1,1.00047117261829,4500,1,1
"z[103,4]",0.863333333333333,0.343533280003382,0,1,1,1,1,1.00023991163521,4500,1,1
"z[104,4]",1,0,1,1,1,1,1,NA,1,0,1
"z[105,4]",0.796888888888889,0.402359247276006,0,1,1,1,1,1.00081421281198,2696,1,1
"z[106,4]",0.193111111111111,0.394783287468091,0,0,0,0,1,1.00023451775043,4500,1,1
"z[107,4]",1,0,1,1,1,1,1,NA,1,0,1
"z[108,4]",1,0,1,1,1,1,1,NA,1,0,1
"z[109,4]",1,0,1,1,1,1,1,NA,1,0,1
"z[110,4]",1,0,1,1,1,1,1,NA,1,0,1
"z[111,4]",1,0,1,1,1,1,1,NA,1,0,1
"z[112,4]",1,0,1,1,1,1,1,NA,1,0,1
"z[113,4]",1,0,1,1,1,1,1,NA,1,0,1
"z[114,4]",1,0,1,1,1,1,1,NA,1,0,1
"z[115,4]",1,0,1,1,1,1,1,NA,1,0,1
"z[116,4]",0.101777777777778,0.302389453504865,0,0,0,0,1,1.00024626112685,4500,1,1
"z[117,4]",1,0,1,1,1,1,1,NA,1,0,1
"z[118,4]",1,0,1,1,1,1,1,NA,1,0,1
"z[119,4]",1,0,1,1,1,1,1,NA,1,0,1
"z[120,4]",1,0,1,1,1,1,1,NA,1,0,1
"z[121,4]",1,0,1,1,1,1,1,NA,1,0,1
"z[122,4]",0.00177777777777778,0.0421308880870312,0,0,0,0,0,1.007413097858,4500,1,1
"z[123,4]",1,0,1,1,1,1,1,NA,1,0,1
"z[124,4]",1,0,1,1,1,1,1,NA,1,0,1
"z[125,4]",0.826666666666667,0.378577254918682,0,1,1,1,1,1.00066837247917,3493,1,1
"z[126,4]",1,0,1,1,1,1,1,NA,1,0,1
"z[127,4]",1,0,1,1,1,1,1,NA,1,0,1
"z[128,4]",0.400222222222222,0.489997704195958,0,0,0,1,1,1.00078918383942,1863,1,1
"z[129,4]",1,0,1,1,1,1,1,NA,1,0,1
"z[130,4]",1,0,1,1,1,1,1,NA,1,0,1
"z[131,4]",0.462222222222222,0.49862620287434,0,0,0,1,1,1.00022139009653,3630,1,1
"z[132,4]",0.525333333333333,0.499413303264157,0,0,1,1,1,0.999992033833116,4500,1,1
"z[133,4]",0.67,0.470264972387141,0,0,1,1,1,0.999941134815041,4500,1,1
"z[134,4]",1,0,1,1,1,1,1,NA,1,0,1
"z[135,4]",1,0,1,1,1,1,1,NA,1,0,1
"z[136,4]",1,0,1,1,1,1,1,NA,1,0,1
"z[137,4]",1,0,1,1,1,1,1,NA,1,0,1
"z[138,4]",1,0,1,1,1,1,1,NA,1,0,1
"z[139,4]",1,0,1,1,1,1,1,NA,1,0,1
"z[140,4]",1,0,1,1,1,1,1,NA,1,0,1
"z[141,4]",1,0,1,1,1,1,1,NA,1,0,1
"z[142,4]",0.724444444444444,0.446843442673997,0,0,1,1,1,0.999868146693827,4500,1,1
"z[143,4]",0.706,0.455642552430834,0,0,1,1,1,1.00016774924308,4500,1,1
"z[144,4]",0.692,0.461717851163597,0,0,1,1,1,1.00124092345545,1493,1,1
"z[145,4]",1,0,1,1,1,1,1,NA,1,0,1
"z[146,4]",1,0,1,1,1,1,1,NA,1,0,1
"z[147,4]",1,0,1,1,1,1,1,NA,1,0,1
"z[148,4]",1,0,1,1,1,1,1,NA,1,0,1
"z[149,4]",1,0,1,1,1,1,1,NA,1,0,1
"z[150,4]",0.292888888888889,0.455138463782826,0,0,0,1,1,1.00016636901082,4500,1,1
"z[151,4]",1,0,1,1,1,1,1,NA,1,0,1
"z[152,4]",1,0,1,1,1,1,1,NA,1,0,1
"z[153,4]",1,0,1,1,1,1,1,NA,1,0,1
"z[154,4]",1,0,1,1,1,1,1,NA,1,0,1
"z[155,4]",1,0,1,1,1,1,1,NA,1,0,1
"z[156,4]",1,0,1,1,1,1,1,NA,1,0,1
"z[157,4]",1,0,1,1,1,1,1,NA,1,0,1
"z[158,4]",0.00133333333333333,0.0364945409967103,0,0,0,0,0,1.03900028931154,4500,1,1
"z[159,4]",1,0,1,1,1,1,1,NA,1,0,1
"z[160,4]",0.0213333333333333,0.14450904074975,0,0,0,0,0,1.00489327897746,4500,1,1
"z[161,4]",0.732222222222222,0.442850336945843,0,0,1,1,1,0.999717316114267,4500,1,1
"z[162,4]",1,0,1,1,1,1,1,NA,1,0,1
"z[163,4]",1,0,1,1,1,1,1,NA,1,0,1
"z[164,4]",1,0,1,1,1,1,1,NA,1,0,1
"z[165,4]",1,0,1,1,1,1,1,NA,1,0,1
"z[166,4]",1,0,1,1,1,1,1,NA,1,0,1
"z[167,4]",0.00533333333333333,0.0728427622699364,0,0,0,0,0,1.00228785649299,4500,1,1
"z[168,4]",1,0,1,1,1,1,1,NA,1,0,1
"z[169,4]",1,0,1,1,1,1,1,NA,1,0,1
"z[170,4]",1,0,1,1,1,1,1,NA,1,0,1
"z[171,4]",0.0835555555555555,0.276750871585914,0,0,0,0,1,1.00040224680958,4500,1,1
"z[172,4]",1,0,1,1,1,1,1,NA,1,0,1
"z[173,4]",1,0,1,1,1,1,1,NA,1,0,1
"z[174,4]",0.0566666666666667,0.231230268797726,0,0,0,0,1,1.00453262918628,1910,1,1
"z[175,4]",1,0,1,1,1,1,1,NA,1,0,1
"z[176,4]",0.853777777777778,0.353368126214765,0,1,1,1,1,1.00024289373665,4500,1,1
"z[177,4]",1,0,1,1,1,1,1,NA,1,0,1
"z[178,4]",0.614444444444444,0.48678036713741,0,0,1,1,1,1.00281803540672,673,1,1
"z[179,4]",0.712666666666667,0.452568673341182,0,0,1,1,1,0.999941919503474,4500,1,1
"z[180,4]",1,0,1,1,1,1,1,NA,1,0,1
"z[181,4]",1,0,1,1,1,1,1,NA,1,0,1
"z[182,4]",1,0,1,1,1,1,1,NA,1,0,1
"z[183,4]",1,0,1,1,1,1,1,NA,1,0,1
"z[184,4]",1,0,1,1,1,1,1,NA,1,0,1
"z[185,4]",1,0,1,1,1,1,1,NA,1,0,1
"z[186,4]",0.0397777777777778,0.195458425118277,0,0,0,0,1,1.00533679850582,2296,1,1
"z[187,4]",0.0562222222222222,0.230375949195969,0,0,0,0,1,0.999675379040602,4500,1,1
"z[188,4]",0.0324444444444444,0.177197008935809,0,0,0,0,1,1.00522000608044,2852,1,1
"z[189,4]",0,0,0,0,0,0,0,NA,1,1,1
"z[190,4]",0.000444444444444444,0.0210795079890303,0,0,0,0,0,1.2913045102833,2250,1,1
"z[191,4]",0,0,0,0,0,0,0,NA,1,1,1
"z[192,4]",0.115777777777778,0.319993810293055,0,0,0,0,1,1.0009540531888,3791,1,1
"z[193,4]",0,0,0,0,0,0,0,NA,1,1,1
"z[194,4]",0,0,0,0,0,0,0,NA,1,1,1
"z[195,4]",0,0,0,0,0,0,0,NA,1,1,1
"z[196,4]",1,0,1,1,1,1,1,NA,1,0,1
"z[197,4]",1,0,1,1,1,1,1,NA,1,0,1
"z[198,4]",0.00244444444444444,0.0493863456663645,0,0,0,0,0,1.00379178827338,4500,1,1
"z[199,4]",0,0,0,0,0,0,0,NA,1,1,1
"z[200,4]",0,0,0,0,0,0,0,NA,1,1,1
"z[1,5]",1,0,1,1,1,1,1,NA,1,0,1
"z[2,5]",1,0,1,1,1,1,1,NA,1,0,1
"z[3,5]",0.226444444444444,0.418576507649934,0,0,0,0,1,1.00222848207724,1116,1,1
"z[4,5]",1,0,1,1,1,1,1,NA,1,0,1
"z[5,5]",1,0,1,1,1,1,1,NA,1,0,1
"z[6,5]",1,0,1,1,1,1,1,NA,1,0,1
"z[7,5]",0.975555555555556,0.154441620272072,1,1,1,1,1,1.00230471296192,4500,0,1
"z[8,5]",0.972,0.164991058376806,0,1,1,1,1,1.0092308750824,1895,1,1
"z[9,5]",0.987333333333333,0.111843649799372,1,1,1,1,1,1.00577267653341,4500,0,1
"z[10,5]",0.484888888888889,0.499827141590173,0,0,0,1,1,1.00017088011117,3974,1,1
"z[11,5]",1,0,1,1,1,1,1,NA,1,0,1
"z[12,5]",1,0,1,1,1,1,1,NA,1,0,1
"z[13,5]",1,0,1,1,1,1,1,NA,1,0,1
"z[14,5]",1,0,1,1,1,1,1,NA,1,0,1
"z[15,5]",1,0,1,1,1,1,1,NA,1,0,1
"z[16,5]",0.955555555555556,0.206103312651472,0,1,1,1,1,0.99984454911476,4500,1,1
"z[17,5]",0.952444444444444,0.212847579895609,0,1,1,1,1,0.999822937252332,4500,1,1
"z[18,5]",0.410888888888889,0.492049807202756,0,0,0,1,1,1.00012975234689,4461,1,1
"z[19,5]",1,0,1,1,1,1,1,NA,1,0,1
"z[20,5]",0.946666666666667,0.224722297816234,0,1,1,1,1,1.00056681637718,4500,1,1
"z[21,5]",0.931111111111111,0.253293243280298,0,1,1,1,1,1.00082286880612,4500,1,1
"z[22,5]",0.944,0.22994727692822,0,1,1,1,1,1.00568238478325,1559,1,1
"z[23,5]",1,0,1,1,1,1,1,NA,1,0,1
"z[24,5]",1,0,1,1,1,1,1,NA,1,0,1
"z[25,5]",0.328666666666667,0.469780727557959,0,0,0,1,1,1.00014274869053,4500,1,1
"z[26,5]",0.965555555555556,0.182388094475073,0,1,1,1,1,1.00329340895101,4133,1,1
"z[27,5]",0.603555555555556,0.489213073447176,0,0,1,1,1,1.00066627125513,2092,1,1
"z[28,5]",1,0,1,1,1,1,1,NA,1,0,1
"z[29,5]",0.0791111111111111,0.269942097980992,0,0,0,0,1,0.99989425286126,4500,1,1
"z[30,5]",1,0,1,1,1,1,1,NA,1,0,1
"z[31,5]",1,0,1,1,1,1,1,NA,1,0,1
"z[32,5]",1,0,1,1,1,1,1,NA,1,0,1
"z[33,5]",1,0,1,1,1,1,1,NA,1,0,1
"z[34,5]",1,0,1,1,1,1,1,NA,1,0,1
"z[35,5]",1,0,1,1,1,1,1,NA,1,0,1
"z[36,5]",1,0,1,1,1,1,1,NA,1,0,1
"z[37,5]",0.773555555555556,0.418576507649934,0,1,1,1,1,1.00041535742378,3811,1,1
"z[38,5]",1,0,1,1,1,1,1,NA,1,0,1
"z[39,5]",1,0,1,1,1,1,1,NA,1,0,1
"z[40,5]",1,0,1,1,1,1,1,NA,1,0,1
"z[41,5]",0.990888888888889,0.0950268670194558,1,1,1,1,1,1.02618378880019,2010,0,1
"z[42,5]",0.977333333333333,0.148855006121055,1,1,1,1,1,1.00011920509057,4500,0,1
"z[43,5]",1,0,1,1,1,1,1,NA,1,0,1
"z[44,5]",1,0,1,1,1,1,1,NA,1,0,1
"z[45,5]",0.0802222222222222,0.271667108709551,0,0,0,0,1,0.999888640611856,4500,1,1
"z[46,5]",1,0,1,1,1,1,1,NA,1,0,1
"z[47,5]",0.912888888888889,0.28202914935459,0,1,1,1,1,0.9999746855575,4500,1,1
"z[48,5]",0.984222222222222,0.124628612791859,1,1,1,1,1,1.00404544667696,4500,0,1
"z[49,5]",0.826,0.379151613165137,0,1,1,1,1,0.999992992215679,4500,1,1
"z[50,5]",0.00666666666666667,0.0813860808385347,0,0,0,0,0,1.00635557033169,4500,1,1
"z[51,5]",1,0,1,1,1,1,1,NA,1,0,1
"z[52,5]",0.971555555555556,0.166257332410862,0,1,1,1,1,1.00028008923374,4500,1,1
"z[53,5]",0.679333333333333,0.466784720300032,0,0,1,1,1,1.00009352650252,4500,1,1
"z[54,5]",0.991555555555556,0.0915150092219534,1,1,1,1,1,1.00421547951676,4500,0,1
"z[55,5]",0.974222222222222,0.158489324311835,0,1,1,1,1,1.00773547802845,2446,1,1
"z[56,5]",1,0,1,1,1,1,1,NA,1,0,1
"z[57,5]",1,0,1,1,1,1,1,NA,1,0,1
"z[58,5]",0.768666666666667,0.421731841536556,0,1,1,1,1,0.999697066665877,4500,1,1
"z[59,5]",1,0,1,1,1,1,1,NA,1,0,1
"z[60,5]",0.0133333333333333,0.11471041653724,0,0,0,0,0,1.00769719506936,4500,1,1
"z[61,5]",0.000222222222222222,0.0149071198499986,0,0,0,0,0,1.29093398298233,4500,1,1
"z[62,5]",0.000888888888888889,0.0298042977535084,0,0,0,0,0,1.02957562893154,4500,1,1
"z[63,5]",0.000222222222222222,0.0149071198499986,0,0,0,0,0,1.29093398298233,4500,1,1
"z[64,5]",0,0,0,0,0,0,0,NA,1,1,1
"z[65,5]",0.801111111111111,0.399208609336637,0,1,1,1,1,1.00022295082743,4500,1,1
"z[66,5]",0.989777777777778,0.100598097789677,1,1,1,1,1,1.00135077851409,4500,0,1
"z[67,5]",0.990666666666667,0.0961679644942985,1,1,1,1,1,1.01738772976051,2973,0,1
"z[68,5]",0.846222222222222,0.360775688043558,0,1,1,1,1,1.0000929519399,4500,1,1
"z[69,5]",0.208222222222222,0.406081732372833,0,0,0,0,1,1.00128844428078,1867,1,1
"z[70,5]",1,0,1,1,1,1,1,NA,1,0,1
"z[71,5]",1,0,1,1,1,1,1,NA,1,0,1
"z[72,5]",1,0,1,1,1,1,1,NA,1,0,1
"z[73,5]",1,0,1,1,1,1,1,NA,1,0,1
"z[74,5]",1,0,1,1,1,1,1,NA,1,0,1
"z[75,5]",1,0,1,1,1,1,1,NA,1,0,1
"z[76,5]",0.636888888888889,0.480949929775415,0,0,1,1,1,1.0000568740781,4500,1,1
"z[77,5]",1,0,1,1,1,1,1,NA,1,0,1
"z[78,5]",0.409555555555556,0.491806417350761,0,0,0,1,1,1.00067592775202,2051,1,1
"z[79,5]",1,0,1,1,1,1,1,NA,1,0,1
"z[80,5]",0.92,0.271323348038703,0,1,1,1,1,1.00070654247152,4500,1,1
"z[81,5]",0.115333333333333,0.319459284219888,0,0,0,0,1,0.999943732968682,4500,1,1
"z[82,5]",1,0,1,1,1,1,1,NA,1,0,1
"z[83,5]",0.593333333333333,0.491266242031879,0,0,1,1,1,0.999716208572851,4500,1,1
"z[84,5]",0.838888888888889,0.367674260666936,0,1,1,1,1,1.00137060436971,2171,1,1
"z[85,5]",1,0,1,1,1,1,1,NA,1,0,1
"z[86,5]",1,0,1,1,1,1,1,NA,1,0,1
"z[87,5]",1,0,1,1,1,1,1,NA,1,0,1
"z[88,5]",1,0,1,1,1,1,1,NA,1,0,1
"z[89,5]",1,0,1,1,1,1,1,NA,1,0,1
"z[90,5]",0.939777777777778,0.237924537926314,0,1,1,1,1,1.00253929400982,3074,1,1
"z[91,5]",0.000222222222222222,0.0149071198499986,0,0,0,0,0,1.29093398298233,4500,1,1
"z[92,5]",0.0162222222222222,0.126343218950737,0,0,0,0,0,1.00924529875505,3233,1,1
"z[93,5]",0.0322222222222222,0.176609404971474,0,0,0,0,1,1.00197041244699,4500,1,1
"z[94,5]",0.00155555555555556,0.0394142235807543,0,0,0,0,0,1.06447893654775,4494,1,1
"z[95,5]",1,0,1,1,1,1,1,NA,1,0,1
"z[96,5]",1,0,1,1,1,1,1,NA,1,0,1
"z[97,5]",1,0,1,1,1,1,1,NA,1,0,1
"z[98,5]",1,0,1,1,1,1,1,NA,1,0,1
"z[99,5]",1,0,1,1,1,1,1,NA,1,0,1
"z[100,5]",1,0,1,1,1,1,1,NA,1,0,1
"z[101,5]",1,0,1,1,1,1,1,NA,1,0,1
"z[102,5]",0.867111111111111,0.339492333243092,0,1,1,1,1,1.00059048368113,4500,1,1
"z[103,5]",0.871333333333333,0.334867846727887,0,1,1,1,1,0.999972662785909,4500,1,1
"z[104,5]",1,0,1,1,1,1,1,NA,1,0,1
"z[105,5]",0.923333333333333,0.266091381389197,0,1,1,1,1,1.00153600334488,3763,1,1
"z[106,5]",0.0166666666666667,0.128033322512951,0,0,0,0,0,1.00702635494373,4098,1,1
"z[107,5]",1,0,1,1,1,1,1,NA,1,0,1
"z[108,5]",1,0,1,1,1,1,1,NA,1,0,1
"z[109,5]",1,0,1,1,1,1,1,NA,1,0,1
"z[110,5]",0.928666666666667,0.257409427269842,0,1,1,1,1,1.00331103925465,2062,1,1
"z[111,5]",0.995111111111111,0.069757214702053,1,1,1,1,1,1.07078293575947,1297,0,1
"z[112,5]",0.991555555555556,0.0915150092219534,1,1,1,1,1,1.00525143730122,4500,0,1
"z[113,5]",0.993111111111111,0.0827221418662089,1,1,1,1,1,1.00800775518015,4500,0,1
"z[114,5]",1,0,1,1,1,1,1,NA,1,0,1
"z[115,5]",1,0,1,1,1,1,1,NA,1,0,1
"z[116,5]",1,0,1,1,1,1,1,NA,1,0,1
"z[117,5]",1,0,1,1,1,1,1,NA,1,0,1
"z[118,5]",1,0,1,1,1,1,1,NA,1,0,1
"z[119,5]",1,0,1,1,1,1,1,NA,1,0,1
"z[120,5]",0.962444444444444,0.190139869149559,0,1,1,1,1,1.00019507951914,4500,1,1
"z[121,5]",1,0,1,1,1,1,1,NA,1,0,1
"z[122,5]",0.0317777777777778,0.175427447850631,0,0,0,0,1,1.01159807020005,1347,1,1
"z[123,5]",0.993777777777778,0.0786440117920529,1,1,1,1,1,1.04722437593526,1586,0,1
"z[124,5]",0.991333333333333,0.0927009450571682,1,1,1,1,1,1.00266456296957,4500,0,1
"z[125,5]",1,0,1,1,1,1,1,NA,1,0,1
"z[126,5]",0.381333333333333,0.485768113554913,0,0,0,1,1,1.00093139611922,1679,1,1
"z[127,5]",0.994444444444444,0.0743365276300976,1,1,1,1,1,1.05414051552231,1534,0,1
"z[128,5]",0.802,0.398536442302985,0,1,1,1,1,1.00144779861594,1776,1,1
"z[129,5]",0.995111111111111,0.069757214702053,1,1,1,1,1,1.012956392308,4500,0,1
"z[130,5]",0.995111111111111,0.069757214702053,1,1,1,1,1,1.06834965577332,1351,0,1
"z[131,5]",1,0,1,1,1,1,1,NA,1,0,1
"z[132,5]",1,0,1,1,1,1,1,NA,1,0,1
"z[133,5]",1,0,1,1,1,1,1,NA,1,0,1
"z[134,5]",0.988888888888889,0.104833661410201,1,1,1,1,1,1.01013355624767,4280,0,1
"z[135,5]",0.992444444444444,0.0866033246050876,1,1,1,1,1,1.01174037116447,4500,0,1
"z[136,5]",0.943333333333333,0.231230268797726,0,1,1,1,1,1.00093480670623,4500,1,1
"z[137,5]",0.992888888888889,0.0840363764582043,1,1,1,1,1,1.01467377528557,4500,0,1
"z[138,5]",1,0,1,1,1,1,1,NA,1,0,1
"z[139,5]",0.979333333333333,0.142281601882585,1,1,1,1,1,1.00468891977253,4500,0,1
"z[140,5]",1,0,1,1,1,1,1,NA,1,0,1
"z[141,5]",1,0,1,1,1,1,1,NA,1,0,1
"z[142,5]",0.872,0.334126935562941,0,1,1,1,1,1.00040422046567,4500,1,1
"z[143,5]",0.860444444444444,0.346563836545115,0,1,1,1,1,0.999781221517313,4500,1,1
"z[144,5]",0.849777777777778,0.357328812676052,0,1,1,1,1,0.999895464393099,4500,1,1
"z[145,5]",1,0,1,1,1,1,1,NA,1,0,1
"z[146,5]",1,0,1,1,1,1,1,NA,1,0,1
"z[147,5]",1,0,1,1,1,1,1,NA,1,0,1
"z[148,5]",1,0,1,1,1,1,1,NA,1,0,1
"z[149,5]",1,0,1,1,1,1,1,NA,1,0,1
"z[150,5]",1,0,1,1,1,1,1,NA,1,0,1
"z[151,5]",0.964222222222222,0.185756281888117,0,1,1,1,1,1.00179488857831,4500,1,1
"z[152,5]",0.986444444444444,0.115649360747383,1,1,1,1,1,1.0096167350486,3710,0,1
"z[153,5]",1,0,1,1,1,1,1,NA,1,0,1
"z[154,5]",0.972222222222222,0.164353812079863,0,1,1,1,1,1.00010649653062,4500,1,1
"z[155,5]",0.917333333333333,0.275408323018099,0,1,1,1,1,1.00137374777938,3850,1,1
"z[156,5]",0.117333333333333,0.321852826698461,0,0,0,0,1,1.00101908133235,3568,1,1
"z[157,5]",1,0,1,1,1,1,1,NA,1,0,1
"z[158,5]",0.00488888888888889,0.069757214702053,0,0,0,0,0,1.00381169842431,4500,1,1
"z[159,5]",1,0,1,1,1,1,1,NA,1,0,1
"z[160,5]",0.134666666666667,0.341405121831401,0,0,0,0,1,1.00006484184909,4500,1,1
"z[161,5]",0.880888888888889,0.323955206581375,0,1,1,1,1,1.00062159781945,4500,1,1
"z[162,5]",1,0,1,1,1,1,1,NA,1,0,1
"z[163,5]",1,0,1,1,1,1,1,NA,1,0,1
"z[164,5]",1,0,1,1,1,1,1,NA,1,0,1
"z[165,5]",1,0,1,1,1,1,1,NA,1,0,1
"z[166,5]",1,0,1,1,1,1,1,NA,1,0,1
"z[167,5]",0.00355555555555556,0.0595289935189017,0,0,0,0,0,1.0351015531623,3777,1,1
"z[168,5]",0.968222222222222,0.175427447850631,0,1,1,1,1,1.00094274015766,4500,1,1
"z[169,5]",0.973333333333333,0.161125183440798,0,1,1,1,1,1.00695419363404,2616,1,1
"z[170,5]",1,0,1,1,1,1,1,NA,1,0,1
"z[171,5]",1,0,1,1,1,1,1,NA,1,0,1
"z[172,5]",0.843777777777778,0.363106236035812,0,1,1,1,1,1.00216088830514,1524,1,1
"z[173,5]",0.981111111111111,0.136147779728393,1,1,1,1,1,1.00763670234125,3352,0,1
"z[174,5]",0.0933333333333333,0.290931317221604,0,0,0,0,1,1.00020361463394,4500,1,1
"z[175,5]",1,0,1,1,1,1,1,NA,1,0,1
"z[176,5]",1,0,1,1,1,1,1,NA,1,0,1
"z[177,5]",0.0486666666666667,0.215194128644091,0,0,0,0,1,1.00021901461137,4500,1,1
"z[178,5]",0.679555555555556,0.466699265365087,0,0,1,1,1,1.00078541642039,2053,1,1
"z[179,5]",0.774,0.418285644793295,0,1,1,1,1,0.999792380635929,4500,1,1
"z[180,5]",0.994222222222222,0.0758002102747823,1,1,1,1,1,1.00486214526641,4500,0,1
"z[181,5]",0.920666666666667,0.270288346355507,0,1,1,1,1,1.00009653216396,4500,1,1
"z[182,5]",0.978444444444444,0.14524324938423,1,1,1,1,1,1.00005491602009,4500,0,1
"z[183,5]",0.994222222222222,0.0758002102747823,1,1,1,1,1,1.08167886468231,939,0,1
"z[184,5]",1,0,1,1,1,1,1,NA,1,0,1
"z[185,5]",1,0,1,1,1,1,1,NA,1,0,1
"z[186,5]",1,0,1,1,1,1,1,NA,1,0,1
"z[187,5]",0.111555555555556,0.314853844066041,0,0,0,0,1,1.00058284357278,4500,1,1
"z[188,5]",0.0297777777777778,0.169992598048771,0,0,0,0,1,1.00543231520861,2986,1,1
"z[189,5]",0.000666666666666667,0.0258141493083176,0,0,0,0,0,1.13377982835195,4498,1,1
"z[190,5]",0.000222222222222222,0.0149071198499986,0,0,0,0,0,1.29093398298233,4500,1,1
"z[191,5]",0,0,0,0,0,0,0,NA,1,1,1
"z[192,5]",0.164666666666667,0.370920651032105,0,0,0,0,1,0.999807508060529,4500,1,1
"z[193,5]",0,0,0,0,0,0,0,NA,1,1,1
"z[194,5]",0.000222222222222222,0.0149071198499986,0,0,0,0,0,1.29093398298233,4500,1,1
"z[195,5]",0,0,0,0,0,0,0,NA,1,1,1
"z[196,5]",1,0,1,1,1,1,1,NA,1,0,1
"z[197,5]",0.994,0.0772355205065475,1,1,1,1,1,1.03705334894127,2120,0,1
"z[198,5]",0.137777777777778,0.344704897700523,0,0,0,0,1,1.00047818186246,4500,1,1
"z[199,5]",0,0,0,0,0,0,0,NA,1,1,1
"z[200,5]",0.000222222222222222,0.0149071198499986,0,0,0,0,0,1.29093398298233,4500,1,1
"z[1,6]",1,0,1,1,1,1,1,NA,1,0,1
"z[2,6]",1,0,1,1,1,1,1,NA,1,0,1
"z[3,6]",1,0,1,1,1,1,1,NA,1,0,1
"z[4,6]",1,0,1,1,1,1,1,NA,1,0,1
"z[5,6]",0.950444444444444,0.217049006950826,0,1,1,1,1,1.00213896609505,4278,1,1
"z[6,6]",0.952444444444444,0.212847579895609,0,1,1,1,1,1.00054503387295,4500,1,1
"z[7,6]",1,0,1,1,1,1,1,NA,1,0,1
"z[8,6]",1,0,1,1,1,1,1,NA,1,0,1
"z[9,6]",1,0,1,1,1,1,1,NA,1,0,1
"z[10,6]",0.238,0.425906457207655,0,0,0,0,1,0.999673363836593,4500,1,1
"z[11,6]",0.988888888888889,0.104833661410201,1,1,1,1,1,1.00953577060497,4500,0,1
"z[12,6]",1,0,1,1,1,1,1,NA,1,0,1
"z[13,6]",1,0,1,1,1,1,1,NA,1,0,1
"z[14,6]",1,0,1,1,1,1,1,NA,1,0,1
"z[15,6]",0.369333333333333,0.482677941395735,0,0,0,1,1,0.99968299360171,4500,1,1
"z[16,6]",0.931777777777778,0.252154872981642,0,1,1,1,1,1.0004225833615,4500,1,1
"z[17,6]",0.887333333333333,0.316220034192095,0,1,1,1,1,1.00334318755984,1362,1,1
"z[18,6]",0.0408888888888889,0.198054801702807,0,0,0,0,1,1.00446168275269,2639,1,1
"z[19,6]",0.152888888888889,0.35992035758183,0,0,0,0,1,1.00055436917119,4343,1,1
"z[20,6]",0.869777777777778,0.336585160875883,0,1,1,1,1,1.00019908077024,4500,1,1
"z[21,6]",0.878,0.327322178971133,0,1,1,1,1,1.00014975710519,4500,1,1
"z[22,6]",0.875333333333333,0.330377275632388,0,1,1,1,1,1.00097883982944,3492,1,1
"z[23,6]",0.922222222222222,0.267851336095241,0,1,1,1,1,1.00059221244089,4500,1,1
"z[24,6]",0.107333333333333,0.309570969851063,0,0,0,0,1,1.00025498324476,4500,1,1
"z[25,6]",0.422888888888889,0.494072993385309,0,0,0,1,1,0.999993185812332,4500,1,1
"z[26,6]",0.921777777777778,0.268550801033379,0,1,1,1,1,0.999699850386005,4500,1,1
"z[27,6]",0.702222222222222,0.457332101657473,0,0,1,1,1,0.9998942798246,4500,1,1
"z[28,6]",0.156,0.362895667058781,0,0,0,0,1,1.00014098177442,4500,1,1
"z[29,6]",0.306222222222222,0.460974396775704,0,0,0,1,1,0.999903449937439,4500,1,1
"z[30,6]",0.946222222222222,0.225603720820688,0,1,1,1,1,0.999733321663388,4500,1,1
"z[31,6]",0.930666666666667,0.25404835085059,0,1,1,1,1,1.0019153407207,3431,1,1
"z[32,6]",0.951555555555556,0.214727330422946,0,1,1,1,1,1.00265933178541,3605,1,1
"z[33,6]",1,0,1,1,1,1,1,NA,1,0,1
"z[34,6]",1,0,1,1,1,1,1,NA,1,0,1
"z[35,6]",1,0,1,1,1,1,1,NA,1,0,1
"z[36,6]",1,0,1,1,1,1,1,NA,1,0,1
"z[37,6]",0.0677777777777778,0.251392113273443,0,0,0,0,1,0.999691348168589,4500,1,1
"z[38,6]",1,0,1,1,1,1,1,NA,1,0,1
"z[39,6]",0.926,0.261799982697114,0,1,1,1,1,1.00023407349763,4500,1,1
"z[40,6]",1,0,1,1,1,1,1,NA,1,0,1
"z[41,6]",1,0,1,1,1,1,1,NA,1,0,1
"z[42,6]",0.938222222222222,0.240778252960813,0,1,1,1,1,1.00015906766541,4500,1,1
"z[43,6]",0.939111111111111,0.239152967592038,0,1,1,1,1,1.00012698898038,4500,1,1
"z[44,6]",0.908444444444444,0.288429580365407,0,1,1,1,1,0.999991297558492,4500,1,1
"z[45,6]",0.530222222222222,0.499141244708226,0,0,1,1,1,0.99985808241385,4500,1,1
"z[46,6]",0.932444444444444,0.251009569058353,0,1,1,1,1,1.00147634542732,4369,1,1
"z[47,6]",0.898,0.302681943946003,0,1,1,1,1,1.00016982702791,4500,1,1
"z[48,6]",1,0,1,1,1,1,1,NA,1,0,1
"z[49,6]",0.819555555555556,0.384599944597123,0,1,1,1,1,1.000006827552,4500,1,1
"z[50,6]",0.00644444444444444,0.0800271001985887,0,0,0,0,0,1.00026806590517,4500,1,1
"z[51,6]",0.984222222222222,0.124628612791859,1,1,1,1,1,1.00221845724212,4500,0,1
"z[52,6]",1,0,1,1,1,1,1,NA,1,0,1
"z[53,6]",0.589333333333333,0.492009501568061,0,0,1,1,1,0.999975497309754,4500,1,1
"z[54,6]",1,0,1,1,1,1,1,NA,1,0,1
"z[55,6]",0.933333333333333,0.249471546385758,0,1,1,1,1,1.00006789833391,4500,1,1
"z[56,6]",1,0,1,1,1,1,1,NA,1,0,1
"z[57,6]",1,0,1,1,1,1,1,NA,1,0,1
"z[58,6]",0.512222222222222,0.499906143175288,0,0,1,1,1,0.99982007348304,4500,1,1
"z[59,6]",1,0,1,1,1,1,1,NA,1,0,1
"z[60,6]",0.0531111111111111,0.224279956970223,0,0,0,0,1,0.999676369287604,4500,1,1
"z[61,6]",0.000444444444444444,0.0210795079890303,0,0,0,0,0,1.10528646876281,4500,1,1
"z[62,6]",0.012,0.108897361089598,0,0,0,0,0,1.00952769806782,4213,1,1
"z[63,6]",0.000222222222222222,0.0149071198499986,0,0,0,0,0,1.29093398298233,4500,1,1
"z[64,6]",0,0,0,0,0,0,0,NA,1,1,1
"z[65,6]",1,0,1,1,1,1,1,NA,1,0,1
"z[66,6]",1,0,1,1,1,1,1,NA,1,0,1
"z[67,6]",1,0,1,1,1,1,1,NA,1,0,1
"z[68,6]",0.472666666666667,0.499307811606502,0,0,0,1,1,1.00027897365028,3281,1,1
"z[69,6]",0.271333333333333,0.444697089289433,0,0,0,1,1,1.00003296078493,4500,1,1
"z[70,6]",0.146888888888889,0.354034456841916,0,0,0,0,1,1.00166516941091,2004,1,1
"z[71,6]",0.452444444444444,0.497788644271504,0,0,0,1,1,0.999973795081233,4500,1,1
"z[72,6]",1,0,1,1,1,1,1,NA,1,0,1
"z[73,6]",1,0,1,1,1,1,1,NA,1,0,1
"z[74,6]",1,0,1,1,1,1,1,NA,1,0,1
"z[75,6]",1,0,1,1,1,1,1,NA,1,0,1
"z[76,6]",0.455333333333333,0.498056235114366,0,0,0,1,1,0.999787036589662,4500,1,1
"z[77,6]",0.168666666666667,0.374498850135827,0,0,0,0,1,1.0004168527672,4500,1,1
"z[78,6]",0.0224444444444444,0.148140366379144,0,0,0,0,0,1.01121546547405,1941,1,1
"z[79,6]",1,0,1,1,1,1,1,NA,1,0,1
"z[80,6]",1,0,1,1,1,1,1,NA,1,0,1
"z[81,6]",0.328444444444444,0.469699603488733,0,0,0,1,1,0.999973389936028,4500,1,1
"z[82,6]",0.851111111111111,0.356018474426563,0,1,1,1,1,1.00087020283404,3274,1,1
"z[83,6]",0.554888888888889,0.497033306854574,0,0,1,1,1,0.999720422641816,4500,1,1
"z[84,6]",1,0,1,1,1,1,1,NA,1,0,1
"z[85,6]",1,0,1,1,1,1,1,NA,1,0,1
"z[86,6]",0.0211111111111111,0.143770739157005,0,0,0,0,0,0.999724396257424,4500,1,1
"z[87,6]",1,0,1,1,1,1,1,NA,1,0,1
"z[88,6]",1,0,1,1,1,1,1,NA,1,0,1
"z[89,6]",0.936,0.244780135956494,0,1,1,1,1,1.00009953942437,4500,1,1
"z[90,6]",1,0,1,1,1,1,1,NA,1,0,1
"z[91,6]",0.00111111111111111,0.033318511930496,0,0,0,0,0,1.01912206739455,4500,1,1
"z[92,6]",0.464222222222222,0.498773730265155,0,0,0,1,1,0.99977358534804,4500,1,1
"z[93,6]",1,0,1,1,1,1,1,NA,1,0,1
"z[94,6]",0.00111111111111111,0.033318511930496,0,0,0,0,0,1.01912206739455,4500,1,1
"z[95,6]",0.390666666666667,0.487954027691849,0,0,0,1,1,1.00031525528285,3241,1,1
"z[96,6]",1,0,1,1,1,1,1,NA,1,0,1
"z[97,6]",1,0,1,1,1,1,1,NA,1,0,1
"z[98,6]",1,0,1,1,1,1,1,NA,1,0,1
"z[99,6]",1,0,1,1,1,1,1,NA,1,0,1
"z[100,6]",1,0,1,1,1,1,1,NA,1,0,1
"z[101,6]",1,0,1,1,1,1,1,NA,1,0,1
"z[102,6]",0.84,0.366646796392903,0,1,1,1,1,1.00004844305651,4500,1,1
"z[103,6]",0.845777777777778,0.361201773251085,0,1,1,1,1,1.00016329339361,4500,1,1
"z[104,6]",1,0,1,1,1,1,1,NA,1,0,1
"z[105,6]",1,0,1,1,1,1,1,NA,1,0,1
"z[106,6]",0.000222222222222222,0.0149071198499986,0,0,0,0,0,1.29093398298233,4500,1,1
"z[107,6]",1,0,1,1,1,1,1,NA,1,0,1
"z[108,6]",1,0,1,1,1,1,1,NA,1,0,1
"z[109,6]",0.00333333333333333,0.0576451269226114,0,0,0,0,0,1.01920790422686,4500,1,1
"z[110,6]",0.764,0.424669373114469,0,1,1,1,1,1.00074353026818,2585,1,1
"z[111,6]",1,0,1,1,1,1,1,NA,1,0,1
"z[112,6]",1,0,1,1,1,1,1,NA,1,0,1
"z[113,6]",1,0,1,1,1,1,1,NA,1,0,1
"z[114,6]",1,0,1,1,1,1,1,NA,1,0,1
"z[115,6]",1,0,1,1,1,1,1,NA,1,0,1
"z[116,6]",1,0,1,1,1,1,1,NA,1,0,1
"z[117,6]",0.943555555555556,0.230803611284136,0,1,1,1,1,1.00074591936167,4500,1,1
"z[118,6]",0.926444444444444,0.261075243046752,0,1,1,1,1,0.999894952946833,4500,1,1
"z[119,6]",1,0,1,1,1,1,1,NA,1,0,1
"z[120,6]",0.904666666666667,0.293707437222326,0,1,1,1,1,1.00281557010066,1843,1,1
"z[121,6]",1,0,1,1,1,1,1,NA,1,0,1
"z[122,6]",0.0273333333333333,0.163070940344369,0,0,0,0,1,1.00414863272633,4174,1,1
"z[123,6]",1,0,1,1,1,1,1,NA,1,0,1
"z[124,6]",1,0,1,1,1,1,1,NA,1,0,1
"z[125,6]",1,0,1,1,1,1,1,NA,1,0,1
"z[126,6]",1,0,1,1,1,1,1,NA,1,0,1
"z[127,6]",1,0,1,1,1,1,1,NA,1,0,1
"z[128,6]",1,0,1,1,1,1,1,NA,1,0,1
"z[129,6]",1,0,1,1,1,1,1,NA,1,0,1
"z[130,6]",1,0,1,1,1,1,1,NA,1,0,1
"z[131,6]",1,0,1,1,1,1,1,NA,1,0,1
"z[132,6]",0.0633333333333333,0.243588603732636,0,0,0,0,1,0.9998559557509,4500,1,1
"z[133,6]",0.631111111111111,0.482557378526813,0,0,1,1,1,0.999734011889355,4500,1,1
"z[134,6]",1,0,1,1,1,1,1,NA,1,0,1
"z[135,6]",1,0,1,1,1,1,1,NA,1,0,1
"z[136,6]",0.868888888888889,0.337559341533209,0,1,1,1,1,1.0008124221265,3839,1,1
"z[137,6]",1,0,1,1,1,1,1,NA,1,0,1
"z[138,6]",0.907111111111111,0.290308925003992,0,1,1,1,1,0.999670088079833,4500,1,1
"z[139,6]",0.958222222222222,0.200103206188376,0,1,1,1,1,0.999774390980662,4500,1,1
"z[140,6]",0.903777777777778,0.294928526412557,0,1,1,1,1,1.0031227841979,1667,1,1
"z[141,6]",0.964666666666667,0.184641449821595,0,1,1,1,1,1.00087470200687,4500,1,1
"z[142,6]",1,0,1,1,1,1,1,NA,1,0,1
"z[143,6]",1,0,1,1,1,1,1,NA,1,0,1
"z[144,6]",1,0,1,1,1,1,1,NA,1,0,1
"z[145,6]",1,0,1,1,1,1,1,NA,1,0,1
"z[146,6]",1,0,1,1,1,1,1,NA,1,0,1
"z[147,6]",1,0,1,1,1,1,1,NA,1,0,1
"z[148,6]",1,0,1,1,1,1,1,NA,1,0,1
"z[149,6]",0.448,0.497343912078482,0,0,0,1,1,1.00155184318977,1079,1,1
"z[150,6]",0.884222222222222,0.319993810293055,0,1,1,1,1,0.999852539869784,4500,1,1
"z[151,6]",0.912,0.283326381812225,0,1,1,1,1,1.00050492951474,4500,1,1
"z[152,6]",1,0,1,1,1,1,1,NA,1,0,1
"z[153,6]",1,0,1,1,1,1,1,NA,1,0,1
"z[154,6]",0.950888888888889,0.216124014828025,0,1,1,1,1,1.00457182748091,2170,1,1
"z[155,6]",1,0,1,1,1,1,1,NA,1,0,1
"z[156,6]",0.0642222222222222,0.245175623613492,0,0,0,0,1,1.00110936685992,4500,1,1
"z[157,6]",1,0,1,1,1,1,1,NA,1,0,1
"z[158,6]",0.00333333333333333,0.0576451269226114,0,0,0,0,0,1.04363815036703,3205,1,1
"z[159,6]",1,0,1,1,1,1,1,NA,1,0,1
"z[160,6]",0.680666666666667,0.466270166765153,0,0,1,1,1,1.00010389869837,4500,1,1
"z[161,6]",0.855333333333333,0.35180353283733,0,1,1,1,1,1.00036300455435,4500,1,1
"z[162,6]",0.938,0.241182350987992,0,1,1,1,1,1.00209276527007,3538,1,1
"z[163,6]",0.147555555555556,0.354698282420007,0,0,0,0,1,1.0000521898141,4500,1,1
"z[164,6]",1,0,1,1,1,1,1,NA,1,0,1
"z[165,6]",1,0,1,1,1,1,1,NA,1,0,1
"z[166,6]",1,0,1,1,1,1,1,NA,1,0,1
"z[167,6]",0.00888888888888889,0.093871373318521,0,0,0,0,0,1.01306905400085,4150,1,1
"z[168,6]",0.923111111111111,0.266444673101302,0,1,1,1,1,0.999921513631552,4500,1,1
"z[169,6]",0.929111111111111,0.25666767217915,0,1,1,1,1,1.00030400343171,4500,1,1
"z[170,6]",1,0,1,1,1,1,1,NA,1,0,1
"z[171,6]",0.944,0.22994727692822,0,1,1,1,1,1.00276229967909,3051,1,1
"z[172,6]",0.15,0.357111102643182,0,0,0,0,1,1.00432705773041,837,1,1
"z[173,6]",1,0,1,1,1,1,1,NA,1,0,1
"z[174,6]",0.302444444444444,0.459367712745011,0,0,0,1,1,1.00050831871436,2813,1,1
"z[175,6]",1,0,1,1,1,1,1,NA,1,0,1
"z[176,6]",1,0,1,1,1,1,1,NA,1,0,1
"z[177,6]",0.0208888888888889,0.143028281223349,0,0,0,0,0,1.00078632091274,4500,1,1
"z[178,6]",0.684888888888889,0.464611739583112,0,0,1,1,1,0.999962823211101,4500,1,1
"z[179,6]",0.776,0.416968387460446,0,1,1,1,1,1.00014627078889,4500,1,1
"z[180,6]",1,0,1,1,1,1,1,NA,1,0,1
"z[181,6]",0.71,0.453812478591892,0,0,1,1,1,0.99989225383506,4500,1,1
"z[182,6]",1,0,1,1,1,1,1,NA,1,0,1
"z[183,6]",1,0,1,1,1,1,1,NA,1,0,1
"z[184,6]",1,0,1,1,1,1,1,NA,1,0,1
"z[185,6]",1,0,1,1,1,1,1,NA,1,0,1
"z[186,6]",1,0,1,1,1,1,1,NA,1,0,1
"z[187,6]",0.128888888888889,0.335114158308128,0,0,0,0,1,1.0015512247393,2367,1,1
"z[188,6]",0.000444444444444444,0.0210795079890303,0,0,0,0,0,1.2913045102833,2250,1,1
"z[189,6]",0,0,0,0,0,0,0,NA,1,1,1
"z[190,6]",0.000222222222222222,0.0149071198499986,0,0,0,0,0,1.29093398298233,4500,1,1
"z[191,6]",0,0,0,0,0,0,0,NA,1,1,1
"z[192,6]",0.193333333333333,0.394955972291722,0,0,0,0,1,0.999760958029148,4500,1,1
"z[193,6]",0,0,0,0,0,0,0,NA,1,1,1
"z[194,6]",0.000666666666666667,0.0258141493083176,0,0,0,0,0,1.13377982835195,4498,1,1
"z[195,6]",0,0,0,0,0,0,0,NA,1,1,1
"z[196,6]",1,0,1,1,1,1,1,NA,1,0,1
"z[197,6]",1,0,1,1,1,1,1,NA,1,0,1
"z[198,6]",1,0,1,1,1,1,1,NA,1,0,1
"z[199,6]",0,0,0,0,0,0,0,NA,1,1,1
"z[200,6]",0,0,0,0,0,0,0,NA,1,1,1
"z[1,7]",1,0,1,1,1,1,1,NA,1,0,1
"z[2,7]",1,0,1,1,1,1,1,NA,1,0,1
"z[3,7]",1,0,1,1,1,1,1,NA,1,0,1
"z[4,7]",1,0,1,1,1,1,1,NA,1,0,1
"z[5,7]",1,0,1,1,1,1,1,NA,1,0,1
"z[6,7]",1,0,1,1,1,1,1,NA,1,0,1
"z[7,7]",1,0,1,1,1,1,1,NA,1,0,1
"z[8,7]",1,0,1,1,1,1,1,NA,1,0,1
"z[9,7]",1,0,1,1,1,1,1,NA,1,0,1
"z[10,7]",1,0,1,1,1,1,1,NA,1,0,1
"z[11,7]",1,0,1,1,1,1,1,NA,1,0,1
"z[12,7]",1,0,1,1,1,1,1,NA,1,0,1
"z[13,7]",1,0,1,1,1,1,1,NA,1,0,1
"z[14,7]",1,0,1,1,1,1,1,NA,1,0,1
"z[15,7]",1,0,1,1,1,1,1,NA,1,0,1
"z[16,7]",0.934888888888889,0.246749233761641,0,1,1,1,1,1.00199166314483,3533,1,1
"z[17,7]",0.87,0.336340807693268,0,1,1,1,1,1.00071603269392,4219,1,1
"z[18,7]",0.430444444444444,0.495193413981595,0,0,0,1,1,0.999792676719449,4500,1,1
"z[19,7]",0.469333333333333,0.499114129659167,0,0,0,1,1,1.0007757406362,1815,1,1
"z[20,7]",0.842666666666667,0.364155219964792,0,1,1,1,1,1.00038547231131,4500,1,1
"z[21,7]",0.879555555555556,0.325516707964524,0,1,1,1,1,1.00115316086727,3174,1,1
"z[22,7]",0.874,0.331886241714584,0,1,1,1,1,1.00044357105024,4500,1,1
"z[23,7]",0.920444444444444,0.270633969230444,0,1,1,1,1,1.00165606439534,3426,1,1
"z[24,7]",0.578666666666667,0.493827650039958,0,0,1,1,1,1.00124806040014,1300,1,1
"z[25,7]",0.520222222222222,0.499646413713741,0,0,1,1,1,1.00115616813639,1350,1,1
"z[26,7]",0.909333333333333,0.287166411122996,0,1,1,1,1,0.999699279950167,4500,1,1
"z[27,7]",0.78,0.414292338583869,0,1,1,1,1,0.999978278885174,4500,1,1
"z[28,7]",1,0,1,1,1,1,1,NA,1,0,1
"z[29,7]",0.0364444444444444,0.187414119688263,0,0,0,0,1,1.00148380637765,4500,1,1
"z[30,7]",0.927555555555556,0.259251196201609,0,1,1,1,1,1.00032861484926,4500,1,1
"z[31,7]",0.903333333333333,0.295536176252013,0,1,1,1,1,1.00095653981176,4433,1,1
"z[32,7]",0.930888888888889,0.253671175391235,0,1,1,1,1,1.00371484971317,1920,1,1
"z[33,7]",1,0,1,1,1,1,1,NA,1,0,1
"z[34,7]",1,0,1,1,1,1,1,NA,1,0,1
"z[35,7]",0.262444444444444,0.440011798198807,0,0,0,1,1,0.999865145347755,4500,1,1
"z[36,7]",1,0,1,1,1,1,1,NA,1,0,1
"z[37,7]",1,0,1,1,1,1,1,NA,1,0,1
"z[38,7]",1,0,1,1,1,1,1,NA,1,0,1
"z[39,7]",1,0,1,1,1,1,1,NA,1,0,1
"z[40,7]",1,0,1,1,1,1,1,NA,1,0,1
"z[41,7]",0.949777777777778,0.218427454690079,0,1,1,1,1,1.00410484486992,2345,1,1
"z[42,7]",0.924666666666667,0.26395777175116,0,1,1,1,1,0.99971237445859,4500,1,1
"z[43,7]",0.935111111111111,0.246357074296865,0,1,1,1,1,1.00139775549577,4500,1,1
"z[44,7]",0.872666666666667,0.333383044377978,0,1,1,1,1,1.00150594027128,2444,1,1
"z[45,7]",0.729777777777778,0.444123862548642,0,0,1,1,1,1.00089353842287,2064,1,1
"z[46,7]",0.910666666666667,0.285255975094233,0,1,1,1,1,0.999901412672812,4500,1,1
"z[47,7]",0.894,0.307871829415116,0,1,1,1,1,1.00043185724166,4500,1,1
"z[48,7]",1,0,1,1,1,1,1,NA,1,0,1
"z[49,7]",0.827777777777778,0.377615433769331,0,1,1,1,1,1.00051809359134,4125,1,1
"z[50,7]",0.00755555555555556,0.0866033246050876,0,0,0,0,0,1.01302423534336,4500,1,1
"z[51,7]",1,0,1,1,1,1,1,NA,1,0,1
"z[52,7]",1,0,1,1,1,1,1,NA,1,0,1
"z[53,7]",1,0,1,1,1,1,1,NA,1,0,1
"z[54,7]",1,0,1,1,1,1,1,NA,1,0,1
"z[55,7]",0.915555555555556,0.278084096742923,0,1,1,1,1,0.999794533060883,4500,1,1
"z[56,7]",1,0,1,1,1,1,1,NA,1,0,1
"z[57,7]",0.709111111111111,0.454222843702708,0,0,1,1,1,0.999897012508845,4500,1,1
"z[58,7]",0.0211111111111111,0.143770739157005,0,0,0,0,0,1.00930823382696,2477,1,1
"z[59,7]",1,0,1,1,1,1,1,NA,1,0,1
"z[60,7]",1,0,1,1,1,1,1,NA,1,0,1
"z[61,7]",0.00111111111111111,0.033318511930496,0,0,0,0,0,1.11603919183554,3212,1,1
"z[62,7]",1,0,1,1,1,1,1,NA,1,0,1
"z[63,7]",0.00177777777777778,0.0421308880870312,0,0,0,0,0,1.007413097858,4500,1,1
"z[64,7]",0.000666666666666667,0.0258141493083176,0,0,0,0,0,NA,4500,1,1
"z[65,7]",1,0,1,1,1,1,1,NA,1,0,1
"z[66,7]",1,0,1,1,1,1,1,NA,1,0,1
"z[67,7]",1,0,1,1,1,1,1,NA,1,0,1
"z[68,7]",0.0595555555555556,0.236687854568751,0,0,0,0,1,1.00028830051471,4500,1,1
"z[69,7]",1,0,1,1,1,1,1,NA,1,0,1
"z[70,7]",1,0,1,1,1,1,1,NA,1,0,1
"z[71,7]",1,0,1,1,1,1,1,NA,1,0,1
"z[72,7]",1,0,1,1,1,1,1,NA,1,0,1
"z[73,7]",1,0,1,1,1,1,1,NA,1,0,1
"z[74,7]",1,0,1,1,1,1,1,NA,1,0,1
"z[75,7]",1,0,1,1,1,1,1,NA,1,0,1
"z[76,7]",1,0,1,1,1,1,1,NA,1,0,1
"z[77,7]",0.0757777777777778,0.264671632552429,0,0,0,0,1,1.00101158859709,4500,1,1
"z[78,7]",0.0255555555555556,0.157822698772571,0,0,0,0,1,1.00018351065525,4500,1,1
"z[79,7]",1,0,1,1,1,1,1,NA,1,0,1
"z[80,7]",1,0,1,1,1,1,1,NA,1,0,1
"z[81,7]",0.207333333333333,0.405441428226822,0,0,0,0,1,0.999921287577627,4500,1,1
"z[82,7]",1,0,1,1,1,1,1,NA,1,0,1
"z[83,7]",0.28,0.449048783494364,0,0,0,1,1,1.00036159882603,3573,1,1
"z[84,7]",0.728444444444444,0.444811312859524,0,0,1,1,1,0.999996392303948,4500,1,1
"z[85,7]",0.691111111111111,0.462086564386042,0,0,1,1,1,0.999986101610373,4500,1,1
"z[86,7]",0.0195555555555556,0.13848248064772,0,0,0,0,0,1.00013642672836,4500,1,1
"z[87,7]",1,0,1,1,1,1,1,NA,1,0,1
"z[88,7]",1,0,1,1,1,1,1,NA,1,0,1
"z[89,7]",1,0,1,1,1,1,1,NA,1,0,1
"z[90,7]",1,0,1,1,1,1,1,NA,1,0,1
"z[91,7]",0.00111111111111111,0.033318511930496,0,0,0,0,0,1.07137218653062,4500,1,1
"z[92,7]",1,0,1,1,1,1,1,NA,1,0,1
"z[93,7]",1,0,1,1,1,1,1,NA,1,0,1
"z[94,7]",0.00355555555555556,0.0595289935189017,0,0,0,0,0,1.0351015531623,3777,1,1
"z[95,7]",0.538,0.498609312933248,0,0,1,1,1,0.999957973173012,4500,1,1
"z[96,7]",0.0348888888888889,0.183518768996536,0,0,0,0,1,1.00060092198515,4500,1,1
"z[97,7]",0.0426666666666667,0.202126943226378,0,0,0,0,1,1.00658487090423,1757,1,1
"z[98,7]",0.0142222222222222,0.118419030794728,0,0,0,0,0,1.00204522091113,4500,1,1
"z[99,7]",1,0,1,1,1,1,1,NA,1,0,1
"z[100,7]",1,0,1,1,1,1,1,NA,1,0,1
"z[101,7]",1,0,1,1,1,1,1,NA,1,0,1
"z[102,7]",0.823333333333333,0.381428743275769,0,1,1,1,1,0.9999322638175,4500,1,1
"z[103,7]",0.837111111111111,0.36930530304322,0,1,1,1,1,1.00089387257218,2986,1,1
"z[104,7]",1,0,1,1,1,1,1,NA,1,0,1
"z[105,7]",1,0,1,1,1,1,1,NA,1,0,1
"z[106,7]",0.00111111111111111,0.033318511930496,0,0,0,0,0,1.11603919183554,3212,1,1
"z[107,7]",1,0,1,1,1,1,1,NA,1,0,1
"z[108,7]",1,0,1,1,1,1,1,NA,1,0,1
"z[109,7]",0.00133333333333333,0.0364945409967103,0,0,0,0,0,1.1055143248586,2997,1,1
"z[110,7]",1,0,1,1,1,1,1,NA,1,0,1
"z[111,7]",1,0,1,1,1,1,1,NA,1,0,1
"z[112,7]",0.952,0.213789983216616,0,1,1,1,1,1.00062195405194,4500,1,1
"z[113,7]",1,0,1,1,1,1,1,NA,1,0,1
"z[114,7]",1,0,1,1,1,1,1,NA,1,0,1
"z[115,7]",1,0,1,1,1,1,1,NA,1,0,1
"z[116,7]",0.872444444444444,0.333631340448452,0,1,1,1,1,0.999704485502192,4500,1,1
"z[117,7]",0.933777777777778,0.248697776589203,0,1,1,1,1,1.00149274686375,4426,1,1
"z[118,7]",0.886444444444444,0.317305949160352,0,1,1,1,1,1.00050283805657,4500,1,1
"z[119,7]",1,0,1,1,1,1,1,NA,1,0,1
"z[120,7]",0.874222222222222,0.331635596516771,0,1,1,1,1,1.00240169817585,1664,1,1
"z[121,7]",1,0,1,1,1,1,1,NA,1,0,1
"z[122,7]",0.192222222222222,0.394090538139547,0,0,0,0,1,0.999741405432786,4500,1,1
"z[123,7]",0.966444444444444,0.180102161070095,0,1,1,1,1,1.00319830685301,4350,1,1
"z[124,7]",0.942666666666667,0.232504269129342,0,1,1,1,1,1.00151492741392,4500,1,1
"z[125,7]",1,0,1,1,1,1,1,NA,1,0,1
"z[126,7]",0.812222222222222,0.390578012967673,0,1,1,1,1,1.00024709038678,4500,1,1
"z[127,7]",1,0,1,1,1,1,1,NA,1,0,1
"z[128,7]",1,0,1,1,1,1,1,NA,1,0,1
"z[129,7]",1,0,1,1,1,1,1,NA,1,0,1
"z[130,7]",1,0,1,1,1,1,1,NA,1,0,1
"z[131,7]",1,0,1,1,1,1,1,NA,1,0,1
"z[132,7]",0.0304444444444444,0.171825903655918,0,0,0,0,1,1.0047552217323,3303,1,1
"z[133,7]",0.0535555555555556,0.225163550304364,0,0,0,0,1,1.00165803088646,4500,1,1
"z[134,7]",1,0,1,1,1,1,1,NA,1,0,1
"z[135,7]",0.947555555555556,0.222946339423924,0,1,1,1,1,1.00099217928102,4500,1,1
"z[136,7]",0.815333333333333,0.388070039026517,0,1,1,1,1,0.999728715916442,4500,1,1
"z[137,7]",1,0,1,1,1,1,1,NA,1,0,1
"z[138,7]",0.862666666666667,0.344237159599809,0,1,1,1,1,0.999703525769162,4500,1,1
"z[139,7]",1,0,1,1,1,1,1,NA,1,0,1
"z[140,7]",1,0,1,1,1,1,1,NA,1,0,1
"z[141,7]",1,0,1,1,1,1,1,NA,1,0,1
"z[142,7]",0.0275555555555556,0.163713783655141,0,0,0,0,1,1.00021654817382,4500,1,1
"z[143,7]",0.0226666666666667,0.148855006121055,0,0,0,0,0,1.00011920509057,4500,1,1
"z[144,7]",1,0,1,1,1,1,1,NA,1,0,1
"z[145,7]",0.91,0.286213563699108,0,1,1,1,1,0.99997594722405,4500,1,1
"z[146,7]",0.899555555555556,0.300625084542401,0,1,1,1,1,1.00041430113741,4500,1,1
"z[147,7]",1,0,1,1,1,1,1,NA,1,0,1
"z[148,7]",1,0,1,1,1,1,1,NA,1,0,1
"z[149,7]",0.653555555555556,0.475889712276878,0,0,1,1,1,1.00013048433538,4500,1,1
"z[150,7]",0.853333333333333,0.353812625669477,0,1,1,1,1,1.00188045366885,1802,1,1
"z[151,7]",0.893777777777778,0.308156070826227,0,1,1,1,1,0.999833674260495,4500,1,1
"z[152,7]",0.317333333333333,0.465490107554567,0,0,0,1,1,0.999836901472109,4500,1,1
"z[153,7]",1,0,1,1,1,1,1,NA,1,0,1
"z[154,7]",1,0,1,1,1,1,1,NA,1,0,1
"z[155,7]",1,0,1,1,1,1,1,NA,1,0,1
"z[156,7]",0.0806666666666667,0.272352784307054,0,0,0,0,1,0.999949153269181,4500,1,1
"z[157,7]",0.0286666666666667,0.166886422507456,0,0,0,0,1,1.00336987561765,4500,1,1
"z[158,7]",0.00933333333333333,0.0961679644942985,0,0,0,0,0,NA,4500,1,1
"z[159,7]",1,0,1,1,1,1,1,NA,1,0,1
"z[160,7]",1,0,1,1,1,1,1,NA,1,0,1
"z[161,7]",0.872222222222222,0.333879303929952,0,1,1,1,1,1.00027022679182,4500,1,1
"z[162,7]",1,0,1,1,1,1,1,NA,1,0,1
"z[163,7]",1,0,1,1,1,1,1,NA,1,0,1
"z[164,7]",1,0,1,1,1,1,1,NA,1,0,1
"z[165,7]",1,0,1,1,1,1,1,NA,1,0,1
"z[166,7]",0.938888888888889,0.239560631963708,0,1,1,1,1,1.00147406857291,4500,1,1
"z[167,7]",0.506,0.500019559519626,0,0,1,1,1,0.99995954800871,4500,1,1
"z[168,7]",0.909111111111111,0.287482981490148,0,1,1,1,1,1.0007536635793,4500,1,1
"z[169,7]",0.926888888888889,0.260347727038461,0,1,1,1,1,1.00038169806836,4500,1,1
"z[170,7]",0.931111111111111,0.253293243280298,0,1,1,1,1,1.00046324696069,4500,1,1
"z[171,7]",1,0,1,1,1,1,1,NA,1,0,1
"z[172,7]",1,0,1,1,1,1,1,NA,1,0,1
"z[173,7]",1,0,1,1,1,1,1,NA,1,0,1
"z[174,7]",0.0511111111111111,0.220248825947067,0,0,0,0,1,1.00080953606969,4500,1,1
"z[175,7]",1,0,1,1,1,1,1,NA,1,0,1
"z[176,7]",1,0,1,1,1,1,1,NA,1,0,1
"z[177,7]",1,0,1,1,1,1,1,NA,1,0,1
"z[178,7]",0.705555555555556,0.455843273310498,0,0,1,1,1,0.999855947624649,4500,1,1
"z[179,7]",0.803555555555556,0.397352628229014,0,1,1,1,1,1.00052874646739,3684,1,1
"z[180,7]",0.954,0.209508363001558,0,1,1,1,1,0.999820389701722,4500,1,1
"z[181,7]",1,0,1,1,1,1,1,NA,1,0,1
"z[182,7]",1,0,1,1,1,1,1,NA,1,0,1
"z[183,7]",1,0,1,1,1,1,1,NA,1,0,1
"z[184,7]",1,0,1,1,1,1,1,NA,1,0,1
"z[185,7]",1,0,1,1,1,1,1,NA,1,0,1
"z[186,7]",0.931333333333333,0.252914551125769,0,1,1,1,1,0.999884006823668,4500,1,1
"z[187,7]",0.158,0.364781537535406,0,0,0,0,1,1.0011250106297,2574,1,1
"z[188,7]",0.000444444444444444,0.0210795079890303,0,0,0,0,0,1.10528646876281,4500,1,1
"z[189,7]",0.000222222222222222,0.0149071198499986,0,0,0,0,0,1.29093398298233,4500,1,1
"z[190,7]",0.00533333333333333,0.0728427622699364,0,0,0,0,0,1.00747425025815,4500,1,1
"z[191,7]",0,0,0,0,0,0,0,NA,1,1,1
"z[192,7]",0.228444444444444,0.419877074039644,0,0,0,0,1,1.00000637071027,4500,1,1
"z[193,7]",0.115555555555556,0.319726736204165,0,0,0,0,1,1.00001618092386,4500,1,1
"z[194,7]",0.05,0.217969167319041,0,0,0,0,1,1.00864102275457,1158,1,1
"z[195,7]",0.0604444444444444,0.238334925238366,0,0,0,0,1,0.999995853957065,4500,1,1
"z[196,7]",1,0,1,1,1,1,1,NA,1,0,1
"z[197,7]",1,0,1,1,1,1,1,NA,1,0,1
"z[198,7]",1,0,1,1,1,1,1,NA,1,0,1
"z[199,7]",0.000444444444444444,0.0210795079890303,0,0,0,0,0,1.2913045102833,2250,1,1
"z[200,7]",0.00133333333333333,0.0364945409967103,0,0,0,0,0,1.03900028931154,4500,1,1
"deviance",3358.29662869765,38.0389154026534,3286.67045526755,3331.83566128058,3357.87933750614,3384.29602519481,3433.23711721752,1.00018423678079,4500,0,1
