"parameter","mean","sd","2.5%","25%","50%","75%","97.5%","Rhat","n.eff","overlap0","f"
"a.psi[1]",0.550390872062607,0.716331450804454,-0.780866518024373,0.0565772542805123,0.519326137904538,1.01704016283884,1.98258105422818,0.999762597395341,4500,1,0.775333333333333
"a.psi[2]",1.30174134071884,0.647402778728534,0.125520310454659,0.861705886780871,1.27476868958852,1.68325033563818,2.6758450923723,1.0002125629271,4500,0,0.987333333333333
"a.psi[3]",1.83376437477181,0.659563411409003,0.742007489577948,1.38105382507219,1.76286866120379,2.21055074142065,3.38968697692603,1.0005295350885,3502,0,1
"a.psi[4]",1.21164686851734,0.517193419101227,0.273046620791418,0.852358325923054,1.19208688119877,1.55909955572773,2.29256082836484,0.999950114679269,4500,0,0.995777777777778
"a.psi[5]",0.969402290335933,0.501972776736268,0.121545179809926,0.623084433809828,0.929748284264859,1.25650184841743,2.13974221822542,1.00097483615208,2648,0,0.990444444444444
"b.psi.elev",0.143898191365988,0.373262993915675,-0.482472603117817,-0.106859729542601,0.106128868687056,0.348236554662877,1.02679573806374,1.00035578337454,4500,1,0.627555555555556
"b.psi.water",-0.292073988613267,0.248737508451079,-0.805965378893052,-0.453243031691475,-0.286867762467095,-0.12301854201937,0.187639303034944,0.999926845141073,4500,1,0.888222222222222
"a.gam[1]",0.588491759089856,0.699608376376409,-0.787735521911531,0.134825393725052,0.582097422587307,1.05613221162646,1.97554813106519,1.00099479763055,1976,1,0.808222222222222
"a.gam[2]",2.0167063737599,1.04541278752723,0.0832570237055624,1.30921217242134,1.95385539000369,2.6768473679293,4.19439861426347,0.999818103953474,4500,0,0.980222222222222
"a.gam[3]",-0.162602341981483,0.546709637134009,-1.23754886062359,-0.506957077810075,-0.169014465708427,0.190381993695576,0.899091376653659,1.00234656762559,1275,1,0.618666666666667
"a.gam[4]",-0.32687048008584,0.541198792307629,-1.46467230439195,-0.660094585003221,-0.312003272495843,0.0401602050659452,0.674361065466817,1.00537132583785,666,1,0.725333333333333
"a.gam[5]",0.148626002514673,0.603916733484659,-0.990290353443671,-0.244171334515913,0.136417030698074,0.534241223101839,1.38376518220856,1.00171993363696,4500,1,0.59
"b.gam.elev",0.990897156327738,0.390779530621578,0.293407183734061,0.723580420899674,0.961309291456002,1.22128759870471,1.84474777528446,1.00181480007722,1163,0,0.998
"b.gam.water",-0.206460002798671,0.214608022593176,-0.618409233289709,-0.350758833579725,-0.207412188707029,-0.0665636605894632,0.227896494572028,0.999776924626272,4500,1,0.837333333333333
"b.gam.road",-0.2008561555609,0.208377133512554,-0.608217354282107,-0.335190514346322,-0.204015334701939,-0.0638080159961588,0.202154989451983,1.00129654192418,4014,1,0.828666666666667
"b.gam.harv",-0.283731943446398,0.323684796842445,-0.974221813534861,-0.455644392253477,-0.259597922559107,-0.0791548183628779,0.252751287642447,1.00253443352827,1301,1,0.836888888888889
"a.phi[1]",0.620931996588326,0.817212292273618,-1.09332053716152,0.0951366772504917,0.664999465799296,1.18211039889796,2.12362947474626,1.00360195570749,630,1,0.782888888888889
"a.phi[2]",2.12681721673295,0.722873719583146,0.509674731270206,1.69690734116417,2.19938459571058,2.61229172294014,3.40686633499806,1.00671059753611,559,0,0.995111111111111
"a.phi[3]",0.938876411468832,0.685344723784457,-0.666654703876503,0.558531320953596,1.02274544299936,1.42121055184316,2.05124384197897,1.00913770427446,320,1,0.900444444444444
"a.phi[4]",1.88713698426464,0.730669533152391,0.271198249303097,1.45299149420897,1.93985980968095,2.37624960142427,3.19334724108193,1.00858704430783,334,0,0.988444444444444
"a.phi[5]",1.91835321312487,0.722488066877986,0.256847878497344,1.50492056234365,1.98671607813613,2.40589417151205,3.17524252995121,1.00634822830106,546,0,0.988
"b.phi.elev",-0.281329567525802,0.201668463523699,-0.666212142102326,-0.41966314562857,-0.283136937124387,-0.144989233003631,0.109212444423087,1.00065016001368,3672,1,0.919555555555556
"b.phi.water",0.0102923505022082,0.172323532687653,-0.329590346380635,-0.10386211470026,0.0119850431451897,0.127644154904053,0.340996484967154,1.00018502157553,4346,1,0.527555555555556
"b.phi.road",0.254493556341234,0.175261824254847,-0.0901939345663006,0.13898949874042,0.251946127606171,0.373873627545781,0.600220397883369,1.00046397499735,4500,1,0.928222222222222
"b.phi.harv",-0.167298389341355,0.196625754630569,-0.569080447950475,-0.292397437877481,-0.160007548065525,-0.0301274469923505,0.189268242562251,1.00091340769788,1648,1,0.803111111111111
"a.p",0.331838922478594,0.125276004248537,0.0602131651295468,0.259503512595705,0.335895991345454,0.408315723429449,0.575683406669586,0.999868913353895,4500,0,0.988
"b.p.ak",0.29257061083843,0.181381967100316,-0.0459818356208991,0.165547813958186,0.290803211093888,0.415414870601591,0.651022061940929,1.00062742607167,2314,1,0.950222222222222
"b.p.clutter",0.134777708207564,0.0398840565822447,0.0572416702079047,0.108012819777879,0.134209568195795,0.162115680268388,0.212960666497518,1.00100968069448,1909,0,1
"b.p.temp",0.197463039565136,0.0410096763719353,0.116560928491533,0.170087523091058,0.197453212217484,0.224524083168675,0.279929180277673,1.00016939059126,4500,0,1
"b.p.julian",0.00380882383293413,0.0411012432635607,-0.0775729614025591,-0.0242987307192132,0.00464853845661629,0.0308424735264146,0.0832282749611899,1.00046980062479,4500,1,0.548666666666667
"sigma.gam",0.68953911599569,0.513702226126927,0.0281405713152221,0.327577866930734,0.595882653511202,0.917898910687216,1.97207258418112,1.01410156171655,233,0,1
"sigma.phi",1.49171542434262,0.87013126046211,0.427199100002765,0.884426338325472,1.28317872222534,1.88964500945914,3.72187893661128,1.00409443346869,606,0,1
"sigma.p",0.292465980742871,0.137587169987899,0.121382783090994,0.201056389931719,0.263449332977058,0.349391118589578,0.636926267660192,1.00195176539904,4500,0,1
"eps.gam[1]",-0.259111616939437,0.503200697407953,-1.46343115986712,-0.511771908592313,-0.170641386153096,0.0325466977832608,0.599019929414266,1.0010779951583,4500,1,0.702222222222222
"eps.gam[2]",-0.00715995835271623,0.44318274190697,-0.931733696394307,-0.24396535824177,-0.0108473271511762,0.211651047498541,0.978679144843286,1.00564920655215,1465,1,0.524
"eps.gam[3]",0.692172028513801,0.613121595670146,-0.140254206944269,0.205786081329235,0.602966760704419,1.06669649840261,2.10698053297062,1.0111260989164,247,1,0.904
"eps.gam[4]",0.280713645984485,0.591025374524955,-0.708582876298653,-0.0517759950352605,0.158764487343446,0.569232479610011,1.74183296269365,1.01107869350046,567,1,0.678222222222222
"eps.gam[5]",0.112280354372923,0.522731599342761,-0.836095904953765,-0.166215555758082,0.0421262612273176,0.355492317919914,1.2926506980158,1.01192571896466,505,1,0.569555555555556
"eps.gam[6]",-0.382968158502989,0.698888986601315,-1.99944190620852,-0.679038454612288,-0.235546336843348,0.0121674842544535,0.621227272519765,1.0146568336088,1317,1,0.728
"eps.phi[1]",-0.429816670148952,0.643244570338789,-1.47686154879115,-0.872639366964438,-0.519203587227746,-0.0753369167933459,1.07768627120765,1.00545993900547,610,1,0.779333333333333
"eps.phi[2]",0.639127988413793,0.759203830797936,-0.574604511143676,0.11291137332738,0.533364676548929,1.05940084882352,2.38208309280937,1.01070219697268,307,1,0.804444444444444
"eps.phi[3]",1.48011796982478,1.06819908006175,-0.0212071480939997,0.746118804745448,1.29440745439748,2.003482913258,3.99016940777881,1.00348698327667,985,1,0.972666666666667
"eps.phi[4]",0.531795761714787,0.703829734382642,-0.612104572243778,0.0371568754038066,0.431350164397669,0.926781791259853,2.17950821924424,1.00774574553188,430,1,0.771777777777778
"eps.phi[5]",1.72792102042753,1.15742654575522,0.162864677640132,0.92064795163888,1.50406069765533,2.28900014034167,4.53892362964298,1.01451035897231,214,0,0.989333333333333
"eps.phi[6]",1.17763759137567,0.772415607503262,-0.0784887437808901,0.623034085247009,1.0793239338864,1.63485090604477,2.92892656696932,1.00781078773293,407,1,0.967333333333333
"eps.p[1]",-0.146881415150493,0.154782229523975,-0.457333766522134,-0.2451965952885,-0.145939474839156,-0.0468195146856285,0.157677462240776,0.999730752101444,4500,1,0.840444444444444
"eps.p[2]",-0.118362800608916,0.159651684780253,-0.444319628352405,-0.219324216422937,-0.116512735218361,-0.0143423936301733,0.193581170809379,1.00006694483851,4500,1,0.779777777777778
"eps.p[3]",-0.248739301244668,0.157535608176743,-0.586226583443699,-0.343381124475548,-0.243922629606882,-0.146406130584241,0.0486162445822107,1.001201988832,1364,1,0.949333333333333
"eps.p[4]",-0.102009065476247,0.147605707810926,-0.405461864472541,-0.194469869916053,-0.100381942083996,-0.01003980422468,0.19512286191237,1.00004748815394,4500,1,0.772222222222222
"eps.p[5]",0.253025402412435,0.162804679774695,-0.041489437710818,0.147601530811029,0.241576975047748,0.347794003929349,0.59811323383577,1.00000267903655,4500,1,0.957111111111111
"eps.p[6]",0.172354451202199,0.150534011085823,-0.115283756086986,0.0751301913410759,0.166833525666486,0.263310458954289,0.487545242295897,1.00038408018542,3225,1,0.889777777777778
"eps.p[7]",0.211564614939017,0.150038134102482,-0.0648987507435482,0.11113268786782,0.205681011256679,0.303436189447329,0.528896721120851,1.00012636163565,4500,1,0.933555555555556
"psi.fs[1]",0.766331111111111,0.0295245598107235,0.705,0.745,0.765,0.785,0.825,1.0000602298744,4500,0,1
"psi.fs[2]",0.651196666666667,0.032748887817089,0.59,0.63,0.65,0.675,0.72,1.0025159648718,963,0,1
"psi.fs[3]",0.746026666666667,0.0283418028823175,0.69,0.725,0.745,0.765,0.8,1.00002240277239,4500,0,1
"psi.fs[4]",0.857556666666667,0.0214236085818357,0.815,0.845,0.86,0.87,0.9,1.0001455521526,4427,0,1
"psi.fs[5]",0.813601111111111,0.0274634028519598,0.76,0.795,0.815,0.83,0.865,1.00024037727091,3734,0,1
"psi.fs[6]",0.871681111111111,0.0180848890738297,0.835,0.86,0.87,0.885,0.905,1.00182790805037,984,0,1
"psi.fs[7]",0.84964,0.0203329520671346,0.81,0.835,0.85,0.865,0.89,1.00001858908183,4500,0,1
"psi.surv[1]",0.751757289204098,0.0240032320510121,0.709219858156028,0.737588652482269,0.75177304964539,0.765957446808511,0.801418439716312,1.00003374673309,4500,0,1
"psi.surv[2]",0.652321481481482,0.0243770193656813,0.613333333333333,0.633333333333333,0.653333333333333,0.666666666666667,0.7,1.00104190539312,2917,0,1
"psi.surv[3]",0.752978758169935,0.019771897352678,0.720588235294118,0.742647058823529,0.75,0.764705882352941,0.794117647058823,1.00255847187297,1102,0,1
"psi.surv[4]",0.858570048309179,0.0185836372564228,0.826086956521739,0.84472049689441,0.857142857142857,0.869565217391304,0.894409937888199,1.0001831515125,4500,0,1
"psi.surv[5]",0.829849462365591,0.017787923911368,0.798387096774194,0.814516129032258,0.830645161290323,0.838709677419355,0.870967741935484,0.999696815645992,4500,0,1
"psi.surv[6]",0.876212765957447,0.0130529278186693,0.851063829787234,0.865248226950355,0.872340425531915,0.886524822695035,0.904432624113473,1.00050895410602,3120,0,1
"psi.surv[7]",0.867507246376812,0.0125035994905983,0.847826086956522,0.855072463768116,0.869565217391304,0.876811594202899,0.898550724637681,1.00029949702337,3607,0,1
"n.occ[1]",153.266222222222,5.90491196214471,141,149,153,157,165,1.0000602298744,4500,0,1
"n.occ[2]",130.239333333333,6.5497775634178,118,126,130,135,144,1.00251596487179,963,0,1
"n.occ[3]",149.205333333333,5.66836057646349,138,145,149,153,160,1.00002240277239,4500,0,1
"n.occ[4]",171.511333333333,4.28472171636714,163,169,172,174,180,1.0001455521526,4427,0,1
"n.occ[5]",162.720222222222,5.49268057039196,152,159,163,166,173,1.00024037727091,3734,0,1
"n.occ[6]",174.336222222222,3.61697781476593,167,172,174,177,181,1.00182790805037,984,0,1
"n.occ[7]",169.928,4.06659041342691,162,167,170,173,178,1.00001858908183,4500,0,1
"psi.reg[1,1]",0.617022222222222,0.0771271865129913,0.466666666666667,0.533333333333333,0.6,0.666666666666667,0.8,1.00033015193822,4500,0,1
"psi.reg[2,1]",0.78751566951567,0.0671378073977429,0.666666666666667,0.743589743589744,0.794871794871795,0.82051282051282,0.923076923076923,1.00008109247226,4500,0,1
"psi.reg[3,1]",0.85682962962963,0.0604895369589698,0.733333333333333,0.816666666666667,0.866666666666667,0.9,0.966666666666667,1.00045353782677,3400,0,1
"psi.reg[4,1]",0.769811447811448,0.0516362991940334,0.666666666666667,0.727272727272727,0.757575757575758,0.818181818181818,0.878787878787879,1.00055438595469,2603,0,1
"psi.reg[5,1]",0.688381551362683,0.0426366727179925,0.60377358490566,0.660377358490566,0.679245283018868,0.716981132075472,0.773584905660377,1.00033391234391,3405,0,1
"psi.reg[1,2]",0.542651851851852,0.0787712793654439,0.4,0.466666666666667,0.533333333333333,0.6,0.666666666666667,1.00066079046623,2429,0,1
"psi.reg[2,2]",0.802997150997151,0.0496225239046718,0.717948717948718,0.769230769230769,0.794871794871795,0.846153846153846,0.897435897435897,1.00085528573389,4500,0,1
"psi.reg[3,2]",0.596033333333333,0.0687611374316447,0.466666666666667,0.55,0.6,0.65,0.733333333333333,1.00288949338082,690,0,1
"psi.reg[4,2]",0.603656565656566,0.0451027764641592,0.515151515151515,0.575757575757576,0.606060606060606,0.636363636363636,0.696969696969697,1.0012772621711,1512,0,1
"psi.reg[5,2]",0.662264150943396,0.0385829261392037,0.584905660377358,0.641509433962264,0.660377358490566,0.679245283018868,0.735849056603774,0.999851373749869,4500,0,1
"psi.reg[1,3]",0.611185185185185,0.0755399440831533,0.466666666666667,0.533333333333333,0.6,0.666666666666667,0.733333333333333,0.99998160510518,4500,0,1
"psi.reg[2,3]",0.944347578347578,0.0350867798812729,0.871794871794872,0.923076923076923,0.948717948717949,0.974358974358974,1,0.999971290485077,4500,0,1
"psi.reg[3,3]",0.70347037037037,0.063870326619798,0.566666666666667,0.666666666666667,0.7,0.75,0.816666666666667,1.00040362511484,2838,0,1
"psi.reg[4,3]",0.710774410774411,0.0380894908581897,0.636363636363636,0.696969696969697,0.696969696969697,0.727272727272727,0.787878787878788,1.0001688411274,4500,0,1
"psi.reg[5,3]",0.708381551362683,0.0342400623200773,0.641509433962264,0.679245283018868,0.716981132075472,0.735849056603774,0.773584905660377,1.00044129228107,3494,0,1
"psi.reg[1,4]",0.763733333333333,0.0715088774038146,0.6,0.733333333333333,0.733333333333333,0.8,0.866666666666667,1.00008205131147,4500,0,1
"psi.reg[2,4]",0.946541310541311,0.033307594348169,0.871794871794872,0.923076923076923,0.948717948717949,0.974358974358974,1,0.999727308257949,4500,0,1
"psi.reg[3,4]",0.872396296296296,0.0375156284292334,0.8,0.85,0.866666666666667,0.9,0.95,0.999949687580144,4500,0,1
"psi.reg[4,4]",0.816329966329966,0.0349486908327345,0.757575757575758,0.787878787878788,0.818181818181818,0.848484848484849,0.878787878787879,1.00050712689705,2928,0,1
"psi.reg[5,4]",0.827501048218029,0.0270685149874205,0.773584905660377,0.811320754716981,0.830188679245283,0.849056603773585,0.886792452830189,1.00045180629851,3146,0,1
"psi.reg[1,5]",0.707066666666667,0.0643245549250333,0.6,0.666666666666667,0.733333333333333,0.733333333333333,0.8,1.0011422246839,3144,0,1
"psi.reg[2,5]",0.902740740740741,0.0365276704616775,0.82051282051282,0.871794871794872,0.897435897435897,0.923076923076923,0.974358974358974,1.00052759102334,4500,0,1
"psi.reg[3,5]",0.776477777777778,0.0612871928054773,0.65,0.733333333333333,0.783333333333333,0.816666666666667,0.883333333333333,1.00054117386367,2382,0,1
"psi.reg[4,5]",0.784599326599327,0.0488055257067475,0.696969696969697,0.757575757575758,0.787878787878788,0.818181818181818,0.878787878787879,0.999865429038549,4500,0,1
"psi.reg[5,5]",0.838243186582809,0.0290662942628035,0.773584905660377,0.811320754716981,0.830188679245283,0.85377358490566,0.886792452830189,1.00060730097497,4500,0,1
"psi.reg[1,6]",0.840814814814815,0.0399343485559637,0.733333333333333,0.8,0.866666666666667,0.866666666666667,0.866666666666667,1.00132014417247,1409,0,1
"psi.reg[2,6]",0.984393162393162,0.0206282692236651,0.923076923076923,0.974358974358974,1,1,1,1.00333734519339,1009,0,1
"psi.reg[3,6]",0.803666666666667,0.0340754247679323,0.733333333333333,0.783333333333333,0.8,0.833333333333333,0.866666666666667,1.00029817960405,3754,0,1
"psi.reg[4,6]",0.929158249158249,0.0355691994760576,0.848484848484849,0.909090909090909,0.939393939393939,0.96969696969697,1,1.00054638314964,3458,0,1
"psi.reg[5,6]",0.838687631027254,0.0341054708353453,0.773584905660377,0.811320754716981,0.849056603773585,0.867924528301887,0.905660377358491,1.00088658050595,3088,0,1
"psi.reg[1,7]",0.792251851851852,0.0721821296323619,0.666666666666667,0.733333333333333,0.8,0.866666666666667,0.933333333333333,1.00104562205857,4500,0,1
"psi.reg[2,7]",0.947652421652422,0.0268988620688403,0.897435897435897,0.923076923076923,0.948717948717949,0.974358974358974,1,1.00021591602274,4500,0,1
"psi.reg[3,7]",0.719918518518519,0.0421410664306429,0.633333333333333,0.7,0.716666666666667,0.75,0.8,1.00034556688536,4500,0,1
"psi.reg[4,7]",0.992154882154882,0.0152899336104828,0.939393939393939,1,1,1,1,1.001144869013,3303,0,1
"psi.reg[5,7]",0.851878406708595,0.0386744391008895,0.773584905660377,0.830188679245283,0.849056603773585,0.886792452830189,0.924528301886792,0.999996603365706,4500,0,1
"n.occ.reg[1,1]",9.25533333333333,1.15690779769487,7,8,9,10,12,1.00033015193822,4500,0,1
"n.occ.reg[2,1]",30.7131111111111,2.61837448851197,26,29,31,32,36,1.00008109247226,4500,0,1
"n.occ.reg[3,1]",51.4097777777778,3.62937221753819,44,49,52,54,58,1.00045353782677,3400,0,1
"n.occ.reg[4,1]",25.4037777777778,1.7039978734031,22,24,25,27,29,1.00055438595469,2603,0,1
"n.occ.reg[5,1]",36.4842222222222,2.2597436540536,32,35,36,38,41,1.00033391234391,3405,0,1
"n.occ.reg[1,2]",8.13977777777778,1.18156919048166,6,7,8,9,10,1.00066079046623,2429,0,1
"n.occ.reg[2,2]",31.3168888888889,1.9352784322822,28,30,31,33,35,1.00085528573389,4500,0,1
"n.occ.reg[3,2]",35.762,4.12566824589868,28,33,36,39,44,1.00288949338082,690,0,1
"n.occ.reg[4,2]",19.9206666666667,1.48839162331725,17,19,20,21,23,1.0012772621711,1512,0,1
"n.occ.reg[5,2]",35.1,2.0448950853778,31,34,35,36,39,0.999851373749869,4500,0,1
"n.occ.reg[1,3]",9.16777777777778,1.1330991612473,7,8,9,10,11,0.99998160510518,4500,0,1
"n.occ.reg[2,3]",36.8295555555556,1.36838441536964,34,36,37,38,39,0.999971290485077,4500,0,1
"n.occ.reg[3,3]",42.2082222222222,3.83221959718788,34,40,42,45,49,1.00040362511484,2838,0,1
"n.occ.reg[4,3]",23.4555555555556,1.25695319832026,21,23,23,24,26,1.0001688411274,4500,0,1
"n.occ.reg[5,3]",37.5442222222222,1.81472330296409,34,36,38,39,41,1.00044129228107,3494,0,1
"n.occ.reg[1,4]",11.456,1.07263316105722,9,11,11,12,13,1.00008205131147,4500,0,1
"n.occ.reg[2,4]",36.9151111111111,1.29899617957859,34,36,37,38,39,0.999727308257949,4500,0,1
"n.occ.reg[3,4]",52.3437777777778,2.250937705754,48,51,52,54,57,0.999949687580144,4500,0,1
"n.occ.reg[4,4]",26.9388888888889,1.15330679748024,25,26,27,28,29,1.00050712689705,2928,0,1
"n.occ.reg[5,4]",43.8575555555556,1.43463129433329,41,43,44,45,47,1.00045180629851,3146,0,1
"n.occ.reg[1,5]",10.606,0.964868323875499,9,10,11,11,12,1.0011422246839,3144,0,1
"n.occ.reg[2,5]",35.2068888888889,1.42457914800542,32,34,35,36,38,1.00052759102334,4500,0,1
"n.occ.reg[3,5]",46.5886666666667,3.67723156832864,39,44,47,49,53,1.00054117386367,2382,0,1
"n.occ.reg[4,5]",25.8917777777778,1.61058234832267,23,25,26,27,29,0.999865429038549,4500,0,1
"n.occ.reg[5,5]",44.4268888888889,1.54051359592858,41,43,44,45.25,47,1.00060730097497,4500,0,1
"n.occ.reg[1,6]",12.6122222222222,0.599015228339455,11,12,13,13,13,1.00132014417247,1409,0,1
"n.occ.reg[2,6]",38.3913333333333,0.804502499722939,36,38,39,39,39,1.00333734519338,1009,0,1
"n.occ.reg[3,6]",48.22,2.04452548607594,44,47,48,50,52,1.00029817960405,3754,0,1
"n.occ.reg[4,6]",30.6622222222222,1.1737835827099,28,30,31,32,33,1.00054638314964,3458,0,1
"n.occ.reg[5,6]",44.4504444444444,1.8075899542733,41,43,45,46,48,1.00088658050595,3088,0,1
"n.occ.reg[1,7]",11.8837777777778,1.08273194448543,10,11,12,13,14,1.00104562205857,4500,0,1
"n.occ.reg[2,7]",36.9584444444444,1.04905562068477,35,36,37,38,39,1.00021591602274,4500,0,1
"n.occ.reg[3,7]",43.1951111111111,2.52846398583858,38,42,43,45,48,1.00034556688536,4500,0,1
"n.occ.reg[4,7]",32.7411111111111,0.504567809145933,31,33,33,33,33,1.00114486901299,3303,0,1
"n.occ.reg[5,7]",45.1495555555556,2.04974527234714,41,44,45,47,49,0.999996603365706,4500,0,1
"psi.reg.init[1]",0.620304759732805,0.151192585264504,0.314133169001521,0.51414054178354,0.626990181019699,0.734395655433728,0.87895603371878,0.999827509126346,4500,0,1
"psi.reg.init[2]",0.767995464810152,0.104243847923434,0.531338939701712,0.703016935841644,0.781557975979328,0.84333444179234,0.935585179539493,1.0009871292385,4500,0,1
"psi.reg.init[3]",0.845404237254586,0.0747122333676267,0.67743461673605,0.799160185164846,0.853568574011991,0.901192976461667,0.967380665588635,1.00055022607373,4095,0,1
"psi.reg.init[4]",0.758600119620102,0.0889511275124498,0.567840662506852,0.701061620938575,0.767114093115042,0.826224105352133,0.908258775309546,1.0001199112299,4500,0,1
"psi.reg.init[5]",0.714239182430143,0.09278752732708,0.530348941359658,0.650919728203488,0.717024214367225,0.778423332595175,0.894706252137411,1.00047616788329,3066,0,1
"gamma.reg[1,1]",0.572712512625144,0.167058732916663,0.235693571592095,0.454785436312929,0.587286072213894,0.697248753339061,0.862163190678113,1.00078836541011,1971,0,1
"gamma.reg[2,1]",0.811005297610943,0.143687251471687,0.436259326759471,0.740782108246713,0.846270246210317,0.918922170279673,0.980565167740569,1.00061537981882,4500,0,1
"gamma.reg[3,1]",0.406564388623897,0.143221569290061,0.133585291697553,0.307240248098929,0.406940697184375,0.503346467001617,0.686929908360519,1.00038396134274,3782,0,1
"gamma.reg[4,1]",0.371244805763198,0.136731343728424,0.109641295985047,0.272185497749993,0.373119779495842,0.464957315467366,0.636569606159071,1.00127932964405,1279,0,1
"gamma.reg[5,1]",0.475873682131143,0.15105063350468,0.18130795156423,0.371861676343476,0.477343489613194,0.583540413809548,0.765292112099154,1.00047430925764,3076,0,1
"gamma.reg[1,2]",0.627663380874676,0.150002634802001,0.308550375522977,0.527596729342896,0.636969119321982,0.74130216605901,0.882971971049036,1.00057909375047,4500,0,1
"gamma.reg[2,2]",0.840599169740872,0.128433514395446,0.501064076538223,0.779962134547697,0.874163022403218,0.938768444494735,0.986309553915435,1.00138163375422,2984,0,1
"gamma.reg[3,2]",0.460434477165876,0.125562067821911,0.217825445763971,0.371837589738669,0.460407279046761,0.546019063788337,0.715248257380524,0.999949655518103,4500,0,1
"gamma.reg[4,2]",0.422859257983114,0.120775061549167,0.187963285714901,0.340270572380157,0.421467389440366,0.503068220351737,0.662780168111807,1.00049126844006,2668,0,1
"gamma.reg[5,2]",0.531921163178295,0.1430146709126,0.252099994425241,0.429675728873117,0.532261746636871,0.633374657521705,0.807141789242381,1.00096327638437,2156,0,1
"gamma.reg[1,3]",0.755249767500852,0.133751690427241,0.447664975650151,0.670619741372593,0.777256602926112,0.859637635811411,0.951575182664834,1.00179407139642,1221,0,1
"gamma.reg[2,3]",0.901706547069249,0.0986915660495581,0.63035737321966,0.864972243105246,0.935189189562168,0.969804483005198,0.99468808538198,1.00252001453699,1211,0,1
"gamma.reg[3,3]",0.617186599313938,0.139770653581147,0.344231733698488,0.515259182641213,0.620278181368663,0.721094749784536,0.874047136747107,1.0055227837623,368,0,1
"gamma.reg[4,3]",0.58212742810603,0.139042164316082,0.311928592697631,0.48291081149602,0.58181535391977,0.682599055198288,0.839756843888201,1.00308961183102,608,0,1
"gamma.reg[5,3]",0.678727969296709,0.140386894689894,0.389233526300938,0.581272575587168,0.686731518618819,0.785624707476957,0.919799823262128,1.0042478093354,504,0,1
"gamma.reg[1,4]",0.680014665805829,0.159279603894428,0.323494469161057,0.57622623455568,0.696614672732522,0.801595251636698,0.93106136854557,1.00016873311576,4500,0,1
"gamma.reg[2,4]",0.866363903011738,0.118969072640093,0.5545698569677,0.815554313896976,0.899973525234604,0.956148002095371,0.99193626351959,1.00032096292094,3669,0,1
"gamma.reg[3,4]",0.524781028920479,0.15621017707013,0.236434845230502,0.411815516552663,0.518156648287189,0.632715843698161,0.837733858973347,1.00206884323782,915,0,1
"gamma.reg[4,4]",0.488479574455561,0.144949467185742,0.225879100725414,0.387674415944335,0.481018016383521,0.583442559428516,0.789396010349396,1.00168502173526,1300,0,1
"gamma.reg[5,4]",0.593076244727115,0.155070587694032,0.289737118087775,0.484551076626903,0.595187688592184,0.703129103772963,0.882869567319195,1.00145531860284,1757,0,1
"gamma.reg[1,5]",0.65023319612606,0.155166981553332,0.305862785370822,0.546622189318288,0.664751338943321,0.768385765148033,0.904755327106886,1.00073693155643,2897,0,1
"gamma.reg[2,5]",0.85234076829819,0.124289798198775,0.520207376464143,0.796831068928605,0.885440568117741,0.94519129991621,0.989082719146777,1.00072217564146,2643,0,1
"gamma.reg[3,5]",0.487089149521411,0.150335294074705,0.213874618647245,0.381951227869813,0.481239800073107,0.589686907123313,0.800843829181949,1.00044307142562,4500,0,1
"gamma.reg[4,5]",0.450598820988573,0.139151550429129,0.189835237182209,0.354599766700982,0.44469794650558,0.54325407768684,0.730254320673503,1.00095368980053,4500,0,1
"gamma.reg[5,5]",0.557059585909907,0.153526671206888,0.259076094830658,0.450564909342353,0.559487910627066,0.663529122967692,0.851020485828706,1.00265033098295,1053,0,1
"gamma.reg[1,6]",0.548963730486605,0.192895057722611,0.142013084739636,0.416537512774927,0.567039877378013,0.696355772258413,0.867545355409426,1.0018633977543,977,0,1
"gamma.reg[2,6]",0.786527666600462,0.175384321872691,0.315521119546145,0.701836504334741,0.834962355931607,0.919621304550214,0.981659717509478,1.00081388024848,3949,0,1
"gamma.reg[3,6]",0.383912854508077,0.148698933874612,0.101874838150947,0.278560283533049,0.382508565796355,0.488195338645538,0.668535414789198,1.00164901041512,1173,0,1
"gamma.reg[4,6]",0.354259942915221,0.152118140651988,0.0673112960556422,0.245067300170723,0.35736572773486,0.461406464653011,0.645890460695961,1.00274782331485,843,0,1
"gamma.reg[5,6]",0.454131427815051,0.175562037520103,0.105829885299845,0.331366126617905,0.460058377449348,0.578155131129137,0.785348578089405,1.00157631219991,1393,0,1
"phi.reg[1,1]",0.542694435453647,0.145466709720365,0.270743801339019,0.435759712220332,0.540238700057671,0.648376603886883,0.819388417016644,1.00017175736975,4500,0,1
"phi.reg[2,1]",0.834747259170148,0.0644259794631985,0.689319015855024,0.796631188748545,0.841288627527283,0.880787697388616,0.937022550536033,1.00049213792155,4500,0,1
"phi.reg[3,1]",0.620034561435345,0.0903965829804271,0.437576730094668,0.558624568562514,0.621407118497772,0.684199321396399,0.790802568078065,1.00218192789103,945,0,1
"phi.reg[4,1]",0.799751172293095,0.0745989267738539,0.637758475238551,0.751905690198653,0.805350274147532,0.852733099332698,0.928260586592455,1.00148106362535,1225,0,1
"phi.reg[5,1]",0.804600027015839,0.0733928285281579,0.64776888607984,0.757607335838623,0.810788196978943,0.858196444053846,0.929388761023544,1.0002310952911,4500,0,1
"phi.reg[1,2]",0.756192892249419,0.123429327758153,0.467029853616066,0.682341643759692,0.773529658474487,0.849272508359988,0.942493680416973,1.00043866539781,4500,0,1
"phi.reg[2,2]",0.932550632186542,0.03524901569711,0.847740563765814,0.913874829292378,0.938328565880346,0.958215661628279,0.983115291173307,1.00242014246196,1833,0,1
"phi.reg[3,2]",0.815511620891653,0.0775325024259427,0.640576625126682,0.767891266656713,0.824022555281566,0.872111700445529,0.940007146092452,1.00139235558867,1766,0,1
"phi.reg[4,2]",0.915686942519181,0.0436831299341482,0.814322312406466,0.890935584375328,0.92302187231291,0.94804962331449,0.978563444431404,1.00102629930416,4500,0,1
"phi.reg[5,2]",0.918082577322215,0.0425833852705086,0.814886249565287,0.894624890214046,0.924971014027188,0.949091814059275,0.979230344253037,1.00082886918527,3198,0,1
"phi.reg[1,3]",0.860229849048925,0.094121351974575,0.633755010790967,0.805403853893061,0.879634018676468,0.93244313124062,0.98796807790602,1.0010154167747,4500,0,1
"phi.reg[2,3]",0.965522188069244,0.0234364981722213,0.906338910688559,0.953601754118289,0.970447591091832,0.982354546640553,0.996505244503243,1.00024184620919,4500,0,1
"phi.reg[3,3]",0.902454541149015,0.0524062862199209,0.782616605181197,0.870477463338634,0.908762700674017,0.941425802913308,0.987077671154667,1.00152403023976,1394,0,1
"phi.reg[4,3]",0.957176702909832,0.028283996511944,0.886034460047257,0.942835121642896,0.962716357832766,0.977798439232739,0.995428683043053,1.00042170972969,4500,0,1
"phi.reg[5,3]",0.958751126344099,0.0264297490548942,0.892788413205819,0.944402200878169,0.963673181592525,0.978583419809091,0.995523369831141,1.00039502189431,4090,0,1
"phi.reg[1,4]",0.740310318337288,0.121056003083989,0.462592908617038,0.662741341483711,0.755211656281341,0.830859144539645,0.928579010578985,0.9998443876664,4500,0,1
"phi.reg[2,4]",0.926813432007095,0.0357346082928567,0.83984103278095,0.907324376688743,0.932937730721838,0.952615862707456,0.978627975591725,1.00050335937254,4500,0,1
"phi.reg[3,4]",0.80473292793449,0.0649742006008197,0.659913987233837,0.764480792138552,0.81004964421541,0.851126807522957,0.914492405940347,1.00005901636059,4500,0,1
"phi.reg[4,4]",0.908535322494803,0.0447216769513724,0.800757380878339,0.88377250135718,0.916057668239727,0.940912114736244,0.974049394186203,1.00000869642526,4500,0,1
"phi.reg[5,4]",0.912962246135493,0.0385792556202589,0.82212180455768,0.890750482495148,0.919025249933431,0.941380579734115,0.970377353460701,1.00000358909335,4500,0,1
"phi.reg[1,5]",0.885296215843697,0.0803460565242187,0.68838975358786,0.842452713704475,0.901837414967531,0.945108652507187,0.991454794083587,1.00331800426162,580,0,1
"phi.reg[2,5]",0.972053488194445,0.0196494552987953,0.923883102835404,0.962074245979757,0.975843985303411,0.986448946280399,0.997876284619513,1.00263329595278,690,0,1
"phi.reg[3,5]",0.918969556628207,0.0471723934513514,0.811576098808457,0.890173254653601,0.924614580625339,0.953272136580543,0.992536216521376,1.00394835793512,518,0,1
"phi.reg[4,5]",0.964763767759985,0.0243961701246589,0.905115743210111,0.951747733818786,0.969331468898346,0.982722968449743,0.997477670662423,1.00207966088668,883,0,1
"phi.reg[5,5]",0.965867723589075,0.0235070581301393,0.908708890469998,0.954166748552474,0.970455496188198,0.9832351339841,0.997733631384888,1.00553103884091,427,0,1
"phi.reg[1,6]",0.838244502594921,0.0867642399505794,0.633676419102936,0.78938371683492,0.852885202068373,0.903011455667571,0.964286446645213,1.00006108709912,4500,0,1
"phi.reg[2,6]",0.958946101570433,0.0226210336219696,0.904118939753633,0.946754773821951,0.963092410490269,0.975197170729809,0.990054222692251,1.0008623525195,4500,0,1
"phi.reg[3,6]",0.883597525301549,0.0470718404743291,0.779593083869507,0.854430074820279,0.888763101844821,0.917280775148584,0.961306262125376,0.999758052596781,4500,0,1
"phi.reg[4,6]",0.949253651737366,0.0258751458736486,0.885808805504099,0.935001733683753,0.953514661380251,0.96828071380221,0.986251328675607,1.00060825773439,4500,0,1
"phi.reg[5,6]",0.950555043172377,0.0258563557304632,0.886688414060329,0.936719312678709,0.955137050191538,0.969299050971021,0.987148183751096,1.00075060028603,4500,0,1
"ext.reg[1,1]",0.457305564546353,0.145466709720365,0.180611582983356,0.351623396113117,0.459761299942329,0.564240287779668,0.729256198660981,1.00017175736975,4500,0,1
"ext.reg[2,1]",0.165252740829852,0.0644259794631985,0.0629774494639675,0.119212302611384,0.158711372472717,0.203368811251455,0.310680984144976,1.00049213792155,4500,0,1
"ext.reg[3,1]",0.379965438564655,0.0903965829804271,0.209197431921935,0.315800678603601,0.378592881502228,0.441375431437486,0.562423269905332,1.00218192789103,945,0,1
"ext.reg[4,1]",0.200248827706905,0.0745989267738539,0.0717394134075451,0.147266900667302,0.194649725852468,0.248094309801347,0.362241524761449,1.00148106362535,1225,0,1
"ext.reg[5,1]",0.195399972984161,0.0733928285281579,0.0706112389764557,0.141803555946154,0.189211803021057,0.242392664161377,0.35223111392016,1.0002310952911,4500,0,1
"ext.reg[1,2]",0.243807107750581,0.123429327758153,0.0575063195830269,0.150727491640012,0.226470341525513,0.317658356240308,0.532970146383933,1.00043866539781,4500,0,1
"ext.reg[2,2]",0.0674493678134578,0.03524901569711,0.0168847088266932,0.0417843383717213,0.061671434119654,0.0861251707076219,0.152259436234186,1.00242014246196,1833,0,1
"ext.reg[3,2]",0.184488379108347,0.0775325024259427,0.0599928539075478,0.127888299554471,0.175977444718434,0.232108733343287,0.359423374873318,1.00139235558867,1766,0,1
"ext.reg[4,2]",0.0843130574808191,0.0436831299341482,0.0214365555685961,0.0519503766855096,0.0769781276870904,0.109064415624672,0.185677687593534,1.00102629930416,4500,0,1
"ext.reg[5,2]",0.0819174226777851,0.0425833852705086,0.0207696557469632,0.0509081859407252,0.0750289859728119,0.105375109785954,0.185113750434712,1.00082886918527,3198,0,1
"ext.reg[1,3]",0.139770150951075,0.094121351974575,0.0120319220939797,0.0675568687593798,0.120365981323532,0.194596146106939,0.366244989209033,1.0010154167747,4500,0,1
"ext.reg[2,3]",0.0344778119307561,0.0234364981722213,0.00349475549675732,0.0176454533594469,0.0295524089081685,0.0463982458817111,0.0936610893114413,1.00024184620919,4500,0,1
"ext.reg[3,3]",0.0975454588509854,0.0524062862199209,0.0129223288453325,0.0585741970866923,0.0912372993259835,0.129522536661366,0.217383394818803,1.00152403023976,1394,0,1
"ext.reg[4,3]",0.0428232970901675,0.028283996511944,0.00457131695694691,0.0222015607672607,0.0372836421672345,0.0571648783571037,0.113965539952743,1.00042170972969,4500,0,1
"ext.reg[5,3]",0.0412488736559008,0.0264297490548942,0.0044766301688592,0.0214165801909086,0.0363268184074748,0.0555977991218308,0.107211586794181,1.00039502189431,4090,0,1
"ext.reg[1,4]",0.259689681662712,0.121056003083989,0.0714209894210146,0.169140855460355,0.244788343718659,0.337258658516289,0.537407091382962,0.9998443876664,4500,0,1
"ext.reg[2,4]",0.0731865679929053,0.0357346082928567,0.0213720244082748,0.0473841372925437,0.0670622692781616,0.0926756233112569,0.16015896721905,1.00050335937254,4500,0,1
"ext.reg[3,4]",0.19526707206551,0.0649742006008197,0.0855075940596527,0.148873192477043,0.18995035578459,0.235519207861448,0.340086012766163,1.00005901636059,4500,0,1
"ext.reg[4,4]",0.0914646775051975,0.0447216769513724,0.0259506058137973,0.0590878852637555,0.0839423317602731,0.11622749864282,0.199242619121661,1.00000869642526,4500,0,1
"ext.reg[5,4]",0.0870377538645071,0.0385792556202589,0.0296226465392986,0.058619420265885,0.0809747500665687,0.109249517504852,0.17787819544232,1.00000358909335,4500,0,1
"ext.reg[1,5]",0.114703784156303,0.0803460565242187,0.0085452059164125,0.0548913474928127,0.0981625850324686,0.157547286295525,0.31161024641214,1.00331800426162,580,0,1
"ext.reg[2,5]",0.0279465118055552,0.0196494552987953,0.0021237153804865,0.0135510537196013,0.0241560146965892,0.0379257540202426,0.0761168971645961,1.00263329595278,690,0,1
"ext.reg[3,5]",0.0810304433717932,0.0471723934513514,0.00746378347862365,0.0467278634194565,0.0753854193746615,0.109826745346399,0.188423901191542,1.00394835793512,518,0,1
"ext.reg[4,5]",0.0352362322400154,0.0243961701246589,0.00252232933757745,0.0172770315502565,0.0306685311016536,0.0482522661812139,0.0948842567898894,1.00207966088668,883,0,1
"ext.reg[5,5]",0.0341322764109251,0.0235070581301393,0.00226636861511191,0.0167648660158998,0.0295445038118021,0.0458332514475261,0.0912911095300021,1.00553103884091,427,0,1
"ext.reg[1,6]",0.161755497405079,0.0867642399505794,0.0357135533547869,0.0969885443324288,0.147114797931626,0.21061628316508,0.366323580897064,1.00006108709912,4500,0,1
"ext.reg[2,6]",0.041053898429567,0.0226210336219696,0.00994577730774893,0.0248028292701914,0.0369075895097308,0.0532452261780487,0.0958810602463669,1.0008623525195,4500,0,1
"ext.reg[3,6]",0.116402474698451,0.0470718404743291,0.0386937378746238,0.082719224851416,0.111236898155179,0.145569925179722,0.220406916130493,0.999758052596781,4500,0,1
"ext.reg[4,6]",0.0507463482626341,0.0258751458736486,0.0137486713243929,0.0317192861977897,0.0464853386197491,0.0649982663162469,0.114191194495901,1.00060825773439,4500,0,1
"ext.reg[5,6]",0.0494449568276233,0.0258563557304632,0.0128518162489043,0.0307009490289786,0.0448629498084619,0.0632806873212907,0.113311585939671,1.00075060028603,4500,0,1
"mean.gamma.reg[1]",0.639139542236528,0.130978355568906,0.366007155485511,0.550142805758077,0.646037213977148,0.736706083749157,0.866101090001735,1.00019403497503,4500,0,1
"mean.gamma.reg[2]",0.843090558721909,0.117020628385094,0.542676260219101,0.783259262564204,0.871449893377185,0.932111780676009,0.983266533993884,1.00089045021264,4143,0,1
"mean.gamma.reg[3]",0.479994749675613,0.10509066988801,0.28475509735164,0.406819713224921,0.475221891421881,0.551624813008036,0.692556567268709,1.00036692312922,2957,0,1
"mean.gamma.reg[4]",0.444928305035283,0.0999557957895851,0.254185473806521,0.377239827922713,0.441833819693587,0.511536614605062,0.647853511054851,1.00045218527699,4154,0,1
"mean.gamma.reg[5]",0.54846501217637,0.118316116942799,0.322119879097546,0.466752428994383,0.548119441660232,0.628043183036215,0.782520388163312,1.00160648101049,1753,0,1
"mean.phi.reg[1]",0.770494702254649,0.0887768918317362,0.577091178859816,0.712593609793177,0.77856498101757,0.836877138659149,0.917849233009307,1.00013048834145,4500,0,1
"mean.phi.reg[2]",0.931772183532985,0.0248517597951677,0.87527924778682,0.917075547602496,0.934177813827246,0.949507220611257,0.972472307594918,1.00053394645325,4500,0,1
"mean.phi.reg[3]",0.824216788890043,0.0393153036485354,0.741330111665267,0.798258364291023,0.8260063680757,0.851611963577086,0.895221740166701,1.00123326192716,1646,0,1
"mean.phi.reg[4]",0.915861259952377,0.029747387811067,0.852714341199258,0.897238388028078,0.917985562344919,0.937387158357011,0.967377029180419,1.00028368569319,4341,0,1
"mean.phi.reg[5]",0.918469790596516,0.028070921546523,0.857619488971997,0.90058976414079,0.921460982099216,0.938510315713327,0.966142458811362,0.999986725448049,4500,0,1
"mean.ext.reg[1]",0.229505297745351,0.0887768918317362,0.0821507669906932,0.163122861340851,0.22143501898243,0.287406390206823,0.422908821140184,1.00013048834145,4500,0,1
"mean.ext.reg[2]",0.0682278164670155,0.0248517597951677,0.0275276924050818,0.0504927793887428,0.0658221861727539,0.0829244523975045,0.12472075221318,1.00053394645325,4500,0,1
"mean.ext.reg[3]",0.175783211109957,0.0393153036485354,0.104778259833299,0.148388036422914,0.1739936319243,0.201741635708977,0.258669888334733,1.00123326192716,1646,0,1
"mean.ext.reg[4]",0.0841387400476232,0.029747387811067,0.0326229708195805,0.0626128416429892,0.0820144376550809,0.102761611971922,0.147285658800742,1.00028368569319,4341,0,1
"mean.ext.reg[5]",0.0815302094034837,0.028070921546523,0.033857541188638,0.0614896842866734,0.0785390179007837,0.09941023585921,0.142380511028003,0.999986725448049,4500,0,1
"equilib.reg[1]",0.738583558010908,0.078887677078538,0.578522328113424,0.686509088426996,0.740490475931505,0.795455160682866,0.879194188201931,0.999882614723078,4500,0,1
"equilib.reg[2]",0.924761446261649,0.0264165737528208,0.864587504444874,0.909997219090066,0.927409926499204,0.943246161415627,0.968043731724064,1.00057192680289,4500,0,1
"equilib.reg[3]",0.729287590316943,0.0488873766254816,0.627079453650734,0.697888337117655,0.731259889881834,0.762714824764165,0.818313186617083,0.999857926424923,4500,0,1
"equilib.reg[4]",0.83983649915824,0.0503100695179488,0.731507509035365,0.808783649027814,0.843829634696003,0.873677494438424,0.925018967866555,0.999842615364417,4500,0,1
"equilib.reg[5]",0.869449638203209,0.040280328024907,0.781171518429529,0.844311039602001,0.872695468667394,0.89782309460919,0.940228299918018,1.00019692863577,4500,0,1
"mean.p",0.581901976548042,0.0303669952080049,0.515048744797232,0.564514240286807,0.583193266439338,0.600683952244941,0.640073544941423,0.999835779669692,4500,0,1
"p.year[1]",0.545960050506306,0.0283217030395031,0.48916491470956,0.527214949248079,0.546502774575805,0.56486797476695,0.60133414817515,1.00006894680728,4500,0,1
"p.year[2]",0.552982714278054,0.0296736208327701,0.492227995399933,0.533900904280779,0.553841827524759,0.573361256386635,0.608432484778368,1.00028991097628,4500,0,1
"p.year[3]",0.52069339081843,0.0290274612729081,0.463300621175112,0.501310434177237,0.52065570521042,0.5402374209608,0.5778738311905,1.00159907789836,1156,0,1
"p.year[4]",0.557077439808467,0.0235796256097488,0.509992284640625,0.541570795305003,0.557023496940606,0.573143694065344,0.602769707329368,0.999894385110082,4500,0,1
"p.year[5]",0.641716900617744,0.0274587060402885,0.587190380886572,0.623290613873549,0.641803039356611,0.66067304278848,0.695685701617019,1.00060588453093,4500,0,1
"p.year[6]",0.623150182188638,0.0236442954208887,0.576253867054309,0.607190362442892,0.623374157745821,0.639439357661253,0.668993364549915,1.00076449238701,2000,0,1
"p.year[7]",0.632290632721431,0.0234123227803061,0.585395409354725,0.616403017988965,0.632215560106382,0.648410616838709,0.677688433491775,1.00016108132256,4500,0,1
"z[1,1]",1,0,1,1,1,1,1,NA,1,0,1
"z[2,1]",1,0,1,1,1,1,1,NA,1,0,1
"z[3,1]",1,0,1,1,1,1,1,NA,1,0,1
"z[4,1]",1,0,1,1,1,1,1,NA,1,0,1
"z[5,1]",0.804222222222222,0.396842331303194,0,1,1,1,1,1.00118427527806,2100,1,1
"z[6,1]",0.720666666666667,0.448721480298781,0,0,1,1,1,1.00010039192916,4500,1,1
"z[7,1]",1,0,1,1,1,1,1,NA,1,0,1
"z[8,1]",1,0,1,1,1,1,1,NA,1,0,1
"z[9,1]",1,0,1,1,1,1,1,NA,1,0,1
"z[10,1]",1,0,1,1,1,1,1,NA,1,0,1
"z[11,1]",0.905111111111111,0.293093973751269,0,1,1,1,1,1.00232056298587,2194,1,1
"z[12,1]",1,0,1,1,1,1,1,NA,1,0,1
"z[13,1]",1,0,1,1,1,1,1,NA,1,0,1
"z[14,1]",1,0,1,1,1,1,1,NA,1,0,1
"z[15,1]",0.235111111111111,0.424115371696836,0,0,0,0,1,1.00003779956458,4500,1,1
"z[16,1]",1,0,1,1,1,1,1,NA,1,0,1
"z[17,1]",1,0,1,1,1,1,1,NA,1,0,1
"z[18,1]",0.072,0.258516636409127,0,0,0,0,1,1.00180737209422,3497,1,1
"z[19,1]",0.876,0.329618179158867,0,1,1,1,1,0.999974098138774,4500,1,1
"z[20,1]",1,0,1,1,1,1,1,NA,1,0,1
"z[21,1]",1,0,1,1,1,1,1,NA,1,0,1
"z[22,1]",1,0,1,1,1,1,1,NA,1,0,1
"z[23,1]",1,0,1,1,1,1,1,NA,1,0,1
"z[24,1]",0.224,0.416968387460446,0,0,0,0,1,1.00058266508866,3147,1,1
"z[25,1]",1,0,1,1,1,1,1,NA,1,0,1
"z[26,1]",0.282222222222222,0.450130942836138,0,0,0,1,1,0.999755626728476,4500,1,1
"z[27,1]",1,0,1,1,1,1,1,NA,1,0,1
"z[28,1]",0.82,0.384230148856787,0,1,1,1,1,0.999880526036077,4500,1,1
"z[29,1]",0.523777777777778,0.499489799214558,0,0,1,1,1,1.00062569643823,2094,1,1
"z[30,1]",0.0442222222222222,0.205611312804703,0,0,0,0,1,1.00336085792003,3195,1,1
"z[31,1]",1,0,1,1,1,1,1,NA,1,0,1
"z[32,1]",1,0,1,1,1,1,1,NA,1,0,1
"z[33,1]",1,0,1,1,1,1,1,NA,1,0,1
"z[34,1]",1,0,1,1,1,1,1,NA,1,0,1
"z[35,1]",1,0,1,1,1,1,1,NA,1,0,1
"z[36,1]",1,0,1,1,1,1,1,NA,1,0,1
"z[37,1]",1,0,1,1,1,1,1,NA,1,0,1
"z[38,1]",1,0,1,1,1,1,1,NA,1,0,1
"z[39,1]",1,0,1,1,1,1,1,NA,1,0,1
"z[40,1]",1,0,1,1,1,1,1,NA,1,0,1
"z[41,1]",0.462888888888889,0.498676274967964,0,0,0,1,1,0.999702952571519,4500,1,1
"z[42,1]",1,0,1,1,1,1,1,NA,1,0,1
"z[43,1]",1,0,1,1,1,1,1,NA,1,0,1
"z[44,1]",0.0762222222222222,0.265382828642999,0,0,0,0,1,1.00350122600082,1848,1,1
"z[45,1]",0.810888888888889,0.391640375465991,0,1,1,1,1,1.00178648754213,1545,1,1
"z[46,1]",1,0,1,1,1,1,1,NA,1,0,1
"z[47,1]",1,0,1,1,1,1,1,NA,1,0,1
"z[48,1]",1,0,1,1,1,1,1,NA,1,0,1
"z[49,1]",1,0,1,1,1,1,1,NA,1,0,1
"z[50,1]",1,0,1,1,1,1,1,NA,1,0,1
"z[51,1]",1,0,1,1,1,1,1,NA,1,0,1
"z[52,1]",0.898888888888889,0.3015092968165,0,1,1,1,1,1.00085191112059,4500,1,1
"z[53,1]",0.872,0.334126935562941,0,1,1,1,1,1.00086355860636,3749,1,1
"z[54,1]",1,0,1,1,1,1,1,NA,1,0,1
"z[55,1]",1,0,1,1,1,1,1,NA,1,0,1
"z[56,1]",1,0,1,1,1,1,1,NA,1,0,1
"z[57,1]",1,0,1,1,1,1,1,NA,1,0,1
"z[58,1]",1,0,1,1,1,1,1,NA,1,0,1
"z[59,1]",0.302222222222222,0.459272058951727,0,0,0,1,1,1.00048862247683,2892,1,1
"z[60,1]",0.188888888888889,0.391463830704758,0,0,0,0,1,0.999825488686025,4500,1,1
"z[61,1]",0.895777777777778,0.30558256148604,0,1,1,1,1,0.999941047367076,4500,1,1
"z[62,1]",0.811555555555556,0.391110123236015,0,1,1,1,1,0.999730980279722,4500,1,1
"z[63,1]",0.830444444444444,0.375283581331809,0,1,1,1,1,1.0019270029782,1574,1,1
"z[64,1]",0.844,0.362895667058781,0,1,1,1,1,1.00153574891143,2039,1,1
"z[65,1]",0.916888888888889,0.276080771207218,0,1,1,1,1,1.00200645025031,2791,1,1
"z[66,1]",0.892444444444444,0.309852696115214,0,1,1,1,1,1.00224350132259,2024,1,1
"z[67,1]",0.86,0.347025591999432,0,1,1,1,1,1.00180247479837,1950,1,1
"z[68,1]",0.867111111111111,0.339492333243092,0,1,1,1,1,0.99989686437647,4500,1,1
"z[69,1]",1,0,1,1,1,1,1,NA,1,0,1
"z[70,1]",1,0,1,1,1,1,1,NA,1,0,1
"z[71,1]",0.048,0.213789983216616,0,0,0,0,1,1.00023365974157,4500,1,1
"z[72,1]",1,0,1,1,1,1,1,NA,1,0,1
"z[73,1]",1,0,1,1,1,1,1,NA,1,0,1
"z[74,1]",1,0,1,1,1,1,1,NA,1,0,1
"z[75,1]",1,0,1,1,1,1,1,NA,1,0,1
"z[76,1]",0.845111111111111,0.361838936502114,0,1,1,1,1,1.0004909123635,4500,1,1
"z[77,1]",1,0,1,1,1,1,1,NA,1,0,1
"z[78,1]",0.768222222222222,0.422014711221794,0,1,1,1,1,1.00025230689184,4500,1,1
"z[79,1]",0.801111111111111,0.399208609336637,0,1,1,1,1,0.99985422994012,4500,1,1
"z[80,1]",0.703777777777778,0.456640947872627,0,0,1,1,1,0.999786567751824,4500,1,1
"z[81,1]",0.167111111111111,0.373116502618737,0,0,0,0,1,0.999881671710668,4500,1,1
"z[82,1]",1,0,1,1,1,1,1,NA,1,0,1
"z[83,1]",1,0,1,1,1,1,1,NA,1,0,1
"z[84,1]",1,0,1,1,1,1,1,NA,1,0,1
"z[85,1]",1,0,1,1,1,1,1,NA,1,0,1
"z[86,1]",0.395333333333333,0.488976504325738,0,0,0,1,1,1.00107785162286,1490,1,1
"z[87,1]",1,0,1,1,1,1,1,NA,1,0,1
"z[88,1]",1,0,1,1,1,1,1,NA,1,0,1
"z[89,1]",1,0,1,1,1,1,1,NA,1,0,1
"z[90,1]",0.738,0.439771506069421,0,0,1,1,1,0.999674533733154,4500,1,1
"z[91,1]",0.875111111111111,0.330629621712271,0,1,1,1,1,0.999891766278771,4500,1,1
"z[92,1]",0.874222222222222,0.331635596516771,0,1,1,1,1,0.999876667234201,4500,1,1
"z[93,1]",0.844666666666667,0.362262407670956,0,1,1,1,1,1.00167651853239,1889,1,1
"z[94,1]",0.796888888888889,0.402359247276006,0,1,1,1,1,1.000251114229,4500,1,1
"z[95,1]",1,0,1,1,1,1,1,NA,1,0,1
"z[96,1]",1,0,1,1,1,1,1,NA,1,0,1
"z[97,1]",1,0,1,1,1,1,1,NA,1,0,1
"z[98,1]",1,0,1,1,1,1,1,NA,1,0,1
"z[99,1]",0.236888888888889,0.425220794194227,0,0,0,0,1,0.999970629587821,4500,1,1
"z[100,1]",1,0,1,1,1,1,1,NA,1,0,1
"z[101,1]",1,0,1,1,1,1,1,NA,1,0,1
"z[102,1]",1,0,1,1,1,1,1,NA,1,0,1
"z[103,1]",1,0,1,1,1,1,1,NA,1,0,1
"z[104,1]",0.126888888888889,0.332885451492204,0,0,0,0,1,1.00143500770072,2559,1,1
"z[105,1]",0.713333333333333,0.452254730173891,0,0,1,1,1,1.00018434630503,4500,1,1
"z[106,1]",0.197333333333333,0.398030269115618,0,0,0,0,1,0.999994416231448,4500,1,1
"z[107,1]",1,0,1,1,1,1,1,NA,1,0,1
"z[108,1]",1,0,1,1,1,1,1,NA,1,0,1
"z[109,1]",0.466444444444444,0.498928193553928,0,0,0,1,1,0.999796148076669,4500,1,1
"z[110,1]",1,0,1,1,1,1,1,NA,1,0,1
"z[111,1]",1,0,1,1,1,1,1,NA,1,0,1
"z[112,1]",0.79,0.407353501103256,0,1,1,1,1,1.00041055598717,4044,1,1
"z[113,1]",1,0,1,1,1,1,1,NA,1,0,1
"z[114,1]",0.233333333333333,0.422999587247188,0,0,0,0,1,1.00053005483568,3247,1,1
"z[115,1]",0.139777777777778,0.346794862339979,0,0,0,0,1,0.999750292582977,4500,1,1
"z[116,1]",1,0,1,1,1,1,1,NA,1,0,1
"z[117,1]",0.27,0.44400879466008,0,0,0,1,1,1.00104519397094,1846,1,1
"z[118,1]",0.528,0.49927086200081,0,0,1,1,1,0.999925428464971,4500,1,1
"z[119,1]",1,0,1,1,1,1,1,NA,1,0,1
"z[120,1]",1,0,1,1,1,1,1,NA,1,0,1
"z[121,1]",1,0,1,1,1,1,1,NA,1,0,1
"z[122,1]",0.527555555555556,0.499295594301857,0,0,1,1,1,0.999738535789822,4500,1,1
"z[123,1]",1,0,1,1,1,1,1,NA,1,0,1
"z[124,1]",0.386444444444444,0.486988539438194,0,0,0,1,1,0.999754036906606,4500,1,1
"z[125,1]",0.906,0.291861147705373,0,1,1,1,1,1.00016606694237,4500,1,1
"z[126,1]",0.519111111111111,0.499690156151589,0,0,1,1,1,1.00015702500013,4088,1,1
"z[127,1]",0.870222222222222,0.336096129894842,0,1,1,1,1,0.999865740522496,4500,1,1
"z[128,1]",0.854222222222222,0.352922507098086,0,1,1,1,1,1.00014643312412,4500,1,1
"z[129,1]",0.866,0.340690171985335,0,1,1,1,1,1.00027721501981,4500,1,1
"z[130,1]",0.880444444444444,0.324477150893065,0,1,1,1,1,1.00123649430281,3033,1,1
"z[131,1]",0.771777777777778,0.419733236384864,0,1,1,1,1,1.0006099291632,3016,1,1
"z[132,1]",0.761333333333333,0.42631593534392,0,1,1,1,1,1.00053584583387,3162,1,1
"z[133,1]",0.784444444444444,0.411252893283533,0,1,1,1,1,0.999911166294254,4500,1,1
"z[134,1]",0.259111111111111,0.438195405335641,0,0,0,1,1,0.999870179056612,4500,1,1
"z[135,1]",1,0,1,1,1,1,1,NA,1,0,1
"z[136,1]",1,0,1,1,1,1,1,NA,1,0,1
"z[137,1]",1,0,1,1,1,1,1,NA,1,0,1
"z[138,1]",0.0166666666666667,0.128033322512951,0,0,0,0,0,1.0081097733996,3570,1,1
"z[139,1]",0.0344444444444444,0.182388094475073,0,0,0,0,1,1.00062587168941,4500,1,1
"z[140,1]",0.0466666666666667,0.210947333488984,0,0,0,0,1,1.00071405581211,4500,1,1
"z[141,1]",0.0506666666666667,0.219340481264845,0,0,0,0,1,1.00104171374203,4500,1,1
"z[142,1]",0.838444444444444,0.368083503985174,0,1,1,1,1,0.999958586724203,4500,1,1
"z[143,1]",0.825555555555556,0.379533385063961,0,1,1,1,1,1.00009689936232,4500,1,1
"z[144,1]",0.807777777777778,0.394090538139547,0,1,1,1,1,1.00031288906808,4500,1,1
"z[145,1]",0.777555555555556,0.415934319726735,0,1,1,1,1,0.999776253763475,4500,1,1
"z[146,1]",0.730888888888889,0.443547110984994,0,0,1,1,1,0.999927461850525,4500,1,1
"z[147,1]",0.749333333333333,0.433445081652364,0,0,1,1,1,1.00133793902121,1594,1,1
"z[148,1]",0.861777777777778,0.345171429580393,0,1,1,1,1,1.00013345395245,4500,1,1
"z[149,1]",1,0,1,1,1,1,1,NA,1,0,1
"z[150,1]",1,0,1,1,1,1,1,NA,1,0,1
"z[151,1]",0.0466666666666667,0.210947333488984,0,0,0,0,1,1.00878546818808,1217,1,1
"z[152,1]",1,0,1,1,1,1,1,NA,1,0,1
"z[153,1]",0.714,0.451939585291061,0,0,1,1,1,1.00031758931579,3757,1,1
"z[154,1]",0.848888888888889,0.358196950635289,0,1,1,1,1,1.00085889618183,3277,1,1
"z[155,1]",1,0,1,1,1,1,1,NA,1,0,1
"z[156,1]",0.0782222222222222,0.268550801033379,0,0,0,0,1,1.00012658413012,4500,1,1
"z[157,1]",0.0371111111111111,0.189055069145718,0,0,0,0,1,1.00854920380037,1564,1,1
"z[158,1]",0.0566666666666667,0.231230268797726,0,0,0,0,1,1.00036498097904,4500,1,1
"z[159,1]",0.0666666666666667,0.249471546385758,0,0,0,0,1,1.00180045653136,3751,1,1
"z[160,1]",0.156444444444444,0.363316547020318,0,0,0,0,1,0.999693535216864,4500,1,1
"z[161,1]",1,0,1,1,1,1,1,NA,1,0,1
"z[162,1]",1,0,1,1,1,1,1,NA,1,0,1
"z[163,1]",1,0,1,1,1,1,1,NA,1,0,1
"z[164,1]",1,0,1,1,1,1,1,NA,1,0,1
"z[165,1]",1,0,1,1,1,1,1,NA,1,0,1
"z[166,1]",1,0,1,1,1,1,1,NA,1,0,1
"z[167,1]",0.516888888888889,0.499770217136365,0,0,1,1,1,1.00014252985727,4211,1,1
"z[168,1]",0.902,0.297347688610086,0,1,1,1,1,1.00290075679563,1741,1,1
"z[169,1]",0.887555555555556,0.315947581441862,0,1,1,1,1,1.00005616991766,4500,1,1
"z[170,1]",0.37,0.48285796204854,0,0,0,1,1,1.0000649934963,4500,1,1
"z[171,1]",0.716666666666667,0.450666938039623,0,0,1,1,1,0.999868008340099,4500,1,1
"z[172,1]",0.786666666666667,0.409706632041442,0,1,1,1,1,0.999910855519742,4500,1,1
"z[173,1]",0.723777777777778,0.447177753800003,0,0,1,1,1,0.999881950205671,4500,1,1
"z[174,1]",0.628666666666667,0.48321504225507,0,0,1,1,1,1.00016106806399,4330,1,1
"z[175,1]",1,0,1,1,1,1,1,NA,1,0,1
"z[176,1]",0.323333333333333,0.467800726216587,0,0,0,1,1,0.99986641922813,4500,1,1
"z[177,1]",0.0348888888888889,0.183518768996536,0,0,0,0,1,1.00021014798482,4500,1,1
"z[178,1]",0.396,0.489118762484308,0,0,0,1,1,0.999818040902323,4500,1,1
"z[179,1]",1,0,1,1,1,1,1,NA,1,0,1
"z[180,1]",0.878666666666667,0.326550535565759,0,1,1,1,1,1.00156567522765,2474,1,1
"z[181,1]",0.908,0.289058069739814,0,1,1,1,1,0.999963398588898,4500,1,1
"z[182,1]",0.824444444444444,0.38048386710849,0,1,1,1,1,1.00002081878843,4500,1,1
"z[183,1]",0.872222222222222,0.333879303929952,0,1,1,1,1,1.00098193489456,3415,1,1
"z[184,1]",1,0,1,1,1,1,1,NA,1,0,1
"z[185,1]",0.512888888888889,0.499889395289257,0,0,1,1,1,0.999716839414201,4500,1,1
"z[186,1]",1,0,1,1,1,1,1,NA,1,0,1
"z[187,1]",0.0595555555555556,0.236687854568751,0,0,0,0,1,1.00141667590801,4500,1,1
"z[188,1]",0.565333333333333,0.495768267142513,0,0,1,1,1,1.00019858829687,3832,1,1
"z[189,1]",0.568,0.495409467127978,0,0,1,1,1,0.99978105147277,4500,1,1
"z[190,1]",0.740666666666667,0.438317521197537,0,0,1,1,1,1.0007626282571,2371,1,1
"z[191,1]",0.142666666666667,0.349771461918135,0,0,0,0,1,1.00050501962315,4500,1,1
"z[192,1]",1,0,1,1,1,1,1,NA,1,0,1
"z[193,1]",0.0788888888888889,0.26959522169686,0,0,0,0,1,1.00079007149358,4500,1,1
"z[194,1]",0.0488888888888889,0.215659687442576,0,0,0,0,1,1.00173100971362,4500,1,1
"z[195,1]",0.0513333333333333,0.220701260655139,0,0,0,0,1,1.0061036842179,1581,1,1
"z[196,1]",1,0,1,1,1,1,1,NA,1,0,1
"z[197,1]",1,0,1,1,1,1,1,NA,1,0,1
"z[198,1]",1,0,1,1,1,1,1,NA,1,0,1
"z[199,1]",1,0,1,1,1,1,1,NA,1,0,1
"z[200,1]",1,0,1,1,1,1,1,NA,1,0,1
"z[1,2]",1,0,1,1,1,1,1,NA,1,0,1
"z[2,2]",1,0,1,1,1,1,1,NA,1,0,1
"z[3,2]",1,0,1,1,1,1,1,NA,1,0,1
"z[4,2]",1,0,1,1,1,1,1,NA,1,0,1
"z[5,2]",0.839333333333333,0.367264023365226,0,1,1,1,1,1.00113371004318,2522,1,1
"z[6,2]",0.808222222222222,0.393742953740522,0,1,1,1,1,0.999941658245929,4500,1,1
"z[7,2]",0.887333333333333,0.316220034192095,0,1,1,1,1,1.00002267799194,4500,1,1
"z[8,2]",1,0,1,1,1,1,1,NA,1,0,1
"z[9,2]",1,0,1,1,1,1,1,NA,1,0,1
"z[10,2]",1,0,1,1,1,1,1,NA,1,0,1
"z[11,2]",1,0,1,1,1,1,1,NA,1,0,1
"z[12,2]",1,0,1,1,1,1,1,NA,1,0,1
"z[13,2]",0.556888888888889,0.496808316030622,0,0,1,1,1,0.999697421869505,4500,1,1
"z[14,2]",0.257777777777778,0.43745962320341,0,0,0,1,1,1.00021859014051,4500,1,1
"z[15,2]",1,0,1,1,1,1,1,NA,1,0,1
"z[16,2]",0.21,0.407353501103256,0,0,0,0,1,0.999798330173369,4500,1,1
"z[17,2]",1,0,1,1,1,1,1,NA,1,0,1
"z[18,2]",0.0362222222222222,0.186863405673864,0,0,0,0,1,1.00150602273975,4500,1,1
"z[19,2]",1,0,1,1,1,1,1,NA,1,0,1
"z[20,2]",1,0,1,1,1,1,1,NA,1,0,1
"z[21,2]",0.0975555555555556,0.296745745695873,0,0,0,0,1,1.00225294417092,2199,1,1
"z[22,2]",1,0,1,1,1,1,1,NA,1,0,1
"z[23,2]",1,0,1,1,1,1,1,NA,1,0,1
"z[24,2]",1,0,1,1,1,1,1,NA,1,0,1
"z[25,2]",1,0,1,1,1,1,1,NA,1,0,1
"z[26,2]",1,0,1,1,1,1,1,NA,1,0,1
"z[27,2]",1,0,1,1,1,1,1,NA,1,0,1
"z[28,2]",1,0,1,1,1,1,1,NA,1,0,1
"z[29,2]",0.0184444444444444,0.13456697579197,0,0,0,0,0,1.01785065103433,1485,1,1
"z[30,2]",0.00755555555555556,0.0866033246050876,0,0,0,0,0,1.01302423534336,4500,1,1
"z[31,2]",0.308888888888889,0.462086564386042,0,0,0,1,1,0.999771143909328,4500,1,1
"z[32,2]",1,0,1,1,1,1,1,NA,1,0,1
"z[33,2]",1,0,1,1,1,1,1,NA,1,0,1
"z[34,2]",1,0,1,1,1,1,1,NA,1,0,1
"z[35,2]",0.704,0.456541693439286,0,0,1,1,1,0.999794413364535,4500,1,1
"z[36,2]",0.735111111111111,0.441323063951825,0,0,1,1,1,1.00063091524875,2671,1,1
"z[37,2]",1,0,1,1,1,1,1,NA,1,0,1
"z[38,2]",0.757555555555556,0.428609331850102,0,1,1,1,1,0.999722237445275,4500,1,1
"z[39,2]",1,0,1,1,1,1,1,NA,1,0,1
"z[40,2]",1,0,1,1,1,1,1,NA,1,0,1
"z[41,2]",0.187111111111111,0.390044037056583,0,0,0,0,1,1.00072231180069,3118,1,1
"z[42,2]",1,0,1,1,1,1,1,NA,1,0,1
"z[43,2]",0.186,0.389149910460912,0,0,0,0,1,1.00050421272049,3947,1,1
"z[44,2]",0.121555555555556,0.326808103614916,0,0,0,0,1,1.00000598417519,4500,1,1
"z[45,2]",1,0,1,1,1,1,1,NA,1,0,1
"z[46,2]",0.0104444444444444,0.10167426066326,0,0,0,0,0,1.00540079499714,4500,1,1
"z[47,2]",1,0,1,1,1,1,1,NA,1,0,1
"z[48,2]",1,0,1,1,1,1,1,NA,1,0,1
"z[49,2]",0.294888888888889,0.456043472609393,0,0,0,1,1,1.00064482858456,2466,1,1
"z[50,2]",0.154,0.360988861926802,0,0,0,0,1,1.00132805620572,2309,1,1
"z[51,2]",0.139111111111111,0.346100894176313,0,0,0,0,1,1.0019845627027,1796,1,1
"z[52,2]",0.580444444444444,0.493541103530166,0,0,1,1,1,1.00061142487639,2180,1,1
"z[53,2]",0.586444444444444,0.49252539525639,0,0,1,1,1,1.00022613743859,3685,1,1
"z[54,2]",1,0,1,1,1,1,1,NA,1,0,1
"z[55,2]",1,0,1,1,1,1,1,NA,1,0,1
"z[56,2]",0.03,0.170606178387604,0,0,0,0,1,1.00393525491542,4010,1,1
"z[57,2]",0.0617777777777778,0.240778252960813,0,0,0,0,1,1.00086448197423,4500,1,1
"z[58,2]",1,0,1,1,1,1,1,NA,1,0,1
"z[59,2]",1,0,1,1,1,1,1,NA,1,0,1
"z[60,2]",1,0,1,1,1,1,1,NA,1,0,1
"z[61,2]",0.784,0.411560008218152,0,1,1,1,1,0.999855061857977,4500,1,1
"z[62,2]",0.733777777777778,0.442030961496967,0,0,1,1,1,0.999746768840373,4500,1,1
"z[63,2]",0.461111111111111,0.498540756682388,0,0,0,1,1,1.00005592474921,4500,1,1
"z[64,2]",0.745333333333333,0.435722096383381,0,0,1,1,1,0.999890409750269,4500,1,1
"z[65,2]",0.573111111111111,0.494680851905704,0,0,1,1,1,1.00137739979859,1200,1,1
"z[66,2]",0.641555555555556,0.479596850200442,0,0,1,1,1,1.00034574303997,3206,1,1
"z[67,2]",0.54,0.498452818498796,0,0,1,1,1,0.999826312125243,4500,1,1
"z[68,2]",0.550666666666667,0.497481543574164,0,0,1,1,1,1.00015463646445,4145,1,1
"z[69,2]",0.205777777777778,0.404313752586695,0,0,0,0,1,1.00048659121673,3724,1,1
"z[70,2]",0.259777777777778,0.438561313033389,0,0,0,1,1,1.00035705829929,3771,1,1
"z[71,2]",0.00466666666666667,0.0681609955608629,0,0,0,0,0,1.03856264454793,2614,1,1
"z[72,2]",0.338222222222222,0.473157163337463,0,0,0,1,1,1.00150074103349,1219,1,1
"z[73,2]",0.154222222222222,0.361201773251085,0,0,0,0,1,1.00129139419179,2366,1,1
"z[74,2]",1,0,1,1,1,1,1,NA,1,0,1
"z[75,2]",0.16,0.366646796392903,0,0,0,0,1,1.0000885007321,4500,1,1
"z[76,2]",0.850666666666667,0.356456343321839,0,1,1,1,1,0.999726238292932,4500,1,1
"z[77,2]",0.854222222222222,0.352922507098086,0,1,1,1,1,1.00025040230308,4500,1,1
"z[78,2]",1,0,1,1,1,1,1,NA,1,0,1
"z[79,2]",1,0,1,1,1,1,1,NA,1,0,1
"z[80,2]",0.724888888888889,0.44661987659371,0,0,1,1,1,1.00039059656082,3458,1,1
"z[81,2]",0.134444444444444,0.341167116466881,0,0,0,0,1,1.00213718888574,1745,1,1
"z[82,2]",1,0,1,1,1,1,1,NA,1,0,1
"z[83,2]",1,0,1,1,1,1,1,NA,1,0,1
"z[84,2]",1,0,1,1,1,1,1,NA,1,0,1
"z[85,2]",1,0,1,1,1,1,1,NA,1,0,1
"z[86,2]",0.368666666666667,0.482496932238865,0,0,0,1,1,1.0002624552114,3604,1,1
"z[87,2]",1,0,1,1,1,1,1,NA,1,0,1
"z[88,2]",1,0,1,1,1,1,1,NA,1,0,1
"z[89,2]",0.803111111111111,0.397691841406318,0,1,1,1,1,0.999765424737656,4500,1,1
"z[90,2]",0.736,0.440848259908167,0,0,1,1,1,1.00032691180686,3904,1,1
"z[91,2]",0.713111111111111,0.452359511296517,0,0,1,1,1,0.999881296416469,4500,1,1
"z[92,2]",0.775111111111111,0.417555531121581,0,1,1,1,1,0.999999214310236,4500,1,1
"z[93,2]",0.728222222222222,0.444925396089892,0,0,1,1,1,0.999882663027981,4500,1,1
"z[94,2]",0.631777777777778,0.482375709749415,0,0,1,1,1,1.00009193789923,4500,1,1
"z[95,2]",1,0,1,1,1,1,1,NA,1,0,1
"z[96,2]",1,0,1,1,1,1,1,NA,1,0,1
"z[97,2]",1,0,1,1,1,1,1,NA,1,0,1
"z[98,2]",0.214666666666667,0.410636530918233,0,0,0,0,1,1.00017840469219,4500,1,1
"z[99,2]",1,0,1,1,1,1,1,NA,1,0,1
"z[100,2]",0.758888888888889,0.427805111822907,0,1,1,1,1,0.999813489903394,4500,1,1
"z[101,2]",0.254,0.435345973812633,0,0,0,1,1,1.00041172255158,3544,1,1
"z[102,2]",1,0,1,1,1,1,1,NA,1,0,1
"z[103,2]",1,0,1,1,1,1,1,NA,1,0,1
"z[104,2]",1,0,1,1,1,1,1,NA,1,0,1
"z[105,2]",0.722,0.448063180220892,0,0,1,1,1,1.00080760854816,2190,1,1
"z[106,2]",0.0422222222222222,0.201118111385383,0,0,0,0,1,1.00008886237857,4500,1,1
"z[107,2]",1,0,1,1,1,1,1,NA,1,0,1
"z[108,2]",1,0,1,1,1,1,1,NA,1,0,1
"z[109,2]",1,0,1,1,1,1,1,NA,1,0,1
"z[110,2]",0.159555555555556,0.366234059493059,0,0,0,0,1,1.00042752176371,4500,1,1
"z[111,2]",0.014,0.11750348180963,0,0,0,0,0,1.00237816579359,4500,1,1
"z[112,2]",0.0395555555555556,0.194934239891299,0,0,0,0,1,1.00357046802205,3360,1,1
"z[113,2]",0.0731111111111111,0.260347727038461,0,0,0,0,1,0.999897868395488,4500,1,1
"z[114,2]",1,0,1,1,1,1,1,NA,1,0,1
"z[115,2]",1,0,1,1,1,1,1,NA,1,0,1
"z[116,2]",1,0,1,1,1,1,1,NA,1,0,1
"z[117,2]",1,0,1,1,1,1,1,NA,1,0,1
"z[118,2]",1,0,1,1,1,1,1,NA,1,0,1
"z[119,2]",1,0,1,1,1,1,1,NA,1,0,1
"z[120,2]",1,0,1,1,1,1,1,NA,1,0,1
"z[121,2]",1,0,1,1,1,1,1,NA,1,0,1
"z[122,2]",1,0,1,1,1,1,1,NA,1,0,1
"z[123,2]",0.473333333333333,0.499343868224145,0,0,0,1,1,0.999967034314449,4500,1,1
"z[124,2]",0.106222222222222,0.308156070826227,0,0,0,0,1,0.999702199598353,4500,1,1
"z[125,2]",1,0,1,1,1,1,1,NA,1,0,1
"z[126,2]",1,0,1,1,1,1,1,NA,1,0,1
"z[127,2]",0.547777777777778,0.497767359789301,0,0,1,1,1,1.00027875401911,3303,1,1
"z[128,2]",0.525111111111111,0.499424528678156,0,0,1,1,1,1.0012169633949,1298,1,1
"z[129,2]",0.517111111111111,0.499762656369589,0,0,1,1,1,1.00016154489181,4049,1,1
"z[130,2]",0.597333333333333,0.490489229621105,0,0,1,1,1,0.999859858310225,4500,1,1
"z[131,2]",0.788444444444444,0.408456701904577,0,1,1,1,1,1.00154223594939,1600,1,1
"z[132,2]",0.780888888888889,0.413690056794411,0,1,1,1,1,1.00045057586804,3723,1,1
"z[133,2]",0.724888888888889,0.44661987659371,0,0,1,1,1,1.00152313567872,1355,1,1
"z[134,2]",1,0,1,1,1,1,1,NA,1,0,1
"z[135,2]",0.108666666666667,0.31125512213583,0,0,0,0,1,1.00283968112644,1623,1,1
"z[136,2]",0.257111111111111,0.437089742091455,0,0,0,1,1,1.00127892100288,1632,1,1
"z[137,2]",1,0,1,1,1,1,1,NA,1,0,1
"z[138,2]",0.00377777777777778,0.0613542394088465,0,0,0,0,0,1.0014045739505,4500,1,1
"z[139,2]",0.00577777777777778,0.0758002102747823,0,0,0,0,0,1.00486214526641,4500,1,1
"z[140,2]",0.0548888888888889,0.227788562815897,0,0,0,0,1,1.00033643643383,4500,1,1
"z[141,2]",0.006,0.0772355205065475,0,0,0,0,0,1.01393057475345,4500,1,1
"z[142,2]",0.576888888888889,0.494107632628327,0,0,1,1,1,1.00048908139237,2496,1,1
"z[143,2]",0.633333333333333,0.481947962575636,0,0,1,1,1,1.00248700197366,771,1,1
"z[144,2]",0.616222222222222,0.4863588804664,0,0,1,1,1,1.00167043673331,1062,1,1
"z[145,2]",1,0,1,1,1,1,1,NA,1,0,1
"z[146,2]",1,0,1,1,1,1,1,NA,1,0,1
"z[147,2]",1,0,1,1,1,1,1,NA,1,0,1
"z[148,2]",1,0,1,1,1,1,1,NA,1,0,1
"z[149,2]",0.937333333333333,0.24238938031912,0,1,1,1,1,1.00043866983666,4500,1,1
"z[150,2]",0.48,0.499655360218754,0,0,0,1,1,0.999710590695217,4500,1,1
"z[151,2]",0.102666666666667,0.303556748016748,0,0,0,0,1,1.00204679147659,2279,1,1
"z[152,2]",1,0,1,1,1,1,1,NA,1,0,1
"z[153,2]",1,0,1,1,1,1,1,NA,1,0,1
"z[154,2]",0.319111111111111,0.466183981790052,0,0,0,1,1,0.99980037035509,4500,1,1
"z[155,2]",0.0297777777777778,0.169992598048771,0,0,0,0,1,1.00323434145556,4500,1,1
"z[156,2]",0.0151111111111111,0.1220084974435,0,0,0,0,0,1.001444239544,4500,1,1
"z[157,2]",0.0415555555555556,0.199593447150984,0,0,0,0,1,0.999682172877131,4500,1,1
"z[158,2]",0.00222222222222222,0.0470932775447189,0,0,0,0,0,1.01916489327094,4500,1,1
"z[159,2]",0.000888888888888889,0.0298042977535084,0,0,0,0,0,1.29204734004362,1125,1,1
"z[160,2]",0.00733333333333333,0.0853297931213479,0,0,0,0,0,1.00106117530681,4500,1,1
"z[161,2]",0.0402222222222222,0.196501846614733,0,0,0,0,1,1.00117150376315,4500,1,1
"z[162,2]",1,0,1,1,1,1,1,NA,1,0,1
"z[163,2]",1,0,1,1,1,1,1,NA,1,0,1
"z[164,2]",1,0,1,1,1,1,1,NA,1,0,1
"z[165,2]",0.243555555555556,0.429275200077866,0,0,0,0,1,1.00040848987986,3655,1,1
"z[166,2]",0.387333333333333,0.487195000651384,0,0,0,1,1,1.00006179871369,4500,1,1
"z[167,2]",0.3,0.458308495491129,0,0,0,1,1,0.99973207179172,4500,1,1
"z[168,2]",1,0,1,1,1,1,1,NA,1,0,1
"z[169,2]",1,0,1,1,1,1,1,NA,1,0,1
"z[170,2]",1,0,1,1,1,1,1,NA,1,0,1
"z[171,2]",0.787111111111111,0.409395231177718,0,1,1,1,1,1.00004158692774,4500,1,1
"z[172,2]",0.806888888888889,0.394783287468091,0,1,1,1,1,1.00044128539443,4136,1,1
"z[173,2]",0.835333333333333,0.370920651032105,0,1,1,1,1,0.999889798528639,4500,1,1
"z[174,2]",0.254666666666667,0.435722096383381,0,0,0,1,1,0.99987848762933,4500,1,1
"z[175,2]",0.0437777777777778,0.204623040065984,0,0,0,0,1,1.00212720553106,4500,1,1
"z[176,2]",1,0,1,1,1,1,1,NA,1,0,1
"z[177,2]",0.00377777777777778,0.0613542394088465,0,0,0,0,0,1.01164843669904,4500,1,1
"z[178,2]",0.448222222222222,0.497367101581811,0,0,0,1,1,0.999668225202904,4500,1,1
"z[179,2]",0.573777777777778,0.494581841104253,0,0,1,1,1,1.00074901742943,1893,1,1
"z[180,2]",0.648444444444444,0.4775090751966,0,0,1,1,1,0.999929664868466,4500,1,1
"z[181,2]",0.636444444444444,0.481076234534968,0,0,1,1,1,0.999882939634616,4500,1,1
"z[182,2]",0.515555555555556,0.499813504030347,0,0,1,1,1,0.999909291205345,4500,1,1
"z[183,2]",0.603777777777778,0.489165970726295,0,0,1,1,1,1.00038233882474,2925,1,1
"z[184,2]",1,0,1,1,1,1,1,NA,1,0,1
"z[185,2]",0.383777777777778,0.4863588804664,0,0,0,1,1,1.00009595985945,4500,1,1
"z[186,2]",1,0,1,1,1,1,1,NA,1,0,1
"z[187,2]",0.188222222222222,0.390932959969401,0,0,0,0,1,0.999705735886311,4500,1,1
"z[188,2]",0.560222222222222,0.496415194911033,0,0,1,1,1,0.999718259230804,4500,1,1
"z[189,2]",0.0382222222222222,0.191753630840733,0,0,0,0,1,1.00165207695313,4500,1,1
"z[190,2]",1,0,1,1,1,1,1,NA,1,0,1
"z[191,2]",0.542888888888889,0.49821250712404,0,0,1,1,1,1.00122131944189,1300,1,1
"z[192,2]",1,0,1,1,1,1,1,NA,1,0,1
"z[193,2]",0.0122222222222222,0.109888684384328,0,0,0,0,0,1.00186053108645,4500,1,1
"z[194,2]",0.00533333333333333,0.0728427622699364,0,0,0,0,0,1.01003312809783,4500,1,1
"z[195,2]",0.00866666666666667,0.0927009450571682,0,0,0,0,0,1.00365645516092,4500,1,1
"z[196,2]",1,0,1,1,1,1,1,NA,1,0,1
"z[197,2]",0.313333333333333,0.463900181643165,0,0,0,1,1,0.999801070656425,4500,1,1
"z[198,2]",1,0,1,1,1,1,1,NA,1,0,1
"z[199,2]",0.470666666666667,0.499194283027317,0,0,0,1,1,1.00067901932774,1986,1,1
"z[200,2]",1,0,1,1,1,1,1,NA,1,0,1
"z[1,3]",1,0,1,1,1,1,1,NA,1,0,1
"z[2,3]",1,0,1,1,1,1,1,NA,1,0,1
"z[3,3]",1,0,1,1,1,1,1,NA,1,0,1
"z[4,3]",1,0,1,1,1,1,1,NA,1,0,1
"z[5,3]",0.923111111111111,0.266444673101302,0,1,1,1,1,0.99975971480488,4500,1,1
"z[6,3]",0.893777777777778,0.308156070826227,0,1,1,1,1,0.999964959826612,4500,1,1
"z[7,3]",0.914222222222222,0.280066744092239,0,1,1,1,1,1.00152741568014,3431,1,1
"z[8,3]",1,0,1,1,1,1,1,NA,1,0,1
"z[9,3]",1,0,1,1,1,1,1,NA,1,0,1
"z[10,3]",1,0,1,1,1,1,1,NA,1,0,1
"z[11,3]",1,0,1,1,1,1,1,NA,1,0,1
"z[12,3]",1,0,1,1,1,1,1,NA,1,0,1
"z[13,3]",0.441555555555556,0.496627683071132,0,0,0,1,1,1.00026714372183,3382,1,1
"z[14,3]",1,0,1,1,1,1,1,NA,1,0,1
"z[15,3]",1,0,1,1,1,1,1,NA,1,0,1
"z[16,3]",1,0,1,1,1,1,1,NA,1,0,1
"z[17,3]",1,0,1,1,1,1,1,NA,1,0,1
"z[18,3]",0.181111111111111,0.385153010658265,0,0,0,0,1,1.00222585354765,1318,1,1
"z[19,3]",1,0,1,1,1,1,1,NA,1,0,1
"z[20,3]",1,0,1,1,1,1,1,NA,1,0,1
"z[21,3]",1,0,1,1,1,1,1,NA,1,0,1
"z[22,3]",1,0,1,1,1,1,1,NA,1,0,1
"z[23,3]",1,0,1,1,1,1,1,NA,1,0,1
"z[24,3]",1,0,1,1,1,1,1,NA,1,0,1
"z[25,3]",1,0,1,1,1,1,1,NA,1,0,1
"z[26,3]",1,0,1,1,1,1,1,NA,1,0,1
"z[27,3]",0.555777777777778,0.496934317478156,0,0,1,1,1,1.00083728823099,1736,1,1
"z[28,3]",1,0,1,1,1,1,1,NA,1,0,1
"z[29,3]",0.0322222222222222,0.176609404971474,0,0,0,0,1,1.0012123503267,4500,1,1
"z[30,3]",0.072,0.258516636409127,0,0,0,0,1,0.999782763606787,4500,1,1
"z[31,3]",1,0,1,1,1,1,1,NA,1,0,1
"z[32,3]",0.828,0.377422382794731,0,1,1,1,1,0.999896890097091,4500,1,1
"z[33,3]",1,0,1,1,1,1,1,NA,1,0,1
"z[34,3]",1,0,1,1,1,1,1,NA,1,0,1
"z[35,3]",1,0,1,1,1,1,1,NA,1,0,1
"z[36,3]",1,0,1,1,1,1,1,NA,1,0,1
"z[37,3]",1,0,1,1,1,1,1,NA,1,0,1
"z[38,3]",1,0,1,1,1,1,1,NA,1,0,1
"z[39,3]",1,0,1,1,1,1,1,NA,1,0,1
"z[40,3]",1,0,1,1,1,1,1,NA,1,0,1
"z[41,3]",1,0,1,1,1,1,1,NA,1,0,1
"z[42,3]",1,0,1,1,1,1,1,NA,1,0,1
"z[43,3]",1,0,1,1,1,1,1,NA,1,0,1
"z[44,3]",0.131555555555556,0.338044502394683,0,0,0,0,1,1.00131419117282,2657,1,1
"z[45,3]",0.0351111111111111,0.18408109945566,0,0,0,0,1,0.9997526492922,4500,1,1
"z[46,3]",0.00111111111111111,0.033318511930496,0,0,0,0,0,1.01912206739455,4500,1,1
"z[47,3]",0.664666666666667,0.472159326788432,0,0,1,1,1,0.999684504036071,4500,1,1
"z[48,3]",0.781111111111111,0.413539050686171,0,1,1,1,1,0.999905801818693,4500,1,1
"z[49,3]",0.619333333333333,0.485604734545429,0,0,1,1,1,0.999742572119579,4500,1,1
"z[50,3]",0.598444444444444,0.490267381292261,0,0,1,1,1,0.999923448811877,4500,1,1
"z[51,3]",0.582444444444444,0.493210878514296,0,0,1,1,1,0.999867336295151,4500,1,1
"z[52,3]",0.756222222222222,0.429407904736647,0,1,1,1,1,0.999977181967894,4500,1,1
"z[53,3]",0.716,0.450986915108927,0,0,1,1,1,0.999736496661576,4500,1,1
"z[54,3]",1,0,1,1,1,1,1,NA,1,0,1
"z[55,3]",0.0853333333333333,0.279408131952049,0,0,0,0,1,0.999970423707049,4500,1,1
"z[56,3]",0.0375555555555556,0.190139869149559,0,0,0,0,1,1.00064863787605,4500,1,1
"z[57,3]",0.082,0.274395210814911,0,0,0,0,1,1.00132818448699,4002,1,1
"z[58,3]",0.504444444444444,0.500035809144714,0,0,1,1,1,0.999885149126918,4500,1,1
"z[59,3]",0.921555555555556,0.268899575675426,0,1,1,1,1,1.00455990168717,1414,1,1
"z[60,3]",0.941111111111111,0.235442787459719,0,1,1,1,1,1.00078378747698,4500,1,1
"z[61,3]",0.847555555555556,0.35949110480899,0,1,1,1,1,1.00036150926614,4500,1,1
"z[62,3]",0.825555555555556,0.379533385063961,0,1,1,1,1,1.00102908986562,2557,1,1
"z[63,3]",0.364444444444444,0.481327513188742,0,0,0,1,1,0.999937543405179,4500,1,1
"z[64,3]",0.813111111111111,0.389865629174764,0,1,1,1,1,1.00034720270422,4500,1,1
"z[65,3]",0.746444444444444,0.43509447717713,0,0,1,1,1,0.999758340427116,4500,1,1
"z[66,3]",0.811111111111111,0.391463830704758,0,1,1,1,1,0.999680277821009,4500,1,1
"z[67,3]",0.725777777777778,0.44617107989607,0,0,1,1,1,1.00073445338213,2361,1,1
"z[68,3]",0.731555555555556,0.443199362410781,0,0,1,1,1,1.00085594766582,2138,1,1
"z[69,3]",1,0,1,1,1,1,1,NA,1,0,1
"z[70,3]",1,0,1,1,1,1,1,NA,1,0,1
"z[71,3]",0.0111111111111111,0.104833661410201,0,0,0,0,0,1.00594411770925,4500,1,1
"z[72,3]",0.433111111111111,0.495560742973591,0,0,0,1,1,1.00029421840876,3248,1,1
"z[73,3]",0.395333333333333,0.488976504325738,0,0,0,1,1,1.00136656702634,1235,1,1
"z[74,3]",0.92,0.271323348038703,0,1,1,1,1,1.00052601810466,4500,1,1
"z[75,3]",0.523111111111111,0.499521096378026,0,0,1,1,1,1.00047782944719,2476,1,1
"z[76,3]",1,0,1,1,1,1,1,NA,1,0,1
"z[77,3]",1,0,1,1,1,1,1,NA,1,0,1
"z[78,3]",0.538666666666667,0.498558045238571,0,0,1,1,1,0.999790139513701,4500,1,1
"z[79,3]",1,0,1,1,1,1,1,NA,1,0,1
"z[80,3]",0.783555555555556,0.411866414442152,0,1,1,1,1,0.999785812024112,4500,1,1
"z[81,3]",0.181333333333333,0.385336933245042,0,0,0,0,1,1.00094389609049,2645,1,1
"z[82,3]",1,0,1,1,1,1,1,NA,1,0,1
"z[83,3]",0.525333333333333,0.499413303264157,0,0,1,1,1,1.00191694444041,897,1,1
"z[84,3]",1,0,1,1,1,1,1,NA,1,0,1
"z[85,3]",1,0,1,1,1,1,1,NA,1,0,1
"z[86,3]",1,0,1,1,1,1,1,NA,1,0,1
"z[87,3]",1,0,1,1,1,1,1,NA,1,0,1
"z[88,3]",1,0,1,1,1,1,1,NA,1,0,1
"z[89,3]",0.528666666666667,0.499233019208792,0,0,1,1,1,0.999689270629125,4500,1,1
"z[90,3]",0.784222222222222,0.411406539438781,0,1,1,1,1,1.00092047347293,2359,1,1
"z[91,3]",0.791333333333333,0.406400776899811,0,1,1,1,1,1.00042090767559,4025,1,1
"z[92,3]",0.839111111111111,0.367469266471889,0,1,1,1,1,1.00003369054324,4500,1,1
"z[93,3]",0.806888888888889,0.394783287468091,0,1,1,1,1,1.00200887859823,1368,1,1
"z[94,3]",0.755333333333333,0.429937164909212,0,1,1,1,1,1.00047561173475,3354,1,1
"z[95,3]",1,0,1,1,1,1,1,NA,1,0,1
"z[96,3]",1,0,1,1,1,1,1,NA,1,0,1
"z[97,3]",1,0,1,1,1,1,1,NA,1,0,1
"z[98,3]",1,0,1,1,1,1,1,NA,1,0,1
"z[99,3]",0.902444444444444,0.296745745695873,0,1,1,1,1,0.999784454292833,4500,1,1
"z[100,3]",1,0,1,1,1,1,1,NA,1,0,1
"z[101,3]",1,0,1,1,1,1,1,NA,1,0,1
"z[102,3]",0.678222222222222,0.467210174719196,0,0,1,1,1,0.999735505839167,4500,1,1
"z[103,3]",0.708222222222222,0.454631100078816,0,0,1,1,1,1.00037476160546,3417,1,1
"z[104,3]",1,0,1,1,1,1,1,NA,1,0,1
"z[105,3]",0.783111111111111,0.412172113536087,0,1,1,1,1,1.00049058576766,3580,1,1
"z[106,3]",0.298222222222222,0.457528410781342,0,0,0,1,1,1.00205244896592,1006,1,1
"z[107,3]",0.592,0.491517737825423,0,0,1,1,1,1.00113842830662,1411,1,1
"z[108,3]",1,0,1,1,1,1,1,NA,1,0,1
"z[109,3]",1,0,1,1,1,1,1,NA,1,0,1
"z[110,3]",0.143777777777778,0.350903250632194,0,0,0,0,1,1.00035078890243,4500,1,1
"z[111,3]",0.0406666666666667,0.19753875656879,0,0,0,0,1,1.00334156711412,3466,1,1
"z[112,3]",0.103333333333333,0.304427578014234,0,0,0,0,1,0.999907873123251,4500,1,1
"z[113,3]",1,0,1,1,1,1,1,NA,1,0,1
"z[114,3]",1,0,1,1,1,1,1,NA,1,0,1
"z[115,3]",0.157333333333333,0.364155219964792,0,0,0,0,1,1.00244176444316,1355,1,1
"z[116,3]",1,0,1,1,1,1,1,NA,1,0,1
"z[117,3]",1,0,1,1,1,1,1,NA,1,0,1
"z[118,3]",0.734444444444444,0.441677657791417,0,0,1,1,1,1.00017662787867,4500,1,1
"z[119,3]",1,0,1,1,1,1,1,NA,1,0,1
"z[120,3]",1,0,1,1,1,1,1,NA,1,0,1
"z[121,3]",1,0,1,1,1,1,1,NA,1,0,1
"z[122,3]",0.331111111111111,0.470665243202664,0,0,0,1,1,1.00030374583645,3541,1,1
"z[123,3]",1,0,1,1,1,1,1,NA,1,0,1
"z[124,3]",1,0,1,1,1,1,1,NA,1,0,1
"z[125,3]",1,0,1,1,1,1,1,NA,1,0,1
"z[126,3]",1,0,1,1,1,1,1,NA,1,0,1
"z[127,3]",0.709333333333333,0.454120450341688,0,0,1,1,1,1.00000772194771,4500,1,1
"z[128,3]",0.699111111111111,0.458695455968038,0,0,1,1,1,1.00044220546039,3072,1,1
"z[129,3]",0.572888888888889,0.494713651416732,0,0,1,1,1,1.00006411634108,4500,1,1
"z[130,3]",0.746666666666667,0.434968503993735,0,0,1,1,1,0.999817763494905,4500,1,1
"z[131,3]",0.894,0.307871829415116,0,1,1,1,1,1.0005913919316,4500,1,1
"z[132,3]",0.888888888888889,0.314304605201633,0,1,1,1,1,1.00110718905146,3504,1,1
"z[133,3]",0.846888888888889,0.360134586374701,0,1,1,1,1,0.999883946282111,4500,1,1
"z[134,3]",1,0,1,1,1,1,1,NA,1,0,1
"z[135,3]",1,0,1,1,1,1,1,NA,1,0,1
"z[136,3]",0.723777777777778,0.447177753800003,0,0,1,1,1,1.00042882983917,3290,1,1
"z[137,3]",1,0,1,1,1,1,1,NA,1,0,1
"z[138,3]",0.0217777777777778,0.145973426820025,0,0,0,0,0,1.00296912981119,4500,1,1
"z[139,3]",0.038,0.191217481839897,0,0,0,0,1,1.00038677011817,4500,1,1
"z[140,3]",1,0,1,1,1,1,1,NA,1,0,1
"z[141,3]",0.0291111111111111,0.168136660277006,0,0,0,0,1,1.00375916536736,4304,1,1
"z[142,3]",0.784444444444444,0.411252893283533,0,1,1,1,1,1.00087638981884,2449,1,1
"z[143,3]",0.812888888888889,0.390044037056583,0,1,1,1,1,1.00026260082492,4500,1,1
"z[144,3]",0.8,0.400044451853224,0,1,1,1,1,0.999851752152856,4500,1,1
"z[145,3]",1,0,1,1,1,1,1,NA,1,0,1
"z[146,3]",1,0,1,1,1,1,1,NA,1,0,1
"z[147,3]",1,0,1,1,1,1,1,NA,1,0,1
"z[148,3]",1,0,1,1,1,1,1,NA,1,0,1
"z[149,3]",1,0,1,1,1,1,1,NA,1,0,1
"z[150,3]",1,0,1,1,1,1,1,NA,1,0,1
"z[151,3]",0.101111111111111,0.3015092968165,0,0,0,0,1,1.00008140556195,4500,1,1
"z[152,3]",1,0,1,1,1,1,1,NA,1,0,1
"z[153,3]",1,0,1,1,1,1,1,NA,1,0,1
"z[154,3]",1,0,1,1,1,1,1,NA,1,0,1
"z[155,3]",0.00355555555555556,0.0595289935189017,0,0,0,0,0,1.01316180066133,4500,1,1
"z[156,3]",0.014,0.11750348180963,0,0,0,0,0,1.01822184453748,1903,1,1
"z[157,3]",1,0,1,1,1,1,1,NA,1,0,1
"z[158,3]",0.00288888888888889,0.0536766566849176,0,0,0,0,0,1.0362487128527,4488,1,1
"z[159,3]",0.002,0.0446815807032984,0,0,0,0,0,1.01775579934475,4500,1,1
"z[160,3]",0.0104444444444444,0.10167426066326,0,0,0,0,0,1.00128009674068,4500,1,1
"z[161,3]",1,0,1,1,1,1,1,NA,1,0,1
"z[162,3]",1,0,1,1,1,1,1,NA,1,0,1
"z[163,3]",0.899777777777778,0.300329439689937,0,1,1,1,1,1.00360954221273,1409,1,1
"z[164,3]",1,0,1,1,1,1,1,NA,1,0,1
"z[165,3]",0.612444444444444,0.487246348852538,0,0,1,1,1,1.00061401281404,2225,1,1
"z[166,3]",1,0,1,1,1,1,1,NA,1,0,1
"z[167,3]",1,0,1,1,1,1,1,NA,1,0,1
"z[168,3]",0.578222222222222,0.49389826061416,0,0,1,1,1,1.00077151754334,1863,1,1
"z[169,3]",1,0,1,1,1,1,1,NA,1,0,1
"z[170,3]",0.960666666666667,0.194408387233923,0,1,1,1,1,1.01118115377154,1135,1,1
"z[171,3]",0.844,0.362895667058781,0,1,1,1,1,1.00297033088234,1148,1,1
"z[172,3]",0.905555555555556,0.292478548049893,0,1,1,1,1,0.999841956044671,4500,1,1
"z[173,3]",0.918444444444444,0.273716817169827,0,1,1,1,1,1.00051483738603,4500,1,1
"z[174,3]",1,0,1,1,1,1,1,NA,1,0,1
"z[175,3]",0.0377777777777778,0.190679566273877,0,0,0,0,1,1.000133674831,4500,1,1
"z[176,3]",1,0,1,1,1,1,1,NA,1,0,1
"z[177,3]",0.000888888888888889,0.0298042977535084,0,0,0,0,0,1.16587551740291,2570,1,1
"z[178,3]",0.56,0.496442109138781,0,0,1,1,1,0.999924127066978,4500,1,1
"z[179,3]",0.628,0.483392103996149,0,0,1,1,1,1.00143923626625,1214,1,1
"z[180,3]",0.801333333333333,0.399040859397038,0,1,1,1,1,1.00014242999815,4500,1,1
"z[181,3]",0.804444444444444,0.396671837405431,0,1,1,1,1,1.00086483189226,2653,1,1
"z[182,3]",0.706,0.455642552430834,0,0,1,1,1,0.999730250820268,4500,1,1
"z[183,3]",0.751777777777778,0.432029429863302,0,1,1,1,1,1.00022215347592,4500,1,1
"z[184,3]",0.153111111111111,0.360134586374701,0,0,0,0,1,1.00107738707119,2725,1,1
"z[185,3]",0.718,0.450023337914495,0,0,1,1,1,1.00089428395143,2014,1,1
"z[186,3]",0.679777777777778,0.466613688924425,0,0,1,1,1,0.999751483912433,4500,1,1
"z[187,3]",1,0,1,1,1,1,1,NA,1,0,1
"z[188,3]",0.668666666666667,0.470744941744271,0,0,1,1,1,0.999698299996591,4500,1,1
"z[189,3]",0.0828888888888889,0.27574484166109,0,0,0,0,1,1.00100487703015,4500,1,1
"z[190,3]",1,0,1,1,1,1,1,NA,1,0,1
"z[191,3]",1,0,1,1,1,1,1,NA,1,0,1
"z[192,3]",0.846,0.360988861926802,0,1,1,1,1,1.00029482802813,4500,1,1
"z[193,3]",0.0746666666666667,0.262881936707821,0,0,0,0,1,1.00014756345565,4500,1,1
"z[194,3]",0.00288888888888889,0.0536766566849176,0,0,0,0,0,1.04418532344872,3647,1,1
"z[195,3]",0.0795555555555556,0.270633969230444,0,0,0,0,1,1.00066633326483,4500,1,1
"z[196,3]",1,0,1,1,1,1,1,NA,1,0,1
"z[197,3]",0.650888888888889,0.476742121649057,0,0,1,1,1,1.00027314175789,3633,1,1
"z[198,3]",0.0824444444444444,0.275071213116166,0,0,0,0,1,0.999683868461901,4500,1,1
"z[199,3]",1,0,1,1,1,1,1,NA,1,0,1
"z[200,3]",1,0,1,1,1,1,1,NA,1,0,1
"z[1,4]",1,0,1,1,1,1,1,NA,1,0,1
"z[2,4]",1,0,1,1,1,1,1,NA,1,0,1
"z[3,4]",1,0,1,1,1,1,1,NA,1,0,1
"z[4,4]",1,0,1,1,1,1,1,NA,1,0,1
"z[5,4]",0.956666666666667,0.203629000755977,0,1,1,1,1,1.00211444029552,4500,1,1
"z[6,4]",0.93,0.255175370837775,0,1,1,1,1,1.00034694747069,4500,1,1
"z[7,4]",1,0,1,1,1,1,1,NA,1,0,1
"z[8,4]",1,0,1,1,1,1,1,NA,1,0,1
"z[9,4]",1,0,1,1,1,1,1,NA,1,0,1
"z[10,4]",1,0,1,1,1,1,1,NA,1,0,1
"z[11,4]",1,0,1,1,1,1,1,NA,1,0,1
"z[12,4]",1,0,1,1,1,1,1,NA,1,0,1
"z[13,4]",1,0,1,1,1,1,1,NA,1,0,1
"z[14,4]",0.700666666666667,0.458016928242846,0,0,1,1,1,1.00086302160845,1992,1,1
"z[15,4]",1,0,1,1,1,1,1,NA,1,0,1
"z[16,4]",0.968222222222222,0.175427447850631,0,1,1,1,1,1.00219033462079,4500,1,1
"z[17,4]",0.726888888888889,0.445606954364799,0,0,1,1,1,1.00132942857867,1516,1,1
"z[18,4]",0.280444444444444,0.449266303438176,0,0,0,1,1,1.00183279191014,1143,1,1
"z[19,4]",0.984444444444444,0.123761803562895,1,1,1,1,1,1.00260072775382,4500,0,1
"z[20,4]",1,0,1,1,1,1,1,NA,1,0,1
"z[21,4]",0.905333333333333,0.292786506951796,0,1,1,1,1,1.00006006380913,4500,1,1
"z[22,4]",1,0,1,1,1,1,1,NA,1,0,1
"z[23,4]",1,0,1,1,1,1,1,NA,1,0,1
"z[24,4]",1,0,1,1,1,1,1,NA,1,0,1
"z[25,4]",1,0,1,1,1,1,1,NA,1,0,1
"z[26,4]",1,0,1,1,1,1,1,NA,1,0,1
"z[27,4]",1,0,1,1,1,1,1,NA,1,0,1
"z[28,4]",0.812,0.390755589973834,0,1,1,1,1,1.00072218163223,3095,1,1
"z[29,4]",0.0717777777777778,0.258148285687458,0,0,0,0,1,1.0027581201581,2415,1,1
"z[30,4]",0.116888888888889,0.321323545239986,0,0,0,0,1,1.00216301798567,1945,1,1
"z[31,4]",1,0,1,1,1,1,1,NA,1,0,1
"z[32,4]",1,0,1,1,1,1,1,NA,1,0,1
"z[33,4]",1,0,1,1,1,1,1,NA,1,0,1
"z[34,4]",1,0,1,1,1,1,1,NA,1,0,1
"z[35,4]",1,0,1,1,1,1,1,NA,1,0,1
"z[36,4]",1,0,1,1,1,1,1,NA,1,0,1
"z[37,4]",1,0,1,1,1,1,1,NA,1,0,1
"z[38,4]",1,0,1,1,1,1,1,NA,1,0,1
"z[39,4]",1,0,1,1,1,1,1,NA,1,0,1
"z[40,4]",1,0,1,1,1,1,1,NA,1,0,1
"z[41,4]",0.434888888888889,0.49579750786278,0,0,0,1,1,0.999926990059281,4500,1,1
"z[42,4]",1,0,1,1,1,1,1,NA,1,0,1
"z[43,4]",1,0,1,1,1,1,1,NA,1,0,1
"z[44,4]",1,0,1,1,1,1,1,NA,1,0,1
"z[45,4]",0.0135555555555556,0.115649360747383,0,0,0,0,0,1.02067426893636,1726,1,1
"z[46,4]",0.0446666666666667,0.206593901727913,0,0,0,0,1,0.999829250687123,4500,1,1
"z[47,4]",0.725777777777778,0.44617107989607,0,0,1,1,1,1.00050119529254,3011,1,1
"z[48,4]",0.829555555555556,0.376064573555185,0,1,1,1,1,1.00015674415883,4500,1,1
"z[49,4]",0.812888888888889,0.390044037056583,0,1,1,1,1,0.999898124584501,4500,1,1
"z[50,4]",0.847333333333333,0.359705863884651,0,1,1,1,1,0.999945726171081,4500,1,1
"z[51,4]",0.815777777777778,0.387708394308229,0,1,1,1,1,1.00033759135868,4500,1,1
"z[52,4]",0.872444444444444,0.333631340448452,0,1,1,1,1,1.00021817542052,4500,1,1
"z[53,4]",0.829333333333333,0.376259240127448,0,1,1,1,1,1.00143935448709,1987,1,1
"z[54,4]",1,0,1,1,1,1,1,NA,1,0,1
"z[55,4]",1,0,1,1,1,1,1,NA,1,0,1
"z[56,4]",1,0,1,1,1,1,1,NA,1,0,1
"z[57,4]",0.733777777777778,0.442030961496967,0,0,1,1,1,1.00036818551888,3650,1,1
"z[58,4]",1,0,1,1,1,1,1,NA,1,0,1
"z[59,4]",1,0,1,1,1,1,1,NA,1,0,1
"z[60,4]",1,0,1,1,1,1,1,NA,1,0,1
"z[61,4]",1,0,1,1,1,1,1,NA,1,0,1
"z[62,4]",1,0,1,1,1,1,1,NA,1,0,1
"z[63,4]",0.253111111111111,0.434842380726248,0,0,0,1,1,0.999785314572198,4500,1,1
"z[64,4]",1,0,1,1,1,1,1,NA,1,0,1
"z[65,4]",1,0,1,1,1,1,1,NA,1,0,1
"z[66,4]",1,0,1,1,1,1,1,NA,1,0,1
"z[67,4]",1,0,1,1,1,1,1,NA,1,0,1
"z[68,4]",1,0,1,1,1,1,1,NA,1,0,1
"z[69,4]",1,0,1,1,1,1,1,NA,1,0,1
"z[70,4]",0.934666666666667,0.247140571093493,0,1,1,1,1,1.00069937244489,4500,1,1
"z[71,4]",0.102666666666667,0.303556748016748,0,0,0,0,1,1.00064152079138,4500,1,1
"z[72,4]",1,0,1,1,1,1,1,NA,1,0,1
"z[73,4]",0.323555555555556,0.46788460759682,0,0,0,1,1,0.999846333793311,4500,1,1
"z[74,4]",1,0,1,1,1,1,1,NA,1,0,1
"z[75,4]",0.857111111111111,0.349998394701315,0,1,1,1,1,1.00037067123417,4500,1,1
"z[76,4]",1,0,1,1,1,1,1,NA,1,0,1
"z[77,4]",1,0,1,1,1,1,1,NA,1,0,1
"z[78,4]",1,0,1,1,1,1,1,NA,1,0,1
"z[79,4]",1,0,1,1,1,1,1,NA,1,0,1
"z[80,4]",0.89,0.312924528267118,0,1,1,1,1,0.999968166929484,4500,1,1
"z[81,4]",0.370666666666667,0.483036995302483,0,0,0,1,1,1.00042133575358,2848,1,1
"z[82,4]",1,0,1,1,1,1,1,NA,1,0,1
"z[83,4]",1,0,1,1,1,1,1,NA,1,0,1
"z[84,4]",0.977777777777778,0.147421927362282,1,1,1,1,1,1.00003247709731,4500,0,1
"z[85,4]",0.989111111111111,0.103791690054186,1,1,1,1,1,1.01057023039737,4195,0,1
"z[86,4]",1,0,1,1,1,1,1,NA,1,0,1
"z[87,4]",1,0,1,1,1,1,1,NA,1,0,1
"z[88,4]",0.955333333333333,0.206593901727913,0,1,1,1,1,1.00031681850324,4500,1,1
"z[89,4]",0.842222222222222,0.364573020049094,0,1,1,1,1,0.999793933426632,4500,1,1
"z[90,4]",0.886,0.317846582996096,0,1,1,1,1,1.00395479929161,1159,1,1
"z[91,4]",1,0,1,1,1,1,1,NA,1,0,1
"z[92,4]",1,0,1,1,1,1,1,NA,1,0,1
"z[93,4]",1,0,1,1,1,1,1,NA,1,0,1
"z[94,4]",1,0,1,1,1,1,1,NA,1,0,1
"z[95,4]",1,0,1,1,1,1,1,NA,1,0,1
"z[96,4]",1,0,1,1,1,1,1,NA,1,0,1
"z[97,4]",1,0,1,1,1,1,1,NA,1,0,1
"z[98,4]",1,0,1,1,1,1,1,NA,1,0,1
"z[99,4]",1,0,1,1,1,1,1,NA,1,0,1
"z[100,4]",0.379333333333333,0.485275063325965,0,0,0,1,1,1.00015790057828,4331,1,1
"z[101,4]",1,0,1,1,1,1,1,NA,1,0,1
"z[102,4]",0.860444444444444,0.346563836545115,0,1,1,1,1,0.999729958292598,4500,1,1
"z[103,4]",0.830666666666667,0.375087749976273,0,1,1,1,1,1.00187199962427,1616,1,1
"z[104,4]",1,0,1,1,1,1,1,NA,1,0,1
"z[105,4]",0.893111111111111,0.309006267220739,0,1,1,1,1,1.00414060321562,1172,1,1
"z[106,4]",0.390444444444444,0.487904171281266,0,0,0,1,1,1.00186160096305,960,1,1
"z[107,4]",1,0,1,1,1,1,1,NA,1,0,1
"z[108,4]",1,0,1,1,1,1,1,NA,1,0,1
"z[109,4]",1,0,1,1,1,1,1,NA,1,0,1
"z[110,4]",1,0,1,1,1,1,1,NA,1,0,1
"z[111,4]",0.0673333333333333,0.250626243865736,0,0,0,0,1,1.000587195106,4500,1,1
"z[112,4]",1,0,1,1,1,1,1,NA,1,0,1
"z[113,4]",0.229777777777778,0.42073660196956,0,0,0,0,1,1.00043205185174,3684,1,1
"z[114,4]",1,0,1,1,1,1,1,NA,1,0,1
"z[115,4]",1,0,1,1,1,1,1,NA,1,0,1
"z[116,4]",1,0,1,1,1,1,1,NA,1,0,1
"z[117,4]",1,0,1,1,1,1,1,NA,1,0,1
"z[118,4]",1,0,1,1,1,1,1,NA,1,0,1
"z[119,4]",1,0,1,1,1,1,1,NA,1,0,1
"z[120,4]",1,0,1,1,1,1,1,NA,1,0,1
"z[121,4]",1,0,1,1,1,1,1,NA,1,0,1
"z[122,4]",1,0,1,1,1,1,1,NA,1,0,1
"z[123,4]",1,0,1,1,1,1,1,NA,1,0,1
"z[124,4]",0.524,0.499479168610191,0,0,1,1,1,1.00005373229057,4500,1,1
"z[125,4]",0.981333333333333,0.1353598679191,1,1,1,1,1,1.00164740862012,4500,0,1
"z[126,4]",1,0,1,1,1,1,1,NA,1,0,1
"z[127,4]",1,0,1,1,1,1,1,NA,1,0,1
"z[128,4]",1,0,1,1,1,1,1,NA,1,0,1
"z[129,4]",0.244,0.429540453404983,0,0,0,0,1,1.00009403134469,4500,1,1
"z[130,4]",1,0,1,1,1,1,1,NA,1,0,1
"z[131,4]",0.944,0.22994727692822,0,1,1,1,1,1.00276229967909,3051,1,1
"z[132,4]",0.947777777777778,0.222499579945098,0,1,1,1,1,1.00185178024996,4500,1,1
"z[133,4]",0.933777777777778,0.248697776589203,0,1,1,1,1,0.999847259378714,4500,1,1
"z[134,4]",1,0,1,1,1,1,1,NA,1,0,1
"z[135,4]",1,0,1,1,1,1,1,NA,1,0,1
"z[136,4]",1,0,1,1,1,1,1,NA,1,0,1
"z[137,4]",1,0,1,1,1,1,1,NA,1,0,1
"z[138,4]",1,0,1,1,1,1,1,NA,1,0,1
"z[139,4]",1,0,1,1,1,1,1,NA,1,0,1
"z[140,4]",0.631555555555556,0.482436375993536,0,0,1,1,1,0.999688951807531,4500,1,1
"z[141,4]",1,0,1,1,1,1,1,NA,1,0,1
"z[142,4]",0.868222222222222,0.338286602882318,0,1,1,1,1,1.00089292826266,3554,1,1
"z[143,4]",0.892222222222222,0.310134007193376,0,1,1,1,1,1.00086337203299,4348,1,1
"z[144,4]",0.858,0.349088929478717,0,1,1,1,1,0.999771416153739,4500,1,1
"z[145,4]",1,0,1,1,1,1,1,NA,1,0,1
"z[146,4]",1,0,1,1,1,1,1,NA,1,0,1
"z[147,4]",1,0,1,1,1,1,1,NA,1,0,1
"z[148,4]",1,0,1,1,1,1,1,NA,1,0,1
"z[149,4]",1,0,1,1,1,1,1,NA,1,0,1
"z[150,4]",0.910888888888889,0.284935717041694,0,1,1,1,1,1.00005196955863,4500,1,1
"z[151,4]",1,0,1,1,1,1,1,NA,1,0,1
"z[152,4]",1,0,1,1,1,1,1,NA,1,0,1
"z[153,4]",1,0,1,1,1,1,1,NA,1,0,1
"z[154,4]",0.606444444444444,0.488592498632741,0,0,1,1,1,0.9997983994852,4500,1,1
"z[155,4]",0.0855555555555556,0.279737720136869,0,0,0,0,1,1.00051848263999,4500,1,1
"z[156,4]",0.0588888888888889,0.235442787459719,0,0,0,0,1,1.00044483905711,4500,1,1
"z[157,4]",1,0,1,1,1,1,1,NA,1,0,1
"z[158,4]",0.004,0.0631259497363628,0,0,0,0,0,1.0178320753574,4500,1,1
"z[159,4]",0.002,0.0446815807032984,0,0,0,0,0,1.0512219283661,4492,1,1
"z[160,4]",0.0153333333333333,0.122888478420367,0,0,0,0,0,1.00257849375764,4500,1,1
"z[161,4]",0.873555555555556,0.332386519284506,0,1,1,1,1,1.00095594358685,3512,1,1
"z[162,4]",1,0,1,1,1,1,1,NA,1,0,1
"z[163,4]",1,0,1,1,1,1,1,NA,1,0,1
"z[164,4]",1,0,1,1,1,1,1,NA,1,0,1
"z[165,4]",1,0,1,1,1,1,1,NA,1,0,1
"z[166,4]",1,0,1,1,1,1,1,NA,1,0,1
"z[167,4]",1,0,1,1,1,1,1,NA,1,0,1
"z[168,4]",0.277111111111111,0.447621568717054,0,0,0,1,1,1.00011030426101,4500,1,1
"z[169,4]",1,0,1,1,1,1,1,NA,1,0,1
"z[170,4]",1,0,1,1,1,1,1,NA,1,0,1
"z[171,4]",0.498,0.500051564356009,0,0,0,1,1,1.00022300738798,3599,1,1
"z[172,4]",1,0,1,1,1,1,1,NA,1,0,1
"z[173,4]",1,0,1,1,1,1,1,NA,1,0,1
"z[174,4]",1,0,1,1,1,1,1,NA,1,0,1
"z[175,4]",1,0,1,1,1,1,1,NA,1,0,1
"z[176,4]",0.981333333333333,0.1353598679191,1,1,1,1,1,1.0031807643087,4500,0,1
"z[177,4]",0.0137777777777778,0.116580319235386,0,0,0,0,0,1.00537473746573,4500,1,1
"z[178,4]",0.704222222222222,0.456442309208322,0,0,1,1,1,1.00055479484691,2703,1,1
"z[179,4]",0.752666666666667,0.431510061922995,0,1,1,1,1,1.00129792533652,1648,1,1
"z[180,4]",1,0,1,1,1,1,1,NA,1,0,1
"z[181,4]",1,0,1,1,1,1,1,NA,1,0,1
"z[182,4]",1,0,1,1,1,1,1,NA,1,0,1
"z[183,4]",1,0,1,1,1,1,1,NA,1,0,1
"z[184,4]",1,0,1,1,1,1,1,NA,1,0,1
"z[185,4]",1,0,1,1,1,1,1,NA,1,0,1
"z[186,4]",0.458444444444444,0.498325515976808,0,0,0,1,1,0.999692243449247,4500,1,1
"z[187,4]",0.912666666666667,0.282354278616482,0,1,1,1,1,1.0013761748643,3661,1,1
"z[188,4]",0.834222222222222,0.371922364665625,0,1,1,1,1,0.999791884485998,4500,1,1
"z[189,4]",1,0,1,1,1,1,1,NA,1,0,1
"z[190,4]",1,0,1,1,1,1,1,NA,1,0,1
"z[191,4]",0.351555555555556,0.4775090751966,0,0,0,1,1,1.00033999155199,3259,1,1
"z[192,4]",0.840888888888889,0.365820316837122,0,1,1,1,1,1.00021396297955,4500,1,1
"z[193,4]",1,0,1,1,1,1,1,NA,1,0,1
"z[194,4]",0.006,0.0772355205065475,0,0,0,0,0,1.01394634622296,4500,1,1
"z[195,4]",1,0,1,1,1,1,1,NA,1,0,1
"z[196,4]",1,0,1,1,1,1,1,NA,1,0,1
"z[197,4]",1,0,1,1,1,1,1,NA,1,0,1
"z[198,4]",0.0522222222222222,0.222499579945098,0,0,0,0,1,0.999827881385587,4500,1,1
"z[199,4]",1,0,1,1,1,1,1,NA,1,0,1
"z[200,4]",1,0,1,1,1,1,1,NA,1,0,1
"z[1,5]",1,0,1,1,1,1,1,NA,1,0,1
"z[2,5]",1,0,1,1,1,1,1,NA,1,0,1
"z[3,5]",1,0,1,1,1,1,1,NA,1,0,1
"z[4,5]",1,0,1,1,1,1,1,NA,1,0,1
"z[5,5]",1,0,1,1,1,1,1,NA,1,0,1
"z[6,5]",0.0635555555555556,0.243986630137708,0,0,0,0,1,1.0099219668489,809,1,1
"z[7,5]",0.969777777777778,0.171217271410598,0,1,1,1,1,1.00526406407369,3029,1,1
"z[8,5]",0.952444444444444,0.212847579895609,0,1,1,1,1,0.999895197596661,4500,1,1
"z[9,5]",0.977333333333333,0.148855006121055,1,1,1,1,1,1.00282032396618,4500,0,1
"z[10,5]",0.968222222222222,0.175427447850631,0,1,1,1,1,1.00289141141622,4500,1,1
"z[11,5]",1,0,1,1,1,1,1,NA,1,0,1
"z[12,5]",1,0,1,1,1,1,1,NA,1,0,1
"z[13,5]",1,0,1,1,1,1,1,NA,1,0,1
"z[14,5]",1,0,1,1,1,1,1,NA,1,0,1
"z[15,5]",0.353111111111111,0.477989985685628,0,0,0,1,1,1.00033822629051,3265,1,1
"z[16,5]",0.925555555555556,0.26252196898347,0,1,1,1,1,1.00045060731833,4500,1,1
"z[17,5]",0.784222222222222,0.411406539438781,0,1,1,1,1,1.00014678674119,4500,1,1
"z[18,5]",0.184222222222222,0.387708394308229,0,0,0,0,1,1.00280801891605,1056,1,1
"z[19,5]",1,0,1,1,1,1,1,NA,1,0,1
"z[20,5]",0.931111111111111,0.253293243280298,0,1,1,1,1,1.00264674189505,2604,1,1
"z[21,5]",0.820666666666667,0.383673821422209,0,1,1,1,1,1.00000851973695,4500,1,1
"z[22,5]",0.884222222222222,0.319993810293055,0,1,1,1,1,0.999852539869784,4500,1,1
"z[23,5]",1,0,1,1,1,1,1,NA,1,0,1
"z[24,5]",1,0,1,1,1,1,1,NA,1,0,1
"z[25,5]",0.936888888888889,0.243189722775225,0,1,1,1,1,0.999800711191138,4500,1,1
"z[26,5]",0.908666666666667,0.288114564405752,0,1,1,1,1,1.00163053963639,3062,1,1
"z[27,5]",0.926,0.261799982697114,0,1,1,1,1,1.00015555913268,4500,1,1
"z[28,5]",1,0,1,1,1,1,1,NA,1,0,1
"z[29,5]",0.15,0.357111102643182,0,0,0,0,1,1.00033475308278,4500,1,1
"z[30,5]",1,0,1,1,1,1,1,NA,1,0,1
"z[31,5]",1,0,1,1,1,1,1,NA,1,0,1
"z[32,5]",1,0,1,1,1,1,1,NA,1,0,1
"z[33,5]",1,0,1,1,1,1,1,NA,1,0,1
"z[34,5]",1,0,1,1,1,1,1,NA,1,0,1
"z[35,5]",1,0,1,1,1,1,1,NA,1,0,1
"z[36,5]",1,0,1,1,1,1,1,NA,1,0,1
"z[37,5]",0.927111111111111,0.259982920619994,0,1,1,1,1,1.00136984319361,4331,1,1
"z[38,5]",1,0,1,1,1,1,1,NA,1,0,1
"z[39,5]",1,0,1,1,1,1,1,NA,1,0,1
"z[40,5]",1,0,1,1,1,1,1,NA,1,0,1
"z[41,5]",0.556222222222222,0.49688421895399,0,0,1,1,1,1.0001546592939,4153,1,1
"z[42,5]",0.739111111111111,0.439168232300993,0,0,1,1,1,0.999719079027635,4500,1,1
"z[43,5]",1,0,1,1,1,1,1,NA,1,0,1
"z[44,5]",0.496222222222222,0.500041291421886,0,0,0,1,1,1.00026029835811,3374,1,1
"z[45,5]",0.0382222222222222,0.191753630840733,0,0,0,0,1,1.00099936400077,4500,1,1
"z[46,5]",1,0,1,1,1,1,1,NA,1,0,1
"z[47,5]",0.587777777777778,0.492289464688504,0,0,1,1,1,1.00006578896298,4500,1,1
"z[48,5]",0.837777777777778,0.368695512481717,0,1,1,1,1,0.99979615055774,4500,1,1
"z[49,5]",0.738222222222222,0.439651142234043,0,0,1,1,1,1.00012234272358,4500,1,1
"z[50,5]",1,0,1,1,1,1,1,NA,1,0,1
"z[51,5]",1,0,1,1,1,1,1,NA,1,0,1
"z[52,5]",0.801333333333333,0.399040859397038,0,1,1,1,1,1.00080337191635,2771,1,1
"z[53,5]",0.507777777777778,0.49999506060636,0,0,1,1,1,0.999938608623068,4500,1,1
"z[54,5]",0.808444444444444,0.393568858173293,0,1,1,1,1,0.999803418073271,4500,1,1
"z[55,5]",0.723111111111111,0.447510821813304,0,0,1,1,1,1.00070477525294,2404,1,1
"z[56,5]",0.0624444444444444,0.241987910285634,0,0,0,0,1,1.0025637031778,2943,1,1
"z[57,5]",1,0,1,1,1,1,1,NA,1,0,1
"z[58,5]",0.898888888888889,0.3015092968165,0,1,1,1,1,0.999884504473666,4500,1,1
"z[59,5]",1,0,1,1,1,1,1,NA,1,0,1
"z[60,5]",0.297333333333333,0.457135276030239,0,0,0,1,1,1.00101813281969,1773,1,1
"z[61,5]",1,0,1,1,1,1,1,NA,1,0,1
"z[62,5]",1,0,1,1,1,1,1,NA,1,0,1
"z[63,5]",1,0,1,1,1,1,1,NA,1,0,1
"z[64,5]",1,0,1,1,1,1,1,NA,1,0,1
"z[65,5]",0.799777777777778,0.400211040620324,0,1,1,1,1,1.00012364559625,4500,1,1
"z[66,5]",0.844888888888889,0.362050802214222,0,1,1,1,1,1.00267025727857,1275,1,1
"z[67,5]",0.814666666666667,0.388610921802413,0,1,1,1,1,1.00017267422484,4500,1,1
"z[68,5]",0.669333333333333,0.470505490679205,0,0,1,1,1,1.00018544593671,4357,1,1
"z[69,5]",1,0,1,1,1,1,1,NA,1,0,1
"z[70,5]",1,0,1,1,1,1,1,NA,1,0,1
"z[71,5]",1,0,1,1,1,1,1,NA,1,0,1
"z[72,5]",1,0,1,1,1,1,1,NA,1,0,1
"z[73,5]",1,0,1,1,1,1,1,NA,1,0,1
"z[74,5]",1,0,1,1,1,1,1,NA,1,0,1
"z[75,5]",1,0,1,1,1,1,1,NA,1,0,1
"z[76,5]",0.955111111111111,0.207083090060559,0,1,1,1,1,1.00368893410772,2885,1,1
"z[77,5]",1,0,1,1,1,1,1,NA,1,0,1
"z[78,5]",0.947333333333333,0.223391984327829,0,1,1,1,1,1.0004681622992,4500,1,1
"z[79,5]",1,0,1,1,1,1,1,NA,1,0,1
"z[80,5]",0.951777777777778,0.214259284678296,0,1,1,1,1,1.00073189785791,4500,1,1
"z[81,5]",0.277333333333333,0.447732177907764,0,0,0,1,1,0.999889736056664,4500,1,1
"z[82,5]",0.268888888888889,0.443431336484672,0,0,0,1,1,0.999755454136294,4500,1,1
"z[83,5]",0.872222222222222,0.333879303929952,0,1,1,1,1,0.99984740559438,4500,1,1
"z[84,5]",0.971777777777778,0.165625554658784,0,1,1,1,1,1.00477685145162,3538,1,1
"z[85,5]",1,0,1,1,1,1,1,NA,1,0,1
"z[86,5]",1,0,1,1,1,1,1,NA,1,0,1
"z[87,5]",1,0,1,1,1,1,1,NA,1,0,1
"z[88,5]",1,0,1,1,1,1,1,NA,1,0,1
"z[89,5]",1,0,1,1,1,1,1,NA,1,0,1
"z[90,5]",0.940444444444444,0.236687854568751,0,1,1,1,1,1.00132729319151,4500,1,1
"z[91,5]",1,0,1,1,1,1,1,NA,1,0,1
"z[92,5]",1,0,1,1,1,1,1,NA,1,0,1
"z[93,5]",1,0,1,1,1,1,1,NA,1,0,1
"z[94,5]",1,0,1,1,1,1,1,NA,1,0,1
"z[95,5]",1,0,1,1,1,1,1,NA,1,0,1
"z[96,5]",1,0,1,1,1,1,1,NA,1,0,1
"z[97,5]",1,0,1,1,1,1,1,NA,1,0,1
"z[98,5]",0.117777777777778,0.322380626329261,0,0,0,0,1,1.00302934284544,1426,1,1
"z[99,5]",1,0,1,1,1,1,1,NA,1,0,1
"z[100,5]",1,0,1,1,1,1,1,NA,1,0,1
"z[101,5]",1,0,1,1,1,1,1,NA,1,0,1
"z[102,5]",0.692888888888889,0.461347130241433,0,0,1,1,1,1.00011989093829,4500,1,1
"z[103,5]",0.716444444444444,0.450773731875036,0,0,1,1,1,0.999993931966154,4500,1,1
"z[104,5]",1,0,1,1,1,1,1,NA,1,0,1
"z[105,5]",0.951777777777778,0.214259284678296,0,1,1,1,1,1.00458704947824,2209,1,1
"z[106,5]",0.0293333333333333,0.168757866791187,0,0,0,0,1,1.00357744154928,4471,1,1
"z[107,5]",1,0,1,1,1,1,1,NA,1,0,1
"z[108,5]",1,0,1,1,1,1,1,NA,1,0,1
"z[109,5]",1,0,1,1,1,1,1,NA,1,0,1
"z[110,5]",0.463777777777778,0.498741643428666,0,0,0,1,1,1.00023755805996,3525,1,1
"z[111,5]",0.320888888888889,0.46687005379598,0,0,0,1,1,0.99995453151441,4500,1,1
"z[112,5]",0.475555555555556,0.49945761003876,0,0,0,1,1,1.00050405708824,2398,1,1
"z[113,5]",0.410222222222222,0.491928579166795,0,0,0,1,1,1.00051960477329,2430,1,1
"z[114,5]",1,0,1,1,1,1,1,NA,1,0,1
"z[115,5]",1,0,1,1,1,1,1,NA,1,0,1
"z[116,5]",1,0,1,1,1,1,1,NA,1,0,1
"z[117,5]",1,0,1,1,1,1,1,NA,1,0,1
"z[118,5]",0.297111111111111,0.457036669319395,0,0,0,1,1,0.999881322927147,4500,1,1
"z[119,5]",1,0,1,1,1,1,1,NA,1,0,1
"z[120,5]",0.939333333333333,0.238744400231546,0,1,1,1,1,1.00055608864112,4500,1,1
"z[121,5]",1,0,1,1,1,1,1,NA,1,0,1
"z[122,5]",0.839111111111111,0.367469266471889,0,1,1,1,1,0.999789870816363,4500,1,1
"z[123,5]",0.714888888888889,0.451517518428169,0,0,1,1,1,0.999820634644268,4500,1,1
"z[124,5]",0.77,0.420879275212238,0,1,1,1,1,1.00186779115671,1285,1,1
"z[125,5]",1,0,1,1,1,1,1,NA,1,0,1
"z[126,5]",0.586666666666667,0.492486332080458,0,0,1,1,1,1.00092058716351,1649,1,1
"z[127,5]",0.550444444444444,0.497504130964745,0,0,1,1,1,0.999986561748517,4500,1,1
"z[128,5]",0.782666666666667,0.412477107072181,0,1,1,1,1,0.999697307477732,4500,1,1
"z[129,5]",0.766666666666667,0.422999587247188,0,1,1,1,1,1.00044872396953,3584,1,1
"z[130,5]",0.461777777777778,0.498592323353723,0,0,0,1,1,1.0000388470391,4500,1,1
"z[131,5]",1,0,1,1,1,1,1,NA,1,0,1
"z[132,5]",1,0,1,1,1,1,1,NA,1,0,1
"z[133,5]",1,0,1,1,1,1,1,NA,1,0,1
"z[134,5]",0.813777777777778,0.389329153792569,0,1,1,1,1,0.999706384577035,4500,1,1
"z[135,5]",0.828222222222222,0.377229102086146,0,1,1,1,1,0.999905965701133,4500,1,1
"z[136,5]",0.782444444444444,0.412629339745095,0,1,1,1,1,0.999943820567379,4500,1,1
"z[137,5]",0.819111111111111,0.384968871895082,0,1,1,1,1,1.00018620712052,4500,1,1
"z[138,5]",1,0,1,1,1,1,1,NA,1,0,1
"z[139,5]",0.969555555555556,0.171825903655918,0,1,1,1,1,1.00717478574468,2231,1,1
"z[140,5]",1,0,1,1,1,1,1,NA,1,0,1
"z[141,5]",1,0,1,1,1,1,1,NA,1,0,1
"z[142,5]",0.754888888888889,0.430200861930551,0,1,1,1,1,1.00135632470484,1597,1,1
"z[143,5]",0.826444444444444,0.378768934845247,0,1,1,1,1,0.9997756954421,4500,1,1
"z[144,5]",0.649333333333333,0.477231774616603,0,0,1,1,1,1.00013385185125,4500,1,1
"z[145,5]",1,0,1,1,1,1,1,NA,1,0,1
"z[146,5]",1,0,1,1,1,1,1,NA,1,0,1
"z[147,5]",1,0,1,1,1,1,1,NA,1,0,1
"z[148,5]",0.426222222222222,0.494581841104253,0,0,0,1,1,0.999965479171962,4500,1,1
"z[149,5]",1,0,1,1,1,1,1,NA,1,0,1
"z[150,5]",1,0,1,1,1,1,1,NA,1,0,1
"z[151,5]",0.924666666666667,0.26395777175116,0,1,1,1,1,1.00039759348399,4500,1,1
"z[152,5]",0.987777777777778,0.109888684384328,1,1,1,1,1,1.00034316805913,4500,0,1
"z[153,5]",1,0,1,1,1,1,1,NA,1,0,1
"z[154,5]",0.904666666666667,0.293707437222326,0,1,1,1,1,0.999736263123547,4500,1,1
"z[155,5]",0.639111111111111,0.480311737615324,0,0,1,1,1,0.999767366663538,4500,1,1
"z[156,5]",0.0146666666666667,0.120227982292648,0,0,0,0,0,1.00214145354259,4500,1,1
"z[157,5]",0.489777777777778,0.499951048454553,0,0,0,1,1,0.999856824546092,4500,1,1
"z[158,5]",0.00177777777777778,0.0421308880870312,0,0,0,0,0,1.05041941929871,4500,1,1
"z[159,5]",0.000444444444444444,0.0210795079890303,0,0,0,0,0,1.10528646876281,4500,1,1
"z[160,5]",0.00955555555555555,0.0972951722699289,0,0,0,0,0,1.02622782813597,1918,1,1
"z[161,5]",0.790444444444444,0.407036659542908,0,1,1,1,1,1.0002063282568,4500,1,1
"z[162,5]",1,0,1,1,1,1,1,NA,1,0,1
"z[163,5]",1,0,1,1,1,1,1,NA,1,0,1
"z[164,5]",1,0,1,1,1,1,1,NA,1,0,1
"z[165,5]",1,0,1,1,1,1,1,NA,1,0,1
"z[166,5]",1,0,1,1,1,1,1,NA,1,0,1
"z[167,5]",0.0126666666666667,0.111843649799372,0,0,0,0,0,1.01764883949428,2166,1,1
"z[168,5]",0.486888888888889,0.499883614915158,0,0,0,1,1,0.999954301335915,4500,1,1
"z[169,5]",0.924666666666667,0.26395777175116,0,1,1,1,1,1.00191534572186,3178,1,1
"z[170,5]",1,0,1,1,1,1,1,NA,1,0,1
"z[171,5]",1,0,1,1,1,1,1,NA,1,0,1
"z[172,5]",0.910222222222222,0.285894896643156,0,1,1,1,1,1.00021366554658,4500,1,1
"z[173,5]",0.956444444444444,0.20412674648623,0,1,1,1,1,1.00181083190866,4500,1,1
"z[174,5]",0.560222222222222,0.496415194911033,0,0,1,1,1,1.00064912813365,2069,1,1
"z[175,5]",1,0,1,1,1,1,1,NA,1,0,1
"z[176,5]",1,0,1,1,1,1,1,NA,1,0,1
"z[177,5]",0.0444444444444444,0.206103312651472,0,0,0,0,1,1.00033695483211,4500,1,1
"z[178,5]",0.702,0.457430320740725,0,0,1,1,1,0.999803694440055,4500,1,1
"z[179,5]",0.685333333333333,0.464434590416437,0,0,1,1,1,1.00018292073501,4494,1,1
"z[180,5]",0.866666666666667,0.339972411050686,0,1,1,1,1,0.999772054537644,4500,1,1
"z[181,5]",0.827111111111111,0.378193211805201,0,1,1,1,1,0.999870875178673,4500,1,1
"z[182,5]",0.714888888888889,0.451517518428169,0,0,1,1,1,1.00059410417129,2645,1,1
"z[183,5]",0.832888888888889,0.373116502618737,0,1,1,1,1,0.999881915919233,4500,1,1
"z[184,5]",1,0,1,1,1,1,1,NA,1,0,1
"z[185,5]",1,0,1,1,1,1,1,NA,1,0,1
"z[186,5]",1,0,1,1,1,1,1,NA,1,0,1
"z[187,5]",0.800666666666667,0.399543527048891,0,1,1,1,1,1.00054145006616,3592,1,1
"z[188,5]",0.882,0.322643972732636,0,1,1,1,1,1.00002238689722,4500,1,1
"z[189,5]",1,0,1,1,1,1,1,NA,1,0,1
"z[190,5]",1,0,1,1,1,1,1,NA,1,0,1
"z[191,5]",1,0,1,1,1,1,1,NA,1,0,1
"z[192,5]",0.742,0.437582621671684,0,0,1,1,1,1.00019056764417,4500,1,1
"z[193,5]",0.088,0.283326381812225,0,0,0,0,1,1.00572361145493,1025,1,1
"z[194,5]",0.000444444444444444,0.0210795079890303,0,0,0,0,0,1.10528646876281,4500,1,1
"z[195,5]",0.012,0.108897361089598,0,0,0,0,0,1.00176760598961,4500,1,1
"z[196,5]",1,0,1,1,1,1,1,NA,1,0,1
"z[197,5]",0.877777777777778,0.327578687942835,0,1,1,1,1,1.00008622439194,4500,1,1
"z[198,5]",0.203111111111111,0.402359247276006,0,0,0,0,1,0.999933056955285,4500,1,1
"z[199,5]",1,0,1,1,1,1,1,NA,1,0,1
"z[200,5]",1,0,1,1,1,1,1,NA,1,0,1
"z[1,6]",1,0,1,1,1,1,1,NA,1,0,1
"z[2,6]",1,0,1,1,1,1,1,NA,1,0,1
"z[3,6]",1,0,1,1,1,1,1,NA,1,0,1
"z[4,6]",1,0,1,1,1,1,1,NA,1,0,1
"z[5,6]",0.972222222222222,0.164353812079863,0,1,1,1,1,1.00775703354821,2270,1,1
"z[6,6]",0.901555555555556,0.297947752307987,0,1,1,1,1,1.00068279414499,4500,1,1
"z[7,6]",1,0,1,1,1,1,1,NA,1,0,1
"z[8,6]",1,0,1,1,1,1,1,NA,1,0,1
"z[9,6]",1,0,1,1,1,1,1,NA,1,0,1
"z[10,6]",1,0,1,1,1,1,1,NA,1,0,1
"z[11,6]",0.971777777777778,0.165625554658784,0,1,1,1,1,1.00303647267613,4500,1,1
"z[12,6]",1,0,1,1,1,1,1,NA,1,0,1
"z[13,6]",1,0,1,1,1,1,1,NA,1,0,1
"z[14,6]",1,0,1,1,1,1,1,NA,1,0,1
"z[15,6]",1,0,1,1,1,1,1,NA,1,0,1
"z[16,6]",0.965111111111111,0.183518768996536,0,1,1,1,1,1.00254932367502,4500,1,1
"z[17,6]",0.836444444444444,0.369912886638286,0,1,1,1,1,1.00103617598071,2675,1,1
"z[18,6]",0.104888888888889,0.306444249967912,0,0,0,0,1,1.0051814819196,959,1,1
"z[19,6]",0.52,0.499655360218754,0,0,1,1,1,0.99983189985585,4500,1,1
"z[20,6]",0.928,0.258516636409127,0,1,1,1,1,1.00296195239751,2267,1,1
"z[21,6]",0.924222222222222,0.264671632552429,0,1,1,1,1,1.0018157256403,3322,1,1
"z[22,6]",0.961111111111111,0.193351625166517,0,1,1,1,1,1.00506966330103,2466,1,1
"z[23,6]",0.954222222222222,0.209026032222424,0,1,1,1,1,0.999873424830535,4500,1,1
"z[24,6]",1,0,1,1,1,1,1,NA,1,0,1
"z[25,6]",0.926222222222222,0.261437958471522,0,1,1,1,1,1.00036985369565,4500,1,1
"z[26,6]",0.912888888888889,0.28202914935459,0,1,1,1,1,1.00232031687025,2373,1,1
"z[27,6]",0.924444444444444,0.26431503658815,0,1,1,1,1,1.00150978699677,3887,1,1
"z[28,6]",1,0,1,1,1,1,1,NA,1,0,1
"z[29,6]",0.745777777777778,0.435471497524474,0,0,1,1,1,1.00114510235067,1793,1,1
"z[30,6]",0.978222222222222,0.145973426820025,1,1,1,1,1,0.999884159844521,4500,0,1
"z[31,6]",0.966222222222222,0.180676765936377,0,1,1,1,1,1.00465616275465,3047,1,1
"z[32,6]",0.975777777777778,0.153755519169198,1,1,1,1,1,1.00966798925751,2091,0,1
"z[33,6]",1,0,1,1,1,1,1,NA,1,0,1
"z[34,6]",1,0,1,1,1,1,1,NA,1,0,1
"z[35,6]",1,0,1,1,1,1,1,NA,1,0,1
"z[36,6]",1,0,1,1,1,1,1,NA,1,0,1
"z[37,6]",1,0,1,1,1,1,1,NA,1,0,1
"z[38,6]",1,0,1,1,1,1,1,NA,1,0,1
"z[39,6]",0.974666666666667,0.15715293120877,0,1,1,1,1,1.00305629509103,4500,1,1
"z[40,6]",1,0,1,1,1,1,1,NA,1,0,1
"z[41,6]",0.301777777777778,0.45908036879609,0,0,0,1,1,1.00023911028641,4156,1,1
"z[42,6]",0.837111111111111,0.36930530304322,0,1,1,1,1,0.999994077480538,4500,1,1
"z[43,6]",0.926,0.261799982697114,0,1,1,1,1,1.0006750697851,4500,1,1
"z[44,6]",0.633333333333333,0.481947962575636,0,0,1,1,1,0.999980998812661,4500,1,1
"z[45,6]",0.402666666666667,0.490489229621105,0,0,0,1,1,1.00010598219761,4500,1,1
"z[46,6]",0.973555555555556,0.160470739436839,0,1,1,1,1,1.00304521431498,4500,1,1
"z[47,6]",0.642222222222222,0.47939953221348,0,0,1,1,1,1.00167693216208,1090,1,1
"z[48,6]",1,0,1,1,1,1,1,NA,1,0,1
"z[49,6]",0.820888888888889,0.383487941993863,0,1,1,1,1,1.00047437523297,4200,1,1
"z[50,6]",1,0,1,1,1,1,1,NA,1,0,1
"z[51,6]",0.937555555555556,0.241987910285634,0,1,1,1,1,1.00461380334905,1724,1,1
"z[52,6]",1,0,1,1,1,1,1,NA,1,0,1
"z[53,6]",0.12,0.324997649041713,0,0,0,0,1,0.99971311328169,4500,1,1
"z[54,6]",1,0,1,1,1,1,1,NA,1,0,1
"z[55,6]",0.832666666666667,0.373314691159151,0,1,1,1,1,1.00015198948195,4500,1,1
"z[56,6]",1,0,1,1,1,1,1,NA,1,0,1
"z[57,6]",1,0,1,1,1,1,1,NA,1,0,1
"z[58,6]",0.944444444444444,0.229086879157383,0,1,1,1,1,0.999729380028591,4500,1,1
"z[59,6]",1,0,1,1,1,1,1,NA,1,0,1
"z[60,6]",1,0,1,1,1,1,1,NA,1,0,1
"z[61,6]",0.281777777777778,0.449915597472985,0,0,0,1,1,1.00026294460225,4149,1,1
"z[62,6]",1,0,1,1,1,1,1,NA,1,0,1
"z[63,6]",1,0,1,1,1,1,1,NA,1,0,1
"z[64,6]",1,0,1,1,1,1,1,NA,1,0,1
"z[65,6]",1,0,1,1,1,1,1,NA,1,0,1
"z[66,6]",1,0,1,1,1,1,1,NA,1,0,1
"z[67,6]",1,0,1,1,1,1,1,NA,1,0,1
"z[68,6]",0.59,0.491887962349039,0,0,1,1,1,0.999948807430155,4500,1,1
"z[69,6]",1,0,1,1,1,1,1,NA,1,0,1
"z[70,6]",1,0,1,1,1,1,1,NA,1,0,1
"z[71,6]",1,0,1,1,1,1,1,NA,1,0,1
"z[72,6]",1,0,1,1,1,1,1,NA,1,0,1
"z[73,6]",1,0,1,1,1,1,1,NA,1,0,1
"z[74,6]",1,0,1,1,1,1,1,NA,1,0,1
"z[75,6]",1,0,1,1,1,1,1,NA,1,0,1
"z[76,6]",1,0,1,1,1,1,1,NA,1,0,1
"z[77,6]",1,0,1,1,1,1,1,NA,1,0,1
"z[78,6]",1,0,1,1,1,1,1,NA,1,0,1
"z[79,6]",1,0,1,1,1,1,1,NA,1,0,1
"z[80,6]",1,0,1,1,1,1,1,NA,1,0,1
"z[81,6]",0.806222222222222,0.395300740773805,0,1,1,1,1,1.00000135834713,4500,1,1
"z[82,6]",0.805111111111111,0.396159167375477,0,1,1,1,1,1.00237719449885,1177,1,1
"z[83,6]",0.939111111111111,0.239152967592038,0,1,1,1,1,1.00192978163513,3848,1,1
"z[84,6]",1,0,1,1,1,1,1,NA,1,0,1
"z[85,6]",1,0,1,1,1,1,1,NA,1,0,1
"z[86,6]",1,0,1,1,1,1,1,NA,1,0,1
"z[87,6]",1,0,1,1,1,1,1,NA,1,0,1
"z[88,6]",1,0,1,1,1,1,1,NA,1,0,1
"z[89,6]",0.964888888888889,0.18408109945566,0,1,1,1,1,1.00033230556492,4500,1,1
"z[90,6]",1,0,1,1,1,1,1,NA,1,0,1
"z[91,6]",1,0,1,1,1,1,1,NA,1,0,1
"z[92,6]",0.988666666666667,0.105864911172911,1,1,1,1,1,1.00377368174571,4500,0,1
"z[93,6]",1,0,1,1,1,1,1,NA,1,0,1
"z[94,6]",1,0,1,1,1,1,1,NA,1,0,1
"z[95,6]",0.962,0.191217481839897,0,1,1,1,1,1.00137992345751,4500,1,1
"z[96,6]",1,0,1,1,1,1,1,NA,1,0,1
"z[97,6]",1,0,1,1,1,1,1,NA,1,0,1
"z[98,6]",1,0,1,1,1,1,1,NA,1,0,1
"z[99,6]",1,0,1,1,1,1,1,NA,1,0,1
"z[100,6]",1,0,1,1,1,1,1,NA,1,0,1
"z[101,6]",1,0,1,1,1,1,1,NA,1,0,1
"z[102,6]",0.854888888888889,0.352251969758594,0,1,1,1,1,0.999937624041069,4500,1,1
"z[103,6]",0.812666666666667,0.390222236792799,0,1,1,1,1,1.0011028203922,2295,1,1
"z[104,6]",1,0,1,1,1,1,1,NA,1,0,1
"z[105,6]",1,0,1,1,1,1,1,NA,1,0,1
"z[106,6]",0.0135555555555556,0.115649360747383,0,0,0,0,0,1.01994482390608,1794,1,1
"z[107,6]",1,0,1,1,1,1,1,NA,1,0,1
"z[108,6]",1,0,1,1,1,1,1,NA,1,0,1
"z[109,6]",1,0,1,1,1,1,1,NA,1,0,1
"z[110,6]",0.0655555555555556,0.247531090191705,0,0,0,0,1,1.00299678477316,2443,1,1
"z[111,6]",0.0244444444444444,0.154441620272072,0,0,0,0,0,1.01263073095557,1589,1,1
"z[112,6]",0.136666666666667,0.343533280003382,0,0,0,0,1,1.00015084527797,4500,1,1
"z[113,6]",0.182666666666667,0.386435946321023,0,0,0,0,1,1.00164207434483,1703,1,1
"z[114,6]",1,0,1,1,1,1,1,NA,1,0,1
"z[115,6]",1,0,1,1,1,1,1,NA,1,0,1
"z[116,6]",1,0,1,1,1,1,1,NA,1,0,1
"z[117,6]",0.953333333333333,0.210947333488984,0,1,1,1,1,1.00428791020226,2423,1,1
"z[118,6]",0.452888888888889,0.497830912852555,0,0,0,1,1,1.0000170892308,4500,1,1
"z[119,6]",1,0,1,1,1,1,1,NA,1,0,1
"z[120,6]",0.930666666666667,0.25404835085059,0,1,1,1,1,1.00085825018524,4500,1,1
"z[121,6]",1,0,1,1,1,1,1,NA,1,0,1
"z[122,6]",1,0,1,1,1,1,1,NA,1,0,1
"z[123,6]",1,0,1,1,1,1,1,NA,1,0,1
"z[124,6]",1,0,1,1,1,1,1,NA,1,0,1
"z[125,6]",1,0,1,1,1,1,1,NA,1,0,1
"z[126,6]",1,0,1,1,1,1,1,NA,1,0,1
"z[127,6]",0.243555555555556,0.429275200077866,0,0,0,0,1,0.999702263729665,4500,1,1
"z[128,6]",1,0,1,1,1,1,1,NA,1,0,1
"z[129,6]",1,0,1,1,1,1,1,NA,1,0,1
"z[130,6]",0.0568888888888889,0.231655927287332,0,0,0,0,1,1.00196337271133,4055,1,1
"z[131,6]",1,0,1,1,1,1,1,NA,1,0,1
"z[132,6]",1,0,1,1,1,1,1,NA,1,0,1
"z[133,6]",0.958,0.200611423704479,0,1,1,1,1,1.00007807526744,4500,1,1
"z[134,6]",1,0,1,1,1,1,1,NA,1,0,1
"z[135,6]",1,0,1,1,1,1,1,NA,1,0,1
"z[136,6]",0.86,0.347025591999432,0,1,1,1,1,1.00060086175319,4442,1,1
"z[137,6]",1,0,1,1,1,1,1,NA,1,0,1
"z[138,6]",0.979333333333333,0.142281601882585,1,1,1,1,1,1.00522570434846,4408,0,1
"z[139,6]",0.981333333333333,0.1353598679191,1,1,1,1,1,1.00904231390084,2877,0,1
"z[140,6]",0.989777777777778,0.100598097789677,1,1,1,1,1,1.00635139093968,4500,0,1
"z[141,6]",0.990222222222222,0.0984089676386699,1,1,1,1,1,1.0092741039899,4500,0,1
"z[142,6]",1,0,1,1,1,1,1,NA,1,0,1
"z[143,6]",1,0,1,1,1,1,1,NA,1,0,1
"z[144,6]",0.161777777777778,0.368287753936293,0,0,0,0,1,1.00025153766015,4500,1,1
"z[145,6]",1,0,1,1,1,1,1,NA,1,0,1
"z[146,6]",1,0,1,1,1,1,1,NA,1,0,1
"z[147,6]",1,0,1,1,1,1,1,NA,1,0,1
"z[148,6]",1,0,1,1,1,1,1,NA,1,0,1
"z[149,6]",0.62,0.485440384797876,0,0,1,1,1,1.00051656357051,2498,1,1
"z[150,6]",0.976666666666667,0.15097666777369,1,1,1,1,1,1.00264748149874,4500,0,1
"z[151,6]",0.920666666666667,0.270288346355507,0,1,1,1,1,0.999847126166834,4500,1,1
"z[152,6]",1,0,1,1,1,1,1,NA,1,0,1
"z[153,6]",1,0,1,1,1,1,1,NA,1,0,1
"z[154,6]",0.914,0.28039520580441,0,1,1,1,1,0.999810308963406,4500,1,1
"z[155,6]",1,0,1,1,1,1,1,NA,1,0,1
"z[156,6]",0.0853333333333333,0.279408131952049,0,0,0,0,1,0.999995085747342,4500,1,1
"z[157,6]",1,0,1,1,1,1,1,NA,1,0,1
"z[158,6]",0.00244444444444444,0.0493863456663645,0,0,0,0,0,1.04969069831983,3799,1,1
"z[159,6]",0.00133333333333333,0.0364945409967103,0,0,0,0,0,1.03900028931154,4500,1,1
"z[160,6]",0.0555555555555556,0.229086879157383,0,0,0,0,1,1.0012088104987,4500,1,1
"z[161,6]",0.917111111111111,0.27574484166109,0,1,1,1,1,1.00184740839734,3013,1,1
"z[162,6]",0.972444444444444,0.163713783655141,0,1,1,1,1,1.00501794918885,3457,1,1
"z[163,6]",1,0,1,1,1,1,1,NA,1,0,1
"z[164,6]",1,0,1,1,1,1,1,NA,1,0,1
"z[165,6]",1,0,1,1,1,1,1,NA,1,0,1
"z[166,6]",1,0,1,1,1,1,1,NA,1,0,1
"z[167,6]",0.04,0.195980956294358,0,0,0,0,1,1.00480251812893,2518,1,1
"z[168,6]",0.616444444444444,0.486305711885601,0,0,1,1,1,0.999698853584886,4500,1,1
"z[169,6]",0.931111111111111,0.253293243280298,0,1,1,1,1,0.999780607481425,4500,1,1
"z[170,6]",1,0,1,1,1,1,1,NA,1,0,1
"z[171,6]",0.969777777777778,0.171217271410598,0,1,1,1,1,1.01628511199102,1009,1,1
"z[172,6]",1,0,1,1,1,1,1,NA,1,0,1
"z[173,6]",1,0,1,1,1,1,1,NA,1,0,1
"z[174,6]",0.85,0.357111102643182,0,1,1,1,1,0.999953239142314,4500,1,1
"z[175,6]",1,0,1,1,1,1,1,NA,1,0,1
"z[176,6]",0.566222222222222,0.495650290468821,0,0,1,1,1,0.999752935717426,4500,1,1
"z[177,6]",1,0,1,1,1,1,1,NA,1,0,1
"z[178,6]",0.754,0.430726395555701,0,1,1,1,1,0.999694583373306,4500,1,1
"z[179,6]",0.728888888888889,0.44458272527145,0,0,1,1,1,1.00009421368356,4500,1,1
"z[180,6]",1,0,1,1,1,1,1,NA,1,0,1
"z[181,6]",1,0,1,1,1,1,1,NA,1,0,1
"z[182,6]",1,0,1,1,1,1,1,NA,1,0,1
"z[183,6]",1,0,1,1,1,1,1,NA,1,0,1
"z[184,6]",1,0,1,1,1,1,1,NA,1,0,1
"z[185,6]",1,0,1,1,1,1,1,NA,1,0,1
"z[186,6]",1,0,1,1,1,1,1,NA,1,0,1
"z[187,6]",0.827777777777778,0.377615433769331,0,1,1,1,1,1.00261268584368,1197,1,1
"z[188,6]",1,0,1,1,1,1,1,NA,1,0,1
"z[189,6]",1,0,1,1,1,1,1,NA,1,0,1
"z[190,6]",1,0,1,1,1,1,1,NA,1,0,1
"z[191,6]",1,0,1,1,1,1,1,NA,1,0,1
"z[192,6]",0.767333333333333,0.422578479909467,0,1,1,1,1,1.00002867604834,4500,1,1
"z[193,6]",1,0,1,1,1,1,1,NA,1,0,1
"z[194,6]",0.00488888888888889,0.069757214702053,0,0,0,0,0,1.04174125794603,2292,1,1
"z[195,6]",0.0122222222222222,0.109888684384328,0,0,0,0,0,1.01816040040386,2184,1,1
"z[196,6]",1,0,1,1,1,1,1,NA,1,0,1
"z[197,6]",1,0,1,1,1,1,1,NA,1,0,1
"z[198,6]",1,0,1,1,1,1,1,NA,1,0,1
"z[199,6]",1,0,1,1,1,1,1,NA,1,0,1
"z[200,6]",1,0,1,1,1,1,1,NA,1,0,1
"z[1,7]",1,0,1,1,1,1,1,NA,1,0,1
"z[2,7]",1,0,1,1,1,1,1,NA,1,0,1
"z[3,7]",1,0,1,1,1,1,1,NA,1,0,1
"z[4,7]",1,0,1,1,1,1,1,NA,1,0,1
"z[5,7]",1,0,1,1,1,1,1,NA,1,0,1
"z[6,7]",1,0,1,1,1,1,1,NA,1,0,1
"z[7,7]",1,0,1,1,1,1,1,NA,1,0,1
"z[8,7]",1,0,1,1,1,1,1,NA,1,0,1
"z[9,7]",1,0,1,1,1,1,1,NA,1,0,1
"z[10,7]",1,0,1,1,1,1,1,NA,1,0,1
"z[11,7]",1,0,1,1,1,1,1,NA,1,0,1
"z[12,7]",1,0,1,1,1,1,1,NA,1,0,1
"z[13,7]",1,0,1,1,1,1,1,NA,1,0,1
"z[14,7]",1,0,1,1,1,1,1,NA,1,0,1
"z[15,7]",1,0,1,1,1,1,1,NA,1,0,1
"z[16,7]",0.962666666666667,0.189598375253176,0,1,1,1,1,1.00006751441396,4500,1,1
"z[17,7]",0.842666666666667,0.364155219964792,0,1,1,1,1,1.00278972071211,1212,1,1
"z[18,7]",0.318222222222222,0.465838022120859,0,0,0,1,1,0.99974582843623,4500,1,1
"z[19,7]",0.642666666666667,0.479267426453253,0,0,1,1,1,0.999794439824728,4500,1,1
"z[20,7]",0.904222222222222,0.294318950732983,0,1,1,1,1,1.00022173247597,4500,1,1
"z[21,7]",0.888,0.31540150006909,0,1,1,1,1,1.00121975159677,3229,1,1
"z[22,7]",0.939777777777778,0.237924537926314,0,1,1,1,1,1.00129310030094,4500,1,1
"z[23,7]",0.938,0.241182350987992,0,1,1,1,1,1.00012593917502,4500,1,1
"z[24,7]",0.946666666666667,0.224722297816234,0,1,1,1,1,1.0004801330403,4500,1,1
"z[25,7]",0.906888888888889,0.290620372706953,0,1,1,1,1,1.00139529800002,3428,1,1
"z[26,7]",0.891333333333333,0.31125512213583,0,1,1,1,1,1.00177579945023,2441,1,1
"z[27,7]",0.898444444444444,0.302096516371218,0,1,1,1,1,0.999953930017742,4500,1,1
"z[28,7]",1,0,1,1,1,1,1,NA,1,0,1
"z[29,7]",1,0,1,1,1,1,1,NA,1,0,1
"z[30,7]",0.948666666666667,0.220701260655139,0,1,1,1,1,1.00004085995931,4500,1,1
"z[31,7]",0.932444444444444,0.251009569058353,0,1,1,1,1,1.00244256308639,2848,1,1
"z[32,7]",0.948222222222222,0.221602690281563,0,1,1,1,1,1.00213309837744,4126,1,1
"z[33,7]",1,0,1,1,1,1,1,NA,1,0,1
"z[34,7]",1,0,1,1,1,1,1,NA,1,0,1
"z[35,7]",1,0,1,1,1,1,1,NA,1,0,1
"z[36,7]",1,0,1,1,1,1,1,NA,1,0,1
"z[37,7]",1,0,1,1,1,1,1,NA,1,0,1
"z[38,7]",1,0,1,1,1,1,1,NA,1,0,1
"z[39,7]",1,0,1,1,1,1,1,NA,1,0,1
"z[40,7]",1,0,1,1,1,1,1,NA,1,0,1
"z[41,7]",0.634888888888889,0.481514809038625,0,0,1,1,1,1.00019123171351,4115,1,1
"z[42,7]",0.781111111111111,0.413539050686171,0,1,1,1,1,1.00049066251954,3559,1,1
"z[43,7]",0.882888888888889,0.321588371654486,0,1,1,1,1,0.999918334863301,4500,1,1
"z[44,7]",0.690888888888889,0.46217842955224,0,0,1,1,1,0.999787369142563,4500,1,1
"z[45,7]",0.538444444444444,0.49857523412558,0,0,1,1,1,1.00144431666551,1137,1,1
"z[46,7]",0.943111111111111,0.231655927287332,0,1,1,1,1,1.00111395019141,4500,1,1
"z[47,7]",0.595555555555556,0.490838745592183,0,0,1,1,1,1.00067113570455,2074,1,1
"z[48,7]",1,0,1,1,1,1,1,NA,1,0,1
"z[49,7]",0.796,0.403013763231578,0,1,1,1,1,1.00114091701612,2097,1,1
"z[50,7]",0.268222222222222,0.443083162614667,0,0,0,1,1,0.999751898003788,4500,1,1
"z[51,7]",1,0,1,1,1,1,1,NA,1,0,1
"z[52,7]",1,0,1,1,1,1,1,NA,1,0,1
"z[53,7]",0.048,0.213789983216616,0,0,0,0,1,1.00731212279381,1422,1,1
"z[54,7]",1,0,1,1,1,1,1,NA,1,0,1
"z[55,7]",0.780888888888889,0.413690056794411,0,1,1,1,1,1.00011477248564,4500,1,1
"z[56,7]",1,0,1,1,1,1,1,NA,1,0,1
"z[57,7]",0.938222222222222,0.240778252960813,0,1,1,1,1,0.999982696404096,4500,1,1
"z[58,7]",1,0,1,1,1,1,1,NA,1,0,1
"z[59,7]",1,0,1,1,1,1,1,NA,1,0,1
"z[60,7]",1,0,1,1,1,1,1,NA,1,0,1
"z[61,7]",0.0748888888888889,0.263241224560606,0,0,0,0,1,1.00013449323075,4500,1,1
"z[62,7]",0.266222222222222,0.442030961496967,0,0,0,1,1,1.00118090409042,1691,1,1
"z[63,7]",0.167777777777778,0.373710356413528,0,0,0,0,1,1.00065664107453,3607,1,1
"z[64,7]",1,0,1,1,1,1,1,NA,1,0,1
"z[65,7]",1,0,1,1,1,1,1,NA,1,0,1
"z[66,7]",0.163777777777778,0.370114925946038,0,0,0,0,1,1.00152588677318,1958,1,1
"z[67,7]",0.104666666666667,0.306157451280283,0,0,0,0,1,1.00233504863931,2003,1,1
"z[68,7]",0.0671111111111111,0.25024213410665,0,0,0,0,1,1.00014518036437,4500,1,1
"z[69,7]",1,0,1,1,1,1,1,NA,1,0,1
"z[70,7]",1,0,1,1,1,1,1,NA,1,0,1
"z[71,7]",1,0,1,1,1,1,1,NA,1,0,1
"z[72,7]",1,0,1,1,1,1,1,NA,1,0,1
"z[73,7]",1,0,1,1,1,1,1,NA,1,0,1
"z[74,7]",1,0,1,1,1,1,1,NA,1,0,1
"z[75,7]",1,0,1,1,1,1,1,NA,1,0,1
"z[76,7]",1,0,1,1,1,1,1,NA,1,0,1
"z[77,7]",1,0,1,1,1,1,1,NA,1,0,1
"z[78,7]",1,0,1,1,1,1,1,NA,1,0,1
"z[79,7]",1,0,1,1,1,1,1,NA,1,0,1
"z[80,7]",1,0,1,1,1,1,1,NA,1,0,1
"z[81,7]",1,0,1,1,1,1,1,NA,1,0,1
"z[82,7]",1,0,1,1,1,1,1,NA,1,0,1
"z[83,7]",1,0,1,1,1,1,1,NA,1,0,1
"z[84,7]",0.958444444444444,0.199593447150984,0,1,1,1,1,1.00437535056441,2654,1,1
"z[85,7]",0.958,0.200611423704479,0,1,1,1,1,1.00204135295183,4500,1,1
"z[86,7]",0.252222222222222,0.43433638419814,0,0,0,1,1,0.99983591178157,4500,1,1
"z[87,7]",1,0,1,1,1,1,1,NA,1,0,1
"z[88,7]",1,0,1,1,1,1,1,NA,1,0,1
"z[89,7]",1,0,1,1,1,1,1,NA,1,0,1
"z[90,7]",1,0,1,1,1,1,1,NA,1,0,1
"z[91,7]",1,0,1,1,1,1,1,NA,1,0,1
"z[92,7]",1,0,1,1,1,1,1,NA,1,0,1
"z[93,7]",1,0,1,1,1,1,1,NA,1,0,1
"z[94,7]",1,0,1,1,1,1,1,NA,1,0,1
"z[95,7]",0.933777777777778,0.248697776589203,0,1,1,1,1,1.00015680056807,4500,1,1
"z[96,7]",1,0,1,1,1,1,1,NA,1,0,1
"z[97,7]",1,0,1,1,1,1,1,NA,1,0,1
"z[98,7]",1,0,1,1,1,1,1,NA,1,0,1
"z[99,7]",1,0,1,1,1,1,1,NA,1,0,1
"z[100,7]",1,0,1,1,1,1,1,NA,1,0,1
"z[101,7]",1,0,1,1,1,1,1,NA,1,0,1
"z[102,7]",0.779111111111111,0.414891841242824,0,1,1,1,1,0.999917448311056,4500,1,1
"z[103,7]",0.770222222222222,0.42073660196956,0,1,1,1,1,1.00066172721531,2836,1,1
"z[104,7]",1,0,1,1,1,1,1,NA,1,0,1
"z[105,7]",1,0,1,1,1,1,1,NA,1,0,1
"z[106,7]",0.012,0.108897361089598,0,0,0,0,0,1.00645404186309,4500,1,1
"z[107,7]",1,0,1,1,1,1,1,NA,1,0,1
"z[108,7]",0.523111111111111,0.499521096378026,0,0,1,1,1,1.00050623355718,2392,1,1
"z[109,7]",1,0,1,1,1,1,1,NA,1,0,1
"z[110,7]",0.0288888888888889,0.167512855228826,0,0,0,0,1,1.00870040344414,1947,1,1
"z[111,7]",0.0111111111111111,0.104833661410201,0,0,0,0,0,1.02128608172593,2042,1,1
"z[112,7]",0.499111111111111,0.500054774604643,0,0,0,1,1,1.00001086585179,4500,1,1
"z[113,7]",1,0,1,1,1,1,1,NA,1,0,1
"z[114,7]",1,0,1,1,1,1,1,NA,1,0,1
"z[115,7]",1,0,1,1,1,1,1,NA,1,0,1
"z[116,7]",0.930222222222222,0.254800445248467,0,1,1,1,1,1.00062204322769,4500,1,1
"z[117,7]",0.921555555555556,0.268899575675426,0,1,1,1,1,1.00080606466905,4500,1,1
"z[118,7]",0.534222222222222,0.498882899180174,0,0,1,1,1,1.00006911966183,4500,1,1
"z[119,7]",1,0,1,1,1,1,1,NA,1,0,1
"z[120,7]",0.91,0.286213563699108,0,1,1,1,1,0.999876515879332,4500,1,1
"z[121,7]",1,0,1,1,1,1,1,NA,1,0,1
"z[122,7]",0.872444444444444,0.333631340448452,0,1,1,1,1,0.999991083441272,4500,1,1
"z[123,7]",0.794666666666667,0.403989881012978,0,1,1,1,1,1.0005851503671,3329,1,1
"z[124,7]",0.831777777777778,0.374105075074719,0,1,1,1,1,0.999671652987607,4500,1,1
"z[125,7]",1,0,1,1,1,1,1,NA,1,0,1
"z[126,7]",0.952666666666667,0.212374461172167,0,1,1,1,1,1.00101024504529,4500,1,1
"z[127,7]",1,0,1,1,1,1,1,NA,1,0,1
"z[128,7]",1,0,1,1,1,1,1,NA,1,0,1
"z[129,7]",0.179555555555556,0.383859482164201,0,0,0,0,1,1.0010437529573,2460,1,1
"z[130,7]",0.038,0.191217481839897,0,0,0,0,1,1.00082936360622,4500,1,1
"z[131,7]",1,0,1,1,1,1,1,NA,1,0,1
"z[132,7]",1,0,1,1,1,1,1,NA,1,0,1
"z[133,7]",1,0,1,1,1,1,1,NA,1,0,1
"z[134,7]",1,0,1,1,1,1,1,NA,1,0,1
"z[135,7]",0.847111111111111,0.35992035758183,0,1,1,1,1,0.999920029068204,4500,1,1
"z[136,7]",0.824,0.380862487938661,0,1,1,1,1,0.999987532758532,4500,1,1
"z[137,7]",1,0,1,1,1,1,1,NA,1,0,1
"z[138,7]",0.952,0.213789983216616,0,1,1,1,1,1.01316916487735,798,1,1
"z[139,7]",1,0,1,1,1,1,1,NA,1,0,1
"z[140,7]",1,0,1,1,1,1,1,NA,1,0,1
"z[141,7]",1,0,1,1,1,1,1,NA,1,0,1
"z[142,7]",1,0,1,1,1,1,1,NA,1,0,1
"z[143,7]",1,0,1,1,1,1,1,NA,1,0,1
"z[144,7]",0.0922222222222222,0.289371546504837,0,0,0,0,1,1.00118955943959,3916,1,1
"z[145,7]",0.961777777777778,0.191753630840733,0,1,1,1,1,1.01208615218174,1078,1,1
"z[146,7]",0.961333333333333,0.192820688042738,0,1,1,1,1,0.999880925640156,4500,1,1
"z[147,7]",1,0,1,1,1,1,1,NA,1,0,1
"z[148,7]",1,0,1,1,1,1,1,NA,1,0,1
"z[149,7]",0.698222222222222,0.45908036879609,0,0,1,1,1,0.999842452791084,4500,1,1
"z[150,7]",0.956222222222222,0.204623040065984,0,1,1,1,1,1.00195992322098,4500,1,1
"z[151,7]",0.907111111111111,0.290308925003992,0,1,1,1,1,0.999722261208773,4500,1,1
"z[152,7]",1,0,1,1,1,1,1,NA,1,0,1
"z[153,7]",1,0,1,1,1,1,1,NA,1,0,1
"z[154,7]",0.281111111111111,0.44959156205435,0,0,0,1,1,1.00049665482653,2990,1,1
"z[155,7]",1,0,1,1,1,1,1,NA,1,0,1
"z[156,7]",1,0,1,1,1,1,1,NA,1,0,1
"z[157,7]",1,0,1,1,1,1,1,NA,1,0,1
"z[158,7]",0.004,0.0631259497363628,0,0,0,0,0,1.03082188158496,3843,1,1
"z[159,7]",0.00266666666666667,0.0515766100016907,0,0,0,0,0,1.02969958135743,4500,1,1
"z[160,7]",0.0228888888888889,0.149565901047889,0,0,0,0,0,1.00295562442805,4500,1,1
"z[161,7]",0.862888888888889,0.344002836679547,0,1,1,1,1,1.00166637935195,2117,1,1
"z[162,7]",1,0,1,1,1,1,1,NA,1,0,1
"z[163,7]",1,0,1,1,1,1,1,NA,1,0,1
"z[164,7]",1,0,1,1,1,1,1,NA,1,0,1
"z[165,7]",1,0,1,1,1,1,1,NA,1,0,1
"z[166,7]",0.964,0.186310798705171,0,1,1,1,1,1.00156717793216,4500,1,1
"z[167,7]",0.491555555555556,0.499984243163838,0,0,0,1,1,0.999693087675839,4500,1,1
"z[168,7]",0.673333333333333,0.469046314805178,0,0,1,1,1,0.999856545247796,4500,1,1
"z[169,7]",0.910888888888889,0.284935717041694,0,1,1,1,1,0.999771537433504,4500,1,1
"z[170,7]",0.945555555555556,0.226917803425049,0,1,1,1,1,1.00126341691116,4500,1,1
"z[171,7]",1,0,1,1,1,1,1,NA,1,0,1
"z[172,7]",1,0,1,1,1,1,1,NA,1,0,1
"z[173,7]",1,0,1,1,1,1,1,NA,1,0,1
"z[174,7]",1,0,1,1,1,1,1,NA,1,0,1
"z[175,7]",1,0,1,1,1,1,1,NA,1,0,1
"z[176,7]",1,0,1,1,1,1,1,NA,1,0,1
"z[177,7]",1,0,1,1,1,1,1,NA,1,0,1
"z[178,7]",0.753111111111111,0.431249456176893,0,1,1,1,1,1.00026193665214,4500,1,1
"z[179,7]",0.703555555555556,0.456740072592966,0,0,1,1,1,0.999895629303031,4500,1,1
"z[180,7]",0.886,0.317846582996096,0,1,1,1,1,1.00036949879717,4500,1,1
"z[181,7]",1,0,1,1,1,1,1,NA,1,0,1
"z[182,7]",1,0,1,1,1,1,1,NA,1,0,1
"z[183,7]",1,0,1,1,1,1,1,NA,1,0,1
"z[184,7]",1,0,1,1,1,1,1,NA,1,0,1
"z[185,7]",1,0,1,1,1,1,1,NA,1,0,1
"z[186,7]",0.914,0.28039520580441,0,1,1,1,1,0.99982247648027,4500,1,1
"z[187,7]",0.805333333333333,0.395987880398553,0,1,1,1,1,1.00178760342384,1506,1,1
"z[188,7]",1,0,1,1,1,1,1,NA,1,0,1
"z[189,7]",0.107555555555556,0.309852696115214,0,0,0,0,1,1.00103745633482,3805,1,1
"z[190,7]",1,0,1,1,1,1,1,NA,1,0,1
"z[191,7]",1,0,1,1,1,1,1,NA,1,0,1
"z[192,7]",0.742222222222222,0.43745962320341,0,0,1,1,1,0.999717870170186,4500,1,1
"z[193,7]",0.851111111111111,0.356018474426563,0,1,1,1,1,1.00130982803451,2395,1,1
"z[194,7]",0.196444444444444,0.397352628229014,0,0,0,0,1,1.00060842507446,3369,1,1
"z[195,7]",0.267111111111111,0.442500031568708,0,0,0,1,1,1.00148624004477,1412,1,1
"z[196,7]",1,0,1,1,1,1,1,NA,1,0,1
"z[197,7]",1,0,1,1,1,1,1,NA,1,0,1
"z[198,7]",1,0,1,1,1,1,1,NA,1,0,1
"z[199,7]",1,0,1,1,1,1,1,NA,1,0,1
"z[200,7]",1,0,1,1,1,1,1,NA,1,0,1
"deviance",3953.73761129201,43.1368060868665,3874.36900655159,3924.51478597476,3951.86102301361,3982.25777394604,4039.66441422908,1.00017151715344,4500,0,1
