"parameter","mean","sd","2.5%","25%","50%","75%","97.5%","Rhat","n.eff","overlap0","f"
"a.psi[1]",-0.986564523365152,1.8062999457566,-4.23874500465136,-2.28185623637697,-1.07735244980728,0.2592987014873,2.70217436448019,1.00172939549282,1049,1,0.711777777777778
"a.psi[2]",-0.726663782943391,0.580488841531125,-1.93712964667853,-1.10049569666995,-0.715502312343017,-0.326026686765295,0.355573553647011,1.00042348854277,3529,1,0.902888888888889
"a.psi[3]",-1.53969957476104,0.46114366788231,-2.44755839829801,-1.83882302995806,-1.53138367509078,-1.22529534106572,-0.664864223116046,1.00002720736358,4500,0,0.999555555555556
"a.psi[4]",0.894440452236376,0.459989212726603,0.0409815320575832,0.583435711170209,0.879517497353835,1.20030468329861,1.8174078679366,1.00142065921581,1261,0,0.980444444444444
"a.psi[5]",0.187556914401692,0.427730903955273,-0.647443142236954,-0.095212113831196,0.192917013551157,0.467796546980687,1.04018444086008,1.00006361533602,4500,1,0.672666666666667
"b.psi.elev",-1.12837790598791,0.29773550386821,-1.74621382666277,-1.3225372729905,-1.11761405978481,-0.923336587780721,-0.58030180014601,1.00005199610332,4500,0,1
"b.psi.water",-0.502559852526227,0.2317353409541,-0.969368867210882,-0.652107224760736,-0.493957120111195,-0.343820386845703,-0.0687456171892421,0.999890690976159,4500,0,0.988222222222222
"a.gam[1]",-0.403183227367363,1.60531353066485,-3.16322627587045,-1.59670674717113,-0.518015052696881,0.64459025822422,2.98508337672879,1.00038846644541,3266,1,0.617777777777778
"a.gam[2]",-0.446879748223323,0.325541679917213,-1.06812150054196,-0.656080258126016,-0.449906615140781,-0.248572656159612,0.209628100917878,1.00048733810136,2802,1,0.920222222222222
"a.gam[3]",-3.21467854485076,0.444458496721184,-4.14614600605334,-3.48996378738465,-3.20024268703057,-2.91357788915348,-2.39386271920477,1.00077689965749,1806,0,1
"a.gam[4]",-0.33007846301328,0.31334898369698,-0.922221889322162,-0.534097160563457,-0.3300600381943,-0.139715008853849,0.318250469693769,1.00134017494833,4500,1,0.869333333333333
"a.gam[5]",-0.944881957075664,0.379952021985165,-1.69307475543354,-1.18191366368278,-0.943980953229817,-0.702187163967442,-0.209807602362135,1.00281042761309,793,0,0.992
"b.gam.elev",-0.611904113830164,0.19483005894792,-0.996810119543854,-0.741815184431043,-0.611443300921713,-0.476789199580764,-0.238455201615929,1.00070892179488,2983,0,0.999333333333333
"b.gam.water",-0.0372481946106939,0.15492760125556,-0.344615695210904,-0.13817696946625,-0.0353570771903362,0.0637352356897942,0.266898384448267,1.00086198731636,2707,1,0.598444444444444
"b.gam.road",-0.0341404788053139,0.158549156589515,-0.340227280179717,-0.141462800956114,-0.0354082611082642,0.0740478160747109,0.27827995214208,1.00000773323026,4500,1,0.588888888888889
"b.gam.harv",-0.224000535002048,0.135013950342897,-0.488836472778236,-0.314491162513934,-0.22500093315346,-0.133014433476478,0.0412736755949167,1.00015140521069,4413,1,0.953555555555556
"a.phi[1]",-0.233003505300411,1.68551781439066,-3.58321511471005,-1.35369579125659,-0.21389334417796,0.903329010515546,3.06061769478542,1.00361142352798,566,1,0.550222222222222
"a.phi[2]",2.14651513743597,0.508209133732729,1.10953572551453,1.8200250897239,2.1490254345493,2.48807925060967,3.1241705591407,0.999820678749557,4500,0,0.999777777777778
"a.phi[3]",1.28033072492283,0.756067891194257,-0.146604650537488,0.766847419483365,1.26385040033221,1.76529241523599,2.85126747962686,1.00081998402444,1817,1,0.961777777777778
"a.phi[4]",0.865954848424828,0.477646231571293,-0.174418543088608,0.576026923385512,0.883991639726468,1.18331663667433,1.72990432812287,1.00032555111532,4500,1,0.958888888888889
"a.phi[5]",1.30334612103222,0.569157448022419,0.16147334470101,0.939925948319696,1.29538668173139,1.67403530181265,2.41962872789564,1.00034496116354,4500,0,0.985555555555556
"b.phi.elev",-1.97421495354214,0.345426755438396,-2.6979014018732,-2.19614658275551,-1.96269482000218,-1.73555066627741,-1.33535016752913,1.00074500688341,2301,0,1
"b.phi.water",-0.390626634294047,0.246262393920411,-0.895505133776573,-0.555470140842899,-0.381047420069627,-0.222733137722371,0.0715942419441982,1.00021794696741,4500,1,0.952666666666667
"b.phi.road",0.526719317229768,0.229602233086791,0.0804791434337215,0.366572258792928,0.525826627635009,0.675036819058663,0.990924687721896,1.00007634360319,4500,0,0.991555555555556
"b.phi.harv",0.549694603266381,0.266048064328759,0.0350163818101387,0.36909121366919,0.54785909266562,0.725628460693885,1.06619024532827,1.00064332755342,2492,0,0.983777777777778
"a.p",0.629357317356126,0.117195149886406,0.393093410480228,0.563473162000911,0.629509245013965,0.694277317268706,0.864656091839337,1.00177135349794,1033,0,1
"b.p.ak",-3.92752558856993,0.560450280335266,-4.88259098150359,-4.29398057340286,-3.97028646264701,-3.62855748435593,-2.62654201564994,1.0015869401016,3081,0,1
"b.p.clutter",0.0791294000404685,0.0522505068209795,-0.021035754423326,0.0435718707599766,0.0790892663216154,0.114454493769586,0.181911714875861,1.00019351216371,4500,1,0.936444444444444
"b.p.temp",0.0844991472114076,0.0593070389628036,-0.0301079832530331,0.0433551341858643,0.0832360839301725,0.124259708526215,0.202682549162821,1.00005085028933,4500,1,0.926
"b.p.julian",0.0997197276925005,0.0524576419700356,-0.00479031029740341,0.0645537724433834,0.0996987017142741,0.134983744426845,0.202270405043758,0.999792947853815,4500,1,0.970666666666667
"sigma.gam",0.258948283872767,0.247489164953004,0.00955594726679948,0.0923927881757503,0.192914572661507,0.349978076804965,0.904449609634483,1.01071824193519,579,0,1
"sigma.phi",0.648413881134104,0.492040171780375,0.0333862671498858,0.296992677275954,0.547744425935498,0.867664880776094,1.89301723686357,1.00079380148228,4500,0,1
"sigma.p",0.223810791167174,0.139122682149728,0.027983371803699,0.135858187001269,0.203352875642486,0.282840797922571,0.544657316812093,1.01046100674517,4500,0,1
"eps.gam[1]",-0.173931623179147,0.298922766233594,-0.920067235177091,-0.281112862341791,-0.0851826994736689,0.0024265010165247,0.204417528410448,1.01319845393955,458,1,0.735777777777778
"eps.gam[2]",-0.12602713902233,0.260418652063968,-0.826716610887287,-0.222908234741246,-0.0555302913214435,0.014582379136301,0.247129726389361,1.00137390434176,4364,1,0.68
"eps.gam[3]",-0.0151447826636617,0.231592732138649,-0.560706228171707,-0.0959823367839776,-1.45223808825557e-05,0.0889067516183909,0.423001956351038,1.00722858296013,4500,1,0.500222222222222
"eps.gam[4]",-0.00749306911912621,0.237107500169752,-0.556816663932918,-0.0951497406506632,0.000603514988747327,0.0979169800391104,0.461419335051894,1.00351854321427,4500,1,0.494444444444444
"eps.gam[5]",0.03743778888201,0.231360055667058,-0.481137815894342,-0.057147493894267,0.017365441316477,0.139654097576759,0.540796473428749,1.00122982083571,4500,1,0.573111111111111
"eps.gam[6]",0.0414388605250331,0.22956808166768,-0.40962792763409,-0.0554494412042247,0.0185406356186349,0.144367270360786,0.538747847248992,1.00551255771038,4500,1,0.576222222222222
"eps.phi[1]",-0.498849239244897,0.485139054123361,-1.52125413739423,-0.81521577607274,-0.450431499959257,-0.110300678177613,0.289847824442755,1.00317242631846,578,1,0.862666666666667
"eps.phi[2]",0.253968966015109,0.50148849766339,-0.559746586174473,-0.0480975491690001,0.150749556222759,0.491921063951848,1.51722033183849,0.99994542171067,4500,1,0.675111111111111
"eps.phi[3]",0.316594197321971,0.500936688624127,-0.447921821257704,-0.00685861762789661,0.192323781705909,0.56926732900437,1.56487840015931,1.00028730198037,4500,1,0.736222222222222
"eps.phi[4]",0.436562431732624,0.549837727390466,-0.335678454539347,0.0328868477096871,0.311233749889649,0.715548026629482,1.79526489810854,1.00124108401193,4500,1,0.798666666666667
"eps.phi[5]",0.237351222743537,0.465698479975136,-0.510975936603881,-0.0456656102150683,0.141888368812446,0.477691837922323,1.39684633904049,0.999951877750227,4500,1,0.676666666666667
"eps.phi[6]",0.30246955640234,0.491963386169864,-0.452789475563133,-0.0106534520322451,0.199543164045679,0.543959296875619,1.54161971114932,1.00198829293005,3933,1,0.727555555555556
"eps.p[1]",-0.254127632405523,0.18196788890555,-0.660653981437963,-0.366083519409524,-0.238101297223718,-0.118407960015282,0.0238836561468628,1.00123065428922,1885,1,0.95
"eps.p[2]",-0.117308369342129,0.156223423389224,-0.467006698059173,-0.207359134934532,-0.103195724863294,-0.0130778743505018,0.164587057727046,1.00137540215988,2513,1,0.790444444444444
"eps.p[3]",0.102988003364127,0.153710310567194,-0.17373063440603,0.00470224987261164,0.0857580684585941,0.191447811508778,0.455317291234674,1.00028922379657,3381,1,0.764
"eps.p[4]",0.102859926857393,0.14879790312779,-0.166925201037845,0.00963570239848876,0.0892634542080299,0.19190840862556,0.429877127245951,1.00163887575658,1081,1,0.779333333333333
"eps.p[5]",0.0212021745424995,0.148589427429304,-0.26656782368964,-0.0631441796584181,0.0141413870148962,0.102435846882358,0.339924122646857,1.00145495116395,1220,1,0.557333333333333
"eps.p[6]",0.0838962745221037,0.155239822844363,-0.206503383261782,-0.00987505643318281,0.068152130804605,0.173739113467397,0.432285948891592,1.00080340492667,2153,1,0.714666666666667
"eps.p[7]",0.0904470666272952,0.148546590746805,-0.176169015227292,-0.00434149036689273,0.077601066347497,0.176929019433588,0.416306496341647,1.00005354182729,4500,1,0.735777777777778
"psi.fs[1]",0.42164,0.0310116770986402,0.365,0.4,0.425,0.445,0.48,1.00150670794418,1179,0,1
"psi.fs[2]",0.403667777777778,0.0267996954852346,0.35,0.385,0.405,0.425,0.455,1.00044073577928,2721,0,1
"psi.fs[3]",0.452762222222222,0.0241766650071632,0.4,0.435,0.455,0.47,0.495,1.00027579116628,4500,0,1
"psi.fs[4]",0.49523,0.0220991469030611,0.445,0.48,0.5,0.51,0.53,1.000702200868,2238,0,1
"psi.fs[5]",0.518448888888889,0.022346128642637,0.47,0.505,0.52,0.535,0.555,1.00146712658505,3675,0,1
"psi.fs[6]",0.52392,0.0209981063721429,0.48,0.51,0.525,0.54,0.565,1.00050507762991,4500,0,1
"psi.fs[7]",0.535458888888889,0.0206066441724696,0.49,0.52,0.535,0.55,0.57,1.00073257228971,4500,0,1
"psi.surv[1]",0.45111268715524,0.0298332192139426,0.397163120567376,0.425531914893617,0.453900709219858,0.475177304964539,0.50354609929078,1.00194041126988,1061,0,1
"psi.surv[2]",0.435044444444444,0.0278589060023757,0.38,0.413333333333333,0.44,0.453333333333333,0.48,1.00029320721708,4112,0,1
"psi.surv[3]",0.501295751633987,0.0242342645429158,0.448529411764706,0.485294117647059,0.507352941176471,0.522058823529412,0.536764705882353,1.00003119776913,4500,0,1
"psi.surv[4]",0.508899930986887,0.020329627944935,0.46583850931677,0.496894409937888,0.515527950310559,0.521739130434783,0.540372670807453,1.00125671718076,2389,0,1
"psi.surv[5]",0.597801075268817,0.0248790446705605,0.540322580645161,0.580645161290323,0.604838709677419,0.612903225806452,0.637096774193548,1.00159092533199,2333,0,1
"psi.surv[6]",0.49960756501182,0.0194896501044541,0.453900709219858,0.48936170212766,0.50354609929078,0.51063829787234,0.531914893617021,1.00050583504702,4500,0,1
"psi.surv[7]",0.521570048309179,0.0151689790393454,0.492753623188406,0.514492753623188,0.521739130434783,0.528985507246377,0.550724637681159,1.00004553578235,4500,0,1
"n.occ[1]",84.328,6.20233541972805,73,80,85,89,96,1.00150670794418,1179,0,1
"n.occ[2]",80.7335555555556,5.35993909704693,70,77,81,85,91,1.00044073577928,2721,0,1
"n.occ[3]",90.5524444444444,4.83533300143263,80,87,91,94,99,1.00027579116628,4500,0,1
"n.occ[4]",99.046,4.41982938061223,89,96,100,102,106,1.000702200868,2238,0,1
"n.occ[5]",103.689777777778,4.46922572852739,94,101,104,107,111,1.00146712658505,3675,0,1
"n.occ[6]",104.784,4.19962127442857,96,102,105,108,113,1.00050507762991,4500,0,1
"n.occ[7]",107.091777777778,4.12132883449393,98,104,107,110,114,1.00073257228971,4500,0,1
"psi.reg[1,1]",0.530059259259259,0.315186793223406,0,0.266666666666667,0.533333333333333,0.8,1,1.00347182096342,539,1,1
"psi.reg[2,1]",0.194222222222222,0.0515831036576235,0.102564102564103,0.153846153846154,0.179487179487179,0.230769230769231,0.307692307692308,0.99998055863887,4500,0,1
"psi.reg[3,1]",0.213255555555556,0.0411100496336322,0.15,0.183333333333333,0.2,0.233333333333333,0.3,0.999954794802553,4500,0,1
"psi.reg[4,1]",0.566828282828283,0.0481634934921818,0.484848484848485,0.545454545454545,0.575757575757576,0.606060606060606,0.666666666666667,1.00283120975554,664,0,1
"psi.reg[5,1]",0.7038071278826,0.0334308827551565,0.641509433962264,0.679245283018868,0.69811320754717,0.716981132075472,0.773584905660377,0.999880695061411,4500,0,1
"psi.reg[1,2]",0.600518518518519,0.270942105689349,0.0666666666666667,0.4,0.6,0.8,1,0.999908788885201,4500,0,1
"psi.reg[2,2]",0.362524216524217,0.0352290996178517,0.307692307692308,0.333333333333333,0.358974358974359,0.384615384615385,0.435897435897436,1.00065427992043,2158,0,1
"psi.reg[3,2]",0.175866666666667,0.0264264014974666,0.133333333333333,0.15,0.166666666666667,0.183333333333333,0.233333333333333,1.00028309524845,4330,0,1
"psi.reg[4,2]",0.345535353535354,0.0351123391421866,0.303030303030303,0.333333333333333,0.333333333333333,0.363636363636364,0.424242424242424,0.999848895578781,4500,0,1
"psi.reg[5,2]",0.672314465408805,0.0322473125954332,0.60377358490566,0.641509433962264,0.679245283018868,0.69811320754717,0.735849056603774,1.00155411193039,1525,0,1
"psi.reg[1,3]",0.671688888888889,0.260219655952053,0.0666666666666667,0.466666666666667,0.733333333333333,0.866666666666667,1,1.00039800198537,4500,0,1
"psi.reg[2,3]",0.387874643874644,0.0342629052335581,0.333333333333333,0.358974358974359,0.384615384615385,0.41025641025641,0.461538461538462,1.0009618332134,1611,0,1
"psi.reg[3,3]",0.163037037037037,0.0238288935465575,0.116666666666667,0.15,0.166666666666667,0.183333333333333,0.216666666666667,1.00016666220065,4500,0,1
"psi.reg[4,3]",0.43003367003367,0.0296515901185535,0.393939393939394,0.393939393939394,0.424242424242424,0.454545454545455,0.484848484848485,1.00027671872637,3729,0,1
"psi.reg[5,3]",0.780691823899371,0.0225188403709376,0.735849056603774,0.773584905660377,0.773584905660377,0.792452830188679,0.811320754716981,0.999974973319608,4500,0,1
"psi.reg[1,4]",0.70157037037037,0.249630886258675,0.133333333333333,0.533333333333333,0.733333333333333,0.933333333333333,1,1.00093954563166,4500,0,1
"psi.reg[2,4]",0.440649572649573,0.026200383449337,0.384615384615385,0.435897435897436,0.435897435897436,0.461538461538462,0.487179487179487,0.999734002654321,4500,0,1
"psi.reg[3,4]",0.170025925925926,0.0177974360175404,0.133333333333333,0.15,0.166666666666667,0.183333333333333,0.2,1.0018120117135,1327,0,1
"psi.reg[4,4]",0.539259259259259,0.0375003113078594,0.484848484848485,0.515151515151515,0.545454545454545,0.575757575757576,0.606060606060606,1.00063043315851,2706,0,1
"psi.reg[5,4]",0.817735849056604,0.0181427183722006,0.773584905660377,0.811320754716981,0.811320754716981,0.830188679245283,0.849056603773585,1.00043268406036,4192,0,1
"psi.reg[1,5]",0.7348,0.232629622906577,0.2,0.6,0.8,0.933333333333333,1,1.00093062304903,4369,0,1
"psi.reg[2,5]",0.578051282051282,0.0289630462323658,0.538461538461538,0.564102564102564,0.564102564102564,0.58974358974359,0.641025641025641,0.999840415323028,4500,0,1
"psi.reg[3,5]",0.172644444444444,0.0249658481011748,0.133333333333333,0.15,0.166666666666667,0.183333333333333,0.216666666666667,1.00000760671617,4500,0,1
"psi.reg[4,5]",0.480558922558923,0.0356157963370701,0.424242424242424,0.454545454545455,0.484848484848485,0.515151515151515,0.545454545454545,0.99987918284,4500,0,1
"psi.reg[5,5]",0.828427672955975,0.0202667113372249,0.792452830188679,0.811320754716981,0.830188679245283,0.849056603773585,0.867924528301887,1.0001461153787,4500,0,1
"psi.reg[1,6]",0.785007407407407,0.189805666276133,0.333333333333333,0.666666666666667,0.8,0.933333333333333,1,1.00047755450039,4500,0,1
"psi.reg[2,6]",0.479202279202279,0.0412335020058118,0.41025641025641,0.461538461538462,0.487179487179487,0.512820512820513,0.564102564102564,1.00005493224698,4500,0,1
"psi.reg[3,6]",0.210611111111111,0.0190163215045457,0.183333333333333,0.2,0.216666666666667,0.216666666666667,0.25,0.999889115817655,4500,0,1
"psi.reg[4,6]",0.540848484848485,0.0405296553624014,0.454545454545455,0.515151515151515,0.545454545454545,0.575757575757576,0.636363636363636,1.00049804685646,3555,0,1
"psi.reg[5,6]",0.827081761006289,0.0285277750824442,0.773584905660377,0.811320754716981,0.830188679245283,0.849056603773585,0.867924528301887,0.999771722572648,4500,0,1
"psi.reg[1,7]",0.776992592592593,0.192781855952614,0.333333333333333,0.666666666666667,0.8,0.933333333333333,1,1.00092880870625,3187,0,1
"psi.reg[2,7]",0.508472934472934,0.0353510098803289,0.435897435897436,0.487179487179487,0.512820512820513,0.538461538461538,0.58974358974359,1.0021592209021,1134,0,1
"psi.reg[3,7]",0.225092592592593,0.0186291131326933,0.2,0.216666666666667,0.216666666666667,0.233333333333333,0.266666666666667,1.0004411589069,3992,0,1
"psi.reg[4,7]",0.569016835016835,0.0305289493558269,0.515151515151515,0.545454545454545,0.575757575757576,0.575757575757576,0.636363636363636,0.999786141666246,4500,0,1
"psi.reg[5,7]",0.817421383647799,0.0354530490748915,0.754716981132076,0.792452830188679,0.811320754716981,0.849056603773585,0.886792452830189,1.00035213605885,4500,0,1
"n.occ.reg[1,1]",7.95088888888889,4.72780189835108,0,4,8,12,15,1.00347182096342,539,1,1
"n.occ.reg[2,1]",7.57466666666667,2.01174104264731,4,6,7,9,12,0.99998055863887,4500,0,1
"n.occ.reg[3,1]",12.7953333333333,2.46660297801793,9,11,12,14,18,0.999954794802553,4500,0,1
"n.occ.reg[4,1]",18.7053333333333,1.589395285242,16,18,19,20,22,1.00283120975554,664,0,1
"n.occ.reg[5,1]",37.3017777777778,1.77183678602329,34,36,37,38,41,0.999880695061411,4500,0,1
"n.occ.reg[1,2]",9.00777777777778,4.06413158534024,1,6,9,12,15,0.999908788885201,4500,0,1
"n.occ.reg[2,2]",14.1384444444444,1.37393488509622,12,13,14,15,17,1.00065427992043,2158,0,1
"n.occ.reg[3,2]",10.552,1.585584089848,8,9,10,11,14,1.00028309524845,4330,0,1
"n.occ.reg[4,2]",11.4026666666667,1.15870719169216,10,11,11,12,14,0.999848895578781,4500,0,1
"n.occ.reg[5,2]",35.6326666666667,1.70910756755796,32,34,36,37,39,1.00155411193039,1525,0,1
"n.occ.reg[1,3]",10.0753333333333,3.90329483928079,1,7,11,13,15,1.00039800198537,4500,0,1
"n.occ.reg[2,3]",15.1271111111111,1.33625330410877,13,14,15,16,18,1.0009618332134,1611,0,1
"n.occ.reg[3,3]",9.78222222222222,1.42973361279345,7,9,10,11,13,1.00016666220065,4500,0,1
"n.occ.reg[4,3]",14.1911111111111,0.978502473912264,13,13,14,15,16,1.00027671872637,3729,0,1
"n.occ.reg[5,3]",41.3766666666667,1.19349853965969,39,41,41,42,43,0.999974973319607,4500,0,1
"n.occ.reg[1,4]",10.5235555555556,3.74446329388013,2,8,11,14,15,1.00093954563166,4500,0,1
"n.occ.reg[2,4]",17.1853333333333,1.02181495452414,15,17,17,18,19,0.999734002654321,4500,0,1
"n.occ.reg[3,4]",10.2015555555556,1.06784616105242,8,9,10,11,12,1.0018120117135,1327,0,1
"n.occ.reg[4,4]",17.7955555555556,1.23751027315936,16,17,18,19,20,1.00063043315851,2706,0,1
"n.occ.reg[5,4]",43.34,0.96156407372663,41,43,43,44,45,1.00043268406036,4192,0,1
"n.occ.reg[1,5]",11.022,3.48944434359866,3,9,12,14,15,1.00093062304903,4369,0,1
"n.occ.reg[2,5]",22.544,1.12955880306227,21,22,22,23,25,0.999840415323028,4500,0,1
"n.occ.reg[3,5]",10.3586666666667,1.49795088607048,8,9,10,11,13,1.00000760671617,4500,0,1
"n.occ.reg[4,5]",15.8584444444444,1.17532127912331,14,15,16,17,18,0.99987918284,4500,0,1
"n.occ.reg[5,5]",43.9066666666667,1.07413570087292,42,43,44,45,46,1.0001461153787,4500,0,1
"n.occ.reg[1,6]",11.7751111111111,2.84708499414199,5,10,12,14,15,1.00047755450039,4500,0,1
"n.occ.reg[2,6]",18.6888888888889,1.60810657822666,16,18,19,20,22,1.00005493224698,4500,0,1
"n.occ.reg[3,6]",12.6366666666667,1.14097929027274,11,12,13,13,15,0.999889115817655,4500,0,1
"n.occ.reg[4,6]",17.848,1.33747862695925,15,17,18,19,21,1.00049804685646,3555,0,1
"n.occ.reg[5,6]",43.8353333333333,1.51197207936954,41,43,44,45,46,0.999771722572648,4500,0,1
"n.occ.reg[1,7]",11.6548888888889,2.8917278392892,5,10,12,14,15,1.00092880870625,3187,0,1
"n.occ.reg[2,7]",19.8304444444444,1.37868938533283,17,19,20,21,23,1.0021592209021,1134,0,1
"n.occ.reg[3,7]",13.5055555555556,1.1177467879616,12,13,13,14,16,1.0004411589069,3992,0,1
"n.occ.reg[4,7]",18.7775555555556,1.00745532874229,17,18,19,19,21,0.999786141666246,4500,0,1
"n.occ.reg[5,7]",43.3233333333333,1.87901160096925,40,42,43,45,47,1.00035213605885,4500,0,1
"psi.reg.init[1]",0.342591702580843,0.286037650212588,0.0142207036763736,0.092636808772122,0.254007370489755,0.564463889196173,0.937154823698381,1.00199691850789,882,0,1
"psi.reg.init[2]",0.337642213233553,0.120220063400579,0.125964114248968,0.24964702739799,0.328384172685525,0.419207704365042,0.58796849523866,1.0006169785947,2948,0,1
"psi.reg.init[3]",0.186153603671477,0.0678099718101936,0.0796172826383752,0.137190550283414,0.177791328103025,0.227005911686855,0.339647782423065,1.00024101600926,4500,0,1
"psi.reg.init[4]",0.701210885150342,0.0920409287042973,0.510243941673169,0.641857579653471,0.706722223593977,0.768578980360133,0.860254767907787,1.00120229217242,1345,0,1
"psi.reg.init[5]",0.54474287763621,0.101341448847833,0.343565984394733,0.476214937167612,0.548080229068921,0.614862096123208,0.7388855924485,1.00006272698488,4500,0,1
"gamma.reg[1,1]",0.39551437245695,0.283190231005242,0.0334635188371047,0.143316359738422,0.332259504836044,0.624523146829305,0.947953494344149,1.00037089181911,2885,0,1
"gamma.reg[2,1]",0.353800085101182,0.0771112697735114,0.202433674278652,0.30251577384139,0.354089559671333,0.404600317788807,0.506937479096004,1.0018395168668,996,0,1
"gamma.reg[3,1]",0.0360450831996636,0.0159640843105082,0.0115360028573651,0.024746640321071,0.0337522247303931,0.0452692000558744,0.0734449924797312,1.00036820249698,4500,0,1
"gamma.reg[4,1]",0.380215672322795,0.0794564791390388,0.221232570237817,0.326926524214452,0.383181113692635,0.4341615414211,0.531282735995307,1.00160880153545,1291,0,1
"gamma.reg[5,1]",0.253539542874099,0.0720098734307924,0.122573905221229,0.202882881106926,0.251034286123124,0.300667123457036,0.406062572504999,1.00026950532581,3415,0,1
"gamma.reg[1,2]",0.403066367547047,0.283573603918758,0.035589601980015,0.148000389089974,0.343477162531143,0.632968721753682,0.948358611827713,1.0002266032677,3658,0,1
"gamma.reg[2,2]",0.364050608573444,0.0749409303734409,0.223065528500557,0.311697243072798,0.363151010296045,0.413075306134432,0.516886757032222,1.0010680351112,3574,0,1
"gamma.reg[3,2]",0.0374226859871976,0.0159856164367079,0.0128878073550579,0.0259814811780928,0.0350268087131238,0.0464769658253253,0.0744254156666239,1.00028920066237,4500,0,1
"gamma.reg[4,2]",0.390706247434248,0.0750393664084254,0.241706622749464,0.338766777128586,0.391577937688629,0.440367398755194,0.537229310002578,0.999997248648172,4500,0,1
"gamma.reg[5,2]",0.26197086172995,0.0721080833899378,0.133916200399117,0.210917884906796,0.257956698398745,0.3098384736632,0.413706972858327,1.00121610941778,1337,0,1
"gamma.reg[1,3]",0.420877016549483,0.28460653756269,0.0383888321825335,0.164612307296955,0.371138916322008,0.658374026931621,0.952937510597074,1.00038546854852,2853,0,1
"gamma.reg[2,3]",0.389287235766487,0.0763728568789276,0.247813624864094,0.336069705775889,0.386139772217898,0.440102700615931,0.54600434361961,1.00011192216783,4500,0,1
"gamma.reg[3,3]",0.0414399554722014,0.0174009514320973,0.0151598308238752,0.0288903929534389,0.0388927440261948,0.0514515320876568,0.0831774597942997,1.00065733746286,2137,0,1
"gamma.reg[4,3]",0.416520297429381,0.0753721272408777,0.275327495536853,0.364039057659898,0.414569734641806,0.464893628568606,0.568133128578958,1.00036290528882,4500,0,1
"gamma.reg[5,3]",0.28322070120685,0.0758703585517529,0.147780653166761,0.229825231311426,0.279445502097043,0.330652490771557,0.44433031357296,1.0018877015196,989,0,1
"gamma.reg[1,4]",0.421843234759169,0.28434489024068,0.0401465745625372,0.164792452385866,0.371861252436595,0.660396980298956,0.953059143158395,1.00034784353327,2969,0,1
"gamma.reg[2,4]",0.391230156913615,0.079248306593618,0.24417785147646,0.337083090711574,0.387951462880263,0.442712150351582,0.5565786511386,0.99993933551364,4500,0,1
"gamma.reg[3,4]",0.0418165464637119,0.0177742041206635,0.0149902127976946,0.0289224482606766,0.0387093759439964,0.0519547822777138,0.0838064937866252,1.00058178208805,3128,0,1
"gamma.reg[4,4]",0.418512534597985,0.0784438157091357,0.269345857238878,0.364116648902638,0.416989938530908,0.469882724391762,0.579612126004549,0.999789386216144,4500,0,1
"gamma.reg[5,4]",0.284717352282295,0.0762119506910417,0.150373333432915,0.231641519474569,0.278321250759976,0.332436443960061,0.453899014335566,1.00130245557369,1492,0,1
"gamma.reg[1,5]",0.42915889675098,0.283951311489951,0.0432245138116006,0.171705066399703,0.380144542178373,0.665316993103247,0.956444376444834,1.00015091050108,4220,0,1
"gamma.reg[2,5]",0.401882709599496,0.0839831234959639,0.250636859788731,0.342603212620672,0.396341829347197,0.456606039788629,0.582423643198526,1.00062304820568,4500,0,1
"gamma.reg[3,5]",0.0438285879024713,0.0191264723274237,0.0150423184719627,0.0301474132729946,0.0407078500154871,0.0542578212451227,0.0898387708349473,1.0004250216116,3255,0,1
"gamma.reg[4,5]",0.429192953140644,0.0802403298563223,0.280103125287074,0.375590980797895,0.42684454118214,0.479703529866504,0.598869791171613,1.00030120748974,4500,0,1
"gamma.reg[5,5]",0.293987252172983,0.0807567179037341,0.154531583739901,0.236993917888499,0.286641286871271,0.342613207190228,0.472582791626107,1.00160942355539,1528,0,1
"gamma.reg[1,6]",0.429446754255834,0.283651564898138,0.041055111514101,0.173672204126549,0.38044931917345,0.665860677150216,0.957804768207616,1.00022245107437,3682,0,1
"gamma.reg[2,6]",0.402753786440137,0.0826559059242312,0.252649799774849,0.344901710990319,0.398085814148088,0.456891672012692,0.575996423617831,1.0004155471794,3937,0,1
"gamma.reg[3,6]",0.0438499741931937,0.0187428180835396,0.0156947330623631,0.0303623993134569,0.0408007457492806,0.0540665582789635,0.0887508750602785,1.00045272417804,3790,0,1
"gamma.reg[4,6]",0.43011686854263,0.0802541011056994,0.282931622496127,0.373627514122291,0.427052631425913,0.482176749162208,0.593062258631758,0.999893330893205,4500,0,1
"gamma.reg[5,6]",0.295082816908167,0.0820271264386439,0.150762149021331,0.23722478162233,0.288788020574726,0.344695040543485,0.476797213692693,1.00124752719352,1458,0,1
"phi.reg[1,1]",0.384505183282348,0.286234379528518,0.0148073473670118,0.123449791528551,0.325593137306342,0.618216901722363,0.937896567416817,1.00179799047432,984,0,1
"phi.reg[2,1]",0.819461284078126,0.0965899854661747,0.581454754260175,0.767683774510327,0.839653851750068,0.893363089118762,0.947955900082845,1.00164266163148,1157,0,1
"phi.reg[3,1]",0.665318646553639,0.155420478791156,0.328430241459149,0.557999300653953,0.686089588517126,0.782379150495565,0.91755694964867,0.999921052297614,4500,0,1
"phi.reg[4,1]",0.584196763676875,0.135941193520126,0.313547341297069,0.487467910664358,0.594610175522876,0.687598499033085,0.814102785493868,1.00132997747515,1372,0,1
"phi.reg[5,1]",0.673325039004592,0.144223387532722,0.366756601781744,0.575388353297724,0.69056187316961,0.787152081796836,0.896017379823933,1.00216727052207,1213,0,1
"phi.reg[1,2]",0.504153634203225,0.295415679120677,0.0298521171439321,0.238662826735243,0.506996712716693,0.768016376596797,0.966915104560743,1.00220353154085,826,0,1
"phi.reg[2,2]",0.90788369102919,0.0432687167226973,0.804360211237698,0.884016641892693,0.915106889719648,0.93929251052672,0.971518285172407,1.00024122896253,4420,0,1
"phi.reg[3,2]",0.793184266348656,0.123056616603649,0.506115147829067,0.71953795528103,0.814520012220046,0.888346516692031,0.965957315287241,1.00078110025295,2081,0,1
"phi.reg[4,2]",0.741992881695305,0.0935585038239362,0.537028403289443,0.682560437020529,0.749086513872444,0.809534043249195,0.90091503402603,1.00114738410817,1914,0,1
"phi.reg[5,2]",0.809508937643168,0.088984025716768,0.600141404329793,0.758801304650735,0.821017959996924,0.875455655748518,0.945824253297927,1.00000014142259,4500,0,1
"phi.reg[1,3]",0.514839213218396,0.29469373378665,0.0319665073462911,0.251802128634477,0.529427753442505,0.779891676986589,0.971479532352937,1.00248681852133,768,0,1
"phi.reg[2,3]",0.913016629606054,0.0408577410899958,0.817591587697423,0.89010294205033,0.919266511670363,0.942527484408931,0.973640934707619,1.00078051849148,2047,0,1
"phi.reg[3,3]",0.801696643507111,0.11991016606632,0.517202830640196,0.729560291835308,0.823215922063623,0.894215218142134,0.969497717994652,1.00161421641854,1207,0,1
"phi.reg[4,3]",0.753356829505899,0.0907545958799687,0.555547369573154,0.697056297763163,0.761210988379279,0.81908274045354,0.907365264907632,1.00165448048914,1467,0,1
"phi.reg[5,3]",0.820099684600221,0.0804610553441524,0.631002871405471,0.771839115602886,0.829643268066951,0.879237631715406,0.946102249690809,1.00008084107918,4500,0,1
"phi.reg[1,4]",0.534148390193088,0.293857642670003,0.0336815445109941,0.275996175093637,0.553603873821068,0.797027945750899,0.973202056974354,1.00280032428921,695,0,1
"phi.reg[2,4]",0.920977459955249,0.0389229074446061,0.830568943096665,0.898809398635808,0.927648753622555,0.950120090381192,0.977443036717168,0.999773115090719,4500,0,1
"phi.reg[3,4]",0.816062195298499,0.119786823352432,0.523890673908,0.748327086900573,0.840014053013994,0.90790655350503,0.973435478032039,1.00077313244093,2524,0,1
"phi.reg[4,4]",0.77300909614008,0.0881125860501276,0.57798090239194,0.715826919562455,0.780366936313988,0.836059183104516,0.923104770745141,1.00020492297543,4500,0,1
"phi.reg[5,4]",0.835365059387936,0.0777217672285952,0.655022989615671,0.79064518436408,0.84630136789238,0.891946668654059,0.952496486005644,1.00031775836623,4500,0,1
"phi.reg[1,5]",0.501963767493285,0.29228205563378,0.0320478497285136,0.244290880792069,0.50573073346875,0.767716049958842,0.966159604635312,1.00231605315168,788,0,1
"phi.reg[2,5]",0.907126673938504,0.0423605409532891,0.807409501649149,0.884036381046195,0.913590287363153,0.937581477327387,0.969600119498444,1.00006745278723,4500,0,1
"phi.reg[3,5]",0.791093386058561,0.123975210247868,0.499000282134201,0.715127646219935,0.814485556094211,0.885504521085406,0.96329724066024,1.00030664066212,3242,0,1
"phi.reg[4,5]",0.740156675598596,0.0898926379240323,0.546329834785629,0.683567897470725,0.747683086334567,0.806080702724798,0.894960667429357,1.000549121752,3610,0,1
"phi.reg[5,5]",0.808890077651151,0.0839223673341337,0.618384900209258,0.756501265511934,0.819203987322582,0.871256121118232,0.93842499823824,0.999721199699661,4500,0,1
"phi.reg[1,6]",0.512503994510773,0.293778857950796,0.0307729996930941,0.249867039336244,0.521315254356983,0.778829902974556,0.968960309469695,1.00234146789775,779,0,1
"phi.reg[2,6]",0.912207586779052,0.0405663986436166,0.814046333999763,0.889562427169556,0.918576710360977,0.941438129299378,0.971904864813582,1.00026123619237,4500,0,1
"phi.reg[3,6]",0.801438845514073,0.118123276557144,0.519915489382037,0.729178046609928,0.824663339463901,0.892458595243402,0.963592970849252,1.00075035151566,2743,0,1
"phi.reg[4,6]",0.751582603232458,0.0882306834112732,0.556254541229598,0.69760208493978,0.757729538970629,0.815259926095384,0.903139735355459,1.00045161130052,4480,0,1
"phi.reg[5,6]",0.817464468874654,0.0832236387732288,0.629074235348901,0.767293406851057,0.829584788050175,0.878093113019093,0.946731572100002,0.999914338491294,4500,0,1
"ext.reg[1,1]",0.615494816717652,0.286234379528518,0.0621034325831826,0.381783098277637,0.674406862693658,0.876550208471449,0.985192652632988,1.00179799047432,984,0,1
"ext.reg[2,1]",0.180538715921874,0.0965899854661747,0.0520440999171546,0.106636910881238,0.160346148249932,0.232316225489673,0.418545245739825,1.00164266163148,1157,0,1
"ext.reg[3,1]",0.334681353446361,0.155420478791156,0.0824430503513296,0.217620849504435,0.313910411482874,0.442000699346047,0.671569758540851,0.999921052297614,4500,0,1
"ext.reg[4,1]",0.415803236323125,0.135941193520126,0.185897214506131,0.312401500966915,0.405389824477124,0.512532089335642,0.686452658702931,1.00132997747515,1372,0,1
"ext.reg[5,1]",0.326674960995408,0.144223387532722,0.103982620176066,0.212847918203164,0.30943812683039,0.424611646702276,0.633243398218255,1.00216727052207,1213,0,1
"ext.reg[1,2]",0.495846365796775,0.295415679120677,0.0330848954392572,0.231983623403203,0.493003287283307,0.761337173264757,0.970147882856068,1.00220353154085,826,0,1
"ext.reg[2,2]",0.0921163089708105,0.0432687167226973,0.0284817148275925,0.0607074894732804,0.0848931102803521,0.115983358107307,0.195639788762302,1.00024122896253,4420,0,1
"ext.reg[3,2]",0.206815733651344,0.123056616603649,0.0340426847127589,0.111653483307969,0.185479987779954,0.28046204471897,0.493884852170933,1.00078110025295,2081,0,1
"ext.reg[4,2]",0.258007118304695,0.0935585038239362,0.0990849659739695,0.190465956750805,0.250913486127556,0.317439562979471,0.462971596710556,1.00114738410817,1914,0,1
"ext.reg[5,2]",0.190491062356832,0.088984025716768,0.0541757467020727,0.124544344251482,0.178982040003076,0.241198695349265,0.399858595670207,1.00000014142259,4500,0,1
"ext.reg[1,3]",0.485160786781604,0.29469373378665,0.0285204676470629,0.220108323013411,0.470572246557495,0.748197871365523,0.968033492653709,1.00248681852133,768,0,1
"ext.reg[2,3]",0.0869833703939464,0.0408577410899958,0.0263590652923813,0.0574725155910687,0.0807334883296374,0.10989705794967,0.182408412302577,1.00078051849148,2047,0,1
"ext.reg[3,3]",0.198303356492889,0.11991016606632,0.0305022820053476,0.105784781857866,0.176784077936377,0.270439708164692,0.482797169359803,1.00161421641854,1207,0,1
"ext.reg[4,3]",0.246643170494101,0.0907545958799687,0.0926347350923673,0.18091725954646,0.23878901162072,0.302943702236837,0.444452630426846,1.00165448048914,1467,0,1
"ext.reg[5,3]",0.179900315399779,0.0804610553441524,0.0538977503091908,0.120762368284594,0.170356731933049,0.228160884397114,0.368997128594529,1.00008084107918,4500,0,1
"ext.reg[1,4]",0.465851609806912,0.293857642670003,0.0267979430256458,0.202972054249101,0.446396126178932,0.724003824906363,0.966318455489006,1.00280032428921,695,0,1
"ext.reg[2,4]",0.0790225400447514,0.0389229074446061,0.0225569632828315,0.0498799096188079,0.0723512463774448,0.101190601364192,0.169431056903335,0.999773115090719,4500,0,1
"ext.reg[3,4]",0.183937804701501,0.119786823352432,0.0265645219679608,0.0920934464949703,0.159985946986006,0.251672913099427,0.476109326092,1.00077313244093,2524,0,1
"ext.reg[4,4]",0.22699090385992,0.0881125860501276,0.0768952292548594,0.163940816895484,0.219633063686011,0.284173080437545,0.42201909760806,1.00020492297543,4500,0,1
"ext.reg[5,4]",0.164634940612064,0.0777217672285952,0.0475035139943564,0.108053331345941,0.15369863210762,0.20935481563592,0.344977010384329,1.00031775836623,4500,0,1
"ext.reg[1,5]",0.498036232506715,0.29228205563378,0.0338403953646882,0.232283950041158,0.49426926653125,0.755709119207931,0.967952150271486,1.00231605315168,788,0,1
"ext.reg[2,5]",0.0928733260614961,0.0423605409532891,0.0303998805015557,0.0624185226726136,0.0864097126368471,0.115963618953805,0.192590498350851,1.00006745278723,4500,0,1
"ext.reg[3,5]",0.208906613941439,0.123975210247868,0.0367027593397597,0.114495478914594,0.185514443905789,0.284872353780065,0.500999717865799,1.00030664066212,3242,0,1
"ext.reg[4,5]",0.259843324401404,0.0898926379240323,0.105039332570643,0.193919297275202,0.252316913665433,0.316432102529275,0.453670165214371,1.000549121752,3610,0,1
"ext.reg[5,5]",0.191109922348849,0.0839223673341337,0.0615750017617603,0.128743878881768,0.180796012677418,0.243498734488066,0.381615099790742,0.999721199699661,4500,0,1
"ext.reg[1,6]",0.487496005489227,0.293778857950796,0.0310396905303052,0.221170097025444,0.478684745643017,0.750132960663755,0.969227000306906,1.00234146789775,779,0,1
"ext.reg[2,6]",0.0877924132209483,0.0405663986436166,0.0280951351864179,0.0585618707006217,0.0814232896390228,0.110437572830444,0.185953666000237,1.00026123619237,4500,0,1
"ext.reg[3,6]",0.198561154485927,0.118123276557144,0.0364070291507478,0.107541404756598,0.175336660536099,0.270821953390072,0.480084510617963,1.00075035151566,2743,0,1
"ext.reg[4,6]",0.248417396767542,0.0882306834112732,0.0968602646445405,0.184740073904616,0.242270461029371,0.30239791506022,0.443745458770402,1.00045161130052,4480,0,1
"ext.reg[5,6]",0.182535531125346,0.0832236387732288,0.0532684278999975,0.121906886980907,0.170415211949825,0.232706593148943,0.370925764651099,0.999914338491294,4500,0,1
"mean.gamma.reg[1]",0.416651107053244,0.281887661339202,0.0402130469314773,0.162686912704418,0.365674168757369,0.647773988701543,0.951638291651975,1.00027791326384,3319,0,1
"mean.gamma.reg[2]",0.383834097065727,0.0658962107043576,0.259745433099958,0.337362550163205,0.382880617570924,0.427533102611109,0.516975826207347,1.00069266207713,4500,0,1
"mean.gamma.reg[3]",0.0407338055364066,0.0156829872903288,0.0153871631540039,0.0293282517718008,0.0385693199013807,0.0501820761720646,0.0768751772121132,1.00015487068217,4315,0,1
"mean.gamma.reg[4]",0.410877428911281,0.0641258464033518,0.288201964216078,0.366429992474965,0.411330528268761,0.453637289540274,0.537323641555082,0.999838140314562,4500,0,1
"mean.gamma.reg[5]",0.278753087862391,0.0667394154880272,0.155516209389718,0.232542402283258,0.276527260930111,0.321365038944941,0.420481510278173,1.00146840034106,1393,0,1
"mean.phi.reg[1]",0.492019030483519,0.284611559671652,0.0316007176778747,0.242813793722885,0.492225250686597,0.738809117667051,0.959279321596013,1.00241609235403,761,0,1
"mean.phi.reg[2]",0.896778887564362,0.0367847058053748,0.817120840969015,0.874019956709829,0.900867819299814,0.924175923961152,0.956878295020706,1.00037285573555,2969,0,1
"mean.phi.reg[3]",0.778132330546756,0.112281628584177,0.519892476276272,0.707624479384831,0.797044701412241,0.862867782333614,0.946981187511814,1.00061047300631,2750,0,1
"mean.phi.reg[4]",0.724049141641535,0.0690804809943479,0.575813412923978,0.679930222737977,0.728339921058969,0.772670361202567,0.844584519413139,1.00076744393552,2717,0,1
"mean.phi.reg[5]",0.794108877860287,0.0729341823019192,0.63484132113543,0.747704294550816,0.79971611660676,0.846923732746408,0.918973001717854,1.00019459434021,4500,0,1
"mean.ext.reg[1]",0.507980969516481,0.284611559671652,0.040720678403987,0.261190882332949,0.507774749313403,0.757186206277115,0.968399282322125,1.00241609235403,761,0,1
"mean.ext.reg[2]",0.103221112435638,0.0367847058053748,0.0431217049792937,0.0758240760388479,0.0991321807001861,0.125980043290171,0.182879159030985,1.00037285573555,2969,0,1
"mean.ext.reg[3]",0.221867669453244,0.112281628584177,0.0530188124881859,0.137132217666386,0.202955298587759,0.292375520615169,0.480107523723728,1.00061047300631,2750,0,1
"mean.ext.reg[4]",0.275950858358465,0.0690804809943479,0.155415480586861,0.227329638797433,0.271660078941031,0.320069777262023,0.424186587076021,1.00076744393552,2717,0,1
"mean.ext.reg[5]",0.205891122139713,0.0729341823019192,0.0810269982821455,0.153076267253592,0.20028388339324,0.252295705449184,0.36515867886457,1.00019459434021,4500,0,1
"equilib.reg[1]",0.446634663476106,0.232074330244315,0.0741597408046139,0.255498310213646,0.434883820402739,0.61084963497442,0.912896280055486,1.00031181470864,4500,0,1
"equilib.reg[2]",0.789549542182362,0.0613612083972228,0.663893575095098,0.748595006508695,0.793806779336193,0.833916618927022,0.897402030405007,0.999947893142388,4500,0,1
"equilib.reg[3]",0.178242718768041,0.0873673979449003,0.0638352724597865,0.116857104484149,0.159288516467159,0.218070242804953,0.401493193214313,1.00043659514021,2876,0,1
"equilib.reg[4]",0.600980075893857,0.0669780903457679,0.467240503341988,0.556455733389919,0.599978257133327,0.646927648694073,0.730722891817873,1.00058768823196,4500,0,1
"equilib.reg[5]",0.580862678091357,0.0958609729690647,0.391824370517454,0.515525997096464,0.580011019506032,0.645755750918339,0.774169893793778,1.00043582732234,4500,0,1
"mean.p",0.651870627770728,0.026383518550483,0.597027146519628,0.637255781193128,0.652378176663271,0.666917760828856,0.703632526131376,1.0017158464982,1024,0,1
"p.year[1]",0.592135113881137,0.0397112541335836,0.511119933738166,0.56606025238404,0.59367348431132,0.620400752877265,0.662094194999455,1.00011782876277,4500,0,1
"p.year[2]",0.624753398044461,0.0319827294386803,0.557035305686832,0.604092782001289,0.627028667840836,0.647411059943403,0.681201877077329,1.00023002788025,4500,0,1
"p.year[3]",0.674650886186003,0.0285886941144568,0.621740194640573,0.654881738085446,0.673364805000081,0.6929360170981,0.733326708394032,1.00067724734687,4500,0,1
"p.year[4]",0.674756744026357,0.0256373618997574,0.626940937608746,0.656994122164448,0.673738008470402,0.691784887851664,0.7265179333449,1.0002142974625,4293,0,1
"p.year[5]",0.656595843292538,0.0277261172195563,0.600364491829094,0.638488062357462,0.65645436421371,0.674748948653371,0.712192493084717,0.999822064009893,4500,0,1
"p.year[6]",0.670505740573729,0.0278131576954287,0.618320361830828,0.651584754989851,0.669988703339411,0.688620824792905,0.728417391224853,0.999839097184618,4500,0,1
"p.year[7]",0.671994533944078,0.0267374335681482,0.621234316980916,0.653670424342929,0.671160657359533,0.690014842265318,0.725124346181544,1.00007332177359,4500,0,1
"z[1,1]",1,0,1,1,1,1,1,NA,1,0,1
"z[2,1]",1,0,1,1,1,1,1,NA,1,0,1
"z[3,1]",1,0,1,1,1,1,1,NA,1,0,1
"z[4,1]",0.0657777777777778,0.247920794922865,0,0,0,0,1,1.00026181101006,4500,1,1
"z[5,1]",0.246444444444444,0.430988234428048,0,0,0,0,1,1.00014045766681,4500,1,1
"z[6,1]",0.138222222222222,0.345171429580393,0,0,0,0,1,1.00077369848823,3788,1,1
"z[7,1]",0.0624444444444444,0.241987910285634,0,0,0,0,1,0.999760254123682,4500,1,1
"z[8,1]",0.014,0.11750348180963,0,0,0,0,0,1.00773148798845,4438,1,1
"z[9,1]",1,0,1,1,1,1,1,NA,1,0,1
"z[10,1]",1,0,1,1,1,1,1,NA,1,0,1
"z[11,1]",0.835555555555556,0.370719583788944,0,1,1,1,1,1.00115845424515,2440,1,1
"z[12,1]",1,0,1,1,1,1,1,NA,1,0,1
"z[13,1]",1,0,1,1,1,1,1,NA,1,0,1
"z[14,1]",1,0,1,1,1,1,1,NA,1,0,1
"z[15,1]",0.0331111111111111,0.178946588136641,0,0,0,0,1,1.00026864656593,4500,1,1
"z[16,1]",0.00933333333333333,0.0961679644942985,0,0,0,0,0,1.00053169360396,4500,1,1
"z[17,1]",1,0,1,1,1,1,1,NA,1,0,1
"z[18,1]",0.158888888888889,0.365613067283923,0,0,0,0,1,0.999916998594356,4500,1,1
"z[19,1]",0.245333333333333,0.430332477675716,0,0,0,0,1,1.00124379930157,1715,1,1
"z[20,1]",1,0,1,1,1,1,1,NA,1,0,1
"z[21,1]",1,0,1,1,1,1,1,NA,1,0,1
"z[22,1]",0.00333333333333333,0.0576451269226114,0,0,0,0,0,1.01922466287575,4500,1,1
"z[23,1]",1,0,1,1,1,1,1,NA,1,0,1
"z[24,1]",0.008,0.08909412970305,0,0,0,0,0,1.00780554029941,4500,1,1
"z[25,1]",1,0,1,1,1,1,1,NA,1,0,1
"z[26,1]",1,0,1,1,1,1,1,NA,1,0,1
"z[27,1]",1,0,1,1,1,1,1,NA,1,0,1
"z[28,1]",0.593111111111111,0.49130841827519,0,0,1,1,1,1.0008628059892,1739,1,1
"z[29,1]",0.389333333333333,0.487653293444934,0,0,0,1,1,1.00156603755102,1113,1,1
"z[30,1]",1,0,1,1,1,1,1,NA,1,0,1
"z[31,1]",1,0,1,1,1,1,1,NA,1,0,1
"z[32,1]",1,0,1,1,1,1,1,NA,1,0,1
"z[33,1]",1,0,1,1,1,1,1,NA,1,0,1
"z[34,1]",1,0,1,1,1,1,1,NA,1,0,1
"z[35,1]",1,0,1,1,1,1,1,NA,1,0,1
"z[36,1]",0.0544444444444444,0.22691780342505,0,0,0,0,1,1.00401466934792,2224,1,1
"z[37,1]",0.00533333333333333,0.0728427622699364,0,0,0,0,0,1.01003312809783,4500,1,1
"z[38,1]",0.006,0.0772355205065475,0,0,0,0,0,1.00174217521195,4500,1,1
"z[39,1]",0.00622222222222222,0.0786440117920529,0,0,0,0,0,1.00795484428757,4500,1,1
"z[40,1]",0.00977777777777778,0.0984089676386699,0,0,0,0,0,1.01234225310876,4002,1,1
"z[41,1]",0.00555555555555556,0.0743365276300976,0,0,0,0,0,1.01929448512941,4476,1,1
"z[42,1]",0.00666666666666667,0.0813860808385347,0,0,0,0,0,1.00135104912971,4500,1,1
"z[43,1]",1,0,1,1,1,1,1,NA,1,0,1
"z[44,1]",0.0426666666666667,0.202126943226378,0,0,0,0,1,1.00059713980246,4500,1,1
"z[45,1]",0.850222222222222,0.356893121404989,0,1,1,1,1,1.00047823864316,4500,1,1
"z[46,1]",1,0,1,1,1,1,1,NA,1,0,1
"z[47,1]",0.002,0.0446815807032984,0,0,0,0,0,1.06670438272335,3369,1,1
"z[48,1]",0.000666666666666667,0.0258141493083176,0,0,0,0,0,1.13377982835195,4498,1,1
"z[49,1]",0.00244444444444444,0.0493863456663645,0,0,0,0,0,1.00379178827338,4500,1,1
"z[50,1]",0.00155555555555556,0.0394142235807543,0,0,0,0,0,1.11102922004619,2420,1,1
"z[51,1]",0.00422222222222222,0.0648485125458765,0,0,0,0,0,1.04041778869278,2747,1,1
"z[52,1]",0.142444444444444,0.349544240495844,0,0,0,0,1,0.999693066802653,4500,1,1
"z[53,1]",0.184888888888889,0.388250544230724,0,0,0,0,1,0.999739383152791,4500,1,1
"z[54,1]",0.00177777777777778,0.0421308880870312,0,0,0,0,0,1.007413097858,4500,1,1
"z[55,1]",0.00311111111111111,0.0556966916350484,0,0,0,0,0,1.01716357534615,4500,1,1
"z[56,1]",1,0,1,1,1,1,1,NA,1,0,1
"z[57,1]",1,0,1,1,1,1,1,NA,1,0,1
"z[58,1]",1,0,1,1,1,1,1,NA,1,0,1
"z[59,1]",0.00688888888888889,0.0827221418662089,0,0,0,0,0,1.02457226625896,2828,1,1
"z[60,1]",0.032,0.176019558815419,0,0,0,0,1,1.00479881134363,3122,1,1
"z[61,1]",0.0602222222222222,0.237924537926314,0,0,0,0,1,1.00050558212455,4500,1,1
"z[62,1]",0.226666666666667,0.418721686366343,0,0,0,0,1,1.00108725294799,2013,1,1
"z[63,1]",0.122888888888889,0.328346109941716,0,0,0,0,1,1.00025452657817,4500,1,1
"z[64,1]",0.105555555555556,0.307302075661651,0,0,0,0,1,1.00080447523085,4500,1,1
"z[65,1]",0.230888888888889,0.421448313194483,0,0,0,0,1,1.0002912957744,4500,1,1
"z[66,1]",0.176222222222222,0.381051462839662,0,0,0,0,1,1.00026556797291,4500,1,1
"z[67,1]",0.117555555555556,0.322116911286587,0,0,0,0,1,1.00083093318527,4136,1,1
"z[68,1]",0.118444444444444,0.323169563225013,0,0,0,0,1,0.999913445424749,4500,1,1
"z[69,1]",1,0,1,1,1,1,1,NA,1,0,1
"z[70,1]",1,0,1,1,1,1,1,NA,1,0,1
"z[71,1]",1,0,1,1,1,1,1,NA,1,0,1
"z[72,1]",1,0,1,1,1,1,1,NA,1,0,1
"z[73,1]",0.131777777777778,0.338286602882318,0,0,0,0,1,1.00032582544041,4500,1,1
"z[74,1]",1,0,1,1,1,1,1,NA,1,0,1
"z[75,1]",1,0,1,1,1,1,1,NA,1,0,1
"z[76,1]",0.948888888888889,0.220248825947067,0,1,1,1,1,0.999991598113411,4500,1,1
"z[77,1]",0.0126666666666667,0.111843649799372,0,0,0,0,0,NA,4500,1,1
"z[78,1]",0.224666666666667,0.417409000135464,0,0,0,0,1,1.00019530385538,4500,1,1
"z[79,1]",0.501777777777778,0.500052403961488,0,0,1,1,1,1.00069902258173,1942,1,1
"z[80,1]",0.750444444444444,0.432803889466465,0,1,1,1,1,0.99985543999645,4500,1,1
"z[81,1]",0.0288888888888889,0.167512855228826,0,0,0,0,1,1.00250674133448,4500,1,1
"z[82,1]",0.0555555555555556,0.229086879157383,0,0,0,0,1,1.00321414124499,2677,1,1
"z[83,1]",0.0217777777777778,0.145973426820025,0,0,0,0,0,1.01002507258497,2236,1,1
"z[84,1]",1,0,1,1,1,1,1,NA,1,0,1
"z[85,1]",1,0,1,1,1,1,1,NA,1,0,1
"z[86,1]",0.000666666666666667,0.0258141493083176,0,0,0,0,0,1.13377982835195,4498,1,1
"z[87,1]",0.00777777777777778,0.0878578356425394,0,0,0,0,0,1.00132095025047,4500,1,1
"z[88,1]",0.00377777777777778,0.0613542394088465,0,0,0,0,0,1.03124325048662,4012,1,1
"z[89,1]",0.00355555555555556,0.0595289935189017,0,0,0,0,0,1.01316180066133,4500,1,1
"z[90,1]",0.840666666666667,0.36602731409757,0,1,1,1,1,1.0005849603661,4055,1,1
"z[91,1]",0.812222222222222,0.390578012967673,0,1,1,1,1,1.00023241989809,4500,1,1
"z[92,1]",0.092,0.289058069739814,0,0,0,0,1,1.00322212906344,1674,1,1
"z[93,1]",0.778,0.415637329729193,0,1,1,1,1,0.999696414205419,4500,1,1
"z[94,1]",0.251777777777778,0.434082482018484,0,0,0,1,1,0.999879907715856,4500,1,1
"z[95,1]",0.0168888888888889,0.128869487630174,0,0,0,0,0,1.00534617204877,4500,1,1
"z[96,1]",0.0255555555555556,0.157822698772571,0,0,0,0,1,1.00585549063941,3213,1,1
"z[97,1]",0.054,0.226042815685939,0,0,0,0,1,0.999865101998453,4500,1,1
"z[98,1]",0.002,0.0446815807032984,0,0,0,0,0,1.10900655188765,1926,1,1
"z[99,1]",0.00422222222222222,0.0648485125458765,0,0,0,0,0,1.01734330121673,4500,1,1
"z[100,1]",0.00155555555555556,0.0394142235807543,0,0,0,0,0,1.03825136434619,4500,1,1
"z[101,1]",0.00933333333333333,0.0961679644942985,0,0,0,0,0,1.00053169360396,4500,1,1
"z[102,1]",0.00155555555555556,0.0394142235807543,0,0,0,0,0,1.06447893654775,4494,1,1
"z[103,1]",0.002,0.0446815807032984,0,0,0,0,0,0.999666611092585,4500,1,1
"z[104,1]",0.00177777777777778,0.0421308880870312,0,0,0,0,0,1.05041941929871,4500,1,1
"z[105,1]",0.756,0.429540453404983,0,1,1,1,1,1.00000662318304,4500,1,1
"z[106,1]",1,0,1,1,1,1,1,NA,1,0,1
"z[107,1]",1,0,1,1,1,1,1,NA,1,0,1
"z[108,1]",1,0,1,1,1,1,1,NA,1,0,1
"z[109,1]",0.0144444444444444,0.119327141438796,0,0,0,0,0,1.01480959165888,2271,1,1
"z[110,1]",0.0117777777777778,0.107896472423584,0,0,0,0,0,1.00526666605078,4500,1,1
"z[111,1]",0.000444444444444444,0.0210795079890303,0,0,0,0,0,1.2913045102833,2250,1,1
"z[112,1]",0.0582222222222222,0.234189202882591,0,0,0,0,1,1.00065759355295,4500,1,1
"z[113,1]",0.000666666666666667,0.0258141493083176,0,0,0,0,0,1.29167562882982,1500,1,1
"z[114,1]",0.0111111111111111,0.104833661410201,0,0,0,0,0,1.02183574870505,1988,1,1
"z[115,1]",0.00355555555555556,0.0595289935189017,0,0,0,0,0,1.0351015531623,3777,1,1
"z[116,1]",0.00866666666666667,0.0927009450571682,0,0,0,0,0,1.01824227289338,3053,1,1
"z[117,1]",1,0,1,1,1,1,1,NA,1,0,1
"z[118,1]",1,0,1,1,1,1,1,NA,1,0,1
"z[119,1]",1,0,1,1,1,1,1,NA,1,0,1
"z[120,1]",0.0153333333333333,0.122888478420367,0,0,0,0,0,1.01150828821191,2755,1,1
"z[121,1]",1,0,1,1,1,1,1,NA,1,0,1
"z[122,1]",0.00488888888888889,0.069757214702053,0,0,0,0,0,1.0068913899778,4500,1,1
"z[123,1]",0.00733333333333333,0.0853297931213479,0,0,0,0,0,1.0213302295218,3072,1,1
"z[124,1]",0.00466666666666667,0.0681609955608629,0,0,0,0,0,1.00308166426605,4500,1,1
"z[125,1]",0.890666666666667,0.312091653631951,0,1,1,1,1,1.00417978254966,1140,1,1
"z[126,1]",1,0,1,1,1,1,1,NA,1,0,1
"z[127,1]",0.124,0.329618179158867,0,0,0,0,1,1.00008664259685,4500,1,1
"z[128,1]",0.109333333333333,0.312091653631951,0,0,0,0,1,1.00044722028337,4500,1,1
"z[129,1]",0.134444444444444,0.341167116466881,0,0,0,0,1,0.999865346275205,4500,1,1
"z[130,1]",0.115111111111111,0.319191453390303,0,0,0,0,1,0.999854415827544,4500,1,1
"z[131,1]",0.235555555555556,0.424392695578353,0,0,0,0,1,1.00102930747968,2046,1,1
"z[132,1]",0.353333333333333,0.478058234406061,0,0,0,1,1,0.999990315772462,4500,1,1
"z[133,1]",0.288666666666667,0.453192964509253,0,0,0,1,1,1.00033396364465,3658,1,1
"z[134,1]",0.00288888888888889,0.0536766566849176,0,0,0,0,0,1.01135716364468,4500,1,1
"z[135,1]",0.00266666666666667,0.0515766100016907,0,0,0,0,0,1.11341842976364,1382,1,1
"z[136,1]",0.00244444444444444,0.0493863456663645,0,0,0,0,0,1.04969069831983,3799,1,1
"z[137,1]",0.0213333333333333,0.14450904074975,0,0,0,0,0,1.00838848654326,2711,1,1
"z[138,1]",1,0,1,1,1,1,1,NA,1,0,1
"z[139,1]",1,0,1,1,1,1,1,NA,1,0,1
"z[140,1]",0.0324444444444444,0.177197008935809,0,0,0,0,1,1.0024601840839,4500,1,1
"z[141,1]",1,0,1,1,1,1,1,NA,1,0,1
"z[142,1]",0.0764444444444444,0.265737434110773,0,0,0,0,1,1.00236906984828,2615,1,1
"z[143,1]",0.0486666666666667,0.215194128644091,0,0,0,0,1,1.00287473148794,3361,1,1
"z[144,1]",0.0397777777777778,0.195458425118277,0,0,0,0,1,1.00120543806437,4500,1,1
"z[145,1]",0.380222222222222,0.48549527596758,0,0,0,1,1,1.00069717388452,2061,1,1
"z[146,1]",0.238666666666667,0.426315935343921,0,0,0,0,1,1.00040766661309,3706,1,1
"z[147,1]",0.289555555555556,0.453606503473637,0,0,0,1,1,1.00040292915661,3304,1,1
"z[148,1]",0.156444444444444,0.363316547020318,0,0,0,0,1,1.00057701364685,4157,1,1
"z[149,1]",1,0,1,1,1,1,1,NA,1,0,1
"z[150,1]",0.078,0.26820138867189,0,0,0,0,1,1.00062416435214,4500,1,1
"z[151,1]",1,0,1,1,1,1,1,NA,1,0,1
"z[152,1]",1,0,1,1,1,1,1,NA,1,0,1
"z[153,1]",0.0986666666666667,0.298247082996824,0,0,0,0,1,1.00105459746905,4057,1,1
"z[154,1]",0.130444444444444,0.336829190149167,0,0,0,0,1,0.999979656213994,4500,1,1
"z[155,1]",0.0377777777777778,0.190679566273877,0,0,0,0,1,1.00058007499184,4500,1,1
"z[156,1]",0.0844444444444444,0.278084096742923,0,0,0,0,1,1.00165703181463,3236,1,1
"z[157,1]",0.0328888888888889,0.17836557884435,0,0,0,0,1,1.00188128252368,4500,1,1
"z[158,1]",0.525333333333333,0.499413303264157,0,0,1,1,1,0.999800047474556,4500,1,1
"z[159,1]",1,0,1,1,1,1,1,NA,1,0,1
"z[160,1]",1,0,1,1,1,1,1,NA,1,0,1
"z[161,1]",0.000222222222222222,0.0149071198499986,0,0,0,0,0,1.29093398298233,4500,1,1
"z[162,1]",0.00444444444444444,0.0665257457028688,0,0,0,0,0,1.01925110119893,4500,1,1
"z[163,1]",0.00111111111111111,0.033318511930496,0,0,0,0,0,1.18898008348926,1730,1,1
"z[164,1]",1,0,1,1,1,1,1,NA,1,0,1
"z[165,1]",0.00422222222222222,0.0648485125458765,0,0,0,0,0,1.00106030922822,4500,1,1
"z[166,1]",1,0,1,1,1,1,1,NA,1,0,1
"z[167,1]",0.614666666666667,0.48672805644789,0,0,1,1,1,0.999834195297307,4500,1,1
"z[168,1]",0.932444444444444,0.251009569058353,0,1,1,1,1,0.999933826562008,4500,1,1
"z[169,1]",0.949555555555556,0.218884556868758,0,1,1,1,1,1.00012935365892,4500,1,1
"z[170,1]",0.262222222222222,0.439891724684666,0,0,0,1,1,1.0000551395525,4500,1,1
"z[171,1]",0.216222222222222,0.411713299819999,0,0,0,0,1,1.00006984774383,4500,1,1
"z[172,1]",0.425777777777778,0.49451532347518,0,0,0,1,1,0.999772307683974,4500,1,1
"z[173,1]",0.364888888888889,0.481452487777566,0,0,0,1,1,1.00078994490467,1922,1,1
"z[174,1]",0.529111111111111,0.499207294366043,0,0,1,1,1,1.00139753683858,1165,1,1
"z[175,1]",1,0,1,1,1,1,1,NA,1,0,1
"z[176,1]",1,0,1,1,1,1,1,NA,1,0,1
"z[177,1]",1,0,1,1,1,1,1,NA,1,0,1
"z[178,1]",0.0906666666666667,0.287166411122996,0,0,0,0,1,1.00412569592923,1362,1,1
"z[179,1]",0.078,0.26820138867189,0,0,0,0,1,1.00011006253092,4500,1,1
"z[180,1]",0.136888888888889,0.343768210354624,0,0,0,0,1,1.00121119988639,2748,1,1
"z[181,1]",0.222222222222222,0.41578591064293,0,0,0,0,1,0.999999142322335,4500,1,1
"z[182,1]",0.0711111111111111,0.257038913373673,0,0,0,0,1,1.00275242053816,2446,1,1
"z[183,1]",0.120222222222222,0.325257357975255,0,0,0,0,1,1.00004658030875,4500,1,1
"z[184,1]",0.00555555555555556,0.0743365276300976,0,0,0,0,0,1.00528243061712,4500,1,1
"z[185,1]",0.00422222222222222,0.0648485125458765,0,0,0,0,0,1.00930518134672,4500,1,1
"z[186,1]",0.598666666666667,0.49022269730602,0,0,1,1,1,1.00106918943239,1486,1,1
"z[187,1]",0.388666666666667,0.487501488932589,0,0,0,1,1,1.0021079143018,868,1,1
"z[188,1]",0.442,0.49667979643052,0,0,0,1,1,1.00242007570686,741,1,1
"z[189,1]",0.606,0.488689134788264,0,0,1,1,1,1.00129692985285,1288,1,1
"z[190,1]",0.581333333333333,0.493395365241133,0,0,1,1,1,1.00244300704046,744,1,1
"z[191,1]",0.583111111111111,0.49309895130924,0,0,1,1,1,1.00130673411645,1261,1,1
"z[192,1]",0.549333333333333,0.497615563629677,0,0,1,1,1,1.00113600710114,1379,1,1
"z[193,1]",0.582666666666667,0.493173672423185,0,0,1,1,1,1.00460720038775,420,1,1
"z[194,1]",0.536666666666667,0.498709158355544,0,0,1,1,1,1.00079346593214,1788,1,1
"z[195,1]",0.505555555555556,0.500024696236309,0,0,1,1,1,1.00132042313875,1215,1,1
"z[196,1]",0.571555555555556,0.494908306960527,0,0,1,1,1,1.00272589110185,673,1,1
"z[197,1]",0.450888888888889,0.497637549399386,0,0,0,1,1,1.00017520640444,3977,1,1
"z[198,1]",0.504666666666667,0.500033784144251,0,0,1,1,1,0.999995090257372,4500,1,1
"z[199,1]",0.357555555555556,0.479333535407764,0,0,0,1,1,1.0020929735587,904,1,1
"z[200,1]",0.692222222222222,0.461625359343403,0,0,1,1,1,1.00081215907925,2049,1,1
"z[1,2]",0.0144444444444444,0.119327141438796,0,0,0,0,0,1.00342008543062,4500,1,1
"z[2,2]",1,0,1,1,1,1,1,NA,1,0,1
"z[3,2]",0.01,0.0995098009695405,0,0,0,0,0,1.00267583642981,4500,1,1
"z[4,2]",0.0317777777777778,0.175427447850631,0,0,0,0,1,1.00164421714323,4500,1,1
"z[5,2]",0.410444444444444,0.491969092231259,0,0,0,1,1,1.00078300542345,1856,1,1
"z[6,2]",0.342888888888889,0.474727479864813,0,0,0,1,1,1.00111407876674,1534,1,1
"z[7,2]",0.525555555555556,0.499401978692167,0,0,1,1,1,1.00024537999074,3469,1,1
"z[8,2]",0.0208888888888889,0.143028281223349,0,0,0,0,0,1.00708861457169,3262,1,1
"z[9,2]",1,0,1,1,1,1,1,NA,1,0,1
"z[10,2]",1,0,1,1,1,1,1,NA,1,0,1
"z[11,2]",1,0,1,1,1,1,1,NA,1,0,1
"z[12,2]",1,0,1,1,1,1,1,NA,1,0,1
"z[13,2]",0.961555555555556,0.192288028053314,0,1,1,1,1,1.00345365847774,3549,1,1
"z[14,2]",1,0,1,1,1,1,1,NA,1,0,1
"z[15,2]",1,0,1,1,1,1,1,NA,1,0,1
"z[16,2]",0.022,0.146699633251375,0,0,0,0,0,1.00459013877542,4500,1,1
"z[17,2]",0.531555555555556,0.499058707458262,0,0,1,1,1,0.999834240934173,4500,1,1
"z[18,2]",0.076,0.265027562343912,0,0,0,0,1,0.999771662406262,4500,1,1
"z[19,2]",0.01,0.0995098009695405,0,0,0,0,0,1.01806423918924,2674,1,1
"z[20,2]",0.548666666666667,0.497681220282181,0,0,1,1,1,1.00024123334976,3520,1,1
"z[21,2]",0.00266666666666667,0.0515766100016907,0,0,0,0,0,1.1544895496194,946,1,1
"z[22,2]",1,0,1,1,1,1,1,NA,1,0,1
"z[23,2]",1,0,1,1,1,1,1,NA,1,0,1
"z[24,2]",1,0,1,1,1,1,1,NA,1,0,1
"z[25,2]",1,0,1,1,1,1,1,NA,1,0,1
"z[26,2]",1,0,1,1,1,1,1,NA,1,0,1
"z[27,2]",1,0,1,1,1,1,1,NA,1,0,1
"z[28,2]",0.008,0.08909412970305,0,0,0,0,0,1.01461565724293,4122,1,1
"z[29,2]",0.00511111111111111,0.071317023933587,0,0,0,0,0,1.0034649704122,4500,1,1
"z[30,2]",1,0,1,1,1,1,1,NA,1,0,1
"z[31,2]",1,0,1,1,1,1,1,NA,1,0,1
"z[32,2]",1,0,1,1,1,1,1,NA,1,0,1
"z[33,2]",0.351555555555556,0.4775090751966,0,0,0,1,1,1.00006727386334,4500,1,1
"z[34,2]",1,0,1,1,1,1,1,NA,1,0,1
"z[35,2]",1,0,1,1,1,1,1,NA,1,0,1
"z[36,2]",0.218,0.412933277874277,0,0,0,0,1,0.999974982147368,4500,1,1
"z[37,2]",0.0102222222222222,0.100598097789677,0,0,0,0,0,1.00563936447847,4500,1,1
"z[38,2]",0.227111111111111,0.419011539250935,0,0,0,0,1,1.00003241008955,4500,1,1
"z[39,2]",0.00222222222222222,0.0470932775447189,0,0,0,0,0,1.05921191003868,3455,1,1
"z[40,2]",0.00133333333333333,0.0364945409967103,0,0,0,0,0,1.03900028931154,4500,1,1
"z[41,2]",0.002,0.0446815807032984,0,0,0,0,0,1.01775579934475,4500,1,1
"z[42,2]",0.00222222222222222,0.0470932775447189,0,0,0,0,0,1.05921191003868,3455,1,1
"z[43,2]",0.0126666666666667,0.111843649799372,0,0,0,0,0,1.00013974300809,4500,1,1
"z[44,2]",0.0726666666666667,0.259617411331994,0,0,0,0,1,1.00000915040918,4500,1,1
"z[45,2]",1,0,1,1,1,1,1,NA,1,0,1
"z[46,2]",1,0,1,1,1,1,1,NA,1,0,1
"z[47,2]",0.000222222222222222,0.0149071198499986,0,0,0,0,0,1.29093398298233,4500,1,1
"z[48,2]",0.000666666666666667,0.0258141493083176,0,0,0,0,0,NA,4500,1,1
"z[49,2]",0.00444444444444444,0.0665257457028688,0,0,0,0,0,1.00467419516687,4500,1,1
"z[50,2]",0.000444444444444444,0.0210795079890303,0,0,0,0,0,1.10528646876281,4500,1,1
"z[51,2]",0.002,0.0446815807032984,0,0,0,0,0,1.01775579934475,4500,1,1
"z[52,2]",0.0693333333333333,0.25404835085059,0,0,0,0,1,1.00053863329845,4500,1,1
"z[53,2]",0.118666666666667,0.323431809105324,0,0,0,0,1,1.00273608968589,1559,1,1
"z[54,2]",0.000444444444444444,0.0210795079890303,0,0,0,0,0,1.10528646876281,4500,1,1
"z[55,2]",0.000222222222222222,0.0149071198499986,0,0,0,0,0,1.29093398298233,4500,1,1
"z[56,2]",0.00622222222222222,0.0786440117920529,0,0,0,0,0,1.00223843908715,4500,1,1
"z[57,2]",1,0,1,1,1,1,1,NA,1,0,1
"z[58,2]",0.0166666666666667,0.128033322512951,0,0,0,0,0,1.00731419579019,3952,1,1
"z[59,2]",0.00577777777777778,0.0758002102747823,0,0,0,0,0,1.0026465999129,4500,1,1
"z[60,2]",1,0,1,1,1,1,1,NA,1,0,1
"z[61,2]",0.0322222222222222,0.176609404971474,0,0,0,0,1,1.0015903759832,4500,1,1
"z[62,2]",0.136888888888889,0.343768210354624,0,0,0,0,1,1.00156000426887,2239,1,1
"z[63,2]",0.0655555555555556,0.247531090191705,0,0,0,0,1,0.999712661558372,4500,1,1
"z[64,2]",0.0628888888888889,0.242789983053629,0,0,0,0,1,1.00141599496682,4500,1,1
"z[65,2]",0.0948888888888889,0.293093973751269,0,0,0,0,1,0.999970733615726,4500,1,1
"z[66,2]",0.0677777777777778,0.251392113273443,0,0,0,0,1,1.00011730715419,4500,1,1
"z[67,2]",0.0513333333333333,0.220701260655139,0,0,0,0,1,1.00450275925963,2108,1,1
"z[68,2]",0.0591111111111111,0.23585874953463,0,0,0,0,1,1.00735169579326,1166,1,1
"z[69,2]",0.0193333333333333,0.137709003796433,0,0,0,0,0,1.00213255143326,4500,1,1
"z[70,2]",0.00688888888888889,0.0827221418662089,0,0,0,0,0,1.05013528605508,1346,1,1
"z[71,2]",0.0608888888888889,0.239152967592038,0,0,0,0,1,1.00328999547132,2408,1,1
"z[72,2]",0.254666666666667,0.435722096383381,0,0,0,1,1,1.00053239900357,3044,1,1
"z[73,2]",1,0,1,1,1,1,1,NA,1,0,1
"z[74,2]",1,0,1,1,1,1,1,NA,1,0,1
"z[75,2]",1,0,1,1,1,1,1,NA,1,0,1
"z[76,2]",0.971111111111111,0.167512855228826,0,1,1,1,1,1.00427945717512,3840,1,1
"z[77,2]",0.00266666666666667,0.0515766100016907,0,0,0,0,0,1.02969958135743,4500,1,1
"z[78,2]",0.0117777777777778,0.107896472423584,0,0,0,0,0,1.00039490350482,4500,1,1
"z[79,2]",1,0,1,1,1,1,1,NA,1,0,1
"z[80,2]",0.830888888888889,0.37489168457024,0,1,1,1,1,0.999975839569078,4500,1,1
"z[81,2]",1,0,1,1,1,1,1,NA,1,0,1
"z[82,2]",0.00377777777777778,0.0613542394088465,0,0,0,0,0,1.01164843669904,4500,1,1
"z[83,2]",0.00333333333333333,0.0576451269226114,0,0,0,0,0,1.00631011246591,4500,1,1
"z[84,2]",1,0,1,1,1,1,1,NA,1,0,1
"z[85,2]",1,0,1,1,1,1,1,NA,1,0,1
"z[86,2]",0.000888888888888889,0.0298042977535084,0,0,0,0,0,1.02957562893154,4500,1,1
"z[87,2]",0.002,0.0446815807032984,0,0,0,0,0,1.16859304692913,1124,1,1
"z[88,2]",0.0106666666666667,0.102738670891514,0,0,0,0,0,1.00560092183251,4500,1,1
"z[89,2]",0.122666666666667,0.328090652606978,0,0,0,0,1,1.0008356190843,3971,1,1
"z[90,2]",0.895777777777778,0.30558256148604,0,1,1,1,1,1.00051722416769,4500,1,1
"z[91,2]",0.863777777777778,0.343062504722754,0,1,1,1,1,1.0002149003429,4500,1,1
"z[92,2]",0.0524444444444444,0.222946339423924,0,0,0,0,1,1.00368192997951,2498,1,1
"z[93,2]",0.840888888888889,0.365820316837122,0,1,1,1,1,1.00063345346468,3855,1,1
"z[94,2]",0.143111111111111,0.350225039406466,0,0,0,0,1,1.00182782693707,1881,1,1
"z[95,2]",0.0266666666666667,0.161125183440798,0,0,0,0,1,1.01648659048602,1124,1,1
"z[96,2]",1,0,1,1,1,1,1,NA,1,0,1
"z[97,2]",0.0131111111111111,0.113763288874888,0,0,0,0,0,1.01285473672414,2880,1,1
"z[98,2]",1,0,1,1,1,1,1,NA,1,0,1
"z[99,2]",0.00688888888888889,0.0827221418662089,0,0,0,0,0,1.0033393216296,4500,1,1
"z[100,2]",0.166444444444444,0.372520508798759,0,0,0,0,1,1.00144173842042,2027,1,1
"z[101,2]",0.00488888888888889,0.069757214702053,0,0,0,0,0,1.0189302213851,4500,1,1
"z[102,2]",0,0,0,0,0,0,0,NA,1,1,1
"z[103,2]",0.000666666666666667,0.0258141493083176,0,0,0,0,0,1.29167562882982,1500,1,1
"z[104,2]",0.00222222222222222,0.0470932775447189,0,0,0,0,0,1.00465090130556,4500,1,1
"z[105,2]",0.836666666666667,0.369710603319289,0,1,1,1,1,0.99977772414126,4500,1,1
"z[106,2]",1,0,1,1,1,1,1,NA,1,0,1
"z[107,2]",1,0,1,1,1,1,1,NA,1,0,1
"z[108,2]",1,0,1,1,1,1,1,NA,1,0,1
"z[109,2]",0.00155555555555556,0.0394142235807543,0,0,0,0,0,1.13197091684193,1967,1,1
"z[110,2]",0.00133333333333333,0.0364945409967103,0,0,0,0,0,1.03900028931154,4500,1,1
"z[111,2]",0,0,0,0,0,0,0,NA,1,1,1
"z[112,2]",0.000666666666666667,0.0258141493083176,0,0,0,0,0,1.13377982835195,4498,1,1
"z[113,2]",0.000222222222222222,0.0149071198499986,0,0,0,0,0,1.29093398298233,4500,1,1
"z[114,2]",0.00333333333333333,0.0576451269226114,0,0,0,0,0,NA,4500,1,1
"z[115,2]",0.00288888888888889,0.0536766566849176,0,0,0,0,0,1.01987494187977,4500,1,1
"z[116,2]",0.00133333333333333,0.0364945409967103,0,0,0,0,0,1.03900028931154,4500,1,1
"z[117,2]",0.0722222222222222,0.258884272233404,0,0,0,0,1,1.00100601181074,4500,1,1
"z[118,2]",1,0,1,1,1,1,1,NA,1,0,1
"z[119,2]",1,0,1,1,1,1,1,NA,1,0,1
"z[120,2]",0.000888888888888889,0.0298042977535084,0,0,0,0,0,1.10540023626025,4497,1,1
"z[121,2]",1,0,1,1,1,1,1,NA,1,0,1
"z[122,2]",0,0,0,0,0,0,0,NA,1,1,1
"z[123,2]",0.0135555555555556,0.115649360747383,0,0,0,0,0,1.00350968420923,4500,1,1
"z[124,2]",0,0,0,0,0,0,0,NA,1,1,1
"z[125,2]",1,0,1,1,1,1,1,NA,1,0,1
"z[126,2]",1,0,1,1,1,1,1,NA,1,0,1
"z[127,2]",0.0533333333333333,0.224722297816234,0,0,0,0,1,1.00340854859266,2643,1,1
"z[128,2]",0.0477777777777778,0.213319417750194,0,0,0,0,1,1.00302485589471,3256,1,1
"z[129,2]",0.0624444444444444,0.241987910285634,0,0,0,0,1,0.999760254123682,4500,1,1
"z[130,2]",0.0553333333333333,0.228655142165391,0,0,0,0,1,1.00164224294097,4500,1,1
"z[131,2]",0.220888888888889,0.414891841242824,0,0,0,0,1,1.00295310142364,883,1,1
"z[132,2]",0.240222222222222,0.427265812099829,0,0,0,0,1,0.999669574524392,4500,1,1
"z[133,2]",0.155333333333333,0.362262407670956,0,0,0,0,1,1.00302489652947,1141,1,1
"z[134,2]",0.000222222222222222,0.0149071198499986,0,0,0,0,0,1.29093398298233,4500,1,1
"z[135,2]",0.000444444444444444,0.0210795079890303,0,0,0,0,0,1.10528646876281,4500,1,1
"z[136,2]",0.004,0.0631259497363628,0,0,0,0,0,1.05139723299814,2242,1,1
"z[137,2]",0,0,0,0,0,0,0,NA,1,1,1
"z[138,2]",0.615555555555556,0.486517742196654,0,0,1,1,1,1.00056698630051,2349,1,1
"z[139,2]",1,0,1,1,1,1,1,NA,1,0,1
"z[140,2]",0.0224444444444444,0.148140366379144,0,0,0,0,0,1.00354528310546,4500,1,1
"z[141,2]",1,0,1,1,1,1,1,NA,1,0,1
"z[142,2]",0.0402222222222222,0.196501846614733,0,0,0,0,1,1.00334088294679,3507,1,1
"z[143,2]",0.0373333333333333,0.189598375253176,0,0,0,0,1,0.999838493275336,4500,1,1
"z[144,2]",0.0364444444444444,0.187414119688263,0,0,0,0,1,1.00124373645548,4500,1,1
"z[145,2]",1,0,1,1,1,1,1,NA,1,0,1
"z[146,2]",1,0,1,1,1,1,1,NA,1,0,1
"z[147,2]",1,0,1,1,1,1,1,NA,1,0,1
"z[148,2]",0.00133333333333333,0.0364945409967103,0,0,0,0,0,1.03900028931154,4500,1,1
"z[149,2]",0.982666666666667,0.130524613834426,1,1,1,1,1,1.00271420343828,4500,0,1
"z[150,2]",0.00866666666666667,0.0927009450571682,0,0,0,0,0,1.01820494533601,3053,1,1
"z[151,2]",0.979777777777778,0.140775309913555,1,1,1,1,1,1.0053378545582,4410,0,1
"z[152,2]",1,0,1,1,1,1,1,NA,1,0,1
"z[153,2]",0.00355555555555556,0.0595289935189017,0,0,0,0,0,1.01316180066133,4500,1,1
"z[154,2]",0.00511111111111111,0.071317023933587,0,0,0,0,0,1.05827885734145,1538,1,1
"z[155,2]",0.00355555555555556,0.0595289935189017,0,0,0,0,0,1.0016276586034,4500,1,1
"z[156,2]",0.0148888888888889,0.121121715563244,0,0,0,0,0,1.00827985690818,3909,1,1
"z[157,2]",0.00733333333333333,0.0853297931213479,0,0,0,0,0,1.00930722190751,4500,1,1
"z[158,2]",1,0,1,1,1,1,1,NA,1,0,1
"z[159,2]",1,0,1,1,1,1,1,NA,1,0,1
"z[160,2]",1,0,1,1,1,1,1,NA,1,0,1
"z[161,2]",0.002,0.0446815807032984,0,0,0,0,0,1.05117977239476,4492,1,1
"z[162,2]",0.0271111111111111,0.162425248725456,0,0,0,0,1,1.0035166153039,4500,1,1
"z[163,2]",0.00733333333333333,0.0853297931213479,0,0,0,0,0,1.00106117530681,4500,1,1
"z[164,2]",1,0,1,1,1,1,1,NA,1,0,1
"z[165,2]",0.00511111111111111,0.071317023933587,0,0,0,0,0,1.01186096147377,4500,1,1
"z[166,2]",1,0,1,1,1,1,1,NA,1,0,1
"z[167,2]",0.0382222222222222,0.191753630840733,0,0,0,0,1,1.00208666789057,4500,1,1
"z[168,2]",1,0,1,1,1,1,1,NA,1,0,1
"z[169,2]",1,0,1,1,1,1,1,NA,1,0,1
"z[170,2]",1,0,1,1,1,1,1,NA,1,0,1
"z[171,2]",0.474,0.499379032047168,0,0,0,1,1,0.999939612821563,4500,1,1
"z[172,2]",0.612888888888889,0.487143545643263,0,0,1,1,1,0.999711766913937,4500,1,1
"z[173,2]",0.646888888888889,0.477989985685628,0,0,1,1,1,1.00042795107961,2876,1,1
"z[174,2]",0.101777777777778,0.302389453504865,0,0,0,0,1,1.00178770587946,2569,1,1
"z[175,2]",0.173555555555556,0.378768934845247,0,0,0,0,1,1.00066243841703,3505,1,1
"z[176,2]",1,0,1,1,1,1,1,NA,1,0,1
"z[177,2]",0.0104444444444444,0.10167426066326,0,0,0,0,0,1.01081582404037,4272,1,1
"z[178,2]",0.167333333333333,0.373314691159151,0,0,0,0,1,0.999784907336843,4500,1,1
"z[179,2]",0.144666666666667,0.35180353283733,0,0,0,0,1,1.00098103584803,3083,1,1
"z[180,2]",0.06,0.237513233566337,0,0,0,0,1,1.00066721943387,4500,1,1
"z[181,2]",0.0957777777777778,0.294318950732983,0,0,0,0,1,1.00177746329041,2728,1,1
"z[182,2]",0.032,0.176019558815419,0,0,0,0,1,1.00661413228611,2299,1,1
"z[183,2]",0.0555555555555556,0.229086879157383,0,0,0,0,1,1.00117984641532,4500,1,1
"z[184,2]",0,0,0,0,0,0,0,NA,1,1,1
"z[185,2]",0.00177777777777778,0.0421308880870312,0,0,0,0,0,1.05041941929871,4500,1,1
"z[186,2]",0.683111111111111,0.465315415815657,0,0,1,1,1,0.999850329411935,4500,1,1
"z[187,2]",0.500444444444444,0.500055367263675,0,0,1,1,1,1.0002316982729,3544,1,1
"z[188,2]",0.548444444444444,0.497702905421648,0,0,1,1,1,1.000271332451,3342,1,1
"z[189,2]",0.626666666666667,0.483743276165097,0,0,1,1,1,0.999765372775038,4500,1,1
"z[190,2]",0.589111111111111,0.492049807202756,0,0,1,1,1,0.999866758515285,4500,1,1
"z[191,2]",0.691333333333333,0.461994574038951,0,0,1,1,1,1.00010229501039,4500,1,1
"z[192,2]",0.662666666666667,0.472852241248564,0,0,1,1,1,1.00036012546188,3225,1,1
"z[193,2]",0.609333333333333,0.487954027691849,0,0,1,1,1,0.999858911672539,4500,1,1
"z[194,2]",0.648888888888889,0.477370651982484,0,0,1,1,1,1.00071206773128,2101,1,1
"z[195,2]",0.587555555555556,0.492329045117813,0,0,1,1,1,0.9997792431577,4500,1,1
"z[196,2]",0.659111111111111,0.474060750452833,0,0,1,1,1,0.999875654288454,4500,1,1
"z[197,2]",0.499555555555556,0.500055367263675,0,0,0,1,1,1.00011294150333,4485,1,1
"z[198,2]",0.531333333333333,0.499072712041911,0,0,1,1,1,0.999703631381159,4500,1,1
"z[199,2]",0.454888888888889,0.498016167641992,0,0,0,1,1,0.999938138377801,4500,1,1
"z[200,2]",0.715333333333333,0.451305680299351,0,0,1,1,1,1.00032124468913,3746,1,1
"z[1,3]",1,0,1,1,1,1,1,NA,1,0,1
"z[2,3]",1,0,1,1,1,1,1,NA,1,0,1
"z[3,3]",0.00688888888888889,0.0827221418662089,0,0,0,0,0,1.05940673312369,1118,1,1
"z[4,3]",1,0,1,1,1,1,1,NA,1,0,1
"z[5,3]",0.563333333333333,0.496027786758685,0,0,1,1,1,1.00006706125543,4500,1,1
"z[6,3]",0.493111111111111,0.50000810049994,0,0,0,1,1,1.00093417147872,1583,1,1
"z[7,3]",0.804,0.397012627570361,0,1,1,1,1,1.00006271659634,4500,1,1
"z[8,3]",1,0,1,1,1,1,1,NA,1,0,1
"z[9,3]",1,0,1,1,1,1,1,NA,1,0,1
"z[10,3]",1,0,1,1,1,1,1,NA,1,0,1
"z[11,3]",1,0,1,1,1,1,1,NA,1,0,1
"z[12,3]",1,0,1,1,1,1,1,NA,1,0,1
"z[13,3]",0.943333333333333,0.231230268797726,0,1,1,1,1,1.00163590823947,4500,1,1
"z[14,3]",1,0,1,1,1,1,1,NA,1,0,1
"z[15,3]",1,0,1,1,1,1,1,NA,1,0,1
"z[16,3]",1,0,1,1,1,1,1,NA,1,0,1
"z[17,3]",1,0,1,1,1,1,1,NA,1,0,1
"z[18,3]",0.522666666666667,0.499541465674256,0,0,1,1,1,0.999724912911677,4500,1,1
"z[19,3]",0.0117777777777778,0.107896472423584,0,0,0,0,0,0.999848744817661,4500,1,1
"z[20,3]",1,0,1,1,1,1,1,NA,1,0,1
"z[21,3]",1,0,1,1,1,1,1,NA,1,0,1
"z[22,3]",0.0104444444444444,0.10167426066326,0,0,0,0,0,1.00811255652737,4500,1,1
"z[23,3]",1,0,1,1,1,1,1,NA,1,0,1
"z[24,3]",1,0,1,1,1,1,1,NA,1,0,1
"z[25,3]",1,0,1,1,1,1,1,NA,1,0,1
"z[26,3]",1,0,1,1,1,1,1,NA,1,0,1
"z[27,3]",1,0,1,1,1,1,1,NA,1,0,1
"z[28,3]",0.00555555555555556,0.0743365276300976,0,0,0,0,0,1.01237449509755,4500,1,1
"z[29,3]",0.00644444444444444,0.0800271001985887,0,0,0,0,0,1.01091755903792,4500,1,1
"z[30,3]",0.996666666666667,0.0576451269226115,1,1,1,1,1,1.04359150017258,3205,0,1
"z[31,3]",1,0,1,1,1,1,1,NA,1,0,1
"z[32,3]",1,0,1,1,1,1,1,NA,1,0,1
"z[33,3]",1,0,1,1,1,1,1,NA,1,0,1
"z[34,3]",1,0,1,1,1,1,1,NA,1,0,1
"z[35,3]",1,0,1,1,1,1,1,NA,1,0,1
"z[36,3]",1,0,1,1,1,1,1,NA,1,0,1
"z[37,3]",0.00177777777777778,0.0421308880870312,0,0,0,0,0,1.0296375030843,4500,1,1
"z[38,3]",0.00111111111111111,0.033318511930496,0,0,0,0,0,1.11603919183554,3212,1,1
"z[39,3]",0.000888888888888889,0.0298042977535084,0,0,0,0,0,1.02957562893154,4500,1,1
"z[40,3]",0.000888888888888889,0.0298042977535084,0,0,0,0,0,1.10540023626025,4497,1,1
"z[41,3]",0.00111111111111111,0.033318511930496,0,0,0,0,0,1.29241964534825,900,1,1
"z[42,3]",0.000222222222222222,0.0149071198499986,0,0,0,0,0,1.29093398298233,4500,1,1
"z[43,3]",0.00222222222222222,0.0470932775447189,0,0,0,0,0,1.00465090130556,4500,1,1
"z[44,3]",0.0533333333333333,0.224722297816234,0,0,0,0,1,1.00091484497488,4500,1,1
"z[45,3]",1,0,1,1,1,1,1,NA,1,0,1
"z[46,3]",1,0,1,1,1,1,1,NA,1,0,1
"z[47,3]",0.038,0.191217481839897,0,0,0,0,1,1.00928043271256,1411,1,1
"z[48,3]",0.0113333333333333,0.105864911172911,0,0,0,0,0,1.00377368174571,4500,1,1
"z[49,3]",0.0211111111111111,0.143770739157005,0,0,0,0,0,1.00828777283162,2772,1,1
"z[50,3]",0.0153333333333333,0.122888478420367,0,0,0,0,0,1.00386272994513,4500,1,1
"z[51,3]",0.0162222222222222,0.126343218950737,0,0,0,0,0,1.00092384269308,4500,1,1
"z[52,3]",0.0497777777777778,0.217509687264132,0,0,0,0,1,1.00139838869286,4500,1,1
"z[53,3]",0.110888888888889,0.314029389601949,0,0,0,0,1,1.00108885214235,3573,1,1
"z[54,3]",0,0,0,0,0,0,0,NA,1,1,1
"z[55,3]",0,0,0,0,0,0,0,NA,1,1,1
"z[56,3]",0.000222222222222222,0.0149071198499986,0,0,0,0,0,1.29093398298233,4500,1,1
"z[57,3]",1,0,1,1,1,1,1,NA,1,0,1
"z[58,3]",1,0,1,1,1,1,1,NA,1,0,1
"z[59,3]",0.139555555555556,0.346563836545115,0,0,0,0,1,0.999822231632407,4500,1,1
"z[60,3]",0.933111111111111,0.24985723616271,0,1,1,1,1,1.00028034221023,4500,1,1
"z[61,3]",0.0177777777777778,0.132157518294075,0,0,0,0,0,1.0012011797756,4500,1,1
"z[62,3]",0.0906666666666667,0.287166411122996,0,0,0,0,1,1.0013608697515,3568,1,1
"z[63,3]",0.0324444444444444,0.177197008935809,0,0,0,0,1,1.00089092612496,4500,1,1
"z[64,3]",0.0335555555555556,0.180102161070095,0,0,0,0,1,1.00053427613986,4500,1,1
"z[65,3]",0.0424444444444444,0.201623280764707,0,0,0,0,1,1.00021903709439,4500,1,1
"z[66,3]",0.0406666666666667,0.19753875656879,0,0,0,0,1,1.00117313179146,4500,1,1
"z[67,3]",0.0362222222222222,0.186863405673864,0,0,0,0,1,1.00247602278608,4500,1,1
"z[68,3]",0.0264444444444444,0.160470739436839,0,0,0,0,1,1.00548001234477,3322,1,1
"z[69,3]",0.022,0.146699633251375,0,0,0,0,0,1.00459013877542,4500,1,1
"z[70,3]",0.0133333333333333,0.11471041653724,0,0,0,0,0,1.00476898710865,4500,1,1
"z[71,3]",0.068,0.251773880070849,0,0,0,0,1,0.99983251285931,4500,1,1
"z[72,3]",0.346444444444444,0.475889712276878,0,0,0,1,1,0.99969020717641,4500,1,1
"z[73,3]",0.855777777777778,0.351353961248913,0,1,1,1,1,1.0007784945993,3634,1,1
"z[74,3]",0.956222222222222,0.204623040065984,0,1,1,1,1,1.00094631340426,4500,1,1
"z[75,3]",0.919111111111111,0.272694703874728,0,1,1,1,1,0.999697875580792,4500,1,1
"z[76,3]",1,0,1,1,1,1,1,NA,1,0,1
"z[77,3]",0.000666666666666667,0.0258141493083176,0,0,0,0,0,1.13377982835195,4498,1,1
"z[78,3]",0.00866666666666667,0.0927009450571682,0,0,0,0,0,1.00066835234467,4500,1,1
"z[79,3]",1,0,1,1,1,1,1,NA,1,0,1
"z[80,3]",0.897555555555556,0.303265589918635,0,1,1,1,1,1.00072907457358,4500,1,1
"z[81,3]",0.028,0.164991058376806,0,0,0,0,1,1.01504981730969,1171,1,1
"z[82,3]",0.0106666666666667,0.102738670891514,0,0,0,0,0,1.00231639746635,4500,1,1
"z[83,3]",0.00933333333333333,0.0961679644942985,0,0,0,0,0,1.00567449218146,4500,1,1
"z[84,3]",1,0,1,1,1,1,1,NA,1,0,1
"z[85,3]",1,0,1,1,1,1,1,NA,1,0,1
"z[86,3]",0.000222222222222222,0.0149071198499986,0,0,0,0,0,1.29093398298233,4500,1,1
"z[87,3]",0.00133333333333333,0.0364945409967103,0,0,0,0,0,1.1055143248586,2997,1,1
"z[88,3]",0.0102222222222222,0.100598097789677,0,0,0,0,0,1.01129919799033,4182,1,1
"z[89,3]",0.00666666666666667,0.0813860808385347,0,0,0,0,0,1.01128187735177,4500,1,1
"z[90,3]",0.932444444444444,0.251009569058353,0,1,1,1,1,1.00023173749836,4500,1,1
"z[91,3]",0.928222222222222,0.258148285687458,0,1,1,1,1,1.00090645286856,4500,1,1
"z[92,3]",0.0311111111111111,0.173637293967947,0,0,0,0,1,1.00504660727227,3068,1,1
"z[93,3]",0.913111111111111,0.281703469504598,0,1,1,1,1,1.00336576570529,1694,1,1
"z[94,3]",0.0884444444444445,0.28397173218309,0,0,0,0,1,1.00004579764541,4500,1,1
"z[95,3]",0.00911111111111111,0.0950268670194558,0,0,0,0,0,1.01069346456887,4500,1,1
"z[96,3]",1,0,1,1,1,1,1,NA,1,0,1
"z[97,3]",0.006,0.0772355205065475,0,0,0,0,0,1.04809240517265,1611,1,1
"z[98,3]",0.00177777777777778,0.0421308880870312,0,0,0,0,0,1.0296375030843,4500,1,1
"z[99,3]",0.209555555555556,0.407036659542908,0,0,0,0,1,1.00094478308332,2358,1,1
"z[100,3]",0.02,0.140015558148628,0,0,0,0,0,1.00559131577119,4269,1,1
"z[101,3]",0.0846666666666667,0.278415961965736,0,0,0,0,1,1.00336930545393,1745,1,1
"z[102,3]",0.00733333333333333,0.0853297931213479,0,0,0,0,0,1.00930722190751,4500,1,1
"z[103,3]",0.0182222222222222,0.133769014787178,0,0,0,0,0,1.01114182199382,2400,1,1
"z[104,3]",0.00222222222222222,0.0470932775447189,0,0,0,0,0,1.03308734033364,4500,1,1
"z[105,3]",0.900444444444444,0.299439764034771,0,1,1,1,1,1.00089148481771,4500,1,1
"z[106,3]",0.892888888888889,0.309288827266365,0,1,1,1,1,1.00115383203362,3503,1,1
"z[107,3]",0.509555555555556,0.499964237687741,0,0,1,1,1,1.00026777087981,3333,1,1
"z[108,3]",1,0,1,1,1,1,1,NA,1,0,1
"z[109,3]",0.00711111111111111,0.0840363764582043,0,0,0,0,0,1.01326495832306,4500,1,1
"z[110,3]",0,0,0,0,0,0,0,NA,1,1,1
"z[111,3]",0,0,0,0,0,0,0,NA,1,1,1
"z[112,3]",0.000222222222222222,0.0149071198499986,0,0,0,0,0,1.29093398298233,4500,1,1
"z[113,3]",0,0,0,0,0,0,0,NA,1,1,1
"z[114,3]",0.00111111111111111,0.033318511930496,0,0,0,0,0,1.01912206739455,4500,1,1
"z[115,3]",0.000444444444444444,0.0210795079890303,0,0,0,0,0,1.2913045102833,2250,1,1
"z[116,3]",0.00111111111111111,0.033318511930496,0,0,0,0,0,1.11603919183554,3212,1,1
"z[117,3]",1,0,1,1,1,1,1,NA,1,0,1
"z[118,3]",1,0,1,1,1,1,1,NA,1,0,1
"z[119,3]",1,0,1,1,1,1,1,NA,1,0,1
"z[120,3]",0.0173333333333333,0.130524613834426,0,0,0,0,0,1.00297180826674,4500,1,1
"z[121,3]",1,0,1,1,1,1,1,NA,1,0,1
"z[122,3]",0,0,0,0,0,0,0,NA,1,1,1
"z[123,3]",0,0,0,0,0,0,0,NA,1,1,1
"z[124,3]",0.00155555555555556,0.0394142235807543,0,0,0,0,0,1.11102922004619,2420,1,1
"z[125,3]",1,0,1,1,1,1,1,NA,1,0,1
"z[126,3]",1,0,1,1,1,1,1,NA,1,0,1
"z[127,3]",0.0293333333333333,0.168757866791187,0,0,0,0,1,1.01850109470398,912,1,1
"z[128,3]",0.0315555555555556,0.174833049066281,0,0,0,0,1,1.00032637023285,4500,1,1
"z[129,3]",0.0308888888888889,0.173035889574341,0,0,0,0,1,1.01180368059012,1354,1,1
"z[130,3]",0.0306666666666667,0.17243210118093,0,0,0,0,1,1.00892523858771,1793,1,1
"z[131,3]",0.204888888888889,0.403665260137017,0,0,0,0,1,1.00065854209645,3104,1,1
"z[132,3]",0.258666666666667,0.437950733110633,0,0,0,1,1,1.00060023879452,2797,1,1
"z[133,3]",0.175777777777778,0.380673289472773,0,0,0,0,1,1.00153544152633,1848,1,1
"z[134,3]",0.000444444444444444,0.0210795079890303,0,0,0,0,0,1.2913045102833,2250,1,1
"z[135,3]",0.000222222222222222,0.0149071198499986,0,0,0,0,0,1.29093398298233,4500,1,1
"z[136,3]",0.0168888888888889,0.128869487630174,0,0,0,0,0,1.00189660688359,4500,1,1
"z[137,3]",0,0,0,0,0,0,0,NA,1,1,1
"z[138,3]",1,0,1,1,1,1,1,NA,1,0,1
"z[139,3]",1,0,1,1,1,1,1,NA,1,0,1
"z[140,3]",1,0,1,1,1,1,1,NA,1,0,1
"z[141,3]",0.516888888888889,0.499770217136365,0,0,1,1,1,0.99977628823563,4500,1,1
"z[142,3]",0.0517777777777778,0.221602690281563,0,0,0,0,1,0.999799758170769,4500,1,1
"z[143,3]",0.03,0.170606178387604,0,0,0,0,1,1.00978699837663,1680,1,1
"z[144,3]",0.0337777777777778,0.180676765936377,0,0,0,0,1,1.00664631606707,2175,1,1
"z[145,3]",0.0406666666666667,0.19753875656879,0,0,0,0,1,1.00262970277444,4318,1,1
"z[146,3]",0.00577777777777778,0.0758002102747823,0,0,0,0,0,1.02627326473635,3145,1,1
"z[147,3]",0.0115555555555556,0.106885749673393,0,0,0,0,0,1.02660388852525,1564,1,1
"z[148,3]",0.000888888888888889,0.0298042977535084,0,0,0,0,0,1.02957562893154,4500,1,1
"z[149,3]",1,0,1,1,1,1,1,NA,1,0,1
"z[150,3]",0.00755555555555556,0.0866033246050876,0,0,0,0,0,1.02055505860963,3100,1,1
"z[151,3]",1,0,1,1,1,1,1,NA,1,0,1
"z[152,3]",1,0,1,1,1,1,1,NA,1,0,1
"z[153,3]",0.00133333333333333,0.0364945409967103,0,0,0,0,0,1.10559375176454,2997,1,1
"z[154,3]",0.002,0.0446815807032984,0,0,0,0,0,1.06670438272335,3369,1,1
"z[155,3]",0.00133333333333333,0.0364945409967103,0,0,0,0,0,NA,4500,1,1
"z[156,3]",0.00733333333333333,0.0853297931213479,0,0,0,0,0,1.02781166807866,2341,1,1
"z[157,3]",0.00222222222222222,0.0470932775447189,0,0,0,0,0,1.03308734033364,4500,1,1
"z[158,3]",1,0,1,1,1,1,1,NA,1,0,1
"z[159,3]",1,0,1,1,1,1,1,NA,1,0,1
"z[160,3]",1,0,1,1,1,1,1,NA,1,0,1
"z[161,3]",0.00111111111111111,0.033318511930496,0,0,0,0,0,1.01912206739455,4500,1,1
"z[162,3]",1,0,1,1,1,1,1,NA,1,0,1
"z[163,3]",0.218888888888889,0.413539050686171,0,0,0,0,1,0.999920506368821,4500,1,1
"z[164,3]",1,0,1,1,1,1,1,NA,1,0,1
"z[165,3]",1,0,1,1,1,1,1,NA,1,0,1
"z[166,3]",1,0,1,1,1,1,1,NA,1,0,1
"z[167,3]",0.00355555555555556,0.0595289935189017,0,0,0,0,0,1.01316180066133,4500,1,1
"z[168,3]",0.992666666666667,0.0853297931213479,1,1,1,1,1,1.01736052486217,3781,0,1
"z[169,3]",1,0,1,1,1,1,1,NA,1,0,1
"z[170,3]",0.983111111111111,0.128869487630174,1,1,1,1,1,1.00109720407746,4500,0,1
"z[171,3]",0.714,0.451939585291061,0,0,1,1,1,0.999810478023651,4500,1,1
"z[172,3]",0.795555555555556,0.403339888149625,0,1,1,1,1,1.00085730286465,2576,1,1
"z[173,3]",0.847555555555556,0.35949110480899,0,1,1,1,1,0.999818765120451,4500,1,1
"z[174,3]",1,0,1,1,1,1,1,NA,1,0,1
"z[175,3]",1,0,1,1,1,1,1,NA,1,0,1
"z[176,3]",1,0,1,1,1,1,1,NA,1,0,1
"z[177,3]",0.00733333333333333,0.0853297931213479,0,0,0,0,0,1.00931792739194,4500,1,1
"z[178,3]",0.238666666666667,0.426315935343921,0,0,0,0,1,0.999729375195174,4500,1,1
"z[179,3]",0.207333333333333,0.405441428226822,0,0,0,0,1,1.00046691636252,3800,1,1
"z[180,3]",0.0355555555555556,0.185199838067563,0,0,0,0,1,1.00232456261122,4500,1,1
"z[181,3]",0.0517777777777778,0.221602690281563,0,0,0,0,1,1.0048426307659,1958,1,1
"z[182,3]",0.0304444444444444,0.171825903655918,0,0,0,0,1,1.00274403104625,4500,1,1
"z[183,3]",0.0331111111111111,0.178946588136641,0,0,0,0,1,1.00012382909935,4500,1,1
"z[184,3]",0,0,0,0,0,0,0,NA,1,1,1
"z[185,3]",0.00422222222222222,0.0648485125458765,0,0,0,0,0,1.0477357352367,2302,1,1
"z[186,3]",0.786666666666667,0.409706632041442,0,1,1,1,1,0.999950182428975,4500,1,1
"z[187,3]",0.566666666666667,0.495590693602781,0,0,1,1,1,1.00023586447392,3581,1,1
"z[188,3]",0.625555555555556,0.484032918756003,0,0,1,1,1,0.99969000106657,4500,1,1
"z[189,3]",0.683111111111111,0.465315415815657,0,0,1,1,1,1.00068057857005,2279,1,1
"z[190,3]",0.673777777777778,0.468881796977854,0,0,1,1,1,1.00045837694019,2874,1,1
"z[191,3]",0.754222222222222,0.430595244346508,0,1,1,1,1,1.0019139835977,1199,1,1
"z[192,3]",0.742222222222222,0.43745962320341,0,0,1,1,1,1.00044107070336,3379,1,1
"z[193,3]",0.685555555555556,0.464345830930596,0,0,1,1,1,0.999828072618779,4500,1,1
"z[194,3]",0.699555555555556,0.458502232009075,0,0,1,1,1,1.00075838023707,2182,1,1
"z[195,3]",0.656888888888889,0.474800982966751,0,0,1,1,1,0.999785211833738,4500,1,1
"z[196,3]",0.730222222222222,0.443893585669453,0,0,1,1,1,1.00039449505345,3497,1,1
"z[197,3]",0.588888888888889,0.492090009160827,0,0,1,1,1,0.999795874051591,4500,1,1
"z[198,3]",0.609111111111111,0.488003777793115,0,0,1,1,1,1.00016641488501,4205,1,1
"z[199,3]",0.498,0.500051564356009,0,0,0,1,1,1.00085345431288,1690,1,1
"z[200,3]",0.774888888888889,0.417701892453193,0,1,1,1,1,1.00001254372485,4500,1,1
"z[1,4]",1,0,1,1,1,1,1,NA,1,0,1
"z[2,4]",1,0,1,1,1,1,1,NA,1,0,1
"z[3,4]",0.00377777777777778,0.0613542394088465,0,0,0,0,0,1.02160266575274,4500,1,1
"z[4,4]",0.0248888888888889,0.155803807734777,0,0,0,0,0,1.00171377060499,4500,1,1
"z[5,4]",0.744,0.43647031369963,0,0,1,1,1,0.999913666907324,4500,1,1
"z[6,4]",0.687777777777778,0.463451439386995,0,0,1,1,1,0.99969283632653,4500,1,1
"z[7,4]",1,0,1,1,1,1,1,NA,1,0,1
"z[8,4]",0.0202222222222222,0.140775309913555,0,0,0,0,0,1.00123412788106,4500,1,1
"z[9,4]",0.534444444444444,0.498867602118495,0,0,1,1,1,0.99969691386406,4500,1,1
"z[10,4]",1,0,1,1,1,1,1,NA,1,0,1
"z[11,4]",1,0,1,1,1,1,1,NA,1,0,1
"z[12,4]",1,0,1,1,1,1,1,NA,1,0,1
"z[13,4]",1,0,1,1,1,1,1,NA,1,0,1
"z[14,4]",0.229777777777778,0.42073660196956,0,0,0,0,1,1.00057170341318,3126,1,1
"z[15,4]",1,0,1,1,1,1,1,NA,1,0,1
"z[16,4]",0.956,0.205117892035902,0,1,1,1,1,1.00280079512176,3787,1,1
"z[17,4]",1,0,1,1,1,1,1,NA,1,0,1
"z[18,4]",0.752666666666667,0.431510061922995,0,1,1,1,1,1.00022116801914,4500,1,1
"z[19,4]",0.0406666666666667,0.19753875656879,0,0,0,0,1,1.00291051042918,3931,1,1
"z[20,4]",1,0,1,1,1,1,1,NA,1,0,1
"z[21,4]",0.155333333333333,0.362262407670956,0,0,0,0,1,0.99974828086064,4500,1,1
"z[22,4]",1,0,1,1,1,1,1,NA,1,0,1
"z[23,4]",1,0,1,1,1,1,1,NA,1,0,1
"z[24,4]",0.0186666666666667,0.1353598679191,0,0,0,0,0,1.00775483085996,3343,1,1
"z[25,4]",1,0,1,1,1,1,1,NA,1,0,1
"z[26,4]",1,0,1,1,1,1,1,NA,1,0,1
"z[27,4]",1,0,1,1,1,1,1,NA,1,0,1
"z[28,4]",0.0562222222222222,0.230375949195969,0,0,0,0,1,1.00096193092384,4500,1,1
"z[29,4]",0.00311111111111111,0.0556966916350484,0,0,0,0,0,1.04516835562949,3306,1,1
"z[30,4]",1,0,1,1,1,1,1,NA,1,0,1
"z[31,4]",1,0,1,1,1,1,1,NA,1,0,1
"z[32,4]",1,0,1,1,1,1,1,NA,1,0,1
"z[33,4]",1,0,1,1,1,1,1,NA,1,0,1
"z[34,4]",1,0,1,1,1,1,1,NA,1,0,1
"z[35,4]",1,0,1,1,1,1,1,NA,1,0,1
"z[36,4]",0.0424444444444444,0.201623280764707,0,0,0,0,1,0.999771177743804,4500,1,1
"z[37,4]",1,0,1,1,1,1,1,NA,1,0,1
"z[38,4]",0.0124444444444444,0.11087069888737,0,0,0,0,0,1.00949698102493,4081,1,1
"z[39,4]",0.0115555555555556,0.106885749673393,0,0,0,0,0,1.00268268507519,4500,1,1
"z[40,4]",0.0191111111111111,0.136930797191431,0,0,0,0,0,1.03689371911808,684,1,1
"z[41,4]",0.000888888888888889,0.0298042977535084,0,0,0,0,0,1.02957562893154,4500,1,1
"z[42,4]",0.000888888888888889,0.0298042977535084,0,0,0,0,0,1.16587551740291,2570,1,1
"z[43,4]",0.00111111111111111,0.033318511930496,0,0,0,0,0,1.07137218653062,4500,1,1
"z[44,4]",1,0,1,1,1,1,1,NA,1,0,1
"z[45,4]",1,0,1,1,1,1,1,NA,1,0,1
"z[46,4]",1,0,1,1,1,1,1,NA,1,0,1
"z[47,4]",0.0626666666666667,0.24238938031912,0,0,0,0,1,1.00026659732954,4500,1,1
"z[48,4]",0.0128888888888889,0.11280777163711,0,0,0,0,0,1.00027587126278,4500,1,1
"z[49,4]",0.034,0.181249276657738,0,0,0,0,1,0.999872580388831,4500,1,1
"z[50,4]",0.0166666666666667,0.128033322512951,0,0,0,0,0,1.00487295294584,4500,1,1
"z[51,4]",0.0206666666666667,0.142281601882585,0,0,0,0,0,1.00038898679433,4500,1,1
"z[52,4]",0.04,0.195980956294358,0,0,0,0,1,1.00151813977878,4500,1,1
"z[53,4]",0.112888888888889,0.316492096335047,0,0,0,0,1,1.00183019306636,2313,1,1
"z[54,4]",0.000444444444444444,0.0210795079890303,0,0,0,0,0,1.2913045102833,2250,1,1
"z[55,4]",0.000444444444444444,0.0210795079890303,0,0,0,0,0,1.10528646876281,4500,1,1
"z[56,4]",0,0,0,0,0,0,0,NA,1,1,1
"z[57,4]",0.729333333333333,0.444353575457908,0,0,1,1,1,1.00127454857735,1574,1,1
"z[58,4]",1,0,1,1,1,1,1,NA,1,0,1
"z[59,4]",0.0431111111111111,0.203129792200249,0,0,0,0,1,1.00503225428865,2241,1,1
"z[60,4]",1,0,1,1,1,1,1,NA,1,0,1
"z[61,4]",0,0,0,0,0,0,0,NA,1,1,1
"z[62,4]",0.00133333333333333,0.0364945409967103,0,0,0,0,0,1.10559375176454,2997,1,1
"z[63,4]",0.000222222222222222,0.0149071198499986,0,0,0,0,0,1.29093398298233,4500,1,1
"z[64,4]",0.000222222222222222,0.0149071198499986,0,0,0,0,0,1.29093398298233,4500,1,1
"z[65,4]",0.00177777777777778,0.0421308880870312,0,0,0,0,0,1.05041941929871,4500,1,1
"z[66,4]",0.00155555555555556,0.0394142235807543,0,0,0,0,0,1.0097473778051,4500,1,1
"z[67,4]",0.00222222222222222,0.0470932775447189,0,0,0,0,0,1.24095660225656,616,1,1
"z[68,4]",0.00133333333333333,0.0364945409967103,0,0,0,0,0,1.03900028931154,4500,1,1
"z[69,4]",1,0,1,1,1,1,1,NA,1,0,1
"z[70,4]",0.190888888888889,0.393045354774839,0,0,0,0,1,0.999984816118825,4500,1,1
"z[71,4]",1,0,1,1,1,1,1,NA,1,0,1
"z[72,4]",1,0,1,1,1,1,1,NA,1,0,1
"z[73,4]",1,0,1,1,1,1,1,NA,1,0,1
"z[74,4]",1,0,1,1,1,1,1,NA,1,0,1
"z[75,4]",0.927333333333333,0.259617411331994,0,1,1,1,1,1.00012348485163,4500,1,1
"z[76,4]",1,0,1,1,1,1,1,NA,1,0,1
"z[77,4]",0.00377777777777778,0.0613542394088465,0,0,0,0,0,1.02160266575274,4500,1,1
"z[78,4]",0.0128888888888889,0.11280777163711,0,0,0,0,0,1.01328359692248,2832,1,1
"z[79,4]",1,0,1,1,1,1,1,NA,1,0,1
"z[80,4]",0.942444444444444,0.232926963317475,0,1,1,1,1,1.00470102108596,1820,1,1
"z[81,4]",0.0655555555555556,0.247531090191705,0,0,0,0,1,1.00117274547351,4500,1,1
"z[82,4]",1,0,1,1,1,1,1,NA,1,0,1
"z[83,4]",0.00822222222222222,0.0903129549063228,0,0,0,0,0,1.00555894923822,4500,1,1
"z[84,4]",0.892222222222222,0.310134007193376,0,1,1,1,1,1.00192458363213,2308,1,1
"z[85,4]",0.937111111111111,0.242789983053629,0,1,1,1,1,1.00182437728978,3927,1,1
"z[86,4]",0.000444444444444444,0.0210795079890303,0,0,0,0,0,1.10528646876281,4500,1,1
"z[87,4]",0.00111111111111111,0.033318511930496,0,0,0,0,0,1.01912206739455,4500,1,1
"z[88,4]",0.386,0.486884667310502,0,0,0,1,1,0.999718015576122,4500,1,1
"z[89,4]",0.0248888888888889,0.155803807734777,0,0,0,0,0,1.00346226038207,4500,1,1
"z[90,4]",0.959555555555556,0.197021109093834,0,1,1,1,1,1.0002724459707,4500,1,1
"z[91,4]",1,0,1,1,1,1,1,NA,1,0,1
"z[92,4]",0.00488888888888889,0.069757214702053,0,0,0,0,0,1.04174125794603,2292,1,1
"z[93,4]",1,0,1,1,1,1,1,NA,1,0,1
"z[94,4]",0.00133333333333333,0.0364945409967103,0,0,0,0,0,1.03900028931154,4500,1,1
"z[95,4]",0.0168888888888889,0.128869487630174,0,0,0,0,0,1.00561146760442,4500,1,1
"z[96,4]",0.0244444444444444,0.154441620272072,0,0,0,0,0,1.00449374758105,4313,1,1
"z[97,4]",0.00644444444444444,0.0800271001985887,0,0,0,0,0,1.01782862766394,4184,1,1
"z[98,4]",1,0,1,1,1,1,1,NA,1,0,1
"z[99,4]",0.00311111111111111,0.0556966916350484,0,0,0,0,0,1.01716357534615,4500,1,1
"z[100,4]",0.00155555555555556,0.0394142235807543,0,0,0,0,0,1.0097473778051,4500,1,1
"z[101,4]",1,0,1,1,1,1,1,NA,1,0,1
"z[102,4]",0.00911111111111111,0.0950268670194558,0,0,0,0,0,1.04429871909494,1165,1,1
"z[103,4]",0.0288888888888889,0.167512855228826,0,0,0,0,1,1.0051121211875,3247,1,1
"z[104,4]",0.00288888888888889,0.0536766566849176,0,0,0,0,0,1.00262879405446,4500,1,1
"z[105,4]",0.943333333333333,0.231230268797726,0,1,1,1,1,1.00434542042083,1995,1,1
"z[106,4]",0.896222222222222,0.305005940343398,0,1,1,1,1,0.999703716091185,4500,1,1
"z[107,4]",1,0,1,1,1,1,1,NA,1,0,1
"z[108,4]",1,0,1,1,1,1,1,NA,1,0,1
"z[109,4]",1,0,1,1,1,1,1,NA,1,0,1
"z[110,4]",0,0,0,0,0,0,0,NA,1,1,1
"z[111,4]",0.000444444444444444,0.0210795079890303,0,0,0,0,0,1.10528646876281,4500,1,1
"z[112,4]",0.000444444444444444,0.0210795079890303,0,0,0,0,0,1.10528646876281,4500,1,1
"z[113,4]",0.000222222222222222,0.0149071198499986,0,0,0,0,0,1.29093398298233,4500,1,1
"z[114,4]",0.00222222222222222,0.0470932775447189,0,0,0,0,0,1.0715859561293,2807,1,1
"z[115,4]",1,0,1,1,1,1,1,NA,1,0,1
"z[116,4]",0.00133333333333333,0.0364945409967103,0,0,0,0,0,NA,4500,1,1
"z[117,4]",1,0,1,1,1,1,1,NA,1,0,1
"z[118,4]",1,0,1,1,1,1,1,NA,1,0,1
"z[119,4]",1,0,1,1,1,1,1,NA,1,0,1
"z[120,4]",1,0,1,1,1,1,1,NA,1,0,1
"z[121,4]",1,0,1,1,1,1,1,NA,1,0,1
"z[122,4]",0.000444444444444444,0.0210795079890303,0,0,0,0,0,1.2913045102833,2250,1,1
"z[123,4]",0,0,0,0,0,0,0,NA,1,1,1
"z[124,4]",0.000888888888888889,0.0298042977535084,0,0,0,0,0,1.02957562893154,4500,1,1
"z[125,4]",0.964222222222222,0.185756281888117,0,1,1,1,1,0.999811740974031,4500,1,1
"z[126,4]",1,0,1,1,1,1,1,NA,1,0,1
"z[127,4]",0.00111111111111111,0.033318511930496,0,0,0,0,0,1.18898008348926,1730,1,1
"z[128,4]",0.00311111111111111,0.0556966916350484,0,0,0,0,0,1.04516835562949,3306,1,1
"z[129,4]",0.00155555555555556,0.0394142235807543,0,0,0,0,0,1.11102922004619,2420,1,1
"z[130,4]",0,0,0,0,0,0,0,NA,1,1,1
"z[131,4]",0.311333333333333,0.463090212604415,0,0,0,1,1,1.00013516338608,4500,1,1
"z[132,4]",0.346222222222222,0.475817934481609,0,0,0,1,1,1.00003727761665,4500,1,1
"z[133,4]",0.217333333333333,0.412477107072181,0,0,0,0,1,1.00056728976924,3272,1,1
"z[134,4]",0.002,0.0446815807032984,0,0,0,0,0,1.13431201396164,1498,1,1
"z[135,4]",0.000222222222222222,0.0149071198499986,0,0,0,0,0,1.29093398298233,4500,1,1
"z[136,4]",0.000666666666666667,0.0258141493083176,0,0,0,0,0,1.13377982835195,4498,1,1
"z[137,4]",0.000444444444444444,0.0210795079890303,0,0,0,0,0,1.10528646876281,4500,1,1
"z[138,4]",1,0,1,1,1,1,1,NA,1,0,1
"z[139,4]",1,0,1,1,1,1,1,NA,1,0,1
"z[140,4]",1,0,1,1,1,1,1,NA,1,0,1
"z[141,4]",1,0,1,1,1,1,1,NA,1,0,1
"z[142,4]",0.0584444444444444,0.234608019202615,0,0,0,0,1,1.00192168808172,4024,1,1
"z[143,4]",0.0402222222222222,0.196501846614733,0,0,0,0,1,1.00483121155695,2499,1,1
"z[144,4]",0.0424444444444444,0.201623280764707,0,0,0,0,1,1.00075489029828,4500,1,1
"z[145,4]",1,0,1,1,1,1,1,NA,1,0,1
"z[146,4]",0.00533333333333333,0.0728427622699364,0,0,0,0,0,1.03224110900926,2755,1,1
"z[147,4]",0.00266666666666667,0.0515766100016907,0,0,0,0,0,1.02967422250434,4500,1,1
"z[148,4]",0.000222222222222222,0.0149071198499986,0,0,0,0,0,1.29093398298233,4500,1,1
"z[149,4]",1,0,1,1,1,1,1,NA,1,0,1
"z[150,4]",0.160222222222222,0.366852788745443,0,0,0,0,1,1.0017317048271,1795,1,1
"z[151,4]",1,0,1,1,1,1,1,NA,1,0,1
"z[152,4]",1,0,1,1,1,1,1,NA,1,0,1
"z[153,4]",0.00244444444444444,0.0493863456663645,0,0,0,0,0,1.02752607886309,4500,1,1
"z[154,4]",0.00488888888888889,0.069757214702053,0,0,0,0,0,1.03056849282155,3179,1,1
"z[155,4]",0.016,0.125489041132367,0,0,0,0,0,1.01057160103184,2873,1,1
"z[156,4]",0.0131111111111111,0.113763288874888,0,0,0,0,0,1.00595615155855,4500,1,1
"z[157,4]",0.00488888888888889,0.069757214702053,0,0,0,0,0,1.03621672505691,2664,1,1
"z[158,4]",1,0,1,1,1,1,1,NA,1,0,1
"z[159,4]",1,0,1,1,1,1,1,NA,1,0,1
"z[160,4]",1,0,1,1,1,1,1,NA,1,0,1
"z[161,4]",0.0764444444444444,0.265737434110773,0,0,0,0,1,0.999909000313515,4500,1,1
"z[162,4]",1,0,1,1,1,1,1,NA,1,0,1
"z[163,4]",0.00911111111111111,0.0950268670194558,0,0,0,0,0,1.00358304809201,4500,1,1
"z[164,4]",1,0,1,1,1,1,1,NA,1,0,1
"z[165,4]",0.00333333333333333,0.0576451269226114,0,0,0,0,0,NA,4500,1,1
"z[166,4]",1,0,1,1,1,1,1,NA,1,0,1
"z[167,4]",0.00822222222222222,0.0903129549063228,0,0,0,0,0,1.00445707038135,4500,1,1
"z[168,4]",1,0,1,1,1,1,1,NA,1,0,1
"z[169,4]",1,0,1,1,1,1,1,NA,1,0,1
"z[170,4]",1,0,1,1,1,1,1,NA,1,0,1
"z[171,4]",1,0,1,1,1,1,1,NA,1,0,1
"z[172,4]",1,0,1,1,1,1,1,NA,1,0,1
"z[173,4]",1,0,1,1,1,1,1,NA,1,0,1
"z[174,4]",1,0,1,1,1,1,1,NA,1,0,1
"z[175,4]",1,0,1,1,1,1,1,NA,1,0,1
"z[176,4]",0.963333333333333,0.18796295738691,0,1,1,1,1,1.00185384373606,4500,1,1
"z[177,4]",1,0,1,1,1,1,1,NA,1,0,1
"z[178,4]",0.311555555555556,0.463180705671176,0,0,0,1,1,1.00040987299754,3146,1,1
"z[179,4]",0.253777777777778,0.435220300406757,0,0,0,1,1,1.00125762884179,1660,1,1
"z[180,4]",0.000444444444444444,0.0210795079890303,0,0,0,0,0,1.10528646876281,4500,1,1
"z[181,4]",0.000666666666666667,0.0258141493083176,0,0,0,0,0,1.13377982835195,4498,1,1
"z[182,4]",0.000444444444444444,0.0210795079890303,0,0,0,0,0,1.10528646876281,4500,1,1
"z[183,4]",0.000444444444444444,0.0210795079890303,0,0,0,0,0,1.10528646876281,4500,1,1
"z[184,4]",0.000222222222222222,0.0149071198499986,0,0,0,0,0,1.29093398298233,4500,1,1
"z[185,4]",0,0,0,0,0,0,0,NA,1,1,1
"z[186,4]",0.823111111111111,0.381617049472633,0,1,1,1,1,1.00219804915603,1363,1,1
"z[187,4]",0.604888888888889,0.488928873692955,0,0,1,1,1,0.999744815233632,4500,1,1
"z[188,4]",0.658222222222222,0.474358231604594,0,0,1,1,1,0.999960213994065,4500,1,1
"z[189,4]",0.703333333333333,0.456839067684736,0,0,1,1,1,1.00023914337639,4193,1,1
"z[190,4]",0.687333333333333,0.463631308019104,0,0,1,1,1,0.999700290822104,4500,1,1
"z[191,4]",0.792444444444444,0.405601781695743,0,1,1,1,1,1.00120742572874,1968,1,1
"z[192,4]",0.786,0.410172386899561,0,1,1,1,1,1.00021196397529,4500,1,1
"z[193,4]",0.741555555555556,0.437828176501353,0,0,1,1,1,0.999683417763411,4500,1,1
"z[194,4]",0.739777777777778,0.438804519166392,0,0,1,1,1,1.00111452162542,1802,1,1
"z[195,4]",0.672444444444444,0.469373914671421,0,0,1,1,1,0.999991250775851,4500,1,1
"z[196,4]",0.767333333333333,0.422578479909467,0,1,1,1,1,1.00095226830264,2180,1,1
"z[197,4]",0.591555555555556,0.491600737364081,0,0,1,1,1,0.999760934452164,4500,1,1
"z[198,4]",0.659777777777778,0.473836422485663,0,0,1,1,1,0.999856866267352,4500,1,1
"z[199,4]",0.510444444444444,0.499946454370276,0,0,1,1,1,0.999687166697188,4500,1,1
"z[200,4]",0.785333333333333,0.410636530918233,0,1,1,1,1,1.00154013272491,1579,1,1
"z[1,5]",1,0,1,1,1,1,1,NA,1,0,1
"z[2,5]",1,0,1,1,1,1,1,NA,1,0,1
"z[3,5]",0.00711111111111111,0.0840363764582043,0,0,0,0,0,1.00311461330671,4500,1,1
"z[4,5]",0.0206666666666667,0.142281601882585,0,0,0,0,0,1.01453500366977,1627,1,1
"z[5,5]",1,0,1,1,1,1,1,NA,1,0,1
"z[6,5]",1,0,1,1,1,1,1,NA,1,0,1
"z[7,5]",0.981111111111111,0.136147779728393,1,1,1,1,1,1.00508682714517,4500,0,1
"z[8,5]",0.140666666666667,0.347716010056626,0,0,0,0,1,1.00245966598736,1487,1,1
"z[9,5]",0.829111111111111,0.376453674828579,0,1,1,1,1,1.00044939965891,4500,1,1
"z[10,5]",0.985111111111111,0.121121715563244,1,1,1,1,1,1.00184056122518,4500,0,1
"z[11,5]",0.737777777777778,0.439891724684666,0,0,1,1,1,1.00270576180007,855,1,1
"z[12,5]",1,0,1,1,1,1,1,NA,1,0,1
"z[13,5]",1,0,1,1,1,1,1,NA,1,0,1
"z[14,5]",0.156888888888889,0.36373639680125,0,0,0,0,1,1.00036777773617,4500,1,1
"z[15,5]",1,0,1,1,1,1,1,NA,1,0,1
"z[16,5]",0.938666666666667,0.239967397948637,0,1,1,1,1,1.0007395697673,4500,1,1
"z[17,5]",0.949555555555556,0.218884556868758,0,1,1,1,1,1.00051510508944,4500,1,1
"z[18,5]",0.877555555555556,0.327834845547119,0,1,1,1,1,0.999835385007997,4500,1,1
"z[19,5]",0.00266666666666667,0.0515766100016907,0,0,0,0,0,1.0099762458543,4500,1,1
"z[20,5]",0.962222222222222,0.190679566273877,0,1,1,1,1,1.00247579175211,4500,1,1
"z[21,5]",0.196666666666667,0.39752233312673,0,0,0,0,1,1.00174947384412,1518,1,1
"z[22,5]",0.517111111111111,0.499762656369589,0,0,1,1,1,1.00056442280066,2235,1,1
"z[23,5]",1,0,1,1,1,1,1,NA,1,0,1
"z[24,5]",1,0,1,1,1,1,1,NA,1,0,1
"z[25,5]",0.978444444444444,0.14524324938423,1,1,1,1,1,1.01183063741895,1916,0,1
"z[26,5]",0.971555555555556,0.166257332410862,0,1,1,1,1,1.00681653645794,2510,1,1
"z[27,5]",0.977333333333333,0.148855006121055,1,1,1,1,1,1.00072080921672,4500,0,1
"z[28,5]",0.0244444444444444,0.154441620272072,0,0,0,0,0,1.01204023968086,1672,1,1
"z[29,5]",0.0184444444444444,0.13456697579197,0,0,0,0,0,1.00733377792701,3560,1,1
"z[30,5]",1,0,1,1,1,1,1,NA,1,0,1
"z[31,5]",1,0,1,1,1,1,1,NA,1,0,1
"z[32,5]",1,0,1,1,1,1,1,NA,1,0,1
"z[33,5]",1,0,1,1,1,1,1,NA,1,0,1
"z[34,5]",1,0,1,1,1,1,1,NA,1,0,1
"z[35,5]",1,0,1,1,1,1,1,NA,1,0,1
"z[36,5]",0.0535555555555556,0.225163550304364,0,0,0,0,1,0.999791445457853,4500,1,1
"z[37,5]",0.186222222222222,0.389329153792569,0,0,0,0,1,1.00005856091968,4500,1,1
"z[38,5]",0.00222222222222222,0.0470932775447189,0,0,0,0,0,1.05921191003868,3455,1,1
"z[39,5]",1,0,1,1,1,1,1,NA,1,0,1
"z[40,5]",1,0,1,1,1,1,1,NA,1,0,1
"z[41,5]",0.0193333333333333,0.137709003796433,0,0,0,0,0,1.00478139080512,4500,1,1
"z[42,5]",0.0215555555555556,0.14524324938423,0,0,0,0,0,1.00171460530655,4500,1,1
"z[43,5]",0.0271111111111111,0.162425248725456,0,0,0,0,1,1.00561624446212,3161,1,1
"z[44,5]",1,0,1,1,1,1,1,NA,1,0,1
"z[45,5]",0.326,0.468799358370439,0,0,0,1,1,1.00116400405185,1525,1,1
"z[46,5]",1,0,1,1,1,1,1,NA,1,0,1
"z[47,5]",0.084,0.277418641167487,0,0,0,0,1,1.00061487788161,4500,1,1
"z[48,5]",0.0115555555555556,0.106885749673393,0,0,0,0,0,0.999855785051379,4500,1,1
"z[49,5]",0.0442222222222222,0.205611312804703,0,0,0,0,1,1.00050881276373,4500,1,1
"z[50,5]",0.000222222222222222,0.0149071198499986,0,0,0,0,0,1.29093398298233,4500,1,1
"z[51,5]",0.00155555555555556,0.0394142235807543,0,0,0,0,0,1.0097473778051,4500,1,1
"z[52,5]",0.024,0.153066020038189,0,0,0,0,0,1.00061067511678,4500,1,1
"z[53,5]",0.114444444444444,0.318385678262224,0,0,0,0,1,1.00082438528707,4268,1,1
"z[54,5]",0.0173333333333333,0.130524613834426,0,0,0,0,0,1.00043185798723,4500,1,1
"z[55,5]",0.0284444444444444,0.166257332410862,0,0,0,0,1,1.00641492667446,2653,1,1
"z[56,5]",0.000222222222222222,0.0149071198499986,0,0,0,0,0,1.29093398298233,4500,1,1
"z[57,5]",1,0,1,1,1,1,1,NA,1,0,1
"z[58,5]",0.415777777777778,0.492910345326907,0,0,0,1,1,0.999986227427255,4500,1,1
"z[59,5]",1,0,1,1,1,1,1,NA,1,0,1
"z[60,5]",1,0,1,1,1,1,1,NA,1,0,1
"z[61,5]",0,0,0,0,0,0,0,NA,1,1,1
"z[62,5]",0,0,0,0,0,0,0,NA,1,1,1
"z[63,5]",0,0,0,0,0,0,0,NA,1,1,1
"z[64,5]",0,0,0,0,0,0,0,NA,1,1,1
"z[65,5]",0.008,0.08909412970305,0,0,0,0,0,1.01461565724293,4122,1,1
"z[66,5]",0.0155555555555556,0.123761803562895,0,0,0,0,0,1.0075761692162,4081,1,1
"z[67,5]",0.0177777777777778,0.132157518294075,0,0,0,0,0,0.999747542320217,4500,1,1
"z[68,5]",0.0217777777777778,0.145973426820025,0,0,0,0,0,1.00118702466128,4500,1,1
"z[69,5]",0.0266666666666667,0.161125183440798,0,0,0,0,1,1.00663894850308,2738,1,1
"z[70,5]",1,0,1,1,1,1,1,NA,1,0,1
"z[71,5]",1,0,1,1,1,1,1,NA,1,0,1
"z[72,5]",1,0,1,1,1,1,1,NA,1,0,1
"z[73,5]",1,0,1,1,1,1,1,NA,1,0,1
"z[74,5]",1,0,1,1,1,1,1,NA,1,0,1
"z[75,5]",1,0,1,1,1,1,1,NA,1,0,1
"z[76,5]",0.995777777777778,0.0648485125458766,1,1,1,1,1,1.01734330121673,4500,0,1
"z[77,5]",0.004,0.0631259497363628,0,0,0,0,0,1.03082188158496,3843,1,1
"z[78,5]",0.418666666666667,0.493395365241133,0,0,0,1,1,1.00019342765526,3903,1,1
"z[79,5]",1,0,1,1,1,1,1,NA,1,0,1
"z[80,5]",0.974666666666667,0.15715293120877,0,1,1,1,1,1.00558202461279,3402,1,1
"z[81,5]",1,0,1,1,1,1,1,NA,1,0,1
"z[82,5]",0.118,0.322643972732636,0,0,0,0,1,1.00012412914154,4500,1,1
"z[83,5]",0.158888888888889,0.365613067283923,0,0,0,0,1,1.00062052309948,3917,1,1
"z[84,5]",0.891777777777778,0.310695388301107,0,1,1,1,1,1.00037767319175,4500,1,1
"z[85,5]",1,0,1,1,1,1,1,NA,1,0,1
"z[86,5]",0.00133333333333333,0.0364945409967103,0,0,0,0,0,1.1055143248586,2997,1,1
"z[87,5]",0.00977777777777778,0.0984089676386699,0,0,0,0,0,1.00307431864487,4500,1,1
"z[88,5]",0.0146666666666667,0.120227982292648,0,0,0,0,0,1.00072919735341,4500,1,1
"z[89,5]",0.00444444444444444,0.0665257457028688,0,0,0,0,0,1.01925110119893,4500,1,1
"z[90,5]",0.982444444444444,0.13134379171788,1,1,1,1,1,1.00198172977905,4500,0,1
"z[91,5]",0.822888888888889,0.381805133428139,0,1,1,1,1,0.999866264131795,4500,1,1
"z[92,5]",0.00755555555555556,0.0866033246050876,0,0,0,0,0,1.00010538829945,4500,1,1
"z[93,5]",0.847111111111111,0.35992035758183,0,1,1,1,1,1.00300413262613,1163,1,1
"z[94,5]",0.01,0.0995098009695405,0,0,0,0,0,1.00861040845981,4500,1,1
"z[95,5]",0.00955555555555555,0.0972951722699289,0,0,0,0,0,1.00159070712122,4500,1,1
"z[96,5]",1,0,1,1,1,1,1,NA,1,0,1
"z[97,5]",0.0133333333333333,0.11471041653724,0,0,0,0,0,1.01599513060411,2278,1,1
"z[98,5]",0.000888888888888889,0.0298042977535084,0,0,0,0,0,1.10540023626025,4497,1,1
"z[99,5]",0.0104444444444444,0.10167426066326,0,0,0,0,0,1.00675308325243,4500,1,1
"z[100,5]",0.00177777777777778,0.0421308880870312,0,0,0,0,0,1.05041941929871,4500,1,1
"z[101,5]",0.0226666666666667,0.148855006121055,0,0,0,0,0,1.00877852713521,2452,1,1
"z[102,5]",0.00933333333333333,0.0961679644942985,0,0,0,0,0,1.03194404470737,1601,1,1
"z[103,5]",0.0313333333333333,0.174236339048014,0,0,0,0,1,1.0027859918585,4500,1,1
"z[104,5]",0.00222222222222222,0.0470932775447189,0,0,0,0,0,1.00465090130556,4500,1,1
"z[105,5]",0.973555555555556,0.160470739436839,0,1,1,1,1,1.00059715900553,4500,1,1
"z[106,5]",1,0,1,1,1,1,1,NA,1,0,1
"z[107,5]",1,0,1,1,1,1,1,NA,1,0,1
"z[108,5]",1,0,1,1,1,1,1,NA,1,0,1
"z[109,5]",1,0,1,1,1,1,1,NA,1,0,1
"z[110,5]",0.006,0.0772355205065475,0,0,0,0,0,1.00174217521195,4500,1,1
"z[111,5]",0.00911111111111111,0.0950268670194558,0,0,0,0,0,1.00447600019274,4500,1,1
"z[112,5]",0.0142222222222222,0.118419030794728,0,0,0,0,0,1.01239038936484,2757,1,1
"z[113,5]",0.014,0.11750348180963,0,0,0,0,0,1.00468645065246,4500,1,1
"z[114,5]",0.00222222222222222,0.0470932775447189,0,0,0,0,0,1.03308734033364,4500,1,1
"z[115,5]",0.000888888888888889,0.0298042977535084,0,0,0,0,0,1.16587551740291,2570,1,1
"z[116,5]",0.00111111111111111,0.033318511930496,0,0,0,0,0,1.07137218653062,4500,1,1
"z[117,5]",1,0,1,1,1,1,1,NA,1,0,1
"z[118,5]",1,0,1,1,1,1,1,NA,1,0,1
"z[119,5]",1,0,1,1,1,1,1,NA,1,0,1
"z[120,5]",0.984444444444444,0.123761803562895,1,1,1,1,1,1.00354124081685,4500,0,1
"z[121,5]",1,0,1,1,1,1,1,NA,1,0,1
"z[122,5]",0.00644444444444444,0.0800271001985887,0,0,0,0,0,1.02960246864555,2494,1,1
"z[123,5]",0.0131111111111111,0.113763288874888,0,0,0,0,0,1.00854700479404,4296,1,1
"z[124,5]",0.0153333333333333,0.122888478420367,0,0,0,0,0,1.01615805581822,1961,1,1
"z[125,5]",1,0,1,1,1,1,1,NA,1,0,1
"z[126,5]",0.438444444444444,0.496251588690519,0,0,0,1,1,0.999718327342381,4500,1,1
"z[127,5]",0.0106666666666667,0.102738670891514,0,0,0,0,0,1.00033092133614,4500,1,1
"z[128,5]",0.0157777777777778,0.124628612791859,0,0,0,0,0,1.00160584356342,4500,1,1
"z[129,5]",0.0117777777777778,0.107896472423584,0,0,0,0,0,1.01376579276007,2984,1,1
"z[130,5]",0.008,0.08909412970305,0,0,0,0,0,1.01798629035596,3349,1,1
"z[131,5]",0.00822222222222222,0.0903129549063228,0,0,0,0,0,1.00881816659288,4500,1,1
"z[132,5]",0.0102222222222222,0.100598097789677,0,0,0,0,0,1.00135077851409,4500,1,1
"z[133,5]",0.00444444444444444,0.0665257457028688,0,0,0,0,0,1.00837775074503,4500,1,1
"z[134,5]",0.233333333333333,0.422999587247188,0,0,0,0,1,1.0019852122643,1210,1,1
"z[135,5]",0.0124444444444444,0.11087069888737,0,0,0,0,0,1.00421540749526,4500,1,1
"z[136,5]",0.0293333333333333,0.168757866791187,0,0,0,0,1,1.00194360727148,4500,1,1
"z[137,5]",0.0166666666666667,0.128033322512951,0,0,0,0,0,0.999942198526184,4500,1,1
"z[138,5]",1,0,1,1,1,1,1,NA,1,0,1
"z[139,5]",0.993777777777778,0.0786440117920529,1,1,1,1,1,1.02990802389443,2556,0,1
"z[140,5]",1,0,1,1,1,1,1,NA,1,0,1
"z[141,5]",1,0,1,1,1,1,1,NA,1,0,1
"z[142,5]",0.0611111111111111,0.239560631963708,0,0,0,0,1,1.00467711704662,1727,1,1
"z[143,5]",0.04,0.195980956294358,0,0,0,0,1,0.99971682613922,4500,1,1
"z[144,5]",0.0388888888888889,0.193351625166517,0,0,0,0,1,0.9997902975948,4500,1,1
"z[145,5]",1,0,1,1,1,1,1,NA,1,0,1
"z[146,5]",1,0,1,1,1,1,1,NA,1,0,1
"z[147,5]",0.0168888888888889,0.128869487630174,0,0,0,0,0,1.00561146760442,4500,1,1
"z[148,5]",0.00422222222222222,0.0648485125458765,0,0,0,0,0,1.04041778869278,2747,1,1
"z[149,5]",1,0,1,1,1,1,1,NA,1,0,1
"z[150,5]",1,0,1,1,1,1,1,NA,1,0,1
"z[151,5]",0.974,0.159152847308496,0,1,1,1,1,1.00413901707879,4384,1,1
"z[152,5]",0.996,0.0631259497363628,1,1,1,1,1,1.00430023712846,4500,0,1
"z[153,5]",0.00377777777777778,0.0613542394088465,0,0,0,0,0,1.0756906188243,1556,1,1
"z[154,5]",0.192222222222222,0.394090538139547,0,0,0,0,1,1.00249987025974,1144,1,1
"z[155,5]",0.619333333333333,0.485604734545429,0,0,1,1,1,1.00150240036373,1162,1,1
"z[156,5]",0.0195555555555556,0.13848248064772,0,0,0,0,0,1.00013642672836,4500,1,1
"z[157,5]",0.0255555555555556,0.157822698772571,0,0,0,0,1,1.01159223034811,1660,1,1
"z[158,5]",1,0,1,1,1,1,1,NA,1,0,1
"z[159,5]",1,0,1,1,1,1,1,NA,1,0,1
"z[160,5]",1,0,1,1,1,1,1,NA,1,0,1
"z[161,5]",0.0751111111111111,0.263599835321828,0,0,0,0,1,0.999932333728456,4500,1,1
"z[162,5]",1,0,1,1,1,1,1,NA,1,0,1
"z[163,5]",1,0,1,1,1,1,1,NA,1,0,1
"z[164,5]",1,0,1,1,1,1,1,NA,1,0,1
"z[165,5]",1,0,1,1,1,1,1,NA,1,0,1
"z[166,5]",1,0,1,1,1,1,1,NA,1,0,1
"z[167,5]",1,0,1,1,1,1,1,NA,1,0,1
"z[168,5]",0.986444444444444,0.115649360747383,1,1,1,1,1,1.01596794625966,2239,0,1
"z[169,5]",0.975333333333333,0.155124368434336,1,1,1,1,1,1.00436483037729,4390,0,1
"z[170,5]",1,0,1,1,1,1,1,NA,1,0,1
"z[171,5]",1,0,1,1,1,1,1,NA,1,0,1
"z[172,5]",0.936666666666667,0.243588603732636,0,1,1,1,1,1.00120137769164,4500,1,1
"z[173,5]",0.988222222222222,0.107896472423584,1,1,1,1,1,1.0179318635317,2289,0,1
"z[174,5]",1,0,1,1,1,1,1,NA,1,0,1
"z[175,5]",1,0,1,1,1,1,1,NA,1,0,1
"z[176,5]",1,0,1,1,1,1,1,NA,1,0,1
"z[177,5]",0.0271111111111111,0.162425248725456,0,0,0,0,1,1.01188693651181,1531,1,1
"z[178,5]",0.376444444444444,0.484547417083546,0,0,0,1,1,1.00011130822744,4500,1,1
"z[179,5]",0.296888888888889,0.456937933232189,0,0,0,1,1,1.00003659582362,4500,1,1
"z[180,5]",0.0155555555555556,0.123761803562895,0,0,0,0,0,1.00603264789278,4500,1,1
"z[181,5]",0.0142222222222222,0.118419030794728,0,0,0,0,0,1.01090224574195,3121,1,1
"z[182,5]",0.0333333333333333,0.179525441950783,0,0,0,0,1,1.00751287644269,1960,1,1
"z[183,5]",0.0128888888888889,0.11280777163711,0,0,0,0,0,1.00615871651315,4500,1,1
"z[184,5]",0.000222222222222222,0.0149071198499986,0,0,0,0,0,1.29093398298233,4500,1,1
"z[185,5]",0,0,0,0,0,0,0,NA,1,1,1
"z[186,5]",0.866444444444444,0.340211978135586,0,1,1,1,1,1.00360523099096,1102,1,1
"z[187,5]",0.637777777777778,0.480695987642528,0,0,1,1,1,1.00030148132735,3418,1,1
"z[188,5]",0.678888888888889,0.466955265919508,0,0,1,1,1,0.99991351460643,4500,1,1
"z[189,5]",0.739111111111111,0.439168232300993,0,0,1,1,1,0.99973896128759,4500,1,1
"z[190,5]",0.714444444444444,0.451728819841134,0,0,1,1,1,1.00017193195852,4500,1,1
"z[191,5]",0.847555555555556,0.35949110480899,0,1,1,1,1,1.00104009724538,2811,1,1
"z[192,5]",0.816222222222222,0.387345901868794,0,1,1,1,1,1.00072145465502,3152,1,1
"z[193,5]",0.781111111111111,0.413539050686171,0,1,1,1,1,0.999834474380906,4500,1,1
"z[194,5]",0.761555555555556,0.426179602245209,0,1,1,1,1,1.00167731273625,1378,1,1
"z[195,5]",0.707777777777778,0.454834439266988,0,0,1,1,1,1.00043123110866,3164,1,1
"z[196,5]",0.815777777777778,0.387708394308229,0,1,1,1,1,1.00273799742332,1080,1,1
"z[197,5]",0.630888888888889,0.482617714898697,0,0,1,1,1,1.00095835955705,1666,1,1
"z[198,5]",0.691111111111111,0.462086564386042,0,0,1,1,1,1.00243284474017,850,1,1
"z[199,5]",0.527333333333333,0.499307811606502,0,0,1,1,1,1.00071278474026,1922,1,1
"z[200,5]",0.806,0.395472824956344,0,1,1,1,1,1.00057616475625,3508,1,1
"z[1,6]",1,0,1,1,1,1,1,NA,1,0,1
"z[2,6]",0.0306666666666667,0.17243210118093,0,0,0,0,1,1.00075516767244,4500,1,1
"z[3,6]",0.00777777777777778,0.0878578356425394,0,0,0,0,0,1.0122733361313,4500,1,1
"z[4,6]",1,0,1,1,1,1,1,NA,1,0,1
"z[5,6]",0.904666666666667,0.293707437222326,0,1,1,1,1,1.00117188914663,3856,1,1
"z[6,6]",0.476,0.499479168610191,0,0,0,1,1,0.999799976296764,4500,1,1
"z[7,6]",1,0,1,1,1,1,1,NA,1,0,1
"z[8,6]",0.00244444444444444,0.0493863456663645,0,0,0,0,0,1.09913278170699,1765,1,1
"z[9,6]",1,0,1,1,1,1,1,NA,1,0,1
"z[10,6]",1,0,1,1,1,1,1,NA,1,0,1
"z[11,6]",0.863333333333333,0.343533280003382,0,1,1,1,1,1.00230872526404,1607,1,1
"z[12,6]",1,0,1,1,1,1,1,NA,1,0,1
"z[13,6]",1,0,1,1,1,1,1,NA,1,0,1
"z[14,6]",1,0,1,1,1,1,1,NA,1,0,1
"z[15,6]",1,0,1,1,1,1,1,NA,1,0,1
"z[16,6]",0.923333333333333,0.266091381389197,0,1,1,1,1,0.999710957725181,4500,1,1
"z[17,6]",0.919111111111111,0.272694703874728,0,1,1,1,1,1.00354783265669,1729,1,1
"z[18,6]",1,0,1,1,1,1,1,NA,1,0,1
"z[19,6]",0.00777777777777778,0.0878578356425394,0,0,0,0,0,1.00623150481882,4500,1,1
"z[20,6]",0.936,0.244780135956494,0,1,1,1,1,1.00792936541475,1004,1,1
"z[21,6]",0.177111111111111,0.381805133428139,0,0,0,0,1,1.00104533168525,2496,1,1
"z[22,6]",0.386888888888889,0.487091983794328,0,0,0,1,1,1.00001489629972,4500,1,1
"z[23,6]",0.544222222222222,0.498095902703724,0,0,1,1,1,1.00042856999035,2649,1,1
"z[24,6]",1,0,1,1,1,1,1,NA,1,0,1
"z[25,6]",0.954666666666667,0.20805730398765,0,1,1,1,1,1.00049656852682,4500,1,1
"z[26,6]",0.942666666666667,0.232504269129342,0,1,1,1,1,0.999894716586317,4500,1,1
"z[27,6]",0.952222222222222,0.213319417750194,0,1,1,1,1,0.999857275503446,4500,1,1
"z[28,6]",0.01,0.0995098009695405,0,0,0,0,0,1.01806423918924,2674,1,1
"z[29,6]",0.2,0.400044451853224,0,0,0,0,1,0.999727333482052,4500,1,1
"z[30,6]",0.990222222222222,0.0984089676386699,1,1,1,1,1,1.00307431864487,4500,0,1
"z[31,6]",0.981555555555556,0.13456697579197,1,1,1,1,1,1.00289356876061,4500,0,1
"z[32,6]",0.987555555555556,0.11087069888737,1,1,1,1,1,1.0142338040981,2736,0,1
"z[33,6]",1,0,1,1,1,1,1,NA,1,0,1
"z[34,6]",1,0,1,1,1,1,1,NA,1,0,1
"z[35,6]",1,0,1,1,1,1,1,NA,1,0,1
"z[36,6]",1,0,1,1,1,1,1,NA,1,0,1
"z[37,6]",1,0,1,1,1,1,1,NA,1,0,1
"z[38,6]",0.00977777777777778,0.0984089676386699,0,0,0,0,0,1.01536788989444,3215,1,1
"z[39,6]",0.449333333333333,0.497481543574164,0,0,0,1,1,0.999921944406755,4500,1,1
"z[40,6]",0.136222222222222,0.343062504722754,0,0,0,0,1,1.00152043258247,2294,1,1
"z[41,6]",0.00244444444444444,0.0493863456663645,0,0,0,0,0,1.015878473234,4500,1,1
"z[42,6]",0.0384444444444444,0.192288028053314,0,0,0,0,1,0.999684671006851,4500,1,1
"z[43,6]",0.164888888888889,0.371121476247506,0,0,0,0,1,1.00045503236044,4500,1,1
"z[44,6]",0.945555555555556,0.226917803425049,0,1,1,1,1,1.00112904911871,4500,1,1
"z[45,6]",0.574,0.494548633346216,0,0,1,1,1,1.00035307196711,2986,1,1
"z[46,6]",0.978444444444444,0.14524324938423,1,1,1,1,1,1.00005491602009,4500,0,1
"z[47,6]",0.0971111111111111,0.296141912106173,0,0,0,0,1,1.00335527490014,1537,1,1
"z[48,6]",0,0,0,0,0,0,0,NA,1,1,1
"z[49,6]",0.0582222222222222,0.234189202882591,0,0,0,0,1,0.999798017747404,4500,1,1
"z[50,6]",0.00155555555555556,0.0394142235807543,0,0,0,0,0,1.06447893654775,4494,1,1
"z[51,6]",0.0182222222222222,0.133769014787178,0,0,0,0,0,1.00365839949509,4500,1,1
"z[52,6]",0.000222222222222222,0.0149071198499986,0,0,0,0,0,1.29093398298233,4500,1,1
"z[53,6]",0.106,0.307871829415116,0,0,0,0,1,1.0005913919316,4500,1,1
"z[54,6]",0.00133333333333333,0.0364945409967103,0,0,0,0,0,1.03900028931154,4500,1,1
"z[55,6]",0.0442222222222222,0.205611312804703,0,0,0,0,1,1.00149875943348,4500,1,1
"z[56,6]",0,0,0,0,0,0,0,NA,1,1,1
"z[57,6]",1,0,1,1,1,1,1,NA,1,0,1
"z[58,6]",0.310666666666667,0.462817986899337,0,0,0,1,1,1.00069272394814,2285,1,1
"z[59,6]",1,0,1,1,1,1,1,NA,1,0,1
"z[60,6]",0.235111111111111,0.424115371696836,0,0,0,0,1,0.999690262576338,4500,1,1
"z[61,6]",0,0,0,0,0,0,0,NA,1,1,1
"z[62,6]",0.000666666666666667,0.0258141493083176,0,0,0,0,0,NA,4500,1,1
"z[63,6]",0,0,0,0,0,0,0,NA,1,1,1
"z[64,6]",0,0,0,0,0,0,0,NA,1,1,1
"z[65,6]",0.000444444444444444,0.0210795079890303,0,0,0,0,0,1.10528646876281,4500,1,1
"z[66,6]",0,0,0,0,0,0,0,NA,1,1,1
"z[67,6]",0.000444444444444444,0.0210795079890303,0,0,0,0,0,1.10528646876281,4500,1,1
"z[68,6]",0.0184444444444444,0.13456697579197,0,0,0,0,0,1.0019921968318,4500,1,1
"z[69,6]",0.0277777777777778,0.164353812079863,0,0,0,0,1,1.0083495655787,2112,1,1
"z[70,6]",0.00666666666666667,0.0813860808385347,0,0,0,0,0,1.02567322077858,2795,1,1
"z[71,6]",0.694888888888889,0.460505642356816,0,0,1,1,1,0.999886577303014,4500,1,1
"z[72,6]",1,0,1,1,1,1,1,NA,1,0,1
"z[73,6]",1,0,1,1,1,1,1,NA,1,0,1
"z[74,6]",1,0,1,1,1,1,1,NA,1,0,1
"z[75,6]",1,0,1,1,1,1,1,NA,1,0,1
"z[76,6]",1,0,1,1,1,1,1,NA,1,0,1
"z[77,6]",0.004,0.0631259497363628,0,0,0,0,0,1.00430023712846,4500,1,1
"z[78,6]",0.0111111111111111,0.104833661410201,0,0,0,0,0,1.00292096011473,4500,1,1
"z[79,6]",1,0,1,1,1,1,1,NA,1,0,1
"z[80,6]",1,0,1,1,1,1,1,NA,1,0,1
"z[81,6]",0.307777777777778,0.461625359343403,0,0,0,1,1,1.00009866977754,4500,1,1
"z[82,6]",0.586,0.492603211503039,0,0,1,1,1,0.999762283051436,4500,1,1
"z[83,6]",0.176222222222222,0.381051462839662,0,0,0,0,1,0.999952341986194,4500,1,1
"z[84,6]",1,0,1,1,1,1,1,NA,1,0,1
"z[85,6]",1,0,1,1,1,1,1,NA,1,0,1
"z[86,6]",0,0,0,0,0,0,0,NA,1,1,1
"z[87,6]",1,0,1,1,1,1,1,NA,1,0,1
"z[88,6]",0.0751111111111111,0.263599835321828,0,0,0,0,1,0.99976376307805,4500,1,1
"z[89,6]",0.153777777777778,0.360775688043558,0,0,0,0,1,1.00037492474092,4500,1,1
"z[90,6]",1,0,1,1,1,1,1,NA,1,0,1
"z[91,6]",1,0,1,1,1,1,1,NA,1,0,1
"z[92,6]",0.531777777777778,0.499044603505108,0,0,1,1,1,0.999698068050562,4500,1,1
"z[93,6]",1,0,1,1,1,1,1,NA,1,0,1
"z[94,6]",1,0,1,1,1,1,1,NA,1,0,1
"z[95,6]",0.374666666666667,0.484090520376307,0,0,0,1,1,1.00044708158433,2742,1,1
"z[96,6]",1,0,1,1,1,1,1,NA,1,0,1
"z[97,6]",1,0,1,1,1,1,1,NA,1,0,1
"z[98,6]",1,0,1,1,1,1,1,NA,1,0,1
"z[99,6]",0.00288888888888889,0.0536766566849176,0,0,0,0,0,1.05188194987867,3071,1,1
"z[100,6]",0.00177777777777778,0.0421308880870312,0,0,0,0,0,1.007413097858,4500,1,1
"z[101,6]",0.00155555555555556,0.0394142235807543,0,0,0,0,0,1.0097473778051,4500,1,1
"z[102,6]",0.0111111111111111,0.104833661410201,0,0,0,0,0,1.00715009264915,4500,1,1
"z[103,6]",0.0262222222222222,0.159813306406557,0,0,0,0,1,1.00444610192715,4072,1,1
"z[104,6]",0.00333333333333333,0.0576451269226114,0,0,0,0,0,1.00631011246591,4500,1,1
"z[105,6]",1,0,1,1,1,1,1,NA,1,0,1
"z[106,6]",1,0,1,1,1,1,1,NA,1,0,1
"z[107,6]",1,0,1,1,1,1,1,NA,1,0,1
"z[108,6]",1,0,1,1,1,1,1,NA,1,0,1
"z[109,6]",0.00222222222222222,0.0470932775447189,0,0,0,0,0,1.00465090130556,4500,1,1
"z[110,6]",0,0,0,0,0,0,0,NA,1,1,1
"z[111,6]",0.000444444444444444,0.0210795079890303,0,0,0,0,0,1.10528646876281,4500,1,1
"z[112,6]",0.00111111111111111,0.033318511930496,0,0,0,0,0,1.18898008348926,1730,1,1
"z[113,6]",0.000222222222222222,0.0149071198499986,0,0,0,0,0,1.29093398298233,4500,1,1
"z[114,6]",0.002,0.0446815807032984,0,0,0,0,0,0.999666611092585,4500,1,1
"z[115,6]",0.00244444444444444,0.0493863456663645,0,0,0,0,0,1.02752607886309,4500,1,1
"z[116,6]",1,0,1,1,1,1,1,NA,1,0,1
"z[117,6]",0.417555555555556,0.493210878514296,0,0,0,1,1,0.99998503228256,4500,1,1
"z[118,6]",0.970888888888889,0.168136660277006,0,1,1,1,1,1.00467888735121,3512,1,1
"z[119,6]",1,0,1,1,1,1,1,NA,1,0,1
"z[120,6]",0.970666666666667,0.168757866791187,0,1,1,1,1,1.00003180218385,4500,1,1
"z[121,6]",1,0,1,1,1,1,1,NA,1,0,1
"z[122,6]",0.00222222222222222,0.0470932775447189,0,0,0,0,0,1.08341304913067,2364,1,1
"z[123,6]",0.000666666666666667,0.0258141493083176,0,0,0,0,0,1.13377982835195,4498,1,1
"z[124,6]",0.000888888888888889,0.0298042977535084,0,0,0,0,0,1.16587551740291,2570,1,1
"z[125,6]",1,0,1,1,1,1,1,NA,1,0,1
"z[126,6]",1,0,1,1,1,1,1,NA,1,0,1
"z[127,6]",0.000444444444444444,0.0210795079890303,0,0,0,0,0,1.2913045102833,2250,1,1
"z[128,6]",0.000666666666666667,0.0258141493083176,0,0,0,0,0,1.13377982835195,4498,1,1
"z[129,6]",0.000444444444444444,0.0210795079890303,0,0,0,0,0,1.10528646876281,4500,1,1
"z[130,6]",0.000666666666666667,0.0258141493083176,0,0,0,0,0,NA,4500,1,1
"z[131,6]",0.00177777777777778,0.0421308880870312,0,0,0,0,0,1.08837125013206,2765,1,1
"z[132,6]",0.0235555555555556,0.151676642100424,0,0,0,0,0,0.999853141794595,4500,1,1
"z[133,6]",0.126888888888889,0.332885451492204,0,0,0,0,1,0.9997410291894,4500,1,1
"z[134,6]",1,0,1,1,1,1,1,NA,1,0,1
"z[135,6]",0.000666666666666667,0.0258141493083176,0,0,0,0,0,1.13377982835195,4498,1,1
"z[136,6]",0.0371111111111111,0.189055069145718,0,0,0,0,1,0.999685938359443,4500,1,1
"z[137,6]",0.000444444444444444,0.0210795079890303,0,0,0,0,0,1.10528646876281,4500,1,1
"z[138,6]",0.982,0.132965893646013,1,1,1,1,1,1.01658550329611,1635,0,1
"z[139,6]",0.992444444444444,0.0866033246050876,1,1,1,1,1,1.03034482300482,2081,0,1
"z[140,6]",0.886666666666667,0.317035052820037,0,1,1,1,1,0.999805817984626,4500,1,1
"z[141,6]",0.990666666666667,0.0961679644942985,1,1,1,1,1,1.00567449218146,4500,0,1
"z[142,6]",0.000666666666666667,0.0258141493083176,0,0,0,0,0,1.29167562882982,1500,1,1
"z[143,6]",0.000666666666666667,0.0258141493083176,0,0,0,0,0,1.13377982835195,4498,1,1
"z[144,6]",0.000666666666666667,0.0258141493083176,0,0,0,0,0,1.13377982835195,4498,1,1
"z[145,6]",1,0,1,1,1,1,1,NA,1,0,1
"z[146,6]",0.016,0.125489041132367,0,0,0,0,0,1.02086013019941,1457,1,1
"z[147,6]",1,0,1,1,1,1,1,NA,1,0,1
"z[148,6]",0.0175555555555556,0.13134379171788,0,0,0,0,0,1.00074331888571,4500,1,1
"z[149,6]",0.588444444444444,0.492170102148651,0,0,1,1,1,0.999770601120798,4500,1,1
"z[150,6]",0.777111111111111,0.41623062313954,0,1,1,1,1,1.00121144745599,1871,1,1
"z[151,6]",0.950888888888889,0.216124014828025,0,1,1,1,1,1.0027943952742,3415,1,1
"z[152,6]",1,0,1,1,1,1,1,NA,1,0,1
"z[153,6]",0.00377777777777778,0.0613542394088465,0,0,0,0,0,1.0014045739505,4500,1,1
"z[154,6]",0.192222222222222,0.394090538139547,0,0,0,0,1,1.00001814315344,4500,1,1
"z[155,6]",1,0,1,1,1,1,1,NA,1,0,1
"z[156,6]",0.0191111111111111,0.136930797191431,0,0,0,0,0,1.00162897837484,4500,1,1
"z[157,6]",0.01,0.0995098009695405,0,0,0,0,0,1.00491306919603,4500,1,1
"z[158,6]",1,0,1,1,1,1,1,NA,1,0,1
"z[159,6]",1,0,1,1,1,1,1,NA,1,0,1
"z[160,6]",0.997777777777778,0.0470932775447189,1,1,1,1,1,1.01916489327094,4500,0,1
"z[161,6]",0.0806666666666667,0.272352784307054,0,0,0,0,1,0.99984171571196,4500,1,1
"z[162,6]",0.940444444444444,0.236687854568751,0,1,1,1,1,1.00282495703811,2815,1,1
"z[163,6]",0.0115555555555556,0.106885749673393,0,0,0,0,0,1.04548011092092,894,1,1
"z[164,6]",1,0,1,1,1,1,1,NA,1,0,1
"z[165,6]",0.00688888888888889,0.0827221418662089,0,0,0,0,0,1.01865028451249,3745,1,1
"z[166,6]",1,0,1,1,1,1,1,NA,1,0,1
"z[167,6]",0.0206666666666667,0.142281601882585,0,0,0,0,0,1.0012900131137,4500,1,1
"z[168,6]",0.98,0.140015558148628,1,1,1,1,1,1.01400854735553,1742,0,1
"z[169,6]",0.964,0.186310798705171,0,1,1,1,1,1.00627120981352,2170,1,1
"z[170,6]",1,0,1,1,1,1,1,NA,1,0,1
"z[171,6]",0.927555555555556,0.259251196201609,0,1,1,1,1,1.000344927626,4500,1,1
"z[172,6]",1,0,1,1,1,1,1,NA,1,0,1
"z[173,6]",1,0,1,1,1,1,1,NA,1,0,1
"z[174,6]",0.930444444444444,0.254424773023488,0,1,1,1,1,1.00181280335203,3601,1,1
"z[175,6]",1,0,1,1,1,1,1,NA,1,0,1
"z[176,6]",1,0,1,1,1,1,1,NA,1,0,1
"z[177,6]",0.00311111111111111,0.0556966916350484,0,0,0,0,0,1.00222267416305,4500,1,1
"z[178,6]",0.429555555555556,0.495067717737518,0,0,0,1,1,1.00061898077066,2148,1,1
"z[179,6]",0.331333333333333,0.470744941744271,0,0,0,1,1,0.999776734261907,4500,1,1
"z[180,6]",0.00288888888888889,0.0536766566849176,0,0,0,0,0,1.0362487128527,4488,1,1
"z[181,6]",0.000888888888888889,0.0298042977535084,0,0,0,0,0,1.02957562893154,4500,1,1
"z[182,6]",0.000888888888888889,0.0298042977535084,0,0,0,0,0,1.16587551740291,2570,1,1
"z[183,6]",0.000444444444444444,0.0210795079890303,0,0,0,0,0,1.2913045102833,2250,1,1
"z[184,6]",0,0,0,0,0,0,0,NA,1,1,1
"z[185,6]",0.000222222222222222,0.0149071198499986,0,0,0,0,0,1.29093398298233,4500,1,1
"z[186,6]",1,0,1,1,1,1,1,NA,1,0,1
"z[187,6]",0.625333333333333,0.484090520376307,0,0,1,1,1,0.999986321214734,4500,1,1
"z[188,6]",0.657333333333333,0.474653861317923,0,0,1,1,1,1.00004451652002,4500,1,1
"z[189,6]",0.732888888888889,0.442500031568708,0,0,1,1,1,1.00056798022208,2835,1,1
"z[190,6]",0.701111111111111,0.457821907476261,0,0,1,1,1,0.999856004854148,4500,1,1
"z[191,6]",0.892,0.310414904214329,0,1,1,1,1,1.0021573534686,2079,1,1
"z[192,6]",0.832444444444444,0.373512642298332,0,1,1,1,1,1.00031101242176,4500,1,1
"z[193,6]",1,0,1,1,1,1,1,NA,1,0,1
"z[194,6]",0.791555555555556,0.40624134675035,0,1,1,1,1,1.00114189693779,2062,1,1
"z[195,6]",0.725555555555556,0.446283487398919,0,0,1,1,1,1.0000595685589,4500,1,1
"z[196,6]",0.858,0.349088929478717,0,1,1,1,1,1.00643341345167,610,1,1
"z[197,6]",0.610888888888889,0.48760279849109,0,0,1,1,1,0.999876753312221,4500,1,1
"z[198,6]",1,0,1,1,1,1,1,NA,1,0,1
"z[199,6]",0.542222222222222,0.49826946084164,0,0,1,1,1,0.999840155220241,4500,1,1
"z[200,6]",0.805777777777778,0.395644709448007,0,1,1,1,1,1.00080598333364,2801,1,1
"z[1,7]",1,0,1,1,1,1,1,NA,1,0,1
"z[2,7]",1,0,1,1,1,1,1,NA,1,0,1
"z[3,7]",0.00688888888888889,0.0827221418662089,0,0,0,0,0,1.00645251233684,4500,1,1
"z[4,7]",0.0395555555555556,0.194934239891299,0,0,0,0,1,1.00661481280263,1882,1,1
"z[5,7]",1,0,1,1,1,1,1,NA,1,0,1
"z[6,7]",0.004,0.0631259497363628,0,0,0,0,0,1.00430023712846,4500,1,1
"z[7,7]",1,0,1,1,1,1,1,NA,1,0,1
"z[8,7]",0.00466666666666667,0.0681609955608629,0,0,0,0,0,1.01312583228194,4500,1,1
"z[9,7]",1,0,1,1,1,1,1,NA,1,0,1
"z[10,7]",1,0,1,1,1,1,1,NA,1,0,1
"z[11,7]",1,0,1,1,1,1,1,NA,1,0,1
"z[12,7]",1,0,1,1,1,1,1,NA,1,0,1
"z[13,7]",1,0,1,1,1,1,1,NA,1,0,1
"z[14,7]",0.0973333333333333,0.296444065956704,0,0,0,0,1,0.99975294160693,4500,1,1
"z[15,7]",0.204444444444444,0.403339888149625,0,0,0,0,1,1.00019859430652,4500,1,1
"z[16,7]",0.914444444444444,0.279737720136869,0,1,1,1,1,0.999876416058753,4500,1,1
"z[17,7]",0.905333333333333,0.292786506951796,0,1,1,1,1,1.00300927429645,1749,1,1
"z[18,7]",0.906888888888889,0.290620372706953,0,1,1,1,1,1.00175767758505,2832,1,1
"z[19,7]",0.417555555555556,0.493210878514296,0,0,0,1,1,0.999819837565367,4500,1,1
"z[20,7]",0.920666666666667,0.270288346355507,0,1,1,1,1,1.00344300264945,1807,1,1
"z[21,7]",0.194666666666667,0.395987880398553,0,0,0,0,1,1.00040078135005,4356,1,1
"z[22,7]",0.367777777777778,0.482254047098673,0,0,0,1,1,1.00105678719407,1554,1,1
"z[23,7]",0.426,0.494548633346216,0,0,0,1,1,1.00030067613463,3231,1,1
"z[24,7]",0.516444444444444,0.499785041837245,0,0,1,1,1,1.00085287257371,1693,1,1
"z[25,7]",0.948888888888889,0.220248825947067,0,1,1,1,1,1.00541714129646,1777,1,1
"z[26,7]",0.933333333333333,0.249471546385758,0,1,1,1,1,1.00086848971564,4500,1,1
"z[27,7]",0.942222222222222,0.233348680154498,0,1,1,1,1,1.00271174831928,3005,1,1
"z[28,7]",0.0126666666666667,0.111843649799372,0,0,0,0,0,1.01404104760382,2724,1,1
"z[29,7]",0.0124444444444444,0.11087069888737,0,0,0,0,0,1.01233927678671,3151,1,1
"z[30,7]",0.985555555555556,0.119327141438796,1,1,1,1,1,1.00414431419653,4500,0,1
"z[31,7]",0.97,0.170606178387604,0,1,1,1,1,1.00080244912816,4500,1,1
"z[32,7]",0.987333333333333,0.111843649799372,1,1,1,1,1,1.0010847481325,4500,0,1
"z[33,7]",1,0,1,1,1,1,1,NA,1,0,1
"z[34,7]",1,0,1,1,1,1,1,NA,1,0,1
"z[35,7]",1,0,1,1,1,1,1,NA,1,0,1
"z[36,7]",1,0,1,1,1,1,1,NA,1,0,1
"z[37,7]",0.00444444444444444,0.0665257457028688,0,0,0,0,0,1.03325742741325,3201,1,1
"z[38,7]",0.00311111111111111,0.0556966916350484,0,0,0,0,0,1.03148234445217,4500,1,1
"z[39,7]",0.0115555555555556,0.106885749673393,0,0,0,0,0,1.00098880252479,4500,1,1
"z[40,7]",1,0,1,1,1,1,1,NA,1,0,1
"z[41,7]",0.0264444444444444,0.160470739436839,0,0,0,0,1,1.00070836383327,4500,1,1
"z[42,7]",0.046,0.209508363001558,0,0,0,0,1,0.999935550158203,4500,1,1
"z[43,7]",0.181333333333333,0.385336933245042,0,0,0,0,1,0.99972037358006,4500,1,1
"z[44,7]",0.924,0.265027562343912,0,1,1,1,1,0.999981695343992,4500,1,1
"z[45,7]",0.684888888888889,0.464611739583112,0,0,1,1,1,1.00003884237105,4500,1,1
"z[46,7]",0.972444444444444,0.163713783655141,0,1,1,1,1,1.00400929113892,4274,1,1
"z[47,7]",0.115555555555556,0.319726736204165,0,0,0,0,1,1.00266123895325,1627,1,1
"z[48,7]",0.000666666666666667,0.0258141493083176,0,0,0,0,0,1.29167562882982,1500,1,1
"z[49,7]",0.0673333333333333,0.250626243865736,0,0,0,0,1,1.00036181314428,4500,1,1
"z[50,7]",0.000666666666666667,0.0258141493083176,0,0,0,0,0,1.13377982835195,4498,1,1
"z[51,7]",0.00133333333333333,0.0364945409967103,0,0,0,0,0,1.10559375176454,2997,1,1
"z[52,7]",0.000666666666666667,0.0258141493083176,0,0,0,0,0,NA,4500,1,1
"z[53,7]",1,0,1,1,1,1,1,NA,1,0,1
"z[54,7]",0.000444444444444444,0.0210795079890303,0,0,0,0,0,1.10528646876281,4500,1,1
"z[55,7]",0.0537777777777778,0.225603720820688,0,0,0,0,1,1.00172737107121,4500,1,1
"z[56,7]",0,0,0,0,0,0,0,NA,1,1,1
"z[57,7]",0.654666666666667,0.475529676249547,0,0,1,1,1,1.00026366956381,3705,1,1
"z[58,7]",0.00933333333333333,0.0961679644942985,0,0,0,0,0,1.0132576897762,3902,1,1
"z[59,7]",1,0,1,1,1,1,1,NA,1,0,1
"z[60,7]",1,0,1,1,1,1,1,NA,1,0,1
"z[61,7]",0.00111111111111111,0.033318511930496,0,0,0,0,0,1.11603919183554,3212,1,1
"z[62,7]",0.002,0.0446815807032984,0,0,0,0,0,1.0512219283661,4492,1,1
"z[63,7]",0.000888888888888889,0.0298042977535084,0,0,0,0,0,1.10540023626025,4497,1,1
"z[64,7]",0.000666666666666667,0.0258141493083176,0,0,0,0,0,1.29167562882982,1500,1,1
"z[65,7]",0.000222222222222222,0.0149071198499986,0,0,0,0,0,1.29093398298233,4500,1,1
"z[66,7]",0.000222222222222222,0.0149071198499986,0,0,0,0,0,1.29093398298233,4500,1,1
"z[67,7]",0.000444444444444444,0.0210795079890303,0,0,0,0,0,1.10528646876281,4500,1,1
"z[68,7]",0.00111111111111111,0.033318511930496,0,0,0,0,0,1.29241964534825,900,1,1
"z[69,7]",0.00822222222222222,0.0903129549063228,0,0,0,0,0,1.03190299297567,1816,1,1
"z[70,7]",1,0,1,1,1,1,1,NA,1,0,1
"z[71,7]",1,0,1,1,1,1,1,NA,1,0,1
"z[72,7]",1,0,1,1,1,1,1,NA,1,0,1
"z[73,7]",1,0,1,1,1,1,1,NA,1,0,1
"z[74,7]",1,0,1,1,1,1,1,NA,1,0,1
"z[75,7]",1,0,1,1,1,1,1,NA,1,0,1
"z[76,7]",1,0,1,1,1,1,1,NA,1,0,1
"z[77,7]",0.0268888888888889,0.161776674693452,0,0,0,0,1,1.00239593937061,4500,1,1
"z[78,7]",0.0162222222222222,0.126343218950737,0,0,0,0,0,1.00266079565661,4500,1,1
"z[79,7]",1,0,1,1,1,1,1,NA,1,0,1
"z[80,7]",1,0,1,1,1,1,1,NA,1,0,1
"z[81,7]",0.0586666666666667,0.235025879030759,0,0,0,0,1,0.999763722612866,4500,1,1
"z[82,7]",1,0,1,1,1,1,1,NA,1,0,1
"z[83,7]",0.0264444444444444,0.160470739436839,0,0,0,0,1,1.00148788098826,4500,1,1
"z[84,7]",0.862222222222222,0.344704897700523,0,1,1,1,1,0.999825928274333,4500,1,1
"z[85,7]",0.868888888888889,0.337559341533209,0,1,1,1,1,0.99991974711543,4500,1,1
"z[86,7]",0.00133333333333333,0.0364945409967103,0,0,0,0,0,NA,4500,1,1
"z[87,7]",1,0,1,1,1,1,1,NA,1,0,1
"z[88,7]",0.00688888888888889,0.0827221418662089,0,0,0,0,0,1.00645251233684,4500,1,1
"z[89,7]",0.00466666666666667,0.0681609955608629,0,0,0,0,0,1.02289275773604,4480,1,1
"z[90,7]",1,0,1,1,1,1,1,NA,1,0,1
"z[91,7]",1,0,1,1,1,1,1,NA,1,0,1
"z[92,7]",1,0,1,1,1,1,1,NA,1,0,1
"z[93,7]",1,0,1,1,1,1,1,NA,1,0,1
"z[94,7]",1,0,1,1,1,1,1,NA,1,0,1
"z[95,7]",0.246444444444444,0.430988234428048,0,0,0,0,1,1.00029951945262,4260,1,1
"z[96,7]",0.0113333333333333,0.105864911172911,0,0,0,0,0,1.00666854476392,4500,1,1
"z[97,7]",0.02,0.140015558148628,0,0,0,0,0,1.00101422399148,4500,1,1
"z[98,7]",0.00177777777777778,0.0421308880870312,0,0,0,0,0,1.007413097858,4500,1,1
"z[99,7]",0.0124444444444444,0.11087069888737,0,0,0,0,0,1.02626106110053,1474,1,1
"z[100,7]",0.00377777777777778,0.0613542394088465,0,0,0,0,0,1.02160266575274,4500,1,1
"z[101,7]",0.00622222222222222,0.0786440117920529,0,0,0,0,0,1.02276129649656,3385,1,1
"z[102,7]",0.0106666666666667,0.102738670891514,0,0,0,0,0,1.0082016122881,4500,1,1
"z[103,7]",0.0355555555555556,0.185199838067563,0,0,0,0,1,1.00400375673275,3339,1,1
"z[104,7]",0.00266666666666667,0.0515766100016907,0,0,0,0,0,1.0391172209852,4489,1,1
"z[105,7]",1,0,1,1,1,1,1,NA,1,0,1
"z[106,7]",1,0,1,1,1,1,1,NA,1,0,1
"z[107,7]",1,0,1,1,1,1,1,NA,1,0,1
"z[108,7]",1,0,1,1,1,1,1,NA,1,0,1
"z[109,7]",0.000444444444444444,0.0210795079890303,0,0,0,0,0,1.10528646876281,4500,1,1
"z[110,7]",0.000888888888888889,0.0298042977535084,0,0,0,0,0,1.10540023626025,4497,1,1
"z[111,7]",0.000444444444444444,0.0210795079890303,0,0,0,0,0,1.10528646876281,4500,1,1
"z[112,7]",0.0304444444444444,0.171825903655918,0,0,0,0,1,1.00853447763813,1893,1,1
"z[113,7]",0.000222222222222222,0.0149071198499986,0,0,0,0,0,1.29093398298233,4500,1,1
"z[114,7]",0.00111111111111111,0.033318511930496,0,0,0,0,0,1.01912206739455,4500,1,1
"z[115,7]",0.00133333333333333,0.0364945409967103,0,0,0,0,0,1.10559375176454,2997,1,1
"z[116,7]",0.151555555555556,0.35862940517766,0,0,0,0,1,0.999820512597132,4500,1,1
"z[117,7]",0.289777777777778,0.453709557154509,0,0,0,1,1,0.999887695071916,4500,1,1
"z[118,7]",0.957333333333333,0.202126943226378,0,1,1,1,1,1.00024289270266,4500,1,1
"z[119,7]",1,0,1,1,1,1,1,NA,1,0,1
"z[120,7]",0.961555555555556,0.192288028053314,0,1,1,1,1,1.00560293281825,2263,1,1
"z[121,7]",1,0,1,1,1,1,1,NA,1,0,1
"z[122,7]",0.0202222222222222,0.140775309913555,0,0,0,0,0,1.00792922931684,3018,1,1
"z[123,7]",0.0231111111111111,0.150273104306291,0,0,0,0,0,1.00333084572888,4500,1,1
"z[124,7]",0.022,0.146699633251375,0,0,0,0,0,1.00301293500281,4500,1,1
"z[125,7]",1,0,1,1,1,1,1,NA,1,0,1
"z[126,7]",0.917555555555556,0.275071213116166,0,1,1,1,1,0.999981094426059,4500,1,1
"z[127,7]",0.000444444444444444,0.0210795079890303,0,0,0,0,0,1.2913045102833,2250,1,1
"z[128,7]",0.00244444444444444,0.0493863456663645,0,0,0,0,0,1.015878473234,4500,1,1
"z[129,7]",0.000444444444444444,0.0210795079890303,0,0,0,0,0,1.10528646876281,4500,1,1
"z[130,7]",0.000666666666666667,0.0258141493083176,0,0,0,0,0,1.13377982835195,4498,1,1
"z[131,7]",1,0,1,1,1,1,1,NA,1,0,1
"z[132,7]",0.0108888888888889,0.103791690054186,0,0,0,0,0,1.02035726804068,2182,1,1
"z[133,7]",1,0,1,1,1,1,1,NA,1,0,1
"z[134,7]",1,0,1,1,1,1,1,NA,1,0,1
"z[135,7]",0.03,0.170606178387604,0,0,0,0,1,1.00461732105985,3447,1,1
"z[136,7]",0.0357777777777778,0.185756281888117,0,0,0,0,1,1.00469911334464,2864,1,1
"z[137,7]",0.00155555555555556,0.0394142235807543,0,0,0,0,0,1.0097473778051,4500,1,1
"z[138,7]",0.975111111111111,0.155803807734777,1,1,1,1,1,1.00096444510498,4500,0,1
"z[139,7]",1,0,1,1,1,1,1,NA,1,0,1
"z[140,7]",1,0,1,1,1,1,1,NA,1,0,1
"z[141,7]",1,0,1,1,1,1,1,NA,1,0,1
"z[142,7]",0.000444444444444444,0.0210795079890303,0,0,0,0,0,1.10528646876281,4500,1,1
"z[143,7]",0.000444444444444444,0.0210795079890303,0,0,0,0,0,1.10528646876281,4500,1,1
"z[144,7]",0.000444444444444444,0.0210795079890303,0,0,0,0,0,1.2913045102833,2250,1,1
"z[145,7]",0.78,0.414292338583869,0,1,1,1,1,0.999699314274691,4500,1,1
"z[146,7]",0.307555555555556,0.46153274196674,0,0,0,1,1,1.00179221794132,1109,1,1
"z[147,7]",1,0,1,1,1,1,1,NA,1,0,1
"z[148,7]",1,0,1,1,1,1,1,NA,1,0,1
"z[149,7]",0.730888888888889,0.443547110984994,0,0,1,1,1,0.999761067778639,4500,1,1
"z[150,7]",0.706,0.455642552430834,0,0,1,1,1,1.0005712791907,2670,1,1
"z[151,7]",0.935111111111111,0.246357074296865,0,1,1,1,1,0.999914650129511,4500,1,1
"z[152,7]",1,0,1,1,1,1,1,NA,1,0,1
"z[153,7]",0.00933333333333333,0.0961679644942985,0,0,0,0,0,1.01573187316449,3286,1,1
"z[154,7]",0.0162222222222222,0.126343218950737,0,0,0,0,0,1.00092384269308,4500,1,1
"z[155,7]",1,0,1,1,1,1,1,NA,1,0,1
"z[156,7]",1,0,1,1,1,1,1,NA,1,0,1
"z[157,7]",1,0,1,1,1,1,1,NA,1,0,1
"z[158,7]",1,0,1,1,1,1,1,NA,1,0,1
"z[159,7]",0.445111111111111,0.497033306854574,0,0,0,1,1,0.99966944341,4500,1,1
"z[160,7]",1,0,1,1,1,1,1,NA,1,0,1
"z[161,7]",0.076,0.265027562343912,0,0,0,0,1,1.00535863167736,1245,1,1
"z[162,7]",1,0,1,1,1,1,1,NA,1,0,1
"z[163,7]",1,0,1,1,1,1,1,NA,1,0,1
"z[164,7]",1,0,1,1,1,1,1,NA,1,0,1
"z[165,7]",1,0,1,1,1,1,1,NA,1,0,1
"z[166,7]",0.940222222222222,0.237101007385967,0,1,1,1,1,1.00019031738978,4500,1,1
"z[167,7]",0.550666666666667,0.497481543574164,0,0,1,1,1,1.00185557081346,927,1,1
"z[168,7]",0.975333333333333,0.155124368434336,1,1,1,1,1,1.00588527628107,3315,0,1
"z[169,7]",0.956222222222222,0.204623040065984,0,1,1,1,1,0.999680694558363,4500,1,1
"z[170,7]",0.974222222222222,0.158489324311835,0,1,1,1,1,1.0026310021212,4500,1,1
"z[171,7]",1,0,1,1,1,1,1,NA,1,0,1
"z[172,7]",1,0,1,1,1,1,1,NA,1,0,1
"z[173,7]",1,0,1,1,1,1,1,NA,1,0,1
"z[174,7]",1,0,1,1,1,1,1,NA,1,0,1
"z[175,7]",1,0,1,1,1,1,1,NA,1,0,1
"z[176,7]",1,0,1,1,1,1,1,NA,1,0,1
"z[177,7]",0.00955555555555555,0.0972951722699289,0,0,0,0,0,1.01131014212008,4458,1,1
"z[178,7]",0.476,0.499479168610191,0,0,0,1,1,1.00024955381292,3444,1,1
"z[179,7]",0.357111111111111,0.479201205303532,0,0,0,1,1,1.00021591240114,3971,1,1
"z[180,7]",0.0368888888888889,0.188509935158217,0,0,0,0,1,1.00389624117445,3316,1,1
"z[181,7]",0.000666666666666667,0.0258141493083176,0,0,0,0,0,NA,4500,1,1
"z[182,7]",0.000222222222222222,0.0149071198499986,0,0,0,0,0,1.29093398298233,4500,1,1
"z[183,7]",0.000222222222222222,0.0149071198499986,0,0,0,0,0,1.29093398298233,4500,1,1
"z[184,7]",0.000444444444444444,0.0210795079890303,0,0,0,0,0,1.2913045102833,2250,1,1
"z[185,7]",0.000444444444444444,0.0210795079890303,0,0,0,0,0,1.10528646876281,4500,1,1
"z[186,7]",0.904222222222222,0.294318950732983,0,1,1,1,1,1.0089184802559,625,1,1
"z[187,7]",0.642888888888889,0.479201205303532,0,0,1,1,1,1.00016420173818,4375,1,1
"z[188,7]",0.672,0.469536997712101,0,0,1,1,1,1.00049416534504,2741,1,1
"z[189,7]",0.757111111111111,0.428876148709981,0,1,1,1,1,0.99975932752354,4500,1,1
"z[190,7]",0.731333333333333,0.443315420330316,0,0,1,1,1,1.00013981801127,4500,1,1
"z[191,7]",1,0,1,1,1,1,1,NA,1,0,1
"z[192,7]",0.842888888888889,0.363945936488476,0,1,1,1,1,1.00017548734424,4500,1,1
"z[193,7]",0.84,0.366646796392903,0,1,1,1,1,1.00102797369655,2742,1,1
"z[194,7]",0.822666666666667,0.381992995470565,0,1,1,1,1,1.00177092552217,1634,1,1
"z[195,7]",0.758444444444444,0.428073814585456,0,1,1,1,1,1.00006396655775,4500,1,1
"z[196,7]",1,0,1,1,1,1,1,NA,1,0,1
"z[197,7]",0.620444444444444,0.485330278513819,0,0,1,1,1,1.00019427490096,4032,1,1
"z[198,7]",0.705111111111111,0.456043472609393,0,0,1,1,1,1.00108667959694,1702,1,1
"z[199,7]",0.538666666666667,0.498558045238571,0,0,1,1,1,0.999940199976829,4500,1,1
"z[200,7]",0.819111111111111,0.384968871895082,0,1,1,1,1,1.00082848164964,2897,1,1
"deviance",2184.88128442068,29.7624679060153,2127.01029001184,2164.74258940342,2184.1157931851,2204.87412965104,2245.91282666886,0.999784441839402,4500,0,1
