"parameter","mean","sd","2.5%","25%","50%","75%","97.5%","Rhat","n.eff","overlap0","f"
"a.psi[1]",-1.96217529906412,0.814870216710223,-3.58364315993614,-2.51323229695789,-1.9628277205896,-1.39041714544901,-0.383201467376034,1.00070297905825,1935,0,0.992444444444444
"a.psi[2]",2.22083646589639,0.60578783419678,1.09345513919078,1.79687078871386,2.18536033635124,2.60990142808146,3.4708219731012,1.00172796367963,1012,0,1
"a.psi[3]",1.05877968385546,0.413018904420503,0.303482845062854,0.775763368117018,1.04185841254461,1.33563316283546,1.91353067341121,1.00040374550374,2841,0,0.996444444444444
"a.psi[4]",3.36527434500125,0.801075967093248,1.96635776068632,2.80892942374455,3.30524818006554,3.86993517927183,5.11718141517242,1.00027583656579,4500,0,1
"a.psi[5]",2.63903188816755,0.666651641849083,1.4479499530034,2.17296095544226,2.58946888543151,3.0477463884625,4.0851934633287,1.00022617861925,3687,0,1
"b.psi.elev",-0.806493976283092,0.293712553070862,-1.38427807853278,-0.99955062978652,-0.806722418445254,-0.609268867741196,-0.24177759421317,1.00080652584317,1950,0,0.996444444444444
"b.psi.water",-0.315059010776347,0.292767571123449,-0.895167650679875,-0.506294605028393,-0.313637059320944,-0.117232929749714,0.258712090948063,1.00002671163004,4500,1,0.862222222222222
"a.gam[1]",-1.9539193045106,0.669744772480559,-3.33053464378385,-2.37487875765835,-1.93660933045389,-1.50760145019723,-0.698308666252573,1.00046905408803,2835,0,0.999111111111111
"a.gam[2]",0.445744934049865,0.677676257195605,-0.813995979709128,-0.0271191592608776,0.433246162234995,0.886609817061903,1.83991924758009,0.999998510997026,4500,1,0.738
"a.gam[3]",-0.558933503471573,0.43267599570954,-1.41023357540505,-0.840998794390049,-0.5537292285023,-0.277407581576926,0.284951119025928,1.00021025798613,4500,1,0.908222222222222
"a.gam[4]",0.57378439146349,0.783244159307086,-0.93471536621203,0.0568238968770464,0.546502526491564,1.06838237559387,2.17558810141062,1.00103479940025,3787,1,0.771555555555556
"a.gam[5]",-0.0040489278954858,0.797224180825386,-1.56885666765719,-0.526950415121312,-0.0151195075218089,0.51419739380864,1.62268202653382,1.00089554847996,2732,1,0.508666666666667
"b.gam.elev",0.240857541365408,0.291013229504324,-0.308337023901273,0.0418166179961975,0.234438295340089,0.431543271897779,0.827146266042292,1.00073064629409,2496,1,0.798
"b.gam.water",-0.250601325311767,0.247473712814029,-0.745583140170698,-0.409820005576456,-0.249222651955887,-0.0834352111754519,0.239498556205736,1.00035494984719,3687,1,0.843333333333333
"b.gam.road",0.358626967161624,0.21521673549339,-0.0428258858942357,0.211460917120016,0.349515685034979,0.500083670142894,0.801799277541761,1.00004126437257,4500,1,0.957111111111111
"b.gam.harv",0.0174037962172142,0.222406014964032,-0.401995784449359,-0.135299064852971,0.0137945979232628,0.164447531669759,0.458664817230159,1.00072232384445,2698,1,0.528444444444444
"a.phi[1]",-0.317167249946339,1.03163684561455,-2.36102099803944,-0.994429762108549,-0.295581705340764,0.390963587057978,1.66085670043333,1.00265943074876,725,1,0.612666666666667
"a.phi[2]",1.33458990924565,0.884995109667198,-0.487001740703359,0.757339804836158,1.36913075442252,1.96934701090284,2.90784026142106,1.00432349503246,493,1,0.924666666666667
"a.phi[3]",1.06368877702318,0.891454495513854,-0.784710831518625,0.480381861000607,1.09889194064606,1.71441064076125,2.60301010221035,1.00398340462149,488,1,0.872666666666667
"a.phi[4]",2.01248392420422,0.894530224638165,0.214423449701409,1.40695369051524,2.04502503285765,2.653476814027,3.66198885075262,1.00477491878635,406,0,0.985777777777778
"a.phi[5]",2.26986570936057,0.909650834406853,0.413927032181774,1.65112653153798,2.30623319120211,2.91394031349617,3.95223604921609,1.00577484053273,336,0,0.991111111111111
"b.phi.elev",-0.674243208861989,0.22497942600573,-1.11430919440165,-0.82202392165285,-0.673028862813917,-0.526907510574085,-0.233251101072907,1.00023151316391,4500,0,0.999333333333333
"b.phi.water",-0.162943075060017,0.181275825156285,-0.537812904335867,-0.28119598423708,-0.156179282148755,-0.038592773139224,0.174369424312764,1.00005771170555,4500,1,0.814666666666667
"b.phi.road",-0.485749339738679,0.228504224667143,-0.960594488917033,-0.636165947167319,-0.478749452836498,-0.326559104211554,-0.052251947237055,1.00028595869887,4500,0,0.989555555555556
"b.phi.harv",-0.339549036316548,0.25183546359311,-0.883796982862001,-0.495122793565824,-0.319435101334723,-0.160757062454093,0.0962293658896664,1.00077150813437,4500,1,0.930666666666667
"a.p",1.18136398414733,0.135272326563219,0.909294823306648,1.10155268392911,1.18136695782324,1.26047897839605,1.44432379508176,1.00337265516627,965,0,1
"b.p.ak",-1.01122593163933,0.251617402266921,-1.50829056157422,-1.17997630116669,-1.01279647876019,-0.838808950571236,-0.519625756003708,0.999842943363692,4500,0,1
"b.p.clutter",-0.0395085775363259,0.0429055763602571,-0.12376689683308,-0.0683640515765127,-0.0393922440840218,-0.0100115802764093,0.0429034885372846,1.00137744014773,1527,1,0.818
"b.p.temp",0.475069636731895,0.0502011226406845,0.376396207184002,0.44110827012254,0.474581806321087,0.508714464108228,0.572273262144088,1.00012987680338,4435,0,1
"b.p.julian",0.0341030029057984,0.0471597879914624,-0.0593627225570288,0.00261968789298085,0.0342543434465993,0.0662077242912611,0.125354323899839,1.00051730173531,2872,1,0.767777777777778
"sigma.gam",0.441731461461317,0.381283824411323,0.0182691797025332,0.169449748992406,0.343002115292257,0.605087371494679,1.41929463084985,1.00054983648654,2304,0,1
"sigma.phi",2.60329241492601,1.67649169259541,0.556173030227621,1.49267125736095,2.29288138282089,3.29436047276144,6.68446800715282,1.00642955342679,966,0,1
"sigma.p",0.306735673386948,0.138752366623919,0.127782086288378,0.214895477600203,0.279202432381033,0.363420323837336,0.659042897628054,1.00114310580605,4500,0,1
"eps.gam[1]",-0.303375948525718,0.475363558158324,-1.53460026387274,-0.507586046758102,-0.16586946992441,-0.00216681533610644,0.335251073898572,1.00151930135166,1382,1,0.757111111111111
"eps.gam[2]",0.146224997210474,0.369848013939227,-0.520367195505278,-0.0458911501653633,0.0767413312558695,0.311009543888605,1.02941723496859,1.00017728891684,4184,1,0.650444444444444
"eps.gam[3]",-0.00963188619925927,0.361890742086298,-0.815854625325135,-0.168594631531713,-0.0013803384728963,0.155830789620944,0.776198912653616,1.00140755114638,4373,1,0.506888888888889
"eps.gam[4]",0.0182294372620097,0.417266166749422,-0.881653523992034,-0.150080099379873,0.00716904774527197,0.19285597362043,0.924743361782726,1.00178517531594,2297,1,0.521555555555556
"eps.gam[5]",0.0253637288479942,0.432972982425615,-0.876095512578685,-0.150969919905657,0.00926180124080683,0.202120848204178,0.961175700025459,1.0001505755635,4142,1,0.528
"eps.gam[6]",-0.0194922673710134,0.415752804266341,-0.956617331800613,-0.189425744812656,-0.0024808783961674,0.161025463282924,0.837678593384722,1.00036684243924,2911,1,0.510222222222222
"eps.phi[1]",1.26535391648716,0.965283830279638,-0.354336025826199,0.535064975145873,1.20075897925392,1.90558238808017,3.30574146083933,1.00368050610864,504,1,0.916666666666667
"eps.phi[2]",0.657753195864467,0.875627316497566,-0.811591619777678,0.00517697383818097,0.602298126902323,1.2408365673592,2.47997485135545,1.00512761247664,380,1,0.752444444444444
"eps.phi[3]",1.58095484531777,0.97332919401985,-0.105353908546991,0.861023619003969,1.53428539185419,2.24383591206946,3.58539328601297,1.00394515262681,476,1,0.964444444444444
"eps.phi[4]",2.04100945308709,1.13205014974434,0.16372437067786,1.23218671817355,1.94695213038584,2.73697988979997,4.48668383430268,1.00264729851861,698,0,0.987333333333333
"eps.phi[5]",4.31329241242068,2.61354901739814,0.793011274686194,2.62124507266286,3.8791482763398,5.41779140941123,10.5724880700822,1.00983253997235,588,0,0.998666666666667
"eps.phi[6]",1.14924231296393,0.896192347148999,-0.35943026393817,0.479904908757126,1.08347072707318,1.76230252721521,3.01793652950351,1.00375796941203,517,1,0.906222222222222
"eps.p[1]",-0.380136755282747,0.166973913139039,-0.726197051479909,-0.48515549975702,-0.371029647693943,-0.269127661362856,-0.0783002830077846,1.00248324792332,1016,0,0.99
"eps.p[2]",-0.158456391493618,0.162682672334042,-0.493148814338587,-0.25708583530585,-0.155385377239535,-0.0573117026432188,0.152528808122534,1.00175801810308,1894,1,0.859333333333333
"eps.p[3]",0.0680894330048485,0.166355773438286,-0.252110960200991,-0.0399561720586717,0.0634592959578618,0.171902949728729,0.416371472611398,1.00127143168323,2135,1,0.659111111111111
"eps.p[4]",0.113825518884505,0.159973947547936,-0.185279891686391,0.0145370443712336,0.111456134559294,0.209523827376555,0.447023506217769,1.00229134372066,1092,1,0.78
"eps.p[5]",-0.0424092699742099,0.164481038473769,-0.377349396349107,-0.141879208202803,-0.0405616355648999,0.0582358299788661,0.278378623718645,1.00308953281278,729,1,0.608222222222222
"eps.p[6]",0.12396278627716,0.156640226792778,-0.169876854580404,0.0245088462897327,0.118821420176718,0.217703348506248,0.451103249450802,1.00266686375948,2419,1,0.803333333333333
"eps.p[7]",0.282337468059601,0.170453236099186,-0.0277061704903979,0.16826149802727,0.276148294070584,0.385999558504661,0.633028365145129,1.00090569379403,3128,1,0.964
"psi.fs[1]",0.800672222222222,0.0203814018126419,0.76,0.785,0.8,0.815,0.84,1.00073108129488,2921,0,1
"psi.fs[2]",0.790117777777778,0.0204581204332137,0.75,0.775,0.79,0.805,0.83,1.00023857549021,4440,0,1
"psi.fs[3]",0.782291111111111,0.019742612768681,0.745,0.77,0.78,0.795,0.82,1.00025245912423,4500,0,1
"psi.fs[4]",0.82517,0.0145724802066496,0.795,0.815,0.825,0.835,0.855,0.999978132243674,4500,0,1
"psi.fs[5]",0.85524,0.0169756621412679,0.825,0.845,0.855,0.865,0.89,1.00018416665847,4396,0,1
"psi.fs[6]",0.905044444444444,0.0115568610900804,0.88,0.9,0.905,0.915,0.925,1.00018482578361,4500,0,1
"psi.fs[7]",0.841488888888889,0.01653412512713,0.807375,0.83,0.84,0.85,0.875,1.0007459119661,3020,0,1
"psi.surv[1]",0.814105594956659,0.012266946123786,0.794326241134752,0.808510638297872,0.815602836879433,0.822695035460993,0.843971631205674,1.00149476410733,2141,0,1
"psi.surv[2]",0.798165925925926,0.014690979344982,0.773333333333333,0.786666666666667,0.8,0.806666666666667,0.826666666666667,0.99992867238718,4500,0,1
"psi.surv[3]",0.807380718954248,0.00954399335869385,0.794117647058823,0.801470588235294,0.808823529411765,0.816176470588235,0.830882352941177,1.00053535228792,4024,0,1
"psi.surv[4]",0.850211180124224,0.00846145422889784,0.832298136645963,0.84472049689441,0.850931677018634,0.857142857142857,0.869565217391304,0.999886874224801,4500,0,1
"psi.surv[5]",0.883035842293907,0.00948610683912434,0.870967741935484,0.879032258064516,0.879032258064516,0.887096774193548,0.903225806451613,1.0004856691093,2811,0,1
"psi.surv[6]",0.90593853427896,0.00567589447778912,0.900709219858156,0.900709219858156,0.907801418439716,0.907801418439716,0.914893617021277,0.999920232405977,4500,0,1
"psi.surv[7]",0.851326892109501,0.0082331422507564,0.840579710144927,0.847826086956522,0.847826086956522,0.855072463768116,0.869565217391304,1.0000062265704,4500,0,1
"n.occ[1]",160.134444444444,4.07628036252837,152,157,160,163,168,1.00073108129489,2921,0,1
"n.occ[2]",158.023555555556,4.09162408664274,150,155,158,161,166,1.00023857549022,4440,0,1
"n.occ[3]",156.458222222222,3.94852255373619,149,154,156,159,164,1.00025245912423,4500,0,1
"n.occ[4]",165.034,2.91449604132992,159,163,165,167,171,0.999978132243674,4500,0,1
"n.occ[5]",171.048,3.39513242825357,165,169,171,173,178,1.00018416665847,4396,0,1
"n.occ[6]",181.008888888889,2.31137221801608,176,180,181,183,185,1.00018482578361,4500,0,1
"n.occ[7]",168.297777777778,3.306825025426,161.475,166,168,170,175,1.0007459119661,3020,0,1
"psi.reg[1,1]",0.255511111111111,0.103334052726059,0.133333333333333,0.2,0.266666666666667,0.333333333333333,0.466666666666667,1.00021856934,4500,0,1
"psi.reg[2,1]",0.80631339031339,0.043880236042191,0.717948717948718,0.769230769230769,0.82051282051282,0.846153846153846,0.871794871794872,1.00041972918493,3290,0,1
"psi.reg[3,1]",0.706451851851852,0.0493703734860389,0.6,0.666666666666667,0.716666666666667,0.733333333333333,0.8,0.999830323221439,4500,0,1
"psi.reg[4,1]",0.962053872053872,0.0289518300946489,0.909090909090909,0.939393939393939,0.96969696969697,0.96969696969697,1,1.00157826997772,1599,0,1
"psi.reg[5,1]",0.956993710691824,0.0151584682020938,0.924528301886792,0.943396226415094,0.962264150943396,0.962264150943396,0.981132075471698,1.00139431025932,1788,0,1
"psi.reg[1,2]",0.3424,0.0679564644095709,0.266666666666667,0.266666666666667,0.333333333333333,0.4,0.466666666666667,1.00033591162266,4500,0,1
"psi.reg[2,2]",0.797168091168091,0.0378335942249932,0.717948717948718,0.769230769230769,0.794871794871795,0.82051282051282,0.871794871794872,1.00068347410752,2300,0,1
"psi.reg[3,2]",0.722862962962963,0.042256889348956,0.633333333333333,0.7,0.716666666666667,0.75,0.8,1.0005464466179,2583,0,1
"psi.reg[4,2]",0.871313131313131,0.0352915946445723,0.818181818181818,0.848484848484849,0.878787878787879,0.909090909090909,0.939393939393939,0.999733923682776,4500,0,1
"psi.reg[5,2]",0.937224318658281,0.0230088639480975,0.886792452830189,0.924528301886792,0.943396226415094,0.962264150943396,0.981132075471698,1.00074327963819,2373,0,1
"psi.reg[1,3]",0.269614814814815,0.0763585542630655,0.133333333333333,0.2,0.266666666666667,0.333333333333333,0.4,1.00101279992075,2829,0,1
"psi.reg[2,3]",0.806729344729345,0.0322579905994013,0.743589743589744,0.794871794871795,0.82051282051282,0.82051282051282,0.846153846153846,1.00082287444831,2919,0,1
"psi.reg[3,3]",0.724762962962963,0.047524016341476,0.633333333333333,0.7,0.733333333333333,0.75,0.816666666666667,1.00013276631828,4500,0,1
"psi.reg[4,3]",0.843791245791246,0.0239616216287062,0.787878787878788,0.818181818181818,0.848484848484849,0.848484848484849,0.878787878787879,1.000056874946,4500,0,1
"psi.reg[5,3]",0.936238993710692,0.0182073227564513,0.905660377358491,0.924528301886792,0.943396226415094,0.943396226415094,0.962264150943396,1.00084367611838,2292,0,1
"psi.reg[1,4]",0.272859259259259,0.0807412526511168,0.133333333333333,0.2,0.266666666666667,0.333333333333333,0.4,1.00132651152709,1718,0,1
"psi.reg[2,4]",0.864547008547008,0.0275357005855746,0.82051282051282,0.846153846153846,0.871794871794872,0.871794871794872,0.923076923076923,1.00142216773629,1195,0,1
"psi.reg[3,4]",0.768748148148148,0.0276804637546671,0.716666666666667,0.75,0.766666666666667,0.783333333333333,0.816666666666667,1.00045540226288,2553,0,1
"psi.reg[4,4]",0.9156632996633,0.0306290145452415,0.848484848484849,0.909090909090909,0.909090909090909,0.939393939393939,0.96969696969697,1.00053928755969,4500,0,1
"psi.reg[5,4]",0.960037735849057,0.0165233159081426,0.924528301886792,0.943396226415094,0.962264150943396,0.962264150943396,0.981132075471698,1.00011109353966,4500,0,1
"psi.reg[1,5]",0.430014814814815,0.0736295000663157,0.333333333333333,0.4,0.4,0.466666666666667,0.6,1.0004231577416,2759,0,1
"psi.reg[2,5]",0.842592592592593,0.0339563693934571,0.769230769230769,0.82051282051282,0.846153846153846,0.871794871794872,0.897435897435897,1.00098095996889,2354,0,1
"psi.reg[3,5]",0.807303703703704,0.0368050439195519,0.733333333333333,0.783333333333333,0.8,0.833333333333333,0.883333333333333,1.00047178693783,3057,0,1
"psi.reg[4,5]",0.966215488215488,0.0186580807545223,0.939393939393939,0.96969696969697,0.96969696969697,0.96969696969697,1,1.00065212440209,4500,0,1
"psi.reg[5,5]",0.970062893081761,0.0174386405783269,0.943396226415094,0.962264150943396,0.962264150943396,0.981132075471698,1,1.00020382754397,4500,0,1
"psi.reg[1,6]",0.58637037037037,0.0493759541387587,0.533333333333333,0.533333333333333,0.6,0.6,0.666666666666667,1.00040584155976,4150,0,1
"psi.reg[2,6]",0.939863247863248,0.0301861610035444,0.871794871794872,0.923076923076923,0.948717948717949,0.948717948717949,1,0.999980074058632,4500,0,1
"psi.reg[3,6]",0.854103703703704,0.0227968168116641,0.8,0.833333333333333,0.85,0.866666666666667,0.9,0.999936615505708,4500,0,1
"psi.reg[4,6]",0.988929292929293,0.017610147000026,0.939393939393939,0.96969696969697,1,1,1,1.00043459349511,4500,0,1
"psi.reg[5,6]",0.975052410901468,0.0121992990105388,0.943396226415094,0.962264150943396,0.981132075471698,0.981132075471698,1,1.00137246729452,1589,0,1
"psi.reg[1,7]",0.450622222222222,0.09266581435504,0.266666666666667,0.4,0.466666666666667,0.533333333333333,0.666666666666667,1.00057316006672,4500,0,1
"psi.reg[2,7]",0.884296296296296,0.0305732716025013,0.82051282051282,0.871794871794872,0.897435897435897,0.897435897435897,0.923076923076923,1.00055262595983,4500,0,1
"psi.reg[3,7]",0.770381481481481,0.0317348855976504,0.7,0.75,0.766666666666667,0.8,0.833333333333333,1.00029880615365,3554,0,1
"psi.reg[4,7]",0.935905723905724,0.0263445817231788,0.878787878787879,0.909090909090909,0.939393939393939,0.939393939393939,1,1.00040097260608,2844,0,1
"psi.reg[5,7]",0.94232285115304,0.0211093921251744,0.886792452830189,0.924528301886792,0.943396226415094,0.962264150943396,0.962264150943396,1.00077146045601,1837,0,1
"n.occ.reg[1,1]",3.83266666666667,1.55001079089089,2,3,4,5,7,1.00021856934,4500,0,1
"n.occ.reg[2,1]",31.4462222222222,1.71132920564545,28,30,32,33,34,1.00041972918493,3290,0,1
"n.occ.reg[3,1]",42.3871111111111,2.96222240916233,36,40,43,44,48,0.999830323221439,4500,0,1
"n.occ.reg[4,1]",31.7477777777778,0.955410393123414,30,31,32,32,33,1.00157826997772,1599,0,1
"n.occ.reg[5,1]",50.7206666666667,0.803398814710972,49,50,51,51,52,1.00139431025933,1788,0,1
"n.occ.reg[1,2]",5.136,1.01934696614356,4,4,5,6,7,1.00033591162266,4500,0,1
"n.occ.reg[2,2]",31.0895555555556,1.47551017477474,28,30,31,32,34,1.00068347410752,2300,0,1
"n.occ.reg[3,2]",43.3717777777778,2.53541336093736,38,42,43,45,48,1.0005464466179,2583,0,1
"n.occ.reg[4,2]",28.7533333333333,1.16462262327089,27,28,29,30,31,0.999733923682775,4500,0,1
"n.occ.reg[5,2]",49.6728888888889,1.21946978924917,47,49,50,51,52,1.00074327963819,2373,0,1
"n.occ.reg[1,3]",4.04422222222222,1.14537831394598,2,3,4,5,6,1.00101279992075,2829,0,1
"n.occ.reg[2,3]",31.4624444444444,1.25806163337665,29,31,32,32,33,1.00082287444831,2919,0,1
"n.occ.reg[3,3]",43.4857777777778,2.85144098048856,38,42,44,45,49,1.00013276631828,4500,0,1
"n.occ.reg[4,3]",27.8451111111111,0.790733513747304,26,27,28,28,29,1.000056874946,4500,0,1
"n.occ.reg[5,3]",49.6206666666667,0.964988106091918,48,49,50,50,51,1.00084367611838,2292,0,1
"n.occ.reg[1,4]",4.09288888888889,1.21111878976675,2,3,4,5,6,1.00132651152709,1718,0,1
"n.occ.reg[2,4]",33.7173333333333,1.07389232283741,32,33,34,34,36,1.00142216773629,1195,0,1
"n.occ.reg[3,4]",46.1248888888889,1.66082782528002,43,45,46,47,49,1.00045540226288,2553,0,1
"n.occ.reg[4,4]",30.2168888888889,1.01075747999297,28,30,30,31,32,1.00053928755969,4500,0,1
"n.occ.reg[5,4]",50.882,0.875735743131555,49,50,51,51,52,1.00011109353966,4500,0,1
"n.occ.reg[1,5]",6.45022222222222,1.10444250099474,5,6,6,7,9,1.0004231577416,2759,0,1
"n.occ.reg[2,5]",32.8611111111111,1.32429840634482,30,32,33,34,35,1.00098095996889,2354,0,1
"n.occ.reg[3,5]",48.4382222222222,2.20830263517311,44,47,48,50,53,1.00047178693783,3057,0,1
"n.occ.reg[4,5]",31.8851111111111,0.615716664899237,31,32,32,32,33,1.00065212440209,4500,0,1
"n.occ.reg[5,5]",51.4133333333333,0.924247950651325,50,51,51,52,53,1.00020382754397,4500,0,1
"n.occ.reg[1,6]",8.79555555555556,0.74063931208138,8,8,9,9,10,1.00040584155976,4150,0,1
"n.occ.reg[2,6]",36.6546666666667,1.17726027913823,34,36,37,37,39,0.999980074058632,4500,0,1
"n.occ.reg[3,6]",51.2462222222222,1.36780900869985,48,50,51,52,54,0.999936615505708,4500,0,1
"n.occ.reg[4,6]",32.6346666666667,0.581134851000857,31,32,33,33,33,1.00043459349511,4500,0,1
"n.occ.reg[5,6]",51.6777777777778,0.646562847558555,50,51,52,52,53,1.00137246729452,1589,0,1
"n.occ.reg[1,7]",6.75933333333333,1.3899872153256,4,6,7,8,10,1.00057316006672,4500,0,1
"n.occ.reg[2,7]",34.4875555555556,1.19235759249755,32,34,35,35,36,1.00055262595983,4500,0,1
"n.occ.reg[3,7]",46.2228888888889,1.90409313585902,42,45,46,48,50,1.00029880615365,3554,0,1
"n.occ.reg[4,7]",30.8848888888889,0.869371196864899,29,30,31,31,33,1.00040097260608,2844,0,1
"n.occ.reg[5,7]",49.9431111111111,1.11879778263425,47,49,50,51,51,1.00077146045601,1837,0,1
"psi.reg.init[1]",0.148447116566463,0.0997888946976007,0.0270237762317402,0.0749357383392363,0.123161349248775,0.199341170326159,0.405354974727679,1.00069617964695,2081,0,1
"psi.reg.init[2]",0.889600345477591,0.0568121753077556,0.749031295317524,0.857767591052384,0.898927109444964,0.931496106378436,0.969846063351112,1.00242559213221,996,0,1
"psi.reg.init[3]",0.73489552214449,0.0772915191120859,0.575293705658765,0.684766305279086,0.739208428823889,0.791770899156416,0.871415276822228,1.00052852177117,2608,0,1
"psi.reg.init[4]",0.957068295926224,0.0308438760055127,0.877219362197188,0.943156449490158,0.964608415975418,0.979566514108843,0.994042805907488,1.00063186823961,2852,0,1
"psi.reg.init[5]",0.921850277533918,0.044811779887006,0.809682458553898,0.897794981206901,0.930180732003877,0.954685130918699,0.983458333775742,1.00048459102511,3164,0,1
"gamma.reg[1,1]",0.113701284834246,0.0699956104251859,0.0182379989707464,0.062263818420049,0.0997347124976105,0.150686100936261,0.284677930023369,0.999821408424236,4500,0,1
"gamma.reg[2,1]",0.532618190715611,0.16765102974707,0.195862556728104,0.416974141160396,0.53935968048044,0.657841035809501,0.830560182008674,1.00070366519029,2636,0,1
"gamma.reg[3,1]",0.309227101950451,0.105372315060467,0.102913348852199,0.235723078006064,0.308604127803441,0.381701771985814,0.514083994898296,1.00051962667698,2723,0,1
"gamma.reg[4,1]",0.558970108911042,0.188056078007822,0.164445738832391,0.430461309412274,0.570894645278932,0.704288619725132,0.876151981236829,1.00225944821432,1246,0,1
"gamma.reg[5,1]",0.434801051880709,0.183810657163476,0.112263746231698,0.296154942477721,0.422446515375758,0.566938980801319,0.803524694500508,1.00047377522627,4500,0,1
"gamma.reg[1,2]",0.159646555360464,0.0880297323814889,0.0394150046901333,0.096511661265885,0.141187948901873,0.205808841866894,0.377076680545522,1.00097331816232,2225,0,1
"gamma.reg[2,2]",0.629139023074027,0.148587253984608,0.328044598124579,0.526232877547651,0.638510605224128,0.73955965412745,0.887299485201834,0.999723635909415,4500,0,1
"gamma.reg[3,2]",0.403279178019357,0.115408787960928,0.20289570519664,0.32123303444541,0.39554189659913,0.471967322408113,0.660482491431033,1.00087900133994,2114,0,1
"gamma.reg[4,2]",0.651516038859321,0.160378732211143,0.314386280818804,0.542162046793021,0.663734634006062,0.773321876372361,0.919879306718001,1.00110519445045,2600,0,1
"gamma.reg[5,2]",0.529661244518003,0.180727790109747,0.189295045304793,0.396891195357142,0.532868490529739,0.663933782481491,0.870628348647289,1.0011290562479,1525,0,1
"gamma.reg[1,3]",0.141978989145814,0.0809948460474784,0.0305687884321984,0.0830481821649995,0.125593018655599,0.183180119672951,0.342036109671198,1.00042263472872,4500,0,1
"gamma.reg[2,3]",0.596629300506752,0.152986890066914,0.282430028800774,0.488773734758848,0.602992058543762,0.713663764425135,0.863678845365934,1.00040941530659,4500,0,1
"gamma.reg[3,3]",0.368382658983399,0.105315478240804,0.175293179618644,0.295000608629983,0.364523753455933,0.436930480538907,0.585584642363218,1.00086681100818,4500,0,1
"gamma.reg[4,3]",0.621258375932418,0.162010518580506,0.284859770327829,0.506960367269774,0.634632940210369,0.743577029438449,0.895701761004754,1.00159062351634,1416,0,1
"gamma.reg[5,3]",0.496391878437004,0.177729821005298,0.166609501705618,0.363568425385898,0.497031210110646,0.624679539108107,0.83426776003103,1.00017965221568,4500,0,1
"gamma.reg[1,4]",0.146517895484158,0.0869462731803321,0.0316365652112072,0.0848079676204919,0.127568406059531,0.190026330338838,0.360293506364878,1.00105186988166,1695,0,1
"gamma.reg[2,4]",0.601173771253639,0.158486470639962,0.278064954621649,0.492077000095218,0.610309867346979,0.719946848198881,0.882414967092826,1.00046296327056,3499,0,1
"gamma.reg[3,4]",0.375484979483696,0.117006571676445,0.166573326203383,0.295012649011724,0.367787786591918,0.446736891658673,0.634403181151862,1.00149219900695,3220,0,1
"gamma.reg[4,4]",0.625411448590509,0.168904512306722,0.269736928553846,0.509637070400503,0.638395419049773,0.75182971458912,0.909755308924592,1.00029302250576,4500,0,1
"gamma.reg[5,4]",0.502440023991132,0.185725862265812,0.158783190301674,0.363574734868351,0.502546899771086,0.638745236760965,0.8574010882449,1.00022316615869,3786,0,1
"gamma.reg[1,5]",0.147616331926882,0.0883850843045734,0.030850919212005,0.084630473369002,0.127869791673916,0.189258142215899,0.374624634872114,1.00099846021971,2958,0,1
"gamma.reg[2,5]",0.602926854003548,0.160729838159963,0.269132206375083,0.488832047256225,0.612612806021179,0.723614424901603,0.878786803770022,0.99984877624964,4500,0,1
"gamma.reg[3,5]",0.376934390110326,0.1131552268498,0.175939396966416,0.297979085829663,0.370866344862787,0.44939997963242,0.627118045972065,1.00067076041812,2221,0,1
"gamma.reg[4,5]",0.625885618057256,0.176752306680401,0.251487526248995,0.506257774354135,0.643989909585283,0.757994187243131,0.919149000966903,1.00134990016731,2200,0,1
"gamma.reg[5,5]",0.503485187376619,0.184129756055769,0.164412344433982,0.366763247350536,0.502036440178441,0.636966166798428,0.859890586696748,1.00089094359942,1913,0,1
"gamma.reg[1,6]",0.143222614827094,0.087142601624109,0.0282126001683281,0.0805971831338059,0.1241259541962,0.186614345460246,0.358908518738014,1.00037649965108,4500,0,1
"gamma.reg[2,6]",0.592868367682511,0.162339443530643,0.264598346088992,0.476946844576949,0.599677693026151,0.716969989001897,0.881284343551793,0.999747827054141,4500,0,1
"gamma.reg[3,6]",0.367479632194318,0.114670456715695,0.155995815234537,0.288610785265433,0.362912245242962,0.43775114796387,0.617133429798699,1.00069811016929,2130,0,1
"gamma.reg[4,6]",0.617085803730501,0.176745522083886,0.231138284920482,0.502672467295692,0.632300801807887,0.749797858612313,0.913649576324311,1.0012237897624,1584,0,1
"gamma.reg[5,6]",0.494226729370468,0.185300616909107,0.149365856866338,0.35657850860869,0.49012144558482,0.631379986011307,0.84716601262896,1.00104736856124,1801,0,1
"phi.reg[1,1]",0.692706979193736,0.15702778050636,0.36437279154821,0.582661458316642,0.709437049362725,0.8159546146168,0.943319487967165,1.00030370943385,4500,0,1
"phi.reg[2,1]",0.922013287445308,0.0383383197409301,0.830716932718883,0.900701153691447,0.927710511577546,0.950144557325003,0.979150729955526,1.00069476772696,4500,0,1
"phi.reg[3,1]",0.901521208579049,0.0458635304234525,0.796440158017104,0.874900058632778,0.90905893631197,0.934728919841906,0.970151768703442,1.00054134317378,4500,0,1
"phi.reg[4,1]",0.957493410662744,0.0239125934887766,0.900459703676479,0.945156494165865,0.962015504976169,0.974633968248886,0.990628232566038,0.999778605100367,4500,0,1
"phi.reg[5,1]",0.965351198215921,0.022036424050605,0.908317397934933,0.95469842896493,0.969959131331685,0.981321383576199,0.994023101400563,0.999983510711982,4500,0,1
"phi.reg[1,2]",0.571150899483237,0.173468845957931,0.24051780735435,0.444901910920405,0.568638641826236,0.701370302402307,0.894226004545538,1.00001168764202,4500,0,1
"phi.reg[2,2]",0.871423475575559,0.0511418633999966,0.750792077979144,0.841972875924195,0.879209539120237,0.908525932709981,0.950434128309837,1.00005060931899,4500,0,1
"phi.reg[3,2]",0.838853255884892,0.0613820413009255,0.696506859547743,0.803126919449033,0.846222565464563,0.883585100306724,0.934910821543513,0.999980089547594,4500,0,1
"phi.reg[4,2]",0.928610987691064,0.032755640030216,0.849612554654085,0.910629943675421,0.934015526673456,0.952719932718186,0.976055818404817,1.00039095622858,4500,0,1
"phi.reg[5,2]",0.941756257869668,0.0304059649205856,0.867680354410533,0.925232058144067,0.946628994187688,0.963748901927533,0.986146598297196,1.00035985317866,4500,0,1
"phi.reg[1,3]",0.747882855123894,0.143899971618529,0.425855228397009,0.656079031601849,0.768955821965509,0.86228479907262,0.958873883189208,1.00080038886505,4057,0,1
"phi.reg[2,3]",0.941597188518981,0.0301771854121598,0.868790701587581,0.925015146726215,0.947109884728742,0.963147806909135,0.984408310514053,1.00028030641648,3817,0,1
"phi.reg[3,3]",0.925650881101317,0.0363406746864479,0.836699263519098,0.905320188296259,0.931197364733578,0.952322456420333,0.978813645147394,1.00080410238198,1908,0,1
"phi.reg[4,3]",0.96833972496851,0.0188567622124243,0.922914331126665,0.959314362352463,0.972502855060974,0.981857528325753,0.992775118874329,1.00006026598363,4500,0,1
"phi.reg[5,3]",0.974535039988849,0.0161527583938948,0.93368453331954,0.966789518702666,0.977982780439064,0.986240573553273,0.995255220036097,1.00109354646781,1722,0,1
"phi.reg[1,4]",0.810481977445667,0.129982676238108,0.49021927309686,0.73539925395527,0.838642164964806,0.910952200035463,0.981278420596067,1.00006671189295,4500,0,1
"phi.reg[2,4]",0.958590007349113,0.0263914506331479,0.894058844244142,0.944767219630107,0.963613423870752,0.977817277914288,0.994403884001914,1.00003694095711,4500,0,1
"phi.reg[3,4]",0.948258621068087,0.0306319049060587,0.873481029641679,0.931650342500677,0.953479233252994,0.971166463523731,0.991600640723442,1.00050513562587,4500,0,1
"phi.reg[4,4]",0.978292055238785,0.0146244815443702,0.940344155172257,0.971028154559024,0.981460150822503,0.988760137997572,0.997013052592467,1.00113751533068,4500,0,1
"phi.reg[5,4]",0.982554131845096,0.0126290963481657,0.949283974290522,0.97669679367353,0.985411305813221,0.991614600184447,0.997850620042074,1.0000615374241,4500,0,1
"phi.reg[1,5]",0.946691802172429,0.0687054658233547,0.752063806087856,0.92905761728172,0.971937975783615,0.992413325515032,0.99994172121189,1.00151643392695,1751,0,1
"phi.reg[2,5]",0.989977907844273,0.0126153847463404,0.954443367257148,0.986400367665844,0.994486270519727,0.998372858327826,0.999984265667829,1.00814323779261,862,0,1
"phi.reg[3,5]",0.987257347073768,0.0152220211210492,0.945071263527096,0.982439091610955,0.992572473880854,0.997839456083927,0.999978452026915,1.00298275550544,1116,0,1
"phi.reg[4,5]",0.99474127667266,0.00688044734819388,0.976233805716279,0.992963244329106,0.99722945645453,0.999203595179383,0.999992030853242,1.00297570490929,2019,0,1
"phi.reg[5,5]",0.99564083536163,0.00587286500595507,0.978691814472727,0.99439580434721,0.997798713845277,0.999414090468233,0.999994777509096,1.00227938499397,1692,0,1
"phi.reg[1,6]",0.673775307910066,0.151819195189769,0.355842452910371,0.567752409319108,0.682961917285209,0.792422394780459,0.929265798929077,0.999945253832804,4500,0,1
"phi.reg[2,6]",0.916010253455991,0.0366655435760632,0.829433020438417,0.895563568939168,0.921704258840924,0.942262267133978,0.970405078580365,0.999952136245429,4500,0,1
"phi.reg[3,6]",0.894568334158944,0.040488875364219,0.798633572245604,0.871222346220836,0.899804688430339,0.923792642552128,0.958374962462992,0.999816246944239,4500,0,1
"phi.reg[4,6]",0.954566355076309,0.0219757106927855,0.901727974687858,0.942672067125128,0.958497517341055,0.970731503360145,0.985677538066728,1.00041951434226,3973,0,1
"phi.reg[5,6]",0.963029064535563,0.0205822563174201,0.913794898687827,0.952363568509818,0.966971997438066,0.977916316284489,0.991076244547585,1.00087178099518,4187,0,1
"ext.reg[1,1]",0.307293020806264,0.15702778050636,0.0566805120328345,0.1840453853832,0.290562950637275,0.417338541683358,0.63562720845179,1.00030370943384,4500,0,1
"ext.reg[2,1]",0.0779867125546922,0.0383383197409301,0.0208492700444741,0.0498554426749965,0.0722894884224543,0.0992988463085533,0.169283067281117,1.00069476772696,4500,0,1
"ext.reg[3,1]",0.0984787914209514,0.0458635304234525,0.0298482312965584,0.0652710801580937,0.0909410636880303,0.125099941367222,0.203559841982896,1.00054134317378,4500,0,1
"ext.reg[4,1]",0.0425065893372563,0.0239125934887766,0.00937176743396169,0.0253660317511138,0.0379844950238312,0.0548435058341347,0.0995402963235208,0.999778605100367,4500,0,1
"ext.reg[5,1]",0.0346488017840786,0.022036424050605,0.00597689859943677,0.0186786164238008,0.0300408686683148,0.04530157103507,0.0916826020650671,0.999983510711983,4500,0,1
"ext.reg[1,2]",0.428849100516763,0.173468845957931,0.105773995454462,0.298629697597693,0.431361358173764,0.555098089079595,0.75948219264565,1.00001168764202,4500,0,1
"ext.reg[2,2]",0.128576524424441,0.0511418633999966,0.0495658716901632,0.0914740672900192,0.120790460879763,0.158027124075805,0.249207922020856,1.00005060931899,4500,0,1
"ext.reg[3,2]",0.161146744115108,0.0613820413009255,0.065089178456487,0.116414899693276,0.153777434535437,0.196873080550967,0.303493140452257,0.999980089547594,4500,0,1
"ext.reg[4,2]",0.0713890123089362,0.032755640030216,0.0239441815951828,0.0472800672818138,0.065984473326544,0.0893700563245794,0.150387445345915,1.00039095622858,4500,0,1
"ext.reg[5,2]",0.0582437421303315,0.0304059649205856,0.0138534017028039,0.0362510980724666,0.0533710058123117,0.0747679418559331,0.132319645589467,1.00035985317866,4500,0,1
"ext.reg[1,3]",0.252117144876106,0.143899971618529,0.0411261168107923,0.13771520092738,0.231044178034491,0.343920968398151,0.574144771602991,1.00080038886505,4057,0,1
"ext.reg[2,3]",0.0584028114810191,0.0301771854121598,0.0155916894859472,0.0368521930908654,0.0528901152712585,0.0749848532737851,0.131209298412419,1.00028030641648,3817,0,1
"ext.reg[3,3]",0.0743491188986835,0.0363406746864479,0.0211863548526062,0.0476775435796669,0.0688026352664219,0.094679811703741,0.163300736480902,1.00080410238198,1908,0,1
"ext.reg[4,3]",0.0316602750314901,0.0188567622124243,0.00722488112567143,0.0181424716742465,0.0274971449390255,0.0406856376475373,0.0770856688733349,1.00006026598363,4500,0,1
"ext.reg[5,3]",0.0254649600111509,0.0161527583938948,0.00474477996390343,0.0137594264467266,0.0220172195609366,0.033210481297334,0.0663154666804598,1.00109354646781,1722,0,1
"ext.reg[1,4]",0.189518022554333,0.129982676238108,0.0187215794039327,0.0890477999645375,0.161357835035194,0.26460074604473,0.50978072690314,1.00006671189295,4500,0,1
"ext.reg[2,4]",0.0414099926508872,0.0263914506331479,0.00559611599808644,0.0221827220857119,0.0363865761292477,0.0552327803698932,0.105941155755858,1.00003694095711,4500,0,1
"ext.reg[3,4]",0.0517413789319125,0.0306319049060587,0.00839935927655808,0.0288335364762688,0.0465207667470065,0.068349657499323,0.126518970358321,1.00050513562587,4500,0,1
"ext.reg[4,4]",0.0217079447612155,0.0146244815443702,0.00298694740753252,0.0112398620024275,0.0185398491774967,0.0289718454409756,0.0596558448277429,1.00113751533068,4500,0,1
"ext.reg[5,4]",0.0174458681549042,0.0126290963481657,0.00214937995792623,0.00838539981555289,0.0145886941867789,0.0233032063264696,0.0507160257094779,1.0000615374241,4500,0,1
"ext.reg[1,5]",0.0533081978275712,0.0687054658233547,5.82787881103552e-05,0.00758667448496825,0.0280620242163854,0.0709423827182795,0.247936193912144,1.00151643392694,1751,0,1
"ext.reg[2,5]",0.0100220921557274,0.0126153847463404,1.57343321706055e-05,0.00162714167217362,0.00551372948027334,0.0135996323341564,0.0455566327428517,1.00814323779263,862,0,1
"ext.reg[3,5]",0.0127426529262323,0.0152220211210492,2.15479730847706e-05,0.00216054391607284,0.0074275261191456,0.0175609083890454,0.0549287364729034,1.00298275550544,1116,0,1
"ext.reg[4,5]",0.00525872332734051,0.00688044734819388,7.96914675799954e-06,0.000796404820616797,0.00277054354547024,0.00703675567089423,0.0237661942837206,1.00297570490927,2019,0,1
"ext.reg[5,5]",0.00435916463836994,0.00587286500595507,5.22249090398053e-06,0.00058590953176671,0.00220128615472331,0.00560419565278972,0.0213081855272734,1.00227938499399,1692,0,1
"ext.reg[1,6]",0.326224692089934,0.151819195189769,0.0707342010709229,0.207577605219541,0.317038082714791,0.432247590680892,0.644157547089629,0.999945253832804,4500,0,1
"ext.reg[2,6]",0.0839897465440086,0.0366655435760632,0.0295949214196353,0.057737732866022,0.0782957411590759,0.104436431060832,0.170566979561583,0.999952136245429,4500,0,1
"ext.reg[3,6]",0.105431665841056,0.040488875364219,0.0416250375370077,0.0762073574478721,0.100195311569661,0.128777653779164,0.201366427754396,0.999816246944239,4500,0,1
"ext.reg[4,6]",0.045433644923691,0.0219757106927855,0.014322461933272,0.0292684966398554,0.0415024826589453,0.0573279328748717,0.0982720253121419,1.00041951434226,3973,0,1
"ext.reg[5,6]",0.0369709354644367,0.0205822563174201,0.00892375545241457,0.0220836837155113,0.0330280025619336,0.047636431490182,0.0862051013121732,1.00087178099518,4187,0,1
"mean.gamma.reg[1]",0.14211394526311,0.0722770447545783,0.0384137107128999,0.089306859552886,0.129371537747958,0.180602876802319,0.316477687953325,1.00047209667581,3854,0,1
"mean.gamma.reg[2]",0.592559251206015,0.139834060399142,0.314282705373087,0.493494171868331,0.597660270041919,0.696876794589137,0.845009331483879,0.999940894974389,4500,0,1
"mean.gamma.reg[3]",0.366797990123591,0.0832657232055791,0.211524633939766,0.308621246176576,0.363916774774127,0.421752805438466,0.531338573605889,1.00035019539231,3839,0,1
"mean.gamma.reg[4]",0.616687899013508,0.156390443427451,0.292673291619254,0.509169838275423,0.62504314135979,0.733259818586651,0.88962484663189,1.00143931866725,1854,0,1
"mean.gamma.reg[5]",0.493501019262322,0.166830341055457,0.180087324422177,0.373260401688547,0.489721954621604,0.613166595402426,0.820108474288193,1.00076133877763,2629,0,1
"mean.phi.reg[1]",0.740448303554838,0.11590900910697,0.497566208408692,0.663546463116791,0.748296723784496,0.827876858725363,0.936792944880487,1.00043364405332,4500,0,1
"mean.phi.reg[2]",0.933268686698204,0.0223947010905425,0.881643647917815,0.919558223750263,0.936003861552422,0.949583393422468,0.968797815828531,1.0006431599785,4500,0,1
"mean.phi.reg[3]",0.916018274644343,0.0247526143283553,0.861805671696078,0.900501002321397,0.917788613075591,0.933656993846525,0.959522401323459,1.00045563312943,4462,0,1
"mean.phi.reg[4]",0.963673968385012,0.0143160388479759,0.930830242019514,0.955122854038619,0.965608971326331,0.974027047345701,0.986190941871787,1.00013860809538,4500,0,1
"mean.phi.reg[5]",0.970477754636121,0.013732684679887,0.939341459113045,0.962004024678655,0.972279859962946,0.980505491314444,0.99163614527805,1.00012656606021,4500,0,1
"mean.ext.reg[1]",0.259551696445162,0.11590900910697,0.0632070551195131,0.172123141274637,0.251703276215504,0.336453536883209,0.502433791591308,1.00043364405332,4500,0,1
"mean.ext.reg[2]",0.0667313133017959,0.0223947010905425,0.0312021841714692,0.0504166065775321,0.0639961384475785,0.0804417762497374,0.118356352082184,1.0006431599785,4500,0,1
"mean.ext.reg[3]",0.0839817253556572,0.0247526143283553,0.0404775986765407,0.0663430061534753,0.0822113869244088,0.0994989976786029,0.138194328303922,1.00045563312943,4462,0,1
"mean.ext.reg[4]",0.0363260316149883,0.0143160388479759,0.0138090581282127,0.0259729526542994,0.0343910286736696,0.0448771459613811,0.0691697579804855,1.00013860809538,4500,0,1
"mean.ext.reg[5]",0.0295222453638786,0.013732684679887,0.00836385472194972,0.0194945086855557,0.0277201400370544,0.0379959753213452,0.0606585408869546,1.00012656606021,4500,0,1
"equilib.reg[1]",0.362725052145859,0.142855222849349,0.129623155882319,0.259323273382547,0.348379175811407,0.448427360473138,0.687319441890645,1.000711572834,2038,0,1
"equilib.reg[2]",0.896253486307749,0.0348714914417957,0.816320050461967,0.877122585464439,0.901036548388484,0.920891628290553,0.949147139307806,1.00162201628039,3017,0,1
"equilib.reg[3]",0.811075142645721,0.0508814697268782,0.700546935555286,0.779756745560776,0.814788725394298,0.846886300486761,0.899130924790598,1.00037570749153,4500,0,1
"equilib.reg[4]",0.941459420151665,0.0265111765987934,0.876094775199888,0.928147846060608,0.945905357347888,0.959889156703547,0.979084470414296,1.00085378350963,3247,0,1
"equilib.reg[5]",0.938932750464637,0.0326946608893781,0.859562008148811,0.923671171899961,0.944895897909617,0.961700098881206,0.982986754796963,1.00457803506242,1023,0,1
"mean.p",0.764329351163377,0.0242997908887834,0.712855840108397,0.750550918727674,0.765193497393909,0.779108549829499,0.809123310344917,1.00395814314022,877,0,1
"p.year[1]",0.689686202247719,0.0248568402978822,0.639201851074423,0.673468121495752,0.689743876398835,0.706248712904154,0.737375092481396,1.00111839329936,2286,0,1
"p.year[2]",0.734973897840877,0.0216264481143323,0.690394215312465,0.720833968112806,0.735181124895763,0.749945741896274,0.775465737868779,0.999900776736213,4500,0,1
"p.year[3]",0.776487561540456,0.0211794007131757,0.734350105499717,0.762275164250373,0.777069398601078,0.790976644551457,0.817338396492898,1.00033190467135,4500,0,1
"p.year[4]",0.784510011340128,0.0174234659628946,0.750379168293254,0.772986427956697,0.784568972249101,0.796658187520453,0.818897209596606,1.00012136484454,4500,0,1
"p.year[5]",0.756868929830286,0.0210846316040182,0.713215186074296,0.743443085931514,0.757376453598884,0.771313427477005,0.795463293040197,1.00099995858471,1604,0,1
"p.year[6]",0.786186626621232,0.0178113313524781,0.751640404552337,0.774007952858156,0.786569150648646,0.797966307984017,0.820752742977121,1.00000973451475,4500,0,1
"p.year[7]",0.811380613771136,0.0187565942602578,0.773487729924286,0.799294039336405,0.811793608076222,0.824149960190798,0.847149325439272,1.00007186292978,4500,0,1
"z[1,1]",1,0,1,1,1,1,1,NA,1,0,1
"z[2,1]",1,0,1,1,1,1,1,NA,1,0,1
"z[3,1]",1,0,1,1,1,1,1,NA,1,0,1
"z[4,1]",1,0,1,1,1,1,1,NA,1,0,1
"z[5,1]",0.847777777777778,0.359276079878955,0,1,1,1,1,1.00040503451825,4500,1,1
"z[6,1]",0.762,0.425906457207655,0,1,1,1,1,0.999774589296743,4500,1,1
"z[7,1]",1,0,1,1,1,1,1,NA,1,0,1
"z[8,1]",1,0,1,1,1,1,1,NA,1,0,1
"z[9,1]",1,0,1,1,1,1,1,NA,1,0,1
"z[10,1]",1,0,1,1,1,1,1,NA,1,0,1
"z[11,1]",0.893111111111111,0.309006267220739,0,1,1,1,1,1.00002648126545,4500,1,1
"z[12,1]",1,0,1,1,1,1,1,NA,1,0,1
"z[13,1]",1,0,1,1,1,1,1,NA,1,0,1
"z[14,1]",0.00311111111111111,0.0556966916350484,0,0,0,0,0,1.0097811592317,4500,1,1
"z[15,1]",1,0,1,1,1,1,1,NA,1,0,1
"z[16,1]",1,0,1,1,1,1,1,NA,1,0,1
"z[17,1]",1,0,1,1,1,1,1,NA,1,0,1
"z[18,1]",1,0,1,1,1,1,1,NA,1,0,1
"z[19,1]",0.979111111111111,0.143028281223349,1,1,1,1,1,1.0043032738123,4500,0,1
"z[20,1]",1,0,1,1,1,1,1,NA,1,0,1
"z[21,1]",1,0,1,1,1,1,1,NA,1,0,1
"z[22,1]",1,0,1,1,1,1,1,NA,1,0,1
"z[23,1]",1,0,1,1,1,1,1,NA,1,0,1
"z[24,1]",0.159777777777778,0.366440553449894,0,0,0,0,1,0.999873296971584,4500,1,1
"z[25,1]",1,0,1,1,1,1,1,NA,1,0,1
"z[26,1]",1,0,1,1,1,1,1,NA,1,0,1
"z[27,1]",1,0,1,1,1,1,1,NA,1,0,1
"z[28,1]",0.971555555555556,0.166257332410862,0,1,1,1,1,1.0102209491082,1692,1,1
"z[29,1]",0.939777777777778,0.237924537926314,0,1,1,1,1,1.00575350812318,1446,1,1
"z[30,1]",1,0,1,1,1,1,1,NA,1,0,1
"z[31,1]",1,0,1,1,1,1,1,NA,1,0,1
"z[32,1]",1,0,1,1,1,1,1,NA,1,0,1
"z[33,1]",1,0,1,1,1,1,1,NA,1,0,1
"z[34,1]",1,0,1,1,1,1,1,NA,1,0,1
"z[35,1]",1,0,1,1,1,1,1,NA,1,0,1
"z[36,1]",1,0,1,1,1,1,1,NA,1,0,1
"z[37,1]",1,0,1,1,1,1,1,NA,1,0,1
"z[38,1]",0.170666666666667,0.376259240127448,0,0,0,0,1,1.00365466021725,882,1,1
"z[39,1]",1,0,1,1,1,1,1,NA,1,0,1
"z[40,1]",1,0,1,1,1,1,1,NA,1,0,1
"z[41,1]",1,0,1,1,1,1,1,NA,1,0,1
"z[42,1]",1,0,1,1,1,1,1,NA,1,0,1
"z[43,1]",1,0,1,1,1,1,1,NA,1,0,1
"z[44,1]",1,0,1,1,1,1,1,NA,1,0,1
"z[45,1]",0.990222222222222,0.0984089676386699,1,1,1,1,1,1.00307431864487,4500,0,1
"z[46,1]",1,0,1,1,1,1,1,NA,1,0,1
"z[47,1]",0.0124444444444444,0.11087069888737,0,0,0,0,0,1.00421540749526,4500,1,1
"z[48,1]",1,0,1,1,1,1,1,NA,1,0,1
"z[49,1]",1,0,1,1,1,1,1,NA,1,0,1
"z[50,1]",1,0,1,1,1,1,1,NA,1,0,1
"z[51,1]",1,0,1,1,1,1,1,NA,1,0,1
"z[52,1]",0.674888888888889,0.468468404505686,0,0,1,1,1,1.00034629825618,3357,1,1
"z[53,1]",0.724666666666667,0.446731728902657,0,0,1,1,1,0.999902603817826,4500,1,1
"z[54,1]",1,0,1,1,1,1,1,NA,1,0,1
"z[55,1]",1,0,1,1,1,1,1,NA,1,0,1
"z[56,1]",1,0,1,1,1,1,1,NA,1,0,1
"z[57,1]",1,0,1,1,1,1,1,NA,1,0,1
"z[58,1]",1,0,1,1,1,1,1,NA,1,0,1
"z[59,1]",1,0,1,1,1,1,1,NA,1,0,1
"z[60,1]",0.104444444444444,0.305870222190877,0,0,0,0,1,1.00161685514721,2742,1,1
"z[61,1]",0.911555555555556,0.28397173218309,0,1,1,1,1,0.999966345420473,4500,1,1
"z[62,1]",0.895333333333333,0.306157451280283,0,1,1,1,1,1.00883424413729,577,1,1
"z[63,1]",0.925555555555556,0.26252196898347,0,1,1,1,1,1.00045060731833,4500,1,1
"z[64,1]",0.876444444444444,0.329110391733384,0,1,1,1,1,1.00007938481164,4500,1,1
"z[65,1]",0.812888888888889,0.390044037056583,0,1,1,1,1,0.999674078681214,4500,1,1
"z[66,1]",0.750888888888889,0.432546347108695,0,1,1,1,1,0.999787853139949,4500,1,1
"z[67,1]",0.512666666666667,0.499895076788408,0,0,1,1,1,0.999680847624194,4500,1,1
"z[68,1]",0.554666666666667,0.497057802688137,0,0,1,1,1,1.00003568824756,4500,1,1
"z[69,1]",1,0,1,1,1,1,1,NA,1,0,1
"z[70,1]",1,0,1,1,1,1,1,NA,1,0,1
"z[71,1]",1,0,1,1,1,1,1,NA,1,0,1
"z[72,1]",1,0,1,1,1,1,1,NA,1,0,1
"z[73,1]",1,0,1,1,1,1,1,NA,1,0,1
"z[74,1]",1,0,1,1,1,1,1,NA,1,0,1
"z[75,1]",1,0,1,1,1,1,1,NA,1,0,1
"z[76,1]",0.801777777777778,0.398704776126197,0,1,1,1,1,0.999773104277777,4500,1,1
"z[77,1]",0.164,0.370316721641932,0,0,0,0,1,1.002061705558,1526,1,1
"z[78,1]",0.896888888888889,0.304137740801698,0,1,1,1,1,1.00190727446629,2417,1,1
"z[79,1]",0.883777777777778,0.320526828561842,0,1,1,1,1,1.0000695088111,4500,1,1
"z[80,1]",0.952222222222222,0.213319417750194,0,1,1,1,1,1.00028586958974,4500,1,1
"z[81,1]",1,0,1,1,1,1,1,NA,1,0,1
"z[82,1]",1,0,1,1,1,1,1,NA,1,0,1
"z[83,1]",0.285555555555556,0.451728819841134,0,0,0,1,1,1.00074402874952,2280,1,1
"z[84,1]",1,0,1,1,1,1,1,NA,1,0,1
"z[85,1]",1,0,1,1,1,1,1,NA,1,0,1
"z[86,1]",0.00511111111111111,0.071317023933587,0,0,0,0,0,1.0434969473385,2102,1,1
"z[87,1]",0.0115555555555556,0.106885749673393,0,0,0,0,0,1.01431845410406,2929,1,1
"z[88,1]",1,0,1,1,1,1,1,NA,1,0,1
"z[89,1]",1,0,1,1,1,1,1,NA,1,0,1
"z[90,1]",0.97,0.170606178387604,0,1,1,1,1,1.00288457193868,4500,1,1
"z[91,1]",0.922,0.26820138867189,0,1,1,1,1,1.00079502296581,4500,1,1
"z[92,1]",0.900444444444444,0.299439764034771,0,1,1,1,1,1.0010397542008,4053,1,1
"z[93,1]",0.912444444444444,0.282678859190088,0,1,1,1,1,1.00343432771753,1659,1,1
"z[94,1]",0.919555555555556,0.272010253356189,0,1,1,1,1,1.00217564281716,2695,1,1
"z[95,1]",1,0,1,1,1,1,1,NA,1,0,1
"z[96,1]",1,0,1,1,1,1,1,NA,1,0,1
"z[97,1]",1,0,1,1,1,1,1,NA,1,0,1
"z[98,1]",1,0,1,1,1,1,1,NA,1,0,1
"z[99,1]",1,0,1,1,1,1,1,NA,1,0,1
"z[100,1]",1,0,1,1,1,1,1,NA,1,0,1
"z[101,1]",1,0,1,1,1,1,1,NA,1,0,1
"z[102,1]",0.0182222222222222,0.133769014787178,0,0,0,0,0,0.99974373480456,4500,1,1
"z[103,1]",0.00288888888888889,0.0536766566849176,0,0,0,0,0,1.01135716364468,4500,1,1
"z[104,1]",1,0,1,1,1,1,1,NA,1,0,1
"z[105,1]",0.899555555555556,0.300625084542401,0,1,1,1,1,1.00077474817428,4500,1,1
"z[106,1]",1,0,1,1,1,1,1,NA,1,0,1
"z[107,1]",1,0,1,1,1,1,1,NA,1,0,1
"z[108,1]",1,0,1,1,1,1,1,NA,1,0,1
"z[109,1]",1,0,1,1,1,1,1,NA,1,0,1
"z[110,1]",1,0,1,1,1,1,1,NA,1,0,1
"z[111,1]",0.112666666666667,0.316220034192095,0,0,0,0,1,0.999874227597443,4500,1,1
"z[112,1]",0.288888888888889,0.453296548067582,0,0,0,1,1,0.999986706594022,4500,1,1
"z[113,1]",1,0,1,1,1,1,1,NA,1,0,1
"z[114,1]",1,0,1,1,1,1,1,NA,1,0,1
"z[115,1]",0.00733333333333333,0.0853297931213479,0,0,0,0,0,1.0355103687337,1821,1,1
"z[116,1]",1,0,1,1,1,1,1,NA,1,0,1
"z[117,1]",1,0,1,1,1,1,1,NA,1,0,1
"z[118,1]",1,0,1,1,1,1,1,NA,1,0,1
"z[119,1]",1,0,1,1,1,1,1,NA,1,0,1
"z[120,1]",1,0,1,1,1,1,1,NA,1,0,1
"z[121,1]",1,0,1,1,1,1,1,NA,1,0,1
"z[122,1]",0.0731111111111111,0.260347727038461,0,0,0,0,1,1.00345338220165,1936,1,1
"z[123,1]",1,0,1,1,1,1,1,NA,1,0,1
"z[124,1]",1,0,1,1,1,1,1,NA,1,0,1
"z[125,1]",0.984666666666667,0.122888478420367,1,1,1,1,1,1.00642096131224,4500,0,1
"z[126,1]",1,0,1,1,1,1,1,NA,1,0,1
"z[127,1]",0.716,0.450986915108927,0,0,1,1,1,0.999736424461519,4500,1,1
"z[128,1]",0.720444444444444,0.448830717933826,0,0,1,1,1,1.0000255958183,4500,1,1
"z[129,1]",0.745111111111111,0.435847171788359,0,0,1,1,1,1.00068625567422,2579,1,1
"z[130,1]",0.735111111111111,0.441323063951825,0,0,1,1,1,1.00013754702282,4500,1,1
"z[131,1]",0.845111111111111,0.361838936502114,0,1,1,1,1,1.00282065683236,1208,1,1
"z[132,1]",0.898444444444444,0.302096516371218,0,1,1,1,1,1.0004355885456,4500,1,1
"z[133,1]",0.854,0.353145456878832,0,1,1,1,1,0.999799872147228,4500,1,1
"z[134,1]",0.00355555555555556,0.0595289935189017,0,0,0,0,0,1.10194458706396,1177,1,1
"z[135,1]",0.00266666666666667,0.0515766100016907,0,0,0,0,0,1.0099762458543,4500,1,1
"z[136,1]",0.00422222222222222,0.0648485125458765,0,0,0,0,0,1.00520505959256,4500,1,1
"z[137,1]",0.432,0.495409467127978,0,0,0,1,1,0.999699813826418,4500,1,1
"z[138,1]",1,0,1,1,1,1,1,NA,1,0,1
"z[139,1]",1,0,1,1,1,1,1,NA,1,0,1
"z[140,1]",1,0,1,1,1,1,1,NA,1,0,1
"z[141,1]",1,0,1,1,1,1,1,NA,1,0,1
"z[142,1]",0.224666666666667,0.417409000135464,0,0,0,0,1,1.00090553179917,2320,1,1
"z[143,1]",0.517777777777778,0.499739380349854,0,0,1,1,1,1.00156916377709,1058,1,1
"z[144,1]",0.296888888888889,0.456937933232189,0,0,0,1,1,0.999792898022908,4500,1,1
"z[145,1]",0.893333333333333,0.308723288567936,0,1,1,1,1,1.00164847433544,2637,1,1
"z[146,1]",0.817111111111111,0.386618364283047,0,1,1,1,1,0.99978055140227,4500,1,1
"z[147,1]",0.882222222222222,0.322380626329261,0,1,1,1,1,0.99997025793202,4500,1,1
"z[148,1]",0.809333333333333,0.392870447175731,0,1,1,1,1,1.00071223833489,3092,1,1
"z[149,1]",1,0,1,1,1,1,1,NA,1,0,1
"z[150,1]",1,0,1,1,1,1,1,NA,1,0,1
"z[151,1]",1,0,1,1,1,1,1,NA,1,0,1
"z[152,1]",1,0,1,1,1,1,1,NA,1,0,1
"z[153,1]",0.868444444444444,0.338044502394683,0,1,1,1,1,1.00099201832972,3306,1,1
"z[154,1]",0.698222222222222,0.45908036879609,0,0,1,1,1,1.0014544161627,1330,1,1
"z[155,1]",1,0,1,1,1,1,1,NA,1,0,1
"z[156,1]",1,0,1,1,1,1,1,NA,1,0,1
"z[157,1]",1,0,1,1,1,1,1,NA,1,0,1
"z[158,1]",1,0,1,1,1,1,1,NA,1,0,1
"z[159,1]",1,0,1,1,1,1,1,NA,1,0,1
"z[160,1]",1,0,1,1,1,1,1,NA,1,0,1
"z[161,1]",0.0113333333333333,0.105864911172911,0,0,0,0,0,1.00143238926468,4500,1,1
"z[162,1]",1,0,1,1,1,1,1,NA,1,0,1
"z[163,1]",1,0,1,1,1,1,1,NA,1,0,1
"z[164,1]",1,0,1,1,1,1,1,NA,1,0,1
"z[165,1]",1,0,1,1,1,1,1,NA,1,0,1
"z[166,1]",1,0,1,1,1,1,1,NA,1,0,1
"z[167,1]",0.982444444444444,0.13134379171788,1,1,1,1,1,1.01440709796783,1931,0,1
"z[168,1]",0.986888888888889,0.113763288874888,1,1,1,1,1,1.00941986514647,3912,0,1
"z[169,1]",0.987111111111111,0.11280777163711,1,1,1,1,1,1.00255285847116,4500,0,1
"z[170,1]",1,0,1,1,1,1,1,NA,1,0,1
"z[171,1]",0.827555555555556,0.377808255362111,0,1,1,1,1,1.00108852153559,2469,1,1
"z[172,1]",0.908666666666667,0.288114564405752,0,1,1,1,1,1.00151558547226,3258,1,1
"z[173,1]",0.888,0.31540150006909,0,1,1,1,1,1.00217837018304,1993,1,1
"z[174,1]",0.968666666666667,0.174236339048014,0,1,1,1,1,0.999746985268592,4500,1,1
"z[175,1]",1,0,1,1,1,1,1,NA,1,0,1
"z[176,1]",1,0,1,1,1,1,1,NA,1,0,1
"z[177,1]",1,0,1,1,1,1,1,NA,1,0,1
"z[178,1]",1,0,1,1,1,1,1,NA,1,0,1
"z[179,1]",1,0,1,1,1,1,1,NA,1,0,1
"z[180,1]",0.650444444444444,0.476882591680911,0,0,1,1,1,0.99995340797288,4500,1,1
"z[181,1]",0.767555555555556,0.422437783661604,0,1,1,1,1,1.00070678616982,2699,1,1
"z[182,1]",0.259777777777778,0.438561313033389,0,0,0,1,1,0.999936077290047,4500,1,1
"z[183,1]",0.612444444444444,0.487246348852538,0,0,1,1,1,0.999753775228991,4500,1,1
"z[184,1]",1,0,1,1,1,1,1,NA,1,0,1
"z[185,1]",1,0,1,1,1,1,1,NA,1,0,1
"z[186,1]",0.377777777777778,0.484885528702674,0,0,0,1,1,0.999728692044929,4500,1,1
"z[187,1]",0.0228888888888889,0.149565901047889,0,0,0,0,0,1.00104528796929,4500,1,1
"z[188,1]",0.262,0.439771506069421,0,0,0,1,1,0.999692352646004,4500,1,1
"z[189,1]",0.251555555555556,0.433955304487405,0,0,0,1,1,0.999738384668707,4500,1,1
"z[190,1]",0.114888888888889,0.318923242760949,0,0,0,0,1,1.00139111572296,2857,1,1
"z[191,1]",0.0833333333333333,0.276416113804279,0,0,0,0,1,1.0001232999356,4500,1,1
"z[192,1]",0.0808888888888889,0.272694703874728,0,0,0,0,1,1.00052761261411,4500,1,1
"z[193,1]",0.024,0.153066020038189,0,0,0,0,0,1.01400859285854,1465,1,1
"z[194,1]",0.0622222222222222,0.241585568629304,0,0,0,0,1,1.00300343193427,2553,1,1
"z[195,1]",0.0288888888888889,0.167512855228826,0,0,0,0,1,1.00044933995046,4500,1,1
"z[196,1]",0.0348888888888889,0.183518768996536,0,0,0,0,1,1.00047151291578,4500,1,1
"z[197,1]",1,0,1,1,1,1,1,NA,1,0,1
"z[198,1]",1,0,1,1,1,1,1,NA,1,0,1
"z[199,1]",0.337555555555556,0.472928646865263,0,0,0,1,1,1.00037351558095,3170,1,1
"z[200,1]",0.151777777777778,0.358845230543525,0,0,0,0,1,0.999833307729923,4500,1,1
"z[1,2]",1,0,1,1,1,1,1,NA,1,0,1
"z[2,2]",1,0,1,1,1,1,1,NA,1,0,1
"z[3,2]",1,0,1,1,1,1,1,NA,1,0,1
"z[4,2]",1,0,1,1,1,1,1,NA,1,0,1
"z[5,2]",0.843333333333333,0.363526600460068,0,1,1,1,1,1.00063610414881,3895,1,1
"z[6,2]",0.738888888888889,0.439289178212697,0,0,1,1,1,0.999707058871592,4500,1,1
"z[7,2]",0.989111111111111,0.103791690054186,1,1,1,1,1,1.00242101026089,4500,0,1
"z[8,2]",1,0,1,1,1,1,1,NA,1,0,1
"z[9,2]",1,0,1,1,1,1,1,NA,1,0,1
"z[10,2]",1,0,1,1,1,1,1,NA,1,0,1
"z[11,2]",1,0,1,1,1,1,1,NA,1,0,1
"z[12,2]",1,0,1,1,1,1,1,NA,1,0,1
"z[13,2]",0.813333333333333,0.38968701286146,0,1,1,1,1,1.00025488259954,4500,1,1
"z[14,2]",0.000666666666666667,0.0258141493083176,0,0,0,0,0,1.13377982835195,4498,1,1
"z[15,2]",1,0,1,1,1,1,1,NA,1,0,1
"z[16,2]",1,0,1,1,1,1,1,NA,1,0,1
"z[17,2]",1,0,1,1,1,1,1,NA,1,0,1
"z[18,2]",1,0,1,1,1,1,1,NA,1,0,1
"z[19,2]",1,0,1,1,1,1,1,NA,1,0,1
"z[20,2]",1,0,1,1,1,1,1,NA,1,0,1
"z[21,2]",0.161111111111111,0.367674260666936,0,0,0,0,1,1.00136410947772,2187,1,1
"z[22,2]",1,0,1,1,1,1,1,NA,1,0,1
"z[23,2]",1,0,1,1,1,1,1,NA,1,0,1
"z[24,2]",1,0,1,1,1,1,1,NA,1,0,1
"z[25,2]",1,0,1,1,1,1,1,NA,1,0,1
"z[26,2]",1,0,1,1,1,1,1,NA,1,0,1
"z[27,2]",1,0,1,1,1,1,1,NA,1,0,1
"z[28,2]",1,0,1,1,1,1,1,NA,1,0,1
"z[29,2]",1,0,1,1,1,1,1,NA,1,0,1
"z[30,2]",1,0,1,1,1,1,1,NA,1,0,1
"z[31,2]",1,0,1,1,1,1,1,NA,1,0,1
"z[32,2]",1,0,1,1,1,1,1,NA,1,0,1
"z[33,2]",1,0,1,1,1,1,1,NA,1,0,1
"z[34,2]",1,0,1,1,1,1,1,NA,1,0,1
"z[35,2]",0.770222222222222,0.42073660196956,0,1,1,1,1,0.999988746773509,4500,1,1
"z[36,2]",0.906222222222222,0.291551703123276,0,1,1,1,1,1.00090163073699,4500,1,1
"z[37,2]",1,0,1,1,1,1,1,NA,1,0,1
"z[38,2]",0.614222222222222,0.486832570746799,0,0,1,1,1,1.00084030618725,1806,1,1
"z[39,2]",1,0,1,1,1,1,1,NA,1,0,1
"z[40,2]",1,0,1,1,1,1,1,NA,1,0,1
"z[41,2]",1,0,1,1,1,1,1,NA,1,0,1
"z[42,2]",1,0,1,1,1,1,1,NA,1,0,1
"z[43,2]",1,0,1,1,1,1,1,NA,1,0,1
"z[44,2]",0.982,0.132965893646013,1,1,1,1,1,1.0111011404065,2436,0,1
"z[45,2]",1,0,1,1,1,1,1,NA,1,0,1
"z[46,2]",1,0,1,1,1,1,1,NA,1,0,1
"z[47,2]",0.000666666666666667,0.0258141493083176,0,0,0,0,0,NA,4500,1,1
"z[48,2]",1,0,1,1,1,1,1,NA,1,0,1
"z[49,2]",0.305555555555556,0.460693523007132,0,0,0,1,1,0.999851329907445,4500,1,1
"z[50,2]",1,0,1,1,1,1,1,NA,1,0,1
"z[51,2]",1,0,1,1,1,1,1,NA,1,0,1
"z[52,2]",0.730222222222222,0.443893585669453,0,0,1,1,1,0.999724487921885,4500,1,1
"z[53,2]",0.758888888888889,0.427805111822907,0,1,1,1,1,0.999897133687356,4500,1,1
"z[54,2]",1,0,1,1,1,1,1,NA,1,0,1
"z[55,2]",1,0,1,1,1,1,1,NA,1,0,1
"z[56,2]",1,0,1,1,1,1,1,NA,1,0,1
"z[57,2]",1,0,1,1,1,1,1,NA,1,0,1
"z[58,2]",1,0,1,1,1,1,1,NA,1,0,1
"z[59,2]",1,0,1,1,1,1,1,NA,1,0,1
"z[60,2]",1,0,1,1,1,1,1,NA,1,0,1
"z[61,2]",0.884444444444444,0.319726736204165,0,1,1,1,1,0.999895630273428,4500,1,1
"z[62,2]",0.923333333333333,0.266091381389197,0,1,1,1,1,1.00347272629226,1846,1,1
"z[63,2]",0.925555555555556,0.26252196898347,0,1,1,1,1,1.00262059837681,2445,1,1
"z[64,2]",0.9,0.300033338889918,0,1,1,1,1,1.00115777179571,3728,1,1
"z[65,2]",0.844222222222222,0.362684839639867,0,1,1,1,1,0.99984783556336,4500,1,1
"z[66,2]",0.813111111111111,0.389865629174764,0,1,1,1,1,1.00016808551741,4500,1,1
"z[67,2]",0.457555555555556,0.498250576126716,0,0,0,1,1,0.999681437171593,4500,1,1
"z[68,2]",0.492222222222222,0.49999506060636,0,0,0,1,1,0.999954048325811,4500,1,1
"z[69,2]",0.345777777777778,0.475674034879918,0,0,0,1,1,0.999859790481224,4500,1,1
"z[70,2]",0.236,0.424669373114469,0,0,0,0,1,1.00006475957049,4500,1,1
"z[71,2]",0.0635555555555556,0.243986630137708,0,0,0,0,1,1.00063550342418,4500,1,1
"z[72,2]",0.377111111111111,0.484716960933941,0,0,0,1,1,0.999680476584625,4500,1,1
"z[73,2]",0.674,0.468799358370439,0,0,1,1,1,0.999714173027229,4500,1,1
"z[74,2]",1,0,1,1,1,1,1,NA,1,0,1
"z[75,2]",1,0,1,1,1,1,1,NA,1,0,1
"z[76,2]",0.662666666666667,0.472852241248564,0,0,1,1,1,0.999719963624112,4500,1,1
"z[77,2]",0.139555555555556,0.346563836545115,0,0,0,0,1,1.0030106988961,1240,1,1
"z[78,2]",1,0,1,1,1,1,1,NA,1,0,1
"z[79,2]",1,0,1,1,1,1,1,NA,1,0,1
"z[80,2]",0.920666666666667,0.270288346355507,0,1,1,1,1,1.00344300264945,1807,1,1
"z[81,2]",0.0871111111111111,0.28202914935459,0,0,0,0,1,1.00521818583407,1133,1,1
"z[82,2]",1,0,1,1,1,1,1,NA,1,0,1
"z[83,2]",1,0,1,1,1,1,1,NA,1,0,1
"z[84,2]",1,0,1,1,1,1,1,NA,1,0,1
"z[85,2]",1,0,1,1,1,1,1,NA,1,0,1
"z[86,2]",0.00911111111111111,0.0950268670194558,0,0,0,0,0,1.00087621829912,4500,1,1
"z[87,2]",0.0142222222222222,0.118419030794728,0,0,0,0,0,1.00614321843789,4500,1,1
"z[88,2]",1,0,1,1,1,1,1,NA,1,0,1
"z[89,2]",0.782,0.412933277874277,0,1,1,1,1,1.00075422104513,2696,1,1
"z[90,2]",0.946,0.226042815685939,0,1,1,1,1,1.00181444978092,4500,1,1
"z[91,2]",0.93,0.255175370837775,0,1,1,1,1,1.00295427601039,2326,1,1
"z[92,2]",0.906888888888889,0.290620372706953,0,1,1,1,1,1.00060401674481,4500,1,1
"z[93,2]",0.919111111111111,0.272694703874728,0,1,1,1,1,0.999791593756849,4500,1,1
"z[94,2]",0.939333333333333,0.238744400231546,0,1,1,1,1,1.00547193692398,1504,1,1
"z[95,2]",1,0,1,1,1,1,1,NA,1,0,1
"z[96,2]",1,0,1,1,1,1,1,NA,1,0,1
"z[97,2]",1,0,1,1,1,1,1,NA,1,0,1
"z[98,2]",1,0,1,1,1,1,1,NA,1,0,1
"z[99,2]",1,0,1,1,1,1,1,NA,1,0,1
"z[100,2]",0.864888888888889,0.341880202058169,0,1,1,1,1,0.999809319974506,4500,1,1
"z[101,2]",0.176222222222222,0.381051462839662,0,0,0,0,1,1.00036903443364,4500,1,1
"z[102,2]",0.00222222222222222,0.0470932775447189,0,0,0,0,0,1.00465090130556,4500,1,1
"z[103,2]",0.00155555555555556,0.0394142235807543,0,0,0,0,0,1.0097473778051,4500,1,1
"z[104,2]",1,0,1,1,1,1,1,NA,1,0,1
"z[105,2]",0.819333333333333,0.384784516645139,0,1,1,1,1,1.00420374748655,747,1,1
"z[106,2]",1,0,1,1,1,1,1,NA,1,0,1
"z[107,2]",1,0,1,1,1,1,1,NA,1,0,1
"z[108,2]",1,0,1,1,1,1,1,NA,1,0,1
"z[109,2]",1,0,1,1,1,1,1,NA,1,0,1
"z[110,2]",1,0,1,1,1,1,1,NA,1,0,1
"z[111,2]",1,0,1,1,1,1,1,NA,1,0,1
"z[112,2]",0.0244444444444444,0.154441620272072,0,0,0,0,0,1.0082246422276,2428,1,1
"z[113,2]",1,0,1,1,1,1,1,NA,1,0,1
"z[114,2]",1,0,1,1,1,1,1,NA,1,0,1
"z[115,2]",0.0424444444444444,0.201623280764707,0,0,0,0,1,1.00507487777044,2262,1,1
"z[116,2]",1,0,1,1,1,1,1,NA,1,0,1
"z[117,2]",1,0,1,1,1,1,1,NA,1,0,1
"z[118,2]",1,0,1,1,1,1,1,NA,1,0,1
"z[119,2]",1,0,1,1,1,1,1,NA,1,0,1
"z[120,2]",1,0,1,1,1,1,1,NA,1,0,1
"z[121,2]",1,0,1,1,1,1,1,NA,1,0,1
"z[122,2]",1,0,1,1,1,1,1,NA,1,0,1
"z[123,2]",0.945555555555556,0.226917803425049,0,1,1,1,1,1.00051445067018,4500,1,1
"z[124,2]",1,0,1,1,1,1,1,NA,1,0,1
"z[125,2]",1,0,1,1,1,1,1,NA,1,0,1
"z[126,2]",1,0,1,1,1,1,1,NA,1,0,1
"z[127,2]",0.76,0.427130591672784,0,1,1,1,1,0.999708924670751,4500,1,1
"z[128,2]",0.770444444444444,0.420593762891488,0,1,1,1,1,1.00040232433824,3848,1,1
"z[129,2]",0.789111111111111,0.407984993242305,0,1,1,1,1,0.999977275369786,4500,1,1
"z[130,2]",0.752666666666667,0.431510061922995,0,1,1,1,1,1.00053930199399,3073,1,1
"z[131,2]",0.886666666666667,0.317035052820037,0,1,1,1,1,1.00061025082537,4500,1,1
"z[132,2]",0.9,0.300033338889918,0,1,1,1,1,1.00068133363225,4500,1,1
"z[133,2]",0.857111111111111,0.349998394701315,0,1,1,1,1,0.999924632063299,4500,1,1
"z[134,2]",0.00488888888888889,0.069757214702053,0,0,0,0,0,1.0068913899778,4500,1,1
"z[135,2]",0.00755555555555556,0.0866033246050876,0,0,0,0,0,1.00272666036901,4500,1,1
"z[136,2]",0.0428888888888889,0.202629110007349,0,0,0,0,1,1.00736887832828,1564,1,1
"z[137,2]",1,0,1,1,1,1,1,NA,1,0,1
"z[138,2]",1,0,1,1,1,1,1,NA,1,0,1
"z[139,2]",1,0,1,1,1,1,1,NA,1,0,1
"z[140,2]",1,0,1,1,1,1,1,NA,1,0,1
"z[141,2]",1,0,1,1,1,1,1,NA,1,0,1
"z[142,2]",0.220888888888889,0.414891841242824,0,0,0,0,1,1.00121957979752,1868,1,1
"z[143,2]",0.629777777777778,0.482917749456484,0,0,1,1,1,1.00165354356193,1085,1,1
"z[144,2]",0.328888888888889,0.46986173249682,0,0,0,1,1,0.999918270393646,4500,1,1
"z[145,2]",1,0,1,1,1,1,1,NA,1,0,1
"z[146,2]",1,0,1,1,1,1,1,NA,1,0,1
"z[147,2]",1,0,1,1,1,1,1,NA,1,0,1
"z[148,2]",0.0993333333333333,0.299142287254753,0,0,0,0,1,0.999749869032865,4500,1,1
"z[149,2]",0.833777777777778,0.372321366855748,0,1,1,1,1,0.999783446960548,4500,1,1
"z[150,2]",1,0,1,1,1,1,1,NA,1,0,1
"z[151,2]",0.986888888888889,0.113763288874888,1,1,1,1,1,1.01452025210403,2545,0,1
"z[152,2]",1,0,1,1,1,1,1,NA,1,0,1
"z[153,2]",1,0,1,1,1,1,1,NA,1,0,1
"z[154,2]",0.208666666666667,0.406400776899811,0,0,0,0,1,0.99987058406488,4500,1,1
"z[155,2]",1,0,1,1,1,1,1,NA,1,0,1
"z[156,2]",1,0,1,1,1,1,1,NA,1,0,1
"z[157,2]",1,0,1,1,1,1,1,NA,1,0,1
"z[158,2]",1,0,1,1,1,1,1,NA,1,0,1
"z[159,2]",1,0,1,1,1,1,1,NA,1,0,1
"z[160,2]",1,0,1,1,1,1,1,NA,1,0,1
"z[161,2]",0.0326666666666667,0.177782392941008,0,0,0,0,1,1.01378009742445,1106,1,1
"z[162,2]",1,0,1,1,1,1,1,NA,1,0,1
"z[163,2]",1,0,1,1,1,1,1,NA,1,0,1
"z[164,2]",1,0,1,1,1,1,1,NA,1,0,1
"z[165,2]",1,0,1,1,1,1,1,NA,1,0,1
"z[166,2]",1,0,1,1,1,1,1,NA,1,0,1
"z[167,2]",1,0,1,1,1,1,1,NA,1,0,1
"z[168,2]",1,0,1,1,1,1,1,NA,1,0,1
"z[169,2]",1,0,1,1,1,1,1,NA,1,0,1
"z[170,2]",1,0,1,1,1,1,1,NA,1,0,1
"z[171,2]",0.801777777777778,0.398704776126197,0,1,1,1,1,1.00001898317315,4500,1,1
"z[172,2]",0.925333333333333,0.262881936707821,0,1,1,1,1,1.00061370620499,4500,1,1
"z[173,2]",0.817777777777778,0.386070468001789,0,1,1,1,1,1.00111818033402,2317,1,1
"z[174,2]",1,0,1,1,1,1,1,NA,1,0,1
"z[175,2]",1,0,1,1,1,1,1,NA,1,0,1
"z[176,2]",1,0,1,1,1,1,1,NA,1,0,1
"z[177,2]",1,0,1,1,1,1,1,NA,1,0,1
"z[178,2]",0.972,0.164991058376806,0,1,1,1,1,1.00275552187868,4500,1,1
"z[179,2]",0.978888888888889,0.143770739157005,1,1,1,1,1,1.00812877597636,2829,0,1
"z[180,2]",0.648222222222222,0.477578116620203,0,0,1,1,1,1.00018530174694,4226,1,1
"z[181,2]",0.824444444444444,0.38048386710849,0,1,1,1,1,1.00055642920389,3873,1,1
"z[182,2]",0.220666666666667,0.414742225461546,0,0,0,0,1,1.00016468559943,4500,1,1
"z[183,2]",0.574888888888889,0.494414780977379,0,0,1,1,1,1.00022528471496,3664,1,1
"z[184,2]",1,0,1,1,1,1,1,NA,1,0,1
"z[185,2]",0.326666666666667,0.469046314805178,0,0,0,1,1,0.999845625331947,4500,1,1
"z[186,2]",1,0,1,1,1,1,1,NA,1,0,1
"z[187,2]",0.0184444444444444,0.13456697579197,0,0,0,0,0,1.0019921968318,4500,1,1
"z[188,2]",0.315333333333333,0.464700129404919,0,0,0,1,1,0.999871813630378,4500,1,1
"z[189,2]",0.113333333333333,0.317035052820037,0,0,0,0,1,1.00033498455213,4500,1,1
"z[190,2]",0.036,0.186310798705171,0,0,0,0,1,1.00009655142057,4500,1,1
"z[191,2]",0.156222222222222,0.363106236035812,0,0,0,0,1,1.00326689493708,1057,1,1
"z[192,2]",0.04,0.195980956294358,0,0,0,0,1,1.00272465984909,4250,1,1
"z[193,2]",0.0128888888888889,0.11280777163711,0,0,0,0,0,1.00526591554822,4500,1,1
"z[194,2]",0.0564444444444444,0.230803611284136,0,0,0,0,1,0.99980575187463,4500,1,1
"z[195,2]",0.0144444444444444,0.119327141438796,0,0,0,0,0,1.01270985216333,2646,1,1
"z[196,2]",0.0615555555555556,0.240373270107645,0,0,0,0,1,1.00235123464361,3215,1,1
"z[197,2]",1,0,1,1,1,1,1,NA,1,0,1
"z[198,2]",1,0,1,1,1,1,1,NA,1,0,1
"z[199,2]",1,0,1,1,1,1,1,NA,1,0,1
"z[200,2]",0.311333333333333,0.463090212604415,0,0,0,1,1,1.0000733199469,4500,1,1
"z[1,3]",1,0,1,1,1,1,1,NA,1,0,1
"z[2,3]",1,0,1,1,1,1,1,NA,1,0,1
"z[3,3]",1,0,1,1,1,1,1,NA,1,0,1
"z[4,3]",1,0,1,1,1,1,1,NA,1,0,1
"z[5,3]",0.778666666666667,0.415190554162588,0,1,1,1,1,0.999796171155488,4500,1,1
"z[6,3]",0.574888888888889,0.494414780977379,0,0,1,1,1,1.00017325095924,4041,1,1
"z[7,3]",0.985555555555556,0.119327141438796,1,1,1,1,1,1.0130458703179,2575,0,1
"z[8,3]",1,0,1,1,1,1,1,NA,1,0,1
"z[9,3]",1,0,1,1,1,1,1,NA,1,0,1
"z[10,3]",1,0,1,1,1,1,1,NA,1,0,1
"z[11,3]",1,0,1,1,1,1,1,NA,1,0,1
"z[12,3]",1,0,1,1,1,1,1,NA,1,0,1
"z[13,3]",0.339111111111111,0.473460219852906,0,0,0,1,1,1.00000657532177,4500,1,1
"z[14,3]",0.000666666666666667,0.0258141493083176,0,0,0,0,0,NA,4500,1,1
"z[15,3]",1,0,1,1,1,1,1,NA,1,0,1
"z[16,3]",1,0,1,1,1,1,1,NA,1,0,1
"z[17,3]",1,0,1,1,1,1,1,NA,1,0,1
"z[18,3]",0.986888888888889,0.113763288874888,1,1,1,1,1,1.00069692601374,4500,0,1
"z[19,3]",1,0,1,1,1,1,1,NA,1,0,1
"z[20,3]",1,0,1,1,1,1,1,NA,1,0,1
"z[21,3]",1,0,1,1,1,1,1,NA,1,0,1
"z[22,3]",1,0,1,1,1,1,1,NA,1,0,1
"z[23,3]",1,0,1,1,1,1,1,NA,1,0,1
"z[24,3]",1,0,1,1,1,1,1,NA,1,0,1
"z[25,3]",1,0,1,1,1,1,1,NA,1,0,1
"z[26,3]",1,0,1,1,1,1,1,NA,1,0,1
"z[27,3]",1,0,1,1,1,1,1,NA,1,0,1
"z[28,3]",1,0,1,1,1,1,1,NA,1,0,1
"z[29,3]",0.0175555555555556,0.13134379171788,0,0,0,0,0,1.00024710853064,4500,1,1
"z[30,3]",0.975777777777778,0.153755519169198,1,1,1,1,1,1.00889699850476,2269,0,1
"z[31,3]",1,0,1,1,1,1,1,NA,1,0,1
"z[32,3]",1,0,1,1,1,1,1,NA,1,0,1
"z[33,3]",1,0,1,1,1,1,1,NA,1,0,1
"z[34,3]",1,0,1,1,1,1,1,NA,1,0,1
"z[35,3]",1,0,1,1,1,1,1,NA,1,0,1
"z[36,3]",1,0,1,1,1,1,1,NA,1,0,1
"z[37,3]",1,0,1,1,1,1,1,NA,1,0,1
"z[38,3]",1,0,1,1,1,1,1,NA,1,0,1
"z[39,3]",1,0,1,1,1,1,1,NA,1,0,1
"z[40,3]",1,0,1,1,1,1,1,NA,1,0,1
"z[41,3]",1,0,1,1,1,1,1,NA,1,0,1
"z[42,3]",1,0,1,1,1,1,1,NA,1,0,1
"z[43,3]",1,0,1,1,1,1,1,NA,1,0,1
"z[44,3]",1,0,1,1,1,1,1,NA,1,0,1
"z[45,3]",1,0,1,1,1,1,1,NA,1,0,1
"z[46,3]",1,0,1,1,1,1,1,NA,1,0,1
"z[47,3]",0.224666666666667,0.417409000135464,0,0,0,0,1,1.00048596503174,3500,1,1
"z[48,3]",0.514444444444444,0.499846856100427,0,0,1,1,1,0.999935388604623,4500,1,1
"z[49,3]",0.561777777777778,0.49622396735604,0,0,1,1,1,1.00090318936575,1649,1,1
"z[50,3]",0.729777777777778,0.444123862548642,0,0,1,1,1,0.999857664125317,4500,1,1
"z[51,3]",0.863111111111111,0.343768210354624,0,1,1,1,1,0.999716104978132,4500,1,1
"z[52,3]",0.714444444444444,0.451728819841134,0,0,1,1,1,1.00013149417021,4500,1,1
"z[53,3]",0.765555555555556,0.423698171199837,0,1,1,1,1,0.999805213492315,4500,1,1
"z[54,3]",1,0,1,1,1,1,1,NA,1,0,1
"z[55,3]",1,0,1,1,1,1,1,NA,1,0,1
"z[56,3]",1,0,1,1,1,1,1,NA,1,0,1
"z[57,3]",1,0,1,1,1,1,1,NA,1,0,1
"z[58,3]",0.0751111111111111,0.263599835321828,0,0,0,0,1,1.00080715655973,4500,1,1
"z[59,3]",0.804,0.397012627570361,0,1,1,1,1,1.00191624331178,1417,1,1
"z[60,3]",0.877333333333333,0.328090652606978,0,1,1,1,1,1.00036470318226,4500,1,1
"z[61,3]",0.886888888888889,0.316763768877172,0,1,1,1,1,1.00081620789459,4332,1,1
"z[62,3]",0.963555555555556,0.187414119688263,0,1,1,1,1,1.00447321795665,2952,1,1
"z[63,3]",0.946222222222222,0.225603720820688,0,1,1,1,1,1.00013366290948,4500,1,1
"z[64,3]",0.930444444444444,0.254424773023488,0,1,1,1,1,1.00181280335203,3601,1,1
"z[65,3]",0.874222222222222,0.331635596516771,0,1,1,1,1,0.999938321480793,4500,1,1
"z[66,3]",0.863111111111111,0.343768210354624,0,1,1,1,1,1.00180133839961,1988,1,1
"z[67,3]",0.208,0.405921933549937,0,0,0,0,1,1.00019447148616,4500,1,1
"z[68,3]",0.216222222222222,0.411713299819999,0,0,0,0,1,0.999708749453377,4500,1,1
"z[69,3]",1,0,1,1,1,1,1,NA,1,0,1
"z[70,3]",0.133555555555556,0.340211978135586,0,0,0,0,1,0.999762516701691,4500,1,1
"z[71,3]",0.00888888888888889,0.093871373318521,0,0,0,0,0,1.01583625572885,3432,1,1
"z[72,3]",1,0,1,1,1,1,1,NA,1,0,1
"z[73,3]",0.891333333333333,0.31125512213583,0,1,1,1,1,1.00045563867467,4500,1,1
"z[74,3]",0.996222222222222,0.0613542394088465,1,1,1,1,1,1.0014045739505,4500,0,1
"z[75,3]",0.994222222222222,0.0758002102747823,1,1,1,1,1,1.02627326473635,3145,0,1
"z[76,3]",0.0875555555555556,0.282678859190088,0,0,0,0,1,1.00001852541329,4500,1,1
"z[77,3]",1,0,1,1,1,1,1,NA,1,0,1
"z[78,3]",1,0,1,1,1,1,1,NA,1,0,1
"z[79,3]",1,0,1,1,1,1,1,NA,1,0,1
"z[80,3]",0.896444444444444,0.304716977446087,0,1,1,1,1,1.00218900856122,2130,1,1
"z[81,3]",1,0,1,1,1,1,1,NA,1,0,1
"z[82,3]",1,0,1,1,1,1,1,NA,1,0,1
"z[83,3]",0.0186666666666667,0.1353598679191,0,0,0,0,0,1.00120898849737,4500,1,1
"z[84,3]",1,0,1,1,1,1,1,NA,1,0,1
"z[85,3]",1,0,1,1,1,1,1,NA,1,0,1
"z[86,3]",1,0,1,1,1,1,1,NA,1,0,1
"z[87,3]",1,0,1,1,1,1,1,NA,1,0,1
"z[88,3]",0.0691111111111111,0.253671175391235,0,0,0,0,1,0.999761972130952,4500,1,1
"z[89,3]",0.0162222222222222,0.126343218950737,0,0,0,0,0,1.0250331779162,1194,1,1
"z[90,3]",0.919555555555556,0.272010253356189,0,1,1,1,1,1.00029259385557,4500,1,1
"z[91,3]",0.950222222222222,0.217509687264132,0,1,1,1,1,1.00014115818979,4500,1,1
"z[92,3]",0.929777777777778,0.255549553077657,0,1,1,1,1,1.0026201634776,2588,1,1
"z[93,3]",0.946444444444444,0.225163550304364,0,1,1,1,1,1.003840844697,2355,1,1
"z[94,3]",0.972666666666667,0.163070940344369,0,1,1,1,1,1.00806242954179,2217,1,1
"z[95,3]",1,0,1,1,1,1,1,NA,1,0,1
"z[96,3]",1,0,1,1,1,1,1,NA,1,0,1
"z[97,3]",1,0,1,1,1,1,1,NA,1,0,1
"z[98,3]",1,0,1,1,1,1,1,NA,1,0,1
"z[99,3]",0.885333333333333,0.318654651372799,0,1,1,1,1,1.00001907549153,4500,1,1
"z[100,3]",1,0,1,1,1,1,1,NA,1,0,1
"z[101,3]",1,0,1,1,1,1,1,NA,1,0,1
"z[102,3]",0.535333333333333,0.498805418941866,0,0,1,1,1,0.999950463902051,4500,1,1
"z[103,3]",0.344,0.475093841995383,0,0,0,1,1,0.999886457108286,4500,1,1
"z[104,3]",0.0253333333333333,0.15715293120877,0,0,0,0,1,1.00880750792154,2194,1,1
"z[105,3]",0.611555555555556,0.487450674261498,0,0,1,1,1,0.999785166727884,4500,1,1
"z[106,3]",0.506666666666667,0.500011113457287,0,0,1,1,1,1.00047286720786,2486,1,1
"z[107,3]",0.466666666666667,0.498943092771516,0,0,0,1,1,1.00020263381255,3751,1,1
"z[108,3]",1,0,1,1,1,1,1,NA,1,0,1
"z[109,3]",1,0,1,1,1,1,1,NA,1,0,1
"z[110,3]",1,0,1,1,1,1,1,NA,1,0,1
"z[111,3]",1,0,1,1,1,1,1,NA,1,0,1
"z[112,3]",1,0,1,1,1,1,1,NA,1,0,1
"z[113,3]",1,0,1,1,1,1,1,NA,1,0,1
"z[114,3]",1,0,1,1,1,1,1,NA,1,0,1
"z[115,3]",1,0,1,1,1,1,1,NA,1,0,1
"z[116,3]",1,0,1,1,1,1,1,NA,1,0,1
"z[117,3]",1,0,1,1,1,1,1,NA,1,0,1
"z[118,3]",1,0,1,1,1,1,1,NA,1,0,1
"z[119,3]",1,0,1,1,1,1,1,NA,1,0,1
"z[120,3]",1,0,1,1,1,1,1,NA,1,0,1
"z[121,3]",1,0,1,1,1,1,1,NA,1,0,1
"z[122,3]",0.00511111111111111,0.071317023933587,0,0,0,0,0,1.03326046536191,2784,1,1
"z[123,3]",1,0,1,1,1,1,1,NA,1,0,1
"z[124,3]",1,0,1,1,1,1,1,NA,1,0,1
"z[125,3]",1,0,1,1,1,1,1,NA,1,0,1
"z[126,3]",1,0,1,1,1,1,1,NA,1,0,1
"z[127,3]",0.836222222222222,0.370114925946038,0,1,1,1,1,0.999735005583002,4500,1,1
"z[128,3]",0.851777777777778,0.355359616987625,0,1,1,1,1,0.999900579013739,4500,1,1
"z[129,3]",0.853777777777778,0.353368126214765,0,1,1,1,1,1.00081125191508,3507,1,1
"z[130,3]",0.814,0.389149910460912,0,1,1,1,1,0.999679532469033,4500,1,1
"z[131,3]",0.884888888888889,0.319191453390303,0,1,1,1,1,1.00002554797757,4500,1,1
"z[132,3]",0.880222222222222,0.324737580302701,0,1,1,1,1,0.999815491338347,4500,1,1
"z[133,3]",0.826222222222222,0.378960387479294,0,1,1,1,1,1.00155070326178,1856,1,1
"z[134,3]",1,0,1,1,1,1,1,NA,1,0,1
"z[135,3]",1,0,1,1,1,1,1,NA,1,0,1
"z[136,3]",0.615333333333333,0.486570481552837,0,0,1,1,1,1.00023186669431,3743,1,1
"z[137,3]",1,0,1,1,1,1,1,NA,1,0,1
"z[138,3]",1,0,1,1,1,1,1,NA,1,0,1
"z[139,3]",1,0,1,1,1,1,1,NA,1,0,1
"z[140,3]",1,0,1,1,1,1,1,NA,1,0,1
"z[141,3]",0.0522222222222222,0.222499579945098,0,0,0,0,1,1.00058281561416,4500,1,1
"z[142,3]",0.144888888888889,0.352027892860083,0,0,0,0,1,1.00064019970361,4134,1,1
"z[143,3]",0.724666666666667,0.446731728902657,0,0,1,1,1,1.00064293171797,2566,1,1
"z[144,3]",0.265111111111111,0.44144140543826,0,0,0,1,1,0.99973941966665,4500,1,1
"z[145,3]",1,0,1,1,1,1,1,NA,1,0,1
"z[146,3]",0,0,0,0,0,0,0,NA,1,1,1
"z[147,3]",1,0,1,1,1,1,1,NA,1,0,1
"z[148,3]",0.00577777777777778,0.0758002102747823,0,0,0,0,0,1.04645476818666,1737,1,1
"z[149,3]",0.242666666666667,0.428742818638798,0,0,0,0,1,1.0024774078424,975,1,1
"z[150,3]",1,0,1,1,1,1,1,NA,1,0,1
"z[151,3]",1,0,1,1,1,1,1,NA,1,0,1
"z[152,3]",1,0,1,1,1,1,1,NA,1,0,1
"z[153,3]",1,0,1,1,1,1,1,NA,1,0,1
"z[154,3]",1,0,1,1,1,1,1,NA,1,0,1
"z[155,3]",1,0,1,1,1,1,1,NA,1,0,1
"z[156,3]",1,0,1,1,1,1,1,NA,1,0,1
"z[157,3]",1,0,1,1,1,1,1,NA,1,0,1
"z[158,3]",1,0,1,1,1,1,1,NA,1,0,1
"z[159,3]",1,0,1,1,1,1,1,NA,1,0,1
"z[160,3]",1,0,1,1,1,1,1,NA,1,0,1
"z[161,3]",0.00888888888888889,0.093871373318521,0,0,0,0,0,1.00845613519867,4500,1,1
"z[162,3]",1,0,1,1,1,1,1,NA,1,0,1
"z[163,3]",0.874444444444444,0.331384612689324,0,1,1,1,1,1.00096945156925,3491,1,1
"z[164,3]",1,0,1,1,1,1,1,NA,1,0,1
"z[165,3]",1,0,1,1,1,1,1,NA,1,0,1
"z[166,3]",1,0,1,1,1,1,1,NA,1,0,1
"z[167,3]",1,0,1,1,1,1,1,NA,1,0,1
"z[168,3]",0.987111111111111,0.11280777163711,1,1,1,1,1,1.00390931704758,4500,0,1
"z[169,3]",1,0,1,1,1,1,1,NA,1,0,1
"z[170,3]",0.993555555555556,0.0800271001985887,1,1,1,1,1,1.08591395487855,796,0,1
"z[171,3]",0.810444444444444,0.391992848433725,0,1,1,1,1,1.00011266817708,4500,1,1
"z[172,3]",0.943333333333333,0.231230268797726,0,1,1,1,1,1.00124764658129,4500,1,1
"z[173,3]",0.788666666666667,0.408299647209664,0,1,1,1,1,1.00188122022617,1353,1,1
"z[174,3]",1,0,1,1,1,1,1,NA,1,0,1
"z[175,3]",1,0,1,1,1,1,1,NA,1,0,1
"z[176,3]",1,0,1,1,1,1,1,NA,1,0,1
"z[177,3]",1,0,1,1,1,1,1,NA,1,0,1
"z[178,3]",0.929333333333333,0.256295700525826,0,1,1,1,1,1.00123016339256,4500,1,1
"z[179,3]",0.956222222222222,0.204623040065984,0,1,1,1,1,1.0003556225097,4500,1,1
"z[180,3]",0.348,0.47638895090101,0,0,0,1,1,0.999787506157954,4500,1,1
"z[181,3]",0.859555555555556,0.347486165270941,0,1,1,1,1,1.00048949406168,4500,1,1
"z[182,3]",0.0897777777777778,0.285894896643156,0,0,0,0,1,0.999681399756423,4500,1,1
"z[183,3]",0.285333333333333,0.451623236177004,0,0,0,1,1,1.00006450445783,4500,1,1
"z[184,3]",0.000444444444444444,0.0210795079890303,0,0,0,0,0,1.10528646876281,4500,1,1
"z[185,3]",0.652222222222222,0.476317974231116,0,0,1,1,1,0.999943749366079,4500,1,1
"z[186,3]",0.583555555555556,0.493023818130153,0,0,1,1,1,1.0004617691036,2591,1,1
"z[187,3]",0.0417777777777778,0.200103206188376,0,0,0,0,1,1.00536176309314,2174,1,1
"z[188,3]",0.430888888888889,0.495255651738467,0,0,0,1,1,0.999678103710777,4500,1,1
"z[189,3]",0.0311111111111111,0.173637293967947,0,0,0,0,1,1.00001974366359,4500,1,1
"z[190,3]",0.0311111111111111,0.173637293967947,0,0,0,0,1,1.00325806328976,4500,1,1
"z[191,3]",0.0244444444444444,0.154441620272072,0,0,0,0,0,1.00410613121463,4500,1,1
"z[192,3]",0.213777777777778,0.410017314533042,0,0,0,0,1,0.999814269430474,4500,1,1
"z[193,3]",0.002,0.0446815807032984,0,0,0,0,0,0.999666611092585,4500,1,1
"z[194,3]",0.0148888888888889,0.121121715563244,0,0,0,0,0,1.00115456719699,4500,1,1
"z[195,3]",0.00666666666666667,0.0813860808385347,0,0,0,0,0,1.01933805696619,3726,1,1
"z[196,3]",0.0142222222222222,0.118419030794728,0,0,0,0,0,1.00167141669486,4500,1,1
"z[197,3]",0.585777777777778,0.492641964622739,0,0,1,1,1,1.00047776383122,2543,1,1
"z[198,3]",1,0,1,1,1,1,1,NA,1,0,1
"z[199,3]",0.064,0.244780135956494,0,0,0,0,1,1.00122977012132,4500,1,1
"z[200,3]",1,0,1,1,1,1,1,NA,1,0,1
"z[1,4]",1,0,1,1,1,1,1,NA,1,0,1
"z[2,4]",1,0,1,1,1,1,1,NA,1,0,1
"z[3,4]",1,0,1,1,1,1,1,NA,1,0,1
"z[4,4]",1,0,1,1,1,1,1,NA,1,0,1
"z[5,4]",0.890222222222222,0.31264730789996,0,1,1,1,1,1.00016547829526,4500,1,1
"z[6,4]",0.477555555555556,0.499551501696818,0,0,0,1,1,1.00143071506987,1141,1,1
"z[7,4]",1,0,1,1,1,1,1,NA,1,0,1
"z[8,4]",1,0,1,1,1,1,1,NA,1,0,1
"z[9,4]",1,0,1,1,1,1,1,NA,1,0,1
"z[10,4]",1,0,1,1,1,1,1,NA,1,0,1
"z[11,4]",1,0,1,1,1,1,1,NA,1,0,1
"z[12,4]",1,0,1,1,1,1,1,NA,1,0,1
"z[13,4]",1,0,1,1,1,1,1,NA,1,0,1
"z[14,4]",0.000444444444444444,0.0210795079890303,0,0,0,0,0,1.10528646876281,4500,1,1
"z[15,4]",1,0,1,1,1,1,1,NA,1,0,1
"z[16,4]",0.929555555555556,0.255922995228642,0,1,1,1,1,1.00022520900362,4500,1,1
"z[17,4]",1,0,1,1,1,1,1,NA,1,0,1
"z[18,4]",0.988444444444444,0.106885749673393,1,1,1,1,1,1.01431845410406,2929,0,1
"z[19,4]",0.983777777777778,0.126343218950737,1,1,1,1,1,1.00438287598201,4500,0,1
"z[20,4]",0.454888888888889,0.498016167641992,0,0,0,1,1,0.999720003852951,4500,1,1
"z[21,4]",0.906444444444444,0.291241760159636,0,1,1,1,1,1.00117504727062,3913,1,1
"z[22,4]",1,0,1,1,1,1,1,NA,1,0,1
"z[23,4]",1,0,1,1,1,1,1,NA,1,0,1
"z[24,4]",1,0,1,1,1,1,1,NA,1,0,1
"z[25,4]",1,0,1,1,1,1,1,NA,1,0,1
"z[26,4]",1,0,1,1,1,1,1,NA,1,0,1
"z[27,4]",1,0,1,1,1,1,1,NA,1,0,1
"z[28,4]",0.776888888888889,0.41637851783485,0,1,1,1,1,1.00051675442478,3389,1,1
"z[29,4]",1,0,1,1,1,1,1,NA,1,0,1
"z[30,4]",1,0,1,1,1,1,1,NA,1,0,1
"z[31,4]",1,0,1,1,1,1,1,NA,1,0,1
"z[32,4]",1,0,1,1,1,1,1,NA,1,0,1
"z[33,4]",1,0,1,1,1,1,1,NA,1,0,1
"z[34,4]",1,0,1,1,1,1,1,NA,1,0,1
"z[35,4]",1,0,1,1,1,1,1,NA,1,0,1
"z[36,4]",1,0,1,1,1,1,1,NA,1,0,1
"z[37,4]",1,0,1,1,1,1,1,NA,1,0,1
"z[38,4]",1,0,1,1,1,1,1,NA,1,0,1
"z[39,4]",1,0,1,1,1,1,1,NA,1,0,1
"z[40,4]",1,0,1,1,1,1,1,NA,1,0,1
"z[41,4]",1,0,1,1,1,1,1,NA,1,0,1
"z[42,4]",1,0,1,1,1,1,1,NA,1,0,1
"z[43,4]",1,0,1,1,1,1,1,NA,1,0,1
"z[44,4]",1,0,1,1,1,1,1,NA,1,0,1
"z[45,4]",1,0,1,1,1,1,1,NA,1,0,1
"z[46,4]",1,0,1,1,1,1,1,NA,1,0,1
"z[47,4]",0.344666666666667,0.475312276709952,0,0,0,1,1,1.00039086034863,3056,1,1
"z[48,4]",0.313333333333333,0.463900181643165,0,0,0,1,1,0.99974504966096,4500,1,1
"z[49,4]",0.662666666666667,0.472852241248564,0,0,1,1,1,0.999708122085889,4500,1,1
"z[50,4]",0.839555555555556,0.367058530929405,0,1,1,1,1,0.999757815828073,4500,1,1
"z[51,4]",0.911333333333333,0.28429359739909,0,1,1,1,1,0.999904855769905,4500,1,1
"z[52,4]",0.817111111111111,0.386618364283047,0,1,1,1,1,0.999906504920932,4500,1,1
"z[53,4]",0.854222222222222,0.352922507098086,0,1,1,1,1,1.00064084993245,4115,1,1
"z[54,4]",1,0,1,1,1,1,1,NA,1,0,1
"z[55,4]",1,0,1,1,1,1,1,NA,1,0,1
"z[56,4]",1,0,1,1,1,1,1,NA,1,0,1
"z[57,4]",0.988888888888889,0.104833661410201,1,1,1,1,1,1.00352924261491,4500,0,1
"z[58,4]",1,0,1,1,1,1,1,NA,1,0,1
"z[59,4]",1,0,1,1,1,1,1,NA,1,0,1
"z[60,4]",1,0,1,1,1,1,1,NA,1,0,1
"z[61,4]",1,0,1,1,1,1,1,NA,1,0,1
"z[62,4]",1,0,1,1,1,1,1,NA,1,0,1
"z[63,4]",1,0,1,1,1,1,1,NA,1,0,1
"z[64,4]",1,0,1,1,1,1,1,NA,1,0,1
"z[65,4]",1,0,1,1,1,1,1,NA,1,0,1
"z[66,4]",1,0,1,1,1,1,1,NA,1,0,1
"z[67,4]",0.0122222222222222,0.109888684384328,0,0,0,0,0,1.01281050587744,3096,1,1
"z[68,4]",0.00177777777777778,0.0421308880870312,0,0,0,0,0,1.08837125013206,2765,1,1
"z[69,4]",1,0,1,1,1,1,1,NA,1,0,1
"z[70,4]",0.751777777777778,0.432029429863302,0,1,1,1,1,0.999743862008886,4500,1,1
"z[71,4]",0.00555555555555556,0.0743365276300976,0,0,0,0,0,1.01001752520454,4500,1,1
"z[72,4]",1,0,1,1,1,1,1,NA,1,0,1
"z[73,4]",1,0,1,1,1,1,1,NA,1,0,1
"z[74,4]",1,0,1,1,1,1,1,NA,1,0,1
"z[75,4]",0.995333333333333,0.0681609955608629,1,1,1,1,1,1.05932016860924,1651,0,1
"z[76,4]",0.121777777777778,0.327065317805307,0,0,0,0,1,0.999901895708203,4500,1,1
"z[77,4]",1,0,1,1,1,1,1,NA,1,0,1
"z[78,4]",1,0,1,1,1,1,1,NA,1,0,1
"z[79,4]",1,0,1,1,1,1,1,NA,1,0,1
"z[80,4]",0.93,0.255175370837775,0,1,1,1,1,1.00094000458183,4500,1,1
"z[81,4]",0.152444444444444,0.35949110480899,0,0,0,0,1,1.00097377603376,2964,1,1
"z[82,4]",1,0,1,1,1,1,1,NA,1,0,1
"z[83,4]",1,0,1,1,1,1,1,NA,1,0,1
"z[84,4]",0.933333333333333,0.249471546385758,0,1,1,1,1,1.0014459307565,4500,1,1
"z[85,4]",0.871333333333333,0.334867846727887,0,1,1,1,1,0.999884827344805,4500,1,1
"z[86,4]",0.000666666666666667,0.0258141493083176,0,0,0,0,0,1.13377982835195,4498,1,1
"z[87,4]",1,0,1,1,1,1,1,NA,1,0,1
"z[88,4]",0.741111111111111,0.438073142680987,0,0,1,1,1,1.00096182839534,2020,1,1
"z[89,4]",1,0,1,1,1,1,1,NA,1,0,1
"z[90,4]",0.951555555555556,0.214727330422946,0,1,1,1,1,1.00502912608984,2017,1,1
"z[91,4]",1,0,1,1,1,1,1,NA,1,0,1
"z[92,4]",1,0,1,1,1,1,1,NA,1,0,1
"z[93,4]",1,0,1,1,1,1,1,NA,1,0,1
"z[94,4]",1,0,1,1,1,1,1,NA,1,0,1
"z[95,4]",1,0,1,1,1,1,1,NA,1,0,1
"z[96,4]",1,0,1,1,1,1,1,NA,1,0,1
"z[97,4]",1,0,1,1,1,1,1,NA,1,0,1
"z[98,4]",1,0,1,1,1,1,1,NA,1,0,1
"z[99,4]",1,0,1,1,1,1,1,NA,1,0,1
"z[100,4]",1,0,1,1,1,1,1,NA,1,0,1
"z[101,4]",1,0,1,1,1,1,1,NA,1,0,1
"z[102,4]",0.495555555555556,0.500035809144714,0,0,0,1,1,0.999716780998161,4500,1,1
"z[103,4]",0.501555555555556,0.500053144788681,0,0,1,1,1,0.999832941657243,4500,1,1
"z[104,4]",0.0726666666666667,0.259617411331994,0,0,0,0,1,0.999682918064136,4500,1,1
"z[105,4]",0.456222222222222,0.498135170505595,0,0,0,1,1,1.00025234030114,3444,1,1
"z[106,4]",0.255333333333333,0.436096875191881,0,0,0,1,1,0.999754722026069,4500,1,1
"z[107,4]",1,0,1,1,1,1,1,NA,1,0,1
"z[108,4]",1,0,1,1,1,1,1,NA,1,0,1
"z[109,4]",1,0,1,1,1,1,1,NA,1,0,1
"z[110,4]",1,0,1,1,1,1,1,NA,1,0,1
"z[111,4]",1,0,1,1,1,1,1,NA,1,0,1
"z[112,4]",1,0,1,1,1,1,1,NA,1,0,1
"z[113,4]",1,0,1,1,1,1,1,NA,1,0,1
"z[114,4]",1,0,1,1,1,1,1,NA,1,0,1
"z[115,4]",1,0,1,1,1,1,1,NA,1,0,1
"z[116,4]",1,0,1,1,1,1,1,NA,1,0,1
"z[117,4]",1,0,1,1,1,1,1,NA,1,0,1
"z[118,4]",1,0,1,1,1,1,1,NA,1,0,1
"z[119,4]",1,0,1,1,1,1,1,NA,1,0,1
"z[120,4]",1,0,1,1,1,1,1,NA,1,0,1
"z[121,4]",1,0,1,1,1,1,1,NA,1,0,1
"z[122,4]",0.0375555555555556,0.190139869149559,0,0,0,0,1,1.00335657102283,3735,1,1
"z[123,4]",1,0,1,1,1,1,1,NA,1,0,1
"z[124,4]",1,0,1,1,1,1,1,NA,1,0,1
"z[125,4]",0.977555555555556,0.148140366379144,1,1,1,1,1,1.00430327362036,4500,0,1
"z[126,4]",1,0,1,1,1,1,1,NA,1,0,1
"z[127,4]",1,0,1,1,1,1,1,NA,1,0,1
"z[128,4]",1,0,1,1,1,1,1,NA,1,0,1
"z[129,4]",1,0,1,1,1,1,1,NA,1,0,1
"z[130,4]",1,0,1,1,1,1,1,NA,1,0,1
"z[131,4]",0.935555555555556,0.245570273205584,0,1,1,1,1,1.0010948631607,4500,1,1
"z[132,4]",0.934888888888889,0.246749233761641,0,1,1,1,1,1.0003129650579,4500,1,1
"z[133,4]",0.907333333333333,0.289996972491497,0,1,1,1,1,1.00120879934032,3862,1,1
"z[134,4]",0.0624444444444444,0.241987910285634,0,0,0,0,1,1.00075211066337,4500,1,1
"z[135,4]",1,0,1,1,1,1,1,NA,1,0,1
"z[136,4]",1,0,1,1,1,1,1,NA,1,0,1
"z[137,4]",1,0,1,1,1,1,1,NA,1,0,1
"z[138,4]",1,0,1,1,1,1,1,NA,1,0,1
"z[139,4]",1,0,1,1,1,1,1,NA,1,0,1
"z[140,4]",1,0,1,1,1,1,1,NA,1,0,1
"z[141,4]",1,0,1,1,1,1,1,NA,1,0,1
"z[142,4]",0.0904444444444444,0.286849319191581,0,0,0,0,1,1.00102315290534,4467,1,1
"z[143,4]",0.826444444444444,0.378768934845247,0,1,1,1,1,1.00116277212576,2326,1,1
"z[144,4]",0.206222222222222,0.404636876657394,0,0,0,0,1,1.00305849509303,903,1,1
"z[145,4]",0.00222222222222222,0.0470932775447189,0,0,0,0,0,1.03308734033364,4500,1,1
"z[146,4]",1,0,1,1,1,1,1,NA,1,0,1
"z[147,4]",1,0,1,1,1,1,1,NA,1,0,1
"z[148,4]",1,0,1,1,1,1,1,NA,1,0,1
"z[149,4]",1,0,1,1,1,1,1,NA,1,0,1
"z[150,4]",1,0,1,1,1,1,1,NA,1,0,1
"z[151,4]",1,0,1,1,1,1,1,NA,1,0,1
"z[152,4]",1,0,1,1,1,1,1,NA,1,0,1
"z[153,4]",1,0,1,1,1,1,1,NA,1,0,1
"z[154,4]",0.066,0.248309689121249,0,0,0,0,1,1.00355993421752,2071,1,1
"z[155,4]",1,0,1,1,1,1,1,NA,1,0,1
"z[156,4]",1,0,1,1,1,1,1,NA,1,0,1
"z[157,4]",1,0,1,1,1,1,1,NA,1,0,1
"z[158,4]",1,0,1,1,1,1,1,NA,1,0,1
"z[159,4]",1,0,1,1,1,1,1,NA,1,0,1
"z[160,4]",1,0,1,1,1,1,1,NA,1,0,1
"z[161,4]",0.630888888888889,0.482617714898697,0,0,1,1,1,1.00115854183272,1444,1,1
"z[162,4]",1,0,1,1,1,1,1,NA,1,0,1
"z[163,4]",1,0,1,1,1,1,1,NA,1,0,1
"z[164,4]",1,0,1,1,1,1,1,NA,1,0,1
"z[165,4]",1,0,1,1,1,1,1,NA,1,0,1
"z[166,4]",1,0,1,1,1,1,1,NA,1,0,1
"z[167,4]",1,0,1,1,1,1,1,NA,1,0,1
"z[168,4]",1,0,1,1,1,1,1,NA,1,0,1
"z[169,4]",1,0,1,1,1,1,1,NA,1,0,1
"z[170,4]",1,0,1,1,1,1,1,NA,1,0,1
"z[171,4]",1,0,1,1,1,1,1,NA,1,0,1
"z[172,4]",1,0,1,1,1,1,1,NA,1,0,1
"z[173,4]",1,0,1,1,1,1,1,NA,1,0,1
"z[174,4]",1,0,1,1,1,1,1,NA,1,0,1
"z[175,4]",1,0,1,1,1,1,1,NA,1,0,1
"z[176,4]",0.981333333333333,0.1353598679191,1,1,1,1,1,1.01544599339367,1695,0,1
"z[177,4]",1,0,1,1,1,1,1,NA,1,0,1
"z[178,4]",0.929111111111111,0.25666767217915,0,1,1,1,1,1.00291502457816,2337,1,1
"z[179,4]",0.956666666666667,0.203629000755977,0,1,1,1,1,0.999709696974995,4500,1,1
"z[180,4]",0.00311111111111111,0.0556966916350484,0,0,0,0,0,1.10610531073421,1283,1,1
"z[181,4]",1,0,1,1,1,1,1,NA,1,0,1
"z[182,4]",0.00155555555555556,0.0394142235807543,0,0,0,0,0,1.03825136434619,4500,1,1
"z[183,4]",0.00155555555555556,0.0394142235807543,0,0,0,0,0,1.11102922004619,2420,1,1
"z[184,4]",1,0,1,1,1,1,1,NA,1,0,1
"z[185,4]",1,0,1,1,1,1,1,NA,1,0,1
"z[186,4]",0.495777777777778,0.500037735357056,0,0,0,1,1,0.999716780032436,4500,1,1
"z[187,4]",0.134444444444444,0.341167116466881,0,0,0,0,1,1.00109646431264,2995,1,1
"z[188,4]",0.570666666666667,0.495036039244765,0,0,1,1,1,0.999977834525165,4500,1,1
"z[189,4]",0.0142222222222222,0.118419030794728,0,0,0,0,0,1.01597691109058,2136,1,1
"z[190,4]",0.107777777777778,0.310134007193376,0,0,0,0,1,1.00011754786556,4500,1,1
"z[191,4]",0.0193333333333333,0.137709003796433,0,0,0,0,0,1.00722265066316,3460,1,1
"z[192,4]",0.277555555555556,0.447842649487471,0,0,0,1,1,1.0002485426303,4280,1,1
"z[193,4]",0.00111111111111111,0.033318511930496,0,0,0,0,0,1.01912206739455,4500,1,1
"z[194,4]",0.0102222222222222,0.100598097789677,0,0,0,0,0,1.02831968117097,1653,1,1
"z[195,4]",0.00177777777777778,0.0421308880870312,0,0,0,0,0,1.05041941929871,4500,1,1
"z[196,4]",0.008,0.08909412970305,0,0,0,0,0,1.00084038940263,4500,1,1
"z[197,4]",0.449333333333333,0.497481543574164,0,0,0,1,1,1.0005832151176,2210,1,1
"z[198,4]",1,0,1,1,1,1,1,NA,1,0,1
"z[199,4]",0.00266666666666667,0.0515766100016907,0,0,0,0,0,1.06589737559147,2566,1,1
"z[200,4]",1,0,1,1,1,1,1,NA,1,0,1
"z[1,5]",1,0,1,1,1,1,1,NA,1,0,1
"z[2,5]",1,0,1,1,1,1,1,NA,1,0,1
"z[3,5]",1,0,1,1,1,1,1,NA,1,0,1
"z[4,5]",1,0,1,1,1,1,1,NA,1,0,1
"z[5,5]",1,0,1,1,1,1,1,NA,1,0,1
"z[6,5]",0.000444444444444444,0.0210795079890303,0,0,0,0,0,1.2913045102833,2250,1,1
"z[7,5]",0.996666666666667,0.0576451269226115,1,1,1,1,1,1.01922466287575,4500,0,1
"z[8,5]",0.996222222222222,0.0613542394088465,1,1,1,1,1,1.02644198768287,4500,0,1
"z[9,5]",0.994222222222222,0.0758002102747823,1,1,1,1,1,1.00486214526641,4500,0,1
"z[10,5]",0.994444444444444,0.0743365276300976,1,1,1,1,1,1.01929448512941,4476,0,1
"z[11,5]",1,0,1,1,1,1,1,NA,1,0,1
"z[12,5]",1,0,1,1,1,1,1,NA,1,0,1
"z[13,5]",1,0,1,1,1,1,1,NA,1,0,1
"z[14,5]",0,0,0,0,0,0,0,NA,1,1,1
"z[15,5]",0.356,0.478868414994924,0,0,0,1,1,0.999887840758113,4500,1,1
"z[16,5]",0.938666666666667,0.239967397948637,0,1,1,1,1,1.00248928379613,3061,1,1
"z[17,5]",0.994222222222222,0.0758002102747823,1,1,1,1,1,1.03042983750844,2706,0,1
"z[18,5]",0.993555555555556,0.0800271001985887,1,1,1,1,1,1.00385467038575,4500,0,1
"z[19,5]",1,0,1,1,1,1,1,NA,1,0,1
"z[20,5]",0.672666666666667,0.469292194021633,0,0,1,1,1,1.00016669641326,4500,1,1
"z[21,5]",0.894444444444444,0.307302075661651,0,1,1,1,1,1.00067369873463,4500,1,1
"z[22,5]",0.939333333333333,0.238744400231546,0,1,1,1,1,1.00055422286038,4500,1,1
"z[23,5]",1,0,1,1,1,1,1,NA,1,0,1
"z[24,5]",1,0,1,1,1,1,1,NA,1,0,1
"z[25,5]",0.979555555555556,0.141530634321543,1,1,1,1,1,1.00083390498871,4500,0,1
"z[26,5]",0.992888888888889,0.0840363764582043,1,1,1,1,1,1.01467377528557,4500,0,1
"z[27,5]",0.990444444444444,0.0972951722699289,1,1,1,1,1,1.01291032875428,3912,0,1
"z[28,5]",1,0,1,1,1,1,1,NA,1,0,1
"z[29,5]",1,0,1,1,1,1,1,NA,1,0,1
"z[30,5]",1,0,1,1,1,1,1,NA,1,0,1
"z[31,5]",1,0,1,1,1,1,1,NA,1,0,1
"z[32,5]",1,0,1,1,1,1,1,NA,1,0,1
"z[33,5]",1,0,1,1,1,1,1,NA,1,0,1
"z[34,5]",1,0,1,1,1,1,1,NA,1,0,1
"z[35,5]",1,0,1,1,1,1,1,NA,1,0,1
"z[36,5]",1,0,1,1,1,1,1,NA,1,0,1
"z[37,5]",0.980666666666667,0.137709003796433,1,1,1,1,1,1.00294813457765,4500,0,1
"z[38,5]",0.234666666666667,0.423837400201175,0,0,0,0,1,1.00067727517276,2750,1,1
"z[39,5]",1,0,1,1,1,1,1,NA,1,0,1
"z[40,5]",1,0,1,1,1,1,1,NA,1,0,1
"z[41,5]",0.974444444444444,0.157822698772571,0,1,1,1,1,1.00563576792197,3341,1,1
"z[42,5]",0.912222222222222,0.283002892963307,0,1,1,1,1,1.00043353899395,4500,1,1
"z[43,5]",1,0,1,1,1,1,1,NA,1,0,1
"z[44,5]",1,0,1,1,1,1,1,NA,1,0,1
"z[45,5]",1,0,1,1,1,1,1,NA,1,0,1
"z[46,5]",1,0,1,1,1,1,1,NA,1,0,1
"z[47,5]",0.445777777777778,0.497106492646933,0,0,0,1,1,0.999800499333012,4500,1,1
"z[48,5]",0.0988888888888889,0.298545948120994,0,0,0,0,1,1.00132155066023,3393,1,1
"z[49,5]",0.721555555555556,0.448283161729082,0,0,1,1,1,1.00041017577784,3355,1,1
"z[50,5]",1,0,1,1,1,1,1,NA,1,0,1
"z[51,5]",1,0,1,1,1,1,1,NA,1,0,1
"z[52,5]",0.896222222222222,0.305005940343398,0,1,1,1,1,1.00040403837263,4500,1,1
"z[53,5]",0.927111111111111,0.259982920619994,0,1,1,1,1,1.00025527280649,4500,1,1
"z[54,5]",0.992222222222222,0.0878578356425394,1,1,1,1,1,1.00008075315855,4500,0,1
"z[55,5]",0.936888888888889,0.243189722775225,0,1,1,1,1,1.00741878498865,1082,1,1
"z[56,5]",1,0,1,1,1,1,1,NA,1,0,1
"z[57,5]",1,0,1,1,1,1,1,NA,1,0,1
"z[58,5]",0.961333333333333,0.192820688042738,0,1,1,1,1,1.00515789364215,2437,1,1
"z[59,5]",1,0,1,1,1,1,1,NA,1,0,1
"z[60,5]",1,0,1,1,1,1,1,NA,1,0,1
"z[61,5]",1,0,1,1,1,1,1,NA,1,0,1
"z[62,5]",1,0,1,1,1,1,1,NA,1,0,1
"z[63,5]",1,0,1,1,1,1,1,NA,1,0,1
"z[64,5]",1,0,1,1,1,1,1,NA,1,0,1
"z[65,5]",0.970666666666667,0.168757866791187,0,1,1,1,1,1.00682995161877,2434,1,1
"z[66,5]",0.968888888888889,0.173637293967947,0,1,1,1,1,1.01452963648769,1093,1,1
"z[67,5]",0.600666666666667,0.489815820155943,0,0,1,1,1,1.00004261181955,4500,1,1
"z[68,5]",0.152444444444444,0.35949110480899,0,0,0,0,1,1.00117930160895,2564,1,1
"z[69,5]",1,0,1,1,1,1,1,NA,1,0,1
"z[70,5]",1,0,1,1,1,1,1,NA,1,0,1
"z[71,5]",1,0,1,1,1,1,1,NA,1,0,1
"z[72,5]",1,0,1,1,1,1,1,NA,1,0,1
"z[73,5]",1,0,1,1,1,1,1,NA,1,0,1
"z[74,5]",1,0,1,1,1,1,1,NA,1,0,1
"z[75,5]",1,0,1,1,1,1,1,NA,1,0,1
"z[76,5]",0.717111111111111,0.450452945452442,0,0,1,1,1,1.00024607695838,4249,1,1
"z[77,5]",1,0,1,1,1,1,1,NA,1,0,1
"z[78,5]",0.974666666666667,0.15715293120877,0,1,1,1,1,1.00412839847496,4500,1,1
"z[79,5]",1,0,1,1,1,1,1,NA,1,0,1
"z[80,5]",0.962,0.191217481839897,0,1,1,1,1,1.00016502872967,4500,1,1
"z[81,5]",0.143555555555556,0.350677466816207,0,0,0,0,1,1.00090890973396,3264,1,1
"z[82,5]",1,0,1,1,1,1,1,NA,1,0,1
"z[83,5]",0.858888888888889,0.348174818844698,0,1,1,1,1,1.00011629851245,4500,1,1
"z[84,5]",0.946,0.226042815685939,0,1,1,1,1,1.00284093672149,3080,1,1
"z[85,5]",1,0,1,1,1,1,1,NA,1,0,1
"z[86,5]",1,0,1,1,1,1,1,NA,1,0,1
"z[87,5]",1,0,1,1,1,1,1,NA,1,0,1
"z[88,5]",1,0,1,1,1,1,1,NA,1,0,1
"z[89,5]",0.00466666666666667,0.0681609955608629,0,0,0,0,0,1.0228673838448,4480,1,1
"z[90,5]",0.974666666666667,0.15715293120877,0,1,1,1,1,1.01162652365128,1668,1,1
"z[91,5]",1,0,1,1,1,1,1,NA,1,0,1
"z[92,5]",1,0,1,1,1,1,1,NA,1,0,1
"z[93,5]",1,0,1,1,1,1,1,NA,1,0,1
"z[94,5]",1,0,1,1,1,1,1,NA,1,0,1
"z[95,5]",1,0,1,1,1,1,1,NA,1,0,1
"z[96,5]",1,0,1,1,1,1,1,NA,1,0,1
"z[97,5]",1,0,1,1,1,1,1,NA,1,0,1
"z[98,5]",1,0,1,1,1,1,1,NA,1,0,1
"z[99,5]",1,0,1,1,1,1,1,NA,1,0,1
"z[100,5]",1,0,1,1,1,1,1,NA,1,0,1
"z[101,5]",1,0,1,1,1,1,1,NA,1,0,1
"z[102,5]",0.580888888888889,0.493468439955761,0,0,1,1,1,1.00019721487674,3874,1,1
"z[103,5]",0.606888888888889,0.488495438904733,0,0,1,1,1,0.999971410290639,4500,1,1
"z[104,5]",0.0146666666666667,0.120227982292648,0,0,0,0,0,1.00108209230923,4500,1,1
"z[105,5]",0.202222222222222,0.401701697512958,0,0,0,0,1,1.00164222135798,1565,1,1
"z[106,5]",0.00111111111111111,0.033318511930496,0,0,0,0,0,1.01912206739455,4500,1,1
"z[107,5]",1,0,1,1,1,1,1,NA,1,0,1
"z[108,5]",1,0,1,1,1,1,1,NA,1,0,1
"z[109,5]",1,0,1,1,1,1,1,NA,1,0,1
"z[110,5]",0.956888888888889,0.203129792200249,0,1,1,1,1,0.999768110455162,4500,1,1
"z[111,5]",0.546,0.497934832661102,0,0,1,1,1,0.999801595230546,4500,1,1
"z[112,5]",0.966888888888889,0.178946588136641,0,1,1,1,1,1.00084543448063,4500,1,1
"z[113,5]",0.956888888888889,0.203129792200249,0,1,1,1,1,1.00098619439705,4500,1,1
"z[114,5]",1,0,1,1,1,1,1,NA,1,0,1
"z[115,5]",1,0,1,1,1,1,1,NA,1,0,1
"z[116,5]",1,0,1,1,1,1,1,NA,1,0,1
"z[117,5]",1,0,1,1,1,1,1,NA,1,0,1
"z[118,5]",1,0,1,1,1,1,1,NA,1,0,1
"z[119,5]",1,0,1,1,1,1,1,NA,1,0,1
"z[120,5]",0.986666666666667,0.11471041653724,1,1,1,1,1,1.00009421809267,4500,0,1
"z[121,5]",1,0,1,1,1,1,1,NA,1,0,1
"z[122,5]",0.721333333333333,0.448392946776403,0,0,1,1,1,1.00037946029867,3498,1,1
"z[123,5]",0.978444444444444,0.14524324938423,1,1,1,1,1,1.01939396147866,1174,0,1
"z[124,5]",0.954888888888889,0.207570887552932,0,1,1,1,1,1.00007851988591,4500,1,1
"z[125,5]",1,0,1,1,1,1,1,NA,1,0,1
"z[126,5]",1,0,1,1,1,1,1,NA,1,0,1
"z[127,5]",0.970222222222222,0.169992598048771,0,1,1,1,1,1.0087973206247,1870,1,1
"z[128,5]",0.978,0.146699633251375,1,1,1,1,1,1.00396648805368,4500,0,1
"z[129,5]",0.973555555555556,0.160470739436839,0,1,1,1,1,1.00037338747298,4500,1,1
"z[130,5]",0.957555555555556,0.201623280764707,0,1,1,1,1,1.00008497263987,4500,1,1
"z[131,5]",1,0,1,1,1,1,1,NA,1,0,1
"z[132,5]",1,0,1,1,1,1,1,NA,1,0,1
"z[133,5]",1,0,1,1,1,1,1,NA,1,0,1
"z[134,5]",0.631111111111111,0.482557378526813,0,0,1,1,1,1.00005082897215,4500,1,1
"z[135,5]",0.978888888888889,0.143770739157005,1,1,1,1,1,1.00403571848531,4500,0,1
"z[136,5]",0.910444444444444,0.285575701032972,0,1,1,1,1,1.00069347067244,4500,1,1
"z[137,5]",0.978666666666667,0.14450904074975,1,1,1,1,1,1.00423149045775,4500,0,1
"z[138,5]",1,0,1,1,1,1,1,NA,1,0,1
"z[139,5]",0.994,0.0772355205065475,1,1,1,1,1,1.00174217521195,4500,0,1
"z[140,5]",1,0,1,1,1,1,1,NA,1,0,1
"z[141,5]",1,0,1,1,1,1,1,NA,1,0,1
"z[142,5]",0.0288888888888889,0.167512855228826,0,0,0,0,1,1.00157550302772,4500,1,1
"z[143,5]",0.919333333333333,0.272352784307054,0,1,1,1,1,1.00137031232451,3943,1,1
"z[144,5]",0.100444444444444,0.300625084542401,0,0,0,0,1,1.00405044158381,1265,1,1
"z[145,5]",1,0,1,1,1,1,1,NA,1,0,1
"z[146,5]",1,0,1,1,1,1,1,NA,1,0,1
"z[147,5]",1,0,1,1,1,1,1,NA,1,0,1
"z[148,5]",0.328666666666667,0.469780727557959,0,0,0,1,1,1.0005317800192,2628,1,1
"z[149,5]",1,0,1,1,1,1,1,NA,1,0,1
"z[150,5]",1,0,1,1,1,1,1,NA,1,0,1
"z[151,5]",0.992222222222222,0.0878578356425394,1,1,1,1,1,1.00132095025047,4500,0,1
"z[152,5]",0.992888888888889,0.0840363764582043,1,1,1,1,1,1.03399486878648,1960,0,1
"z[153,5]",1,0,1,1,1,1,1,NA,1,0,1
"z[154,5]",0.589111111111111,0.492049807202756,0,0,1,1,1,1.000033876909,4500,1,1
"z[155,5]",0.975333333333333,0.155124368434336,1,1,1,1,1,NA,4500,0,1
"z[156,5]",1,0,1,1,1,1,1,NA,1,0,1
"z[157,5]",1,0,1,1,1,1,1,NA,1,0,1
"z[158,5]",1,0,1,1,1,1,1,NA,1,0,1
"z[159,5]",1,0,1,1,1,1,1,NA,1,0,1
"z[160,5]",1,0,1,1,1,1,1,NA,1,0,1
"z[161,5]",0.684666666666667,0.464700129404919,0,0,1,1,1,1.00030227190684,3653,1,1
"z[162,5]",1,0,1,1,1,1,1,NA,1,0,1
"z[163,5]",1,0,1,1,1,1,1,NA,1,0,1
"z[164,5]",1,0,1,1,1,1,1,NA,1,0,1
"z[165,5]",1,0,1,1,1,1,1,NA,1,0,1
"z[166,5]",1,0,1,1,1,1,1,NA,1,0,1
"z[167,5]",1,0,1,1,1,1,1,NA,1,0,1
"z[168,5]",0.993111111111111,0.0827221418662089,1,1,1,1,1,1.0033393216296,4500,0,1
"z[169,5]",0.993555555555556,0.0800271001985887,1,1,1,1,1,1.01091755903792,4500,0,1
"z[170,5]",1,0,1,1,1,1,1,NA,1,0,1
"z[171,5]",1,0,1,1,1,1,1,NA,1,0,1
"z[172,5]",0.988,0.108897361089598,1,1,1,1,1,1.00644597635845,4500,0,1
"z[173,5]",0.932444444444444,0.251009569058353,0,1,1,1,1,1.00265471599373,2653,1,1
"z[174,5]",1,0,1,1,1,1,1,NA,1,0,1
"z[175,5]",1,0,1,1,1,1,1,NA,1,0,1
"z[176,5]",1,0,1,1,1,1,1,NA,1,0,1
"z[177,5]",1,0,1,1,1,1,1,NA,1,0,1
"z[178,5]",0.940222222222222,0.237101007385967,0,1,1,1,1,1.00119864600242,4500,1,1
"z[179,5]",0.956666666666667,0.203629000755977,0,1,1,1,1,1.00022671802576,4500,1,1
"z[180,5]",0.0784444444444444,0.268899575675426,0,0,0,0,1,0.999897802395808,4500,1,1
"z[181,5]",0.971333333333333,0.166886422507456,0,1,1,1,1,1.00052523844584,4500,1,1
"z[182,5]",0.556666666666667,0.496833717710475,0,0,1,1,1,1.00025940640137,3422,1,1
"z[183,5]",0.639555555555556,0.480182763029296,0,0,1,1,1,1.00007050635089,4500,1,1
"z[184,5]",1,0,1,1,1,1,1,NA,1,0,1
"z[185,5]",1,0,1,1,1,1,1,NA,1,0,1
"z[186,5]",1,0,1,1,1,1,1,NA,1,0,1
"z[187,5]",0.202,0.401536834294687,0,0,0,0,1,1.00120724517919,2012,1,1
"z[188,5]",0.768222222222222,0.422014711221794,0,1,1,1,1,1.00015478343264,4500,1,1
"z[189,5]",0.220444444444444,0.414592436549855,0,0,0,0,1,1.00274660328558,948,1,1
"z[190,5]",1,0,1,1,1,1,1,NA,1,0,1
"z[191,5]",0.175333333333333,0.380294220511246,0,0,0,0,1,1.0004334792924,4499,1,1
"z[192,5]",0.341777777777778,0.474358231604594,0,0,0,1,1,1.0000394437745,4500,1,1
"z[193,5]",0.000666666666666667,0.0258141493083176,0,0,0,0,0,NA,4500,1,1
"z[194,5]",0.00688888888888889,0.0827221418662089,0,0,0,0,0,1.0033393216296,4500,1,1
"z[195,5]",0.002,0.0446815807032984,0,0,0,0,0,1.0512219283661,4492,1,1
"z[196,5]",0.00666666666666667,0.0813860808385347,0,0,0,0,0,1.0046976492112,4500,1,1
"z[197,5]",0.725555555555556,0.446283487398919,0,0,1,1,1,0.999689642517958,4500,1,1
"z[198,5]",1,0,1,1,1,1,1,NA,1,0,1
"z[199,5]",0.000666666666666667,0.0258141493083176,0,0,0,0,0,1.29167562882982,1500,1,1
"z[200,5]",1,0,1,1,1,1,1,NA,1,0,1
"z[1,6]",1,0,1,1,1,1,1,NA,1,0,1
"z[2,6]",1,0,1,1,1,1,1,NA,1,0,1
"z[3,6]",1,0,1,1,1,1,1,NA,1,0,1
"z[4,6]",1,0,1,1,1,1,1,NA,1,0,1
"z[5,6]",0.986,0.11750348180963,1,1,1,1,1,1.00696820242814,4500,0,1
"z[6,6]",0.479333333333333,0.499628223640529,0,0,0,1,1,1.00070008846771,1944,1,1
"z[7,6]",1,0,1,1,1,1,1,NA,1,0,1
"z[8,6]",1,0,1,1,1,1,1,NA,1,0,1
"z[9,6]",1,0,1,1,1,1,1,NA,1,0,1
"z[10,6]",1,0,1,1,1,1,1,NA,1,0,1
"z[11,6]",0.990888888888889,0.0950268670194558,1,1,1,1,1,0.999969272422151,4500,0,1
"z[12,6]",1,0,1,1,1,1,1,NA,1,0,1
"z[13,6]",1,0,1,1,1,1,1,NA,1,0,1
"z[14,6]",0,0,0,0,0,0,0,NA,1,1,1
"z[15,6]",1,0,1,1,1,1,1,NA,1,0,1
"z[16,6]",0.970666666666667,0.168757866791187,0,1,1,1,1,1.00221871028477,4500,1,1
"z[17,6]",0.995333333333333,0.0681609955608629,1,1,1,1,1,1.00980631222186,4500,0,1
"z[18,6]",1,0,1,1,1,1,1,NA,1,0,1
"z[19,6]",1,0,1,1,1,1,1,NA,1,0,1
"z[20,6]",0.791555555555556,0.40624134675035,0,1,1,1,1,1.00044219902952,3918,1,1
"z[21,6]",0.934222222222222,0.247920794922865,0,1,1,1,1,1.00250706344247,2855,1,1
"z[22,6]",0.957777777777778,0.201118111385383,0,1,1,1,1,0.999862710816648,4500,1,1
"z[23,6]",0.984444444444444,0.123761803562895,1,1,1,1,1,1.00040281009029,4500,0,1
"z[24,6]",1,0,1,1,1,1,1,NA,1,0,1
"z[25,6]",0.983555555555556,0.127191272176836,1,1,1,1,1,1.0042629806271,4500,0,1
"z[26,6]",0.994,0.0772355205065475,1,1,1,1,1,1.01790890406194,4474,0,1
"z[27,6]",0.990666666666667,0.0961679644942985,1,1,1,1,1,1.00991798457932,4500,0,1
"z[28,6]",1,0,1,1,1,1,1,NA,1,0,1
"z[29,6]",0.985333333333333,0.120227982292648,1,1,1,1,1,1.00108209230923,4500,0,1
"z[30,6]",0.997333333333333,0.0515766100016907,1,1,1,1,1,1.06589737559147,2566,0,1
"z[31,6]",0.999333333333333,0.0258141493083176,1,1,1,1,1,1.13377982835194,4498,0,1
"z[32,6]",0.997555555555556,0.0493863456663645,1,1,1,1,1,1.02752607886309,4500,0,1
"z[33,6]",1,0,1,1,1,1,1,NA,1,0,1
"z[34,6]",1,0,1,1,1,1,1,NA,1,0,1
"z[35,6]",1,0,1,1,1,1,1,NA,1,0,1
"z[36,6]",1,0,1,1,1,1,1,NA,1,0,1
"z[37,6]",1,0,1,1,1,1,1,NA,1,0,1
"z[38,6]",1,0,1,1,1,1,1,NA,1,0,1
"z[39,6]",0.983333333333333,0.128033322512951,1,1,1,1,1,1.00731419579019,3952,0,1
"z[40,6]",1,0,1,1,1,1,1,NA,1,0,1
"z[41,6]",1,0,1,1,1,1,1,NA,1,0,1
"z[42,6]",0.932,0.251773880070849,0,1,1,1,1,1.0000164731943,4500,1,1
"z[43,6]",0.991777777777778,0.0903129549063227,1,1,1,1,1,1.04281441391692,1333,0,1
"z[44,6]",0.995555555555556,0.0665257457028688,1,1,1,1,1,1.01925110119893,4500,0,1
"z[45,6]",0.997777777777778,0.0470932775447189,1,1,1,1,1,1.00465090130556,4500,0,1
"z[46,6]",0.997333333333333,0.0515766100016907,1,1,1,1,1,1.0391172209852,4489,0,1
"z[47,6]",0.541111111111111,0.498362387004393,0,0,1,1,1,0.999736672851763,4500,1,1
"z[48,6]",0.00511111111111111,0.071317023933587,0,0,0,0,0,1.01459968224664,4500,1,1
"z[49,6]",0.840444444444444,0.366234059493059,0,1,1,1,1,0.999951818499169,4500,1,1
"z[50,6]",1,0,1,1,1,1,1,NA,1,0,1
"z[51,6]",0.991333333333333,0.0927009450571682,1,1,1,1,1,1.00662303758596,4500,0,1
"z[52,6]",1,0,1,1,1,1,1,NA,1,0,1
"z[53,6]",1,0,1,1,1,1,1,NA,1,0,1
"z[54,6]",1,0,1,1,1,1,1,NA,1,0,1
"z[55,6]",0.947333333333333,0.223391984327829,0,1,1,1,1,1.00183203784108,4500,1,1
"z[56,6]",1,0,1,1,1,1,1,NA,1,0,1
"z[57,6]",1,0,1,1,1,1,1,NA,1,0,1
"z[58,6]",0.984,0.125489041132367,1,1,1,1,1,1.00705974605506,4252,0,1
"z[59,6]",1,0,1,1,1,1,1,NA,1,0,1
"z[60,6]",1,0,1,1,1,1,1,NA,1,0,1
"z[61,6]",1,0,1,1,1,1,1,NA,1,0,1
"z[62,6]",1,0,1,1,1,1,1,NA,1,0,1
"z[63,6]",1,0,1,1,1,1,1,NA,1,0,1
"z[64,6]",1,0,1,1,1,1,1,NA,1,0,1
"z[65,6]",1,0,1,1,1,1,1,NA,1,0,1
"z[66,6]",1,0,1,1,1,1,1,NA,1,0,1
"z[67,6]",1,0,1,1,1,1,1,NA,1,0,1
"z[68,6]",0.226,0.418285644793295,0,0,0,0,1,1.00049752178129,3443,1,1
"z[69,6]",1,0,1,1,1,1,1,NA,1,0,1
"z[70,6]",1,0,1,1,1,1,1,NA,1,0,1
"z[71,6]",1,0,1,1,1,1,1,NA,1,0,1
"z[72,6]",1,0,1,1,1,1,1,NA,1,0,1
"z[73,6]",1,0,1,1,1,1,1,NA,1,0,1
"z[74,6]",1,0,1,1,1,1,1,NA,1,0,1
"z[75,6]",0.980222222222222,0.139251306560123,1,1,1,1,1,1.00287223418682,4500,0,1
"z[76,6]",1,0,1,1,1,1,1,NA,1,0,1
"z[77,6]",1,0,1,1,1,1,1,NA,1,0,1
"z[78,6]",1,0,1,1,1,1,1,NA,1,0,1
"z[79,6]",1,0,1,1,1,1,1,NA,1,0,1
"z[80,6]",1,0,1,1,1,1,1,NA,1,0,1
"z[81,6]",0.766666666666667,0.422999587247188,0,1,1,1,1,0.999710553175011,4500,1,1
"z[82,6]",0.992,0.08909412970305,1,1,1,1,1,1.00317460821143,4500,0,1
"z[83,6]",0.935333333333333,0.245964088766797,0,1,1,1,1,1.00053578355801,4500,1,1
"z[84,6]",1,0,1,1,1,1,1,NA,1,0,1
"z[85,6]",1,0,1,1,1,1,1,NA,1,0,1
"z[86,6]",1,0,1,1,1,1,1,NA,1,0,1
"z[87,6]",1,0,1,1,1,1,1,NA,1,0,1
"z[88,6]",1,0,1,1,1,1,1,NA,1,0,1
"z[89,6]",0.696444444444444,0.459844072046096,0,0,1,1,1,1.00076854200005,2156,1,1
"z[90,6]",1,0,1,1,1,1,1,NA,1,0,1
"z[91,6]",1,0,1,1,1,1,1,NA,1,0,1
"z[92,6]",0.996,0.0631259497363628,1,1,1,1,1,1.00430023712846,4500,0,1
"z[93,6]",1,0,1,1,1,1,1,NA,1,0,1
"z[94,6]",1,0,1,1,1,1,1,NA,1,0,1
"z[95,6]",0.990444444444444,0.0972951722699289,1,1,1,1,1,1.00076683709413,4500,0,1
"z[96,6]",1,0,1,1,1,1,1,NA,1,0,1
"z[97,6]",1,0,1,1,1,1,1,NA,1,0,1
"z[98,6]",1,0,1,1,1,1,1,NA,1,0,1
"z[99,6]",1,0,1,1,1,1,1,NA,1,0,1
"z[100,6]",1,0,1,1,1,1,1,NA,1,0,1
"z[101,6]",1,0,1,1,1,1,1,NA,1,0,1
"z[102,6]",0.721111111111111,0.448502594820192,0,0,1,1,1,1.00086216533848,2082,1,1
"z[103,6]",0.713777777777778,0.452044767264234,0,0,1,1,1,0.999986259930287,4500,1,1
"z[104,6]",0.139111111111111,0.346100894176313,0,0,0,0,1,1.00071984572112,3957,1,1
"z[105,6]",0.0448888888888889,0.207083090060559,0,0,0,0,1,1.00164882919775,4500,1,1
"z[106,6]",0,0,0,0,0,0,0,NA,1,1,1
"z[107,6]",1,0,1,1,1,1,1,NA,1,0,1
"z[108,6]",1,0,1,1,1,1,1,NA,1,0,1
"z[109,6]",1,0,1,1,1,1,1,NA,1,0,1
"z[110,6]",1,0,1,1,1,1,1,NA,1,0,1
"z[111,6]",0.393333333333333,0.48854402173105,0,0,0,1,1,1.00019072465163,3998,1,1
"z[112,6]",1,0,1,1,1,1,1,NA,1,0,1
"z[113,6]",1,0,1,1,1,1,1,NA,1,0,1
"z[114,6]",1,0,1,1,1,1,1,NA,1,0,1
"z[115,6]",1,0,1,1,1,1,1,NA,1,0,1
"z[116,6]",1,0,1,1,1,1,1,NA,1,0,1
"z[117,6]",0.965333333333333,0.182954440186126,0,1,1,1,1,1.00151586966058,4500,1,1
"z[118,6]",0.995555555555556,0.0665257457028688,1,1,1,1,1,1.04334790355958,2423,0,1
"z[119,6]",1,0,1,1,1,1,1,NA,1,0,1
"z[120,6]",0.991555555555556,0.0915150092219534,1,1,1,1,1,1.01040554146602,4500,0,1
"z[121,6]",1,0,1,1,1,1,1,NA,1,0,1
"z[122,6]",1,0,1,1,1,1,1,NA,1,0,1
"z[123,6]",1,0,1,1,1,1,1,NA,1,0,1
"z[124,6]",1,0,1,1,1,1,1,NA,1,0,1
"z[125,6]",1,0,1,1,1,1,1,NA,1,0,1
"z[126,6]",1,0,1,1,1,1,1,NA,1,0,1
"z[127,6]",1,0,1,1,1,1,1,NA,1,0,1
"z[128,6]",1,0,1,1,1,1,1,NA,1,0,1
"z[129,6]",1,0,1,1,1,1,1,NA,1,0,1
"z[130,6]",1,0,1,1,1,1,1,NA,1,0,1
"z[131,6]",1,0,1,1,1,1,1,NA,1,0,1
"z[132,6]",1,0,1,1,1,1,1,NA,1,0,1
"z[133,6]",0.989111111111111,0.103791690054186,1,1,1,1,1,1.00620690877365,4500,0,1
"z[134,6]",1,0,1,1,1,1,1,NA,1,0,1
"z[135,6]",1,0,1,1,1,1,1,NA,1,0,1
"z[136,6]",0.920888888888889,0.269942097980992,0,1,1,1,1,0.999810675084406,4500,1,1
"z[137,6]",1,0,1,1,1,1,1,NA,1,0,1
"z[138,6]",0.996666666666667,0.0576451269226115,1,1,1,1,1,1.00631011246591,4500,0,1
"z[139,6]",0.995777777777778,0.0648485125458765,1,1,1,1,1,1.01734330121673,4500,0,1
"z[140,6]",0.997555555555556,0.0493863456663645,1,1,1,1,1,1.04969069831983,3799,0,1
"z[141,6]",0.999555555555556,0.0210795079890303,1,1,1,1,1,1.10528646876282,4500,0,1
"z[142,6]",0.00244444444444444,0.0493863456663645,0,0,0,0,0,1.04969069831983,3799,1,1
"z[143,6]",1,0,1,1,1,1,1,NA,1,0,1
"z[144,6]",0.0531111111111111,0.224279956970223,0,0,0,0,1,1.00352510905153,2566,1,1
"z[145,6]",1,0,1,1,1,1,1,NA,1,0,1
"z[146,6]",1,0,1,1,1,1,1,NA,1,0,1
"z[147,6]",1,0,1,1,1,1,1,NA,1,0,1
"z[148,6]",1,0,1,1,1,1,1,NA,1,0,1
"z[149,6]",1,0,1,1,1,1,1,NA,1,0,1
"z[150,6]",0.997777777777778,0.0470932775447189,1,1,1,1,1,1.03308734033363,4500,0,1
"z[151,6]",0.993111111111111,0.0827221418662089,1,1,1,1,1,1.03042309286164,2272,0,1
"z[152,6]",1,0,1,1,1,1,1,NA,1,0,1
"z[153,6]",1,0,1,1,1,1,1,NA,1,0,1
"z[154,6]",0.715777777777778,0.451093304698539,0,0,1,1,1,0.999889363603095,4500,1,1
"z[155,6]",1,0,1,1,1,1,1,NA,1,0,1
"z[156,6]",1,0,1,1,1,1,1,NA,1,0,1
"z[157,6]",1,0,1,1,1,1,1,NA,1,0,1
"z[158,6]",1,0,1,1,1,1,1,NA,1,0,1
"z[159,6]",1,0,1,1,1,1,1,NA,1,0,1
"z[160,6]",0.998666666666667,0.0364945409967103,1,1,1,1,1,1.03900028931154,4500,0,1
"z[161,6]",0.830444444444444,0.375283581331809,0,1,1,1,1,1.00112576372044,2442,1,1
"z[162,6]",0.994,0.0772355205065475,1,1,1,1,1,1.00174217521195,4500,0,1
"z[163,6]",1,0,1,1,1,1,1,NA,1,0,1
"z[164,6]",1,0,1,1,1,1,1,NA,1,0,1
"z[165,6]",1,0,1,1,1,1,1,NA,1,0,1
"z[166,6]",1,0,1,1,1,1,1,NA,1,0,1
"z[167,6]",1,0,1,1,1,1,1,NA,1,0,1
"z[168,6]",0.993333333333333,0.0813860808385347,1,1,1,1,1,1.00135104912971,4500,0,1
"z[169,6]",0.996,0.0631259497363628,1,1,1,1,1,1.05537677568565,2070,0,1
"z[170,6]",1,0,1,1,1,1,1,NA,1,0,1
"z[171,6]",0.983111111111111,0.128869487630174,1,1,1,1,1,1.00029295041796,4500,0,1
"z[172,6]",1,0,1,1,1,1,1,NA,1,0,1
"z[173,6]",1,0,1,1,1,1,1,NA,1,0,1
"z[174,6]",0.991777777777778,0.0903129549063227,1,1,1,1,1,1.01738724663186,3371,0,1
"z[175,6]",1,0,1,1,1,1,1,NA,1,0,1
"z[176,6]",1,0,1,1,1,1,1,NA,1,0,1
"z[177,6]",1,0,1,1,1,1,1,NA,1,0,1
"z[178,6]",0.957777777777778,0.201118111385383,0,1,1,1,1,1.00652394236347,1793,1,1
"z[179,6]",0.964444444444444,0.185199838067563,0,1,1,1,1,0.999939302851826,4500,1,1
"z[180,6]",0.0491111111111111,0.216124014828025,0,0,0,0,1,1.00049122353489,4500,1,1
"z[181,6]",1,0,1,1,1,1,1,NA,1,0,1
"z[182,6]",1,0,1,1,1,1,1,NA,1,0,1
"z[183,6]",1,0,1,1,1,1,1,NA,1,0,1
"z[184,6]",1,0,1,1,1,1,1,NA,1,0,1
"z[185,6]",1,0,1,1,1,1,1,NA,1,0,1
"z[186,6]",1,0,1,1,1,1,1,NA,1,0,1
"z[187,6]",0.280888888888889,0.449483278557389,0,0,0,1,1,1.00028714430521,3984,1,1
"z[188,6]",1,0,1,1,1,1,1,NA,1,0,1
"z[189,6]",1,0,1,1,1,1,1,NA,1,0,1
"z[190,6]",1,0,1,1,1,1,1,NA,1,0,1
"z[191,6]",1,0,1,1,1,1,1,NA,1,0,1
"z[192,6]",0.444666666666667,0.496984013404764,0,0,0,1,1,1.000339576175,3015,1,1
"z[193,6]",0.00977777777777778,0.0984089676386699,0,0,0,0,0,1.00150453602595,4500,1,1
"z[194,6]",0.0206666666666667,0.142281601882585,0,0,0,0,0,1.00825940603195,2847,1,1
"z[195,6]",0.0128888888888889,0.11280777163711,0,0,0,0,0,1.00255285847116,4500,1,1
"z[196,6]",0.0246666666666667,0.155124368434336,0,0,0,0,0,1.00056064693252,4500,1,1
"z[197,6]",1,0,1,1,1,1,1,NA,1,0,1
"z[198,6]",1,0,1,1,1,1,1,NA,1,0,1
"z[199,6]",0.002,0.0446815807032984,0,0,0,0,0,1.01775579934475,4500,1,1
"z[200,6]",1,0,1,1,1,1,1,NA,1,0,1
"z[1,7]",1,0,1,1,1,1,1,NA,1,0,1
"z[2,7]",1,0,1,1,1,1,1,NA,1,0,1
"z[3,7]",1,0,1,1,1,1,1,NA,1,0,1
"z[4,7]",1,0,1,1,1,1,1,NA,1,0,1
"z[5,7]",1,0,1,1,1,1,1,NA,1,0,1
"z[6,7]",0,0,0,0,0,0,0,NA,1,1,1
"z[7,7]",1,0,1,1,1,1,1,NA,1,0,1
"z[8,7]",1,0,1,1,1,1,1,NA,1,0,1
"z[9,7]",1,0,1,1,1,1,1,NA,1,0,1
"z[10,7]",1,0,1,1,1,1,1,NA,1,0,1
"z[11,7]",1,0,1,1,1,1,1,NA,1,0,1
"z[12,7]",1,0,1,1,1,1,1,NA,1,0,1
"z[13,7]",1,0,1,1,1,1,1,NA,1,0,1
"z[14,7]",0.00133333333333333,0.0364945409967103,0,0,0,0,0,1.03900028931154,4500,1,1
"z[15,7]",1,0,1,1,1,1,1,NA,1,0,1
"z[16,7]",0.901333333333333,0.298247082996824,0,1,1,1,1,1.00127389633811,3491,1,1
"z[17,7]",0.985555555555556,0.119327141438796,1,1,1,1,1,1.00487082226537,4500,0,1
"z[18,7]",0.987777777777778,0.109888684384328,1,1,1,1,1,1.01765543232593,2244,0,1
"z[19,7]",0.964,0.186310798705171,0,1,1,1,1,1.00009700734359,4500,1,1
"z[20,7]",0.839777777777778,0.366852788745443,0,1,1,1,1,1.00111262070664,2579,1,1
"z[21,7]",0.852666666666667,0.354477284696265,0,1,1,1,1,0.999868274041241,4500,1,1
"z[22,7]",0.863777777777778,0.343062504722754,0,1,1,1,1,1.00014978738839,4500,1,1
"z[23,7]",0.864888888888889,0.341880202058169,0,1,1,1,1,1.00171642599177,2091,1,1
"z[24,7]",0.794888888888889,0.403827664350618,0,1,1,1,1,0.999804084033368,4500,1,1
"z[25,7]",0.952,0.213789983216616,0,1,1,1,1,1.00055232119251,4500,1,1
"z[26,7]",0.981555555555556,0.13456697579197,1,1,1,1,1,1.00086889799926,4500,0,1
"z[27,7]",0.972444444444444,0.163713783655141,0,1,1,1,1,1.00237511608739,4500,1,1
"z[28,7]",1,0,1,1,1,1,1,NA,1,0,1
"z[29,7]",1,0,1,1,1,1,1,NA,1,0,1
"z[30,7]",0.975333333333333,0.155124368434336,1,1,1,1,1,1.00234238786187,4500,0,1
"z[31,7]",0.980444444444444,0.13848248064772,1,1,1,1,1,1.00374104909164,4500,0,1
"z[32,7]",0.980888888888889,0.136930797191431,1,1,1,1,1,1.00682315773529,3686,0,1
"z[33,7]",1,0,1,1,1,1,1,NA,1,0,1
"z[34,7]",1,0,1,1,1,1,1,NA,1,0,1
"z[35,7]",1,0,1,1,1,1,1,NA,1,0,1
"z[36,7]",1,0,1,1,1,1,1,NA,1,0,1
"z[37,7]",1,0,1,1,1,1,1,NA,1,0,1
"z[38,7]",1,0,1,1,1,1,1,NA,1,0,1
"z[39,7]",1,0,1,1,1,1,1,NA,1,0,1
"z[40,7]",1,0,1,1,1,1,1,NA,1,0,1
"z[41,7]",0.855333333333333,0.35180353283733,0,1,1,1,1,0.999816603664765,4500,1,1
"z[42,7]",0.803555555555556,0.397352628229014,0,1,1,1,1,1.0012784037085,1973,1,1
"z[43,7]",0.935333333333333,0.245964088766797,0,1,1,1,1,1.00190747057793,3679,1,1
"z[44,7]",0.957111111111111,0.202629110007349,0,1,1,1,1,0.999944896425744,4500,1,1
"z[45,7]",0.984666666666667,0.122888478420367,1,1,1,1,1,1.00386272994513,4500,0,1
"z[46,7]",0.985333333333333,0.120227982292648,1,1,1,1,1,1.00633465930221,4500,0,1
"z[47,7]",0.562666666666667,0.496112471026011,0,0,1,1,1,0.999726529254699,4500,1,1
"z[48,7]",1,0,1,1,1,1,1,NA,1,0,1
"z[49,7]",0.667111111111111,0.471299519692734,0,0,1,1,1,0.999742218104874,4500,1,1
"z[50,7]",1,0,1,1,1,1,1,NA,1,0,1
"z[51,7]",1,0,1,1,1,1,1,NA,1,0,1
"z[52,7]",1,0,1,1,1,1,1,NA,1,0,1
"z[53,7]",0.0231111111111111,0.150273104306291,0,0,0,0,0,1.00044018901874,4500,1,1
"z[54,7]",1,0,1,1,1,1,1,NA,1,0,1
"z[55,7]",0.838666666666667,0.367879006366473,0,1,1,1,1,1.00007110621441,4500,1,1
"z[56,7]",1,0,1,1,1,1,1,NA,1,0,1
"z[57,7]",0.974222222222222,0.158489324311835,0,1,1,1,1,1.0007613638144,4500,1,1
"z[58,7]",1,0,1,1,1,1,1,NA,1,0,1
"z[59,7]",1,0,1,1,1,1,1,NA,1,0,1
"z[60,7]",1,0,1,1,1,1,1,NA,1,0,1
"z[61,7]",1,0,1,1,1,1,1,NA,1,0,1
"z[62,7]",1,0,1,1,1,1,1,NA,1,0,1
"z[63,7]",1,0,1,1,1,1,1,NA,1,0,1
"z[64,7]",1,0,1,1,1,1,1,NA,1,0,1
"z[65,7]",1,0,1,1,1,1,1,NA,1,0,1
"z[66,7]",1,0,1,1,1,1,1,NA,1,0,1
"z[67,7]",0.0113333333333333,0.105864911172911,0,0,0,0,0,1.05576290563179,735,1,1
"z[68,7]",0.00355555555555556,0.0595289935189017,0,0,0,0,0,1.0016276586034,4500,1,1
"z[69,7]",1,0,1,1,1,1,1,NA,1,0,1
"z[70,7]",1,0,1,1,1,1,1,NA,1,0,1
"z[71,7]",1,0,1,1,1,1,1,NA,1,0,1
"z[72,7]",1,0,1,1,1,1,1,NA,1,0,1
"z[73,7]",1,0,1,1,1,1,1,NA,1,0,1
"z[74,7]",1,0,1,1,1,1,1,NA,1,0,1
"z[75,7]",1,0,1,1,1,1,1,NA,1,0,1
"z[76,7]",1,0,1,1,1,1,1,NA,1,0,1
"z[77,7]",1,0,1,1,1,1,1,NA,1,0,1
"z[78,7]",1,0,1,1,1,1,1,NA,1,0,1
"z[79,7]",1,0,1,1,1,1,1,NA,1,0,1
"z[80,7]",0.0437777777777778,0.204623040065984,0,0,0,0,1,1.00330540433827,3274,1,1
"z[81,7]",0.191777777777778,0.393742953740522,0,0,0,0,1,1.00036404944991,4500,1,1
"z[82,7]",1,0,1,1,1,1,1,NA,1,0,1
"z[83,7]",0.150888888888889,0.357980320487749,0,0,0,0,1,1.00019047002058,4500,1,1
"z[84,7]",0.882,0.322643972732636,0,1,1,1,1,1.00207064771299,2002,1,1
"z[85,7]",0.795111111111111,0.403665260137017,0,1,1,1,1,1.00000575862366,4500,1,1
"z[86,7]",0.00977777777777778,0.0984089676386699,0,0,0,0,0,1.00385199701059,4500,1,1
"z[87,7]",1,0,1,1,1,1,1,NA,1,0,1
"z[88,7]",1,0,1,1,1,1,1,NA,1,0,1
"z[89,7]",1,0,1,1,1,1,1,NA,1,0,1
"z[90,7]",1,0,1,1,1,1,1,NA,1,0,1
"z[91,7]",0.0211111111111111,0.143770739157005,0,0,0,0,0,1.00058972257176,4500,1,1
"z[92,7]",1,0,1,1,1,1,1,NA,1,0,1
"z[93,7]",1,0,1,1,1,1,1,NA,1,0,1
"z[94,7]",1,0,1,1,1,1,1,NA,1,0,1
"z[95,7]",0.939777777777778,0.237924537926314,0,1,1,1,1,1.00143057924304,4500,1,1
"z[96,7]",1,0,1,1,1,1,1,NA,1,0,1
"z[97,7]",1,0,1,1,1,1,1,NA,1,0,1
"z[98,7]",1,0,1,1,1,1,1,NA,1,0,1
"z[99,7]",1,0,1,1,1,1,1,NA,1,0,1
"z[100,7]",1,0,1,1,1,1,1,NA,1,0,1
"z[101,7]",1,0,1,1,1,1,1,NA,1,0,1
"z[102,7]",0.456444444444444,0.498154654515805,0,0,0,1,1,1.00024668248091,3480,1,1
"z[103,7]",0.674444444444444,0.468634121452001,0,0,1,1,1,1.00031806404834,3494,1,1
"z[104,7]",1,0,1,1,1,1,1,NA,1,0,1
"z[105,7]",0.0104444444444444,0.10167426066326,0,0,0,0,0,1.02784545870444,1649,1,1
"z[106,7]",0.000222222222222222,0.0149071198499986,0,0,0,0,0,1.29093398298233,4500,1,1
"z[107,7]",1,0,1,1,1,1,1,NA,1,0,1
"z[108,7]",1,0,1,1,1,1,1,NA,1,0,1
"z[109,7]",1,0,1,1,1,1,1,NA,1,0,1
"z[110,7]",1,0,1,1,1,1,1,NA,1,0,1
"z[111,7]",1,0,1,1,1,1,1,NA,1,0,1
"z[112,7]",0.837111111111111,0.36930530304322,0,1,1,1,1,1.0014257438339,2091,1,1
"z[113,7]",1,0,1,1,1,1,1,NA,1,0,1
"z[114,7]",1,0,1,1,1,1,1,NA,1,0,1
"z[115,7]",1,0,1,1,1,1,1,NA,1,0,1
"z[116,7]",0.912222222222222,0.283002892963307,0,1,1,1,1,0.999855062366453,4500,1,1
"z[117,7]",0.762666666666667,0.425495540244226,0,1,1,1,1,0.999872582057364,4500,1,1
"z[118,7]",0.963111111111111,0.188509935158217,0,1,1,1,1,1.00062333822546,4500,1,1
"z[119,7]",1,0,1,1,1,1,1,NA,1,0,1
"z[120,7]",0.968,0.176019558815419,0,1,1,1,1,1.00435584185455,3429,1,1
"z[121,7]",1,0,1,1,1,1,1,NA,1,0,1
"z[122,7]",0.565777777777778,0.49570948160029,0,0,1,1,1,0.999706278685423,4500,1,1
"z[123,7]",0.886222222222222,0.317576458890005,0,1,1,1,1,1.00063954159934,4500,1,1
"z[124,7]",0.782888888888889,0.412324698400923,0,1,1,1,1,1.00257417657766,1010,1,1
"z[125,7]",1,0,1,1,1,1,1,NA,1,0,1
"z[126,7]",0.951111111111111,0.215659687442576,0,1,1,1,1,1.00043019588078,4500,1,1
"z[127,7]",0.0502222222222222,0.218427454690079,0,0,0,0,1,1.00359753947724,2655,1,1
"z[128,7]",1,0,1,1,1,1,1,NA,1,0,1
"z[129,7]",1,0,1,1,1,1,1,NA,1,0,1
"z[130,7]",0.0393333333333333,0.194408387233923,0,0,0,0,1,1.00219664166611,4500,1,1
"z[131,7]",1,0,1,1,1,1,1,NA,1,0,1
"z[132,7]",1,0,1,1,1,1,1,NA,1,0,1
"z[133,7]",1,0,1,1,1,1,1,NA,1,0,1
"z[134,7]",1,0,1,1,1,1,1,NA,1,0,1
"z[135,7]",0.877777777777778,0.327578687942835,0,1,1,1,1,1.00015816710004,4500,1,1
"z[136,7]",0.791111111111111,0.406560023037948,0,1,1,1,1,1.00034949106508,4422,1,1
"z[137,7]",0.0744444444444444,0.26252196898347,0,0,0,0,1,1.00130965631048,4416,1,1
"z[138,7]",0.961333333333333,0.192820688042738,0,1,1,1,1,1.00068266861719,4500,1,1
"z[139,7]",1,0,1,1,1,1,1,NA,1,0,1
"z[140,7]",1,0,1,1,1,1,1,NA,1,0,1
"z[141,7]",1,0,1,1,1,1,1,NA,1,0,1
"z[142,7]",0.000666666666666667,0.0258141493083176,0,0,0,0,0,1.13377982835195,4498,1,1
"z[143,7]",1,0,1,1,1,1,1,NA,1,0,1
"z[144,7]",1,0,1,1,1,1,1,NA,1,0,1
"z[145,7]",0.892444444444444,0.309852696115214,0,1,1,1,1,1.00192919460806,2296,1,1
"z[146,7]",0.790222222222222,0.407195171791313,0,1,1,1,1,0.999885862478321,4500,1,1
"z[147,7]",1,0,1,1,1,1,1,NA,1,0,1
"z[148,7]",1,0,1,1,1,1,1,NA,1,0,1
"z[149,7]",0.959555555555556,0.197021109093834,0,1,1,1,1,1.00125489383445,4500,1,1
"z[150,7]",0.966444444444444,0.180102161070095,0,1,1,1,1,1.00088616888824,4500,1,1
"z[151,7]",0.98,0.140015558148628,1,1,1,1,1,1.00785978604203,3078,0,1
"z[152,7]",1,0,1,1,1,1,1,NA,1,0,1
"z[153,7]",1,0,1,1,1,1,1,NA,1,0,1
"z[154,7]",0.00488888888888889,0.069757214702053,0,0,0,0,0,1.04999128800267,1896,1,1
"z[155,7]",1,0,1,1,1,1,1,NA,1,0,1
"z[156,7]",1,0,1,1,1,1,1,NA,1,0,1
"z[157,7]",1,0,1,1,1,1,1,NA,1,0,1
"z[158,7]",1,0,1,1,1,1,1,NA,1,0,1
"z[159,7]",1,0,1,1,1,1,1,NA,1,0,1
"z[160,7]",1,0,1,1,1,1,1,NA,1,0,1
"z[161,7]",0.610222222222222,0.487753963867268,0,0,1,1,1,1.00009272876221,4500,1,1
"z[162,7]",1,0,1,1,1,1,1,NA,1,0,1
"z[163,7]",1,0,1,1,1,1,1,NA,1,0,1
"z[164,7]",1,0,1,1,1,1,1,NA,1,0,1
"z[165,7]",1,0,1,1,1,1,1,NA,1,0,1
"z[166,7]",0.902444444444444,0.296745745695873,0,1,1,1,1,1.00163061963531,2881,1,1
"z[167,7]",0.988888888888889,0.104833661410201,1,1,1,1,1,1.00835819987595,4500,0,1
"z[168,7]",0.976222222222222,0.152373076750087,1,1,1,1,1,1.00326585836551,4500,0,1
"z[169,7]",0.984444444444444,0.123761803562895,1,1,1,1,1,0.999771866964968,4500,0,1
"z[170,7]",0.983777777777778,0.126343218950737,1,1,1,1,1,1.00121484173448,4500,0,1
"z[171,7]",1,0,1,1,1,1,1,NA,1,0,1
"z[172,7]",1,0,1,1,1,1,1,NA,1,0,1
"z[173,7]",1,0,1,1,1,1,1,NA,1,0,1
"z[174,7]",1,0,1,1,1,1,1,NA,1,0,1
"z[175,7]",1,0,1,1,1,1,1,NA,1,0,1
"z[176,7]",1,0,1,1,1,1,1,NA,1,0,1
"z[177,7]",1,0,1,1,1,1,1,NA,1,0,1
"z[178,7]",0.936666666666667,0.243588603732636,0,1,1,1,1,1.00044357740093,4500,1,1
"z[179,7]",0.954888888888889,0.207570887552932,0,1,1,1,1,1.0006768630552,4500,1,1
"z[180,7]",0.506888888888889,0.50000810049994,0,0,1,1,1,1.00081367129241,1749,1,1
"z[181,7]",1,0,1,1,1,1,1,NA,1,0,1
"z[182,7]",1,0,1,1,1,1,1,NA,1,0,1
"z[183,7]",1,0,1,1,1,1,1,NA,1,0,1
"z[184,7]",1,0,1,1,1,1,1,NA,1,0,1
"z[185,7]",1,0,1,1,1,1,1,NA,1,0,1
"z[186,7]",0.749555555555556,0.433317147097976,0,0,1,1,1,0.999772343295953,4500,1,1
"z[187,7]",0.292222222222222,0.454834439266988,0,0,0,1,1,1.00027642393982,3963,1,1
"z[188,7]",0.124444444444444,0.330124587038853,0,0,0,0,1,1.00013056740222,4500,1,1
"z[189,7]",0.133111111111111,0.339732529641953,0,0,0,0,1,0.999924006126612,4500,1,1
"z[190,7]",0.550222222222222,0.497526618051391,0,0,1,1,1,1.00059060655714,2192,1,1
"z[191,7]",1,0,1,1,1,1,1,NA,1,0,1
"z[192,7]",0.374222222222222,0.483975208221787,0,0,0,1,1,1.00032188286544,3258,1,1
"z[193,7]",0.120444444444444,0.325516707964524,0,0,0,0,1,1.00140690736487,2706,1,1
"z[194,7]",0.237111111111111,0.425358247463406,0,0,0,0,1,0.999879968449309,4500,1,1
"z[195,7]",0.139555555555556,0.346563836545115,0,0,0,0,1,1.00177600532924,1967,1,1
"z[196,7]",0.0308888888888889,0.173035889574341,0,0,0,0,1,1.00445385333305,3465,1,1
"z[197,7]",1,0,1,1,1,1,1,NA,1,0,1
"z[198,7]",1,0,1,1,1,1,1,NA,1,0,1
"z[199,7]",0.00755555555555556,0.0866033246050876,0,0,0,0,0,1.03034482300482,2081,1,1
"z[200,7]",1,0,1,1,1,1,1,NA,1,0,1
"deviance",3371.27049405166,28.8937077491342,3318.83901105144,3350.79015624361,3369.8601502347,3389.90463457398,3430.55228155506,0.999739112650606,4500,0,1
