"parameter","mean","sd","2.5%","25%","50%","75%","97.5%","Rhat","n.eff","overlap0","f"
"a.psi[1]",1.50299866754678,0.768172930730632,0.0726722081443644,0.974774466785546,1.48106738367369,2.00802183132158,3.10036674595724,1.00032116198954,3436,0,0.981111111111111
"a.psi[2]",1.81420131095447,0.600083570525177,0.72874368406671,1.39791369137417,1.7889705361393,2.20428272062404,3.01845573726352,0.999891808997569,4500,0,0.999333333333333
"a.psi[3]",3.17626812544857,0.782349163711964,1.83463915429816,2.63092133348104,3.10455711045485,3.6405756952085,4.88619221705572,0.999758492135138,4500,0,1
"a.psi[4]",2.62972148961397,0.697456530582213,1.40933185550922,2.14374267033761,2.58106128299334,3.06417683642068,4.13500762742553,0.999845065161866,4500,0,1
"a.psi[5]",1.95728928045579,0.535290524250181,0.980565627814775,1.59171812066387,1.92967962074426,2.30280019677062,3.1223367977003,1.00002578669975,4500,0,1
"b.psi.elev",-0.0764173108440129,0.322881902896212,-0.681535404958353,-0.292882062499296,-0.0885131817220607,0.132436010935228,0.594885379537348,0.999786142916948,4500,1,0.608888888888889
"b.psi.water",-0.727741763702473,0.304144772403982,-1.34392253641589,-0.937035442961342,-0.72201931445686,-0.517720759487766,-0.146648765358549,1.00029235016982,3834,0,0.993555555555556
"a.gam[1]",1.69225700779408,1.07211550321669,-0.396067342201454,0.980556358781805,1.67475245384054,2.42156229818985,3.79383532602103,0.99995564919795,4500,1,0.944666666666667
"a.gam[2]",1.36656656322295,1.12277851722734,-0.751560497060821,0.608911792473488,1.33659998870622,2.05893590289134,3.6590568855948,1.00067435800885,2065,1,0.895111111111111
"a.gam[3]",-0.25763301462727,1.16534474459417,-2.60313611227224,-1.00495223607204,-0.252819711013166,0.494049575602364,2.03937473824711,1.00005916739455,4500,1,0.590666666666667
"a.gam[4]",-0.171815858582693,0.880277351394198,-2.06452979489631,-0.709243066178696,-0.118721982489157,0.416423368450144,1.42150836829738,0.999875116875456,4500,1,0.554222222222222
"a.gam[5]",1.25377332418047,0.844568702635698,-0.418295896149907,0.703409751203631,1.25515491070052,1.80966975093069,2.88519370822732,1.00183798209096,1193,1,0.932666666666667
"b.gam.elev",1.07370344476701,0.591577577754847,-0.00187682488421526,0.653807973735902,1.06484377978798,1.44868542727659,2.29240667669281,1.00046640530541,2902,1,0.974888888888889
"b.gam.water",0.373311023977666,0.467052691309177,-0.499238539198546,0.0632924364895577,0.360730132516675,0.673040472324355,1.36262437892575,1.00041095245022,4500,1,0.791111111111111
"b.gam.road",-0.707138905254579,0.406827941948052,-1.5821361087363,-0.951480205550183,-0.6813690951711,-0.428691639094486,0.0225746657187067,1.00022909584319,4500,1,0.970666666666667
"b.gam.harv",0.474150872648026,0.53372463549429,-0.617492288200705,0.146939646123503,0.474196002045669,0.826276598272094,1.51752624016352,1.00063341424632,2335,1,0.826222222222222
"a.phi[1]",0.228282081979778,1.0748398140217,-1.81873336082613,-0.517156614375862,0.215140123223044,0.964309219670269,2.3464058968688,1.00023323274703,3546,1,0.578666666666667
"a.phi[2]",2.00112981552397,1.03807807497186,0.0368440996283477,1.29093331148513,1.98954147383532,2.69173251988935,4.05233400569025,1.00250626729119,767,0,0.976222222222222
"a.phi[3]",2.40013758125116,1.02527462828149,0.423057977790268,1.70262074562261,2.37387145410707,3.09678059457533,4.39434663401953,1.00051296398314,3857,0,0.991777777777778
"a.phi[4]",0.565512798956016,1.00586735030518,-1.34078102875227,-0.142254795791001,0.533969302192072,1.27306251791823,2.56518343938034,1.00185604032187,1282,1,0.702
"a.phi[5]",0.840780665927152,1.00747702346272,-1.1167295105041,0.162086434471722,0.814056865805875,1.53268026860972,2.81313893970254,1.00163949524285,1235,1,0.794222222222222
"b.phi.elev",-0.293139852591764,0.241143129330172,-0.744334709280007,-0.456717082331923,-0.302597025347918,-0.142735505612715,0.205717857019381,1.00053736252339,2408,1,0.885333333333333
"b.phi.water",-0.177616154859357,0.244962657922892,-0.668513577960244,-0.338643560556693,-0.174599541532277,-0.00888666224527905,0.289859134270663,1.0002514513208,4500,1,0.760666666666667
"b.phi.road",0.32582130729386,0.218419354307834,-0.0915118046003326,0.180155442538135,0.323398643007199,0.467034716504634,0.755860853527182,0.999719488295853,4500,1,0.933333333333333
"b.phi.harv",0.16282259913261,0.186368891324834,-0.209221173322302,0.0371810877540132,0.166410822142074,0.288593818863463,0.52037032784246,1.00027623396912,4500,1,0.804888888888889
"a.p",1.50052294856916,0.214274864026302,1.05511575276739,1.37294383912246,1.50563528435061,1.62810126841436,1.93396609745885,1.00384709962008,625,0,1
"b.p.ak",0.277010355639667,0.203495860742358,-0.117446068852845,0.13769612402952,0.273761646670954,0.40850032172208,0.675418427005383,1.00078138895856,2829,1,0.913555555555556
"b.p.clutter",0.118275852145384,0.046341433734552,0.0282929072543002,0.0870088459829443,0.11845786776402,0.149559737985348,0.208527900533269,0.999962405501951,4500,0,0.995111111111111
"b.p.temp",0.266486486991681,0.049488997597022,0.168771385417815,0.233236166259519,0.265747474454407,0.300133561261169,0.364054524305162,1.00131708734649,1266,0,1
"b.p.julian",0.181078542819388,0.0493171583726234,0.0861728679174845,0.147441283522676,0.180676843584102,0.2135343140138,0.277898599555082,1.00061490044269,2867,0,1
"sigma.gam",1.10794834668685,0.889422377420507,0.0497168044149998,0.504077678236883,0.925797263685182,1.46990267979092,3.32378179410649,1.00139207190972,1293,0,1
"sigma.phi",3.11585309662774,1.70572660952442,0.804697891632948,2.03845638332484,2.84114207789433,3.89319377396643,6.87864250809579,1.00820168826863,1463,0,1
"sigma.p",0.527697554957015,0.211945312593146,0.265332848233859,0.386027073283705,0.479778028531054,0.613791332788516,1.06432932981503,1.00040848104957,4500,0,1
"eps.gam[1]",-0.368187520360525,0.728775719020907,-2.0067147876424,-0.762494546723704,-0.277570598157824,0.0518333815150035,0.98961639778846,1.00088643032561,3892,1,0.701111111111111
"eps.gam[2]",0.755665960715241,0.824751084066228,-0.420769737209937,0.124057030433639,0.596449269071285,1.22888943071461,2.76905484885517,0.999917943291841,4500,1,0.842666666666667
"eps.gam[3]",0.263663509270439,0.849655071403012,-1.21402285470658,-0.212601660192419,0.112690215069912,0.668788410315115,2.32998215056129,1.00018373825618,4500,1,0.596444444444444
"eps.gam[4]",1.06276178267067,1.14949548950303,-0.378464252303875,0.183264046402912,0.807228421633782,1.64504906951437,3.91542616348578,1.00029297720254,4009,1,0.863333333333333
"eps.gam[5]",0.173334361932718,1.05062008166182,-1.80244881033566,-0.311474576515525,0.0712563155959273,0.631860195712902,2.48177721652315,1.00198023107223,4500,1,0.571555555555556
"eps.gam[6]",-0.060548373137898,1.03638021048037,-2.15212859715802,-0.520943096778237,-0.0365797166956866,0.394699640802429,2.09814875724911,1.00129996331327,4500,1,0.537777777777778
"eps.phi[1]",1.00167864801319,0.969100092671845,-0.806486006,0.318367869779117,1.00836125193127,1.66219747332818,2.90342576091168,1.00134797768582,1678,1,0.836222222222222
"eps.phi[2]",2.69152843569935,1.26005442079296,0.396090771185036,1.89131892052083,2.66719072899238,3.46309029127684,5.0932983781672,1.0071722901097,3440,0,0.991555555555556
"eps.phi[3]",2.21414392494033,1.06324367554835,0.164212965600846,1.48537737436232,2.21054651429503,2.92812138380913,4.27726929915526,1.001336661853,1864,0,0.986222222222222
"eps.phi[4]",3.61882064316322,1.82288322943045,0.658913723967078,2.43609936624187,3.47212670874573,4.51782546186777,7.7431008433976,1.00009188017111,4500,0,0.997333333333333
"eps.phi[5]",2.61792537038998,1.14503055964757,0.408034075013082,1.83156738833274,2.62003215467069,3.37557062655608,4.88587491848345,1.00194021694752,1163,0,0.994222222222222
"eps.phi[6]",3.15310121479088,1.61470769585367,0.559294666876973,2.19274070561009,3.06754127836118,3.98200249278777,5.91506495925035,1.03439593346253,2855,0,0.994666666666667
"eps.p[1]",-0.454380205089941,0.232392918370107,-0.92634081907621,-0.592615795725738,-0.453840040556379,-0.312973512557685,0.0141086300013936,1.00256904659351,774,1,0.971333333333333
"eps.p[2]",-0.601307024670162,0.235436572055429,-1.08082845132648,-0.745405352064985,-0.598476953083911,-0.453901429744107,-0.143930357010658,1.00453067591063,547,0,0.992666666666667
"eps.p[3]",0.148011994219211,0.239206281721157,-0.317592927518816,-0.00742799031417129,0.146336395798045,0.297123237417738,0.636243579681874,1.00123388958879,1916,1,0.738888888888889
"eps.p[4]",0.243548925776728,0.236304709697644,-0.218708342012388,0.0931050442755019,0.239946358397107,0.392301491441428,0.732921702998343,1.00216517956331,957,1,0.864444444444444
"eps.p[5]",0.170566787992575,0.237939066728056,-0.301603972874146,0.0203597509094845,0.167451749899481,0.314879877448329,0.667519687977647,1.00261211105397,758,1,0.776222222222222
"eps.p[6]",0.497899979889982,0.239636328744073,0.0465754648154994,0.337709349335096,0.491122967969788,0.649225658144593,0.992706969128874,1.00304536158344,831,0,0.982444444444444
"eps.p[7]",0.186107863087079,0.231586819034652,-0.266725401528132,0.0379664194554451,0.182173328878919,0.331251280833079,0.662990465578756,1.00242484103302,1204,1,0.802888888888889
"psi.fs[1]",0.89177,0.0146104256119964,0.86,0.885,0.89,0.9,0.92,1.00000862546685,4500,0,1
"psi.fs[2]",0.860996666666667,0.0173170104479886,0.825,0.85,0.86,0.875,0.895,1.00068382007582,4500,0,1
"psi.fs[3]",0.947125555555556,0.0101745606817109,0.925,0.94,0.95,0.955,0.965,1.00163994628868,1897,0,1
"psi.fs[4]",0.938993333333333,0.00995533255927989,0.92,0.935,0.94,0.945,0.955,1.00020326196862,4500,0,1
"psi.fs[5]",0.977008888888889,0.00849394282885326,0.96,0.97,0.98,0.985,0.99,0.999976415200645,4500,0,1
"psi.fs[6]",0.965731111111111,0.00867332911968208,0.945,0.96,0.965,0.97,0.98,1.00004276578918,4500,0,1
"psi.fs[7]",0.969306666666667,0.00973746051924519,0.945,0.965,0.97,0.975,0.985,0.999772405076498,4500,0,1
"psi.surv[1]",0.885749408983452,0.00901563475003052,0.872340425531915,0.879432624113475,0.886524822695035,0.893617021276596,0.907801418439716,0.999898010950583,4500,0,1
"psi.surv[2]",0.847868148148148,0.0140303969651277,0.823166666666667,0.84,0.846666666666667,0.86,0.88,1.00057810912412,4090,0,1
"psi.surv[3]",0.942781045751634,0.00532063685759525,0.933823529411765,0.941176470588235,0.941176470588235,0.948529411764706,0.955882352941177,1.00073793663119,2606,0,1
"psi.surv[4]",0.9443988957902,0.00592830436527176,0.937888198757764,0.937888198757764,0.944099378881988,0.950310559006211,0.956521739130435,1.00059954953937,4500,0,1
"psi.surv[5]",0.972333333333333,0.00714078083013679,0.959677419354839,0.967741935483871,0.975806451612903,0.975806451612903,0.983870967741935,1.0000464179887,4500,0,1
"psi.surv[6]",0.966394011032309,0.00353725906158065,0.964539007092199,0.964539007092199,0.964539007092199,0.964539007092199,0.978723404255319,1.00239674441615,3648,0,1
"psi.surv[7]",0.975832528180354,0.00484189442701768,0.971014492753623,0.971014492753623,0.978260869565217,0.978260869565217,0.985507246376812,0.999945637082436,4500,0,1
"n.occ[1]",178.354,2.92208512239928,172,177,178,180,184,1.00000862546685,4500,0,1
"n.occ[2]",172.199333333333,3.46340208959772,165,170,172,175,179,1.00068382007581,4500,0,1
"n.occ[3]",189.425111111111,2.03491213634218,185,188,190,191,193,1.00163994628868,1897,0,1
"n.occ[4]",187.798666666667,1.99106651185599,184,187,188,189,191,1.00020326196863,4500,0,1
"n.occ[5]",195.401777777778,1.69878856577065,192,194,196,197,198,0.999976415200644,4500,0,1
"n.occ[6]",193.146222222222,1.73466582393642,189,192,193,194,196,1.00004276578918,4500,0,1
"n.occ[7]",193.861333333333,1.94749210384904,189,193,194,195,197,0.999772405076499,4500,0,1
"psi.reg[1,1]",0.850074074074074,0.0389185314476178,0.8,0.8,0.866666666666667,0.866666666666667,0.933333333333333,1.00055092731027,3103,0,1
"psi.reg[2,1]",0.821777777777778,0.0410925671331277,0.743589743589744,0.794871794871795,0.82051282051282,0.846153846153846,0.897435897435897,1.00007398551851,4500,0,1
"psi.reg[3,1]",0.961148148148148,0.0259308971596656,0.9,0.95,0.966666666666667,0.983333333333333,1,0.999871420541047,4500,0,1
"psi.reg[4,1]",0.929178451178451,0.0272854934690282,0.878787878787879,0.909090909090909,0.939393939393939,0.939393939393939,0.96969696969697,1.00034347095627,4500,0,1
"psi.reg[5,1]",0.853241090146751,0.0272998855859038,0.792452830188679,0.830188679245283,0.849056603773585,0.867924528301887,0.905660377358491,0.999868605749124,4500,0,1
"psi.reg[1,2]",0.814177777777778,0.0553522267657561,0.733333333333333,0.8,0.8,0.866666666666667,0.933333333333333,1.00008372207651,4500,0,1
"psi.reg[2,2]",0.918068376068376,0.0286204794337463,0.846153846153846,0.897435897435897,0.923076923076923,0.948717948717949,0.974358974358974,0.999978971332149,4500,0,1
"psi.reg[3,2]",0.936744444444444,0.0300593598274321,0.866666666666667,0.916666666666667,0.933333333333333,0.95,0.983333333333333,1.00086114566713,1763,0,1
"psi.reg[4,2]",0.69749494949495,0.0387812648014694,0.636363636363636,0.666666666666667,0.696969696969697,0.727272727272727,0.787878787878788,1.00060833920844,2155,0,1
"psi.reg[5,2]",0.848301886792453,0.0303342725449683,0.792452830188679,0.830188679245283,0.849056603773585,0.867924528301887,0.905660377358491,1.00007329862427,4500,0,1
"psi.reg[1,3]",0.895451851851852,0.0461937508131632,0.8,0.866666666666667,0.933333333333333,0.933333333333333,0.933333333333333,1.00041511239867,4500,0,1
"psi.reg[2,3]",0.972957264957265,0.0145493784765595,0.948717948717949,0.974358974358974,0.974358974358974,0.974358974358974,1,1.00241271393275,1362,0,1
"psi.reg[3,3]",0.968140740740741,0.0194970203370821,0.916666666666667,0.966666666666667,0.966666666666667,0.983333333333333,1,1.00233600091074,1980,0,1
"psi.reg[4,3]",0.928148148148148,0.0192855212265322,0.878787878787879,0.909090909090909,0.939393939393939,0.939393939393939,0.939393939393939,0.999847441856481,4500,0,1
"psi.reg[5,3]",0.930767295597484,0.0172166307591597,0.886792452830189,0.924528301886792,0.924528301886792,0.943396226415094,0.962264150943396,1.00049422039888,4026,0,1
"psi.reg[1,4]",0.854918518518519,0.0371259571573382,0.8,0.866666666666667,0.866666666666667,0.866666666666667,0.933333333333333,1.00035381625524,3408,0,1
"psi.reg[2,4]",0.971071225071225,0.01803200187515,0.923076923076923,0.967948717948718,0.974358974358974,0.974358974358974,1,0.999828520626785,4500,0,1
"psi.reg[3,4]",0.977077777777778,0.0146140277006656,0.95,0.966666666666667,0.983333333333333,0.983333333333333,1,1.00218418882445,934,0,1
"psi.reg[4,4]",0.917016835016835,0.026571294027849,0.848484848484849,0.909090909090909,0.909090909090909,0.939393939393939,0.939393939393939,1.00036830602309,4253,0,1
"psi.reg[5,4]",0.909752620545073,0.0186556063822002,0.867924528301887,0.905660377358491,0.905660377358491,0.924528301886792,0.943396226415094,1.00056609621778,2686,0,1
"psi.reg[1,5]",0.97322962962963,0.0410211354877286,0.866666666666667,0.933333333333333,1,1,1,1.00002670829489,4500,0,1
"psi.reg[2,5]",0.997076923076923,0.00883809293063477,0.974358974358974,1,1,1,1,1.00078859811977,4500,0,1
"psi.reg[3,5]",0.993977777777778,0.0107866254194966,0.966666666666667,0.983333333333333,1,1,1,1.00240027072295,2505,0,1
"psi.reg[4,5]",0.942747474747475,0.0169937449222177,0.909090909090909,0.939393939393939,0.939393939393939,0.939393939393939,0.96969696969697,1.00092636043504,1795,0,1
"psi.reg[5,5]",0.965433962264151,0.016515292565724,0.924528301886792,0.962264150943396,0.962264150943396,0.981132075471698,0.981132075471698,0.999797573790642,4500,0,1
"psi.reg[1,6]",0.990844444444444,0.0241652620991735,0.933333333333333,1,1,1,1,1.00350965985901,1884,0,1
"psi.reg[2,6]",0.972786324786325,0.0167900355271148,0.923076923076923,0.974358974358974,0.974358974358974,0.974358974358974,1,1.0006938367352,4500,0,1
"psi.reg[3,6]",0.979907407407407,0.00888592091296156,0.966666666666667,0.983333333333333,0.983333333333333,0.983333333333333,1,1.00043689738914,3412,0,1
"psi.reg[4,6]",0.950195286195286,0.0254536181477001,0.878787878787879,0.939393939393939,0.954545454545455,0.96969696969697,1,1.00038707030016,2900,0,1
"psi.reg[5,6]",0.947056603773585,0.0185350148656134,0.905660377358491,0.943396226415094,0.943396226415094,0.962264150943396,0.962264150943396,0.999917839392438,4500,0,1
"psi.reg[1,7]",0.923037037037037,0.037685910028628,0.866666666666667,0.933333333333333,0.933333333333333,0.933333333333333,1,0.999954210329801,4500,0,1
"psi.reg[2,7]",0.996267806267806,0.00995138842724817,0.974358974358974,1,1,1,1,1.00446299127995,1188,0,1
"psi.reg[3,7]",0.979418518518518,0.00896843574269327,0.95,0.983333333333333,0.983333333333333,0.983333333333333,0.983333333333333,1.00181902805492,1324,0,1
"psi.reg[4,7]",0.949346801346801,0.0237542325438001,0.909090909090909,0.939393939393939,0.939393939393939,0.96969696969697,1,1.0000698005377,4500,0,1
"psi.reg[5,7]",0.963542976939203,0.0241888645665143,0.905660377358491,0.943396226415094,0.962264150943396,0.981132075471698,1,1.00015960484808,4500,0,1
"n.occ.reg[1,1]",12.7511111111111,0.583777971714266,12,12,13,13,14,1.00055092731027,3103,0,1
"n.occ.reg[2,1]",32.0493333333333,1.60261011819198,29,31,32,33,35,1.00007398551851,4500,0,1
"n.occ.reg[3,1]",57.6688888888889,1.55585382957993,54,57,58,59,60,0.999871420541047,4500,0,1
"n.occ.reg[4,1]",30.6628888888889,0.90042128447793,29,30,31,31,32,1.00034347095627,4500,0,1
"n.occ.reg[5,1]",45.2217777777778,1.4468939360529,42,44,45,46,48,0.999868605749123,4500,0,1
"n.occ.reg[1,2]",12.2126666666667,0.830283401486342,11,12,12,13,14,1.00008372207651,4500,0,1
"n.occ.reg[2,2]",35.8046666666667,1.1161986979161,33,35,36,37,38,0.999978971332149,4500,0,1
"n.occ.reg[3,2]",56.2046666666667,1.80356158964593,52,55,56,57,59,1.00086114566713,1763,0,1
"n.occ.reg[4,2]",23.0173333333333,1.27978173844849,21,22,23,24,26,1.00060833920844,2155,0,1
"n.occ.reg[5,2]",44.96,1.60771644488332,42,44,45,46,48,1.00007329862427,4500,0,1
"n.occ.reg[1,3]",13.4317777777778,0.692906262197447,12,13,14,14,14,1.00041511239867,4500,0,1
"n.occ.reg[2,3]",37.9453333333333,0.567425760585819,37,38,38,38,39,1.00241271393275,1362,0,1
"n.occ.reg[3,3]",58.0884444444444,1.16982122022493,55,58,58,59,60,1.00233600091074,1980,0,1
"n.occ.reg[4,3]",30.6288888888889,0.636422200475562,29,30,31,31,31,0.999847441856481,4500,0,1
"n.occ.reg[5,3]",49.3306666666667,0.912481430235466,47,49,49,50,51,1.00049422039888,4026,0,1
"n.occ.reg[1,4]",12.8237777777778,0.556889357360073,12,13,13,13,14,1.00035381625524,3408,0,1
"n.occ.reg[2,4]",37.8717777777778,0.70324807313085,36,37.75,38,38,39,0.999828520626785,4500,0,1
"n.occ.reg[3,4]",58.6246666666667,0.876841662039934,57,58,59,59,60,1.00218418882445,934,0,1
"n.occ.reg[4,4]",30.2615555555556,0.876852702919016,28,30,30,31,31,1.00036830602309,4253,0,1
"n.occ.reg[5,4]",48.2168888888889,0.988747138256609,46,48,48,49,50,1.00056609621778,2686,0,1
"n.occ.reg[1,5]",14.5984444444444,0.615317032315929,13,14,15,15,15,1.00002670829489,4500,0,1
"n.occ.reg[2,5]",38.886,0.344685624294756,38,39,39,39,39,1.00078859811978,4500,0,1
"n.occ.reg[3,5]",59.6386666666667,0.647197525169795,58,59,60,60,60,1.00240027072298,2505,0,1
"n.occ.reg[4,5]",31.1106666666667,0.560793582433184,30,31,31,31,32,1.00092636043504,1795,0,1
"n.occ.reg[5,5]",51.168,0.87531050598337,49,51,51,52,52,0.99979757379064,4500,0,1
"n.occ.reg[1,6]",14.8626666666667,0.362478931487602,14,15,15,15,15,1.00350965985901,1884,0,1
"n.occ.reg[2,6]",37.9386666666667,0.654811385557476,36,38,38,38,39,1.0006938367352,4500,0,1
"n.occ.reg[3,6]",58.7944444444444,0.533155254777695,58,59,59,59,60,1.00043689738915,3412,0,1
"n.occ.reg[4,6]",31.3564444444444,0.839969398874104,29,31,31.5,32,33,1.00038707030016,2900,0,1
"n.occ.reg[5,6]",50.194,0.982355787877508,48,50,50,51,51,0.999917839392439,4500,0,1
"n.occ.reg[1,7]",13.8455555555556,0.56528865042942,13,14,14,14,15,0.999954210329801,4500,0,1
"n.occ.reg[2,7]",38.8544444444444,0.388104148662678,38,39,39,39,39,1.00446299127998,1188,0,1
"n.occ.reg[3,7]",58.7651111111111,0.538106144561597,57,59,59,59,59,1.00181902805494,1324,0,1
"n.occ.reg[4,7]",31.3284444444444,0.783889673945402,30,31,31,32,33,1.0000698005377,4500,0,1
"n.occ.reg[5,7]",51.0677777777778,1.28200982202526,48,50,51,52,53,1.00015960484808,4500,0,1
"psi.reg.init[1]",0.793228231444622,0.115344954747277,0.51816004145112,0.726070126713817,0.814733748344191,0.881636747664928,0.956907870408757,1.00035751386998,4465,0,1
"psi.reg.init[2]",0.845102248706592,0.0748635387692186,0.674529521960126,0.801852613945257,0.856801014854403,0.900633441866973,0.953400953034717,0.999785153576324,4500,0,1
"psi.reg.init[3]",0.949525825193668,0.0340896299349208,0.862313453403731,0.932825296500641,0.957080330000841,0.974433557702858,0.992506460057009,0.99995301627138,4500,0,1
"psi.reg.init[4]",0.920150838956629,0.0475679155134394,0.803660505925653,0.895082601967704,0.929632725312429,0.955390648347421,0.984249481133141,1.00004730830263,4500,0,1
"psi.reg.init[5]",0.865068768192219,0.0592242448983413,0.727220423934564,0.830857685944775,0.873213954482169,0.90910868435884,0.957804758238936,0.99998160192368,4500,0,1
"gamma.reg[1,1]",0.740929835151944,0.192657386560635,0.261331492568383,0.62878894266586,0.791999825966238,0.89328886887642,0.973445244942237,0.999894660707179,4500,0,1
"gamma.reg[2,1]",0.685305753669419,0.204259346475464,0.220113918054288,0.556233992967076,0.72111165370457,0.850316589989426,0.969894692924333,1.00116686443891,1577,0,1
"gamma.reg[3,1]",0.387369128286702,0.235398537887378,0.0319002387047468,0.193642763858214,0.359249124068828,0.560945246778624,0.86058666200067,0.999957820141414,4500,0,1
"gamma.reg[4,1]",0.39703147846001,0.20713722742903,0.0503051198161414,0.229577957832196,0.385654232045443,0.552223602422766,0.798430814851403,0.999933664435843,4500,0,1
"gamma.reg[5,1]",0.679939073423296,0.185138983732034,0.23202451906981,0.570005095481488,0.715885704863159,0.822864797552309,0.938085344041762,1.00046329939152,4500,0,1
"gamma.reg[1,2]",0.880927409963526,0.113349886715253,0.571285871446754,0.837449788250762,0.918468200270793,0.960835379692849,0.992158335659699,0.999876873166497,4500,0,1
"gamma.reg[2,2]",0.839906095202036,0.147519977290164,0.435236948413623,0.778006822859839,0.886585141858188,0.94811578670801,0.992802676424059,1.00030971689868,4500,0,1
"gamma.reg[3,2]",0.590249207742771,0.23453441716681,0.128296072001373,0.41350387656209,0.611727952954872,0.77917368138485,0.962447176535649,0.999984482312356,4500,0,1
"gamma.reg[4,2]",0.624617787650165,0.164106982331372,0.285079491432779,0.515622833500099,0.637944505796686,0.745352656235902,0.903893540405302,0.999990264840527,4500,0,1
"gamma.reg[5,2]",0.849747041203412,0.108209954868292,0.573092587666419,0.797880904549596,0.875141773109146,0.931345770078099,0.983099003032709,1.00267141136029,830,0,1
"gamma.reg[1,3]",0.823521389640926,0.158508732100232,0.385606775498071,0.757491232719892,0.871405650804937,0.939772732477876,0.989522630840725,1.00092116228838,4500,0,1
"gamma.reg[2,3]",0.775732244085062,0.183669588930248,0.306230417188567,0.678065438108571,0.825082989515075,0.919824439963399,0.989202141773545,1.00136549865569,1949,0,1
"gamma.reg[3,3]",0.498440496192817,0.250388326408279,0.0684616994477822,0.296034277907334,0.496334228297987,0.699889328821674,0.94744264999072,0.999783784010658,4500,0,1
"gamma.reg[4,3]",0.519032241375536,0.197521562547707,0.141912240164688,0.369551065594181,0.528007234902582,0.667201604967612,0.874007701726332,1.0002669636185,4500,0,1
"gamma.reg[5,3]",0.781309330234179,0.149187771620968,0.412743325009605,0.700738720729024,0.812022167404521,0.894722646233209,0.973650831305164,1.0014590050215,4500,0,1
"gamma.reg[1,4]",0.895257074908808,0.111756117628134,0.590772642551745,0.855411770150267,0.934117952100092,0.973619273833438,0.997016529704281,1.00038512752867,4500,0,1
"gamma.reg[2,4]",0.859294504926674,0.144074846911338,0.452110985222786,0.801045463330876,0.908583360769867,0.964366650334364,0.997055006831358,1.00001535949368,4500,0,1
"gamma.reg[3,4]",0.635184973960732,0.23964077537345,0.139535298795942,0.460628117983099,0.662487541931251,0.837869455379083,0.983505128429157,1.00039567892484,4500,0,1
"gamma.reg[4,4]",0.67326342255183,0.177664443692633,0.300113594209616,0.547493782684273,0.689699750514847,0.807988543288958,0.962125035045606,1.00044940860974,3207,0,1
"gamma.reg[5,4]",0.868987348736806,0.108930412715267,0.595912455916972,0.810596969669093,0.897618242805632,0.95318267008753,0.993763137723108,1.00206697372437,898,0,1
"gamma.reg[1,5]",0.80170556506809,0.191130157317586,0.264654782052844,0.724717066377731,0.865708339011707,0.94124316447965,0.991822169839879,1.00022848781533,4500,0,1
"gamma.reg[2,5]",0.753705345373901,0.21268122718249,0.215738963338694,0.637030766497052,0.817941438780669,0.921965942663078,0.991168658066868,1.00146923527072,3364,0,1
"gamma.reg[3,5]",0.486065540704797,0.263196533537144,0.0395818085825566,0.267707365695887,0.483569164946845,0.700321025153007,0.948479028622603,1.00071808800144,3211,0,1
"gamma.reg[4,5]",0.506238581126216,0.228587368758313,0.0661367984667849,0.329661304415918,0.518002198605725,0.683142874533536,0.908571141757069,1.00006346746128,4500,0,1
"gamma.reg[5,5]",0.758040516372862,0.189287615861709,0.249347686920307,0.674428806294083,0.80632002930866,0.897649758027802,0.980888553195385,1.00150469856071,2474,0,1
"gamma.reg[1,6]",0.771528687608808,0.205176062841519,0.2260103406081,0.675386123762989,0.839375416592662,0.925446943202752,0.988704554463811,1.00067494090903,4500,0,1
"gamma.reg[2,6]",0.723502800857349,0.222707339503356,0.165129300559054,0.601207622366628,0.78385889867454,0.901450715337945,0.986317666606017,1.00093396287148,2085,0,1
"gamma.reg[3,6]",0.443676379160528,0.256126101550394,0.0354293577140255,0.22997553161751,0.429296201275642,0.649722583179913,0.927681276748549,1.00042269765058,2783,0,1
"gamma.reg[4,6]",0.462072130181274,0.228956049332775,0.0509360276091429,0.281427916209572,0.468254115152716,0.634582326327396,0.876928328247603,0.999930961870382,4500,0,1
"gamma.reg[5,6]",0.719934920343618,0.208417869168942,0.187585257288807,0.613340118032764,0.774589609755941,0.878590323243992,0.973229574445492,1.00059009476972,4500,0,1
"phi.reg[1,1]",0.751364774462163,0.120626170065302,0.490132105112945,0.674134679768951,0.764741362427938,0.844446176762008,0.94028204252723,1.00027207789939,4500,0,1
"phi.reg[2,1]",0.944715027794436,0.0311737700289782,0.868351337910054,0.929110486826683,0.950867482441371,0.967296079699657,0.987819251751554,1.00097671275244,2283,0,1
"phi.reg[3,1]",0.961216180894366,0.0236784944732325,0.901968682741157,0.949162042723797,0.966173499423214,0.97863447822613,0.992065531410307,1.00035016546626,3731,0,1
"phi.reg[4,1]",0.81834012924293,0.0637941492131942,0.67456239927091,0.777694858532477,0.823230208528011,0.864713743467317,0.92423953802667,0.999913204121933,4500,0,1
"phi.reg[5,1]",0.853086280817717,0.0593705628505168,0.71690017370352,0.817359934479167,0.859378787949701,0.897216256551258,0.946235301373114,1.00024183259803,3835,0,1
"phi.reg[1,2]",0.929830207177442,0.0559176764921674,0.790921373920759,0.904461086864797,0.945076400518245,0.970078310312199,0.993064530799657,0.999938800275158,4500,0,1
"phi.reg[2,2]",0.987416917915865,0.0101028352850357,0.961085400812926,0.983179035659811,0.989952610267511,0.994558454580897,0.99871568417239,1.00119199938601,4500,0,1
"phi.reg[3,2]",0.991210928096492,0.00783053540630829,0.97060949127475,0.988426700410402,0.993479514314807,0.996518422832205,0.999070939228152,1.00254233515086,1532,0,1
"phi.reg[4,2]",0.954266703134444,0.0292237578970433,0.879243027774965,0.939823960885416,0.960617261537879,0.975531745475552,0.991745161272678,1.00023925508084,4500,0,1
"phi.reg[5,2]",0.964434262607935,0.0232638375344275,0.906287107614322,0.952926735365462,0.969533505328009,0.981224404488226,0.994183636357498,1.00192635051452,3651,0,1
"phi.reg[1,3]",0.900766204998422,0.067584206837861,0.725893255290407,0.869326376299226,0.915763084487009,0.950213592506068,0.984877668122396,1.0003655254107,3609,0,1
"phi.reg[2,3]",0.981639978567327,0.0128054610192171,0.948257657081279,0.97611886340073,0.984653619733897,0.990572749742508,0.99693731857081,1.00032683546038,3329,0,1
"phi.reg[3,3]",0.987405240052645,0.00911288589187891,0.963721937405312,0.983579819991777,0.989592481258649,0.993872034981013,0.998066955302288,1.00005627019805,4500,0,1
"phi.reg[4,3]",0.934087785221297,0.0335786870668836,0.853670403536655,0.916553932250176,0.939993336134648,0.958682251312166,0.981042863958527,0.999875728154435,4500,0,1
"phi.reg[5,3]",0.948694909483632,0.0265721558330909,0.88388653385707,0.934301212736823,0.953121082625026,0.968237905936127,0.986277710384927,0.999731079292991,4500,0,1
"phi.reg[1,4]",0.960142403042546,0.0418989596502993,0.844683374308965,0.945102224718017,0.9733894112564,0.989263165525344,0.999440554620125,1.00085146072185,4500,0,1
"phi.reg[2,4]",0.993295316929984,0.00692513766793872,0.973874750075452,0.990929754130683,0.995364927387332,0.998014553917101,0.999898329056339,1.00073793355898,4500,0,1
"phi.reg[3,4]",0.995348796444939,0.00498607749945428,0.98165709378943,0.993750309770387,0.996936709560566,0.998706177697769,0.999942518430195,0.999826344827861,4500,0,1
"phi.reg[4,4]",0.975698712047613,0.019943766761558,0.924531443558009,0.965648409468662,0.98070527207597,0.990611819502589,0.999494846468179,0.999740226311223,4500,0,1
"phi.reg[5,4]",0.980737906721851,0.0170083310724617,0.935882477429504,0.973226129210418,0.985159349552577,0.993359423540968,0.99961763210933,0.999807601720908,4500,0,1
"phi.reg[1,5]",0.927818885724758,0.0549808839655699,0.786400030648467,0.904164737071247,0.942357262212481,0.967439195940937,0.991386620592318,1.00128498256591,2161,0,1
"phi.reg[2,5]",0.986994486249903,0.0100371680574967,0.960514225664962,0.982889543422766,0.989620586713985,0.993975160068641,0.998304236058491,1.00083351667723,4500,0,1
"phi.reg[3,5]",0.991215464402711,0.0069052563322161,0.973092020666383,0.988305792073476,0.993047935753102,0.995992600704342,0.998846617540046,1.00069824048337,2145,0,1
"phi.reg[4,5]",0.953113533811205,0.0270171045826882,0.884840908138249,0.938586975460435,0.958332997725138,0.972766962375527,0.989887305788505,1.00036890841299,4500,0,1
"phi.reg[5,5]",0.963491075811307,0.0220063567654029,0.910340931256018,0.952294078938532,0.96791625758808,0.979250684881706,0.99291497920932,1.0020579906842,4500,0,1
"phi.reg[1,6]",0.948830834828631,0.0466939659348284,0.817625156369811,0.931545474285178,0.961981526705018,0.981502066409303,0.997182543065239,1.00007871896117,4500,0,1
"phi.reg[2,6]",0.991198318133965,0.00806496511425505,0.969954646065051,0.988369414265298,0.993428401504831,0.996607567534392,0.999402986377361,1.00147704047506,4500,0,1
"phi.reg[3,6]",0.993917581212748,0.00578343245439949,0.979234944608179,0.99187200336797,0.995565692811153,0.997790093983319,0.999613745630511,1.00482152940179,4500,0,1
"phi.reg[4,6]",0.967666489955124,0.0237457534891405,0.907932451690905,0.956659336212357,0.973380055797442,0.984542821643588,0.996777115034795,0.999907389172855,4500,0,1
"phi.reg[5,6]",0.974685740503176,0.0193714355607442,0.925026017398808,0.966226971243844,0.97939425877302,0.988581136348899,0.997511856479447,0.999858306541777,4500,0,1
"ext.reg[1,1]",0.248635225537837,0.120626170065302,0.0597179574727695,0.155553823237992,0.235258637572062,0.325865320231049,0.509867894887055,1.00027207789939,4500,0,1
"ext.reg[2,1]",0.0552849722055639,0.0311737700289782,0.0121807482484461,0.0327039203003433,0.0491325175586291,0.0708895131733169,0.131648662089945,1.00097671275244,2283,0,1
"ext.reg[3,1]",0.0387838191056342,0.0236784944732325,0.00793446858969295,0.02136552177387,0.0338265005767864,0.0508379572762033,0.0980313172588431,1.00035016546626,3731,0,1
"ext.reg[4,1]",0.18165987075707,0.0637941492131942,0.0757604619733302,0.135286256532683,0.176769791471989,0.222305141467523,0.325437600729089,0.999913204121933,4500,0,1
"ext.reg[5,1]",0.146913719182283,0.0593705628505168,0.0537646986268856,0.102783743448742,0.140621212050299,0.182640065520833,0.28309982629648,1.00024183259803,3835,0,1
"ext.reg[1,2]",0.0701697928225585,0.0559176764921674,0.0069354692003434,0.029921689687801,0.0549235994817545,0.0955389131352033,0.209078626079241,0.999938800275158,4500,0,1
"ext.reg[2,2]",0.0125830820841345,0.0101028352850357,0.00128431582760983,0.00544154541910269,0.0100473897324887,0.0168209643401887,0.0389145991870741,1.001191999386,4500,0,1
"ext.reg[3,2]",0.00878907190350837,0.00783053540630829,0.000929060771847867,0.0034815771677946,0.00652048568519326,0.0115732995895983,0.0293905087252496,1.00254233515087,1532,0,1
"ext.reg[4,2]",0.045733296865556,0.0292237578970433,0.00825483872732202,0.024468254524448,0.0393827384621205,0.0601760391145846,0.120756972225035,1.00023925508084,4500,0,1
"ext.reg[5,2]",0.0355657373920655,0.0232638375344275,0.0058163636425023,0.0187755955117744,0.0304664946719915,0.0470732646345376,0.0937128923856776,1.00192635051453,3651,0,1
"ext.reg[1,3]",0.0992337950015781,0.067584206837861,0.0151223318776037,0.0497864074939318,0.0842369155129913,0.130673623700773,0.274106744709592,1.0003655254107,3609,0,1
"ext.reg[2,3]",0.0183600214326727,0.0128054610192171,0.00306268142919026,0.00942725025749214,0.0153463802661026,0.0238811365992703,0.0517423429187207,1.00032683546038,3329,0,1
"ext.reg[3,3]",0.0125947599473553,0.00911288589187891,0.00193304469771219,0.00612796501898721,0.0104075187413507,0.0164201800082229,0.0362780625946882,1.00005627019805,4500,0,1
"ext.reg[4,3]",0.0659122147787033,0.0335786870668836,0.0189571360414729,0.0413177486878342,0.060006663865352,0.0834460677498243,0.146329596463345,0.999875728154435,4500,0,1
"ext.reg[5,3]",0.051305090516368,0.0265721558330909,0.0137222896150731,0.0317620940638727,0.0468789173749741,0.0656987872631774,0.11611346614293,0.999731079292991,4500,0,1
"ext.reg[1,4]",0.0398575969574542,0.0418989596502993,0.000559445379874785,0.0107368344746557,0.0266105887436003,0.0548977752819828,0.155316625691034,1.00085146072185,4500,0,1
"ext.reg[2,4]",0.0067046830700161,0.00692513766793872,0.000101670943660839,0.00198544608289855,0.00463507261266832,0.00907024586931701,0.0261252499245478,1.00073793355896,4500,0,1
"ext.reg[3,4]",0.00465120355506134,0.00498607749945428,5.74815698050179e-05,0.00129382230223143,0.00306329043943443,0.00624969022961286,0.0183429062105704,0.999826344827862,4500,0,1
"ext.reg[4,4]",0.0243012879523865,0.019943766761558,0.000505153531821306,0.00938818049741147,0.0192947279240301,0.034351590531338,0.0754685564419913,0.999740226311222,4500,0,1
"ext.reg[5,4]",0.0192620932781492,0.0170083310724617,0.000382367890670532,0.00664057645903204,0.0148406504474234,0.0267738707895822,0.0641175225704963,0.999807601720908,4500,0,1
"ext.reg[1,5]",0.0721811142752419,0.0549808839655699,0.0086133794076824,0.0325608040590633,0.0576427377875189,0.0958352629287527,0.213599969351533,1.00128498256591,2161,0,1
"ext.reg[2,5]",0.0130055137500965,0.0100371680574967,0.00169576394150884,0.00602483993135958,0.010379413286015,0.017110456577234,0.039485774335038,1.00083351667724,4500,0,1
"ext.reg[3,5]",0.00878453559728919,0.0069052563322161,0.001153382459954,0.00400739929565835,0.00695206424689809,0.0116942079265238,0.0269079793336169,1.00069824048337,2145,0,1
"ext.reg[4,5]",0.046886466188795,0.0270171045826882,0.0101126942114952,0.0272330376244728,0.0416670022748615,0.061413024539565,0.115159091861751,1.00036890841299,4500,0,1
"ext.reg[5,5]",0.0365089241886933,0.0220063567654029,0.00708502079067946,0.020749315118294,0.03208374241192,0.0477059210614682,0.0896590687439821,1.0020579906842,4500,0,1
"ext.reg[1,6]",0.0511691651713695,0.0466939659348284,0.00281745693476118,0.0184979335906975,0.0380184732949818,0.0684545257148222,0.182374843630189,1.00007871896117,4500,0,1
"ext.reg[2,6]",0.00880168186603497,0.00806496511425505,0.000597013622639148,0.00339243246560758,0.00657159849516886,0.011630585734702,0.030045353934949,1.00147704047507,4500,0,1
"ext.reg[3,6]",0.00608241878725197,0.00578343245439949,0.000386254369488612,0.00220990601668136,0.00443430718884674,0.00812799663203012,0.020765055391821,1.00482152940171,4500,0,1
"ext.reg[4,6]",0.0323335100448759,0.0237457534891405,0.00322288496520501,0.0154571783564115,0.0266199442025582,0.0433406637876433,0.0920675483090952,0.999907389172855,4500,0,1
"ext.reg[5,6]",0.0253142594968243,0.0193714355607442,0.002488143520553,0.0114188636511014,0.0206057412269797,0.0337730287561564,0.0749739826011916,0.999858306541777,4500,0,1
"mean.gamma.reg[1]",0.818978327057017,0.128421044854333,0.500176411065253,0.755259485476144,0.85035298807362,0.916866289503178,0.977095951255452,1.0002054993202,4500,0,1
"mean.gamma.reg[2]",0.77290779068574,0.150457624128304,0.417898645493775,0.685241549237595,0.80265649324035,0.889970861545495,0.974831147641904,1.00112600307741,1909,0,1
"mean.gamma.reg[3]",0.506830954341391,0.20617557212339,0.12175129991825,0.354341685002514,0.507835137429363,0.664574976298909,0.884590115248406,1.00011714279145,4500,0,1
"mean.gamma.reg[4]",0.530375940224172,0.141678195925326,0.263164529270937,0.426638306961567,0.529820838338854,0.630288969013065,0.803871876376578,0.999689089919048,4500,0,1
"mean.gamma.reg[5]",0.776326371719029,0.111675404694397,0.517957154986636,0.707974238489381,0.790403604218044,0.862255878700558,0.945995088406192,1.00116020391636,2022,0,1
"mean.phi.reg[1]",0.90312555170566,0.0517274578462061,0.780717164837134,0.8739520576772,0.911466876688295,0.941696841132803,0.97828734429898,1.00029528263849,3745,0,1
"mean.phi.reg[2]",0.980876674265247,0.0101659488221519,0.956567767513455,0.975330805327166,0.982645363431914,0.988180006110399,0.995371450631554,1.00033654023242,3528,0,1
"mean.phi.reg[3]",0.98671903185065,0.00770178570112361,0.967311336385118,0.982699222273458,0.988315278466488,0.992259600510074,0.996940941054438,1.00049149201451,2965,0,1
"mean.phi.reg[4]",0.933862225568769,0.020806169824422,0.887262335373047,0.921211072375338,0.936056608997251,0.949178525886442,0.967574457841046,0.999798523523817,4500,0,1
"mean.phi.reg[5]",0.947521695990936,0.0187813421029506,0.90606768532226,0.935721513860333,0.949806175980004,0.961179372664385,0.978044435183846,1.00084486155772,4264,0,1
"mean.ext.reg[1]",0.0968744482943398,0.0517274578462061,0.0217126557010203,0.0583031588671968,0.0885331233117046,0.1260479423228,0.219282835162865,1.00029528263849,3745,0,1
"mean.ext.reg[2]",0.0191233257347531,0.0101659488221519,0.00462854936844638,0.0118199938896006,0.0173546365680858,0.024669194672834,0.0434322324865452,1.00033654023242,3528,0,1
"mean.ext.reg[3]",0.0132809681493501,0.00770178570112361,0.00305905894556183,0.00774039948992591,0.0116847215335119,0.017300777726542,0.0326886636148816,1.00049149201451,2965,0,1
"mean.ext.reg[4]",0.0661377744312312,0.020806169824422,0.0324255421589542,0.050821474113558,0.0639433910027487,0.0787889276246624,0.112737664626953,0.999798523523816,4500,0,1
"mean.ext.reg[5]",0.0524783040090638,0.0187813421029506,0.0219555648161545,0.0388206273356146,0.0501938240199959,0.0642784861396675,0.09393231467774,1.00084486155772,4264,0,1
"equilib.reg[1]",0.895025242575219,0.0516521128036339,0.776088324400552,0.864527652405743,0.901523269393809,0.932917204440587,0.973970629863895,1.00030691845135,4263,0,1
"equilib.reg[2]",0.975023442771954,0.0145678751433737,0.93911766890397,0.968107352452709,0.977852204795781,0.985122921138089,0.993928249332499,1.00181480000278,4500,0,1
"equilib.reg[3]",0.969309409101803,0.0252858382462046,0.903359758297662,0.962467077345045,0.975590727649789,0.984639593393665,0.994522354616728,1.00734465776634,1035,0,1
"equilib.reg[4]",0.883744766979543,0.0435585177758938,0.780903841464019,0.861482027027888,0.891019644080875,0.914483126998351,0.947801151140718,0.999731966318332,4500,0,1
"equilib.reg[5]",0.936061699639844,0.0230728061903863,0.88443303539053,0.922311875050701,0.938719053553641,0.952631925984095,0.973037064689205,1.00167249623659,2421,0,1
"mean.p",0.815502332730936,0.0324585052722013,0.741756050546842,0.797855357792621,0.818413455083733,0.835909365488624,0.873687757074816,1.00489838471522,567,0,1
"p.year[1]",0.73944457932498,0.0217138540922282,0.695677508702128,0.724766863573942,0.739972417170149,0.754676881925322,0.780276374768054,0.999743960838548,4500,0,1
"p.year[2]",0.710220542260261,0.0235738607564088,0.662076189659084,0.694580935741581,0.710598173064748,0.726833866431532,0.75414827721441,1.00041199808017,4047,0,1
"p.year[3]",0.837917569636311,0.0176348732019489,0.801940031849862,0.825932041615887,0.838449520084291,0.850201461443115,0.871141437360926,1.00115429661266,1439,0,1
"p.year[4]",0.850585274945496,0.0149771687443824,0.819758519527504,0.840654677634576,0.85125298176505,0.860986695185151,0.87829047772479,1.00034614331722,4140,0,1
"p.year[5]",0.840935757785553,0.0175119994338048,0.805540377050217,0.829348929463341,0.841140463067215,0.852882724180374,0.874285510439131,0.999922147825036,4500,0,1
"p.year[6]",0.879875876138765,0.0144854274878573,0.850973858985712,0.870498615675858,0.880180021693537,0.889838792555902,0.907081252140591,0.999879066577317,4500,0,1
"p.year[7]",0.843121116495196,0.0159439114886941,0.8101005886888,0.832552017229713,0.843633419483972,0.854334115799303,0.872574244106866,1.00057767651911,3148,0,1
"z[1,1]",1,0,1,1,1,1,1,NA,1,0,1
"z[2,1]",1,0,1,1,1,1,1,NA,1,0,1
"z[3,1]",1,0,1,1,1,1,1,NA,1,0,1
"z[4,1]",0.0935555555555556,0.291241760159636,0,0,0,0,1,1.00012258578163,4500,1,1
"z[5,1]",0.876222222222222,0.329364458287695,0,1,1,1,1,1.00029911364799,4500,1,1
"z[6,1]",0.706,0.455642552430834,0,0,1,1,1,1.0007007964631,2332,1,1
"z[7,1]",1,0,1,1,1,1,1,NA,1,0,1
"z[8,1]",0.0128888888888889,0.11280777163711,0,0,0,0,0,1.00255285847116,4500,1,1
"z[9,1]",1,0,1,1,1,1,1,NA,1,0,1
"z[10,1]",1,0,1,1,1,1,1,NA,1,0,1
"z[11,1]",0.964444444444444,0.185199838067563,0,1,1,1,1,1.0032675442316,4038,1,1
"z[12,1]",1,0,1,1,1,1,1,NA,1,0,1
"z[13,1]",1,0,1,1,1,1,1,NA,1,0,1
"z[14,1]",1,0,1,1,1,1,1,NA,1,0,1
"z[15,1]",1,0,1,1,1,1,1,NA,1,0,1
"z[16,1]",1,0,1,1,1,1,1,NA,1,0,1
"z[17,1]",1,0,1,1,1,1,1,NA,1,0,1
"z[18,1]",0.108,0.310414904214329,0,0,0,0,1,1.00020159135943,4500,1,1
"z[19,1]",0.504888888888889,0.500031660354467,0,0,1,1,1,0.999786724798913,4500,1,1
"z[20,1]",1,0,1,1,1,1,1,NA,1,0,1
"z[21,1]",1,0,1,1,1,1,1,NA,1,0,1
"z[22,1]",1,0,1,1,1,1,1,NA,1,0,1
"z[23,1]",1,0,1,1,1,1,1,NA,1,0,1
"z[24,1]",0.0231111111111111,0.150273104306291,0,0,0,0,0,1.00563298831132,3688,1,1
"z[25,1]",0.00333333333333333,0.0576451269226114,0,0,0,0,0,1.00631011246591,4500,1,1
"z[26,1]",1,0,1,1,1,1,1,NA,1,0,1
"z[27,1]",1,0,1,1,1,1,1,NA,1,0,1
"z[28,1]",0.900444444444444,0.299439764034771,0,1,1,1,1,1.00041549049134,4500,1,1
"z[29,1]",0.920444444444444,0.270633969230444,0,1,1,1,1,1.00012734721627,4500,1,1
"z[30,1]",1,0,1,1,1,1,1,NA,1,0,1
"z[31,1]",1,0,1,1,1,1,1,NA,1,0,1
"z[32,1]",1,0,1,1,1,1,1,NA,1,0,1
"z[33,1]",1,0,1,1,1,1,1,NA,1,0,1
"z[34,1]",1,0,1,1,1,1,1,NA,1,0,1
"z[35,1]",1,0,1,1,1,1,1,NA,1,0,1
"z[36,1]",1,0,1,1,1,1,1,NA,1,0,1
"z[37,1]",1,0,1,1,1,1,1,NA,1,0,1
"z[38,1]",0.0311111111111111,0.173637293967947,0,0,0,0,1,1.00050729508584,4500,1,1
"z[39,1]",1,0,1,1,1,1,1,NA,1,0,1
"z[40,1]",1,0,1,1,1,1,1,NA,1,0,1
"z[41,1]",1,0,1,1,1,1,1,NA,1,0,1
"z[42,1]",1,0,1,1,1,1,1,NA,1,0,1
"z[43,1]",1,0,1,1,1,1,1,NA,1,0,1
"z[44,1]",1,0,1,1,1,1,1,NA,1,0,1
"z[45,1]",0.804,0.397012627570361,0,1,1,1,1,0.999944338850197,4500,1,1
"z[46,1]",1,0,1,1,1,1,1,NA,1,0,1
"z[47,1]",1,0,1,1,1,1,1,NA,1,0,1
"z[48,1]",1,0,1,1,1,1,1,NA,1,0,1
"z[49,1]",1,0,1,1,1,1,1,NA,1,0,1
"z[50,1]",1,0,1,1,1,1,1,NA,1,0,1
"z[51,1]",1,0,1,1,1,1,1,NA,1,0,1
"z[52,1]",0.979333333333333,0.142281601882585,1,1,1,1,1,1.00628677670633,3693,0,1
"z[53,1]",0.969333333333333,0.17243210118093,0,1,1,1,1,1.00000167057857,4500,1,1
"z[54,1]",1,0,1,1,1,1,1,NA,1,0,1
"z[55,1]",1,0,1,1,1,1,1,NA,1,0,1
"z[56,1]",1,0,1,1,1,1,1,NA,1,0,1
"z[57,1]",1,0,1,1,1,1,1,NA,1,0,1
"z[58,1]",1,0,1,1,1,1,1,NA,1,0,1
"z[59,1]",1,0,1,1,1,1,1,NA,1,0,1
"z[60,1]",0.0397777777777778,0.195458425118277,0,0,0,0,1,1.00473937948083,2571,1,1
"z[61,1]",0.989555555555556,0.10167426066326,1,1,1,1,1,1.00128009674068,4500,0,1
"z[62,1]",0.952888888888889,0.211900053000311,0,1,1,1,1,1.00245930064494,3971,1,1
"z[63,1]",0.993333333333333,0.0813860808385347,1,1,1,1,1,1.04833671063892,1443,0,1
"z[64,1]",0.955555555555556,0.206103312651472,0,1,1,1,1,1.00000884376537,4500,1,1
"z[65,1]",0.989555555555556,0.10167426066326,1,1,1,1,1,1.00402899987297,4500,0,1
"z[66,1]",0.986222222222222,0.116580319235386,1,1,1,1,1,1.01164665738748,3025,0,1
"z[67,1]",0.958888888888889,0.198569256988457,0,1,1,1,1,1.00766536254298,1572,1,1
"z[68,1]",0.954666666666667,0.20805730398765,0,1,1,1,1,1.00077110020882,4500,1,1
"z[69,1]",1,0,1,1,1,1,1,NA,1,0,1
"z[70,1]",1,0,1,1,1,1,1,NA,1,0,1
"z[71,1]",1,0,1,1,1,1,1,NA,1,0,1
"z[72,1]",1,0,1,1,1,1,1,NA,1,0,1
"z[73,1]",0.116888888888889,0.321323545239986,0,0,0,0,1,1.00045926994677,4500,1,1
"z[74,1]",1,0,1,1,1,1,1,NA,1,0,1
"z[75,1]",1,0,1,1,1,1,1,NA,1,0,1
"z[76,1]",0.976222222222222,0.152373076750087,1,1,1,1,1,1.02237197801751,921,0,1
"z[77,1]",1,0,1,1,1,1,1,NA,1,0,1
"z[78,1]",0.907555555555556,0.289684513538625,0,1,1,1,1,1.00021777888781,4500,1,1
"z[79,1]",0.93,0.255175370837775,0,1,1,1,1,1.00072967299284,4500,1,1
"z[80,1]",0.767555555555556,0.422437783661604,0,1,1,1,1,0.999986620964504,4500,1,1
"z[81,1]",1,0,1,1,1,1,1,NA,1,0,1
"z[82,1]",1,0,1,1,1,1,1,NA,1,0,1
"z[83,1]",1,0,1,1,1,1,1,NA,1,0,1
"z[84,1]",1,0,1,1,1,1,1,NA,1,0,1
"z[85,1]",1,0,1,1,1,1,1,NA,1,0,1
"z[86,1]",1,0,1,1,1,1,1,NA,1,0,1
"z[87,1]",1,0,1,1,1,1,1,NA,1,0,1
"z[88,1]",1,0,1,1,1,1,1,NA,1,0,1
"z[89,1]",1,0,1,1,1,1,1,NA,1,0,1
"z[90,1]",0.887333333333333,0.316220034192095,0,1,1,1,1,1.00025097438498,4500,1,1
"z[91,1]",0.977777777777778,0.147421927362282,1,1,1,1,1,1.00284314294955,4500,0,1
"z[92,1]",0.980888888888889,0.136930797191431,1,1,1,1,1,1.00392595998697,4500,0,1
"z[93,1]",0.962666666666667,0.189598375253176,0,1,1,1,1,1.00597921714189,2187,1,1
"z[94,1]",0.93,0.255175370837775,0,1,1,1,1,0.999876405706032,4500,1,1
"z[95,1]",1,0,1,1,1,1,1,NA,1,0,1
"z[96,1]",1,0,1,1,1,1,1,NA,1,0,1
"z[97,1]",1,0,1,1,1,1,1,NA,1,0,1
"z[98,1]",1,0,1,1,1,1,1,NA,1,0,1
"z[99,1]",1,0,1,1,1,1,1,NA,1,0,1
"z[100,1]",1,0,1,1,1,1,1,NA,1,0,1
"z[101,1]",1,0,1,1,1,1,1,NA,1,0,1
"z[102,1]",1,0,1,1,1,1,1,NA,1,0,1
"z[103,1]",1,0,1,1,1,1,1,NA,1,0,1
"z[104,1]",0.0142222222222222,0.118419030794728,0,0,0,0,0,0.999792183520736,4500,1,1
"z[105,1]",0.781333333333333,0.413387869931969,0,1,1,1,1,1.00009545695805,4500,1,1
"z[106,1]",1,0,1,1,1,1,1,NA,1,0,1
"z[107,1]",1,0,1,1,1,1,1,NA,1,0,1
"z[108,1]",1,0,1,1,1,1,1,NA,1,0,1
"z[109,1]",1,0,1,1,1,1,1,NA,1,0,1
"z[110,1]",1,0,1,1,1,1,1,NA,1,0,1
"z[111,1]",1,0,1,1,1,1,1,NA,1,0,1
"z[112,1]",0.934888888888889,0.246749233761641,0,1,1,1,1,1.00334164284599,2230,1,1
"z[113,1]",1,0,1,1,1,1,1,NA,1,0,1
"z[114,1]",1,0,1,1,1,1,1,NA,1,0,1
"z[115,1]",0.0266666666666667,0.161125183440798,0,0,0,0,1,1.00500768263856,3577,1,1
"z[116,1]",1,0,1,1,1,1,1,NA,1,0,1
"z[117,1]",1,0,1,1,1,1,1,NA,1,0,1
"z[118,1]",1,0,1,1,1,1,1,NA,1,0,1
"z[119,1]",1,0,1,1,1,1,1,NA,1,0,1
"z[120,1]",1,0,1,1,1,1,1,NA,1,0,1
"z[121,1]",1,0,1,1,1,1,1,NA,1,0,1
"z[122,1]",1,0,1,1,1,1,1,NA,1,0,1
"z[123,1]",1,0,1,1,1,1,1,NA,1,0,1
"z[124,1]",1,0,1,1,1,1,1,NA,1,0,1
"z[125,1]",0.970444444444444,0.169376503362579,0,1,1,1,1,1.00363355657176,4368,1,1
"z[126,1]",1,0,1,1,1,1,1,NA,1,0,1
"z[127,1]",0.968888888888889,0.173637293967947,0,1,1,1,1,1.00140342321653,4500,1,1
"z[128,1]",0.954222222222222,0.209026032222424,0,1,1,1,1,1.00138545115477,4500,1,1
"z[129,1]",0.974888888888889,0.15647998127484,0.475000000000009,1,1,1,1,1.00241889876574,4500,0,1
"z[130,1]",0.973777777777778,0.159813306406557,0,1,1,1,1,1.00061122083486,4500,1,1
"z[131,1]",0.893111111111111,0.309006267220739,0,1,1,1,1,1.00082048598294,4500,1,1
"z[132,1]",0.896222222222222,0.305005940343398,0,1,1,1,1,1.00081846651857,4500,1,1
"z[133,1]",0.904888888888889,0.293400949995396,0,1,1,1,1,1.0000802089783,4500,1,1
"z[134,1]",0.230444444444444,0.421164124865351,0,0,0,0,1,1.00042021577118,3738,1,1
"z[135,1]",1,0,1,1,1,1,1,NA,1,0,1
"z[136,1]",1,0,1,1,1,1,1,NA,1,0,1
"z[137,1]",1,0,1,1,1,1,1,NA,1,0,1
"z[138,1]",1,0,1,1,1,1,1,NA,1,0,1
"z[139,1]",1,0,1,1,1,1,1,NA,1,0,1
"z[140,1]",1,0,1,1,1,1,1,NA,1,0,1
"z[141,1]",1,0,1,1,1,1,1,NA,1,0,1
"z[142,1]",0.922666666666667,0.267149300225178,0,1,1,1,1,1.00291095782551,2161,1,1
"z[143,1]",0.907777777777778,0.289371546504837,0,1,1,1,1,0.999987091939669,4500,1,1
"z[144,1]",0.876,0.329618179158867,0,1,1,1,1,0.99971056007825,4500,1,1
"z[145,1]",0.892444444444444,0.309852696115214,0,1,1,1,1,1.00064098308977,4500,1,1
"z[146,1]",0.772,0.419589231702563,0,1,1,1,1,1.00034465847813,4199,1,1
"z[147,1]",0.816444444444444,0.387164337009769,0,1,1,1,1,0.999786377632092,4500,1,1
"z[148,1]",0.978444444444444,0.14524324938423,1,1,1,1,1,1.00105033225126,4500,0,1
"z[149,1]",1,0,1,1,1,1,1,NA,1,0,1
"z[150,1]",0.370444444444444,0.482977427194249,0,0,0,1,1,0.999885143404343,4500,1,1
"z[151,1]",1,0,1,1,1,1,1,NA,1,0,1
"z[152,1]",1,0,1,1,1,1,1,NA,1,0,1
"z[153,1]",0.753333333333333,0.431118922372735,0,1,1,1,1,1.0007668274195,2446,1,1
"z[154,1]",0.911111111111111,0.284614925079102,0,1,1,1,1,1.00007654520742,4500,1,1
"z[155,1]",1,0,1,1,1,1,1,NA,1,0,1
"z[156,1]",0.106,0.307871829415116,0,0,0,0,1,0.999724356311988,4500,1,1
"z[157,1]",1,0,1,1,1,1,1,NA,1,0,1
"z[158,1]",1,0,1,1,1,1,1,NA,1,0,1
"z[159,1]",1,0,1,1,1,1,1,NA,1,0,1
"z[160,1]",1,0,1,1,1,1,1,NA,1,0,1
"z[161,1]",1,0,1,1,1,1,1,NA,1,0,1
"z[162,1]",1,0,1,1,1,1,1,NA,1,0,1
"z[163,1]",1,0,1,1,1,1,1,NA,1,0,1
"z[164,1]",1,0,1,1,1,1,1,NA,1,0,1
"z[165,1]",0.0313333333333333,0.174236339048014,0,0,0,0,1,1.00135013760297,4500,1,1
"z[166,1]",1,0,1,1,1,1,1,NA,1,0,1
"z[167,1]",0.877555555555556,0.327834845547119,0,1,1,1,1,1.00067120966414,4500,1,1
"z[168,1]",0.955777777777778,0.205611312804703,0,1,1,1,1,1.00551634057577,2005,1,1
"z[169,1]",0.968444444444444,0.174833049066281,0,1,1,1,1,1.00135276201988,4500,1,1
"z[170,1]",0.0604444444444444,0.238334925238366,0,0,0,0,1,1.00068442855971,4500,1,1
"z[171,1]",0.720666666666667,0.448721480298781,0,0,1,1,1,0.999761693166844,4500,1,1
"z[172,1]",0.88,0.324997649041713,0,1,1,1,1,0.999912002802397,4500,1,1
"z[173,1]",0.765555555555556,0.423698171199837,0,1,1,1,1,1.00029391953593,4450,1,1
"z[174,1]",0.977777777777778,0.147421927362282,1,1,1,1,1,1.000345401225,4500,0,1
"z[175,1]",1,0,1,1,1,1,1,NA,1,0,1
"z[176,1]",1,0,1,1,1,1,1,NA,1,0,1
"z[177,1]",1,0,1,1,1,1,1,NA,1,0,1
"z[178,1]",1,0,1,1,1,1,1,NA,1,0,1
"z[179,1]",0.543777777777778,0.498135170505595,0,0,1,1,1,1.00031417547567,3117,1,1
"z[180,1]",0.977777777777778,0.147421927362282,1,1,1,1,1,1.02049870382097,1077,0,1
"z[181,1]",0.991111111111111,0.093871373318521,1,1,1,1,1,1.01492705995378,3642,0,1
"z[182,1]",0.897555555555556,0.303265589918635,0,1,1,1,1,0.99986234534451,4500,1,1
"z[183,1]",0.97,0.170606178387604,0,1,1,1,1,1.00045284784162,4500,1,1
"z[184,1]",1,0,1,1,1,1,1,NA,1,0,1
"z[185,1]",1,0,1,1,1,1,1,NA,1,0,1
"z[186,1]",1,0,1,1,1,1,1,NA,1,0,1
"z[187,1]",1,0,1,1,1,1,1,NA,1,0,1
"z[188,1]",0.729333333333333,0.444353575457908,0,0,1,1,1,0.999736875675155,4500,1,1
"z[189,1]",0.977111111111111,0.149565901047889,1,1,1,1,1,1.0073235300594,2886,0,1
"z[190,1]",0.966,0.181249276657738,0,1,1,1,1,1.00709975440556,2035,1,1
"z[191,1]",1,0,1,1,1,1,1,NA,1,0,1
"z[192,1]",1,0,1,1,1,1,1,NA,1,0,1
"z[193,1]",1,0,1,1,1,1,1,NA,1,0,1
"z[194,1]",1,0,1,1,1,1,1,NA,1,0,1
"z[195,1]",1,0,1,1,1,1,1,NA,1,0,1
"z[196,1]",0.000888888888888889,0.0298042977535084,0,0,0,0,0,1.16587551740291,2570,1,1
"z[197,1]",1,0,1,1,1,1,1,NA,1,0,1
"z[198,1]",1,0,1,1,1,1,1,NA,1,0,1
"z[199,1]",0.0777777777777778,0.267851336095241,0,0,0,0,1,1.00211167775263,2843,1,1
"z[200,1]",1,0,1,1,1,1,1,NA,1,0,1
"z[1,2]",1,0,1,1,1,1,1,NA,1,0,1
"z[2,2]",1,0,1,1,1,1,1,NA,1,0,1
"z[3,2]",0.0275555555555556,0.163713783655141,0,0,0,0,1,1.00278313468903,4500,1,1
"z[4,2]",0.0373333333333333,0.189598375253176,0,0,0,0,1,1.00331994845528,3792,1,1
"z[5,2]",0.925777777777778,0.262161318587002,0,1,1,1,1,1.00136617206791,4282,1,1
"z[6,2]",0.909777777777778,0.286531703964327,0,1,1,1,1,1.000021598088,4500,1,1
"z[7,2]",0.874,0.331886241714584,0,1,1,1,1,0.999684935118955,4500,1,1
"z[8,2]",1,0,1,1,1,1,1,NA,1,0,1
"z[9,2]",1,0,1,1,1,1,1,NA,1,0,1
"z[10,2]",1,0,1,1,1,1,1,NA,1,0,1
"z[11,2]",1,0,1,1,1,1,1,NA,1,0,1
"z[12,2]",1,0,1,1,1,1,1,NA,1,0,1
"z[13,2]",0.877777777777778,0.327578687942835,0,1,1,1,1,1.00319121348692,1317,1,1
"z[14,2]",0.115777777777778,0.319993810293055,0,0,0,0,1,1.00027722879924,4500,1,1
"z[15,2]",1,0,1,1,1,1,1,NA,1,0,1
"z[16,2]",1,0,1,1,1,1,1,NA,1,0,1
"z[17,2]",1,0,1,1,1,1,1,NA,1,0,1
"z[18,2]",0.0453333333333333,0.20805730398765,0,0,0,0,1,1.00112906543499,4500,1,1
"z[19,2]",0.00555555555555556,0.0743365276300976,0,0,0,0,0,1.00528243061712,4500,1,1
"z[20,2]",1,0,1,1,1,1,1,NA,1,0,1
"z[21,2]",1,0,1,1,1,1,1,NA,1,0,1
"z[22,2]",1,0,1,1,1,1,1,NA,1,0,1
"z[23,2]",1,0,1,1,1,1,1,NA,1,0,1
"z[24,2]",1,0,1,1,1,1,1,NA,1,0,1
"z[25,2]",0.00622222222222222,0.0786440117920529,0,0,0,0,0,1.00795484428757,4500,1,1
"z[26,2]",1,0,1,1,1,1,1,NA,1,0,1
"z[27,2]",1,0,1,1,1,1,1,NA,1,0,1
"z[28,2]",1,0,1,1,1,1,1,NA,1,0,1
"z[29,2]",1,0,1,1,1,1,1,NA,1,0,1
"z[30,2]",1,0,1,1,1,1,1,NA,1,0,1
"z[31,2]",1,0,1,1,1,1,1,NA,1,0,1
"z[32,2]",1,0,1,1,1,1,1,NA,1,0,1
"z[33,2]",0.184444444444444,0.387889322484193,0,0,0,0,1,1.00036014753791,4500,1,1
"z[34,2]",0.457555555555556,0.498250576126716,0,0,0,1,1,1.00021689175408,3664,1,1
"z[35,2]",1,0,1,1,1,1,1,NA,1,0,1
"z[36,2]",0.566,0.495679936742269,0,0,1,1,1,0.999881550230322,4500,1,1
"z[37,2]",1,0,1,1,1,1,1,NA,1,0,1
"z[38,2]",0.932888888888889,0.25024213410665,0,1,1,1,1,0.999691806021724,4500,1,1
"z[39,2]",1,0,1,1,1,1,1,NA,1,0,1
"z[40,2]",1,0,1,1,1,1,1,NA,1,0,1
"z[41,2]",1,0,1,1,1,1,1,NA,1,0,1
"z[42,2]",1,0,1,1,1,1,1,NA,1,0,1
"z[43,2]",0.112222222222222,0.315674737072972,0,0,0,0,1,1.00052024393274,4500,1,1
"z[44,2]",0.905777777777778,0.292170095489473,0,1,1,1,1,1.00040277968494,4500,1,1
"z[45,2]",1,0,1,1,1,1,1,NA,1,0,1
"z[46,2]",1,0,1,1,1,1,1,NA,1,0,1
"z[47,2]",1,0,1,1,1,1,1,NA,1,0,1
"z[48,2]",1,0,1,1,1,1,1,NA,1,0,1
"z[49,2]",0.855333333333333,0.35180353283733,0,1,1,1,1,1.00150813562492,2193,1,1
"z[50,2]",1,0,1,1,1,1,1,NA,1,0,1
"z[51,2]",1,0,1,1,1,1,1,NA,1,0,1
"z[52,2]",0.958888888888889,0.198569256988457,0,1,1,1,1,1.00205660433009,4500,1,1
"z[53,2]",0.944222222222222,0.229517588820724,0,1,1,1,1,0.999942216265906,4500,1,1
"z[54,2]",1,0,1,1,1,1,1,NA,1,0,1
"z[55,2]",1,0,1,1,1,1,1,NA,1,0,1
"z[56,2]",1,0,1,1,1,1,1,NA,1,0,1
"z[57,2]",1,0,1,1,1,1,1,NA,1,0,1
"z[58,2]",0.0304444444444444,0.171825903655918,0,0,0,0,1,1.00517689280433,3051,1,1
"z[59,2]",1,0,1,1,1,1,1,NA,1,0,1
"z[60,2]",1,0,1,1,1,1,1,NA,1,0,1
"z[61,2]",0.987777777777778,0.109888684384328,1,1,1,1,1,1.00837244533342,4500,0,1
"z[62,2]",0.944,0.22994727692822,0,1,1,1,1,1.00541786467097,1630,1,1
"z[63,2]",0.986222222222222,0.116580319235386,1,1,1,1,1,1.01316264775029,2672,0,1
"z[64,2]",0.957777777777778,0.201118111385383,0,1,1,1,1,0.999908171333364,4500,1,1
"z[65,2]",0.971333333333333,0.166886422507456,0,1,1,1,1,1.00421712844446,3917,1,1
"z[66,2]",0.966444444444444,0.180102161070095,0,1,1,1,1,1.00332891742751,4184,1,1
"z[67,2]",0.941333333333333,0.235025879030759,0,1,1,1,1,0.99983662992411,4500,1,1
"z[68,2]",0.946,0.226042815685939,0,1,1,1,1,1.00298088082771,2948,1,1
"z[69,2]",0.0826666666666667,0.275408323018099,0,0,0,0,1,0.999782492044502,4500,1,1
"z[70,2]",0.112444444444444,0.315947581441862,0,0,0,0,1,1.00228795235519,1913,1,1
"z[71,2]",0.0115555555555556,0.106885749673393,0,0,0,0,0,1.000422376185,4500,1,1
"z[72,2]",0.444444444444444,0.496959215758583,0,0,0,1,1,0.999890526762182,4500,1,1
"z[73,2]",1,0,1,1,1,1,1,NA,1,0,1
"z[74,2]",1,0,1,1,1,1,1,NA,1,0,1
"z[75,2]",1,0,1,1,1,1,1,NA,1,0,1
"z[76,2]",0.935333333333333,0.245964088766797,0,1,1,1,1,1.00114136140127,4500,1,1
"z[77,2]",0.548888888888889,0.497659434945813,0,0,1,1,1,1.00027897090189,3302,1,1
"z[78,2]",1,0,1,1,1,1,1,NA,1,0,1
"z[79,2]",1,0,1,1,1,1,1,NA,1,0,1
"z[80,2]",0.782666666666667,0.412477107072181,0,1,1,1,1,0.999758750451451,4500,1,1
"z[81,2]",1,0,1,1,1,1,1,NA,1,0,1
"z[82,2]",1,0,1,1,1,1,1,NA,1,0,1
"z[83,2]",1,0,1,1,1,1,1,NA,1,0,1
"z[84,2]",1,0,1,1,1,1,1,NA,1,0,1
"z[85,2]",1,0,1,1,1,1,1,NA,1,0,1
"z[86,2]",0.0435555555555556,0.20412674648623,0,0,0,0,1,1.00181083190866,4500,1,1
"z[87,2]",1,0,1,1,1,1,1,NA,1,0,1
"z[88,2]",1,0,1,1,1,1,1,NA,1,0,1
"z[89,2]",0.923111111111111,0.266444673101302,0,1,1,1,1,0.99975971480488,4500,1,1
"z[90,2]",0.872222222222222,0.333879303929952,0,1,1,1,1,1.00124569322772,2847,1,1
"z[91,2]",0.970222222222222,0.169992598048771,0,1,1,1,1,1.00234808245821,4500,1,1
"z[92,2]",0.980888888888889,0.136930797191431,1,1,1,1,1,1.00162897837484,4500,0,1
"z[93,2]",0.961777777777778,0.191753630840733,0,1,1,1,1,1.00567128698901,2250,1,1
"z[94,2]",0.9,0.300033338889918,0,1,1,1,1,1.00035996286138,4500,1,1
"z[95,2]",1,0,1,1,1,1,1,NA,1,0,1
"z[96,2]",1,0,1,1,1,1,1,NA,1,0,1
"z[97,2]",1,0,1,1,1,1,1,NA,1,0,1
"z[98,2]",1,0,1,1,1,1,1,NA,1,0,1
"z[99,2]",1,0,1,1,1,1,1,NA,1,0,1
"z[100,2]",0.902888888888889,0.296141912106173,0,1,1,1,1,1.00106433902512,4073,1,1
"z[101,2]",0.291555555555556,0.454529233367423,0,0,0,1,1,0.999705360737004,4500,1,1
"z[102,2]",1,0,1,1,1,1,1,NA,1,0,1
"z[103,2]",1,0,1,1,1,1,1,NA,1,0,1
"z[104,2]",1,0,1,1,1,1,1,NA,1,0,1
"z[105,2]",0.797111111111111,0.402195144834769,0,1,1,1,1,1.00018830051665,4500,1,1
"z[106,2]",1,0,1,1,1,1,1,NA,1,0,1
"z[107,2]",1,0,1,1,1,1,1,NA,1,0,1
"z[108,2]",1,0,1,1,1,1,1,NA,1,0,1
"z[109,2]",1,0,1,1,1,1,1,NA,1,0,1
"z[110,2]",1,0,1,1,1,1,1,NA,1,0,1
"z[111,2]",1,0,1,1,1,1,1,NA,1,0,1
"z[112,2]",1,0,1,1,1,1,1,NA,1,0,1
"z[113,2]",1,0,1,1,1,1,1,NA,1,0,1
"z[114,2]",1,0,1,1,1,1,1,NA,1,0,1
"z[115,2]",1,0,1,1,1,1,1,NA,1,0,1
"z[116,2]",1,0,1,1,1,1,1,NA,1,0,1
"z[117,2]",1,0,1,1,1,1,1,NA,1,0,1
"z[118,2]",1,0,1,1,1,1,1,NA,1,0,1
"z[119,2]",1,0,1,1,1,1,1,NA,1,0,1
"z[120,2]",1,0,1,1,1,1,1,NA,1,0,1
"z[121,2]",1,0,1,1,1,1,1,NA,1,0,1
"z[122,2]",1,0,1,1,1,1,1,NA,1,0,1
"z[123,2]",0.936888888888889,0.243189722775225,0,1,1,1,1,1.00262300056022,2845,1,1
"z[124,2]",1,0,1,1,1,1,1,NA,1,0,1
"z[125,2]",1,0,1,1,1,1,1,NA,1,0,1
"z[126,2]",1,0,1,1,1,1,1,NA,1,0,1
"z[127,2]",0.947555555555556,0.222946339423924,0,1,1,1,1,1.00182710266165,4500,1,1
"z[128,2]",0.941555555555556,0.234608019202615,0,1,1,1,1,1.0080267805498,1080,1,1
"z[129,2]",0.948666666666667,0.220701260655139,0,1,1,1,1,1.00100816986753,4500,1,1
"z[130,2]",0.963777777777778,0.186863405673864,0,1,1,1,1,1.00385223445394,3400,1,1
"z[131,2]",0.621111111111111,0.485164308674186,0,0,1,1,1,1.00067624836639,2112,1,1
"z[132,2]",0.716444444444444,0.450773731875036,0,0,1,1,1,1.00061735839491,2592,1,1
"z[133,2]",0.726888888888889,0.445606954364799,0,0,1,1,1,1.00036559410667,3600,1,1
"z[134,2]",1,0,1,1,1,1,1,NA,1,0,1
"z[135,2]",0.246,0.430726395555701,0,0,0,0,1,1.00204762561689,1131,1,1
"z[136,2]",1,0,1,1,1,1,1,NA,1,0,1
"z[137,2]",1,0,1,1,1,1,1,NA,1,0,1
"z[138,2]",1,0,1,1,1,1,1,NA,1,0,1
"z[139,2]",1,0,1,1,1,1,1,NA,1,0,1
"z[140,2]",0.0251111111111111,0.15647998127484,0,0,0,0,0.524999999999636,1.00081859478801,4500,1,1
"z[141,2]",1,0,1,1,1,1,1,NA,1,0,1
"z[142,2]",0.829333333333333,0.376259240127448,0,1,1,1,1,1.00002474935402,4500,1,1
"z[143,2]",0.866222222222222,0.340451231560198,0,1,1,1,1,0.999998945166437,4500,1,1
"z[144,2]",0.835111111111111,0.371121476247506,0,1,1,1,1,1.00180992798691,1690,1,1
"z[145,2]",1,0,1,1,1,1,1,NA,1,0,1
"z[146,2]",1,0,1,1,1,1,1,NA,1,0,1
"z[147,2]",1,0,1,1,1,1,1,NA,1,0,1
"z[148,2]",1,0,1,1,1,1,1,NA,1,0,1
"z[149,2]",0.930888888888889,0.253671175391235,0,1,1,1,1,0.999672573903323,4500,1,1
"z[150,2]",1,0,1,1,1,1,1,NA,1,0,1
"z[151,2]",0.910666666666667,0.285255975094233,0,1,1,1,1,1.00652340829283,897,1,1
"z[152,2]",1,0,1,1,1,1,1,NA,1,0,1
"z[153,2]",1,0,1,1,1,1,1,NA,1,0,1
"z[154,2]",1,0,1,1,1,1,1,NA,1,0,1
"z[155,2]",0.135777777777778,0.342590505813979,0,0,0,0,1,1.0003851250067,4500,1,1
"z[156,2]",0.0515555555555556,0.221152546426871,0,0,0,0,1,1.00069921833856,4500,1,1
"z[157,2]",0.0191111111111111,0.136930797191431,0,0,0,0,0,1.00601254516126,4172,1,1
"z[158,2]",1,0,1,1,1,1,1,NA,1,0,1
"z[159,2]",1,0,1,1,1,1,1,NA,1,0,1
"z[160,2]",1,0,1,1,1,1,1,NA,1,0,1
"z[161,2]",1,0,1,1,1,1,1,NA,1,0,1
"z[162,2]",1,0,1,1,1,1,1,NA,1,0,1
"z[163,2]",1,0,1,1,1,1,1,NA,1,0,1
"z[164,2]",1,0,1,1,1,1,1,NA,1,0,1
"z[165,2]",0.175777777777778,0.380673289472773,0,0,0,0,1,1.00055933956407,3877,1,1
"z[166,2]",1,0,1,1,1,1,1,NA,1,0,1
"z[167,2]",1,0,1,1,1,1,1,NA,1,0,1
"z[168,2]",1,0,1,1,1,1,1,NA,1,0,1
"z[169,2]",1,0,1,1,1,1,1,NA,1,0,1
"z[170,2]",1,0,1,1,1,1,1,NA,1,0,1
"z[171,2]",0.905555555555556,0.292478548049893,0,1,1,1,1,1.00128621026668,3602,1,1
"z[172,2]",0.909555555555556,0.286849319191581,0,1,1,1,1,1.0029075705942,1869,1,1
"z[173,2]",0.884222222222222,0.319993810293055,0,1,1,1,1,1.00075926006857,4478,1,1
"z[174,2]",1,0,1,1,1,1,1,NA,1,0,1
"z[175,2]",1,0,1,1,1,1,1,NA,1,0,1
"z[176,2]",1,0,1,1,1,1,1,NA,1,0,1
"z[177,2]",1,0,1,1,1,1,1,NA,1,0,1
"z[178,2]",0.966222222222222,0.180676765936377,0,1,1,1,1,1.00086896684124,4500,1,1
"z[179,2]",0.694666666666667,0.460599645880547,0,0,1,1,1,1.00042975223676,3093,1,1
"z[180,2]",0.965333333333333,0.182954440186126,0,1,1,1,1,1.00092225506475,4500,1,1
"z[181,2]",0.971777777777778,0.165625554658784,0,1,1,1,1,1.00107400333057,4500,1,1
"z[182,2]",0.872222222222222,0.333879303929952,0,1,1,1,1,1.00058862122055,4500,1,1
"z[183,2]",0.953555555555556,0.21046900448124,0,1,1,1,1,1.00347349032175,2951,1,1
"z[184,2]",1,0,1,1,1,1,1,NA,1,0,1
"z[185,2]",1,0,1,1,1,1,1,NA,1,0,1
"z[186,2]",1,0,1,1,1,1,1,NA,1,0,1
"z[187,2]",1,0,1,1,1,1,1,NA,1,0,1
"z[188,2]",0.724222222222222,0.446955018011607,0,0,1,1,1,1.00036860159266,3574,1,1
"z[189,2]",1,0,1,1,1,1,1,NA,1,0,1
"z[190,2]",1,0,1,1,1,1,1,NA,1,0,1
"z[191,2]",0.940444444444444,0.236687854568751,0,1,1,1,1,1.00038228685124,4500,1,1
"z[192,2]",1,0,1,1,1,1,1,NA,1,0,1
"z[193,2]",1,0,1,1,1,1,1,NA,1,0,1
"z[194,2]",1,0,1,1,1,1,1,NA,1,0,1
"z[195,2]",1,0,1,1,1,1,1,NA,1,0,1
"z[196,2]",0.00622222222222222,0.0786440117920529,0,0,0,0,0,1.00223843908715,4500,1,1
"z[197,2]",0.365555555555556,0.481639119708878,0,0,0,1,1,1.00011401077018,4500,1,1
"z[198,2]",1,0,1,1,1,1,1,NA,1,0,1
"z[199,2]",0.176222222222222,0.381051462839662,0,0,0,0,1,1.00207615990713,1433,1,1
"z[200,2]",1,0,1,1,1,1,1,NA,1,0,1
"z[1,3]",1,0,1,1,1,1,1,NA,1,0,1
"z[2,3]",1,0,1,1,1,1,1,NA,1,0,1
"z[3,3]",0.0268888888888889,0.161776674693452,0,0,0,0,1,1.00292954796725,4500,1,1
"z[4,3]",1,0,1,1,1,1,1,NA,1,0,1
"z[5,3]",0.979333333333333,0.142281601882585,1,1,1,1,1,1.00825940603195,2847,0,1
"z[6,3]",0.975555555555556,0.154441620272072,1,1,1,1,1,1.01174235092448,1707,0,1
"z[7,3]",0.958888888888889,0.198569256988457,0,1,1,1,1,1.0071545570148,1682,1,1
"z[8,3]",1,0,1,1,1,1,1,NA,1,0,1
"z[9,3]",1,0,1,1,1,1,1,NA,1,0,1
"z[10,3]",1,0,1,1,1,1,1,NA,1,0,1
"z[11,3]",1,0,1,1,1,1,1,NA,1,0,1
"z[12,3]",1,0,1,1,1,1,1,NA,1,0,1
"z[13,3]",0.831333333333333,0.374498850135827,0,1,1,1,1,1.00241700599859,1292,1,1
"z[14,3]",0.126444444444444,0.332386519284506,0,0,0,0,1,1.00317533507842,1295,1,1
"z[15,3]",1,0,1,1,1,1,1,NA,1,0,1
"z[16,3]",1,0,1,1,1,1,1,NA,1,0,1
"z[17,3]",1,0,1,1,1,1,1,NA,1,0,1
"z[18,3]",0.740666666666667,0.438317521197537,0,0,1,1,1,0.999915399105848,4500,1,1
"z[19,3]",0.0131111111111111,0.113763288874888,0,0,0,0,0,1.01791309140436,2064,1,1
"z[20,3]",1,0,1,1,1,1,1,NA,1,0,1
"z[21,3]",1,0,1,1,1,1,1,NA,1,0,1
"z[22,3]",1,0,1,1,1,1,1,NA,1,0,1
"z[23,3]",1,0,1,1,1,1,1,NA,1,0,1
"z[24,3]",1,0,1,1,1,1,1,NA,1,0,1
"z[25,3]",1,0,1,1,1,1,1,NA,1,0,1
"z[26,3]",1,0,1,1,1,1,1,NA,1,0,1
"z[27,3]",1,0,1,1,1,1,1,NA,1,0,1
"z[28,3]",1,0,1,1,1,1,1,NA,1,0,1
"z[29,3]",1,0,1,1,1,1,1,NA,1,0,1
"z[30,3]",0.992666666666667,0.0853297931213479,1,1,1,1,1,1.00383539430184,4500,0,1
"z[31,3]",1,0,1,1,1,1,1,NA,1,0,1
"z[32,3]",1,0,1,1,1,1,1,NA,1,0,1
"z[33,3]",1,0,1,1,1,1,1,NA,1,0,1
"z[34,3]",1,0,1,1,1,1,1,NA,1,0,1
"z[35,3]",1,0,1,1,1,1,1,NA,1,0,1
"z[36,3]",1,0,1,1,1,1,1,NA,1,0,1
"z[37,3]",1,0,1,1,1,1,1,NA,1,0,1
"z[38,3]",1,0,1,1,1,1,1,NA,1,0,1
"z[39,3]",1,0,1,1,1,1,1,NA,1,0,1
"z[40,3]",1,0,1,1,1,1,1,NA,1,0,1
"z[41,3]",1,0,1,1,1,1,1,NA,1,0,1
"z[42,3]",1,0,1,1,1,1,1,NA,1,0,1
"z[43,3]",1,0,1,1,1,1,1,NA,1,0,1
"z[44,3]",1,0,1,1,1,1,1,NA,1,0,1
"z[45,3]",1,0,1,1,1,1,1,NA,1,0,1
"z[46,3]",1,0,1,1,1,1,1,NA,1,0,1
"z[47,3]",0.984,0.125489041132367,1,1,1,1,1,1.0162989105174,1865,0,1
"z[48,3]",0.991111111111111,0.093871373318521,1,1,1,1,1,1.00845613519867,4500,0,1
"z[49,3]",0.949333333333333,0.219340481264845,0,1,1,1,1,1.00589903868842,1657,1,1
"z[50,3]",0.994444444444444,0.0743365276300976,1,1,1,1,1,1.0004744725668,4500,0,1
"z[51,3]",0.984444444444444,0.123761803562895,1,1,1,1,1,1.00166142905982,4500,0,1
"z[52,3]",0.979111111111111,0.143028281223349,1,1,1,1,1,1.00007951977996,4500,0,1
"z[53,3]",0.969555555555556,0.171825903655918,0,1,1,1,1,1.00985316937115,1643,1,1
"z[54,3]",1,0,1,1,1,1,1,NA,1,0,1
"z[55,3]",1,0,1,1,1,1,1,NA,1,0,1
"z[56,3]",1,0,1,1,1,1,1,NA,1,0,1
"z[57,3]",1,0,1,1,1,1,1,NA,1,0,1
"z[58,3]",1,0,1,1,1,1,1,NA,1,0,1
"z[59,3]",0.985555555555556,0.119327141438796,1,1,1,1,1,1.01480959165888,2271,0,1
"z[60,3]",0.987777777777778,0.109888684384328,1,1,1,1,1,1.00085033132103,4500,0,1
"z[61,3]",0.993777777777778,0.0786440117920529,1,1,1,1,1,1.00223843908715,4500,0,1
"z[62,3]",0.979111111111111,0.143028281223349,1,1,1,1,1,1.01783809958226,1312,0,1
"z[63,3]",0.994222222222222,0.0758002102747823,1,1,1,1,1,1.0135891826854,4500,0,1
"z[64,3]",0.982888888888889,0.129699881353212,1,1,1,1,1,1.00105939771101,4500,0,1
"z[65,3]",0.989333333333333,0.102738670891514,1,1,1,1,1,1.00756383570263,4500,0,1
"z[66,3]",0.987111111111111,0.11280777163711,1,1,1,1,1,1.01942403330547,1938,0,1
"z[67,3]",0.985555555555556,0.119327141438796,1,1,1,1,1,1.00881049390446,3794,0,1
"z[68,3]",0.987111111111111,0.11280777163711,1,1,1,1,1,1.00255285847116,4500,0,1
"z[69,3]",1,0,1,1,1,1,1,NA,1,0,1
"z[70,3]",1,0,1,1,1,1,1,NA,1,0,1
"z[71,3]",0.000666666666666667,0.0258141493083176,0,0,0,0,0,1.13377982835195,4498,1,1
"z[72,3]",1,0,1,1,1,1,1,NA,1,0,1
"z[73,3]",0.961111111111111,0.193351625166517,0,1,1,1,1,1.01188394014704,1082,1,1
"z[74,3]",0.952444444444444,0.212847579895609,0,1,1,1,1,1.00198196464312,4500,1,1
"z[75,3]",0.948222222222222,0.221602690281563,0,1,1,1,1,1.00016829615374,4500,1,1
"z[76,3]",1,0,1,1,1,1,1,NA,1,0,1
"z[77,3]",1,0,1,1,1,1,1,NA,1,0,1
"z[78,3]",1,0,1,1,1,1,1,NA,1,0,1
"z[79,3]",1,0,1,1,1,1,1,NA,1,0,1
"z[80,3]",0.886444444444444,0.317305949160352,0,1,1,1,1,1.00055486574473,4500,1,1
"z[81,3]",1,0,1,1,1,1,1,NA,1,0,1
"z[82,3]",1,0,1,1,1,1,1,NA,1,0,1
"z[83,3]",1,0,1,1,1,1,1,NA,1,0,1
"z[84,3]",1,0,1,1,1,1,1,NA,1,0,1
"z[85,3]",1,0,1,1,1,1,1,NA,1,0,1
"z[86,3]",1,0,1,1,1,1,1,NA,1,0,1
"z[87,3]",1,0,1,1,1,1,1,NA,1,0,1
"z[88,3]",0.131333333333333,0.337802082174598,0,0,0,0,1,1.00050200232318,4500,1,1
"z[89,3]",1,0,1,1,1,1,1,NA,1,0,1
"z[90,3]",0.930888888888889,0.253671175391235,0,1,1,1,1,1.0015507200957,4124,1,1
"z[91,3]",0.989333333333333,0.102738670891514,1,1,1,1,1,1.00033092133614,4500,0,1
"z[92,3]",0.991777777777778,0.0903129549063227,1,1,1,1,1,1.05832166344114,961,0,1
"z[93,3]",0.987555555555556,0.11087069888737,1,1,1,1,1,1.01233927678671,3151,0,1
"z[94,3]",0.967777777777778,0.176609404971474,0,1,1,1,1,1.00166848981217,4500,1,1
"z[95,3]",1,0,1,1,1,1,1,NA,1,0,1
"z[96,3]",1,0,1,1,1,1,1,NA,1,0,1
"z[97,3]",1,0,1,1,1,1,1,NA,1,0,1
"z[98,3]",1,0,1,1,1,1,1,NA,1,0,1
"z[99,3]",0.978666666666667,0.14450904074975,1,1,1,1,1,1.00085453375762,4500,0,1
"z[100,3]",1,0,1,1,1,1,1,NA,1,0,1
"z[101,3]",1,0,1,1,1,1,1,NA,1,0,1
"z[102,3]",0.980666666666667,0.137709003796433,1,1,1,1,1,1.00212835629034,4500,0,1
"z[103,3]",0.982888888888889,0.129699881353212,1,1,1,1,1,1.01464398878843,1947,0,1
"z[104,3]",1,0,1,1,1,1,1,NA,1,0,1
"z[105,3]",0.899333333333333,0.300920274791174,0,1,1,1,1,1.00146088374522,3072,1,1
"z[106,3]",0.992222222222222,0.0878578356425394,1,1,1,1,1,1.03772704636365,1612,0,1
"z[107,3]",1,0,1,1,1,1,1,NA,1,0,1
"z[108,3]",1,0,1,1,1,1,1,NA,1,0,1
"z[109,3]",1,0,1,1,1,1,1,NA,1,0,1
"z[110,3]",1,0,1,1,1,1,1,NA,1,0,1
"z[111,3]",1,0,1,1,1,1,1,NA,1,0,1
"z[112,3]",1,0,1,1,1,1,1,NA,1,0,1
"z[113,3]",1,0,1,1,1,1,1,NA,1,0,1
"z[114,3]",1,0,1,1,1,1,1,NA,1,0,1
"z[115,3]",1,0,1,1,1,1,1,NA,1,0,1
"z[116,3]",1,0,1,1,1,1,1,NA,1,0,1
"z[117,3]",1,0,1,1,1,1,1,NA,1,0,1
"z[118,3]",1,0,1,1,1,1,1,NA,1,0,1
"z[119,3]",1,0,1,1,1,1,1,NA,1,0,1
"z[120,3]",1,0,1,1,1,1,1,NA,1,0,1
"z[121,3]",1,0,1,1,1,1,1,NA,1,0,1
"z[122,3]",1,0,1,1,1,1,1,NA,1,0,1
"z[123,3]",1,0,1,1,1,1,1,NA,1,0,1
"z[124,3]",1,0,1,1,1,1,1,NA,1,0,1
"z[125,3]",1,0,1,1,1,1,1,NA,1,0,1
"z[126,3]",1,0,1,1,1,1,1,NA,1,0,1
"z[127,3]",0.983555555555556,0.127191272176836,1,1,1,1,1,1.00703996095832,4147,0,1
"z[128,3]",0.986666666666667,0.11471041653724,1,1,1,1,1,NA,4500,0,1
"z[129,3]",0.984666666666667,0.122888478420367,1,1,1,1,1,1.00832214133994,3776,0,1
"z[130,3]",0.990666666666667,0.0961679644942985,1,1,1,1,1,1.0099003894011,4500,0,1
"z[131,3]",0.828444444444444,0.377035591290268,0,1,1,1,1,1.00026303280001,4500,1,1
"z[132,3]",0.862444444444444,0.344471179734573,0,1,1,1,1,1.0008124559216,3686,1,1
"z[133,3]",0.910444444444444,0.285575701032972,0,1,1,1,1,0.999803999217326,4500,1,1
"z[134,3]",1,0,1,1,1,1,1,NA,1,0,1
"z[135,3]",1,0,1,1,1,1,1,NA,1,0,1
"z[136,3]",0.989111111111111,0.103791690054186,1,1,1,1,1,1.02035726804068,2182,0,1
"z[137,3]",1,0,1,1,1,1,1,NA,1,0,1
"z[138,3]",1,0,1,1,1,1,1,NA,1,0,1
"z[139,3]",1,0,1,1,1,1,1,NA,1,0,1
"z[140,3]",1,0,1,1,1,1,1,NA,1,0,1
"z[141,3]",0.0244444444444444,0.154441620272072,0,0,0,0,0,1.00256650387339,4500,1,1
"z[142,3]",0.936,0.244780135956494,0,1,1,1,1,0.999852296699051,4500,1,1
"z[143,3]",0.935777777777778,0.245175623613492,0,1,1,1,1,0.999714456819326,4500,1,1
"z[144,3]",0.932222222222222,0.251392113273443,0,1,1,1,1,1.00087625048027,4500,1,1
"z[145,3]",1,0,1,1,1,1,1,NA,1,0,1
"z[146,3]",1,0,1,1,1,1,1,NA,1,0,1
"z[147,3]",1,0,1,1,1,1,1,NA,1,0,1
"z[148,3]",1,0,1,1,1,1,1,NA,1,0,1
"z[149,3]",1,0,1,1,1,1,1,NA,1,0,1
"z[150,3]",0.0604444444444444,0.238334925238366,0,0,0,0,1,1.00006414721181,4500,1,1
"z[151,3]",1,0,1,1,1,1,1,NA,1,0,1
"z[152,3]",1,0,1,1,1,1,1,NA,1,0,1
"z[153,3]",1,0,1,1,1,1,1,NA,1,0,1
"z[154,3]",1,0,1,1,1,1,1,NA,1,0,1
"z[155,3]",1,0,1,1,1,1,1,NA,1,0,1
"z[156,3]",1,0,1,1,1,1,1,NA,1,0,1
"z[157,3]",1,0,1,1,1,1,1,NA,1,0,1
"z[158,3]",1,0,1,1,1,1,1,NA,1,0,1
"z[159,3]",1,0,1,1,1,1,1,NA,1,0,1
"z[160,3]",1,0,1,1,1,1,1,NA,1,0,1
"z[161,3]",1,0,1,1,1,1,1,NA,1,0,1
"z[162,3]",1,0,1,1,1,1,1,NA,1,0,1
"z[163,3]",0.972,0.164991058376806,0,1,1,1,1,1.01415220715804,1242,1,1
"z[164,3]",1,0,1,1,1,1,1,NA,1,0,1
"z[165,3]",1,0,1,1,1,1,1,NA,1,0,1
"z[166,3]",1,0,1,1,1,1,1,NA,1,0,1
"z[167,3]",1,0,1,1,1,1,1,NA,1,0,1
"z[168,3]",0.990444444444444,0.0972951722699289,1,1,1,1,1,1.01685373339425,2996,0,1
"z[169,3]",1,0,1,1,1,1,1,NA,1,0,1
"z[170,3]",0.971555555555556,0.166257332410862,0,1,1,1,1,1.00528830240502,3199,1,1
"z[171,3]",0.982444444444444,0.13134379171788,1,1,1,1,1,1.01103842869615,2514,0,1
"z[172,3]",0.976888888888889,0.150273104306291,1,1,1,1,1,1.0027568019659,4500,0,1
"z[173,3]",0.975777777777778,0.153755519169198,1,1,1,1,1,1.0104374426274,1939,0,1
"z[174,3]",1,0,1,1,1,1,1,NA,1,0,1
"z[175,3]",1,0,1,1,1,1,1,NA,1,0,1
"z[176,3]",1,0,1,1,1,1,1,NA,1,0,1
"z[177,3]",1,0,1,1,1,1,1,NA,1,0,1
"z[178,3]",0.970444444444444,0.169376503362579,0,1,1,1,1,0.999876626561512,4500,1,1
"z[179,3]",0.848,0.359060788616921,0,1,1,1,1,1.00064024484886,3974,1,1
"z[180,3]",0.989777777777778,0.100598097789677,1,1,1,1,1,1.00635139093968,4500,0,1
"z[181,3]",0.989777777777778,0.100598097789677,1,1,1,1,1,1.00135077851409,4500,0,1
"z[182,3]",0.966444444444444,0.180102161070095,0,1,1,1,1,1.00193482880674,4500,1,1
"z[183,3]",0.986444444444444,0.115649360747383,1,1,1,1,1,1.00350968420923,4500,0,1
"z[184,3]",1,0,1,1,1,1,1,NA,1,0,1
"z[185,3]",0.997777777777778,0.0470932775447189,1,1,1,1,1,1.03308734033363,4500,0,1
"z[186,3]",0.705777777777778,0.455742978111293,0,0,1,1,1,0.999763439478028,4500,1,1
"z[187,3]",1,0,1,1,1,1,1,NA,1,0,1
"z[188,3]",0.872222222222222,0.333879303929952,0,1,1,1,1,1.00009717703178,4500,1,1
"z[189,3]",1,0,1,1,1,1,1,NA,1,0,1
"z[190,3]",1,0,1,1,1,1,1,NA,1,0,1
"z[191,3]",1,0,1,1,1,1,1,NA,1,0,1
"z[192,3]",0.974,0.159152847308496,0,1,1,1,1,1.00276793498932,4500,1,1
"z[193,3]",1,0,1,1,1,1,1,NA,1,0,1
"z[194,3]",1,0,1,1,1,1,1,NA,1,0,1
"z[195,3]",1,0,1,1,1,1,1,NA,1,0,1
"z[196,3]",0.00355555555555556,0.0595289935189017,0,0,0,0,0,1.00744020021063,4500,1,1
"z[197,3]",0.876222222222222,0.329364458287695,0,1,1,1,1,0.99980102247944,4500,1,1
"z[198,3]",1,0,1,1,1,1,1,NA,1,0,1
"z[199,3]",1,0,1,1,1,1,1,NA,1,0,1
"z[200,3]",1,0,1,1,1,1,1,NA,1,0,1
"z[1,4]",1,0,1,1,1,1,1,NA,1,0,1
"z[2,4]",1,0,1,1,1,1,1,NA,1,0,1
"z[3,4]",1,0,1,1,1,1,1,NA,1,0,1
"z[4,4]",1,0,1,1,1,1,1,NA,1,0,1
"z[5,4]",0.982444444444444,0.13134379171788,1,1,1,1,1,1.00198172977905,4500,0,1
"z[6,4]",0.977555555555556,0.148140366379144,1,1,1,1,1,1.00278092828723,4500,0,1
"z[7,4]",1,0,1,1,1,1,1,NA,1,0,1
"z[8,4]",1,0,1,1,1,1,1,NA,1,0,1
"z[9,4]",1,0,1,1,1,1,1,NA,1,0,1
"z[10,4]",1,0,1,1,1,1,1,NA,1,0,1
"z[11,4]",1,0,1,1,1,1,1,NA,1,0,1
"z[12,4]",1,0,1,1,1,1,1,NA,1,0,1
"z[13,4]",1,0,1,1,1,1,1,NA,1,0,1
"z[14,4]",0.187111111111111,0.390044037056583,0,0,0,0,1,1.00034761124579,4500,1,1
"z[15,4]",1,0,1,1,1,1,1,NA,1,0,1
"z[16,4]",0.984666666666667,0.122888478420367,1,1,1,1,1,1.03170707940865,990,0,1
"z[17,4]",1,0,1,1,1,1,1,NA,1,0,1
"z[18,4]",0.849111111111111,0.357980320487749,0,1,1,1,1,1.00005562133226,4500,1,1
"z[19,4]",0.0615555555555556,0.240373270107645,0,0,0,0,1,0.999718396327303,4500,1,1
"z[20,4]",1,0,1,1,1,1,1,NA,1,0,1
"z[21,4]",0.934444444444444,0.247531090191705,0,1,1,1,1,1.0053285120735,1430,1,1
"z[22,4]",1,0,1,1,1,1,1,NA,1,0,1
"z[23,4]",1,0,1,1,1,1,1,NA,1,0,1
"z[24,4]",1,0,1,1,1,1,1,NA,1,0,1
"z[25,4]",0.378666666666667,0.485108769136227,0,0,0,1,1,1.00029506471065,3387,1,1
"z[26,4]",1,0,1,1,1,1,1,NA,1,0,1
"z[27,4]",1,0,1,1,1,1,1,NA,1,0,1
"z[28,4]",1,0,1,1,1,1,1,NA,1,0,1
"z[29,4]",0.00622222222222222,0.0786440117920529,0,0,0,0,0,1.04548269294548,1649,1,1
"z[30,4]",1,0,1,1,1,1,1,NA,1,0,1
"z[31,4]",1,0,1,1,1,1,1,NA,1,0,1
"z[32,4]",1,0,1,1,1,1,1,NA,1,0,1
"z[33,4]",1,0,1,1,1,1,1,NA,1,0,1
"z[34,4]",1,0,1,1,1,1,1,NA,1,0,1
"z[35,4]",1,0,1,1,1,1,1,NA,1,0,1
"z[36,4]",0.0584444444444444,0.234608019202615,0,0,0,0,1,0.99991907219142,4500,1,1
"z[37,4]",1,0,1,1,1,1,1,NA,1,0,1
"z[38,4]",1,0,1,1,1,1,1,NA,1,0,1
"z[39,4]",1,0,1,1,1,1,1,NA,1,0,1
"z[40,4]",1,0,1,1,1,1,1,NA,1,0,1
"z[41,4]",1,0,1,1,1,1,1,NA,1,0,1
"z[42,4]",1,0,1,1,1,1,1,NA,1,0,1
"z[43,4]",1,0,1,1,1,1,1,NA,1,0,1
"z[44,4]",1,0,1,1,1,1,1,NA,1,0,1
"z[45,4]",1,0,1,1,1,1,1,NA,1,0,1
"z[46,4]",1,0,1,1,1,1,1,NA,1,0,1
"z[47,4]",0.978666666666667,0.14450904074975,1,1,1,1,1,1.00085323709849,4500,0,1
"z[48,4]",0.986444444444444,0.115649360747383,1,1,1,1,1,1.0393786223816,892,0,1
"z[49,4]",0.963333333333333,0.18796295738691,0,1,1,1,1,1.01390017785953,982,1,1
"z[50,4]",0.992,0.08909412970305,1,1,1,1,1,1.02133720655592,2820,0,1
"z[51,4]",0.984888888888889,0.1220084974435,1,1,1,1,1,1.00044568096925,4500,0,1
"z[52,4]",0.979111111111111,0.143028281223349,1,1,1,1,1,1.00184404599554,4500,0,1
"z[53,4]",0.973333333333333,0.161125183440798,0,1,1,1,1,1.00272895645146,4500,1,1
"z[54,4]",1,0,1,1,1,1,1,NA,1,0,1
"z[55,4]",1,0,1,1,1,1,1,NA,1,0,1
"z[56,4]",1,0,1,1,1,1,1,NA,1,0,1
"z[57,4]",0.909555555555556,0.286849319191581,0,1,1,1,1,1.0002064252975,4500,1,1
"z[58,4]",1,0,1,1,1,1,1,NA,1,0,1
"z[59,4]",1,0,1,1,1,1,1,NA,1,0,1
"z[60,4]",1,0,1,1,1,1,1,NA,1,0,1
"z[61,4]",1,0,1,1,1,1,1,NA,1,0,1
"z[62,4]",1,0,1,1,1,1,1,NA,1,0,1
"z[63,4]",1,0,1,1,1,1,1,NA,1,0,1
"z[64,4]",1,0,1,1,1,1,1,NA,1,0,1
"z[65,4]",1,0,1,1,1,1,1,NA,1,0,1
"z[66,4]",1,0,1,1,1,1,1,NA,1,0,1
"z[67,4]",1,0,1,1,1,1,1,NA,1,0,1
"z[68,4]",1,0,1,1,1,1,1,NA,1,0,1
"z[69,4]",1,0,1,1,1,1,1,NA,1,0,1
"z[70,4]",0.903333333333333,0.295536176252013,0,1,1,1,1,1.00638332180543,854,1,1
"z[71,4]",0.00155555555555556,0.0394142235807543,0,0,0,0,0,1.03825136434619,4500,1,1
"z[72,4]",1,0,1,1,1,1,1,NA,1,0,1
"z[73,4]",1,0,1,1,1,1,1,NA,1,0,1
"z[74,4]",1,0,1,1,1,1,1,NA,1,0,1
"z[75,4]",0.924,0.265027562343912,0,1,1,1,1,0.999771662406262,4500,1,1
"z[76,4]",1,0,1,1,1,1,1,NA,1,0,1
"z[77,4]",1,0,1,1,1,1,1,NA,1,0,1
"z[78,4]",1,0,1,1,1,1,1,NA,1,0,1
"z[79,4]",1,0,1,1,1,1,1,NA,1,0,1
"z[80,4]",0.922222222222222,0.267851336095241,0,1,1,1,1,1.00463651996768,1403,1,1
"z[81,4]",1,0,1,1,1,1,1,NA,1,0,1
"z[82,4]",1,0,1,1,1,1,1,NA,1,0,1
"z[83,4]",1,0,1,1,1,1,1,NA,1,0,1
"z[84,4]",0.963555555555556,0.187414119688263,0,1,1,1,1,1.0016055622838,4500,1,1
"z[85,4]",0.966888888888889,0.178946588136641,0,1,1,1,1,1.0085326891061,1739,1,1
"z[86,4]",1,0,1,1,1,1,1,NA,1,0,1
"z[87,4]",1,0,1,1,1,1,1,NA,1,0,1
"z[88,4]",0.867111111111111,0.339492333243092,0,1,1,1,1,1.00145601082162,2429,1,1
"z[89,4]",1,0,1,1,1,1,1,NA,1,0,1
"z[90,4]",0.948888888888889,0.220248825947067,0,1,1,1,1,1.00548018143933,1767,1,1
"z[91,4]",1,0,1,1,1,1,1,NA,1,0,1
"z[92,4]",1,0,1,1,1,1,1,NA,1,0,1
"z[93,4]",1,0,1,1,1,1,1,NA,1,0,1
"z[94,4]",1,0,1,1,1,1,1,NA,1,0,1
"z[95,4]",1,0,1,1,1,1,1,NA,1,0,1
"z[96,4]",1,0,1,1,1,1,1,NA,1,0,1
"z[97,4]",1,0,1,1,1,1,1,NA,1,0,1
"z[98,4]",1,0,1,1,1,1,1,NA,1,0,1
"z[99,4]",1,0,1,1,1,1,1,NA,1,0,1
"z[100,4]",1,0,1,1,1,1,1,NA,1,0,1
"z[101,4]",1,0,1,1,1,1,1,NA,1,0,1
"z[102,4]",0.970444444444444,0.169376503362579,0,1,1,1,1,1.0007754575279,4500,1,1
"z[103,4]",0.968222222222222,0.175427447850631,0,1,1,1,1,1.00016160974346,4500,1,1
"z[104,4]",0.201555555555556,0.401206535283835,0,0,0,0,1,1.00001349784008,4500,1,1
"z[105,4]",0.928666666666667,0.257409427269842,0,1,1,1,1,1.00013935561169,4500,1,1
"z[106,4]",0.986666666666667,0.11471041653724,1,1,1,1,1,1.0126990559008,2866,0,1
"z[107,4]",1,0,1,1,1,1,1,NA,1,0,1
"z[108,4]",1,0,1,1,1,1,1,NA,1,0,1
"z[109,4]",1,0,1,1,1,1,1,NA,1,0,1
"z[110,4]",1,0,1,1,1,1,1,NA,1,0,1
"z[111,4]",1,0,1,1,1,1,1,NA,1,0,1
"z[112,4]",1,0,1,1,1,1,1,NA,1,0,1
"z[113,4]",1,0,1,1,1,1,1,NA,1,0,1
"z[114,4]",1,0,1,1,1,1,1,NA,1,0,1
"z[115,4]",1,0,1,1,1,1,1,NA,1,0,1
"z[116,4]",1,0,1,1,1,1,1,NA,1,0,1
"z[117,4]",1,0,1,1,1,1,1,NA,1,0,1
"z[118,4]",1,0,1,1,1,1,1,NA,1,0,1
"z[119,4]",1,0,1,1,1,1,1,NA,1,0,1
"z[120,4]",1,0,1,1,1,1,1,NA,1,0,1
"z[121,4]",1,0,1,1,1,1,1,NA,1,0,1
"z[122,4]",1,0,1,1,1,1,1,NA,1,0,1
"z[123,4]",1,0,1,1,1,1,1,NA,1,0,1
"z[124,4]",1,0,1,1,1,1,1,NA,1,0,1
"z[125,4]",0.971777777777778,0.165625554658784,0,1,1,1,1,1.00517525499171,3287,1,1
"z[126,4]",1,0,1,1,1,1,1,NA,1,0,1
"z[127,4]",1,0,1,1,1,1,1,NA,1,0,1
"z[128,4]",1,0,1,1,1,1,1,NA,1,0,1
"z[129,4]",1,0,1,1,1,1,1,NA,1,0,1
"z[130,4]",1,0,1,1,1,1,1,NA,1,0,1
"z[131,4]",0.818222222222222,0.385704131126018,0,1,1,1,1,0.99981511444534,4500,1,1
"z[132,4]",0.863111111111111,0.343768210354624,0,1,1,1,1,1.00158215417804,2208,1,1
"z[133,4]",0.888222222222222,0.315127869408896,0,1,1,1,1,1.00158147962722,2636,1,1
"z[134,4]",1,0,1,1,1,1,1,NA,1,0,1
"z[135,4]",1,0,1,1,1,1,1,NA,1,0,1
"z[136,4]",1,0,1,1,1,1,1,NA,1,0,1
"z[137,4]",1,0,1,1,1,1,1,NA,1,0,1
"z[138,4]",1,0,1,1,1,1,1,NA,1,0,1
"z[139,4]",1,0,1,1,1,1,1,NA,1,0,1
"z[140,4]",1,0,1,1,1,1,1,NA,1,0,1
"z[141,4]",1,0,1,1,1,1,1,NA,1,0,1
"z[142,4]",0.928444444444444,0.257779217003763,0,1,1,1,1,1.00024299870198,4500,1,1
"z[143,4]",0.944222222222222,0.229517588820724,0,1,1,1,1,1.00058128126693,4500,1,1
"z[144,4]",0.935111111111111,0.246357074296865,0,1,1,1,1,1.00241549914179,2983,1,1
"z[145,4]",1,0,1,1,1,1,1,NA,1,0,1
"z[146,4]",1,0,1,1,1,1,1,NA,1,0,1
"z[147,4]",1,0,1,1,1,1,1,NA,1,0,1
"z[148,4]",1,0,1,1,1,1,1,NA,1,0,1
"z[149,4]",1,0,1,1,1,1,1,NA,1,0,1
"z[150,4]",0.141555555555556,0.348632457117574,0,0,0,0,1,0.999728468170892,4500,1,1
"z[151,4]",1,0,1,1,1,1,1,NA,1,0,1
"z[152,4]",1,0,1,1,1,1,1,NA,1,0,1
"z[153,4]",1,0,1,1,1,1,1,NA,1,0,1
"z[154,4]",1,0,1,1,1,1,1,NA,1,0,1
"z[155,4]",1,0,1,1,1,1,1,NA,1,0,1
"z[156,4]",1,0,1,1,1,1,1,NA,1,0,1
"z[157,4]",1,0,1,1,1,1,1,NA,1,0,1
"z[158,4]",1,0,1,1,1,1,1,NA,1,0,1
"z[159,4]",1,0,1,1,1,1,1,NA,1,0,1
"z[160,4]",1,0,1,1,1,1,1,NA,1,0,1
"z[161,4]",0.924,0.265027562343912,0,1,1,1,1,0.999906818905352,4500,1,1
"z[162,4]",1,0,1,1,1,1,1,NA,1,0,1
"z[163,4]",1,0,1,1,1,1,1,NA,1,0,1
"z[164,4]",1,0,1,1,1,1,1,NA,1,0,1
"z[165,4]",1,0,1,1,1,1,1,NA,1,0,1
"z[166,4]",1,0,1,1,1,1,1,NA,1,0,1
"z[167,4]",0.00377777777777778,0.0613542394088465,0,0,0,0,0,1.00656868947539,4500,1,1
"z[168,4]",1,0,1,1,1,1,1,NA,1,0,1
"z[169,4]",1,0,1,1,1,1,1,NA,1,0,1
"z[170,4]",1,0,1,1,1,1,1,NA,1,0,1
"z[171,4]",1,0,1,1,1,1,1,NA,1,0,1
"z[172,4]",1,0,1,1,1,1,1,NA,1,0,1
"z[173,4]",1,0,1,1,1,1,1,NA,1,0,1
"z[174,4]",1,0,1,1,1,1,1,NA,1,0,1
"z[175,4]",1,0,1,1,1,1,1,NA,1,0,1
"z[176,4]",0.969111111111111,0.173035889574341,0,1,1,1,1,1.00306323392973,4500,1,1
"z[177,4]",1,0,1,1,1,1,1,NA,1,0,1
"z[178,4]",0.966666666666667,0.179525441950783,0,1,1,1,1,1.00187029652724,4500,1,1
"z[179,4]",0.88,0.324997649041713,0,1,1,1,1,1.00189183220402,2122,1,1
"z[180,4]",1,0,1,1,1,1,1,NA,1,0,1
"z[181,4]",1,0,1,1,1,1,1,NA,1,0,1
"z[182,4]",1,0,1,1,1,1,1,NA,1,0,1
"z[183,4]",1,0,1,1,1,1,1,NA,1,0,1
"z[184,4]",1,0,1,1,1,1,1,NA,1,0,1
"z[185,4]",1,0,1,1,1,1,1,NA,1,0,1
"z[186,4]",0.0608888888888889,0.239152967592038,0,0,0,0,1,0.999719461345965,4500,1,1
"z[187,4]",0.902,0.297347688610086,0,1,1,1,1,1.00052902261746,4500,1,1
"z[188,4]",0.900888888888889,0.298844349077286,0,1,1,1,1,0.999967125582355,4500,1,1
"z[189,4]",1,0,1,1,1,1,1,NA,1,0,1
"z[190,4]",1,0,1,1,1,1,1,NA,1,0,1
"z[191,4]",1,0,1,1,1,1,1,NA,1,0,1
"z[192,4]",0.951555555555556,0.214727330422946,0,1,1,1,1,1.00396981060587,2504,1,1
"z[193,4]",1,0,1,1,1,1,1,NA,1,0,1
"z[194,4]",1,0,1,1,1,1,1,NA,1,0,1
"z[195,4]",1,0,1,1,1,1,1,NA,1,0,1
"z[196,4]",1,0,1,1,1,1,1,NA,1,0,1
"z[197,4]",1,0,1,1,1,1,1,NA,1,0,1
"z[198,4]",0.00844444444444444,0.0915150092219534,0,0,0,0,0,1.02152298233873,2650,1,1
"z[199,4]",1,0,1,1,1,1,1,NA,1,0,1
"z[200,4]",1,0,1,1,1,1,1,NA,1,0,1
"z[1,5]",1,0,1,1,1,1,1,NA,1,0,1
"z[2,5]",1,0,1,1,1,1,1,NA,1,0,1
"z[3,5]",1,0,1,1,1,1,1,NA,1,0,1
"z[4,5]",1,0,1,1,1,1,1,NA,1,0,1
"z[5,5]",1,0,1,1,1,1,1,NA,1,0,1
"z[6,5]",1,0,1,1,1,1,1,NA,1,0,1
"z[7,5]",0.99,0.0995098009695405,1,1,1,1,1,1.00861040845981,4500,0,1
"z[8,5]",0.978666666666667,0.14450904074975,1,1,1,1,1,1.00085453375762,4500,0,1
"z[9,5]",0.995555555555556,0.0665257457028688,1,1,1,1,1,1.01567977518289,4500,0,1
"z[10,5]",0.989333333333333,0.102738670891514,1,1,1,1,1,1.01335269230674,3393,0,1
"z[11,5]",1,0,1,1,1,1,1,NA,1,0,1
"z[12,5]",1,0,1,1,1,1,1,NA,1,0,1
"z[13,5]",1,0,1,1,1,1,1,NA,1,0,1
"z[14,5]",1,0,1,1,1,1,1,NA,1,0,1
"z[15,5]",1,0,1,1,1,1,1,NA,1,0,1
"z[16,5]",0.991777777777778,0.0903129549063227,1,1,1,1,1,1.00445707038135,4500,0,1
"z[17,5]",0.977555555555556,0.148140366379144,1,1,1,1,1,1.00369274105661,4500,0,1
"z[18,5]",0.957777777777778,0.201118111385383,0,1,1,1,1,1.00103628285256,4500,1,1
"z[19,5]",0.00111111111111111,0.033318511930496,0,0,0,0,0,1.01912206739455,4500,1,1
"z[20,5]",0.983555555555556,0.127191272176836,1,1,1,1,1,1.00117232641048,4500,0,1
"z[21,5]",0.974444444444444,0.157822698772571,0,1,1,1,1,1.00350480861281,4500,1,1
"z[22,5]",0.987555555555556,0.11087069888737,1,1,1,1,1,1.00275767725542,4500,0,1
"z[23,5]",1,0,1,1,1,1,1,NA,1,0,1
"z[24,5]",1,0,1,1,1,1,1,NA,1,0,1
"z[25,5]",0.851111111111111,0.356018474426563,0,1,1,1,1,1.00043057305487,4500,1,1
"z[26,5]",0.984222222222222,0.124628612791859,1,1,1,1,1,1.00465006842844,4500,0,1
"z[27,5]",0.986,0.11750348180963,1,1,1,1,1,1.00925321419172,3728,0,1
"z[28,5]",1,0,1,1,1,1,1,NA,1,0,1
"z[29,5]",0.0924444444444444,0.289684513538625,0,0,0,0,1,1.00013222648686,4500,1,1
"z[30,5]",1,0,1,1,1,1,1,NA,1,0,1
"z[31,5]",1,0,1,1,1,1,1,NA,1,0,1
"z[32,5]",1,0,1,1,1,1,1,NA,1,0,1
"z[33,5]",1,0,1,1,1,1,1,NA,1,0,1
"z[34,5]",1,0,1,1,1,1,1,NA,1,0,1
"z[35,5]",1,0,1,1,1,1,1,NA,1,0,1
"z[36,5]",1,0,1,1,1,1,1,NA,1,0,1
"z[37,5]",0.987333333333333,0.111843649799372,1,1,1,1,1,1.00947919567888,4021,0,1
"z[38,5]",1,0,1,1,1,1,1,NA,1,0,1
"z[39,5]",1,0,1,1,1,1,1,NA,1,0,1
"z[40,5]",1,0,1,1,1,1,1,NA,1,0,1
"z[41,5]",0.993555555555556,0.0800271001985887,1,1,1,1,1,1.00740892988738,4500,0,1
"z[42,5]",0.994888888888889,0.071317023933587,1,1,1,1,1,1.00628299119719,4500,0,1
"z[43,5]",0.605777777777778,0.488737294104904,0,0,1,1,1,0.999840987294856,4500,1,1
"z[44,5]",1,0,1,1,1,1,1,NA,1,0,1
"z[45,5]",1,0,1,1,1,1,1,NA,1,0,1
"z[46,5]",1,0,1,1,1,1,1,NA,1,0,1
"z[47,5]",0.986666666666667,0.11471041653724,1,1,1,1,1,1.02007280718127,1813,0,1
"z[48,5]",0.995111111111111,0.069757214702053,1,1,1,1,1,1.09981997276131,881,0,1
"z[49,5]",0.980666666666667,0.137709003796433,1,1,1,1,1,1.02210001893478,1144,0,1
"z[50,5]",1,0,1,1,1,1,1,NA,1,0,1
"z[51,5]",1,0,1,1,1,1,1,NA,1,0,1
"z[52,5]",0.992444444444444,0.0866033246050876,1,1,1,1,1,1.00272666036901,4500,0,1
"z[53,5]",0.992888888888889,0.0840363764582043,1,1,1,1,1,1.0060467218903,4500,0,1
"z[54,5]",0.994,0.0772355205065475,1,1,1,1,1,1.00789465731767,4500,0,1
"z[55,5]",0.993111111111111,0.0827221418662089,1,1,1,1,1,1.01865028451249,3745,0,1
"z[56,5]",1,0,1,1,1,1,1,NA,1,0,1
"z[57,5]",1,0,1,1,1,1,1,NA,1,0,1
"z[58,5]",0.959333333333333,0.19753875656879,0,1,1,1,1,1.00435284300516,2716,1,1
"z[59,5]",1,0,1,1,1,1,1,NA,1,0,1
"z[60,5]",1,0,1,1,1,1,1,NA,1,0,1
"z[61,5]",1,0,1,1,1,1,1,NA,1,0,1
"z[62,5]",1,0,1,1,1,1,1,NA,1,0,1
"z[63,5]",1,0,1,1,1,1,1,NA,1,0,1
"z[64,5]",1,0,1,1,1,1,1,NA,1,0,1
"z[65,5]",0.997333333333333,0.0515766100016907,1,1,1,1,1,1.0099762458543,4500,0,1
"z[66,5]",0.996888888888889,0.0556966916350484,1,1,1,1,1,1.03148234445217,4500,0,1
"z[67,5]",0.994666666666667,0.0728427622699364,1,1,1,1,1,1.02988704906347,2985,0,1
"z[68,5]",0.996444444444444,0.0595289935189017,1,1,1,1,1,1.01316180066133,4500,0,1
"z[69,5]",1,0,1,1,1,1,1,NA,1,0,1
"z[70,5]",1,0,1,1,1,1,1,NA,1,0,1
"z[71,5]",1,0,1,1,1,1,1,NA,1,0,1
"z[72,5]",1,0,1,1,1,1,1,NA,1,0,1
"z[73,5]",1,0,1,1,1,1,1,NA,1,0,1
"z[74,5]",1,0,1,1,1,1,1,NA,1,0,1
"z[75,5]",1,0,1,1,1,1,1,NA,1,0,1
"z[76,5]",0.992444444444444,0.0866033246050876,1,1,1,1,1,1.00532486120142,4500,0,1
"z[77,5]",1,0,1,1,1,1,1,NA,1,0,1
"z[78,5]",0.994444444444444,0.0743365276300976,1,1,1,1,1,1.02158204901861,3997,0,1
"z[79,5]",1,0,1,1,1,1,1,NA,1,0,1
"z[80,5]",0.979333333333333,0.142281601882585,1,1,1,1,1,1.01264458423457,1872,0,1
"z[81,5]",1,0,1,1,1,1,1,NA,1,0,1
"z[82,5]",1,0,1,1,1,1,1,NA,1,0,1
"z[83,5]",0.960666666666667,0.194408387233923,0,1,1,1,1,1.00622059945144,2009,1,1
"z[84,5]",0.982,0.132965893646013,1,1,1,1,1,1.00132283449278,4500,0,1
"z[85,5]",1,0,1,1,1,1,1,NA,1,0,1
"z[86,5]",1,0,1,1,1,1,1,NA,1,0,1
"z[87,5]",1,0,1,1,1,1,1,NA,1,0,1
"z[88,5]",1,0,1,1,1,1,1,NA,1,0,1
"z[89,5]",1,0,1,1,1,1,1,NA,1,0,1
"z[90,5]",0.985555555555556,0.119327141438796,1,1,1,1,1,1.00558842976441,4500,0,1
"z[91,5]",1,0,1,1,1,1,1,NA,1,0,1
"z[92,5]",1,0,1,1,1,1,1,NA,1,0,1
"z[93,5]",1,0,1,1,1,1,1,NA,1,0,1
"z[94,5]",1,0,1,1,1,1,1,NA,1,0,1
"z[95,5]",1,0,1,1,1,1,1,NA,1,0,1
"z[96,5]",1,0,1,1,1,1,1,NA,1,0,1
"z[97,5]",1,0,1,1,1,1,1,NA,1,0,1
"z[98,5]",1,0,1,1,1,1,1,NA,1,0,1
"z[99,5]",1,0,1,1,1,1,1,NA,1,0,1
"z[100,5]",1,0,1,1,1,1,1,NA,1,0,1
"z[101,5]",1,0,1,1,1,1,1,NA,1,0,1
"z[102,5]",0.990666666666667,0.0961679644942985,1,1,1,1,1,1.00053169360396,4500,0,1
"z[103,5]",0.986888888888889,0.113763288874888,1,1,1,1,1,1.00724634000709,4500,0,1
"z[104,5]",1,0,1,1,1,1,1,NA,1,0,1
"z[105,5]",0.978444444444444,0.14524324938423,1,1,1,1,1,1.00038701194943,4500,0,1
"z[106,5]",1,0,1,1,1,1,1,NA,1,0,1
"z[107,5]",1,0,1,1,1,1,1,NA,1,0,1
"z[108,5]",1,0,1,1,1,1,1,NA,1,0,1
"z[109,5]",1,0,1,1,1,1,1,NA,1,0,1
"z[110,5]",0.999333333333333,0.0258141493083176,1,1,1,1,1,NA,4500,0,1
"z[111,5]",0.997777777777778,0.0470932775447189,1,1,1,1,1,1.01916489327094,4500,0,1
"z[112,5]",0.995333333333333,0.0681609955608629,1,1,1,1,1,1.00308166426605,4500,0,1
"z[113,5]",0.994444444444444,0.0743365276300976,1,1,1,1,1,1.01469994118345,4500,0,1
"z[114,5]",1,0,1,1,1,1,1,NA,1,0,1
"z[115,5]",1,0,1,1,1,1,1,NA,1,0,1
"z[116,5]",1,0,1,1,1,1,1,NA,1,0,1
"z[117,5]",1,0,1,1,1,1,1,NA,1,0,1
"z[118,5]",1,0,1,1,1,1,1,NA,1,0,1
"z[119,5]",1,0,1,1,1,1,1,NA,1,0,1
"z[120,5]",0.989333333333333,0.102738670891514,1,1,1,1,1,1.00428820998375,4500,0,1
"z[121,5]",1,0,1,1,1,1,1,NA,1,0,1
"z[122,5]",0.998888888888889,0.033318511930496,1,1,1,1,1,1.18898008348925,1730,0,1
"z[123,5]",0.993555555555556,0.0800271001985887,1,1,1,1,1,1.02464629523926,3016,0,1
"z[124,5]",0.994888888888889,0.071317023933587,1,1,1,1,1,1.0034649704122,4500,0,1
"z[125,5]",1,0,1,1,1,1,1,NA,1,0,1
"z[126,5]",1,0,1,1,1,1,1,NA,1,0,1
"z[127,5]",0.994888888888889,0.071317023933587,1,1,1,1,1,1.00628299119719,4500,0,1
"z[128,5]",0.994888888888889,0.071317023933587,1,1,1,1,1,1.00628299119719,4500,0,1
"z[129,5]",0.996222222222222,0.0613542394088465,1,1,1,1,1,1.02160266575274,4500,0,1
"z[130,5]",0.996888888888889,0.0556966916350484,1,1,1,1,1,1.04516835562949,3306,0,1
"z[131,5]",1,0,1,1,1,1,1,NA,1,0,1
"z[132,5]",1,0,1,1,1,1,1,NA,1,0,1
"z[133,5]",1,0,1,1,1,1,1,NA,1,0,1
"z[134,5]",0.994666666666667,0.0728427622699364,1,1,1,1,1,1.04634286394697,1886,0,1
"z[135,5]",0.994888888888889,0.071317023933587,1,1,1,1,1,1.01733434770711,4500,0,1
"z[136,5]",0.990666666666667,0.0961679644942985,1,1,1,1,1,1.03971191246271,1275,0,1
"z[137,5]",0.995555555555556,0.0665257457028688,1,1,1,1,1,1.00837775074503,4500,0,1
"z[138,5]",1,0,1,1,1,1,1,NA,1,0,1
"z[139,5]",0.990888888888889,0.0950268670194558,1,1,1,1,1,1.00177964054235,4500,0,1
"z[140,5]",1,0,1,1,1,1,1,NA,1,0,1
"z[141,5]",1,0,1,1,1,1,1,NA,1,0,1
"z[142,5]",0.975333333333333,0.155124368434336,1,1,1,1,1,1.00017801906215,4500,0,1
"z[143,5]",0.983777777777778,0.126343218950737,1,1,1,1,1,1.01291251634463,2326,0,1
"z[144,5]",0.980888888888889,0.136930797191431,1,1,1,1,1,1.00162897837484,4500,0,1
"z[145,5]",1,0,1,1,1,1,1,NA,1,0,1
"z[146,5]",1,0,1,1,1,1,1,NA,1,0,1
"z[147,5]",1,0,1,1,1,1,1,NA,1,0,1
"z[148,5]",1,0,1,1,1,1,1,NA,1,0,1
"z[149,5]",1,0,1,1,1,1,1,NA,1,0,1
"z[150,5]",1,0,1,1,1,1,1,NA,1,0,1
"z[151,5]",0.983111111111111,0.128869487630174,1,1,1,1,1,1.00403218650922,4500,0,1
"z[152,5]",0.991111111111111,0.093871373318521,1,1,1,1,1,1.02216730504112,2445,0,1
"z[153,5]",1,0,1,1,1,1,1,NA,1,0,1
"z[154,5]",0.994222222222222,0.0758002102747823,1,1,1,1,1,1.00486214526641,4500,0,1
"z[155,5]",0.992888888888889,0.0840363764582043,1,1,1,1,1,1.00749490045356,4500,0,1
"z[156,5]",0.123333333333333,0.328855978694735,0,0,0,0,1,1.00066127893344,4500,1,1
"z[157,5]",1,0,1,1,1,1,1,NA,1,0,1
"z[158,5]",1,0,1,1,1,1,1,NA,1,0,1
"z[159,5]",1,0,1,1,1,1,1,NA,1,0,1
"z[160,5]",1,0,1,1,1,1,1,NA,1,0,1
"z[161,5]",0.971333333333333,0.166886422507456,0,1,1,1,1,1.00147889438409,4500,1,1
"z[162,5]",1,0,1,1,1,1,1,NA,1,0,1
"z[163,5]",1,0,1,1,1,1,1,NA,1,0,1
"z[164,5]",1,0,1,1,1,1,1,NA,1,0,1
"z[165,5]",1,0,1,1,1,1,1,NA,1,0,1
"z[166,5]",1,0,1,1,1,1,1,NA,1,0,1
"z[167,5]",1,0,1,1,1,1,1,NA,1,0,1
"z[168,5]",0.989333333333333,0.102738670891514,1,1,1,1,1,1.00033092133614,4500,0,1
"z[169,5]",0.987777777777778,0.109888684384328,1,1,1,1,1,1.0058794427696,4500,0,1
"z[170,5]",1,0,1,1,1,1,1,NA,1,0,1
"z[171,5]",1,0,1,1,1,1,1,NA,1,0,1
"z[172,5]",0.989111111111111,0.103791690054186,1,1,1,1,1,1.00995262137529,4452,0,1
"z[173,5]",0.995777777777778,0.0648485125458765,1,1,1,1,1,1.01734330121673,4500,0,1
"z[174,5]",1,0,1,1,1,1,1,NA,1,0,1
"z[175,5]",1,0,1,1,1,1,1,NA,1,0,1
"z[176,5]",1,0,1,1,1,1,1,NA,1,0,1
"z[177,5]",1,0,1,1,1,1,1,NA,1,0,1
"z[178,5]",0.971555555555556,0.166257332410862,0,1,1,1,1,1.00201632222882,4500,1,1
"z[179,5]",0.928,0.258516636409127,0,1,1,1,1,1.00090696204075,4500,1,1
"z[180,5]",0.999111111111111,0.0298042977535084,1,1,1,1,1,1.02957562893153,4500,0,1
"z[181,5]",0.998,0.0446815807032984,1,1,1,1,1,1.01775579934475,4500,0,1
"z[182,5]",0.987111111111111,0.11280777163711,1,1,1,1,1,1.00885159103495,4225,0,1
"z[183,5]",0.995777777777778,0.0648485125458766,1,1,1,1,1,1.00106030922822,4500,0,1
"z[184,5]",1,0,1,1,1,1,1,NA,1,0,1
"z[185,5]",1,0,1,1,1,1,1,NA,1,0,1
"z[186,5]",1,0,1,1,1,1,1,NA,1,0,1
"z[187,5]",0.944222222222222,0.229517588820724,0,1,1,1,1,1.00119243501411,4500,1,1
"z[188,5]",0.964,0.186310798705171,0,1,1,1,1,0.999912475385265,4500,1,1
"z[189,5]",0.746666666666667,0.434968503993735,0,0,1,1,1,1.00039486849139,3639,1,1
"z[190,5]",1,0,1,1,1,1,1,NA,1,0,1
"z[191,5]",1,0,1,1,1,1,1,NA,1,0,1
"z[192,5]",0.966222222222222,0.180676765936377,0,1,1,1,1,1.00356364421429,3912,1,1
"z[193,5]",1,0,1,1,1,1,1,NA,1,0,1
"z[194,5]",1,0,1,1,1,1,1,NA,1,0,1
"z[195,5]",1,0,1,1,1,1,1,NA,1,0,1
"z[196,5]",1,0,1,1,1,1,1,NA,1,0,1
"z[197,5]",0.977333333333333,0.148855006121055,1,1,1,1,1,1.00011882144842,4500,0,1
"z[198,5]",1,0,1,1,1,1,1,NA,1,0,1
"z[199,5]",1,0,1,1,1,1,1,NA,1,0,1
"z[200,5]",1,0,1,1,1,1,1,NA,1,0,1
"z[1,6]",1,0,1,1,1,1,1,NA,1,0,1
"z[2,6]",1,0,1,1,1,1,1,NA,1,0,1
"z[3,6]",1,0,1,1,1,1,1,NA,1,0,1
"z[4,6]",1,0,1,1,1,1,1,NA,1,0,1
"z[5,6]",0.992888888888889,0.0840363764582043,1,1,1,1,1,1.0203436059613,3326,0,1
"z[6,6]",0.983111111111111,0.128869487630174,1,1,1,1,1,1.00640620449794,4425,0,1
"z[7,6]",1,0,1,1,1,1,1,NA,1,0,1
"z[8,6]",1,0,1,1,1,1,1,NA,1,0,1
"z[9,6]",1,0,1,1,1,1,1,NA,1,0,1
"z[10,6]",1,0,1,1,1,1,1,NA,1,0,1
"z[11,6]",0.996222222222222,0.0613542394088465,1,1,1,1,1,1.02160266575274,4500,0,1
"z[12,6]",1,0,1,1,1,1,1,NA,1,0,1
"z[13,6]",1,0,1,1,1,1,1,NA,1,0,1
"z[14,6]",0.0328888888888889,0.17836557884435,0,0,0,0,1,1.00377661194592,3812,1,1
"z[15,6]",1,0,1,1,1,1,1,NA,1,0,1
"z[16,6]",0.989555555555556,0.10167426066326,1,1,1,1,1,1.0026590201648,4500,0,1
"z[17,6]",0.958888888888889,0.198569256988457,0,1,1,1,1,1.00577522034087,2058,1,1
"z[18,6]",1,0,1,1,1,1,1,NA,1,0,1
"z[19,6]",0,0,0,0,0,0,0,NA,1,1,1
"z[20,6]",0.960666666666667,0.194408387233923,0,1,1,1,1,1.00680391136184,1836,1,1
"z[21,6]",0.962888888888889,0.189055069145718,0,1,1,1,1,1.00038108697234,4500,1,1
"z[22,6]",0.974444444444444,0.157822698772571,0,1,1,1,1,1.00656371735361,2883,1,1
"z[23,6]",0.980888888888889,0.136930797191431,1,1,1,1,1,1.00724843104907,3484,0,1
"z[24,6]",1,0,1,1,1,1,1,NA,1,0,1
"z[25,6]",0.895333333333333,0.306157451280283,0,1,1,1,1,1.00149747174339,2916,1,1
"z[26,6]",0.962,0.191217481839897,0,1,1,1,1,1.00677311850482,1914,1,1
"z[27,6]",0.965555555555556,0.182388094475073,0,1,1,1,1,1.00771445683599,1851,1,1
"z[28,6]",1,0,1,1,1,1,1,NA,1,0,1
"z[29,6]",0.754222222222222,0.430595244346508,0,1,1,1,1,0.999968647752388,4500,1,1
"z[30,6]",0.981111111111111,0.136147779728393,1,1,1,1,1,1.00615140295164,4125,0,1
"z[31,6]",0.967555555555556,0.177197008935809,0,1,1,1,1,1.00194251405168,4500,1,1
"z[32,6]",0.980666666666667,0.137709003796433,1,1,1,1,1,1.00600246433281,4129,0,1
"z[33,6]",1,0,1,1,1,1,1,NA,1,0,1
"z[34,6]",1,0,1,1,1,1,1,NA,1,0,1
"z[35,6]",1,0,1,1,1,1,1,NA,1,0,1
"z[36,6]",1,0,1,1,1,1,1,NA,1,0,1
"z[37,6]",1,0,1,1,1,1,1,NA,1,0,1
"z[38,6]",1,0,1,1,1,1,1,NA,1,0,1
"z[39,6]",0.991777777777778,0.0903129549063227,1,1,1,1,1,1.00003765496248,4500,0,1
"z[40,6]",1,0,1,1,1,1,1,NA,1,0,1
"z[41,6]",1,0,1,1,1,1,1,NA,1,0,1
"z[42,6]",0.985777777777778,0.118419030794728,1,1,1,1,1,1.0005447576819,4500,0,1
"z[43,6]",0.939777777777778,0.237924537926314,0,1,1,1,1,1.00080543681231,4500,1,1
"z[44,6]",0.971111111111111,0.167512855228826,0,1,1,1,1,1.00659277719777,2549,1,1
"z[45,6]",0.946444444444444,0.225163550304364,0,1,1,1,1,0.999935439723115,4500,1,1
"z[46,6]",0.976444444444444,0.151676642100424,1,1,1,1,1,1.00138942006958,4500,0,1
"z[47,6]",0.981777777777778,0.133769014787178,1,1,1,1,1,1.00434236103256,4500,0,1
"z[48,6]",1,0,1,1,1,1,1,NA,1,0,1
"z[49,6]",0.978888888888889,0.143770739157005,1,1,1,1,1,1.01668171342571,1391,0,1
"z[50,6]",1,0,1,1,1,1,1,NA,1,0,1
"z[51,6]",0.993333333333333,0.0813860808385347,1,1,1,1,1,1.01129475450218,4500,0,1
"z[52,6]",1,0,1,1,1,1,1,NA,1,0,1
"z[53,6]",1,0,1,1,1,1,1,NA,1,0,1
"z[54,6]",1,0,1,1,1,1,1,NA,1,0,1
"z[55,6]",0.983111111111111,0.128869487630174,1,1,1,1,1,0.999756147998793,4500,0,1
"z[56,6]",1,0,1,1,1,1,1,NA,1,0,1
"z[57,6]",1,0,1,1,1,1,1,NA,1,0,1
"z[58,6]",0.943777777777778,0.230375949195969,0,1,1,1,1,0.999833186316564,4500,1,1
"z[59,6]",1,0,1,1,1,1,1,NA,1,0,1
"z[60,6]",1,0,1,1,1,1,1,NA,1,0,1
"z[61,6]",1,0,1,1,1,1,1,NA,1,0,1
"z[62,6]",1,0,1,1,1,1,1,NA,1,0,1
"z[63,6]",1,0,1,1,1,1,1,NA,1,0,1
"z[64,6]",1,0,1,1,1,1,1,NA,1,0,1
"z[65,6]",1,0,1,1,1,1,1,NA,1,0,1
"z[66,6]",1,0,1,1,1,1,1,NA,1,0,1
"z[67,6]",1,0,1,1,1,1,1,NA,1,0,1
"z[68,6]",0.991777777777778,0.0903129549063227,1,1,1,1,1,1.04281441391692,1333,0,1
"z[69,6]",1,0,1,1,1,1,1,NA,1,0,1
"z[70,6]",0.0575555555555556,0.232926963317475,0,0,0,0,1,1.00926160740153,954,1,1
"z[71,6]",1,0,1,1,1,1,1,NA,1,0,1
"z[72,6]",1,0,1,1,1,1,1,NA,1,0,1
"z[73,6]",1,0,1,1,1,1,1,NA,1,0,1
"z[74,6]",1,0,1,1,1,1,1,NA,1,0,1
"z[75,6]",1,0,1,1,1,1,1,NA,1,0,1
"z[76,6]",1,0,1,1,1,1,1,NA,1,0,1
"z[77,6]",1,0,1,1,1,1,1,NA,1,0,1
"z[78,6]",1,0,1,1,1,1,1,NA,1,0,1
"z[79,6]",1,0,1,1,1,1,1,NA,1,0,1
"z[80,6]",1,0,1,1,1,1,1,NA,1,0,1
"z[81,6]",0.967777777777778,0.176609404971474,0,1,1,1,1,0.999996330134455,4500,1,1
"z[82,6]",0.981555555555556,0.13456697579197,1,1,1,1,1,1.00154588220334,4500,0,1
"z[83,6]",0.842222222222222,0.364573020049094,0,1,1,1,1,0.999873555593794,4500,1,1
"z[84,6]",1,0,1,1,1,1,1,NA,1,0,1
"z[85,6]",1,0,1,1,1,1,1,NA,1,0,1
"z[86,6]",1,0,1,1,1,1,1,NA,1,0,1
"z[87,6]",1,0,1,1,1,1,1,NA,1,0,1
"z[88,6]",1,0,1,1,1,1,1,NA,1,0,1
"z[89,6]",0.984222222222222,0.124628612791859,1,1,1,1,1,1.02925226217053,1046,0,1
"z[90,6]",1,0,1,1,1,1,1,NA,1,0,1
"z[91,6]",1,0,1,1,1,1,1,NA,1,0,1
"z[92,6]",0.998888888888889,0.033318511930496,1,1,1,1,1,1.18898008348925,1730,0,1
"z[93,6]",1,0,1,1,1,1,1,NA,1,0,1
"z[94,6]",1,0,1,1,1,1,1,NA,1,0,1
"z[95,6]",0.88,0.324997649041713,0,1,1,1,1,1.0003510796225,4500,1,1
"z[96,6]",1,0,1,1,1,1,1,NA,1,0,1
"z[97,6]",1,0,1,1,1,1,1,NA,1,0,1
"z[98,6]",1,0,1,1,1,1,1,NA,1,0,1
"z[99,6]",1,0,1,1,1,1,1,NA,1,0,1
"z[100,6]",1,0,1,1,1,1,1,NA,1,0,1
"z[101,6]",1,0,1,1,1,1,1,NA,1,0,1
"z[102,6]",0.978888888888889,0.143770739157005,1,1,1,1,1,1.00179865250628,4500,0,1
"z[103,6]",0.98,0.140015558148628,1,1,1,1,1,1.00101422399148,4500,0,1
"z[104,6]",0.169111111111111,0.37489168457024,0,0,0,0,1,1.00009622558627,4500,1,1
"z[105,6]",1,0,1,1,1,1,1,NA,1,0,1
"z[106,6]",1,0,1,1,1,1,1,NA,1,0,1
"z[107,6]",1,0,1,1,1,1,1,NA,1,0,1
"z[108,6]",1,0,1,1,1,1,1,NA,1,0,1
"z[109,6]",1,0,1,1,1,1,1,NA,1,0,1
"z[110,6]",1,0,1,1,1,1,1,NA,1,0,1
"z[111,6]",1,0,1,1,1,1,1,NA,1,0,1
"z[112,6]",1,0,1,1,1,1,1,NA,1,0,1
"z[113,6]",1,0,1,1,1,1,1,NA,1,0,1
"z[114,6]",1,0,1,1,1,1,1,NA,1,0,1
"z[115,6]",1,0,1,1,1,1,1,NA,1,0,1
"z[116,6]",1,0,1,1,1,1,1,NA,1,0,1
"z[117,6]",0.965777777777778,0.181819713016199,0,1,1,1,1,1.00131468902072,4500,1,1
"z[118,6]",0.976888888888889,0.150273104306291,1,1,1,1,1,0.999860316197847,4500,0,1
"z[119,6]",1,0,1,1,1,1,1,NA,1,0,1
"z[120,6]",0.973555555555556,0.160470739436839,0,1,1,1,1,1.00326578932156,4500,1,1
"z[121,6]",1,0,1,1,1,1,1,NA,1,0,1
"z[122,6]",1,0,1,1,1,1,1,NA,1,0,1
"z[123,6]",1,0,1,1,1,1,1,NA,1,0,1
"z[124,6]",1,0,1,1,1,1,1,NA,1,0,1
"z[125,6]",1,0,1,1,1,1,1,NA,1,0,1
"z[126,6]",1,0,1,1,1,1,1,NA,1,0,1
"z[127,6]",1,0,1,1,1,1,1,NA,1,0,1
"z[128,6]",1,0,1,1,1,1,1,NA,1,0,1
"z[129,6]",1,0,1,1,1,1,1,NA,1,0,1
"z[130,6]",1,0,1,1,1,1,1,NA,1,0,1
"z[131,6]",1,0,1,1,1,1,1,NA,1,0,1
"z[132,6]",1,0,1,1,1,1,1,NA,1,0,1
"z[133,6]",0.940222222222222,0.237101007385967,0,1,1,1,1,0.999721294292025,4500,1,1
"z[134,6]",1,0,1,1,1,1,1,NA,1,0,1
"z[135,6]",1,0,1,1,1,1,1,NA,1,0,1
"z[136,6]",0.985111111111111,0.121121715563244,1,1,1,1,1,1.00827985690818,3909,0,1
"z[137,6]",1,0,1,1,1,1,1,NA,1,0,1
"z[138,6]",0.977333333333333,0.148855006121055,1,1,1,1,1,1.00877852713521,2452,0,1
"z[139,6]",0.989777777777778,0.100598097789677,1,1,1,1,1,1.00350580465093,4500,0,1
"z[140,6]",0.952222222222222,0.213319417750194,0,1,1,1,1,1.00905629623356,1163,1,1
"z[141,6]",0.983111111111111,0.128869487630174,1,1,1,1,1,1.00243372733731,4500,0,1
"z[142,6]",1,0,1,1,1,1,1,NA,1,0,1
"z[143,6]",1,0,1,1,1,1,1,NA,1,0,1
"z[144,6]",1,0,1,1,1,1,1,NA,1,0,1
"z[145,6]",1,0,1,1,1,1,1,NA,1,0,1
"z[146,6]",1,0,1,1,1,1,1,NA,1,0,1
"z[147,6]",1,0,1,1,1,1,1,NA,1,0,1
"z[148,6]",1,0,1,1,1,1,1,NA,1,0,1
"z[149,6]",1,0,1,1,1,1,1,NA,1,0,1
"z[150,6]",0.964666666666667,0.184641449821595,0,1,1,1,1,1.0004939119001,4500,1,1
"z[151,6]",0.964222222222222,0.185756281888117,0,1,1,1,1,1.0005582470803,4500,1,1
"z[152,6]",1,0,1,1,1,1,1,NA,1,0,1
"z[153,6]",1,0,1,1,1,1,1,NA,1,0,1
"z[154,6]",0.986888888888889,0.113763288874888,1,1,1,1,1,1.00069692601374,4500,0,1
"z[155,6]",1,0,1,1,1,1,1,NA,1,0,1
"z[156,6]",1,0,1,1,1,1,1,NA,1,0,1
"z[157,6]",1,0,1,1,1,1,1,NA,1,0,1
"z[158,6]",1,0,1,1,1,1,1,NA,1,0,1
"z[159,6]",1,0,1,1,1,1,1,NA,1,0,1
"z[160,6]",0.991777777777778,0.0903129549063227,1,1,1,1,1,1.01313909925661,4464,0,1
"z[161,6]",0.946222222222222,0.225603720820688,0,1,1,1,1,0.999847660468695,4500,1,1
"z[162,6]",0.986666666666667,0.11471041653724,1,1,1,1,1,1.00137399590882,4500,0,1
"z[163,6]",1,0,1,1,1,1,1,NA,1,0,1
"z[164,6]",1,0,1,1,1,1,1,NA,1,0,1
"z[165,6]",1,0,1,1,1,1,1,NA,1,0,1
"z[166,6]",1,0,1,1,1,1,1,NA,1,0,1
"z[167,6]",0.002,0.0446815807032984,0,0,0,0,0,1.01775579934475,4500,1,1
"z[168,6]",0.974444444444444,0.157822698772571,0,1,1,1,1,1.00018351065525,4500,1,1
"z[169,6]",0.972666666666667,0.163070940344369,0,1,1,1,1,1.0034201659527,4500,1,1
"z[170,6]",1,0,1,1,1,1,1,NA,1,0,1
"z[171,6]",0.99,0.0995098009695405,1,1,1,1,1,1.01517542544709,3183,0,1
"z[172,6]",1,0,1,1,1,1,1,NA,1,0,1
"z[173,6]",1,0,1,1,1,1,1,NA,1,0,1
"z[174,6]",0.989111111111111,0.103791690054186,1,1,1,1,1,1.01547244350044,2871,0,1
"z[175,6]",1,0,1,1,1,1,1,NA,1,0,1
"z[176,6]",1,0,1,1,1,1,1,NA,1,0,1
"z[177,6]",1,0,1,1,1,1,1,NA,1,0,1
"z[178,6]",0.969333333333333,0.17243210118093,0,1,1,1,1,1.00524905172481,2996,1,1
"z[179,6]",0.938444444444444,0.240373270107645,0,1,1,1,1,1.00526151423993,1534,1,1
"z[180,6]",1,0,1,1,1,1,1,NA,1,0,1
"z[181,6]",1,0,1,1,1,1,1,NA,1,0,1
"z[182,6]",1,0,1,1,1,1,1,NA,1,0,1
"z[183,6]",1,0,1,1,1,1,1,NA,1,0,1
"z[184,6]",1,0,1,1,1,1,1,NA,1,0,1
"z[185,6]",1,0,1,1,1,1,1,NA,1,0,1
"z[186,6]",1,0,1,1,1,1,1,NA,1,0,1
"z[187,6]",0.910666666666667,0.285255975094233,0,1,1,1,1,1.00105419532177,4429,1,1
"z[188,6]",1,0,1,1,1,1,1,NA,1,0,1
"z[189,6]",1,0,1,1,1,1,1,NA,1,0,1
"z[190,6]",1,0,1,1,1,1,1,NA,1,0,1
"z[191,6]",1,0,1,1,1,1,1,NA,1,0,1
"z[192,6]",0.952,0.213789983216616,0,1,1,1,1,1.00520444163634,1966,1,1
"z[193,6]",1,0,1,1,1,1,1,NA,1,0,1
"z[194,6]",1,0,1,1,1,1,1,NA,1,0,1
"z[195,6]",1,0,1,1,1,1,1,NA,1,0,1
"z[196,6]",1,0,1,1,1,1,1,NA,1,0,1
"z[197,6]",1,0,1,1,1,1,1,NA,1,0,1
"z[198,6]",1,0,1,1,1,1,1,NA,1,0,1
"z[199,6]",1,0,1,1,1,1,1,NA,1,0,1
"z[200,6]",1,0,1,1,1,1,1,NA,1,0,1
"z[1,7]",1,0,1,1,1,1,1,NA,1,0,1
"z[2,7]",1,0,1,1,1,1,1,NA,1,0,1
"z[3,7]",1,0,1,1,1,1,1,NA,1,0,1
"z[4,7]",1,0,1,1,1,1,1,NA,1,0,1
"z[5,7]",1,0,1,1,1,1,1,NA,1,0,1
"z[6,7]",1,0,1,1,1,1,1,NA,1,0,1
"z[7,7]",1,0,1,1,1,1,1,NA,1,0,1
"z[8,7]",1,0,1,1,1,1,1,NA,1,0,1
"z[9,7]",1,0,1,1,1,1,1,NA,1,0,1
"z[10,7]",1,0,1,1,1,1,1,NA,1,0,1
"z[11,7]",1,0,1,1,1,1,1,NA,1,0,1
"z[12,7]",1,0,1,1,1,1,1,NA,1,0,1
"z[13,7]",1,0,1,1,1,1,1,NA,1,0,1
"z[14,7]",0.0175555555555556,0.13134379171788,0,0,0,0,0,1.00024710853064,4500,1,1
"z[15,7]",1,0,1,1,1,1,1,NA,1,0,1
"z[16,7]",0.987111111111111,0.11280777163711,1,1,1,1,1,1.00973086975191,3846,0,1
"z[17,7]",0.959555555555556,0.197021109093834,0,1,1,1,1,1.00370346159982,3183,1,1
"z[18,7]",0.970444444444444,0.169376503362579,0,1,1,1,1,1.00345992070601,4500,1,1
"z[19,7]",0.390222222222222,0.487854208528772,0,0,0,1,1,1.00011898823486,4500,1,1
"z[20,7]",0.957333333333333,0.202126943226378,0,1,1,1,1,1.00219077850328,4500,1,1
"z[21,7]",0.967333333333333,0.177782392941008,0,1,1,1,1,1.02228553805486,682,1,1
"z[22,7]",0.980888888888889,0.136930797191431,1,1,1,1,1,1.00308921729194,4500,0,1
"z[23,7]",0.985111111111111,0.121121715563244,1,1,1,1,1,1.00320866860171,4500,0,1
"z[24,7]",0.987333333333333,0.111843649799372,1,1,1,1,1,1.00013974300809,4500,0,1
"z[25,7]",0.916666666666667,0.276416113804279,0,1,1,1,1,1.00576888537773,1073,1,1
"z[26,7]",0.964888888888889,0.18408109945566,0,1,1,1,1,1.00187318412829,4500,1,1
"z[27,7]",0.968888888888889,0.173637293967947,0,1,1,1,1,1.0004268398631,4500,1,1
"z[28,7]",1,0,1,1,1,1,1,NA,1,0,1
"z[29,7]",1,0,1,1,1,1,1,NA,1,0,1
"z[30,7]",0.974444444444444,0.157822698772571,0,1,1,1,1,1.00843424915949,2262,1,1
"z[31,7]",0.969555555555556,0.171825903655918,0,1,1,1,1,1.00409750028208,3808,1,1
"z[32,7]",0.974888888888889,0.15647998127484,0.475000000000009,1,1,1,1,1.00704094425356,2740,0,1
"z[33,7]",1,0,1,1,1,1,1,NA,1,0,1
"z[34,7]",1,0,1,1,1,1,1,NA,1,0,1
"z[35,7]",1,0,1,1,1,1,1,NA,1,0,1
"z[36,7]",1,0,1,1,1,1,1,NA,1,0,1
"z[37,7]",1,0,1,1,1,1,1,NA,1,0,1
"z[38,7]",1,0,1,1,1,1,1,NA,1,0,1
"z[39,7]",1,0,1,1,1,1,1,NA,1,0,1
"z[40,7]",1,0,1,1,1,1,1,NA,1,0,1
"z[41,7]",0.989777777777778,0.100598097789677,1,1,1,1,1,1.00421936165027,4500,0,1
"z[42,7]",0.987111111111111,0.11280777163711,1,1,1,1,1,1.00526591554822,4500,0,1
"z[43,7]",0.950666666666667,0.216587118720284,0,1,1,1,1,1.00178603039626,4500,1,1
"z[44,7]",0.972888888888889,0.162425248725456,0,1,1,1,1,1.00602818494468,2952,1,1
"z[45,7]",0.954444444444444,0.208542349028494,0,1,1,1,1,1.00191039109213,4500,1,1
"z[46,7]",0.967333333333333,0.177782392941008,0,1,1,1,1,1.00195772172059,4500,1,1
"z[47,7]",0.986,0.11750348180963,1,1,1,1,1,1.00468645065246,4500,0,1
"z[48,7]",1,0,1,1,1,1,1,NA,1,0,1
"z[49,7]",0.982,0.132965893646013,1,1,1,1,1,1.01728836187733,1571,0,1
"z[50,7]",1,0,1,1,1,1,1,NA,1,0,1
"z[51,7]",1,0,1,1,1,1,1,NA,1,0,1
"z[52,7]",1,0,1,1,1,1,1,NA,1,0,1
"z[53,7]",1,0,1,1,1,1,1,NA,1,0,1
"z[54,7]",1,0,1,1,1,1,1,NA,1,0,1
"z[55,7]",0.986888888888889,0.113763288874888,1,1,1,1,1,1.01111921719196,3318,0,1
"z[56,7]",1,0,1,1,1,1,1,NA,1,0,1
"z[57,7]",0.953111111111111,0.211424346699986,0,1,1,1,1,1.00594402098927,1772,1,1
"z[58,7]",1,0,1,1,1,1,1,NA,1,0,1
"z[59,7]",1,0,1,1,1,1,1,NA,1,0,1
"z[60,7]",1,0,1,1,1,1,1,NA,1,0,1
"z[61,7]",1,0,1,1,1,1,1,NA,1,0,1
"z[62,7]",1,0,1,1,1,1,1,NA,1,0,1
"z[63,7]",1,0,1,1,1,1,1,NA,1,0,1
"z[64,7]",1,0,1,1,1,1,1,NA,1,0,1
"z[65,7]",1,0,1,1,1,1,1,NA,1,0,1
"z[66,7]",1,0,1,1,1,1,1,NA,1,0,1
"z[67,7]",1,0,1,1,1,1,1,NA,1,0,1
"z[68,7]",1,0,1,1,1,1,1,NA,1,0,1
"z[69,7]",1,0,1,1,1,1,1,NA,1,0,1
"z[70,7]",1,0,1,1,1,1,1,NA,1,0,1
"z[71,7]",1,0,1,1,1,1,1,NA,1,0,1
"z[72,7]",1,0,1,1,1,1,1,NA,1,0,1
"z[73,7]",1,0,1,1,1,1,1,NA,1,0,1
"z[74,7]",1,0,1,1,1,1,1,NA,1,0,1
"z[75,7]",1,0,1,1,1,1,1,NA,1,0,1
"z[76,7]",1,0,1,1,1,1,1,NA,1,0,1
"z[77,7]",1,0,1,1,1,1,1,NA,1,0,1
"z[78,7]",1,0,1,1,1,1,1,NA,1,0,1
"z[79,7]",1,0,1,1,1,1,1,NA,1,0,1
"z[80,7]",1,0,1,1,1,1,1,NA,1,0,1
"z[81,7]",1,0,1,1,1,1,1,NA,1,0,1
"z[82,7]",1,0,1,1,1,1,1,NA,1,0,1
"z[83,7]",0.505777777777778,0.500022177276067,0,0,1,1,1,1.00012491459934,4368,1,1
"z[84,7]",0.977111111111111,0.149565901047889,1,1,1,1,1,1.00793160525588,2681,0,1
"z[85,7]",0.974888888888889,0.15647998127484,0.475000000000009,1,1,1,1,1.01631537106652,1204,0,1
"z[86,7]",1,0,1,1,1,1,1,NA,1,0,1
"z[87,7]",1,0,1,1,1,1,1,NA,1,0,1
"z[88,7]",1,0,1,1,1,1,1,NA,1,0,1
"z[89,7]",1,0,1,1,1,1,1,NA,1,0,1
"z[90,7]",1,0,1,1,1,1,1,NA,1,0,1
"z[91,7]",1,0,1,1,1,1,1,NA,1,0,1
"z[92,7]",1,0,1,1,1,1,1,NA,1,0,1
"z[93,7]",1,0,1,1,1,1,1,NA,1,0,1
"z[94,7]",1,0,1,1,1,1,1,NA,1,0,1
"z[95,7]",0.876,0.329618179158867,0,1,1,1,1,0.999936581703856,4500,1,1
"z[96,7]",1,0,1,1,1,1,1,NA,1,0,1
"z[97,7]",1,0,1,1,1,1,1,NA,1,0,1
"z[98,7]",1,0,1,1,1,1,1,NA,1,0,1
"z[99,7]",1,0,1,1,1,1,1,NA,1,0,1
"z[100,7]",1,0,1,1,1,1,1,NA,1,0,1
"z[101,7]",1,0,1,1,1,1,1,NA,1,0,1
"z[102,7]",0.982222222222222,0.132157518294075,1,1,1,1,1,1.00071789145255,4500,0,1
"z[103,7]",0.983333333333333,0.128033322512951,1,1,1,1,1,1.00540742265497,4500,0,1
"z[104,7]",1,0,1,1,1,1,1,NA,1,0,1
"z[105,7]",1,0,1,1,1,1,1,NA,1,0,1
"z[106,7]",1,0,1,1,1,1,1,NA,1,0,1
"z[107,7]",1,0,1,1,1,1,1,NA,1,0,1
"z[108,7]",1,0,1,1,1,1,1,NA,1,0,1
"z[109,7]",1,0,1,1,1,1,1,NA,1,0,1
"z[110,7]",1,0,1,1,1,1,1,NA,1,0,1
"z[111,7]",1,0,1,1,1,1,1,NA,1,0,1
"z[112,7]",0.990888888888889,0.0950268670194558,1,1,1,1,1,1.01069346456887,4500,0,1
"z[113,7]",1,0,1,1,1,1,1,NA,1,0,1
"z[114,7]",1,0,1,1,1,1,1,NA,1,0,1
"z[115,7]",1,0,1,1,1,1,1,NA,1,0,1
"z[116,7]",0.947111111111111,0.223836521313966,0,1,1,1,1,1.00044370116076,4500,1,1
"z[117,7]",0.975111111111111,0.155803807734777,1,1,1,1,1,1.00171377060499,4500,0,1
"z[118,7]",0.970222222222222,0.169992598048771,0,1,1,1,1,1.00446497255215,3590,1,1
"z[119,7]",1,0,1,1,1,1,1,NA,1,0,1
"z[120,7]",0.972888888888889,0.162425248725456,0,1,1,1,1,1.00034000883688,4500,1,1
"z[121,7]",1,0,1,1,1,1,1,NA,1,0,1
"z[122,7]",0.996222222222222,0.0613542394088465,1,1,1,1,1,1.04971765239977,2459,0,1
"z[123,7]",0.989777777777778,0.100598097789677,1,1,1,1,1,1.01129919799033,4182,0,1
"z[124,7]",0.991333333333333,0.0927009450571682,1,1,1,1,1,1.00066835234467,4500,0,1
"z[125,7]",1,0,1,1,1,1,1,NA,1,0,1
"z[126,7]",0.976666666666667,0.15097666777369,1,1,1,1,1,1.00491381754327,4158,0,1
"z[127,7]",1,0,1,1,1,1,1,NA,1,0,1
"z[128,7]",1,0,1,1,1,1,1,NA,1,0,1
"z[129,7]",1,0,1,1,1,1,1,NA,1,0,1
"z[130,7]",1,0,1,1,1,1,1,NA,1,0,1
"z[131,7]",1,0,1,1,1,1,1,NA,1,0,1
"z[132,7]",0.0648888888888889,0.246357074296865,0,0,0,0,1,1.00139775549577,4500,1,1
"z[133,7]",1,0,1,1,1,1,1,NA,1,0,1
"z[134,7]",1,0,1,1,1,1,1,NA,1,0,1
"z[135,7]",0.989555555555556,0.10167426066326,1,1,1,1,1,1.00675308325243,4500,0,1
"z[136,7]",0.984666666666667,0.122888478420367,1,1,1,1,1,1.00193216839089,4500,0,1
"z[137,7]",1,0,1,1,1,1,1,NA,1,0,1
"z[138,7]",0.970888888888889,0.168136660277006,0,1,1,1,1,1.01069040230656,1586,1,1
"z[139,7]",1,0,1,1,1,1,1,NA,1,0,1
"z[140,7]",1,0,1,1,1,1,1,NA,1,0,1
"z[141,7]",1,0,1,1,1,1,1,NA,1,0,1
"z[142,7]",1,0,1,1,1,1,1,NA,1,0,1
"z[143,7]",1,0,1,1,1,1,1,NA,1,0,1
"z[144,7]",1,0,1,1,1,1,1,NA,1,0,1
"z[145,7]",0.992666666666667,0.0853297931213479,1,1,1,1,1,1.01738142819924,3781,0,1
"z[146,7]",0.991555555555556,0.0915150092219534,1,1,1,1,1,1.00212190440097,4500,0,1
"z[147,7]",1,0,1,1,1,1,1,NA,1,0,1
"z[148,7]",1,0,1,1,1,1,1,NA,1,0,1
"z[149,7]",0.985777777777778,0.118419030794728,1,1,1,1,1,1.01489000196659,2291,0,1
"z[150,7]",0.962666666666667,0.189598375253176,0,1,1,1,1,1.00314309106971,3978,1,1
"z[151,7]",0.964888888888889,0.18408109945566,0,1,1,1,1,1.00379845244543,3556,1,1
"z[152,7]",1,0,1,1,1,1,1,NA,1,0,1
"z[153,7]",1,0,1,1,1,1,1,NA,1,0,1
"z[154,7]",1,0,1,1,1,1,1,NA,1,0,1
"z[155,7]",1,0,1,1,1,1,1,NA,1,0,1
"z[156,7]",1,0,1,1,1,1,1,NA,1,0,1
"z[157,7]",1,0,1,1,1,1,1,NA,1,0,1
"z[158,7]",1,0,1,1,1,1,1,NA,1,0,1
"z[159,7]",1,0,1,1,1,1,1,NA,1,0,1
"z[160,7]",1,0,1,1,1,1,1,NA,1,0,1
"z[161,7]",0.969333333333333,0.17243210118093,0,1,1,1,1,1.00968127973425,1659,1,1
"z[162,7]",1,0,1,1,1,1,1,NA,1,0,1
"z[163,7]",1,0,1,1,1,1,1,NA,1,0,1
"z[164,7]",1,0,1,1,1,1,1,NA,1,0,1
"z[165,7]",1,0,1,1,1,1,1,NA,1,0,1
"z[166,7]",0.993111111111111,0.0827221418662089,1,1,1,1,1,1.01565025952896,4470,0,1
"z[167,7]",0.503333333333333,0.500044452347172,0,0,1,1,1,0.999712826538472,4500,1,1
"z[168,7]",0.974222222222222,0.158489324311835,0,1,1,1,1,1.00449640886463,4102,1,1
"z[169,7]",0.969333333333333,0.17243210118093,0,1,1,1,1,1.00375829525304,4096,1,1
"z[170,7]",0.979111111111111,0.143028281223349,1,1,1,1,1,1.00604152553921,3801,0,1
"z[171,7]",1,0,1,1,1,1,1,NA,1,0,1
"z[172,7]",1,0,1,1,1,1,1,NA,1,0,1
"z[173,7]",1,0,1,1,1,1,1,NA,1,0,1
"z[174,7]",1,0,1,1,1,1,1,NA,1,0,1
"z[175,7]",1,0,1,1,1,1,1,NA,1,0,1
"z[176,7]",1,0,1,1,1,1,1,NA,1,0,1
"z[177,7]",1,0,1,1,1,1,1,NA,1,0,1
"z[178,7]",0.967777777777778,0.176609404971474,0,1,1,1,1,1.00544605796596,2759,1,1
"z[179,7]",0.944222222222222,0.229517588820724,0,1,1,1,1,1.01124291448427,808,1,1
"z[180,7]",0.995777777777778,0.0648485125458765,1,1,1,1,1,1.00106030922822,4500,0,1
"z[181,7]",1,0,1,1,1,1,1,NA,1,0,1
"z[182,7]",1,0,1,1,1,1,1,NA,1,0,1
"z[183,7]",1,0,1,1,1,1,1,NA,1,0,1
"z[184,7]",1,0,1,1,1,1,1,NA,1,0,1
"z[185,7]",1,0,1,1,1,1,1,NA,1,0,1
"z[186,7]",0.978444444444444,0.14524324938423,1,1,1,1,1,1.00237476476169,4500,0,1
"z[187,7]",0.916222222222222,0.277085046671742,0,1,1,1,1,1.00039999719888,4500,1,1
"z[188,7]",1,0,1,1,1,1,1,NA,1,0,1
"z[189,7]",1,0,1,1,1,1,1,NA,1,0,1
"z[190,7]",1,0,1,1,1,1,1,NA,1,0,1
"z[191,7]",1,0,1,1,1,1,1,NA,1,0,1
"z[192,7]",0.957111111111111,0.202629110007349,0,1,1,1,1,1.01210526150386,969,1,1
"z[193,7]",0.965777777777778,0.181819713016199,0,1,1,1,1,1.00144923031121,4500,1,1
"z[194,7]",0.984,0.125489041132367,1,1,1,1,1,1.00085961663226,4500,0,1
"z[195,7]",0.967333333333333,0.177782392941008,0,1,1,1,1,1.0054741318097,2701,1,1
"z[196,7]",0.0766666666666667,0.266091381389197,0,0,0,0,1,1.00024324147815,4500,1,1
"z[197,7]",1,0,1,1,1,1,1,NA,1,0,1
"z[198,7]",1,0,1,1,1,1,1,NA,1,0,1
"z[199,7]",1,0,1,1,1,1,1,NA,1,0,1
"z[200,7]",1,0,1,1,1,1,1,NA,1,0,1
"deviance",3181.57338373994,26.5796055010621,3134.23721066318,3163.04745225149,3180.14188019276,3198.11603318061,3238.45886051934,0.999876082177744,4500,0,1
