"parameter","mean","sd","2.5%","25%","50%","75%","97.5%","Rhat","n.eff","overlap0","f"
"a.psi[1]",-0.768565957236512,1.03399592060262,-2.49579664047784,-1.45081226687072,-0.895511791387368,-0.245857881556203,1.68528758416898,0.999924772740969,4500,1,0.812666666666667
"a.psi[2]",1.06743287604999,0.549095841716211,0.0317420415736569,0.69148471134087,1.05163351789342,1.41917110834928,2.18652689806012,1.00130987336666,2912,0,0.978
"a.psi[3]",-0.0731194967931814,0.417891417120063,-0.861891977959285,-0.35107627113532,-0.0774672213103772,0.205279361167529,0.75520309549439,0.999978959505221,4500,1,0.571111111111111
"a.psi[4]",2.10893614900747,0.66205865778544,0.964042669999548,1.65476333261846,2.05308576510613,2.48961828486324,3.6081436965357,1.00069876083807,2762,0,1
"a.psi[5]",1.80352432350215,0.662512522156197,0.658336938916016,1.34629664793508,1.74377908069336,2.17413938965965,3.32817223670449,1.00123970105397,2400,0,1
"b.psi.elev",-0.639988279363624,0.302446129419313,-1.23632615974449,-0.839737460983984,-0.636602005467148,-0.439200962707345,-0.0519037280809312,1.00084727512426,1800,0,0.982
"b.psi.water",-0.454293431602031,0.260942395871887,-0.972946146419583,-0.620698819913734,-0.450328242706182,-0.279994402215054,0.0503862540515329,1.00061196078707,2548,1,0.963777777777778
"a.gam[1]",-1.06426044190432,0.657604780913872,-2.29430323458041,-1.50045800214305,-1.09370112251463,-0.650918001532173,0.333686700906155,1.00081575457954,4500,1,0.946
"a.gam[2]",0.776848707633221,0.505681989861899,-0.204060794006607,0.441915415239304,0.774598584395941,1.11385631590832,1.77690715341272,1.00089530598311,1732,1,0.938444444444444
"a.gam[3]",-1.9942665503371,0.40438895256266,-2.85731841753918,-2.23721864279938,-1.9767119421846,-1.73140305706137,-1.23192626342966,1.00101158305295,1532,0,1
"a.gam[4]",-0.273312831781863,0.533729355639788,-1.36793696706249,-0.610115926160394,-0.264207140490491,0.0910843590007849,0.739837994985965,1.00088183310317,2217,1,0.691111111111111
"a.gam[5]",-0.0864405507196603,0.667780272802933,-1.43767419849019,-0.507757631928698,-0.079350131066417,0.346460804364123,1.21732449632791,1.00037397378171,4143,1,0.544222222222222
"b.gam.elev",-0.740249890900534,0.276010801967646,-1.29641738949284,-0.92302011955701,-0.736264637815888,-0.558217882174096,-0.206412316035205,1.00165540210463,1225,0,0.997111111111111
"b.gam.water",0.00483642005838818,0.223936749802849,-0.424377003407894,-0.144520014038884,-0.00468165605643488,0.15228891486908,0.455719229710886,1.00005099062167,4500,1,0.493333333333333
"b.gam.road",-0.325197257637547,0.212148997614479,-0.741590917788508,-0.468893595355149,-0.321730680374606,-0.185555064321971,0.0933862643737451,1.00109307128569,1536,1,0.939555555555556
"b.gam.harv",-0.0140998330635798,0.176300286364326,-0.363617068475027,-0.131664083457893,-0.0124093985941612,0.102311269129804,0.329507691989164,1.00269431897664,677,1,0.532888888888889
"a.phi[1]",-0.142013962432915,0.906789342434068,-1.86926503087427,-0.730011969609105,-0.178480915211655,0.379748823569064,1.86278196611192,0.999754249873469,4500,1,0.59
"a.phi[2]",2.17360255856985,0.613058723094579,0.779653020909292,1.83745052383379,2.23774978972809,2.58723939224449,3.20892854417914,1.00060024323172,3913,0,0.996444444444444
"a.phi[3]",0.247307550250332,0.625116280596763,-1.19766969455033,-0.104975195414079,0.324410303019662,0.679180175491154,1.26578275301449,1.00117594398514,2244,1,0.705111111111111
"a.phi[4]",2.68245058304774,0.711862665228091,1.07426033098754,2.24868064444252,2.73280930105187,3.16750412514321,3.93740837189212,0.999873895643513,4500,0,0.999333333333333
"a.phi[5]",2.89624148944979,0.810703001639096,1.29250659421684,2.39151978656321,2.88890014569046,3.41482108957912,4.47462072496671,1.00068598465847,4083,0,0.999555555555556
"b.phi.elev",-0.908739193116684,0.233216527866419,-1.37768071058584,-1.06036529300381,-0.906986020105527,-0.753981868098782,-0.453245374316901,1.00004545424675,4500,0,1
"b.phi.water",-0.146331347820557,0.196154548118131,-0.537247150689646,-0.276123174961393,-0.147251579718294,-0.0173872988800694,0.229936950848242,1.00004215745771,4500,1,0.775555555555556
"b.phi.road",0.352885219258973,0.192517735767433,-0.0219382906533527,0.221234613021061,0.350093309578107,0.478941769909488,0.744993138317393,1.00075633342145,2164,1,0.969777777777778
"b.phi.harv",-0.226331652134685,0.1837857862794,-0.603799757981697,-0.347957040309129,-0.220533557820956,-0.099909790888983,0.119787542517607,1.00073038207334,2179,1,0.898
"a.p",0.659330486206866,0.238085596074537,0.20414015166664,0.51018397837822,0.654106531899104,0.798113213000587,1.15778896718316,1.00515024854711,792,0,0.995333333333333
"b.p.ak",-0.822015218775724,0.227357563996399,-1.27074431645019,-0.975148358587876,-0.821532113748221,-0.6687080149689,-0.38015034425978,1.00006448933246,4500,0,1
"b.p.clutter",0.266579845184727,0.0458511223629554,0.17525904413629,0.234406942532195,0.26611315082926,0.297297557208298,0.355703756212344,0.99999962472322,4500,0,1
"b.p.temp",0.135440883242565,0.0484515232251525,0.0383111339015291,0.103231444757925,0.136170408662457,0.167292550453558,0.231489388262383,1.00013976134614,4500,0,0.997555555555556
"b.p.julian",-0.198559034484137,0.0481804344825782,-0.289171541714395,-0.231656178582743,-0.198991788051327,-0.166103667134309,-0.103436228097049,0.999824517013304,4500,0,1
"sigma.gam",0.357237459841063,0.308566400940375,0.0127028247792588,0.136865729457637,0.281882362297545,0.486662848774923,1.1638032375173,1.0076400310155,1287,0,1
"sigma.phi",1.00225512148743,0.772180516256023,0.0579021271579461,0.495476887253298,0.847597497987975,1.31829554662393,2.92278588112713,1.00327537581924,4500,0,1
"sigma.p",0.623423221798607,0.242979574339949,0.317275284990639,0.457252716245736,0.572715107858586,0.728563434441184,1.2394241323535,1.00102966225909,4500,0,1
"eps.gam[1]",-0.12831480933036,0.346056381301857,-0.987651458294527,-0.271212028353969,-0.0526385169398621,0.0533128970873146,0.446905136721727,1.00398209910624,1185,1,0.625111111111111
"eps.gam[2]",0.0986774437238338,0.315090559273916,-0.501192677887008,-0.0573469477206942,0.0438827448733159,0.24696119352859,0.824109440711473,1.00090433188791,2362,1,0.612666666666667
"eps.gam[3]",0.0631097733434799,0.299544694616054,-0.547675862596448,-0.0748154358073138,0.029891376494845,0.2025171450548,0.734221354282626,1.00008065296802,4500,1,0.589111111111111
"eps.gam[4]",0.0375441165448222,0.320508850575561,-0.635784553040639,-0.100668774606707,0.0145187275545046,0.177104380142385,0.767976406711365,1.00101283290686,3850,1,0.545777777777778
"eps.gam[5]",-0.0806192660776038,0.306462914613806,-0.801381807282097,-0.213779519047811,-0.0324155796714752,0.0704736085768111,0.497656867270975,1.00236872534326,3833,1,0.590888888888889
"eps.gam[6]",-0.185103503497532,0.353611622665092,-1.07662154549787,-0.340052839069383,-0.0906118917845814,0.0165680642634317,0.35229706371375,1.00197573212283,1692,1,0.692222222222222
"eps.phi[1]",-0.408119006331383,0.59507304825026,-1.50223087087393,-0.798285351118054,-0.401781092531704,-0.0412359932618061,0.874484002409008,1.00002165420476,4500,1,0.786222222222222
"eps.phi[2]",0.951285222676806,0.996902280902039,-0.244639430064897,0.211192933876909,0.735106939233888,1.44230470850573,3.28271133976108,1.0010309916486,4500,1,0.880222222222222
"eps.phi[3]",0.358190784014942,0.615221297205707,-0.549480281677287,-0.045759891753129,0.213970995231859,0.68417997975418,1.86712200981022,1.00022614716605,4500,1,0.698
"eps.phi[4]",0.710478594685487,0.698148588987546,-0.251896676223715,0.167271617952998,0.579516815781265,1.11970990990506,2.35911088188593,1.00008568427924,4500,1,0.873111111111111
"eps.phi[5]",0.927328577655076,0.762790610816421,-0.101877435942321,0.322012429549992,0.823893548512671,1.36448913921539,2.72275884989553,1.00028558195577,4500,1,0.929333333333333
"eps.phi[6]",0.358145176200934,0.608375111089551,-0.564634014481848,-0.0437174180920378,0.223677593114776,0.670175023177893,1.8838241103629,1.00082819229359,3629,1,0.697333333333333
"eps.p[1]",-0.562065703443986,0.258986148760743,-1.11581878175176,-0.715142537274588,-0.553337320037107,-0.392626489380945,-0.0772964156571269,1.00312148895183,1222,0,0.988222222222222
"eps.p[2]",-0.718231222443294,0.272561034450055,-1.29581828275033,-0.882296386556054,-0.706784635575648,-0.536018626453161,-0.216212485637825,1.00190472199434,1334,0,0.997111111111111
"eps.p[3]",-0.130686518667772,0.256879458599301,-0.659421241041089,-0.288746629186563,-0.123731904815313,0.0360491017077324,0.359507229217254,1.00514151536909,1000,1,0.700666666666667
"eps.p[4]",0.254346388532721,0.256528827761493,-0.301878219532293,0.0987930529494046,0.26024908492255,0.420267127428938,0.739423103550434,1.00333072057947,938,1,0.850888888888889
"eps.p[5]",0.235778359440332,0.256121917524007,-0.280849569424591,0.0743321523546751,0.240458750047933,0.400965260533467,0.728792626874448,1.00246498316964,2278,1,0.834888888888889
"eps.p[6]",0.566287597358836,0.261884470065097,0.0295093239187955,0.401159283538307,0.570227784512181,0.728201664506811,1.08201294919367,1.0029325993866,1062,0,0.980888888888889
"eps.p[7]",0.356833530860988,0.261325643088908,-0.1703493721632,0.19056657879835,0.361789943986814,0.522164191416312,0.873988911498488,1.00305223210824,916,1,0.919111111111111
"psi.fs[1]",0.672493333333333,0.0328330890404988,0.61,0.65,0.67,0.695,0.74,1.00136413401152,1283,0,1
"psi.fs[2]",0.596707777777778,0.0443665768116189,0.515,0.565,0.595,0.63,0.68,1.00006619827046,4500,0,1
"psi.fs[3]",0.682623333333333,0.0210565372681461,0.64,0.67,0.68,0.695,0.725,0.999933397051094,4500,0,1
"psi.fs[4]",0.679832222222222,0.01654503662408,0.65,0.67,0.68,0.69,0.715,1.00039596094516,4500,0,1
"psi.fs[5]",0.700486666666667,0.0168346045982803,0.67,0.69,0.7,0.71,0.735,1.00033095772273,4500,0,1
"psi.fs[6]",0.711295555555556,0.0132049761875104,0.685,0.705,0.71,0.72,0.735,1.00028177233306,4500,0,1
"psi.fs[7]",0.672146666666667,0.0166088266568172,0.64,0.66,0.67,0.685,0.705,1.00001139641489,4500,0,1
"psi.surv[1]",0.689141055949567,0.02641446300318,0.645390070921986,0.666666666666667,0.687943262411348,0.709219858156028,0.74468085106383,1.00053266608277,3412,0,1
"psi.surv[2]",0.628148148148148,0.0413304912394048,0.553333333333333,0.6,0.626666666666667,0.66,0.706666666666667,1.00062382813985,4500,0,1
"psi.surv[3]",0.740550653594771,0.0167121525734381,0.713235294117647,0.727941176470588,0.742647058823529,0.75,0.779411764705882,0.999807644144504,4500,0,1
"psi.surv[4]",0.696310559006211,0.012697645850855,0.677018633540373,0.68944099378882,0.695652173913043,0.701863354037267,0.726708074534162,1.00022574742405,3714,0,1
"psi.surv[5]",0.831297491039427,0.0121728995695978,0.814516129032258,0.82258064516129,0.830645161290323,0.838709677419355,0.854838709677419,1.00027181250437,4489,0,1
"psi.surv[6]",0.697984239558708,0.00459079349973729,0.695035460992908,0.695035460992908,0.695035460992908,0.702127659574468,0.709219858156028,0.99983877234135,4500,0,1
"psi.surv[7]",0.661954911433172,0.0106683562865521,0.644927536231884,0.652173913043478,0.659420289855073,0.666666666666667,0.688405797101449,0.999818139351667,4500,0,1
"n.occ[1]",134.498666666667,6.56661780809975,122,130,134,139,148,1.00136413401152,1283,0,1
"n.occ[2]",119.341555555556,8.87331536232378,103,113,119,126,136,1.00006619827046,4500,0,1
"n.occ[3]",136.524666666667,4.21130745362923,128,134,136,139,145,0.999933397051093,4500,0,1
"n.occ[4]",135.966444444444,3.309007324816,130,134,136,138,143,1.00039596094516,4500,0,1
"n.occ[5]",140.097333333333,3.36692091965606,134,138,140,142,147,1.00033095772273,4500,0,1
"n.occ[6]",142.259111111111,2.64099523750208,137,141,142,144,147,1.00028177233306,4500,0,1
"n.occ[7]",134.429333333333,3.32176533136345,128,132,134,137,141,1.00001139641489,4500,0,1
"psi.reg[1,1]",0.481096296296296,0.177745251525496,0.266666666666667,0.333333333333333,0.466666666666667,0.6,0.933333333333333,1.00030268292817,4500,0,1
"psi.reg[2,1]",0.612962962962963,0.0662793292847441,0.487179487179487,0.564102564102564,0.615384615384615,0.666666666666667,0.743589743589744,1.00084703819473,1874,0,1
"psi.reg[3,1]",0.480674074074074,0.0661578713350575,0.35,0.433333333333333,0.483333333333333,0.516666666666667,0.616666666666667,1.00084008264118,2572,0,1
"psi.reg[4,1]",0.841360269360269,0.0539632672355333,0.727272727272727,0.818181818181818,0.848484848484849,0.878787878787879,0.939393939393939,0.999899358988921,4500,0,1
"psi.reg[5,1]",0.882477987421384,0.0453628596714342,0.792452830188679,0.849056603773585,0.886792452830189,0.905660377358491,0.962264150943396,0.999897678934302,4500,0,1
"psi.reg[1,2]",0.393733333333333,0.110924316077055,0.2,0.333333333333333,0.4,0.466666666666667,0.666666666666667,1.00050326436999,4500,0,1
"psi.reg[2,2]",0.677367521367521,0.0498577549947413,0.58974358974359,0.641025641025641,0.666666666666667,0.717948717948718,0.769230769230769,1.00019984365545,4500,0,1
"psi.reg[3,2]",0.305292592592593,0.0600936581784885,0.2,0.266666666666667,0.3,0.35,0.433333333333333,0.999923762009456,4500,0,1
"psi.reg[4,2]",0.703030303030303,0.0818285214100675,0.545454545454545,0.636363636363636,0.696969696969697,0.757575757575758,0.848484848484849,1.00067628258482,4487,0,1
"psi.reg[5,2]",0.858503144654088,0.0566666443322895,0.735849056603774,0.811320754716981,0.867924528301887,0.905660377358491,0.943396226415094,1.00059691774765,3965,0,1
"psi.reg[1,3]",0.465481481481481,0.122991443360646,0.266666666666667,0.4,0.466666666666667,0.533333333333333,0.733333333333333,1.00141734498804,1850,0,1
"psi.reg[2,3]",0.76180056980057,0.0387442845106607,0.692307692307692,0.743589743589744,0.769230769230769,0.794871794871795,0.846153846153846,1.000243257577,3986,0,1
"psi.reg[3,3]",0.357907407407407,0.0436377600291593,0.266666666666667,0.333333333333333,0.35,0.383333333333333,0.45,0.999956358166782,4500,0,1
"psi.reg[4,3]",0.864632996632997,0.0242961327751776,0.818181818181818,0.848484848484849,0.878787878787879,0.878787878787879,0.909090909090909,1.00004417765867,4500,0,1
"psi.reg[5,3]",0.940092243186583,0.0213156312480599,0.905660377358491,0.924528301886792,0.943396226415094,0.962264150943396,0.981132075471698,1.00046511158745,3405,0,1
"psi.reg[1,4]",0.428355555555556,0.111664035315713,0.266666666666667,0.333333333333333,0.4,0.466666666666667,0.666666666666667,1.00098489338592,4085,0,1
"psi.reg[2,4]",0.820535612535612,0.0290932031604827,0.769230769230769,0.794871794871795,0.82051282051282,0.846153846153846,0.871794871794872,1.0000492559884,4500,0,1
"psi.reg[3,4]",0.352866666666667,0.0291504516787308,0.3,0.333333333333333,0.35,0.366666666666667,0.416666666666667,1.00008700583694,4500,0,1
"psi.reg[4,4]",0.797703703703704,0.032534387541559,0.727272727272727,0.787878787878788,0.787878787878788,0.818181818181818,0.848484848484849,1.00126451427987,4500,0,1
"psi.reg[5,4]",0.94422641509434,0.0145930550672222,0.905660377358491,0.943396226415094,0.943396226415094,0.962264150943396,0.962264150943396,1.00058789221782,4500,0,1
"psi.reg[1,5]",0.776488888888889,0.0780546742203322,0.6,0.733333333333333,0.8,0.8,0.933333333333333,1.00024637608815,4500,0,1
"psi.reg[2,5]",0.753059829059829,0.0335275467541597,0.692307692307692,0.717948717948718,0.743589743589744,0.769230769230769,0.82051282051282,1.00042768113199,3746,0,1
"psi.reg[3,5]",0.367362962962963,0.0361639391082328,0.3,0.35,0.366666666666667,0.383333333333333,0.45,1.00049482026501,4500,0,1
"psi.reg[4,5]",0.80556228956229,0.0270072277628473,0.757575757575758,0.787878787878788,0.818181818181818,0.818181818181818,0.848484848484849,1.00049509686811,3237,0,1
"psi.reg[5,5]",0.951987421383648,0.0141434890430063,0.924528301886792,0.943396226415094,0.962264150943396,0.962264150943396,0.962264150943396,0.999923471607858,4500,0,1
"psi.reg[1,6]",0.896118518518519,0.04778821191747,0.8,0.866666666666667,0.933333333333333,0.933333333333333,1,1.0004115303582,3744,0,1
"psi.reg[2,6]",0.798,0.0347766876438053,0.717948717948718,0.769230769230769,0.794871794871795,0.82051282051282,0.871794871794872,1.00005263072356,4500,0,1
"psi.reg[3,6]",0.343514814814815,0.0238095676228647,0.3,0.333333333333333,0.35,0.366666666666667,0.383333333333333,1.0000668078798,4500,0,1
"psi.reg[4,6]",0.809447811447811,0.0265021734606555,0.757575757575758,0.787878787878788,0.818181818181818,0.818181818181818,0.878787878787879,1.00057785071809,4500,0,1
"psi.reg[5,6]",0.950427672955975,0.0156974131089307,0.905660377358491,0.943396226415094,0.962264150943396,0.962264150943396,0.962264150943396,0.99976987011475,4500,0,1
"psi.reg[1,7]",0.66722962962963,0.118504420308569,0.466666666666667,0.6,0.666666666666667,0.733333333333333,0.933333333333333,1.0002486566803,4500,0,1
"psi.reg[2,7]",0.767509971509971,0.0343873060188947,0.692307692307692,0.743589743589744,0.769230769230769,0.794871794871795,0.82051282051282,1.00041561071046,4265,0,1
"psi.reg[3,7]",0.2516,0.025653071301024,0.216666666666667,0.233333333333333,0.25,0.266666666666667,0.3,0.999914453792802,4500,0,1
"psi.reg[4,7]",0.847710437710438,0.0243042325653353,0.787878787878788,0.848484848484849,0.848484848484849,0.848484848484849,0.878787878787879,1.00025944170065,4500,0,1
"psi.reg[5,7]",0.970142557651992,0.0236196477326561,0.924528301886792,0.962264150943396,0.981132075471698,0.981132075471698,1,0.999850090751198,4500,0,1
"n.occ.reg[1,1]",7.21644444444444,2.66617877288244,4,5,7,9,14,1.00030268292817,4500,0,1
"n.occ.reg[2,1]",23.9055555555556,2.58489384210502,19,22,24,26,29,1.00084703819473,1874,0,1
"n.occ.reg[3,1]",28.8404444444444,3.96947228010345,21,26,29,31,37,1.00084008264118,2572,0,1
"n.occ.reg[4,1]",27.7648888888889,1.7807878187726,24,27,28,29,31,0.999899358988921,4500,0,1
"n.occ.reg[5,1]",46.7713333333333,2.40423156258601,42,45,47,48,51,0.999897678934302,4500,0,1
"n.occ.reg[1,2]",5.906,1.66386474115582,3,5,6,7,10,1.00050326436999,4500,0,1
"n.occ.reg[2,2]",26.4173333333333,1.94445244479491,23,25,26,28,30,1.00019984365545,4500,0,1
"n.occ.reg[3,2]",18.3175555555556,3.60561949070931,12,16,18,21,26,0.999923762009456,4500,0,1
"n.occ.reg[4,2]",23.2,2.70034120653223,18,21,23,25,28,1.00067628258482,4487,0,1
"n.occ.reg[5,2]",45.5006666666667,3.00333214961134,39,43,46,48,50,1.00059691774765,3965,0,1
"n.occ.reg[1,3]",6.98222222222222,1.84487165040969,4,6,7,8,11,1.00141734498804,1850,0,1
"n.occ.reg[2,3]",29.7102222222222,1.51102709591577,27,29,30,31,33,1.000243257577,3986,0,1
"n.occ.reg[3,3]",21.4744444444444,2.61826560174956,16,20,21,23,27,0.999956358166782,4500,0,1
"n.occ.reg[4,3]",28.5328888888889,0.801772381580862,27,28,29,29,30,1.00004417765866,4500,0,1
"n.occ.reg[5,3]",49.8248888888889,1.12972845614718,48,49,50,51,52,1.00046511158745,3405,0,1
"n.occ.reg[1,4]",6.42533333333333,1.6749605297357,4,5,6,7,10,1.00098489338592,4085,0,1
"n.occ.reg[2,4]",32.0008888888889,1.13463492325883,30,31,32,33,34,1.0000492559884,4500,0,1
"n.occ.reg[3,4]",21.172,1.74902710072384,18,20,21,22,25,1.00008700583694,4500,0,1
"n.occ.reg[4,4]",26.3242222222222,1.07363478887145,24,26,26,27,28,1.00126451427988,4500,0,1
"n.occ.reg[5,4]",50.044,0.773431918562778,48,50,50,51,51,1.00058789221781,4500,0,1
"n.occ.reg[1,5]",11.6473333333333,1.17082011330498,9,11,12,12,14,1.00024637608815,4500,0,1
"n.occ.reg[2,5]",29.3693333333333,1.30757432341223,27,28,29,30,32,1.00042768113199,3746,0,1
"n.occ.reg[3,5]",22.0417777777778,2.16983634649397,18,21,22,23,27,1.00049482026501,4500,0,1
"n.occ.reg[4,5]",26.5835555555556,0.891238516173959,25,26,27,27,28,1.00049509686812,3237,0,1
"n.occ.reg[5,5]",50.4553333333333,0.749604919279336,49,50,51,51,51,0.999923471607858,4500,0,1
"n.occ.reg[1,6]",13.4417777777778,0.716823178762051,12,13,14,14,15,1.0004115303582,3744,0,1
"n.occ.reg[2,6]",31.122,1.35629081810841,28,30,31,32,34,1.00005263072356,4500,0,1
"n.occ.reg[3,6]",20.6108888888889,1.42857405737188,18,20,21,22,23,1.0000668078798,4500,0,1
"n.occ.reg[4,6]",26.7117777777778,0.87457172420163,25,26,27,27,29,1.00057785071809,4500,0,1
"n.occ.reg[5,6]",50.3726666666667,0.831962894773329,48,50,51,51,51,0.999769870114748,4500,0,1
"n.occ.reg[1,7]",10.0084444444444,1.77756630462854,7,9,10,11,14,1.0002486566803,4500,0,1
"n.occ.reg[2,7]",29.9328888888889,1.34110493473689,27,29,30,31,32,1.00041561071046,4265,0,1
"n.occ.reg[3,7]",15.096,1.53918427806144,13,14,15,16,18,0.999914453792802,4500,0,1
"n.occ.reg[4,7]",27.9744444444444,0.802039674656066,26,28,28,28,29,1.00025944170065,4500,0,1
"n.occ.reg[5,7]",51.4175555555556,1.25184132983078,49,51,52,52,53,0.999850090751196,4500,0,1
"psi.reg.init[1]",0.33806633963608,0.198868895407009,0.0761533866499196,0.189876595043198,0.289973698808632,0.438843277545198,0.843602474154503,0.999736349292709,4500,0,1
"psi.reg.init[2]",0.731197725549203,0.101389342632368,0.507934838020188,0.666297114386073,0.741088454697319,0.80520843065247,0.89903306278172,1.00039100022929,4500,0,1
"psi.reg.init[3]",0.482372664729291,0.100044711517319,0.296944264997118,0.413121452594242,0.480642874501214,0.551140379880835,0.680311368933244,0.999957825488435,4500,0,1
"psi.reg.init[4]",0.876542532113159,0.0639682287261368,0.723930483665214,0.839533789668848,0.886259043888182,0.923410807180902,0.973613027367159,1.00140184050439,1565,0,1
"psi.reg.init[5]",0.841174407768434,0.0784857474322161,0.658886705206425,0.793523512980781,0.851166439797107,0.897903059632955,0.965382512957291,1.00057211664031,4289,0,1
"gamma.reg[1,1]",0.253314703372014,0.129360692034911,0.0692488335502638,0.159783079267429,0.230227350841815,0.321794057011728,0.580290071600096,1.00073172613398,4500,0,1
"gamma.reg[2,1]",0.647374448981084,0.119177034842559,0.389495573688034,0.572429160556923,0.658727416271591,0.733380688730153,0.849558950099009,1.00038463566661,4500,0,1
"gamma.reg[3,1]",0.115240986264554,0.0458345070381476,0.0404759669307164,0.0826177833577172,0.110523789117975,0.143226318434731,0.21549105986916,1.00034266724197,3169,0,1
"gamma.reg[4,1]",0.408691919340778,0.132400036756547,0.162824867944336,0.316650070726743,0.404415701889336,0.498789370757977,0.673003936813145,1.00045070324122,2594,0,1
"gamma.reg[5,1]",0.453101227123611,0.159743375316542,0.145228896636471,0.339536485058608,0.451107316421032,0.564276000341192,0.764725380655122,1.00087030219026,1743,0,1
"gamma.reg[1,2]",0.293159188170582,0.135539628096895,0.0952032944491616,0.193260487968573,0.270653523182559,0.370241146297613,0.614389472520531,1.00004375878211,4500,0,1
"gamma.reg[2,2]",0.694332743332197,0.108626792922505,0.460266277651844,0.623729714225789,0.703929939892197,0.773572661050429,0.879376759474383,1.00034953572895,4173,0,1
"gamma.reg[3,2]",0.139393541667418,0.054396522868209,0.0541859365533142,0.101293308896663,0.132459859485265,0.168815751122398,0.269649750507822,1.00120482216579,2357,0,1
"gamma.reg[4,2]",0.460341061181714,0.138477608631286,0.190927174494745,0.364417602485224,0.457992043092167,0.557153916587048,0.730854186296578,1.00032468943875,3245,0,1
"gamma.reg[5,2]",0.503452580247381,0.159687302704744,0.191314155171039,0.394160824877284,0.507687519944013,0.616507801844809,0.803525059986926,1.00058703787894,2645,0,1
"gamma.reg[1,3]",0.286109878579998,0.133672356320961,0.0923405249118401,0.188496669364924,0.263796935041832,0.357237428281761,0.606193355003644,1.00066027562037,4500,0,1
"gamma.reg[2,3]",0.687171352540789,0.110797524767537,0.443743776843183,0.616397982431196,0.696343360015296,0.766169767140548,0.87591864547407,1.00069922013635,2270,0,1
"gamma.reg[3,3]",0.134098144717331,0.0485893717260579,0.055263783882345,0.0999456901950901,0.128934437918011,0.16179114913296,0.245106581009071,1.00127356449536,1744,0,1
"gamma.reg[4,3]",0.451572123410594,0.132402640330787,0.196425810596278,0.360946502608854,0.448434350015119,0.540943291927212,0.717088028536017,1.00034445248915,3202,0,1
"gamma.reg[5,3]",0.495375279896596,0.155800155392399,0.187747071036126,0.388023532545002,0.49787910808035,0.604405987444022,0.789182304567482,1.00034243989461,4105,0,1
"gamma.reg[1,4]",0.280674502227415,0.127064255538919,0.0891724259981439,0.187778756610914,0.257074284150497,0.351324974962685,0.574925123137226,1.00135771111941,2665,0,1
"gamma.reg[2,4]",0.681571848168445,0.114117098435905,0.431868186864583,0.605203505214673,0.693169242273846,0.766283524590778,0.871489783434462,1.00130886356218,1232,0,1
"gamma.reg[3,4]",0.132581638122665,0.0533454058351634,0.0509864707522121,0.0953106269010793,0.126010337057673,0.160444269952307,0.259221189172716,1.00355849915228,802,0,1
"gamma.reg[4,4]",0.445672407748353,0.129111851825071,0.199581377589052,0.356226347368511,0.442540063999908,0.536881637842261,0.697927592310614,1.00054716837539,3999,0,1
"gamma.reg[5,4]",0.489241612747643,0.155082255663312,0.193043399015162,0.380151481491196,0.488305320783805,0.599776119674083,0.779886123187308,0.999832090902879,4500,0,1
"gamma.reg[1,5]",0.259563576476112,0.12303395674856,0.0800425730804768,0.169661331463009,0.237982656002193,0.326866664585024,0.555216145601079,1.00113734342283,4500,0,1
"gamma.reg[2,5]",0.657414856124121,0.117118449281942,0.396154703758517,0.583611155300133,0.669110934495396,0.742969527015031,0.855411613615379,1.00009743175754,4500,0,1
"gamma.reg[3,5]",0.118765791375178,0.0438050291957285,0.0456853180989261,0.0872265149996234,0.114265312887086,0.145525649418667,0.213928430287122,1.0006921696553,2700,0,1
"gamma.reg[4,5]",0.418662254523939,0.126764683398267,0.176881745408638,0.328982389197278,0.416488150988456,0.506297096375325,0.6678969535825,1.00086999423957,2506,0,1
"gamma.reg[5,5]",0.463105593265369,0.155316280712895,0.168445137936549,0.355046068110725,0.460471670767026,0.573533321127019,0.761622770926857,1.00049333673161,2936,0,1
"gamma.reg[1,6]",0.243629400195719,0.124513999208081,0.0649396191155152,0.154555554157084,0.221379206449824,0.308341040045805,0.544659213255426,1.00105472936987,4500,0,1
"gamma.reg[2,6]",0.634948177861668,0.122636913662004,0.363129968230527,0.559647819670536,0.645163866200108,0.723888885009897,0.841554451125556,1.00018763684695,4500,0,1
"gamma.reg[3,6]",0.109178934900416,0.0425433655470028,0.039358576491942,0.0782179622546126,0.105547715249129,0.134942348382947,0.202688982787851,1.00067512499605,2184,0,1
"gamma.reg[4,6]",0.395706009301074,0.12823012392017,0.161193292343224,0.303614138361399,0.391949503294085,0.483909091929103,0.650660707556511,1.00036297009103,3383,0,1
"gamma.reg[5,6]",0.440550473319347,0.159269054278539,0.142181249436363,0.325899918933152,0.439545741695394,0.55334456718724,0.756518100422382,1.00085839960333,2084,0,1
"phi.reg[1,1]",0.382908029042733,0.197383509025273,0.0911495147912512,0.227897638425194,0.34947873388875,0.508521126492799,0.830363183104994,0.999875594305542,4500,0,1
"phi.reg[2,1]",0.837866586793064,0.0807164619729325,0.654462538993921,0.788678805053701,0.851763088909151,0.90044604338162,0.950870781120683,1.00020470504363,4500,0,1
"phi.reg[3,1]",0.462992227950718,0.146764285825483,0.202674814040353,0.352666065384961,0.453588485203731,0.574619326194806,0.745863574913537,1.00027849761662,4500,0,1
"phi.reg[4,1]",0.88676297774731,0.0717564323842604,0.718144252800996,0.844117541988683,0.902333718724614,0.944506808862575,0.979127167058562,1.00198767038984,2578,0,1
"phi.reg[5,1]",0.900079493619521,0.0728296180667164,0.718467838131535,0.859453315332883,0.919447859115551,0.956411652420333,0.987456426887061,1.0011711575769,4266,0,1
"phi.reg[1,2]",0.652381736010419,0.184366658448504,0.297383877389786,0.517264792764068,0.656963913013064,0.796433223503553,0.967640868489071,0.999969781168756,4500,0,1
"phi.reg[2,2]",0.94800181788111,0.0308411915010015,0.877865990348631,0.930256284870206,0.952239239968338,0.971041516736677,0.99344460480702,0.99972485618464,4500,0,1
"phi.reg[3,2]",0.745437768133913,0.112855088286384,0.51770034242861,0.668566271283142,0.746918851664061,0.829247717393744,0.945889671677453,1.00038739871261,4500,0,1
"phi.reg[4,2]",0.96778636547175,0.0203830505444197,0.916960694110294,0.957445387782204,0.971812236114528,0.982551649261985,0.995347204030062,1.00054659401292,4500,0,1
"phi.reg[5,2]",0.971539664946611,0.0213722166242544,0.917776051026799,0.961193586541561,0.976567708460934,0.987376246023282,0.997421889860469,1.00080438523815,4500,0,1
"phi.reg[1,3]",0.540795900952686,0.182416594420934,0.212452733248505,0.405449182909163,0.531559684139102,0.668466901494793,0.909492001286503,0.999813365438999,4500,0,1
"phi.reg[2,3]",0.920358322360638,0.0324524628808789,0.84486816476725,0.901791753911604,0.924588857106278,0.943522337165916,0.970613795532146,1.0002071335832,4500,0,1
"phi.reg[3,3]",0.640377404212468,0.100793141360308,0.43867855966988,0.571176286817761,0.646375593362083,0.713176448931476,0.82061981696012,1.00111353597681,1458,0,1
"phi.reg[4,3]",0.948595007973024,0.0257995147868373,0.885151180013531,0.934870454685868,0.953691771443932,0.967575224761436,0.984650632635266,1.00003968175847,4500,0,1
"phi.reg[5,3]",0.955872333071951,0.0257643933476644,0.892384490089411,0.942165331156303,0.960910617562255,0.974791206719096,0.990896919653178,1.00048653488064,2644,0,1
"phi.reg[1,4]",0.615713003223334,0.171478910581806,0.283408172876542,0.491596619785937,0.615802612374615,0.742635014602077,0.932423619162172,0.999717190815053,4500,0,1
"phi.reg[2,4]",0.940951365692798,0.0278485532346637,0.878137409981503,0.924891447334457,0.945483656958467,0.961572254057145,0.982342456033285,1.0004835314017,3421,0,1
"phi.reg[3,4]",0.712288599441683,0.0964435731239791,0.50479649878517,0.649973911301651,0.717508664854827,0.783176920672106,0.878984724075696,1.00105174265845,1755,0,1
"phi.reg[4,4]",0.962560274116927,0.0205116397066729,0.911425307681155,0.952537523750575,0.96673935311875,0.977274260744693,0.990032249541462,0.999746766110623,4500,0,1
"phi.reg[5,4]",0.967796800567389,0.0202191898251394,0.917883213358652,0.957632167923751,0.97192865026771,0.982316120838953,0.994220164551871,1.00005327393608,4500,0,1
"phi.reg[1,5]",0.66005762261569,0.160274516229917,0.335079389812894,0.547310544754088,0.668115805586673,0.780641545610327,0.942200050174273,0.99970421260524,4500,0,1
"phi.reg[2,5]",0.951007186441243,0.0249314720361744,0.892239263076587,0.936701177569569,0.955497605916538,0.969427874446931,0.987368987261809,1.0003346808039,4500,0,1
"phi.reg[3,5]",0.750394214551018,0.0957082139749663,0.54819889953179,0.687494436750675,0.758130091204119,0.82050553915383,0.913933342103478,1.00053972445529,2538,0,1
"phi.reg[4,5]",0.969363664041445,0.0171410582011737,0.927171955322382,0.96139948712317,0.972766278649029,0.98167897931405,0.992285131007236,1.00013616580131,4500,0,1
"phi.reg[5,5]",0.973547026485498,0.0171132066397344,0.930664802189597,0.965123373143406,0.97724116318392,0.986185852955774,0.995511502851349,1.00029109025275,4500,0,1
"phi.reg[1,6]",0.540503456899897,0.178555014501066,0.224339001420216,0.409306898801407,0.529904292219396,0.664922017214693,0.911773778918326,1.00010598861121,4500,0,1
"phi.reg[2,6]",0.920252014312151,0.0332348385825091,0.841905807788824,0.90231154071907,0.924810904007179,0.944136091079242,0.970160985249412,1.00035039394143,4500,0,1
"phi.reg[3,6]",0.64068460708127,0.0980598820042474,0.4403312838335,0.576060232478603,0.645883208954118,0.709420199730413,0.817895677720984,1.00006448226335,4500,0,1
"phi.reg[4,6]",0.948742242066061,0.0257283616512189,0.886893518086485,0.935865397278293,0.953654805401319,0.96718933660943,0.984316792135814,1.00138838681859,1894,0,1
"phi.reg[5,6]",0.955427347006028,0.0273191145150885,0.888440670944758,0.941790753460298,0.961087974961442,0.975106627921096,0.990978873425514,0.999904348136181,4500,0,1
"ext.reg[1,1]",0.617091970957267,0.197383509025273,0.169636816895005,0.491478873507201,0.65052126611125,0.772102361574806,0.908850485208749,0.999875594305542,4500,0,1
"ext.reg[2,1]",0.162133413206936,0.0807164619729325,0.0491292188793169,0.0995539566183799,0.148236911090849,0.211321194946299,0.345537461006079,1.00020470504363,4500,0,1
"ext.reg[3,1]",0.537007772049282,0.146764285825483,0.254136425086462,0.425380673805194,0.546411514796269,0.647333934615039,0.797325185959647,1.00027849761662,4500,0,1
"ext.reg[4,1]",0.11323702225269,0.0717564323842604,0.020872832941438,0.0554931911374248,0.097666281275386,0.155882458011316,0.281855747199004,1.00198767038984,2578,0,1
"ext.reg[5,1]",0.0999205063804788,0.0728296180667164,0.0125435731129387,0.0435883475796668,0.0805521408844492,0.140546684667117,0.281532161868465,1.0011711575769,4266,0,1
"ext.reg[1,2]",0.347618263989581,0.184366658448504,0.032359131510929,0.203566776496447,0.343036086986936,0.482735207235932,0.702616122610214,0.999969781168756,4500,0,1
"ext.reg[2,2]",0.0519981821188901,0.0308411915010015,0.0065553951929804,0.0289584832633227,0.0477607600316616,0.0697437151297944,0.122134009651369,0.99972485618464,4500,0,1
"ext.reg[3,2]",0.254562231866087,0.112855088286384,0.0541103283225472,0.170752282606256,0.253081148335938,0.331433728716858,0.48229965757139,1.00038739871261,4500,0,1
"ext.reg[4,2]",0.0322136345282498,0.0203830505444197,0.00465279596993792,0.0174483507380146,0.0281877638854724,0.0425546122177958,0.0830393058897059,1.00054659401292,4500,0,1
"ext.reg[5,2]",0.0284603350533885,0.0213722166242544,0.00257811013953055,0.012623753976718,0.023432291539066,0.0388064134584392,0.0822239489732009,1.00080438523815,4500,0,1
"ext.reg[1,3]",0.459204099047314,0.182416594420934,0.0905079987134969,0.331533098505207,0.468440315860898,0.594550817090837,0.787547266751495,0.999813365438999,4500,0,1
"ext.reg[2,3]",0.0796416776393621,0.0324524628808789,0.0293862044678544,0.0564776628340835,0.0754111428937217,0.0982082460883964,0.15513183523275,1.0002071335832,4500,0,1
"ext.reg[3,3]",0.359622595787532,0.100793141360308,0.17938018303988,0.286823551068524,0.353624406637917,0.428823713182239,0.56132144033012,1.00111353597681,1458,0,1
"ext.reg[4,3]",0.0514049920269756,0.0257995147868373,0.0153493673647337,0.0324247752385644,0.0463082285560678,0.0651295453141319,0.114848819986469,1.00003968175847,4500,0,1
"ext.reg[5,3]",0.0441276669280494,0.0257643933476644,0.00910308034682192,0.025208793280904,0.0390893824377453,0.0578346688436971,0.107615509910589,1.00048653488064,2644,0,1
"ext.reg[1,4]",0.384286996776666,0.171478910581806,0.0675763808378278,0.257364985397923,0.384197387625385,0.508403380214063,0.716591827123458,0.999717190815053,4500,0,1
"ext.reg[2,4]",0.0590486343072023,0.0278485532346637,0.0176575439667146,0.0384277459428551,0.0545163430415325,0.0751085526655433,0.121862590018497,1.0004835314017,3421,0,1
"ext.reg[3,4]",0.287711400558317,0.0964435731239791,0.121015275924304,0.216823079327894,0.282491335145173,0.350026088698349,0.49520350121483,1.00105174265845,1755,0,1
"ext.reg[4,4]",0.0374397258830726,0.0205116397066729,0.00996775045853782,0.0227257392553069,0.0332606468812504,0.0474624762494247,0.0885746923188445,0.999746766110623,4500,0,1
"ext.reg[5,4]",0.0322031994326107,0.0202191898251394,0.00577983544812868,0.0176838791610465,0.0280713497322901,0.0423678320762491,0.0821167866413475,1.00005327393608,4500,0,1
"ext.reg[1,5]",0.33994237738431,0.160274516229917,0.0577999498257267,0.219358454389674,0.331884194413327,0.452689455245912,0.664920610187105,0.99970421260524,4500,0,1
"ext.reg[2,5]",0.0489928135587569,0.0249314720361744,0.0126310127381906,0.0305721255530692,0.0445023940834625,0.0632988224304313,0.107760736923413,1.0003346808039,4500,0,1
"ext.reg[3,5]",0.249605785448982,0.0957082139749663,0.086066657896522,0.17949446084617,0.241869908795881,0.312505563249325,0.451801100468209,1.00053972445529,2538,0,1
"ext.reg[4,5]",0.0306363359585552,0.0171410582011737,0.00771486899276352,0.0183210206859503,0.0272337213509714,0.0386005128768298,0.0728280446776182,1.00013616580131,4500,0,1
"ext.reg[5,5]",0.0264529735145018,0.0171132066397344,0.0044884971486514,0.0138141470442259,0.0227588368160798,0.0348766268565936,0.0693351978104031,1.00029109025275,4500,0,1
"ext.reg[1,6]",0.459496543100103,0.178555014501066,0.0882262210816739,0.335077982785307,0.470095707780604,0.590693101198592,0.775660998579784,1.00010598861121,4500,0,1
"ext.reg[2,6]",0.0797479856878486,0.0332348385825091,0.0298390147505884,0.0558639089207574,0.0751890959928209,0.09768845928093,0.158094192211175,1.00035039394143,4500,0,1
"ext.reg[3,6]",0.35931539291873,0.0980598820042474,0.182104322279016,0.290579800269587,0.354116791045882,0.423939767521397,0.5596687161665,1.00006448226335,4500,0,1
"ext.reg[4,6]",0.0512577579339393,0.0257283616512189,0.015683207864186,0.0328106633905703,0.0463451945986809,0.0641346027217074,0.113106481913515,1.00138838681859,1894,0,1
"ext.reg[5,6]",0.0445726529939718,0.0273191145150885,0.00902112657448558,0.0248933720789038,0.0389120250385582,0.058209246539702,0.111559329055242,0.999904348136181,4500,0,1
"mean.gamma.reg[1]",0.26940854150364,0.119279032161242,0.0951103082573097,0.182890980609604,0.249182914651002,0.333488173702961,0.552753629361468,1.00079982046099,4500,0,1
"mean.gamma.reg[2]",0.66713557116805,0.100460957036454,0.454483255661939,0.602194327786409,0.675390984978741,0.740365256068836,0.840125490794593,1.00050312066923,2647,0,1
"mean.gamma.reg[3]",0.124876506174594,0.0381950937411132,0.0576014576451936,0.0977644548474286,0.122442408601833,0.148504787378219,0.207325055565819,1.00149818100639,1331,0,1
"mean.gamma.reg[4]",0.430107629251075,0.11625999233225,0.203694510590129,0.351342655708819,0.428988983837192,0.510556301376227,0.657369846361672,1.00043383236475,2992,0,1
"mean.gamma.reg[5]",0.474137794433324,0.14557782422734,0.188814091427081,0.375139294647013,0.471771599814182,0.576498799325684,0.760348942702955,1.00056787952607,2779,0,1
"mean.phi.reg[1]",0.56539329145746,0.15714060138819,0.285206274454429,0.451583205062841,0.555754680043048,0.670130222352807,0.903237647893843,0.999802723275727,4500,0,1
"mean.phi.reg[2]",0.919739548913501,0.0256790630353697,0.864248142983154,0.904318534225049,0.922167108386906,0.937807661948726,0.962472659928491,0.999872107939735,4500,0,1
"mean.phi.reg[3]",0.658695803561845,0.0711910973147206,0.511891190205242,0.611442075418223,0.66099440706214,0.70870906128569,0.789234444275782,1.00125691013476,1724,0,1
"mean.phi.reg[4]",0.947301755236086,0.0230105689830665,0.893617965150016,0.933221932208827,0.950564374423448,0.964400760908415,0.98218203487292,1.00040617915617,3130,0,1
"mean.phi.reg[5]",0.954043777616167,0.0250565182040513,0.895431972391764,0.939062886264957,0.958018460019869,0.972987716998546,0.990560267708747,1.00024509042935,4286,0,1
"mean.ext.reg[1]",0.43460670854254,0.15714060138819,0.0967623521061568,0.329869777647193,0.444245319956952,0.548416794937159,0.714793725545571,0.999802723275727,4500,0,1
"mean.ext.reg[2]",0.0802604510864993,0.0256790630353697,0.0375273400715092,0.0621923380512737,0.0778328916130938,0.095681465774951,0.135751857016846,0.999872107939735,4500,0,1
"mean.ext.reg[3]",0.341304196438155,0.0711910973147206,0.210765555724218,0.29129093871431,0.33900559293786,0.388557924581777,0.488108809794758,1.00125691013476,1724,0,1
"mean.ext.reg[4]",0.0526982447639138,0.0230105689830665,0.01781796512708,0.0355992390915854,0.0494356255765518,0.0667780677911731,0.106382034849984,1.00040617915617,3130,0,1
"mean.ext.reg[5]",0.0459562223838335,0.0250565182040513,0.00943973229125277,0.0270122830014538,0.0419815399801305,0.0609371137350432,0.104568027608236,1.00024509042935,4286,0,1
"equilib.reg[1]",0.38824399345775,0.128873389189905,0.183470312151597,0.296160301343897,0.372301874721292,0.460621041044394,0.691033026643507,0.999758302984858,4500,0,1
"equilib.reg[2]",0.89256595743315,0.030326967084286,0.826229635004522,0.874307192523208,0.894796395619696,0.913875450441987,0.945615744462701,1.00007018405955,4500,0,1
"equilib.reg[3]",0.266851141848379,0.0588133037922937,0.161242889987946,0.225794924414478,0.264096643552463,0.305181043210976,0.388594356151734,1.00084098865364,1893,0,1
"equilib.reg[4]",0.889652797724482,0.0416878740868227,0.793134234655593,0.864994559208839,0.894936739869315,0.919781729496618,0.954954335726173,1.00002353182876,4500,0,1
"equilib.reg[5]",0.910455838474201,0.0432244551191487,0.808589434208493,0.885566908762053,0.916042313333091,0.941688359497685,0.977469012477887,1.00073166950223,2295,0,1
"mean.p",0.657105088532333,0.0525191793055501,0.550858540055111,0.624849602303072,0.657935262669906,0.689570734476624,0.760930169526956,1.00541325544691,677,0,1
"p.year[1]",0.524203307694898,0.0311050639906608,0.463328461787761,0.50284133763341,0.523718868665902,0.545202712501106,0.584909117011309,1.00024472972048,4500,0,1
"p.year[2]",0.485359870165831,0.0393707113218468,0.411776072988518,0.457625313050067,0.483917993906196,0.511377314864581,0.563148865483528,1.00009151879083,4500,0,1
"p.year[3]",0.628718818688874,0.0284101407853896,0.570793612017882,0.60974390535632,0.628621478462461,0.648110088701553,0.684024411223962,1.00019732777791,4500,0,1
"p.year[4]",0.713167552838232,0.0236543432825307,0.665749242831597,0.697556890657038,0.713834720139003,0.729633419862349,0.758189144418003,1.0001456664236,4500,0,1
"p.year[5]",0.709296049545015,0.0251857841142971,0.658176525603845,0.692218420085079,0.709641820748998,0.726722846099038,0.75733200269583,1.00113069447766,1455,0,1
"p.year[6]",0.772289298927128,0.0221389756621295,0.728049528196729,0.757561473526302,0.772886370249644,0.787594158736091,0.814609854957818,1.00032688978125,4500,0,1
"p.year[7]",0.733456071388722,0.0253412933135507,0.682182615458506,0.716807709909262,0.734237419193579,0.750538319064939,0.780645876402693,0.999799645860428,4500,0,1
"z[1,1]",1,0,1,1,1,1,1,NA,1,0,1
"z[2,1]",1,0,1,1,1,1,1,NA,1,0,1
"z[3,1]",1,0,1,1,1,1,1,NA,1,0,1
"z[4,1]",1,0,1,1,1,1,1,NA,1,0,1
"z[5,1]",0.690222222222222,0.462453274710975,0,0,1,1,1,1.00014817234007,4500,1,1
"z[6,1]",0.512444444444444,0.499900659415981,0,0,1,1,1,0.999814161453934,4500,1,1
"z[7,1]",1,0,1,1,1,1,1,NA,1,0,1
"z[8,1]",1,0,1,1,1,1,1,NA,1,0,1
"z[9,1]",1,0,1,1,1,1,1,NA,1,0,1
"z[10,1]",1,0,1,1,1,1,1,NA,1,0,1
"z[11,1]",0.734444444444444,0.441677657791417,0,0,1,1,1,1.00041779948308,3409,1,1
"z[12,1]",1,0,1,1,1,1,1,NA,1,0,1
"z[13,1]",1,0,1,1,1,1,1,NA,1,0,1
"z[14,1]",1,0,1,1,1,1,1,NA,1,0,1
"z[15,1]",1,0,1,1,1,1,1,NA,1,0,1
"z[16,1]",1,0,1,1,1,1,1,NA,1,0,1
"z[17,1]",1,0,1,1,1,1,1,NA,1,0,1
"z[18,1]",0.415333333333333,0.492834181158129,0,0,0,1,1,1.00000964933032,4500,1,1
"z[19,1]",0.546,0.497934832661102,0,0,1,1,1,0.999970600027752,4500,1,1
"z[20,1]",1,0,1,1,1,1,1,NA,1,0,1
"z[21,1]",1,0,1,1,1,1,1,NA,1,0,1
"z[22,1]",0.0804444444444444,0.272010253356189,0,0,0,0,1,1.00048159517696,4500,1,1
"z[23,1]",0.112666666666667,0.316220034192095,0,0,0,0,1,1.00102099652916,3689,1,1
"z[24,1]",0.204222222222222,0.403176919921029,0,0,0,0,1,1.00000676899929,4500,1,1
"z[25,1]",1,0,1,1,1,1,1,NA,1,0,1
"z[26,1]",1,0,1,1,1,1,1,NA,1,0,1
"z[27,1]",1,0,1,1,1,1,1,NA,1,0,1
"z[28,1]",0.781777777777778,0.413084983718457,0,1,1,1,1,0.999983450988028,4500,1,1
"z[29,1]",0.474444444444444,0.499401978692167,0,0,0,1,1,0.999745636481111,4500,1,1
"z[30,1]",1,0,1,1,1,1,1,NA,1,0,1
"z[31,1]",1,0,1,1,1,1,1,NA,1,0,1
"z[32,1]",1,0,1,1,1,1,1,NA,1,0,1
"z[33,1]",1,0,1,1,1,1,1,NA,1,0,1
"z[34,1]",1,0,1,1,1,1,1,NA,1,0,1
"z[35,1]",1,0,1,1,1,1,1,NA,1,0,1
"z[36,1]",1,0,1,1,1,1,1,NA,1,0,1
"z[37,1]",0.0855555555555556,0.279737720136869,0,0,0,0,1,1.00272698005767,2077,1,1
"z[38,1]",0.052,0.222051699163907,0,0,0,0,1,NA,4500,1,1
"z[39,1]",1,0,1,1,1,1,1,NA,1,0,1
"z[40,1]",1,0,1,1,1,1,1,NA,1,0,1
"z[41,1]",0.062,0.241182350987992,0,0,0,0,1,1.00047715966008,4500,1,1
"z[42,1]",0.224666666666667,0.417409000135464,0,0,0,0,1,1.00030003578662,4500,1,1
"z[43,1]",1,0,1,1,1,1,1,NA,1,0,1
"z[44,1]",0.509777777777778,0.499959940110648,0,0,1,1,1,1.00020126279633,3747,1,1
"z[45,1]",0.892222222222222,0.310134007193376,0,1,1,1,1,1.00047004528562,4500,1,1
"z[46,1]",1,0,1,1,1,1,1,NA,1,0,1
"z[47,1]",0.0991111111111111,0.298844349077286,0,0,0,0,1,1.00049468689497,4500,1,1
"z[48,1]",0.0477777777777778,0.213319417750194,0,0,0,0,1,1.00367207675752,2735,1,1
"z[49,1]",1,0,1,1,1,1,1,NA,1,0,1
"z[50,1]",1,0,1,1,1,1,1,NA,1,0,1
"z[51,1]",1,0,1,1,1,1,1,NA,1,0,1
"z[52,1]",0.498222222222222,0.500052403961488,0,0,0,1,1,1.00009514543024,4500,1,1
"z[53,1]",0.499555555555556,0.500055367263675,0,0,0,1,1,1.00062642370362,2089,1,1
"z[54,1]",0.116444444444444,0.320792774619157,0,0,0,0,1,1.00068791594691,4500,1,1
"z[55,1]",0.0355555555555556,0.185199838067563,0,0,0,0,1,1.00937091932848,1482,1,1
"z[56,1]",1,0,1,1,1,1,1,NA,1,0,1
"z[57,1]",1,0,1,1,1,1,1,NA,1,0,1
"z[58,1]",1,0,1,1,1,1,1,NA,1,0,1
"z[59,1]",1,0,1,1,1,1,1,NA,1,0,1
"z[60,1]",0.236888888888889,0.425220794194227,0,0,0,0,1,0.999942010661378,4500,1,1
"z[61,1]",0.832,0.373907833880739,0,1,1,1,1,1.00003383695286,4500,1,1
"z[62,1]",0.612666666666667,0.487195000651384,0,0,1,1,1,0.999777058309746,4500,1,1
"z[63,1]",0.837111111111111,0.36930530304322,0,1,1,1,1,1.00238760601192,1354,1,1
"z[64,1]",0.652222222222222,0.476317974231116,0,0,1,1,1,1.00043531560677,2866,1,1
"z[65,1]",0.658,0.474432312469713,0,0,1,1,1,1.00146807690545,1241,1,1
"z[66,1]",0.492888888888889,0.500004988738047,0,0,0,1,1,1.00015228519895,4123,1,1
"z[67,1]",0.437111111111111,0.496084344110268,0,0,0,1,1,0.999980388521834,4500,1,1
"z[68,1]",0.418,0.493284981881299,0,0,0,1,1,1.00051486589667,2430,1,1
"z[69,1]",1,0,1,1,1,1,1,NA,1,0,1
"z[70,1]",1,0,1,1,1,1,1,NA,1,0,1
"z[71,1]",0.147555555555556,0.354698282420007,0,0,0,0,1,1.00062433944107,4156,1,1
"z[72,1]",1,0,1,1,1,1,1,NA,1,0,1
"z[73,1]",1,0,1,1,1,1,1,NA,1,0,1
"z[74,1]",1,0,1,1,1,1,1,NA,1,0,1
"z[75,1]",1,0,1,1,1,1,1,NA,1,0,1
"z[76,1]",0.970444444444444,0.169376503362579,0,1,1,1,1,0.999876626561512,4500,1,1
"z[77,1]",0.275111111111111,0.44661987659371,0,0,0,1,1,1.00004039429622,4500,1,1
"z[78,1]",0.517111111111111,0.499762656369589,0,0,1,1,1,1.00073841546908,1873,1,1
"z[79,1]",0.804666666666667,0.396501145622131,0,1,1,1,1,1.00133821444151,1909,1,1
"z[80,1]",0.871333333333333,0.334867846727887,0,1,1,1,1,0.999813891554883,4500,1,1
"z[81,1]",1,0,1,1,1,1,1,NA,1,0,1
"z[82,1]",1,0,1,1,1,1,1,NA,1,0,1
"z[83,1]",0.177333333333333,0.381992995470565,0,0,0,0,1,1.00185107788863,1569,1,1
"z[84,1]",1,0,1,1,1,1,1,NA,1,0,1
"z[85,1]",1,0,1,1,1,1,1,NA,1,0,1
"z[86,1]",0.018,0.132965893646013,0,0,0,0,0,1.00414700374035,4500,1,1
"z[87,1]",0.161111111111111,0.367674260666936,0,0,0,0,1,1.00113961211351,2505,1,1
"z[88,1]",1,0,1,1,1,1,1,NA,1,0,1
"z[89,1]",0.0237777777777778,0.152373076750087,0,0,0,0,0,1.00745316472322,2734,1,1
"z[90,1]",0.915555555555556,0.278084096742923,0,1,1,1,1,1.00192137601282,2863,1,1
"z[91,1]",0.760666666666667,0.426723978795057,0,1,1,1,1,1.0003379858085,4084,1,1
"z[92,1]",0.761333333333333,0.42631593534392,0,1,1,1,1,0.999911456867962,4500,1,1
"z[93,1]",0.713777777777778,0.452044767264234,0,0,1,1,1,1.0010600386356,1755,1,1
"z[94,1]",0.578222222222222,0.49389826061416,0,0,1,1,1,0.99973179303016,4500,1,1
"z[95,1]",1,0,1,1,1,1,1,NA,1,0,1
"z[96,1]",1,0,1,1,1,1,1,NA,1,0,1
"z[97,1]",1,0,1,1,1,1,1,NA,1,0,1
"z[98,1]",1,0,1,1,1,1,1,NA,1,0,1
"z[99,1]",0.166444444444444,0.372520508798759,0,0,0,0,1,0.999806426782038,4500,1,1
"z[100,1]",1,0,1,1,1,1,1,NA,1,0,1
"z[101,1]",1,0,1,1,1,1,1,NA,1,0,1
"z[102,1]",0.048,0.213789983216616,0,0,0,0,1,0.999772942643052,4500,1,1
"z[103,1]",0.0737777777777778,0.261437958471522,0,0,0,0,1,1.00021020897859,4500,1,1
"z[104,1]",0.0473333333333333,0.212374461172167,0,0,0,0,1,0.999812256533376,4500,1,1
"z[105,1]",0.876444444444444,0.329110391733384,0,1,1,1,1,1.00093584009143,3632,1,1
"z[106,1]",1,0,1,1,1,1,1,NA,1,0,1
"z[107,1]",1,0,1,1,1,1,1,NA,1,0,1
"z[108,1]",1,0,1,1,1,1,1,NA,1,0,1
"z[109,1]",1,0,1,1,1,1,1,NA,1,0,1
"z[110,1]",0.213111111111111,0.409551021508422,0,0,0,0,1,1.00004196868656,4500,1,1
"z[111,1]",0.016,0.125489041132367,0,0,0,0,0,1.0017506723469,4500,1,1
"z[112,1]",0.28,0.449048783494364,0,0,0,1,1,1.00111015317712,1717,1,1
"z[113,1]",0.0151111111111111,0.1220084974435,0,0,0,0,0,1.0080421399641,3966,1,1
"z[114,1]",0.434888888888889,0.49579750786278,0,0,0,1,1,1.00069850225674,1975,1,1
"z[115,1]",0.1,0.300033338889918,0,0,0,0,1,1.00011503873239,4500,1,1
"z[116,1]",1,0,1,1,1,1,1,NA,1,0,1
"z[117,1]",1,0,1,1,1,1,1,NA,1,0,1
"z[118,1]",1,0,1,1,1,1,1,NA,1,0,1
"z[119,1]",1,0,1,1,1,1,1,NA,1,0,1
"z[120,1]",1,0,1,1,1,1,1,NA,1,0,1
"z[121,1]",1,0,1,1,1,1,1,NA,1,0,1
"z[122,1]",0.0593333333333333,0.236273770253685,0,0,0,0,1,1.00154406974518,4500,1,1
"z[123,1]",1,0,1,1,1,1,1,NA,1,0,1
"z[124,1]",0.0704444444444444,0.255922995228642,0,0,0,0,1,0.999758660434418,4500,1,1
"z[125,1]",0.950444444444444,0.217049006950826,0,1,1,1,1,1.00091209356519,4500,1,1
"z[126,1]",0.442444444444444,0.496731506573104,0,0,0,1,1,0.999698653335374,4500,1,1
"z[127,1]",0.455333333333333,0.498056235114366,0,0,0,1,1,0.999767752660586,4500,1,1
"z[128,1]",0.427777777777778,0.494811437965552,0,0,0,1,1,1.00013248765313,4392,1,1
"z[129,1]",0.497111111111111,0.500047218140406,0,0,0,1,1,1.00014265435164,4206,1,1
"z[130,1]",0.470888888888889,0.499207294366043,0,0,0,1,1,0.999755292969539,4500,1,1
"z[131,1]",0.764444444444444,0.424392695578353,0,1,1,1,1,0.999841094652397,4500,1,1
"z[132,1]",0.797555555555556,0.401866370186409,0,1,1,1,1,1.00039100199314,4286,1,1
"z[133,1]",0.763555555555556,0.424945405567671,0,1,1,1,1,1.00011293228429,4500,1,1
"z[134,1]",0.0182222222222222,0.133769014787178,0,0,0,0,0,1.00342483835045,4500,1,1
"z[135,1]",0.0235555555555556,0.151676642100424,0,0,0,0,0,1.00610614628728,3352,1,1
"z[136,1]",0.0157777777777778,0.124628612791859,0,0,0,0,0,1.00343354475026,4500,1,1
"z[137,1]",0.129111111111111,0.335360141694826,0,0,0,0,1,1.00140581531578,2562,1,1
"z[138,1]",1,0,1,1,1,1,1,NA,1,0,1
"z[139,1]",1,0,1,1,1,1,1,NA,1,0,1
"z[140,1]",1,0,1,1,1,1,1,NA,1,0,1
"z[141,1]",1,0,1,1,1,1,1,NA,1,0,1
"z[142,1]",0.336222222222222,0.472468459669981,0,0,0,1,1,1.00091645696836,1794,1,1
"z[143,1]",0.241777777777778,0.428207929712462,0,0,0,0,1,1.00009948728112,4500,1,1
"z[144,1]",0.221111111111111,0.415041284080923,0,0,0,0,1,1.00138704636858,1685,1,1
"z[145,1]",0.770444444444444,0.420593762891488,0,1,1,1,1,0.999941698280908,4500,1,1
"z[146,1]",0.644444444444444,0.478734511868754,0,0,1,1,1,1.00076825139847,1983,1,1
"z[147,1]",0.645333333333333,0.478465354393109,0,0,1,1,1,1.00025740507641,3706,1,1
"z[148,1]",0.902222222222222,0.297046952768199,0,1,1,1,1,1.0048735329436,1083,1,1
"z[149,1]",1,0,1,1,1,1,1,NA,1,0,1
"z[150,1]",0.667555555555556,0.471141659653459,0,0,1,1,1,1.00105349041978,1627,1,1
"z[151,1]",1,0,1,1,1,1,1,NA,1,0,1
"z[152,1]",0.547333333333333,0.497809828621661,0,0,1,1,1,0.999677468188504,4500,1,1
"z[153,1]",0.602888888888889,0.489353748787543,0,0,1,1,1,0.999721304420023,4500,1,1
"z[154,1]",0.554444444444444,0.497082197947321,0,0,1,1,1,1.0003130959658,3133,1,1
"z[155,1]",0.102,0.302681943946003,0,0,0,0,1,1.00224302753561,2118,1,1
"z[156,1]",1,0,1,1,1,1,1,NA,1,0,1
"z[157,1]",1,0,1,1,1,1,1,NA,1,0,1
"z[158,1]",0.334666666666667,0.471926245268845,0,0,0,1,1,0.99981143367091,4500,1,1
"z[159,1]",1,0,1,1,1,1,1,NA,1,0,1
"z[160,1]",1,0,1,1,1,1,1,NA,1,0,1
"z[161,1]",1,0,1,1,1,1,1,NA,1,0,1
"z[162,1]",1,0,1,1,1,1,1,NA,1,0,1
"z[163,1]",1,0,1,1,1,1,1,NA,1,0,1
"z[164,1]",1,0,1,1,1,1,1,NA,1,0,1
"z[165,1]",0.0346666666666667,0.182954440186126,0,0,0,0,1,1.00052579582729,4500,1,1
"z[166,1]",1,0,1,1,1,1,1,NA,1,0,1
"z[167,1]",0.894444444444444,0.307302075661651,0,1,1,1,1,1.00185439842835,2412,1,1
"z[168,1]",0.945777777777778,0.226480841156445,0,1,1,1,1,1.00015477340499,4500,1,1
"z[169,1]",0.967777777777778,0.176609404971474,0,1,1,1,1,1.00377728663805,3875,1,1
"z[170,1]",0.606666666666667,0.48854402173105,0,0,1,1,1,0.999894160043122,4500,1,1
"z[171,1]",0.596444444444444,0.490664824063724,0,0,1,1,1,0.999705385804885,4500,1,1
"z[172,1]",0.760222222222222,0.426995212746905,0,1,1,1,1,1.00028229089221,4454,1,1
"z[173,1]",0.681555555555556,0.465924695139235,0,0,1,1,1,0.999832337875243,4500,1,1
"z[174,1]",0.953555555555556,0.21046900448124,0,1,1,1,1,1.00001898079864,4500,1,1
"z[175,1]",1,0,1,1,1,1,1,NA,1,0,1
"z[176,1]",1,0,1,1,1,1,1,NA,1,0,1
"z[177,1]",0.409777777777778,0.491847241752287,0,0,0,1,1,1.00055835667896,2325,1,1
"z[178,1]",1,0,1,1,1,1,1,NA,1,0,1
"z[179,1]",0.125111111111111,0.330881626062155,0,0,0,0,1,1.0001129815485,4500,1,1
"z[180,1]",0.461777777777778,0.498592323353723,0,0,0,1,1,1.00048330784827,2467,1,1
"z[181,1]",0.594222222222222,0.491096495054176,0,0,1,1,1,1.0001230507263,4500,1,1
"z[182,1]",0.297777777777778,0.457332101657473,0,0,0,1,1,0.99984317590297,4500,1,1
"z[183,1]",0.451555555555556,0.497702905421648,0,0,0,1,1,1.00027907527727,3302,1,1
"z[184,1]",0.112,0.31540150006909,0,0,0,0,1,1.00133918575545,3011,1,1
"z[185,1]",0.113555555555556,0.317305949160352,0,0,0,0,1,1.00019588148501,4500,1,1
"z[186,1]",1,0,1,1,1,1,1,NA,1,0,1
"z[187,1]",1,0,1,1,1,1,1,NA,1,0,1
"z[188,1]",0.34,0.473761414375011,0,0,0,1,1,1.00004736532303,4500,1,1
"z[189,1]",0.415777777777778,0.492910345326907,0,0,0,1,1,0.999961044848854,4500,1,1
"z[190,1]",0.304,0.460033726065363,0,0,0,1,1,0.999990550572711,4500,1,1
"z[191,1]",0.226444444444444,0.418576507649934,0,0,0,0,1,0.999956632877861,4500,1,1
"z[192,1]",0.316,0.464964560666886,0,0,0,1,1,1.00088941066202,1901,1,1
"z[193,1]",1,0,1,1,1,1,1,NA,1,0,1
"z[194,1]",0.272,0.445039339088464,0,0,0,1,1,1.00018234124548,4500,1,1
"z[195,1]",0.256666666666667,0.436842415343932,0,0,0,1,1,0.999672712716097,4500,1,1
"z[196,1]",1,0,1,1,1,1,1,NA,1,0,1
"z[197,1]",0.216888888888889,0.412172113536087,0,0,0,0,1,1.00034415640121,4338,1,1
"z[198,1]",0.198222222222222,0.398704776126197,0,0,0,0,1,1.00028887364994,4500,1,1
"z[199,1]",0.196222222222222,0.397182726461142,0,0,0,0,1,1.0007995570423,2800,1,1
"z[200,1]",0.474222222222222,0.499390554955439,0,0,0,1,1,1.00029923564255,3175,1,1
"z[1,2]",1,0,1,1,1,1,1,NA,1,0,1
"z[2,2]",1,0,1,1,1,1,1,NA,1,0,1
"z[3,2]",0.600666666666667,0.489815820155943,0,0,1,1,1,0.999774772073691,4500,1,1
"z[4,2]",1,0,1,1,1,1,1,NA,1,0,1
"z[5,2]",0.701555555555556,0.4576263718623,0,0,1,1,1,1.00038538354768,3332,1,1
"z[6,2]",0.561555555555556,0.496251588690519,0,0,1,1,1,1.0002255763757,3635,1,1
"z[7,2]",0.961555555555556,0.192288028053314,0,1,1,1,1,1.00943304806859,1370,1,1
"z[8,2]",1,0,1,1,1,1,1,NA,1,0,1
"z[9,2]",1,0,1,1,1,1,1,NA,1,0,1
"z[10,2]",1,0,1,1,1,1,1,NA,1,0,1
"z[11,2]",1,0,1,1,1,1,1,NA,1,0,1
"z[12,2]",1,0,1,1,1,1,1,NA,1,0,1
"z[13,2]",0.460666666666667,0.498505880520963,0,0,0,1,1,1.00054283906903,2301,1,1
"z[14,2]",1,0,1,1,1,1,1,NA,1,0,1
"z[15,2]",1,0,1,1,1,1,1,NA,1,0,1
"z[16,2]",1,0,1,1,1,1,1,NA,1,0,1
"z[17,2]",0.764444444444444,0.424392695578353,0,1,1,1,1,1.00068587332969,2724,1,1
"z[18,2]",0.48,0.499655360218754,0,0,0,1,1,1.00081878930808,1743,1,1
"z[19,2]",0.265333333333333,0.441559603346368,0,0,0,1,1,1.0007905401929,2285,1,1
"z[20,2]",0.728666666666667,0.444697089289433,0,0,1,1,1,1.00024840262663,4348,1,1
"z[21,2]",0.0928888888888889,0.290308925003992,0,0,0,0,1,0.999795257141449,4500,1,1
"z[22,2]",1,0,1,1,1,1,1,NA,1,0,1
"z[23,2]",1,0,1,1,1,1,1,NA,1,0,1
"z[24,2]",1,0,1,1,1,1,1,NA,1,0,1
"z[25,2]",1,0,1,1,1,1,1,NA,1,0,1
"z[26,2]",1,0,1,1,1,1,1,NA,1,0,1
"z[27,2]",1,0,1,1,1,1,1,NA,1,0,1
"z[28,2]",0.333333333333333,0.47145690780245,0,0,0,1,1,1.00091516654988,1810,1,1
"z[29,2]",0.0273333333333333,0.163070940344369,0,0,0,0,1,1.00968298319654,1851,1,1
"z[30,2]",1,0,1,1,1,1,1,NA,1,0,1
"z[31,2]",1,0,1,1,1,1,1,NA,1,0,1
"z[32,2]",1,0,1,1,1,1,1,NA,1,0,1
"z[33,2]",1,0,1,1,1,1,1,NA,1,0,1
"z[34,2]",0.817555555555556,0.386253314328518,0,1,1,1,1,0.999720989620936,4500,1,1
"z[35,2]",1,0,1,1,1,1,1,NA,1,0,1
"z[36,2]",0.836444444444444,0.369912886638286,0,1,1,1,1,1.00059123006266,3959,1,1
"z[37,2]",1,0,1,1,1,1,1,NA,1,0,1
"z[38,2]",0.642888888888889,0.479201205303532,0,0,1,1,1,1.00098421517796,1654,1,1
"z[39,2]",1,0,1,1,1,1,1,NA,1,0,1
"z[40,2]",1,0,1,1,1,1,1,NA,1,0,1
"z[41,2]",0.0148888888888889,0.121121715563244,0,0,0,0,0,1.00286381652449,4500,1,1
"z[42,2]",1,0,1,1,1,1,1,NA,1,0,1
"z[43,2]",0.460666666666667,0.498505880520963,0,0,0,1,1,0.999734994831602,4500,1,1
"z[44,2]",0.823333333333333,0.381428743275769,0,1,1,1,1,1.0023999274781,1265,1,1
"z[45,2]",1,0,1,1,1,1,1,NA,1,0,1
"z[46,2]",1,0,1,1,1,1,1,NA,1,0,1
"z[47,2]",0.0571111111111111,0.232080592249878,0,0,0,0,1,1.00186208471419,4211,1,1
"z[48,2]",0.0195555555555556,0.13848248064772,0,0,0,0,0,1.0124006190052,2013,1,1
"z[49,2]",0.151333333333333,0.358413312036458,0,0,0,0,1,1.00039932885696,4500,1,1
"z[50,2]",1,0,1,1,1,1,1,NA,1,0,1
"z[51,2]",0.0975555555555556,0.296745745695873,0,0,0,0,1,1.00006094495496,4500,1,1
"z[52,2]",0.181777777777778,0.385704131126018,0,0,0,0,1,0.999841999931845,4500,1,1
"z[53,2]",0.220888888888889,0.414891841242824,0,0,0,0,1,1.00162763344248,1478,1,1
"z[54,2]",1,0,1,1,1,1,1,NA,1,0,1
"z[55,2]",0.00533333333333333,0.0728427622699364,0,0,0,0,0,1.00228785649299,4500,1,1
"z[56,2]",0.125111111111111,0.330881626062155,0,0,0,0,1,1.00091211427298,3671,1,1
"z[57,2]",0.449777777777778,0.497526618051391,0,0,0,1,1,0.999705711557206,4500,1,1
"z[58,2]",0.308,0.461717851163597,0,0,0,1,1,1.00073178320314,2211,1,1
"z[59,2]",1,0,1,1,1,1,1,NA,1,0,1
"z[60,2]",1,0,1,1,1,1,1,NA,1,0,1
"z[61,2]",0.797555555555556,0.401866370186409,0,1,1,1,1,0.999673238008168,4500,1,1
"z[62,2]",0.667111111111111,0.471299519692734,0,0,1,1,1,0.999920937389315,4500,1,1
"z[63,2]",0.736666666666667,0.44049064361538,0,0,1,1,1,0.999881407482759,4500,1,1
"z[64,2]",0.682,0.465751226921597,0,0,1,1,1,1.00009605987717,4500,1,1
"z[65,2]",0.238444444444444,0.426179602245209,0,0,0,0,1,0.99978873720688,4500,1,1
"z[66,2]",0.184444444444444,0.387889322484193,0,0,0,0,1,1.00019359184044,4500,1,1
"z[67,2]",0.174222222222222,0.379342612245988,0,0,0,0,1,1.00002548851408,4500,1,1
"z[68,2]",0.157777777777778,0.364573020049094,0,0,0,0,1,1.00281563900681,1190,1,1
"z[69,2]",0.444666666666667,0.496984013404764,0,0,0,1,1,0.999886575463549,4500,1,1
"z[70,2]",0.42,0.493613356145918,0,0,0,1,1,1.00060477812716,2190,1,1
"z[71,2]",0.0131111111111111,0.113763288874888,0,0,0,0,0,1.01791309140436,2064,1,1
"z[72,2]",0.762888888888889,0.425358247463406,0,1,1,1,1,1.00001108172393,4500,1,1
"z[73,2]",1,0,1,1,1,1,1,NA,1,0,1
"z[74,2]",1,0,1,1,1,1,1,NA,1,0,1
"z[75,2]",1,0,1,1,1,1,1,NA,1,0,1
"z[76,2]",0.962444444444444,0.190139869149559,0,1,1,1,1,1.00087272800861,4500,1,1
"z[77,2]",0.471777777777778,0.49925834698966,0,0,0,1,1,1.00025664290341,3404,1,1
"z[78,2]",0.375333333333333,0.484262672142031,0,0,0,1,1,0.999768955214093,4500,1,1
"z[79,2]",1,0,1,1,1,1,1,NA,1,0,1
"z[80,2]",0.919555555555556,0.272010253356189,0,1,1,1,1,0.999752294785472,4500,1,1
"z[81,2]",0.819333333333333,0.384784516645139,0,1,1,1,1,1.0006052807917,3608,1,1
"z[82,2]",1,0,1,1,1,1,1,NA,1,0,1
"z[83,2]",0.0406666666666667,0.19753875656879,0,0,0,0,1,1.00059092375848,4500,1,1
"z[84,2]",1,0,1,1,1,1,1,NA,1,0,1
"z[85,2]",1,0,1,1,1,1,1,NA,1,0,1
"z[86,2]",0.0117777777777778,0.107896472423584,0,0,0,0,0,1.01586854998645,2591,1,1
"z[87,2]",0.196888888888889,0.397691841406318,0,0,0,0,1,1.00215543861562,1277,1,1
"z[88,2]",0.0315555555555556,0.174833049066281,0,0,0,0,1,1.00206162332249,4500,1,1
"z[89,2]",0.201111111111111,0.400875471267549,0,0,0,0,1,1.00037218887903,4404,1,1
"z[90,2]",0.941777777777778,0.234189202882591,0,1,1,1,1,1.00737105401863,1171,1,1
"z[91,2]",0.696222222222222,0.459938962527041,0,0,1,1,1,0.999814416478841,4500,1,1
"z[92,2]",0.759555555555556,0.427400874178475,0,1,1,1,1,0.999858088706214,4500,1,1
"z[93,2]",0.688888888888889,0.462999595168907,0,0,1,1,1,0.999783157652736,4500,1,1
"z[94,2]",0.542444444444444,0.498250576126716,0,0,1,1,1,1.00031357217549,3119,1,1
"z[95,2]",1,0,1,1,1,1,1,NA,1,0,1
"z[96,2]",1,0,1,1,1,1,1,NA,1,0,1
"z[97,2]",1,0,1,1,1,1,1,NA,1,0,1
"z[98,2]",1,0,1,1,1,1,1,NA,1,0,1
"z[99,2]",0.143111111111111,0.350225039406466,0,0,0,0,1,0.999692861719928,4500,1,1
"z[100,2]",0.375333333333333,0.484262672142031,0,0,0,1,1,1.00020940730596,3928,1,1
"z[101,2]",0.524,0.499479168610191,0,0,1,1,1,0.999723746546014,4500,1,1
"z[102,2]",0.00577777777777778,0.0758002102747823,0,0,0,0,0,1.0344449287688,2375,1,1
"z[103,2]",0.0217777777777778,0.145973426820025,0,0,0,0,0,1.02276687144503,984,1,1
"z[104,2]",0.0384444444444444,0.192288028053314,0,0,0,0,1,1.00011825112809,4500,1,1
"z[105,2]",0.92,0.271323348038703,0,1,1,1,1,1.0027165371553,2229,1,1
"z[106,2]",0.248666666666667,0.432288194272424,0,0,0,0,1,0.999795904747257,4500,1,1
"z[107,2]",0.510666666666667,0.499941761444901,0,0,1,1,1,0.999874249460373,4500,1,1
"z[108,2]",0.536444444444444,0.498725450676525,0,0,1,1,1,1.00079125927323,1792,1,1
"z[109,2]",0.0557777777777778,0.229517588820724,0,0,0,0,1,1.00254530089858,3283,1,1
"z[110,2]",0.0246666666666667,0.155124368434336,0,0,0,0,0,1.0017082020534,4500,1,1
"z[111,2]",0.00133333333333333,0.0364945409967103,0,0,0,0,0,1.10559375176454,2997,1,1
"z[112,2]",0.0168888888888889,0.128869487630174,0,0,0,0,0,1.00029295041796,4500,1,1
"z[113,2]",0.00666666666666667,0.0813860808385347,0,0,0,0,0,1.03338884185363,2130,1,1
"z[114,2]",1,0,1,1,1,1,1,NA,1,0,1
"z[115,2]",0.0535555555555556,0.225163550304364,0,0,0,0,1,1.00258081878333,3377,1,1
"z[116,2]",0.454444444444444,0.497975700190078,0,0,0,1,1,0.999944312010666,4500,1,1
"z[117,2]",1,0,1,1,1,1,1,NA,1,0,1
"z[118,2]",0.781777777777778,0.413084983718457,0,1,1,1,1,1.00003665135295,4500,1,1
"z[119,2]",1,0,1,1,1,1,1,NA,1,0,1
"z[120,2]",1,0,1,1,1,1,1,NA,1,0,1
"z[121,2]",1,0,1,1,1,1,1,NA,1,0,1
"z[122,2]",0.004,0.0631259497363628,0,0,0,0,0,1.08555083650947,1282,1,1
"z[123,2]",0.134222222222222,0.340928800069097,0,0,0,0,1,1.00035842602785,4500,1,1
"z[124,2]",0.0857777777777778,0.280066744092239,0,0,0,0,1,1.00209024509946,2630,1,1
"z[125,2]",1,0,1,1,1,1,1,NA,1,0,1
"z[126,2]",0.381777777777778,0.485876494079463,0,0,0,1,1,1.00072108842596,2017,1,1
"z[127,2]",0.166666666666667,0.372719411818938,0,0,0,0,1,1.0009170035538,2886,1,1
"z[128,2]",0.146666666666667,0.353812625669477,0,0,0,0,1,1.0005931364152,4311,1,1
"z[129,2]",0.184444444444444,0.387889322484193,0,0,0,0,1,1.00186963475784,1516,1,1
"z[130,2]",0.166,0.372121985606325,0,0,0,0,1,1.0017610117875,1728,1,1
"z[131,2]",0.708666666666667,0.454427235126697,0,0,1,1,1,0.999929331585881,4500,1,1
"z[132,2]",0.776,0.416968387460446,0,1,1,1,1,1.00067852427734,2849,1,1
"z[133,2]",0.644222222222222,0.478801519693364,0,0,1,1,1,1.0004304176502,2864,1,1
"z[134,2]",0.00266666666666667,0.0515766100016907,0,0,0,0,0,1.0391172209852,4489,1,1
"z[135,2]",0.00577777777777778,0.0758002102747823,0,0,0,0,0,1.00925930386255,4500,1,1
"z[136,2]",0.0188888888888889,0.136147779728393,0,0,0,0,0,1.00868591769206,2956,1,1
"z[137,2]",0.00511111111111111,0.071317023933587,0,0,0,0,0,1.02802154249046,3323,1,1
"z[138,2]",0.799777777777778,0.400211040620324,0,1,1,1,1,1.00361509053862,797,1,1
"z[139,2]",0.887555555555556,0.315947581441862,0,1,1,1,1,1.00018259902287,4500,1,1
"z[140,2]",0.546444444444444,0.497893564956549,0,0,1,1,1,0.999939646075316,4500,1,1
"z[141,2]",0.355555555555556,0.478734511868754,0,0,0,1,1,0.999768654106041,4500,1,1
"z[142,2]",0.197111111111111,0.397861153319085,0,0,0,0,1,1.00021656101658,4500,1,1
"z[143,2]",0.118,0.322643972732636,0,0,0,0,1,1.00197611931387,2086,1,1
"z[144,2]",0.118666666666667,0.323431809105324,0,0,0,0,1,1.00009249534852,4500,1,1
"z[145,2]",1,0,1,1,1,1,1,NA,1,0,1
"z[146,2]",1,0,1,1,1,1,1,NA,1,0,1
"z[147,2]",1,0,1,1,1,1,1,NA,1,0,1
"z[148,2]",1,0,1,1,1,1,1,NA,1,0,1
"z[149,2]",0.965777777777778,0.181819713016199,0,1,1,1,1,1.00131468902072,4500,1,1
"z[150,2]",1,0,1,1,1,1,1,NA,1,0,1
"z[151,2]",0.958222222222222,0.200103206188376,0,1,1,1,1,1.00272643798614,4075,1,1
"z[152,2]",1,0,1,1,1,1,1,NA,1,0,1
"z[153,2]",1,0,1,1,1,1,1,NA,1,0,1
"z[154,2]",0.0904444444444444,0.286849319191581,0,0,0,0,1,1.00038237412732,4500,1,1
"z[155,2]",0.0142222222222222,0.118419030794728,0,0,0,0,0,1.00354140681131,4500,1,1
"z[156,2]",0.455333333333333,0.498056235114366,0,0,0,1,1,0.999725611444466,4500,1,1
"z[157,2]",1,0,1,1,1,1,1,NA,1,0,1
"z[158,2]",0.344,0.475093841995383,0,0,0,1,1,0.999799065687314,4500,1,1
"z[159,2]",1,0,1,1,1,1,1,NA,1,0,1
"z[160,2]",1,0,1,1,1,1,1,NA,1,0,1
"z[161,2]",0.022,0.146699633251375,0,0,0,0,0,1.0053818095796,4035,1,1
"z[162,2]",1,0,1,1,1,1,1,NA,1,0,1
"z[163,2]",1,0,1,1,1,1,1,NA,1,0,1
"z[164,2]",1,0,1,1,1,1,1,NA,1,0,1
"z[165,2]",0.112444444444444,0.315947581441862,0,0,0,0,1,1.00082811746375,4310,1,1
"z[166,2]",1,0,1,1,1,1,1,NA,1,0,1
"z[167,2]",1,0,1,1,1,1,1,NA,1,0,1
"z[168,2]",1,0,1,1,1,1,1,NA,1,0,1
"z[169,2]",1,0,1,1,1,1,1,NA,1,0,1
"z[170,2]",1,0,1,1,1,1,1,NA,1,0,1
"z[171,2]",0.699777777777778,0.458405427860552,0,0,1,1,1,1.00025936053303,4026,1,1
"z[172,2]",0.782888888888889,0.412324698400923,0,1,1,1,1,0.999877910283727,4500,1,1
"z[173,2]",0.813333333333333,0.38968701286146,0,1,1,1,1,1.0001412531054,4500,1,1
"z[174,2]",1,0,1,1,1,1,1,NA,1,0,1
"z[175,2]",1,0,1,1,1,1,1,NA,1,0,1
"z[176,2]",1,0,1,1,1,1,1,NA,1,0,1
"z[177,2]",1,0,1,1,1,1,1,NA,1,0,1
"z[178,2]",0.741555555555556,0.437828176501353,0,0,1,1,1,0.999846576845695,4500,1,1
"z[179,2]",0.397777777777778,0.489493475530316,0,0,0,1,1,0.99990701336485,4500,1,1
"z[180,2]",0.182888888888889,0.386618364283047,0,0,0,0,1,0.999684301956301,4500,1,1
"z[181,2]",0.208222222222222,0.406081732372833,0,0,0,0,1,1.00005396426975,4500,1,1
"z[182,2]",0.161111111111111,0.367674260666936,0,0,0,0,1,1.00041216764181,4500,1,1
"z[183,2]",0.151333333333333,0.358413312036458,0,0,0,0,1,1.00020981563712,4500,1,1
"z[184,2]",0.00688888888888889,0.0827221418662089,0,0,0,0,0,1.00019364538551,4500,1,1
"z[185,2]",0.0255555555555556,0.157822698772571,0,0,0,0,1,1.00350480861281,4500,1,1
"z[186,2]",1,0,1,1,1,1,1,NA,1,0,1
"z[187,2]",0.628888888888889,0.483155802792482,0,0,1,1,1,1.0006877649955,2101,1,1
"z[188,2]",0.321777777777778,0.467210174719196,0,0,0,1,1,0.999719971113284,4500,1,1
"z[189,2]",0.0544444444444444,0.22691780342505,0,0,0,0,1,1.00062386843553,4500,1,1
"z[190,2]",0.102444444444444,0.303265589918635,0,0,0,0,1,1.00005514018206,4500,1,1
"z[191,2]",0.174222222222222,0.379342612245988,0,0,0,0,1,1.00017514795356,4500,1,1
"z[192,2]",0.208,0.405921933549937,0,0,0,0,1,0.999767665637811,4500,1,1
"z[193,2]",1,0,1,1,1,1,1,NA,1,0,1
"z[194,2]",0.126888888888889,0.332885451492204,0,0,0,0,1,1.00090806526997,3625,1,1
"z[195,2]",0.118888888888889,0.323693689929004,0,0,0,0,1,1.00333355505305,1298,1,1
"z[196,2]",1,0,1,1,1,1,1,NA,1,0,1
"z[197,2]",0.248888888888889,0.432417347068647,0,0,0,0,1,0.999743585238733,4500,1,1
"z[198,2]",0.337111111111111,0.472775718807963,0,0,0,1,1,0.999698258911695,4500,1,1
"z[199,2]",0.182666666666667,0.386435946321023,0,0,0,0,1,1.00032838954753,4500,1,1
"z[200,2]",0.401777777777778,0.490311960466974,0,0,0,1,1,0.999720878250011,4500,1,1
"z[1,3]",1,0,1,1,1,1,1,NA,1,0,1
"z[2,3]",1,0,1,1,1,1,1,NA,1,0,1
"z[3,3]",1,0,1,1,1,1,1,NA,1,0,1
"z[4,3]",1,0,1,1,1,1,1,NA,1,0,1
"z[5,3]",0.830444444444444,0.375283581331809,0,1,1,1,1,1.00116180444692,2375,1,1
"z[6,3]",0.648888888888889,0.477370651982484,0,0,1,1,1,0.999669939554789,4500,1,1
"z[7,3]",0.986444444444444,0.115649360747383,1,1,1,1,1,1.02385272922951,1497,0,1
"z[8,3]",1,0,1,1,1,1,1,NA,1,0,1
"z[9,3]",1,0,1,1,1,1,1,NA,1,0,1
"z[10,3]",1,0,1,1,1,1,1,NA,1,0,1
"z[11,3]",1,0,1,1,1,1,1,NA,1,0,1
"z[12,3]",1,0,1,1,1,1,1,NA,1,0,1
"z[13,3]",0.314222222222222,0.464256948082182,0,0,0,1,1,1.00064567799303,2369,1,1
"z[14,3]",1,0,1,1,1,1,1,NA,1,0,1
"z[15,3]",1,0,1,1,1,1,1,NA,1,0,1
"z[16,3]",1,0,1,1,1,1,1,NA,1,0,1
"z[17,3]",1,0,1,1,1,1,1,NA,1,0,1
"z[18,3]",0.861333333333333,0.3456367601238,0,1,1,1,1,1.00168535638284,2079,1,1
"z[19,3]",0.353555555555556,0.478126370077776,0,0,0,1,1,0.999868321731888,4500,1,1
"z[20,3]",1,0,1,1,1,1,1,NA,1,0,1
"z[21,3]",0.114,0.317846582996096,0,0,0,0,1,1.00021723679843,4500,1,1
"z[22,3]",1,0,1,1,1,1,1,NA,1,0,1
"z[23,3]",1,0,1,1,1,1,1,NA,1,0,1
"z[24,3]",1,0,1,1,1,1,1,NA,1,0,1
"z[25,3]",1,0,1,1,1,1,1,NA,1,0,1
"z[26,3]",1,0,1,1,1,1,1,NA,1,0,1
"z[27,3]",1,0,1,1,1,1,1,NA,1,0,1
"z[28,3]",1,0,1,1,1,1,1,NA,1,0,1
"z[29,3]",0.00844444444444444,0.0915150092219534,0,0,0,0,0,1.00525143730122,4500,1,1
"z[30,3]",0.995555555555556,0.0665257457028688,1,1,1,1,1,1.00837775074503,4500,0,1
"z[31,3]",1,0,1,1,1,1,1,NA,1,0,1
"z[32,3]",1,0,1,1,1,1,1,NA,1,0,1
"z[33,3]",1,0,1,1,1,1,1,NA,1,0,1
"z[34,3]",1,0,1,1,1,1,1,NA,1,0,1
"z[35,3]",1,0,1,1,1,1,1,NA,1,0,1
"z[36,3]",1,0,1,1,1,1,1,NA,1,0,1
"z[37,3]",1,0,1,1,1,1,1,NA,1,0,1
"z[38,3]",1,0,1,1,1,1,1,NA,1,0,1
"z[39,3]",1,0,1,1,1,1,1,NA,1,0,1
"z[40,3]",1,0,1,1,1,1,1,NA,1,0,1
"z[41,3]",0.00955555555555555,0.0972951722699289,0,0,0,0,0,1.00811289568028,4500,1,1
"z[42,3]",1,0,1,1,1,1,1,NA,1,0,1
"z[43,3]",1,0,1,1,1,1,1,NA,1,0,1
"z[44,3]",1,0,1,1,1,1,1,NA,1,0,1
"z[45,3]",1,0,1,1,1,1,1,NA,1,0,1
"z[46,3]",1,0,1,1,1,1,1,NA,1,0,1
"z[47,3]",0.290222222222222,0.453915267875744,0,0,0,1,1,1.00066333230117,2443,1,1
"z[48,3]",0.178444444444444,0.382928988404224,0,0,0,0,1,0.99992291528025,4500,1,1
"z[49,3]",0.155777777777778,0.362684839639867,0,0,0,0,1,0.99973656345097,4500,1,1
"z[50,3]",0.914444444444444,0.279737720136869,0,1,1,1,1,1.00010587376019,4500,1,1
"z[51,3]",0.255333333333333,0.436096875191881,0,0,0,1,1,1.00002468950892,4500,1,1
"z[52,3]",0.152,0.359060788616921,0,0,0,0,1,1.00295049524063,1178,1,1
"z[53,3]",0.206888888888889,0.405120165106772,0,0,0,0,1,1.00205224084289,1275,1,1
"z[54,3]",0.116,0.320260507431969,0,0,0,0,1,1.00020083652959,4500,1,1
"z[55,3]",0,0,0,0,0,0,0,NA,1,1,1
"z[56,3]",1,0,1,1,1,1,1,NA,1,0,1
"z[57,3]",1,0,1,1,1,1,1,NA,1,0,1
"z[58,3]",1,0,1,1,1,1,1,NA,1,0,1
"z[59,3]",0.917777777777778,0.274733509778789,0,1,1,1,1,1.00052724516289,4500,1,1
"z[60,3]",0.955333333333333,0.206593901727913,0,1,1,1,1,1.00051932393428,4500,1,1
"z[61,3]",0.891333333333333,0.31125512213583,0,1,1,1,1,1.00016309814129,4500,1,1
"z[62,3]",0.830444444444444,0.375283581331809,0,1,1,1,1,1.0015087040619,1931,1,1
"z[63,3]",0.859333333333333,0.347716010056626,0,1,1,1,1,0.999915215326206,4500,1,1
"z[64,3]",0.828888888888889,0.37664787801767,0,1,1,1,1,0.999778256151753,4500,1,1
"z[65,3]",0.174,0.379151613165137,0,0,0,0,1,1.00006874365227,4500,1,1
"z[66,3]",0.130888888888889,0.337316279778769,0,0,0,0,1,1.00092493091169,3486,1,1
"z[67,3]",0.162,0.368491756631665,0,0,0,0,1,1.00013614909801,4500,1,1
"z[68,3]",0.142222222222222,0.349316729871186,0,0,0,0,1,1.00019004957457,4500,1,1
"z[69,3]",1,0,1,1,1,1,1,NA,1,0,1
"z[70,3]",1,0,1,1,1,1,1,NA,1,0,1
"z[71,3]",0.00755555555555556,0.0866033246050876,0,0,0,0,0,1.01046342626967,4500,1,1
"z[72,3]",1,0,1,1,1,1,1,NA,1,0,1
"z[73,3]",0.988888888888889,0.104833661410201,1,1,1,1,1,1.03823700481542,1119,0,1
"z[74,3]",0.979777777777778,0.140775309913555,1,1,1,1,1,1.01381507533801,1753,0,1
"z[75,3]",0.971777777777778,0.165625554658784,0,1,1,1,1,1.00264229792043,4500,1,1
"z[76,3]",1,0,1,1,1,1,1,NA,1,0,1
"z[77,3]",1,0,1,1,1,1,1,NA,1,0,1
"z[78,3]",1,0,1,1,1,1,1,NA,1,0,1
"z[79,3]",1,0,1,1,1,1,1,NA,1,0,1
"z[80,3]",0.963555555555556,0.187414119688263,0,1,1,1,1,0.999806674525829,4500,1,1
"z[81,3]",1,0,1,1,1,1,1,NA,1,0,1
"z[82,3]",1,0,1,1,1,1,1,NA,1,0,1
"z[83,3]",0.107777777777778,0.310134007193376,0,0,0,0,1,0.999869527371038,4500,1,1
"z[84,3]",1,0,1,1,1,1,1,NA,1,0,1
"z[85,3]",1,0,1,1,1,1,1,NA,1,0,1
"z[86,3]",0.00866666666666667,0.0927009450571682,0,0,0,0,0,1.00066835234467,4500,1,1
"z[87,3]",1,0,1,1,1,1,1,NA,1,0,1
"z[88,3]",0.03,0.170606178387604,0,0,0,0,1,1.000016239433,4500,1,1
"z[89,3]",0.108444444444444,0.310975460571048,0,0,0,0,1,1.00104856653031,3745,1,1
"z[90,3]",0.969777777777778,0.171217271410598,0,1,1,1,1,1.00244161495877,4500,1,1
"z[91,3]",0.835333333333333,0.370920651032105,0,1,1,1,1,1.00004672472322,4500,1,1
"z[92,3]",0.872444444444444,0.333631340448452,0,1,1,1,1,1.00039841374771,4500,1,1
"z[93,3]",0.832888888888889,0.373116502618737,0,1,1,1,1,1.00020968716693,4500,1,1
"z[94,3]",0.740444444444444,0.438439490389329,0,0,1,1,1,1.00128153553198,1620,1,1
"z[95,3]",1,0,1,1,1,1,1,NA,1,0,1
"z[96,3]",1,0,1,1,1,1,1,NA,1,0,1
"z[97,3]",1,0,1,1,1,1,1,NA,1,0,1
"z[98,3]",1,0,1,1,1,1,1,NA,1,0,1
"z[99,3]",0.666888888888889,0.471378272709209,0,0,1,1,1,1.00044300006333,2905,1,1
"z[100,3]",0.123777777777778,0.329364458287695,0,0,0,0,1,0.999668709247692,4500,1,1
"z[101,3]",1,0,1,1,1,1,1,NA,1,0,1
"z[102,3]",0.0244444444444444,0.154441620272072,0,0,0,0,0,1.00538773807434,3632,1,1
"z[103,3]",0.102,0.302681943946003,0,0,0,0,1,1.0014195632569,3108,1,1
"z[104,3]",0.0144444444444444,0.119327141438796,0,0,0,0,0,1.0190209288604,1770,1,1
"z[105,3]",0.959111111111111,0.198054801702807,0,1,1,1,1,1.00203450829984,4500,1,1
"z[106,3]",0.374222222222222,0.483975208221787,0,0,0,1,1,0.999723782249766,4500,1,1
"z[107,3]",1,0,1,1,1,1,1,NA,1,0,1
"z[108,3]",1,0,1,1,1,1,1,NA,1,0,1
"z[109,3]",0.00977777777777778,0.0984089676386699,0,0,0,0,0,1.00463304545948,4500,1,1
"z[110,3]",0.00111111111111111,0.033318511930496,0,0,0,0,0,1.01912206739455,4500,1,1
"z[111,3]",0,0,0,0,0,0,0,NA,1,1,1
"z[112,3]",0.000444444444444444,0.0210795079890303,0,0,0,0,0,1.2913045102833,2250,1,1
"z[113,3]",0.000888888888888889,0.0298042977535084,0,0,0,0,0,1.02957562893154,4500,1,1
"z[114,3]",1,0,1,1,1,1,1,NA,1,0,1
"z[115,3]",0.0153333333333333,0.122888478420367,0,0,0,0,0,1.01336447230046,2371,1,1
"z[116,3]",1,0,1,1,1,1,1,NA,1,0,1
"z[117,3]",1,0,1,1,1,1,1,NA,1,0,1
"z[118,3]",1,0,1,1,1,1,1,NA,1,0,1
"z[119,3]",0.689777777777778,0.46263588027627,0,0,1,1,1,0.999686558533519,4500,1,1
"z[120,3]",1,0,1,1,1,1,1,NA,1,0,1
"z[121,3]",1,0,1,1,1,1,1,NA,1,0,1
"z[122,3]",0.00111111111111111,0.033318511930496,0,0,0,0,0,1.01912206739455,4500,1,1
"z[123,3]",0.00622222222222222,0.0786440117920529,0,0,0,0,0,1.00415701458324,4500,1,1
"z[124,3]",1,0,1,1,1,1,1,NA,1,0,1
"z[125,3]",1,0,1,1,1,1,1,NA,1,0,1
"z[126,3]",1,0,1,1,1,1,1,NA,1,0,1
"z[127,3]",0.136,0.342826658537455,0,0,0,0,1,1.00005827970171,4500,1,1
"z[128,3]",0.14,0.347025591999432,0,0,0,0,1,1.00087491665313,3430,1,1
"z[129,3]",0.145555555555556,0.352699276340701,0,0,0,0,1,1.00066653024972,4031,1,1
"z[130,3]",0.128888888888889,0.335114158308128,0,0,0,0,1,1.00339338640594,1200,1,1
"z[131,3]",0.801555555555556,0.398872915075436,0,1,1,1,1,1.00105915926337,2265,1,1
"z[132,3]",0.860222222222222,0.346794862339979,0,1,1,1,1,1.00344691196183,1096,1,1
"z[133,3]",0.742888888888889,0.437089742091455,0,0,1,1,1,0.999831758126055,4500,1,1
"z[134,3]",0.000666666666666667,0.0258141493083176,0,0,0,0,0,1.13377982835195,4498,1,1
"z[135,3]",0.00111111111111111,0.033318511930496,0,0,0,0,0,1.01912206739455,4500,1,1
"z[136,3]",0.0591111111111111,0.23585874953463,0,0,0,0,1,1.001326052991,4500,1,1
"z[137,3]",0.00222222222222222,0.0470932775447189,0,0,0,0,0,1.00465090130556,4500,1,1
"z[138,3]",1,0,1,1,1,1,1,NA,1,0,1
"z[139,3]",1,0,1,1,1,1,1,NA,1,0,1
"z[140,3]",1,0,1,1,1,1,1,NA,1,0,1
"z[141,3]",0.278666666666667,0.448392946776403,0,0,0,1,1,0.999864353261595,4500,1,1
"z[142,3]",0.238666666666667,0.426315935343921,0,0,0,0,1,1.00053613283837,3170,1,1
"z[143,3]",0.138444444444444,0.345404244715402,0,0,0,0,1,0.999824461221988,4500,1,1
"z[144,3]",0.145777777777778,0.352922507098086,0,0,0,0,1,0.999668202678758,4500,1,1
"z[145,3]",1,0,1,1,1,1,1,NA,1,0,1
"z[146,3]",0.304,0.460033726065363,0,0,0,1,1,0.999880278978542,4500,1,1
"z[147,3]",1,0,1,1,1,1,1,NA,1,0,1
"z[148,3]",1,0,1,1,1,1,1,NA,1,0,1
"z[149,3]",1,0,1,1,1,1,1,NA,1,0,1
"z[150,3]",0.835111111111111,0.371121476247506,0,1,1,1,1,1.00044716311039,4500,1,1
"z[151,3]",1,0,1,1,1,1,1,NA,1,0,1
"z[152,3]",1,0,1,1,1,1,1,NA,1,0,1
"z[153,3]",0.380222222222222,0.48549527596758,0,0,0,1,1,0.999835057809324,4500,1,1
"z[154,3]",0.0255555555555556,0.157822698772571,0,0,0,0,1,1.00208756198459,4500,1,1
"z[155,3]",0.00444444444444444,0.0665257457028688,0,0,0,0,0,1.00467419516687,4500,1,1
"z[156,3]",1,0,1,1,1,1,1,NA,1,0,1
"z[157,3]",1,0,1,1,1,1,1,NA,1,0,1
"z[158,3]",1,0,1,1,1,1,1,NA,1,0,1
"z[159,3]",1,0,1,1,1,1,1,NA,1,0,1
"z[160,3]",1,0,1,1,1,1,1,NA,1,0,1
"z[161,3]",1,0,1,1,1,1,1,NA,1,0,1
"z[162,3]",1,0,1,1,1,1,1,NA,1,0,1
"z[163,3]",0.874222222222222,0.331635596516771,0,1,1,1,1,0.999999729268819,4500,1,1
"z[164,3]",1,0,1,1,1,1,1,NA,1,0,1
"z[165,3]",1,0,1,1,1,1,1,NA,1,0,1
"z[166,3]",1,0,1,1,1,1,1,NA,1,0,1
"z[167,3]",1,0,1,1,1,1,1,NA,1,0,1
"z[168,3]",0.990666666666667,0.0961679644942985,1,1,1,1,1,1.00311421329248,4500,0,1
"z[169,3]",1,0,1,1,1,1,1,NA,1,0,1
"z[170,3]",0.985555555555556,0.119327141438796,1,1,1,1,1,1.02039597007826,1648,0,1
"z[171,3]",0.875555555555556,0.330124587038853,0,1,1,1,1,1.00051581525494,4500,1,1
"z[172,3]",0.907111111111111,0.290308925003992,0,1,1,1,1,0.999763915764002,4500,1,1
"z[173,3]",0.924888888888889,0.263599835321828,0,1,1,1,1,0.99976376307805,4500,1,1
"z[174,3]",1,0,1,1,1,1,1,NA,1,0,1
"z[175,3]",1,0,1,1,1,1,1,NA,1,0,1
"z[176,3]",1,0,1,1,1,1,1,NA,1,0,1
"z[177,3]",1,0,1,1,1,1,1,NA,1,0,1
"z[178,3]",0.751333333333333,0.432288194272424,0,1,1,1,1,0.999706940486784,4500,1,1
"z[179,3]",0.557333333333333,0.496757210477482,0,0,1,1,1,1.00053061567727,2350,1,1
"z[180,3]",0.129777777777778,0.336096129894842,0,0,0,0,1,0.999865740522496,4500,1,1
"z[181,3]",0.141555555555556,0.348632457117574,0,0,0,0,1,0.999848750328128,4500,1,1
"z[182,3]",0.187555555555556,0.390400228668437,0,0,0,0,1,1.00002466526771,4500,1,1
"z[183,3]",0.117111111111111,0.321588371654486,0,0,0,0,1,1.00106225907981,3468,1,1
"z[184,3]",0.00933333333333333,0.0961679644942985,0,0,0,0,0,1.00567449218146,4500,1,1
"z[185,3]",0.0306666666666667,0.17243210118093,0,0,0,0,1,1.00000167057857,4500,1,1
"z[186,3]",0.848444444444444,0.35862940517766,0,1,1,1,1,0.99968601245673,4500,1,1
"z[187,3]",1,0,1,1,1,1,1,NA,1,0,1
"z[188,3]",0.408444444444444,0.491600737364081,0,0,0,1,1,1.00034843886193,3036,1,1
"z[189,3]",0.0406666666666667,0.19753875656879,0,0,0,0,1,1.00907216305765,1345,1,1
"z[190,3]",0.149111111111111,0.356237545476876,0,0,0,0,1,1.00072739141785,3719,1,1
"z[191,3]",0.0897777777777778,0.285894896643156,0,0,0,0,1,1.00057840276439,4500,1,1
"z[192,3]",0.459777777777778,0.498434931707668,0,0,0,1,1,1.00041206028415,2704,1,1
"z[193,3]",0.452444444444444,0.497788644271504,0,0,0,1,1,0.9999761098394,4500,1,1
"z[194,3]",0.141111111111111,0.348174818844698,0,0,0,0,1,1.00073771970592,3854,1,1
"z[195,3]",0.174222222222222,0.379342612245987,0,0,0,0,1,1.00157694012371,1818,1,1
"z[196,3]",1,0,1,1,1,1,1,NA,1,0,1
"z[197,3]",0.433111111111111,0.495560742973591,0,0,0,1,1,1.0000320324844,4500,1,1
"z[198,3]",1,0,1,1,1,1,1,NA,1,0,1
"z[199,3]",0.216666666666667,0.412019352281919,0,0,0,0,1,0.999882733417731,4500,1,1
"z[200,3]",0.568444444444444,0.495348245849047,0,0,1,1,1,0.999760575043946,4500,1,1
"z[1,4]",1,0,1,1,1,1,1,NA,1,0,1
"z[2,4]",1,0,1,1,1,1,1,NA,1,0,1
"z[3,4]",0.0151111111111111,0.1220084974435,0,0,0,0,0,0.999778015907098,4500,1,1
"z[4,4]",1,0,1,1,1,1,1,NA,1,0,1
"z[5,4]",0.881111111111111,0.323693689929004,0,1,1,1,1,0.999709355143909,4500,1,1
"z[6,4]",0.47,0.499154653248394,0,0,0,1,1,0.999713160662319,4500,1,1
"z[7,4]",1,0,1,1,1,1,1,NA,1,0,1
"z[8,4]",1,0,1,1,1,1,1,NA,1,0,1
"z[9,4]",1,0,1,1,1,1,1,NA,1,0,1
"z[10,4]",1,0,1,1,1,1,1,NA,1,0,1
"z[11,4]",0.281555555555556,0.449807721414225,0,0,0,1,1,1.00046966295929,3074,1,1
"z[12,4]",1,0,1,1,1,1,1,NA,1,0,1
"z[13,4]",1,0,1,1,1,1,1,NA,1,0,1
"z[14,4]",0.329777777777778,0.470184562178699,0,0,0,1,1,1.00063854102535,2327,1,1
"z[15,4]",1,0,1,1,1,1,1,NA,1,0,1
"z[16,4]",0.941111111111111,0.235442787459719,0,1,1,1,1,1.00001177993775,4500,1,1
"z[17,4]",1,0,1,1,1,1,1,NA,1,0,1
"z[18,4]",0.940222222222222,0.237101007385967,0,1,1,1,1,1.00016697245809,4500,1,1
"z[19,4]",0.793333333333333,0.404959255014411,0,1,1,1,1,1.00020566223624,4500,1,1
"z[20,4]",1,0,1,1,1,1,1,NA,1,0,1
"z[21,4]",0.553777777777778,0.497154780426351,0,0,1,1,1,1.00006626927609,4500,1,1
"z[22,4]",1,0,1,1,1,1,1,NA,1,0,1
"z[23,4]",1,0,1,1,1,1,1,NA,1,0,1
"z[24,4]",1,0,1,1,1,1,1,NA,1,0,1
"z[25,4]",1,0,1,1,1,1,1,NA,1,0,1
"z[26,4]",1,0,1,1,1,1,1,NA,1,0,1
"z[27,4]",1,0,1,1,1,1,1,NA,1,0,1
"z[28,4]",0.611555555555556,0.487450674261498,0,0,1,1,1,1.00028651545272,3396,1,1
"z[29,4]",0.000888888888888889,0.0298042977535084,0,0,0,0,0,1.16587551740291,2570,1,1
"z[30,4]",1,0,1,1,1,1,1,NA,1,0,1
"z[31,4]",1,0,1,1,1,1,1,NA,1,0,1
"z[32,4]",1,0,1,1,1,1,1,NA,1,0,1
"z[33,4]",1,0,1,1,1,1,1,NA,1,0,1
"z[34,4]",0.406,0.491139088153224,0,0,0,1,1,1.00008099919447,4500,1,1
"z[35,4]",1,0,1,1,1,1,1,NA,1,0,1
"z[36,4]",1,0,1,1,1,1,1,NA,1,0,1
"z[37,4]",1,0,1,1,1,1,1,NA,1,0,1
"z[38,4]",0.0351111111111111,0.18408109945566,0,0,0,0,1,1.00097614414823,4500,1,1
"z[39,4]",1,0,1,1,1,1,1,NA,1,0,1
"z[40,4]",1,0,1,1,1,1,1,NA,1,0,1
"z[41,4]",0.00422222222222222,0.0648485125458765,0,0,0,0,0,1.00930518134672,4500,1,1
"z[42,4]",1,0,1,1,1,1,1,NA,1,0,1
"z[43,4]",1,0,1,1,1,1,1,NA,1,0,1
"z[44,4]",1,0,1,1,1,1,1,NA,1,0,1
"z[45,4]",1,0,1,1,1,1,1,NA,1,0,1
"z[46,4]",1,0,1,1,1,1,1,NA,1,0,1
"z[47,4]",0.273555555555556,0.445833022603045,0,0,0,1,1,0.999723458166906,4500,1,1
"z[48,4]",0.186888888888889,0.389865629174764,0,0,0,0,1,0.999786395747271,4500,1,1
"z[49,4]",0.147111111111111,0.35425600967688,0,0,0,0,1,1.00009144319673,4500,1,1
"z[50,4]",0.899555555555556,0.300625084542401,0,1,1,1,1,1.00169481821534,2720,1,1
"z[51,4]",0.472,0.49927086200081,0,0,0,1,1,0.999900460232574,4500,1,1
"z[52,4]",0.101555555555556,0.302096516371218,0,0,0,0,1,1.00038951489884,4500,1,1
"z[53,4]",0.147777777777778,0.354919003366098,0,0,0,0,1,1.00557009573199,670,1,1
"z[54,4]",1,0,1,1,1,1,1,NA,1,0,1
"z[55,4]",0.000444444444444444,0.0210795079890303,0,0,0,0,0,1.2913045102833,2250,1,1
"z[56,4]",1,0,1,1,1,1,1,NA,1,0,1
"z[57,4]",0.951777777777778,0.214259284678296,0,1,1,1,1,0.999713466150733,4500,1,1
"z[58,4]",1,0,1,1,1,1,1,NA,1,0,1
"z[59,4]",1,0,1,1,1,1,1,NA,1,0,1
"z[60,4]",1,0,1,1,1,1,1,NA,1,0,1
"z[61,4]",1,0,1,1,1,1,1,NA,1,0,1
"z[62,4]",1,0,1,1,1,1,1,NA,1,0,1
"z[63,4]",1,0,1,1,1,1,1,NA,1,0,1
"z[64,4]",1,0,1,1,1,1,1,NA,1,0,1
"z[65,4]",0.00422222222222222,0.0648485125458765,0,0,0,0,0,1.03286308934805,3407,1,1
"z[66,4]",0.00333333333333333,0.0576451269226114,0,0,0,0,0,1.04363815036703,3205,1,1
"z[67,4]",0.00444444444444444,0.0665257457028688,0,0,0,0,0,1.01567977518289,4500,1,1
"z[68,4]",0.00488888888888889,0.069757214702053,0,0,0,0,0,1.07337918584419,1248,1,1
"z[69,4]",1,0,1,1,1,1,1,NA,1,0,1
"z[70,4]",0.929333333333333,0.256295700525826,0,1,1,1,1,1.00055967160322,4500,1,1
"z[71,4]",0.0271111111111111,0.162425248725456,0,0,0,0,1,1.00728981849265,2462,1,1
"z[72,4]",1,0,1,1,1,1,1,NA,1,0,1
"z[73,4]",1,0,1,1,1,1,1,NA,1,0,1
"z[74,4]",1,0,1,1,1,1,1,NA,1,0,1
"z[75,4]",0.962666666666667,0.189598375253176,0,1,1,1,1,1.00178547397294,4500,1,1
"z[76,4]",1,0,1,1,1,1,1,NA,1,0,1
"z[77,4]",1,0,1,1,1,1,1,NA,1,0,1
"z[78,4]",1,0,1,1,1,1,1,NA,1,0,1
"z[79,4]",1,0,1,1,1,1,1,NA,1,0,1
"z[80,4]",0.974888888888889,0.15647998127484,0.475000000000009,1,1,1,1,1.00241889876574,4500,0,1
"z[81,4]",0.147555555555556,0.354698282420007,0,0,0,0,1,1.00004199279112,4500,1,1
"z[82,4]",1,0,1,1,1,1,1,NA,1,0,1
"z[83,4]",1,0,1,1,1,1,1,NA,1,0,1
"z[84,4]",0.975777777777778,0.153755519169198,1,1,1,1,1,1.00938629240878,2147,0,1
"z[85,4]",0.985111111111111,0.121121715563244,1,1,1,1,1,1.00286381652449,4500,0,1
"z[86,4]",1,0,1,1,1,1,1,NA,1,0,1
"z[87,4]",1,0,1,1,1,1,1,NA,1,0,1
"z[88,4]",0.635333333333333,0.48139005584196,0,0,1,1,1,0.99997718398953,4500,1,1
"z[89,4]",1,0,1,1,1,1,1,NA,1,0,1
"z[90,4]",0.979111111111111,0.143028281223349,1,1,1,1,1,1.00007951977996,4500,0,1
"z[91,4]",1,0,1,1,1,1,1,NA,1,0,1
"z[92,4]",1,0,1,1,1,1,1,NA,1,0,1
"z[93,4]",1,0,1,1,1,1,1,NA,1,0,1
"z[94,4]",1,0,1,1,1,1,1,NA,1,0,1
"z[95,4]",1,0,1,1,1,1,1,NA,1,0,1
"z[96,4]",1,0,1,1,1,1,1,NA,1,0,1
"z[97,4]",1,0,1,1,1,1,1,NA,1,0,1
"z[98,4]",1,0,1,1,1,1,1,NA,1,0,1
"z[99,4]",1,0,1,1,1,1,1,NA,1,0,1
"z[100,4]",0.000888888888888889,0.0298042977535084,0,0,0,0,0,1.10540023626025,4497,1,1
"z[101,4]",1,0,1,1,1,1,1,NA,1,0,1
"z[102,4]",0.0293333333333333,0.168757866791187,0,0,0,0,1,1.00139659712228,4500,1,1
"z[103,4]",0.123555555555556,0.329110391733384,0,0,0,0,1,0.999769713358499,4500,1,1
"z[104,4]",0.00711111111111111,0.0840363764582043,0,0,0,0,0,1.02861085275685,2345,1,1
"z[105,4]",0.972444444444444,0.163713783655141,0,1,1,1,1,1.00277849782592,4500,1,1
"z[106,4]",0.341111111111111,0.474135294503335,0,0,0,1,1,0.999834406427375,4500,1,1
"z[107,4]",0.0442222222222222,0.205611312804703,0,0,0,0,1,1.00092243349428,4500,1,1
"z[108,4]",1,0,1,1,1,1,1,NA,1,0,1
"z[109,4]",0.00422222222222222,0.0648485125458765,0,0,0,0,0,1.00106030922822,4500,1,1
"z[110,4]",0.000666666666666667,0.0258141493083176,0,0,0,0,0,1.13377982835195,4498,1,1
"z[111,4]",0,0,0,0,0,0,0,NA,1,1,1
"z[112,4]",0.00222222222222222,0.0470932775447189,0,0,0,0,0,1.01916489327094,4500,1,1
"z[113,4]",0.000222222222222222,0.0149071198499986,0,0,0,0,0,1.29093398298233,4500,1,1
"z[114,4]",1,0,1,1,1,1,1,NA,1,0,1
"z[115,4]",0.01,0.0995098009695405,0,0,0,0,0,1.00042133123201,4500,1,1
"z[116,4]",1,0,1,1,1,1,1,NA,1,0,1
"z[117,4]",1,0,1,1,1,1,1,NA,1,0,1
"z[118,4]",1,0,1,1,1,1,1,NA,1,0,1
"z[119,4]",1,0,1,1,1,1,1,NA,1,0,1
"z[120,4]",1,0,1,1,1,1,1,NA,1,0,1
"z[121,4]",1,0,1,1,1,1,1,NA,1,0,1
"z[122,4]",0.000222222222222222,0.0149071198499986,0,0,0,0,0,1.29093398298233,4500,1,1
"z[123,4]",1,0,1,1,1,1,1,NA,1,0,1
"z[124,4]",0.0351111111111111,0.18408109945566,0,0,0,0,1,1.00059110887232,4500,1,1
"z[125,4]",0.979111111111111,0.143028281223349,1,1,1,1,1,1.00779124753062,2981,0,1
"z[126,4]",1,0,1,1,1,1,1,NA,1,0,1
"z[127,4]",0.00155555555555556,0.0394142235807543,0,0,0,0,0,1.21785683812397,1016,1,1
"z[128,4]",0.00511111111111111,0.071317023933587,0,0,0,0,0,1.0034649704122,4500,1,1
"z[129,4]",0.002,0.0446815807032984,0,0,0,0,0,1.01775579934475,4500,1,1
"z[130,4]",0.00111111111111111,0.033318511930496,0,0,0,0,0,1.01912206739455,4500,1,1
"z[131,4]",0.871333333333333,0.334867846727887,0,1,1,1,1,0.999813891554883,4500,1,1
"z[132,4]",0.919777777777778,0.271667108709551,0,1,1,1,1,1.00048766211692,4500,1,1
"z[133,4]",0.832444444444444,0.373512642298332,0,1,1,1,1,1.00067431746058,3563,1,1
"z[134,4]",0,0,0,0,0,0,0,NA,1,1,1
"z[135,4]",0.000444444444444444,0.0210795079890303,0,0,0,0,0,1.2913045102833,2250,1,1
"z[136,4]",0.000666666666666667,0.0258141493083176,0,0,0,0,0,1.13377982835195,4498,1,1
"z[137,4]",0.000222222222222222,0.0149071198499986,0,0,0,0,0,1.29093398298233,4500,1,1
"z[138,4]",1,0,1,1,1,1,1,NA,1,0,1
"z[139,4]",1,0,1,1,1,1,1,NA,1,0,1
"z[140,4]",1,0,1,1,1,1,1,NA,1,0,1
"z[141,4]",1,0,1,1,1,1,1,NA,1,0,1
"z[142,4]",0.204222222222222,0.403176919921029,0,0,0,0,1,1.00046224151556,3859,1,1
"z[143,4]",0.105333333333333,0.307016560960735,0,0,0,0,1,1.00042365027748,4500,1,1
"z[144,4]",0.110666666666667,0.313753775163274,0,0,0,0,1,1.00175832183257,2434,1,1
"z[145,4]",0.206,0.404475407947857,0,0,0,0,1,1.00008397718145,4500,1,1
"z[146,4]",1,0,1,1,1,1,1,NA,1,0,1
"z[147,4]",1,0,1,1,1,1,1,NA,1,0,1
"z[148,4]",1,0,1,1,1,1,1,NA,1,0,1
"z[149,4]",1,0,1,1,1,1,1,NA,1,0,1
"z[150,4]",1,0,1,1,1,1,1,NA,1,0,1
"z[151,4]",1,0,1,1,1,1,1,NA,1,0,1
"z[152,4]",1,0,1,1,1,1,1,NA,1,0,1
"z[153,4]",1,0,1,1,1,1,1,NA,1,0,1
"z[154,4]",0.0188888888888889,0.136147779728393,0,0,0,0,0,1.00016946776291,4500,1,1
"z[155,4]",0.006,0.0772355205065475,0,0,0,0,0,1.00789465731767,4500,1,1
"z[156,4]",0.092,0.289058069739814,0,0,0,0,1,1.00050568081452,4500,1,1
"z[157,4]",1,0,1,1,1,1,1,NA,1,0,1
"z[158,4]",1,0,1,1,1,1,1,NA,1,0,1
"z[159,4]",1,0,1,1,1,1,1,NA,1,0,1
"z[160,4]",1,0,1,1,1,1,1,NA,1,0,1
"z[161,4]",0.251555555555556,0.433955304487405,0,0,0,1,1,1.00113613234397,1810,1,1
"z[162,4]",1,0,1,1,1,1,1,NA,1,0,1
"z[163,4]",1,0,1,1,1,1,1,NA,1,0,1
"z[164,4]",1,0,1,1,1,1,1,NA,1,0,1
"z[165,4]",1,0,1,1,1,1,1,NA,1,0,1
"z[166,4]",1,0,1,1,1,1,1,NA,1,0,1
"z[167,4]",0.00533333333333333,0.0728427622699364,0,0,0,0,0,1.02256197716652,3980,1,1
"z[168,4]",1,0,1,1,1,1,1,NA,1,0,1
"z[169,4]",1,0,1,1,1,1,1,NA,1,0,1
"z[170,4]",1,0,1,1,1,1,1,NA,1,0,1
"z[171,4]",1,0,1,1,1,1,1,NA,1,0,1
"z[172,4]",1,0,1,1,1,1,1,NA,1,0,1
"z[173,4]",1,0,1,1,1,1,1,NA,1,0,1
"z[174,4]",1,0,1,1,1,1,1,NA,1,0,1
"z[175,4]",1,0,1,1,1,1,1,NA,1,0,1
"z[176,4]",0.979333333333333,0.142281601882585,1,1,1,1,1,1.01055516904068,2241,0,1
"z[177,4]",1,0,1,1,1,1,1,NA,1,0,1
"z[178,4]",0.732888888888889,0.442500031568708,0,0,1,1,1,0.999806276843804,4500,1,1
"z[179,4]",0.559111111111111,0.496548756722562,0,0,1,1,1,0.999942621708299,4500,1,1
"z[180,4]",0.00422222222222222,0.0648485125458765,0,0,0,0,0,1.01734330121673,4500,1,1
"z[181,4]",0.000444444444444444,0.0210795079890303,0,0,0,0,0,1.10528646876281,4500,1,1
"z[182,4]",0.000888888888888889,0.0298042977535084,0,0,0,0,0,1.16587551740291,2570,1,1
"z[183,4]",0.000222222222222222,0.0149071198499986,0,0,0,0,0,1.29093398298233,4500,1,1
"z[184,4]",1,0,1,1,1,1,1,NA,1,0,1
"z[185,4]",0.000666666666666667,0.0258141493083176,0,0,0,0,0,1.13377982835195,4498,1,1
"z[186,4]",0.594222222222222,0.491096495054176,0,0,1,1,1,0.999896536001422,4500,1,1
"z[187,4]",0.746888888888889,0.434842380726248,0,0,1,1,1,1.0007130591609,2526,1,1
"z[188,4]",0.346666666666667,0.475961375470961,0,0,0,1,1,1.00020339373288,4111,1,1
"z[189,4]",0.0153333333333333,0.122888478420367,0,0,0,0,0,1.00960584090427,3289,1,1
"z[190,4]",0.230444444444444,0.421164124865351,0,0,0,0,1,1.00030916077975,4397,1,1
"z[191,4]",0.0573333333333333,0.232504269129342,0,0,0,0,1,1.00037665355057,4500,1,1
"z[192,4]",0.552666666666667,0.497273741106578,0,0,1,1,1,1.00007060475068,4500,1,1
"z[193,4]",0.204,0.403013763231578,0,0,0,0,1,0.999804092626175,4500,1,1
"z[194,4]",0.209111111111111,0.406719085380904,0,0,0,0,1,1.00136315473738,1783,1,1
"z[195,4]",0.0942222222222222,0.292170095489473,0,0,0,0,1,1.00175622579758,2793,1,1
"z[196,4]",1,0,1,1,1,1,1,NA,1,0,1
"z[197,4]",0.179777777777778,0.384044924537002,0,0,0,0,1,0.999681372280259,4500,1,1
"z[198,4]",1,0,1,1,1,1,1,NA,1,0,1
"z[199,4]",0.194666666666667,0.395987880398553,0,0,0,0,1,1.00106191741128,2287,1,1
"z[200,4]",1,0,1,1,1,1,1,NA,1,0,1
"z[1,5]",1,0,1,1,1,1,1,NA,1,0,1
"z[2,5]",1,0,1,1,1,1,1,NA,1,0,1
"z[3,5]",0.000222222222222222,0.0149071198499986,0,0,0,0,0,1.29093398298233,4500,1,1
"z[4,5]",1,0,1,1,1,1,1,NA,1,0,1
"z[5,5]",1,0,1,1,1,1,1,NA,1,0,1
"z[6,5]",0.066,0.248309689121249,0,0,0,0,1,1.00194554424458,3557,1,1
"z[7,5]",0.990666666666667,0.0961679644942985,1,1,1,1,1,1.00225661027064,4500,0,1
"z[8,5]",0.981111111111111,0.136147779728393,1,1,1,1,1,1.01430102017658,1805,0,1
"z[9,5]",0.994444444444444,0.0743365276300976,1,1,1,1,1,1.00528243061712,4500,0,1
"z[10,5]",0.990666666666667,0.0961679644942985,1,1,1,1,1,1.00053169360396,4500,0,1
"z[11,5]",1,0,1,1,1,1,1,NA,1,0,1
"z[12,5]",1,0,1,1,1,1,1,NA,1,0,1
"z[13,5]",1,0,1,1,1,1,1,NA,1,0,1
"z[14,5]",1,0,1,1,1,1,1,NA,1,0,1
"z[15,5]",1,0,1,1,1,1,1,NA,1,0,1
"z[16,5]",0.942,0.233769424929795,0,1,1,1,1,1.00073278793789,4500,1,1
"z[17,5]",0.982888888888889,0.129699881353212,1,1,1,1,1,1.00210292050619,4500,0,1
"z[18,5]",0.977111111111111,0.149565901047889,1,1,1,1,1,1.00907001447073,2348,0,1
"z[19,5]",1,0,1,1,1,1,1,NA,1,0,1
"z[20,5]",0.980666666666667,0.137709003796433,1,1,1,1,1,1.00233661430881,4500,0,1
"z[21,5]",0.554444444444444,0.497082197947321,0,0,1,1,1,0.999917027192081,4500,1,1
"z[22,5]",0.822222222222222,0.382368055124134,0,1,1,1,1,1.00054361565052,3911,1,1
"z[23,5]",1,0,1,1,1,1,1,NA,1,0,1
"z[24,5]",1,0,1,1,1,1,1,NA,1,0,1
"z[25,5]",0.981777777777778,0.133769014787178,1,1,1,1,1,1.00343013141306,4500,0,1
"z[26,5]",0.978444444444444,0.14524324938423,1,1,1,1,1,1.01314124110709,1730,0,1
"z[27,5]",0.978666666666667,0.14450904074975,1,1,1,1,1,1.00119242363744,4500,0,1
"z[28,5]",1,0,1,1,1,1,1,NA,1,0,1
"z[29,5]",0.00711111111111111,0.0840363764582043,0,0,0,0,0,1.00164208775464,4500,1,1
"z[30,5]",1,0,1,1,1,1,1,NA,1,0,1
"z[31,5]",1,0,1,1,1,1,1,NA,1,0,1
"z[32,5]",1,0,1,1,1,1,1,NA,1,0,1
"z[33,5]",1,0,1,1,1,1,1,NA,1,0,1
"z[34,5]",1,0,1,1,1,1,1,NA,1,0,1
"z[35,5]",1,0,1,1,1,1,1,NA,1,0,1
"z[36,5]",1,0,1,1,1,1,1,NA,1,0,1
"z[37,5]",0.935777777777778,0.245175623613492,0,1,1,1,1,1.00016580010538,4500,1,1
"z[38,5]",1,0,1,1,1,1,1,NA,1,0,1
"z[39,5]",1,0,1,1,1,1,1,NA,1,0,1
"z[40,5]",1,0,1,1,1,1,1,NA,1,0,1
"z[41,5]",0.0682222222222222,0.252154872981642,0,0,0,0,1,1.00154294123704,4194,1,1
"z[42,5]",0.536888888888889,0.498692766455964,0,0,1,1,1,1.00062801533215,2095,1,1
"z[43,5]",1,0,1,1,1,1,1,NA,1,0,1
"z[44,5]",0.725333333333333,0.446395755946304,0,0,1,1,1,0.999780331882337,4500,1,1
"z[45,5]",1,0,1,1,1,1,1,NA,1,0,1
"z[46,5]",1,0,1,1,1,1,1,NA,1,0,1
"z[47,5]",0.318222222222222,0.465838022120859,0,0,0,1,1,1.00030450778168,3614,1,1
"z[48,5]",0.141333333333333,0.348403784006977,0,0,0,0,1,0.999912969648114,4500,1,1
"z[49,5]",0.142222222222222,0.349316729871186,0,0,0,0,1,1.00079331895299,3639,1,1
"z[50,5]",1,0,1,1,1,1,1,NA,1,0,1
"z[51,5]",1,0,1,1,1,1,1,NA,1,0,1
"z[52,5]",0.0584444444444444,0.234608019202615,0,0,0,0,1,1.00089504240358,4500,1,1
"z[53,5]",0.0926666666666667,0.289996972491497,0,0,0,0,1,1.00251957507505,2080,1,1
"z[54,5]",0.748666666666667,0.433827975818527,0,0,1,1,1,1.0018129127747,1241,1,1
"z[55,5]",0.106,0.307871829415116,0,0,0,0,1,1.00107918542923,3742,1,1
"z[56,5]",1,0,1,1,1,1,1,NA,1,0,1
"z[57,5]",1,0,1,1,1,1,1,NA,1,0,1
"z[58,5]",0.945555555555556,0.226917803425049,0,1,1,1,1,1.00090194099665,4500,1,1
"z[59,5]",0.151777777777778,0.358845230543525,0,0,0,0,1,0.999685976583247,4500,1,1
"z[60,5]",1,0,1,1,1,1,1,NA,1,0,1
"z[61,5]",1,0,1,1,1,1,1,NA,1,0,1
"z[62,5]",1,0,1,1,1,1,1,NA,1,0,1
"z[63,5]",1,0,1,1,1,1,1,NA,1,0,1
"z[64,5]",1,0,1,1,1,1,1,NA,1,0,1
"z[65,5]",0.0513333333333333,0.220701260655139,0,0,0,0,1,0.999947549093853,4500,1,1
"z[66,5]",0.0311111111111111,0.173637293967947,0,0,0,0,1,1.0014842934905,4500,1,1
"z[67,5]",0.0702222222222222,0.255549553077657,0,0,0,0,1,1.00109253604259,4500,1,1
"z[68,5]",0.0997777777777778,0.299736780791094,0,0,0,0,1,1.00009129827291,4500,1,1
"z[69,5]",1,0,1,1,1,1,1,NA,1,0,1
"z[70,5]",1,0,1,1,1,1,1,NA,1,0,1
"z[71,5]",1,0,1,1,1,1,1,NA,1,0,1
"z[72,5]",1,0,1,1,1,1,1,NA,1,0,1
"z[73,5]",1,0,1,1,1,1,1,NA,1,0,1
"z[74,5]",1,0,1,1,1,1,1,NA,1,0,1
"z[75,5]",1,0,1,1,1,1,1,NA,1,0,1
"z[76,5]",0.989111111111111,0.103791690054186,1,1,1,1,1,1.04129057104345,1050,0,1
"z[77,5]",1,0,1,1,1,1,1,NA,1,0,1
"z[78,5]",0.969555555555556,0.171825903655918,0,1,1,1,1,1.00003486420373,4500,1,1
"z[79,5]",1,0,1,1,1,1,1,NA,1,0,1
"z[80,5]",0.986888888888889,0.113763288874888,1,1,1,1,1,1.00377276060759,4500,0,1
"z[81,5]",0.0335555555555556,0.180102161070095,0,0,0,0,1,1.01151701003473,1286,1,1
"z[82,5]",0.0544444444444444,0.226917803425049,0,0,0,0,1,1.00307030570205,2842,1,1
"z[83,5]",0.732888888888889,0.442500031568708,0,0,1,1,1,0.999899422113055,4500,1,1
"z[84,5]",0.98,0.140015558148628,1,1,1,1,1,1.02451714367511,996,0,1
"z[85,5]",1,0,1,1,1,1,1,NA,1,0,1
"z[86,5]",0.0186666666666667,0.1353598679191,0,0,0,0,0,1.00054826854875,4500,1,1
"z[87,5]",1,0,1,1,1,1,1,NA,1,0,1
"z[88,5]",1,0,1,1,1,1,1,NA,1,0,1
"z[89,5]",0.0195555555555556,0.13848248064772,0,0,0,0,0,1.00967853239323,2572,1,1
"z[90,5]",0.988888888888889,0.104833661410201,1,1,1,1,1,1.02696361373298,1602,0,1
"z[91,5]",1,0,1,1,1,1,1,NA,1,0,1
"z[92,5]",1,0,1,1,1,1,1,NA,1,0,1
"z[93,5]",1,0,1,1,1,1,1,NA,1,0,1
"z[94,5]",1,0,1,1,1,1,1,NA,1,0,1
"z[95,5]",1,0,1,1,1,1,1,NA,1,0,1
"z[96,5]",1,0,1,1,1,1,1,NA,1,0,1
"z[97,5]",1,0,1,1,1,1,1,NA,1,0,1
"z[98,5]",1,0,1,1,1,1,1,NA,1,0,1
"z[99,5]",0.224888888888889,0.417555531121581,0,0,0,0,1,1.0001794594613,4500,1,1
"z[100,5]",0.000444444444444444,0.0210795079890303,0,0,0,0,0,1.10528646876281,4500,1,1
"z[101,5]",1,0,1,1,1,1,1,NA,1,0,1
"z[102,5]",0.0282222222222222,0.165625554658784,0,0,0,0,1,1.00068330609776,4500,1,1
"z[103,5]",0.130444444444444,0.336829190149167,0,0,0,0,1,1.00004890293697,4500,1,1
"z[104,5]",0.00444444444444444,0.0665257457028688,0,0,0,0,0,1.00837775074503,4500,1,1
"z[105,5]",0.986888888888889,0.113763288874888,1,1,1,1,1,1.00420483763436,4500,0,1
"z[106,5]",0.247111111111111,0.431379835980449,0,0,0,0,1,1.0005239619713,3138,1,1
"z[107,5]",0.0375555555555556,0.190139869149559,0,0,0,0,1,1.0011576877493,4500,1,1
"z[108,5]",0.281333333333333,0.449699709640618,0,0,0,1,1,0.999787930056531,4500,1,1
"z[109,5]",0.002,0.0446815807032984,0,0,0,0,0,1.10911130872297,1926,1,1
"z[110,5]",0.0353333333333333,0.184641449821595,0,0,0,0,1,1.00068517718883,4500,1,1
"z[111,5]",0.04,0.195980956294358,0,0,0,0,1,1.00122150569008,4500,1,1
"z[112,5]",0.0588888888888889,0.235442787459719,0,0,0,0,1,1.00316126603708,2575,1,1
"z[113,5]",0.0551111111111111,0.228222372014437,0,0,0,0,1,0.999784971398426,4500,1,1
"z[114,5]",1,0,1,1,1,1,1,NA,1,0,1
"z[115,5]",0.0102222222222222,0.100598097789677,0,0,0,0,0,1.01407890162679,3360,1,1
"z[116,5]",1,0,1,1,1,1,1,NA,1,0,1
"z[117,5]",1,0,1,1,1,1,1,NA,1,0,1
"z[118,5]",1,0,1,1,1,1,1,NA,1,0,1
"z[119,5]",1,0,1,1,1,1,1,NA,1,0,1
"z[120,5]",0.986666666666667,0.11471041653724,1,1,1,1,1,1.00009421809267,4500,0,1
"z[121,5]",1,0,1,1,1,1,1,NA,1,0,1
"z[122,5]",0.0193333333333333,0.137709003796433,0,0,0,0,0,1.00356413838601,4500,1,1
"z[123,5]",0.292,0.454732835349272,0,0,0,1,1,0.999775856866825,4500,1,1
"z[124,5]",0.0657777777777778,0.247920794922865,0,0,0,0,1,1.00039767331892,4500,1,1
"z[125,5]",1,0,1,1,1,1,1,NA,1,0,1
"z[126,5]",0.658888888888889,0.474135294503335,0,0,1,1,1,0.99979751410943,4500,1,1
"z[127,5]",0.0495555555555556,0.217049006950826,0,0,0,0,1,0.999711103464929,4500,1,1
"z[128,5]",0.0662222222222222,0.248697776589203,0,0,0,0,1,1.00093133322891,4500,1,1
"z[129,5]",0.0473333333333333,0.212374461172167,0,0,0,0,1,1.00024891785161,4500,1,1
"z[130,5]",0.0415555555555556,0.199593447150984,0,0,0,0,1,1.00080227767318,4500,1,1
"z[131,5]",1,0,1,1,1,1,1,NA,1,0,1
"z[132,5]",1,0,1,1,1,1,1,NA,1,0,1
"z[133,5]",1,0,1,1,1,1,1,NA,1,0,1
"z[134,5]",0.0375555555555556,0.190139869149559,0,0,0,0,1,1.00733510289407,1791,1,1
"z[135,5]",0.0608888888888889,0.239152967592038,0,0,0,0,1,1.00292398591623,2675,1,1
"z[136,5]",0.0764444444444444,0.265737434110773,0,0,0,0,1,0.999879673460714,4500,1,1
"z[137,5]",0.046,0.209508363001558,0,0,0,0,1,1.00337515975479,3055,1,1
"z[138,5]",1,0,1,1,1,1,1,NA,1,0,1
"z[139,5]",0.990888888888889,0.0950268670194558,1,1,1,1,1,1.01069346456887,4500,0,1
"z[140,5]",1,0,1,1,1,1,1,NA,1,0,1
"z[141,5]",1,0,1,1,1,1,1,NA,1,0,1
"z[142,5]",0.142444444444444,0.349544240495844,0,0,0,0,1,1.00007577653625,4500,1,1
"z[143,5]",0.0746666666666667,0.262881936707821,0,0,0,0,1,1.00162873560213,3673,1,1
"z[144,5]",0.0751111111111111,0.263599835321828,0,0,0,0,1,1.00017721846396,4500,1,1
"z[145,5]",1,0,1,1,1,1,1,NA,1,0,1
"z[146,5]",1,0,1,1,1,1,1,NA,1,0,1
"z[147,5]",1,0,1,1,1,1,1,NA,1,0,1
"z[148,5]",1,0,1,1,1,1,1,NA,1,0,1
"z[149,5]",1,0,1,1,1,1,1,NA,1,0,1
"z[150,5]",1,0,1,1,1,1,1,NA,1,0,1
"z[151,5]",0.985333333333333,0.120227982292648,1,1,1,1,1,1.00842390669092,3903,0,1
"z[152,5]",0.992666666666667,0.0853297931213479,1,1,1,1,1,1.01738142819924,3781,0,1
"z[153,5]",0.0384444444444444,0.192288028053314,0,0,0,0,1,1.00060415835376,4500,1,1
"z[154,5]",0.414222222222222,0.492641964622739,0,0,0,1,1,0.999868261397688,4500,1,1
"z[155,5]",0.0662222222222222,0.248697776589203,0,0,0,0,1,1.00048596970209,4500,1,1
"z[156,5]",0.104666666666667,0.306157451280283,0,0,0,0,1,1.00154024313808,2838,1,1
"z[157,5]",1,0,1,1,1,1,1,NA,1,0,1
"z[158,5]",1,0,1,1,1,1,1,NA,1,0,1
"z[159,5]",1,0,1,1,1,1,1,NA,1,0,1
"z[160,5]",1,0,1,1,1,1,1,NA,1,0,1
"z[161,5]",0.304444444444444,0.460222872627697,0,0,0,1,1,0.999880084806005,4500,1,1
"z[162,5]",1,0,1,1,1,1,1,NA,1,0,1
"z[163,5]",1,0,1,1,1,1,1,NA,1,0,1
"z[164,5]",1,0,1,1,1,1,1,NA,1,0,1
"z[165,5]",1,0,1,1,1,1,1,NA,1,0,1
"z[166,5]",1,0,1,1,1,1,1,NA,1,0,1
"z[167,5]",0.00111111111111111,0.033318511930496,0,0,0,0,0,1.07137218653062,4500,1,1
"z[168,5]",0.988,0.108897361089598,1,1,1,1,1,1.00592739056704,4500,0,1
"z[169,5]",0.986888888888889,0.113763288874888,1,1,1,1,1,1.02791397860007,1318,0,1
"z[170,5]",1,0,1,1,1,1,1,NA,1,0,1
"z[171,5]",1,0,1,1,1,1,1,NA,1,0,1
"z[172,5]",0.929777777777778,0.255549553077657,0,1,1,1,1,1.00130499911892,4500,1,1
"z[173,5]",0.972666666666667,0.163070940344369,0,1,1,1,1,1.00185921070555,4500,1,1
"z[174,5]",1,0,1,1,1,1,1,NA,1,0,1
"z[175,5]",1,0,1,1,1,1,1,NA,1,0,1
"z[176,5]",1,0,1,1,1,1,1,NA,1,0,1
"z[177,5]",1,0,1,1,1,1,1,NA,1,0,1
"z[178,5]",0.735111111111111,0.441323063951825,0,0,1,1,1,1.00047013442659,3204,1,1
"z[179,5]",0.597111111111111,0.490533285165418,0,0,1,1,1,1.00064320692195,2131,1,1
"z[180,5]",0.0317777777777778,0.175427447850631,0,0,0,0,1,1.00803822334261,1918,1,1
"z[181,5]",0.0297777777777778,0.169992598048771,0,0,0,0,1,1.00234808245821,4500,1,1
"z[182,5]",0.129333333333333,0.335605797609632,0,0,0,0,1,1.00076848846058,4023,1,1
"z[183,5]",0.0424444444444444,0.201623280764707,0,0,0,0,1,1.00044238789052,4500,1,1
"z[184,5]",1,0,1,1,1,1,1,NA,1,0,1
"z[185,5]",0.000222222222222222,0.0149071198499986,0,0,0,0,0,1.29093398298233,4500,1,1
"z[186,5]",1,0,1,1,1,1,1,NA,1,0,1
"z[187,5]",0.714666666666667,0.451623236177004,0,0,1,1,1,0.999736032074345,4500,1,1
"z[188,5]",0.264222222222222,0.440967176865896,0,0,0,1,1,0.999953748296014,4500,1,1
"z[189,5]",0.167333333333333,0.373314691159151,0,0,0,0,1,1.00259916161086,1219,1,1
"z[190,5]",1,0,1,1,1,1,1,NA,1,0,1
"z[191,5]",1,0,1,1,1,1,1,NA,1,0,1
"z[192,5]",0.620444444444444,0.485330278513819,0,0,1,1,1,1.00044843968102,2717,1,1
"z[193,5]",1,0,1,1,1,1,1,NA,1,0,1
"z[194,5]",1,0,1,1,1,1,1,NA,1,0,1
"z[195,5]",0.225555555555556,0.417994106865551,0,0,0,0,1,1.00092049735244,2280,1,1
"z[196,5]",1,0,1,1,1,1,1,NA,1,0,1
"z[197,5]",0.655111111111111,0.47538485817232,0,0,1,1,1,0.999883196112693,4500,1,1
"z[198,5]",1,0,1,1,1,1,1,NA,1,0,1
"z[199,5]",1,0,1,1,1,1,1,NA,1,0,1
"z[200,5]",1,0,1,1,1,1,1,NA,1,0,1
"z[1,6]",1,0,1,1,1,1,1,NA,1,0,1
"z[2,6]",1,0,1,1,1,1,1,NA,1,0,1
"z[3,6]",0.00666666666666667,0.0813860808385347,0,0,0,0,0,1.05694873004079,1209,1,1
"z[4,6]",1,0,1,1,1,1,1,NA,1,0,1
"z[5,6]",0.954222222222222,0.209026032222424,0,1,1,1,1,1.00299791517744,3416,1,1
"z[6,6]",0.661777777777778,0.473157163337463,0,0,1,1,1,1.00024354055472,3882,1,1
"z[7,6]",1,0,1,1,1,1,1,NA,1,0,1
"z[8,6]",1,0,1,1,1,1,1,NA,1,0,1
"z[9,6]",1,0,1,1,1,1,1,NA,1,0,1
"z[10,6]",1,0,1,1,1,1,1,NA,1,0,1
"z[11,6]",0.932222222222222,0.251392113273443,0,1,1,1,1,1.00022963031351,4500,1,1
"z[12,6]",1,0,1,1,1,1,1,NA,1,0,1
"z[13,6]",1,0,1,1,1,1,1,NA,1,0,1
"z[14,6]",1,0,1,1,1,1,1,NA,1,0,1
"z[15,6]",1,0,1,1,1,1,1,NA,1,0,1
"z[16,6]",0.941555555555556,0.234608019202615,0,1,1,1,1,1.0023570813273,3368,1,1
"z[17,6]",0.979555555555556,0.141530634321543,1,1,1,1,1,1.00267152310792,4500,0,1
"z[18,6]",1,0,1,1,1,1,1,NA,1,0,1
"z[19,6]",1,0,1,1,1,1,1,NA,1,0,1
"z[20,6]",0.977555555555556,0.148140366379144,1,1,1,1,1,1.00354528310546,4500,0,1
"z[21,6]",0.606888888888889,0.488495438904733,0,0,1,1,1,1.00081517567576,1830,1,1
"z[22,6]",0.813333333333333,0.38968701286146,0,1,1,1,1,1.00052920508185,3825,1,1
"z[23,6]",0.856444444444444,0.350677466816207,0,1,1,1,1,1.00010482109743,4500,1,1
"z[24,6]",1,0,1,1,1,1,1,NA,1,0,1
"z[25,6]",0.983777777777778,0.126343218950737,1,1,1,1,1,1.00668187207812,4428,0,1
"z[26,6]",0.979333333333333,0.142281601882585,1,1,1,1,1,0.999847334885967,4500,0,1
"z[27,6]",0.978222222222222,0.145973426820025,1,1,1,1,1,1.01510376833432,1494,0,1
"z[28,6]",0.0337777777777778,0.180676765936377,0,0,0,0,1,1.00493246409543,2887,1,1
"z[29,6]",0.054,0.226042815685939,0,0,0,0,1,1.0022476101074,3790,1,1
"z[30,6]",0.992888888888889,0.0840363764582043,1,1,1,1,1,1.0060467218903,4500,0,1
"z[31,6]",0.991777777777778,0.0903129549063227,1,1,1,1,1,1.06919899181556,795,0,1
"z[32,6]",0.992666666666667,0.0853297931213479,1,1,1,1,1,1.00930722190751,4500,0,1
"z[33,6]",1,0,1,1,1,1,1,NA,1,0,1
"z[34,6]",1,0,1,1,1,1,1,NA,1,0,1
"z[35,6]",1,0,1,1,1,1,1,NA,1,0,1
"z[36,6]",1,0,1,1,1,1,1,NA,1,0,1
"z[37,6]",1,0,1,1,1,1,1,NA,1,0,1
"z[38,6]",1,0,1,1,1,1,1,NA,1,0,1
"z[39,6]",0.965777777777778,0.181819713016199,0,1,1,1,1,1.00171516816221,4500,1,1
"z[40,6]",1,0,1,1,1,1,1,NA,1,0,1
"z[41,6]",0.00511111111111111,0.071317023933587,0,0,0,0,0,1.00628299119719,4500,1,1
"z[42,6]",0.353333333333333,0.478058234406061,0,0,0,1,1,0.999974910837954,4500,1,1
"z[43,6]",0.875777777777778,0.329871555144548,0,1,1,1,1,1.00018086583483,4500,1,1
"z[44,6]",0.873555555555556,0.332386519284506,0,1,1,1,1,1.00079342564192,4024,1,1
"z[45,6]",0.967777777777778,0.176609404971474,0,1,1,1,1,1.00544605796596,2759,1,1
"z[46,6]",0.988444444444444,0.106885749673393,1,1,1,1,1,1.00098880252479,4500,0,1
"z[47,6]",0.314222222222222,0.464256948082182,0,0,0,1,1,1.00002609327293,4500,1,1
"z[48,6]",0.000888888888888889,0.0298042977535084,0,0,0,0,0,1.16587551740291,2570,1,1
"z[49,6]",0.138888888888889,0.345868976410075,0,0,0,0,1,1.00097930685897,3175,1,1
"z[50,6]",1,0,1,1,1,1,1,NA,1,0,1
"z[51,6]",0.835777777777778,0.370518274124004,0,1,1,1,1,0.999860476176481,4500,1,1
"z[52,6]",0,0,0,0,0,0,0,NA,1,1,1
"z[53,6]",0.00111111111111111,0.033318511930496,0,0,0,0,0,1.01912206739455,4500,1,1
"z[54,6]",1,0,1,1,1,1,1,NA,1,0,1
"z[55,6]",0.142,0.349088929478717,0,0,0,0,1,0.999731489769747,4500,1,1
"z[56,6]",1,0,1,1,1,1,1,NA,1,0,1
"z[57,6]",1,0,1,1,1,1,1,NA,1,0,1
"z[58,6]",0.955555555555556,0.206103312651472,0,1,1,1,1,1.003977023884,2723,1,1
"z[59,6]",1,0,1,1,1,1,1,NA,1,0,1
"z[60,6]",1,0,1,1,1,1,1,NA,1,0,1
"z[61,6]",0.130444444444444,0.336829190149167,0,0,0,0,1,0.999910203222003,4500,1,1
"z[62,6]",1,0,1,1,1,1,1,NA,1,0,1
"z[63,6]",1,0,1,1,1,1,1,NA,1,0,1
"z[64,6]",1,0,1,1,1,1,1,NA,1,0,1
"z[65,6]",0.000222222222222222,0.0149071198499986,0,0,0,0,0,1.29093398298233,4500,1,1
"z[66,6]",0.000222222222222222,0.0149071198499986,0,0,0,0,0,1.29093398298233,4500,1,1
"z[67,6]",0.00222222222222222,0.0470932775447189,0,0,0,0,0,1.03308734033364,4500,1,1
"z[68,6]",0.108444444444444,0.310975460571048,0,0,0,0,1,1.0002393530759,4500,1,1
"z[69,6]",1,0,1,1,1,1,1,NA,1,0,1
"z[70,6]",1,0,1,1,1,1,1,NA,1,0,1
"z[71,6]",1,0,1,1,1,1,1,NA,1,0,1
"z[72,6]",1,0,1,1,1,1,1,NA,1,0,1
"z[73,6]",1,0,1,1,1,1,1,NA,1,0,1
"z[74,6]",1,0,1,1,1,1,1,NA,1,0,1
"z[75,6]",1,0,1,1,1,1,1,NA,1,0,1
"z[76,6]",1,0,1,1,1,1,1,NA,1,0,1
"z[77,6]",1,0,1,1,1,1,1,NA,1,0,1
"z[78,6]",1,0,1,1,1,1,1,NA,1,0,1
"z[79,6]",1,0,1,1,1,1,1,NA,1,0,1
"z[80,6]",1,0,1,1,1,1,1,NA,1,0,1
"z[81,6]",0.0844444444444444,0.278084096742923,0,0,0,0,1,1.00107984079597,4500,1,1
"z[82,6]",0.105111111111111,0.306730619461065,0,0,0,0,1,0.999702888565541,4500,1,1
"z[83,6]",0.535777777777778,0.498773730265155,0,0,1,1,1,0.999941227112037,4500,1,1
"z[84,6]",1,0,1,1,1,1,1,NA,1,0,1
"z[85,6]",1,0,1,1,1,1,1,NA,1,0,1
"z[86,6]",1,0,1,1,1,1,1,NA,1,0,1
"z[87,6]",0.0291111111111111,0.168136660277006,0,0,0,0,1,1.00016041294233,4500,1,1
"z[88,6]",1,0,1,1,1,1,1,NA,1,0,1
"z[89,6]",0.597555555555556,0.490445069407419,0,0,1,1,1,1.00026258535064,3489,1,1
"z[90,6]",1,0,1,1,1,1,1,NA,1,0,1
"z[91,6]",1,0,1,1,1,1,1,NA,1,0,1
"z[92,6]",0.980888888888889,0.136930797191431,1,1,1,1,1,0.999947548021398,4500,0,1
"z[93,6]",1,0,1,1,1,1,1,NA,1,0,1
"z[94,6]",1,0,1,1,1,1,1,NA,1,0,1
"z[95,6]",0.929333333333333,0.256295700525826,0,1,1,1,1,1.00159017614047,3959,1,1
"z[96,6]",1,0,1,1,1,1,1,NA,1,0,1
"z[97,6]",1,0,1,1,1,1,1,NA,1,0,1
"z[98,6]",1,0,1,1,1,1,1,NA,1,0,1
"z[99,6]",1,0,1,1,1,1,1,NA,1,0,1
"z[100,6]",0,0,0,0,0,0,0,NA,1,1,1
"z[101,6]",0.0166666666666667,0.128033322512951,0,0,0,0,0,1.00323531699103,4500,1,1
"z[102,6]",0.0306666666666667,0.17243210118093,0,0,0,0,1,1.00624396383824,2541,1,1
"z[103,6]",0.126888888888889,0.332885451492204,0,0,0,0,1,1.00102775453232,3305,1,1
"z[104,6]",0.00377777777777778,0.0613542394088465,0,0,0,0,0,1.03124325048662,4012,1,1
"z[105,6]",1,0,1,1,1,1,1,NA,1,0,1
"z[106,6]",1,0,1,1,1,1,1,NA,1,0,1
"z[107,6]",1,0,1,1,1,1,1,NA,1,0,1
"z[108,6]",1,0,1,1,1,1,1,NA,1,0,1
"z[109,6]",0.00533333333333333,0.0728427622699364,0,0,0,0,0,1.00228785649299,4500,1,1
"z[110,6]",0,0,0,0,0,0,0,NA,1,1,1
"z[111,6]",0,0,0,0,0,0,0,NA,1,1,1
"z[112,6]",0.000444444444444444,0.0210795079890303,0,0,0,0,0,1.10528646876281,4500,1,1
"z[113,6]",0.000666666666666667,0.0258141493083176,0,0,0,0,0,1.29167562882982,1500,1,1
"z[114,6]",1,0,1,1,1,1,1,NA,1,0,1
"z[115,6]",0.00711111111111111,0.0840363764582043,0,0,0,0,0,1.04465487186763,1475,1,1
"z[116,6]",1,0,1,1,1,1,1,NA,1,0,1
"z[117,6]",0.92,0.271323348038703,0,1,1,1,1,1.00099328072223,4500,1,1
"z[118,6]",0.985111111111111,0.121121715563244,1,1,1,1,1,1.00184056122518,4500,0,1
"z[119,6]",1,0,1,1,1,1,1,NA,1,0,1
"z[120,6]",0.986,0.11750348180963,1,1,1,1,1,1.00314724351889,4500,0,1
"z[121,6]",1,0,1,1,1,1,1,NA,1,0,1
"z[122,6]",0.00111111111111111,0.033318511930496,0,0,0,0,0,1.07137218653062,4500,1,1
"z[123,6]",0.00266666666666667,0.0515766100016907,0,0,0,0,0,NA,4500,1,1
"z[124,6]",0.00511111111111111,0.071317023933587,0,0,0,0,0,1.00628299119719,4500,1,1
"z[125,6]",1,0,1,1,1,1,1,NA,1,0,1
"z[126,6]",1,0,1,1,1,1,1,NA,1,0,1
"z[127,6]",0.000222222222222222,0.0149071198499986,0,0,0,0,0,1.29093398298233,4500,1,1
"z[128,6]",0.000444444444444444,0.0210795079890303,0,0,0,0,0,1.10528646876281,4500,1,1
"z[129,6]",0.000222222222222222,0.0149071198499986,0,0,0,0,0,1.29093398298233,4500,1,1
"z[130,6]",0.000222222222222222,0.0149071198499986,0,0,0,0,0,1.29093398298233,4500,1,1
"z[131,6]",1,0,1,1,1,1,1,NA,1,0,1
"z[132,6]",1,0,1,1,1,1,1,NA,1,0,1
"z[133,6]",0.966888888888889,0.178946588136641,0,1,1,1,1,1.00386371846377,3706,1,1
"z[134,6]",0.000222222222222222,0.0149071198499986,0,0,0,0,0,1.29093398298233,4500,1,1
"z[135,6]",0.00222222222222222,0.0470932775447189,0,0,0,0,0,1.00465090130556,4500,1,1
"z[136,6]",0.103777777777778,0.305005940343398,0,0,0,0,1,1.00039543642024,4500,1,1
"z[137,6]",0.000888888888888889,0.0298042977535084,0,0,0,0,0,1.29204734004362,1125,1,1
"z[138,6]",0.989777777777778,0.100598097789677,1,1,1,1,1,0.999907684229773,4500,0,1
"z[139,6]",0.992222222222222,0.0878578356425394,1,1,1,1,1,1.02982241508842,2057,0,1
"z[140,6]",0.983333333333333,0.128033322512951,1,1,1,1,1,1.01132646894882,2574,0,1
"z[141,6]",0.99,0.0995098009695405,1,1,1,1,1,1.00042133123201,4500,0,1
"z[142,6]",0.000666666666666667,0.0258141493083176,0,0,0,0,0,1.13377982835195,4498,1,1
"z[143,6]",0.000222222222222222,0.0149071198499986,0,0,0,0,0,1.29093398298233,4500,1,1
"z[144,6]",0.000666666666666667,0.0258141493083176,0,0,0,0,0,1.13377982835195,4498,1,1
"z[145,6]",1,0,1,1,1,1,1,NA,1,0,1
"z[146,6]",1,0,1,1,1,1,1,NA,1,0,1
"z[147,6]",1,0,1,1,1,1,1,NA,1,0,1
"z[148,6]",1,0,1,1,1,1,1,NA,1,0,1
"z[149,6]",1,0,1,1,1,1,1,NA,1,0,1
"z[150,6]",0.985555555555556,0.119327141438796,1,1,1,1,1,0.999788370003582,4500,0,1
"z[151,6]",0.985333333333333,0.120227982292648,1,1,1,1,1,1.00108209230923,4500,0,1
"z[152,6]",1,0,1,1,1,1,1,NA,1,0,1
"z[153,6]",0.0262222222222222,0.159813306406557,0,0,0,0,1,1.00432643588514,4171,1,1
"z[154,6]",0.456888888888889,0.498193322813397,0,0,0,1,1,0.999668214530168,4500,1,1
"z[155,6]",0.0533333333333333,0.224722297816234,0,0,0,0,1,1.00131863620406,4500,1,1
"z[156,6]",1,0,1,1,1,1,1,NA,1,0,1
"z[157,6]",1,0,1,1,1,1,1,NA,1,0,1
"z[158,6]",1,0,1,1,1,1,1,NA,1,0,1
"z[159,6]",1,0,1,1,1,1,1,NA,1,0,1
"z[160,6]",0.994222222222222,0.0758002102747823,1,1,1,1,1,1.0344449287688,2375,0,1
"z[161,6]",0.274444444444444,0.446283487398919,0,0,0,1,1,1.00004152404031,4500,1,1
"z[162,6]",0.960888888888889,0.193880853578703,0,1,1,1,1,1.00229544824936,4500,1,1
"z[163,6]",1,0,1,1,1,1,1,NA,1,0,1
"z[164,6]",1,0,1,1,1,1,1,NA,1,0,1
"z[165,6]",1,0,1,1,1,1,1,NA,1,0,1
"z[166,6]",1,0,1,1,1,1,1,NA,1,0,1
"z[167,6]",0.00155555555555556,0.0394142235807543,0,0,0,0,0,1.06447893654775,4494,1,1
"z[168,6]",0.984222222222222,0.124628612791859,1,1,1,1,1,1.01479152394438,2084,0,1
"z[169,6]",0.986888888888889,0.113763288874888,1,1,1,1,1,1.00507930445481,4500,0,1
"z[170,6]",1,0,1,1,1,1,1,NA,1,0,1
"z[171,6]",0.956444444444444,0.20412674648623,0,1,1,1,1,1.00189040238125,4500,1,1
"z[172,6]",1,0,1,1,1,1,1,NA,1,0,1
"z[173,6]",1,0,1,1,1,1,1,NA,1,0,1
"z[174,6]",0.986888888888889,0.113763288874888,1,1,1,1,1,1.00507930445481,4500,0,1
"z[175,6]",1,0,1,1,1,1,1,NA,1,0,1
"z[176,6]",1,0,1,1,1,1,1,NA,1,0,1
"z[177,6]",1,0,1,1,1,1,1,NA,1,0,1
"z[178,6]",0.738222222222222,0.439651142234043,0,0,1,1,1,1.00029552242559,4125,1,1
"z[179,6]",0.626666666666667,0.483743276165097,0,0,1,1,1,0.99998764171261,4500,1,1
"z[180,6]",0.00288888888888889,0.0536766566849176,0,0,0,0,0,1.00262879405446,4500,1,1
"z[181,6]",0.000888888888888889,0.0298042977535084,0,0,0,0,0,1.29204734004362,1125,1,1
"z[182,6]",0.00577777777777778,0.0758002102747823,0,0,0,0,0,1.03647029590721,2238,1,1
"z[183,6]",0.00288888888888889,0.0536766566849176,0,0,0,0,0,1.08102998765131,1883,1,1
"z[184,6]",0.00488888888888889,0.069757214702053,0,0,0,0,0,1.012956392308,4500,1,1
"z[185,6]",0,0,0,0,0,0,0,NA,1,1,1
"z[186,6]",1,0,1,1,1,1,1,NA,1,0,1
"z[187,6]",0.711111111111111,0.453296548067582,0,0,1,1,1,1.00006410290143,4500,1,1
"z[188,6]",0.0586666666666667,0.235025879030759,0,0,0,0,1,1.00143499765672,4500,1,1
"z[189,6]",1,0,1,1,1,1,1,NA,1,0,1
"z[190,6]",1,0,1,1,1,1,1,NA,1,0,1
"z[191,6]",1,0,1,1,1,1,1,NA,1,0,1
"z[192,6]",0.672,0.469536997712101,0,0,1,1,1,0.999878409647168,4500,1,1
"z[193,6]",1,0,1,1,1,1,1,NA,1,0,1
"z[194,6]",1,0,1,1,1,1,1,NA,1,0,1
"z[195,6]",1,0,1,1,1,1,1,NA,1,0,1
"z[196,6]",1,0,1,1,1,1,1,NA,1,0,1
"z[197,6]",1,0,1,1,1,1,1,NA,1,0,1
"z[198,6]",1,0,1,1,1,1,1,NA,1,0,1
"z[199,6]",1,0,1,1,1,1,1,NA,1,0,1
"z[200,6]",1,0,1,1,1,1,1,NA,1,0,1
"z[1,7]",1,0,1,1,1,1,1,NA,1,0,1
"z[2,7]",1,0,1,1,1,1,1,NA,1,0,1
"z[3,7]",1,0,1,1,1,1,1,NA,1,0,1
"z[4,7]",1,0,1,1,1,1,1,NA,1,0,1
"z[5,7]",1,0,1,1,1,1,1,NA,1,0,1
"z[6,7]",1,0,1,1,1,1,1,NA,1,0,1
"z[7,7]",1,0,1,1,1,1,1,NA,1,0,1
"z[8,7]",1,0,1,1,1,1,1,NA,1,0,1
"z[9,7]",1,0,1,1,1,1,1,NA,1,0,1
"z[10,7]",1,0,1,1,1,1,1,NA,1,0,1
"z[11,7]",1,0,1,1,1,1,1,NA,1,0,1
"z[12,7]",1,0,1,1,1,1,1,NA,1,0,1
"z[13,7]",1,0,1,1,1,1,1,NA,1,0,1
"z[14,7]",1,0,1,1,1,1,1,NA,1,0,1
"z[15,7]",0.262666666666667,0.440131726730602,0,0,0,1,1,1.00030961425011,4023,1,1
"z[16,7]",0.915777777777778,0.277751657165108,0,1,1,1,1,1.00034174093541,4500,1,1
"z[17,7]",0.969111111111111,0.173035889574341,0,1,1,1,1,1.00640096507223,2455,1,1
"z[18,7]",0.977555555555556,0.148140366379144,1,1,1,1,1,1.00536193447787,3968,0,1
"z[19,7]",0.986666666666667,0.11471041653724,1,1,1,1,1,1.00265088318546,4500,0,1
"z[20,7]",0.969333333333333,0.17243210118093,0,1,1,1,1,1.00025246888423,4500,1,1
"z[21,7]",0.502222222222222,0.500050625971747,0,0,1,1,1,1.0006336008403,2073,1,1
"z[22,7]",0.737555555555556,0.440011798198807,0,0,1,1,1,1.001224672308,1667,1,1
"z[23,7]",0.738666666666667,0.439409978425398,0,0,1,1,1,0.999930686456699,4500,1,1
"z[24,7]",0.795777777777778,0.403176919921029,0,1,1,1,1,1.00082001331592,2661,1,1
"z[25,7]",0.973111111111111,0.161776674693452,0,1,1,1,1,1.00656095276359,2746,1,1
"z[26,7]",0.967555555555556,0.177197008935809,0,1,1,1,1,1.00119136246165,4500,1,1
"z[27,7]",0.969777777777778,0.171217271410598,0,1,1,1,1,1.00346657839715,4463,1,1
"z[28,7]",0.0126666666666667,0.111843649799372,0,0,0,0,0,1.0010847481325,4500,1,1
"z[29,7]",0.00977777777777778,0.0984089676386699,0,0,0,0,0,1.00150453602595,4500,1,1
"z[30,7]",0.988222222222222,0.107896472423584,1,1,1,1,1,1.01693148599731,2431,0,1
"z[31,7]",0.978,0.146699633251375,1,1,1,1,1,1.00743664562315,2965,0,1
"z[32,7]",0.984888888888889,0.1220084974435,1,1,1,1,1,1.00443122440623,4500,0,1
"z[33,7]",1,0,1,1,1,1,1,NA,1,0,1
"z[34,7]",1,0,1,1,1,1,1,NA,1,0,1
"z[35,7]",1,0,1,1,1,1,1,NA,1,0,1
"z[36,7]",1,0,1,1,1,1,1,NA,1,0,1
"z[37,7]",1,0,1,1,1,1,1,NA,1,0,1
"z[38,7]",1,0,1,1,1,1,1,NA,1,0,1
"z[39,7]",1,0,1,1,1,1,1,NA,1,0,1
"z[40,7]",1,0,1,1,1,1,1,NA,1,0,1
"z[41,7]",0.088,0.283326381812225,0,0,0,0,1,0.999770072562733,4500,1,1
"z[42,7]",0.204,0.403013763231578,0,0,0,0,1,1.00009005809315,4500,1,1
"z[43,7]",0.764888888888889,0.424115371696836,0,1,1,1,1,1.00018483687225,4500,1,1
"z[44,7]",0.914888888888889,0.279077977538732,0,1,1,1,1,1.00003738493551,4500,1,1
"z[45,7]",0.940888888888889,0.23585874953463,0,1,1,1,1,0.999913761476268,4500,1,1
"z[46,7]",0.981555555555556,0.13456697579197,1,1,1,1,1,1.01412889669055,1871,0,1
"z[47,7]",0.278444444444444,0.448283161729082,0,0,0,1,1,0.999793909657088,4500,1,1
"z[48,7]",0.000888888888888889,0.0298042977535084,0,0,0,0,0,1.02957562893154,4500,1,1
"z[49,7]",0.116,0.320260507431969,0,0,0,0,1,1.00006815043151,4500,1,1
"z[50,7]",1,0,1,1,1,1,1,NA,1,0,1
"z[51,7]",1,0,1,1,1,1,1,NA,1,0,1
"z[52,7]",0.000222222222222222,0.0149071198499986,0,0,0,0,0,1.29093398298233,4500,1,1
"z[53,7]",0,0,0,0,0,0,0,NA,1,1,1
"z[54,7]",0.00977777777777778,0.0984089676386699,0,0,0,0,0,1.00772987302926,4500,1,1
"z[55,7]",0.138444444444444,0.345404244715402,0,0,0,0,1,1.00091410841635,3351,1,1
"z[56,7]",0.00311111111111111,0.0556966916350484,0,0,0,0,0,1.01716357534615,4500,1,1
"z[57,7]",0.917555555555556,0.275071213116166,0,1,1,1,1,0.999735586735285,4500,1,1
"z[58,7]",1,0,1,1,1,1,1,NA,1,0,1
"z[59,7]",1,0,1,1,1,1,1,NA,1,0,1
"z[60,7]",1,0,1,1,1,1,1,NA,1,0,1
"z[61,7]",0.0128888888888889,0.11280777163711,0,0,0,0,0,1.00390931704758,4500,1,1
"z[62,7]",0.0662222222222222,0.248697776589203,0,0,0,0,1,1.00565215687846,1346,1,1
"z[63,7]",0.05,0.217969167319041,0,0,0,0,1,1.00736476468706,1354,1,1
"z[64,7]",0.0506666666666667,0.219340481264845,0,0,0,0,1,1.00123235962234,4500,1,1
"z[65,7]",0.00266666666666667,0.0515766100016907,0,0,0,0,0,NA,4500,1,1
"z[66,7]",0.00111111111111111,0.033318511930496,0,0,0,0,0,1.11603919183554,3212,1,1
"z[67,7]",0.00222222222222222,0.0470932775447189,0,0,0,0,0,1.00465090130556,4500,1,1
"z[68,7]",0.002,0.0446815807032984,0,0,0,0,0,1.01775579934475,4500,1,1
"z[69,7]",1,0,1,1,1,1,1,NA,1,0,1
"z[70,7]",1,0,1,1,1,1,1,NA,1,0,1
"z[71,7]",1,0,1,1,1,1,1,NA,1,0,1
"z[72,7]",1,0,1,1,1,1,1,NA,1,0,1
"z[73,7]",1,0,1,1,1,1,1,NA,1,0,1
"z[74,7]",1,0,1,1,1,1,1,NA,1,0,1
"z[75,7]",1,0,1,1,1,1,1,NA,1,0,1
"z[76,7]",1,0,1,1,1,1,1,NA,1,0,1
"z[77,7]",1,0,1,1,1,1,1,NA,1,0,1
"z[78,7]",1,0,1,1,1,1,1,NA,1,0,1
"z[79,7]",1,0,1,1,1,1,1,NA,1,0,1
"z[80,7]",1,0,1,1,1,1,1,NA,1,0,1
"z[81,7]",0.0593333333333333,0.236273770253685,0,0,0,0,1,1.0001652886576,4500,1,1
"z[82,7]",0.0302222222222222,0.171217271410598,0,0,0,0,1,0.999781500517843,4500,1,1
"z[83,7]",0.221555555555556,0.415339651674082,0,0,0,0,1,0.999921774931367,4500,1,1
"z[84,7]",0.960666666666667,0.194408387233923,0,1,1,1,1,1.00028902365696,4500,1,1
"z[85,7]",0.955111111111111,0.207083090060559,0,1,1,1,1,1.00072698837674,4500,1,1
"z[86,7]",0.00422222222222222,0.0648485125458765,0,0,0,0,0,1.04041778869278,2747,1,1
"z[87,7]",1,0,1,1,1,1,1,NA,1,0,1
"z[88,7]",0.00466666666666667,0.0681609955608629,0,0,0,0,0,1.1072728411628,848,1,1
"z[89,7]",1,0,1,1,1,1,1,NA,1,0,1
"z[90,7]",1,0,1,1,1,1,1,NA,1,0,1
"z[91,7]",0.0502222222222222,0.218427454690079,0,0,0,0,1,1.00088099822288,4500,1,1
"z[92,7]",1,0,1,1,1,1,1,NA,1,0,1
"z[93,7]",1,0,1,1,1,1,1,NA,1,0,1
"z[94,7]",1,0,1,1,1,1,1,NA,1,0,1
"z[95,7]",0.851555555555556,0.355579510689408,0,1,1,1,1,1.00013997425751,4500,1,1
"z[96,7]",1,0,1,1,1,1,1,NA,1,0,1
"z[97,7]",1,0,1,1,1,1,1,NA,1,0,1
"z[98,7]",1,0,1,1,1,1,1,NA,1,0,1
"z[99,7]",1,0,1,1,1,1,1,NA,1,0,1
"z[100,7]",0.000666666666666667,0.0258141493083176,0,0,0,0,0,1.13377982835195,4498,1,1
"z[101,7]",0.00488888888888889,0.069757214702053,0,0,0,0,0,1.01596635866985,4500,1,1
"z[102,7]",0.028,0.164991058376806,0,0,0,0,1,1.00036616586901,4500,1,1
"z[103,7]",0.107777777777778,0.310134007193376,0,0,0,0,1,0.999765353195683,4500,1,1
"z[104,7]",0.00133333333333333,0.0364945409967103,0,0,0,0,0,1.03900028931154,4500,1,1
"z[105,7]",1,0,1,1,1,1,1,NA,1,0,1
"z[106,7]",1,0,1,1,1,1,1,NA,1,0,1
"z[107,7]",1,0,1,1,1,1,1,NA,1,0,1
"z[108,7]",1,0,1,1,1,1,1,NA,1,0,1
"z[109,7]",0.00777777777777778,0.0878578356425394,0,0,0,0,0,1.00623150481882,4500,1,1
"z[110,7]",0.000222222222222222,0.0149071198499986,0,0,0,0,0,1.29093398298233,4500,1,1
"z[111,7]",0.000222222222222222,0.0149071198499986,0,0,0,0,0,1.29093398298233,4500,1,1
"z[112,7]",0.0926666666666667,0.289996972491497,0,0,0,0,1,1.00043048866503,4500,1,1
"z[113,7]",0,0,0,0,0,0,0,NA,1,1,1
"z[114,7]",1,0,1,1,1,1,1,NA,1,0,1
"z[115,7]",1,0,1,1,1,1,1,NA,1,0,1
"z[116,7]",0.840222222222222,0.366440553449894,0,1,1,1,1,1.00024204165182,4500,1,1
"z[117,7]",0.813111111111111,0.389865629174764,0,1,1,1,1,1.00031168606986,4500,1,1
"z[118,7]",0.967111111111111,0.17836557884435,0,1,1,1,1,1.00034890999419,4500,1,1
"z[119,7]",1,0,1,1,1,1,1,NA,1,0,1
"z[120,7]",0.979777777777778,0.140775309913555,1,1,1,1,1,0.999729491106552,4500,0,1
"z[121,7]",1,0,1,1,1,1,1,NA,1,0,1
"z[122,7]",0.032,0.176019558815419,0,0,0,0,1,1.00526520505209,2865,1,1
"z[123,7]",0.098,0.297347688610086,0,0,0,0,1,1.00318715009944,1601,1,1
"z[124,7]",0.0808888888888889,0.272694703874728,0,0,0,0,1,1.00023361604354,4500,1,1
"z[125,7]",1,0,1,1,1,1,1,NA,1,0,1
"z[126,7]",0.956,0.205117892035902,0,1,1,1,1,1.00054410461477,4500,1,1
"z[127,7]",0.000444444444444444,0.0210795079890303,0,0,0,0,0,1.2913045102833,2250,1,1
"z[128,7]",0.00177777777777778,0.0421308880870312,0,0,0,0,0,1.10562873544635,2247,1,1
"z[129,7]",0.000222222222222222,0.0149071198499986,0,0,0,0,0,1.29093398298233,4500,1,1
"z[130,7]",0.000444444444444444,0.0210795079890303,0,0,0,0,0,1.10528646876281,4500,1,1
"z[131,7]",1,0,1,1,1,1,1,NA,1,0,1
"z[132,7]",1,0,1,1,1,1,1,NA,1,0,1
"z[133,7]",1,0,1,1,1,1,1,NA,1,0,1
"z[134,7]",0.00111111111111111,0.033318511930496,0,0,0,0,0,1.07137218653062,4500,1,1
"z[135,7]",0.102,0.302681943946003,0,0,0,0,1,1.00159201364157,2824,1,1
"z[136,7]",0.105333333333333,0.307016560960735,0,0,0,0,1,1.00127900202744,3297,1,1
"z[137,7]",0.002,0.0446815807032984,0,0,0,0,0,1.06670438272335,3369,1,1
"z[138,7]",0.979111111111111,0.143028281223349,1,1,1,1,1,1.00078632091274,4500,0,1
"z[139,7]",1,0,1,1,1,1,1,NA,1,0,1
"z[140,7]",1,0,1,1,1,1,1,NA,1,0,1
"z[141,7]",1,0,1,1,1,1,1,NA,1,0,1
"z[142,7]",0.00377777777777778,0.0613542394088465,0,0,0,0,0,1.05861090122379,2061,1,1
"z[143,7]",0.00266666666666667,0.0515766100016907,0,0,0,0,0,1.0099762458543,4500,1,1
"z[144,7]",0.00177777777777778,0.0421308880870312,0,0,0,0,0,1.08837125013206,2765,1,1
"z[145,7]",0.915555555555556,0.278084096742923,0,1,1,1,1,1.0021599114326,2593,1,1
"z[146,7]",0.872222222222222,0.333879303929952,0,1,1,1,1,0.99997899397071,4500,1,1
"z[147,7]",1,0,1,1,1,1,1,NA,1,0,1
"z[148,7]",1,0,1,1,1,1,1,NA,1,0,1
"z[149,7]",0.980222222222222,0.139251306560123,1,1,1,1,1,1.00442492661416,4500,0,1
"z[150,7]",0.965555555555556,0.182388094475073,0,1,1,1,1,1.00049129814005,4500,1,1
"z[151,7]",0.968444444444444,0.174833049066281,0,1,1,1,1,1.00040568914523,4500,1,1
"z[152,7]",1,0,1,1,1,1,1,NA,1,0,1
"z[153,7]",1,0,1,1,1,1,1,NA,1,0,1
"z[154,7]",0.0215555555555556,0.14524324938423,0,0,0,0,0,1.00631174638169,3531,1,1
"z[155,7]",1,0,1,1,1,1,1,NA,1,0,1
"z[156,7]",1,0,1,1,1,1,1,NA,1,0,1
"z[157,7]",1,0,1,1,1,1,1,NA,1,0,1
"z[158,7]",1,0,1,1,1,1,1,NA,1,0,1
"z[159,7]",1,0,1,1,1,1,1,NA,1,0,1
"z[160,7]",1,0,1,1,1,1,1,NA,1,0,1
"z[161,7]",0.221555555555556,0.415339651674082,0,0,0,0,1,0.999921774931367,4500,1,1
"z[162,7]",1,0,1,1,1,1,1,NA,1,0,1
"z[163,7]",1,0,1,1,1,1,1,NA,1,0,1
"z[164,7]",1,0,1,1,1,1,1,NA,1,0,1
"z[165,7]",1,0,1,1,1,1,1,NA,1,0,1
"z[166,7]",0.933555555555556,0.249085061097509,0,1,1,1,1,1.0020492827725,3369,1,1
"z[167,7]",0.629111111111111,0.483096453821742,0,0,1,1,1,0.99982222490112,4500,1,1
"z[168,7]",0.977333333333333,0.148855006121055,1,1,1,1,1,1.00387288457326,4500,0,1
"z[169,7]",0.978666666666667,0.14450904074975,1,1,1,1,1,1.00489968828951,4500,0,1
"z[170,7]",0.972444444444444,0.163713783655141,0,1,1,1,1,1.00522244303109,3330,1,1
"z[171,7]",1,0,1,1,1,1,1,NA,1,0,1
"z[172,7]",1,0,1,1,1,1,1,NA,1,0,1
"z[173,7]",1,0,1,1,1,1,1,NA,1,0,1
"z[174,7]",1,0,1,1,1,1,1,NA,1,0,1
"z[175,7]",1,0,1,1,1,1,1,NA,1,0,1
"z[176,7]",1,0,1,1,1,1,1,NA,1,0,1
"z[177,7]",1,0,1,1,1,1,1,NA,1,0,1
"z[178,7]",0.703777777777778,0.456640947872627,0,0,1,1,1,0.999827467426238,4500,1,1
"z[179,7]",0.573333333333333,0.494647950363533,0,0,1,1,1,0.999859667386118,4500,1,1
"z[180,7]",0.0697777777777778,0.254800445248467,0,0,0,0,1,1.00216759961333,3079,1,1
"z[181,7]",0.000444444444444444,0.0210795079890303,0,0,0,0,0,1.2913045102833,2250,1,1
"z[182,7]",0.00155555555555556,0.0394142235807543,0,0,0,0,0,1.13197091684193,1967,1,1
"z[183,7]",0.000888888888888889,0.0298042977535084,0,0,0,0,0,1.16587551740291,2570,1,1
"z[184,7]",0,0,0,0,0,0,0,NA,1,1,1
"z[185,7]",0.000222222222222222,0.0149071198499986,0,0,0,0,0,1.29093398298233,4500,1,1
"z[186,7]",0.843111111111111,0.36373639680125,0,1,1,1,1,1.00058840950723,4109,1,1
"z[187,7]",0.654444444444444,0.47560191296941,0,0,1,1,1,0.999865366180719,4500,1,1
"z[188,7]",0.0644444444444444,0.245570273205584,0,0,0,0,1,1.00310660203758,2404,1,1
"z[189,7]",0.188,0.390755589973834,0,0,0,0,1,1.00053473662174,3775,1,1
"z[190,7]",0.714222222222222,0.451834269514556,0,0,1,1,1,1.00024510023522,4236,1,1
"z[191,7]",1,0,1,1,1,1,1,NA,1,0,1
"z[192,7]",0.652444444444444,0.476246883268876,0,0,1,1,1,1.00052519101802,2576,1,1
"z[193,7]",0.740666666666667,0.438317521197537,0,0,1,1,1,0.99991570813311,4500,1,1
"z[194,7]",0.872888888888889,0.333134414974858,0,1,1,1,1,1.00010157590081,4500,1,1
"z[195,7]",0.806222222222222,0.395300740773805,0,1,1,1,1,1.00121454219092,2067,1,1
"z[196,7]",1,0,1,1,1,1,1,NA,1,0,1
"z[197,7]",0.235333333333333,0.424254114509919,0,0,0,0,1,0.999895327017368,4500,1,1
"z[198,7]",1,0,1,1,1,1,1,NA,1,0,1
"z[199,7]",0.236666666666667,0.425083180281004,0,0,0,0,1,1.00029934742775,4372,1,1
"z[200,7]",1,0,1,1,1,1,1,NA,1,0,1
"deviance",3194.14452153631,40.9434682352735,3115.87296883209,3165.84751510802,3194.11394235204,3221.72257768328,3276.07595757601,0.999988363847993,4500,0,1
