"parameter","mean","sd","2.5%","25%","50%","75%","97.5%","Rhat","n.eff","overlap0","f"
"a.psi[1]",-1.34953391236846,1.72719636376682,-4.41366974198554,-2.55216081147234,-1.46826026252538,-0.279659091350799,2.29699045761397,1.00130277724981,1810,1,0.793333333333333
"a.psi[2]",0.657303499001261,0.542140798657204,-0.36729688654785,0.296165803366768,0.647989547297744,1.00594109237632,1.76315108796978,1.00036098246493,4500,1,0.894666666666667
"a.psi[3]",-0.955241784905636,0.48582255922862,-1.90665232611509,-1.27815900648271,-0.946858955608969,-0.63769469020719,0.0116814622803442,1.00137516879495,1583,1,0.973777777777778
"a.psi[4]",2.13527307293936,0.602879305839495,1.09148006570661,1.70950509270335,2.102359031727,2.51195692044445,3.41184454788175,1.0008562520302,2311,0,1
"a.psi[5]",1.80635845775299,0.618403049574418,0.789018065859139,1.38362018031884,1.74634694674499,2.17006089609384,3.1988885273348,0.999788885388069,4500,0,0.999777777777778
"b.psi.elev",-0.743302164752134,0.324083698913737,-1.40129535082788,-0.951514042645478,-0.738724310935195,-0.527552355772055,-0.108830686587337,1.00051668215126,3091,0,0.989777777777778
"b.psi.water",-0.277618274537283,0.287722906609186,-0.85942159861158,-0.462333176540239,-0.271452753176296,-0.0785524331563934,0.269058534008948,0.999843708458921,4500,1,0.833555555555556
"a.gam[1]",-0.522904287028429,1.40937262839982,-2.86010837999475,-1.53790435282741,-0.704681268800653,0.371998722298479,2.56346807551788,1.00264283464574,836,1,0.679333333333333
"a.gam[2]",0.224948735174722,0.458603681767643,-0.678056112215768,-0.0758944115443059,0.222519609036024,0.529275527453549,1.13816476261347,1.00000936806577,4500,1,0.692444444444444
"a.gam[3]",-1.41698845185201,0.319604405741472,-2.07586636853849,-1.61782640888223,-1.40882731127608,-1.20926460662412,-0.796911529217619,1.00072403287401,2574,0,1
"a.gam[4]",-0.526651450514397,0.54291529774373,-1.59880424626236,-0.880602581590819,-0.515295687272538,-0.173442085250185,0.51131999916332,1.00124512479841,1290,1,0.835333333333333
"a.gam[5]",0.0311833510857767,0.483769476504287,-0.917892334567953,-0.28409390974223,0.0358491756357057,0.342356681006527,0.999845898217397,1.00063000016586,2588,1,0.530222222222222
"b.gam.elev",-0.289993006029289,0.204362274838383,-0.71149265916158,-0.425641676999447,-0.281852091599412,-0.153790338163237,0.10355355273272,1.0002931249692,4500,1,0.931333333333333
"b.gam.water",0.00387879728009027,0.197779907437037,-0.375914533977101,-0.125500259117564,-0.00186557273921338,0.133139281084544,0.401748694297445,1.0003881898301,2805,1,0.495555555555556
"b.gam.road",-0.468024847397761,0.195258252203659,-0.86313402996834,-0.59492480855367,-0.469678894929547,-0.336483984215904,-0.0906550664487781,1.00094379755807,1795,0,0.990888888888889
"b.gam.harv",0.168728519593959,0.147426621883399,-0.122901567128281,0.0733399952045957,0.171133882082662,0.267991647046546,0.453937121299376,1.00028674278662,4500,1,0.873555555555556
"a.phi[1]",-0.313512882589223,1.76413099774103,-3.7427272114327,-1.50631617344227,-0.32016845837158,0.872324122318507,3.14456106326061,1.00115959881835,1349,1,0.579111111111111
"a.phi[2]",1.70350887492171,0.535278328760201,0.586777577092124,1.37198121474754,1.73309790898703,2.06325054813592,2.71157700414505,1.00226118139797,891,0,0.997555555555556
"a.phi[3]",-0.802172870448212,0.646022143462966,-2.23378706008463,-1.19722920124605,-0.753535634644129,-0.361361544262604,0.344720525142934,1.00238103887653,1010,1,0.905555555555556
"a.phi[4]",2.51442745045128,0.560705645771944,1.4018193817651,2.16084730945181,2.51294716977906,2.86482585798193,3.660193771539,1.00393850345702,754,0,1
"a.phi[5]",1.44447912911578,0.564824386487423,0.248132542023432,1.09765237805912,1.45743624921169,1.81729057361497,2.48939260040593,1.00527511820867,1583,0,0.989777777777778
"b.phi.elev",0.0771739878195982,0.301214351093266,-0.465306728375059,-0.133696698229162,0.0601212864133591,0.265841305625812,0.694491204781579,0.999858567390543,4500,1,0.580666666666667
"b.phi.water",-0.0994209878265777,0.19065710218406,-0.481404203418271,-0.229022110354647,-0.0965204847406003,0.0305282246615408,0.262656912881127,1.00131473247536,1359,1,0.694
"b.phi.road",0.219184288422225,0.227736326027969,-0.227412859843333,0.0637859439002524,0.221377284736551,0.372192219150155,0.677707313729359,1.0014681037947,1183,1,0.831555555555556
"b.phi.harv",0.22072383286732,0.190954670381553,-0.163314601319449,0.0925745091956286,0.2226947946836,0.346750690640208,0.600702125638898,1.00002130500143,4500,1,0.880888888888889
"a.p",0.171249734728837,0.167316763747831,-0.167938059390195,0.0734072176404513,0.169420648283661,0.266215859909115,0.518548566287405,1.01071481718916,345,1,0.871111111111111
"b.p.ak",-3.22455191826516,0.831018410947939,-4.66268148538947,-3.79431774249456,-3.29412007503451,-2.74345302731062,-1.37063098143188,1.0005755128715,3446,0,0.999111111111111
"b.p.clutter",0.0414362575251647,0.0487011031689492,-0.0546874108974464,0.00902476842434469,0.0407092482112797,0.0745357532881153,0.138827522792445,1.00055088483227,4500,1,0.805555555555556
"b.p.temp",0.534101507093203,0.0522468819320587,0.432419310678129,0.4986262057978,0.533290974392452,0.569888992361263,0.63496884954495,0.999921000690277,4500,0,1
"b.p.julian",0.219365403985421,0.051549413668577,0.122324144543339,0.184455853853947,0.218615433676175,0.254033497066009,0.322181005002309,1.00021294932833,4500,0,1
"sigma.gam",0.395268280604985,0.31811914668475,0.0189045716924841,0.164995962879101,0.332077046296479,0.537373857993807,1.16367025974264,1.00264616872101,2334,0,1
"sigma.phi",0.931517972567374,0.558843808195313,0.189731985720399,0.559785654019268,0.822951477610795,1.17676219381482,2.32019811391024,1.00202839363322,1706,0,1
"sigma.p",0.394924914216648,0.17923828338296,0.172466476769753,0.27417121860758,0.354238961865359,0.469782115740293,0.838348445496458,1.00235372468705,1067,0,1
"eps.gam[1]",-0.150634984697262,0.348616248192238,-0.992283003808861,-0.31074746987059,-0.0800425247359248,0.038345149974053,0.453190883722545,1.00075341912091,4500,1,0.659111111111111
"eps.gam[2]",-0.0613704104422834,0.31409020878663,-0.78934748073082,-0.20795671012141,-0.0241212821278853,0.0942896161290337,0.548206732602899,1.00195781914457,1645,1,0.571111111111111
"eps.gam[3]",-0.139910459602278,0.312901039802044,-0.881863617970927,-0.290754513013298,-0.0839810017059346,0.0323364207609687,0.408469605182608,1.00036240050939,4500,1,0.669777777777778
"eps.gam[4]",-0.18760117633135,0.370495579985341,-1.0973599045879,-0.358916578226387,-0.107575202646113,0.0273980643722077,0.407513309381521,1.00181241054842,4500,1,0.690666666666667
"eps.gam[5]",0.0844174068555286,0.301403961912633,-0.509065591011859,-0.0703358423132693,0.0451285261368208,0.229952469778212,0.777719903773886,1.00001955491902,4500,1,0.612444444444444
"eps.gam[6]",0.295383068548739,0.342690293894541,-0.196523876342539,0.035461346025138,0.218341617420903,0.500757560256678,1.09768867881543,1.00002459766202,4500,1,0.825333333333333
"eps.phi[1]",-0.338532992731907,0.488465970553066,-1.27804624323572,-0.65362763074563,-0.332361534666584,-0.0510127898984836,0.686890622537229,1.00351077115454,1573,1,0.784444444444444
"eps.phi[2]",0.0405613460458208,0.539670675458842,-0.91354198420104,-0.302166357922463,-0.00593029663729028,0.328002700271744,1.29147225370208,1.00159211304442,3243,1,0.495333333333333
"eps.phi[3]",-0.0700534569404659,0.527885651472141,-1.02984628745501,-0.408096037772043,-0.0953787174651055,0.221171798137658,1.1041056720036,1.00445747097775,752,1,0.584888888888889
"eps.phi[4]",0.850380292030395,0.710633728733793,-0.179874759389144,0.341421862529913,0.74247128778466,1.22626872842212,2.49779516680184,1.00480214373806,1319,1,0.926222222222222
"eps.phi[5]",-0.0442914429902711,0.526155260059511,-1.06111961356059,-0.371703238202643,-0.0650454791256741,0.246480553985024,1.09665850185498,1.00108750444043,4500,1,0.561777777777778
"eps.phi[6]",1.11290996598977,0.782087047923013,-0.0293090155540114,0.545988642975928,1.01010712356677,1.5540137848971,2.95571015252075,1.00314548221198,853,1,0.967333333333333
"eps.p[1]",-0.0916931786549824,0.196100584360842,-0.507357043753429,-0.210155176429734,-0.0850361250042691,0.030262296659932,0.288048542027377,1.00443888575357,622,1,0.692222222222222
"eps.p[2]",-0.376495688742077,0.20177390030587,-0.81004347673535,-0.497765426682631,-0.365330959540828,-0.245302908661566,-0.00137673890541871,1.00713954180529,319,0,0.975777777777778
"eps.p[3]",0.00291507017297411,0.202226400485084,-0.403089033606229,-0.123324151039666,0.00344573167436945,0.130612585115546,0.402105115652784,1.00523869514864,633,1,0.504666666666667
"eps.p[4]",-0.268311884796438,0.20355567578638,-0.686667659467489,-0.392943640826821,-0.257730465248272,-0.138366465468064,0.11250140214846,1.00832907080954,345,1,0.920666666666667
"eps.p[5]",0.167541349542435,0.198622135375648,-0.221893152761694,0.0433301612564371,0.162902195314831,0.291337407559122,0.580952070268985,1.00309957927431,1289,1,0.814666666666667
"eps.p[6]",0.0475029867015529,0.197396298330728,-0.35241824017866,-0.0750980511170651,0.050056534081581,0.168582766011661,0.436619751351207,1.0069540811081,591,1,0.612666666666667
"eps.p[7]",0.466592597821942,0.199088856120528,0.0962221781627462,0.335886181509891,0.457404787271195,0.592518508548265,0.879311063916195,1.00321554793271,2136,0,0.989555555555556
"psi.fs[1]",0.592071111111111,0.0383772793315505,0.525,0.565,0.59,0.615,0.67,1.0011221660174,1690,0,1
"psi.fs[2]",0.522273333333333,0.0357515251315683,0.455,0.495,0.52,0.545,0.595,1.00015720399798,4500,0,1
"psi.fs[3]",0.559194444444444,0.0335160929491679,0.495,0.535,0.555,0.58,0.63,1.00044567210576,2843,0,1
"psi.fs[4]",0.532692222222222,0.0331878832084832,0.47,0.51,0.53,0.555,0.6,1.0008433536163,2576,0,1
"psi.fs[5]",0.594036666666667,0.0343534863572014,0.53,0.57,0.59,0.615,0.66,1.00084885548826,1908,0,1
"psi.fs[6]",0.581701111111111,0.0329792548453472,0.52,0.56,0.58,0.605,0.65,0.999865084327156,4500,0,1
"psi.fs[7]",0.689734444444444,0.029461182077667,0.635,0.67,0.69,0.71,0.745,1.00035840623864,3833,0,1
"psi.surv[1]",0.617292356185973,0.033595013289561,0.560283687943262,0.588652482269504,0.609929078014184,0.638297872340426,0.687943262411348,1.00153652570626,1144,0,1
"psi.surv[2]",0.565757037037037,0.0352240293383703,0.5,0.54,0.566666666666667,0.586666666666667,0.64,1.00016332881239,4500,0,1
"psi.surv[3]",0.632274509803922,0.0295827697434729,0.580882352941177,0.610294117647059,0.632352941176471,0.654411764705882,0.69503676470588,1.0022234853982,805,0,1
"psi.surv[4]",0.549017253278123,0.0330276184347662,0.490683229813665,0.527950310559006,0.546583850931677,0.571428571428571,0.614906832298137,1.00070271801413,1980,0,1
"psi.surv[5]",0.666618279569893,0.0300211645225776,0.612903225806452,0.645161290322581,0.661290322580645,0.685483870967742,0.725806451612903,1.00113066812481,2498,0,1
"psi.surv[6]",0.564728132387707,0.030384119537612,0.51063829787234,0.546099290780142,0.560283687943262,0.581560283687943,0.631205673758865,1.00034550787502,3093,0,1
"psi.surv[7]",0.684033816425121,0.0225259161211402,0.644927536231884,0.666666666666667,0.681159420289855,0.702898550724638,0.731884057971015,1.00060753149574,2260,0,1
"n.occ[1]",118.414222222222,7.6754558663101,105,113,118,123,134,1.0011221660174,1690,0,1
"n.occ[2]",104.454666666667,7.15030502631367,91,99,104,109,119,1.00015720399798,4500,0,1
"n.occ[3]",111.838888888889,6.70321858983359,99,107,111,116,126,1.00044567210576,2843,0,1
"n.occ[4]",106.538444444444,6.63757664169663,94,102,106,111,120,1.0008433536163,2576,0,1
"n.occ[5]",118.807333333333,6.87069727144027,106,114,118,123,132,1.00084885548826,1908,0,1
"n.occ[6]",116.340222222222,6.59585096906944,104,112,116,121,130,0.999865084327156,4500,0,1
"n.occ[7]",137.946888888889,5.89223641553341,127,134,138,142,149,1.00035840623864,3833,0,1
"psi.reg[1,1]",0.382577777777778,0.306920775689269,0,0.133333333333333,0.333333333333333,0.6,1,1.00079229207166,2017,1,1
"psi.reg[2,1]",0.510233618233618,0.0706520654058478,0.384615384615385,0.461538461538462,0.512820512820513,0.564102564102564,0.641025641025641,0.99993542734874,4500,0,1
"psi.reg[3,1]",0.292162962962963,0.0722716981352197,0.166666666666667,0.233333333333333,0.283333333333333,0.333333333333333,0.45,1.00035064427501,4500,0,1
"psi.reg[4,1]",0.844545454545455,0.0432506972854926,0.757575757575758,0.818181818181818,0.848484848484849,0.878787878787879,0.909090909090909,1.00037877153192,3400,0,1
"psi.reg[5,1]",0.893899371069182,0.035577817065229,0.830188679245283,0.867924528301887,0.886792452830189,0.924528301886792,0.962264150943396,1.00051532746823,2544,0,1
"psi.reg[1,2]",0.353881481481481,0.251803885960462,0,0.133333333333333,0.333333333333333,0.533333333333333,0.866666666666667,1.00122156199568,1368,1,1
"psi.reg[2,2]",0.677840455840456,0.0487165235457615,0.58974358974359,0.641025641025641,0.666666666666667,0.717948717948718,0.769230769230769,1.00104767368178,2130,0,1
"psi.reg[3,2]",0.178655555555556,0.049708665703279,0.1,0.15,0.183333333333333,0.216666666666667,0.283333333333333,1.00043206991943,2833,0,1
"psi.reg[4,2]",0.817185185185185,0.0389558260690942,0.727272727272727,0.787878787878788,0.818181818181818,0.848484848484849,0.878787878787879,1.00021518330521,4500,0,1
"psi.reg[5,2]",0.660834381551363,0.0634501546316602,0.547169811320755,0.622641509433962,0.660377358490566,0.69811320754717,0.792452830188679,1.00019017262098,4500,0,1
"psi.reg[1,3]",0.357348148148148,0.250481406102469,0,0.133333333333333,0.333333333333333,0.533333333333333,0.933333333333333,1.00147572574581,1519,1,1
"psi.reg[2,3]",0.74605698005698,0.0362242583400394,0.666666666666667,0.717948717948718,0.743589743589744,0.769230769230769,0.82051282051282,1.00023087359528,4500,0,1
"psi.reg[3,3]",0.239196296296296,0.0547231621046597,0.15,0.2,0.233333333333333,0.266666666666667,0.35,0.999864767314593,4500,0,1
"psi.reg[4,3]",0.730565656565657,0.0461919657912796,0.636363636363636,0.696969696969697,0.727272727272727,0.757575757575758,0.818181818181818,0.999702618435983,4500,0,1
"psi.reg[5,3]",0.734377358490566,0.0461787818899754,0.641509433962264,0.69811320754717,0.735849056603774,0.773584905660377,0.830188679245283,1.00091225090474,2333,0,1
"psi.reg[1,4]",0.396977777777778,0.239401821372069,0.0666666666666667,0.2,0.333333333333333,0.533333333333333,0.933333333333333,1.00095318180625,1719,0,1
"psi.reg[2,4]",0.723988603988604,0.0575097988537691,0.615384615384615,0.692307692307692,0.717948717948718,0.769230769230769,0.82051282051282,0.999851512120563,4500,0,1
"psi.reg[3,4]",0.180374074074074,0.0363028053267081,0.116666666666667,0.15,0.183333333333333,0.2,0.25,1.0001710720317,4500,0,1
"psi.reg[4,4]",0.763791245791246,0.0419541031315143,0.696969696969697,0.727272727272727,0.757575757575758,0.787878787878788,0.848484848484849,1.0001651705233,4500,0,1
"psi.reg[5,4]",0.685295597484277,0.0542884664794466,0.584905660377358,0.641509433962264,0.679245283018868,0.716981132075472,0.792452830188679,1.00019126234624,4500,0,1
"psi.reg[1,5]",0.394755555555556,0.269214603850861,0,0.2,0.333333333333333,0.6,0.933333333333333,1.0010339206912,2044,1,1
"psi.reg[2,5]",0.827897435897436,0.0329927984450497,0.769230769230769,0.794871794871795,0.82051282051282,0.846153846153846,0.897435897435897,1.00024980798529,4454,0,1
"psi.reg[3,5]",0.223103703703704,0.0557086325535859,0.116666666666667,0.183333333333333,0.216666666666667,0.266666666666667,0.333333333333333,1.00057502998537,3348,0,1
"psi.reg[4,5]",0.789771043771044,0.0360448087250995,0.727272727272727,0.757575757575758,0.787878787878788,0.818181818181818,0.848484848484849,0.999877534483794,4500,0,1
"psi.reg[5,5]",0.77640251572327,0.0499932107198017,0.679245283018868,0.735849056603774,0.773584905660377,0.811320754716981,0.867924528301887,0.999867553831426,4500,0,1
"psi.reg[1,6]",0.455318518518519,0.223341255965647,0.133333333333333,0.266666666666667,0.4,0.6,0.933333333333333,1.00067661695082,2549,0,1
"psi.reg[2,6]",0.685458689458689,0.0617313319063941,0.564102564102564,0.641025641025641,0.692307692307692,0.717948717948718,0.794871794871795,1.00027219056451,3339,0,1
"psi.reg[3,6]",0.259707407407407,0.0348318543370107,0.2,0.233333333333333,0.25,0.283333333333333,0.333333333333333,1.00049893947265,4344,0,1
"psi.reg[4,6]",0.822417508417508,0.0428003403302718,0.727272727272727,0.787878787878788,0.818181818181818,0.848484848484849,0.909090909090909,0.999947349649289,4500,0,1
"psi.reg[5,6]",0.755761006289308,0.0560701987039439,0.641509433962264,0.716981132075472,0.754716981132076,0.792452830188679,0.849056603773585,1.00023724169603,4500,0,1
"psi.reg[1,7]",0.473762962962963,0.266555531985972,0.0666666666666667,0.266666666666667,0.466666666666667,0.666666666666667,1,1.00079676658091,2346,0,1
"psi.reg[2,7]",0.785321937321937,0.0358765523937068,0.717948717948718,0.769230769230769,0.794871794871795,0.82051282051282,0.846153846153846,1.00034784044723,3110,0,1
"psi.reg[3,7]",0.432840740740741,0.0365924244428456,0.366666666666667,0.4,0.433333333333333,0.45,0.516666666666667,1.00085295985125,2019,0,1
"psi.reg[4,7]",0.891959595959596,0.0290681454085671,0.848484848484849,0.878787878787879,0.878787878787879,0.909090909090909,0.939393939393939,1.000118695604,4500,0,1
"psi.reg[5,7]",0.845429769392034,0.0418923235430993,0.754716981132076,0.811320754716981,0.849056603773585,0.867924528301887,0.924528301886792,1.00031678167368,4500,0,1
"n.occ.reg[1,1]",5.73866666666667,4.60381163533903,0,2,5,9,15,1.00079229207166,2017,1,1
"n.occ.reg[2,1]",19.8991111111111,2.75543055082806,15,18,20,22,25,0.99993542734874,4500,0,1
"n.occ.reg[3,1]",17.5297777777778,4.33630188811318,10,14,17,20,27,1.00035064427501,4500,0,1
"n.occ.reg[4,1]",27.87,1.42727301042125,25,27,28,29,30,1.00037877153192,3400,0,1
"n.occ.reg[5,1]",47.3766666666667,1.88562430445714,44,46,47,49,51,1.00051532746823,2544,0,1
"n.occ.reg[1,2]",5.30822222222222,3.77705828940693,0,2,5,8,13,1.00122156199568,1368,1,1
"n.occ.reg[2,2]",26.4357777777778,1.8999444182847,23,25,26,28,30,1.00104767368178,2130,0,1
"n.occ.reg[3,2]",10.7193333333333,2.98251994219674,6,9,11,13,17,1.00043206991943,2833,0,1
"n.occ.reg[4,2]",26.9671111111111,1.28554226028011,24,26,27,28,29,1.00021518330521,4500,0,1
"n.occ.reg[5,2]",35.0242222222222,3.36285819547799,29,33,35,37,42,1.00019017262098,4500,0,1
"n.occ.reg[1,3]",5.36022222222222,3.75722109153704,0,2,5,8,14,1.00147572574581,1519,1,1
"n.occ.reg[2,3]",29.0962222222222,1.41274607526154,26,28,29,30,32,1.00023087359528,4500,0,1
"n.occ.reg[3,3]",14.3517777777778,3.28338972627958,9,12,14,16,21,0.999864767314593,4500,0,1
"n.occ.reg[4,3]",24.1086666666667,1.52433487111223,21,23,24,25,27,0.999702618435982,4500,0,1
"n.occ.reg[5,3]",38.922,2.44747544016869,34,37,39,41,44,1.00091225090474,2333,0,1
"n.occ.reg[1,4]",5.95466666666667,3.59102732058103,1,3,5,8,14,1.00095318180625,1719,0,1
"n.occ.reg[2,4]",28.2355555555556,2.242882155297,24,27,28,30,32,0.999851512120563,4500,0,1
"n.occ.reg[3,4]",10.8224444444444,2.17816831960249,7,9,11,12,15,1.0001710720317,4500,0,1
"n.occ.reg[4,4]",25.2051111111111,1.38448540333997,23,24,25,26,28,1.0001651705233,4500,0,1
"n.occ.reg[5,4]",36.3206666666667,2.87728872341067,31,34,36,38,42,1.00019126234624,4500,0,1
"n.occ.reg[1,5]",5.92133333333333,4.03821905776292,0,3,5,9,14,1.0010339206912,2044,1,1
"n.occ.reg[2,5]",32.288,1.28671913935694,30,31,32,33,35,1.00024980798529,4454,0,1
"n.occ.reg[3,5]",13.3862222222222,3.34251795321516,7,11,13,16,20,1.00057502998537,3348,0,1
"n.occ.reg[4,5]",26.0624444444444,1.18947868792828,24,25,26,27,28,0.999877534483794,4500,0,1
"n.occ.reg[5,5]",41.1493333333333,2.64964016814949,36,39,41,43,46,0.999867553831426,4500,0,1
"n.occ.reg[1,6]",6.82977777777778,3.3501188394847,2,4,6,9,14,1.00067661695082,2549,0,1
"n.occ.reg[2,6]",26.7328888888889,2.40752194434937,22,25,27,28,31,1.00027219056451,3339,0,1
"n.occ.reg[3,6]",15.5824444444444,2.08991126022065,12,14,15,17,20,1.00049893947265,4344,0,1
"n.occ.reg[4,6]",27.1397777777778,1.41241123089897,24,26,27,28,30,0.999947349649289,4500,0,1
"n.occ.reg[5,6]",40.0553333333333,2.97172053130903,34,38,40,42,45,1.00023724169603,4500,0,1
"n.occ.reg[1,7]",7.10644444444444,3.99833297978957,1,4,7,10,15,1.00079676658091,2346,0,1
"n.occ.reg[2,7]",30.6275555555556,1.39918554335457,28,30,31,32,33,1.00034784044723,3110,0,1
"n.occ.reg[3,7]",25.9704444444444,2.19554546657074,22,24,26,27,31,1.00085295985125,2019,0,1
"n.occ.reg[4,7]",29.4346666666667,0.959248798482714,28,29,29,30,31,1.000118695604,4500,0,1
"n.occ.reg[5,7]",44.8077777777778,2.22029314778426,40,43,45,46,49,1.00031678167368,4500,0,1
"psi.reg.init[1]",0.283174605275497,0.263142761178049,0.0119657926463462,0.0722814628004246,0.187207241005173,0.430537356450018,0.908627471288102,1.0014556385402,1894,0,1
"psi.reg.init[2]",0.649108289889776,0.115440321964861,0.409194371830017,0.573504949048347,0.656557268839599,0.732225057433803,0.853603862241666,1.00019454335583,4500,0,1
"psi.reg.init[3]",0.287489825468227,0.0958983753652137,0.129357414289739,0.21786376465242,0.279516950250194,0.345767844191664,0.502920325681167,1.00145703629288,1584,0,1
"psi.reg.init[4]",0.881446729363104,0.0587785562518127,0.748660324917603,0.846772080225299,0.891132251323158,0.92497580510011,0.96807262335913,1.00041861420561,2965,0,1
"psi.reg.init[5]",0.843796651121437,0.0721287782751494,0.687620449704805,0.799571787791256,0.851491451378179,0.897528564914585,0.960792394920518,0.999882602418051,4500,0,1
"gamma.reg[1,1]",0.371968613926437,0.259523905864229,0.0432674829692681,0.153962673436181,0.305784639243097,0.563927576074035,0.921233308026439,1.00268866454221,763,0,1
"gamma.reg[2,1]",0.517850348196373,0.119753307894341,0.281103837547196,0.437395095611157,0.521554247154497,0.60344443826704,0.741180427583957,1.00116868191539,4500,0,1
"gamma.reg[3,1]",0.179977553462027,0.0557925372765421,0.0770174271339427,0.141228889497532,0.177750575216777,0.216555059657881,0.296590645980811,0.999783393435568,4500,0,1
"gamma.reg[4,1]",0.349260910921404,0.127440336393738,0.119901458459644,0.25657903546624,0.343188865342456,0.434629347756772,0.615261131189983,1.00106392115444,1453,0,1
"gamma.reg[5,1]",0.472450632658103,0.124364089933073,0.22653401103464,0.386803878423184,0.474441321640326,0.557091223006436,0.717340209914244,1.00030887652316,4500,0,1
"gamma.reg[1,2]",0.385731581659841,0.261526558613046,0.048979407058972,0.166444543316611,0.319339325085466,0.575219301759521,0.930754344977572,1.00305311266689,689,0,1
"gamma.reg[2,2]",0.538729617610647,0.116102455647488,0.298733046781704,0.46239067243931,0.541181460619056,0.619394622614685,0.758917752414193,1.00074721080293,2552,0,1
"gamma.reg[3,2]",0.192342062908615,0.0566787421636352,0.0900592528616767,0.153448698504634,0.189390376978305,0.226677062940963,0.314801611085135,0.999978060708312,4500,0,1
"gamma.reg[4,2]",0.36670042754578,0.124257279909332,0.147605878308529,0.275101631227378,0.359113989275876,0.447781059325612,0.625978774250012,1.00212356239646,865,0,1
"gamma.reg[5,2]",0.493071582569758,0.118904293485202,0.255768927980893,0.414183254481307,0.493635315289632,0.573360514670284,0.729603807215195,1.0000970941567,4500,0,1
"gamma.reg[1,3]",0.372357261156378,0.258706083433536,0.0457182770378838,0.156580449857058,0.299019029982831,0.558094436950322,0.918904998299945,1.00315276074,691,0,1
"gamma.reg[2,3]",0.520214339226519,0.1152289434319,0.292543842899302,0.441146018972014,0.52383779823889,0.600554438498515,0.74154388015042,1.00000731327223,4500,0,1
"gamma.reg[3,3]",0.180211776186345,0.0517929292250267,0.0878988745500378,0.143847358251057,0.178036606418221,0.213099311625291,0.287551891558464,1.00025927722423,4500,0,1
"gamma.reg[4,3]",0.350022542976162,0.122202763520001,0.137639752771962,0.260977482740653,0.343019671812614,0.430297938766425,0.611935465192507,1.00167939420235,1063,0,1
"gamma.reg[5,3]",0.474441925557487,0.117510141332179,0.244878014697165,0.394441800976648,0.475820882219557,0.554415956165764,0.705283581670243,1.00088261440042,4500,0,1
"gamma.reg[1,4]",0.365676236213764,0.258300035670153,0.0406178967239497,0.150572043744163,0.299539306884602,0.550105231071394,0.920907648644984,1.00278514689167,807,0,1
"gamma.reg[2,4]",0.50934942990695,0.12198157005126,0.259406647122594,0.429558098917141,0.516305720507057,0.593497302352789,0.735149968411053,1.00104544759125,4500,0,1
"gamma.reg[3,4]",0.176214103974528,0.0589752052224529,0.064557264550589,0.13553261781701,0.174951979318379,0.214313969593772,0.298897695492069,0.999686840200597,4500,0,1
"gamma.reg[4,4]",0.340801423076473,0.123740817118917,0.121048384808944,0.251386462490288,0.334697708075873,0.420931948962996,0.599939487625232,1.00081877968964,1816,0,1
"gamma.reg[5,4]",0.464501824858262,0.128908980378836,0.205809940532924,0.377146557104302,0.468564799943769,0.553602154746367,0.708704718982675,1.00008216945696,4500,0,1
"gamma.reg[1,5]",0.410961301773928,0.261818466363118,0.0567274811261647,0.1895546400637,0.353323216470476,0.614800342318459,0.935116319869329,1.0025623495925,824,0,1
"gamma.reg[2,5]",0.572305507120863,0.115017667610673,0.344517916075088,0.494325471617338,0.573694023903282,0.652857057003659,0.79041445816437,0.99981690572543,4500,0,1
"gamma.reg[3,5]",0.214427684369717,0.0582382244835972,0.11588995525314,0.174372186852292,0.209799790213787,0.248058852030427,0.345586444404357,1.00126400627423,1769,0,1
"gamma.reg[4,5]",0.398544612168141,0.126880885020082,0.171898088315316,0.306376809768761,0.392550558459411,0.482390918633132,0.664229429369702,1.00097552266466,1567,0,1
"gamma.reg[5,5]",0.526849689810306,0.120250013688814,0.296898991929113,0.44313554778508,0.523310145672784,0.608445649164342,0.763168986351599,1.00055621776491,2281,0,1
"gamma.reg[1,6]",0.447748202196467,0.266311407108705,0.0657469348651303,0.218548598361126,0.403855177618439,0.664978784850308,0.951595492670543,1.00188250903344,1004,0,1
"gamma.reg[2,6]",0.619559523570757,0.116015940415241,0.38208053831605,0.540960812998057,0.62209621584142,0.704618282768413,0.831765706312195,0.999832165630662,4500,0,1
"gamma.reg[3,6]",0.251204903458754,0.0654325414166414,0.145848525549101,0.203948813275818,0.243080117414086,0.29102465413562,0.398781934113018,1.00057798775968,2508,0,1
"gamma.reg[4,6]",0.446590853487158,0.134726859147059,0.200248474949472,0.350976708859324,0.440848500378651,0.541081351309829,0.716852365521485,1.00075013436849,2103,0,1
"gamma.reg[5,6]",0.575633014813864,0.121011788127493,0.33797334401797,0.492582420814892,0.577660303161504,0.659168676317104,0.806598556731351,1.00052878501016,2809,0,1
"phi.reg[1,1]",0.395812737171106,0.292246641656388,0.0152223779674297,0.131330947496516,0.343411974744918,0.637603495667293,0.950526557591965,1.00065766155668,2106,0,1
"phi.reg[2,1]",0.785460791586368,0.0807354032468317,0.60476694205391,0.737316282482882,0.795549508313049,0.845194079977522,0.914006732422419,1.00019089241453,4500,0,1
"phi.reg[3,1]",0.259458300627968,0.112705033338997,0.077470384027548,0.176070894071652,0.247695080979425,0.327831426027143,0.51617028213199,1.00015374734179,4261,0,1
"phi.reg[4,1]",0.888818232197754,0.0482841825842218,0.774080620754421,0.860539486256905,0.895562501273077,0.923429066494773,0.963422773200675,1.00128144925293,3455,0,1
"phi.reg[5,1]",0.738610376006789,0.0984829366779956,0.526449358641588,0.675673845066947,0.747987343737089,0.812724796686207,0.900709589562052,1.00040372457859,3891,0,1
"phi.reg[1,2]",0.455002065796974,0.302326427013845,0.0208327891955474,0.175066704843761,0.425192567825176,0.72823639225547,0.967334370120008,1.00053207731604,2364,0,1
"phi.reg[2,2]",0.840507517114083,0.0644862562731602,0.691395676030659,0.802762205049203,0.848488251341639,0.886813911774096,0.941153545040023,1.00034465092853,3448,0,1
"phi.reg[3,2]",0.333580305026679,0.135830475953517,0.106108364178027,0.233142431216539,0.321480043922879,0.421473775140306,0.624070720280575,1.00042922991926,4500,0,1
"phi.reg[4,2]",0.918665085523124,0.0408031713772013,0.820608849278029,0.895594643489418,0.925444109105078,0.948116379346616,0.978844859582052,1.00081419245877,2283,0,1
"phi.reg[5,2]",0.80224538017238,0.0809614639535609,0.619456102142897,0.752846849793149,0.811564160917279,0.861491531158644,0.930956895800816,1.00047413039662,2518,0,1
"phi.reg[1,3]",0.437838049984907,0.298703902318973,0.01844698603794,0.163328692150325,0.405578374944198,0.696895250927963,0.961873361984928,1.00030418950207,3425,0,1
"phi.reg[2,3]",0.823957983808524,0.0741577487374181,0.651202355959347,0.77946255119342,0.833020412083991,0.878443527338866,0.940579593557236,0.999957859596467,4500,0,1
"phi.reg[3,3]",0.310313112980741,0.128544207121757,0.101366769867574,0.214363232306372,0.296006513273939,0.391113443566353,0.597233863197634,0.999900416626827,4500,0,1
"phi.reg[4,3]",0.910710843909266,0.043600518576864,0.802994369671705,0.8863182498272,0.917304609450664,0.942828967661985,0.973740333737221,0.999901144150369,4500,0,1
"phi.reg[5,3]",0.781983889342838,0.0931282338245059,0.580482839460215,0.72090802568411,0.79119737087417,0.851035437125994,0.936795262336575,1.00104141447276,1959,0,1
"phi.reg[1,4]",0.578573849242638,0.30298215984447,0.0414969809865635,0.31281836164649,0.625513759951649,0.862496200078491,0.987205488931809,1.00091412409402,1625,0,1
"phi.reg[2,4]",0.915350860224152,0.0480919633028173,0.80073742023993,0.888428174273764,0.924676957803183,0.950819429949917,0.982812997887415,0.99996550356592,4500,0,1
"phi.reg[3,4]",0.509106866236078,0.165692487241579,0.204899970493081,0.389488354181242,0.503593386077131,0.626068462165743,0.841965452845316,1.00088707880788,2686,0,1
"phi.reg[4,4]",0.958801810299602,0.0265671996179027,0.893089201960025,0.94563685563642,0.964228249138419,0.978139691308289,0.993247695923946,1.00101772303711,4500,0,1
"phi.reg[5,4]",0.894721162703433,0.0559449539712331,0.763689599865636,0.86166042637877,0.903410531630924,0.936539455228702,0.977324389742646,1.00007492925835,4500,0,1
"phi.reg[1,5]",0.442087685058802,0.298839749080006,0.0187492413429147,0.169934465182227,0.40734389941545,0.707037526061513,0.963293392886984,1.00094241297709,1591,0,1
"phi.reg[2,5]",0.827558529809204,0.0728815331177593,0.663844990871329,0.782757781062974,0.836666533217289,0.881730195412672,0.942595816176572,1.0008246697172,2431,0,1
"phi.reg[3,5]",0.316633249612785,0.130229486284641,0.095739789389541,0.217871767762307,0.306835457002597,0.404335243654712,0.597500456895684,1.00179844907458,1299,0,1
"phi.reg[4,5]",0.912797998906911,0.0425419668216733,0.811375642858359,0.889850877585741,0.920121362484806,0.943555032771917,0.975647588265173,1.00190243728867,1193,0,1
"phi.reg[5,5]",0.789365953965517,0.0834361910269557,0.607783632588657,0.736875799453187,0.799952143688711,0.849519183662238,0.925972556331324,1.00059318119429,3050,0,1
"phi.reg[1,6]",0.616709612479088,0.298861613141992,0.0520504306981546,0.361365153090049,0.680321012679402,0.888310517276432,0.990762828593615,1.00112957805717,1416,0,1
"phi.reg[2,6]",0.930662335130215,0.0441328452821105,0.820464870598017,0.907408664225763,0.939547778182615,0.963155856540604,0.988733294383292,1.00012078216291,4500,0,1
"phi.reg[3,6]",0.56972250907613,0.140572515345195,0.29547151613941,0.469823349986778,0.573702161798201,0.670124944632903,0.835312543357165,1.00221683479377,820,0,1
"phi.reg[4,6]",0.966856460984154,0.0232270548872896,0.909415989065024,0.956216317291082,0.972580575807157,0.983559517334338,0.995215869674231,1.00014966505369,4500,0,1
"phi.reg[5,6]",0.914669465737405,0.0498131141894814,0.796530378042578,0.886824815867708,0.924465154575241,0.951523305120251,0.983639385933275,1.00091296613075,2449,0,1
"ext.reg[1,1]",0.604187262828894,0.292246641656388,0.0494734424080344,0.362396504332707,0.656588025255082,0.868669052503484,0.98477762203257,1.00065766155668,2106,0,1
"ext.reg[2,1]",0.214539208413632,0.0807354032468317,0.0859932675775808,0.154805920022478,0.204450491686951,0.262683717517118,0.39523305794609,1.00019089241453,4500,0,1
"ext.reg[3,1]",0.740541699372032,0.112705033338997,0.48382971786801,0.672168573972857,0.752304919020576,0.823929105928348,0.922529615972452,1.00015374734179,4261,0,1
"ext.reg[4,1]",0.111181767802246,0.0482841825842218,0.0365772267993244,0.0765709335052269,0.104437498726923,0.139460513743095,0.225919379245579,1.00128144925293,3455,0,1
"ext.reg[5,1]",0.261389623993211,0.0984829366779956,0.0992904104379481,0.187275203313793,0.252012656262911,0.324326154933053,0.473550641358412,1.00040372457859,3891,0,1
"ext.reg[1,2]",0.544997934203026,0.302326427013845,0.0326656298799923,0.27176360774453,0.574807432174824,0.824933295156239,0.979167210804452,1.00053207731604,2364,0,1
"ext.reg[2,2]",0.159492482885916,0.0644862562731602,0.0588464549599773,0.113186088225904,0.151511748658361,0.197237794950797,0.308604323969341,1.00034465092853,3448,0,1
"ext.reg[3,2]",0.666419694973321,0.135830475953517,0.375929279719425,0.578526224859694,0.678519956077121,0.766857568783461,0.893891635821973,1.00042922991926,4500,0,1
"ext.reg[4,2]",0.0813349144768758,0.0408031713772013,0.0211551404179482,0.0518836206533843,0.0745558908949221,0.104405356510582,0.179391150721971,1.00081419245877,2283,0,1
"ext.reg[5,2]",0.19775461982762,0.0809614639535609,0.0690431041991842,0.138508468841356,0.188435839082721,0.247153150206851,0.380543897857103,1.00047413039662,2518,0,1
"ext.reg[1,3]",0.562161950015093,0.298703902318973,0.0381266380150715,0.303104749072037,0.594421625055803,0.836671307849675,0.98155301396206,1.00030418950207,3425,0,1
"ext.reg[2,3]",0.176042016191476,0.0741577487374181,0.0594204064427636,0.121556472661134,0.166979587916009,0.22053744880658,0.348797644040652,0.999957859596467,4500,0,1
"ext.reg[3,3]",0.689686887019259,0.128544207121757,0.402766136802366,0.608886556433647,0.703993486726061,0.785636767693628,0.898633230132426,0.999900416626827,4500,0,1
"ext.reg[4,3]",0.089289156090734,0.043600518576864,0.0262596662627786,0.0571710323380152,0.0826953905493363,0.1136817501728,0.197005630328295,0.999901144150369,4500,0,1
"ext.reg[5,3]",0.218016110657162,0.0931282338245059,0.0632047376634251,0.148964562874006,0.208802629125831,0.27909197431589,0.419517160539785,1.00104141447276,1959,0,1
"ext.reg[1,4]",0.421426150757362,0.30298215984447,0.0127945110681912,0.137503799921509,0.374486240048351,0.68718163835351,0.958503019013436,1.00091412409402,1625,0,1
"ext.reg[2,4]",0.0846491397758477,0.0480919633028173,0.017187002112585,0.0491805700500834,0.0753230421968167,0.111571825726236,0.19926257976007,0.99996550356592,4500,0,1
"ext.reg[3,4]",0.490893133763922,0.165692487241579,0.158034547154684,0.373931537834257,0.496406613922869,0.610511645818758,0.795100029506918,1.00088707880788,2686,0,1
"ext.reg[4,4]",0.0411981897003977,0.0265671996179027,0.00675230407605345,0.0218603086917108,0.0357717508615809,0.0543631443635797,0.106910798039975,1.00101772303711,4500,0,1
"ext.reg[5,4]",0.105278837296567,0.0559449539712331,0.0226756102573534,0.0634605447712983,0.0965894683690757,0.13833957362123,0.236310400134364,1.00007492925835,4500,0,1
"ext.reg[1,5]",0.557912314941198,0.298839749080006,0.0367066071130156,0.292962473938487,0.59265610058455,0.830065534817773,0.981250758657085,1.00094241297709,1591,0,1
"ext.reg[2,5]",0.172441470190796,0.0728815331177593,0.0574041838234276,0.118269804587328,0.163333466782711,0.217242218937026,0.336155009128671,1.0008246697172,2431,0,1
"ext.reg[3,5]",0.683366750387215,0.130229486284641,0.402499543104316,0.595664756345288,0.693164542997403,0.782128232237693,0.904260210610459,1.00179844907458,1299,0,1
"ext.reg[4,5]",0.0872020010930894,0.0425419668216733,0.024352411734827,0.0564449672280826,0.0798786375151936,0.110149122414259,0.188624357141641,1.00190243728867,1193,0,1
"ext.reg[5,5]",0.210634046034483,0.0834361910269557,0.0740274436686761,0.150480816337762,0.200047856311289,0.263124200546813,0.392216367411342,1.00059318119429,3050,0,1
"ext.reg[1,6]",0.383290387520913,0.298861613141992,0.00923717140638527,0.111689482723568,0.319678987320598,0.638634846909951,0.947949569301845,1.00112957805717,1416,0,1
"ext.reg[2,6]",0.0693376648697851,0.0441328452821105,0.0112667056167084,0.0368441434593956,0.0604522218173854,0.0925913357742369,0.179535129401983,1.00012078216291,4500,0,1
"ext.reg[3,6]",0.43027749092387,0.140572515345195,0.164687456642835,0.329875055367097,0.426297838201799,0.530176650013222,0.70452848386059,1.00221683479377,820,0,1
"ext.reg[4,6]",0.0331435390158461,0.0232270548872896,0.00478413032576933,0.0164404826656622,0.0274194241928435,0.0437836827089182,0.0905840109349763,1.00014966505369,4500,0,1
"ext.reg[5,6]",0.0853305342625945,0.0498131141894814,0.0163606140667248,0.0484766948797493,0.0755348454247593,0.113175184132292,0.203469621957422,1.00091296613075,2449,0,1
"mean.gamma.reg[1]",0.392407199487802,0.256212921998596,0.0555960281881816,0.177414306744856,0.326847938419419,0.580648874783627,0.925084425553034,1.00280968201,759,0,1
"mean.gamma.reg[2]",0.546334794272018,0.0990027507843458,0.34585280610727,0.479999641783211,0.548983662553539,0.61403094554262,0.735679782398331,1.00037252907135,4500,0,1
"mean.gamma.reg[3]",0.199063014059998,0.0408515113525998,0.127201650535697,0.170514949568943,0.196633109756176,0.225476911022641,0.28452543465482,1.00026214972209,4500,0,1
"mean.gamma.reg[4]",0.37532012836252,0.112067978570058,0.17392096653853,0.293875227534153,0.370653573372074,0.448458143269289,0.610281107882294,1.00156028553892,1129,0,1
"mean.gamma.reg[5]",0.501158111711297,0.104413027289295,0.297498288888967,0.430140719850263,0.500574372222928,0.572527376844869,0.708203793256538,1.00044322840886,4500,0,1
"mean.phi.reg[1]",0.487670666622252,0.28851283220487,0.0333527816825045,0.231898874491335,0.48090340071129,0.741575314021345,0.965816580902657,1.00077018500855,1840,0,1
"mean.phi.reg[2]",0.853916336278758,0.0453188318095544,0.753895711728577,0.826520738117324,0.858702670762669,0.885863872112983,0.930290944167926,1.00028393928341,4500,0,1
"mean.phi.reg[3]",0.38313572392673,0.103024435256225,0.191734048166618,0.310749063894929,0.380601335198972,0.452434993663731,0.589454038232378,1.00069380227935,1995,0,1
"mean.phi.reg[4]",0.926108405303468,0.0274975221961494,0.864016522484246,0.909595819646762,0.929034669876895,0.945513950353137,0.971606304756998,1.00062181540743,2740,0,1
"mean.phi.reg[5]",0.820266037988061,0.0555101752164274,0.705997364970035,0.782784731403026,0.823260755610871,0.861520767555835,0.919997297911878,1.00032235867229,3230,0,1
"mean.ext.reg[1]",0.512329333377748,0.28851283220487,0.034183419097343,0.258424685978655,0.51909659928871,0.768101125508665,0.966647218317495,1.00077018500855,1840,0,1
"mean.ext.reg[2]",0.146083663721242,0.0453188318095544,0.069709055832074,0.114136127887017,0.141297329237331,0.173479261882676,0.246104288271422,1.00028393928341,4500,0,1
"mean.ext.reg[3]",0.61686427607327,0.103024435256225,0.410545961767622,0.547565006336269,0.619398664801028,0.689250936105071,0.808265951833382,1.00069380227935,1995,0,1
"mean.ext.reg[4]",0.0738915946965315,0.0274975221961494,0.0283936952430018,0.0544860496468628,0.0709653301231046,0.0904041803532378,0.135983477515754,1.00062181540743,2740,0,1
"mean.ext.reg[5]",0.179733962011939,0.0555101752164274,0.0800027020881214,0.138479232444165,0.176739244389129,0.217215268596974,0.294002635029965,1.00032235867229,3230,0,1
"equilib.reg[1]",0.44226111828647,0.227448836867362,0.0918540792381589,0.258099123348149,0.420427696926616,0.592976935547616,0.926603648839939,1.00107329075403,1557,0,1
"equilib.reg[2]",0.789626573247148,0.0509244702725466,0.68455559776582,0.756167068170039,0.7925546999253,0.825127012661545,0.882781735690633,1.0003036484548,3406,0,1
"equilib.reg[3]",0.244864973003343,0.0388444116148378,0.173745992467834,0.217978206168844,0.242562527673966,0.269317865050986,0.329250509700912,1.00040287287053,4500,0,1
"equilib.reg[4]",0.829936555855629,0.0625747097317874,0.68385094746254,0.794691751409346,0.836963799435025,0.874440678809998,0.928674814249933,1.00053928732196,4500,0,1
"equilib.reg[5]",0.737398907667084,0.0560571287579232,0.621746239579229,0.700009554427701,0.738918831129204,0.775588174332987,0.844046475360057,1.00166012680407,1379,0,1
"mean.p",0.542408367844535,0.0410981087213915,0.458113883582374,0.518343567940374,0.542254140736864,0.5661636692706,0.626808309814587,1.01016370871762,351,0,1
"p.year[1]",0.519800665080935,0.0313736262833515,0.457414821038533,0.498119356321793,0.520487430312471,0.540821162945676,0.580629798389166,1.00057788235191,4500,0,1
"p.year[2]",0.449105742688596,0.0337605313754011,0.382117251042033,0.42681380050648,0.448810576998587,0.471846581317986,0.51598914281568,1.00059334072237,2405,0,1
"p.year[3]",0.543224094940863,0.0344702809272543,0.475227560184936,0.519975252284177,0.543974346086902,0.565747644394137,0.611006187972161,0.999881735921477,4500,0,1
"p.year[4]",0.475866667073796,0.0339219183292603,0.409501618241313,0.452095350696938,0.475696138740723,0.498308950137141,0.542023778984947,1.00015336531576,4500,0,1
"p.year[5]",0.583565809974315,0.0308126141809856,0.522992765345228,0.561876634006162,0.58369362763581,0.604128401414757,0.644603183091128,1.00169487542547,1303,0,1
"p.year[6]",0.554217918248667,0.0336779799973087,0.489399693767391,0.531502961160017,0.554059122608023,0.576424004032302,0.620124842696149,1.00005873781662,4500,0,1
"p.year[7]",0.653704876493715,0.0286979745418469,0.596098889853071,0.634985791790263,0.654407627946076,0.673018175962833,0.709262828015796,1.00272670108923,681,0,1
"z[1,1]",1,0,1,1,1,1,1,NA,1,0,1
"z[2,1]",1,0,1,1,1,1,1,NA,1,0,1
"z[3,1]",1,0,1,1,1,1,1,NA,1,0,1
"z[4,1]",1,0,1,1,1,1,1,NA,1,0,1
"z[5,1]",0.573111111111111,0.494680851905704,0,0,1,1,1,1.00028195993567,3328,1,1
"z[6,1]",0.481777777777778,0.499723368190952,0,0,0,1,1,0.99967651111384,4500,1,1
"z[7,1]",1,0,1,1,1,1,1,NA,1,0,1
"z[8,1]",1,0,1,1,1,1,1,NA,1,0,1
"z[9,1]",1,0,1,1,1,1,1,NA,1,0,1
"z[10,1]",1,0,1,1,1,1,1,NA,1,0,1
"z[11,1]",0.308,0.461717851163597,0,0,0,1,1,1.00093797290679,1853,1,1
"z[12,1]",0.182888888888889,0.386618364283047,0,0,0,0,1,0.999879881289906,4500,1,1
"z[13,1]",0.0802222222222222,0.271667108709551,0,0,0,0,1,1.00178415061905,3187,1,1
"z[14,1]",0.0997777777777778,0.299736780791094,0,0,0,0,1,1.00129004240926,3420,1,1
"z[15,1]",0.210444444444444,0.407669611770085,0,0,0,0,1,1.00010942450692,4500,1,1
"z[16,1]",0.344444444444444,0.47523958022822,0,0,0,1,1,1.00047742924295,2731,1,1
"z[17,1]",1,0,1,1,1,1,1,NA,1,0,1
"z[18,1]",1,0,1,1,1,1,1,NA,1,0,1
"z[19,1]",0.813333333333333,0.38968701286146,0,1,1,1,1,1.00036555888514,4500,1,1
"z[20,1]",0.505333333333333,0.500027116401842,0,0,1,1,1,1.00038240055667,2799,1,1
"z[21,1]",0.0173333333333333,0.130524613834426,0,0,0,0,0,1.01047476810116,2675,1,1
"z[22,1]",1,0,1,1,1,1,1,NA,1,0,1
"z[23,1]",1,0,1,1,1,1,1,NA,1,0,1
"z[24,1]",0.0846666666666667,0.278415961965736,0,0,0,0,1,1.00249131743988,2285,1,1
"z[25,1]",0.375111111111111,0.484205397030585,0,0,0,1,1,0.999707508739746,4500,1,1
"z[26,1]",1,0,1,1,1,1,1,NA,1,0,1
"z[27,1]",1,0,1,1,1,1,1,NA,1,0,1
"z[28,1]",0.9,0.300033338889918,0,1,1,1,1,1.00098209697317,4220,1,1
"z[29,1]",0.932,0.251773880070849,0,1,1,1,1,1.00469517312332,1568,1,1
"z[30,1]",1,0,1,1,1,1,1,NA,1,0,1
"z[31,1]",1,0,1,1,1,1,1,NA,1,0,1
"z[32,1]",1,0,1,1,1,1,1,NA,1,0,1
"z[33,1]",1,0,1,1,1,1,1,NA,1,0,1
"z[34,1]",1,0,1,1,1,1,1,NA,1,0,1
"z[35,1]",1,0,1,1,1,1,1,NA,1,0,1
"z[36,1]",1,0,1,1,1,1,1,NA,1,0,1
"z[37,1]",0.0388888888888889,0.193351625166517,0,0,0,0,1,1.01583244690907,814,1,1
"z[38,1]",0.098,0.297347688610086,0,0,0,0,1,0.999695050829445,4500,1,1
"z[39,1]",1,0,1,1,1,1,1,NA,1,0,1
"z[40,1]",1,0,1,1,1,1,1,NA,1,0,1
"z[41,1]",0.024,0.153066020038189,0,0,0,0,0,1.01719951439436,1190,1,1
"z[42,1]",1,0,1,1,1,1,1,NA,1,0,1
"z[43,1]",1,0,1,1,1,1,1,NA,1,0,1
"z[44,1]",1,0,1,1,1,1,1,NA,1,0,1
"z[45,1]",0.926444444444444,0.261075243046752,0,1,1,1,1,1.00082079185251,4500,1,1
"z[46,1]",1,0,1,1,1,1,1,NA,1,0,1
"z[47,1]",0.064,0.244780135956494,0,0,0,0,1,1.00040897407199,4500,1,1
"z[48,1]",1,0,1,1,1,1,1,NA,1,0,1
"z[49,1]",0.0304444444444444,0.171825903655918,0,0,0,0,1,1.0004593725201,4500,1,1
"z[50,1]",1,0,1,1,1,1,1,NA,1,0,1
"z[51,1]",1,0,1,1,1,1,1,NA,1,0,1
"z[52,1]",0.256,0.43647031369963,0,0,0,1,1,0.999864478516661,4500,1,1
"z[53,1]",0.279777777777778,0.448939818965831,0,0,0,1,1,1.00132507144531,1498,1,1
"z[54,1]",0.0122222222222222,0.109888684384328,0,0,0,0,0,1.00186053108645,4500,1,1
"z[55,1]",0.0126666666666667,0.111843649799372,0,0,0,0,0,1.0374093333022,1006,1,1
"z[56,1]",1,0,1,1,1,1,1,NA,1,0,1
"z[57,1]",1,0,1,1,1,1,1,NA,1,0,1
"z[58,1]",1,0,1,1,1,1,1,NA,1,0,1
"z[59,1]",0.178222222222222,0.382742231038999,0,0,0,0,1,0.9999643589389,4500,1,1
"z[60,1]",0.143111111111111,0.350225039406466,0,0,0,0,1,0.999712582933171,4500,1,1
"z[61,1]",0.542222222222222,0.49826946084164,0,0,1,1,1,0.999849739565269,4500,1,1
"z[62,1]",0.429777777777778,0.495099294438136,0,0,0,1,1,1.00040796404691,2756,1,1
"z[63,1]",0.582444444444444,0.493210878514296,0,0,1,1,1,0.999868786805548,4500,1,1
"z[64,1]",0.437333333333333,0.496112471026011,0,0,0,1,1,1.00030929126581,3165,1,1
"z[65,1]",0.391777777777778,0.488201715753971,0,0,0,1,1,1.0000011597072,4500,1,1
"z[66,1]",0.296444444444444,0.456740072592966,0,0,0,1,1,1.00069622488822,2331,1,1
"z[67,1]",0.251111111111111,0.433700495878734,0,0,0,1,1,0.999920391905577,4500,1,1
"z[68,1]",0.245777777777778,0.430595244346508,0,0,0,0,1,0.99972121820757,4500,1,1
"z[69,1]",1,0,1,1,1,1,1,NA,1,0,1
"z[70,1]",0.002,0.0446815807032984,0,0,0,0,0,1.01775579934475,4500,1,1
"z[71,1]",1,0,1,1,1,1,1,NA,1,0,1
"z[72,1]",1,0,1,1,1,1,1,NA,1,0,1
"z[73,1]",1,0,1,1,1,1,1,NA,1,0,1
"z[74,1]",1,0,1,1,1,1,1,NA,1,0,1
"z[75,1]",1,0,1,1,1,1,1,NA,1,0,1
"z[76,1]",0.942444444444444,0.232926963317475,0,1,1,1,1,1.00302772131257,2727,1,1
"z[77,1]",0.534888888888889,0.498836709534676,0,0,1,1,1,1.00113104218302,1377,1,1
"z[78,1]",0.376,0.48443384507651,0,0,0,1,1,0.999748639483336,4500,1,1
"z[79,1]",0.738222222222222,0.439651142234043,0,0,1,1,1,1.0003533511194,3767,1,1
"z[80,1]",0.878444444444444,0.326808103614916,0,1,1,1,1,0.999746720761768,4500,1,1
"z[81,1]",0.0366666666666667,0.18796295738691,0,0,0,0,1,1.00256047825043,4500,1,1
"z[82,1]",1,0,1,1,1,1,1,NA,1,0,1
"z[83,1]",0.0644444444444444,0.245570273205584,0,0,0,0,1,0.99995874452076,4500,1,1
"z[84,1]",1,0,1,1,1,1,1,NA,1,0,1
"z[85,1]",1,0,1,1,1,1,1,NA,1,0,1
"z[86,1]",0.00111111111111111,0.033318511930496,0,0,0,0,0,1.01912206739455,4500,1,1
"z[87,1]",0.0455555555555556,0.208542349028494,0,0,0,0,1,1.00097211296326,4500,1,1
"z[88,1]",1,0,1,1,1,1,1,NA,1,0,1
"z[89,1]",0.0257777777777778,0.158489324311835,0,0,0,0,1,1.00087714731392,4500,1,1
"z[90,1]",0.915777777777778,0.277751657165108,0,1,1,1,1,1.00161026344893,3331,1,1
"z[91,1]",0.533333333333333,0.498943092771516,0,0,1,1,1,1.00005788504711,4500,1,1
"z[92,1]",0.505555555555556,0.500024696236309,0,0,1,1,1,1.00030428380507,3141,1,1
"z[93,1]",0.487555555555556,0.499900659415981,0,0,0,1,1,0.999702596035424,4500,1,1
"z[94,1]",0.440888888888889,0.496548756722562,0,0,0,1,1,0.999671891574531,4500,1,1
"z[95,1]",1,0,1,1,1,1,1,NA,1,0,1
"z[96,1]",1,0,1,1,1,1,1,NA,1,0,1
"z[97,1]",1,0,1,1,1,1,1,NA,1,0,1
"z[98,1]",1,0,1,1,1,1,1,NA,1,0,1
"z[99,1]",1,0,1,1,1,1,1,NA,1,0,1
"z[100,1]",1,0,1,1,1,1,1,NA,1,0,1
"z[101,1]",1,0,1,1,1,1,1,NA,1,0,1
"z[102,1]",0.004,0.0631259497363628,0,0,0,0,0,1.08555083650947,1282,1,1
"z[103,1]",0.00444444444444444,0.0665257457028688,0,0,0,0,0,1.02280815119122,4500,1,1
"z[104,1]",0.0346666666666667,0.182954440186126,0,0,0,0,1,1.00341631535448,3964,1,1
"z[105,1]",0.898,0.302681943946003,0,1,1,1,1,0.999781399530382,4500,1,1
"z[106,1]",0.0862222222222222,0.280723107246949,0,0,0,0,1,1.00002795782263,4500,1,1
"z[107,1]",0.0906666666666667,0.287166411122996,0,0,0,0,1,1.00130610281187,3687,1,1
"z[108,1]",0.142888888888889,0.349998394701315,0,0,0,0,1,1.00023986595005,4500,1,1
"z[109,1]",0.0731111111111111,0.260347727038461,0,0,0,0,1,1.00390640590702,1731,1,1
"z[110,1]",0.239333333333333,0.426723978795057,0,0,0,0,1,0.999976952651803,4500,1,1
"z[111,1]",0.0217777777777778,0.145973426820025,0,0,0,0,0,1.00459021980147,4500,1,1
"z[112,1]",0.173777777777778,0.378960387479294,0,0,0,0,1,1.00027819142302,4500,1,1
"z[113,1]",0.0122222222222222,0.109888684384328,0,0,0,0,0,1.00837244533342,4500,1,1
"z[114,1]",0.212444444444444,0.409083110301357,0,0,0,0,1,0.999884690612292,4500,1,1
"z[115,1]",0.102222222222222,0.30297398898834,0,0,0,0,1,1.00014360952632,4500,1,1
"z[116,1]",0.236222222222222,0.424807469897772,0,0,0,0,1,0.999926960644216,4500,1,1
"z[117,1]",1,0,1,1,1,1,1,NA,1,0,1
"z[118,1]",1,0,1,1,1,1,1,NA,1,0,1
"z[119,1]",1,0,1,1,1,1,1,NA,1,0,1
"z[120,1]",1,0,1,1,1,1,1,NA,1,0,1
"z[121,1]",1,0,1,1,1,1,1,NA,1,0,1
"z[122,1]",0.022,0.146699633251375,0,0,0,0,0,1.00158286622141,4500,1,1
"z[123,1]",0.0362222222222222,0.186863405673864,0,0,0,0,1,1.00065746041974,4500,1,1
"z[124,1]",1,0,1,1,1,1,1,NA,1,0,1
"z[125,1]",0.959111111111111,0.198054801702807,0,1,1,1,1,1.00701388124684,1716,1,1
"z[126,1]",1,0,1,1,1,1,1,NA,1,0,1
"z[127,1]",0.234,0.423419225890279,0,0,0,0,1,1.00106082687057,2007,1,1
"z[128,1]",0.237555555555556,0.425632672691991,0,0,0,0,1,1.001170362642,1841,1,1
"z[129,1]",0.279555555555556,0.448830717933826,0,0,0,1,1,1.00003190994618,4500,1,1
"z[130,1]",0.262888888888889,0.440251510398533,0,0,0,1,1,0.999781602715364,4500,1,1
"z[131,1]",0.528888888888889,0.499220206423967,0,0,1,1,1,0.999803011660306,4500,1,1
"z[132,1]",0.821777777777778,0.382742231038999,0,1,1,1,1,1.00424218769185,744,1,1
"z[133,1]",0.760444444444444,0.426859675171387,0,1,1,1,1,1.00111326387312,1903,1,1
"z[134,1]",0.0142222222222222,0.118419030794728,0,0,0,0,0,0.999792183520736,4500,1,1
"z[135,1]",1,0,1,1,1,1,1,NA,1,0,1
"z[136,1]",0.00977777777777778,0.0984089676386699,0,0,0,0,0,1.00619298350256,4500,1,1
"z[137,1]",0.134222222222222,0.340928800069097,0,0,0,0,1,1.00082976625248,3695,1,1
"z[138,1]",1,0,1,1,1,1,1,NA,1,0,1
"z[139,1]",1,0,1,1,1,1,1,NA,1,0,1
"z[140,1]",1,0,1,1,1,1,1,NA,1,0,1
"z[141,1]",1,0,1,1,1,1,1,NA,1,0,1
"z[142,1]",0.171777777777778,0.377229102086146,0,0,0,0,1,1.00049430485471,4244,1,1
"z[143,1]",0.136222222222222,0.343062504722754,0,0,0,0,1,0.999673740707085,4500,1,1
"z[144,1]",0.119777777777778,0.324737580302701,0,0,0,0,1,1.00034683796871,4500,1,1
"z[145,1]",0.721777777777778,0.448173239577547,0,0,1,1,1,1.00031343590335,3848,1,1
"z[146,1]",0.652,0.47638895090101,0,0,1,1,1,1.0011686178083,1475,1,1
"z[147,1]",0.591555555555556,0.491600737364081,0,0,1,1,1,1.00014486444228,4335,1,1
"z[148,1]",0.549111111111111,0.497637549399386,0,0,1,1,1,0.999889469874177,4500,1,1
"z[149,1]",1,0,1,1,1,1,1,NA,1,0,1
"z[150,1]",0.279555555555556,0.448830717933826,0,0,0,1,1,1.00028207687563,4043,1,1
"z[151,1]",1,0,1,1,1,1,1,NA,1,0,1
"z[152,1]",1,0,1,1,1,1,1,NA,1,0,1
"z[153,1]",0.577555555555556,0.494003407653088,0,0,1,1,1,1.00146510643668,1143,1,1
"z[154,1]",0.398444444444444,0.4896322544876,0,0,0,1,1,0.999808860040092,4500,1,1
"z[155,1]",0.488,0.499911528069583,0,0,0,1,1,1.00012728435469,4348,1,1
"z[156,1]",1,0,1,1,1,1,1,NA,1,0,1
"z[157,1]",1,0,1,1,1,1,1,NA,1,0,1
"z[158,1]",1,0,1,1,1,1,1,NA,1,0,1
"z[159,1]",1,0,1,1,1,1,1,NA,1,0,1
"z[160,1]",1,0,1,1,1,1,1,NA,1,0,1
"z[161,1]",0.00777777777777778,0.0878578356425394,0,0,0,0,0,1.0194095252495,3190,1,1
"z[162,1]",1,0,1,1,1,1,1,NA,1,0,1
"z[163,1]",0.0355555555555556,0.185199838067563,0,0,0,0,1,1.0037640483957,3544,1,1
"z[164,1]",1,0,1,1,1,1,1,NA,1,0,1
"z[165,1]",0.0755555555555556,0.26431503658815,0,0,0,0,1,1.00003622195891,4500,1,1
"z[166,1]",1,0,1,1,1,1,1,NA,1,0,1
"z[167,1]",0.884222222222222,0.319993810293055,0,1,1,1,1,1.00052183288177,4500,1,1
"z[168,1]",0.946888888888889,0.224279956970223,0,1,1,1,1,1.00113696155339,4500,1,1
"z[169,1]",0.925333333333333,0.262881936707821,0,1,1,1,1,0.999992455674625,4500,1,1
"z[170,1]",1,0,1,1,1,1,1,NA,1,0,1
"z[171,1]",0.543333333333333,0.498174038614519,0,0,1,1,1,0.99989894101307,4500,1,1
"z[172,1]",0.687111111111111,0.463721056398394,0,0,1,1,1,0.999852865033186,4500,1,1
"z[173,1]",0.668,0.470983327210095,0,0,1,1,1,0.999695207616039,4500,1,1
"z[174,1]",0.957333333333333,0.202126943226378,0,1,1,1,1,1.00103955200311,4500,1,1
"z[175,1]",1,0,1,1,1,1,1,NA,1,0,1
"z[176,1]",1,0,1,1,1,1,1,NA,1,0,1
"z[177,1]",0.419333333333333,0.493504823124117,0,0,0,1,1,1.00027577923487,3376,1,1
"z[178,1]",0.244444444444444,0.429805083347423,0,0,0,0,1,1.00009242457746,4500,1,1
"z[179,1]",0.214888888888889,0.41079088857108,0,0,0,0,1,1.00008320217378,4500,1,1
"z[180,1]",0.252888888888889,0.434716107244037,0,0,0,1,1,1.00031354438435,4084,1,1
"z[181,1]",0.341111111111111,0.474135294503335,0,0,0,1,1,1.00079304034606,1981,1,1
"z[182,1]",0.172222222222222,0.377615433769331,0,0,0,0,1,1.00034628556414,4500,1,1
"z[183,1]",0.238222222222222,0.426043109584256,0,0,0,0,1,1.00183882618676,1277,1,1
"z[184,1]",0.038,0.191217481839897,0,0,0,0,1,1.00901173968236,1444,1,1
"z[185,1]",0.0271111111111111,0.162425248725456,0,0,0,0,1,1.00203877400706,4500,1,1
"z[186,1]",0.431555555555556,0.495348245849047,0,0,0,1,1,1.0004439542649,2628,1,1
"z[187,1]",0.307333333333333,0.461439998958005,0,0,0,1,1,1.0005365940053,2702,1,1
"z[188,1]",0.354222222222222,0.478330099283297,0,0,0,1,1,1.00094544151911,1714,1,1
"z[189,1]",0.442,0.49667979643052,0,0,0,1,1,1.00038791621849,2813,1,1
"z[190,1]",0.423333333333333,0.49414216948469,0,0,0,1,1,1.00102715483486,1510,1,1
"z[191,1]",0.398222222222222,0.489586100094805,0,0,0,1,1,1.00022555538904,3734,1,1
"z[192,1]",0.406444444444444,0.491223961615061,0,0,0,1,1,0.99981208375383,4500,1,1
"z[193,1]",0.401555555555556,0.490267381292261,0,0,0,1,1,1.00002874763683,4500,1,1
"z[194,1]",0.381333333333333,0.485768113554913,0,0,0,1,1,1.00023584655855,3730,1,1
"z[195,1]",0.375333333333333,0.484262672142031,0,0,0,1,1,1.00007060349543,4500,1,1
"z[196,1]",0.385555555555556,0.48678036713741,0,0,0,1,1,0.999925946099077,4500,1,1
"z[197,1]",0.320666666666667,0.466784720300032,0,0,0,1,1,1.0007801710909,2069,1,1
"z[198,1]",0.35,0.47702260616518,0,0,0,1,1,1.00063210830738,2276,1,1
"z[199,1]",0.280222222222222,0.449157611618771,0,0,0,1,1,1.00115633241072,1669,1,1
"z[200,1]",0.480888888888889,0.499690156151589,0,0,0,1,1,1.00026797851513,3336,1,1
"z[1,2]",1,0,1,1,1,1,1,NA,1,0,1
"z[2,2]",1,0,1,1,1,1,1,NA,1,0,1
"z[3,2]",1,0,1,1,1,1,1,NA,1,0,1
"z[4,2]",1,0,1,1,1,1,1,NA,1,0,1
"z[5,2]",0.683111111111111,0.465315415815657,0,0,1,1,1,0.999793477498804,4500,1,1
"z[6,2]",0.652666666666667,0.476175677963101,0,0,1,1,1,0.999901718218607,4500,1,1
"z[7,2]",0.656222222222222,0.475020800138348,0,0,1,1,1,1.00138295270324,1294,1,1
"z[8,2]",1,0,1,1,1,1,1,NA,1,0,1
"z[9,2]",1,0,1,1,1,1,1,NA,1,0,1
"z[10,2]",1,0,1,1,1,1,1,NA,1,0,1
"z[11,2]",0.228888888888889,0.420164248952595,0,0,0,0,1,0.999819516797456,4500,1,1
"z[12,2]",0.126444444444444,0.332386519284506,0,0,0,0,1,1.00036181615256,4500,1,1
"z[13,2]",0.183333333333333,0.386982559325991,0,0,0,0,1,1.00130863418546,2039,1,1
"z[14,2]",0.161555555555556,0.368083503985174,0,0,0,0,1,0.999764896734517,4500,1,1
"z[15,2]",1,0,1,1,1,1,1,NA,1,0,1
"z[16,2]",1,0,1,1,1,1,1,NA,1,0,1
"z[17,2]",0.298888888888889,0.457821907476261,0,0,0,1,1,1.00015739378407,4500,1,1
"z[18,2]",1,0,1,1,1,1,1,NA,1,0,1
"z[19,2]",0.202888888888889,0.402195144834769,0,0,0,0,1,1.00202147933331,1309,1,1
"z[20,2]",1,0,1,1,1,1,1,NA,1,0,1
"z[21,2]",1,0,1,1,1,1,1,NA,1,0,1
"z[22,2]",1,0,1,1,1,1,1,NA,1,0,1
"z[23,2]",1,0,1,1,1,1,1,NA,1,0,1
"z[24,2]",1,0,1,1,1,1,1,NA,1,0,1
"z[25,2]",1,0,1,1,1,1,1,NA,1,0,1
"z[26,2]",1,0,1,1,1,1,1,NA,1,0,1
"z[27,2]",1,0,1,1,1,1,1,NA,1,0,1
"z[28,2]",1,0,1,1,1,1,1,NA,1,0,1
"z[29,2]",1,0,1,1,1,1,1,NA,1,0,1
"z[30,2]",0.15,0.357111102643182,0,0,0,0,1,1.00277342514319,1268,1,1
"z[31,2]",1,0,1,1,1,1,1,NA,1,0,1
"z[32,2]",1,0,1,1,1,1,1,NA,1,0,1
"z[33,2]",0.582,0.493284981881299,0,0,1,1,1,0.999726658382329,4500,1,1
"z[34,2]",0.605111111111111,0.488881137385478,0,0,1,1,1,0.9996670434013,4500,1,1
"z[35,2]",0.664,0.472391352256365,0,0,1,1,1,1.00165596772056,1131,1,1
"z[36,2]",0.692,0.461717851163597,0,0,1,1,1,1.00040512840464,3177,1,1
"z[37,2]",0.0464444444444444,0.21046900448124,0,0,0,0,1,1.00688586441734,1555,1,1
"z[38,2]",0.640222222222222,0.479988464376133,0,0,1,1,1,1.00037512440495,3072,1,1
"z[39,2]",1,0,1,1,1,1,1,NA,1,0,1
"z[40,2]",1,0,1,1,1,1,1,NA,1,0,1
"z[41,2]",0.0886666666666667,0.28429359739909,0,0,0,0,1,1.00056330849471,4500,1,1
"z[42,2]",0.164,0.370316721641932,0,0,0,0,1,1.00035473457339,4500,1,1
"z[43,2]",0.207777777777778,0.405761950063745,0,0,0,0,1,1.00196640407444,1320,1,1
"z[44,2]",0.824222222222222,0.380673289472773,0,1,1,1,1,0.999896979170253,4500,1,1
"z[45,2]",0.116888888888889,0.321323545239986,0,0,0,0,1,1.00136548047503,2853,1,1
"z[46,2]",0.107111111111111,0.309288827266365,0,0,0,0,1,1.00010692273051,4500,1,1
"z[47,2]",0.0168888888888889,0.128869487630174,0,0,0,0,0,1.00243372733731,4500,1,1
"z[48,2]",0.0135555555555556,0.115649360747383,0,0,0,0,0,1.00145604370379,4500,1,1
"z[49,2]",0.076,0.265027562343912,0,0,0,0,1,1.0010323311431,4500,1,1
"z[50,2]",0.117111111111111,0.321588371654486,0,0,0,0,1,1.00230564469996,1826,1,1
"z[51,2]",1,0,1,1,1,1,1,NA,1,0,1
"z[52,2]",0.176888888888889,0.381617049472633,0,0,0,0,1,0.999814510192691,4500,1,1
"z[53,2]",0.190888888888889,0.393045354774839,0,0,0,0,1,1.00119791695703,2119,1,1
"z[54,2]",0.0528888888888889,0.223836521313966,0,0,0,0,1,1.0029673147564,3011,1,1
"z[55,2]",0.026,0.159152847308496,0,0,0,0,1,1.0113962278985,1661,1,1
"z[56,2]",0.0342222222222222,0.181819713016199,0,0,0,0,1,1.01247737690496,1161,1,1
"z[57,2]",0.307333333333333,0.461439998958005,0,0,0,1,1,1.00063272017988,2441,1,1
"z[58,2]",1,0,1,1,1,1,1,NA,1,0,1
"z[59,2]",0.155777777777778,0.362684839639867,0,0,0,0,1,0.999864802148779,4500,1,1
"z[60,2]",1,0,1,1,1,1,1,NA,1,0,1
"z[61,2]",0.236444444444444,0.424945405567671,0,0,0,0,1,0.999780921285082,4500,1,1
"z[62,2]",0.186444444444444,0.389508187829929,0,0,0,0,1,1.00019785397729,4500,1,1
"z[63,2]",0.275111111111111,0.44661987659371,0,0,0,1,1,0.999685845077013,4500,1,1
"z[64,2]",0.199555555555556,0.399710695309344,0,0,0,0,1,1.00036607522771,4469,1,1
"z[65,2]",0.235111111111111,0.424115371696836,0,0,0,0,1,1.00037640360631,3913,1,1
"z[66,2]",0.154,0.360988861926802,0,0,0,0,1,1.00215233382603,1541,1,1
"z[67,2]",0.225777777777778,0.418139960301486,0,0,0,0,1,0.999992751555185,4500,1,1
"z[68,2]",0.206,0.404475407947857,0,0,0,0,1,1.0000853433222,4500,1,1
"z[69,2]",0.49,0.499955543700455,0,0,0,1,1,0.999788779442008,4500,1,1
"z[70,2]",0.0313333333333333,0.174236339048014,0,0,0,0,1,1.00705903960226,2204,1,1
"z[71,2]",0.333333333333333,0.47145690780245,0,0,0,1,1,0.999780675046947,4500,1,1
"z[72,2]",0.797111111111111,0.402195144834769,0,1,1,1,1,1.00053940136862,3541,1,1
"z[73,2]",0.227777777777778,0.419445059820707,0,0,0,0,1,0.999935684931736,4500,1,1
"z[74,2]",0.336888888888889,0.472699079486726,0,0,0,1,1,0.999732436071117,4500,1,1
"z[75,2]",1,0,1,1,1,1,1,NA,1,0,1
"z[76,2]",0.665555555555556,0.471848316480549,0,0,1,1,1,1.00034816954643,3294,1,1
"z[77,2]",0.208444444444444,0.40624134675035,0,0,0,0,1,1.00078101382299,2715,1,1
"z[78,2]",0.0495555555555556,0.217049006950826,0,0,0,0,1,1.00147425637558,4500,1,1
"z[79,2]",1,0,1,1,1,1,1,NA,1,0,1
"z[80,2]",0.682444444444444,0.465577269706992,0,0,1,1,1,0.999730172992584,4500,1,1
"z[81,2]",0.00688888888888889,0.0827221418662089,0,0,0,0,0,1.05013528605508,1346,1,1
"z[82,2]",1,0,1,1,1,1,1,NA,1,0,1
"z[83,2]",0.0106666666666667,0.102738670891514,0,0,0,0,0,1.00033092133614,4500,1,1
"z[84,2]",1,0,1,1,1,1,1,NA,1,0,1
"z[85,2]",1,0,1,1,1,1,1,NA,1,0,1
"z[86,2]",0.00866666666666667,0.0927009450571682,0,0,0,0,0,1.00066835234467,4500,1,1
"z[87,2]",0.187333333333333,0.390222236792799,0,0,0,0,1,1.00021670799336,4500,1,1
"z[88,2]",0.0826666666666667,0.275408323018099,0,0,0,0,1,1.00052971257516,4500,1,1
"z[89,2]",0.164444444444444,0.370719583788944,0,0,0,0,1,1.0002530427967,4500,1,1
"z[90,2]",0.730666666666667,0.443662743942178,0,0,1,1,1,0.999737314029452,4500,1,1
"z[91,2]",0.270444444444444,0.444238789444786,0,0,0,1,1,1.00047617148728,3140,1,1
"z[92,2]",0.214444444444444,0.410481994889812,0,0,0,0,1,1.0003320434591,4472,1,1
"z[93,2]",0.232444444444444,0.422437783661604,0,0,0,0,1,0.999885925957074,4500,1,1
"z[94,2]",0.242444444444444,0.428609331850102,0,0,0,0,1,0.999904229822082,4500,1,1
"z[95,2]",1,0,1,1,1,1,1,NA,1,0,1
"z[96,2]",1,0,1,1,1,1,1,NA,1,0,1
"z[97,2]",1,0,1,1,1,1,1,NA,1,0,1
"z[98,2]",1,0,1,1,1,1,1,NA,1,0,1
"z[99,2]",1,0,1,1,1,1,1,NA,1,0,1
"z[100,2]",0.856444444444444,0.350677466816207,0,1,1,1,1,1.00009020042848,4500,1,1
"z[101,2]",0.632444444444444,0.482193050608748,0,0,1,1,1,1.00118445645322,1421,1,1
"z[102,2]",0.00311111111111111,0.0556966916350484,0,0,0,0,0,1.00222267416305,4500,1,1
"z[103,2]",0.0142222222222222,0.118419030794728,0,0,0,0,0,1.00167141669486,4500,1,1
"z[104,2]",0.374222222222222,0.483975208221787,0,0,0,1,1,1.00047215344649,2652,1,1
"z[105,2]",0.724,0.447066455019138,0,0,1,1,1,0.999779651637946,4500,1,1
"z[106,2]",0.0282222222222222,0.165625554658784,0,0,0,0,1,1.00058402751374,4500,1,1
"z[107,2]",0.034,0.181249276657738,0,0,0,0,1,1.00301664321734,4500,1,1
"z[108,2]",0.0222222222222222,0.147421927362282,0,0,0,0,0,1.00439570026591,4500,1,1
"z[109,2]",0.024,0.153066020038189,0,0,0,0,0,1.00087932490944,4500,1,1
"z[110,2]",1,0,1,1,1,1,1,NA,1,0,1
"z[111,2]",0.012,0.108897361089598,0,0,0,0,0,1.00124283458495,4500,1,1
"z[112,2]",0.0213333333333333,0.14450904074975,0,0,0,0,0,1.00388987806367,4500,1,1
"z[113,2]",0.0155555555555556,0.123761803562895,0,0,0,0,0,1.00166142905982,4500,1,1
"z[114,2]",0.200666666666667,0.400543640348915,0,0,0,0,1,1.00070811549413,3000,1,1
"z[115,2]",1,0,1,1,1,1,1,NA,1,0,1
"z[116,2]",0.183111111111111,0.386800568517406,0,0,0,0,1,0.999697508628141,4500,1,1
"z[117,2]",0.670444444444444,0.470104033146587,0,0,1,1,1,1.00002576546139,4500,1,1
"z[118,2]",1,0,1,1,1,1,1,NA,1,0,1
"z[119,2]",1,0,1,1,1,1,1,NA,1,0,1
"z[120,2]",1,0,1,1,1,1,1,NA,1,0,1
"z[121,2]",1,0,1,1,1,1,1,NA,1,0,1
"z[122,2]",0.00822222222222222,0.0903129549063228,0,0,0,0,0,1.00445707038135,4500,1,1
"z[123,2]",0.263111111111111,0.440371149320812,0,0,0,1,1,0.999903960108076,4500,1,1
"z[124,2]",0.0464444444444444,0.21046900448124,0,0,0,0,1,1.00333467030372,3072,1,1
"z[125,2]",1,0,1,1,1,1,1,NA,1,0,1
"z[126,2]",1,0,1,1,1,1,1,NA,1,0,1
"z[127,2]",0.221333333333333,0.415190554162588,0,0,0,0,1,0.999699009918262,4500,1,1
"z[128,2]",0.246222222222222,0.430857392202569,0,0,0,0,1,1.00099625038116,2034,1,1
"z[129,2]",0.216222222222222,0.411713299819999,0,0,0,0,1,1.0013680226839,1731,1,1
"z[130,2]",0.172444444444444,0.377808255362111,0,0,0,0,1,0.999675094026536,4500,1,1
"z[131,2]",0.392444444444444,0.488349054561546,0,0,0,1,1,0.999687888910798,4500,1,1
"z[132,2]",0.810888888888889,0.391640375465991,0,1,1,1,1,1.00121011825097,2116,1,1
"z[133,2]",0.787111111111111,0.409395231177718,0,1,1,1,1,1.00154665492632,1596,1,1
"z[134,2]",0.0135555555555556,0.115649360747383,0,0,0,0,0,1.03981127940756,883,1,1
"z[135,2]",0.0388888888888889,0.193351625166517,0,0,0,0,1,1.00389502991237,3142,1,1
"z[136,2]",0.0462222222222222,0.209989350685102,0,0,0,0,1,1.00406756747371,2559,1,1
"z[137,2]",1,0,1,1,1,1,1,NA,1,0,1
"z[138,2]",0.339555555555556,0.473611049640584,0,0,0,1,1,0.999957394248384,4500,1,1
"z[139,2]",1,0,1,1,1,1,1,NA,1,0,1
"z[140,2]",0.173555555555556,0.378768934845247,0,0,0,0,1,0.999790295977254,4500,1,1
"z[141,2]",0.173333333333333,0.378577254918682,0,0,0,0,1,1.00014707569818,4500,1,1
"z[142,2]",0.235777777777778,0.424531115060534,0,0,0,0,1,0.999722076449592,4500,1,1
"z[143,2]",0.124222222222222,0.329871555144548,0,0,0,0,1,1.00050505697922,4500,1,1
"z[144,2]",0.133555555555556,0.340211978135586,0,0,0,0,1,1.0012170791274,2777,1,1
"z[145,2]",1,0,1,1,1,1,1,NA,1,0,1
"z[146,2]",1,0,1,1,1,1,1,NA,1,0,1
"z[147,2]",1,0,1,1,1,1,1,NA,1,0,1
"z[148,2]",0.377777777777778,0.484885528702674,0,0,0,1,1,1.00032903923066,3211,1,1
"z[149,2]",0.597333333333333,0.490489229621105,0,0,1,1,1,0.999701181483109,4500,1,1
"z[150,2]",0.112222222222222,0.315674737072972,0,0,0,0,1,0.999713866600022,4500,1,1
"z[151,2]",0.662888888888889,0.472775718807963,0,0,1,1,1,0.999913541628357,4500,1,1
"z[152,2]",1,0,1,1,1,1,1,NA,1,0,1
"z[153,2]",1,0,1,1,1,1,1,NA,1,0,1
"z[154,2]",0.156222222222222,0.363106236035812,0,0,0,0,1,1.00302703914422,1128,1,1
"z[155,2]",1,0,1,1,1,1,1,NA,1,0,1
"z[156,2]",1,0,1,1,1,1,1,NA,1,0,1
"z[157,2]",1,0,1,1,1,1,1,NA,1,0,1
"z[158,2]",1,0,1,1,1,1,1,NA,1,0,1
"z[159,2]",1,0,1,1,1,1,1,NA,1,0,1
"z[160,2]",1,0,1,1,1,1,1,NA,1,0,1
"z[161,2]",0.048,0.213789983216616,0,0,0,0,1,1.00076528031966,4500,1,1
"z[162,2]",1,0,1,1,1,1,1,NA,1,0,1
"z[163,2]",0.170222222222222,0.375869674751524,0,0,0,0,1,1.00154106825461,1884,1,1
"z[164,2]",1,0,1,1,1,1,1,NA,1,0,1
"z[165,2]",1,0,1,1,1,1,1,NA,1,0,1
"z[166,2]",1,0,1,1,1,1,1,NA,1,0,1
"z[167,2]",0.323555555555556,0.46788460759682,0,0,0,1,1,0.99970424441601,4500,1,1
"z[168,2]",1,0,1,1,1,1,1,NA,1,0,1
"z[169,2]",0.460666666666667,0.498505880520963,0,0,0,1,1,1.00003517255623,4500,1,1
"z[170,2]",0.444,0.496909318548356,0,0,0,1,1,1.0004202734562,2693,1,1
"z[171,2]",0.689555555555556,0.462726995918727,0,0,1,1,1,1.00046197089678,2936,1,1
"z[172,2]",0.724888888888889,0.44661987659371,0,0,1,1,1,1.00104606542444,1827,1,1
"z[173,2]",0.735111111111111,0.441323063951825,0,0,1,1,1,0.999768739408206,4500,1,1
"z[174,2]",1,0,1,1,1,1,1,NA,1,0,1
"z[175,2]",1,0,1,1,1,1,1,NA,1,0,1
"z[176,2]",1,0,1,1,1,1,1,NA,1,0,1
"z[177,2]",1,0,1,1,1,1,1,NA,1,0,1
"z[178,2]",0.211555555555556,0.408456701904577,0,0,0,0,1,1.00018919591664,4500,1,1
"z[179,2]",0.393777777777778,0.488640869641331,0,0,0,1,1,1.00065257815888,2126,1,1
"z[180,2]",0.148222222222222,0.355359616987625,0,0,0,0,1,0.999691397955209,4500,1,1
"z[181,2]",0.167333333333333,0.373314691159151,0,0,0,0,1,0.999739134321582,4500,1,1
"z[182,2]",0.285333333333333,0.451623236177004,0,0,0,1,1,0.999668391872996,4500,1,1
"z[183,2]",0.176444444444444,0.381240214508231,0,0,0,0,1,1.00101401996521,2546,1,1
"z[184,2]",0.018,0.132965893646013,0,0,0,0,0,1.00132283449278,4500,1,1
"z[185,2]",0.0422222222222222,0.201118111385383,0,0,0,0,1,1.00085829214815,4500,1,1
"z[186,2]",0.373111111111111,0.483685020474982,0,0,0,1,1,1.00086163713353,1794,1,1
"z[187,2]",0.336,0.472391352256365,0,0,0,1,1,0.999898961993109,4500,1,1
"z[188,2]",0.326888888888889,0.469128394151121,0,0,0,1,1,1.00018981064657,4340,1,1
"z[189,2]",0.320888888888889,0.46687005379598,0,0,0,1,1,0.99980118131043,4500,1,1
"z[190,2]",0.259777777777778,0.438561313033389,0,0,0,1,1,0.999925434429454,4500,1,1
"z[191,2]",0.359111111111111,0.479793160509196,0,0,0,1,1,1.00076545851884,1982,1,1
"z[192,2]",0.370222222222222,0.482917749456484,0,0,0,1,1,1.00085900063341,1801,1,1
"z[193,2]",0.479555555555556,0.499637368189459,0,0,0,1,1,1.00079220356349,1785,1,1
"z[194,2]",0.324666666666667,0.468302207021895,0,0,0,1,1,1.00041731538741,3040,1,1
"z[195,2]",0.334444444444444,0.471848316480549,0,0,0,1,1,1.0008086617992,1967,1,1
"z[196,2]",0.343333333333333,0.474874370677346,0,0,0,1,1,1.00095869649067,1724,1,1
"z[197,2]",0.377777777777778,0.484885528702674,0,0,0,1,1,1.00158688313306,1115,1,1
"z[198,2]",0.423555555555556,0.494176603975863,0,0,0,1,1,1.00209828370258,848,1,1
"z[199,2]",0.325555555555556,0.468634121452001,0,0,0,1,1,0.999808410699695,4500,1,1
"z[200,2]",0.353333333333333,0.478058234406061,0,0,0,1,1,1.0007017190325,2122,1,1
"z[1,3]",0.724888888888889,0.44661987659371,0,0,1,1,1,0.999788388630966,4500,1,1
"z[2,3]",1,0,1,1,1,1,1,NA,1,0,1
"z[3,3]",1,0,1,1,1,1,1,NA,1,0,1
"z[4,3]",1,0,1,1,1,1,1,NA,1,0,1
"z[5,3]",0.774,0.418285644793295,0,1,1,1,1,0.999979331506155,4500,1,1
"z[6,3]",0.760444444444444,0.426859675171387,0,1,1,1,1,0.999937802446137,4500,1,1
"z[7,3]",0.575333333333333,0.494347241700356,0,0,1,1,1,0.999909990701082,4500,1,1
"z[8,3]",1,0,1,1,1,1,1,NA,1,0,1
"z[9,3]",1,0,1,1,1,1,1,NA,1,0,1
"z[10,3]",1,0,1,1,1,1,1,NA,1,0,1
"z[11,3]",1,0,1,1,1,1,1,NA,1,0,1
"z[12,3]",1,0,1,1,1,1,1,NA,1,0,1
"z[13,3]",0.121333333333333,0.326550535565759,0,0,0,0,1,0.999901132577659,4500,1,1
"z[14,3]",0.162,0.368491756631665,0,0,0,0,1,1.00447233832298,767,1,1
"z[15,3]",1,0,1,1,1,1,1,NA,1,0,1
"z[16,3]",1,0,1,1,1,1,1,NA,1,0,1
"z[17,3]",1,0,1,1,1,1,1,NA,1,0,1
"z[18,3]",0.708666666666667,0.454427235126697,0,0,1,1,1,1.00034008703135,3602,1,1
"z[19,3]",0.334666666666667,0.471926245268845,0,0,0,1,1,1.00050419819648,2690,1,1
"z[20,3]",0.172444444444444,0.377808255362111,0,0,0,0,1,1.0000026011064,4500,1,1
"z[21,3]",1,0,1,1,1,1,1,NA,1,0,1
"z[22,3]",1,0,1,1,1,1,1,NA,1,0,1
"z[23,3]",1,0,1,1,1,1,1,NA,1,0,1
"z[24,3]",1,0,1,1,1,1,1,NA,1,0,1
"z[25,3]",1,0,1,1,1,1,1,NA,1,0,1
"z[26,3]",1,0,1,1,1,1,1,NA,1,0,1
"z[27,3]",1,0,1,1,1,1,1,NA,1,0,1
"z[28,3]",1,0,1,1,1,1,1,NA,1,0,1
"z[29,3]",0.0751111111111111,0.263599835321828,0,0,0,0,1,1.00138942762949,4175,1,1
"z[30,3]",0.377111111111111,0.484716960933941,0,0,0,1,1,1.00266296294567,717,1,1
"z[31,3]",1,0,1,1,1,1,1,NA,1,0,1
"z[32,3]",1,0,1,1,1,1,1,NA,1,0,1
"z[33,3]",1,0,1,1,1,1,1,NA,1,0,1
"z[34,3]",1,0,1,1,1,1,1,NA,1,0,1
"z[35,3]",1,0,1,1,1,1,1,NA,1,0,1
"z[36,3]",1,0,1,1,1,1,1,NA,1,0,1
"z[37,3]",1,0,1,1,1,1,1,NA,1,0,1
"z[38,3]",1,0,1,1,1,1,1,NA,1,0,1
"z[39,3]",1,0,1,1,1,1,1,NA,1,0,1
"z[40,3]",1,0,1,1,1,1,1,NA,1,0,1
"z[41,3]",0.0664444444444444,0.249085061097509,0,0,0,0,1,1.00105668987755,4500,1,1
"z[42,3]",0.126666666666667,0.332636153179885,0,0,0,0,1,0.999981532799487,4500,1,1
"z[43,3]",0.0977777777777778,0.297046952768199,0,0,0,0,1,1.00044044008024,4500,1,1
"z[44,3]",1,0,1,1,1,1,1,NA,1,0,1
"z[45,3]",1,0,1,1,1,1,1,NA,1,0,1
"z[46,3]",0.0631111111111111,0.243189722775225,0,0,0,0,1,1.00356051692606,2166,1,1
"z[47,3]",0.465111111111111,0.498836709534676,0,0,0,1,1,0.999853726542868,4500,1,1
"z[48,3]",0.314666666666667,0.464434590416437,0,0,0,1,1,1.00007907304277,4500,1,1
"z[49,3]",0.143333333333333,0.350451396592507,0,0,0,0,1,0.999843417996008,4500,1,1
"z[50,3]",0.138,0.344938314111875,0,0,0,0,1,1.00072049957292,3996,1,1
"z[51,3]",0.357111111111111,0.479201205303532,0,0,0,1,1,1.0004783327145,2690,1,1
"z[52,3]",0.178222222222222,0.382742231038999,0,0,0,0,1,1.00017266589424,4500,1,1
"z[53,3]",0.215555555555556,0.411252893283533,0,0,0,0,1,0.999677831417073,4500,1,1
"z[54,3]",1,0,1,1,1,1,1,NA,1,0,1
"z[55,3]",0.000666666666666667,0.0258141493083176,0,0,0,0,0,1.13377982835195,4498,1,1
"z[56,3]",1,0,1,1,1,1,1,NA,1,0,1
"z[57,3]",0.137777777777778,0.344704897700523,0,0,0,0,1,1.00087650126589,3482,1,1
"z[58,3]",0.400444444444444,0.490042912671345,0,0,0,1,1,0.999846846655855,4500,1,1
"z[59,3]",0.323333333333333,0.467800726216587,0,0,0,1,1,1.00088701894939,1878,1,1
"z[60,3]",0.900222222222222,0.299736780791094,0,1,1,1,1,1.00135835244393,3290,1,1
"z[61,3]",0.209333333333333,0.406877964144234,0,0,0,0,1,0.999993748126347,4500,1,1
"z[62,3]",0.205333333333333,0.403989881012978,0,0,0,0,1,1.00127965316942,1903,1,1
"z[63,3]",0.296888888888889,0.456937933232189,0,0,0,1,1,1.00049285267307,2898,1,1
"z[64,3]",0.216444444444444,0.411866414442152,0,0,0,0,1,1.00010504268571,4500,1,1
"z[65,3]",0.228222222222222,0.419733236384864,0,0,0,0,1,0.999939161684427,4500,1,1
"z[66,3]",0.133111111111111,0.339732529641953,0,0,0,0,1,0.999701825932069,4500,1,1
"z[67,3]",0.232666666666667,0.422578479909467,0,0,0,0,1,1.00006605635536,4500,1,1
"z[68,3]",0.226666666666667,0.418721686366343,0,0,0,0,1,1.0005989580264,3058,1,1
"z[69,3]",0.510444444444444,0.499946454370276,0,0,1,1,1,0.999750033713401,4500,1,1
"z[70,3]",0.0451111111111111,0.207570887552932,0,0,0,0,1,1.00111482863274,4500,1,1
"z[71,3]",0.241777777777778,0.428207929712462,0,0,0,0,1,0.999856650605378,4500,1,1
"z[72,3]",0.841333333333333,0.36540556500869,0,1,1,1,1,1.00079798425838,3302,1,1
"z[73,3]",0.560888888888889,0.496333846368997,0,0,1,1,1,1.00025865455381,3434,1,1
"z[74,3]",0.770222222222222,0.42073660196956,0,1,1,1,1,1.00001219048173,4500,1,1
"z[75,3]",0.692222222222222,0.461625359343403,0,0,1,1,1,1.00210908157496,969,1,1
"z[76,3]",0.359777777777778,0.479988464376133,0,0,0,1,1,1.00010899497218,4500,1,1
"z[77,3]",0.129333333333333,0.335605797609632,0,0,0,0,1,0.999999614080883,4500,1,1
"z[78,3]",0.036,0.186310798705171,0,0,0,0,1,1.00009655142057,4500,1,1
"z[79,3]",1,0,1,1,1,1,1,NA,1,0,1
"z[80,3]",0.618888888888889,0.485713761684283,0,0,1,1,1,0.999746903253755,4500,1,1
"z[81,3]",0.00666666666666667,0.0813860808385347,0,0,0,0,0,1.00635557033169,4500,1,1
"z[82,3]",1,0,1,1,1,1,1,NA,1,0,1
"z[83,3]",0.006,0.0772355205065475,0,0,0,0,0,1.00789465731767,4500,1,1
"z[84,3]",1,0,1,1,1,1,1,NA,1,0,1
"z[85,3]",1,0,1,1,1,1,1,NA,1,0,1
"z[86,3]",0,0,0,0,0,0,0,NA,1,1,1
"z[87,3]",1,0,1,1,1,1,1,NA,1,0,1
"z[88,3]",0.0331111111111111,0.178946588136641,0,0,0,0,1,0.999835119980369,4500,1,1
"z[89,3]",0.0357777777777778,0.185756281888117,0,0,0,0,1,1.00569297573237,2393,1,1
"z[90,3]",0.679333333333333,0.466784720300032,0,0,1,1,1,0.999714977387743,4500,1,1
"z[91,3]",0.298888888888889,0.457821907476261,0,0,0,1,1,0.999946954228034,4500,1,1
"z[92,3]",0.188444444444444,0.391110123236015,0,0,0,0,1,1.00197845334271,1416,1,1
"z[93,3]",0.265777777777778,0.441795568888414,0,0,0,1,1,1.00102186100006,1898,1,1
"z[94,3]",0.415111111111111,0.492795944312129,0,0,0,1,1,1.00052750181762,2396,1,1
"z[95,3]",1,0,1,1,1,1,1,NA,1,0,1
"z[96,3]",1,0,1,1,1,1,1,NA,1,0,1
"z[97,3]",1,0,1,1,1,1,1,NA,1,0,1
"z[98,3]",1,0,1,1,1,1,1,NA,1,0,1
"z[99,3]",0.891555555555556,0.310975460571048,0,1,1,1,1,1.00043882498862,4500,1,1
"z[100,3]",1,0,1,1,1,1,1,NA,1,0,1
"z[101,3]",1,0,1,1,1,1,1,NA,1,0,1
"z[102,3]",0.0984444444444444,0.297947752307987,0,0,0,0,1,0.999801439200319,4500,1,1
"z[103,3]",0.247111111111111,0.431379835980449,0,0,0,0,1,0.999772185152281,4500,1,1
"z[104,3]",1,0,1,1,1,1,1,NA,1,0,1
"z[105,3]",0.694666666666667,0.460599645880547,0,0,1,1,1,0.999816388637704,4500,1,1
"z[106,3]",0.185555555555556,0.388790794756483,0,0,0,0,1,1.00018567685985,4500,1,1
"z[107,3]",0.0162222222222222,0.126343218950737,0,0,0,0,0,1.00092384269308,4500,1,1
"z[108,3]",0.0133333333333333,0.11471041653724,0,0,0,0,0,1.00518947195944,4500,1,1
"z[109,3]",1,0,1,1,1,1,1,NA,1,0,1
"z[110,3]",0.0948888888888889,0.293093973751269,0,0,0,0,1,1.00069542493679,4500,1,1
"z[111,3]",0.0222222222222222,0.147421927362282,0,0,0,0,0,0.999875618985821,4500,1,1
"z[112,3]",0.0368888888888889,0.188509935158217,0,0,0,0,1,1.00097359374415,4500,1,1
"z[113,3]",0.0275555555555556,0.163713783655141,0,0,0,0,1,1.00955665659959,1859,1,1
"z[114,3]",1,0,1,1,1,1,1,NA,1,0,1
"z[115,3]",1,0,1,1,1,1,1,NA,1,0,1
"z[116,3]",1,0,1,1,1,1,1,NA,1,0,1
"z[117,3]",1,0,1,1,1,1,1,NA,1,0,1
"z[118,3]",0.267555555555556,0.442733710849067,0,0,0,1,1,1.00047982490073,3148,1,1
"z[119,3]",0.300444444444444,0.458502232009075,0,0,0,1,1,1.00237165500905,885,1,1
"z[120,3]",1,0,1,1,1,1,1,NA,1,0,1
"z[121,3]",1,0,1,1,1,1,1,NA,1,0,1
"z[122,3]",0.00644444444444444,0.0800271001985887,0,0,0,0,0,1.00385467038575,4500,1,1
"z[123,3]",0.032,0.176019558815419,0,0,0,0,1,1.00036058634737,4500,1,1
"z[124,3]",0.0457777777777778,0.209026032222424,0,0,0,0,1,1.00045485224871,4500,1,1
"z[125,3]",1,0,1,1,1,1,1,NA,1,0,1
"z[126,3]",1,0,1,1,1,1,1,NA,1,0,1
"z[127,3]",0.230222222222222,0.421021782788112,0,0,0,0,1,0.999752261418544,4500,1,1
"z[128,3]",0.273555555555556,0.445833022603045,0,0,0,1,1,1.00026895867408,4188,1,1
"z[129,3]",0.222222222222222,0.41578591064293,0,0,0,0,1,0.999768990712085,4500,1,1
"z[130,3]",0.175555555555556,0.38048386710849,0,0,0,0,1,1.00021822764819,4500,1,1
"z[131,3]",0.302444444444444,0.459367712745011,0,0,0,1,1,0.999683797997054,4500,1,1
"z[132,3]",0.849555555555556,0.357546251999011,0,1,1,1,1,1.00021678218733,4500,1,1
"z[133,3]",0.855555555555556,0.351578889148306,0,1,1,1,1,1.00044545532649,4500,1,1
"z[134,3]",0.0528888888888889,0.223836521313966,0,0,0,0,1,1.0009719827508,4500,1,1
"z[135,3]",0.0742222222222222,0.262161318587002,0,0,0,0,1,1.00628342396661,1099,1,1
"z[136,3]",0.142666666666667,0.349771461918135,0,0,0,0,1,1.00104930021543,2960,1,1
"z[137,3]",0.128444444444444,0.334621206229362,0,0,0,0,1,1.00041388450604,4500,1,1
"z[138,3]",1,0,1,1,1,1,1,NA,1,0,1
"z[139,3]",1,0,1,1,1,1,1,NA,1,0,1
"z[140,3]",1,0,1,1,1,1,1,NA,1,0,1
"z[141,3]",0.0104444444444444,0.10167426066326,0,0,0,0,0,1.00402899987297,4500,1,1
"z[142,3]",0.253333333333333,0.434968503993735,0,0,0,1,1,0.999724595624423,4500,1,1
"z[143,3]",0.138,0.344938314111875,0,0,0,0,1,0.999995864155055,4500,1,1
"z[144,3]",0.156666666666667,0.363526600460068,0,0,0,0,1,1.0008215120412,3268,1,1
"z[145,3]",1,0,1,1,1,1,1,NA,1,0,1
"z[146,3]",0.00755555555555556,0.0866033246050876,0,0,0,0,0,1.00141763894444,4500,1,1
"z[147,3]",1,0,1,1,1,1,1,NA,1,0,1
"z[148,3]",1,0,1,1,1,1,1,NA,1,0,1
"z[149,3]",0.164666666666667,0.370920651032105,0,0,0,0,1,1.00111852006533,2497,1,1
"z[150,3]",0.0808888888888889,0.272694703874728,0,0,0,0,1,1.00000579171162,4500,1,1
"z[151,3]",0.322888888888889,0.467632601442718,0,0,0,1,1,1.00273108750407,748,1,1
"z[152,3]",0.339111111111111,0.473460219852906,0,0,0,1,1,0.999973550691357,4500,1,1
"z[153,3]",1,0,1,1,1,1,1,NA,1,0,1
"z[154,3]",0.054,0.226042815685939,0,0,0,0,1,1.00189970342435,4366,1,1
"z[155,3]",0.111555555555556,0.314853844066041,0,0,0,0,1,0.999684203423774,4500,1,1
"z[156,3]",1,0,1,1,1,1,1,NA,1,0,1
"z[157,3]",1,0,1,1,1,1,1,NA,1,0,1
"z[158,3]",1,0,1,1,1,1,1,NA,1,0,1
"z[159,3]",1,0,1,1,1,1,1,NA,1,0,1
"z[160,3]",1,0,1,1,1,1,1,NA,1,0,1
"z[161,3]",0.0666666666666667,0.249471546385758,0,0,0,0,1,1.00189637688392,3591,1,1
"z[162,3]",1,0,1,1,1,1,1,NA,1,0,1
"z[163,3]",0.518,0.499731423754776,0,0,1,1,1,0.999953081133437,4500,1,1
"z[164,3]",1,0,1,1,1,1,1,NA,1,0,1
"z[165,3]",0.228222222222222,0.419733236384864,0,0,0,0,1,1.00019207396775,4500,1,1
"z[166,3]",1,0,1,1,1,1,1,NA,1,0,1
"z[167,3]",1,0,1,1,1,1,1,NA,1,0,1
"z[168,3]",0.849777777777778,0.357328812676052,0,1,1,1,1,1.00056037649797,4390,1,1
"z[169,3]",1,0,1,1,1,1,1,NA,1,0,1
"z[170,3]",0.751777777777778,0.432029429863302,0,1,1,1,1,1.00156849449861,1409,1,1
"z[171,3]",0.828888888888889,0.37664787801767,0,1,1,1,1,1.00103419983416,2572,1,1
"z[172,3]",0.786888888888889,0.409551021508422,0,1,1,1,1,0.999817440339159,4500,1,1
"z[173,3]",0.851555555555556,0.355579510689408,0,1,1,1,1,1.00093112227796,3134,1,1
"z[174,3]",1,0,1,1,1,1,1,NA,1,0,1
"z[175,3]",1,0,1,1,1,1,1,NA,1,0,1
"z[176,3]",1,0,1,1,1,1,1,NA,1,0,1
"z[177,3]",1,0,1,1,1,1,1,NA,1,0,1
"z[178,3]",0.248222222222222,0.432029429863302,0,0,0,0,1,0.999677955826514,4500,1,1
"z[179,3]",0.362666666666667,0.480823180928364,0,0,0,1,1,1.00080193426908,1906,1,1
"z[180,3]",0.128222222222222,0.334374236084705,0,0,0,0,1,1.00017314865575,4500,1,1
"z[181,3]",0.158222222222222,0.364989800567479,0,0,0,0,1,0.999955725225943,4500,1,1
"z[182,3]",0.337555555555556,0.472928646865263,0,0,0,1,1,1.00011522062772,4500,1,1
"z[183,3]",0.166,0.372121985606325,0,0,0,0,1,1.00158015781741,1885,1,1
"z[184,3]",0.000444444444444444,0.0210795079890303,0,0,0,0,0,1.10528646876281,4500,1,1
"z[185,3]",0.0702222222222222,0.255549553077657,0,0,0,0,1,1.00314836808914,2190,1,1
"z[186,3]",0.423333333333333,0.49414216948469,0,0,0,1,1,1.00001343382564,4500,1,1
"z[187,3]",0.338,0.473081107853284,0,0,0,1,1,1.00007929091488,4500,1,1
"z[188,3]",0.347777777777778,0.476317974231116,0,0,0,1,1,0.999713164072201,4500,1,1
"z[189,3]",0.327555555555556,0.469373914671421,0,0,0,1,1,0.999994095006635,4500,1,1
"z[190,3]",0.268,0.442966820830323,0,0,0,1,1,1.00001462442353,4500,1,1
"z[191,3]",0.362444444444444,0.480759639862312,0,0,0,1,1,1.00010615431194,4500,1,1
"z[192,3]",0.415111111111111,0.492795944312129,0,0,0,1,1,1.00101669110017,1532,1,1
"z[193,3]",0.393555555555556,0.488592498632741,0,0,0,1,1,0.999979466110461,4500,1,1
"z[194,3]",0.323111111111111,0.467716724186892,0,0,0,1,1,1.00067849787248,2264,1,1
"z[195,3]",0.338444444444444,0.473233102223453,0,0,0,1,1,1.00157218433157,1178,1,1
"z[196,3]",0.332888888888889,0.471299519692734,0,0,0,1,1,1.00009326857665,4500,1,1
"z[197,3]",0.418666666666667,0.493395365241133,0,0,0,1,1,1.00069145944846,2007,1,1
"z[198,3]",0.376,0.48443384507651,0,0,0,1,1,1.00011984903407,4500,1,1
"z[199,3]",0.316,0.464964560666886,0,0,0,1,1,1.00070038145481,2242,1,1
"z[200,3]",0.379333333333333,0.485275063325965,0,0,0,1,1,1.00131881756061,1292,1,1
"z[1,4]",1,0,1,1,1,1,1,NA,1,0,1
"z[2,4]",1,0,1,1,1,1,1,NA,1,0,1
"z[3,4]",1,0,1,1,1,1,1,NA,1,0,1
"z[4,4]",1,0,1,1,1,1,1,NA,1,0,1
"z[5,4]",0.856666666666667,0.350451396592507,0,1,1,1,1,1.00093579426046,3201,1,1
"z[6,4]",0.854222222222222,0.352922507098086,0,1,1,1,1,1.00081133418991,3498,1,1
"z[7,4]",0.0655555555555556,0.247531090191705,0,0,0,0,1,1.00040336529699,4500,1,1
"z[8,4]",1,0,1,1,1,1,1,NA,1,0,1
"z[9,4]",0.190888888888889,0.393045354774839,0,0,0,0,1,1.0015919223622,1690,1,1
"z[10,4]",0.388888888888889,0.487552196998034,0,0,0,1,1,0.999994867727598,4500,1,1
"z[11,4]",0.149555555555556,0.356674868464234,0,0,0,0,1,0.99980548184866,4500,1,1
"z[12,4]",0.375333333333333,0.484262672142031,0,0,0,1,1,0.999921454903687,4500,1,1
"z[13,4]",1,0,1,1,1,1,1,NA,1,0,1
"z[14,4]",0.193777777777778,0.395300740773805,0,0,0,0,1,0.999916298796108,4500,1,1
"z[15,4]",0.481333333333333,0.499706960137864,0,0,0,1,1,0.999774757525507,4500,1,1
"z[16,4]",0.853333333333333,0.353812625669477,0,1,1,1,1,0.999893808051119,4500,1,1
"z[17,4]",1,0,1,1,1,1,1,NA,1,0,1
"z[18,4]",0.652444444444444,0.476246883268876,0,0,1,1,1,0.999806710588565,4500,1,1
"z[19,4]",0.699111111111111,0.458695455968038,0,0,1,1,1,0.999794449437883,4500,1,1
"z[20,4]",0.21,0.407353501103256,0,0,0,0,1,1.00019511296214,4500,1,1
"z[21,4]",0.759111111111111,0.42767052389049,0,1,1,1,1,0.999881929651918,4500,1,1
"z[22,4]",1,0,1,1,1,1,1,NA,1,0,1
"z[23,4]",1,0,1,1,1,1,1,NA,1,0,1
"z[24,4]",1,0,1,1,1,1,1,NA,1,0,1
"z[25,4]",0.499111111111111,0.500054774604643,0,0,0,1,1,1.0004515721905,2553,1,1
"z[26,4]",1,0,1,1,1,1,1,NA,1,0,1
"z[27,4]",0.236222222222222,0.424807469897772,0,0,0,0,1,1.00154940210177,1478,1,1
"z[28,4]",0.427333333333333,0.494746348916912,0,0,0,1,1,1.00016510201698,4100,1,1
"z[29,4]",0.0402222222222222,0.196501846614733,0,0,0,0,1,1.00047709745064,4500,1,1
"z[30,4]",0.126222222222222,0.332136549049397,0,0,0,0,1,1.00131598048985,2755,1,1
"z[31,4]",1,0,1,1,1,1,1,NA,1,0,1
"z[32,4]",1,0,1,1,1,1,1,NA,1,0,1
"z[33,4]",1,0,1,1,1,1,1,NA,1,0,1
"z[34,4]",0.262,0.439771506069421,0,0,0,1,1,1.00045946299087,3272,1,1
"z[35,4]",0.610666666666667,0.487653293444934,0,0,1,1,1,1.00183245649782,975,1,1
"z[36,4]",1,0,1,1,1,1,1,NA,1,0,1
"z[37,4]",0.265777777777778,0.441795568888414,0,0,0,1,1,1.00137351525466,1508,1,1
"z[38,4]",0.481555555555556,0.499715213653596,0,0,0,1,1,1.00026908652228,3329,1,1
"z[39,4]",1,0,1,1,1,1,1,NA,1,0,1
"z[40,4]",1,0,1,1,1,1,1,NA,1,0,1
"z[41,4]",0.0626666666666667,0.24238938031912,0,0,0,0,1,1.00481709244952,1646,1,1
"z[42,4]",1,0,1,1,1,1,1,NA,1,0,1
"z[43,4]",1,0,1,1,1,1,1,NA,1,0,1
"z[44,4]",0.374,0.483917388734693,0,0,0,1,1,1.00068895445597,2091,1,1
"z[45,4]",1,0,1,1,1,1,1,NA,1,0,1
"z[46,4]",1,0,1,1,1,1,1,NA,1,0,1
"z[47,4]",0.340888888888889,0.474060750452833,0,0,0,1,1,1.00082567252461,1920,1,1
"z[48,4]",0.291333333333333,0.454427235126697,0,0,0,1,1,1.00007814016375,4500,1,1
"z[49,4]",0.157111111111111,0.363945936488476,0,0,0,0,1,0.999718680573686,4500,1,1
"z[50,4]",0.0773333333333333,0.267149300225178,0,0,0,0,1,1.00297782772984,2113,1,1
"z[51,4]",0.450444444444444,0.497593477623403,0,0,0,1,1,1.00030833578679,3152,1,1
"z[52,4]",0.153555555555556,0.360562251135657,0,0,0,0,1,1.00052693758094,4470,1,1
"z[53,4]",0.19,0.392344501174273,0,0,0,0,1,0.999819659165303,4500,1,1
"z[54,4]",0.0206666666666667,0.142281601882585,0,0,0,0,0,1.00254783995548,4500,1,1
"z[55,4]",0.00622222222222222,0.0786440117920529,0,0,0,0,0,1.02276129649656,3385,1,1
"z[56,4]",1,0,1,1,1,1,1,NA,1,0,1
"z[57,4]",0.301333333333333,0.458888168015487,0,0,0,1,1,0.999678308538404,4500,1,1
"z[58,4]",0.445333333333333,0.497057802688137,0,0,0,1,1,1.00007487454239,4500,1,1
"z[59,4]",0.107111111111111,0.309288827266365,0,0,0,0,1,1.00250449541249,1833,1,1
"z[60,4]",1,0,1,1,1,1,1,NA,1,0,1
"z[61,4]",0.00555555555555556,0.0743365276300976,0,0,0,0,0,1.0004744725668,4500,1,1
"z[62,4]",0.0106666666666667,0.102738670891514,0,0,0,0,0,1.01206696520755,3750,1,1
"z[63,4]",0.0108888888888889,0.103791690054186,0,0,0,0,0,0.99987936395885,4500,1,1
"z[64,4]",0.00955555555555555,0.0972951722699289,0,0,0,0,0,1.01685373339425,2996,1,1
"z[65,4]",0.0113333333333333,0.105864911172911,0,0,0,0,0,1.00201801782323,4500,1,1
"z[66,4]",0.006,0.0772355205065475,0,0,0,0,0,NA,4500,1,1
"z[67,4]",0.0135555555555556,0.115649360747383,0,0,0,0,0,1.0277260478412,1284,1,1
"z[68,4]",0.0235555555555556,0.151676642100424,0,0,0,0,0,1.00097027084657,4500,1,1
"z[69,4]",1,0,1,1,1,1,1,NA,1,0,1
"z[70,4]",0.0497777777777778,0.217509687264132,0,0,0,0,1,1.00037292435852,4500,1,1
"z[71,4]",0.304666666666667,0.460317255808063,0,0,0,1,1,0.999747522618688,4500,1,1
"z[72,4]",1,0,1,1,1,1,1,NA,1,0,1
"z[73,4]",0.0848888888888889,0.278747254884959,0,0,0,0,1,1.00023557626843,4500,1,1
"z[74,4]",0.326222222222222,0.468881796977854,0,0,0,1,1,0.999946225773937,4500,1,1
"z[75,4]",0.631333333333333,0.482496932238865,0,0,1,1,1,0.99973767651019,4500,1,1
"z[76,4]",0.398666666666667,0.489678303660469,0,0,0,1,1,0.999899819874523,4500,1,1
"z[77,4]",0.110444444444444,0.313477760833612,0,0,0,0,1,1.00215293477936,2046,1,1
"z[78,4]",1,0,1,1,1,1,1,NA,1,0,1
"z[79,4]",1,0,1,1,1,1,1,NA,1,0,1
"z[80,4]",0.512444444444444,0.499900659415981,0,0,1,1,1,1.00050614397411,2389,1,1
"z[81,4]",0.0104444444444444,0.10167426066326,0,0,0,0,0,1.04166122078005,1085,1,1
"z[82,4]",1,0,1,1,1,1,1,NA,1,0,1
"z[83,4]",0.0277777777777778,0.164353812079863,0,0,0,0,1,1.00333996863345,4500,1,1
"z[84,4]",0.964,0.186310798705171,0,1,1,1,1,1.00021960388712,4500,1,1
"z[85,4]",0.978888888888889,0.143770739157005,1,1,1,1,1,1.00489668913574,4500,0,1
"z[86,4]",0.000888888888888889,0.0298042977535084,0,0,0,0,0,1.16587551740291,2570,1,1
"z[87,4]",0.271555555555556,0.444811312859524,0,0,0,1,1,0.999712687261535,4500,1,1
"z[88,4]",0.152666666666667,0.359705863884651,0,0,0,0,1,1.00063329066199,3988,1,1
"z[89,4]",0.0668888888888889,0.24985723616271,0,0,0,0,1,1.00123064215953,4500,1,1
"z[90,4]",0.569777777777778,0.495162142540801,0,0,1,1,1,0.999814903786363,4500,1,1
"z[91,4]",0.0128888888888889,0.11280777163711,0,0,0,0,0,1.00209956135563,4500,1,1
"z[92,4]",0.0137777777777778,0.116580319235386,0,0,0,0,0,1.00378435748104,4500,1,1
"z[93,4]",0.00755555555555556,0.0866033246050876,0,0,0,0,0,1.00662430949529,4500,1,1
"z[94,4]",0.018,0.132965893646013,0,0,0,0,0,1.00132283449278,4500,1,1
"z[95,4]",1,0,1,1,1,1,1,NA,1,0,1
"z[96,4]",1,0,1,1,1,1,1,NA,1,0,1
"z[97,4]",1,0,1,1,1,1,1,NA,1,0,1
"z[98,4]",1,0,1,1,1,1,1,NA,1,0,1
"z[99,4]",1,0,1,1,1,1,1,NA,1,0,1
"z[100,4]",0.528,0.49927086200081,0,0,1,1,1,1.00006149931781,4500,1,1
"z[101,4]",0.678,0.467294902015954,0,0,1,1,1,0.999668164736097,4500,1,1
"z[102,4]",0.107333333333333,0.309570969851063,0,0,0,0,1,1.00145915558998,2901,1,1
"z[103,4]",0.230222222222222,0.421021782788112,0,0,0,0,1,1.00117813189104,1866,1,1
"z[104,4]",0.81,0.392344501174273,0,1,1,1,1,1.00071107119673,3121,1,1
"z[105,4]",0.618888888888889,0.485713761684283,0,0,1,1,1,0.999888223698159,4500,1,1
"z[106,4]",0.156888888888889,0.36373639680125,0,0,0,0,1,1.00005710570209,4500,1,1
"z[107,4]",0.00555555555555556,0.0743365276300976,0,0,0,0,0,1.04573243291194,1835,1,1
"z[108,4]",0.00533333333333333,0.0728427622699364,0,0,0,0,0,1.01003312809783,4500,1,1
"z[109,4]",0.0208888888888889,0.143028281223349,0,0,0,0,0,1.00499953639798,4500,1,1
"z[110,4]",0.0677777777777778,0.251392113273443,0,0,0,0,1,1.00028376631626,4500,1,1
"z[111,4]",0.0353333333333333,0.184641449821595,0,0,0,0,1,1.00894385882126,1566,1,1
"z[112,4]",0.0646666666666667,0.245964088766797,0,0,0,0,1,1.00081846958374,4500,1,1
"z[113,4]",0.0384444444444444,0.192288028053314,0,0,0,0,1,1.00000959732526,4500,1,1
"z[114,4]",0.342,0.474432312469713,0,0,0,1,1,1.00024677450741,3827,1,1
"z[115,4]",0.476222222222222,0.499489799214558,0,0,0,1,1,1.00014828360887,4165,1,1
"z[116,4]",1,0,1,1,1,1,1,NA,1,0,1
"z[117,4]",0.513111111111111,0.499883614915158,0,0,1,1,1,0.999875898139741,4500,1,1
"z[118,4]",1,0,1,1,1,1,1,NA,1,0,1
"z[119,4]",1,0,1,1,1,1,1,NA,1,0,1
"z[120,4]",1,0,1,1,1,1,1,NA,1,0,1
"z[121,4]",1,0,1,1,1,1,1,NA,1,0,1
"z[122,4]",0.0113333333333333,0.105864911172911,0,0,0,0,0,1.01068821787434,3982,1,1
"z[123,4]",0.0564444444444444,0.230803611284136,0,0,0,0,1,1.00218083944733,3733,1,1
"z[124,4]",0.0555555555555556,0.229086879157383,0,0,0,0,1,1.00074873724817,4500,1,1
"z[125,4]",0.968666666666667,0.174236339048014,0,1,1,1,1,1.00118950654613,4500,1,1
"z[126,4]",0.759111111111111,0.42767052389049,0,1,1,1,1,0.999844330035728,4500,1,1
"z[127,4]",0.0495555555555556,0.217049006950826,0,0,0,0,1,1.00397192545579,2459,1,1
"z[128,4]",0.086,0.28039520580441,0,0,0,0,1,1.00133315195953,3818,1,1
"z[129,4]",0.046,0.209508363001558,0,0,0,0,1,1.00001254023234,4500,1,1
"z[130,4]",0.0311111111111111,0.173637293967947,0,0,0,0,1,1.01187195878258,1337,1,1
"z[131,4]",0.144222222222222,0.351353961248913,0,0,0,0,1,1.00022130085226,4500,1,1
"z[132,4]",0.905111111111111,0.293093973751269,0,1,1,1,1,1.00009155960456,4500,1,1
"z[133,4]",0.914222222222222,0.280066744092239,0,1,1,1,1,1.00155124547361,3387,1,1
"z[134,4]",1,0,1,1,1,1,1,NA,1,0,1
"z[135,4]",1,0,1,1,1,1,1,NA,1,0,1
"z[136,4]",0.0364444444444444,0.187414119688263,0,0,0,0,1,1.0002269157265,4500,1,1
"z[137,4]",1,0,1,1,1,1,1,NA,1,0,1
"z[138,4]",1,0,1,1,1,1,1,NA,1,0,1
"z[139,4]",1,0,1,1,1,1,1,NA,1,0,1
"z[140,4]",1,0,1,1,1,1,1,NA,1,0,1
"z[141,4]",1,0,1,1,1,1,1,NA,1,0,1
"z[142,4]",0.225777777777778,0.418139960301486,0,0,0,0,1,1.00103259433713,2099,1,1
"z[143,4]",0.124444444444444,0.330124587038853,0,0,0,0,1,1.00042170494362,4500,1,1
"z[144,4]",0.141111111111111,0.348174818844698,0,0,0,0,1,1.00050638678985,4500,1,1
"z[145,4]",1,0,1,1,1,1,1,NA,1,0,1
"z[146,4]",1,0,1,1,1,1,1,NA,1,0,1
"z[147,4]",1,0,1,1,1,1,1,NA,1,0,1
"z[148,4]",1,0,1,1,1,1,1,NA,1,0,1
"z[149,4]",0.0704444444444444,0.255922995228642,0,0,0,0,1,1.00063704164329,4500,1,1
"z[150,4]",0.0862222222222222,0.280723107246949,0,0,0,0,1,1.00033841898921,4500,1,1
"z[151,4]",1,0,1,1,1,1,1,NA,1,0,1
"z[152,4]",0.264888888888889,0.441323063951825,0,0,0,1,1,1.00035447735495,3731,1,1
"z[153,4]",1,0,1,1,1,1,1,NA,1,0,1
"z[154,4]",0.140666666666667,0.347716010056626,0,0,0,0,1,1.00082944476509,3564,1,1
"z[155,4]",1,0,1,1,1,1,1,NA,1,0,1
"z[156,4]",1,0,1,1,1,1,1,NA,1,0,1
"z[157,4]",1,0,1,1,1,1,1,NA,1,0,1
"z[158,4]",1,0,1,1,1,1,1,NA,1,0,1
"z[159,4]",1,0,1,1,1,1,1,NA,1,0,1
"z[160,4]",1,0,1,1,1,1,1,NA,1,0,1
"z[161,4]",0.486666666666667,0.499877735662679,0,0,0,1,1,1.00007395879957,4500,1,1
"z[162,4]",1,0,1,1,1,1,1,NA,1,0,1
"z[163,4]",0.484,0.499799470790481,0,0,0,1,1,0.999869740500543,4500,1,1
"z[164,4]",0.803111111111111,0.397691841406318,0,1,1,1,1,0.99987519914318,4500,1,1
"z[165,4]",0.154,0.360988861926802,0,0,0,0,1,0.999959157067061,4500,1,1
"z[166,4]",1,0,1,1,1,1,1,NA,1,0,1
"z[167,4]",1,0,1,1,1,1,1,NA,1,0,1
"z[168,4]",1,0,1,1,1,1,1,NA,1,0,1
"z[169,4]",1,0,1,1,1,1,1,NA,1,0,1
"z[170,4]",1,0,1,1,1,1,1,NA,1,0,1
"z[171,4]",1,0,1,1,1,1,1,NA,1,0,1
"z[172,4]",1,0,1,1,1,1,1,NA,1,0,1
"z[173,4]",1,0,1,1,1,1,1,NA,1,0,1
"z[174,4]",1,0,1,1,1,1,1,NA,1,0,1
"z[175,4]",1,0,1,1,1,1,1,NA,1,0,1
"z[176,4]",0.964,0.186310798705171,0,1,1,1,1,1.00120091171788,4500,1,1
"z[177,4]",1,0,1,1,1,1,1,NA,1,0,1
"z[178,4]",0.217777777777778,0.41278139661439,0,0,0,0,1,0.999815566042316,4500,1,1
"z[179,4]",0.346666666666667,0.475961375470961,0,0,0,1,1,0.999711355425493,4500,1,1
"z[180,4]",0.00888888888888889,0.093871373318521,0,0,0,0,0,1.0075225008699,4500,1,1
"z[181,4]",0.002,0.0446815807032984,0,0,0,0,0,1.01775579934475,4500,1,1
"z[182,4]",0.00622222222222222,0.0786440117920529,0,0,0,0,0,1.00415701458324,4500,1,1
"z[183,4]",0.004,0.0631259497363628,0,0,0,0,0,1.03923481585255,2989,1,1
"z[184,4]",0.00955555555555555,0.0972951722699289,0,0,0,0,0,1.00159070712122,4500,1,1
"z[185,4]",0.0188888888888889,0.136147779728393,0,0,0,0,0,0.999738484950064,4500,1,1
"z[186,4]",0.435111111111111,0.495826647239751,0,0,0,1,1,0.999755267912392,4500,1,1
"z[187,4]",0.346444444444444,0.475889712276878,0,0,0,1,1,0.999672871020453,4500,1,1
"z[188,4]",0.336222222222222,0.472468459669981,0,0,0,1,1,1.00022276115004,4025,1,1
"z[189,4]",0.302444444444444,0.459367712745011,0,0,0,1,1,1.00030246121383,3726,1,1
"z[190,4]",0.250444444444444,0.433317147097976,0,0,0,1,1,0.999911432850282,4500,1,1
"z[191,4]",0.356,0.478868414994924,0,0,0,1,1,1.0007712813025,1975,1,1
"z[192,4]",0.416222222222222,0.492986096957346,0,0,0,1,1,1.00056745908677,2291,1,1
"z[193,4]",1,0,1,1,1,1,1,NA,1,0,1
"z[194,4]",0.332222222222222,0.471062552512027,0,0,0,1,1,1.00004597980727,4500,1,1
"z[195,4]",0.336888888888889,0.472699079486726,0,0,0,1,1,1.00081292457107,1958,1,1
"z[196,4]",0.332888888888889,0.471299519692734,0,0,0,1,1,1.00007583365273,4500,1,1
"z[197,4]",0.387777777777778,0.487297590280489,0,0,0,1,1,1.00039835939741,2881,1,1
"z[198,4]",0.469333333333333,0.499114129659167,0,0,0,1,1,1.00042863409245,2640,1,1
"z[199,4]",0.306222222222222,0.460974396775704,0,0,0,1,1,0.99967371941002,4500,1,1
"z[200,4]",0.346444444444444,0.475889712276878,0,0,0,1,1,1.00130115053428,1358,1,1
"z[1,5]",1,0,1,1,1,1,1,NA,1,0,1
"z[2,5]",1,0,1,1,1,1,1,NA,1,0,1
"z[3,5]",1,0,1,1,1,1,1,NA,1,0,1
"z[4,5]",1,0,1,1,1,1,1,NA,1,0,1
"z[5,5]",1,0,1,1,1,1,1,NA,1,0,1
"z[6,5]",1,0,1,1,1,1,1,NA,1,0,1
"z[7,5]",0.609555555555556,0.487904171281266,0,0,1,1,1,0.999758532576153,4500,1,1
"z[8,5]",0.825777777777778,0.379342612245988,0,1,1,1,1,1.0008163682164,3033,1,1
"z[9,5]",0.647333333333333,0.47785314890477,0,0,1,1,1,0.999770370058556,4500,1,1
"z[10,5]",0.734888888888889,0.44144140543826,0,0,1,1,1,0.999835195401483,4500,1,1
"z[11,5]",0.0553333333333333,0.228655142165391,0,0,0,0,1,1.00194049584347,4201,1,1
"z[12,5]",1,0,1,1,1,1,1,NA,1,0,1
"z[13,5]",0.0668888888888889,0.24985723616271,0,0,0,0,1,1.00009061562401,4500,1,1
"z[14,5]",0.0397777777777778,0.195458425118277,0,0,0,0,1,1.00659836202397,1878,1,1
"z[15,5]",1,0,1,1,1,1,1,NA,1,0,1
"z[16,5]",0.862888888888889,0.344002836679547,0,1,1,1,1,1.00070540967566,4069,1,1
"z[17,5]",0.863111111111111,0.343768210354624,0,1,1,1,1,0.999848903181855,4500,1,1
"z[18,5]",0.75,0.433060822434891,0,0.75,1,1,1,1.00078579963443,2380,1,1
"z[19,5]",1,0,1,1,1,1,1,NA,1,0,1
"z[20,5]",0.616,0.486411941688436,0,0,1,1,1,0.999751324269214,4500,1,1
"z[21,5]",0.831777777777778,0.374105075074719,0,1,1,1,1,0.999796581101064,4500,1,1
"z[22,5]",0.902222222222222,0.297046952768199,0,1,1,1,1,1.00020236972652,4500,1,1
"z[23,5]",1,0,1,1,1,1,1,NA,1,0,1
"z[24,5]",1,0,1,1,1,1,1,NA,1,0,1
"z[25,5]",0.702666666666667,0.457135276030239,0,0,1,1,1,0.999678489041989,4500,1,1
"z[26,5]",0.884888888888889,0.319191453390303,0,1,1,1,1,1.00121308909609,3165,1,1
"z[27,5]",0.656666666666667,0.474874370677346,0,0,1,1,1,0.999789057236611,4500,1,1
"z[28,5]",0.291777777777778,0.454631100078816,0,0,0,1,1,0.999878735787343,4500,1,1
"z[29,5]",0.105777777777778,0.307587164752331,0,0,0,0,1,0.999801672946177,4500,1,1
"z[30,5]",1,0,1,1,1,1,1,NA,1,0,1
"z[31,5]",1,0,1,1,1,1,1,NA,1,0,1
"z[32,5]",1,0,1,1,1,1,1,NA,1,0,1
"z[33,5]",1,0,1,1,1,1,1,NA,1,0,1
"z[34,5]",0.262444444444444,0.440011798198807,0,0,0,1,1,1.00094374371516,2023,1,1
"z[35,5]",1,0,1,1,1,1,1,NA,1,0,1
"z[36,5]",1,0,1,1,1,1,1,NA,1,0,1
"z[37,5]",0.426888888888889,0.494680851905704,0,0,0,1,1,1.00015529478756,4189,1,1
"z[38,5]",1,0,1,1,1,1,1,NA,1,0,1
"z[39,5]",1,0,1,1,1,1,1,NA,1,0,1
"z[40,5]",1,0,1,1,1,1,1,NA,1,0,1
"z[41,5]",0.245333333333333,0.430332477675716,0,0,0,0,1,1.00013648777213,4500,1,1
"z[42,5]",0.556222222222222,0.49688421895399,0,0,1,1,1,1.00007556687758,4500,1,1
"z[43,5]",1,0,1,1,1,1,1,NA,1,0,1
"z[44,5]",1,0,1,1,1,1,1,NA,1,0,1
"z[45,5]",1,0,1,1,1,1,1,NA,1,0,1
"z[46,5]",1,0,1,1,1,1,1,NA,1,0,1
"z[47,5]",0.448888888888889,0.49743606782648,0,0,0,1,1,1.00013841087519,4290,1,1
"z[48,5]",0.353777777777778,0.478194392749094,0,0,0,1,1,1.00055410766286,2469,1,1
"z[49,5]",0.193111111111111,0.394783287468091,0,0,0,0,1,0.999777457838217,4500,1,1
"z[50,5]",0.0186666666666667,0.1353598679191,0,0,0,0,0,1.01032534396885,2524,1,1
"z[51,5]",1,0,1,1,1,1,1,NA,1,0,1
"z[52,5]",0.17,0.375674543355024,0,0,0,0,1,1.0005168210699,4160,1,1
"z[53,5]",0.218444444444444,0.413236514340125,0,0,0,0,1,1.00226252694166,1126,1,1
"z[54,5]",0.426888888888889,0.494680851905704,0,0,0,1,1,0.999761084401469,4500,1,1
"z[55,5]",0.210666666666667,0.407827393549698,0,0,0,0,1,1.00002299902744,4500,1,1
"z[56,5]",0.0164444444444444,0.127191272176836,0,0,0,0,0,1.0042629806271,4500,1,1
"z[57,5]",0.259333333333333,0.438317521197537,0,0,0,1,1,1.00011368127242,4500,1,1
"z[58,5]",0.660222222222222,0.473686290111743,0,0,1,1,1,1.00078503277385,1998,1,1
"z[59,5]",0.186888888888889,0.389865629174764,0,0,0,0,1,1.00014505355775,4500,1,1
"z[60,5]",1,0,1,1,1,1,1,NA,1,0,1
"z[61,5]",0.000888888888888889,0.0298042977535084,0,0,0,0,0,1.02957562893154,4500,1,1
"z[62,5]",0.00244444444444444,0.0493863456663645,0,0,0,0,0,1.09913278170699,1765,1,1
"z[63,5]",0.00177777777777778,0.0421308880870312,0,0,0,0,0,1.007413097858,4500,1,1
"z[64,5]",0.00133333333333333,0.0364945409967103,0,0,0,0,0,1.03900028931154,4500,1,1
"z[65,5]",0.19,0.392344501174273,0,0,0,0,1,0.999844756429121,4500,1,1
"z[66,5]",0.0931111111111111,0.290620372706953,0,0,0,0,1,1.00033468155094,4500,1,1
"z[67,5]",0.215111111111111,0.410945068049354,0,0,0,0,1,1.00027421826449,4500,1,1
"z[68,5]",0.209333333333333,0.406877964144234,0,0,0,0,1,1.00112808111256,2066,1,1
"z[69,5]",1,0,1,1,1,1,1,NA,1,0,1
"z[70,5]",0.0146666666666667,0.120227982292648,0,0,0,0,0,1.02137566770638,1549,1,1
"z[71,5]",1,0,1,1,1,1,1,NA,1,0,1
"z[72,5]",1,0,1,1,1,1,1,NA,1,0,1
"z[73,5]",0.0673333333333333,0.250626243865736,0,0,0,0,1,1.00385033141591,1902,1,1
"z[74,5]",1,0,1,1,1,1,1,NA,1,0,1
"z[75,5]",0.137777777777778,0.344704897700523,0,0,0,0,1,1.00048668852903,4500,1,1
"z[76,5]",0.652888888888889,0.476104358262486,0,0,1,1,1,0.999972600740074,4500,1,1
"z[77,5]",0.106444444444444,0.308439890155801,0,0,0,0,1,1.00102960512794,3861,1,1
"z[78,5]",0.93,0.255175370837775,0,1,1,1,1,1.00020771244568,4500,1,1
"z[79,5]",1,0,1,1,1,1,1,NA,1,0,1
"z[80,5]",0.482666666666667,0.499754996652622,0,0,0,1,1,1.00190626365967,899,1,1
"z[81,5]",0.0311111111111111,0.173637293967947,0,0,0,0,1,1.00439761706804,3489,1,1
"z[82,5]",1,0,1,1,1,1,1,NA,1,0,1
"z[83,5]",0.125111111111111,0.330881626062155,0,0,0,0,1,1.00062247226322,4500,1,1
"z[84,5]",0.971555555555556,0.166257332410862,0,1,1,1,1,1.00028008923374,4500,1,1
"z[85,5]",1,0,1,1,1,1,1,NA,1,0,1
"z[86,5]",0.000222222222222222,0.0149071198499986,0,0,0,0,0,1.29093398298233,4500,1,1
"z[87,5]",1,0,1,1,1,1,1,NA,1,0,1
"z[88,5]",0.0237777777777778,0.152373076750087,0,0,0,0,0,1.00190569736676,4500,1,1
"z[89,5]",0.00155555555555556,0.0394142235807543,0,0,0,0,0,1.03825136434619,4500,1,1
"z[90,5]",0.516222222222222,0.499792305780154,0,0,1,1,1,1.00004723625051,4500,1,1
"z[91,5]",0.00555555555555556,0.0743365276300976,0,0,0,0,0,1.00528243061712,4500,1,1
"z[92,5]",0.00333333333333333,0.0576451269226114,0,0,0,0,0,1.04359150017258,3205,1,1
"z[93,5]",0.00511111111111111,0.071317023933587,0,0,0,0,0,1.01459968224664,4500,1,1
"z[94,5]",0.0146666666666667,0.120227982292648,0,0,0,0,0,1.00213871984688,4500,1,1
"z[95,5]",1,0,1,1,1,1,1,NA,1,0,1
"z[96,5]",1,0,1,1,1,1,1,NA,1,0,1
"z[97,5]",1,0,1,1,1,1,1,NA,1,0,1
"z[98,5]",1,0,1,1,1,1,1,NA,1,0,1
"z[99,5]",1,0,1,1,1,1,1,NA,1,0,1
"z[100,5]",1,0,1,1,1,1,1,NA,1,0,1
"z[101,5]",1,0,1,1,1,1,1,NA,1,0,1
"z[102,5]",0.138666666666667,0.3456367601238,0,0,0,0,1,1.00042886658574,4500,1,1
"z[103,5]",0.279111111111111,0.448612105960907,0,0,0,1,1,0.999681858631812,4500,1,1
"z[104,5]",1,0,1,1,1,1,1,NA,1,0,1
"z[105,5]",0.625111111111111,0.484148013121574,0,0,1,1,1,0.999836937403313,4500,1,1
"z[106,5]",0.0173333333333333,0.130524613834426,0,0,0,0,0,1.00043120238723,4500,1,1
"z[107,5]",0.00155555555555556,0.0394142235807543,0,0,0,0,0,1.0097473778051,4500,1,1
"z[108,5]",0.00288888888888889,0.0536766566849176,0,0,0,0,0,1.00262879405446,4500,1,1
"z[109,5]",1,0,1,1,1,1,1,NA,1,0,1
"z[110,5]",0.309777777777778,0.462453274710975,0,0,0,1,1,0.999741628029808,4500,1,1
"z[111,5]",0.183111111111111,0.386800568517406,0,0,0,0,1,1.00041436409232,4482,1,1
"z[112,5]",0.202666666666667,0.402030852549182,0,0,0,0,1,0.999839813926338,4500,1,1
"z[113,5]",0.208444444444444,0.40624134675035,0,0,0,0,1,0.999944593590823,4500,1,1
"z[114,5]",1,0,1,1,1,1,1,NA,1,0,1
"z[115,5]",1,0,1,1,1,1,1,NA,1,0,1
"z[116,5]",1,0,1,1,1,1,1,NA,1,0,1
"z[117,5]",1,0,1,1,1,1,1,NA,1,0,1
"z[118,5]",1,0,1,1,1,1,1,NA,1,0,1
"z[119,5]",1,0,1,1,1,1,1,NA,1,0,1
"z[120,5]",0.892222222222222,0.310134007193376,0,1,1,1,1,1.00214589247977,2093,1,1
"z[121,5]",1,0,1,1,1,1,1,NA,1,0,1
"z[122,5]",0.0531111111111111,0.224279956970223,0,0,0,0,1,1.00066964088213,4500,1,1
"z[123,5]",0.294,0.455642552430834,0,0,0,1,1,1.00012706154901,4500,1,1
"z[124,5]",0.240666666666667,0.427535778058793,0,0,0,0,1,0.999914711181399,4500,1,1
"z[125,5]",1,0,1,1,1,1,1,NA,1,0,1
"z[126,5]",1,0,1,1,1,1,1,NA,1,0,1
"z[127,5]",0.212222222222222,0.408926779343372,0,0,0,0,1,0.999903583231297,4500,1,1
"z[128,5]",0.264888888888889,0.441323063951825,0,0,0,1,1,0.999851003835816,4500,1,1
"z[129,5]",0.200888888888889,0.40070965179,0,0,0,0,1,1.0000520183069,4500,1,1
"z[130,5]",0.146888888888889,0.354034456841916,0,0,0,0,1,1.00227125564503,1532,1,1
"z[131,5]",0.0462222222222222,0.209989350685102,0,0,0,0,1,1.00089572667389,4500,1,1
"z[132,5]",1,0,1,1,1,1,1,NA,1,0,1
"z[133,5]",1,0,1,1,1,1,1,NA,1,0,1
"z[134,5]",0.596888888888889,0.490577236068557,0,0,1,1,1,1.00075684361638,1913,1,1
"z[135,5]",0.507555555555556,0.49999846879319,0,0,1,1,1,1.00036988312097,2849,1,1
"z[136,5]",0.146222222222222,0.353368126214765,0,0,0,0,1,1.00081125191508,3507,1,1
"z[137,5]",0.556222222222222,0.49688421895399,0,0,1,1,1,0.999833627208336,4500,1,1
"z[138,5]",1,0,1,1,1,1,1,NA,1,0,1
"z[139,5]",0.918666666666667,0.273376718032487,0,1,1,1,1,0.999759495792319,4500,1,1
"z[140,5]",1,0,1,1,1,1,1,NA,1,0,1
"z[141,5]",1,0,1,1,1,1,1,NA,1,0,1
"z[142,5]",0.291777777777778,0.454631100078816,0,0,0,1,1,1.00012040217611,4500,1,1
"z[143,5]",0.134222222222222,0.340928800069097,0,0,0,0,1,1.00059469614232,4500,1,1
"z[144,5]",0.166666666666667,0.372719411818938,0,0,0,0,1,1.00083053687551,3085,1,1
"z[145,5]",1,0,1,1,1,1,1,NA,1,0,1
"z[146,5]",1,0,1,1,1,1,1,NA,1,0,1
"z[147,5]",1,0,1,1,1,1,1,NA,1,0,1
"z[148,5]",1,0,1,1,1,1,1,NA,1,0,1
"z[149,5]",0.0655555555555556,0.247531090191705,0,0,0,0,1,1.00065969324906,4500,1,1
"z[150,5]",0.0793333333333333,0.270288346355507,0,0,0,0,1,1.00017933542346,4500,1,1
"z[151,5]",0.885777777777778,0.318116322460963,0,1,1,1,1,0.999755840806121,4500,1,1
"z[152,5]",0.549555555555556,0.497593477623403,0,0,1,1,1,0.999746799080641,4500,1,1
"z[153,5]",1,0,1,1,1,1,1,NA,1,0,1
"z[154,5]",0.563333333333333,0.496027786758685,0,0,1,1,1,1.00015663630797,4152,1,1
"z[155,5]",0.987555555555556,0.11087069888737,1,1,1,1,1,1.00080854486443,4500,0,1
"z[156,5]",0.569111111111111,0.495255651738467,0,0,1,1,1,0.999914607171035,4500,1,1
"z[157,5]",1,0,1,1,1,1,1,NA,1,0,1
"z[158,5]",0.599777777777778,0.489997704195958,0,0,1,1,1,1.00014767299719,4329,1,1
"z[159,5]",0.565333333333333,0.495768267142513,0,0,1,1,1,1.00029982151369,3216,1,1
"z[160,5]",0.644888888888889,0.478600158461255,0,0,1,1,1,0.999702387679629,4500,1,1
"z[161,5]",0.669777777777778,0.470345263832854,0,0,1,1,1,1.00011222074751,4500,1,1
"z[162,5]",1,0,1,1,1,1,1,NA,1,0,1
"z[163,5]",1,0,1,1,1,1,1,NA,1,0,1
"z[164,5]",1,0,1,1,1,1,1,NA,1,0,1
"z[165,5]",0.0417777777777778,0.200103206188376,0,0,0,0,1,1.00157489803189,4500,1,1
"z[166,5]",1,0,1,1,1,1,1,NA,1,0,1
"z[167,5]",1,0,1,1,1,1,1,NA,1,0,1
"z[168,5]",0.906666666666667,0.290931317221604,0,1,1,1,1,1.00259603419427,2019,1,1
"z[169,5]",0.899777777777778,0.300329439689937,0,1,1,1,1,1.000069881233,4500,1,1
"z[170,5]",1,0,1,1,1,1,1,NA,1,0,1
"z[171,5]",1,0,1,1,1,1,1,NA,1,0,1
"z[172,5]",0.886666666666667,0.317035052820037,0,1,1,1,1,1.00186759961735,2254,1,1
"z[173,5]",0.960222222222222,0.195458425118277,0,1,1,1,1,0.999734300411453,4500,1,1
"z[174,5]",1,0,1,1,1,1,1,NA,1,0,1
"z[175,5]",1,0,1,1,1,1,1,NA,1,0,1
"z[176,5]",1,0,1,1,1,1,1,NA,1,0,1
"z[177,5]",1,0,1,1,1,1,1,NA,1,0,1
"z[178,5]",0.268444444444444,0.443199362410781,0,0,0,1,1,0.999909438076795,4500,1,1
"z[179,5]",0.408888888888889,0.491683321058642,0,0,0,1,1,0.999748165674559,4500,1,1
"z[180,5]",0.0982222222222222,0.297647954649891,0,0,0,0,1,0.999867751056789,4500,1,1
"z[181,5]",0.118666666666667,0.323431809105324,0,0,0,0,1,1.0008294103008,4105,1,1
"z[182,5]",0.365111111111111,0.481514809038625,0,0,0,1,1,0.999785540007447,4500,1,1
"z[183,5]",0.133111111111111,0.339732529641953,0,0,0,0,1,1.00011902599838,4500,1,1
"z[184,5]",0.0342222222222222,0.181819713016199,0,0,0,0,1,1.00036697241257,4500,1,1
"z[185,5]",0.0406666666666667,0.19753875656879,0,0,0,0,1,1.00243269779952,4500,1,1
"z[186,5]",0.466,0.498898096767256,0,0,0,1,1,1.00032142977267,3072,1,1
"z[187,5]",0.410666666666667,0.492009501568061,0,0,0,1,1,1.00043496434589,2692,1,1
"z[188,5]",0.369333333333333,0.482677941395735,0,0,0,1,1,0.999916541467887,4500,1,1
"z[189,5]",0.344666666666667,0.475312276709952,0,0,0,1,1,1.00030115566664,3498,1,1
"z[190,5]",0.274222222222222,0.44617107989607,0,0,0,1,1,1.00004068165126,4500,1,1
"z[191,5]",0.392,0.488250934794651,0,0,0,1,1,0.999922248260422,4500,1,1
"z[192,5]",0.460888888888889,0.498523368446663,0,0,0,1,1,0.999810964190992,4500,1,1
"z[193,5]",0.506888888888889,0.50000810049994,0,0,1,1,1,1.00002881880419,4500,1,1
"z[194,5]",0.349777777777778,0.476952655841388,0,0,0,1,1,0.999847616534117,4500,1,1
"z[195,5]",0.371555555555556,0.483274172249775,0,0,0,1,1,1.00051514276529,2526,1,1
"z[196,5]",0.373111111111111,0.483685020474982,0,0,0,1,1,1.00031008479295,3330,1,1
"z[197,5]",0.449777777777778,0.497526618051391,0,0,0,1,1,1.00055927858878,2270,1,1
"z[198,5]",0.405333333333333,0.491010995984176,0,0,0,1,1,0.999997130346633,4500,1,1
"z[199,5]",0.345333333333333,0.475529676249547,0,0,0,1,1,0.999807099421057,4500,1,1
"z[200,5]",0.401777777777778,0.490311960466974,0,0,0,1,1,1.0013599568704,1233,1,1
"z[1,6]",1,0,1,1,1,1,1,NA,1,0,1
"z[2,6]",1,0,1,1,1,1,1,NA,1,0,1
"z[3,6]",0.714,0.451939585291061,0,0,1,1,1,1.0012966886553,1501,1,1
"z[4,6]",1,0,1,1,1,1,1,NA,1,0,1
"z[5,6]",0.906666666666667,0.290931317221604,0,1,1,1,1,1.00025613364737,4500,1,1
"z[6,6]",0.422444444444444,0.494003407653088,0,0,0,1,1,1.00023446929007,3610,1,1
"z[7,6]",1,0,1,1,1,1,1,NA,1,0,1
"z[8,6]",0.142,0.349088929478717,0,0,0,0,1,1.00022056589938,4500,1,1
"z[9,6]",1,0,1,1,1,1,1,NA,1,0,1
"z[10,6]",1,0,1,1,1,1,1,NA,1,0,1
"z[11,6]",0.414222222222222,0.492641964622739,0,0,0,1,1,0.999908545562024,4500,1,1
"z[12,6]",1,0,1,1,1,1,1,NA,1,0,1
"z[13,6]",0.113777777777778,0.317576458890005,0,0,0,0,1,1.00177819525954,2353,1,1
"z[14,6]",0.164888888888889,0.371121476247506,0,0,0,0,1,1.00066750816565,3627,1,1
"z[15,6]",0.0944444444444444,0.292478548049893,0,0,0,0,1,1.00068209280544,4500,1,1
"z[16,6]",0.817555555555556,0.386253314328518,0,1,1,1,1,0.999750954364955,4500,1,1
"z[17,6]",0.730666666666667,0.443662743942178,0,0,1,1,1,1.00060064914519,2717,1,1
"z[18,6]",1,0,1,1,1,1,1,NA,1,0,1
"z[19,6]",1,0,1,1,1,1,1,NA,1,0,1
"z[20,6]",0.695555555555556,0.460222872627697,0,0,1,1,1,1.00061984942998,2481,1,1
"z[21,6]",0.772888888888889,0.419011539250935,0,1,1,1,1,1.00355076950557,734,1,1
"z[22,6]",0.792222222222222,0.405761950063745,0,1,1,1,1,1.00103077363613,2235,1,1
"z[23,6]",0.835555555555556,0.370719583788944,0,1,1,1,1,1.00013772583305,4500,1,1
"z[24,6]",1,0,1,1,1,1,1,NA,1,0,1
"z[25,6]",0.714666666666667,0.451623236177004,0,0,1,1,1,0.999689755776635,4500,1,1
"z[26,6]",0.753555555555556,0.430988234428048,0,1,1,1,1,0.999774646320408,4500,1,1
"z[27,6]",0.737555555555556,0.440011798198807,0,0,1,1,1,1.00027671159421,4239,1,1
"z[28,6]",0.367777777777778,0.482254047098673,0,0,0,1,1,0.999679396274957,4500,1,1
"z[29,6]",0.592666666666667,0.491392458348523,0,0,1,1,1,0.99976697478554,4500,1,1
"z[30,6]",0.824666666666667,0.380294220511246,0,1,1,1,1,0.999818854096766,4500,1,1
"z[31,6]",0.786888888888889,0.409551021508422,0,1,1,1,1,0.999909930992023,4500,1,1
"z[32,6]",0.804222222222222,0.396842331303194,0,1,1,1,1,1.00065184041094,3228,1,1
"z[33,6]",1,0,1,1,1,1,1,NA,1,0,1
"z[34,6]",1,0,1,1,1,1,1,NA,1,0,1
"z[35,6]",1,0,1,1,1,1,1,NA,1,0,1
"z[36,6]",1,0,1,1,1,1,1,NA,1,0,1
"z[37,6]",0.135777777777778,0.342590505813979,0,0,0,0,1,1.00023371367906,4500,1,1
"z[38,6]",0.308222222222222,0.461810217502762,0,0,0,1,1,0.999928010942627,4500,1,1
"z[39,6]",0.913777777777778,0.280723107246949,0,1,1,1,1,1.00442477283864,1329,1,1
"z[40,6]",0.431777777777778,0.495378907288724,0,0,0,1,1,1.00076067301515,1869,1,1
"z[41,6]",0.07,0.255175370837775,0,0,0,0,1,0.999893591494094,4500,1,1
"z[42,6]",0.313777777777778,0.464078812014018,0,0,0,1,1,0.999772650127827,4500,1,1
"z[43,6]",0.802444444444444,0.398199189045792,0,1,1,1,1,0.999908938658972,4500,1,1
"z[44,6]",0.798444444444444,0.401206535283835,0,1,1,1,1,1.00007434696679,4500,1,1
"z[45,6]",0.693555555555556,0.46106776908457,0,0,1,1,1,0.99998828760538,4500,1,1
"z[46,6]",0.788888888888889,0.408142411058839,0,1,1,1,1,0.999977703894874,4500,1,1
"z[47,6]",0.387777777777778,0.487297590280489,0,0,0,1,1,1.00051547749835,2488,1,1
"z[48,6]",0.00222222222222222,0.0470932775447189,0,0,0,0,0,1.01916489327094,4500,1,1
"z[49,6]",0.196222222222222,0.397182726461142,0,0,0,0,1,1.00209189939069,1308,1,1
"z[50,6]",0.0373333333333333,0.189598375253176,0,0,0,0,1,0.999895866153003,4500,1,1
"z[51,6]",0.217555555555556,0.412629339745095,0,0,0,0,1,0.99978511693326,4500,1,1
"z[52,6]",0.0108888888888889,0.103791690054186,0,0,0,0,0,1.00242101026089,4500,1,1
"z[53,6]",0.0264444444444444,0.160470739436839,0,0,0,0,1,1.00026166502384,4500,1,1
"z[54,6]",0.0546666666666667,0.227353708622013,0,0,0,0,1,1.00768832629348,1196,1,1
"z[55,6]",0.253333333333333,0.434968503993735,0,0,0,1,1,0.999989193626013,4500,1,1
"z[56,6]",0.0288888888888889,0.167512855228826,0,0,0,0,1,1.00763304352347,2220,1,1
"z[57,6]",1,0,1,1,1,1,1,NA,1,0,1
"z[58,6]",0.83,0.375674543355024,0,1,1,1,1,1.00049799737677,4272,1,1
"z[59,6]",0.327555555555556,0.469373914671421,0,0,0,1,1,1.00057671625206,2494,1,1
"z[60,6]",1,0,1,1,1,1,1,NA,1,0,1
"z[61,6]",0.0217777777777778,0.145973426820025,0,0,0,0,0,1.00459021980147,4500,1,1
"z[62,6]",0.00666666666666667,0.0813860808385347,0,0,0,0,0,1.03342900260982,2130,1,1
"z[63,6]",0.00711111111111111,0.0840363764582043,0,0,0,0,0,1.01751304002868,3865,1,1
"z[64,6]",0.00511111111111111,0.071317023933587,0,0,0,0,0,1.02274864216795,4120,1,1
"z[65,6]",0.0151111111111111,0.1220084974435,0,0,0,0,0,1.00508869408975,4500,1,1
"z[66,6]",0.002,0.0446815807032984,0,0,0,0,0,1.01775579934475,4500,1,1
"z[67,6]",0.00911111111111111,0.0950268670194558,0,0,0,0,0,1.01766376355019,2998,1,1
"z[68,6]",0.170888888888889,0.376453674828579,0,0,0,0,1,1.00052864962688,4100,1,1
"z[69,6]",1,0,1,1,1,1,1,NA,1,0,1
"z[70,6]",0.149111111111111,0.356237545476876,0,0,0,0,1,1.00254008252372,1377,1,1
"z[71,6]",1,0,1,1,1,1,1,NA,1,0,1
"z[72,6]",1,0,1,1,1,1,1,NA,1,0,1
"z[73,6]",0.170444444444444,0.376064573555185,0,0,0,0,1,1.00000117492715,4500,1,1
"z[74,6]",0.264222222222222,0.440967176865896,0,0,0,1,1,1.00131288212889,1570,1,1
"z[75,6]",1,0,1,1,1,1,1,NA,1,0,1
"z[76,6]",0.280888888888889,0.449483278557389,0,0,0,1,1,0.999848716580834,4500,1,1
"z[77,6]",0.103333333333333,0.304427578014234,0,0,0,0,1,1.00311056634799,1568,1,1
"z[78,6]",1,0,1,1,1,1,1,NA,1,0,1
"z[79,6]",0.0675555555555555,0.251009569058353,0,0,0,0,1,1.00162611599606,4038,1,1
"z[80,6]",0.0311111111111111,0.173637293967947,0,0,0,0,1,1.00550890497513,2814,1,1
"z[81,6]",0.120222222222222,0.325257357975255,0,0,0,0,1,1.00006634568685,4500,1,1
"z[82,6]",0.971111111111111,0.167512855228826,0,1,1,1,1,1.00382254107437,4272,1,1
"z[83,6]",0.178444444444444,0.382928988404224,0,0,0,0,1,1.00073925927458,3190,1,1
"z[84,6]",1,0,1,1,1,1,1,NA,1,0,1
"z[85,6]",1,0,1,1,1,1,1,NA,1,0,1
"z[86,6]",0.00311111111111111,0.0556966916350484,0,0,0,0,0,1.03148234445217,4500,1,1
"z[87,6]",0.279111111111111,0.448612105960907,0,0,0,1,1,0.999722091389945,4500,1,1
"z[88,6]",1,0,1,1,1,1,1,NA,1,0,1
"z[89,6]",0.116666666666667,0.321058346535981,0,0,0,0,1,1.00044865330686,4500,1,1
"z[90,6]",0.0315555555555556,0.174833049066281,0,0,0,0,1,0.999851616514426,4500,1,1
"z[91,6]",0.0293333333333333,0.168757866791187,0,0,0,0,1,1.00952422552096,1764,1,1
"z[92,6]",0.122666666666667,0.328090652606978,0,0,0,0,1,0.999724151623549,4500,1,1
"z[93,6]",1,0,1,1,1,1,1,NA,1,0,1
"z[94,6]",0.0422222222222222,0.201118111385383,0,0,0,0,1,1.00103628285256,4500,1,1
"z[95,6]",0.839111111111111,0.367469266471889,0,1,1,1,1,0.999704520251629,4500,1,1
"z[96,6]",1,0,1,1,1,1,1,NA,1,0,1
"z[97,6]",1,0,1,1,1,1,1,NA,1,0,1
"z[98,6]",1,0,1,1,1,1,1,NA,1,0,1
"z[99,6]",1,0,1,1,1,1,1,NA,1,0,1
"z[100,6]",0.238222222222222,0.426043109584256,0,0,0,0,1,0.999777524429574,4500,1,1
"z[101,6]",1,0,1,1,1,1,1,NA,1,0,1
"z[102,6]",0.147111111111111,0.35425600967688,0,0,0,0,1,1.00137519504424,2326,1,1
"z[103,6]",0.261111111111111,0.439289178212697,0,0,0,1,1,0.999806409322386,4500,1,1
"z[104,6]",1,0,1,1,1,1,1,NA,1,0,1
"z[105,6]",0.282666666666667,0.450345746508267,0,0,0,1,1,1.00082943355053,2130,1,1
"z[106,6]",0.000888888888888889,0.0298042977535084,0,0,0,0,0,1.16587551740291,2570,1,1
"z[107,6]",1,0,1,1,1,1,1,NA,1,0,1
"z[108,6]",1,0,1,1,1,1,1,NA,1,0,1
"z[109,6]",0.000444444444444444,0.0210795079890303,0,0,0,0,0,1.10528646876281,4500,1,1
"z[110,6]",1,0,1,1,1,1,1,NA,1,0,1
"z[111,6]",0.0988888888888889,0.298545948120994,0,0,0,0,1,1.00047280320749,4500,1,1
"z[112,6]",0.0324444444444444,0.177197008935809,0,0,0,0,1,1.00485133757245,3057,1,1
"z[113,6]",0.0915555555555556,0.288429580365407,0,0,0,0,1,1.00027033196093,4500,1,1
"z[114,6]",1,0,1,1,1,1,1,NA,1,0,1
"z[115,6]",1,0,1,1,1,1,1,NA,1,0,1
"z[116,6]",1,0,1,1,1,1,1,NA,1,0,1
"z[117,6]",0.856,0.351128748592969,0,1,1,1,1,1.0001681134765,4500,1,1
"z[118,6]",0.801777777777778,0.398704776126197,0,1,1,1,1,0.999714482975436,4500,1,1
"z[119,6]",1,0,1,1,1,1,1,NA,1,0,1
"z[120,6]",0.777777777777778,0.41578591064293,0,1,1,1,1,1.00030595402317,4500,1,1
"z[121,6]",1,0,1,1,1,1,1,NA,1,0,1
"z[122,6]",0.0144444444444444,0.119327141438796,0,0,0,0,0,1.00051801240823,4500,1,1
"z[123,6]",0.0331111111111111,0.178946588136641,0,0,0,0,1,1.00012382909935,4500,1,1
"z[124,6]",1,0,1,1,1,1,1,NA,1,0,1
"z[125,6]",1,0,1,1,1,1,1,NA,1,0,1
"z[126,6]",1,0,1,1,1,1,1,NA,1,0,1
"z[127,6]",0.0373333333333333,0.189598375253176,0,0,0,0,1,0.999838493275336,4500,1,1
"z[128,6]",0.0568888888888889,0.231655927287332,0,0,0,0,1,1.00147602863312,4500,1,1
"z[129,6]",0.125111111111111,0.330881626062155,0,0,0,0,1,0.999829255798164,4500,1,1
"z[130,6]",0.0266666666666667,0.161125183440798,0,0,0,0,1,1.00791631687471,2306,1,1
"z[131,6]",0.217777777777778,0.41278139661439,0,0,0,0,1,1.00006123815776,4500,1,1
"z[132,6]",0.216222222222222,0.411713299819999,0,0,0,0,1,1.00026918405051,4500,1,1
"z[133,6]",0.968222222222222,0.175427447850631,0,1,1,1,1,1.00420862287532,3561,1,1
"z[134,6]",1,0,1,1,1,1,1,NA,1,0,1
"z[135,6]",1,0,1,1,1,1,1,NA,1,0,1
"z[136,6]",0.180888888888889,0.384968871895082,0,0,0,0,1,0.999725106680319,4500,1,1
"z[137,6]",1,0,1,1,1,1,1,NA,1,0,1
"z[138,6]",0.789777777777778,0.407511647691963,0,1,1,1,1,1.00063226897484,3129,1,1
"z[139,6]",0.840666666666667,0.36602731409757,0,1,1,1,1,0.99996804283711,4500,1,1
"z[140,6]",0.730444444444444,0.443778235466866,0,0,1,1,1,0.999852359217998,4500,1,1
"z[141,6]",0.787777777777778,0.408926779343372,0,1,1,1,1,0.999746914581999,4500,1,1
"z[142,6]",0.0113333333333333,0.105864911172911,0,0,0,0,0,1.00025592414066,4500,1,1
"z[143,6]",0.004,0.0631259497363628,0,0,0,0,0,1.00430023712846,4500,1,1
"z[144,6]",0.0122222222222222,0.109888684384328,0,0,0,0,0,1.00085033132103,4500,1,1
"z[145,6]",1,0,1,1,1,1,1,NA,1,0,1
"z[146,6]",1,0,1,1,1,1,1,NA,1,0,1
"z[147,6]",1,0,1,1,1,1,1,NA,1,0,1
"z[148,6]",1,0,1,1,1,1,1,NA,1,0,1
"z[149,6]",1,0,1,1,1,1,1,NA,1,0,1
"z[150,6]",0.453333333333333,0.497872781007373,0,0,0,1,1,1.00018213557866,3919,1,1
"z[151,6]",0.755777777777778,0.429672846227236,0,1,1,1,1,1.00078845680029,2423,1,1
"z[152,6]",0.427777777777778,0.494811437965552,0,0,0,1,1,0.999808005508461,4500,1,1
"z[153,6]",1,0,1,1,1,1,1,NA,1,0,1
"z[154,6]",0.781333333333333,0.413387869931969,0,1,1,1,1,1.00043247503653,3832,1,1
"z[155,6]",1,0,1,1,1,1,1,NA,1,0,1
"z[156,6]",1,0,1,1,1,1,1,NA,1,0,1
"z[157,6]",1,0,1,1,1,1,1,NA,1,0,1
"z[158,6]",1,0,1,1,1,1,1,NA,1,0,1
"z[159,6]",1,0,1,1,1,1,1,NA,1,0,1
"z[160,6]",0.834666666666667,0.371522402164484,0,1,1,1,1,1.00080122905199,3191,1,1
"z[161,6]",0.708222222222222,0.454631100078816,0,0,1,1,1,0.999722708855624,4500,1,1
"z[162,6]",0.837333333333333,0.369102285280562,0,1,1,1,1,1.00065509369717,3723,1,1
"z[163,6]",0.106222222222222,0.308156070826227,0,0,0,0,1,1.00003046710123,4500,1,1
"z[164,6]",0.530222222222222,0.499141244708226,0,0,1,1,1,1.00048136714238,2469,1,1
"z[165,6]",1,0,1,1,1,1,1,NA,1,0,1
"z[166,6]",0.414666666666667,0.492719160976806,0,0,0,1,1,1.00055977764547,2312,1,1
"z[167,6]",1,0,1,1,1,1,1,NA,1,0,1
"z[168,6]",0.780444444444444,0.413991545837227,0,1,1,1,1,1.00071713084363,2772,1,1
"z[169,6]",0.781777777777778,0.413084983718457,0,1,1,1,1,1.00024297348369,4500,1,1
"z[170,6]",1,0,1,1,1,1,1,NA,1,0,1
"z[171,6]",0.891333333333333,0.31125512213583,0,1,1,1,1,1.0026713370272,1717,1,1
"z[172,6]",1,0,1,1,1,1,1,NA,1,0,1
"z[173,6]",1,0,1,1,1,1,1,NA,1,0,1
"z[174,6]",0.975111111111111,0.155803807734777,1,1,1,1,1,1.00184128803309,4500,0,1
"z[175,6]",1,0,1,1,1,1,1,NA,1,0,1
"z[176,6]",1,0,1,1,1,1,1,NA,1,0,1
"z[177,6]",1,0,1,1,1,1,1,NA,1,0,1
"z[178,6]",0.263111111111111,0.440371149320812,0,0,0,1,1,0.999750001631382,4500,1,1
"z[179,6]",0.379777777777778,0.485385385658857,0,0,0,1,1,0.999716432821301,4500,1,1
"z[180,6]",0.0164444444444444,0.127191272176836,0,0,0,0,0,1.01119964301813,2642,1,1
"z[181,6]",0.00955555555555555,0.0972951722699289,0,0,0,0,0,1.00811289568028,4500,1,1
"z[182,6]",0.0426666666666667,0.202126943226378,0,0,0,0,1,1.00019845682668,4500,1,1
"z[183,6]",0.0124444444444444,0.11087069888737,0,0,0,0,0,1.00949698102493,4081,1,1
"z[184,6]",1,0,1,1,1,1,1,NA,1,0,1
"z[185,6]",1,0,1,1,1,1,1,NA,1,0,1
"z[186,6]",1,0,1,1,1,1,1,NA,1,0,1
"z[187,6]",0.377555555555556,0.48482944783698,0,0,0,1,1,0.999693876615591,4500,1,1
"z[188,6]",0.325333333333333,0.468551323014127,0,0,0,1,1,1.00086118773005,1908,1,1
"z[189,6]",0.321555555555556,0.467125326314897,0,0,0,1,1,0.999844380470445,4500,1,1
"z[190,6]",0.264888888888889,0.441323063951825,0,0,0,1,1,1.00036395604285,3690,1,1
"z[191,6]",0.374222222222222,0.483975208221787,0,0,0,1,1,1.00009385146459,4500,1,1
"z[192,6]",0.435333333333333,0.495855685291292,0,0,0,1,1,0.999822237997833,4500,1,1
"z[193,6]",0.517555555555556,0.499747237980913,0,0,1,1,1,1.00066363857486,2014,1,1
"z[194,6]",0.353555555555556,0.478126370077776,0,0,0,1,1,0.999918261739414,4500,1,1
"z[195,6]",0.368888888888889,0.482557378526813,0,0,0,1,1,1.00059384851045,2321,1,1
"z[196,6]",0.360444444444444,0.480182763029296,0,0,0,1,1,1.00226423791739,840,1,1
"z[197,6]",0.404888888888889,0.490925079569897,0,0,0,1,1,0.999825315032584,4500,1,1
"z[198,6]",1,0,1,1,1,1,1,NA,1,0,1
"z[199,6]",0.343555555555556,0.474947643050087,0,0,0,1,1,0.999738434683319,4500,1,1
"z[200,6]",0.382,0.485930522805471,0,0,0,1,1,1.0002993046914,3356,1,1
"z[1,7]",1,0,1,1,1,1,1,NA,1,0,1
"z[2,7]",1,0,1,1,1,1,1,NA,1,0,1
"z[3,7]",1,0,1,1,1,1,1,NA,1,0,1
"z[4,7]",0.208666666666667,0.406400776899811,0,0,0,0,1,1.00009293537978,4500,1,1
"z[5,7]",1,0,1,1,1,1,1,NA,1,0,1
"z[6,7]",0.000444444444444444,0.0210795079890303,0,0,0,0,0,1.10528646876281,4500,1,1
"z[7,7]",1,0,1,1,1,1,1,NA,1,0,1
"z[8,7]",1,0,1,1,1,1,1,NA,1,0,1
"z[9,7]",1,0,1,1,1,1,1,NA,1,0,1
"z[10,7]",1,0,1,1,1,1,1,NA,1,0,1
"z[11,7]",1,0,1,1,1,1,1,NA,1,0,1
"z[12,7]",1,0,1,1,1,1,1,NA,1,0,1
"z[13,7]",1,0,1,1,1,1,1,NA,1,0,1
"z[14,7]",0.044,0.205117892035902,0,0,0,0,1,1.00220771662261,4500,1,1
"z[15,7]",0.194888888888889,0.396159167375477,0,0,0,0,1,0.999874962590856,4500,1,1
"z[16,7]",0.877777777777778,0.327578687942835,0,1,1,1,1,0.99979744347967,4500,1,1
"z[17,7]",0.840222222222222,0.366440553449894,0,1,1,1,1,0.999897767352597,4500,1,1
"z[18,7]",0.856888888888889,0.350225039406466,0,1,1,1,1,1.00070205283258,3936,1,1
"z[19,7]",0.918,0.274395210814911,0,1,1,1,1,1.00212808018283,2689,1,1
"z[20,7]",0.835111111111111,0.371121476247506,0,1,1,1,1,1.0010942398663,2538,1,1
"z[21,7]",0.876222222222222,0.329364458287695,0,1,1,1,1,1.00010354356238,4500,1,1
"z[22,7]",0.859555555555556,0.347486165270941,0,1,1,1,1,1.00166587539859,2067,1,1
"z[23,7]",0.883777777777778,0.320526828561842,0,1,1,1,1,1.00022934735399,4500,1,1
"z[24,7]",0.933111111111111,0.24985723616271,0,1,1,1,1,1.00007156268747,4500,1,1
"z[25,7]",0.808666666666667,0.393394560003013,0,1,1,1,1,1.00071223852551,3100,1,1
"z[26,7]",0.866,0.340690171985335,0,1,1,1,1,0.999705087037113,4500,1,1
"z[27,7]",0.859777777777778,0.347256026113763,0,1,1,1,1,1.00019902559909,4500,1,1
"z[28,7]",1,0,1,1,1,1,1,NA,1,0,1
"z[29,7]",1,0,1,1,1,1,1,NA,1,0,1
"z[30,7]",0.869777777777778,0.336585160875883,0,1,1,1,1,0.999876253084581,4500,1,1
"z[31,7]",0.877111111111111,0.328346109941716,0,1,1,1,1,1.00001247195667,4500,1,1
"z[32,7]",0.863777777777778,0.343062504722754,0,1,1,1,1,0.999968309834738,4500,1,1
"z[33,7]",1,0,1,1,1,1,1,NA,1,0,1
"z[34,7]",1,0,1,1,1,1,1,NA,1,0,1
"z[35,7]",1,0,1,1,1,1,1,NA,1,0,1
"z[36,7]",1,0,1,1,1,1,1,NA,1,0,1
"z[37,7]",1,0,1,1,1,1,1,NA,1,0,1
"z[38,7]",1,0,1,1,1,1,1,NA,1,0,1
"z[39,7]",1,0,1,1,1,1,1,NA,1,0,1
"z[40,7]",1,0,1,1,1,1,1,NA,1,0,1
"z[41,7]",0.312222222222222,0.463451439386995,0,0,0,1,1,0.999779663391473,4500,1,1
"z[42,7]",0.373111111111111,0.483685020474982,0,0,0,1,1,0.999802522748698,4500,1,1
"z[43,7]",0.869777777777778,0.336585160875883,0,1,1,1,1,1.00154393018618,2358,1,1
"z[44,7]",0.856,0.351128748592969,0,1,1,1,1,1.00150811167102,2196,1,1
"z[45,7]",0.865555555555556,0.341167116466881,0,1,1,1,1,1.00381358822665,1037,1,1
"z[46,7]",0.862222222222222,0.344704897700523,0,1,1,1,1,1.00012012137828,4500,1,1
"z[47,7]",0.535777777777778,0.498773730265155,0,0,1,1,1,1.00008023389996,4500,1,1
"z[48,7]",1,0,1,1,1,1,1,NA,1,0,1
"z[49,7]",0.253555555555556,0.43509447717713,0,0,0,1,1,1.0017225501191,1288,1,1
"z[50,7]",0.0184444444444444,0.13456697579197,0,0,0,0,0,1.00534868310873,4500,1,1
"z[51,7]",0.0557777777777778,0.229517588820724,0,0,0,0,1,0.999995692418145,4500,1,1
"z[52,7]",0.00888888888888889,0.093871373318521,0,0,0,0,0,1.02743039282113,1961,1,1
"z[53,7]",0.0126666666666667,0.111843649799372,0,0,0,0,0,1.0053081551275,4500,1,1
"z[54,7]",1,0,1,1,1,1,1,NA,1,0,1
"z[55,7]",0.363333333333333,0.481013137644236,0,0,0,1,1,0.999975670321847,4500,1,1
"z[56,7]",1,0,1,1,1,1,1,NA,1,0,1
"z[57,7]",0.956222222222222,0.204623040065984,0,1,1,1,1,1.00052483711349,4500,1,1
"z[58,7]",1,0,1,1,1,1,1,NA,1,0,1
"z[59,7]",1,0,1,1,1,1,1,NA,1,0,1
"z[60,7]",1,0,1,1,1,1,1,NA,1,0,1
"z[61,7]",0.00688888888888889,0.0827221418662089,0,0,0,0,0,1.01565025952896,4470,1,1
"z[62,7]",0.00422222222222222,0.0648485125458765,0,0,0,0,0,1.02521400686279,4482,1,1
"z[63,7]",0.00377777777777778,0.0613542394088465,0,0,0,0,0,1.05861090122379,2061,1,1
"z[64,7]",0.00244444444444444,0.0493863456663645,0,0,0,0,0,1.04969069831983,3799,1,1
"z[65,7]",1,0,1,1,1,1,1,NA,1,0,1
"z[66,7]",0.000666666666666667,0.0258141493083176,0,0,0,0,0,1.13377982835195,4498,1,1
"z[67,7]",0.002,0.0446815807032984,0,0,0,0,0,1.01775579934475,4500,1,1
"z[68,7]",0.00311111111111111,0.0556966916350484,0,0,0,0,0,1.01716357534615,4500,1,1
"z[69,7]",1,0,1,1,1,1,1,NA,1,0,1
"z[70,7]",1,0,1,1,1,1,1,NA,1,0,1
"z[71,7]",1,0,1,1,1,1,1,NA,1,0,1
"z[72,7]",1,0,1,1,1,1,1,NA,1,0,1
"z[73,7]",0.0948888888888889,0.293093973751269,0,0,0,0,1,1.00149535881047,3180,1,1
"z[74,7]",1,0,1,1,1,1,1,NA,1,0,1
"z[75,7]",1,0,1,1,1,1,1,NA,1,0,1
"z[76,7]",0.262444444444444,0.440011798198807,0,0,0,1,1,0.99994761601603,4500,1,1
"z[77,7]",0.139111111111111,0.346100894176313,0,0,0,0,1,1.00047542365642,4500,1,1
"z[78,7]",1,0,1,1,1,1,1,NA,1,0,1
"z[79,7]",0.0795555555555556,0.270633969230444,0,0,0,0,1,1.00008545079525,4500,1,1
"z[80,7]",0.0226666666666667,0.148855006121055,0,0,0,0,0,1.00072080921672,4500,1,1
"z[81,7]",0.194,0.395472824956344,0,0,0,0,1,1.00011155781933,4500,1,1
"z[82,7]",1,0,1,1,1,1,1,NA,1,0,1
"z[83,7]",0.210666666666667,0.407827393549698,0,0,0,0,1,1.00046834646312,3742,1,1
"z[84,7]",0.980222222222222,0.139251306560123,1,1,1,1,1,1.00560346787873,4315,0,1
"z[85,7]",0.972666666666667,0.163070940344369,0,1,1,1,1,1.01934899969941,936,1,1
"z[86,7]",0.0426666666666667,0.202126943226378,0,0,0,0,1,1.00420942856382,2678,1,1
"z[87,7]",1,0,1,1,1,1,1,NA,1,0,1
"z[88,7]",0.156222222222222,0.363106236035812,0,0,0,0,1,1.00082499754694,3268,1,1
"z[89,7]",0.0415555555555556,0.199593447150984,0,0,0,0,1,1.00583039603202,2017,1,1
"z[90,7]",0.0253333333333333,0.15715293120877,0,0,0,0,1,1.00972553958617,1985,1,1
"z[91,7]",0.00311111111111111,0.0556966916350484,0,0,0,0,0,1.01716357534615,4500,1,1
"z[92,7]",0.00533333333333333,0.0728427622699364,0,0,0,0,0,1.03224110900926,2755,1,1
"z[93,7]",0.0257777777777778,0.158489324311835,0,0,0,0,1,1.0021662012982,4500,1,1
"z[94,7]",0.00955555555555555,0.0972951722699289,0,0,0,0,0,1.01291032875428,3912,1,1
"z[95,7]",0.836888888888889,0.369508075588303,0,1,1,1,1,1.00023311492779,4500,1,1
"z[96,7]",1,0,1,1,1,1,1,NA,1,0,1
"z[97,7]",1,0,1,1,1,1,1,NA,1,0,1
"z[98,7]",1,0,1,1,1,1,1,NA,1,0,1
"z[99,7]",1,0,1,1,1,1,1,NA,1,0,1
"z[100,7]",1,0,1,1,1,1,1,NA,1,0,1
"z[101,7]",1,0,1,1,1,1,1,NA,1,0,1
"z[102,7]",0.210888888888889,0.407984993242305,0,0,0,0,1,0.999884058569453,4500,1,1
"z[103,7]",0.358,0.479465416916711,0,0,0,1,1,0.99985307956851,4500,1,1
"z[104,7]",0.242222222222222,0.428475688197424,0,0,0,0,1,1.00067335962572,2716,1,1
"z[105,7]",1,0,1,1,1,1,1,NA,1,0,1
"z[106,7]",0.000222222222222222,0.0149071198499986,0,0,0,0,0,1.29093398298233,4500,1,1
"z[107,7]",1,0,1,1,1,1,1,NA,1,0,1
"z[108,7]",0.0597777777777778,0.237101007385967,0,0,0,0,1,1.0038191119794,2140,1,1
"z[109,7]",1,0,1,1,1,1,1,NA,1,0,1
"z[110,7]",1,0,1,1,1,1,1,NA,1,0,1
"z[111,7]",1,0,1,1,1,1,1,NA,1,0,1
"z[112,7]",0.286222222222222,0.452044767264234,0,0,0,1,1,0.999940149987861,4500,1,1
"z[113,7]",1,0,1,1,1,1,1,NA,1,0,1
"z[114,7]",1,0,1,1,1,1,1,NA,1,0,1
"z[115,7]",1,0,1,1,1,1,1,NA,1,0,1
"z[116,7]",0.891555555555556,0.310975460571048,0,1,1,1,1,1.00089150712928,4230,1,1
"z[117,7]",0.866444444444444,0.340211978135586,0,1,1,1,1,1.0003086516481,4500,1,1
"z[118,7]",0.867777777777778,0.338769847401279,0,1,1,1,1,1.00128898152171,2678,1,1
"z[119,7]",1,0,1,1,1,1,1,NA,1,0,1
"z[120,7]",0.857555555555556,0.349544240495844,0,1,1,1,1,1.00174433633527,1963,1,1
"z[121,7]",1,0,1,1,1,1,1,NA,1,0,1
"z[122,7]",0.123111111111111,0.32860121836697,0,0,0,0,1,1.00268412332101,1531,1,1
"z[123,7]",0.380666666666667,0.485604734545429,0,0,0,1,1,0.999910490311244,4500,1,1
"z[124,7]",0.564,0.495942191671005,0,0,1,1,1,1.00000114137356,4500,1,1
"z[125,7]",1,0,1,1,1,1,1,NA,1,0,1
"z[126,7]",0.967333333333333,0.177782392941008,0,1,1,1,1,1.00350044013251,4103,1,1
"z[127,7]",0.0322222222222222,0.176609404971474,0,0,0,0,1,1.00211902592783,4500,1,1
"z[128,7]",0.0644444444444444,0.245570273205584,0,0,0,0,1,1.00099489905181,4500,1,1
"z[129,7]",1,0,1,1,1,1,1,NA,1,0,1
"z[130,7]",0.0291111111111111,0.168136660277006,0,0,0,0,1,1.00080800288408,4500,1,1
"z[131,7]",1,0,1,1,1,1,1,NA,1,0,1
"z[132,7]",0.108,0.310414904214329,0,0,0,0,1,0.999834238814714,4500,1,1
"z[133,7]",1,0,1,1,1,1,1,NA,1,0,1
"z[134,7]",1,0,1,1,1,1,1,NA,1,0,1
"z[135,7]",0.554666666666667,0.497057802688137,0,0,1,1,1,1.00044154708192,2618,1,1
"z[136,7]",0.252444444444444,0.434463109111385,0,0,0,1,1,0.999812719126624,4500,1,1
"z[137,7]",1,0,1,1,1,1,1,NA,1,0,1
"z[138,7]",0.863555555555556,0.343298045001655,0,1,1,1,1,1.00079611734616,3747,1,1
"z[139,7]",1,0,1,1,1,1,1,NA,1,0,1
"z[140,7]",1,0,1,1,1,1,1,NA,1,0,1
"z[141,7]",1,0,1,1,1,1,1,NA,1,0,1
"z[142,7]",1,0,1,1,1,1,1,NA,1,0,1
"z[143,7]",0.000666666666666667,0.0258141493083176,0,0,0,0,0,NA,4500,1,1
"z[144,7]",1,0,1,1,1,1,1,NA,1,0,1
"z[145,7]",0.926444444444444,0.261075243046752,0,1,1,1,1,1.00263446010033,2470,1,1
"z[146,7]",0.937555555555556,0.241987910285634,0,1,1,1,1,1.00045129299374,4500,1,1
"z[147,7]",1,0,1,1,1,1,1,NA,1,0,1
"z[148,7]",1,0,1,1,1,1,1,NA,1,0,1
"z[149,7]",0.937555555555556,0.241987910285634,0,1,1,1,1,1.001659575024,4281,1,1
"z[150,7]",0.646222222222222,0.478194392749094,0,0,1,1,1,0.999837256001142,4500,1,1
"z[151,7]",0.859333333333333,0.347716010056626,0,1,1,1,1,1.00388561711313,983,1,1
"z[152,7]",1,0,1,1,1,1,1,NA,1,0,1
"z[153,7]",1,0,1,1,1,1,1,NA,1,0,1
"z[154,7]",1,0,1,1,1,1,1,NA,1,0,1
"z[155,7]",1,0,1,1,1,1,1,NA,1,0,1
"z[156,7]",1,0,1,1,1,1,1,NA,1,0,1
"z[157,7]",1,0,1,1,1,1,1,NA,1,0,1
"z[158,7]",1,0,1,1,1,1,1,NA,1,0,1
"z[159,7]",1,0,1,1,1,1,1,NA,1,0,1
"z[160,7]",1,0,1,1,1,1,1,NA,1,0,1
"z[161,7]",0.806444444444444,0.395128456639485,0,1,1,1,1,0.999716239531278,4500,1,1
"z[162,7]",1,0,1,1,1,1,1,NA,1,0,1
"z[163,7]",0.0366666666666667,0.18796295738691,0,0,0,0,1,1.00326506457212,3910,1,1
"z[164,7]",1,0,1,1,1,1,1,NA,1,0,1
"z[165,7]",1,0,1,1,1,1,1,NA,1,0,1
"z[166,7]",0.732444444444444,0.442733710849067,0,0,1,1,1,0.99966725385885,4500,1,1
"z[167,7]",0.808222222222222,0.393742953740522,0,1,1,1,1,0.999735490594331,4500,1,1
"z[168,7]",0.860888888888889,0.346100894176313,0,1,1,1,1,0.99993715350648,4500,1,1
"z[169,7]",0.866222222222222,0.340451231560198,0,1,1,1,1,1.00099135034357,3256,1,1
"z[170,7]",0.889111111111111,0.314029389601949,0,1,1,1,1,1.00241499157677,1843,1,1
"z[171,7]",1,0,1,1,1,1,1,NA,1,0,1
"z[172,7]",1,0,1,1,1,1,1,NA,1,0,1
"z[173,7]",1,0,1,1,1,1,1,NA,1,0,1
"z[174,7]",1,0,1,1,1,1,1,NA,1,0,1
"z[175,7]",1,0,1,1,1,1,1,NA,1,0,1
"z[176,7]",1,0,1,1,1,1,1,NA,1,0,1
"z[177,7]",1,0,1,1,1,1,1,NA,1,0,1
"z[178,7]",0.342222222222222,0.474506277674274,0,0,0,1,1,0.999844125844832,4500,1,1
"z[179,7]",0.489333333333333,0.499941761444901,0,0,0,1,1,1.0002735031562,3302,1,1
"z[180,7]",0.172888888888889,0.378193211805201,0,0,0,0,1,1.00329365892377,964,1,1
"z[181,7]",0.002,0.0446815807032984,0,0,0,0,0,1.01775579934475,4500,1,1
"z[182,7]",1,0,1,1,1,1,1,NA,1,0,1
"z[183,7]",0.00288888888888889,0.0536766566849176,0,0,0,0,0,1.01987494187977,4500,1,1
"z[184,7]",1,0,1,1,1,1,1,NA,1,0,1
"z[185,7]",1,0,1,1,1,1,1,NA,1,0,1
"z[186,7]",0.642666666666667,0.479267426453253,0,0,1,1,1,1.00017889679845,4260,1,1
"z[187,7]",0.469111111111111,0.499100423134088,0,0,0,1,1,1.00139883506417,1164,1,1
"z[188,7]",0.397555555555556,0.489447005298862,0,0,0,1,1,1.00037754023768,2944,1,1
"z[189,7]",0.399333333333333,0.489815820155943,0,0,0,1,1,1.00074480612122,1935,1,1
"z[190,7]",0.350222222222222,0.477092442702358,0,0,0,1,1,1.00163348792438,1122,1,1
"z[191,7]",0.447333333333333,0.497273741106578,0,0,0,1,1,1.00019030685024,3864,1,1
"z[192,7]",0.531333333333333,0.499072712041911,0,0,1,1,1,1.00004074289666,4500,1,1
"z[193,7]",0.591555555555556,0.491600737364081,0,0,1,1,1,0.999722834061296,4500,1,1
"z[194,7]",0.446,0.497130686801717,0,0,0,1,1,1.00054602140719,2305,1,1
"z[195,7]",0.487111111111111,0.499889395289257,0,0,0,1,1,1.00022762142122,3571,1,1
"z[196,7]",0.428444444444444,0.494908306960527,0,0,0,1,1,0.999728766182237,4500,1,1
"z[197,7]",0.500444444444444,0.500055367263675,0,0,1,1,1,1.00003460186711,4500,1,1
"z[198,7]",0.552222222222222,0.497320622174249,0,0,1,1,1,1.00169540158114,1001,1,1
"z[199,7]",0.403555555555556,0.490664824063724,0,0,0,1,1,1.0003789428965,2921,1,1
"z[200,7]",0.459555555555556,0.498416945173493,0,0,0,1,1,1.00086336152959,1687,1,1
"deviance",2811.78101464206,40.1961137421351,2737.13702467571,2784.09799369272,2810.53661432123,2838.55457542001,2893.26739566013,1.00023938899323,4366,0,1
