,species,year,date,Site,n_files
1,Myotis,2025,2025-07-03,DrivingTransects,1
2,LACI,2025,2025-06-23,HHLRP1,1
3,LACI,2025,2025-06-25,HHLRP1,1
4,LANO,2025,2025-06-09,foorp1,2
5,LANO,2025,2025-06-10,DrivingTransects,5
6,LANO,2025,2025-06-10,foofr2,1
7,LANO,2025,2025-06-10,fooms1,1
8,LANO,2025,2025-06-10,foorp1,1
9,LANO,2025,2025-06-11,DrivingTransects,10
10,LANO,2025,2025-06-11,foofr2,1
11,LANO,2025,2025-06-11,fooms1,1
12,LANO,2025,2025-06-12,fooms1,2
13,LANO,2025,2025-06-13,HHLLK1,7
14,LANO,2025,2025-06-13,HHLMS1,4
15,LANO,2025,2025-06-13,HHLRP1,4
16,LANO,2025,2025-06-14,HHLLK1,186
17,LANO,2025,2025-06-14,HHLMS1,1
18,LANO,2025,2025-06-14,HHLRP1,2
19,LANO,2025,2025-06-14,foofr2,11
20,LANO,2025,2025-06-14,foorp1,1
21,LANO,2025,2025-06-15,HHLLK1,34
22,LANO,2025,2025-06-15,HHLMS1,1
23,LANO,2025,2025-06-15,HHLRP1,1
24,LANO,2025,2025-06-15,foofr2,7
25,LANO,2025,2025-06-15,foorp1,1
26,LANO,2025,2025-06-16,HHLLK1,10
27,LANO,2025,2025-06-16,foofr2,1
28,LANO,2025,2025-06-17,HHLLK1,243
29,LANO,2025,2025-06-17,HHLRP1,1
30,LANO,2025,2025-06-18,HHLLK1,1
31,LANO,2025,2025-06-20,DrivingTransects,10
32,LANO,2025,2025-06-20,HHLLK1,196
33,LANO,2025,2025-06-20,HHLMS1,2
34,LANO,2025,2025-06-20,HHLRP1,10
35,LANO,2025,2025-06-21,DrivingTransects,3
36,LANO,2025,2025-06-21,HHLLK1,56
37,LANO,2025,2025-06-21,HHLMS1,2
38,LANO,2025,2025-06-21,HHLRP1,42
39,LANO,2025,2025-06-22,HHLLK1,3
40,LANO,2025,2025-06-22,HHLRP1,187
41,LANO,2025,2025-06-23,HHLLK1,29
42,LANO,2025,2025-06-23,HHLRP1,55
43,LANO,2025,2025-06-23,TLLLK2,4
44,LANO,2025,2025-06-24,HHLMS1,3
45,LANO,2025,2025-06-24,HHLRP1,44
46,LANO,2025,2025-06-24,STKRP2,6
47,LANO,2025,2025-06-25,HHLMS1,2
48,LANO,2025,2025-06-25,HHLRP1,396
49,LANO,2025,2025-06-25,STKBE3,2
50,LANO,2025,2025-06-25,TLLLK2,1
51,LANO,2025,2025-06-26,HHLRP1,24
52,LANO,2025,2025-06-26,STKBE3,4
53,LANO,2025,2025-06-26,STKRP2,2
54,LANO,2025,2025-06-26,TLLLK2,4
55,LANO,2025,2025-06-27,TLLLK2,2
56,LANO,2025,2025-06-29,STKBE3,1
57,LANO,2025,2025-06-30,MVAFR1,1
58,LANO,2025,2025-06-30,STKBE3,3
59,LANO,2025,2025-06-30,STKRP2,26
60,LANO,2025,2025-06-30,TLLLK2,1
61,LANO,2025,2025-06-30,doube2,1
62,LANO,2025,2025-06-30,doums1,1
63,LANO,2025,2025-07-01,DrivingTransects,5
64,LANO,2025,2025-07-01,MVAWT2,2
65,LANO,2025,2025-07-01,TLLLK2,1
66,LANO,2025,2025-07-01,TLLMS1,1
67,LANO,2025,2025-07-02,MVAPD1,1
68,LANO,2025,2025-07-02,MVAWT2,6
69,LANO,2025,2025-07-02,STKMS2,1
70,LANO,2025,2025-07-02,STKRP2,32
71,LANO,2025,2025-07-02,TLLLK2,2
72,LANO,2025,2025-07-03,DrivingTransects,10
73,LANO,2025,2025-07-03,MVAPD1,1
74,LANO,2025,2025-07-03,MVAWT2,1
75,LANO,2025,2025-07-03,TLLLK2,4
76,LANO,2025,2025-07-04,MVAPD1,1
77,LANO,2025,2025-07-04,STKRP2,2
78,LANO,2025,2025-07-04,TLLLK2,2
79,LANO,2025,2025-07-05,DrivingTransects,1
80,LANO,2025,2025-07-05,MVAFR1,3
81,LANO,2025,2025-07-05,MVAPD1,1
82,LANO,2025,2025-07-05,STKRP2,4
83,LANO,2025,2025-07-05,TLLLK2,10
84,LANO,2025,2025-07-06,MVAFR1,1
85,LANO,2025,2025-07-06,MVAWT2,3
86,LANO,2025,2025-07-06,STKRP2,10
87,LANO,2025,2025-07-08,STKRP2,20
88,LANO,2025,2025-07-08,TLLLK2,4
89,LANO,2025,2025-07-09,DrivingTransects,9
90,LANO,2025,2025-07-09,MVAPD1,1
91,LANO,2025,2025-07-09,MVAWT2,2
92,LANO,2025,2025-07-09,STKRP2,8
93,LANO,2025,2025-07-10,MVAFR1,3
94,LANO,2025,2025-07-10,STKRP2,2
95,LANO,2025,2025-07-11,MVAWT2,1
96,LANO,2025,2025-07-11,STKRP2,7
97,LANO,2025,2025-07-12,STKRP2,6
98,LANO,2025,2025-07-13,TLLLK2,1
99,NOID,2025,2025-06-22,HHLRP1,1
100,NOID,2025,2025-06-29,TLLLK2,1
101,NOID,2025,2025-07-05,TLLLK2,1
102,NOID,2025,2025-07-14,TLLLK2,1
103,NOID,2025,2025-06-14,HHLLK1,2
104,NOID,2025,2025-06-17,HHLLK1,3
105,NOID,2025,2025-06-20,HHLLK1,1
106,NOID,2025,2025-06-14,HHLLK1,2
107,NOID,2025,2025-06-16,HHLLK1,1
108,NOID,2025,2025-06-17,HHLLK1,2
109,LACILANO,2025,2025-06-22,HHLRP1,2
110,LACILANO,2025,2025-06-24,HHLRP1,3
111,LACILANO,2025,2025-06-25,HHLRP1,2
112,MYCA,2025,2025-06-09,foorp1,2
113,MYCA,2025,2025-06-10,foorp1,1
114,MYCA,2025,2025-06-12,foorp1,8
115,MYCA,2025,2025-06-13,HHLFR1,11
116,MYCA,2025,2025-06-13,HHLLK1,2
117,MYCA,2025,2025-06-13,fooms1,1
118,MYCA,2025,2025-06-13,foorp1,3
119,MYCA,2025,2025-06-14,HHLFR1,13
120,MYCA,2025,2025-06-14,HHLLK1,1
121,MYCA,2025,2025-06-14,HHLRP1,1
122,MYCA,2025,2025-06-14,foofr2,1
123,MYCA,2025,2025-06-14,foorp1,3
124,MYCA,2025,2025-06-15,HHLFR1,2
125,MYCA,2025,2025-06-15,HHLRP1,6
126,MYCA,2025,2025-06-15,foorp1,4
127,MYCA,2025,2025-06-16,HHLFR1,8
128,MYCA,2025,2025-06-16,HHLRP1,3
129,MYCA,2025,2025-06-16,fooms1,1
130,MYCA,2025,2025-06-16,foorp1,4
131,MYCA,2025,2025-06-17,HHLFR1,14
132,MYCA,2025,2025-06-17,HHLLK1,1
133,MYCA,2025,2025-06-17,HHLRP1,1
134,MYCA,2025,2025-06-18,HHLFR1,4
135,MYCA,2025,2025-06-18,HHLRP1,3
136,MYCA,2025,2025-06-19,HHLFR1,3
137,MYCA,2025,2025-06-20,HHLFR1,7
138,MYCA,2025,2025-06-20,HHLLK1,1
139,MYCA,2025,2025-06-20,HHLRP1,1
140,MYCA,2025,2025-06-20,TLLFR2,5
141,MYCA,2025,2025-06-20,TLLRP2,30
142,MYCA,2025,2025-06-21,HHLFR1,13
143,MYCA,2025,2025-06-21,TLLFR2,2
144,MYCA,2025,2025-06-21,TLLLK2,2
145,MYCA,2025,2025-06-21,TLLMS1,3
146,MYCA,2025,2025-06-21,TLLRP2,19
147,MYCA,2025,2025-06-22,HHLFR1,7
148,MYCA,2025,2025-06-22,HHLRP1,6
149,MYCA,2025,2025-06-22,TLLFR2,2
150,MYCA,2025,2025-06-22,TLLLK2,1
151,MYCA,2025,2025-06-23,HHLFR1,8
152,MYCA,2025,2025-06-23,HHLRP1,1
153,MYCA,2025,2025-06-23,TLLFR2,3
154,MYCA,2025,2025-06-23,TLLLK2,1
155,MYCA,2025,2025-06-24,HHLFR1,3
156,MYCA,2025,2025-06-24,HHLMS1,1
157,MYCA,2025,2025-06-24,STKMS2,43
158,MYCA,2025,2025-06-24,STKRP2,66
159,MYCA,2025,2025-06-25,HHLRP1,1
160,MYCA,2025,2025-06-25,STKBE3,4
161,MYCA,2025,2025-06-25,STKMS2,22
162,MYCA,2025,2025-06-25,STKRP2,6
163,MYCA,2025,2025-06-25,TLLFR2,3
164,MYCA,2025,2025-06-25,TLLMS1,1
165,MYCA,2025,2025-06-26,HHLFR1,2
166,MYCA,2025,2025-06-26,STKBE3,2
167,MYCA,2025,2025-06-26,STKMS2,6
168,MYCA,2025,2025-06-26,STKRP2,8
169,MYCA,2025,2025-06-27,STKBE3,2
170,MYCA,2025,2025-06-27,TLLMS1,1
171,MYCA,2025,2025-06-29,STKBE3,1
172,MYCA,2025,2025-06-29,STKMS2,9
173,MYCA,2025,2025-06-29,TLLFR2,2
174,MYCA,2025,2025-06-30,MVAFR1,2
175,MYCA,2025,2025-06-30,MVAPD1,1
176,MYCA,2025,2025-06-30,STKBE3,1
177,MYCA,2025,2025-06-30,STKMS2,20
178,MYCA,2025,2025-06-30,STKRP2,168
179,MYCA,2025,2025-06-30,TLLMS1,1
180,MYCA,2025,2025-07-01,MVAFR1,2
181,MYCA,2025,2025-07-01,MVAPD1,5
182,MYCA,2025,2025-07-01,STKBE3,2
183,MYCA,2025,2025-07-01,STKMS2,5
184,MYCA,2025,2025-07-01,TLLFR2,2
185,MYCA,2025,2025-07-01,TLLMS1,1
186,MYCA,2025,2025-07-02,MVAFR1,1
187,MYCA,2025,2025-07-02,MVAPD1,18
188,MYCA,2025,2025-07-02,STKMS2,5
189,MYCA,2025,2025-07-02,STKPD1,6
190,MYCA,2025,2025-07-02,STKRP2,60
191,MYCA,2025,2025-07-02,TLLFR2,7
192,MYCA,2025,2025-07-02,TLLMS1,1
193,MYCA,2025,2025-07-03,MVAFR1,2
194,MYCA,2025,2025-07-03,MVAPD1,1
195,MYCA,2025,2025-07-03,STKMS2,1
196,MYCA,2025,2025-07-03,STKRP2,36
197,MYCA,2025,2025-07-03,TLLFR2,12
198,MYCA,2025,2025-07-03,TLLMS1,2
199,MYCA,2025,2025-07-04,MVAFR1,5
200,MYCA,2025,2025-07-04,MVAPD1,2
201,MYCA,2025,2025-07-04,STKMS2,3
202,MYCA,2025,2025-07-04,STKPD1,6
203,MYCA,2025,2025-07-04,STKRP2,22
204,MYCA,2025,2025-07-04,TLLFR2,7
205,MYCA,2025,2025-07-04,TLLMS1,3
206,MYCA,2025,2025-07-05,MVAFR1,4
207,MYCA,2025,2025-07-05,STKMS2,10
208,MYCA,2025,2025-07-05,STKRP2,38
209,MYCA,2025,2025-07-05,TLLFR2,12
210,MYCA,2025,2025-07-06,MVAFR1,4
211,MYCA,2025,2025-07-06,MVAPD1,1
212,MYCA,2025,2025-07-06,STKRP2,46
213,MYCA,2025,2025-07-06,TLLLK2,1
214,MYCA,2025,2025-07-07,MVAFR1,7
215,MYCA,2025,2025-07-07,MVAPD1,2
216,MYCA,2025,2025-07-07,STKRP2,9
217,MYCA,2025,2025-07-07,TLLLK2,1
218,MYCA,2025,2025-07-08,MVAPD1,6
219,MYCA,2025,2025-07-08,STKRP2,56
220,MYCA,2025,2025-07-08,TLLLK2,1
221,MYCA,2025,2025-07-09,DrivingTransects,1
222,MYCA,2025,2025-07-09,MVAPD1,2
223,MYCA,2025,2025-07-09,STKPD1,2
224,MYCA,2025,2025-07-09,STKRP2,29
225,MYCA,2025,2025-07-10,MVAPD1,1
226,MYCA,2025,2025-07-10,STKRP2,57
227,MYCA,2025,2025-07-11,MVAPD1,1
228,MYCA,2025,2025-07-11,STKRP2,12
229,MYCA,2025,2025-07-12,STKRP2,68
230,MYCA,2025,2025-07-12,TLLLK2,1
231,MYCA,2025,2025-07-13,STKPD1,2
232,MYCA,2025,2025-07-16,STKPD1,3
233,MYCAMYLU,2025,2025-06-20,HHLFR1,1
234,MYCAMYLU,2025,2025-06-20,TLLRP2,1
235,MYCAMYLU,2025,2025-06-23,TLLMS1,1
236,MYCAMYLU,2025,2025-06-24,STKRP2,4
237,MYCAMYLU,2025,2025-06-27,STKBE3,2
238,MYCAMYLU,2025,2025-06-30,STKRP2,6
239,MYCAMYLU,2025,2025-07-03,MVAPD1,1
240,MYCAMYLU,2025,2025-07-03,TLLLK2,1
241,MYCAMYLU,2025,2025-07-04,MVAFR1,1
242,MYCAMYLU,2025,2025-07-05,MVAPD1,1
243,MYCAMYLU,2025,2025-07-05,STKRP2,2
244,MYCAMYLU,2025,2025-07-08,STKRP2,4
245,MYCAMYLU,2025,2025-07-09,STKRP2,1
246,MYCAMYLU,2025,2025-07-10,STKRP2,2
247,MYCAMYLU,2025,2025-07-11,STKRP2,1
248,MYCAMYYU,2025,2025-06-11,DrivingTransects,1
249,MYCAMYYU,2025,2025-06-12,foorp1,1
250,MYCAMYYU,2025,2025-06-14,HHLLK1,1
251,MYCAMYYU,2025,2025-06-22,HHLLK1,1
252,MYCAMYYU,2025,2025-06-25,HHLLK1,1
253,MYCAMYYU,2025,2025-06-27,STKBE3,2
254,MYCAMYYU,2025,2025-07-01,STKBE3,1
255,MYCAMYYU,2025,2025-07-01,TLLFR2,1
256,MYCAMYYU,2025,2025-07-02,STKRP2,4
257,MYCAMYYU,2025,2025-07-03,DrivingTransects,1
258,MYCAMYYU,2025,2025-07-03,TLLFR2,1
259,MYCAMYYU,2025,2025-07-05,TLLFR2,1
260,MYCAMYYU,2025,2025-07-10,STKRP2,1
261,MYEV,2025,2025-06-09,fooms1,1
262,MYEV,2025,2025-06-09,foorp1,4
263,MYEV,2025,2025-06-10,DrivingTransects,1
264,MYEV,2025,2025-06-10,fooms1,1
265,MYEV,2025,2025-06-11,DrivingTransects,5
266,MYEV,2025,2025-06-12,foofr2,1
267,MYEV,2025,2025-06-12,foorp1,1
268,MYEV,2025,2025-06-13,HHLFR1,2
269,MYEV,2025,2025-06-13,HHLRP1,1
270,MYEV,2025,2025-06-13,foofr2,2
271,MYEV,2025,2025-06-13,foorp1,2
272,MYEV,2025,2025-06-14,HHLFR1,9
273,MYEV,2025,2025-06-14,foofr2,2
274,MYEV,2025,2025-06-14,foorp1,1
275,MYEV,2025,2025-06-15,foorp1,4
276,MYEV,2025,2025-06-16,HHLFR1,5
277,MYEV,2025,2025-06-16,HHLLK1,2
278,MYEV,2025,2025-06-16,HHLMS1,1
279,MYEV,2025,2025-06-16,HHLRP1,3
280,MYEV,2025,2025-06-16,foofr2,1
281,MYEV,2025,2025-06-17,HHLFR1,4
282,MYEV,2025,2025-06-17,HHLLK1,1
283,MYEV,2025,2025-06-17,HHLMS1,2
284,MYEV,2025,2025-06-18,HHLFR1,4
285,MYEV,2025,2025-06-19,HHLFR1,2
286,MYEV,2025,2025-06-19,HHLLK1,2
287,MYEV,2025,2025-06-19,HHLRP1,3
288,MYEV,2025,2025-06-20,HHLFR1,10
289,MYEV,2025,2025-06-20,HHLLK1,2
290,MYEV,2025,2025-06-20,HHLMS1,5
291,MYEV,2025,2025-06-20,HHLRP1,9
292,MYEV,2025,2025-06-20,TLLFR2,1
293,MYEV,2025,2025-06-20,TLLMS1,5
294,MYEV,2025,2025-06-20,TLLRP2,8
295,MYEV,2025,2025-06-21,HHLFR1,12
296,MYEV,2025,2025-06-21,HHLMS1,2
297,MYEV,2025,2025-06-21,HHLRP1,1
298,MYEV,2025,2025-06-21,TLLFR2,21
299,MYEV,2025,2025-06-21,TLLLK2,1
300,MYEV,2025,2025-06-21,TLLRP2,19
301,MYEV,2025,2025-06-22,HHLFR1,16
302,MYEV,2025,2025-06-22,HHLMS1,4
303,MYEV,2025,2025-06-22,HHLRP1,2
304,MYEV,2025,2025-06-22,TLLFR2,26
305,MYEV,2025,2025-06-22,TLLLK2,3
306,MYEV,2025,2025-06-22,TLLMS1,1
307,MYEV,2025,2025-06-23,HHLFR1,25
308,MYEV,2025,2025-06-23,HHLLK1,3
309,MYEV,2025,2025-06-23,HHLMS1,3
310,MYEV,2025,2025-06-23,TLLFR2,1
311,MYEV,2025,2025-06-23,TLLLK2,4
312,MYEV,2025,2025-06-23,TLLMS1,2
313,MYEV,2025,2025-06-24,HHLFR1,2
314,MYEV,2025,2025-06-24,HHLMS1,1
315,MYEV,2025,2025-06-24,TLLLK2,2
316,MYEV,2025,2025-06-24,TLLMS1,1
317,MYEV,2025,2025-06-25,HHLFR1,4
318,MYEV,2025,2025-06-25,HHLMS1,2
319,MYEV,2025,2025-06-25,STKBE3,4
320,MYEV,2025,2025-06-25,TLLMS1,1
321,MYEV,2025,2025-06-26,HHLFR1,1
322,MYEV,2025,2025-06-26,HHLRP1,1
323,MYEV,2025,2025-06-26,TLLMS1,1
324,MYEV,2025,2025-06-27,TLLFR2,4
325,MYEV,2025,2025-06-27,TLLMS1,1
326,MYEV,2025,2025-06-28,doube2,3
327,MYEV,2025,2025-06-29,TLLLK2,5
328,MYEV,2025,2025-06-29,TLLMS1,1
329,MYEV,2025,2025-06-29,doube2,1
330,MYEV,2025,2025-06-29,dourp1,1
331,MYEV,2025,2025-06-30,MVAFR1,1
332,MYEV,2025,2025-06-30,MVAPD1,3
333,MYEV,2025,2025-06-30,TLLLK2,20
334,MYEV,2025,2025-06-30,TLLMS1,1
335,MYEV,2025,2025-07-01,MVAFR1,4
336,MYEV,2025,2025-07-01,MVAPD1,5
337,MYEV,2025,2025-07-01,TLLLK2,22
338,MYEV,2025,2025-07-01,TLLMS1,2
339,MYEV,2025,2025-07-01,doums1,1
340,MYEV,2025,2025-07-02,MVAPD1,6
341,MYEV,2025,2025-07-02,TLLFR2,17
342,MYEV,2025,2025-07-02,TLLLK2,10
343,MYEV,2025,2025-07-02,TLLMS1,2
344,MYEV,2025,2025-07-03,DrivingTransects,2
345,MYEV,2025,2025-07-03,MVAPD1,1
346,MYEV,2025,2025-07-03,TLLFR2,31
347,MYEV,2025,2025-07-03,TLLLK2,2
348,MYEV,2025,2025-07-03,TLLMS1,2
349,MYEV,2025,2025-07-03,doums1,1
350,MYEV,2025,2025-07-04,MVAPD1,4
351,MYEV,2025,2025-07-04,STKMS2,1
352,MYEV,2025,2025-07-04,TLLFR2,38
353,MYEV,2025,2025-07-04,TLLLK2,13
354,MYEV,2025,2025-07-05,MVAFR1,2
355,MYEV,2025,2025-07-05,MVAPD1,4
356,MYEV,2025,2025-07-05,MVAWT2,1
357,MYEV,2025,2025-07-05,TLLFR2,35
358,MYEV,2025,2025-07-05,TLLLK2,6
359,MYEV,2025,2025-07-05,doums1,2
360,MYEV,2025,2025-07-06,MVAPD1,6
361,MYEV,2025,2025-07-06,TLLFR2,4
362,MYEV,2025,2025-07-06,TLLLK2,2
363,MYEV,2025,2025-07-07,MVAPD1,1
364,MYEV,2025,2025-07-07,TLLLK2,9
365,MYEV,2025,2025-07-08,TLLLK2,4
366,MYEV,2025,2025-07-09,DrivingTransects,1
367,MYEV,2025,2025-07-09,MVAPD1,2
368,MYEV,2025,2025-07-09,MVAWT2,1
369,MYEV,2025,2025-07-09,TLLLK2,2
370,MYEV,2025,2025-07-10,MVAFR1,1
371,MYEV,2025,2025-07-10,MVAPD1,1
372,MYEV,2025,2025-07-11,MVAPD1,1
373,MYEV,2025,2025-07-11,TLLLK2,1
374,MYEV,2025,2025-07-12,TLLLK2,19
375,MYEV,2025,2025-07-13,TLLLK2,20
376,MYEV,2025,2025-07-14,STKPD1,2
377,MYEV,2025,2025-07-14,TLLLK2,5
378,MYEVMYLU,2025,2025-07-01,MVAFR1,1
379,MYEVMYLU,2025,2025-07-06,MVAFR1,1
380,MYEVMYLU,2025,2025-07-07,TLLLK2,3
381,MYEVMYLU,2025,2025-07-10,MVAPD1,1
382,MYEVMYVO,2025,2025-06-21,HHLFR1,1
383,MYLU,2025,2025-06-10,DrivingTransects,1
384,MYLU,2025,2025-06-11,DrivingTransects,4
385,MYLU,2025,2025-06-11,foofr2,1
386,MYLU,2025,2025-06-11,foorp1,1
387,MYLU,2025,2025-06-12,fooms1,1
388,MYLU,2025,2025-06-12,foorp1,1
389,MYLU,2025,2025-06-13,HHLLK1,68
390,MYLU,2025,2025-06-13,HHLMS1,1
391,MYLU,2025,2025-06-13,HHLRP1,1
392,MYLU,2025,2025-06-13,foofr2,1
393,MYLU,2025,2025-06-13,foorp1,2
394,MYLU,2025,2025-06-14,HHLLK1,39
395,MYLU,2025,2025-06-14,HHLMS1,2
396,MYLU,2025,2025-06-14,HHLRP1,3
397,MYLU,2025,2025-06-14,fooms1,4
398,MYLU,2025,2025-06-14,foorp1,1
399,MYLU,2025,2025-06-15,HHLLK1,29
400,MYLU,2025,2025-06-15,HHLMS1,3
401,MYLU,2025,2025-06-15,HHLRP1,2
402,MYLU,2025,2025-06-15,fooms1,1
403,MYLU,2025,2025-06-15,foorp1,4
404,MYLU,2025,2025-06-16,HHLLK1,58
405,MYLU,2025,2025-06-16,HHLRP1,3
406,MYLU,2025,2025-06-16,foofr2,1
407,MYLU,2025,2025-06-16,foorp1,3
408,MYLU,2025,2025-06-17,HHLLK1,47
409,MYLU,2025,2025-06-18,HHLLK1,46
410,MYLU,2025,2025-06-18,HHLMS1,4
411,MYLU,2025,2025-06-19,HHLLK1,54
412,MYLU,2025,2025-06-19,HHLMS1,3
413,MYLU,2025,2025-06-19,HHLRP1,1
414,MYLU,2025,2025-06-20,DrivingTransects,2
415,MYLU,2025,2025-06-20,HHLLK1,39
416,MYLU,2025,2025-06-20,HHLMS1,2
417,MYLU,2025,2025-06-20,HHLRP1,3
418,MYLU,2025,2025-06-20,TLLLK2,380
419,MYLU,2025,2025-06-20,TLLMS1,8
420,MYLU,2025,2025-06-21,DrivingTransects,2
421,MYLU,2025,2025-06-21,HHLFR1,3
422,MYLU,2025,2025-06-21,HHLLK1,22
423,MYLU,2025,2025-06-21,HHLRP1,2
424,MYLU,2025,2025-06-21,TLLFR2,1
425,MYLU,2025,2025-06-21,TLLLK2,75
426,MYLU,2025,2025-06-21,TLLMS1,3
427,MYLU,2025,2025-06-21,TLLRP2,4
428,MYLU,2025,2025-06-22,HHLFR1,1
429,MYLU,2025,2025-06-22,HHLLK1,11
430,MYLU,2025,2025-06-22,HHLMS1,15
431,MYLU,2025,2025-06-22,HHLRP1,8
432,MYLU,2025,2025-06-22,TLLLK2,75
433,MYLU,2025,2025-06-22,TLLMS1,3
434,MYLU,2025,2025-06-23,HHLLK1,10
435,MYLU,2025,2025-06-23,HHLMS1,2
436,MYLU,2025,2025-06-23,HHLRP1,9
437,MYLU,2025,2025-06-23,TLLLK2,65
438,MYLU,2025,2025-06-23,TLLMS1,5
439,MYLU,2025,2025-06-24,HHLMS1,2
440,MYLU,2025,2025-06-24,STKMS2,53
441,MYLU,2025,2025-06-24,STKPD1,8
442,MYLU,2025,2025-06-24,STKRP2,50
443,MYLU,2025,2025-06-24,TLLLK2,159
444,MYLU,2025,2025-06-24,TLLMS1,4
445,MYLU,2025,2025-06-25,HHLFR1,1
446,MYLU,2025,2025-06-25,HHLLK1,4
447,MYLU,2025,2025-06-25,STKBE3,26
448,MYLU,2025,2025-06-25,STKMS2,137
449,MYLU,2025,2025-06-25,STKPD1,34
450,MYLU,2025,2025-06-25,STKRP2,2
451,MYLU,2025,2025-06-25,TLLLK2,69
452,MYLU,2025,2025-06-25,TLLMS1,2
453,MYLU,2025,2025-06-26,HHLFR1,1
454,MYLU,2025,2025-06-26,HHLMS1,1
455,MYLU,2025,2025-06-26,HHLRP1,2
456,MYLU,2025,2025-06-26,STKBE3,31
457,MYLU,2025,2025-06-26,STKMS2,11
458,MYLU,2025,2025-06-26,STKPD1,16
459,MYLU,2025,2025-06-26,STKRP2,4
460,MYLU,2025,2025-06-26,TLLFR2,2
461,MYLU,2025,2025-06-26,TLLLK2,112
462,MYLU,2025,2025-06-26,doums1,1
463,MYLU,2025,2025-06-27,STKBE3,36
464,MYLU,2025,2025-06-27,TLLLK2,60
465,MYLU,2025,2025-06-27,doube2,16
466,MYLU,2025,2025-06-27,doums1,1
467,MYLU,2025,2025-06-28,STKBE3,42
468,MYLU,2025,2025-06-28,TLLLK2,64
469,MYLU,2025,2025-06-28,doube2,51
470,MYLU,2025,2025-06-28,dourp1,1
471,MYLU,2025,2025-06-29,STKBE3,30
472,MYLU,2025,2025-06-29,STKMS2,40
473,MYLU,2025,2025-06-29,TLLFR2,1
474,MYLU,2025,2025-06-29,TLLLK2,215
475,MYLU,2025,2025-06-29,doube2,72
476,MYLU,2025,2025-06-29,doums1,1
477,MYLU,2025,2025-06-30,MVAFR1,154
478,MYLU,2025,2025-06-30,MVAPD1,113
479,MYLU,2025,2025-06-30,MVAWT2,17
480,MYLU,2025,2025-06-30,STKBE3,10
481,MYLU,2025,2025-06-30,STKMS2,43
482,MYLU,2025,2025-06-30,STKPD1,18
483,MYLU,2025,2025-06-30,STKRP2,18
484,MYLU,2025,2025-06-30,TLLLK2,224
485,MYLU,2025,2025-06-30,TLLMS1,1
486,MYLU,2025,2025-06-30,doube2,2
487,MYLU,2025,2025-06-30,doums1,7
488,MYLU,2025,2025-06-30,dourp1,1
489,MYLU,2025,2025-07-01,DrivingTransects,16
490,MYLU,2025,2025-07-01,MVAFR1,253
491,MYLU,2025,2025-07-01,MVAPD1,382
492,MYLU,2025,2025-07-01,MVAWT2,22
493,MYLU,2025,2025-07-01,STKBE3,5
494,MYLU,2025,2025-07-01,STKMS2,4
495,MYLU,2025,2025-07-01,TLLLK2,339
496,MYLU,2025,2025-07-01,TLLMS1,1
497,MYLU,2025,2025-07-01,doums1,3
498,MYLU,2025,2025-07-01,dourp1,1
499,MYLU,2025,2025-07-02,MVAFR1,55
500,MYLU,2025,2025-07-02,MVAPD1,656
501,MYLU,2025,2025-07-02,MVAWT2,9
502,MYLU,2025,2025-07-02,STKMS2,10
503,MYLU,2025,2025-07-02,STKPD1,10
504,MYLU,2025,2025-07-02,STKRP2,24
505,MYLU,2025,2025-07-02,TLLLK2,224
506,MYLU,2025,2025-07-02,TLLMS1,2
507,MYLU,2025,2025-07-02,doums1,8
508,MYLU,2025,2025-07-03,DrivingTransects,9
509,MYLU,2025,2025-07-03,MVAFR1,137
510,MYLU,2025,2025-07-03,MVAPD1,453
511,MYLU,2025,2025-07-03,MVAWT2,18
512,MYLU,2025,2025-07-03,STKMS2,18
513,MYLU,2025,2025-07-03,STKPD1,14
514,MYLU,2025,2025-07-03,STKRP2,20
515,MYLU,2025,2025-07-03,TLLFR2,1
516,MYLU,2025,2025-07-03,TLLLK2,224
517,MYLU,2025,2025-07-03,dourp1,1
518,MYLU,2025,2025-07-04,MVAFR1,183
519,MYLU,2025,2025-07-04,MVAPD1,646
520,MYLU,2025,2025-07-04,MVAWT2,29
521,MYLU,2025,2025-07-04,STKMS2,14
522,MYLU,2025,2025-07-04,STKPD1,18
523,MYLU,2025,2025-07-04,STKRP2,4
524,MYLU,2025,2025-07-04,TLLFR2,2
525,MYLU,2025,2025-07-04,TLLLK2,83
526,MYLU,2025,2025-07-04,TLLMS1,3
527,MYLU,2025,2025-07-05,DrivingTransects,12
528,MYLU,2025,2025-07-05,MVAFR1,185
529,MYLU,2025,2025-07-05,MVAPD1,494
530,MYLU,2025,2025-07-05,MVAWT2,17
531,MYLU,2025,2025-07-05,STKMS2,56
532,MYLU,2025,2025-07-05,STKPD1,20
533,MYLU,2025,2025-07-05,STKRP2,12
534,MYLU,2025,2025-07-05,TLLLK2,134
535,MYLU,2025,2025-07-05,doums1,3
536,MYLU,2025,2025-07-05,dourp1,1
537,MYLU,2025,2025-07-06,MVAFR1,154
538,MYLU,2025,2025-07-06,MVAPD1,146
539,MYLU,2025,2025-07-06,MVAWT2,11
540,MYLU,2025,2025-07-06,STKRP2,12
541,MYLU,2025,2025-07-06,TLLFR2,1
542,MYLU,2025,2025-07-06,TLLLK2,60
543,MYLU,2025,2025-07-06,doums1,2
544,MYLU,2025,2025-07-06,dourp1,2
545,MYLU,2025,2025-07-07,MVAFR1,54
546,MYLU,2025,2025-07-07,MVAPD1,62
547,MYLU,2025,2025-07-07,MVAWT2,19
548,MYLU,2025,2025-07-07,STKRP2,20
549,MYLU,2025,2025-07-07,TLLLK2,165
550,MYLU,2025,2025-07-08,MVAFR1,60
551,MYLU,2025,2025-07-08,MVAPD1,101
552,MYLU,2025,2025-07-08,MVAWT2,7
553,MYLU,2025,2025-07-08,STKRP2,16
554,MYLU,2025,2025-07-08,TLLLK2,313
555,MYLU,2025,2025-07-08,doufr1,2
556,MYLU,2025,2025-07-09,DrivingTransects,14
557,MYLU,2025,2025-07-09,MVAFR1,158
558,MYLU,2025,2025-07-09,MVAPD1,170
559,MYLU,2025,2025-07-09,MVAWT2,17
560,MYLU,2025,2025-07-09,STKPD1,6
561,MYLU,2025,2025-07-09,STKRP2,3
562,MYLU,2025,2025-07-09,TLLLK2,35
563,MYLU,2025,2025-07-10,MVAFR1,68
564,MYLU,2025,2025-07-10,MVAPD1,137
565,MYLU,2025,2025-07-10,MVAWT2,10
566,MYLU,2025,2025-07-10,STKPD1,18
567,MYLU,2025,2025-07-10,STKRP2,7
568,MYLU,2025,2025-07-10,TLLLK2,11
569,MYLU,2025,2025-07-11,MVAPD1,133
570,MYLU,2025,2025-07-11,MVAWT2,34
571,MYLU,2025,2025-07-11,STKRP2,8
572,MYLU,2025,2025-07-11,TLLLK2,114
573,MYLU,2025,2025-07-11,TLLMS1,1
574,MYLU,2025,2025-07-12,STKPD1,6
575,MYLU,2025,2025-07-12,TLLLK2,30
576,MYLU,2025,2025-07-13,STKPD1,4
577,MYLU,2025,2025-07-13,TLLLK2,123
578,MYLU,2025,2025-07-14,STKPD1,28
579,MYLU,2025,2025-07-14,TLLLK2,24
580,MYLU,2025,2025-07-14,TLLMS1,3
581,MYLU,2025,2025-07-15,STKPD1,48
582,MYLU,2025,2025-07-16,STKPD1,96
583,MYLUMYVO,2025,2025-06-10,DrivingTransects,5
584,MYLUMYVO,2025,2025-06-11,DrivingTransects,14
585,MYLUMYVO,2025,2025-06-11,foofr2,1
586,MYLUMYVO,2025,2025-06-13,HHLLK1,5
587,MYLUMYVO,2025,2025-06-14,HHLLK1,8
588,MYLUMYVO,2025,2025-06-14,HHLMS1,1
589,MYLUMYVO,2025,2025-06-15,HHLLK1,5
590,MYLUMYVO,2025,2025-06-15,foofr2,1
591,MYLUMYVO,2025,2025-06-15,foorp1,1
592,MYLUMYVO,2025,2025-06-16,HHLLK1,14
593,MYLUMYVO,2025,2025-06-16,HHLRP1,1
594,MYLUMYVO,2025,2025-06-17,HHLLK1,3
595,MYLUMYVO,2025,2025-06-17,HHLMS1,1
596,MYLUMYVO,2025,2025-06-18,HHLLK1,1
597,MYLUMYVO,2025,2025-06-19,HHLLK1,4
598,MYLUMYVO,2025,2025-06-20,DrivingTransects,3
599,MYLUMYVO,2025,2025-06-20,HHLLK1,4
600,MYLUMYVO,2025,2025-06-20,TLLFR2,1
601,MYLUMYVO,2025,2025-06-20,TLLLK2,2
602,MYLUMYVO,2025,2025-06-20,TLLMS1,1
603,MYLUMYVO,2025,2025-06-20,TLLRP2,2
604,MYLUMYVO,2025,2025-06-21,DrivingTransects,1
605,MYLUMYVO,2025,2025-06-21,HHLRP1,1
606,MYLUMYVO,2025,2025-06-21,TLLLK2,3
607,MYLUMYVO,2025,2025-06-21,TLLMS1,3
608,MYLUMYVO,2025,2025-06-21,TLLRP2,5
609,MYLUMYVO,2025,2025-06-22,HHLFR1,1
610,MYLUMYVO,2025,2025-06-22,HHLLK1,1
611,MYLUMYVO,2025,2025-06-22,HHLMS1,2
612,MYLUMYVO,2025,2025-06-22,TLLLK2,6
613,MYLUMYVO,2025,2025-06-23,HHLLK1,2
614,MYLUMYVO,2025,2025-06-23,HHLMS1,1
615,MYLUMYVO,2025,2025-06-23,TLLFR2,1
616,MYLUMYVO,2025,2025-06-24,TLLLK2,8
617,MYLUMYVO,2025,2025-06-25,STKBE3,5
618,MYLUMYVO,2025,2025-06-25,STKPD1,2
619,MYLUMYVO,2025,2025-06-25,TLLLK2,3
620,MYLUMYVO,2025,2025-06-25,TLLMS1,1
621,MYLUMYVO,2025,2025-06-26,STKBE3,21
622,MYLUMYVO,2025,2025-06-26,TLLFR2,2
623,MYLUMYVO,2025,2025-06-26,TLLLK2,1
624,MYLUMYVO,2025,2025-06-27,STKBE3,11
625,MYLUMYVO,2025,2025-06-27,TLLFR2,1
626,MYLUMYVO,2025,2025-06-27,TLLLK2,1
627,MYLUMYVO,2025,2025-06-27,TLLMS1,1
628,MYLUMYVO,2025,2025-06-28,TLLLK2,4
629,MYLUMYVO,2025,2025-06-28,TLLMS1,1
630,MYLUMYVO,2025,2025-06-29,STKBE3,2
631,MYLUMYVO,2025,2025-06-29,TLLFR2,3
632,MYLUMYVO,2025,2025-06-29,TLLLK2,6
633,MYLUMYVO,2025,2025-06-29,TLLMS1,1
634,MYLUMYVO,2025,2025-06-30,STKBE3,1
635,MYLUMYVO,2025,2025-06-30,TLLLK2,15
636,MYLUMYVO,2025,2025-06-30,TLLMS1,1
637,MYLUMYVO,2025,2025-07-01,DrivingTransects,3
638,MYLUMYVO,2025,2025-07-01,MVAFR1,1
639,MYLUMYVO,2025,2025-07-01,STKPD1,4
640,MYLUMYVO,2025,2025-07-01,TLLFR2,1
641,MYLUMYVO,2025,2025-07-01,TLLLK2,7
642,MYLUMYVO,2025,2025-07-02,MVAPD1,1
643,MYLUMYVO,2025,2025-07-02,STKPD1,1
644,MYLUMYVO,2025,2025-07-02,TLLFR2,1
645,MYLUMYVO,2025,2025-07-03,DrivingTransects,11
646,MYLUMYVO,2025,2025-07-03,MVAFR1,2
647,MYLUMYVO,2025,2025-07-03,MVAPD1,1
648,MYLUMYVO,2025,2025-07-03,STKPD1,2
649,MYLUMYVO,2025,2025-07-03,TLLLK2,4
650,MYLUMYVO,2025,2025-07-04,MVAFR1,1
651,MYLUMYVO,2025,2025-07-04,TLLLK2,3
652,MYLUMYVO,2025,2025-07-05,DrivingTransects,7
653,MYLUMYVO,2025,2025-07-05,MVAFR1,1
654,MYLUMYVO,2025,2025-07-05,MVAPD1,2
655,MYLUMYVO,2025,2025-07-05,STKPD1,2
656,MYLUMYVO,2025,2025-07-05,TLLFR2,1
657,MYLUMYVO,2025,2025-07-05,TLLLK2,5
658,MYLUMYVO,2025,2025-07-05,TLLMS1,1
659,MYLUMYVO,2025,2025-07-06,TLLLK2,3
660,MYLUMYVO,2025,2025-07-07,TLLLK2,8
661,MYLUMYVO,2025,2025-07-08,MVAWT2,1
662,MYLUMYVO,2025,2025-07-08,TLLLK2,4
663,MYLUMYVO,2025,2025-07-09,DrivingTransects,6
664,MYLUMYVO,2025,2025-07-09,MVAFR1,2
665,MYLUMYVO,2025,2025-07-09,TLLLK2,3
666,MYLUMYVO,2025,2025-07-11,TLLLK2,1
667,MYLUMYVO,2025,2025-07-13,STKPD1,2
668,MYLUMYVO,2025,2025-07-13,TLLLK2,7
669,MYLUMYVO,2025,2025-07-13,TLLMS1,1
670,MYLUMYVO,2025,2025-07-14,STKPD1,2
671,MYLUMYVO,2025,2025-07-14,TLLLK2,1
672,MYLUMYVO,2025,2025-07-15,STKPD1,1
673,MYLUMYVO,2025,2025-07-16,STKPD1,3
674,MYOTIS,2025,2025-06-10,DrivingTransects,4
675,MYOTIS,2025,2025-06-11,DrivingTransects,1
676,MYOTIS,2025,2025-06-11,foorp1,1
677,MYOTIS,2025,2025-06-12,foofr2,1
678,MYOTIS,2025,2025-06-14,fooms1,1
679,MYOTIS,2025,2025-07-02,MVAPD1,1
680,MYOTIS,2025,2025-07-03,DrivingTransects,1
681,MYOTIS,2025,2025-07-05,DrivingTransects,1
682,MYOTIS,2025,2025-07-09,DrivingTransects,1
683,MYVO,2025,2025-06-09,foorp1,1
684,MYVO,2025,2025-06-10,DrivingTransects,3
685,MYVO,2025,2025-06-10,foofr2,1
686,MYVO,2025,2025-06-11,foofr2,5
687,MYVO,2025,2025-06-11,foorp1,2
688,MYVO,2025,2025-06-12,foorp1,3
689,MYVO,2025,2025-06-13,HHLFR1,1
690,MYVO,2025,2025-06-13,HHLLK1,18
691,MYVO,2025,2025-06-13,HHLRP1,1
692,MYVO,2025,2025-06-13,foofr2,1
693,MYVO,2025,2025-06-13,foorp1,1
694,MYVO,2025,2025-06-14,HHLFR1,3
695,MYVO,2025,2025-06-14,HHLLK1,35
696,MYVO,2025,2025-06-14,HHLRP1,6
697,MYVO,2025,2025-06-14,foofr2,1
698,MYVO,2025,2025-06-14,fooms1,1
699,MYVO,2025,2025-06-14,foorp1,3
700,MYVO,2025,2025-06-15,HHLLK1,15
701,MYVO,2025,2025-06-15,HHLMS1,1
702,MYVO,2025,2025-06-15,HHLRP1,1
703,MYVO,2025,2025-06-15,foofr2,1
704,MYVO,2025,2025-06-15,foorp1,2
705,MYVO,2025,2025-06-16,HHLFR1,3
706,MYVO,2025,2025-06-16,HHLLK1,31
707,MYVO,2025,2025-06-16,HHLMS1,1
708,MYVO,2025,2025-06-16,HHLRP1,3
709,MYVO,2025,2025-06-16,foofr2,2
710,MYVO,2025,2025-06-16,fooms1,2
711,MYVO,2025,2025-06-16,foorp1,1
712,MYVO,2025,2025-06-17,HHLLK1,11
713,MYVO,2025,2025-06-17,HHLMS1,1
714,MYVO,2025,2025-06-17,HHLRP1,1
715,MYVO,2025,2025-06-18,HHLFR1,1
716,MYVO,2025,2025-06-18,HHLLK1,3
717,MYVO,2025,2025-06-18,HHLMS1,1
718,MYVO,2025,2025-06-18,HHLRP1,1
719,MYVO,2025,2025-06-19,HHLFR1,1
720,MYVO,2025,2025-06-19,HHLLK1,13
721,MYVO,2025,2025-06-19,HHLMS1,2
722,MYVO,2025,2025-06-19,HHLRP1,4
723,MYVO,2025,2025-06-20,HHLFR1,1
724,MYVO,2025,2025-06-20,HHLLK1,19
725,MYVO,2025,2025-06-20,HHLMS1,6
726,MYVO,2025,2025-06-21,HHLFR1,5
727,MYVO,2025,2025-06-21,HHLLK1,11
728,MYVO,2025,2025-06-21,HHLMS1,5
729,MYVO,2025,2025-06-21,HHLRP1,2
730,MYVO,2025,2025-06-22,HHLFR1,6
731,MYVO,2025,2025-06-22,HHLLK1,1
732,MYVO,2025,2025-06-22,HHLMS1,16
733,MYVO,2025,2025-06-22,HHLRP1,4
734,MYVO,2025,2025-06-23,HHLFR1,7
735,MYVO,2025,2025-06-23,HHLLK1,25
736,MYVO,2025,2025-06-23,HHLMS1,6
737,MYVO,2025,2025-06-23,HHLRP1,3
738,MYVO,2025,2025-06-24,HHLFR1,7
739,MYVO,2025,2025-06-24,HHLMS1,9
740,MYVO,2025,2025-06-24,HHLRP1,1
741,MYVO,2025,2025-06-25,HHLFR1,1
742,MYVO,2025,2025-06-25,HHLMS1,5
743,MYVO,2025,2025-06-25,HHLRP1,1
744,MYVO,2025,2025-06-26,HHLFR1,1
745,MYVO,2025,2025-06-26,HHLMS1,5
746,MYVOMYYU,2025,2025-06-23,HHLFR1,1
747,MYYU,2025,2025-06-13,HHLLK1,3
748,MYYU,2025,2025-06-14,HHLLK1,3
749,MYYU,2025,2025-06-15,foofr2,1
750,MYYU,2025,2025-06-16,HHLLK1,2
751,MYYU,2025,2025-06-17,HHLFR1,1
752,MYYU,2025,2025-06-17,HHLLK1,2
753,MYYU,2025,2025-06-20,HHLLK1,2
754,MYYU,2025,2025-06-21,HHLLK1,2
755,MYYU,2025,2025-06-22,HHLFR1,1
756,MYYU,2025,2025-06-23,HHLLK1,1
757,MYYU,2025,2025-06-24,HHLFR1,3
758,MYYU,2025,2025-06-25,HHLFR1,7
759,MYYU,2025,2025-06-26,HHLFR1,2
760,MYYU,2025,2025-06-30,MVAFR1,1
761,MYYU,2025,2025-06-30,TLLFR2,1
762,MYYU,2025,2025-07-01,STKBE3,1
763,MYYU,2025,2025-07-01,TLLFR2,1
764,NOID,2025,2025-06-09,foofr2,1
765,NOID,2025,2025-06-09,fooms1,1
766,NOID,2025,2025-06-09,foorp1,73
767,NOID,2025,2025-06-10,foofr2,3
768,NOID,2025,2025-06-10,foorp1,2
769,NOID,2025,2025-06-11,foofr2,1
770,NOID,2025,2025-06-11,foorp1,5
771,NOID,2025,2025-06-12,foorp1,3
772,NOID,2025,2025-06-13,HHLFR1,8
773,NOID,2025,2025-06-13,HHLLK1,97
774,NOID,2025,2025-06-13,HHLRP1,2
775,NOID,2025,2025-06-13,foofr2,1
776,NOID,2025,2025-06-13,foorp1,2
777,NOID,2025,2025-06-14,HHLFR1,4
778,NOID,2025,2025-06-14,HHLLK1,113
779,NOID,2025,2025-06-14,HHLMS1,2
780,NOID,2025,2025-06-14,HHLRP1,6
781,NOID,2025,2025-06-14,foofr2,4
782,NOID,2025,2025-06-14,fooms1,2
783,NOID,2025,2025-06-14,foorp1,8
784,NOID,2025,2025-06-15,HHLLK1,43
785,NOID,2025,2025-06-15,HHLMS1,5
786,NOID,2025,2025-06-15,HHLRP1,3
787,NOID,2025,2025-06-15,foofr2,3
788,NOID,2025,2025-06-15,fooms1,1
789,NOID,2025,2025-06-15,foorp1,8
790,NOID,2025,2025-06-16,HHLFR1,7
791,NOID,2025,2025-06-16,HHLLK1,72
792,NOID,2025,2025-06-16,HHLMS1,3
793,NOID,2025,2025-06-16,HHLRP1,1
794,NOID,2025,2025-06-16,foofr2,1
795,NOID,2025,2025-06-17,HHLFR1,9
796,NOID,2025,2025-06-17,HHLLK1,176
797,NOID,2025,2025-06-17,HHLMS1,4
798,NOID,2025,2025-06-17,HHLRP1,2
799,NOID,2025,2025-06-18,HHLFR1,4
800,NOID,2025,2025-06-18,HHLLK1,39
801,NOID,2025,2025-06-18,HHLMS1,6
802,NOID,2025,2025-06-18,HHLRP1,2
803,NOID,2025,2025-06-19,HHLFR1,4
804,NOID,2025,2025-06-19,HHLLK1,53
805,NOID,2025,2025-06-19,HHLMS1,1
806,NOID,2025,2025-06-19,HHLRP1,3
807,NOID,2025,2025-06-20,DrivingTransects,1
808,NOID,2025,2025-06-20,HHLLK1,127
809,NOID,2025,2025-06-20,HHLMS1,1
810,NOID,2025,2025-06-20,HHLRP1,12
811,NOID,2025,2025-06-20,TLLFR2,6
812,NOID,2025,2025-06-20,TLLLK2,25
813,NOID,2025,2025-06-20,TLLMS1,2
814,NOID,2025,2025-06-20,TLLRP2,8
815,NOID,2025,2025-06-21,HHLFR1,9
816,NOID,2025,2025-06-21,HHLLK1,38
817,NOID,2025,2025-06-21,HHLMS1,4
818,NOID,2025,2025-06-21,HHLRP1,22
819,NOID,2025,2025-06-21,TLLFR2,9
820,NOID,2025,2025-06-21,TLLLK2,7
821,NOID,2025,2025-06-21,TLLMS1,3
822,NOID,2025,2025-06-21,TLLRP2,20
823,NOID,2025,2025-06-22,HHLFR1,5
824,NOID,2025,2025-06-22,HHLLK1,6
825,NOID,2025,2025-06-22,HHLMS1,8
826,NOID,2025,2025-06-22,HHLRP1,80
827,NOID,2025,2025-06-22,TLLFR2,5
828,NOID,2025,2025-06-22,TLLLK2,9
829,NOID,2025,2025-06-22,TLLMS1,2
830,NOID,2025,2025-06-23,HHLFR1,22
831,NOID,2025,2025-06-23,HHLLK1,41
832,NOID,2025,2025-06-23,HHLMS1,4
833,NOID,2025,2025-06-23,HHLRP1,36
834,NOID,2025,2025-06-23,TLLFR2,3
835,NOID,2025,2025-06-23,TLLLK2,6
836,NOID,2025,2025-06-23,TLLMS1,1
837,NOID,2025,2025-06-24,HHLFR1,43
838,NOID,2025,2025-06-24,HHLMS1,2
839,NOID,2025,2025-06-24,HHLRP1,96
840,NOID,2025,2025-06-24,STKMS2,18
841,NOID,2025,2025-06-24,STKPD1,4
842,NOID,2025,2025-06-24,STKRP2,80
843,NOID,2025,2025-06-24,TLLLK2,25
844,NOID,2025,2025-06-25,HHLFR1,25
845,NOID,2025,2025-06-25,HHLLK1,1
846,NOID,2025,2025-06-25,HHLMS1,6
847,NOID,2025,2025-06-25,HHLRP1,111
848,NOID,2025,2025-06-25,STKBE3,15
849,NOID,2025,2025-06-25,STKMS2,16
850,NOID,2025,2025-06-25,STKPD1,40
851,NOID,2025,2025-06-25,STKRP2,4
852,NOID,2025,2025-06-25,TLLFR2,1
853,NOID,2025,2025-06-25,TLLLK2,10
854,NOID,2025,2025-06-25,TLLMS1,2
855,NOID,2025,2025-06-26,HHLFR1,19
856,NOID,2025,2025-06-26,HHLMS1,2
857,NOID,2025,2025-06-26,HHLRP1,14
858,NOID,2025,2025-06-26,STKBE3,56
859,NOID,2025,2025-06-26,STKMS2,4
860,NOID,2025,2025-06-26,STKRP2,18
861,NOID,2025,2025-06-26,TLLLK2,26
862,NOID,2025,2025-06-26,doums1,1
863,NOID,2025,2025-06-27,STKBE3,17
864,NOID,2025,2025-06-27,STKPD1,2
865,NOID,2025,2025-06-27,STKRP2,2
866,NOID,2025,2025-06-27,TLLFR2,3
867,NOID,2025,2025-06-27,TLLLK2,8
868,NOID,2025,2025-06-27,doube2,7
869,NOID,2025,2025-06-28,STKBE3,35
870,NOID,2025,2025-06-28,TLLLK2,12
871,NOID,2025,2025-06-28,TLLMS1,1
872,NOID,2025,2025-06-28,doube2,3
873,NOID,2025,2025-06-29,STKBE3,18
874,NOID,2025,2025-06-29,STKMS2,3
875,NOID,2025,2025-06-29,STKRP2,2
876,NOID,2025,2025-06-29,TLLFR2,5
877,NOID,2025,2025-06-29,TLLLK2,19
878,NOID,2025,2025-06-29,TLLMS1,1
879,NOID,2025,2025-06-29,doube2,6
880,NOID,2025,2025-06-29,doums1,1
881,NOID,2025,2025-06-30,MVAFR1,68
882,NOID,2025,2025-06-30,MVAPD1,16
883,NOID,2025,2025-06-30,MVAWT2,12
884,NOID,2025,2025-06-30,STKBE3,10
885,NOID,2025,2025-06-30,STKMS2,6
886,NOID,2025,2025-06-30,STKPD1,8
887,NOID,2025,2025-06-30,STKRP2,90
888,NOID,2025,2025-06-30,TLLFR2,2
889,NOID,2025,2025-06-30,TLLLK2,13
890,NOID,2025,2025-06-30,doube2,2
891,NOID,2025,2025-06-30,doums1,2
892,NOID,2025,2025-06-30,dourp1,2
893,NOID,2025,2025-07-01,MVAFR1,72
894,NOID,2025,2025-07-01,MVAPD1,50
895,NOID,2025,2025-07-01,MVAWT2,30
896,NOID,2025,2025-07-01,STKBE3,3
897,NOID,2025,2025-07-01,STKMS2,2
898,NOID,2025,2025-07-01,STKPD1,60
899,NOID,2025,2025-07-01,STKRP2,2
900,NOID,2025,2025-07-01,TLLFR2,4
901,NOID,2025,2025-07-01,TLLLK2,32
902,NOID,2025,2025-07-01,doums1,1
903,NOID,2025,2025-07-01,dourp1,1
904,NOID,2025,2025-07-02,MVAFR1,41
905,NOID,2025,2025-07-02,MVAPD1,110
906,NOID,2025,2025-07-02,MVAWT2,71
907,NOID,2025,2025-07-02,STKMS2,2
908,NOID,2025,2025-07-02,STKPD1,27
909,NOID,2025,2025-07-02,STKRP2,20
910,NOID,2025,2025-07-02,TLLFR2,12
911,NOID,2025,2025-07-02,TLLLK2,16
912,NOID,2025,2025-07-02,doums1,2
913,NOID,2025,2025-07-02,dourp1,5
914,NOID,2025,2025-07-03,MVAFR1,56
915,NOID,2025,2025-07-03,MVAPD1,58
916,NOID,2025,2025-07-03,MVAWT2,50
917,NOID,2025,2025-07-03,STKMS2,3
918,NOID,2025,2025-07-03,STKPD1,32
919,NOID,2025,2025-07-03,STKRP2,8
920,NOID,2025,2025-07-03,TLLFR2,16
921,NOID,2025,2025-07-03,TLLLK2,23
922,NOID,2025,2025-07-03,dourp1,1
923,NOID,2025,2025-07-04,MVAFR1,58
924,NOID,2025,2025-07-04,MVAPD1,112
925,NOID,2025,2025-07-04,MVAWT2,8
926,NOID,2025,2025-07-04,STKMS2,2
927,NOID,2025,2025-07-04,STKPD1,6
928,NOID,2025,2025-07-04,STKRP2,8
929,NOID,2025,2025-07-04,TLLFR2,8
930,NOID,2025,2025-07-04,TLLLK2,14
931,NOID,2025,2025-07-05,MVAFR1,38
932,NOID,2025,2025-07-05,MVAPD1,74
933,NOID,2025,2025-07-05,MVAWT2,6
934,NOID,2025,2025-07-05,STKMS2,15
935,NOID,2025,2025-07-05,STKPD1,16
936,NOID,2025,2025-07-05,STKRP2,2
937,NOID,2025,2025-07-05,TLLFR2,18
938,NOID,2025,2025-07-05,TLLLK2,28
939,NOID,2025,2025-07-05,dourp1,3
940,NOID,2025,2025-07-06,MVAFR1,57
941,NOID,2025,2025-07-06,MVAPD1,21
942,NOID,2025,2025-07-06,MVAWT2,4
943,NOID,2025,2025-07-06,STKRP2,12
944,NOID,2025,2025-07-06,TLLLK2,14
945,NOID,2025,2025-07-07,MVAFR1,37
946,NOID,2025,2025-07-07,MVAPD1,19
947,NOID,2025,2025-07-07,MVAWT2,7
948,NOID,2025,2025-07-07,STKPD1,2
949,NOID,2025,2025-07-07,STKRP2,9
950,NOID,2025,2025-07-07,TLLLK2,48
951,NOID,2025,2025-07-08,MVAFR1,14
952,NOID,2025,2025-07-08,MVAPD1,23
953,NOID,2025,2025-07-08,MVAWT2,2
954,NOID,2025,2025-07-08,STKPD1,2
955,NOID,2025,2025-07-08,STKRP2,30
956,NOID,2025,2025-07-08,TLLLK2,26
957,NOID,2025,2025-07-08,doufr1,1
958,NOID,2025,2025-07-09,MVAFR1,20
959,NOID,2025,2025-07-09,MVAPD1,18
960,NOID,2025,2025-07-09,MVAWT2,15
961,NOID,2025,2025-07-09,STKPD1,40
962,NOID,2025,2025-07-09,STKRP2,4
963,NOID,2025,2025-07-09,TLLLK2,4
964,NOID,2025,2025-07-10,MVAFR1,46
965,NOID,2025,2025-07-10,MVAPD1,24
966,NOID,2025,2025-07-10,MVAWT2,5
967,NOID,2025,2025-07-10,STKPD1,12
968,NOID,2025,2025-07-10,STKRP2,12
969,NOID,2025,2025-07-10,TLLLK2,5
970,NOID,2025,2025-07-11,MVAPD1,15
971,NOID,2025,2025-07-11,MVAWT2,14
972,NOID,2025,2025-07-11,STKRP2,9
973,NOID,2025,2025-07-11,TLLLK2,27
974,NOID,2025,2025-07-12,STKPD1,2
975,NOID,2025,2025-07-12,STKRP2,31
976,NOID,2025,2025-07-12,TLLLK2,15
977,NOID,2025,2025-07-13,STKPD1,20
978,NOID,2025,2025-07-13,TLLLK2,36
979,NOID,2025,2025-07-14,STKPD1,120
980,NOID,2025,2025-07-14,TLLLK2,2
981,NOID,2025,2025-07-14,TLLMS1,2
982,NOID,2025,2025-07-15,STKPD1,143
983,NOID,2025,2025-07-16,STKPD1,138
,LACILANO,2024,2024-06-21,tllrp2,2
,LACILANO,2024,2024-06-16,foopd1,2
,LACILANO,2024,2024-06-27,mvapd1,1
,LACILANO,2024,2024-06-27,srhrp1,1
,LANO,2024,2024-06-14,HHLLK1,12
,LANO,2024,2024-06-14,HHLMS1,2
,LANO,2024,2024-06-15,HHLLK1,3
,LANO,2024,2024-06-16,HHLLK1,31
,LANO,2024,2024-06-17,HHLLK1,46
,LANO,2024,2024-06-18,HHLLK1,6
,LANO,2024,2024-06-18,srhpd1,7
,LANO,2024,2024-06-19,HHLLK1,13
,LANO,2024,2024-06-19,srhrp1,2
,LANO,2024,2024-06-20,HHLLK1,24
,LANO,2024,2024-06-20,srhpd1,4
,LANO,2024,2024-06-20,srhrp1,1
,LANO,2024,2024-06-21,srhpd1,2
,LANO,2024,2024-06-21,srhrp1,13
,LANO,2024,2024-06-22,srhpd1,1
,LANO,2024,2024-06-22,srhrp1,5
,LANO,2024,2024-06-23,HHLLK1,29
,LANO,2024,2024-06-23,srhpd1,1
,LANO,2024,2024-06-24,HHLLK1,59
,LANO,2024,2024-06-24,srhms2,1
,LANO,2024,2024-06-24,srhpd1,3
,LANO,2024,2024-06-24,srhrp1,2
,LANO,2024,2024-06-25,HHLLK1,15
,LANO,2024,2024-06-25,srhbe2,2
,LANO,2024,2024-06-25,srhrp1,1
,LANO,2024,2024-06-26,HHLLK1,20
,LANO,2024,2024-06-26,HHLMS1,1
,LANO,2024,2024-06-26,srhpd1,4
,LANO,2024,2024-06-26,srhrp1,1
,LANO,2024,2024-06-27,srhpd1,1
,LANO,2024,2024-07-07,yktpd1,1
,LANO,2024,2024-07-07,yktsb1,1
,LANO,2024,2024-07-09,STKRP2,3
,LANO,2024,2024-07-10,STKRP2,1
,LANO,2024,2024-07-11,STKRP2,18
,LANO,2024,2024-07-12,STKRP2,3
,LANO,2024,2024-07-14,STKRP2,7
,LANO,2024,2024-07-15,STKRP2,1
,LANO,2024,2024-07-16,Transects,1
,LANO,2024,2024-07-17,STKRP2,9
,LANO,2024,2024-07-18,STKRP2,8
,LANO,2024,2024-08-02,STKPD1,1
,MYCA,2024,2024-06-12,foorp1,2
,MYCA,2024,2024-06-13,foofr2,1
,MYCA,2024,2024-06-13,foorp1,2
,MYCA,2024,2024-06-14,HHLFR1,1
,MYCA,2024,2024-06-14,HHLLK1,1
,MYCA,2024,2024-06-14,HHLMS1,2
,MYCA,2024,2024-06-14,foorp1,1
,MYCA,2024,2024-06-15,HHLFR1,1
,MYCA,2024,2024-06-15,foopd1,1
,MYCA,2024,2024-06-15,foorp1,2
,MYCA,2024,2024-06-16,HHLFR1,5
,MYCA,2024,2024-06-16,foofr2,1
,MYCA,2024,2024-06-16,foopd1,1
,MYCA,2024,2024-06-17,HHLFR1,2
,MYCA,2024,2024-06-17,foofr2,2
,MYCA,2024,2024-06-17,foorp1,5
,MYCA,2024,2024-06-18,HHLFR1,5
,MYCA,2024,2024-06-18,HHLMS1,1
,MYCA,2024,2024-06-18,foofr2,1
,MYCA,2024,2024-06-18,foopd1,3
,MYCA,2024,2024-06-18,foorp1,6
,MYCA,2024,2024-06-18,srhpd1,2
,MYCA,2024,2024-06-18,srhrp1,1
,MYCA,2024,2024-06-19,HHLFR1,4
,MYCA,2024,2024-06-19,foorp1,7
,MYCA,2024,2024-06-19,srhrp1,1
,MYCA,2024,2024-06-20,HHLFR1,9
,MYCA,2024,2024-06-20,HHLLK1,1
,MYCA,2024,2024-06-20,foofr2,1
,MYCA,2024,2024-06-20,fooms1,1
,MYCA,2024,2024-06-20,foorp1,13
,MYCA,2024,2024-06-20,srhpd1,1
,MYCA,2024,2024-06-20,srhrp1,2
,MYCA,2024,2024-06-21,HHLFR1,2
,MYCA,2024,2024-06-21,foopd1,1
,MYCA,2024,2024-06-21,foorp1,10
,MYCA,2024,2024-06-21,srhbe2,1
,MYCA,2024,2024-06-21,srhpd1,2
,MYCA,2024,2024-06-21,srhrp1,2
,MYCA,2024,2024-06-22,HHLFR1,19
,MYCA,2024,2024-06-22,foofr2,1
,MYCA,2024,2024-06-22,srhpd1,1
,MYCA,2024,2024-06-22,srhrp1,3
,MYCA,2024,2024-06-23,HHLFR1,13
,MYCA,2024,2024-06-23,foopd1,1
,MYCA,2024,2024-06-23,foorp1,1
,MYCA,2024,2024-06-23,srhpd1,1
,MYCA,2024,2024-06-23,srhrp1,4
,MYCA,2024,2024-06-24,HHLFR1,5
,MYCA,2024,2024-06-24,foofr2,1
,MYCA,2024,2024-06-24,foopd1,1
,MYCA,2024,2024-06-24,foorp1,3
,MYCA,2024,2024-06-24,srhrp1,3
,MYCA,2024,2024-06-25,HHLFR1,11
,MYCA,2024,2024-06-25,mvafr1,1
,MYCA,2024,2024-06-25,foofr2,1
,MYCA,2024,2024-06-25,foopd1,1
,MYCA,2024,2024-06-25,foorp1,3
,MYCA,2024,2024-06-25,hnhbe2,1
,MYCA,2024,2024-06-25,srhpd1,1
,MYCA,2024,2024-06-25,srhrp1,2
,MYCA,2024,2024-06-25,yktmd1,1
,MYCA,2024,2024-06-25,yktpd1,234
,MYCA,2024,2024-06-26,HHLFR1,10
,MYCA,2024,2024-06-26,mvafr1,1
,MYCA,2024,2024-06-26,foofr2,2
,MYCA,2024,2024-06-26,foorp1,1
,MYCA,2024,2024-06-26,srhpd1,1
,MYCA,2024,2024-06-26,srhrp1,1
,MYCA,2024,2024-06-26,yktpd1,231
,MYCA,2024,2024-06-27,mvalk1,1
,MYCA,2024,2024-06-27,foorp1,3
,MYCA,2024,2024-06-27,hnhbe2,1
,MYCA,2024,2024-06-27,srhrp1,1
,MYCA,2024,2024-06-27,yktpd1,232
,MYCA,2024,2024-06-27,yktsb1,3
,MYCA,2024,2024-06-28,foopd1,1
,MYCA,2024,2024-06-28,foorp1,3
,MYCA,2024,2024-06-28,yktpd1,208
,MYCA,2024,2024-06-28,yktsb1,2
,MYCA,2024,2024-06-29,foopd1,1
,MYCA,2024,2024-06-29,foorp1,4
,MYCA,2024,2024-06-29,yktpd1,221
,MYCA,2024,2024-06-29,yktsb1,1
,MYCA,2024,2024-06-30,mvafr1,1
,MYCA,2024,2024-06-30,foofr2,1
,MYCA,2024,2024-06-30,foorp1,4
,MYCA,2024,2024-06-30,yktpd1,262
,MYCA,2024,2024-06-30,yktsb1,4
,MYCA,2024,2024-07-01,mvapd1,4
,MYCA,2024,2024-07-01,foorp1,4
,MYCA,2024,2024-07-01,hnhfr2,1
,MYCA,2024,2024-07-01,yktmd1,2
,MYCA,2024,2024-07-01,yktpd1,250
,MYCA,2024,2024-07-02,Transects,2
,MYCA,2024,2024-07-02,foopd1,1
,MYCA,2024,2024-07-02,yktpd1,366
,MYCA,2024,2024-07-02,yktsb1,1
,MYCA,2024,2024-07-03,mvapd1,1
,MYCA,2024,2024-07-03,yktpd1,298
,MYCA,2024,2024-07-03,yktsb1,1
,MYCA,2024,2024-07-04,mvafr1,1
,MYCA,2024,2024-07-04,mvapd1,1
,MYCA,2024,2024-07-04,yktmd1,4
,MYCA,2024,2024-07-04,yktpd1,276
,MYCA,2024,2024-07-04,yktsb1,2
,MYCA,2024,2024-07-05,mvapd1,2
,MYCA,2024,2024-07-05,yktpd1,335
,MYCA,2024,2024-07-05,yktsb1,1
,MYCA,2024,2024-07-06,mvafr1,1
,MYCA,2024,2024-07-06,yktpd1,267
,MYCA,2024,2024-07-06,yktsb1,2
,MYCA,2024,2024-07-07,yktmd1,1
,MYCA,2024,2024-07-07,yktpd1,247
,MYCA,2024,2024-07-07,yktsb1,2
,MYCA,2024,2024-07-08,mvafr1,1
,MYCA,2024,2024-07-08,mvapd1,2
,MYCA,2024,2024-07-08,yktpd1,167
,MYCA,2024,2024-07-08,yktsb1,1
,MYCA,2024,2024-07-09,STKPD1,1
,MYCA,2024,2024-07-09,STKRP2,13
,MYCA,2024,2024-07-09,yktpd1,104
,MYCA,2024,2024-07-09,yktsb1,1
,MYCA,2024,2024-07-10,STKRP2,65
,MYCA,2024,2024-07-10,yktpd1,134
,MYCA,2024,2024-07-10,yktsb1,1
,MYCA,2024,2024-07-11,STKRP2,47
,MYCA,2024,2024-07-11,yktpd1,1
,MYCA,2024,2024-07-12,STKPD1,2
,MYCA,2024,2024-07-12,STKRP2,64
,MYCA,2024,2024-07-12,yktpd1,128
,MYCA,2024,2024-07-13,STKRP2,2
,MYCA,2024,2024-07-14,STKPD1,1
,MYCA,2024,2024-07-14,STKRP2,40
,MYCA,2024,2024-07-15,STKRP2,72
,MYCA,2024,2024-07-16,STKRP2,7
,MYCA,2024,2024-07-17,STKRP2,34
,MYCA,2024,2024-07-18,STKRP2,29
,MYCA,2024,2024-07-18,Transects,1
,MYCA,2024,2024-07-18,yktsb1,1
,MYCA,2024,2024-07-20,STKMS2,1
,MYCA,2024,2024-07-27,yktsb1,1
,MYEV,2024,2024-06-12,foorp1,1
,MYEV,2024,2024-06-14,foofr2,1
,MYEV,2024,2024-06-14,foopd1,3
,MYEV,2024,2024-06-15,foopd1,8
,MYEV,2024,2024-06-16,foofr2,1
,MYEV,2024,2024-06-16,foopd1,20
,MYEV,2024,2024-06-16,foorp1,2
,MYEV,2024,2024-06-17,foofr2,2
,MYEV,2024,2024-06-17,foopd1,5
,MYEV,2024,2024-06-17,foorp1,2
,MYEV,2024,2024-06-18,foopd1,6
,MYEV,2024,2024-06-18,foorp1,2
,MYEV,2024,2024-06-18,srhpd1,1
,MYEV,2024,2024-06-18,srhrp1,5
,MYEV,2024,2024-06-19,foopd1,10
,MYEV,2024,2024-06-19,foorp1,2
,MYEV,2024,2024-06-19,srhpd1,1
,MYEV,2024,2024-06-19,srhrp1,5
,MYEV,2024,2024-06-20,foopd1,6
,MYEV,2024,2024-06-20,srhrp1,2
,MYEV,2024,2024-06-21,foopd1,7
,MYEV,2024,2024-06-21,srhrp1,1
,MYEV,2024,2024-06-22,foopd1,1
,MYEV,2024,2024-06-22,foorp1,1
,MYEV,2024,2024-06-22,srhms2,1
,MYEV,2024,2024-06-22,srhrp1,2
,MYEV,2024,2024-06-23,srhms2,1
,MYEV,2024,2024-06-23,srhrp1,1
,MYEV,2024,2024-06-24,foopd1,1
,MYEV,2024,2024-06-24,srhrp1,1
,MYEV,2024,2024-06-25,mvafr1,1
,MYEV,2024,2024-06-25,doube2,8
,MYEV,2024,2024-06-25,foopd1,4
,MYEV,2024,2024-06-25,hnhrp1,1
,MYEV,2024,2024-06-25,srhpd1,1
,MYEV,2024,2024-06-25,srhrp1,4
,MYEV,2024,2024-06-26,doube2,8
,MYEV,2024,2024-06-26,srhbe2,1
,MYEV,2024,2024-06-26,srhrp1,1
,MYEV,2024,2024-06-27,mvafr1,2
,MYEV,2024,2024-06-27,doube2,8
,MYEV,2024,2024-06-27,doufr1,1
,MYEV,2024,2024-06-27,srhrp1,3
,MYEV,2024,2024-06-28,mvapd1,2
,MYEV,2024,2024-06-28,Transect,1
,MYEV,2024,2024-06-28,doufr1,1
,MYEV,2024,2024-06-29,doube2,1
,MYEV,2024,2024-06-29,doufr1,1
,MYEV,2024,2024-06-29,doums1,2
,MYEV,2024,2024-06-29,dourp1,1
,MYEV,2024,2024-06-29,foopd1,3
,MYEV,2024,2024-06-30,doube2,3
,MYEV,2024,2024-06-30,dourp1,1
,MYEV,2024,2024-07-01,mvapd1,1
,MYEV,2024,2024-07-01,doube2,70
,MYEV,2024,2024-07-01,doufr1,2
,MYEV,2024,2024-07-01,foopd1,1
,MYEV,2024,2024-07-02,doube2,14
,MYEV,2024,2024-07-02,doufr1,1
,MYEV,2024,2024-07-02,doums1,1
,MYEV,2024,2024-07-03,doube2,7
,MYEV,2024,2024-07-04,doufr1,1
,MYEV,2024,2024-07-05,mvapd1,1
,MYEV,2024,2024-07-05,doube2,2
,MYEV,2024,2024-07-06,mvafr1,2
,MYEV,2024,2024-07-06,mvapd1,2
,MYEV,2024,2024-07-06,Transects,1
,MYEV,2024,2024-07-06,doube2,2
,MYEV,2024,2024-07-06,doufr1,2
,MYEV,2024,2024-07-07,mvafr1,1
,MYEV,2024,2024-07-07,doufr1,1
,MYEV,2024,2024-07-08,doube2,1
,MYEV,2024,2024-07-12,yktpd1,1
,MYLU,2024,2024-06-12,foopd1,1
,MYLU,2024,2024-06-13,foopd1,2
,MYLU,2024,2024-06-14,HHLLK1,13
,MYLU,2024,2024-06-14,foopd1,1
,MYLU,2024,2024-06-15,HHLLK1,5
,MYLU,2024,2024-06-15,Transects,2
,MYLU,2024,2024-06-15,foorp1,1
,MYLU,2024,2024-06-16,HHLLK1,6
,MYLU,2024,2024-06-16,foofr2,1
,MYLU,2024,2024-06-16,foopd1,2
,MYLU,2024,2024-06-16,foorp1,2
,MYLU,2024,2024-06-17,HHLLK1,5
,MYLU,2024,2024-06-17,foopd1,2
,MYLU,2024,2024-06-17,foorp1,2
,MYLU,2024,2024-06-18,HHLLK1,4
,MYLU,2024,2024-06-18,foofr2,1
,MYLU,2024,2024-06-18,fooms1,1
,MYLU,2024,2024-06-18,foopd1,2
,MYLU,2024,2024-06-18,foorp1,3
,MYLU,2024,2024-06-18,srhpd1,74
,MYLU,2024,2024-06-18,srhrp1,3
,MYLU,2024,2024-06-19,HHLLK1,8
,MYLU,2024,2024-06-19,HHLMS1,1
,MYLU,2024,2024-06-19,foopd1,2
,MYLU,2024,2024-06-19,foorp1,3
,MYLU,2024,2024-06-19,srhbe2,4
,MYLU,2024,2024-06-19,srhpd1,56
,MYLU,2024,2024-06-19,srhrp1,2
,MYLU,2024,2024-06-20,HHLFR1,1
,MYLU,2024,2024-06-20,HHLLK1,12
,MYLU,2024,2024-06-20,Transects,1
,MYLU,2024,2024-06-20,foofr2,1
,MYLU,2024,2024-06-20,foorp1,1
,MYLU,2024,2024-06-20,srhms2,1
,MYLU,2024,2024-06-20,srhpd1,53
,MYLU,2024,2024-06-20,srhrp1,12
,MYLU,2024,2024-06-21,foopd1,1
,MYLU,2024,2024-06-21,srhbe2,13
,MYLU,2024,2024-06-21,srhpd1,103
,MYLU,2024,2024-06-21,srhrp1,5
,MYLU,2024,2024-06-22,HHLMS1,1
,MYLU,2024,2024-06-22,foofr2,1
,MYLU,2024,2024-06-22,foopd1,2
,MYLU,2024,2024-06-22,foorp1,1
,MYLU,2024,2024-06-22,srhbe2,19
,MYLU,2024,2024-06-22,srhms2,1
,MYLU,2024,2024-06-22,srhpd1,113
,MYLU,2024,2024-06-22,srhrp1,6
,MYLU,2024,2024-06-23,HHLLK1,19
,MYLU,2024,2024-06-23,HHLMS1,1
,MYLU,2024,2024-06-23,srhbe2,5
,MYLU,2024,2024-06-23,srhpd1,89
,MYLU,2024,2024-06-23,srhrp1,5
,MYLU,2024,2024-06-24,HHLLK1,5
,MYLU,2024,2024-06-24,HHLMS1,1
,MYLU,2024,2024-06-24,foopd1,2
,MYLU,2024,2024-06-24,hnhrp1,1
,MYLU,2024,2024-06-24,srhbe2,1
,MYLU,2024,2024-06-24,srhpd1,86
,MYLU,2024,2024-06-24,srhrp1,8
,MYLU,2024,2024-06-25,HHLFR1,1
,MYLU,2024,2024-06-25,HHLLK1,6
,MYLU,2024,2024-06-25,mvafr1,9
,MYLU,2024,2024-06-25,doube2,10
,MYLU,2024,2024-06-25,foopd1,5
,MYLU,2024,2024-06-25,hnhbe2,2
,MYLU,2024,2024-06-25,srhbe2,1
,MYLU,2024,2024-06-25,srhpd1,81
,MYLU,2024,2024-06-25,srhrp1,13
,MYLU,2024,2024-06-25,yktmd1,2
,MYLU,2024,2024-06-25,yktpd1,226
,MYLU,2024,2024-06-26,HHLLK1,4
,MYLU,2024,2024-06-26,mvafr1,11
,MYLU,2024,2024-06-26,mvawt2,1
,MYLU,2024,2024-06-26,mvapd1,66
,MYLU,2024,2024-06-26,doube2,10
,MYLU,2024,2024-06-26,doufr1,14
,MYLU,2024,2024-06-26,doums1,1
,MYLU,2024,2024-06-26,dourp1,3
,MYLU,2024,2024-06-26,foofr2,1
,MYLU,2024,2024-06-26,foopd1,2
,MYLU,2024,2024-06-26,hnhbe2,1
,MYLU,2024,2024-06-26,srhpd1,101
,MYLU,2024,2024-06-26,srhrp1,13
,MYLU,2024,2024-06-26,yktmd1,16
,MYLU,2024,2024-06-26,yktpd1,271
,MYLU,2024,2024-06-27,mvafr1,9
,MYLU,2024,2024-06-27,mvalk1,4
,MYLU,2024,2024-06-27,mvawt2,1
,MYLU,2024,2024-06-27,mvapd1,78
,MYLU,2024,2024-06-27,doube2,3
,MYLU,2024,2024-06-27,doufr1,24
,MYLU,2024,2024-06-27,dourp1,1
,MYLU,2024,2024-06-27,foopd1,3
,MYLU,2024,2024-06-27,srhpd1,113
,MYLU,2024,2024-06-27,srhrp1,16
,MYLU,2024,2024-06-27,yktmd1,7
,MYLU,2024,2024-06-27,yktpd1,327
,MYLU,2024,2024-06-27,yktsb1,269
,MYLU,2024,2024-06-28,mvafr1,5
,MYLU,2024,2024-06-28,mvalk1,10
,MYLU,2024,2024-06-28,mvawt2,1
,MYLU,2024,2024-06-28,mvapd1,74
,MYLU,2024,2024-06-28,doube2,7
,MYLU,2024,2024-06-28,doufr1,16
,MYLU,2024,2024-06-28,doums1,1
,MYLU,2024,2024-06-28,dourp1,2
,MYLU,2024,2024-06-28,foopd1,1
,MYLU,2024,2024-06-28,foorp1,2
,MYLU,2024,2024-06-28,hnhbe2,1
,MYLU,2024,2024-06-28,yktmd1,1
,MYLU,2024,2024-06-28,yktpd1,296
,MYLU,2024,2024-06-28,yktsb1,213
,MYLU,2024,2024-06-29,mvafr1,6
,MYLU,2024,2024-06-29,mvalk1,5
,MYLU,2024,2024-06-29,mvapd1,51
,MYLU,2024,2024-06-29,doube2,2
,MYLU,2024,2024-06-29,doufr1,13
,MYLU,2024,2024-06-29,doums1,1
,MYLU,2024,2024-06-29,dourp1,2
,MYLU,2024,2024-06-29,foopd1,2
,MYLU,2024,2024-06-29,foorp1,1
,MYLU,2024,2024-06-29,yktmd1,7
,MYLU,2024,2024-06-29,yktpd1,354
,MYLU,2024,2024-06-29,yktsb1,102
,MYLU,2024,2024-06-30,mvafr1,3
,MYLU,2024,2024-06-30,mvalk1,2
,MYLU,2024,2024-06-30,mvawt2,1
,MYLU,2024,2024-06-30,mvapd1,26
,MYLU,2024,2024-06-30,doube2,6
,MYLU,2024,2024-06-30,doufr1,6
,MYLU,2024,2024-06-30,foopd1,5
,MYLU,2024,2024-06-30,hnhbe2,2
,MYLU,2024,2024-06-30,yktmd1,6
,MYLU,2024,2024-06-30,yktpd1,324
,MYLU,2024,2024-06-30,yktsb1,237
,MYLU,2024,2024-07-01,mvafr1,1
,MYLU,2024,2024-07-01,mvalk1,9
,MYLU,2024,2024-07-01,mvawt2,1
,MYLU,2024,2024-07-01,mvapd1,12
,MYLU,2024,2024-07-01,doube2,4
,MYLU,2024,2024-07-01,doufr1,4
,MYLU,2024,2024-07-01,doums1,2
,MYLU,2024,2024-07-01,dourp1,3
,MYLU,2024,2024-07-01,foopd1,3
,MYLU,2024,2024-07-01,yktmd1,12
,MYLU,2024,2024-07-01,yktpd1,330
,MYLU,2024,2024-07-01,yktsb1,247
,MYLU,2024,2024-07-02,mvafr1,2
,MYLU,2024,2024-07-02,mvalk1,3
,MYLU,2024,2024-07-02,mvawt2,1
,MYLU,2024,2024-07-02,mvapd1,54
,MYLU,2024,2024-07-02,doube2,15
,MYLU,2024,2024-07-02,doufr1,2
,MYLU,2024,2024-07-02,doums1,1
,MYLU,2024,2024-07-02,foofr2,1
,MYLU,2024,2024-07-02,yktmd1,19
,MYLU,2024,2024-07-02,yktpd1,277
,MYLU,2024,2024-07-02,yktsb1,111
,MYLU,2024,2024-07-03,mvafr1,7
,MYLU,2024,2024-07-03,mvalk1,10
,MYLU,2024,2024-07-03,mvapd1,138
,MYLU,2024,2024-07-03,doube2,20
,MYLU,2024,2024-07-03,doufr1,7
,MYLU,2024,2024-07-03,doums1,2
,MYLU,2024,2024-07-03,dourp1,1
,MYLU,2024,2024-07-03,foopd1,2
,MYLU,2024,2024-07-03,yktmd1,11
,MYLU,2024,2024-07-03,yktpd1,357
,MYLU,2024,2024-07-03,yktsb1,209
,MYLU,2024,2024-07-04,mvafr1,9
,MYLU,2024,2024-07-04,mvalk1,12
,MYLU,2024,2024-07-04,mvawt2,1
,MYLU,2024,2024-07-04,mvapd1,117
,MYLU,2024,2024-07-04,doube2,12
,MYLU,2024,2024-07-04,doufr1,6
,MYLU,2024,2024-07-04,doums1,4
,MYLU,2024,2024-07-04,yktmd1,12
,MYLU,2024,2024-07-04,yktpd1,387
,MYLU,2024,2024-07-04,yktsb1,164
,MYLU,2024,2024-07-05,mvafr1,6
,MYLU,2024,2024-07-05,mvalk1,11
,MYLU,2024,2024-07-05,mvawt2,1
,MYLU,2024,2024-07-05,mvapd1,141
,MYLU,2024,2024-07-05,doube2,29
,MYLU,2024,2024-07-05,doufr1,11
,MYLU,2024,2024-07-05,dourp1,3
,MYLU,2024,2024-07-05,foopd1,1
,MYLU,2024,2024-07-05,yktmd1,5
,MYLU,2024,2024-07-05,yktpd1,258
,MYLU,2024,2024-07-05,yktsb1,162
,MYLU,2024,2024-07-06,mvafr1,7
,MYLU,2024,2024-07-06,mvalk1,12
,MYLU,2024,2024-07-06,mvapd1,97
,MYLU,2024,2024-07-06,Transect,1
,MYLU,2024,2024-07-06,Transects,3
,MYLU,2024,2024-07-06,doube2,61
,MYLU,2024,2024-07-06,doufr1,10
,MYLU,2024,2024-07-06,doums1,1
,MYLU,2024,2024-07-06,dourp1,1
,MYLU,2024,2024-07-06,yktmd1,2
,MYLU,2024,2024-07-06,yktpd1,321
,MYLU,2024,2024-07-06,yktsb1,202
,MYLU,2024,2024-07-07,mvafr1,13
,MYLU,2024,2024-07-07,mvalk1,10
,MYLU,2024,2024-07-07,mvawt2,1
,MYLU,2024,2024-07-07,mvapd1,17
,MYLU,2024,2024-07-07,doube2,4
,MYLU,2024,2024-07-07,doufr1,19
,MYLU,2024,2024-07-07,doums1,1
,MYLU,2024,2024-07-07,dourp1,1
,MYLU,2024,2024-07-07,foopd1,2
,MYLU,2024,2024-07-07,yktmd1,4
,MYLU,2024,2024-07-07,yktpd1,299
,MYLU,2024,2024-07-07,yktsb1,142
,MYLU,2024,2024-07-08,mvafr1,24
,MYLU,2024,2024-07-08,mvalk1,8
,MYLU,2024,2024-07-08,mvawt2,1
,MYLU,2024,2024-07-08,mvapd1,30
,MYLU,2024,2024-07-08,doube2,9
,MYLU,2024,2024-07-08,foopd1,7
,MYLU,2024,2024-07-08,yktmd1,1
,MYLU,2024,2024-07-08,yktpd1,401
,MYLU,2024,2024-07-08,yktsb1,200
,MYLU,2024,2024-07-09,STKPD1,6
,MYLU,2024,2024-07-09,STKRP2,3
,MYLU,2024,2024-07-09,yktmd1,6
,MYLU,2024,2024-07-09,yktpd1,317
,MYLU,2024,2024-07-09,yktsb1,232
,MYLU,2024,2024-07-10,STKMS2,8
,MYLU,2024,2024-07-10,STKPD1,14
,MYLU,2024,2024-07-10,STKRP2,9
,MYLU,2024,2024-07-10,yktmd1,1
,MYLU,2024,2024-07-10,yktpd1,264
,MYLU,2024,2024-07-10,yktsb1,163
,MYLU,2024,2024-07-11,STKPD1,5
,MYLU,2024,2024-07-11,STKRP2,7
,MYLU,2024,2024-07-11,yktpd1,4
,MYLU,2024,2024-07-12,STKPD1,10
,MYLU,2024,2024-07-12,STKRP2,16
,MYLU,2024,2024-07-12,yktmd1,3
,MYLU,2024,2024-07-12,yktpd1,171
,MYLU,2024,2024-07-12,yktsb1,157
,MYLU,2024,2024-07-13,STKRP2,1
,MYLU,2024,2024-07-14,STKPD1,8
,MYLU,2024,2024-07-14,STKRP2,15
,MYLU,2024,2024-07-14,yktmd1,1
,MYLU,2024,2024-07-15,STKPD1,1
,MYLU,2024,2024-07-15,STKRP2,5
,MYLU,2024,2024-07-15,yktmd1,13
,MYLU,2024,2024-07-15,yktsb1,83
,MYLU,2024,2024-07-16,STKRP2,1
,MYLU,2024,2024-07-16,Transects,3
,MYLU,2024,2024-07-16,yktmd1,4
,MYLU,2024,2024-07-16,yktsb1,24
,MYLU,2024,2024-07-17,STKMS2,6
,MYLU,2024,2024-07-17,STKRP2,4
,MYLU,2024,2024-07-17,yktmd1,5
,MYLU,2024,2024-07-17,yktsb1,23
,MYLU,2024,2024-07-18,STKRP2,11
,MYLU,2024,2024-07-18,Transects,7
,MYLU,2024,2024-07-18,yktmd1,15
,MYLU,2024,2024-07-18,yktsb1,20
,MYLU,2024,2024-07-19,STKPD1,1
,MYLU,2024,2024-07-19,yktmd1,9
,MYLU,2024,2024-07-19,yktsb1,22
,MYLU,2024,2024-07-20,STKPD1,1
,MYLU,2024,2024-07-20,yktmd1,11
,MYLU,2024,2024-07-20,yktsb1,103
,MYLU,2024,2024-07-21,yktmd1,3
,MYLU,2024,2024-07-21,yktsb1,19
,MYLU,2024,2024-07-22,STKMS2,1
,MYLU,2024,2024-07-22,yktmd1,24
,MYLU,2024,2024-07-25,STKPD1,1
,MYLU,2024,2024-07-26,STKPD1,1
,MYLU,2024,2024-07-26,yktsb1,2
,MYLU,2024,2024-07-27,yktsb1,22
,MYLU,2024,2024-07-28,yktsb1,28
,MYLU,2024,2024-07-30,STKPD1,1
,MYLU,2024,2024-07-30,yktsb1,10
,MYLU,2024,2024-08-03,STKPD1,1
,MYLU,2024,2024-08-04,STKPD1,2
,MYLU,2024,2024-08-06,STKMS2,1
,MYLU,2024,2024-08-06,STKPD1,2
,MYLU,2024,2024-08-07,STKPD1,2
,MYVO,2024,2024-06-12,foopd1,1
,MYVO,2024,2024-06-12,foorp1,2
,MYVO,2024,2024-06-14,HHLFR1,3
,MYVO,2024,2024-06-14,HHLLK1,26
,MYVO,2024,2024-06-14,HHLMS1,3
,MYVO,2024,2024-06-14,foofr2,4
,MYVO,2024,2024-06-14,fooms1,1
,MYVO,2024,2024-06-14,foopd1,1
,MYVO,2024,2024-06-15,HHLFR1,3
,MYVO,2024,2024-06-15,HHLLK1,4
,MYVO,2024,2024-06-15,HHLMS1,3
,MYVO,2024,2024-06-15,foopd1,1
,MYVO,2024,2024-06-15,foorp1,2
,MYVO,2024,2024-06-16,HHLFR1,3
,MYVO,2024,2024-06-16,HHLLK1,28
,MYVO,2024,2024-06-16,HHLMS1,4
,MYVO,2024,2024-06-16,foofr2,4
,MYVO,2024,2024-06-16,foorp1,5
,MYVO,2024,2024-06-17,HHLLK1,21
,MYVO,2024,2024-06-17,Transects,2
,MYVO,2024,2024-06-17,fooms1,1
,MYVO,2024,2024-06-17,foopd1,2
,MYVO,2024,2024-06-17,foorp1,1
,MYVO,2024,2024-06-18,HHLFR1,2
,MYVO,2024,2024-06-18,HHLLK1,6
,MYVO,2024,2024-06-18,HHLMS1,1
,MYVO,2024,2024-06-18,foofr2,2
,MYVO,2024,2024-06-18,foopd1,1
,MYVO,2024,2024-06-18,foorp1,1
,MYVO,2024,2024-06-18,srhpd1,30
,MYVO,2024,2024-06-18,srhrp1,8
,MYVO,2024,2024-06-19,HHLFR1,4
,MYVO,2024,2024-06-19,HHLLK1,22
,MYVO,2024,2024-06-19,HHLMS1,1
,MYVO,2024,2024-06-19,fooms1,1
,MYVO,2024,2024-06-19,foopd1,1
,MYVO,2024,2024-06-19,foorp1,1
,MYVO,2024,2024-06-19,srhbe2,1
,MYVO,2024,2024-06-19,srhpd1,70
,MYVO,2024,2024-06-19,srhrp1,1
,MYVO,2024,2024-06-20,HHLFR1,3
,MYVO,2024,2024-06-20,HHLLK1,8
,MYVO,2024,2024-06-20,HHLMS1,1
,MYVO,2024,2024-06-20,Transects,4
,MYVO,2024,2024-06-20,foopd1,1
,MYVO,2024,2024-06-20,srhbe2,1
,MYVO,2024,2024-06-20,srhms2,1
,MYVO,2024,2024-06-20,srhpd1,21
,MYVO,2024,2024-06-20,srhrp1,3
,MYVO,2024,2024-06-20,tllrp2,13
,MYVO,2024,2024-06-21,HHLFR1,1
,MYVO,2024,2024-06-21,HHLMS1,1
,MYVO,2024,2024-06-21,foopd1,2
,MYVO,2024,2024-06-21,srhbe2,39
,MYVO,2024,2024-06-21,srhpd1,78
,MYVO,2024,2024-06-21,srhrp1,1
,MYVO,2024,2024-06-21,tllrp2,1
,MYVO,2024,2024-06-22,HHLFR1,10
,MYVO,2024,2024-06-22,foorp1,1
,MYVO,2024,2024-06-22,srhbe2,30
,MYVO,2024,2024-06-22,srhms2,1
,MYVO,2024,2024-06-22,srhpd1,25
,MYVO,2024,2024-06-22,srhrp1,1
,MYVO,2024,2024-06-22,tllms1,1
,MYVO,2024,2024-06-22,tllrp2,2
,MYVO,2024,2024-06-23,HHLFR1,4
,MYVO,2024,2024-06-23,HHLLK1,16
,MYVO,2024,2024-06-23,foopd1,1
,MYVO,2024,2024-06-23,srhbe2,4
,MYVO,2024,2024-06-23,srhms2,2
,MYVO,2024,2024-06-23,srhpd1,23
,MYVO,2024,2024-06-23,srhrp1,15
,MYVO,2024,2024-06-24,HHLFR1,1
,MYVO,2024,2024-06-24,HHLLK1,9
,MYVO,2024,2024-06-24,HHLMS1,1
,MYVO,2024,2024-06-24,foofr2,2
,MYVO,2024,2024-06-24,srhbe2,4
,MYVO,2024,2024-06-24,srhpd1,16
,MYVO,2024,2024-06-24,srhrp1,10
,MYVO,2024,2024-06-24,tllms1,1
,MYVO,2024,2024-06-24,tllrp2,2
,MYVO,2024,2024-06-25,HHLFR1,3
,MYVO,2024,2024-06-25,HHLLK1,10
,MYVO,2024,2024-06-25,HHLMS1,3
,MYVO,2024,2024-06-25,mvafr1,1
,MYVO,2024,2024-06-25,Transects,6
,MYVO,2024,2024-06-25,foofr2,1
,MYVO,2024,2024-06-25,srhbe2,1
,MYVO,2024,2024-06-25,srhms2,3
,MYVO,2024,2024-06-25,srhpd1,21
,MYVO,2024,2024-06-25,srhrp1,7
,MYVO,2024,2024-06-25,tllms1,1
,MYVO,2024,2024-06-25,yktpd1,7
,MYVO,2024,2024-06-26,HHLFR1,9
,MYVO,2024,2024-06-26,HHLLK1,6
,MYVO,2024,2024-06-26,Transects,3
,MYVO,2024,2024-06-26,foofr2,2
,MYVO,2024,2024-06-26,foopd1,1
,MYVO,2024,2024-06-26,srhbe2,1
,MYVO,2024,2024-06-26,srhpd1,46
,MYVO,2024,2024-06-26,srhrp1,10
,MYVO,2024,2024-06-26,tllms1,1
,MYVO,2024,2024-06-26,yktpd1,8
,MYVO,2024,2024-06-27,mvalk1,2
,MYVO,2024,2024-06-27,Transects,8
,MYVO,2024,2024-06-27,foopd1,1
,MYVO,2024,2024-06-27,hnhbe2,1
,MYVO,2024,2024-06-27,srhpd1,51
,MYVO,2024,2024-06-27,srhrp1,9
,MYVO,2024,2024-06-27,yktpd1,1
,MYVO,2024,2024-06-27,yktsb1,12
,MYVO,2024,2024-06-28,mvafr1,1
,MYVO,2024,2024-06-28,foofr2,3
,MYVO,2024,2024-06-28,foopd1,1
,MYVO,2024,2024-06-28,foorp1,2
,MYVO,2024,2024-06-28,tllms1,1
,MYVO,2024,2024-06-28,yktpd1,4
,MYVO,2024,2024-06-28,yktsb1,12
,MYVO,2024,2024-06-29,mvalk1,1
,MYVO,2024,2024-06-29,yktpd1,3
,MYVO,2024,2024-06-29,yktsb1,11
,MYVO,2024,2024-06-30,foofr2,2
,MYVO,2024,2024-06-30,yktpd1,3
,MYVO,2024,2024-06-30,yktsb1,26
,MYVO,2024,2024-07-01,foopd1,1
,MYVO,2024,2024-07-01,yktpd1,3
,MYVO,2024,2024-07-01,yktsb1,18
,MYVO,2024,2024-07-02,mvalk1,1
,MYVO,2024,2024-07-02,doube2,3
,MYVO,2024,2024-07-02,foopd1,1
,MYVO,2024,2024-07-02,yktpd1,21
,MYVO,2024,2024-07-02,yktsb1,32
,MYVO,2024,2024-07-03,doube2,12
,MYVO,2024,2024-07-03,tllfr2,1
,MYVO,2024,2024-07-03,tllms1,1
,MYVO,2024,2024-07-03,yktpd1,6
,MYVO,2024,2024-07-03,yktsb1,24
,MYVO,2024,2024-07-04,doube2,8
,MYVO,2024,2024-07-04,foopd1,1
,MYVO,2024,2024-07-04,tllms1,2
,MYVO,2024,2024-07-04,yktmd1,2
,MYVO,2024,2024-07-04,yktpd1,1
,MYVO,2024,2024-07-04,yktsb1,27
,MYVO,2024,2024-07-05,doube2,24
,MYVO,2024,2024-07-05,foopd1,1
,MYVO,2024,2024-07-05,tllfr2,1
,MYVO,2024,2024-07-05,yktpd1,62
,MYVO,2024,2024-07-05,yktsb1,51
,MYVO,2024,2024-07-06,Transect,1
,MYVO,2024,2024-07-06,doube2,10
,MYVO,2024,2024-07-06,tllfr2,1
,MYVO,2024,2024-07-06,tllms1,1
,MYVO,2024,2024-07-06,yktpd1,3
,MYVO,2024,2024-07-06,yktsb1,32
,MYVO,2024,2024-07-07,mvapd1,1
,MYVO,2024,2024-07-07,Transects,3
,MYVO,2024,2024-07-07,doube2,3
,MYVO,2024,2024-07-07,foopd1,1
,MYVO,2024,2024-07-07,tllms1,1
,MYVO,2024,2024-07-07,yktpd1,1
,MYVO,2024,2024-07-07,yktsb1,21
,MYVO,2024,2024-07-08,doube2,4
,MYVO,2024,2024-07-08,foopd1,1
,MYVO,2024,2024-07-08,yktpd1,1
,MYVO,2024,2024-07-08,yktsb1,24
,MYVO,2024,2024-07-09,yktpd1,1
,MYVO,2024,2024-07-09,yktsb1,37
,MYVO,2024,2024-07-10,yktpd1,24
,MYVO,2024,2024-07-10,yktsb1,26
,MYVO,2024,2024-07-12,yktpd1,58
,MYVO,2024,2024-07-12,yktsb1,49
,MYVO,2024,2024-07-14,yktsb1,1
,MYVO,2024,2024-07-15,yktsb1,4
,MYVO,2024,2024-07-16,yktsb1,2
,MYVO,2024,2024-07-17,STKMS2,1
,MYVO,2024,2024-07-17,yktsb1,2
,MYVO,2024,2024-07-18,yktsb1,21
,MYVO,2024,2024-07-20,yktsb1,4
,MYVO,2024,2024-07-21,yktsb1,3
,MYVO,2024,2024-07-27,yktsb1,3
,MYVO,2024,2024-07-28,yktsb1,9
,MYVO,2024,2024-07-30,yktsb1,3
,MYYU,2024,2024-06-26,HHLLK1,1
,Myotis,2024,2024-06-25,yktpd1,1
,Myotis,2024,2024-06-26,yktpd1,3
,Myotis,2024,2024-06-27,yktsb1,11
,Myotis,2024,2024-06-28,yktpd1,3
,Myotis,2024,2024-06-28,yktsb1,32
,Myotis,2024,2024-06-29,yktpd1,1
,Myotis,2024,2024-06-29,yktsb1,19
,Myotis,2024,2024-06-30,yktpd1,2
,Myotis,2024,2024-06-30,yktsb1,19
,Myotis,2024,2024-07-01,yktpd1,1
,Myotis,2024,2024-07-01,yktsb1,25
,Myotis,2024,2024-07-02,yktsb1,15
,Myotis,2024,2024-07-03,yktpd1,1
,Myotis,2024,2024-07-03,yktsb1,10
,Myotis,2024,2024-07-04,yktpd1,1
,Myotis,2024,2024-07-04,yktsb1,15
,Myotis,2024,2024-07-05,yktpd1,1
,Myotis,2024,2024-07-05,yktsb1,22
,Myotis,2024,2024-07-06,yktsb1,17
,Myotis,2024,2024-07-07,yktpd1,1
,Myotis,2024,2024-07-07,yktsb1,15
,Myotis,2024,2024-07-08,yktpd1,2
,Myotis,2024,2024-07-08,yktsb1,7
,Myotis,2024,2024-07-09,yktpd1,2
,Myotis,2024,2024-07-09,yktsb1,28
,Myotis,2024,2024-07-10,yktpd1,4
,Myotis,2024,2024-07-10,yktsb1,8
,Myotis,2024,2024-07-12,yktpd1,4
,Myotis,2024,2024-07-12,yktsb1,12
,Myotis,2024,2024-07-15,yktmd1,1
,Myotis,2024,2024-07-15,yktsb1,3
,Myotis,2024,2024-07-18,yktsb1,2
,Myotis,2024,2024-07-19,yktsb1,1
,Myotis,2024,2024-07-20,yktsb1,5
,Myotis,2024,2024-07-21,yktsb1,1
,Myotis,2024,2024-07-22,yktmd1,1
,Myotis,2024,2024-07-27,yktsb1,5
,Myotis,2024,2024-07-28,yktsb1,4
,Myotis,2024,2024-07-30,yktsb1,1
,LACI,2024,2024-06-14,hhlrp1,3
,LACI,2024,2024-06-20,srhrp1,2
,LACI,2024,2024-06-21,tllfr2,1
,LACI,2024,2024-06-23,hhlrp1,4
,LACI,2024,2024-06-24,hhlrp1,3
,LACI,2024,2024-06-25,hhlrp1,2
,LACI,2024,2024-06-26,hhlrp1,1
,LACI,2024,2024-07-02,tllfr2,1
,LACI,2024,2024-07-12,stkbe3,1
,LACI,2024,2024-07-28,stkbe3,2
,LACILANO,2024,2024-06-23,hhlrp1,1
,LANO,2024,2024-06-14,HHLLK1,21
,LANO,2024,2024-06-14,hhlrp1,36
,LANO,2024,2024-06-15,HHLLK1,11
,LANO,2024,2024-06-15,hhlrp1,1
,LANO,2024,2024-06-16,HHLLK1,61
,LANO,2024,2024-06-16,hhlrp1,3
,LANO,2024,2024-06-17,HHLLK1,103
,LANO,2024,2024-06-17,hhlrp1,2
,LANO,2024,2024-06-18,HHLLK1,28
,LANO,2024,2024-06-18,hhlrp1,18
,LANO,2024,2024-06-18,srhbe2,1
,LANO,2024,2024-06-18,srhpd1,1
,LANO,2024,2024-06-18,srhrp1,11
,LANO,2024,2024-06-19,HHLLK1,38
,LANO,2024,2024-06-19,hhlrp1,2
,LANO,2024,2024-06-19,srhrp1,7
,LANO,2024,2024-06-20,HHLLK1,127
,LANO,2024,2024-06-20,hhlrp1,8
,LANO,2024,2024-06-20,srhpd1,6
,LANO,2024,2024-06-20,srhrp1,2
,LANO,2024,2024-06-21,srhrp1,39
,LANO,2024,2024-06-22,hhlrp1,1
,LANO,2024,2024-06-22,srhpd1,1
,LANO,2024,2024-06-22,srhrp1,13
,LANO,2024,2024-06-22,tlllk2,1
,LANO,2024,2024-06-23,HHLLK1,47
,LANO,2024,2024-06-23,hhlrp1,96
,LANO,2024,2024-06-23,srhpd1,1
,LANO,2024,2024-06-23,srhrp1,9
,LANO,2024,2024-06-24,HHLLK1,251
,LANO,2024,2024-06-24,hhlrp1,36
,LANO,2024,2024-06-24,srhpd1,3
,LANO,2024,2024-06-24,srhrp1,9
,LANO,2024,2024-06-25,HHLLK1,28
,LANO,2024,2024-06-25,hhlrp1,36
,LANO,2024,2024-06-25,srhpd1,1
,LANO,2024,2024-06-25,srhrp1,1
,LANO,2024,2024-06-26,HHLLK1,98
,LANO,2024,2024-06-26,hhlrp1,4
,LANO,2024,2024-06-26,srhpd1,1
,LANO,2024,2024-06-26,srhrp1,20
,LANO,2024,2024-06-27,srhrp1,15
,LANO,2024,2024-06-29,tlllk2,2
,LANO,2024,2024-06-30,tlllk2,1
,LANO,2024,2024-07-05,tlllk2,1
,LANO,2024,2024-07-06,mvalk1,1
,LANO,2024,2024-07-10,stkbe3,2
,LANO,2024,2024-07-11,STKRP2,1
,LANO,2024,2024-07-11,stkbe3,3
,LANO,2024,2024-07-12,stkbe3,1
,LANO,2024,2024-07-13,STKRP2,1
,LANO,2024,2024-07-17,stkbe3,1
,LANO,2024,2024-07-18,stkbe3,1
,LANO,2024,2024-07-19,stkbe3,8
,LANO,2024,2024-07-27,stkbe3,1
,LANO,2024,2024-07-28,stkbe3,53
,NOID,2024,2024-06-14,hhlrp1,1
,NOID,2024,2024-06-18,srhrp1,2
,NOID,2024,2024-06-22,srhrp1,1
,NOID,2024,2024-06-14,foopd1,1
,NOID,2024,2024-06-15,foopd1,1
,NOID,2024,2024-06-20,srhrp1,3
,NOID,2024,2024-07-02,Transects,1
,NOID,2024,2024-06-14,HHLLK1,1
,NOID,2024,2024-06-17,HHLLK1,2
,NOID,2024,2024-06-24,HHLLK1,1
,NOID,2024,2024-06-14,HHLLK1,2
,NOID,2024,2024-06-17,HHLLK1,1
,NOID,2024,2024-06-19,HHLLK1,1
,LACILANO,2024,2024-07-20,yktsb1,1
,LACILANO,2024,2024-07-02,yktpd1,1
,LACI,2024,2024-06-27,Transects,1
,LANO,2024,2024-06-13,foopd1,2
,LANO,2024,2024-06-14,HHLLK1,50
,LANO,2024,2024-06-14,foopd1,15
,LANO,2024,2024-06-15,HHLLK1,28
,LANO,2024,2024-06-15,HHLMS1,1
,LANO,2024,2024-06-15,Transects,1
,LANO,2024,2024-06-15,foopd1,4
,LANO,2024,2024-06-16,HHLLK1,57
,LANO,2024,2024-06-16,HHLMS1,1
,LANO,2024,2024-06-16,fooms1,1
,LANO,2024,2024-06-16,foopd1,29
,LANO,2024,2024-06-17,HHLLK1,112
,LANO,2024,2024-06-17,HHLMS1,1
,LANO,2024,2024-06-17,Transects,2
,LANO,2024,2024-06-17,foopd1,2
,LANO,2024,2024-06-17,foorp1,1
,LANO,2024,2024-06-18,HHLLK1,22
,LANO,2024,2024-06-18,HHLMS1,1
,LANO,2024,2024-06-18,fooms1,1
,LANO,2024,2024-06-18,foopd1,6
,LANO,2024,2024-06-18,foorp1,1
,LANO,2024,2024-06-18,srhpd1,28
,LANO,2024,2024-06-18,srhrp1,16
,LANO,2024,2024-06-19,HHLLK1,31
,LANO,2024,2024-06-19,fooms1,1
,LANO,2024,2024-06-19,srhpd1,8
,LANO,2024,2024-06-19,srhrp1,5
,LANO,2024,2024-06-20,HHLLK1,142
,LANO,2024,2024-06-20,Transects,4
,LANO,2024,2024-06-20,srhbe2,1
,LANO,2024,2024-06-20,srhpd1,28
,LANO,2024,2024-06-20,srhrp1,13
,LANO,2024,2024-06-21,srhpd1,11
,LANO,2024,2024-06-21,srhrp1,40
,LANO,2024,2024-06-21,tllrp2,3
,LANO,2024,2024-06-22,srhbe2,4
,LANO,2024,2024-06-22,srhpd1,7
,LANO,2024,2024-06-22,srhrp1,13
,LANO,2024,2024-06-22,tllrp2,9
,LANO,2024,2024-06-23,HHLLK1,40
,LANO,2024,2024-06-23,HHLMS1,1
,LANO,2024,2024-06-23,srhbe2,2
,LANO,2024,2024-06-23,srhpd1,18
,LANO,2024,2024-06-23,srhrp1,13
,LANO,2024,2024-06-24,HHLLK1,209
,LANO,2024,2024-06-24,foopd1,2
,LANO,2024,2024-06-24,hnhbe2,5
,LANO,2024,2024-06-24,srhbe2,2
,LANO,2024,2024-06-24,srhpd1,28
,LANO,2024,2024-06-24,srhrp1,11
,LANO,2024,2024-06-25,HHLLK1,27
,LANO,2024,2024-06-25,mvafr1,1
,LANO,2024,2024-06-25,Transects,5
,LANO,2024,2024-06-25,doube2,1
,LANO,2024,2024-06-25,hnhbe2,4
,LANO,2024,2024-06-25,srhbe2,1
,LANO,2024,2024-06-25,srhms2,1
,LANO,2024,2024-06-25,srhpd1,6
,LANO,2024,2024-06-26,HHLLK1,93
,LANO,2024,2024-06-26,foopd1,1
,LANO,2024,2024-06-26,hnhbe2,1
,LANO,2024,2024-06-26,srhbe2,1
,LANO,2024,2024-06-26,srhpd1,19
,LANO,2024,2024-06-26,srhrp1,27
,LANO,2024,2024-06-27,mvafr1,2
,LANO,2024,2024-06-27,mvapd1,1
,LANO,2024,2024-06-27,foopd1,1
,LANO,2024,2024-06-27,hnhbe2,1
,LANO,2024,2024-06-27,srhpd1,8
,LANO,2024,2024-06-27,srhrp1,9
,LANO,2024,2024-06-28,mvalk1,2
,LANO,2024,2024-06-28,Transect,4
,LANO,2024,2024-06-28,hnhrp1,1
,LANO,2024,2024-06-29,foofr2,1
,LANO,2024,2024-06-29,hnhrp1,1
,LANO,2024,2024-06-30,mvafr1,1
,LANO,2024,2024-06-30,doube2,1
,LANO,2024,2024-06-30,hnhbe2,4
,LANO,2024,2024-07-01,mvafr1,2
,LANO,2024,2024-07-01,Transects,10
,LANO,2024,2024-07-02,mvafr1,2
,LANO,2024,2024-07-02,mvalk1,5
,LANO,2024,2024-07-02,doums1,7
,LANO,2024,2024-07-02,dourp1,1
,LANO,2024,2024-07-03,mvafr1,4
,LANO,2024,2024-07-05,mvafr1,5
,LANO,2024,2024-07-05,mvapd1,1
,LANO,2024,2024-07-06,mvafr1,1
,LANO,2024,2024-07-06,mvalk1,11
,LANO,2024,2024-07-06,Transect,3
,LANO,2024,2024-07-06,Transects,3
,LANO,2024,2024-07-07,mvalk1,3
,LANO,2024,2024-07-07,mvapd1,2
,LANO,2024,2024-07-08,mvalk1,3
,LANO,2024,2024-07-08,mvapd1,1
,LANO,2024,2024-07-09,STKRP2,2
,LANO,2024,2024-07-09,yktpd1,1
,LANO,2024,2024-07-10,STKRP2,19
,LANO,2024,2024-07-11,STKRP2,99
,LANO,2024,2024-07-12,STKRP2,46
,LANO,2024,2024-07-14,STKRP2,6
,LANO,2024,2024-07-15,STKRP2,11
,LANO,2024,2024-07-16,STKRP2,4
,LANO,2024,2024-07-17,STKRP2,12
,LANO,2024,2024-07-18,STKRP2,42
,LANO,2024,2024-08-03,STKPD1,1
,LANO,2024,2024-08-05,STKMS2,1
,MYCA,2024,2024-06-12,foopd1,3
,MYCA,2024,2024-06-12,foorp1,5
,MYCA,2024,2024-06-13,foopd1,2
,MYCA,2024,2024-06-13,foorp1,3
,MYCA,2024,2024-06-14,HHLFR1,19
,MYCA,2024,2024-06-14,HHLLK1,2
,MYCA,2024,2024-06-14,foopd1,2
,MYCA,2024,2024-06-15,HHLFR1,11
,MYCA,2024,2024-06-15,HHLLK1,1
,MYCA,2024,2024-06-15,Transects,1
,MYCA,2024,2024-06-15,foofr2,3
,MYCA,2024,2024-06-15,foopd1,1
,MYCA,2024,2024-06-15,foorp1,7
,MYCA,2024,2024-06-16,HHLFR1,21
,MYCA,2024,2024-06-16,HHLLK1,1
,MYCA,2024,2024-06-16,foofr2,2
,MYCA,2024,2024-06-16,foopd1,2
,MYCA,2024,2024-06-16,foorp1,3
,MYCA,2024,2024-06-17,HHLFR1,20
,MYCA,2024,2024-06-17,Transects,1
,MYCA,2024,2024-06-17,foofr2,1
,MYCA,2024,2024-06-17,foopd1,2
,MYCA,2024,2024-06-17,foorp1,5
,MYCA,2024,2024-06-18,HHLFR1,21
,MYCA,2024,2024-06-18,HHLMS1,1
,MYCA,2024,2024-06-18,fooms1,5
,MYCA,2024,2024-06-18,foopd1,2
,MYCA,2024,2024-06-18,foorp1,7
,MYCA,2024,2024-06-18,srhpd1,11
,MYCA,2024,2024-06-18,srhrp1,30
,MYCA,2024,2024-06-19,HHLFR1,23
,MYCA,2024,2024-06-19,HHLLK1,3
,MYCA,2024,2024-06-19,HHLMS1,1
,MYCA,2024,2024-06-19,foorp1,5
,MYCA,2024,2024-06-19,srhbe2,2
,MYCA,2024,2024-06-19,srhms2,2
,MYCA,2024,2024-06-19,srhpd1,6
,MYCA,2024,2024-06-19,srhrp1,24
,MYCA,2024,2024-06-20,HHLFR1,31
,MYCA,2024,2024-06-20,HHLLK1,2
,MYCA,2024,2024-06-20,HHLMS1,3
,MYCA,2024,2024-06-20,foorp1,12
,MYCA,2024,2024-06-20,srhbe2,1
,MYCA,2024,2024-06-20,srhms2,2
,MYCA,2024,2024-06-20,srhpd1,13
,MYCA,2024,2024-06-20,srhrp1,16
,MYCA,2024,2024-06-20,tllrp2,76
,MYCA,2024,2024-06-21,HHLFR1,4
,MYCA,2024,2024-06-21,HHLMS1,1
,MYCA,2024,2024-06-21,foorp1,11
,MYCA,2024,2024-06-21,srhbe2,15
,MYCA,2024,2024-06-21,srhpd1,13
,MYCA,2024,2024-06-21,srhrp1,8
,MYCA,2024,2024-06-21,tllfr2,1
,MYCA,2024,2024-06-21,tllrp2,25
,MYCA,2024,2024-06-22,HHLFR1,22
,MYCA,2024,2024-06-22,HHLMS1,1
,MYCA,2024,2024-06-22,foorp1,2
,MYCA,2024,2024-06-22,srhbe2,12
,MYCA,2024,2024-06-22,srhms2,8
,MYCA,2024,2024-06-22,srhpd1,6
,MYCA,2024,2024-06-22,srhrp1,19
,MYCA,2024,2024-06-22,tllfr2,1
,MYCA,2024,2024-06-22,tllrp2,18
,MYCA,2024,2024-06-23,HHLFR1,13
,MYCA,2024,2024-06-23,foopd1,1
,MYCA,2024,2024-06-23,srhbe2,3
,MYCA,2024,2024-06-23,srhpd1,15
,MYCA,2024,2024-06-23,srhrp1,62
,MYCA,2024,2024-06-23,tllfr2,2
,MYCA,2024,2024-06-23,tllms1,1
,MYCA,2024,2024-06-23,tllrp2,29
,MYCA,2024,2024-06-24,HHLFR1,13
,MYCA,2024,2024-06-24,HHLLK1,1
,MYCA,2024,2024-06-24,foopd1,1
,MYCA,2024,2024-06-24,hnhfr2,1
,MYCA,2024,2024-06-24,srhbe2,1
,MYCA,2024,2024-06-24,srhpd1,8
,MYCA,2024,2024-06-24,srhrp1,27
,MYCA,2024,2024-06-24,tllfr2,3
,MYCA,2024,2024-06-24,tllms1,2
,MYCA,2024,2024-06-24,tllrp2,32
,MYCA,2024,2024-06-25,HHLFR1,5
,MYCA,2024,2024-06-25,HHLMS1,1
,MYCA,2024,2024-06-25,mvafr1,1
,MYCA,2024,2024-06-25,foorp1,4
,MYCA,2024,2024-06-25,hnhrp1,1
,MYCA,2024,2024-06-25,srhms2,1
,MYCA,2024,2024-06-25,srhpd1,37
,MYCA,2024,2024-06-25,srhrp1,28
,MYCA,2024,2024-06-25,tllfr2,3
,MYCA,2024,2024-06-25,yktpd1,14
,MYCA,2024,2024-06-26,HHLFR1,14
,MYCA,2024,2024-06-26,HHLLK1,8
,MYCA,2024,2024-06-26,mvafr1,1
,MYCA,2024,2024-06-26,Transects,1
,MYCA,2024,2024-06-26,doube2,1
,MYCA,2024,2024-06-26,foopd1,1
,MYCA,2024,2024-06-26,srhbe2,1
,MYCA,2024,2024-06-26,srhpd1,15
,MYCA,2024,2024-06-26,srhrp1,43
,MYCA,2024,2024-06-26,tllfr2,3
,MYCA,2024,2024-06-26,tllms1,1
,MYCA,2024,2024-06-26,yktpd1,6
,MYCA,2024,2024-06-27,mvafr1,2
,MYCA,2024,2024-06-27,mvalk1,2
,MYCA,2024,2024-06-27,mvapd1,5
,MYCA,2024,2024-06-27,Transects,2
,MYCA,2024,2024-06-27,doufr1,1
,MYCA,2024,2024-06-27,dourp1,1
,MYCA,2024,2024-06-27,hnhbe2,1
,MYCA,2024,2024-06-27,hnhrp1,1
,MYCA,2024,2024-06-27,srhbe2,1
,MYCA,2024,2024-06-27,srhms2,1
,MYCA,2024,2024-06-27,srhpd1,8
,MYCA,2024,2024-06-27,srhrp1,10
,MYCA,2024,2024-06-27,tllfr2,2
,MYCA,2024,2024-06-28,mvalk1,3
,MYCA,2024,2024-06-28,mvapd1,5
,MYCA,2024,2024-06-28,dourp1,2
,MYCA,2024,2024-06-28,foopd1,2
,MYCA,2024,2024-06-28,foorp1,2
,MYCA,2024,2024-06-28,hnhbe2,1
,MYCA,2024,2024-06-28,tllfr2,1
,MYCA,2024,2024-06-28,tllms1,3
,MYCA,2024,2024-06-28,yktpd1,2
,MYCA,2024,2024-06-29,mvalk1,9
,MYCA,2024,2024-06-29,mvapd1,7
,MYCA,2024,2024-06-29,doufr1,1
,MYCA,2024,2024-06-29,foopd1,2
,MYCA,2024,2024-06-29,foorp1,2
,MYCA,2024,2024-06-29,tllfr2,4
,MYCA,2024,2024-06-29,tllms1,2
,MYCA,2024,2024-06-30,mvalk1,1
,MYCA,2024,2024-06-30,mvapd1,2
,MYCA,2024,2024-06-30,doube2,7
,MYCA,2024,2024-06-30,foopd1,1
,MYCA,2024,2024-06-30,hnhbe2,2
,MYCA,2024,2024-06-30,tllfr2,1
,MYCA,2024,2024-07-01,mvapd1,34
,MYCA,2024,2024-07-01,doube2,16
,MYCA,2024,2024-07-01,foorp1,1
,MYCA,2024,2024-07-01,tllfr2,4
,MYCA,2024,2024-07-01,yktpd1,3
,MYCA,2024,2024-07-02,mvalk1,2
,MYCA,2024,2024-07-02,mvapd1,1
,MYCA,2024,2024-07-02,doube2,15
,MYCA,2024,2024-07-02,tllfr2,3
,MYCA,2024,2024-07-02,yktpd1,21
,MYCA,2024,2024-07-03,mvapd1,6
,MYCA,2024,2024-07-03,doufr1,1
,MYCA,2024,2024-07-03,tllfr2,5
,MYCA,2024,2024-07-03,tllms1,1
,MYCA,2024,2024-07-03,yktpd1,7
,MYCA,2024,2024-07-04,mvalk1,1
,MYCA,2024,2024-07-04,mvawt2,1
,MYCA,2024,2024-07-04,mvapd1,7
,MYCA,2024,2024-07-04,doufr1,1
,MYCA,2024,2024-07-04,tllfr2,7
,MYCA,2024,2024-07-04,tllms1,1
,MYCA,2024,2024-07-04,yktpd1,3
,MYCA,2024,2024-07-04,yktsb1,1
,MYCA,2024,2024-07-05,mvapd1,6
,MYCA,2024,2024-07-05,doube2,2
,MYCA,2024,2024-07-05,doufr1,1
,MYCA,2024,2024-07-05,tllfr2,12
,MYCA,2024,2024-07-05,tllms1,1
,MYCA,2024,2024-07-05,yktpd1,6
,MYCA,2024,2024-07-06,mvafr1,1
,MYCA,2024,2024-07-06,mvalk1,7
,MYCA,2024,2024-07-06,mvawt2,1
,MYCA,2024,2024-07-06,mvapd1,3
,MYCA,2024,2024-07-06,doube2,4
,MYCA,2024,2024-07-06,foopd1,1
,MYCA,2024,2024-07-06,tllfr2,4
,MYCA,2024,2024-07-06,tllms1,2
,MYCA,2024,2024-07-06,yktpd1,11
,MYCA,2024,2024-07-07,mvafr1,2
,MYCA,2024,2024-07-07,mvalk1,2
,MYCA,2024,2024-07-07,doufr1,1
,MYCA,2024,2024-07-07,tllfr2,6
,MYCA,2024,2024-07-07,tllms1,1
,MYCA,2024,2024-07-07,yktpd1,1
,MYCA,2024,2024-07-08,mvafr1,1
,MYCA,2024,2024-07-08,mvalk1,2
,MYCA,2024,2024-07-08,mvapd1,2
,MYCA,2024,2024-07-08,doube2,7
,MYCA,2024,2024-07-09,STKRP2,27
,MYCA,2024,2024-07-09,yktpd1,1
,MYCA,2024,2024-07-10,STKMS2,4
,MYCA,2024,2024-07-10,STKPD1,1
,MYCA,2024,2024-07-10,STKRP2,169
,MYCA,2024,2024-07-10,yktpd1,1
,MYCA,2024,2024-07-11,STKPD1,2
,MYCA,2024,2024-07-11,STKRP2,102
,MYCA,2024,2024-07-12,STKRP2,131
,MYCA,2024,2024-07-13,STKRP2,10
,MYCA,2024,2024-07-14,STKRP2,85
,MYCA,2024,2024-07-15,STKPD1,3
,MYCA,2024,2024-07-15,STKRP2,164
,MYCA,2024,2024-07-16,STKRP2,14
,MYCA,2024,2024-07-17,STKPD1,1
,MYCA,2024,2024-07-17,STKRP2,92
,MYCA,2024,2024-07-18,STKRP2,45
,MYCA,2024,2024-07-20,STKMS2,2
,MYCA,2024,2024-07-23,STKPD1,3
,MYCA,2024,2024-07-24,STKPD1,1
,MYCA,2024,2024-07-26,STKPD1,1
,MYCA,2024,2024-07-29,STKPD1,1
,MYCA,2024,2024-07-30,STKPD1,1
,MYCA,2024,2024-07-31,STKPD1,1
,MYCA,2024,2024-08-01,STKPD1,2
,MYCA,2024,2024-08-02,STKPD1,1
,MYCA,2024,2024-08-06,STKMS2,1
,MYCA,2024,2024-08-06,STKPD1,1
,MYCA,2024,2024-08-07,STKPD1,1
,MYEV,2024,2024-06-13,foopd1,2
,MYEV,2024,2024-06-14,HHLFR1,5
,MYEV,2024,2024-06-14,HHLMS1,4
,MYEV,2024,2024-06-14,foopd1,6
,MYEV,2024,2024-06-15,HHLFR1,5
,MYEV,2024,2024-06-15,HHLMS1,5
,MYEV,2024,2024-06-15,foopd1,4
,MYEV,2024,2024-06-16,HHLFR1,4
,MYEV,2024,2024-06-16,HHLLK1,1
,MYEV,2024,2024-06-16,HHLMS1,7
,MYEV,2024,2024-06-16,foopd1,5
,MYEV,2024,2024-06-16,foorp1,3
,MYEV,2024,2024-06-17,HHLFR1,8
,MYEV,2024,2024-06-17,HHLLK1,2
,MYEV,2024,2024-06-17,Transects,1
,MYEV,2024,2024-06-17,foorp1,1
,MYEV,2024,2024-06-18,HHLFR1,6
,MYEV,2024,2024-06-18,foofr2,1
,MYEV,2024,2024-06-18,foopd1,4
,MYEV,2024,2024-06-18,srhms2,2
,MYEV,2024,2024-06-18,srhpd1,1
,MYEV,2024,2024-06-18,srhrp1,5
,MYEV,2024,2024-06-19,HHLFR1,6
,MYEV,2024,2024-06-19,HHLLK1,1
,MYEV,2024,2024-06-19,HHLMS1,2
,MYEV,2024,2024-06-19,fooms1,1
,MYEV,2024,2024-06-19,foopd1,2
,MYEV,2024,2024-06-19,srhbe2,1
,MYEV,2024,2024-06-19,srhms2,4
,MYEV,2024,2024-06-19,srhpd1,2
,MYEV,2024,2024-06-19,srhrp1,7
,MYEV,2024,2024-06-20,HHLFR1,8
,MYEV,2024,2024-06-20,HHLMS1,1
,MYEV,2024,2024-06-20,Transects,2
,MYEV,2024,2024-06-20,fooms1,2
,MYEV,2024,2024-06-20,foopd1,6
,MYEV,2024,2024-06-20,srhms2,13
,MYEV,2024,2024-06-20,srhpd1,11
,MYEV,2024,2024-06-20,srhrp1,15
,MYEV,2024,2024-06-20,tllrp2,3
,MYEV,2024,2024-06-21,HHLFR1,2
,MYEV,2024,2024-06-21,foopd1,2
,MYEV,2024,2024-06-21,srhpd1,1
,MYEV,2024,2024-06-21,srhrp1,4
,MYEV,2024,2024-06-21,tllrp2,3
,MYEV,2024,2024-06-22,HHLFR1,7
,MYEV,2024,2024-06-22,srhms2,4
,MYEV,2024,2024-06-22,srhpd1,1
,MYEV,2024,2024-06-22,srhrp1,6
,MYEV,2024,2024-06-22,tllms1,2
,MYEV,2024,2024-06-22,tllrp2,2
,MYEV,2024,2024-06-23,HHLFR1,3
,MYEV,2024,2024-06-23,HHLMS1,2
,MYEV,2024,2024-06-23,foopd1,1
,MYEV,2024,2024-06-23,srhms2,20
,MYEV,2024,2024-06-23,srhrp1,6
,MYEV,2024,2024-06-23,tllfr2,1
,MYEV,2024,2024-06-24,HHLFR1,14
,MYEV,2024,2024-06-24,HHLLK1,1
,MYEV,2024,2024-06-24,HHLMS1,5
,MYEV,2024,2024-06-24,foopd1,4
,MYEV,2024,2024-06-24,foorp1,1
,MYEV,2024,2024-06-24,srhms2,11
,MYEV,2024,2024-06-24,srhpd1,3
,MYEV,2024,2024-06-24,srhrp1,26
,MYEV,2024,2024-06-24,tllfr2,4
,MYEV,2024,2024-06-24,tllms1,4
,MYEV,2024,2024-06-24,tllrp2,1
,MYEV,2024,2024-06-25,HHLFR1,9
,MYEV,2024,2024-06-25,HHLLK1,1
,MYEV,2024,2024-06-25,doube2,4
,MYEV,2024,2024-06-25,foopd1,3
,MYEV,2024,2024-06-25,srhms2,2
,MYEV,2024,2024-06-25,srhpd1,12
,MYEV,2024,2024-06-25,srhrp1,23
,MYEV,2024,2024-06-25,tllfr2,5
,MYEV,2024,2024-06-25,tllms1,3
,MYEV,2024,2024-06-26,HHLFR1,7
,MYEV,2024,2024-06-26,HHLLK1,2
,MYEV,2024,2024-06-26,mvafr1,1
,MYEV,2024,2024-06-26,mvapd1,6
,MYEV,2024,2024-06-26,Transects,2
,MYEV,2024,2024-06-26,dourp1,1
,MYEV,2024,2024-06-26,hnhbe2,1
,MYEV,2024,2024-06-26,hnhfr2,1
,MYEV,2024,2024-06-26,srhbe2,1
,MYEV,2024,2024-06-26,srhms2,4
,MYEV,2024,2024-06-26,srhpd1,1
,MYEV,2024,2024-06-26,srhrp1,24
,MYEV,2024,2024-06-26,tllfr2,4
,MYEV,2024,2024-06-26,tllms1,1
,MYEV,2024,2024-06-27,mvafr1,3
,MYEV,2024,2024-06-27,mvapd1,2
,MYEV,2024,2024-06-27,Transects,2
,MYEV,2024,2024-06-27,doube2,3
,MYEV,2024,2024-06-27,foopd1,1
,MYEV,2024,2024-06-27,hnhrp1,2
,MYEV,2024,2024-06-27,srhms2,2
,MYEV,2024,2024-06-27,srhpd1,2
,MYEV,2024,2024-06-27,srhrp1,15
,MYEV,2024,2024-06-27,tllfr2,4
,MYEV,2024,2024-06-27,tllms1,3
,MYEV,2024,2024-06-28,mvafr1,3
,MYEV,2024,2024-06-28,mvapd1,4
,MYEV,2024,2024-06-28,foopd1,1
,MYEV,2024,2024-06-28,hnhrp1,1
,MYEV,2024,2024-06-28,tllfr2,1
,MYEV,2024,2024-06-28,tllms1,2
,MYEV,2024,2024-06-29,mvapd1,3
,MYEV,2024,2024-06-29,dourp1,3
,MYEV,2024,2024-06-29,foopd1,1
,MYEV,2024,2024-06-29,tllfr2,15
,MYEV,2024,2024-06-29,tllms1,1
,MYEV,2024,2024-06-30,mvapd1,1
,MYEV,2024,2024-06-30,doufr1,1
,MYEV,2024,2024-06-30,dourp1,3
,MYEV,2024,2024-06-30,hnhbe2,1
,MYEV,2024,2024-06-30,hnhfr2,2
,MYEV,2024,2024-06-30,tllfr2,3
,MYEV,2024,2024-06-30,tllms1,1
,MYEV,2024,2024-07-01,doube2,14
,MYEV,2024,2024-07-01,dourp1,3
,MYEV,2024,2024-07-01,foopd1,1
,MYEV,2024,2024-07-01,tllfr2,1
,MYEV,2024,2024-07-01,tllms1,1
,MYEV,2024,2024-07-02,doube2,2
,MYEV,2024,2024-07-02,dourp1,2
,MYEV,2024,2024-07-02,tllfr2,1
,MYEV,2024,2024-07-02,tllms1,5
,MYEV,2024,2024-07-03,mvafr1,3
,MYEV,2024,2024-07-03,mvapd1,1
,MYEV,2024,2024-07-03,doube2,3
,MYEV,2024,2024-07-03,tllfr2,1
,MYEV,2024,2024-07-03,tllms1,5
,MYEV,2024,2024-07-04,mvafr1,3
,MYEV,2024,2024-07-04,mvapd1,4
,MYEV,2024,2024-07-04,foopd1,1
,MYEV,2024,2024-07-04,tllfr2,8
,MYEV,2024,2024-07-04,tllms1,1
,MYEV,2024,2024-07-04,yktsb1,1
,MYEV,2024,2024-07-05,mvafr1,2
,MYEV,2024,2024-07-05,mvapd1,6
,MYEV,2024,2024-07-05,doube2,2
,MYEV,2024,2024-07-05,tllfr2,25
,MYEV,2024,2024-07-06,mvalk1,1
,MYEV,2024,2024-07-06,mvapd1,18
,MYEV,2024,2024-07-06,Transect,1
,MYEV,2024,2024-07-06,doube2,4
,MYEV,2024,2024-07-06,dourp1,1
,MYEV,2024,2024-07-06,tllfr2,20
,MYEV,2024,2024-07-06,tllms1,1
,MYEV,2024,2024-07-07,mvafr1,1
,MYEV,2024,2024-07-07,mvawt2,1
,MYEV,2024,2024-07-07,mvapd1,1
,MYEV,2024,2024-07-07,doube2,1
,MYEV,2024,2024-07-07,tllfr2,20
,MYEV,2024,2024-07-08,mvawt2,1
,MYEV,2024,2024-07-08,mvapd1,3
,MYEV,2024,2024-07-08,doube2,5
,MYEV,2024,2024-07-08,foopd1,1
,MYLU,2024,2024-06-12,foopd1,4
,MYLU,2024,2024-06-13,foopd1,1
,MYLU,2024,2024-06-14,HHLLK1,44
,MYLU,2024,2024-06-14,HHLMS1,3
,MYLU,2024,2024-06-14,foofr2,3
,MYLU,2024,2024-06-14,foopd1,3
,MYLU,2024,2024-06-15,HHLLK1,35
,MYLU,2024,2024-06-15,HHLMS1,4
,MYLU,2024,2024-06-15,foofr2,3
,MYLU,2024,2024-06-15,foopd1,4
,MYLU,2024,2024-06-15,foorp1,4
,MYLU,2024,2024-06-16,HHLFR1,2
,MYLU,2024,2024-06-16,HHLLK1,21
,MYLU,2024,2024-06-16,HHLMS1,3
,MYLU,2024,2024-06-16,fooms1,1
,MYLU,2024,2024-06-16,foopd1,5
,MYLU,2024,2024-06-16,foorp1,4
,MYLU,2024,2024-06-17,HHLFR1,1
,MYLU,2024,2024-06-17,HHLLK1,5
,MYLU,2024,2024-06-17,fooms1,1
,MYLU,2024,2024-06-17,foopd1,2
,MYLU,2024,2024-06-17,foorp1,5
,MYLU,2024,2024-06-18,HHLFR1,1
,MYLU,2024,2024-06-18,HHLLK1,26
,MYLU,2024,2024-06-18,HHLMS1,10
,MYLU,2024,2024-06-18,foopd1,5
,MYLU,2024,2024-06-18,foorp1,2
,MYLU,2024,2024-06-18,srhms2,2
,MYLU,2024,2024-06-18,srhpd1,475
,MYLU,2024,2024-06-18,srhrp1,7
,MYLU,2024,2024-06-19,HHLFR1,1
,MYLU,2024,2024-06-19,HHLLK1,24
,MYLU,2024,2024-06-19,HHLMS1,1
,MYLU,2024,2024-06-19,foofr2,1
,MYLU,2024,2024-06-19,foopd1,5
,MYLU,2024,2024-06-19,foorp1,4
,MYLU,2024,2024-06-19,srhbe2,3
,MYLU,2024,2024-06-19,srhms2,1
,MYLU,2024,2024-06-19,srhpd1,460
,MYLU,2024,2024-06-19,srhrp1,2
,MYLU,2024,2024-06-20,HHLFR1,3
,MYLU,2024,2024-06-20,HHLLK1,25
,MYLU,2024,2024-06-20,HHLMS1,1
,MYLU,2024,2024-06-20,Transects,1
,MYLU,2024,2024-06-20,foofr2,1
,MYLU,2024,2024-06-20,fooms1,1
,MYLU,2024,2024-06-20,foopd1,3
,MYLU,2024,2024-06-20,foorp1,4
,MYLU,2024,2024-06-20,srhbe2,5
,MYLU,2024,2024-06-20,srhms2,6
,MYLU,2024,2024-06-20,srhpd1,372
,MYLU,2024,2024-06-20,srhrp1,13
,MYLU,2024,2024-06-20,tllrp2,41
,MYLU,2024,2024-06-21,foopd1,1
,MYLU,2024,2024-06-21,foorp1,1
,MYLU,2024,2024-06-21,srhbe2,30
,MYLU,2024,2024-06-21,srhms2,1
,MYLU,2024,2024-06-21,srhpd1,388
,MYLU,2024,2024-06-21,srhrp1,4
,MYLU,2024,2024-06-21,tllms1,4
,MYLU,2024,2024-06-21,tllrp2,1
,MYLU,2024,2024-06-22,HHLMS1,1
,MYLU,2024,2024-06-22,srhbe2,41
,MYLU,2024,2024-06-22,srhms2,9
,MYLU,2024,2024-06-22,srhpd1,427
,MYLU,2024,2024-06-22,srhrp1,1
,MYLU,2024,2024-06-22,tllms1,2
,MYLU,2024,2024-06-22,tllrp2,3
,MYLU,2024,2024-06-23,HHLLK1,48
,MYLU,2024,2024-06-23,HHLMS1,3
,MYLU,2024,2024-06-23,srhbe2,20
,MYLU,2024,2024-06-23,srhms2,7
,MYLU,2024,2024-06-23,srhpd1,466
,MYLU,2024,2024-06-23,srhrp1,17
,MYLU,2024,2024-06-23,tllfr2,1
,MYLU,2024,2024-06-23,tllrp2,6
,MYLU,2024,2024-06-24,HHLLK1,5
,MYLU,2024,2024-06-24,HHLMS1,8
,MYLU,2024,2024-06-24,foopd1,4
,MYLU,2024,2024-06-24,hnhbe2,9
,MYLU,2024,2024-06-24,srhbe2,12
,MYLU,2024,2024-06-24,srhms2,1
,MYLU,2024,2024-06-24,srhpd1,501
,MYLU,2024,2024-06-24,srhrp1,16
,MYLU,2024,2024-06-24,tllms1,2
,MYLU,2024,2024-06-24,tllrp2,8
,MYLU,2024,2024-06-25,HHLFR1,1
,MYLU,2024,2024-06-25,HHLLK1,11
,MYLU,2024,2024-06-25,HHLMS1,4
,MYLU,2024,2024-06-25,mvafr1,36
,MYLU,2024,2024-06-25,Transects,4
,MYLU,2024,2024-06-25,doube2,145
,MYLU,2024,2024-06-25,foofr2,1
,MYLU,2024,2024-06-25,foopd1,12
,MYLU,2024,2024-06-25,hnhbe2,13
,MYLU,2024,2024-06-25,srhbe2,16
,MYLU,2024,2024-06-25,srhms2,2
,MYLU,2024,2024-06-25,srhpd1,393
,MYLU,2024,2024-06-25,srhrp1,36
,MYLU,2024,2024-06-25,yktpd1,34
,MYLU,2024,2024-06-26,HHLFR1,1
,MYLU,2024,2024-06-26,HHLLK1,3
,MYLU,2024,2024-06-26,HHLMS1,2
,MYLU,2024,2024-06-26,mvafr1,53
,MYLU,2024,2024-06-26,mvawt2,11
,MYLU,2024,2024-06-26,mvapd1,291
,MYLU,2024,2024-06-26,Transects,8
,MYLU,2024,2024-06-26,doube2,88
,MYLU,2024,2024-06-26,doufr1,22
,MYLU,2024,2024-06-26,doums1,34
,MYLU,2024,2024-06-26,dourp1,5
,MYLU,2024,2024-06-26,foopd1,1
,MYLU,2024,2024-06-26,hnhbe2,11
,MYLU,2024,2024-06-26,srhbe2,5
,MYLU,2024,2024-06-26,srhms2,3
,MYLU,2024,2024-06-26,srhpd1,462
,MYLU,2024,2024-06-26,srhrp1,24
,MYLU,2024,2024-06-26,tllms1,3
,MYLU,2024,2024-06-26,yktmd1,3
,MYLU,2024,2024-06-26,yktpd1,31
,MYLU,2024,2024-06-27,mvafr1,93
,MYLU,2024,2024-06-27,mvalk1,94
,MYLU,2024,2024-06-27,mvawt2,5
,MYLU,2024,2024-06-27,mvapd1,287
,MYLU,2024,2024-06-27,Transects,13
,MYLU,2024,2024-06-27,doube2,50
,MYLU,2024,2024-06-27,doufr1,23
,MYLU,2024,2024-06-27,doums1,12
,MYLU,2024,2024-06-27,dourp1,4
,MYLU,2024,2024-06-27,foopd1,8
,MYLU,2024,2024-06-27,hnhbe2,10
,MYLU,2024,2024-06-27,srhbe2,3
,MYLU,2024,2024-06-27,srhpd1,447
,MYLU,2024,2024-06-27,srhrp1,18
,MYLU,2024,2024-06-27,tllms1,5
,MYLU,2024,2024-06-27,yktmd1,4
,MYLU,2024,2024-06-27,yktpd1,19
,MYLU,2024,2024-06-27,yktsb1,110
,MYLU,2024,2024-06-28,mvafr1,32
,MYLU,2024,2024-06-28,mvalk1,130
,MYLU,2024,2024-06-28,mvawt2,9
,MYLU,2024,2024-06-28,mvapd1,347
,MYLU,2024,2024-06-28,Transect,12
,MYLU,2024,2024-06-28,doube2,73
,MYLU,2024,2024-06-28,doufr1,11
,MYLU,2024,2024-06-28,doums1,21
,MYLU,2024,2024-06-28,dourp1,12
,MYLU,2024,2024-06-28,foopd1,7
,MYLU,2024,2024-06-28,hnhbe2,10
,MYLU,2024,2024-06-28,tllms1,1
,MYLU,2024,2024-06-28,yktpd1,15
,MYLU,2024,2024-06-28,yktsb1,133
,MYLU,2024,2024-06-29,mvafr1,15
,MYLU,2024,2024-06-29,mvalk1,127
,MYLU,2024,2024-06-29,mvawt2,14
,MYLU,2024,2024-06-29,mvapd1,318
,MYLU,2024,2024-06-29,doube2,86
,MYLU,2024,2024-06-29,doufr1,10
,MYLU,2024,2024-06-29,doums1,31
,MYLU,2024,2024-06-29,dourp1,4
,MYLU,2024,2024-06-29,foopd1,11
,MYLU,2024,2024-06-29,hnhbe2,2
,MYLU,2024,2024-06-29,hnhrp1,1
,MYLU,2024,2024-06-29,tllfr2,1
,MYLU,2024,2024-06-29,tllms1,1
,MYLU,2024,2024-06-29,yktmd1,2
,MYLU,2024,2024-06-29,yktpd1,28
,MYLU,2024,2024-06-29,yktsb1,51
,MYLU,2024,2024-06-30,mvafr1,23
,MYLU,2024,2024-06-30,mvalk1,32
,MYLU,2024,2024-06-30,mvawt2,10
,MYLU,2024,2024-06-30,mvapd1,215
,MYLU,2024,2024-06-30,doube2,90
,MYLU,2024,2024-06-30,doufr1,2
,MYLU,2024,2024-06-30,doums1,13
,MYLU,2024,2024-06-30,dourp1,10
,MYLU,2024,2024-06-30,foopd1,3
,MYLU,2024,2024-06-30,hnhbe2,20
,MYLU,2024,2024-06-30,tllms1,1
,MYLU,2024,2024-06-30,yktmd1,1
,MYLU,2024,2024-06-30,yktpd1,25
,MYLU,2024,2024-06-30,yktsb1,82
,MYLU,2024,2024-07-01,mvafr1,25
,MYLU,2024,2024-07-01,mvalk1,49
,MYLU,2024,2024-07-01,mvawt2,18
,MYLU,2024,2024-07-01,mvapd1,135
,MYLU,2024,2024-07-01,Transects,2
,MYLU,2024,2024-07-01,doube2,30
,MYLU,2024,2024-07-01,doufr1,1
,MYLU,2024,2024-07-01,doums1,18
,MYLU,2024,2024-07-01,dourp1,8
,MYLU,2024,2024-07-01,foopd1,5
,MYLU,2024,2024-07-01,hnhrp1,1
,MYLU,2024,2024-07-01,yktmd1,3
,MYLU,2024,2024-07-01,yktpd1,27
,MYLU,2024,2024-07-01,yktsb1,103
,MYLU,2024,2024-07-02,mvafr1,7
,MYLU,2024,2024-07-02,mvalk1,71
,MYLU,2024,2024-07-02,mvawt2,15
,MYLU,2024,2024-07-02,mvapd1,209
,MYLU,2024,2024-07-02,Transects,5
,MYLU,2024,2024-07-02,doube2,74
,MYLU,2024,2024-07-02,doufr1,2
,MYLU,2024,2024-07-02,doums1,18
,MYLU,2024,2024-07-02,dourp1,10
,MYLU,2024,2024-07-02,foopd1,4
,MYLU,2024,2024-07-02,tllfr2,1
,MYLU,2024,2024-07-02,yktmd1,4
,MYLU,2024,2024-07-02,yktpd1,48
,MYLU,2024,2024-07-02,yktsb1,39
,MYLU,2024,2024-07-03,mvafr1,26
,MYLU,2024,2024-07-03,mvalk1,130
,MYLU,2024,2024-07-03,mvawt2,10
,MYLU,2024,2024-07-03,mvapd1,551
,MYLU,2024,2024-07-03,doube2,59
,MYLU,2024,2024-07-03,doufr1,3
,MYLU,2024,2024-07-03,doums1,50
,MYLU,2024,2024-07-03,dourp1,11
,MYLU,2024,2024-07-03,foopd1,3
,MYLU,2024,2024-07-03,yktmd1,2
,MYLU,2024,2024-07-03,yktpd1,39
,MYLU,2024,2024-07-03,yktsb1,91
,MYLU,2024,2024-07-04,mvafr1,64
,MYLU,2024,2024-07-04,mvalk1,170
,MYLU,2024,2024-07-04,mvawt2,15
,MYLU,2024,2024-07-04,mvapd1,364
,MYLU,2024,2024-07-04,doube2,84
,MYLU,2024,2024-07-04,doufr1,3
,MYLU,2024,2024-07-04,doums1,65
,MYLU,2024,2024-07-04,dourp1,4
,MYLU,2024,2024-07-04,foopd1,2
,MYLU,2024,2024-07-04,tllfr2,1
,MYLU,2024,2024-07-04,yktmd1,3
,MYLU,2024,2024-07-04,yktpd1,44
,MYLU,2024,2024-07-04,yktsb1,70
,MYLU,2024,2024-07-05,mvafr1,51
,MYLU,2024,2024-07-05,mvalk1,164
,MYLU,2024,2024-07-05,mvawt2,18
,MYLU,2024,2024-07-05,mvapd1,337
,MYLU,2024,2024-07-05,doube2,126
,MYLU,2024,2024-07-05,doufr1,3
,MYLU,2024,2024-07-05,doums1,27
,MYLU,2024,2024-07-05,dourp1,5
,MYLU,2024,2024-07-05,tllfr2,1
,MYLU,2024,2024-07-05,tllms1,3
,MYLU,2024,2024-07-05,yktpd1,40
,MYLU,2024,2024-07-05,yktsb1,75
,MYLU,2024,2024-07-06,mvafr1,75
,MYLU,2024,2024-07-06,mvalk1,265
,MYLU,2024,2024-07-06,mvawt2,18
,MYLU,2024,2024-07-06,mvapd1,349
,MYLU,2024,2024-07-06,Transect,14
,MYLU,2024,2024-07-06,Transects,10
,MYLU,2024,2024-07-06,doube2,167
,MYLU,2024,2024-07-06,doufr1,13
,MYLU,2024,2024-07-06,doums1,8
,MYLU,2024,2024-07-06,dourp1,4
,MYLU,2024,2024-07-06,foopd1,1
,MYLU,2024,2024-07-06,tllms1,2
,MYLU,2024,2024-07-06,yktmd1,1
,MYLU,2024,2024-07-06,yktpd1,36
,MYLU,2024,2024-07-06,yktsb1,92
,MYLU,2024,2024-07-07,mvafr1,83
,MYLU,2024,2024-07-07,mvalk1,117
,MYLU,2024,2024-07-07,mvawt2,16
,MYLU,2024,2024-07-07,mvapd1,152
,MYLU,2024,2024-07-07,Transects,3
,MYLU,2024,2024-07-07,doube2,43
,MYLU,2024,2024-07-07,doufr1,10
,MYLU,2024,2024-07-07,doums1,7
,MYLU,2024,2024-07-07,dourp1,1
,MYLU,2024,2024-07-07,foopd1,1
,MYLU,2024,2024-07-07,tllms1,2
,MYLU,2024,2024-07-07,yktmd1,1
,MYLU,2024,2024-07-07,yktpd1,20
,MYLU,2024,2024-07-07,yktsb1,91
,MYLU,2024,2024-07-08,mvafr1,120
,MYLU,2024,2024-07-08,mvalk1,210
,MYLU,2024,2024-07-08,mvawt2,15
,MYLU,2024,2024-07-08,mvapd1,189
,MYLU,2024,2024-07-08,doube2,100
,MYLU,2024,2024-07-08,foopd1,16
,MYLU,2024,2024-07-08,yktpd1,19
,MYLU,2024,2024-07-08,yktsb1,97
,MYLU,2024,2024-07-09,STKPD1,5
,MYLU,2024,2024-07-09,STKRP2,12
,MYLU,2024,2024-07-09,yktmd1,1
,MYLU,2024,2024-07-09,yktpd1,13
,MYLU,2024,2024-07-09,yktsb1,98
,MYLU,2024,2024-07-10,STKMS2,14
,MYLU,2024,2024-07-10,STKPD1,16
,MYLU,2024,2024-07-10,STKRP2,22
,MYLU,2024,2024-07-10,yktpd1,49
,MYLU,2024,2024-07-10,yktsb1,72
,MYLU,2024,2024-07-11,STKMS2,4
,MYLU,2024,2024-07-11,STKPD1,3
,MYLU,2024,2024-07-11,STKRP2,33
,MYLU,2024,2024-07-12,STKMS2,1
,MYLU,2024,2024-07-12,STKPD1,13
,MYLU,2024,2024-07-12,STKRP2,32
,MYLU,2024,2024-07-12,yktpd1,72
,MYLU,2024,2024-07-12,yktsb1,69
,MYLU,2024,2024-07-13,STKRP2,1
,MYLU,2024,2024-07-14,STKPD1,13
,MYLU,2024,2024-07-14,STKRP2,31
,MYLU,2024,2024-07-15,STKPD1,3
,MYLU,2024,2024-07-15,STKRP2,22
,MYLU,2024,2024-07-15,yktmd1,3
,MYLU,2024,2024-07-15,yktsb1,32
,MYLU,2024,2024-07-16,STKMS2,1
,MYLU,2024,2024-07-16,STKPD1,1
,MYLU,2024,2024-07-16,STKRP2,7
,MYLU,2024,2024-07-16,yktsb1,12
,MYLU,2024,2024-07-17,STKMS2,1
,MYLU,2024,2024-07-17,STKRP2,9
,MYLU,2024,2024-07-17,yktsb1,10
,MYLU,2024,2024-07-18,STKPD1,1
,MYLU,2024,2024-07-18,STKRP2,16
,MYLU,2024,2024-07-18,yktmd1,5
,MYLU,2024,2024-07-18,yktsb1,7
,MYLU,2024,2024-07-19,STKPD1,1
,MYLU,2024,2024-07-19,yktmd1,2
,MYLU,2024,2024-07-19,yktsb1,9
,MYLU,2024,2024-07-20,STKPD1,2
,MYLU,2024,2024-07-20,yktsb1,31
,MYLU,2024,2024-07-21,STKMS2,2
,MYLU,2024,2024-07-21,yktmd1,1
,MYLU,2024,2024-07-21,yktsb1,7
,MYLU,2024,2024-07-22,STKMS2,2
,MYLU,2024,2024-07-22,yktmd1,1
,MYLU,2024,2024-07-25,STKMS2,1
,MYLU,2024,2024-07-25,STKPD1,1
,MYLU,2024,2024-07-26,STKPD1,2
,MYLU,2024,2024-07-26,yktsb1,1
,MYLU,2024,2024-07-27,yktsb1,13
,MYLU,2024,2024-07-28,yktsb1,3
,MYLU,2024,2024-07-29,STKPD1,2
,MYLU,2024,2024-07-30,STKPD1,1
,MYLU,2024,2024-07-30,yktsb1,8
,MYLU,2024,2024-07-31,STKPD1,2
,MYLU,2024,2024-08-03,STKPD1,1
,MYLU,2024,2024-08-04,STKPD1,2
,MYLU,2024,2024-08-05,STKPD1,1
,MYLU,2024,2024-08-06,STKMS2,7
,MYLU,2024,2024-08-06,STKPD1,3
,MYLU,2024,2024-08-07,STKPD1,1
,MYYU,2024,2024-06-14,HHLLK1,1
,MYYU,2024,2024-06-17,HHLLK1,1
,MYYU,2024,2024-06-18,HHLLK1,3
,MYYU,2024,2024-06-19,HHLLK1,1
,MYYU,2024,2024-06-20,HHLLK1,1
,MYYU,2024,2024-06-25,HHLLK1,2
,MYYU,2024,2024-06-26,HHLLK1,3
,MYYU,2024,2024-06-28,mvapd1,1
,MYCA,2024,2024-06-12,foorp1,3
,MYCA,2024,2024-06-13,foorp1,2
,MYCA,2024,2024-06-14,HHLFR1,21
,MYCA,2024,2024-06-14,foorp1,1
,MYCA,2024,2024-06-14,hhlrp1,3
,MYCA,2024,2024-06-15,HHLFR1,10
,MYCA,2024,2024-06-15,foorp1,4
,MYCA,2024,2024-06-15,hhlrp1,1
,MYCA,2024,2024-06-16,HHLFR1,21
,MYCA,2024,2024-06-16,foorp1,4
,MYCA,2024,2024-06-16,hhlrp1,3
,MYCA,2024,2024-06-17,HHLFR1,21
,MYCA,2024,2024-06-17,foorp1,6
,MYCA,2024,2024-06-18,HHLFR1,23
,MYCA,2024,2024-06-18,foorp1,1
,MYCA,2024,2024-06-18,srhrp1,22
,MYCA,2024,2024-06-19,HHLFR1,25
,MYCA,2024,2024-06-19,foorp1,9
,MYCA,2024,2024-06-19,srhms2,6
,MYCA,2024,2024-06-19,srhpd1,1
,MYCA,2024,2024-06-19,srhrp1,21
,MYCA,2024,2024-06-20,HHLFR1,30
,MYCA,2024,2024-06-20,foorp1,10
,MYCA,2024,2024-06-20,srhrp1,12
,MYCA,2024,2024-06-20,tlllk2,6
,MYCA,2024,2024-06-20,tllrp2,56
,MYCA,2024,2024-06-21,HHLFR1,4
,MYCA,2024,2024-06-21,foorp1,12
,MYCA,2024,2024-06-21,srhrp1,8
,MYCA,2024,2024-06-21,tllfr2,1
,MYCA,2024,2024-06-21,tlllk2,2
,MYCA,2024,2024-06-21,tllrp2,26
,MYCA,2024,2024-06-22,HHLFR1,17
,MYCA,2024,2024-06-22,foorp1,3
,MYCA,2024,2024-06-22,hhlrp1,3
,MYCA,2024,2024-06-22,srhms2,8
,MYCA,2024,2024-06-22,srhrp1,22
,MYCA,2024,2024-06-22,tllfr2,4
,MYCA,2024,2024-06-22,tlllk2,11
,MYCA,2024,2024-06-22,tllrp2,8
,MYCA,2024,2024-06-23,HHLFR1,17
,MYCA,2024,2024-06-23,hhlrp1,1
,MYCA,2024,2024-06-23,srhrp1,48
,MYCA,2024,2024-06-23,tllfr2,1
,MYCA,2024,2024-06-23,tllrp2,25
,MYCA,2024,2024-06-24,HHLFR1,8
,MYCA,2024,2024-06-24,srhrp1,18
,MYCA,2024,2024-06-24,tllfr2,2
,MYCA,2024,2024-06-24,tllrp2,30
,MYCA,2024,2024-06-25,HHLFR1,4
,MYCA,2024,2024-06-25,foorp1,4
,MYCA,2024,2024-06-25,srhpd1,1
,MYCA,2024,2024-06-25,srhrp1,18
,MYCA,2024,2024-06-25,tllfr2,10
,MYCA,2024,2024-06-26,HHLFR1,12
,MYCA,2024,2024-06-26,srhrp1,20
,MYCA,2024,2024-06-26,tllfr2,6
,MYCA,2024,2024-06-26,tlllk2,4
,MYCA,2024,2024-06-26,yktpd1,1
,MYCA,2024,2024-06-27,mvapd1,1
,MYCA,2024,2024-06-27,foorp1,1
,MYCA,2024,2024-06-27,srhrp1,7
,MYCA,2024,2024-06-27,tllfr2,6
,MYCA,2024,2024-06-28,foorp1,1
,MYCA,2024,2024-06-28,tllfr2,2
,MYCA,2024,2024-06-29,tllfr2,3
,MYCA,2024,2024-06-30,foorp1,2
,MYCA,2024,2024-06-30,tllfr2,2
,MYCA,2024,2024-06-30,tlllk2,1
,MYCA,2024,2024-07-01,mvapd1,1
,MYCA,2024,2024-07-01,foorp1,1
,MYCA,2024,2024-07-01,tllfr2,3
,MYCA,2024,2024-07-02,doube2,1
,MYCA,2024,2024-07-02,tllfr2,6
,MYCA,2024,2024-07-03,tllfr2,7
,MYCA,2024,2024-07-04,tllfr2,6
,MYCA,2024,2024-07-04,tlllk2,1
,MYCA,2024,2024-07-05,tllfr2,13
,MYCA,2024,2024-07-05,tlllk2,2
,MYCA,2024,2024-07-05,yktpd1,1
,MYCA,2024,2024-07-05,yktsb1,1
,MYCA,2024,2024-07-06,tllfr2,14
,MYCA,2024,2024-07-07,tllfr2,8
,MYCA,2024,2024-07-07,tlllk2,1
,MYCA,2024,2024-07-09,STKRP2,15
,MYCA,2024,2024-07-10,STKRP2,209
,MYCA,2024,2024-07-11,STKRP2,91
,MYCA,2024,2024-07-11,stkbe3,1
,MYCA,2024,2024-07-12,STKRP2,153
,MYCA,2024,2024-07-12,yktpd1,1
,MYCA,2024,2024-07-13,STKRP2,9
,MYCA,2024,2024-07-14,STKRP2,76
,MYCA,2024,2024-07-15,STKRP2,149
,MYCA,2024,2024-07-16,STKRP2,20
,MYCA,2024,2024-07-17,STKRP2,86
,MYCA,2024,2024-07-18,STKRP2,49
,MYCA,2024,2024-07-18,yktsb1,1
,MYCA,2024,2024-07-20,stkbe3,3
,MYCA,2024,2024-07-21,stkbe3,1
,MYCA,2024,2024-07-26,stkbe3,1
,MYCA,2024,2024-07-27,stkbe3,1
,NOID,2024,2024-06-20,HHLFR1,1
,NOID,2024,2024-06-24,HHLFR1,1
,MYCAMYLU,2024,2024-06-16,HHLFR1,1
,MYCAMYLU,2024,2024-06-21,tlllk2,1
,MYCAMYLU,2024,2024-06-22,tlllk2,1
,MYCAMYLU,2024,2024-07-06,mvapd1,1
,MYCAMYLU,2024,2024-07-09,STKRP2,1
,MYCAMYLU,2024,2024-07-10,STKRP2,2
,MYCAMYLU,2024,2024-07-12,STKRP2,5
,MYCAMYLU,2024,2024-07-14,STKRP2,1
,MYCAMYLU,2024,2024-07-17,STKRP2,1
,MYCAMYLU,2024,2024-07-20,yktsb1,1
,MYCAMYYU,2024,2024-06-15,HHLMS1,1
,MYCAMYYU,2024,2024-06-17,HHLFR1,1
,MYCAMYYU,2024,2024-06-18,foorp1,1
,MYCAMYYU,2024,2024-06-22,HHLFR1,4
,MYCAMYYU,2024,2024-06-23,HHLFR1,6
,MYCAMYYU,2024,2024-06-24,HHLFR1,2
,MYCAMYYU,2024,2024-06-24,HHLMS1,1
,MYCAMYYU,2024,2024-06-25,HHLLK1,1
,MYCAMYYU,2024,2024-07-15,STKRP2,2
,MYEV,2024,2024-06-12,foopd1,2
,MYEV,2024,2024-06-13,foopd1,1
,MYEV,2024,2024-06-14,HHLFR1,1
,MYEV,2024,2024-06-14,foopd1,4
,MYEV,2024,2024-06-15,HHLFR1,9
,MYEV,2024,2024-06-15,foopd1,16
,MYEV,2024,2024-06-16,HHLFR1,8
,MYEV,2024,2024-06-16,foopd1,26
,MYEV,2024,2024-06-17,HHLFR1,6
,MYEV,2024,2024-06-17,foopd1,8
,MYEV,2024,2024-06-17,hhlrp1,5
,MYEV,2024,2024-06-18,HHLFR1,7
,MYEV,2024,2024-06-18,foopd1,6
,MYEV,2024,2024-06-18,hhlrp1,1
,MYEV,2024,2024-06-18,srhms2,2
,MYEV,2024,2024-06-19,HHLFR1,3
,MYEV,2024,2024-06-19,foopd1,5
,MYEV,2024,2024-06-19,hhlrp1,4
,MYEV,2024,2024-06-19,srhms2,2
,MYEV,2024,2024-06-19,srhrp1,1
,MYEV,2024,2024-06-20,HHLFR1,2
,MYEV,2024,2024-06-20,foopd1,4
,MYEV,2024,2024-06-20,hhlrp1,1
,MYEV,2024,2024-06-20,srhms2,6
,MYEV,2024,2024-06-20,srhpd1,1
,MYEV,2024,2024-06-20,tlllk2,3
,MYEV,2024,2024-06-20,tllrp2,2
,MYEV,2024,2024-06-21,foopd1,9
,MYEV,2024,2024-06-21,srhms2,1
,MYEV,2024,2024-06-21,srhrp1,1
,MYEV,2024,2024-06-21,tlllk2,1
,MYEV,2024,2024-06-21,tllrp2,1
,MYEV,2024,2024-06-22,HHLFR1,5
,MYEV,2024,2024-06-22,foopd1,1
,MYEV,2024,2024-06-22,srhms2,3
,MYEV,2024,2024-06-22,srhrp1,2
,MYEV,2024,2024-06-22,tlllk2,1
,MYEV,2024,2024-06-23,HHLFR1,4
,MYEV,2024,2024-06-23,foopd1,1
,MYEV,2024,2024-06-23,hhlrp1,1
,MYEV,2024,2024-06-23,srhms2,10
,MYEV,2024,2024-06-23,srhrp1,1
,MYEV,2024,2024-06-23,tllfr2,2
,MYEV,2024,2024-06-23,tlllk2,4
,MYEV,2024,2024-06-24,HHLFR1,6
,MYEV,2024,2024-06-24,foopd1,5
,MYEV,2024,2024-06-24,hhlrp1,7
,MYEV,2024,2024-06-24,srhms2,6
,MYEV,2024,2024-06-24,srhrp1,3
,MYEV,2024,2024-06-24,tllfr2,7
,MYEV,2024,2024-06-24,tlllk2,1
,MYEV,2024,2024-06-25,HHLFR1,9
,MYEV,2024,2024-06-25,doube2,2
,MYEV,2024,2024-06-25,foopd1,2
,MYEV,2024,2024-06-25,srhms2,5
,MYEV,2024,2024-06-25,srhrp1,1
,MYEV,2024,2024-06-25,tllfr2,11
,MYEV,2024,2024-06-25,tlllk2,2
,MYEV,2024,2024-06-26,HHLFR1,4
,MYEV,2024,2024-06-26,mvapd1,1
,MYEV,2024,2024-06-26,foopd1,2
,MYEV,2024,2024-06-26,hhlrp1,1
,MYEV,2024,2024-06-26,srhms2,5
,MYEV,2024,2024-06-26,srhrp1,1
,MYEV,2024,2024-06-26,tllfr2,6
,MYEV,2024,2024-06-26,tlllk2,4
,MYEV,2024,2024-06-27,mvafr1,1
,MYEV,2024,2024-06-27,mvapd1,2
,MYEV,2024,2024-06-27,foopd1,2
,MYEV,2024,2024-06-27,srhms2,2
,MYEV,2024,2024-06-27,srhpd1,1
,MYEV,2024,2024-06-27,srhrp1,1
,MYEV,2024,2024-06-27,tllfr2,14
,MYEV,2024,2024-06-27,tlllk2,1
,MYEV,2024,2024-06-28,tllfr2,1
,MYEV,2024,2024-06-28,tlllk2,3
,MYEV,2024,2024-06-29,mvapd1,2
,MYEV,2024,2024-06-29,foopd1,1
,MYEV,2024,2024-06-29,tllfr2,23
,MYEV,2024,2024-06-29,yktpd1,1
,MYEV,2024,2024-06-30,dourp1,1
,MYEV,2024,2024-06-30,tllfr2,6
,MYEV,2024,2024-06-30,tlllk2,3
,MYEV,2024,2024-07-01,doube2,4
,MYEV,2024,2024-07-01,tllfr2,3
,MYEV,2024,2024-07-01,tlllk2,17
,MYEV,2024,2024-07-02,doube2,1
,MYEV,2024,2024-07-02,foopd1,1
,MYEV,2024,2024-07-02,tllfr2,1
,MYEV,2024,2024-07-02,tlllk2,18
,MYEV,2024,2024-07-03,mvapd1,1
,MYEV,2024,2024-07-03,foopd1,1
,MYEV,2024,2024-07-03,tllfr2,4
,MYEV,2024,2024-07-03,tlllk2,4
,MYEV,2024,2024-07-04,mvapd1,2
,MYEV,2024,2024-07-04,foopd1,1
,MYEV,2024,2024-07-04,tllfr2,17
,MYEV,2024,2024-07-04,tlllk2,5
,MYEV,2024,2024-07-04,yktsb1,1
,MYEV,2024,2024-07-05,mvafr1,1
,MYEV,2024,2024-07-05,tllfr2,44
,MYEV,2024,2024-07-05,tlllk2,2
,MYEV,2024,2024-07-06,mvapd1,2
,MYEV,2024,2024-07-06,foopd1,1
,MYEV,2024,2024-07-06,tllfr2,42
,MYEV,2024,2024-07-06,tlllk2,5
,MYEV,2024,2024-07-07,tllfr2,37
,MYEV,2024,2024-07-07,tlllk2,4
,MYEV,2024,2024-07-08,foopd1,3
,MYEV,2024,2024-07-12,yktsb1,1
,MYEV,2024,2024-07-21,stkbe3,1
,MYEV,2024,2024-07-26,STKPD1,1
,MYEVMYLU,2024,2024-06-21,tlllk2,1
,MYEVMYLU,2024,2024-06-25,doube2,1
,MYEVMYLU,2024,2024-06-25,foopd1,1
,MYEVMYLU,2024,2024-06-28,yktpd1,1
,MYEVMYLU,2024,2024-06-30,tlllk2,1
,MYEVMYLU,2024,2024-06-30,yktpd1,1
,MYEVMYLU,2024,2024-07-01,doube2,1
,MYEVMYLU,2024,2024-07-01,tlllk2,1
,MYEVMYLU,2024,2024-07-01,yktpd1,1
,MYEVMYLU,2024,2024-07-03,tlllk2,1
,MYEVMYLU,2024,2024-07-03,yktsb1,1
,MYEVMYLU,2024,2024-07-05,tlllk2,1
,MYEVMYLU,2024,2024-07-06,mvapd1,1
,MYEVMYLU,2024,2024-07-06,yktmd1,1
,MYEVMYLU,2024,2024-07-07,yktpd1,1
,MYEVMYLU,2024,2024-07-10,yktsb1,1
,MYEVMYVO,2024,2024-07-04,tlllk2,1
,MYLU,2024,2024-06-12,foopd1,4
,MYLU,2024,2024-06-12,foorp1,1
,MYLU,2024,2024-06-13,foopd1,2
,MYLU,2024,2024-06-14,HHLLK1,2
,MYLU,2024,2024-06-14,foopd1,4
,MYLU,2024,2024-06-14,foorp1,1
,MYLU,2024,2024-06-15,HHLLK1,2
,MYLU,2024,2024-06-15,foopd1,8
,MYLU,2024,2024-06-15,foorp1,8
,MYLU,2024,2024-06-15,hhlrp1,3
,MYLU,2024,2024-06-16,HHLFR1,1
,MYLU,2024,2024-06-16,HHLLK1,3
,MYLU,2024,2024-06-16,foopd1,4
,MYLU,2024,2024-06-16,foorp1,4
,MYLU,2024,2024-06-16,hhlrp1,3
,MYLU,2024,2024-06-17,foopd1,2
,MYLU,2024,2024-06-17,foorp1,6
,MYLU,2024,2024-06-17,hhlrp1,2
,MYLU,2024,2024-06-18,HHLLK1,3
,MYLU,2024,2024-06-18,foopd1,6
,MYLU,2024,2024-06-18,foorp1,2
,MYLU,2024,2024-06-18,hhlrp1,4
,MYLU,2024,2024-06-18,srhbe2,1
,MYLU,2024,2024-06-18,srhpd1,402
,MYLU,2024,2024-06-18,srhrp1,2
,MYLU,2024,2024-06-19,HHLLK1,4
,MYLU,2024,2024-06-19,foopd1,8
,MYLU,2024,2024-06-19,foorp1,6
,MYLU,2024,2024-06-19,hhlrp1,5
,MYLU,2024,2024-06-19,srhbe2,2
,MYLU,2024,2024-06-19,srhms2,1
,MYLU,2024,2024-06-19,srhpd1,330
,MYLU,2024,2024-06-19,srhrp1,1
,MYLU,2024,2024-06-20,HHLFR1,1
,MYLU,2024,2024-06-20,foopd1,6
,MYLU,2024,2024-06-20,foorp1,1
,MYLU,2024,2024-06-20,hhlrp1,1
,MYLU,2024,2024-06-20,srhbe2,4
,MYLU,2024,2024-06-20,srhms2,1
,MYLU,2024,2024-06-20,srhpd1,296
,MYLU,2024,2024-06-20,srhrp1,8
,MYLU,2024,2024-06-20,tlllk2,375
,MYLU,2024,2024-06-20,tllrp2,9
,MYLU,2024,2024-06-21,HHLFR1,1
,MYLU,2024,2024-06-21,srhbe2,19
,MYLU,2024,2024-06-21,srhpd1,228
,MYLU,2024,2024-06-21,srhrp1,5
,MYLU,2024,2024-06-21,tlllk2,553
,MYLU,2024,2024-06-21,tllrp2,2
,MYLU,2024,2024-06-22,hhlrp1,3
,MYLU,2024,2024-06-22,srhbe2,21
,MYLU,2024,2024-06-22,srhms2,1
,MYLU,2024,2024-06-22,srhpd1,344
,MYLU,2024,2024-06-22,srhrp1,3
,MYLU,2024,2024-06-22,tlllk2,766
,MYLU,2024,2024-06-22,tllrp2,1
,MYLU,2024,2024-06-23,HHLLK1,7
,MYLU,2024,2024-06-23,foopd1,1
,MYLU,2024,2024-06-23,hhlrp1,2
,MYLU,2024,2024-06-23,srhbe2,20
,MYLU,2024,2024-06-23,srhms2,2
,MYLU,2024,2024-06-23,srhpd1,383
,MYLU,2024,2024-06-23,srhrp1,9
,MYLU,2024,2024-06-23,tllfr2,1
,MYLU,2024,2024-06-23,tlllk2,404
,MYLU,2024,2024-06-23,tllrp2,1
,MYLU,2024,2024-06-24,foopd1,8
,MYLU,2024,2024-06-24,hhlrp1,3
,MYLU,2024,2024-06-24,srhbe2,11
,MYLU,2024,2024-06-24,srhms2,1
,MYLU,2024,2024-06-24,srhpd1,435
,MYLU,2024,2024-06-24,srhrp1,11
,MYLU,2024,2024-06-24,tlllk2,602
,MYLU,2024,2024-06-24,tllrp2,1
,MYLU,2024,2024-06-25,mvafr1,30
,MYLU,2024,2024-06-25,doube2,165
,MYLU,2024,2024-06-25,foopd1,24
,MYLU,2024,2024-06-25,hhlrp1,3
,MYLU,2024,2024-06-25,srhbe2,14
,MYLU,2024,2024-06-25,srhpd1,321
,MYLU,2024,2024-06-25,srhrp1,34
,MYLU,2024,2024-06-25,tlllk2,495
,MYLU,2024,2024-06-25,yktpd1,250
,MYLU,2024,2024-06-26,mvafr1,56
,MYLU,2024,2024-06-26,mvawt2,7
,MYLU,2024,2024-06-26,mvapd1,282
,MYLU,2024,2024-06-26,doube2,101
,MYLU,2024,2024-06-26,doufr1,41
,MYLU,2024,2024-06-26,doums1,30
,MYLU,2024,2024-06-26,dourp1,1
,MYLU,2024,2024-06-26,foopd1,1
,MYLU,2024,2024-06-26,hhlrp1,4
,MYLU,2024,2024-06-26,srhbe2,4
,MYLU,2024,2024-06-26,srhms2,1
,MYLU,2024,2024-06-26,srhpd1,347
,MYLU,2024,2024-06-26,srhrp1,32
,MYLU,2024,2024-06-26,tlllk2,200
,MYLU,2024,2024-06-26,yktmd1,14
,MYLU,2024,2024-06-26,yktpd1,281
,MYLU,2024,2024-06-27,mvafr1,79
,MYLU,2024,2024-06-27,mvalk1,107
,MYLU,2024,2024-06-27,mvawt2,10
,MYLU,2024,2024-06-27,mvapd1,356
,MYLU,2024,2024-06-27,doube2,79
,MYLU,2024,2024-06-27,doufr1,30
,MYLU,2024,2024-06-27,doums1,23
,MYLU,2024,2024-06-27,dourp1,3
,MYLU,2024,2024-06-27,foopd1,10
,MYLU,2024,2024-06-27,srhbe2,2
,MYLU,2024,2024-06-27,srhpd1,323
,MYLU,2024,2024-06-27,srhrp1,8
,MYLU,2024,2024-06-27,tllfr2,1
,MYLU,2024,2024-06-27,tlllk2,187
,MYLU,2024,2024-06-27,yktmd1,9
,MYLU,2024,2024-06-27,yktpd1,346
,MYLU,2024,2024-06-27,yktsb1,389
,MYLU,2024,2024-06-28,mvafr1,32
,MYLU,2024,2024-06-28,mvalk1,156
,MYLU,2024,2024-06-28,mvawt2,14
,MYLU,2024,2024-06-28,mvapd1,426
,MYLU,2024,2024-06-28,doube2,79
,MYLU,2024,2024-06-28,doufr1,18
,MYLU,2024,2024-06-28,doums1,19
,MYLU,2024,2024-06-28,dourp1,9
,MYLU,2024,2024-06-28,foopd1,7
,MYLU,2024,2024-06-28,tlllk2,161
,MYLU,2024,2024-06-28,yktmd1,5
,MYLU,2024,2024-06-28,yktpd1,318
,MYLU,2024,2024-06-28,yktsb1,280
,MYLU,2024,2024-06-29,mvafr1,26
,MYLU,2024,2024-06-29,mvalk1,98
,MYLU,2024,2024-06-29,mvawt2,7
,MYLU,2024,2024-06-29,mvapd1,365
,MYLU,2024,2024-06-29,doube2,73
,MYLU,2024,2024-06-29,doufr1,18
,MYLU,2024,2024-06-29,doums1,22
,MYLU,2024,2024-06-29,dourp1,6
,MYLU,2024,2024-06-29,foopd1,7
,MYLU,2024,2024-06-29,tllfr2,1
,MYLU,2024,2024-06-29,tlllk2,259
,MYLU,2024,2024-06-29,yktmd1,13
,MYLU,2024,2024-06-29,yktpd1,335
,MYLU,2024,2024-06-29,yktsb1,137
,MYLU,2024,2024-06-30,mvafr1,19
,MYLU,2024,2024-06-30,mvalk1,44
,MYLU,2024,2024-06-30,mvawt2,12
,MYLU,2024,2024-06-30,mvapd1,229
,MYLU,2024,2024-06-30,doube2,100
,MYLU,2024,2024-06-30,doufr1,12
,MYLU,2024,2024-06-30,doums1,13
,MYLU,2024,2024-06-30,dourp1,6
,MYLU,2024,2024-06-30,foopd1,12
,MYLU,2024,2024-06-30,tlllk2,661
,MYLU,2024,2024-06-30,yktmd1,5
,MYLU,2024,2024-06-30,yktpd1,358
,MYLU,2024,2024-06-30,yktsb1,322
,MYLU,2024,2024-07-01,mvafr1,18
,MYLU,2024,2024-07-01,mvalk1,67
,MYLU,2024,2024-07-01,mvawt2,11
,MYLU,2024,2024-07-01,mvapd1,147
,MYLU,2024,2024-07-01,doube2,39
,MYLU,2024,2024-07-01,doufr1,1
,MYLU,2024,2024-07-01,doums1,20
,MYLU,2024,2024-07-01,dourp1,7
,MYLU,2024,2024-07-01,foopd1,5
,MYLU,2024,2024-07-01,tlllk2,525
,MYLU,2024,2024-07-01,yktmd1,7
,MYLU,2024,2024-07-01,yktpd1,359
,MYLU,2024,2024-07-01,yktsb1,328
,MYLU,2024,2024-07-02,mvafr1,17
,MYLU,2024,2024-07-02,mvalk1,89
,MYLU,2024,2024-07-02,mvawt2,11
,MYLU,2024,2024-07-02,mvapd1,302
,MYLU,2024,2024-07-02,doube2,93
,MYLU,2024,2024-07-02,doufr1,1
,MYLU,2024,2024-07-02,doums1,23
,MYLU,2024,2024-07-02,dourp1,4
,MYLU,2024,2024-07-02,foopd1,4
,MYLU,2024,2024-07-02,tllfr2,2
,MYLU,2024,2024-07-02,tlllk2,676
,MYLU,2024,2024-07-02,yktmd1,14
,MYLU,2024,2024-07-02,yktpd1,269
,MYLU,2024,2024-07-02,yktsb1,160
,MYLU,2024,2024-07-03,mvafr1,27
,MYLU,2024,2024-07-03,mvalk1,119
,MYLU,2024,2024-07-03,mvawt2,18
,MYLU,2024,2024-07-03,mvapd1,634
,MYLU,2024,2024-07-03,doube2,62
,MYLU,2024,2024-07-03,doufr1,11
,MYLU,2024,2024-07-03,doums1,52
,MYLU,2024,2024-07-03,dourp1,8
,MYLU,2024,2024-07-03,foopd1,4
,MYLU,2024,2024-07-03,tlllk2,817
,MYLU,2024,2024-07-03,yktmd1,15
,MYLU,2024,2024-07-03,yktpd1,296
,MYLU,2024,2024-07-03,yktsb1,286
,MYLU,2024,2024-07-04,mvafr1,64
,MYLU,2024,2024-07-04,mvalk1,189
,MYLU,2024,2024-07-04,mvawt2,11
,MYLU,2024,2024-07-04,mvapd1,500
,MYLU,2024,2024-07-04,doube2,109
,MYLU,2024,2024-07-04,doufr1,14
,MYLU,2024,2024-07-04,doums1,61
,MYLU,2024,2024-07-04,dourp1,2
,MYLU,2024,2024-07-04,foopd1,1
,MYLU,2024,2024-07-04,tllfr2,1
,MYLU,2024,2024-07-04,tlllk2,703
,MYLU,2024,2024-07-04,yktmd1,12
,MYLU,2024,2024-07-04,yktpd1,389
,MYLU,2024,2024-07-04,yktsb1,262
,MYLU,2024,2024-07-05,mvafr1,49
,MYLU,2024,2024-07-05,mvalk1,201
,MYLU,2024,2024-07-05,mvawt2,17
,MYLU,2024,2024-07-05,mvapd1,405
,MYLU,2024,2024-07-05,doube2,160
,MYLU,2024,2024-07-05,doufr1,13
,MYLU,2024,2024-07-05,doums1,22
,MYLU,2024,2024-07-05,dourp1,1
,MYLU,2024,2024-07-05,foopd1,3
,MYLU,2024,2024-07-05,tllfr2,1
,MYLU,2024,2024-07-05,tlllk2,428
,MYLU,2024,2024-07-05,yktmd1,7
,MYLU,2024,2024-07-05,yktpd1,223
,MYLU,2024,2024-07-05,yktsb1,234
,MYLU,2024,2024-07-06,mvafr1,68
,MYLU,2024,2024-07-06,mvalk1,265
,MYLU,2024,2024-07-06,mvawt2,20
,MYLU,2024,2024-07-06,mvapd1,427
,MYLU,2024,2024-07-06,doube2,199
,MYLU,2024,2024-07-06,doufr1,20
,MYLU,2024,2024-07-06,doums1,17
,MYLU,2024,2024-07-06,dourp1,4
,MYLU,2024,2024-07-06,foopd1,2
,MYLU,2024,2024-07-06,tlllk2,478
,MYLU,2024,2024-07-06,yktmd1,6
,MYLU,2024,2024-07-06,yktpd1,353
,MYLU,2024,2024-07-06,yktsb1,251
,MYLU,2024,2024-07-07,mvafr1,86
,MYLU,2024,2024-07-07,mvalk1,132
,MYLU,2024,2024-07-07,mvawt2,12
,MYLU,2024,2024-07-07,mvapd1,193
,MYLU,2024,2024-07-07,doube2,41
,MYLU,2024,2024-07-07,doufr1,35
,MYLU,2024,2024-07-07,doums1,7
,MYLU,2024,2024-07-07,foopd1,4
,MYLU,2024,2024-07-07,tlllk2,319
,MYLU,2024,2024-07-07,yktmd1,5
,MYLU,2024,2024-07-07,yktpd1,258
,MYLU,2024,2024-07-07,yktsb1,241
,MYLU,2024,2024-07-08,mvafr1,135
,MYLU,2024,2024-07-08,mvalk1,183
,MYLU,2024,2024-07-08,mvawt2,12
,MYLU,2024,2024-07-08,mvapd1,208
,MYLU,2024,2024-07-08,doube2,98
,MYLU,2024,2024-07-08,foopd1,20
,MYLU,2024,2024-07-08,yktmd1,3
,MYLU,2024,2024-07-08,yktpd1,398
,MYLU,2024,2024-07-08,yktsb1,251
,MYLU,2024,2024-07-09,STKPD1,8
,MYLU,2024,2024-07-09,STKRP2,1
,MYLU,2024,2024-07-09,yktmd1,6
,MYLU,2024,2024-07-09,yktpd1,337
,MYLU,2024,2024-07-09,yktsb1,292
,MYLU,2024,2024-07-10,STKPD1,21
,MYLU,2024,2024-07-10,STKRP2,5
,MYLU,2024,2024-07-10,stkbe3,1
,MYLU,2024,2024-07-10,yktmd1,1
,MYLU,2024,2024-07-10,yktpd1,307
,MYLU,2024,2024-07-10,yktsb1,228
,MYLU,2024,2024-07-11,STKPD1,4
,MYLU,2024,2024-07-11,STKRP2,5
,MYLU,2024,2024-07-11,stkbe3,1
,MYLU,2024,2024-07-11,yktpd1,7
,MYLU,2024,2024-07-12,STKPD1,19
,MYLU,2024,2024-07-12,STKRP2,3
,MYLU,2024,2024-07-12,stkbe3,1
,MYLU,2024,2024-07-12,yktmd1,2
,MYLU,2024,2024-07-12,yktpd1,226
,MYLU,2024,2024-07-12,yktsb1,243
,MYLU,2024,2024-07-14,STKPD1,23
,MYLU,2024,2024-07-14,stkbe3,1
,MYLU,2024,2024-07-15,STKPD1,3
,MYLU,2024,2024-07-15,STKRP2,1
,MYLU,2024,2024-07-15,yktmd1,12
,MYLU,2024,2024-07-15,yktsb1,109
,MYLU,2024,2024-07-16,STKPD1,2
,MYLU,2024,2024-07-16,STKRP2,1
,MYLU,2024,2024-07-16,stkbe3,2
,MYLU,2024,2024-07-16,yktmd1,5
,MYLU,2024,2024-07-16,yktsb1,38
,MYLU,2024,2024-07-17,yktmd1,7
,MYLU,2024,2024-07-17,yktsb1,12
,MYLU,2024,2024-07-18,STKPD1,1
,MYLU,2024,2024-07-18,STKRP2,1
,MYLU,2024,2024-07-18,yktmd1,16
,MYLU,2024,2024-07-18,yktsb1,38
,MYLU,2024,2024-07-19,STKPD1,1
,MYLU,2024,2024-07-19,yktmd1,13
,MYLU,2024,2024-07-19,yktsb1,40
,MYLU,2024,2024-07-20,stkbe3,4
,MYLU,2024,2024-07-20,yktmd1,11
,MYLU,2024,2024-07-20,yktsb1,123
,MYLU,2024,2024-07-21,stkbe3,5
,MYLU,2024,2024-07-21,yktmd1,12
,MYLU,2024,2024-07-21,yktsb1,34
,MYLU,2024,2024-07-22,stkbe3,3
,MYLU,2024,2024-07-22,yktmd1,19
,MYLU,2024,2024-07-24,STKPD1,1
,MYLU,2024,2024-07-24,stkbe3,2
,MYLU,2024,2024-07-25,stkbe3,3
,MYLU,2024,2024-07-26,STKPD1,2
,MYLU,2024,2024-07-26,stkbe3,1
,MYLU,2024,2024-07-27,stkbe3,3
,MYLU,2024,2024-07-27,yktsb1,27
,MYLU,2024,2024-07-28,stkbe3,6
,MYLU,2024,2024-07-28,yktsb1,40
,MYLU,2024,2024-07-29,STKPD1,2
,MYLU,2024,2024-07-29,stkbe3,5
,MYLU,2024,2024-07-29,yktsb1,2
,MYLU,2024,2024-07-30,yktsb1,9
,MYLU,2024,2024-07-31,STKPD1,1
,MYLU,2024,2024-08-02,STKPD1,1
,MYLU,2024,2024-08-03,STKPD1,5
,MYLU,2024,2024-08-04,STKPD1,3
,MYLU,2024,2024-08-06,STKPD1,2
,MYLU,2024,2024-08-07,STKPD1,4
,MYLUMYVO,2024,2024-06-12,foofr2,2
,MYLUMYVO,2024,2024-06-12,foopd1,3
,MYLUMYVO,2024,2024-06-12,foorp1,3
,MYLUMYVO,2024,2024-06-13,foofr2,4
,MYLUMYVO,2024,2024-06-13,foopd1,1
,MYLUMYVO,2024,2024-06-14,HHLLK1,34
,MYLUMYVO,2024,2024-06-14,HHLMS1,3
,MYLUMYVO,2024,2024-06-14,foopd1,1
,MYLUMYVO,2024,2024-06-15,HHLLK1,15
,MYLUMYVO,2024,2024-06-15,HHLMS1,1
,MYLUMYVO,2024,2024-06-15,Transects,1
,MYLUMYVO,2024,2024-06-15,foofr2,3
,MYLUMYVO,2024,2024-06-15,fooms1,1
,MYLUMYVO,2024,2024-06-15,foopd1,6
,MYLUMYVO,2024,2024-06-15,foorp1,4
,MYLUMYVO,2024,2024-06-16,HHLFR1,2
,MYLUMYVO,2024,2024-06-16,HHLLK1,23
,MYLUMYVO,2024,2024-06-16,HHLMS1,2
,MYLUMYVO,2024,2024-06-16,foofr2,1
,MYLUMYVO,2024,2024-06-16,foopd1,5
,MYLUMYVO,2024,2024-06-16,foorp1,3
,MYLUMYVO,2024,2024-06-16,hhlrp1,1
,MYLUMYVO,2024,2024-06-17,HHLFR1,3
,MYLUMYVO,2024,2024-06-17,HHLLK1,20
,MYLUMYVO,2024,2024-06-17,HHLMS1,1
,MYLUMYVO,2024,2024-06-17,foofr2,2
,MYLUMYVO,2024,2024-06-17,fooms1,2
,MYLUMYVO,2024,2024-06-17,foopd1,1
,MYLUMYVO,2024,2024-06-17,foorp1,6
,MYLUMYVO,2024,2024-06-18,HHLFR1,2
,MYLUMYVO,2024,2024-06-18,HHLLK1,24
,MYLUMYVO,2024,2024-06-18,HHLMS1,3
,MYLUMYVO,2024,2024-06-18,foofr2,1
,MYLUMYVO,2024,2024-06-18,foorp1,4
,MYLUMYVO,2024,2024-06-18,srhpd1,13
,MYLUMYVO,2024,2024-06-18,srhrp1,6
,MYLUMYVO,2024,2024-06-19,HHLFR1,1
,MYLUMYVO,2024,2024-06-19,HHLLK1,34
,MYLUMYVO,2024,2024-06-19,HHLMS1,2
,MYLUMYVO,2024,2024-06-19,foofr2,1
,MYLUMYVO,2024,2024-06-19,foopd1,3
,MYLUMYVO,2024,2024-06-19,foorp1,7
,MYLUMYVO,2024,2024-06-19,srhbe2,1
,MYLUMYVO,2024,2024-06-19,srhms2,1
,MYLUMYVO,2024,2024-06-19,srhpd1,15
,MYLUMYVO,2024,2024-06-19,srhrp1,1
,MYLUMYVO,2024,2024-06-20,HHLFR1,3
,MYLUMYVO,2024,2024-06-20,HHLLK1,22
,MYLUMYVO,2024,2024-06-20,HHLMS1,1
,MYLUMYVO,2024,2024-06-20,Transects,2
,MYLUMYVO,2024,2024-06-20,fooms1,2
,MYLUMYVO,2024,2024-06-20,foopd1,1
,MYLUMYVO,2024,2024-06-20,foorp1,7
,MYLUMYVO,2024,2024-06-20,hhlrp1,2
,MYLUMYVO,2024,2024-06-20,srhms2,1
,MYLUMYVO,2024,2024-06-20,srhpd1,16
,MYLUMYVO,2024,2024-06-20,srhrp1,1
,MYLUMYVO,2024,2024-06-20,tlllk2,8
,MYLUMYVO,2024,2024-06-20,tllrp2,39
,MYLUMYVO,2024,2024-06-21,HHLMS1,2
,MYLUMYVO,2024,2024-06-21,foopd1,2
,MYLUMYVO,2024,2024-06-21,srhbe2,27
,MYLUMYVO,2024,2024-06-21,srhpd1,31
,MYLUMYVO,2024,2024-06-21,srhrp1,5
,MYLUMYVO,2024,2024-06-21,tlllk2,13
,MYLUMYVO,2024,2024-06-21,tllms1,1
,MYLUMYVO,2024,2024-06-21,tllrp2,4
,MYLUMYVO,2024,2024-06-22,HHLMS1,2
,MYLUMYVO,2024,2024-06-22,foofr2,2
,MYLUMYVO,2024,2024-06-22,foopd1,3
,MYLUMYVO,2024,2024-06-22,srhbe2,21
,MYLUMYVO,2024,2024-06-22,srhms2,2
,MYLUMYVO,2024,2024-06-22,srhpd1,8
,MYLUMYVO,2024,2024-06-22,srhrp1,4
,MYLUMYVO,2024,2024-06-22,tlllk2,3
,MYLUMYVO,2024,2024-06-22,tllms1,1
,MYLUMYVO,2024,2024-06-22,tllrp2,2
,MYLUMYVO,2024,2024-06-23,HHLLK1,36
,MYLUMYVO,2024,2024-06-23,HHLMS1,2
,MYLUMYVO,2024,2024-06-23,foopd1,3
,MYLUMYVO,2024,2024-06-23,hhlrp1,1
,MYLUMYVO,2024,2024-06-23,srhbe2,10
,MYLUMYVO,2024,2024-06-23,srhms2,2
,MYLUMYVO,2024,2024-06-23,srhpd1,12
,MYLUMYVO,2024,2024-06-23,srhrp1,16
,MYLUMYVO,2024,2024-06-23,tllfr2,1
,MYLUMYVO,2024,2024-06-23,tlllk2,8
,MYLUMYVO,2024,2024-06-23,tllrp2,7
,MYLUMYVO,2024,2024-06-24,HHLLK1,13
,MYLUMYVO,2024,2024-06-24,HHLMS1,6
,MYLUMYVO,2024,2024-06-24,foofr2,2
,MYLUMYVO,2024,2024-06-24,foopd1,9
,MYLUMYVO,2024,2024-06-24,hnhbe2,3
,MYLUMYVO,2024,2024-06-24,srhpd1,15
,MYLUMYVO,2024,2024-06-24,srhrp1,2
,MYLUMYVO,2024,2024-06-24,tlllk2,3
,MYLUMYVO,2024,2024-06-24,tllms1,1
,MYLUMYVO,2024,2024-06-24,tllrp2,7
,MYLUMYVO,2024,2024-06-25,HHLFR1,1
,MYLUMYVO,2024,2024-06-25,HHLLK1,10
,MYLUMYVO,2024,2024-06-25,HHLMS1,2
,MYLUMYVO,2024,2024-06-25,mvafr1,3
,MYLUMYVO,2024,2024-06-25,Transects,2
,MYLUMYVO,2024,2024-06-25,doube2,14
,MYLUMYVO,2024,2024-06-25,foopd1,19
,MYLUMYVO,2024,2024-06-25,hnhbe2,3
,MYLUMYVO,2024,2024-06-25,srhms2,1
,MYLUMYVO,2024,2024-06-25,srhpd1,29
,MYLUMYVO,2024,2024-06-25,srhrp1,2
,MYLUMYVO,2024,2024-06-25,tllfr2,1
,MYLUMYVO,2024,2024-06-25,tlllk2,9
,MYLUMYVO,2024,2024-06-25,tllms1,1
,MYLUMYVO,2024,2024-06-25,yktpd1,125
,MYLUMYVO,2024,2024-06-26,HHLFR1,2
,MYLUMYVO,2024,2024-06-26,HHLLK1,11
,MYLUMYVO,2024,2024-06-26,HHLMS1,2
,MYLUMYVO,2024,2024-06-26,mvafr1,5
,MYLUMYVO,2024,2024-06-26,mvapd1,28
,MYLUMYVO,2024,2024-06-26,Transects,2
,MYLUMYVO,2024,2024-06-26,doube2,7
,MYLUMYVO,2024,2024-06-26,doufr1,6
,MYLUMYVO,2024,2024-06-26,doums1,10
,MYLUMYVO,2024,2024-06-26,dourp1,1
,MYLUMYVO,2024,2024-06-26,foopd1,1
,MYLUMYVO,2024,2024-06-26,hnhbe2,4
,MYLUMYVO,2024,2024-06-26,hnhrp1,2
,MYLUMYVO,2024,2024-06-26,srhpd1,19
,MYLUMYVO,2024,2024-06-26,srhrp1,4
,MYLUMYVO,2024,2024-06-26,tlllk2,4
,MYLUMYVO,2024,2024-06-26,tllms1,3
,MYLUMYVO,2024,2024-06-26,yktmd1,4
,MYLUMYVO,2024,2024-06-26,yktpd1,49
,MYLUMYVO,2024,2024-06-27,mvafr1,10
,MYLUMYVO,2024,2024-06-27,mvalk1,11
,MYLUMYVO,2024,2024-06-27,mvawt2,2
,MYLUMYVO,2024,2024-06-27,mvapd1,37
,MYLUMYVO,2024,2024-06-27,Transects,7
,MYLUMYVO,2024,2024-06-27,doube2,3
,MYLUMYVO,2024,2024-06-27,doufr1,5
,MYLUMYVO,2024,2024-06-27,doums1,6
,MYLUMYVO,2024,2024-06-27,foofr2,1
,MYLUMYVO,2024,2024-06-27,foopd1,4
,MYLUMYVO,2024,2024-06-27,foorp1,2
,MYLUMYVO,2024,2024-06-27,hnhfr2,1
,MYLUMYVO,2024,2024-06-27,srhms2,1
,MYLUMYVO,2024,2024-06-27,srhpd1,22
,MYLUMYVO,2024,2024-06-27,srhrp1,3
,MYLUMYVO,2024,2024-06-27,tlllk2,13
,MYLUMYVO,2024,2024-06-27,yktmd1,1
,MYLUMYVO,2024,2024-06-27,yktpd1,14
,MYLUMYVO,2024,2024-06-27,yktsb1,48
,MYLUMYVO,2024,2024-06-28,mvafr1,8
,MYLUMYVO,2024,2024-06-28,mvalk1,10
,MYLUMYVO,2024,2024-06-28,mvawt2,2
,MYLUMYVO,2024,2024-06-28,mvapd1,39
,MYLUMYVO,2024,2024-06-28,Transect,1
,MYLUMYVO,2024,2024-06-28,doube2,7
,MYLUMYVO,2024,2024-06-28,doufr1,5
,MYLUMYVO,2024,2024-06-28,doums1,4
,MYLUMYVO,2024,2024-06-28,dourp1,1
,MYLUMYVO,2024,2024-06-28,foofr2,1
,MYLUMYVO,2024,2024-06-28,foopd1,4
,MYLUMYVO,2024,2024-06-28,foorp1,2
,MYLUMYVO,2024,2024-06-28,hnhbe2,5
,MYLUMYVO,2024,2024-06-28,tlllk2,9
,MYLUMYVO,2024,2024-06-28,yktpd1,15
,MYLUMYVO,2024,2024-06-28,yktsb1,89
,MYLUMYVO,2024,2024-06-29,mvafr1,3
,MYLUMYVO,2024,2024-06-29,mvalk1,8
,MYLUMYVO,2024,2024-06-29,mvawt2,2
,MYLUMYVO,2024,2024-06-29,mvapd1,31
,MYLUMYVO,2024,2024-06-29,doube2,3
,MYLUMYVO,2024,2024-06-29,doufr1,9
,MYLUMYVO,2024,2024-06-29,doums1,6
,MYLUMYVO,2024,2024-06-29,foofr2,1
,MYLUMYVO,2024,2024-06-29,foopd1,5
,MYLUMYVO,2024,2024-06-29,foorp1,3
,MYLUMYVO,2024,2024-06-29,hnhbe2,1
,MYLUMYVO,2024,2024-06-29,tllfr2,2
,MYLUMYVO,2024,2024-06-29,tlllk2,9
,MYLUMYVO,2024,2024-06-29,yktmd1,1
,MYLUMYVO,2024,2024-06-29,yktpd1,8
,MYLUMYVO,2024,2024-06-29,yktsb1,49
,MYLUMYVO,2024,2024-06-30,mvafr1,7
,MYLUMYVO,2024,2024-06-30,mvalk1,4
,MYLUMYVO,2024,2024-06-30,mvapd1,34
,MYLUMYVO,2024,2024-06-30,doube2,4
,MYLUMYVO,2024,2024-06-30,doufr1,2
,MYLUMYVO,2024,2024-06-30,doums1,5
,MYLUMYVO,2024,2024-06-30,dourp1,4
,MYLUMYVO,2024,2024-06-30,foofr2,1
,MYLUMYVO,2024,2024-06-30,foopd1,9
,MYLUMYVO,2024,2024-06-30,hnhbe2,5
,MYLUMYVO,2024,2024-06-30,hnhfr2,1
,MYLUMYVO,2024,2024-06-30,tlllk2,12
,MYLUMYVO,2024,2024-06-30,yktmd1,2
,MYLUMYVO,2024,2024-06-30,yktpd1,23
,MYLUMYVO,2024,2024-06-30,yktsb1,112
,MYLUMYVO,2024,2024-07-01,mvafr1,9
,MYLUMYVO,2024,2024-07-01,mvalk1,21
,MYLUMYVO,2024,2024-07-01,mvawt2,1
,MYLUMYVO,2024,2024-07-01,mvapd1,16
,MYLUMYVO,2024,2024-07-01,Transects,2
,MYLUMYVO,2024,2024-07-01,doube2,23
,MYLUMYVO,2024,2024-07-01,doufr1,1
,MYLUMYVO,2024,2024-07-01,doums1,7
,MYLUMYVO,2024,2024-07-01,dourp1,1
,MYLUMYVO,2024,2024-07-01,foofr2,1
,MYLUMYVO,2024,2024-07-01,foopd1,3
,MYLUMYVO,2024,2024-07-01,hnhbe2,1
,MYLUMYVO,2024,2024-07-01,tlllk2,6
,MYLUMYVO,2024,2024-07-01,yktmd1,1
,MYLUMYVO,2024,2024-07-01,yktpd1,47
,MYLUMYVO,2024,2024-07-01,yktsb1,87
,MYLUMYVO,2024,2024-07-02,mvafr1,4
,MYLUMYVO,2024,2024-07-02,mvalk1,13
,MYLUMYVO,2024,2024-07-02,mvawt2,2
,MYLUMYVO,2024,2024-07-02,mvapd1,22
,MYLUMYVO,2024,2024-07-02,Transects,2
,MYLUMYVO,2024,2024-07-02,doube2,99
,MYLUMYVO,2024,2024-07-02,doufr1,1
,MYLUMYVO,2024,2024-07-02,doums1,18
,MYLUMYVO,2024,2024-07-02,foofr2,1
,MYLUMYVO,2024,2024-07-02,foopd1,4
,MYLUMYVO,2024,2024-07-02,tllfr2,1
,MYLUMYVO,2024,2024-07-02,tlllk2,15
,MYLUMYVO,2024,2024-07-02,tllms1,1
,MYLUMYVO,2024,2024-07-02,yktmd1,4
,MYLUMYVO,2024,2024-07-02,yktpd1,181
,MYLUMYVO,2024,2024-07-02,yktsb1,108
,MYLUMYVO,2024,2024-07-03,mvafr1,3
,MYLUMYVO,2024,2024-07-03,mvalk1,21
,MYLUMYVO,2024,2024-07-03,mvawt2,1
,MYLUMYVO,2024,2024-07-03,mvapd1,62
,MYLUMYVO,2024,2024-07-03,doube2,136
,MYLUMYVO,2024,2024-07-03,doufr1,2
,MYLUMYVO,2024,2024-07-03,doums1,19
,MYLUMYVO,2024,2024-07-03,dourp1,1
,MYLUMYVO,2024,2024-07-03,tllfr2,1
,MYLUMYVO,2024,2024-07-03,tlllk2,7
,MYLUMYVO,2024,2024-07-03,yktpd1,70
,MYLUMYVO,2024,2024-07-03,yktsb1,105
,MYLUMYVO,2024,2024-07-04,mvafr1,6
,MYLUMYVO,2024,2024-07-04,mvalk1,21
,MYLUMYVO,2024,2024-07-04,mvawt2,2
,MYLUMYVO,2024,2024-07-04,mvapd1,57
,MYLUMYVO,2024,2024-07-04,doube2,96
,MYLUMYVO,2024,2024-07-04,doufr1,5
,MYLUMYVO,2024,2024-07-04,doums1,21
,MYLUMYVO,2024,2024-07-04,foopd1,2
,MYLUMYVO,2024,2024-07-04,tllfr2,1
,MYLUMYVO,2024,2024-07-04,tlllk2,8
,MYLUMYVO,2024,2024-07-04,yktmd1,4
,MYLUMYVO,2024,2024-07-04,yktpd1,64
,MYLUMYVO,2024,2024-07-04,yktsb1,96
,MYLUMYVO,2024,2024-07-05,mvafr1,7
,MYLUMYVO,2024,2024-07-05,mvalk1,23
,MYLUMYVO,2024,2024-07-05,mvawt2,2
,MYLUMYVO,2024,2024-07-05,mvapd1,118
,MYLUMYVO,2024,2024-07-05,doube2,159
,MYLUMYVO,2024,2024-07-05,doufr1,5
,MYLUMYVO,2024,2024-07-05,doums1,10
,MYLUMYVO,2024,2024-07-05,dourp1,1
,MYLUMYVO,2024,2024-07-05,foopd1,1
,MYLUMYVO,2024,2024-07-05,tllfr2,3
,MYLUMYVO,2024,2024-07-05,yktpd1,184
,MYLUMYVO,2024,2024-07-05,yktsb1,127
,MYLUMYVO,2024,2024-07-06,mvafr1,6
,MYLUMYVO,2024,2024-07-06,mvalk1,24
,MYLUMYVO,2024,2024-07-06,mvapd1,62
,MYLUMYVO,2024,2024-07-06,Transect,1
,MYLUMYVO,2024,2024-07-06,Transects,2
,MYLUMYVO,2024,2024-07-06,doube2,136
,MYLUMYVO,2024,2024-07-06,doufr1,3
,MYLUMYVO,2024,2024-07-06,doums1,5
,MYLUMYVO,2024,2024-07-06,foopd1,3
,MYLUMYVO,2024,2024-07-06,tllfr2,5
,MYLUMYVO,2024,2024-07-06,tlllk2,4
,MYLUMYVO,2024,2024-07-06,yktpd1,85
,MYLUMYVO,2024,2024-07-06,yktsb1,100
,MYLUMYVO,2024,2024-07-07,mvafr1,10
,MYLUMYVO,2024,2024-07-07,mvalk1,17
,MYLUMYVO,2024,2024-07-07,mvawt2,2
,MYLUMYVO,2024,2024-07-07,mvapd1,12
,MYLUMYVO,2024,2024-07-07,Transects,2
,MYLUMYVO,2024,2024-07-07,doube2,30
,MYLUMYVO,2024,2024-07-07,doufr1,10
,MYLUMYVO,2024,2024-07-07,doums1,1
,MYLUMYVO,2024,2024-07-07,foopd1,2
,MYLUMYVO,2024,2024-07-07,tlllk2,3
,MYLUMYVO,2024,2024-07-07,tllms1,2
,MYLUMYVO,2024,2024-07-07,yktpd1,35
,MYLUMYVO,2024,2024-07-07,yktsb1,102
,MYLUMYVO,2024,2024-07-08,mvafr1,21
,MYLUMYVO,2024,2024-07-08,mvalk1,29
,MYLUMYVO,2024,2024-07-08,mvapd1,19
,MYLUMYVO,2024,2024-07-08,doube2,16
,MYLUMYVO,2024,2024-07-08,foopd1,22
,MYLUMYVO,2024,2024-07-08,yktpd1,23
,MYLUMYVO,2024,2024-07-08,yktsb1,86
,MYLUMYVO,2024,2024-07-09,STKPD1,8
,MYLUMYVO,2024,2024-07-09,yktpd1,25
,MYLUMYVO,2024,2024-07-09,yktsb1,104
,MYLUMYVO,2024,2024-07-10,STKMS2,2
,MYLUMYVO,2024,2024-07-10,STKPD1,1
,MYLUMYVO,2024,2024-07-10,STKRP2,5
,MYLUMYVO,2024,2024-07-10,yktpd1,125
,MYLUMYVO,2024,2024-07-10,yktsb1,110
,MYLUMYVO,2024,2024-07-11,STKPD1,1
,MYLUMYVO,2024,2024-07-11,STKRP2,8
,MYLUMYVO,2024,2024-07-11,yktpd1,2
,MYLUMYVO,2024,2024-07-12,STKPD1,2
,MYLUMYVO,2024,2024-07-12,STKRP2,21
,MYLUMYVO,2024,2024-07-12,yktpd1,224
,MYLUMYVO,2024,2024-07-12,yktsb1,177
,MYLUMYVO,2024,2024-07-14,STKPD1,1
,MYLUMYVO,2024,2024-07-14,STKRP2,7
,MYLUMYVO,2024,2024-07-15,STKRP2,6
,MYLUMYVO,2024,2024-07-15,yktmd1,1
,MYLUMYVO,2024,2024-07-15,yktsb1,42
,MYLUMYVO,2024,2024-07-16,STKRP2,1
,MYLUMYVO,2024,2024-07-16,yktsb1,9
,MYLUMYVO,2024,2024-07-17,STKMS2,13
,MYLUMYVO,2024,2024-07-17,yktsb1,4
,MYLUMYVO,2024,2024-07-18,STKPD1,1
,MYLUMYVO,2024,2024-07-18,STKRP2,12
,MYLUMYVO,2024,2024-07-18,Transects,1
,MYLUMYVO,2024,2024-07-18,yktsb1,43
,MYLUMYVO,2024,2024-07-19,yktmd1,1
,MYLUMYVO,2024,2024-07-19,yktsb1,6
,MYLUMYVO,2024,2024-07-20,yktmd1,3
,MYLUMYVO,2024,2024-07-20,yktsb1,20
,MYLUMYVO,2024,2024-07-21,yktsb1,11
,MYLUMYVO,2024,2024-07-22,STKPD1,1
,MYLUMYVO,2024,2024-07-22,yktmd1,3
,MYLUMYVO,2024,2024-07-24,STKMS2,3
,MYLUMYVO,2024,2024-07-25,STKPD1,1
,MYLUMYVO,2024,2024-07-27,yktsb1,8
,MYLUMYVO,2024,2024-07-28,yktsb1,24
,MYLUMYVO,2024,2024-07-30,yktsb1,9
,MYLUMYVO,2024,2024-08-04,STKPD1,1
,MYLUMYYU,2024,2024-07-05,yktpd1,1
,MYOTIS,2024,2024-06-14,HHLFR1,1
,MYOTIS,2024,2024-06-14,HHLMS1,1
,MYOTIS,2024,2024-06-15,HHLFR1,1
,MYOTIS,2024,2024-06-15,HHLMS1,1
,MYOTIS,2024,2024-06-15,foofr2,1
,MYOTIS,2024,2024-06-16,HHLFR1,2
,MYOTIS,2024,2024-06-16,HHLMS1,1
,MYOTIS,2024,2024-06-16,foopd1,2
,MYOTIS,2024,2024-06-17,HHLFR1,7
,MYOTIS,2024,2024-06-17,HHLLK1,1
,MYOTIS,2024,2024-06-17,HHLMS1,2
,MYOTIS,2024,2024-06-18,HHLFR1,2
,MYOTIS,2024,2024-06-18,foopd1,2
,MYOTIS,2024,2024-06-18,srhrp1,3
,MYOTIS,2024,2024-06-19,HHLFR1,3
,MYOTIS,2024,2024-06-19,HHLLK1,1
,MYOTIS,2024,2024-06-19,srhbe2,1
,MYOTIS,2024,2024-06-19,srhpd1,1
,MYOTIS,2024,2024-06-20,HHLFR1,2
,MYOTIS,2024,2024-06-20,Transects,2
,MYOTIS,2024,2024-06-20,foopd1,1
,MYOTIS,2024,2024-06-20,srhms2,1
,MYOTIS,2024,2024-06-20,srhpd1,1
,MYOTIS,2024,2024-06-20,srhrp1,3
,MYOTIS,2024,2024-06-20,tllrp2,1
,MYOTIS,2024,2024-06-21,HHLFR1,4
,MYOTIS,2024,2024-06-21,foorp1,1
,MYOTIS,2024,2024-06-21,srhpd1,1
,MYOTIS,2024,2024-06-21,srhrp1,1
,MYOTIS,2024,2024-06-22,HHLFR1,9
,MYOTIS,2024,2024-06-22,HHLMS1,1
,MYOTIS,2024,2024-06-22,foopd1,1
,MYOTIS,2024,2024-06-22,srhbe2,1
,MYOTIS,2024,2024-06-22,srhrp1,1
,MYOTIS,2024,2024-06-23,HHLFR1,3
,MYOTIS,2024,2024-06-23,HHLMS1,2
,MYOTIS,2024,2024-06-24,HHLFR1,4
,MYOTIS,2024,2024-06-24,HHLMS1,1
,MYOTIS,2024,2024-06-24,foopd1,1
,MYOTIS,2024,2024-06-24,srhrp1,2
,MYOTIS,2024,2024-06-24,tllrp2,3
,MYOTIS,2024,2024-06-25,HHLFR1,6
,MYOTIS,2024,2024-06-25,HHLMS1,1
,MYOTIS,2024,2024-06-25,doube2,1
,MYOTIS,2024,2024-06-25,srhpd1,2
,MYOTIS,2024,2024-06-25,srhrp1,1
,MYOTIS,2024,2024-06-25,yktpd1,23
,MYOTIS,2024,2024-06-26,HHLFR1,4
,MYOTIS,2024,2024-06-26,HHLLK1,1
,MYOTIS,2024,2024-06-26,mvafr1,4
,MYOTIS,2024,2024-06-26,mvapd1,5
,MYOTIS,2024,2024-06-26,Transects,1
,MYOTIS,2024,2024-06-26,doube2,2
,MYOTIS,2024,2024-06-26,doufr1,1
,MYOTIS,2024,2024-06-26,foopd1,1
,MYOTIS,2024,2024-06-26,hnhrp1,1
,MYOTIS,2024,2024-06-26,srhrp1,4
,MYOTIS,2024,2024-06-26,yktmd1,1
,MYOTIS,2024,2024-06-26,yktpd1,11
,MYOTIS,2024,2024-06-27,mvafr1,2
,MYOTIS,2024,2024-06-27,mvalk1,1
,MYOTIS,2024,2024-06-27,mvapd1,2
,MYOTIS,2024,2024-06-27,doufr1,1
,MYOTIS,2024,2024-06-27,srhpd1,1
,MYOTIS,2024,2024-06-27,srhrp1,2
,MYOTIS,2024,2024-06-27,yktpd1,4
,MYOTIS,2024,2024-06-28,mvafr1,6
,MYOTIS,2024,2024-06-28,mvapd1,2
,MYOTIS,2024,2024-06-28,doube2,1
,MYOTIS,2024,2024-06-28,foorp1,1
,MYOTIS,2024,2024-06-28,hnhbe2,1
,MYOTIS,2024,2024-06-28,yktpd1,2
,MYOTIS,2024,2024-06-29,mvafr1,2
,MYOTIS,2024,2024-06-29,doube2,1
,MYOTIS,2024,2024-06-29,foorp1,1
,MYOTIS,2024,2024-06-29,yktpd1,6
,MYOTIS,2024,2024-06-29,yktsb1,1
,MYOTIS,2024,2024-06-30,mvafr1,1
,MYOTIS,2024,2024-06-30,mvawt2,1
,MYOTIS,2024,2024-06-30,mvapd1,7
,MYOTIS,2024,2024-06-30,doube2,1
,MYOTIS,2024,2024-06-30,doufr1,1
,MYOTIS,2024,2024-06-30,hnhbe2,2
,MYOTIS,2024,2024-06-30,yktpd1,7
,MYOTIS,2024,2024-06-30,yktsb1,3
,MYOTIS,2024,2024-07-01,mvafr1,4
,MYOTIS,2024,2024-07-01,mvalk1,1
,MYOTIS,2024,2024-07-01,mvapd1,2
,MYOTIS,2024,2024-07-01,tllfr2,1
,MYOTIS,2024,2024-07-01,yktpd1,4
,MYOTIS,2024,2024-07-01,yktsb1,1
,MYOTIS,2024,2024-07-02,mvafr1,1
,MYOTIS,2024,2024-07-02,doube2,1
,MYOTIS,2024,2024-07-02,doufr1,1
,MYOTIS,2024,2024-07-02,dourp1,1
,MYOTIS,2024,2024-07-02,tllfr2,1
,MYOTIS,2024,2024-07-02,yktpd1,31
,MYOTIS,2024,2024-07-03,mvapd1,7
,MYOTIS,2024,2024-07-03,doufr1,1
,MYOTIS,2024,2024-07-03,yktpd1,7
,MYOTIS,2024,2024-07-04,mvalk1,3
,MYOTIS,2024,2024-07-04,mvawt2,1
,MYOTIS,2024,2024-07-04,mvapd1,2
,MYOTIS,2024,2024-07-04,doube2,1
,MYOTIS,2024,2024-07-04,tllfr2,1
,MYOTIS,2024,2024-07-04,yktpd1,4
,MYOTIS,2024,2024-07-05,mvafr1,3
,MYOTIS,2024,2024-07-05,mvalk1,2
,MYOTIS,2024,2024-07-05,mvapd1,17
,MYOTIS,2024,2024-07-05,doube2,4
,MYOTIS,2024,2024-07-05,doufr1,5
,MYOTIS,2024,2024-07-05,tllfr2,1
,MYOTIS,2024,2024-07-05,tllms1,2
,MYOTIS,2024,2024-07-05,yktpd1,46
,MYOTIS,2024,2024-07-05,yktsb1,2
,MYOTIS,2024,2024-07-06,mvapd1,10
,MYOTIS,2024,2024-07-06,doube2,9
,MYOTIS,2024,2024-07-06,yktpd1,8
,MYOTIS,2024,2024-07-07,mvafr1,1
,MYOTIS,2024,2024-07-07,mvalk1,2
,MYOTIS,2024,2024-07-07,mvapd1,4
,MYOTIS,2024,2024-07-07,doube2,1
,MYOTIS,2024,2024-07-07,doufr1,4
,MYOTIS,2024,2024-07-07,yktpd1,26
,MYOTIS,2024,2024-07-07,yktsb1,1
,MYOTIS,2024,2024-07-08,mvafr1,2
,MYOTIS,2024,2024-07-08,mvalk1,1
,MYOTIS,2024,2024-07-08,doube2,2
,MYOTIS,2024,2024-07-08,foopd1,2
,MYOTIS,2024,2024-07-08,yktpd1,3
,MYOTIS,2024,2024-07-09,STKRP2,4
,MYOTIS,2024,2024-07-09,yktpd1,4
,MYOTIS,2024,2024-07-10,STKRP2,7
,MYOTIS,2024,2024-07-10,yktpd1,14
,MYOTIS,2024,2024-07-11,STKRP2,3
,MYOTIS,2024,2024-07-12,STKRP2,10
,MYOTIS,2024,2024-07-12,yktpd1,23
,MYOTIS,2024,2024-07-12,yktsb1,1
,MYOTIS,2024,2024-07-14,STKRP2,2
,MYOTIS,2024,2024-07-16,yktmd1,1
,MYOTIS,2024,2024-07-18,yktsb1,1
,MYOTIS,2024,2024-07-30,yktsb1,1
,MYVO,2024,2024-06-14,HHLFR1,1
,MYVO,2024,2024-06-14,HHLLK1,11
,MYVO,2024,2024-06-14,hhlrp1,4
,MYVO,2024,2024-06-15,HHLLK1,2
,MYVO,2024,2024-06-15,hhlrp1,2
,MYVO,2024,2024-06-16,HHLLK1,11
,MYVO,2024,2024-06-16,hhlrp1,2
,MYVO,2024,2024-06-17,HHLLK1,10
,MYVO,2024,2024-06-18,hhlrp1,6
,MYVO,2024,2024-06-18,srhpd1,14
,MYVO,2024,2024-06-19,HHLLK1,6
,MYVO,2024,2024-06-19,hhlrp1,2
,MYVO,2024,2024-06-19,srhms2,1
,MYVO,2024,2024-06-19,srhpd1,24
,MYVO,2024,2024-06-20,HHLLK1,7
,MYVO,2024,2024-06-20,hhlrp1,2
,MYVO,2024,2024-06-20,srhms2,1
,MYVO,2024,2024-06-20,srhpd1,4
,MYVO,2024,2024-06-21,srhbe2,11
,MYVO,2024,2024-06-21,srhpd1,29
,MYVO,2024,2024-06-22,hhlrp1,1
,MYVO,2024,2024-06-22,srhbe2,17
,MYVO,2024,2024-06-22,srhms2,1
,MYVO,2024,2024-06-22,srhpd1,8
,MYVO,2024,2024-06-23,HHLLK1,5
,MYVO,2024,2024-06-23,hhlrp1,4
,MYVO,2024,2024-06-23,srhbe2,4
,MYVO,2024,2024-06-23,srhms2,2
,MYVO,2024,2024-06-23,srhpd1,8
,MYVO,2024,2024-06-24,HHLLK1,1
,MYVO,2024,2024-06-24,hhlrp1,1
,MYVO,2024,2024-06-24,srhms2,1
,MYVO,2024,2024-06-24,srhpd1,12
,MYVO,2024,2024-06-25,HHLLK1,3
,MYVO,2024,2024-06-25,hhlrp1,2
,MYVO,2024,2024-06-25,srhpd1,8
,MYVO,2024,2024-06-26,HHLLK1,5
,MYVO,2024,2024-06-26,hhlrp1,5
,MYVO,2024,2024-06-26,srhms2,1
,MYVO,2024,2024-06-26,srhpd1,21
,MYVO,2024,2024-06-27,srhpd1,13
,MYYU,2024,2024-06-18,hhlrp1,1
,MYYU,2024,2024-06-22,HHLFR1,4
,MYYU,2024,2024-06-23,HHLFR1,3
,MYYU,2024,2024-06-24,HHLFR1,1
,MYYU,2024,2024-06-24,srhrp1,1
,MYYU,2024,2024-06-25,yktpd1,9
,MYYU,2024,2024-06-26,HHLFR1,3
,MYYU,2024,2024-06-28,yktpd1,4
,MYYU,2024,2024-06-30,yktpd1,1
,MYYU,2024,2024-07-01,yktpd1,8
,MYYU,2024,2024-07-02,yktpd1,25
,MYYU,2024,2024-07-03,yktpd1,8
,MYYU,2024,2024-07-04,tllfr2,1
,MYYU,2024,2024-07-04,yktpd1,2
,MYYU,2024,2024-07-05,yktpd1,7
,MYYU,2024,2024-07-06,yktpd1,7
,MYYU,2024,2024-07-07,yktpd1,2
,MYYU,2024,2024-07-08,yktpd1,1
,MYYU,2024,2024-07-09,yktpd1,1
,MYYU,2024,2024-07-10,yktpd1,2
,MYYU,2024,2024-07-15,yktsb1,1
,NOID,2024,2024-06-12,foopd1,2
,NOID,2024,2024-06-12,foorp1,3
,NOID,2024,2024-06-13,foopd1,1
,NOID,2024,2024-06-13,foorp1,2
,NOID,2024,2024-06-14,HHLFR1,3
,NOID,2024,2024-06-14,HHLLK1,35
,NOID,2024,2024-06-14,foopd1,7
,NOID,2024,2024-06-14,hhlrp1,29
,NOID,2024,2024-06-15,HHLFR1,6
,NOID,2024,2024-06-15,HHLLK1,19
,NOID,2024,2024-06-15,foopd1,7
,NOID,2024,2024-06-15,foorp1,10
,NOID,2024,2024-06-15,hhlrp1,1
,NOID,2024,2024-06-16,HHLFR1,11
,NOID,2024,2024-06-16,HHLLK1,22
,NOID,2024,2024-06-16,foopd1,12
,NOID,2024,2024-06-16,foorp1,8
,NOID,2024,2024-06-16,hhlrp1,6
,NOID,2024,2024-06-17,HHLFR1,6
,NOID,2024,2024-06-17,HHLLK1,39
,NOID,2024,2024-06-17,foopd1,4
,NOID,2024,2024-06-17,foorp1,13
,NOID,2024,2024-06-17,hhlrp1,6
,NOID,2024,2024-06-18,HHLFR1,5
,NOID,2024,2024-06-18,HHLLK1,27
,NOID,2024,2024-06-18,foopd1,9
,NOID,2024,2024-06-18,foorp1,7
,NOID,2024,2024-06-18,hhlrp1,19
,NOID,2024,2024-06-18,srhms2,1
,NOID,2024,2024-06-18,srhpd1,129
,NOID,2024,2024-06-18,srhrp1,16
,NOID,2024,2024-06-19,HHLFR1,6
,NOID,2024,2024-06-19,HHLLK1,46
,NOID,2024,2024-06-19,foopd1,7
,NOID,2024,2024-06-19,foorp1,17
,NOID,2024,2024-06-19,hhlrp1,4
,NOID,2024,2024-06-19,srhbe2,5
,NOID,2024,2024-06-19,srhms2,1
,NOID,2024,2024-06-19,srhpd1,127
,NOID,2024,2024-06-19,srhrp1,17
,NOID,2024,2024-06-20,HHLFR1,14
,NOID,2024,2024-06-20,HHLLK1,63
,NOID,2024,2024-06-20,foopd1,8
,NOID,2024,2024-06-20,foorp1,10
,NOID,2024,2024-06-20,hhlrp1,10
,NOID,2024,2024-06-20,srhms2,1
,NOID,2024,2024-06-20,srhpd1,102
,NOID,2024,2024-06-20,srhrp1,10
,NOID,2024,2024-06-20,tlllk2,18
,NOID,2024,2024-06-20,tllrp2,36
,NOID,2024,2024-06-21,foopd1,4
,NOID,2024,2024-06-21,foorp1,7
,NOID,2024,2024-06-21,srhbe2,77
,NOID,2024,2024-06-21,srhms2,1
,NOID,2024,2024-06-21,srhpd1,244
,NOID,2024,2024-06-21,srhrp1,33
,NOID,2024,2024-06-21,tllfr2,3
,NOID,2024,2024-06-21,tlllk2,25
,NOID,2024,2024-06-21,tllrp2,15
,NOID,2024,2024-06-22,HHLFR1,18
,NOID,2024,2024-06-22,foopd1,4
,NOID,2024,2024-06-22,hhlrp1,5
,NOID,2024,2024-06-22,srhbe2,75
,NOID,2024,2024-06-22,srhms2,3
,NOID,2024,2024-06-22,srhpd1,181
,NOID,2024,2024-06-22,srhrp1,14
,NOID,2024,2024-06-22,tllfr2,3
,NOID,2024,2024-06-22,tlllk2,33
,NOID,2024,2024-06-22,tllrp2,13
,NOID,2024,2024-06-23,HHLFR1,13
,NOID,2024,2024-06-23,HHLLK1,33
,NOID,2024,2024-06-23,foopd1,9
,NOID,2024,2024-06-23,foorp1,1
,NOID,2024,2024-06-23,hhlrp1,59
,NOID,2024,2024-06-23,srhbe2,18
,NOID,2024,2024-06-23,srhms2,6
,NOID,2024,2024-06-23,srhpd1,151
,NOID,2024,2024-06-23,srhrp1,22
,NOID,2024,2024-06-23,tllfr2,3
,NOID,2024,2024-06-23,tlllk2,26
,NOID,2024,2024-06-23,tllrp2,10
,NOID,2024,2024-06-24,HHLFR1,20
,NOID,2024,2024-06-24,HHLLK1,56
,NOID,2024,2024-06-24,foopd1,5
,NOID,2024,2024-06-24,foorp1,1
,NOID,2024,2024-06-24,hhlrp1,26
,NOID,2024,2024-06-24,srhbe2,4
,NOID,2024,2024-06-24,srhms2,2
,NOID,2024,2024-06-24,srhpd1,165
,NOID,2024,2024-06-24,srhrp1,28
,NOID,2024,2024-06-24,tllfr2,2
,NOID,2024,2024-06-24,tlllk2,36
,NOID,2024,2024-06-24,tllrp2,14
,NOID,2024,2024-06-25,HHLFR1,15
,NOID,2024,2024-06-25,HHLLK1,17
,NOID,2024,2024-06-25,mvafr1,24
,NOID,2024,2024-06-25,doube2,15
,NOID,2024,2024-06-25,foopd1,16
,NOID,2024,2024-06-25,foorp1,4
,NOID,2024,2024-06-25,hhlrp1,56
,NOID,2024,2024-06-25,srhbe2,2
,NOID,2024,2024-06-25,srhpd1,156
,NOID,2024,2024-06-25,srhrp1,26
,NOID,2024,2024-06-25,tllfr2,4
,NOID,2024,2024-06-25,tlllk2,29
,NOID,2024,2024-06-25,yktmd1,1
,NOID,2024,2024-06-25,yktpd1,25
,NOID,2024,2024-06-26,HHLFR1,12
,NOID,2024,2024-06-26,HHLLK1,27
,NOID,2024,2024-06-26,mvafr1,16
,NOID,2024,2024-06-26,mvawt2,5
,NOID,2024,2024-06-26,mvapd1,44
,NOID,2024,2024-06-26,doube2,6
,NOID,2024,2024-06-26,doufr1,9
,NOID,2024,2024-06-26,doums1,10
,NOID,2024,2024-06-26,dourp1,2
,NOID,2024,2024-06-26,foopd1,2
,NOID,2024,2024-06-26,foorp1,2
,NOID,2024,2024-06-26,hhlrp1,24
,NOID,2024,2024-06-26,srhbe2,1
,NOID,2024,2024-06-26,srhms2,2
,NOID,2024,2024-06-26,srhpd1,218
,NOID,2024,2024-06-26,srhrp1,41
,NOID,2024,2024-06-26,tllfr2,4
,NOID,2024,2024-06-26,tlllk2,21
,NOID,2024,2024-06-26,yktpd1,4
,NOID,2024,2024-06-27,mvafr1,32
,NOID,2024,2024-06-27,mvalk1,32
,NOID,2024,2024-06-27,mvawt2,8
,NOID,2024,2024-06-27,mvapd1,47
,NOID,2024,2024-06-27,doube2,7
,NOID,2024,2024-06-27,doufr1,14
,NOID,2024,2024-06-27,doums1,5
,NOID,2024,2024-06-27,dourp1,1
,NOID,2024,2024-06-27,foopd1,7
,NOID,2024,2024-06-27,foorp1,4
,NOID,2024,2024-06-27,srhbe2,1
,NOID,2024,2024-06-27,srhpd1,216
,NOID,2024,2024-06-27,srhrp1,23
,NOID,2024,2024-06-27,tllfr2,1
,NOID,2024,2024-06-27,tlllk2,34
,NOID,2024,2024-06-27,yktmd1,1
,NOID,2024,2024-06-27,yktpd1,4
,NOID,2024,2024-06-27,yktsb1,52
,NOID,2024,2024-06-28,mvafr1,18
,NOID,2024,2024-06-28,mvalk1,18
,NOID,2024,2024-06-28,mvawt2,6
,NOID,2024,2024-06-28,mvapd1,56
,NOID,2024,2024-06-28,doube2,9
,NOID,2024,2024-06-28,doufr1,8
,NOID,2024,2024-06-28,doums1,7
,NOID,2024,2024-06-28,dourp1,4
,NOID,2024,2024-06-28,foopd1,6
,NOID,2024,2024-06-28,foorp1,10
,NOID,2024,2024-06-28,tlllk2,13
,NOID,2024,2024-06-28,yktpd1,8
,NOID,2024,2024-06-28,yktsb1,66
,NOID,2024,2024-06-29,mvafr1,19
,NOID,2024,2024-06-29,mvalk1,14
,NOID,2024,2024-06-29,mvawt2,2
,NOID,2024,2024-06-29,mvapd1,39
,NOID,2024,2024-06-29,doube2,7
,NOID,2024,2024-06-29,doufr1,7
,NOID,2024,2024-06-29,doums1,6
,NOID,2024,2024-06-29,dourp1,2
,NOID,2024,2024-06-29,foopd1,4
,NOID,2024,2024-06-29,foorp1,12
,NOID,2024,2024-06-29,tllfr2,9
,NOID,2024,2024-06-29,tlllk2,47
,NOID,2024,2024-06-29,yktpd1,11
,NOID,2024,2024-06-29,yktsb1,34
,NOID,2024,2024-06-30,mvafr1,20
,NOID,2024,2024-06-30,mvalk1,4
,NOID,2024,2024-06-30,mvawt2,4
,NOID,2024,2024-06-30,mvapd1,43
,NOID,2024,2024-06-30,doube2,11
,NOID,2024,2024-06-30,doufr1,5
,NOID,2024,2024-06-30,doums1,5
,NOID,2024,2024-06-30,dourp1,7
,NOID,2024,2024-06-30,foopd1,9
,NOID,2024,2024-06-30,foorp1,3
,NOID,2024,2024-06-30,tllfr2,4
,NOID,2024,2024-06-30,tlllk2,72
,NOID,2024,2024-06-30,yktpd1,5
,NOID,2024,2024-06-30,yktsb1,45
,NOID,2024,2024-07-01,mvafr1,11
,NOID,2024,2024-07-01,mvalk1,17
,NOID,2024,2024-07-01,mvawt2,9
,NOID,2024,2024-07-01,mvapd1,41
,NOID,2024,2024-07-01,doube2,3
,NOID,2024,2024-07-01,doufr1,2
,NOID,2024,2024-07-01,doums1,13
,NOID,2024,2024-07-01,dourp1,2
,NOID,2024,2024-07-01,foopd1,6
,NOID,2024,2024-07-01,foorp1,3
,NOID,2024,2024-07-01,tllfr2,3
,NOID,2024,2024-07-01,tlllk2,45
,NOID,2024,2024-07-01,yktmd1,3
,NOID,2024,2024-07-01,yktpd1,8
,NOID,2024,2024-07-01,yktsb1,41
,NOID,2024,2024-07-02,mvafr1,8
,NOID,2024,2024-07-02,mvalk1,19
,NOID,2024,2024-07-02,mvawt2,8
,NOID,2024,2024-07-02,mvapd1,30
,NOID,2024,2024-07-02,doube2,25
,NOID,2024,2024-07-02,doufr1,6
,NOID,2024,2024-07-02,doums1,13
,NOID,2024,2024-07-02,dourp1,5
,NOID,2024,2024-07-02,foopd1,6
,NOID,2024,2024-07-02,foorp1,1
,NOID,2024,2024-07-02,tllfr2,4
,NOID,2024,2024-07-02,tlllk2,38
,NOID,2024,2024-07-02,yktpd1,6
,NOID,2024,2024-07-02,yktsb1,24
,NOID,2024,2024-07-03,mvafr1,4
,NOID,2024,2024-07-03,mvalk1,36
,NOID,2024,2024-07-03,mvawt2,3
,NOID,2024,2024-07-03,mvapd1,80
,NOID,2024,2024-07-03,doube2,35
,NOID,2024,2024-07-03,doufr1,3
,NOID,2024,2024-07-03,doums1,27
,NOID,2024,2024-07-03,dourp1,2
,NOID,2024,2024-07-03,foopd1,3
,NOID,2024,2024-07-03,tllfr2,3
,NOID,2024,2024-07-03,tlllk2,43
,NOID,2024,2024-07-03,yktmd1,1
,NOID,2024,2024-07-03,yktpd1,6
,NOID,2024,2024-07-03,yktsb1,41
,NOID,2024,2024-07-04,mvafr1,8
,NOID,2024,2024-07-04,mvalk1,41
,NOID,2024,2024-07-04,mvawt2,10
,NOID,2024,2024-07-04,mvapd1,50
,NOID,2024,2024-07-04,doube2,57
,NOID,2024,2024-07-04,doufr1,12
,NOID,2024,2024-07-04,doums1,34
,NOID,2024,2024-07-04,dourp1,1
,NOID,2024,2024-07-04,tllfr2,4
,NOID,2024,2024-07-04,tlllk2,63
,NOID,2024,2024-07-04,yktpd1,8
,NOID,2024,2024-07-04,yktsb1,37
,NOID,2024,2024-07-05,mvafr1,12
,NOID,2024,2024-07-05,mvalk1,31
,NOID,2024,2024-07-05,mvawt2,11
,NOID,2024,2024-07-05,mvapd1,128
,NOID,2024,2024-07-05,doube2,76
,NOID,2024,2024-07-05,doufr1,7
,NOID,2024,2024-07-05,doums1,5
,NOID,2024,2024-07-05,foopd1,1
,NOID,2024,2024-07-05,tllfr2,10
,NOID,2024,2024-07-05,tlllk2,36
,NOID,2024,2024-07-05,yktmd1,1
,NOID,2024,2024-07-05,yktpd1,16
,NOID,2024,2024-07-05,yktsb1,27
,NOID,2024,2024-07-06,mvafr1,13
,NOID,2024,2024-07-06,mvalk1,26
,NOID,2024,2024-07-06,mvawt2,6
,NOID,2024,2024-07-06,mvapd1,65
,NOID,2024,2024-07-06,doube2,111
,NOID,2024,2024-07-06,doufr1,12
,NOID,2024,2024-07-06,doums1,3
,NOID,2024,2024-07-06,dourp1,1
,NOID,2024,2024-07-06,foopd1,2
,NOID,2024,2024-07-06,tllfr2,7
,NOID,2024,2024-07-06,tlllk2,36
,NOID,2024,2024-07-06,yktmd1,1
,NOID,2024,2024-07-06,yktpd1,12
,NOID,2024,2024-07-06,yktsb1,43
,NOID,2024,2024-07-07,mvafr1,13
,NOID,2024,2024-07-07,mvalk1,23
,NOID,2024,2024-07-07,mvawt2,2
,NOID,2024,2024-07-07,mvapd1,15
,NOID,2024,2024-07-07,doube2,11
,NOID,2024,2024-07-07,doufr1,9
,NOID,2024,2024-07-07,foopd1,3
,NOID,2024,2024-07-07,tllfr2,2
,NOID,2024,2024-07-07,tlllk2,35
,NOID,2024,2024-07-07,yktmd1,1
,NOID,2024,2024-07-07,yktpd1,8
,NOID,2024,2024-07-07,yktsb1,21
,NOID,2024,2024-07-08,mvafr1,16
,NOID,2024,2024-07-08,mvalk1,43
,NOID,2024,2024-07-08,mvawt2,6
,NOID,2024,2024-07-08,mvapd1,20
,NOID,2024,2024-07-08,doube2,21
,NOID,2024,2024-07-08,foopd1,8
,NOID,2024,2024-07-08,yktpd1,15
,NOID,2024,2024-07-08,yktsb1,36
,NOID,2024,2024-07-09,STKPD1,4
,NOID,2024,2024-07-09,STKRP2,8
,NOID,2024,2024-07-09,stkbe3,1
,NOID,2024,2024-07-09,yktpd1,12
,NOID,2024,2024-07-09,yktsb1,44
,NOID,2024,2024-07-10,STKPD1,3
,NOID,2024,2024-07-10,STKRP2,60
,NOID,2024,2024-07-10,stkbe3,2
,NOID,2024,2024-07-10,yktmd1,1
,NOID,2024,2024-07-10,yktpd1,16
,NOID,2024,2024-07-10,yktsb1,31
,NOID,2024,2024-07-11,STKRP2,37
,NOID,2024,2024-07-11,stkbe3,1
,NOID,2024,2024-07-11,yktpd1,2
,NOID,2024,2024-07-12,STKPD1,4
,NOID,2024,2024-07-12,STKRP2,52
,NOID,2024,2024-07-12,stkbe3,2
,NOID,2024,2024-07-12,yktpd1,11
,NOID,2024,2024-07-12,yktsb1,27
,NOID,2024,2024-07-13,STKRP2,6
,NOID,2024,2024-07-14,STKPD1,2
,NOID,2024,2024-07-14,STKRP2,26
,NOID,2024,2024-07-15,STKRP2,46
,NOID,2024,2024-07-15,yktsb1,8
,NOID,2024,2024-07-16,STKRP2,5
,NOID,2024,2024-07-16,stkbe3,1
,NOID,2024,2024-07-16,yktsb1,3
,NOID,2024,2024-07-17,STKRP2,30
,NOID,2024,2024-07-17,stkbe3,3
,NOID,2024,2024-07-17,yktsb1,5
,NOID,2024,2024-07-18,STKRP2,21
,NOID,2024,2024-07-18,stkbe3,3
,NOID,2024,2024-07-18,yktmd1,4
,NOID,2024,2024-07-18,yktsb1,5
,NOID,2024,2024-07-19,stkbe3,1
,NOID,2024,2024-07-19,yktmd1,10
,NOID,2024,2024-07-19,yktsb1,3
,NOID,2024,2024-07-20,stkbe3,1
,NOID,2024,2024-07-20,yktmd1,1
,NOID,2024,2024-07-20,yktsb1,12
,NOID,2024,2024-07-21,stkbe3,1
,NOID,2024,2024-07-21,yktsb1,7
,NOID,2024,2024-07-22,yktmd1,2
,NOID,2024,2024-07-23,stkbe3,1
,NOID,2024,2024-07-24,stkbe3,2
,NOID,2024,2024-07-25,STKPD1,1
,NOID,2024,2024-07-25,stkbe3,4
,NOID,2024,2024-07-26,stkbe3,1
,NOID,2024,2024-07-27,stkbe3,1
,NOID,2024,2024-07-27,yktsb1,3
,NOID,2024,2024-07-28,stkbe3,6
,NOID,2024,2024-07-28,yktsb1,8
,NOID,2024,2024-07-29,STKPD1,1
,NOID,2024,2024-07-29,stkbe3,1
,NOID,2024,2024-07-30,yktsb1,1
,NOID,2024,2024-08-01,STKPD1,1
,NOID,2024,2024-08-03,STKPD1,1
,NOID,2024,2024-08-06,STKPD1,2
,NOID,2024,2024-08-07,STKPD1,1
,MYLU,2025,2025-07-10,Little Campbell Lake,149
,MYLU,2025,2025-07-11,Jewel Lake,6
,MYLU,2025,2025-07-12,Jewel Lake,32
,MYLU,2025,2025-07-13,Basher Lake,22
,MYLU,2025,2025-07-14,Little Campbell Lake,169
,MYLU,2025,2025-07-15,Basher Lake,22
,MYLU,2025,2025-07-16,Jewel Lake,8
,MYLU,2025,2025-07-17,Jewel Lake,46
,MYLUMYVO,2025,2025-07-13,Basher Lake,1
,MYLUMYVO,2025,2025-07-14,Jewel Lake,1
,NOID,2025,2025-07-08,Little Campbell Lake,5
,NOID,2025,2025-07-11,Little Campbell Lake,57
,NOID,2025,2025-07-12,Little Campbell Lake,4
,NOID,2025,2025-07-13,Jewel Lake,5
,NOID,2025,2025-07-14,Basher Lake,9
,NOID,2025,2025-07-15,Jewel Lake,1
,NOID,2025,2025-07-16,Little Campbell Lake,25
,NOID,2025,2025-07-17,Little Campbell Lake,20
