,species,year,date,Site,n_files
1,LACILANO,2024,2024-06-21,tllrp2,2
2,LACILANO,2024,2024-06-16,foopd1,2
3,LACILANO,2024,2024-06-27,JNU4-mvapd1,1
4,LACILANO,2024,2024-06-27,srhrp1,1
5,FLANO,2024,2024-06-14,HHLLK1,12
6,FLANO,2024,2024-06-14,HHLMS1,2
7,FLANO,2024,2024-06-15,HHLLK1,3
8,FLANO,2024,2024-06-16,HHLLK1,31
9,FLANO,2024,2024-06-17,HHLLK1,46
10,FLANO,2024,2024-06-18,HHLLK1,6
11,FLANO,2024,2024-06-18,srhpd1,7
12,FLANO,2024,2024-06-19,HHLLK1,13
13,FLANO,2024,2024-06-19,srhrp1,2
14,FLANO,2024,2024-06-20,HHLLK1,24
15,FLANO,2024,2024-06-20,srhpd1,4
16,FLANO,2024,2024-06-20,srhrp1,1
17,FLANO,2024,2024-06-21,srhpd1,2
18,FLANO,2024,2024-06-21,srhrp1,13
19,FLANO,2024,2024-06-22,srhpd1,1
20,FLANO,2024,2024-06-22,srhrp1,5
21,FLANO,2024,2024-06-23,HHLLK1,29
22,FLANO,2024,2024-06-23,srhpd1,1
23,FLANO,2024,2024-06-24,HHLLK1,59
24,FLANO,2024,2024-06-24,srhms2,1
25,FLANO,2024,2024-06-24,srhpd1,3
26,FLANO,2024,2024-06-24,srhrp1,2
27,FLANO,2024,2024-06-25,HHLLK1,15
28,FLANO,2024,2024-06-25,srhbe2,2
29,FLANO,2024,2024-06-25,srhrp1,1
30,FLANO,2024,2024-06-26,HHLLK1,20
31,FLANO,2024,2024-06-26,HHLMS1,1
32,FLANO,2024,2024-06-26,srhpd1,4
33,FLANO,2024,2024-06-26,srhrp1,1
34,FLANO,2024,2024-06-27,srhpd1,1
35,FLANO,2024,2024-07-07,yktpd1,1
36,FLANO,2024,2024-07-07,yktsb1,1
37,FLANO,2024,2024-07-09,STKRP2,3
38,FLANO,2024,2024-07-10,STKRP2,1
39,FLANO,2024,2024-07-11,STKRP2,18
40,FLANO,2024,2024-07-12,STKRP2,3
41,FLANO,2024,2024-07-14,STKRP2,7
42,FLANO,2024,2024-07-15,STKRP2,1
43,FLANO,2024,2024-07-16,Transects,1
44,FLANO,2024,2024-07-17,STKRP2,9
45,FLANO,2024,2024-07-18,STKRP2,8
46,FLANO,2024,2024-08-02,STKPD1,1
47,FMYCA,2024,2024-06-12,foorp1,2
48,FMYCA,2024,2024-06-13,foofr2,1
49,FMYCA,2024,2024-06-13,foorp1,2
50,FMYCA,2024,2024-06-14,HHLFR1,1
51,FMYCA,2024,2024-06-14,HHLLK1,1
52,FMYCA,2024,2024-06-14,HHLMS1,2
53,FMYCA,2024,2024-06-14,foorp1,1
54,FMYCA,2024,2024-06-15,HHLFR1,1
55,FMYCA,2024,2024-06-15,foopd1,1
56,FMYCA,2024,2024-06-15,foorp1,2
57,FMYCA,2024,2024-06-16,HHLFR1,5
58,FMYCA,2024,2024-06-16,foofr2,1
59,FMYCA,2024,2024-06-16,foopd1,1
60,FMYCA,2024,2024-06-17,HHLFR1,2
61,FMYCA,2024,2024-06-17,foofr2,2
62,FMYCA,2024,2024-06-17,foorp1,5
63,FMYCA,2024,2024-06-18,HHLFR1,5
64,FMYCA,2024,2024-06-18,HHLMS1,1
65,FMYCA,2024,2024-06-18,foofr2,1
66,FMYCA,2024,2024-06-18,foopd1,3
67,FMYCA,2024,2024-06-18,foorp1,6
68,FMYCA,2024,2024-06-18,srhpd1,2
69,FMYCA,2024,2024-06-18,srhrp1,1
70,FMYCA,2024,2024-06-19,HHLFR1,4
71,FMYCA,2024,2024-06-19,foorp1,7
72,FMYCA,2024,2024-06-19,srhrp1,1
73,FMYCA,2024,2024-06-20,HHLFR1,9
74,FMYCA,2024,2024-06-20,HHLLK1,1
75,FMYCA,2024,2024-06-20,foofr2,1
76,FMYCA,2024,2024-06-20,fooms1,1
77,FMYCA,2024,2024-06-20,foorp1,13
78,FMYCA,2024,2024-06-20,srhpd1,1
79,FMYCA,2024,2024-06-20,srhrp1,2
80,FMYCA,2024,2024-06-21,HHLFR1,2
81,FMYCA,2024,2024-06-21,foopd1,1
82,FMYCA,2024,2024-06-21,foorp1,10
83,FMYCA,2024,2024-06-21,srhbe2,1
84,FMYCA,2024,2024-06-21,srhpd1,2
85,FMYCA,2024,2024-06-21,srhrp1,2
86,FMYCA,2024,2024-06-22,HHLFR1,19
87,FMYCA,2024,2024-06-22,foofr2,1
88,FMYCA,2024,2024-06-22,srhpd1,1
89,FMYCA,2024,2024-06-22,srhrp1,3
90,FMYCA,2024,2024-06-23,HHLFR1,13
91,FMYCA,2024,2024-06-23,foopd1,1
92,FMYCA,2024,2024-06-23,foorp1,1
93,FMYCA,2024,2024-06-23,srhpd1,1
94,FMYCA,2024,2024-06-23,srhrp1,4
95,FMYCA,2024,2024-06-24,HHLFR1,5
96,FMYCA,2024,2024-06-24,foofr2,1
97,FMYCA,2024,2024-06-24,foopd1,1
98,FMYCA,2024,2024-06-24,foorp1,3
99,FMYCA,2024,2024-06-24,srhrp1,3
100,FMYCA,2024,2024-06-25,HHLFR1,11
101,FMYCA,2024,2024-06-25,JNU1-mvafr1,1
102,FMYCA,2024,2024-06-25,foofr2,1
103,FMYCA,2024,2024-06-25,foopd1,1
104,FMYCA,2024,2024-06-25,foorp1,3
105,FMYCA,2024,2024-06-25,hnhbe2,1
106,FMYCA,2024,2024-06-25,srhpd1,1
107,FMYCA,2024,2024-06-25,srhrp1,2
108,FMYCA,2024,2024-06-25,yktmd1,1
109,FMYCA,2024,2024-06-25,yktpd1,234
110,FMYCA,2024,2024-06-26,HHLFR1,10
111,FMYCA,2024,2024-06-26,JNU1-mvafr1,1
112,FMYCA,2024,2024-06-26,foofr2,2
113,FMYCA,2024,2024-06-26,foorp1,1
114,FMYCA,2024,2024-06-26,srhpd1,1
115,FMYCA,2024,2024-06-26,srhrp1,1
116,FMYCA,2024,2024-06-26,yktpd1,231
117,FMYCA,2024,2024-06-27,JNU2-mvalk1,1
118,FMYCA,2024,2024-06-27,foorp1,3
119,FMYCA,2024,2024-06-27,hnhbe2,1
120,FMYCA,2024,2024-06-27,srhrp1,1
121,FMYCA,2024,2024-06-27,yktpd1,232
122,FMYCA,2024,2024-06-27,yktsb1,3
123,FMYCA,2024,2024-06-28,foopd1,1
124,FMYCA,2024,2024-06-28,foorp1,3
125,FMYCA,2024,2024-06-28,yktpd1,208
126,FMYCA,2024,2024-06-28,yktsb1,2
127,FMYCA,2024,2024-06-29,foopd1,1
128,FMYCA,2024,2024-06-29,foorp1,4
129,FMYCA,2024,2024-06-29,yktpd1,221
130,FMYCA,2024,2024-06-29,yktsb1,1
131,FMYCA,2024,2024-06-30,JNU1-mvafr1,1
132,FMYCA,2024,2024-06-30,foofr2,1
133,FMYCA,2024,2024-06-30,foorp1,4
134,FMYCA,2024,2024-06-30,yktpd1,262
135,FMYCA,2024,2024-06-30,yktsb1,4
136,FMYCA,2024,2024-07-01,JNU4-mvapd1,4
137,FMYCA,2024,2024-07-01,foorp1,4
138,FMYCA,2024,2024-07-01,hnhfr2,1
139,FMYCA,2024,2024-07-01,yktmd1,2
140,FMYCA,2024,2024-07-01,yktpd1,250
141,FMYCA,2024,2024-07-02,Transects,2
142,FMYCA,2024,2024-07-02,foopd1,1
143,FMYCA,2024,2024-07-02,yktpd1,366
144,FMYCA,2024,2024-07-02,yktsb1,1
145,FMYCA,2024,2024-07-03,JNU4-mvapd1,1
146,FMYCA,2024,2024-07-03,yktpd1,298
147,FMYCA,2024,2024-07-03,yktsb1,1
148,FMYCA,2024,2024-07-04,JNU1-mvafr1,1
149,FMYCA,2024,2024-07-04,JNU4-mvapd1,1
150,FMYCA,2024,2024-07-04,yktmd1,4
151,FMYCA,2024,2024-07-04,yktpd1,276
152,FMYCA,2024,2024-07-04,yktsb1,2
153,FMYCA,2024,2024-07-05,JNU4-mvapd1,2
154,FMYCA,2024,2024-07-05,yktpd1,335
155,FMYCA,2024,2024-07-05,yktsb1,1
156,FMYCA,2024,2024-07-06,JNU1-mvafr1,1
157,FMYCA,2024,2024-07-06,yktpd1,267
158,FMYCA,2024,2024-07-06,yktsb1,2
159,FMYCA,2024,2024-07-07,yktmd1,1
160,FMYCA,2024,2024-07-07,yktpd1,247
161,FMYCA,2024,2024-07-07,yktsb1,2
162,FMYCA,2024,2024-07-08,JNU1-mvafr1,1
163,FMYCA,2024,2024-07-08,JNU4-mvapd1,2
164,FMYCA,2024,2024-07-08,yktpd1,167
165,FMYCA,2024,2024-07-08,yktsb1,1
166,FMYCA,2024,2024-07-09,STKPD1,1
167,FMYCA,2024,2024-07-09,STKRP2,13
168,FMYCA,2024,2024-07-09,yktpd1,104
169,FMYCA,2024,2024-07-09,yktsb1,1
170,FMYCA,2024,2024-07-10,STKRP2,65
171,FMYCA,2024,2024-07-10,yktpd1,134
172,FMYCA,2024,2024-07-10,yktsb1,1
173,FMYCA,2024,2024-07-11,STKRP2,47
174,FMYCA,2024,2024-07-11,yktpd1,1
175,FMYCA,2024,2024-07-12,STKPD1,2
176,FMYCA,2024,2024-07-12,STKRP2,64
177,FMYCA,2024,2024-07-12,yktpd1,128
178,FMYCA,2024,2024-07-13,STKRP2,2
179,FMYCA,2024,2024-07-14,STKPD1,1
180,FMYCA,2024,2024-07-14,STKRP2,40
181,FMYCA,2024,2024-07-15,STKRP2,72
182,FMYCA,2024,2024-07-16,STKRP2,7
183,FMYCA,2024,2024-07-17,STKRP2,34
184,FMYCA,2024,2024-07-18,STKRP2,29
185,FMYCA,2024,2024-07-18,Transects,1
186,FMYCA,2024,2024-07-18,yktsb1,1
187,FMYCA,2024,2024-07-20,STKMS2,1
188,FMYCA,2024,2024-07-27,yktsb1,1
189,FMYEV,2024,2024-06-12,foorp1,1
190,FMYEV,2024,2024-06-14,foofr2,1
191,FMYEV,2024,2024-06-14,foopd1,3
192,FMYEV,2024,2024-06-15,foopd1,8
193,FMYEV,2024,2024-06-16,foofr2,1
194,FMYEV,2024,2024-06-16,foopd1,20
195,FMYEV,2024,2024-06-16,foorp1,2
196,FMYEV,2024,2024-06-17,foofr2,2
197,FMYEV,2024,2024-06-17,foopd1,5
198,FMYEV,2024,2024-06-17,foorp1,2
199,FMYEV,2024,2024-06-18,foopd1,6
200,FMYEV,2024,2024-06-18,foorp1,2
201,FMYEV,2024,2024-06-18,srhpd1,1
202,FMYEV,2024,2024-06-18,srhrp1,5
203,FMYEV,2024,2024-06-19,foopd1,10
204,FMYEV,2024,2024-06-19,foorp1,2
205,FMYEV,2024,2024-06-19,srhpd1,1
206,FMYEV,2024,2024-06-19,srhrp1,5
207,FMYEV,2024,2024-06-20,foopd1,6
208,FMYEV,2024,2024-06-20,srhrp1,2
209,FMYEV,2024,2024-06-21,foopd1,7
210,FMYEV,2024,2024-06-21,srhrp1,1
211,FMYEV,2024,2024-06-22,foopd1,1
212,FMYEV,2024,2024-06-22,foorp1,1
213,FMYEV,2024,2024-06-22,srhms2,1
214,FMYEV,2024,2024-06-22,srhrp1,2
215,FMYEV,2024,2024-06-23,srhms2,1
216,FMYEV,2024,2024-06-23,srhrp1,1
217,FMYEV,2024,2024-06-24,foopd1,1
218,FMYEV,2024,2024-06-24,srhrp1,1
219,FMYEV,2024,2024-06-25,JNU1-mvafr1,1
220,FMYEV,2024,2024-06-25,doube2,8
221,FMYEV,2024,2024-06-25,foopd1,4
222,FMYEV,2024,2024-06-25,hnhrp1,1
223,FMYEV,2024,2024-06-25,srhpd1,1
224,FMYEV,2024,2024-06-25,srhrp1,4
225,FMYEV,2024,2024-06-26,doube2,8
226,FMYEV,2024,2024-06-26,srhbe2,1
227,FMYEV,2024,2024-06-26,srhrp1,1
228,FMYEV,2024,2024-06-27,JNU1-mvafr1,2
229,FMYEV,2024,2024-06-27,doube2,8
230,FMYEV,2024,2024-06-27,doufr1,1
231,FMYEV,2024,2024-06-27,srhrp1,3
232,FMYEV,2024,2024-06-28,JNU4-mvapd1,2
233,FMYEV,2024,2024-06-28,Transect,1
234,FMYEV,2024,2024-06-28,doufr1,1
235,FMYEV,2024,2024-06-29,doube2,1
236,FMYEV,2024,2024-06-29,doufr1,1
237,FMYEV,2024,2024-06-29,doums1,2
238,FMYEV,2024,2024-06-29,dourp1,1
239,FMYEV,2024,2024-06-29,foopd1,3
240,FMYEV,2024,2024-06-30,doube2,3
241,FMYEV,2024,2024-06-30,dourp1,1
242,FMYEV,2024,2024-07-01,JNU4-mvapd1,1
243,FMYEV,2024,2024-07-01,doube2,70
244,FMYEV,2024,2024-07-01,doufr1,2
245,FMYEV,2024,2024-07-01,foopd1,1
246,FMYEV,2024,2024-07-02,doube2,14
247,FMYEV,2024,2024-07-02,doufr1,1
248,FMYEV,2024,2024-07-02,doums1,1
249,FMYEV,2024,2024-07-03,doube2,7
250,FMYEV,2024,2024-07-04,doufr1,1
251,FMYEV,2024,2024-07-05,JNU4-mvapd1,1
252,FMYEV,2024,2024-07-05,doube2,2
253,FMYEV,2024,2024-07-06,JNU1-mvafr1,2
254,FMYEV,2024,2024-07-06,JNU4-mvapd1,2
255,FMYEV,2024,2024-07-06,Transects,1
256,FMYEV,2024,2024-07-06,doube2,2
257,FMYEV,2024,2024-07-06,doufr1,2
258,FMYEV,2024,2024-07-07,JNU1-mvafr1,1
259,FMYEV,2024,2024-07-07,doufr1,1
260,FMYEV,2024,2024-07-08,doube2,1
261,FMYEV,2024,2024-07-12,yktpd1,1
262,FMYLU,2024,2024-06-12,foopd1,1
263,FMYLU,2024,2024-06-13,foopd1,2
264,FMYLU,2024,2024-06-14,HHLLK1,13
265,FMYLU,2024,2024-06-14,foopd1,1
266,FMYLU,2024,2024-06-15,HHLLK1,5
267,FMYLU,2024,2024-06-15,Transects,2
268,FMYLU,2024,2024-06-15,foorp1,1
269,FMYLU,2024,2024-06-16,HHLLK1,6
270,FMYLU,2024,2024-06-16,foofr2,1
271,FMYLU,2024,2024-06-16,foopd1,2
272,FMYLU,2024,2024-06-16,foorp1,2
273,FMYLU,2024,2024-06-17,HHLLK1,5
274,FMYLU,2024,2024-06-17,foopd1,2
275,FMYLU,2024,2024-06-17,foorp1,2
276,FMYLU,2024,2024-06-18,HHLLK1,4
277,FMYLU,2024,2024-06-18,foofr2,1
278,FMYLU,2024,2024-06-18,fooms1,1
279,FMYLU,2024,2024-06-18,foopd1,2
280,FMYLU,2024,2024-06-18,foorp1,3
281,FMYLU,2024,2024-06-18,srhpd1,74
282,FMYLU,2024,2024-06-18,srhrp1,3
283,FMYLU,2024,2024-06-19,HHLLK1,8
284,FMYLU,2024,2024-06-19,HHLMS1,1
285,FMYLU,2024,2024-06-19,foopd1,2
286,FMYLU,2024,2024-06-19,foorp1,3
287,FMYLU,2024,2024-06-19,srhbe2,4
288,FMYLU,2024,2024-06-19,srhpd1,56
289,FMYLU,2024,2024-06-19,srhrp1,2
290,FMYLU,2024,2024-06-20,HHLFR1,1
291,FMYLU,2024,2024-06-20,HHLLK1,12
292,FMYLU,2024,2024-06-20,Transects,1
293,FMYLU,2024,2024-06-20,foofr2,1
294,FMYLU,2024,2024-06-20,foorp1,1
295,FMYLU,2024,2024-06-20,srhms2,1
296,FMYLU,2024,2024-06-20,srhpd1,53
297,FMYLU,2024,2024-06-20,srhrp1,12
298,FMYLU,2024,2024-06-21,foopd1,1
299,FMYLU,2024,2024-06-21,srhbe2,13
300,FMYLU,2024,2024-06-21,srhpd1,103
301,FMYLU,2024,2024-06-21,srhrp1,5
302,FMYLU,2024,2024-06-22,HHLMS1,1
303,FMYLU,2024,2024-06-22,foofr2,1
304,FMYLU,2024,2024-06-22,foopd1,2
305,FMYLU,2024,2024-06-22,foorp1,1
306,FMYLU,2024,2024-06-22,srhbe2,19
307,FMYLU,2024,2024-06-22,srhms2,1
308,FMYLU,2024,2024-06-22,srhpd1,113
309,FMYLU,2024,2024-06-22,srhrp1,6
310,FMYLU,2024,2024-06-23,HHLLK1,19
311,FMYLU,2024,2024-06-23,HHLMS1,1
312,FMYLU,2024,2024-06-23,srhbe2,5
313,FMYLU,2024,2024-06-23,srhpd1,89
314,FMYLU,2024,2024-06-23,srhrp1,5
315,FMYLU,2024,2024-06-24,HHLLK1,5
316,FMYLU,2024,2024-06-24,HHLMS1,1
317,FMYLU,2024,2024-06-24,foopd1,2
318,FMYLU,2024,2024-06-24,hnhrp1,1
319,FMYLU,2024,2024-06-24,srhbe2,1
320,FMYLU,2024,2024-06-24,srhpd1,86
321,FMYLU,2024,2024-06-24,srhrp1,8
322,FMYLU,2024,2024-06-25,HHLFR1,1
323,FMYLU,2024,2024-06-25,HHLLK1,6
324,FMYLU,2024,2024-06-25,JNU1-mvafr1,9
325,FMYLU,2024,2024-06-25,doube2,10
326,FMYLU,2024,2024-06-25,foopd1,5
327,FMYLU,2024,2024-06-25,hnhbe2,2
328,FMYLU,2024,2024-06-25,srhbe2,1
329,FMYLU,2024,2024-06-25,srhpd1,81
330,FMYLU,2024,2024-06-25,srhrp1,13
331,FMYLU,2024,2024-06-25,yktmd1,2
332,FMYLU,2024,2024-06-25,yktpd1,226
333,FMYLU,2024,2024-06-26,HHLLK1,4
334,FMYLU,2024,2024-06-26,JNU1-mvafr1,11
335,FMYLU,2024,2024-06-26,JNU3-mvawt2,1
336,FMYLU,2024,2024-06-26,JNU4-mvapd1,66
337,FMYLU,2024,2024-06-26,doube2,10
338,FMYLU,2024,2024-06-26,doufr1,14
339,FMYLU,2024,2024-06-26,doums1,1
340,FMYLU,2024,2024-06-26,dourp1,3
341,FMYLU,2024,2024-06-26,foofr2,1
342,FMYLU,2024,2024-06-26,foopd1,2
343,FMYLU,2024,2024-06-26,hnhbe2,1
344,FMYLU,2024,2024-06-26,srhpd1,101
345,FMYLU,2024,2024-06-26,srhrp1,13
346,FMYLU,2024,2024-06-26,yktmd1,16
347,FMYLU,2024,2024-06-26,yktpd1,271
348,FMYLU,2024,2024-06-27,JNU1-mvafr1,9
349,FMYLU,2024,2024-06-27,JNU2-mvalk1,4
350,FMYLU,2024,2024-06-27,JNU3-mvawt2,1
351,FMYLU,2024,2024-06-27,JNU4-mvapd1,78
352,FMYLU,2024,2024-06-27,doube2,3
353,FMYLU,2024,2024-06-27,doufr1,24
354,FMYLU,2024,2024-06-27,dourp1,1
355,FMYLU,2024,2024-06-27,foopd1,3
356,FMYLU,2024,2024-06-27,srhpd1,113
357,FMYLU,2024,2024-06-27,srhrp1,16
358,FMYLU,2024,2024-06-27,yktmd1,7
359,FMYLU,2024,2024-06-27,yktpd1,327
360,FMYLU,2024,2024-06-27,yktsb1,269
361,FMYLU,2024,2024-06-28,JNU1-mvafr1,5
362,FMYLU,2024,2024-06-28,JNU2-mvalk1,10
363,FMYLU,2024,2024-06-28,JNU3-mvawt2,1
364,FMYLU,2024,2024-06-28,JNU4-mvapd1,74
365,FMYLU,2024,2024-06-28,doube2,7
366,FMYLU,2024,2024-06-28,doufr1,16
367,FMYLU,2024,2024-06-28,doums1,1
368,FMYLU,2024,2024-06-28,dourp1,2
369,FMYLU,2024,2024-06-28,foopd1,1
370,FMYLU,2024,2024-06-28,foorp1,2
371,FMYLU,2024,2024-06-28,hnhbe2,1
372,FMYLU,2024,2024-06-28,yktmd1,1
373,FMYLU,2024,2024-06-28,yktpd1,296
374,FMYLU,2024,2024-06-28,yktsb1,213
375,FMYLU,2024,2024-06-29,JNU1-mvafr1,6
376,FMYLU,2024,2024-06-29,JNU2-mvalk1,5
377,FMYLU,2024,2024-06-29,JNU4-mvapd1,51
378,FMYLU,2024,2024-06-29,doube2,2
379,FMYLU,2024,2024-06-29,doufr1,13
380,FMYLU,2024,2024-06-29,doums1,1
381,FMYLU,2024,2024-06-29,dourp1,2
382,FMYLU,2024,2024-06-29,foopd1,2
383,FMYLU,2024,2024-06-29,foorp1,1
384,FMYLU,2024,2024-06-29,yktmd1,7
385,FMYLU,2024,2024-06-29,yktpd1,354
386,FMYLU,2024,2024-06-29,yktsb1,102
387,FMYLU,2024,2024-06-30,JNU1-mvafr1,3
388,FMYLU,2024,2024-06-30,JNU2-mvalk1,2
389,FMYLU,2024,2024-06-30,JNU3-mvawt2,1
390,FMYLU,2024,2024-06-30,JNU4-mvapd1,26
391,FMYLU,2024,2024-06-30,doube2,6
392,FMYLU,2024,2024-06-30,doufr1,6
393,FMYLU,2024,2024-06-30,foopd1,5
394,FMYLU,2024,2024-06-30,hnhbe2,2
395,FMYLU,2024,2024-06-30,yktmd1,6
396,FMYLU,2024,2024-06-30,yktpd1,324
397,FMYLU,2024,2024-06-30,yktsb1,237
398,FMYLU,2024,2024-07-01,JNU1-mvafr1,1
399,FMYLU,2024,2024-07-01,JNU2-mvalk1,9
400,FMYLU,2024,2024-07-01,JNU3-mvawt2,1
401,FMYLU,2024,2024-07-01,JNU4-mvapd1,12
402,FMYLU,2024,2024-07-01,doube2,4
403,FMYLU,2024,2024-07-01,doufr1,4
404,FMYLU,2024,2024-07-01,doums1,2
405,FMYLU,2024,2024-07-01,dourp1,3
406,FMYLU,2024,2024-07-01,foopd1,3
407,FMYLU,2024,2024-07-01,yktmd1,12
408,FMYLU,2024,2024-07-01,yktpd1,330
409,FMYLU,2024,2024-07-01,yktsb1,247
410,FMYLU,2024,2024-07-02,JNU1-mvafr1,2
411,FMYLU,2024,2024-07-02,JNU2-mvalk1,3
412,FMYLU,2024,2024-07-02,JNU3-mvawt2,1
413,FMYLU,2024,2024-07-02,JNU4-mvapd1,54
414,FMYLU,2024,2024-07-02,doube2,15
415,FMYLU,2024,2024-07-02,doufr1,2
416,FMYLU,2024,2024-07-02,doums1,1
417,FMYLU,2024,2024-07-02,foofr2,1
418,FMYLU,2024,2024-07-02,yktmd1,19
419,FMYLU,2024,2024-07-02,yktpd1,277
420,FMYLU,2024,2024-07-02,yktsb1,111
421,FMYLU,2024,2024-07-03,JNU1-mvafr1,7
422,FMYLU,2024,2024-07-03,JNU2-mvalk1,10
423,FMYLU,2024,2024-07-03,JNU4-mvapd1,138
424,FMYLU,2024,2024-07-03,doube2,20
425,FMYLU,2024,2024-07-03,doufr1,7
426,FMYLU,2024,2024-07-03,doums1,2
427,FMYLU,2024,2024-07-03,dourp1,1
428,FMYLU,2024,2024-07-03,foopd1,2
429,FMYLU,2024,2024-07-03,yktmd1,11
430,FMYLU,2024,2024-07-03,yktpd1,357
431,FMYLU,2024,2024-07-03,yktsb1,209
432,FMYLU,2024,2024-07-04,JNU1-mvafr1,9
433,FMYLU,2024,2024-07-04,JNU2-mvalk1,12
434,FMYLU,2024,2024-07-04,JNU3-mvawt2,1
435,FMYLU,2024,2024-07-04,JNU4-mvapd1,117
436,FMYLU,2024,2024-07-04,doube2,12
437,FMYLU,2024,2024-07-04,doufr1,6
438,FMYLU,2024,2024-07-04,doums1,4
439,FMYLU,2024,2024-07-04,yktmd1,12
440,FMYLU,2024,2024-07-04,yktpd1,387
441,FMYLU,2024,2024-07-04,yktsb1,164
442,FMYLU,2024,2024-07-05,JNU1-mvafr1,6
443,FMYLU,2024,2024-07-05,JNU2-mvalk1,11
444,FMYLU,2024,2024-07-05,JNU3-mvawt2,1
445,FMYLU,2024,2024-07-05,JNU4-mvapd1,141
446,FMYLU,2024,2024-07-05,doube2,29
447,FMYLU,2024,2024-07-05,doufr1,11
448,FMYLU,2024,2024-07-05,dourp1,3
449,FMYLU,2024,2024-07-05,foopd1,1
450,FMYLU,2024,2024-07-05,yktmd1,5
451,FMYLU,2024,2024-07-05,yktpd1,258
452,FMYLU,2024,2024-07-05,yktsb1,162
453,FMYLU,2024,2024-07-06,JNU1-mvafr1,7
454,FMYLU,2024,2024-07-06,JNU2-mvalk1,12
455,FMYLU,2024,2024-07-06,JNU4-mvapd1,97
456,FMYLU,2024,2024-07-06,Transect,1
457,FMYLU,2024,2024-07-06,Transects,3
458,FMYLU,2024,2024-07-06,doube2,61
459,FMYLU,2024,2024-07-06,doufr1,10
460,FMYLU,2024,2024-07-06,doums1,1
461,FMYLU,2024,2024-07-06,dourp1,1
462,FMYLU,2024,2024-07-06,yktmd1,2
463,FMYLU,2024,2024-07-06,yktpd1,321
464,FMYLU,2024,2024-07-06,yktsb1,202
465,FMYLU,2024,2024-07-07,JNU1-mvafr1,13
466,FMYLU,2024,2024-07-07,JNU2-mvalk1,10
467,FMYLU,2024,2024-07-07,JNU3-mvawt2,1
468,FMYLU,2024,2024-07-07,JNU4-mvapd1,17
469,FMYLU,2024,2024-07-07,doube2,4
470,FMYLU,2024,2024-07-07,doufr1,19
471,FMYLU,2024,2024-07-07,doums1,1
472,FMYLU,2024,2024-07-07,dourp1,1
473,FMYLU,2024,2024-07-07,foopd1,2
474,FMYLU,2024,2024-07-07,yktmd1,4
475,FMYLU,2024,2024-07-07,yktpd1,299
476,FMYLU,2024,2024-07-07,yktsb1,142
477,FMYLU,2024,2024-07-08,JNU1-mvafr1,24
478,FMYLU,2024,2024-07-08,JNU2-mvalk1,8
479,FMYLU,2024,2024-07-08,JNU3-mvawt2,1
480,FMYLU,2024,2024-07-08,JNU4-mvapd1,30
481,FMYLU,2024,2024-07-08,doube2,9
482,FMYLU,2024,2024-07-08,foopd1,7
483,FMYLU,2024,2024-07-08,yktmd1,1
484,FMYLU,2024,2024-07-08,yktpd1,401
485,FMYLU,2024,2024-07-08,yktsb1,200
486,FMYLU,2024,2024-07-09,STKPD1,6
487,FMYLU,2024,2024-07-09,STKRP2,3
488,FMYLU,2024,2024-07-09,yktmd1,6
489,FMYLU,2024,2024-07-09,yktpd1,317
490,FMYLU,2024,2024-07-09,yktsb1,232
491,FMYLU,2024,2024-07-10,STKMS2,8
492,FMYLU,2024,2024-07-10,STKPD1,14
493,FMYLU,2024,2024-07-10,STKRP2,9
494,FMYLU,2024,2024-07-10,yktmd1,1
495,FMYLU,2024,2024-07-10,yktpd1,264
496,FMYLU,2024,2024-07-10,yktsb1,163
497,FMYLU,2024,2024-07-11,STKPD1,5
498,FMYLU,2024,2024-07-11,STKRP2,7
499,FMYLU,2024,2024-07-11,yktpd1,4
500,FMYLU,2024,2024-07-12,STKPD1,10
501,FMYLU,2024,2024-07-12,STKRP2,16
502,FMYLU,2024,2024-07-12,yktmd1,3
503,FMYLU,2024,2024-07-12,yktpd1,171
504,FMYLU,2024,2024-07-12,yktsb1,157
505,FMYLU,2024,2024-07-13,STKRP2,1
506,FMYLU,2024,2024-07-14,STKPD1,8
507,FMYLU,2024,2024-07-14,STKRP2,15
508,FMYLU,2024,2024-07-14,yktmd1,1
509,FMYLU,2024,2024-07-15,STKPD1,1
510,FMYLU,2024,2024-07-15,STKRP2,5
511,FMYLU,2024,2024-07-15,yktmd1,13
512,FMYLU,2024,2024-07-15,yktsb1,83
513,FMYLU,2024,2024-07-16,STKRP2,1
514,FMYLU,2024,2024-07-16,Transects,3
515,FMYLU,2024,2024-07-16,yktmd1,4
516,FMYLU,2024,2024-07-16,yktsb1,24
517,FMYLU,2024,2024-07-17,STKMS2,6
518,FMYLU,2024,2024-07-17,STKRP2,4
519,FMYLU,2024,2024-07-17,yktmd1,5
520,FMYLU,2024,2024-07-17,yktsb1,23
521,FMYLU,2024,2024-07-18,STKRP2,11
522,FMYLU,2024,2024-07-18,Transects,7
523,FMYLU,2024,2024-07-18,yktmd1,15
524,FMYLU,2024,2024-07-18,yktsb1,20
525,FMYLU,2024,2024-07-19,STKPD1,1
526,FMYLU,2024,2024-07-19,yktmd1,9
527,FMYLU,2024,2024-07-19,yktsb1,22
528,FMYLU,2024,2024-07-20,STKPD1,1
529,FMYLU,2024,2024-07-20,yktmd1,11
530,FMYLU,2024,2024-07-20,yktsb1,103
531,FMYLU,2024,2024-07-21,yktmd1,3
532,FMYLU,2024,2024-07-21,yktsb1,19
533,FMYLU,2024,2024-07-22,STKMS2,1
534,FMYLU,2024,2024-07-22,yktmd1,24
535,FMYLU,2024,2024-07-25,STKPD1,1
536,FMYLU,2024,2024-07-26,STKPD1,1
537,FMYLU,2024,2024-07-26,yktsb1,2
538,FMYLU,2024,2024-07-27,yktsb1,22
539,FMYLU,2024,2024-07-28,yktsb1,28
540,FMYLU,2024,2024-07-30,STKPD1,1
541,FMYLU,2024,2024-07-30,yktsb1,10
542,FMYLU,2024,2024-08-03,STKPD1,1
543,FMYLU,2024,2024-08-04,STKPD1,2
544,FMYLU,2024,2024-08-06,STKMS2,1
545,FMYLU,2024,2024-08-06,STKPD1,2
546,FMYLU,2024,2024-08-07,STKPD1,2
547,FMYVO,2024,2024-06-12,foopd1,1
548,FMYVO,2024,2024-06-12,foorp1,2
549,FMYVO,2024,2024-06-14,HHLFR1,3
550,FMYVO,2024,2024-06-14,HHLLK1,26
551,FMYVO,2024,2024-06-14,HHLMS1,3
552,FMYVO,2024,2024-06-14,foofr2,4
553,FMYVO,2024,2024-06-14,fooms1,1
554,FMYVO,2024,2024-06-14,foopd1,1
555,FMYVO,2024,2024-06-15,HHLFR1,3
556,FMYVO,2024,2024-06-15,HHLLK1,4
557,FMYVO,2024,2024-06-15,HHLMS1,3
558,FMYVO,2024,2024-06-15,foopd1,1
559,FMYVO,2024,2024-06-15,foorp1,2
560,FMYVO,2024,2024-06-16,HHLFR1,3
561,FMYVO,2024,2024-06-16,HHLLK1,28
562,FMYVO,2024,2024-06-16,HHLMS1,4
563,FMYVO,2024,2024-06-16,foofr2,4
564,FMYVO,2024,2024-06-16,foorp1,5
565,FMYVO,2024,2024-06-17,HHLLK1,21
566,FMYVO,2024,2024-06-17,Transects,2
567,FMYVO,2024,2024-06-17,fooms1,1
568,FMYVO,2024,2024-06-17,foopd1,2
569,FMYVO,2024,2024-06-17,foorp1,1
570,FMYVO,2024,2024-06-18,HHLFR1,2
571,FMYVO,2024,2024-06-18,HHLLK1,6
572,FMYVO,2024,2024-06-18,HHLMS1,1
573,FMYVO,2024,2024-06-18,foofr2,2
574,FMYVO,2024,2024-06-18,foopd1,1
575,FMYVO,2024,2024-06-18,foorp1,1
576,FMYVO,2024,2024-06-18,srhpd1,30
577,FMYVO,2024,2024-06-18,srhrp1,8
578,FMYVO,2024,2024-06-19,HHLFR1,4
579,FMYVO,2024,2024-06-19,HHLLK1,22
580,FMYVO,2024,2024-06-19,HHLMS1,1
581,FMYVO,2024,2024-06-19,fooms1,1
582,FMYVO,2024,2024-06-19,foopd1,1
583,FMYVO,2024,2024-06-19,foorp1,1
584,FMYVO,2024,2024-06-19,srhbe2,1
585,FMYVO,2024,2024-06-19,srhpd1,70
586,FMYVO,2024,2024-06-19,srhrp1,1
587,FMYVO,2024,2024-06-20,HHLFR1,3
588,FMYVO,2024,2024-06-20,HHLLK1,8
589,FMYVO,2024,2024-06-20,HHLMS1,1
590,FMYVO,2024,2024-06-20,Transects,4
591,FMYVO,2024,2024-06-20,foopd1,1
592,FMYVO,2024,2024-06-20,srhbe2,1
593,FMYVO,2024,2024-06-20,srhms2,1
594,FMYVO,2024,2024-06-20,srhpd1,21
595,FMYVO,2024,2024-06-20,srhrp1,3
596,FMYVO,2024,2024-06-20,tllrp2,13
597,FMYVO,2024,2024-06-21,HHLFR1,1
598,FMYVO,2024,2024-06-21,HHLMS1,1
599,FMYVO,2024,2024-06-21,foopd1,2
600,FMYVO,2024,2024-06-21,srhbe2,39
601,FMYVO,2024,2024-06-21,srhpd1,78
602,FMYVO,2024,2024-06-21,srhrp1,1
603,FMYVO,2024,2024-06-21,tllrp2,1
604,FMYVO,2024,2024-06-22,HHLFR1,10
605,FMYVO,2024,2024-06-22,foorp1,1
606,FMYVO,2024,2024-06-22,srhbe2,30
607,FMYVO,2024,2024-06-22,srhms2,1
608,FMYVO,2024,2024-06-22,srhpd1,25
609,FMYVO,2024,2024-06-22,srhrp1,1
610,FMYVO,2024,2024-06-22,tllms1,1
611,FMYVO,2024,2024-06-22,tllrp2,2
612,FMYVO,2024,2024-06-23,HHLFR1,4
613,FMYVO,2024,2024-06-23,HHLLK1,16
614,FMYVO,2024,2024-06-23,foopd1,1
615,FMYVO,2024,2024-06-23,srhbe2,4
616,FMYVO,2024,2024-06-23,srhms2,2
617,FMYVO,2024,2024-06-23,srhpd1,23
618,FMYVO,2024,2024-06-23,srhrp1,15
619,FMYVO,2024,2024-06-24,HHLFR1,1
620,FMYVO,2024,2024-06-24,HHLLK1,9
621,FMYVO,2024,2024-06-24,HHLMS1,1
622,FMYVO,2024,2024-06-24,foofr2,2
623,FMYVO,2024,2024-06-24,srhbe2,4
624,FMYVO,2024,2024-06-24,srhpd1,16
625,FMYVO,2024,2024-06-24,srhrp1,10
626,FMYVO,2024,2024-06-24,tllms1,1
627,FMYVO,2024,2024-06-24,tllrp2,2
628,FMYVO,2024,2024-06-25,HHLFR1,3
629,FMYVO,2024,2024-06-25,HHLLK1,10
630,FMYVO,2024,2024-06-25,HHLMS1,3
631,FMYVO,2024,2024-06-25,JNU1-mvafr1,1
632,FMYVO,2024,2024-06-25,Transects,6
633,FMYVO,2024,2024-06-25,foofr2,1
634,FMYVO,2024,2024-06-25,srhbe2,1
635,FMYVO,2024,2024-06-25,srhms2,3
636,FMYVO,2024,2024-06-25,srhpd1,21
637,FMYVO,2024,2024-06-25,srhrp1,7
638,FMYVO,2024,2024-06-25,tllms1,1
639,FMYVO,2024,2024-06-25,yktpd1,7
640,FMYVO,2024,2024-06-26,HHLFR1,9
641,FMYVO,2024,2024-06-26,HHLLK1,6
642,FMYVO,2024,2024-06-26,Transects,3
643,FMYVO,2024,2024-06-26,foofr2,2
644,FMYVO,2024,2024-06-26,foopd1,1
645,FMYVO,2024,2024-06-26,srhbe2,1
646,FMYVO,2024,2024-06-26,srhpd1,46
647,FMYVO,2024,2024-06-26,srhrp1,10
648,FMYVO,2024,2024-06-26,tllms1,1
649,FMYVO,2024,2024-06-26,yktpd1,8
650,FMYVO,2024,2024-06-27,JNU2-mvalk1,2
651,FMYVO,2024,2024-06-27,Transects,8
652,FMYVO,2024,2024-06-27,foopd1,1
653,FMYVO,2024,2024-06-27,hnhbe2,1
654,FMYVO,2024,2024-06-27,srhpd1,51
655,FMYVO,2024,2024-06-27,srhrp1,9
656,FMYVO,2024,2024-06-27,yktpd1,1
657,FMYVO,2024,2024-06-27,yktsb1,12
658,FMYVO,2024,2024-06-28,JNU1-mvafr1,1
659,FMYVO,2024,2024-06-28,foofr2,3
660,FMYVO,2024,2024-06-28,foopd1,1
661,FMYVO,2024,2024-06-28,foorp1,2
662,FMYVO,2024,2024-06-28,tllms1,1
663,FMYVO,2024,2024-06-28,yktpd1,4
664,FMYVO,2024,2024-06-28,yktsb1,12
665,FMYVO,2024,2024-06-29,JNU2-mvalk1,1
666,FMYVO,2024,2024-06-29,yktpd1,3
667,FMYVO,2024,2024-06-29,yktsb1,11
668,FMYVO,2024,2024-06-30,foofr2,2
669,FMYVO,2024,2024-06-30,yktpd1,3
670,FMYVO,2024,2024-06-30,yktsb1,26
671,FMYVO,2024,2024-07-01,foopd1,1
672,FMYVO,2024,2024-07-01,yktpd1,3
673,FMYVO,2024,2024-07-01,yktsb1,18
674,FMYVO,2024,2024-07-02,JNU2-mvalk1,1
675,FMYVO,2024,2024-07-02,doube2,3
676,FMYVO,2024,2024-07-02,foopd1,1
677,FMYVO,2024,2024-07-02,yktpd1,21
678,FMYVO,2024,2024-07-02,yktsb1,32
679,FMYVO,2024,2024-07-03,doube2,12
680,FMYVO,2024,2024-07-03,tllfr2,1
681,FMYVO,2024,2024-07-03,tllms1,1
682,FMYVO,2024,2024-07-03,yktpd1,6
683,FMYVO,2024,2024-07-03,yktsb1,24
684,FMYVO,2024,2024-07-04,doube2,8
685,FMYVO,2024,2024-07-04,foopd1,1
686,FMYVO,2024,2024-07-04,tllms1,2
687,FMYVO,2024,2024-07-04,yktmd1,2
688,FMYVO,2024,2024-07-04,yktpd1,1
689,FMYVO,2024,2024-07-04,yktsb1,27
690,FMYVO,2024,2024-07-05,doube2,24
691,FMYVO,2024,2024-07-05,foopd1,1
692,FMYVO,2024,2024-07-05,tllfr2,1
693,FMYVO,2024,2024-07-05,yktpd1,62
694,FMYVO,2024,2024-07-05,yktsb1,51
695,FMYVO,2024,2024-07-06,Transect,1
696,FMYVO,2024,2024-07-06,doube2,10
697,FMYVO,2024,2024-07-06,tllfr2,1
698,FMYVO,2024,2024-07-06,tllms1,1
699,FMYVO,2024,2024-07-06,yktpd1,3
700,FMYVO,2024,2024-07-06,yktsb1,32
701,FMYVO,2024,2024-07-07,JNU4-mvapd1,1
702,FMYVO,2024,2024-07-07,Transects,3
703,FMYVO,2024,2024-07-07,doube2,3
704,FMYVO,2024,2024-07-07,foopd1,1
705,FMYVO,2024,2024-07-07,tllms1,1
706,FMYVO,2024,2024-07-07,yktpd1,1
707,FMYVO,2024,2024-07-07,yktsb1,21
708,FMYVO,2024,2024-07-08,doube2,4
709,FMYVO,2024,2024-07-08,foopd1,1
710,FMYVO,2024,2024-07-08,yktpd1,1
711,FMYVO,2024,2024-07-08,yktsb1,24
712,FMYVO,2024,2024-07-09,yktpd1,1
713,FMYVO,2024,2024-07-09,yktsb1,37
714,FMYVO,2024,2024-07-10,yktpd1,24
715,FMYVO,2024,2024-07-10,yktsb1,26
716,FMYVO,2024,2024-07-12,yktpd1,58
717,FMYVO,2024,2024-07-12,yktsb1,49
718,FMYVO,2024,2024-07-14,yktsb1,1
719,FMYVO,2024,2024-07-15,yktsb1,4
720,FMYVO,2024,2024-07-16,yktsb1,2
721,FMYVO,2024,2024-07-17,STKMS2,1
722,FMYVO,2024,2024-07-17,yktsb1,2
723,FMYVO,2024,2024-07-18,yktsb1,21
724,FMYVO,2024,2024-07-20,yktsb1,4
725,FMYVO,2024,2024-07-21,yktsb1,3
726,FMYVO,2024,2024-07-27,yktsb1,3
727,FMYVO,2024,2024-07-28,yktsb1,9
728,FMYVO,2024,2024-07-30,yktsb1,3
729,FMYYU,2024,2024-06-26,HHLLK1,1
730,HIF,2024,2024-06-25,yktpd1,1
731,HIF,2024,2024-06-26,yktpd1,3
732,HIF,2024,2024-06-27,yktsb1,11
733,HIF,2024,2024-06-28,yktpd1,3
734,HIF,2024,2024-06-28,yktsb1,32
735,HIF,2024,2024-06-29,yktpd1,1
736,HIF,2024,2024-06-29,yktsb1,19
737,HIF,2024,2024-06-30,yktpd1,2
738,HIF,2024,2024-06-30,yktsb1,19
739,HIF,2024,2024-07-01,yktpd1,1
740,HIF,2024,2024-07-01,yktsb1,25
741,HIF,2024,2024-07-02,yktsb1,15
742,HIF,2024,2024-07-03,yktpd1,1
743,HIF,2024,2024-07-03,yktsb1,10
744,HIF,2024,2024-07-04,yktpd1,1
745,HIF,2024,2024-07-04,yktsb1,15
746,HIF,2024,2024-07-05,yktpd1,1
747,HIF,2024,2024-07-05,yktsb1,22
748,HIF,2024,2024-07-06,yktsb1,17
749,HIF,2024,2024-07-07,yktpd1,1
750,HIF,2024,2024-07-07,yktsb1,15
751,HIF,2024,2024-07-08,yktpd1,2
752,HIF,2024,2024-07-08,yktsb1,7
753,HIF,2024,2024-07-09,yktpd1,2
754,HIF,2024,2024-07-09,yktsb1,28
755,HIF,2024,2024-07-10,yktpd1,4
756,HIF,2024,2024-07-10,yktsb1,8
757,HIF,2024,2024-07-12,yktpd1,4
758,HIF,2024,2024-07-12,yktsb1,12
759,HIF,2024,2024-07-15,yktmd1,1
760,HIF,2024,2024-07-15,yktsb1,3
761,HIF,2024,2024-07-18,yktsb1,2
762,HIF,2024,2024-07-19,yktsb1,1
763,HIF,2024,2024-07-20,yktsb1,5
764,HIF,2024,2024-07-21,yktsb1,1
765,HIF,2024,2024-07-22,yktmd1,1
766,HIF,2024,2024-07-27,yktsb1,5
767,HIF,2024,2024-07-28,yktsb1,4
768,HIF,2024,2024-07-30,yktsb1,1
769,LACI,2024,2024-06-14,hhlms1-SM,1
770,LACI,2024,2024-06-14,hhlrp1,3
771,LACI,2024,2024-06-20,srhrp1,2
772,LACI,2024,2024-06-21,tllfr2,1
773,LACI,2024,2024-06-23,hhlrp1,4
774,LACI,2024,2024-06-24,hhlrp1,3
775,LACI,2024,2024-06-25,hhlrp1,2
776,LACI,2024,2024-06-26,hhlrp1,1
777,LACI,2024,2024-07-02,tllfr2,1
778,LACI,2024,2024-07-12,stkbe3,1
779,LACI,2024,2024-07-28,stkbe3,2
780,LACILANO,2024,2024-06-23,hhlrp1,1
781,LANO,2024,2024-06-14,HHLLK1,21
782,LANO,2024,2024-06-14,hhllk1-SM,34
783,LANO,2024,2024-06-14,hhlrp1,36
784,LANO,2024,2024-06-14,hhlrp1-SM,3
785,LANO,2024,2024-06-15,HHLLK1,11
786,LANO,2024,2024-06-15,hhllk1-SM,5
787,LANO,2024,2024-06-15,hhlrp1,1
788,LANO,2024,2024-06-16,HHLLK1,61
789,LANO,2024,2024-06-16,hhllk1-SM,56
790,LANO,2024,2024-06-16,hhlms1-SM,1
791,LANO,2024,2024-06-16,hhlrp1,3
792,LANO,2024,2024-06-17,HHLLK1,103
793,LANO,2024,2024-06-17,hhllk1-SM,91
794,LANO,2024,2024-06-17,hhlms1-SM,1
795,LANO,2024,2024-06-17,hhlrp1,2
796,LANO,2024,2024-06-18,HHLLK1,28
797,LANO,2024,2024-06-18,hhllk1-SM,24
798,LANO,2024,2024-06-18,hhlms1-SM,1
799,LANO,2024,2024-06-18,hhlrp1,18
800,LANO,2024,2024-06-18,hhlrp1-SM,3
801,LANO,2024,2024-06-18,srhbe2,1
802,LANO,2024,2024-06-18,srhms2-SM,1
803,LANO,2024,2024-06-18,srhpd1,1
804,LANO,2024,2024-06-18,srhrp1,11
805,LANO,2024,2024-06-19,HHLLK1,38
806,LANO,2024,2024-06-19,hhllk1-SM,22
807,LANO,2024,2024-06-19,hhlrp1,2
808,LANO,2024,2024-06-19,srhrp1,7
809,LANO,2024,2024-06-20,HHLLK1,127
810,LANO,2024,2024-06-20,hhllk1-SM,112
811,LANO,2024,2024-06-20,hhlrp1,8
812,LANO,2024,2024-06-20,srhms2-SM,1
813,LANO,2024,2024-06-20,srhpd1,6
814,LANO,2024,2024-06-20,srhrp1,2
815,LANO,2024,2024-06-21,srhrp1,39
816,LANO,2024,2024-06-22,hhlrp1,1
817,LANO,2024,2024-06-22,srhms2-SM,1
818,LANO,2024,2024-06-22,srhpd1,1
819,LANO,2024,2024-06-22,srhrp1,13
820,LANO,2024,2024-06-22,tlllk2,1
821,LANO,2024,2024-06-23,HHLLK1,47
822,LANO,2024,2024-06-23,hhllk1-SM,34
823,LANO,2024,2024-06-23,hhlrp1,96
824,LANO,2024,2024-06-23,srhms2-SM,1
825,LANO,2024,2024-06-23,srhpd1,1
826,LANO,2024,2024-06-23,srhrp1,9
827,LANO,2024,2024-06-24,HHLLK1,251
828,LANO,2024,2024-06-24,hhllk1-SM,184
829,LANO,2024,2024-06-24,hhlrp1,36
830,LANO,2024,2024-06-24,hhlrp1-SM,1
831,LANO,2024,2024-06-24,srhms2-SM,2
832,LANO,2024,2024-06-24,srhpd1,3
833,LANO,2024,2024-06-24,srhrp1,9
834,LANO,2024,2024-06-25,HHLLK1,28
835,LANO,2024,2024-06-25,hhllk1-SM,12
836,LANO,2024,2024-06-25,hhlrp1,36
837,LANO,2024,2024-06-25,hhlrp1-SM,1
838,LANO,2024,2024-06-25,srhms2-SM,1
839,LANO,2024,2024-06-25,srhpd1,1
840,LANO,2024,2024-06-25,srhrp1,1
841,LANO,2024,2024-06-26,HHLLK1,98
842,LANO,2024,2024-06-26,hhllk1-SM,74
843,LANO,2024,2024-06-26,hhlrp1,4
844,LANO,2024,2024-06-26,hhlrp1-SM,1
845,LANO,2024,2024-06-26,srhms2-SM,1
846,LANO,2024,2024-06-26,srhpd1,1
847,LANO,2024,2024-06-26,srhrp1,20
848,LANO,2024,2024-06-27,srhrp1,15
849,LANO,2024,2024-06-29,tlllk2,2
850,LANO,2024,2024-06-30,tlllk2,1
851,LANO,2024,2024-07-05,tlllk2,1
852,LANO,2024,2024-07-06,JNU2-mvalk1,1
853,LANO,2024,2024-07-10,stkbe3,2
854,LANO,2024,2024-07-11,STKRP2,1
855,LANO,2024,2024-07-11,stkbe3,3
856,LANO,2024,2024-07-12,stkbe3,1
857,LANO,2024,2024-07-13,STKRP2,1
858,LANO,2024,2024-07-17,stkbe3,1
859,LANO,2024,2024-07-18,stkbe3,1
860,LANO,2024,2024-07-19,stkbe3,8
861,LANO,2024,2024-07-27,stkbe3,1
862,LANO,2024,2024-07-28,stkbe3,53
863,LANOMYCA,2024,2024-06-14,hhlrp1,1
864,LANOMYCA,2024,2024-06-18,srhrp1,2
865,LANOMYCA,2024,2024-06-22,srhrp1,1
866,LANOMYEV,2024,2024-06-14,foopd1,1
867,LANOMYEV,2024,2024-06-15,foopd1,1
868,LANOMYEV,2024,2024-06-20,srhrp1,3
869,LANOMYEV,2024,2024-07-02,Transects,1
870,LANOMYLU,2024,2024-06-14,HHLLK1,1
871,LANOMYLU,2024,2024-06-17,HHLLK1,2
872,LANOMYLU,2024,2024-06-24,HHLLK1,1
873,LANOMYVO,2024,2024-06-14,HHLLK1,2
874,LANOMYVO,2024,2024-06-17,HHLLK1,1
875,LANOMYVO,2024,2024-06-19,HHLLK1,1
876,LOF,2024,2024-07-20,yktsb1,1
877,MEPFU,2024,2024-07-02,yktpd1,1
878,MLACI,2024,2024-06-27,Transects,1
879,MLANO,2024,2024-06-13,foopd1,2
880,MLANO,2024,2024-06-14,HHLLK1,50
881,MLANO,2024,2024-06-14,foopd1,15
882,MLANO,2024,2024-06-15,HHLLK1,28
883,MLANO,2024,2024-06-15,HHLMS1,1
884,MLANO,2024,2024-06-15,Transects,1
885,MLANO,2024,2024-06-15,foopd1,4
886,MLANO,2024,2024-06-16,HHLLK1,57
887,MLANO,2024,2024-06-16,HHLMS1,1
888,MLANO,2024,2024-06-16,fooms1,1
889,MLANO,2024,2024-06-16,foopd1,29
890,MLANO,2024,2024-06-17,HHLLK1,112
891,MLANO,2024,2024-06-17,HHLMS1,1
892,MLANO,2024,2024-06-17,Transects,2
893,MLANO,2024,2024-06-17,foopd1,2
894,MLANO,2024,2024-06-17,foorp1,1
895,MLANO,2024,2024-06-18,HHLLK1,22
896,MLANO,2024,2024-06-18,HHLMS1,1
897,MLANO,2024,2024-06-18,fooms1,1
898,MLANO,2024,2024-06-18,foopd1,6
899,MLANO,2024,2024-06-18,foorp1,1
900,MLANO,2024,2024-06-18,srhpd1,28
901,MLANO,2024,2024-06-18,srhrp1,16
902,MLANO,2024,2024-06-19,HHLLK1,31
903,MLANO,2024,2024-06-19,fooms1,1
904,MLANO,2024,2024-06-19,srhpd1,8
905,MLANO,2024,2024-06-19,srhrp1,5
906,MLANO,2024,2024-06-20,HHLLK1,142
907,MLANO,2024,2024-06-20,Transects,4
908,MLANO,2024,2024-06-20,srhbe2,1
909,MLANO,2024,2024-06-20,srhpd1,28
910,MLANO,2024,2024-06-20,srhrp1,13
911,MLANO,2024,2024-06-21,srhpd1,11
912,MLANO,2024,2024-06-21,srhrp1,40
913,MLANO,2024,2024-06-21,tllrp2,3
914,MLANO,2024,2024-06-22,srhbe2,4
915,MLANO,2024,2024-06-22,srhpd1,7
916,MLANO,2024,2024-06-22,srhrp1,13
917,MLANO,2024,2024-06-22,tllrp2,9
918,MLANO,2024,2024-06-23,HHLLK1,40
919,MLANO,2024,2024-06-23,HHLMS1,1
920,MLANO,2024,2024-06-23,srhbe2,2
921,MLANO,2024,2024-06-23,srhpd1,18
922,MLANO,2024,2024-06-23,srhrp1,13
923,MLANO,2024,2024-06-24,HHLLK1,209
924,MLANO,2024,2024-06-24,foopd1,2
925,MLANO,2024,2024-06-24,hnhbe2,5
926,MLANO,2024,2024-06-24,srhbe2,2
927,MLANO,2024,2024-06-24,srhpd1,28
928,MLANO,2024,2024-06-24,srhrp1,11
929,MLANO,2024,2024-06-25,HHLLK1,27
930,MLANO,2024,2024-06-25,JNU1-mvafr1,1
931,MLANO,2024,2024-06-25,Transects,5
932,MLANO,2024,2024-06-25,doube2,1
933,MLANO,2024,2024-06-25,hnhbe2,4
934,MLANO,2024,2024-06-25,srhbe2,1
935,MLANO,2024,2024-06-25,srhms2,1
936,MLANO,2024,2024-06-25,srhpd1,6
937,MLANO,2024,2024-06-26,HHLLK1,93
938,MLANO,2024,2024-06-26,foopd1,1
939,MLANO,2024,2024-06-26,hnhbe2,1
940,MLANO,2024,2024-06-26,srhbe2,1
941,MLANO,2024,2024-06-26,srhpd1,19
942,MLANO,2024,2024-06-26,srhrp1,27
943,MLANO,2024,2024-06-27,JNU1-mvafr1,2
944,MLANO,2024,2024-06-27,JNU4-mvapd1,1
945,MLANO,2024,2024-06-27,foopd1,1
946,MLANO,2024,2024-06-27,hnhbe2,1
947,MLANO,2024,2024-06-27,srhpd1,8
948,MLANO,2024,2024-06-27,srhrp1,9
949,MLANO,2024,2024-06-28,JNU2-mvalk1,2
950,MLANO,2024,2024-06-28,Transect,4
951,MLANO,2024,2024-06-28,hnhrp1,1
952,MLANO,2024,2024-06-29,foofr2,1
953,MLANO,2024,2024-06-29,hnhrp1,1
954,MLANO,2024,2024-06-30,JNU1-mvafr1,1
955,MLANO,2024,2024-06-30,doube2,1
956,MLANO,2024,2024-06-30,hnhbe2,4
957,MLANO,2024,2024-07-01,JNU1-mvafr1,2
958,MLANO,2024,2024-07-01,Transects,10
959,MLANO,2024,2024-07-02,JNU1-mvafr1,2
960,MLANO,2024,2024-07-02,JNU2-mvalk1,5
961,MLANO,2024,2024-07-02,doums1,7
962,MLANO,2024,2024-07-02,dourp1,1
963,MLANO,2024,2024-07-03,JNU1-mvafr1,4
964,MLANO,2024,2024-07-05,JNU1-mvafr1,5
965,MLANO,2024,2024-07-05,JNU4-mvapd1,1
966,MLANO,2024,2024-07-06,JNU1-mvafr1,1
967,MLANO,2024,2024-07-06,JNU2-mvalk1,11
968,MLANO,2024,2024-07-06,Transect,3
969,MLANO,2024,2024-07-06,Transects,3
970,MLANO,2024,2024-07-07,JNU2-mvalk1,3
971,MLANO,2024,2024-07-07,JNU4-mvapd1,2
972,MLANO,2024,2024-07-08,JNU2-mvalk1,3
973,MLANO,2024,2024-07-08,JNU4-mvapd1,1
974,MLANO,2024,2024-07-09,STKRP2,2
975,MLANO,2024,2024-07-09,yktpd1,1
976,MLANO,2024,2024-07-10,STKRP2,19
977,MLANO,2024,2024-07-11,STKRP2,99
978,MLANO,2024,2024-07-12,STKRP2,46
979,MLANO,2024,2024-07-14,STKRP2,6
980,MLANO,2024,2024-07-15,STKRP2,11
981,MLANO,2024,2024-07-16,STKRP2,4
982,MLANO,2024,2024-07-17,STKRP2,12
983,MLANO,2024,2024-07-18,STKRP2,42
984,MLANO,2024,2024-08-03,STKPD1,1
985,MLANO,2024,2024-08-05,STKMS2,1
986,MMYCA,2024,2024-06-12,foopd1,3
987,MMYCA,2024,2024-06-12,foorp1,5
988,MMYCA,2024,2024-06-13,foopd1,2
989,MMYCA,2024,2024-06-13,foorp1,3
990,MMYCA,2024,2024-06-14,HHLFR1,19
991,MMYCA,2024,2024-06-14,HHLLK1,2
992,MMYCA,2024,2024-06-14,foopd1,2
993,MMYCA,2024,2024-06-15,HHLFR1,11
994,MMYCA,2024,2024-06-15,HHLLK1,1
995,MMYCA,2024,2024-06-15,Transects,1
996,MMYCA,2024,2024-06-15,foofr2,3
997,MMYCA,2024,2024-06-15,foopd1,1
998,MMYCA,2024,2024-06-15,foorp1,7
999,MMYCA,2024,2024-06-16,HHLFR1,21
1000,MMYCA,2024,2024-06-16,HHLLK1,1
1001,MMYCA,2024,2024-06-16,foofr2,2
1002,MMYCA,2024,2024-06-16,foopd1,2
1003,MMYCA,2024,2024-06-16,foorp1,3
1004,MMYCA,2024,2024-06-17,HHLFR1,20
1005,MMYCA,2024,2024-06-17,Transects,1
1006,MMYCA,2024,2024-06-17,foofr2,1
1007,MMYCA,2024,2024-06-17,foopd1,2
1008,MMYCA,2024,2024-06-17,foorp1,5
1009,MMYCA,2024,2024-06-18,HHLFR1,21
1010,MMYCA,2024,2024-06-18,HHLMS1,1
1011,MMYCA,2024,2024-06-18,fooms1,5
1012,MMYCA,2024,2024-06-18,foopd1,2
1013,MMYCA,2024,2024-06-18,foorp1,7
1014,MMYCA,2024,2024-06-18,srhpd1,11
1015,MMYCA,2024,2024-06-18,srhrp1,30
1016,MMYCA,2024,2024-06-19,HHLFR1,23
1017,MMYCA,2024,2024-06-19,HHLLK1,3
1018,MMYCA,2024,2024-06-19,HHLMS1,1
1019,MMYCA,2024,2024-06-19,foorp1,5
1020,MMYCA,2024,2024-06-19,srhbe2,2
1021,MMYCA,2024,2024-06-19,srhms2,2
1022,MMYCA,2024,2024-06-19,srhpd1,6
1023,MMYCA,2024,2024-06-19,srhrp1,24
1024,MMYCA,2024,2024-06-20,HHLFR1,31
1025,MMYCA,2024,2024-06-20,HHLLK1,2
1026,MMYCA,2024,2024-06-20,HHLMS1,3
1027,MMYCA,2024,2024-06-20,foorp1,12
1028,MMYCA,2024,2024-06-20,srhbe2,1
1029,MMYCA,2024,2024-06-20,srhms2,2
1030,MMYCA,2024,2024-06-20,srhpd1,13
1031,MMYCA,2024,2024-06-20,srhrp1,16
1032,MMYCA,2024,2024-06-20,tllrp2,76
1033,MMYCA,2024,2024-06-21,HHLFR1,4
1034,MMYCA,2024,2024-06-21,HHLMS1,1
1035,MMYCA,2024,2024-06-21,foorp1,11
1036,MMYCA,2024,2024-06-21,srhbe2,15
1037,MMYCA,2024,2024-06-21,srhpd1,13
1038,MMYCA,2024,2024-06-21,srhrp1,8
1039,MMYCA,2024,2024-06-21,tllfr2,1
1040,MMYCA,2024,2024-06-21,tllrp2,25
1041,MMYCA,2024,2024-06-22,HHLFR1,22
1042,MMYCA,2024,2024-06-22,HHLMS1,1
1043,MMYCA,2024,2024-06-22,foorp1,2
1044,MMYCA,2024,2024-06-22,srhbe2,12
1045,MMYCA,2024,2024-06-22,srhms2,8
1046,MMYCA,2024,2024-06-22,srhpd1,6
1047,MMYCA,2024,2024-06-22,srhrp1,19
1048,MMYCA,2024,2024-06-22,tllfr2,1
1049,MMYCA,2024,2024-06-22,tllrp2,18
1050,MMYCA,2024,2024-06-23,HHLFR1,13
1051,MMYCA,2024,2024-06-23,foopd1,1
1052,MMYCA,2024,2024-06-23,srhbe2,3
1053,MMYCA,2024,2024-06-23,srhpd1,15
1054,MMYCA,2024,2024-06-23,srhrp1,62
1055,MMYCA,2024,2024-06-23,tllfr2,2
1056,MMYCA,2024,2024-06-23,tllms1,1
1057,MMYCA,2024,2024-06-23,tllrp2,29
1058,MMYCA,2024,2024-06-24,HHLFR1,13
1059,MMYCA,2024,2024-06-24,HHLLK1,1
1060,MMYCA,2024,2024-06-24,foopd1,1
1061,MMYCA,2024,2024-06-24,hnhfr2,1
1062,MMYCA,2024,2024-06-24,srhbe2,1
1063,MMYCA,2024,2024-06-24,srhpd1,8
1064,MMYCA,2024,2024-06-24,srhrp1,27
1065,MMYCA,2024,2024-06-24,tllfr2,3
1066,MMYCA,2024,2024-06-24,tllms1,2
1067,MMYCA,2024,2024-06-24,tllrp2,32
1068,MMYCA,2024,2024-06-25,HHLFR1,5
1069,MMYCA,2024,2024-06-25,HHLMS1,1
1070,MMYCA,2024,2024-06-25,JNU1-mvafr1,1
1071,MMYCA,2024,2024-06-25,foorp1,4
1072,MMYCA,2024,2024-06-25,hnhrp1,1
1073,MMYCA,2024,2024-06-25,srhms2,1
1074,MMYCA,2024,2024-06-25,srhpd1,37
1075,MMYCA,2024,2024-06-25,srhrp1,28
1076,MMYCA,2024,2024-06-25,tllfr2,3
1077,MMYCA,2024,2024-06-25,yktpd1,14
1078,MMYCA,2024,2024-06-26,HHLFR1,14
1079,MMYCA,2024,2024-06-26,HHLLK1,8
1080,MMYCA,2024,2024-06-26,JNU1-mvafr1,1
1081,MMYCA,2024,2024-06-26,Transects,1
1082,MMYCA,2024,2024-06-26,doube2,1
1083,MMYCA,2024,2024-06-26,foopd1,1
1084,MMYCA,2024,2024-06-26,srhbe2,1
1085,MMYCA,2024,2024-06-26,srhpd1,15
1086,MMYCA,2024,2024-06-26,srhrp1,43
1087,MMYCA,2024,2024-06-26,tllfr2,3
1088,MMYCA,2024,2024-06-26,tllms1,1
1089,MMYCA,2024,2024-06-26,yktpd1,6
1090,MMYCA,2024,2024-06-27,JNU1-mvafr1,2
1091,MMYCA,2024,2024-06-27,JNU2-mvalk1,2
1092,MMYCA,2024,2024-06-27,JNU4-mvapd1,5
1093,MMYCA,2024,2024-06-27,Transects,2
1094,MMYCA,2024,2024-06-27,doufr1,1
1095,MMYCA,2024,2024-06-27,dourp1,1
1096,MMYCA,2024,2024-06-27,hnhbe2,1
1097,MMYCA,2024,2024-06-27,hnhrp1,1
1098,MMYCA,2024,2024-06-27,srhbe2,1
1099,MMYCA,2024,2024-06-27,srhms2,1
1100,MMYCA,2024,2024-06-27,srhpd1,8
1101,MMYCA,2024,2024-06-27,srhrp1,10
1102,MMYCA,2024,2024-06-27,tllfr2,2
1103,MMYCA,2024,2024-06-28,JNU2-mvalk1,3
1104,MMYCA,2024,2024-06-28,JNU4-mvapd1,5
1105,MMYCA,2024,2024-06-28,dourp1,2
1106,MMYCA,2024,2024-06-28,foopd1,2
1107,MMYCA,2024,2024-06-28,foorp1,2
1108,MMYCA,2024,2024-06-28,hnhbe2,1
1109,MMYCA,2024,2024-06-28,tllfr2,1
1110,MMYCA,2024,2024-06-28,tllms1,3
1111,MMYCA,2024,2024-06-28,yktpd1,2
1112,MMYCA,2024,2024-06-29,JNU2-mvalk1,9
1113,MMYCA,2024,2024-06-29,JNU4-mvapd1,7
1114,MMYCA,2024,2024-06-29,doufr1,1
1115,MMYCA,2024,2024-06-29,foopd1,2
1116,MMYCA,2024,2024-06-29,foorp1,2
1117,MMYCA,2024,2024-06-29,tllfr2,4
1118,MMYCA,2024,2024-06-29,tllms1,2
1119,MMYCA,2024,2024-06-30,JNU2-mvalk1,1
1120,MMYCA,2024,2024-06-30,JNU4-mvapd1,2
1121,MMYCA,2024,2024-06-30,doube2,7
1122,MMYCA,2024,2024-06-30,foopd1,1
1123,MMYCA,2024,2024-06-30,hnhbe2,2
1124,MMYCA,2024,2024-06-30,tllfr2,1
1125,MMYCA,2024,2024-07-01,JNU4-mvapd1,34
1126,MMYCA,2024,2024-07-01,doube2,16
1127,MMYCA,2024,2024-07-01,foorp1,1
1128,MMYCA,2024,2024-07-01,tllfr2,4
1129,MMYCA,2024,2024-07-01,yktpd1,3
1130,MMYCA,2024,2024-07-02,JNU2-mvalk1,2
1131,MMYCA,2024,2024-07-02,JNU4-mvapd1,1
1132,MMYCA,2024,2024-07-02,doube2,15
1133,MMYCA,2024,2024-07-02,tllfr2,3
1134,MMYCA,2024,2024-07-02,yktpd1,21
1135,MMYCA,2024,2024-07-03,JNU4-mvapd1,6
1136,MMYCA,2024,2024-07-03,doufr1,1
1137,MMYCA,2024,2024-07-03,tllfr2,5
1138,MMYCA,2024,2024-07-03,tllms1,1
1139,MMYCA,2024,2024-07-03,yktpd1,7
1140,MMYCA,2024,2024-07-04,JNU2-mvalk1,1
1141,MMYCA,2024,2024-07-04,JNU3-mvawt2,1
1142,MMYCA,2024,2024-07-04,JNU4-mvapd1,7
1143,MMYCA,2024,2024-07-04,doufr1,1
1144,MMYCA,2024,2024-07-04,tllfr2,7
1145,MMYCA,2024,2024-07-04,tllms1,1
1146,MMYCA,2024,2024-07-04,yktpd1,3
1147,MMYCA,2024,2024-07-04,yktsb1,1
1148,MMYCA,2024,2024-07-05,JNU4-mvapd1,6
1149,MMYCA,2024,2024-07-05,doube2,2
1150,MMYCA,2024,2024-07-05,doufr1,1
1151,MMYCA,2024,2024-07-05,tllfr2,12
1152,MMYCA,2024,2024-07-05,tllms1,1
1153,MMYCA,2024,2024-07-05,yktpd1,6
1154,MMYCA,2024,2024-07-06,JNU1-mvafr1,1
1155,MMYCA,2024,2024-07-06,JNU2-mvalk1,7
1156,MMYCA,2024,2024-07-06,JNU3-mvawt2,1
1157,MMYCA,2024,2024-07-06,JNU4-mvapd1,3
1158,MMYCA,2024,2024-07-06,doube2,4
1159,MMYCA,2024,2024-07-06,foopd1,1
1160,MMYCA,2024,2024-07-06,tllfr2,4
1161,MMYCA,2024,2024-07-06,tllms1,2
1162,MMYCA,2024,2024-07-06,yktpd1,11
1163,MMYCA,2024,2024-07-07,JNU1-mvafr1,2
1164,MMYCA,2024,2024-07-07,JNU2-mvalk1,2
1165,MMYCA,2024,2024-07-07,doufr1,1
1166,MMYCA,2024,2024-07-07,tllfr2,6
1167,MMYCA,2024,2024-07-07,tllms1,1
1168,MMYCA,2024,2024-07-07,yktpd1,1
1169,MMYCA,2024,2024-07-08,JNU1-mvafr1,1
1170,MMYCA,2024,2024-07-08,JNU2-mvalk1,2
1171,MMYCA,2024,2024-07-08,JNU4-mvapd1,2
1172,MMYCA,2024,2024-07-08,doube2,7
1173,MMYCA,2024,2024-07-09,STKRP2,27
1174,MMYCA,2024,2024-07-09,yktpd1,1
1175,MMYCA,2024,2024-07-10,STKMS2,4
1176,MMYCA,2024,2024-07-10,STKPD1,1
1177,MMYCA,2024,2024-07-10,STKRP2,169
1178,MMYCA,2024,2024-07-10,yktpd1,1
1179,MMYCA,2024,2024-07-11,STKPD1,2
1180,MMYCA,2024,2024-07-11,STKRP2,102
1181,MMYCA,2024,2024-07-12,STKRP2,131
1182,MMYCA,2024,2024-07-13,STKRP2,10
1183,MMYCA,2024,2024-07-14,STKRP2,85
1184,MMYCA,2024,2024-07-15,STKPD1,3
1185,MMYCA,2024,2024-07-15,STKRP2,164
1186,MMYCA,2024,2024-07-16,STKRP2,14
1187,MMYCA,2024,2024-07-17,STKPD1,1
1188,MMYCA,2024,2024-07-17,STKRP2,92
1189,MMYCA,2024,2024-07-18,STKRP2,45
1190,MMYCA,2024,2024-07-20,STKMS2,2
1191,MMYCA,2024,2024-07-23,STKPD1,3
1192,MMYCA,2024,2024-07-24,STKPD1,1
1193,MMYCA,2024,2024-07-26,STKPD1,1
1194,MMYCA,2024,2024-07-29,STKPD1,1
1195,MMYCA,2024,2024-07-30,STKPD1,1
1196,MMYCA,2024,2024-07-31,STKPD1,1
1197,MMYCA,2024,2024-08-01,STKPD1,2
1198,MMYCA,2024,2024-08-02,STKPD1,1
1199,MMYCA,2024,2024-08-06,STKMS2,1
1200,MMYCA,2024,2024-08-06,STKPD1,1
1201,MMYCA,2024,2024-08-07,STKPD1,1
1202,MMYEV,2024,2024-06-13,foopd1,2
1203,MMYEV,2024,2024-06-14,HHLFR1,5
1204,MMYEV,2024,2024-06-14,HHLMS1,4
1205,MMYEV,2024,2024-06-14,foopd1,6
1206,MMYEV,2024,2024-06-15,HHLFR1,5
1207,MMYEV,2024,2024-06-15,HHLMS1,5
1208,MMYEV,2024,2024-06-15,foopd1,4
1209,MMYEV,2024,2024-06-16,HHLFR1,4
1210,MMYEV,2024,2024-06-16,HHLLK1,1
1211,MMYEV,2024,2024-06-16,HHLMS1,7
1212,MMYEV,2024,2024-06-16,foopd1,5
1213,MMYEV,2024,2024-06-16,foorp1,3
1214,MMYEV,2024,2024-06-17,HHLFR1,8
1215,MMYEV,2024,2024-06-17,HHLLK1,2
1216,MMYEV,2024,2024-06-17,Transects,1
1217,MMYEV,2024,2024-06-17,foorp1,1
1218,MMYEV,2024,2024-06-18,HHLFR1,6
1219,MMYEV,2024,2024-06-18,foofr2,1
1220,MMYEV,2024,2024-06-18,foopd1,4
1221,MMYEV,2024,2024-06-18,srhms2,2
1222,MMYEV,2024,2024-06-18,srhpd1,1
1223,MMYEV,2024,2024-06-18,srhrp1,5
1224,MMYEV,2024,2024-06-19,HHLFR1,6
1225,MMYEV,2024,2024-06-19,HHLLK1,1
1226,MMYEV,2024,2024-06-19,HHLMS1,2
1227,MMYEV,2024,2024-06-19,fooms1,1
1228,MMYEV,2024,2024-06-19,foopd1,2
1229,MMYEV,2024,2024-06-19,srhbe2,1
1230,MMYEV,2024,2024-06-19,srhms2,4
1231,MMYEV,2024,2024-06-19,srhpd1,2
1232,MMYEV,2024,2024-06-19,srhrp1,7
1233,MMYEV,2024,2024-06-20,HHLFR1,8
1234,MMYEV,2024,2024-06-20,HHLMS1,1
1235,MMYEV,2024,2024-06-20,Transects,2
1236,MMYEV,2024,2024-06-20,fooms1,2
1237,MMYEV,2024,2024-06-20,foopd1,6
1238,MMYEV,2024,2024-06-20,srhms2,13
1239,MMYEV,2024,2024-06-20,srhpd1,11
1240,MMYEV,2024,2024-06-20,srhrp1,15
1241,MMYEV,2024,2024-06-20,tllrp2,3
1242,MMYEV,2024,2024-06-21,HHLFR1,2
1243,MMYEV,2024,2024-06-21,foopd1,2
1244,MMYEV,2024,2024-06-21,srhpd1,1
1245,MMYEV,2024,2024-06-21,srhrp1,4
1246,MMYEV,2024,2024-06-21,tllrp2,3
1247,MMYEV,2024,2024-06-22,HHLFR1,7
1248,MMYEV,2024,2024-06-22,srhms2,4
1249,MMYEV,2024,2024-06-22,srhpd1,1
1250,MMYEV,2024,2024-06-22,srhrp1,6
1251,MMYEV,2024,2024-06-22,tllms1,2
1252,MMYEV,2024,2024-06-22,tllrp2,2
1253,MMYEV,2024,2024-06-23,HHLFR1,3
1254,MMYEV,2024,2024-06-23,HHLMS1,2
1255,MMYEV,2024,2024-06-23,foopd1,1
1256,MMYEV,2024,2024-06-23,srhms2,20
1257,MMYEV,2024,2024-06-23,srhrp1,6
1258,MMYEV,2024,2024-06-23,tllfr2,1
1259,MMYEV,2024,2024-06-24,HHLFR1,14
1260,MMYEV,2024,2024-06-24,HHLLK1,1
1261,MMYEV,2024,2024-06-24,HHLMS1,5
1262,MMYEV,2024,2024-06-24,foopd1,4
1263,MMYEV,2024,2024-06-24,foorp1,1
1264,MMYEV,2024,2024-06-24,srhms2,11
1265,MMYEV,2024,2024-06-24,srhpd1,3
1266,MMYEV,2024,2024-06-24,srhrp1,26
1267,MMYEV,2024,2024-06-24,tllfr2,4
1268,MMYEV,2024,2024-06-24,tllms1,4
1269,MMYEV,2024,2024-06-24,tllrp2,1
1270,MMYEV,2024,2024-06-25,HHLFR1,9
1271,MMYEV,2024,2024-06-25,HHLLK1,1
1272,MMYEV,2024,2024-06-25,doube2,4
1273,MMYEV,2024,2024-06-25,foopd1,3
1274,MMYEV,2024,2024-06-25,srhms2,2
1275,MMYEV,2024,2024-06-25,srhpd1,12
1276,MMYEV,2024,2024-06-25,srhrp1,23
1277,MMYEV,2024,2024-06-25,tllfr2,5
1278,MMYEV,2024,2024-06-25,tllms1,3
1279,MMYEV,2024,2024-06-26,HHLFR1,7
1280,MMYEV,2024,2024-06-26,HHLLK1,2
1281,MMYEV,2024,2024-06-26,JNU1-mvafr1,1
1282,MMYEV,2024,2024-06-26,JNU4-mvapd1,6
1283,MMYEV,2024,2024-06-26,Transects,2
1284,MMYEV,2024,2024-06-26,dourp1,1
1285,MMYEV,2024,2024-06-26,hnhbe2,1
1286,MMYEV,2024,2024-06-26,hnhfr2,1
1287,MMYEV,2024,2024-06-26,srhbe2,1
1288,MMYEV,2024,2024-06-26,srhms2,4
1289,MMYEV,2024,2024-06-26,srhpd1,1
1290,MMYEV,2024,2024-06-26,srhrp1,24
1291,MMYEV,2024,2024-06-26,tllfr2,4
1292,MMYEV,2024,2024-06-26,tllms1,1
1293,MMYEV,2024,2024-06-27,JNU1-mvafr1,3
1294,MMYEV,2024,2024-06-27,JNU4-mvapd1,2
1295,MMYEV,2024,2024-06-27,Transects,2
1296,MMYEV,2024,2024-06-27,doube2,3
1297,MMYEV,2024,2024-06-27,foopd1,1
1298,MMYEV,2024,2024-06-27,hnhrp1,2
1299,MMYEV,2024,2024-06-27,srhms2,2
1300,MMYEV,2024,2024-06-27,srhpd1,2
1301,MMYEV,2024,2024-06-27,srhrp1,15
1302,MMYEV,2024,2024-06-27,tllfr2,4
1303,MMYEV,2024,2024-06-27,tllms1,3
1304,MMYEV,2024,2024-06-28,JNU1-mvafr1,3
1305,MMYEV,2024,2024-06-28,JNU4-mvapd1,4
1306,MMYEV,2024,2024-06-28,foopd1,1
1307,MMYEV,2024,2024-06-28,hnhrp1,1
1308,MMYEV,2024,2024-06-28,tllfr2,1
1309,MMYEV,2024,2024-06-28,tllms1,2
1310,MMYEV,2024,2024-06-29,JNU4-mvapd1,3
1311,MMYEV,2024,2024-06-29,dourp1,3
1312,MMYEV,2024,2024-06-29,foopd1,1
1313,MMYEV,2024,2024-06-29,tllfr2,15
1314,MMYEV,2024,2024-06-29,tllms1,1
1315,MMYEV,2024,2024-06-30,JNU4-mvapd1,1
1316,MMYEV,2024,2024-06-30,doufr1,1
1317,MMYEV,2024,2024-06-30,dourp1,3
1318,MMYEV,2024,2024-06-30,hnhbe2,1
1319,MMYEV,2024,2024-06-30,hnhfr2,2
1320,MMYEV,2024,2024-06-30,tllfr2,3
1321,MMYEV,2024,2024-06-30,tllms1,1
1322,MMYEV,2024,2024-07-01,doube2,14
1323,MMYEV,2024,2024-07-01,dourp1,3
1324,MMYEV,2024,2024-07-01,foopd1,1
1325,MMYEV,2024,2024-07-01,tllfr2,1
1326,MMYEV,2024,2024-07-01,tllms1,1
1327,MMYEV,2024,2024-07-02,doube2,2
1328,MMYEV,2024,2024-07-02,dourp1,2
1329,MMYEV,2024,2024-07-02,tllfr2,1
1330,MMYEV,2024,2024-07-02,tllms1,5
1331,MMYEV,2024,2024-07-03,JNU1-mvafr1,3
1332,MMYEV,2024,2024-07-03,JNU4-mvapd1,1
1333,MMYEV,2024,2024-07-03,doube2,3
1334,MMYEV,2024,2024-07-03,tllfr2,1
1335,MMYEV,2024,2024-07-03,tllms1,5
1336,MMYEV,2024,2024-07-04,JNU1-mvafr1,3
1337,MMYEV,2024,2024-07-04,JNU4-mvapd1,4
1338,MMYEV,2024,2024-07-04,foopd1,1
1339,MMYEV,2024,2024-07-04,tllfr2,8
1340,MMYEV,2024,2024-07-04,tllms1,1
1341,MMYEV,2024,2024-07-04,yktsb1,1
1342,MMYEV,2024,2024-07-05,JNU1-mvafr1,2
1343,MMYEV,2024,2024-07-05,JNU4-mvapd1,6
1344,MMYEV,2024,2024-07-05,doube2,2
1345,MMYEV,2024,2024-07-05,tllfr2,25
1346,MMYEV,2024,2024-07-06,JNU2-mvalk1,1
1347,MMYEV,2024,2024-07-06,JNU4-mvapd1,18
1348,MMYEV,2024,2024-07-06,Transect,1
1349,MMYEV,2024,2024-07-06,doube2,4
1350,MMYEV,2024,2024-07-06,dourp1,1
1351,MMYEV,2024,2024-07-06,tllfr2,20
1352,MMYEV,2024,2024-07-06,tllms1,1
1353,MMYEV,2024,2024-07-07,JNU1-mvafr1,1
1354,MMYEV,2024,2024-07-07,JNU3-mvawt2,1
1355,MMYEV,2024,2024-07-07,JNU4-mvapd1,1
1356,MMYEV,2024,2024-07-07,doube2,1
1357,MMYEV,2024,2024-07-07,tllfr2,20
1358,MMYEV,2024,2024-07-08,JNU3-mvawt2,1
1359,MMYEV,2024,2024-07-08,JNU4-mvapd1,3
1360,MMYEV,2024,2024-07-08,doube2,5
1361,MMYEV,2024,2024-07-08,foopd1,1
1362,MMYLU,2024,2024-06-12,foopd1,4
1363,MMYLU,2024,2024-06-13,foopd1,1
1364,MMYLU,2024,2024-06-14,HHLLK1,44
1365,MMYLU,2024,2024-06-14,HHLMS1,3
1366,MMYLU,2024,2024-06-14,foofr2,3
1367,MMYLU,2024,2024-06-14,foopd1,3
1368,MMYLU,2024,2024-06-15,HHLLK1,35
1369,MMYLU,2024,2024-06-15,HHLMS1,4
1370,MMYLU,2024,2024-06-15,foofr2,3
1371,MMYLU,2024,2024-06-15,foopd1,4
1372,MMYLU,2024,2024-06-15,foorp1,4
1373,MMYLU,2024,2024-06-16,HHLFR1,2
1374,MMYLU,2024,2024-06-16,HHLLK1,21
1375,MMYLU,2024,2024-06-16,HHLMS1,3
1376,MMYLU,2024,2024-06-16,fooms1,1
1377,MMYLU,2024,2024-06-16,foopd1,5
1378,MMYLU,2024,2024-06-16,foorp1,4
1379,MMYLU,2024,2024-06-17,HHLFR1,1
1380,MMYLU,2024,2024-06-17,HHLLK1,5
1381,MMYLU,2024,2024-06-17,fooms1,1
1382,MMYLU,2024,2024-06-17,foopd1,2
1383,MMYLU,2024,2024-06-17,foorp1,5
1384,MMYLU,2024,2024-06-18,HHLFR1,1
1385,MMYLU,2024,2024-06-18,HHLLK1,26
1386,MMYLU,2024,2024-06-18,HHLMS1,10
1387,MMYLU,2024,2024-06-18,foopd1,5
1388,MMYLU,2024,2024-06-18,foorp1,2
1389,MMYLU,2024,2024-06-18,srhms2,2
1390,MMYLU,2024,2024-06-18,srhpd1,475
1391,MMYLU,2024,2024-06-18,srhrp1,7
1392,MMYLU,2024,2024-06-19,HHLFR1,1
1393,MMYLU,2024,2024-06-19,HHLLK1,24
1394,MMYLU,2024,2024-06-19,HHLMS1,1
1395,MMYLU,2024,2024-06-19,foofr2,1
1396,MMYLU,2024,2024-06-19,foopd1,5
1397,MMYLU,2024,2024-06-19,foorp1,4
1398,MMYLU,2024,2024-06-19,srhbe2,3
1399,MMYLU,2024,2024-06-19,srhms2,1
1400,MMYLU,2024,2024-06-19,srhpd1,460
1401,MMYLU,2024,2024-06-19,srhrp1,2
1402,MMYLU,2024,2024-06-20,HHLFR1,3
1403,MMYLU,2024,2024-06-20,HHLLK1,25
1404,MMYLU,2024,2024-06-20,HHLMS1,1
1405,MMYLU,2024,2024-06-20,Transects,1
1406,MMYLU,2024,2024-06-20,foofr2,1
1407,MMYLU,2024,2024-06-20,fooms1,1
1408,MMYLU,2024,2024-06-20,foopd1,3
1409,MMYLU,2024,2024-06-20,foorp1,4
1410,MMYLU,2024,2024-06-20,srhbe2,5
1411,MMYLU,2024,2024-06-20,srhms2,6
1412,MMYLU,2024,2024-06-20,srhpd1,372
1413,MMYLU,2024,2024-06-20,srhrp1,13
1414,MMYLU,2024,2024-06-20,tllrp2,41
1415,MMYLU,2024,2024-06-21,foopd1,1
1416,MMYLU,2024,2024-06-21,foorp1,1
1417,MMYLU,2024,2024-06-21,srhbe2,30
1418,MMYLU,2024,2024-06-21,srhms2,1
1419,MMYLU,2024,2024-06-21,srhpd1,388
1420,MMYLU,2024,2024-06-21,srhrp1,4
1421,MMYLU,2024,2024-06-21,tllms1,4
1422,MMYLU,2024,2024-06-21,tllrp2,1
1423,MMYLU,2024,2024-06-22,HHLMS1,1
1424,MMYLU,2024,2024-06-22,srhbe2,41
1425,MMYLU,2024,2024-06-22,srhms2,9
1426,MMYLU,2024,2024-06-22,srhpd1,427
1427,MMYLU,2024,2024-06-22,srhrp1,1
1428,MMYLU,2024,2024-06-22,tllms1,2
1429,MMYLU,2024,2024-06-22,tllrp2,3
1430,MMYLU,2024,2024-06-23,HHLLK1,48
1431,MMYLU,2024,2024-06-23,HHLMS1,3
1432,MMYLU,2024,2024-06-23,srhbe2,20
1433,MMYLU,2024,2024-06-23,srhms2,7
1434,MMYLU,2024,2024-06-23,srhpd1,466
1435,MMYLU,2024,2024-06-23,srhrp1,17
1436,MMYLU,2024,2024-06-23,tllfr2,1
1437,MMYLU,2024,2024-06-23,tllrp2,6
1438,MMYLU,2024,2024-06-24,HHLLK1,5
1439,MMYLU,2024,2024-06-24,HHLMS1,8
1440,MMYLU,2024,2024-06-24,foopd1,4
1441,MMYLU,2024,2024-06-24,hnhbe2,9
1442,MMYLU,2024,2024-06-24,srhbe2,12
1443,MMYLU,2024,2024-06-24,srhms2,1
1444,MMYLU,2024,2024-06-24,srhpd1,501
1445,MMYLU,2024,2024-06-24,srhrp1,16
1446,MMYLU,2024,2024-06-24,tllms1,2
1447,MMYLU,2024,2024-06-24,tllrp2,8
1448,MMYLU,2024,2024-06-25,HHLFR1,1
1449,MMYLU,2024,2024-06-25,HHLLK1,11
1450,MMYLU,2024,2024-06-25,HHLMS1,4
1451,MMYLU,2024,2024-06-25,JNU1-mvafr1,36
1452,MMYLU,2024,2024-06-25,Transects,4
1453,MMYLU,2024,2024-06-25,doube2,145
1454,MMYLU,2024,2024-06-25,foofr2,1
1455,MMYLU,2024,2024-06-25,foopd1,12
1456,MMYLU,2024,2024-06-25,hnhbe2,13
1457,MMYLU,2024,2024-06-25,srhbe2,16
1458,MMYLU,2024,2024-06-25,srhms2,2
1459,MMYLU,2024,2024-06-25,srhpd1,393
1460,MMYLU,2024,2024-06-25,srhrp1,36
1461,MMYLU,2024,2024-06-25,yktpd1,34
1462,MMYLU,2024,2024-06-26,HHLFR1,1
1463,MMYLU,2024,2024-06-26,HHLLK1,3
1464,MMYLU,2024,2024-06-26,HHLMS1,2
1465,MMYLU,2024,2024-06-26,JNU1-mvafr1,53
1466,MMYLU,2024,2024-06-26,JNU3-mvawt2,11
1467,MMYLU,2024,2024-06-26,JNU4-mvapd1,291
1468,MMYLU,2024,2024-06-26,Transects,8
1469,MMYLU,2024,2024-06-26,doube2,88
1470,MMYLU,2024,2024-06-26,doufr1,22
1471,MMYLU,2024,2024-06-26,doums1,34
1472,MMYLU,2024,2024-06-26,dourp1,5
1473,MMYLU,2024,2024-06-26,foopd1,1
1474,MMYLU,2024,2024-06-26,hnhbe2,11
1475,MMYLU,2024,2024-06-26,srhbe2,5
1476,MMYLU,2024,2024-06-26,srhms2,3
1477,MMYLU,2024,2024-06-26,srhpd1,462
1478,MMYLU,2024,2024-06-26,srhrp1,24
1479,MMYLU,2024,2024-06-26,tllms1,3
1480,MMYLU,2024,2024-06-26,yktmd1,3
1481,MMYLU,2024,2024-06-26,yktpd1,31
1482,MMYLU,2024,2024-06-27,JNU1-mvafr1,93
1483,MMYLU,2024,2024-06-27,JNU2-mvalk1,94
1484,MMYLU,2024,2024-06-27,JNU3-mvawt2,5
1485,MMYLU,2024,2024-06-27,JNU4-mvapd1,287
1486,MMYLU,2024,2024-06-27,Transects,13
1487,MMYLU,2024,2024-06-27,doube2,50
1488,MMYLU,2024,2024-06-27,doufr1,23
1489,MMYLU,2024,2024-06-27,doums1,12
1490,MMYLU,2024,2024-06-27,dourp1,4
1491,MMYLU,2024,2024-06-27,foopd1,8
1492,MMYLU,2024,2024-06-27,hnhbe2,10
1493,MMYLU,2024,2024-06-27,srhbe2,3
1494,MMYLU,2024,2024-06-27,srhpd1,447
1495,MMYLU,2024,2024-06-27,srhrp1,18
1496,MMYLU,2024,2024-06-27,tllms1,5
1497,MMYLU,2024,2024-06-27,yktmd1,4
1498,MMYLU,2024,2024-06-27,yktpd1,19
1499,MMYLU,2024,2024-06-27,yktsb1,110
1500,MMYLU,2024,2024-06-28,JNU1-mvafr1,32
1501,MMYLU,2024,2024-06-28,JNU2-mvalk1,130
1502,MMYLU,2024,2024-06-28,JNU3-mvawt2,9
1503,MMYLU,2024,2024-06-28,JNU4-mvapd1,347
1504,MMYLU,2024,2024-06-28,Transect,12
1505,MMYLU,2024,2024-06-28,doube2,73
1506,MMYLU,2024,2024-06-28,doufr1,11
1507,MMYLU,2024,2024-06-28,doums1,21
1508,MMYLU,2024,2024-06-28,dourp1,12
1509,MMYLU,2024,2024-06-28,foopd1,7
1510,MMYLU,2024,2024-06-28,hnhbe2,10
1511,MMYLU,2024,2024-06-28,tllms1,1
1512,MMYLU,2024,2024-06-28,yktpd1,15
1513,MMYLU,2024,2024-06-28,yktsb1,133
1514,MMYLU,2024,2024-06-29,JNU1-mvafr1,15
1515,MMYLU,2024,2024-06-29,JNU2-mvalk1,127
1516,MMYLU,2024,2024-06-29,JNU3-mvawt2,14
1517,MMYLU,2024,2024-06-29,JNU4-mvapd1,318
1518,MMYLU,2024,2024-06-29,doube2,86
1519,MMYLU,2024,2024-06-29,doufr1,10
1520,MMYLU,2024,2024-06-29,doums1,31
1521,MMYLU,2024,2024-06-29,dourp1,4
1522,MMYLU,2024,2024-06-29,foopd1,11
1523,MMYLU,2024,2024-06-29,hnhbe2,2
1524,MMYLU,2024,2024-06-29,hnhrp1,1
1525,MMYLU,2024,2024-06-29,tllfr2,1
1526,MMYLU,2024,2024-06-29,tllms1,1
1527,MMYLU,2024,2024-06-29,yktmd1,2
1528,MMYLU,2024,2024-06-29,yktpd1,28
1529,MMYLU,2024,2024-06-29,yktsb1,51
1530,MMYLU,2024,2024-06-30,JNU1-mvafr1,23
1531,MMYLU,2024,2024-06-30,JNU2-mvalk1,32
1532,MMYLU,2024,2024-06-30,JNU3-mvawt2,10
1533,MMYLU,2024,2024-06-30,JNU4-mvapd1,215
1534,MMYLU,2024,2024-06-30,doube2,90
1535,MMYLU,2024,2024-06-30,doufr1,2
1536,MMYLU,2024,2024-06-30,doums1,13
1537,MMYLU,2024,2024-06-30,dourp1,10
1538,MMYLU,2024,2024-06-30,foopd1,3
1539,MMYLU,2024,2024-06-30,hnhbe2,20
1540,MMYLU,2024,2024-06-30,tllms1,1
1541,MMYLU,2024,2024-06-30,yktmd1,1
1542,MMYLU,2024,2024-06-30,yktpd1,25
1543,MMYLU,2024,2024-06-30,yktsb1,82
1544,MMYLU,2024,2024-07-01,JNU1-mvafr1,25
1545,MMYLU,2024,2024-07-01,JNU2-mvalk1,49
1546,MMYLU,2024,2024-07-01,JNU3-mvawt2,18
1547,MMYLU,2024,2024-07-01,JNU4-mvapd1,135
1548,MMYLU,2024,2024-07-01,Transects,2
1549,MMYLU,2024,2024-07-01,doube2,30
1550,MMYLU,2024,2024-07-01,doufr1,1
1551,MMYLU,2024,2024-07-01,doums1,18
1552,MMYLU,2024,2024-07-01,dourp1,8
1553,MMYLU,2024,2024-07-01,foopd1,5
1554,MMYLU,2024,2024-07-01,hnhrp1,1
1555,MMYLU,2024,2024-07-01,yktmd1,3
1556,MMYLU,2024,2024-07-01,yktpd1,27
1557,MMYLU,2024,2024-07-01,yktsb1,103
1558,MMYLU,2024,2024-07-02,JNU1-mvafr1,7
1559,MMYLU,2024,2024-07-02,JNU2-mvalk1,71
1560,MMYLU,2024,2024-07-02,JNU3-mvawt2,15
1561,MMYLU,2024,2024-07-02,JNU4-mvapd1,209
1562,MMYLU,2024,2024-07-02,Transects,5
1563,MMYLU,2024,2024-07-02,doube2,74
1564,MMYLU,2024,2024-07-02,doufr1,2
1565,MMYLU,2024,2024-07-02,doums1,18
1566,MMYLU,2024,2024-07-02,dourp1,10
1567,MMYLU,2024,2024-07-02,foopd1,4
1568,MMYLU,2024,2024-07-02,tllfr2,1
1569,MMYLU,2024,2024-07-02,yktmd1,4
1570,MMYLU,2024,2024-07-02,yktpd1,48
1571,MMYLU,2024,2024-07-02,yktsb1,39
1572,MMYLU,2024,2024-07-03,JNU1-mvafr1,26
1573,MMYLU,2024,2024-07-03,JNU2-mvalk1,130
1574,MMYLU,2024,2024-07-03,JNU3-mvawt2,10
1575,MMYLU,2024,2024-07-03,JNU4-mvapd1,551
1576,MMYLU,2024,2024-07-03,doube2,59
1577,MMYLU,2024,2024-07-03,doufr1,3
1578,MMYLU,2024,2024-07-03,doums1,50
1579,MMYLU,2024,2024-07-03,dourp1,11
1580,MMYLU,2024,2024-07-03,foopd1,3
1581,MMYLU,2024,2024-07-03,yktmd1,2
1582,MMYLU,2024,2024-07-03,yktpd1,39
1583,MMYLU,2024,2024-07-03,yktsb1,91
1584,MMYLU,2024,2024-07-04,JNU1-mvafr1,64
1585,MMYLU,2024,2024-07-04,JNU2-mvalk1,170
1586,MMYLU,2024,2024-07-04,JNU3-mvawt2,15
1587,MMYLU,2024,2024-07-04,JNU4-mvapd1,364
1588,MMYLU,2024,2024-07-04,doube2,84
1589,MMYLU,2024,2024-07-04,doufr1,3
1590,MMYLU,2024,2024-07-04,doums1,65
1591,MMYLU,2024,2024-07-04,dourp1,4
1592,MMYLU,2024,2024-07-04,foopd1,2
1593,MMYLU,2024,2024-07-04,tllfr2,1
1594,MMYLU,2024,2024-07-04,yktmd1,3
1595,MMYLU,2024,2024-07-04,yktpd1,44
1596,MMYLU,2024,2024-07-04,yktsb1,70
1597,MMYLU,2024,2024-07-05,JNU1-mvafr1,51
1598,MMYLU,2024,2024-07-05,JNU2-mvalk1,164
1599,MMYLU,2024,2024-07-05,JNU3-mvawt2,18
1600,MMYLU,2024,2024-07-05,JNU4-mvapd1,337
1601,MMYLU,2024,2024-07-05,doube2,126
1602,MMYLU,2024,2024-07-05,doufr1,3
1603,MMYLU,2024,2024-07-05,doums1,27
1604,MMYLU,2024,2024-07-05,dourp1,5
1605,MMYLU,2024,2024-07-05,tllfr2,1
1606,MMYLU,2024,2024-07-05,tllms1,3
1607,MMYLU,2024,2024-07-05,yktpd1,40
1608,MMYLU,2024,2024-07-05,yktsb1,75
1609,MMYLU,2024,2024-07-06,JNU1-mvafr1,75
1610,MMYLU,2024,2024-07-06,JNU2-mvalk1,265
1611,MMYLU,2024,2024-07-06,JNU3-mvawt2,18
1612,MMYLU,2024,2024-07-06,JNU4-mvapd1,349
1613,MMYLU,2024,2024-07-06,Transect,14
1614,MMYLU,2024,2024-07-06,Transects,10
1615,MMYLU,2024,2024-07-06,doube2,167
1616,MMYLU,2024,2024-07-06,doufr1,13
1617,MMYLU,2024,2024-07-06,doums1,8
1618,MMYLU,2024,2024-07-06,dourp1,4
1619,MMYLU,2024,2024-07-06,foopd1,1
1620,MMYLU,2024,2024-07-06,tllms1,2
1621,MMYLU,2024,2024-07-06,yktmd1,1
1622,MMYLU,2024,2024-07-06,yktpd1,36
1623,MMYLU,2024,2024-07-06,yktsb1,92
1624,MMYLU,2024,2024-07-07,JNU1-mvafr1,83
1625,MMYLU,2024,2024-07-07,JNU2-mvalk1,117
1626,MMYLU,2024,2024-07-07,JNU3-mvawt2,16
1627,MMYLU,2024,2024-07-07,JNU4-mvapd1,152
1628,MMYLU,2024,2024-07-07,Transects,3
1629,MMYLU,2024,2024-07-07,doube2,43
1630,MMYLU,2024,2024-07-07,doufr1,10
1631,MMYLU,2024,2024-07-07,doums1,7
1632,MMYLU,2024,2024-07-07,dourp1,1
1633,MMYLU,2024,2024-07-07,foopd1,1
1634,MMYLU,2024,2024-07-07,tllms1,2
1635,MMYLU,2024,2024-07-07,yktmd1,1
1636,MMYLU,2024,2024-07-07,yktpd1,20
1637,MMYLU,2024,2024-07-07,yktsb1,91
1638,MMYLU,2024,2024-07-08,JNU1-mvafr1,120
1639,MMYLU,2024,2024-07-08,JNU2-mvalk1,210
1640,MMYLU,2024,2024-07-08,JNU3-mvawt2,15
1641,MMYLU,2024,2024-07-08,JNU4-mvapd1,189
1642,MMYLU,2024,2024-07-08,doube2,100
1643,MMYLU,2024,2024-07-08,foopd1,16
1644,MMYLU,2024,2024-07-08,yktpd1,19
1645,MMYLU,2024,2024-07-08,yktsb1,97
1646,MMYLU,2024,2024-07-09,STKPD1,5
1647,MMYLU,2024,2024-07-09,STKRP2,12
1648,MMYLU,2024,2024-07-09,yktmd1,1
1649,MMYLU,2024,2024-07-09,yktpd1,13
1650,MMYLU,2024,2024-07-09,yktsb1,98
1651,MMYLU,2024,2024-07-10,STKMS2,14
1652,MMYLU,2024,2024-07-10,STKPD1,16
1653,MMYLU,2024,2024-07-10,STKRP2,22
1654,MMYLU,2024,2024-07-10,yktpd1,49
1655,MMYLU,2024,2024-07-10,yktsb1,72
1656,MMYLU,2024,2024-07-11,STKMS2,4
1657,MMYLU,2024,2024-07-11,STKPD1,3
1658,MMYLU,2024,2024-07-11,STKRP2,33
1659,MMYLU,2024,2024-07-12,STKMS2,1
1660,MMYLU,2024,2024-07-12,STKPD1,13
1661,MMYLU,2024,2024-07-12,STKRP2,32
1662,MMYLU,2024,2024-07-12,yktpd1,72
1663,MMYLU,2024,2024-07-12,yktsb1,69
1664,MMYLU,2024,2024-07-13,STKRP2,1
1665,MMYLU,2024,2024-07-14,STKPD1,13
1666,MMYLU,2024,2024-07-14,STKRP2,31
1667,MMYLU,2024,2024-07-15,STKPD1,3
1668,MMYLU,2024,2024-07-15,STKRP2,22
1669,MMYLU,2024,2024-07-15,yktmd1,3
1670,MMYLU,2024,2024-07-15,yktsb1,32
1671,MMYLU,2024,2024-07-16,STKMS2,1
1672,MMYLU,2024,2024-07-16,STKPD1,1
1673,MMYLU,2024,2024-07-16,STKRP2,7
1674,MMYLU,2024,2024-07-16,yktsb1,12
1675,MMYLU,2024,2024-07-17,STKMS2,1
1676,MMYLU,2024,2024-07-17,STKRP2,9
1677,MMYLU,2024,2024-07-17,yktsb1,10
1678,MMYLU,2024,2024-07-18,STKPD1,1
1679,MMYLU,2024,2024-07-18,STKRP2,16
1680,MMYLU,2024,2024-07-18,yktmd1,5
1681,MMYLU,2024,2024-07-18,yktsb1,7
1682,MMYLU,2024,2024-07-19,STKPD1,1
1683,MMYLU,2024,2024-07-19,yktmd1,2
1684,MMYLU,2024,2024-07-19,yktsb1,9
1685,MMYLU,2024,2024-07-20,STKPD1,2
1686,MMYLU,2024,2024-07-20,yktsb1,31
1687,MMYLU,2024,2024-07-21,STKMS2,2
1688,MMYLU,2024,2024-07-21,yktmd1,1
1689,MMYLU,2024,2024-07-21,yktsb1,7
1690,MMYLU,2024,2024-07-22,STKMS2,2
1691,MMYLU,2024,2024-07-22,yktmd1,1
1692,MMYLU,2024,2024-07-25,STKMS2,1
1693,MMYLU,2024,2024-07-25,STKPD1,1
1694,MMYLU,2024,2024-07-26,STKPD1,2
1695,MMYLU,2024,2024-07-26,yktsb1,1
1696,MMYLU,2024,2024-07-27,yktsb1,13
1697,MMYLU,2024,2024-07-28,yktsb1,3
1698,MMYLU,2024,2024-07-29,STKPD1,2
1699,MMYLU,2024,2024-07-30,STKPD1,1
1700,MMYLU,2024,2024-07-30,yktsb1,8
1701,MMYLU,2024,2024-07-31,STKPD1,2
1702,MMYLU,2024,2024-08-03,STKPD1,1
1703,MMYLU,2024,2024-08-04,STKPD1,2
1704,MMYLU,2024,2024-08-05,STKPD1,1
1705,MMYLU,2024,2024-08-06,STKMS2,7
1706,MMYLU,2024,2024-08-06,STKPD1,3
1707,MMYLU,2024,2024-08-07,STKPD1,1
1708,MMYYU,2024,2024-06-14,HHLLK1,1
1709,MMYYU,2024,2024-06-17,HHLLK1,1
1710,MMYYU,2024,2024-06-18,HHLLK1,3
1711,MMYYU,2024,2024-06-19,HHLLK1,1
1712,MMYYU,2024,2024-06-20,HHLLK1,1
1713,MMYYU,2024,2024-06-25,HHLLK1,2
1714,MMYYU,2024,2024-06-26,HHLLK1,3
1715,MMYYU,2024,2024-06-28,JNU4-mvapd1,1
1716,MYCA,2024,2024-06-12,foorp1,3
1717,MYCA,2024,2024-06-13,foorp1,2
1718,MYCA,2024,2024-06-14,HHLFR1,21
1719,MYCA,2024,2024-06-14,foorp1,1
1720,MYCA,2024,2024-06-14,hhlfr1-SM,26
1721,MYCA,2024,2024-06-14,hhllk1-SM,2
1722,MYCA,2024,2024-06-14,hhlrp1,3
1723,MYCA,2024,2024-06-14,hhlrp1-SM,3
1724,MYCA,2024,2024-06-15,HHLFR1,10
1725,MYCA,2024,2024-06-15,foorp1,4
1726,MYCA,2024,2024-06-15,hhlfr1-SM,12
1727,MYCA,2024,2024-06-15,hhlrp1,1
1728,MYCA,2024,2024-06-15,hhlrp1-SM,1
1729,MYCA,2024,2024-06-16,HHLFR1,21
1730,MYCA,2024,2024-06-16,foorp1,4
1731,MYCA,2024,2024-06-16,hhlfr1-SM,28
1732,MYCA,2024,2024-06-16,hhlrp1,3
1733,MYCA,2024,2024-06-16,hhlrp1-SM,2
1734,MYCA,2024,2024-06-17,HHLFR1,21
1735,MYCA,2024,2024-06-17,foorp1,6
1736,MYCA,2024,2024-06-17,hhlfr1-SM,26
1737,MYCA,2024,2024-06-18,HHLFR1,23
1738,MYCA,2024,2024-06-18,foorp1,1
1739,MYCA,2024,2024-06-18,hhlfr1-SM,27
1740,MYCA,2024,2024-06-18,srhrp1,22
1741,MYCA,2024,2024-06-18,srhrp1-SM,9
1742,MYCA,2024,2024-06-19,HHLFR1,25
1743,MYCA,2024,2024-06-19,foorp1,9
1744,MYCA,2024,2024-06-19,hhlfr1-SM,34
1745,MYCA,2024,2024-06-19,hhllk1-SM,3
1746,MYCA,2024,2024-06-19,srhms2,6
1747,MYCA,2024,2024-06-19,srhpd1,1
1748,MYCA,2024,2024-06-19,srhrp1,21
1749,MYCA,2024,2024-06-19,srhrp1-SM,3
1750,MYCA,2024,2024-06-20,HHLFR1,30
1751,MYCA,2024,2024-06-20,foorp1,10
1752,MYCA,2024,2024-06-20,hhlfr1-SM,32
1753,MYCA,2024,2024-06-20,hhllk1-SM,1
1754,MYCA,2024,2024-06-20,hhlms1-SM,3
1755,MYCA,2024,2024-06-20,srhrp1,12
1756,MYCA,2024,2024-06-20,srhrp1-SM,1
1757,MYCA,2024,2024-06-20,tlllk2,6
1758,MYCA,2024,2024-06-20,tllrp2,56
1759,MYCA,2024,2024-06-21,HHLFR1,4
1760,MYCA,2024,2024-06-21,foorp1,12
1761,MYCA,2024,2024-06-21,hhlfr1-SM,7
1762,MYCA,2024,2024-06-21,hhllk1-SM,1
1763,MYCA,2024,2024-06-21,srhrp1,8
1764,MYCA,2024,2024-06-21,tllfr2,1
1765,MYCA,2024,2024-06-21,tlllk2,2
1766,MYCA,2024,2024-06-21,tllrp2,26
1767,MYCA,2024,2024-06-22,HHLFR1,17
1768,MYCA,2024,2024-06-22,foorp1,3
1769,MYCA,2024,2024-06-22,hhlfr1-SM,19
1770,MYCA,2024,2024-06-22,hhllk1-SM,1
1771,MYCA,2024,2024-06-22,hhlrp1,3
1772,MYCA,2024,2024-06-22,srhms2,8
1773,MYCA,2024,2024-06-22,srhms2-SM,1
1774,MYCA,2024,2024-06-22,srhrp1,22
1775,MYCA,2024,2024-06-22,srhrp1-SM,16
1776,MYCA,2024,2024-06-22,tllfr2,4
1777,MYCA,2024,2024-06-22,tlllk2,11
1778,MYCA,2024,2024-06-22,tllrp2,8
1779,MYCA,2024,2024-06-23,HHLFR1,17
1780,MYCA,2024,2024-06-23,hhlfr1-SM,15
1781,MYCA,2024,2024-06-23,hhlrp1,1
1782,MYCA,2024,2024-06-23,hhlrp1-SM,1
1783,MYCA,2024,2024-06-23,srhms2-SM,1
1784,MYCA,2024,2024-06-23,srhrp1,48
1785,MYCA,2024,2024-06-23,srhrp1-SM,15
1786,MYCA,2024,2024-06-23,tllfr2,1
1787,MYCA,2024,2024-06-23,tllrp2,25
1788,MYCA,2024,2024-06-24,HHLFR1,8
1789,MYCA,2024,2024-06-24,hhlfr1-SM,14
1790,MYCA,2024,2024-06-24,hhllk1-SM,1
1791,MYCA,2024,2024-06-24,srhrp1,18
1792,MYCA,2024,2024-06-24,srhrp1-SM,12
1793,MYCA,2024,2024-06-24,tllfr2,2
1794,MYCA,2024,2024-06-24,tllrp2,30
1795,MYCA,2024,2024-06-25,HHLFR1,4
1796,MYCA,2024,2024-06-25,foorp1,4
1797,MYCA,2024,2024-06-25,hhlfr1-SM,8
1798,MYCA,2024,2024-06-25,hhllk1-SM,1
1799,MYCA,2024,2024-06-25,hhlms1-SM,1
1800,MYCA,2024,2024-06-25,srhpd1,1
1801,MYCA,2024,2024-06-25,srhrp1,18
1802,MYCA,2024,2024-06-25,srhrp1-SM,7
1803,MYCA,2024,2024-06-25,tllfr2,10
1804,MYCA,2024,2024-06-26,HHLFR1,12
1805,MYCA,2024,2024-06-26,hhlfr1-SM,14
1806,MYCA,2024,2024-06-26,hhllk1-SM,8
1807,MYCA,2024,2024-06-26,srhrp1,20
1808,MYCA,2024,2024-06-26,srhrp1-SM,6
1809,MYCA,2024,2024-06-26,tllfr2,6
1810,MYCA,2024,2024-06-26,tlllk2,4
1811,MYCA,2024,2024-06-26,yktpd1,1
1812,MYCA,2024,2024-06-27,JNU4-mvapd1,1
1813,MYCA,2024,2024-06-27,foorp1,1
1814,MYCA,2024,2024-06-27,srhrp1,7
1815,MYCA,2024,2024-06-27,srhrp1-SM,4
1816,MYCA,2024,2024-06-27,tllfr2,6
1817,MYCA,2024,2024-06-28,foorp1,1
1818,MYCA,2024,2024-06-28,tllfr2,2
1819,MYCA,2024,2024-06-29,tllfr2,3
1820,MYCA,2024,2024-06-30,foorp1,2
1821,MYCA,2024,2024-06-30,tllfr2,2
1822,MYCA,2024,2024-06-30,tlllk2,1
1823,MYCA,2024,2024-07-01,JNU4-mvapd1,1
1824,MYCA,2024,2024-07-01,foorp1,1
1825,MYCA,2024,2024-07-01,tllfr2,3
1826,MYCA,2024,2024-07-02,doube2,1
1827,MYCA,2024,2024-07-02,tllfr2,6
1828,MYCA,2024,2024-07-03,tllfr2,7
1829,MYCA,2024,2024-07-04,tllfr2,6
1830,MYCA,2024,2024-07-04,tlllk2,1
1831,MYCA,2024,2024-07-05,tllfr2,13
1832,MYCA,2024,2024-07-05,tlllk2,2
1833,MYCA,2024,2024-07-05,yktpd1,1
1834,MYCA,2024,2024-07-05,yktsb1,1
1835,MYCA,2024,2024-07-06,tllfr2,14
1836,MYCA,2024,2024-07-07,tllfr2,8
1837,MYCA,2024,2024-07-07,tlllk2,1
1838,MYCA,2024,2024-07-09,STKRP2,15
1839,MYCA,2024,2024-07-10,STKRP2,209
1840,MYCA,2024,2024-07-11,STKRP2,91
1841,MYCA,2024,2024-07-11,stkbe3,1
1842,MYCA,2024,2024-07-12,STKRP2,153
1843,MYCA,2024,2024-07-12,yktpd1,1
1844,MYCA,2024,2024-07-13,STKRP2,9
1845,MYCA,2024,2024-07-14,STKRP2,76
1846,MYCA,2024,2024-07-15,STKRP2,149
1847,MYCA,2024,2024-07-16,STKRP2,20
1848,MYCA,2024,2024-07-17,STKRP2,86
1849,MYCA,2024,2024-07-18,STKRP2,49
1850,MYCA,2024,2024-07-18,yktsb1,1
1851,MYCA,2024,2024-07-20,stkbe3,3
1852,MYCA,2024,2024-07-20,stkpd1-SM,1
1853,MYCA,2024,2024-07-21,stkbe3,1
1854,MYCA,2024,2024-07-26,stkbe3,1
1855,MYCA,2024,2024-07-27,stkbe3,1
1856,MYCAMYEV,2024,2024-06-20,HHLFR1,1
1857,MYCAMYEV,2024,2024-06-20,hhlfr1-SM,1
1858,MYCAMYEV,2024,2024-06-24,HHLFR1,1
1859,MYCAMYLU,2024,2024-06-16,HHLFR1,1
1860,MYCAMYLU,2024,2024-06-21,tlllk2,1
1861,MYCAMYLU,2024,2024-06-22,tlllk2,1
1862,MYCAMYLU,2024,2024-06-26,hhllk1-SM,1
1863,MYCAMYLU,2024,2024-07-06,JNU4-mvapd1,1
1864,MYCAMYLU,2024,2024-07-09,STKRP2,1
1865,MYCAMYLU,2024,2024-07-10,STKRP2,2
1866,MYCAMYLU,2024,2024-07-12,STKRP2,5
1867,MYCAMYLU,2024,2024-07-14,STKRP2,1
1868,MYCAMYLU,2024,2024-07-17,STKRP2,1
1869,MYCAMYLU,2024,2024-07-20,yktsb1,1
1870,MYCAMYYU,2024,2024-06-15,HHLMS1,1
1871,MYCAMYYU,2024,2024-06-17,HHLFR1,1
1872,MYCAMYYU,2024,2024-06-18,foorp1,1
1873,MYCAMYYU,2024,2024-06-18,hhlfr1-SM,1
1874,MYCAMYYU,2024,2024-06-22,HHLFR1,4
1875,MYCAMYYU,2024,2024-06-23,HHLFR1,6
1876,MYCAMYYU,2024,2024-06-24,HHLFR1,2
1877,MYCAMYYU,2024,2024-06-24,HHLMS1,1
1878,MYCAMYYU,2024,2024-06-25,HHLLK1,1
1879,MYCAMYYU,2024,2024-07-15,STKRP2,2
1880,MYEV,2024,2024-06-12,foopd1,2
1881,MYEV,2024,2024-06-13,foopd1,1
1882,MYEV,2024,2024-06-14,HHLFR1,1
1883,MYEV,2024,2024-06-14,foopd1,4
1884,MYEV,2024,2024-06-14,hhlfr1-SM,6
1885,MYEV,2024,2024-06-14,hhlms1-SM,2
1886,MYEV,2024,2024-06-15,HHLFR1,9
1887,MYEV,2024,2024-06-15,foopd1,16
1888,MYEV,2024,2024-06-15,hhlfr1-SM,14
1889,MYEV,2024,2024-06-15,hhlms1-SM,3
1890,MYEV,2024,2024-06-16,HHLFR1,8
1891,MYEV,2024,2024-06-16,foopd1,26
1892,MYEV,2024,2024-06-16,hhlfr1-SM,9
1893,MYEV,2024,2024-06-16,hhllk1-SM,1
1894,MYEV,2024,2024-06-16,hhlms1-SM,3
1895,MYEV,2024,2024-06-17,HHLFR1,6
1896,MYEV,2024,2024-06-17,foopd1,8
1897,MYEV,2024,2024-06-17,hhlfr1-SM,12
1898,MYEV,2024,2024-06-17,hhllk1-SM,2
1899,MYEV,2024,2024-06-17,hhlrp1,5
1900,MYEV,2024,2024-06-17,hhlrp1-SM,3
1901,MYEV,2024,2024-06-18,HHLFR1,7
1902,MYEV,2024,2024-06-18,foopd1,6
1903,MYEV,2024,2024-06-18,hhlfr1-SM,9
1904,MYEV,2024,2024-06-18,hhlrp1,1
1905,MYEV,2024,2024-06-18,srhms2,2
1906,MYEV,2024,2024-06-18,srhrp1-SM,1
1907,MYEV,2024,2024-06-19,HHLFR1,3
1908,MYEV,2024,2024-06-19,foopd1,5
1909,MYEV,2024,2024-06-19,hhlfr1-SM,6
1910,MYEV,2024,2024-06-19,hhllk1-SM,1
1911,MYEV,2024,2024-06-19,hhlrp1,4
1912,MYEV,2024,2024-06-19,hhlrp1-SM,1
1913,MYEV,2024,2024-06-19,srhms2,2
1914,MYEV,2024,2024-06-19,srhms2-SM,1
1915,MYEV,2024,2024-06-19,srhrp1,1
1916,MYEV,2024,2024-06-20,HHLFR1,2
1917,MYEV,2024,2024-06-20,foopd1,4
1918,MYEV,2024,2024-06-20,hhlfr1-SM,7
1919,MYEV,2024,2024-06-20,hhlms1-SM,1
1920,MYEV,2024,2024-06-20,hhlrp1,1
1921,MYEV,2024,2024-06-20,hhlrp1-SM,1
1922,MYEV,2024,2024-06-20,srhms2,6
1923,MYEV,2024,2024-06-20,srhpd1,1
1924,MYEV,2024,2024-06-20,srhrp1-SM,1
1925,MYEV,2024,2024-06-20,tlllk2,3
1926,MYEV,2024,2024-06-20,tllrp2,2
1927,MYEV,2024,2024-06-21,foopd1,9
1928,MYEV,2024,2024-06-21,hhlfr1-SM,2
1929,MYEV,2024,2024-06-21,srhms2,1
1930,MYEV,2024,2024-06-21,srhrp1,1
1931,MYEV,2024,2024-06-21,tlllk2,1
1932,MYEV,2024,2024-06-21,tllrp2,1
1933,MYEV,2024,2024-06-22,HHLFR1,5
1934,MYEV,2024,2024-06-22,foopd1,1
1935,MYEV,2024,2024-06-22,hhlfr1-SM,9
1936,MYEV,2024,2024-06-22,srhms2,3
1937,MYEV,2024,2024-06-22,srhrp1,2
1938,MYEV,2024,2024-06-22,srhrp1-SM,1
1939,MYEV,2024,2024-06-22,tlllk2,1
1940,MYEV,2024,2024-06-23,HHLFR1,4
1941,MYEV,2024,2024-06-23,foopd1,1
1942,MYEV,2024,2024-06-23,hhlfr1-SM,4
1943,MYEV,2024,2024-06-23,hhlrp1,1
1944,MYEV,2024,2024-06-23,srhms2,10
1945,MYEV,2024,2024-06-23,srhrp1,1
1946,MYEV,2024,2024-06-23,srhrp1-SM,1
1947,MYEV,2024,2024-06-23,tllfr2,2
1948,MYEV,2024,2024-06-23,tlllk2,4
1949,MYEV,2024,2024-06-24,HHLFR1,6
1950,MYEV,2024,2024-06-24,foopd1,5
1951,MYEV,2024,2024-06-24,hhlfr1-SM,11
1952,MYEV,2024,2024-06-24,hhllk1-SM,1
1953,MYEV,2024,2024-06-24,hhlms1-SM,3
1954,MYEV,2024,2024-06-24,hhlrp1,7
1955,MYEV,2024,2024-06-24,hhlrp1-SM,4
1956,MYEV,2024,2024-06-24,srhms2,6
1957,MYEV,2024,2024-06-24,srhrp1,3
1958,MYEV,2024,2024-06-24,tllfr2,7
1959,MYEV,2024,2024-06-24,tlllk2,1
1960,MYEV,2024,2024-06-25,HHLFR1,9
1961,MYEV,2024,2024-06-25,doube2,2
1962,MYEV,2024,2024-06-25,foopd1,2
1963,MYEV,2024,2024-06-25,hhlfr1-SM,10
1964,MYEV,2024,2024-06-25,srhms2,5
1965,MYEV,2024,2024-06-25,srhrp1,1
1966,MYEV,2024,2024-06-25,srhrp1-SM,1
1967,MYEV,2024,2024-06-25,tllfr2,11
1968,MYEV,2024,2024-06-25,tlllk2,2
1969,MYEV,2024,2024-06-26,HHLFR1,4
1970,MYEV,2024,2024-06-26,JNU4-mvapd1,1
1971,MYEV,2024,2024-06-26,foopd1,2
1972,MYEV,2024,2024-06-26,hhlfr1-SM,7
1973,MYEV,2024,2024-06-26,hhllk1-SM,2
1974,MYEV,2024,2024-06-26,hhlrp1,1
1975,MYEV,2024,2024-06-26,srhms2,5
1976,MYEV,2024,2024-06-26,srhms2-SM,1
1977,MYEV,2024,2024-06-26,srhrp1,1
1978,MYEV,2024,2024-06-26,srhrp1-SM,1
1979,MYEV,2024,2024-06-26,tllfr2,6
1980,MYEV,2024,2024-06-26,tlllk2,4
1981,MYEV,2024,2024-06-27,JNU1-mvafr1,1
1982,MYEV,2024,2024-06-27,JNU4-mvapd1,2
1983,MYEV,2024,2024-06-27,foopd1,2
1984,MYEV,2024,2024-06-27,srhms2,2
1985,MYEV,2024,2024-06-27,srhpd1,1
1986,MYEV,2024,2024-06-27,srhrp1,1
1987,MYEV,2024,2024-06-27,srhrp1-SM,1
1988,MYEV,2024,2024-06-27,tllfr2,14
1989,MYEV,2024,2024-06-27,tlllk2,1
1990,MYEV,2024,2024-06-28,tllfr2,1
1991,MYEV,2024,2024-06-28,tlllk2,3
1992,MYEV,2024,2024-06-29,JNU4-mvapd1,2
1993,MYEV,2024,2024-06-29,foopd1,1
1994,MYEV,2024,2024-06-29,tllfr2,23
1995,MYEV,2024,2024-06-29,yktpd1,1
1996,MYEV,2024,2024-06-30,dourp1,1
1997,MYEV,2024,2024-06-30,tllfr2,6
1998,MYEV,2024,2024-06-30,tlllk2,3
1999,MYEV,2024,2024-07-01,doube2,4
2000,MYEV,2024,2024-07-01,tllfr2,3
2001,MYEV,2024,2024-07-01,tlllk2,17
2002,MYEV,2024,2024-07-02,doube2,1
2003,MYEV,2024,2024-07-02,foopd1,1
2004,MYEV,2024,2024-07-02,tllfr2,1
2005,MYEV,2024,2024-07-02,tlllk2,18
2006,MYEV,2024,2024-07-03,JNU4-mvapd1,1
2007,MYEV,2024,2024-07-03,foopd1,1
2008,MYEV,2024,2024-07-03,tllfr2,4
2009,MYEV,2024,2024-07-03,tlllk2,4
2010,MYEV,2024,2024-07-04,JNU4-mvapd1,2
2011,MYEV,2024,2024-07-04,foopd1,1
2012,MYEV,2024,2024-07-04,tllfr2,17
2013,MYEV,2024,2024-07-04,tlllk2,5
2014,MYEV,2024,2024-07-04,yktsb1,1
2015,MYEV,2024,2024-07-05,JNU1-mvafr1,1
2016,MYEV,2024,2024-07-05,tllfr2,44
2017,MYEV,2024,2024-07-05,tlllk2,2
2018,MYEV,2024,2024-07-06,JNU4-mvapd1,2
2019,MYEV,2024,2024-07-06,foopd1,1
2020,MYEV,2024,2024-07-06,tllfr2,42
2021,MYEV,2024,2024-07-06,tlllk2,5
2022,MYEV,2024,2024-07-07,tllfr2,37
2023,MYEV,2024,2024-07-07,tlllk2,4
2024,MYEV,2024,2024-07-08,foopd1,3
2025,MYEV,2024,2024-07-12,yktsb1,1
2026,MYEV,2024,2024-07-21,stkbe3,1
2027,MYEV,2024,2024-07-26,STKPD1,1
2028,MYEVMYLU,2024,2024-06-19,hhllk1-SM,1
2029,MYEVMYLU,2024,2024-06-21,tlllk2,1
2030,MYEVMYLU,2024,2024-06-25,doube2,1
2031,MYEVMYLU,2024,2024-06-25,foopd1,1
2032,MYEVMYLU,2024,2024-06-28,yktpd1,1
2033,MYEVMYLU,2024,2024-06-30,tlllk2,1
2034,MYEVMYLU,2024,2024-06-30,yktpd1,1
2035,MYEVMYLU,2024,2024-07-01,doube2,1
2036,MYEVMYLU,2024,2024-07-01,tlllk2,1
2037,MYEVMYLU,2024,2024-07-01,yktpd1,1
2038,MYEVMYLU,2024,2024-07-03,tlllk2,1
2039,MYEVMYLU,2024,2024-07-03,yktsb1,1
2040,MYEVMYLU,2024,2024-07-05,tlllk2,1
2041,MYEVMYLU,2024,2024-07-06,JNU4-mvapd1,1
2042,MYEVMYLU,2024,2024-07-06,yktmd1,1
2043,MYEVMYLU,2024,2024-07-07,yktpd1,1
2044,MYEVMYLU,2024,2024-07-10,yktsb1,1
2045,MYEVMYVO,2024,2024-07-04,tlllk2,1
2046,MYLU,2024,2024-06-12,foopd1,4
2047,MYLU,2024,2024-06-12,foorp1,1
2048,MYLU,2024,2024-06-13,foopd1,2
2049,MYLU,2024,2024-06-14,HHLLK1,2
2050,MYLU,2024,2024-06-14,foopd1,4
2051,MYLU,2024,2024-06-14,foorp1,1
2052,MYLU,2024,2024-06-14,hhllk1-SM,8
2053,MYLU,2024,2024-06-14,hhlms1-SM,2
2054,MYLU,2024,2024-06-15,HHLLK1,2
2055,MYLU,2024,2024-06-15,foopd1,8
2056,MYLU,2024,2024-06-15,foorp1,8
2057,MYLU,2024,2024-06-15,hhllk1-SM,21
2058,MYLU,2024,2024-06-15,hhlms1-SM,1
2059,MYLU,2024,2024-06-15,hhlrp1,3
2060,MYLU,2024,2024-06-15,hhlrp1-SM,2
2061,MYLU,2024,2024-06-16,HHLFR1,1
2062,MYLU,2024,2024-06-16,HHLLK1,3
2063,MYLU,2024,2024-06-16,foopd1,4
2064,MYLU,2024,2024-06-16,foorp1,4
2065,MYLU,2024,2024-06-16,hhlfr1-SM,2
2066,MYLU,2024,2024-06-16,hhllk1-SM,7
2067,MYLU,2024,2024-06-16,hhlms1-SM,1
2068,MYLU,2024,2024-06-16,hhlrp1,3
2069,MYLU,2024,2024-06-16,hhlrp1-SM,1
2070,MYLU,2024,2024-06-17,foopd1,2
2071,MYLU,2024,2024-06-17,foorp1,6
2072,MYLU,2024,2024-06-17,hhllk1-SM,1
2073,MYLU,2024,2024-06-17,hhlrp1,2
2074,MYLU,2024,2024-06-17,hhlrp1-SM,2
2075,MYLU,2024,2024-06-18,HHLLK1,3
2076,MYLU,2024,2024-06-18,foopd1,6
2077,MYLU,2024,2024-06-18,foorp1,2
2078,MYLU,2024,2024-06-18,hhllk1-SM,15
2079,MYLU,2024,2024-06-18,hhlms1-SM,4
2080,MYLU,2024,2024-06-18,hhlrp1,4
2081,MYLU,2024,2024-06-18,srhbe2,1
2082,MYLU,2024,2024-06-18,srhms2-SM,1
2083,MYLU,2024,2024-06-18,srhpd1,402
2084,MYLU,2024,2024-06-18,srhrp1,2
2085,MYLU,2024,2024-06-18,srhrp1-SM,4
2086,MYLU,2024,2024-06-19,HHLLK1,4
2087,MYLU,2024,2024-06-19,foopd1,8
2088,MYLU,2024,2024-06-19,foorp1,6
2089,MYLU,2024,2024-06-19,hhllk1-SM,8
2090,MYLU,2024,2024-06-19,hhlms1-SM,1
2091,MYLU,2024,2024-06-19,hhlrp1,5
2092,MYLU,2024,2024-06-19,hhlrp1-SM,4
2093,MYLU,2024,2024-06-19,srhbe2,2
2094,MYLU,2024,2024-06-19,srhms2,1
2095,MYLU,2024,2024-06-19,srhms2-SM,5
2096,MYLU,2024,2024-06-19,srhpd1,330
2097,MYLU,2024,2024-06-19,srhrp1,1
2098,MYLU,2024,2024-06-19,srhrp1-SM,1
2099,MYLU,2024,2024-06-20,HHLFR1,1
2100,MYLU,2024,2024-06-20,foopd1,6
2101,MYLU,2024,2024-06-20,foorp1,1
2102,MYLU,2024,2024-06-20,hhlfr1-SM,3
2103,MYLU,2024,2024-06-20,hhllk1-SM,4
2104,MYLU,2024,2024-06-20,hhlrp1,1
2105,MYLU,2024,2024-06-20,hhlrp1-SM,1
2106,MYLU,2024,2024-06-20,srhbe2,4
2107,MYLU,2024,2024-06-20,srhms2,1
2108,MYLU,2024,2024-06-20,srhms2-SM,5
2109,MYLU,2024,2024-06-20,srhpd1,296
2110,MYLU,2024,2024-06-20,srhrp1,8
2111,MYLU,2024,2024-06-20,srhrp1-SM,8
2112,MYLU,2024,2024-06-20,tlllk2,375
2113,MYLU,2024,2024-06-20,tllrp2,9
2114,MYLU,2024,2024-06-21,HHLFR1,1
2115,MYLU,2024,2024-06-21,srhbe2,19
2116,MYLU,2024,2024-06-21,srhms2-SM,11
2117,MYLU,2024,2024-06-21,srhpd1,228
2118,MYLU,2024,2024-06-21,srhrp1,5
2119,MYLU,2024,2024-06-21,srhrp1-SM,2
2120,MYLU,2024,2024-06-21,tlllk2,553
2121,MYLU,2024,2024-06-21,tllrp2,2
2122,MYLU,2024,2024-06-22,hhllk1-SM,2
2123,MYLU,2024,2024-06-22,hhlrp1,3
2124,MYLU,2024,2024-06-22,hhlrp1-SM,1
2125,MYLU,2024,2024-06-22,srhbe2,21
2126,MYLU,2024,2024-06-22,srhms2,1
2127,MYLU,2024,2024-06-22,srhms2-SM,12
2128,MYLU,2024,2024-06-22,srhpd1,344
2129,MYLU,2024,2024-06-22,srhrp1,3
2130,MYLU,2024,2024-06-22,srhrp1-SM,3
2131,MYLU,2024,2024-06-22,tlllk2,766
2132,MYLU,2024,2024-06-22,tllrp2,1
2133,MYLU,2024,2024-06-23,HHLLK1,7
2134,MYLU,2024,2024-06-23,foopd1,1
2135,MYLU,2024,2024-06-23,hhllk1-SM,30
2136,MYLU,2024,2024-06-23,hhlrp1,2
2137,MYLU,2024,2024-06-23,srhbe2,20
2138,MYLU,2024,2024-06-23,srhms2,2
2139,MYLU,2024,2024-06-23,srhms2-SM,14
2140,MYLU,2024,2024-06-23,srhpd1,383
2141,MYLU,2024,2024-06-23,srhrp1,9
2142,MYLU,2024,2024-06-23,srhrp1-SM,12
2143,MYLU,2024,2024-06-23,tllfr2,1
2144,MYLU,2024,2024-06-23,tlllk2,404
2145,MYLU,2024,2024-06-23,tllrp2,1
2146,MYLU,2024,2024-06-24,foopd1,8
2147,MYLU,2024,2024-06-24,hhllk1-SM,5
2148,MYLU,2024,2024-06-24,hhlms1-SM,5
2149,MYLU,2024,2024-06-24,hhlrp1,3
2150,MYLU,2024,2024-06-24,srhbe2,11
2151,MYLU,2024,2024-06-24,srhms2,1
2152,MYLU,2024,2024-06-24,srhms2-SM,16
2153,MYLU,2024,2024-06-24,srhpd1,435
2154,MYLU,2024,2024-06-24,srhrp1,11
2155,MYLU,2024,2024-06-24,srhrp1-SM,6
2156,MYLU,2024,2024-06-24,tlllk2,602
2157,MYLU,2024,2024-06-24,tllrp2,1
2158,MYLU,2024,2024-06-25,JNU1-mvafr1,30
2159,MYLU,2024,2024-06-25,doube2,165
2160,MYLU,2024,2024-06-25,foopd1,24
2161,MYLU,2024,2024-06-25,hhllk1-SM,5
2162,MYLU,2024,2024-06-25,hhlms1-SM,3
2163,MYLU,2024,2024-06-25,hhlrp1,3
2164,MYLU,2024,2024-06-25,hhlrp1-SM,3
2165,MYLU,2024,2024-06-25,srhbe2,14
2166,MYLU,2024,2024-06-25,srhms2-SM,18
2167,MYLU,2024,2024-06-25,srhpd1,321
2168,MYLU,2024,2024-06-25,srhrp1,34
2169,MYLU,2024,2024-06-25,srhrp1-SM,10
2170,MYLU,2024,2024-06-25,tlllk2,495
2171,MYLU,2024,2024-06-25,yktpd1,250
2172,MYLU,2024,2024-06-26,JNU1-mvafr1,56
2173,MYLU,2024,2024-06-26,JNU3-mvawt2,7
2174,MYLU,2024,2024-06-26,JNU4-mvapd1,282
2175,MYLU,2024,2024-06-26,doube2,101
2176,MYLU,2024,2024-06-26,doufr1,41
2177,MYLU,2024,2024-06-26,doums1,30
2178,MYLU,2024,2024-06-26,dourp1,1
2179,MYLU,2024,2024-06-26,foopd1,1
2180,MYLU,2024,2024-06-26,hhllk1-SM,2
2181,MYLU,2024,2024-06-26,hhlrp1,4
2182,MYLU,2024,2024-06-26,hhlrp1-SM,2
2183,MYLU,2024,2024-06-26,srhbe2,4
2184,MYLU,2024,2024-06-26,srhms2,1
2185,MYLU,2024,2024-06-26,srhms2-SM,8
2186,MYLU,2024,2024-06-26,srhpd1,347
2187,MYLU,2024,2024-06-26,srhrp1,32
2188,MYLU,2024,2024-06-26,srhrp1-SM,21
2189,MYLU,2024,2024-06-26,tlllk2,200
2190,MYLU,2024,2024-06-26,yktmd1,14
2191,MYLU,2024,2024-06-26,yktpd1,281
2192,MYLU,2024,2024-06-27,JNU1-mvafr1,79
2193,MYLU,2024,2024-06-27,JNU2-mvalk1,107
2194,MYLU,2024,2024-06-27,JNU3-mvawt2,10
2195,MYLU,2024,2024-06-27,JNU4-mvapd1,356
2196,MYLU,2024,2024-06-27,doube2,79
2197,MYLU,2024,2024-06-27,doufr1,30
2198,MYLU,2024,2024-06-27,doums1,23
2199,MYLU,2024,2024-06-27,dourp1,3
2200,MYLU,2024,2024-06-27,foopd1,10
2201,MYLU,2024,2024-06-27,srhbe2,2
2202,MYLU,2024,2024-06-27,srhms2-SM,3
2203,MYLU,2024,2024-06-27,srhpd1,323
2204,MYLU,2024,2024-06-27,srhrp1,8
2205,MYLU,2024,2024-06-27,srhrp1-SM,12
2206,MYLU,2024,2024-06-27,tllfr2,1
2207,MYLU,2024,2024-06-27,tlllk2,187
2208,MYLU,2024,2024-06-27,yktmd1,9
2209,MYLU,2024,2024-06-27,yktpd1,346
2210,MYLU,2024,2024-06-27,yktsb1,389
2211,MYLU,2024,2024-06-28,JNU1-mvafr1,32
2212,MYLU,2024,2024-06-28,JNU2-mvalk1,156
2213,MYLU,2024,2024-06-28,JNU3-mvawt2,14
2214,MYLU,2024,2024-06-28,JNU4-mvapd1,426
2215,MYLU,2024,2024-06-28,doube2,79
2216,MYLU,2024,2024-06-28,doufr1,18
2217,MYLU,2024,2024-06-28,doums1,19
2218,MYLU,2024,2024-06-28,dourp1,9
2219,MYLU,2024,2024-06-28,foopd1,7
2220,MYLU,2024,2024-06-28,tlllk2,161
2221,MYLU,2024,2024-06-28,yktmd1,5
2222,MYLU,2024,2024-06-28,yktpd1,318
2223,MYLU,2024,2024-06-28,yktsb1,280
2224,MYLU,2024,2024-06-29,JNU1-mvafr1,26
2225,MYLU,2024,2024-06-29,JNU2-mvalk1,98
2226,MYLU,2024,2024-06-29,JNU3-mvawt2,7
2227,MYLU,2024,2024-06-29,JNU4-mvapd1,365
2228,MYLU,2024,2024-06-29,doube2,73
2229,MYLU,2024,2024-06-29,doufr1,18
2230,MYLU,2024,2024-06-29,doums1,22
2231,MYLU,2024,2024-06-29,dourp1,6
2232,MYLU,2024,2024-06-29,foopd1,7
2233,MYLU,2024,2024-06-29,tllfr2,1
2234,MYLU,2024,2024-06-29,tlllk2,259
2235,MYLU,2024,2024-06-29,yktmd1,13
2236,MYLU,2024,2024-06-29,yktpd1,335
2237,MYLU,2024,2024-06-29,yktsb1,137
2238,MYLU,2024,2024-06-30,JNU1-mvafr1,19
2239,MYLU,2024,2024-06-30,JNU2-mvalk1,44
2240,MYLU,2024,2024-06-30,JNU3-mvawt2,12
2241,MYLU,2024,2024-06-30,JNU4-mvapd1,229
2242,MYLU,2024,2024-06-30,doube2,100
2243,MYLU,2024,2024-06-30,doufr1,12
2244,MYLU,2024,2024-06-30,doums1,13
2245,MYLU,2024,2024-06-30,dourp1,6
2246,MYLU,2024,2024-06-30,foopd1,12
2247,MYLU,2024,2024-06-30,tlllk2,661
2248,MYLU,2024,2024-06-30,yktmd1,5
2249,MYLU,2024,2024-06-30,yktpd1,358
2250,MYLU,2024,2024-06-30,yktsb1,322
2251,MYLU,2024,2024-07-01,JNU1-mvafr1,18
2252,MYLU,2024,2024-07-01,JNU2-mvalk1,67
2253,MYLU,2024,2024-07-01,JNU3-mvawt2,11
2254,MYLU,2024,2024-07-01,JNU4-mvapd1,147
2255,MYLU,2024,2024-07-01,doube2,39
2256,MYLU,2024,2024-07-01,doufr1,1
2257,MYLU,2024,2024-07-01,doums1,20
2258,MYLU,2024,2024-07-01,dourp1,7
2259,MYLU,2024,2024-07-01,foopd1,5
2260,MYLU,2024,2024-07-01,tlllk2,525
2261,MYLU,2024,2024-07-01,yktmd1,7
2262,MYLU,2024,2024-07-01,yktpd1,359
2263,MYLU,2024,2024-07-01,yktsb1,328
2264,MYLU,2024,2024-07-02,JNU1-mvafr1,17
2265,MYLU,2024,2024-07-02,JNU2-mvalk1,89
2266,MYLU,2024,2024-07-02,JNU3-mvawt2,11
2267,MYLU,2024,2024-07-02,JNU4-mvapd1,302
2268,MYLU,2024,2024-07-02,doube2,93
2269,MYLU,2024,2024-07-02,doufr1,1
2270,MYLU,2024,2024-07-02,doums1,23
2271,MYLU,2024,2024-07-02,dourp1,4
2272,MYLU,2024,2024-07-02,foopd1,4
2273,MYLU,2024,2024-07-02,tllfr2,2
2274,MYLU,2024,2024-07-02,tlllk2,676
2275,MYLU,2024,2024-07-02,yktmd1,14
2276,MYLU,2024,2024-07-02,yktpd1,269
2277,MYLU,2024,2024-07-02,yktsb1,160
2278,MYLU,2024,2024-07-03,JNU1-mvafr1,27
2279,MYLU,2024,2024-07-03,JNU2-mvalk1,119
2280,MYLU,2024,2024-07-03,JNU3-mvawt2,18
2281,MYLU,2024,2024-07-03,JNU4-mvapd1,634
2282,MYLU,2024,2024-07-03,doube2,62
2283,MYLU,2024,2024-07-03,doufr1,11
2284,MYLU,2024,2024-07-03,doums1,52
2285,MYLU,2024,2024-07-03,dourp1,8
2286,MYLU,2024,2024-07-03,foopd1,4
2287,MYLU,2024,2024-07-03,tlllk2,817
2288,MYLU,2024,2024-07-03,yktmd1,15
2289,MYLU,2024,2024-07-03,yktpd1,296
2290,MYLU,2024,2024-07-03,yktsb1,286
2291,MYLU,2024,2024-07-04,JNU1-mvafr1,64
2292,MYLU,2024,2024-07-04,JNU2-mvalk1,189
2293,MYLU,2024,2024-07-04,JNU3-mvawt2,11
2294,MYLU,2024,2024-07-04,JNU4-mvapd1,500
2295,MYLU,2024,2024-07-04,doube2,109
2296,MYLU,2024,2024-07-04,doufr1,14
2297,MYLU,2024,2024-07-04,doums1,61
2298,MYLU,2024,2024-07-04,dourp1,2
2299,MYLU,2024,2024-07-04,foopd1,1
2300,MYLU,2024,2024-07-04,tllfr2,1
2301,MYLU,2024,2024-07-04,tlllk2,703
2302,MYLU,2024,2024-07-04,yktmd1,12
2303,MYLU,2024,2024-07-04,yktpd1,389
2304,MYLU,2024,2024-07-04,yktsb1,262
2305,MYLU,2024,2024-07-05,JNU1-mvafr1,49
2306,MYLU,2024,2024-07-05,JNU2-mvalk1,201
2307,MYLU,2024,2024-07-05,JNU3-mvawt2,17
2308,MYLU,2024,2024-07-05,JNU4-mvapd1,405
2309,MYLU,2024,2024-07-05,doube2,160
2310,MYLU,2024,2024-07-05,doufr1,13
2311,MYLU,2024,2024-07-05,doums1,22
2312,MYLU,2024,2024-07-05,dourp1,1
2313,MYLU,2024,2024-07-05,foopd1,3
2314,MYLU,2024,2024-07-05,tllfr2,1
2315,MYLU,2024,2024-07-05,tlllk2,428
2316,MYLU,2024,2024-07-05,yktmd1,7
2317,MYLU,2024,2024-07-05,yktpd1,223
2318,MYLU,2024,2024-07-05,yktsb1,234
2319,MYLU,2024,2024-07-06,JNU1-mvafr1,68
2320,MYLU,2024,2024-07-06,JNU2-mvalk1,265
2321,MYLU,2024,2024-07-06,JNU3-mvawt2,20
2322,MYLU,2024,2024-07-06,JNU4-mvapd1,427
2323,MYLU,2024,2024-07-06,doube2,199
2324,MYLU,2024,2024-07-06,doufr1,20
2325,MYLU,2024,2024-07-06,doums1,17
2326,MYLU,2024,2024-07-06,dourp1,4
2327,MYLU,2024,2024-07-06,foopd1,2
2328,MYLU,2024,2024-07-06,tlllk2,478
2329,MYLU,2024,2024-07-06,yktmd1,6
2330,MYLU,2024,2024-07-06,yktpd1,353
2331,MYLU,2024,2024-07-06,yktsb1,251
2332,MYLU,2024,2024-07-07,JNU1-mvafr1,86
2333,MYLU,2024,2024-07-07,JNU2-mvalk1,132
2334,MYLU,2024,2024-07-07,JNU3-mvawt2,12
2335,MYLU,2024,2024-07-07,JNU4-mvapd1,193
2336,MYLU,2024,2024-07-07,doube2,41
2337,MYLU,2024,2024-07-07,doufr1,35
2338,MYLU,2024,2024-07-07,doums1,7
2339,MYLU,2024,2024-07-07,foopd1,4
2340,MYLU,2024,2024-07-07,tlllk2,319
2341,MYLU,2024,2024-07-07,yktmd1,5
2342,MYLU,2024,2024-07-07,yktpd1,258
2343,MYLU,2024,2024-07-07,yktsb1,241
2344,MYLU,2024,2024-07-08,JNU1-mvafr1,135
2345,MYLU,2024,2024-07-08,JNU2-mvalk1,183
2346,MYLU,2024,2024-07-08,JNU3-mvawt2,12
2347,MYLU,2024,2024-07-08,JNU4-mvapd1,208
2348,MYLU,2024,2024-07-08,doube2,98
2349,MYLU,2024,2024-07-08,foopd1,20
2350,MYLU,2024,2024-07-08,yktmd1,3
2351,MYLU,2024,2024-07-08,yktpd1,398
2352,MYLU,2024,2024-07-08,yktsb1,251
2353,MYLU,2024,2024-07-09,STKPD1,8
2354,MYLU,2024,2024-07-09,STKRP2,1
2355,MYLU,2024,2024-07-09,yktmd1,6
2356,MYLU,2024,2024-07-09,yktpd1,337
2357,MYLU,2024,2024-07-09,yktsb1,292
2358,MYLU,2024,2024-07-10,STKPD1,21
2359,MYLU,2024,2024-07-10,STKRP2,5
2360,MYLU,2024,2024-07-10,stkbe3,1
2361,MYLU,2024,2024-07-10,stkpd1-SM,3
2362,MYLU,2024,2024-07-10,yktmd1,1
2363,MYLU,2024,2024-07-10,yktpd1,307
2364,MYLU,2024,2024-07-10,yktsb1,228
2365,MYLU,2024,2024-07-11,STKPD1,4
2366,MYLU,2024,2024-07-11,STKRP2,5
2367,MYLU,2024,2024-07-11,stkbe3,1
2368,MYLU,2024,2024-07-11,stkpd1-SM,3
2369,MYLU,2024,2024-07-11,yktpd1,7
2370,MYLU,2024,2024-07-12,STKPD1,19
2371,MYLU,2024,2024-07-12,STKRP2,3
2372,MYLU,2024,2024-07-12,stkbe3,1
2373,MYLU,2024,2024-07-12,stkpd1-SM,1
2374,MYLU,2024,2024-07-12,yktmd1,2
2375,MYLU,2024,2024-07-12,yktpd1,226
2376,MYLU,2024,2024-07-12,yktsb1,243
2377,MYLU,2024,2024-07-14,STKPD1,23
2378,MYLU,2024,2024-07-14,stkbe3,1
2379,MYLU,2024,2024-07-15,STKPD1,3
2380,MYLU,2024,2024-07-15,STKRP2,1
2381,MYLU,2024,2024-07-15,yktmd1,12
2382,MYLU,2024,2024-07-15,yktsb1,109
2383,MYLU,2024,2024-07-16,STKPD1,2
2384,MYLU,2024,2024-07-16,STKRP2,1
2385,MYLU,2024,2024-07-16,stkbe3,2
2386,MYLU,2024,2024-07-16,yktmd1,5
2387,MYLU,2024,2024-07-16,yktsb1,38
2388,MYLU,2024,2024-07-17,yktmd1,7
2389,MYLU,2024,2024-07-17,yktsb1,12
2390,MYLU,2024,2024-07-18,STKPD1,1
2391,MYLU,2024,2024-07-18,STKRP2,1
2392,MYLU,2024,2024-07-18,yktmd1,16
2393,MYLU,2024,2024-07-18,yktsb1,38
2394,MYLU,2024,2024-07-19,STKPD1,1
2395,MYLU,2024,2024-07-19,yktmd1,13
2396,MYLU,2024,2024-07-19,yktsb1,40
2397,MYLU,2024,2024-07-20,stkbe3,4
2398,MYLU,2024,2024-07-20,yktmd1,11
2399,MYLU,2024,2024-07-20,yktsb1,123
2400,MYLU,2024,2024-07-21,stkbe3,5
2401,MYLU,2024,2024-07-21,stkpd1-SM,2
2402,MYLU,2024,2024-07-21,yktmd1,12
2403,MYLU,2024,2024-07-21,yktsb1,34
2404,MYLU,2024,2024-07-22,stkbe3,3
2405,MYLU,2024,2024-07-22,yktmd1,19
2406,MYLU,2024,2024-07-24,STKPD1,1
2407,MYLU,2024,2024-07-24,stkbe3,2
2408,MYLU,2024,2024-07-25,stkbe3,3
2409,MYLU,2024,2024-07-26,STKPD1,2
2410,MYLU,2024,2024-07-26,stkbe3,1
2411,MYLU,2024,2024-07-27,stkbe3,3
2412,MYLU,2024,2024-07-27,yktsb1,27
2413,MYLU,2024,2024-07-28,stkbe3,6
2414,MYLU,2024,2024-07-28,yktsb1,40
2415,MYLU,2024,2024-07-29,STKPD1,2
2416,MYLU,2024,2024-07-29,stkbe3,5
2417,MYLU,2024,2024-07-29,yktsb1,2
2418,MYLU,2024,2024-07-30,yktsb1,9
2419,MYLU,2024,2024-07-31,STKPD1,1
2420,MYLU,2024,2024-08-02,STKPD1,1
2421,MYLU,2024,2024-08-03,STKPD1,5
2422,MYLU,2024,2024-08-04,STKPD1,3
2423,MYLU,2024,2024-08-06,STKPD1,2
2424,MYLU,2024,2024-08-07,STKPD1,4
2425,MYLUMYVO,2024,2024-06-12,foofr2,2
2426,MYLUMYVO,2024,2024-06-12,foopd1,3
2427,MYLUMYVO,2024,2024-06-12,foorp1,3
2428,MYLUMYVO,2024,2024-06-13,foofr2,4
2429,MYLUMYVO,2024,2024-06-13,foopd1,1
2430,MYLUMYVO,2024,2024-06-14,HHLLK1,34
2431,MYLUMYVO,2024,2024-06-14,HHLMS1,3
2432,MYLUMYVO,2024,2024-06-14,foopd1,1
2433,MYLUMYVO,2024,2024-06-14,hhllk1-SM,1
2434,MYLUMYVO,2024,2024-06-15,HHLLK1,15
2435,MYLUMYVO,2024,2024-06-15,HHLMS1,1
2436,MYLUMYVO,2024,2024-06-15,Transects,1
2437,MYLUMYVO,2024,2024-06-15,foofr2,3
2438,MYLUMYVO,2024,2024-06-15,fooms1,1
2439,MYLUMYVO,2024,2024-06-15,foopd1,6
2440,MYLUMYVO,2024,2024-06-15,foorp1,4
2441,MYLUMYVO,2024,2024-06-15,hhlms1-SM,2
2442,MYLUMYVO,2024,2024-06-16,HHLFR1,2
2443,MYLUMYVO,2024,2024-06-16,HHLLK1,23
2444,MYLUMYVO,2024,2024-06-16,HHLMS1,2
2445,MYLUMYVO,2024,2024-06-16,foofr2,1
2446,MYLUMYVO,2024,2024-06-16,foopd1,5
2447,MYLUMYVO,2024,2024-06-16,foorp1,3
2448,MYLUMYVO,2024,2024-06-16,hhlrp1,1
2449,MYLUMYVO,2024,2024-06-17,HHLFR1,3
2450,MYLUMYVO,2024,2024-06-17,HHLLK1,20
2451,MYLUMYVO,2024,2024-06-17,HHLMS1,1
2452,MYLUMYVO,2024,2024-06-17,foofr2,2
2453,MYLUMYVO,2024,2024-06-17,fooms1,2
2454,MYLUMYVO,2024,2024-06-17,foopd1,1
2455,MYLUMYVO,2024,2024-06-17,foorp1,6
2456,MYLUMYVO,2024,2024-06-17,hhllk1-SM,1
2457,MYLUMYVO,2024,2024-06-18,HHLFR1,2
2458,MYLUMYVO,2024,2024-06-18,HHLLK1,24
2459,MYLUMYVO,2024,2024-06-18,HHLMS1,3
2460,MYLUMYVO,2024,2024-06-18,foofr2,1
2461,MYLUMYVO,2024,2024-06-18,foorp1,4
2462,MYLUMYVO,2024,2024-06-18,hhllk1-SM,1
2463,MYLUMYVO,2024,2024-06-18,srhpd1,13
2464,MYLUMYVO,2024,2024-06-18,srhrp1,6
2465,MYLUMYVO,2024,2024-06-19,HHLFR1,1
2466,MYLUMYVO,2024,2024-06-19,HHLLK1,34
2467,MYLUMYVO,2024,2024-06-19,HHLMS1,2
2468,MYLUMYVO,2024,2024-06-19,foofr2,1
2469,MYLUMYVO,2024,2024-06-19,foopd1,3
2470,MYLUMYVO,2024,2024-06-19,foorp1,7
2471,MYLUMYVO,2024,2024-06-19,hhllk1-SM,1
2472,MYLUMYVO,2024,2024-06-19,srhbe2,1
2473,MYLUMYVO,2024,2024-06-19,srhms2,1
2474,MYLUMYVO,2024,2024-06-19,srhpd1,15
2475,MYLUMYVO,2024,2024-06-19,srhrp1,1
2476,MYLUMYVO,2024,2024-06-20,HHLFR1,3
2477,MYLUMYVO,2024,2024-06-20,HHLLK1,22
2478,MYLUMYVO,2024,2024-06-20,HHLMS1,1
2479,MYLUMYVO,2024,2024-06-20,Transects,2
2480,MYLUMYVO,2024,2024-06-20,fooms1,2
2481,MYLUMYVO,2024,2024-06-20,foopd1,1
2482,MYLUMYVO,2024,2024-06-20,foorp1,7
2483,MYLUMYVO,2024,2024-06-20,hhllk1-SM,1
2484,MYLUMYVO,2024,2024-06-20,hhlrp1,2
2485,MYLUMYVO,2024,2024-06-20,hhlrp1-SM,1
2486,MYLUMYVO,2024,2024-06-20,srhms2,1
2487,MYLUMYVO,2024,2024-06-20,srhpd1,16
2488,MYLUMYVO,2024,2024-06-20,srhrp1,1
2489,MYLUMYVO,2024,2024-06-20,tlllk2,8
2490,MYLUMYVO,2024,2024-06-20,tllrp2,39
2491,MYLUMYVO,2024,2024-06-21,HHLMS1,2
2492,MYLUMYVO,2024,2024-06-21,foopd1,2
2493,MYLUMYVO,2024,2024-06-21,srhbe2,27
2494,MYLUMYVO,2024,2024-06-21,srhms2-SM,1
2495,MYLUMYVO,2024,2024-06-21,srhpd1,31
2496,MYLUMYVO,2024,2024-06-21,srhrp1,5
2497,MYLUMYVO,2024,2024-06-21,tlllk2,13
2498,MYLUMYVO,2024,2024-06-21,tllms1,1
2499,MYLUMYVO,2024,2024-06-21,tllrp2,4
2500,MYLUMYVO,2024,2024-06-22,HHLMS1,2
2501,MYLUMYVO,2024,2024-06-22,foofr2,2
2502,MYLUMYVO,2024,2024-06-22,foopd1,3
2503,MYLUMYVO,2024,2024-06-22,srhbe2,21
2504,MYLUMYVO,2024,2024-06-22,srhms2,2
2505,MYLUMYVO,2024,2024-06-22,srhpd1,8
2506,MYLUMYVO,2024,2024-06-22,srhrp1,4
2507,MYLUMYVO,2024,2024-06-22,tlllk2,3
2508,MYLUMYVO,2024,2024-06-22,tllms1,1
2509,MYLUMYVO,2024,2024-06-22,tllrp2,2
2510,MYLUMYVO,2024,2024-06-23,HHLLK1,36
2511,MYLUMYVO,2024,2024-06-23,HHLMS1,2
2512,MYLUMYVO,2024,2024-06-23,foopd1,3
2513,MYLUMYVO,2024,2024-06-23,hhlrp1,1
2514,MYLUMYVO,2024,2024-06-23,srhbe2,10
2515,MYLUMYVO,2024,2024-06-23,srhms2,2
2516,MYLUMYVO,2024,2024-06-23,srhpd1,12
2517,MYLUMYVO,2024,2024-06-23,srhrp1,16
2518,MYLUMYVO,2024,2024-06-23,tllfr2,1
2519,MYLUMYVO,2024,2024-06-23,tlllk2,8
2520,MYLUMYVO,2024,2024-06-23,tllrp2,7
2521,MYLUMYVO,2024,2024-06-24,HHLLK1,13
2522,MYLUMYVO,2024,2024-06-24,HHLMS1,6
2523,MYLUMYVO,2024,2024-06-24,foofr2,2
2524,MYLUMYVO,2024,2024-06-24,foopd1,9
2525,MYLUMYVO,2024,2024-06-24,hnhbe2,3
2526,MYLUMYVO,2024,2024-06-24,srhms2-SM,1
2527,MYLUMYVO,2024,2024-06-24,srhpd1,15
2528,MYLUMYVO,2024,2024-06-24,srhrp1,2
2529,MYLUMYVO,2024,2024-06-24,tlllk2,3
2530,MYLUMYVO,2024,2024-06-24,tllms1,1
2531,MYLUMYVO,2024,2024-06-24,tllrp2,7
2532,MYLUMYVO,2024,2024-06-25,HHLFR1,1
2533,MYLUMYVO,2024,2024-06-25,HHLLK1,10
2534,MYLUMYVO,2024,2024-06-25,HHLMS1,2
2535,MYLUMYVO,2024,2024-06-25,JNU1-mvafr1,3
2536,MYLUMYVO,2024,2024-06-25,Transects,2
2537,MYLUMYVO,2024,2024-06-25,doube2,14
2538,MYLUMYVO,2024,2024-06-25,foopd1,19
2539,MYLUMYVO,2024,2024-06-25,hnhbe2,3
2540,MYLUMYVO,2024,2024-06-25,srhms2,1
2541,MYLUMYVO,2024,2024-06-25,srhpd1,29
2542,MYLUMYVO,2024,2024-06-25,srhrp1,2
2543,MYLUMYVO,2024,2024-06-25,tllfr2,1
2544,MYLUMYVO,2024,2024-06-25,tlllk2,9
2545,MYLUMYVO,2024,2024-06-25,tllms1,1
2546,MYLUMYVO,2024,2024-06-25,yktpd1,125
2547,MYLUMYVO,2024,2024-06-26,HHLFR1,2
2548,MYLUMYVO,2024,2024-06-26,HHLLK1,11
2549,MYLUMYVO,2024,2024-06-26,HHLMS1,2
2550,MYLUMYVO,2024,2024-06-26,JNU1-mvafr1,5
2551,MYLUMYVO,2024,2024-06-26,JNU4-mvapd1,28
2552,MYLUMYVO,2024,2024-06-26,Transects,2
2553,MYLUMYVO,2024,2024-06-26,doube2,7
2554,MYLUMYVO,2024,2024-06-26,doufr1,6
2555,MYLUMYVO,2024,2024-06-26,doums1,10
2556,MYLUMYVO,2024,2024-06-26,dourp1,1
2557,MYLUMYVO,2024,2024-06-26,foopd1,1
2558,MYLUMYVO,2024,2024-06-26,hnhbe2,4
2559,MYLUMYVO,2024,2024-06-26,hnhrp1,2
2560,MYLUMYVO,2024,2024-06-26,srhpd1,19
2561,MYLUMYVO,2024,2024-06-26,srhrp1,4
2562,MYLUMYVO,2024,2024-06-26,tlllk2,4
2563,MYLUMYVO,2024,2024-06-26,tllms1,3
2564,MYLUMYVO,2024,2024-06-26,yktmd1,4
2565,MYLUMYVO,2024,2024-06-26,yktpd1,49
2566,MYLUMYVO,2024,2024-06-27,JNU1-mvafr1,10
2567,MYLUMYVO,2024,2024-06-27,JNU2-mvalk1,11
2568,MYLUMYVO,2024,2024-06-27,JNU3-mvawt2,2
2569,MYLUMYVO,2024,2024-06-27,JNU4-mvapd1,37
2570,MYLUMYVO,2024,2024-06-27,Transects,7
2571,MYLUMYVO,2024,2024-06-27,doube2,3
2572,MYLUMYVO,2024,2024-06-27,doufr1,5
2573,MYLUMYVO,2024,2024-06-27,doums1,6
2574,MYLUMYVO,2024,2024-06-27,foofr2,1
2575,MYLUMYVO,2024,2024-06-27,foopd1,4
2576,MYLUMYVO,2024,2024-06-27,foorp1,2
2577,MYLUMYVO,2024,2024-06-27,hnhfr2,1
2578,MYLUMYVO,2024,2024-06-27,srhms2,1
2579,MYLUMYVO,2024,2024-06-27,srhpd1,22
2580,MYLUMYVO,2024,2024-06-27,srhrp1,3
2581,MYLUMYVO,2024,2024-06-27,tlllk2,13
2582,MYLUMYVO,2024,2024-06-27,yktmd1,1
2583,MYLUMYVO,2024,2024-06-27,yktpd1,14
2584,MYLUMYVO,2024,2024-06-27,yktsb1,48
2585,MYLUMYVO,2024,2024-06-28,JNU1-mvafr1,8
2586,MYLUMYVO,2024,2024-06-28,JNU2-mvalk1,10
2587,MYLUMYVO,2024,2024-06-28,JNU3-mvawt2,2
2588,MYLUMYVO,2024,2024-06-28,JNU4-mvapd1,39
2589,MYLUMYVO,2024,2024-06-28,Transect,1
2590,MYLUMYVO,2024,2024-06-28,doube2,7
2591,MYLUMYVO,2024,2024-06-28,doufr1,5
2592,MYLUMYVO,2024,2024-06-28,doums1,4
2593,MYLUMYVO,2024,2024-06-28,dourp1,1
2594,MYLUMYVO,2024,2024-06-28,foofr2,1
2595,MYLUMYVO,2024,2024-06-28,foopd1,4
2596,MYLUMYVO,2024,2024-06-28,foorp1,2
2597,MYLUMYVO,2024,2024-06-28,hnhbe2,5
2598,MYLUMYVO,2024,2024-06-28,tlllk2,9
2599,MYLUMYVO,2024,2024-06-28,yktpd1,15
2600,MYLUMYVO,2024,2024-06-28,yktsb1,89
2601,MYLUMYVO,2024,2024-06-29,JNU1-mvafr1,3
2602,MYLUMYVO,2024,2024-06-29,JNU2-mvalk1,8
2603,MYLUMYVO,2024,2024-06-29,JNU3-mvawt2,2
2604,MYLUMYVO,2024,2024-06-29,JNU4-mvapd1,31
2605,MYLUMYVO,2024,2024-06-29,doube2,3
2606,MYLUMYVO,2024,2024-06-29,doufr1,9
2607,MYLUMYVO,2024,2024-06-29,doums1,6
2608,MYLUMYVO,2024,2024-06-29,foofr2,1
2609,MYLUMYVO,2024,2024-06-29,foopd1,5
2610,MYLUMYVO,2024,2024-06-29,foorp1,3
2611,MYLUMYVO,2024,2024-06-29,hnhbe2,1
2612,MYLUMYVO,2024,2024-06-29,tllfr2,2
2613,MYLUMYVO,2024,2024-06-29,tlllk2,9
2614,MYLUMYVO,2024,2024-06-29,yktmd1,1
2615,MYLUMYVO,2024,2024-06-29,yktpd1,8
2616,MYLUMYVO,2024,2024-06-29,yktsb1,49
2617,MYLUMYVO,2024,2024-06-30,JNU1-mvafr1,7
2618,MYLUMYVO,2024,2024-06-30,JNU2-mvalk1,4
2619,MYLUMYVO,2024,2024-06-30,JNU4-mvapd1,34
2620,MYLUMYVO,2024,2024-06-30,doube2,4
2621,MYLUMYVO,2024,2024-06-30,doufr1,2
2622,MYLUMYVO,2024,2024-06-30,doums1,5
2623,MYLUMYVO,2024,2024-06-30,dourp1,4
2624,MYLUMYVO,2024,2024-06-30,foofr2,1
2625,MYLUMYVO,2024,2024-06-30,foopd1,9
2626,MYLUMYVO,2024,2024-06-30,hnhbe2,5
2627,MYLUMYVO,2024,2024-06-30,hnhfr2,1
2628,MYLUMYVO,2024,2024-06-30,tlllk2,12
2629,MYLUMYVO,2024,2024-06-30,yktmd1,2
2630,MYLUMYVO,2024,2024-06-30,yktpd1,23
2631,MYLUMYVO,2024,2024-06-30,yktsb1,112
2632,MYLUMYVO,2024,2024-07-01,JNU1-mvafr1,9
2633,MYLUMYVO,2024,2024-07-01,JNU2-mvalk1,21
2634,MYLUMYVO,2024,2024-07-01,JNU3-mvawt2,1
2635,MYLUMYVO,2024,2024-07-01,JNU4-mvapd1,16
2636,MYLUMYVO,2024,2024-07-01,Transects,2
2637,MYLUMYVO,2024,2024-07-01,doube2,23
2638,MYLUMYVO,2024,2024-07-01,doufr1,1
2639,MYLUMYVO,2024,2024-07-01,doums1,7
2640,MYLUMYVO,2024,2024-07-01,dourp1,1
2641,MYLUMYVO,2024,2024-07-01,foofr2,1
2642,MYLUMYVO,2024,2024-07-01,foopd1,3
2643,MYLUMYVO,2024,2024-07-01,hnhbe2,1
2644,MYLUMYVO,2024,2024-07-01,tlllk2,6
2645,MYLUMYVO,2024,2024-07-01,yktmd1,1
2646,MYLUMYVO,2024,2024-07-01,yktpd1,47
2647,MYLUMYVO,2024,2024-07-01,yktsb1,87
2648,MYLUMYVO,2024,2024-07-02,JNU1-mvafr1,4
2649,MYLUMYVO,2024,2024-07-02,JNU2-mvalk1,13
2650,MYLUMYVO,2024,2024-07-02,JNU3-mvawt2,2
2651,MYLUMYVO,2024,2024-07-02,JNU4-mvapd1,22
2652,MYLUMYVO,2024,2024-07-02,Transects,2
2653,MYLUMYVO,2024,2024-07-02,doube2,99
2654,MYLUMYVO,2024,2024-07-02,doufr1,1
2655,MYLUMYVO,2024,2024-07-02,doums1,18
2656,MYLUMYVO,2024,2024-07-02,foofr2,1
2657,MYLUMYVO,2024,2024-07-02,foopd1,4
2658,MYLUMYVO,2024,2024-07-02,tllfr2,1
2659,MYLUMYVO,2024,2024-07-02,tlllk2,15
2660,MYLUMYVO,2024,2024-07-02,tllms1,1
2661,MYLUMYVO,2024,2024-07-02,yktmd1,4
2662,MYLUMYVO,2024,2024-07-02,yktpd1,181
2663,MYLUMYVO,2024,2024-07-02,yktsb1,108
2664,MYLUMYVO,2024,2024-07-03,JNU1-mvafr1,3
2665,MYLUMYVO,2024,2024-07-03,JNU2-mvalk1,21
2666,MYLUMYVO,2024,2024-07-03,JNU3-mvawt2,1
2667,MYLUMYVO,2024,2024-07-03,JNU4-mvapd1,62
2668,MYLUMYVO,2024,2024-07-03,doube2,136
2669,MYLUMYVO,2024,2024-07-03,doufr1,2
2670,MYLUMYVO,2024,2024-07-03,doums1,19
2671,MYLUMYVO,2024,2024-07-03,dourp1,1
2672,MYLUMYVO,2024,2024-07-03,tllfr2,1
2673,MYLUMYVO,2024,2024-07-03,tlllk2,7
2674,MYLUMYVO,2024,2024-07-03,yktpd1,70
2675,MYLUMYVO,2024,2024-07-03,yktsb1,105
2676,MYLUMYVO,2024,2024-07-04,JNU1-mvafr1,6
2677,MYLUMYVO,2024,2024-07-04,JNU2-mvalk1,21
2678,MYLUMYVO,2024,2024-07-04,JNU3-mvawt2,2
2679,MYLUMYVO,2024,2024-07-04,JNU4-mvapd1,57
2680,MYLUMYVO,2024,2024-07-04,doube2,96
2681,MYLUMYVO,2024,2024-07-04,doufr1,5
2682,MYLUMYVO,2024,2024-07-04,doums1,21
2683,MYLUMYVO,2024,2024-07-04,foopd1,2
2684,MYLUMYVO,2024,2024-07-04,tllfr2,1
2685,MYLUMYVO,2024,2024-07-04,tlllk2,8
2686,MYLUMYVO,2024,2024-07-04,yktmd1,4
2687,MYLUMYVO,2024,2024-07-04,yktpd1,64
2688,MYLUMYVO,2024,2024-07-04,yktsb1,96
2689,MYLUMYVO,2024,2024-07-05,JNU1-mvafr1,7
2690,MYLUMYVO,2024,2024-07-05,JNU2-mvalk1,23
2691,MYLUMYVO,2024,2024-07-05,JNU3-mvawt2,2
2692,MYLUMYVO,2024,2024-07-05,JNU4-mvapd1,118
2693,MYLUMYVO,2024,2024-07-05,doube2,159
2694,MYLUMYVO,2024,2024-07-05,doufr1,5
2695,MYLUMYVO,2024,2024-07-05,doums1,10
2696,MYLUMYVO,2024,2024-07-05,dourp1,1
2697,MYLUMYVO,2024,2024-07-05,foopd1,1
2698,MYLUMYVO,2024,2024-07-05,tllfr2,3
2699,MYLUMYVO,2024,2024-07-05,yktpd1,184
2700,MYLUMYVO,2024,2024-07-05,yktsb1,127
2701,MYLUMYVO,2024,2024-07-06,JNU1-mvafr1,6
2702,MYLUMYVO,2024,2024-07-06,JNU2-mvalk1,24
2703,MYLUMYVO,2024,2024-07-06,JNU4-mvapd1,62
2704,MYLUMYVO,2024,2024-07-06,Transect,1
2705,MYLUMYVO,2024,2024-07-06,Transects,2
2706,MYLUMYVO,2024,2024-07-06,doube2,136
2707,MYLUMYVO,2024,2024-07-06,doufr1,3
2708,MYLUMYVO,2024,2024-07-06,doums1,5
2709,MYLUMYVO,2024,2024-07-06,foopd1,3
2710,MYLUMYVO,2024,2024-07-06,tllfr2,5
2711,MYLUMYVO,2024,2024-07-06,tlllk2,4
2712,MYLUMYVO,2024,2024-07-06,yktpd1,85
2713,MYLUMYVO,2024,2024-07-06,yktsb1,100
2714,MYLUMYVO,2024,2024-07-07,JNU1-mvafr1,10
2715,MYLUMYVO,2024,2024-07-07,JNU2-mvalk1,17
2716,MYLUMYVO,2024,2024-07-07,JNU3-mvawt2,2
2717,MYLUMYVO,2024,2024-07-07,JNU4-mvapd1,12
2718,MYLUMYVO,2024,2024-07-07,Transects,2
2719,MYLUMYVO,2024,2024-07-07,doube2,30
2720,MYLUMYVO,2024,2024-07-07,doufr1,10
2721,MYLUMYVO,2024,2024-07-07,doums1,1
2722,MYLUMYVO,2024,2024-07-07,foopd1,2
2723,MYLUMYVO,2024,2024-07-07,tlllk2,3
2724,MYLUMYVO,2024,2024-07-07,tllms1,2
2725,MYLUMYVO,2024,2024-07-07,yktpd1,35
2726,MYLUMYVO,2024,2024-07-07,yktsb1,102
2727,MYLUMYVO,2024,2024-07-08,JNU1-mvafr1,21
2728,MYLUMYVO,2024,2024-07-08,JNU2-mvalk1,29
2729,MYLUMYVO,2024,2024-07-08,JNU4-mvapd1,19
2730,MYLUMYVO,2024,2024-07-08,doube2,16
2731,MYLUMYVO,2024,2024-07-08,foopd1,22
2732,MYLUMYVO,2024,2024-07-08,yktpd1,23
2733,MYLUMYVO,2024,2024-07-08,yktsb1,86
2734,MYLUMYVO,2024,2024-07-09,STKPD1,8
2735,MYLUMYVO,2024,2024-07-09,yktpd1,25
2736,MYLUMYVO,2024,2024-07-09,yktsb1,104
2737,MYLUMYVO,2024,2024-07-10,STKMS2,2
2738,MYLUMYVO,2024,2024-07-10,STKPD1,1
2739,MYLUMYVO,2024,2024-07-10,STKRP2,5
2740,MYLUMYVO,2024,2024-07-10,yktpd1,125
2741,MYLUMYVO,2024,2024-07-10,yktsb1,110
2742,MYLUMYVO,2024,2024-07-11,STKPD1,1
2743,MYLUMYVO,2024,2024-07-11,STKRP2,8
2744,MYLUMYVO,2024,2024-07-11,yktpd1,2
2745,MYLUMYVO,2024,2024-07-12,STKPD1,2
2746,MYLUMYVO,2024,2024-07-12,STKRP2,21
2747,MYLUMYVO,2024,2024-07-12,yktpd1,224
2748,MYLUMYVO,2024,2024-07-12,yktsb1,177
2749,MYLUMYVO,2024,2024-07-14,STKPD1,1
2750,MYLUMYVO,2024,2024-07-14,STKRP2,7
2751,MYLUMYVO,2024,2024-07-15,STKRP2,6
2752,MYLUMYVO,2024,2024-07-15,yktmd1,1
2753,MYLUMYVO,2024,2024-07-15,yktsb1,42
2754,MYLUMYVO,2024,2024-07-16,STKRP2,1
2755,MYLUMYVO,2024,2024-07-16,yktsb1,9
2756,MYLUMYVO,2024,2024-07-17,STKMS2,13
2757,MYLUMYVO,2024,2024-07-17,yktsb1,4
2758,MYLUMYVO,2024,2024-07-18,STKPD1,1
2759,MYLUMYVO,2024,2024-07-18,STKRP2,12
2760,MYLUMYVO,2024,2024-07-18,Transects,1
2761,MYLUMYVO,2024,2024-07-18,yktsb1,43
2762,MYLUMYVO,2024,2024-07-19,yktmd1,1
2763,MYLUMYVO,2024,2024-07-19,yktsb1,6
2764,MYLUMYVO,2024,2024-07-20,yktmd1,3
2765,MYLUMYVO,2024,2024-07-20,yktsb1,20
2766,MYLUMYVO,2024,2024-07-21,yktsb1,11
2767,MYLUMYVO,2024,2024-07-22,STKPD1,1
2768,MYLUMYVO,2024,2024-07-22,yktmd1,3
2769,MYLUMYVO,2024,2024-07-24,STKMS2,3
2770,MYLUMYVO,2024,2024-07-25,STKPD1,1
2771,MYLUMYVO,2024,2024-07-27,yktsb1,8
2772,MYLUMYVO,2024,2024-07-28,yktsb1,24
2773,MYLUMYVO,2024,2024-07-30,yktsb1,9
2774,MYLUMYVO,2024,2024-08-04,STKPD1,1
2775,MYLUMYYU,2024,2024-07-05,yktpd1,1
2776,MYOTIS,2024,2024-06-14,HHLFR1,1
2777,MYOTIS,2024,2024-06-14,HHLMS1,1
2778,MYOTIS,2024,2024-06-15,HHLFR1,1
2779,MYOTIS,2024,2024-06-15,HHLMS1,1
2780,MYOTIS,2024,2024-06-15,foofr2,1
2781,MYOTIS,2024,2024-06-16,HHLFR1,2
2782,MYOTIS,2024,2024-06-16,HHLMS1,1
2783,MYOTIS,2024,2024-06-16,foopd1,2
2784,MYOTIS,2024,2024-06-17,HHLFR1,7
2785,MYOTIS,2024,2024-06-17,HHLLK1,1
2786,MYOTIS,2024,2024-06-17,HHLMS1,2
2787,MYOTIS,2024,2024-06-18,HHLFR1,2
2788,MYOTIS,2024,2024-06-18,foopd1,2
2789,MYOTIS,2024,2024-06-18,srhrp1,3
2790,MYOTIS,2024,2024-06-19,HHLFR1,3
2791,MYOTIS,2024,2024-06-19,HHLLK1,1
2792,MYOTIS,2024,2024-06-19,srhbe2,1
2793,MYOTIS,2024,2024-06-19,srhpd1,1
2794,MYOTIS,2024,2024-06-20,HHLFR1,2
2795,MYOTIS,2024,2024-06-20,Transects,2
2796,MYOTIS,2024,2024-06-20,foopd1,1
2797,MYOTIS,2024,2024-06-20,srhms2,1
2798,MYOTIS,2024,2024-06-20,srhpd1,1
2799,MYOTIS,2024,2024-06-20,srhrp1,3
2800,MYOTIS,2024,2024-06-20,tllrp2,1
2801,MYOTIS,2024,2024-06-21,HHLFR1,4
2802,MYOTIS,2024,2024-06-21,foorp1,1
2803,MYOTIS,2024,2024-06-21,srhpd1,1
2804,MYOTIS,2024,2024-06-21,srhrp1,1
2805,MYOTIS,2024,2024-06-22,HHLFR1,9
2806,MYOTIS,2024,2024-06-22,HHLMS1,1
2807,MYOTIS,2024,2024-06-22,foopd1,1
2808,MYOTIS,2024,2024-06-22,srhbe2,1
2809,MYOTIS,2024,2024-06-22,srhrp1,1
2810,MYOTIS,2024,2024-06-23,HHLFR1,3
2811,MYOTIS,2024,2024-06-23,HHLMS1,2
2812,MYOTIS,2024,2024-06-24,HHLFR1,4
2813,MYOTIS,2024,2024-06-24,HHLMS1,1
2814,MYOTIS,2024,2024-06-24,foopd1,1
2815,MYOTIS,2024,2024-06-24,srhrp1,2
2816,MYOTIS,2024,2024-06-24,tllrp2,3
2817,MYOTIS,2024,2024-06-25,HHLFR1,6
2818,MYOTIS,2024,2024-06-25,HHLMS1,1
2819,MYOTIS,2024,2024-06-25,doube2,1
2820,MYOTIS,2024,2024-06-25,srhpd1,2
2821,MYOTIS,2024,2024-06-25,srhrp1,1
2822,MYOTIS,2024,2024-06-25,yktpd1,23
2823,MYOTIS,2024,2024-06-26,HHLFR1,4
2824,MYOTIS,2024,2024-06-26,HHLLK1,1
2825,MYOTIS,2024,2024-06-26,JNU1-mvafr1,4
2826,MYOTIS,2024,2024-06-26,JNU4-mvapd1,5
2827,MYOTIS,2024,2024-06-26,Transects,1
2828,MYOTIS,2024,2024-06-26,doube2,2
2829,MYOTIS,2024,2024-06-26,doufr1,1
2830,MYOTIS,2024,2024-06-26,foopd1,1
2831,MYOTIS,2024,2024-06-26,hnhrp1,1
2832,MYOTIS,2024,2024-06-26,srhrp1,4
2833,MYOTIS,2024,2024-06-26,yktmd1,1
2834,MYOTIS,2024,2024-06-26,yktpd1,11
2835,MYOTIS,2024,2024-06-27,JNU1-mvafr1,2
2836,MYOTIS,2024,2024-06-27,JNU2-mvalk1,1
2837,MYOTIS,2024,2024-06-27,JNU4-mvapd1,2
2838,MYOTIS,2024,2024-06-27,doufr1,1
2839,MYOTIS,2024,2024-06-27,srhpd1,1
2840,MYOTIS,2024,2024-06-27,srhrp1,2
2841,MYOTIS,2024,2024-06-27,yktpd1,4
2842,MYOTIS,2024,2024-06-28,JNU1-mvafr1,6
2843,MYOTIS,2024,2024-06-28,JNU4-mvapd1,2
2844,MYOTIS,2024,2024-06-28,doube2,1
2845,MYOTIS,2024,2024-06-28,foorp1,1
2846,MYOTIS,2024,2024-06-28,hnhbe2,1
2847,MYOTIS,2024,2024-06-28,yktpd1,2
2848,MYOTIS,2024,2024-06-29,JNU1-mvafr1,2
2849,MYOTIS,2024,2024-06-29,doube2,1
2850,MYOTIS,2024,2024-06-29,foorp1,1
2851,MYOTIS,2024,2024-06-29,yktpd1,6
2852,MYOTIS,2024,2024-06-29,yktsb1,1
2853,MYOTIS,2024,2024-06-30,JNU1-mvafr1,1
2854,MYOTIS,2024,2024-06-30,JNU3-mvawt2,1
2855,MYOTIS,2024,2024-06-30,JNU4-mvapd1,7
2856,MYOTIS,2024,2024-06-30,doube2,1
2857,MYOTIS,2024,2024-06-30,doufr1,1
2858,MYOTIS,2024,2024-06-30,hnhbe2,2
2859,MYOTIS,2024,2024-06-30,yktpd1,7
2860,MYOTIS,2024,2024-06-30,yktsb1,3
2861,MYOTIS,2024,2024-07-01,JNU1-mvafr1,4
2862,MYOTIS,2024,2024-07-01,JNU2-mvalk1,1
2863,MYOTIS,2024,2024-07-01,JNU4-mvapd1,2
2864,MYOTIS,2024,2024-07-01,tllfr2,1
2865,MYOTIS,2024,2024-07-01,yktpd1,4
2866,MYOTIS,2024,2024-07-01,yktsb1,1
2867,MYOTIS,2024,2024-07-02,JNU1-mvafr1,1
2868,MYOTIS,2024,2024-07-02,doube2,1
2869,MYOTIS,2024,2024-07-02,doufr1,1
2870,MYOTIS,2024,2024-07-02,dourp1,1
2871,MYOTIS,2024,2024-07-02,tllfr2,1
2872,MYOTIS,2024,2024-07-02,yktpd1,31
2873,MYOTIS,2024,2024-07-03,JNU4-mvapd1,7
2874,MYOTIS,2024,2024-07-03,doufr1,1
2875,MYOTIS,2024,2024-07-03,yktpd1,7
2876,MYOTIS,2024,2024-07-04,JNU2-mvalk1,3
2877,MYOTIS,2024,2024-07-04,JNU3-mvawt2,1
2878,MYOTIS,2024,2024-07-04,JNU4-mvapd1,2
2879,MYOTIS,2024,2024-07-04,doube2,1
2880,MYOTIS,2024,2024-07-04,tllfr2,1
2881,MYOTIS,2024,2024-07-04,yktpd1,4
2882,MYOTIS,2024,2024-07-05,JNU1-mvafr1,3
2883,MYOTIS,2024,2024-07-05,JNU2-mvalk1,2
2884,MYOTIS,2024,2024-07-05,JNU4-mvapd1,17
2885,MYOTIS,2024,2024-07-05,doube2,4
2886,MYOTIS,2024,2024-07-05,doufr1,5
2887,MYOTIS,2024,2024-07-05,tllfr2,1
2888,MYOTIS,2024,2024-07-05,tllms1,2
2889,MYOTIS,2024,2024-07-05,yktpd1,46
2890,MYOTIS,2024,2024-07-05,yktsb1,2
2891,MYOTIS,2024,2024-07-06,JNU4-mvapd1,10
2892,MYOTIS,2024,2024-07-06,doube2,9
2893,MYOTIS,2024,2024-07-06,yktpd1,8
2894,MYOTIS,2024,2024-07-07,JNU1-mvafr1,1
2895,MYOTIS,2024,2024-07-07,JNU2-mvalk1,2
2896,MYOTIS,2024,2024-07-07,JNU4-mvapd1,4
2897,MYOTIS,2024,2024-07-07,doube2,1
2898,MYOTIS,2024,2024-07-07,doufr1,4
2899,MYOTIS,2024,2024-07-07,yktpd1,26
2900,MYOTIS,2024,2024-07-07,yktsb1,1
2901,MYOTIS,2024,2024-07-08,JNU1-mvafr1,2
2902,MYOTIS,2024,2024-07-08,JNU2-mvalk1,1
2903,MYOTIS,2024,2024-07-08,doube2,2
2904,MYOTIS,2024,2024-07-08,foopd1,2
2905,MYOTIS,2024,2024-07-08,yktpd1,3
2906,MYOTIS,2024,2024-07-09,STKRP2,4
2907,MYOTIS,2024,2024-07-09,yktpd1,4
2908,MYOTIS,2024,2024-07-10,STKRP2,7
2909,MYOTIS,2024,2024-07-10,yktpd1,14
2910,MYOTIS,2024,2024-07-11,STKRP2,3
2911,MYOTIS,2024,2024-07-12,STKRP2,10
2912,MYOTIS,2024,2024-07-12,yktpd1,23
2913,MYOTIS,2024,2024-07-12,yktsb1,1
2914,MYOTIS,2024,2024-07-14,STKRP2,2
2915,MYOTIS,2024,2024-07-16,yktmd1,1
2916,MYOTIS,2024,2024-07-18,yktsb1,1
2917,MYOTIS,2024,2024-07-30,yktsb1,1
2918,MYVO,2024,2024-06-14,HHLFR1,1
2919,MYVO,2024,2024-06-14,HHLLK1,11
2920,MYVO,2024,2024-06-14,hhlfr1-SM,1
2921,MYVO,2024,2024-06-14,hhlms1-SM,3
2922,MYVO,2024,2024-06-14,hhlrp1,4
2923,MYVO,2024,2024-06-14,hhlrp1-SM,4
2924,MYVO,2024,2024-06-15,HHLLK1,2
2925,MYVO,2024,2024-06-15,hhlfr1-SM,1
2926,MYVO,2024,2024-06-15,hhlms1-SM,1
2927,MYVO,2024,2024-06-15,hhlrp1,2
2928,MYVO,2024,2024-06-16,HHLLK1,11
2929,MYVO,2024,2024-06-16,hhllk1-SM,2
2930,MYVO,2024,2024-06-16,hhlms1-SM,2
2931,MYVO,2024,2024-06-16,hhlrp1,2
2932,MYVO,2024,2024-06-17,HHLLK1,10
2933,MYVO,2024,2024-06-17,hhlfr1-SM,2
2934,MYVO,2024,2024-06-17,hhllk1-SM,3
2935,MYVO,2024,2024-06-18,hhllk1-SM,3
2936,MYVO,2024,2024-06-18,hhlms1-SM,2
2937,MYVO,2024,2024-06-18,hhlrp1,6
2938,MYVO,2024,2024-06-18,hhlrp1-SM,1
2939,MYVO,2024,2024-06-18,srhpd1,14
2940,MYVO,2024,2024-06-18,srhrp1-SM,4
2941,MYVO,2024,2024-06-19,HHLLK1,6
2942,MYVO,2024,2024-06-19,hhlfr1-SM,2
2943,MYVO,2024,2024-06-19,hhllk1-SM,4
2944,MYVO,2024,2024-06-19,hhlrp1,2
2945,MYVO,2024,2024-06-19,srhms2,1
2946,MYVO,2024,2024-06-19,srhpd1,24
2947,MYVO,2024,2024-06-20,HHLLK1,7
2948,MYVO,2024,2024-06-20,hhlfr1-SM,2
2949,MYVO,2024,2024-06-20,hhlrp1,2
2950,MYVO,2024,2024-06-20,srhms2,1
2951,MYVO,2024,2024-06-20,srhpd1,4
2952,MYVO,2024,2024-06-21,srhbe2,11
2953,MYVO,2024,2024-06-21,srhms2-SM,10
2954,MYVO,2024,2024-06-21,srhpd1,29
2955,MYVO,2024,2024-06-21,srhrp1-SM,2
2956,MYVO,2024,2024-06-22,hhlrp1,1
2957,MYVO,2024,2024-06-22,srhbe2,17
2958,MYVO,2024,2024-06-22,srhms2,1
2959,MYVO,2024,2024-06-22,srhms2-SM,8
2960,MYVO,2024,2024-06-22,srhpd1,8
2961,MYVO,2024,2024-06-23,HHLLK1,5
2962,MYVO,2024,2024-06-23,hhllk1-SM,4
2963,MYVO,2024,2024-06-23,hhlrp1,4
2964,MYVO,2024,2024-06-23,srhbe2,4
2965,MYVO,2024,2024-06-23,srhms2,2
2966,MYVO,2024,2024-06-23,srhms2-SM,1
2967,MYVO,2024,2024-06-23,srhpd1,8
2968,MYVO,2024,2024-06-23,srhrp1-SM,2
2969,MYVO,2024,2024-06-24,HHLLK1,1
2970,MYVO,2024,2024-06-24,hhllk1-SM,2
2971,MYVO,2024,2024-06-24,hhlrp1,1
2972,MYVO,2024,2024-06-24,srhms2,1
2973,MYVO,2024,2024-06-24,srhpd1,12
2974,MYVO,2024,2024-06-25,HHLLK1,3
2975,MYVO,2024,2024-06-25,hhllk1-SM,4
2976,MYVO,2024,2024-06-25,hhlms1-SM,1
2977,MYVO,2024,2024-06-25,hhlrp1,2
2978,MYVO,2024,2024-06-25,srhpd1,8
2979,MYVO,2024,2024-06-26,HHLLK1,5
2980,MYVO,2024,2024-06-26,hhlfr1-SM,2
2981,MYVO,2024,2024-06-26,hhllk1-SM,4
2982,MYVO,2024,2024-06-26,hhlms1-SM,1
2983,MYVO,2024,2024-06-26,hhlrp1,5
2984,MYVO,2024,2024-06-26,hhlrp1-SM,1
2985,MYVO,2024,2024-06-26,srhms2,1
2986,MYVO,2024,2024-06-26,srhpd1,21
2987,MYVO,2024,2024-06-26,srhrp1-SM,2
2988,MYVO,2024,2024-06-27,srhpd1,13
2989,MYVO,2024,2024-06-27,srhrp1-SM,2
2990,MYVOMYYU,2024,2024-06-20,hhlfr1-SM,1
2991,MYYU,2024,2024-06-14,hhllk1-SM,1
2992,MYYU,2024,2024-06-17,hhlfr1-SM,1
2993,MYYU,2024,2024-06-17,hhllk1-SM,1
2994,MYYU,2024,2024-06-18,hhllk1-SM,2
2995,MYYU,2024,2024-06-18,hhlrp1,1
2996,MYYU,2024,2024-06-18,hhlrp1-SM,1
2997,MYYU,2024,2024-06-22,HHLFR1,4
2998,MYYU,2024,2024-06-22,hhlfr1-SM,3
2999,MYYU,2024,2024-06-23,HHLFR1,3
3000,MYYU,2024,2024-06-23,hhlfr1-SM,5
3001,MYYU,2024,2024-06-24,HHLFR1,1
3002,MYYU,2024,2024-06-24,hhlfr1-SM,2
3003,MYYU,2024,2024-06-24,hhllk1-SM,1
3004,MYYU,2024,2024-06-24,srhrp1,1
3005,MYYU,2024,2024-06-25,hhllk1-SM,1
3006,MYYU,2024,2024-06-25,yktpd1,9
3007,MYYU,2024,2024-06-26,HHLFR1,3
3008,MYYU,2024,2024-06-26,hhlfr1-SM,1
3009,MYYU,2024,2024-06-26,hhllk1-SM,2
3010,MYYU,2024,2024-06-28,yktpd1,4
3011,MYYU,2024,2024-06-30,yktpd1,1
3012,MYYU,2024,2024-07-01,yktpd1,8
3013,MYYU,2024,2024-07-02,yktpd1,25
3014,MYYU,2024,2024-07-03,yktpd1,8
3015,MYYU,2024,2024-07-04,tllfr2,1
3016,MYYU,2024,2024-07-04,yktpd1,2
3017,MYYU,2024,2024-07-05,yktpd1,7
3018,MYYU,2024,2024-07-06,yktpd1,7
3019,MYYU,2024,2024-07-07,yktpd1,2
3020,MYYU,2024,2024-07-08,yktpd1,1
3021,MYYU,2024,2024-07-09,yktpd1,1
3022,MYYU,2024,2024-07-10,yktpd1,2
3023,MYYU,2024,2024-07-15,yktsb1,1
3024,NOID,2024,2024-06-12,foopd1,2
3025,NOID,2024,2024-06-12,foorp1,3
3026,NOID,2024,2024-06-13,foopd1,1
3027,NOID,2024,2024-06-13,foorp1,2
3028,NOID,2024,2024-06-14,HHLFR1,3
3029,NOID,2024,2024-06-14,HHLLK1,35
3030,NOID,2024,2024-06-14,foopd1,7
3031,NOID,2024,2024-06-14,hhlfr1-SM,13
3032,NOID,2024,2024-06-14,hhllk1-SM,48
3033,NOID,2024,2024-06-14,hhlms1-SM,4
3034,NOID,2024,2024-06-14,hhlrp1,29
3035,NOID,2024,2024-06-14,hhlrp1-SM,14
3036,NOID,2024,2024-06-15,HHLFR1,6
3037,NOID,2024,2024-06-15,HHLLK1,19
3038,NOID,2024,2024-06-15,foopd1,7
3039,NOID,2024,2024-06-15,foorp1,10
3040,NOID,2024,2024-06-15,hhlfr1-SM,7
3041,NOID,2024,2024-06-15,hhllk1-SM,19
3042,NOID,2024,2024-06-15,hhlms1-SM,6
3043,NOID,2024,2024-06-15,hhlrp1,1
3044,NOID,2024,2024-06-15,hhlrp1-SM,1
3045,NOID,2024,2024-06-16,HHLFR1,11
3046,NOID,2024,2024-06-16,HHLLK1,22
3047,NOID,2024,2024-06-16,foopd1,12
3048,NOID,2024,2024-06-16,foorp1,8
3049,NOID,2024,2024-06-16,hhlfr1-SM,17
3050,NOID,2024,2024-06-16,hhllk1-SM,51
3051,NOID,2024,2024-06-16,hhlms1-SM,3
3052,NOID,2024,2024-06-16,hhlrp1,6
3053,NOID,2024,2024-06-16,hhlrp1-SM,6
3054,NOID,2024,2024-06-17,HHLFR1,6
3055,NOID,2024,2024-06-17,HHLLK1,39
3056,NOID,2024,2024-06-17,foopd1,4
3057,NOID,2024,2024-06-17,foorp1,13
3058,NOID,2024,2024-06-17,hhlfr1-SM,13
3059,NOID,2024,2024-06-17,hhllk1-SM,58
3060,NOID,2024,2024-06-17,hhlms1-SM,2
3061,NOID,2024,2024-06-17,hhlrp1,6
3062,NOID,2024,2024-06-18,HHLFR1,5
3063,NOID,2024,2024-06-18,HHLLK1,27
3064,NOID,2024,2024-06-18,foopd1,9
3065,NOID,2024,2024-06-18,foorp1,7
3066,NOID,2024,2024-06-18,hhlfr1-SM,11
3067,NOID,2024,2024-06-18,hhllk1-SM,32
3068,NOID,2024,2024-06-18,hhlms1-SM,5
3069,NOID,2024,2024-06-18,hhlrp1,19
3070,NOID,2024,2024-06-18,hhlrp1-SM,14
3071,NOID,2024,2024-06-18,srhms2,1
3072,NOID,2024,2024-06-18,srhms2-SM,1
3073,NOID,2024,2024-06-18,srhpd1,129
3074,NOID,2024,2024-06-18,srhrp1,16
3075,NOID,2024,2024-06-18,srhrp1-SM,46
3076,NOID,2024,2024-06-19,HHLFR1,6
3077,NOID,2024,2024-06-19,HHLLK1,46
3078,NOID,2024,2024-06-19,foopd1,7
3079,NOID,2024,2024-06-19,foorp1,17
3080,NOID,2024,2024-06-19,hhlfr1-SM,13
3081,NOID,2024,2024-06-19,hhllk1-SM,49
3082,NOID,2024,2024-06-19,hhlms1-SM,4
3083,NOID,2024,2024-06-19,hhlrp1,4
3084,NOID,2024,2024-06-19,hhlrp1-SM,5
3085,NOID,2024,2024-06-19,srhbe2,5
3086,NOID,2024,2024-06-19,srhms2,1
3087,NOID,2024,2024-06-19,srhms2-SM,3
3088,NOID,2024,2024-06-19,srhpd1,127
3089,NOID,2024,2024-06-19,srhrp1,17
3090,NOID,2024,2024-06-19,srhrp1-SM,35
3091,NOID,2024,2024-06-20,HHLFR1,14
3092,NOID,2024,2024-06-20,HHLLK1,63
3093,NOID,2024,2024-06-20,foopd1,8
3094,NOID,2024,2024-06-20,foorp1,10
3095,NOID,2024,2024-06-20,hhlfr1-SM,29
3096,NOID,2024,2024-06-20,hhllk1-SM,125
3097,NOID,2024,2024-06-20,hhlms1-SM,1
3098,NOID,2024,2024-06-20,hhlrp1,10
3099,NOID,2024,2024-06-20,hhlrp1-SM,6
3100,NOID,2024,2024-06-20,srhms2,1
3101,NOID,2024,2024-06-20,srhms2-SM,4
3102,NOID,2024,2024-06-20,srhpd1,102
3103,NOID,2024,2024-06-20,srhrp1,10
3104,NOID,2024,2024-06-20,srhrp1-SM,27
3105,NOID,2024,2024-06-20,tlllk2,18
3106,NOID,2024,2024-06-20,tllrp2,36
3107,NOID,2024,2024-06-21,foopd1,4
3108,NOID,2024,2024-06-21,foorp1,7
3109,NOID,2024,2024-06-21,hhlfr1-SM,4
3110,NOID,2024,2024-06-21,hhllk1-SM,2
3111,NOID,2024,2024-06-21,srhbe2,77
3112,NOID,2024,2024-06-21,srhms2,1
3113,NOID,2024,2024-06-21,srhms2-SM,21
3114,NOID,2024,2024-06-21,srhpd1,244
3115,NOID,2024,2024-06-21,srhrp1,33
3116,NOID,2024,2024-06-21,srhrp1-SM,11
3117,NOID,2024,2024-06-21,tllfr2,3
3118,NOID,2024,2024-06-21,tlllk2,25
3119,NOID,2024,2024-06-21,tllrp2,15
3120,NOID,2024,2024-06-22,HHLFR1,18
3121,NOID,2024,2024-06-22,foopd1,4
3122,NOID,2024,2024-06-22,hhlfr1-SM,25
3123,NOID,2024,2024-06-22,hhllk1-SM,3
3124,NOID,2024,2024-06-22,hhlms1-SM,1
3125,NOID,2024,2024-06-22,hhlrp1,5
3126,NOID,2024,2024-06-22,hhlrp1-SM,1
3127,NOID,2024,2024-06-22,srhbe2,75
3128,NOID,2024,2024-06-22,srhms2,3
3129,NOID,2024,2024-06-22,srhms2-SM,24
3130,NOID,2024,2024-06-22,srhpd1,181
3131,NOID,2024,2024-06-22,srhrp1,14
3132,NOID,2024,2024-06-22,srhrp1-SM,33
3133,NOID,2024,2024-06-22,tllfr2,3
3134,NOID,2024,2024-06-22,tlllk2,33
3135,NOID,2024,2024-06-22,tllrp2,13
3136,NOID,2024,2024-06-23,HHLFR1,13
3137,NOID,2024,2024-06-23,HHLLK1,33
3138,NOID,2024,2024-06-23,foopd1,9
3139,NOID,2024,2024-06-23,foorp1,1
3140,NOID,2024,2024-06-23,hhlfr1-SM,17
3141,NOID,2024,2024-06-23,hhllk1-SM,41
3142,NOID,2024,2024-06-23,hhlrp1,59
3143,NOID,2024,2024-06-23,hhlrp1-SM,10
3144,NOID,2024,2024-06-23,srhbe2,18
3145,NOID,2024,2024-06-23,srhms2,6
3146,NOID,2024,2024-06-23,srhms2-SM,14
3147,NOID,2024,2024-06-23,srhpd1,151
3148,NOID,2024,2024-06-23,srhrp1,22
3149,NOID,2024,2024-06-23,srhrp1-SM,73
3150,NOID,2024,2024-06-23,tllfr2,3
3151,NOID,2024,2024-06-23,tlllk2,26
3152,NOID,2024,2024-06-23,tllrp2,10
3153,NOID,2024,2024-06-24,HHLFR1,20
3154,NOID,2024,2024-06-24,HHLLK1,56
3155,NOID,2024,2024-06-24,foopd1,5
3156,NOID,2024,2024-06-24,foorp1,1
3157,NOID,2024,2024-06-24,hhlfr1-SM,16
3158,NOID,2024,2024-06-24,hhllk1-SM,161
3159,NOID,2024,2024-06-24,hhlms1-SM,4
3160,NOID,2024,2024-06-24,hhlrp1,26
3161,NOID,2024,2024-06-24,hhlrp1-SM,6
3162,NOID,2024,2024-06-24,srhbe2,4
3163,NOID,2024,2024-06-24,srhms2,2
3164,NOID,2024,2024-06-24,srhms2-SM,9
3165,NOID,2024,2024-06-24,srhpd1,165
3166,NOID,2024,2024-06-24,srhrp1,28
3167,NOID,2024,2024-06-24,srhrp1-SM,42
3168,NOID,2024,2024-06-24,tllfr2,2
3169,NOID,2024,2024-06-24,tlllk2,36
3170,NOID,2024,2024-06-24,tllrp2,14
3171,NOID,2024,2024-06-25,HHLFR1,15
3172,NOID,2024,2024-06-25,HHLLK1,17
3173,NOID,2024,2024-06-25,JNU1-mvafr1,24
3174,NOID,2024,2024-06-25,doube2,15
3175,NOID,2024,2024-06-25,foopd1,16
3176,NOID,2024,2024-06-25,foorp1,4
3177,NOID,2024,2024-06-25,hhlfr1-SM,15
3178,NOID,2024,2024-06-25,hhllk1-SM,32
3179,NOID,2024,2024-06-25,hhlms1-SM,1
3180,NOID,2024,2024-06-25,hhlrp1,56
3181,NOID,2024,2024-06-25,hhlrp1-SM,14
3182,NOID,2024,2024-06-25,srhbe2,2
3183,NOID,2024,2024-06-25,srhms2-SM,8
3184,NOID,2024,2024-06-25,srhpd1,156
3185,NOID,2024,2024-06-25,srhrp1,26
3186,NOID,2024,2024-06-25,srhrp1-SM,45
3187,NOID,2024,2024-06-25,tllfr2,4
3188,NOID,2024,2024-06-25,tlllk2,29
3189,NOID,2024,2024-06-25,yktmd1,1
3190,NOID,2024,2024-06-25,yktpd1,25
3191,NOID,2024,2024-06-26,HHLFR1,12
3192,NOID,2024,2024-06-26,HHLLK1,27
3193,NOID,2024,2024-06-26,JNU1-mvafr1,16
3194,NOID,2024,2024-06-26,JNU3-mvawt2,5
3195,NOID,2024,2024-06-26,JNU4-mvapd1,44
3196,NOID,2024,2024-06-26,doube2,6
3197,NOID,2024,2024-06-26,doufr1,9
3198,NOID,2024,2024-06-26,doums1,10
3199,NOID,2024,2024-06-26,dourp1,2
3200,NOID,2024,2024-06-26,foopd1,2
3201,NOID,2024,2024-06-26,foorp1,2
3202,NOID,2024,2024-06-26,hhlfr1-SM,33
3203,NOID,2024,2024-06-26,hhllk1-SM,54
3204,NOID,2024,2024-06-26,hhlms1-SM,1
3205,NOID,2024,2024-06-26,hhlrp1,24
3206,NOID,2024,2024-06-26,hhlrp1-SM,16
3207,NOID,2024,2024-06-26,srhbe2,1
3208,NOID,2024,2024-06-26,srhms2,2
3209,NOID,2024,2024-06-26,srhms2-SM,3
3210,NOID,2024,2024-06-26,srhpd1,218
3211,NOID,2024,2024-06-26,srhrp1,41
3212,NOID,2024,2024-06-26,srhrp1-SM,55
3213,NOID,2024,2024-06-26,tllfr2,4
3214,NOID,2024,2024-06-26,tlllk2,21
3215,NOID,2024,2024-06-26,yktpd1,4
3216,NOID,2024,2024-06-27,JNU1-mvafr1,32
3217,NOID,2024,2024-06-27,JNU2-mvalk1,32
3218,NOID,2024,2024-06-27,JNU3-mvawt2,8
3219,NOID,2024,2024-06-27,JNU4-mvapd1,47
3220,NOID,2024,2024-06-27,doube2,7
3221,NOID,2024,2024-06-27,doufr1,14
3222,NOID,2024,2024-06-27,doums1,5
3223,NOID,2024,2024-06-27,dourp1,1
3224,NOID,2024,2024-06-27,foopd1,7
3225,NOID,2024,2024-06-27,foorp1,4
3226,NOID,2024,2024-06-27,srhbe2,1
3227,NOID,2024,2024-06-27,srhms2-SM,1
3228,NOID,2024,2024-06-27,srhpd1,216
3229,NOID,2024,2024-06-27,srhrp1,23
3230,NOID,2024,2024-06-27,srhrp1-SM,21
3231,NOID,2024,2024-06-27,tllfr2,1
3232,NOID,2024,2024-06-27,tlllk2,34
3233,NOID,2024,2024-06-27,yktmd1,1
3234,NOID,2024,2024-06-27,yktpd1,4
3235,NOID,2024,2024-06-27,yktsb1,52
3236,NOID,2024,2024-06-28,JNU1-mvafr1,18
3237,NOID,2024,2024-06-28,JNU2-mvalk1,18
3238,NOID,2024,2024-06-28,JNU3-mvawt2,6
3239,NOID,2024,2024-06-28,JNU4-mvapd1,56
3240,NOID,2024,2024-06-28,doube2,9
3241,NOID,2024,2024-06-28,doufr1,8
3242,NOID,2024,2024-06-28,doums1,7
3243,NOID,2024,2024-06-28,dourp1,4
3244,NOID,2024,2024-06-28,foopd1,6
3245,NOID,2024,2024-06-28,foorp1,10
3246,NOID,2024,2024-06-28,tlllk2,13
3247,NOID,2024,2024-06-28,yktpd1,8
3248,NOID,2024,2024-06-28,yktsb1,66
3249,NOID,2024,2024-06-29,JNU1-mvafr1,19
3250,NOID,2024,2024-06-29,JNU2-mvalk1,14
3251,NOID,2024,2024-06-29,JNU3-mvawt2,2
3252,NOID,2024,2024-06-29,JNU4-mvapd1,39
3253,NOID,2024,2024-06-29,doube2,7
3254,NOID,2024,2024-06-29,doufr1,7
3255,NOID,2024,2024-06-29,doums1,6
3256,NOID,2024,2024-06-29,dourp1,2
3257,NOID,2024,2024-06-29,foopd1,4
3258,NOID,2024,2024-06-29,foorp1,12
3259,NOID,2024,2024-06-29,tllfr2,9
3260,NOID,2024,2024-06-29,tlllk2,47
3261,NOID,2024,2024-06-29,yktpd1,11
3262,NOID,2024,2024-06-29,yktsb1,34
3263,NOID,2024,2024-06-30,JNU1-mvafr1,20
3264,NOID,2024,2024-06-30,JNU2-mvalk1,4
3265,NOID,2024,2024-06-30,JNU3-mvawt2,4
3266,NOID,2024,2024-06-30,JNU4-mvapd1,43
3267,NOID,2024,2024-06-30,doube2,11
3268,NOID,2024,2024-06-30,doufr1,5
3269,NOID,2024,2024-06-30,doums1,5
3270,NOID,2024,2024-06-30,dourp1,7
3271,NOID,2024,2024-06-30,foopd1,9
3272,NOID,2024,2024-06-30,foorp1,3
3273,NOID,2024,2024-06-30,tllfr2,4
3274,NOID,2024,2024-06-30,tlllk2,72
3275,NOID,2024,2024-06-30,yktpd1,5
3276,NOID,2024,2024-06-30,yktsb1,45
3277,NOID,2024,2024-07-01,JNU1-mvafr1,11
3278,NOID,2024,2024-07-01,JNU2-mvalk1,17
3279,NOID,2024,2024-07-01,JNU3-mvawt2,9
3280,NOID,2024,2024-07-01,JNU4-mvapd1,41
3281,NOID,2024,2024-07-01,doube2,3
3282,NOID,2024,2024-07-01,doufr1,2
3283,NOID,2024,2024-07-01,doums1,13
3284,NOID,2024,2024-07-01,dourp1,2
3285,NOID,2024,2024-07-01,foopd1,6
3286,NOID,2024,2024-07-01,foorp1,3
3287,NOID,2024,2024-07-01,tllfr2,3
3288,NOID,2024,2024-07-01,tlllk2,45
3289,NOID,2024,2024-07-01,yktmd1,3
3290,NOID,2024,2024-07-01,yktpd1,8
3291,NOID,2024,2024-07-01,yktsb1,41
3292,NOID,2024,2024-07-02,JNU1-mvafr1,8
3293,NOID,2024,2024-07-02,JNU2-mvalk1,19
3294,NOID,2024,2024-07-02,JNU3-mvawt2,8
3295,NOID,2024,2024-07-02,JNU4-mvapd1,30
3296,NOID,2024,2024-07-02,doube2,25
3297,NOID,2024,2024-07-02,doufr1,6
3298,NOID,2024,2024-07-02,doums1,13
3299,NOID,2024,2024-07-02,dourp1,5
3300,NOID,2024,2024-07-02,foopd1,6
3301,NOID,2024,2024-07-02,foorp1,1
3302,NOID,2024,2024-07-02,tllfr2,4
3303,NOID,2024,2024-07-02,tlllk2,38
3304,NOID,2024,2024-07-02,yktpd1,6
3305,NOID,2024,2024-07-02,yktsb1,24
3306,NOID,2024,2024-07-03,JNU1-mvafr1,4
3307,NOID,2024,2024-07-03,JNU2-mvalk1,36
3308,NOID,2024,2024-07-03,JNU3-mvawt2,3
3309,NOID,2024,2024-07-03,JNU4-mvapd1,80
3310,NOID,2024,2024-07-03,doube2,35
3311,NOID,2024,2024-07-03,doufr1,3
3312,NOID,2024,2024-07-03,doums1,27
3313,NOID,2024,2024-07-03,dourp1,2
3314,NOID,2024,2024-07-03,foopd1,3
3315,NOID,2024,2024-07-03,tllfr2,3
3316,NOID,2024,2024-07-03,tlllk2,43
3317,NOID,2024,2024-07-03,yktmd1,1
3318,NOID,2024,2024-07-03,yktpd1,6
3319,NOID,2024,2024-07-03,yktsb1,41
3320,NOID,2024,2024-07-04,JNU1-mvafr1,8
3321,NOID,2024,2024-07-04,JNU2-mvalk1,41
3322,NOID,2024,2024-07-04,JNU3-mvawt2,10
3323,NOID,2024,2024-07-04,JNU4-mvapd1,50
3324,NOID,2024,2024-07-04,doube2,57
3325,NOID,2024,2024-07-04,doufr1,12
3326,NOID,2024,2024-07-04,doums1,34
3327,NOID,2024,2024-07-04,dourp1,1
3328,NOID,2024,2024-07-04,tllfr2,4
3329,NOID,2024,2024-07-04,tlllk2,63
3330,NOID,2024,2024-07-04,yktpd1,8
3331,NOID,2024,2024-07-04,yktsb1,37
3332,NOID,2024,2024-07-05,JNU1-mvafr1,12
3333,NOID,2024,2024-07-05,JNU2-mvalk1,31
3334,NOID,2024,2024-07-05,JNU3-mvawt2,11
3335,NOID,2024,2024-07-05,JNU4-mvapd1,128
3336,NOID,2024,2024-07-05,doube2,76
3337,NOID,2024,2024-07-05,doufr1,7
3338,NOID,2024,2024-07-05,doums1,5
3339,NOID,2024,2024-07-05,foopd1,1
3340,NOID,2024,2024-07-05,tllfr2,10
3341,NOID,2024,2024-07-05,tlllk2,36
3342,NOID,2024,2024-07-05,yktmd1,1
3343,NOID,2024,2024-07-05,yktpd1,16
3344,NOID,2024,2024-07-05,yktsb1,27
3345,NOID,2024,2024-07-06,JNU1-mvafr1,13
3346,NOID,2024,2024-07-06,JNU2-mvalk1,26
3347,NOID,2024,2024-07-06,JNU3-mvawt2,6
3348,NOID,2024,2024-07-06,JNU4-mvapd1,65
3349,NOID,2024,2024-07-06,doube2,111
3350,NOID,2024,2024-07-06,doufr1,12
3351,NOID,2024,2024-07-06,doums1,3
3352,NOID,2024,2024-07-06,dourp1,1
3353,NOID,2024,2024-07-06,foopd1,2
3354,NOID,2024,2024-07-06,tllfr2,7
3355,NOID,2024,2024-07-06,tlllk2,36
3356,NOID,2024,2024-07-06,yktmd1,1
3357,NOID,2024,2024-07-06,yktpd1,12
3358,NOID,2024,2024-07-06,yktsb1,43
3359,NOID,2024,2024-07-07,JNU1-mvafr1,13
3360,NOID,2024,2024-07-07,JNU2-mvalk1,23
3361,NOID,2024,2024-07-07,JNU3-mvawt2,2
3362,NOID,2024,2024-07-07,JNU4-mvapd1,15
3363,NOID,2024,2024-07-07,doube2,11
3364,NOID,2024,2024-07-07,doufr1,9
3365,NOID,2024,2024-07-07,foopd1,3
3366,NOID,2024,2024-07-07,tllfr2,2
3367,NOID,2024,2024-07-07,tlllk2,35
3368,NOID,2024,2024-07-07,yktmd1,1
3369,NOID,2024,2024-07-07,yktpd1,8
3370,NOID,2024,2024-07-07,yktsb1,21
3371,NOID,2024,2024-07-08,JNU1-mvafr1,16
3372,NOID,2024,2024-07-08,JNU2-mvalk1,43
3373,NOID,2024,2024-07-08,JNU3-mvawt2,6
3374,NOID,2024,2024-07-08,JNU4-mvapd1,20
3375,NOID,2024,2024-07-08,doube2,21
3376,NOID,2024,2024-07-08,foopd1,8
3377,NOID,2024,2024-07-08,yktpd1,15
3378,NOID,2024,2024-07-08,yktsb1,36
3379,NOID,2024,2024-07-09,STKPD1,4
3380,NOID,2024,2024-07-09,STKRP2,8
3381,NOID,2024,2024-07-09,stkbe3,1
3382,NOID,2024,2024-07-09,yktpd1,12
3383,NOID,2024,2024-07-09,yktsb1,44
3384,NOID,2024,2024-07-10,STKPD1,3
3385,NOID,2024,2024-07-10,STKRP2,60
3386,NOID,2024,2024-07-10,stkbe3,2
3387,NOID,2024,2024-07-10,stkpd1-SM,10
3388,NOID,2024,2024-07-10,yktmd1,1
3389,NOID,2024,2024-07-10,yktpd1,16
3390,NOID,2024,2024-07-10,yktsb1,31
3391,NOID,2024,2024-07-11,STKRP2,37
3392,NOID,2024,2024-07-11,stkbe3,1
3393,NOID,2024,2024-07-11,yktpd1,2
3394,NOID,2024,2024-07-12,STKPD1,4
3395,NOID,2024,2024-07-12,STKRP2,52
3396,NOID,2024,2024-07-12,stkbe3,2
3397,NOID,2024,2024-07-12,yktpd1,11
3398,NOID,2024,2024-07-12,yktsb1,27
3399,NOID,2024,2024-07-13,STKRP2,6
3400,NOID,2024,2024-07-14,STKPD1,2
3401,NOID,2024,2024-07-14,STKRP2,26
3402,NOID,2024,2024-07-15,STKRP2,46
3403,NOID,2024,2024-07-15,yktsb1,8
3404,NOID,2024,2024-07-16,STKRP2,5
3405,NOID,2024,2024-07-16,stkbe3,1
3406,NOID,2024,2024-07-16,yktsb1,3
3407,NOID,2024,2024-07-17,STKRP2,30
3408,NOID,2024,2024-07-17,stkbe3,3
3409,NOID,2024,2024-07-17,yktsb1,5
3410,NOID,2024,2024-07-18,STKRP2,21
3411,NOID,2024,2024-07-18,stkbe3,3
3412,NOID,2024,2024-07-18,yktmd1,4
3413,NOID,2024,2024-07-18,yktsb1,5
3414,NOID,2024,2024-07-19,stkbe3,1
3415,NOID,2024,2024-07-19,yktmd1,10
3416,NOID,2024,2024-07-19,yktsb1,3
3417,NOID,2024,2024-07-20,stkbe3,1
3418,NOID,2024,2024-07-20,stkpd1-SM,1
3419,NOID,2024,2024-07-20,yktmd1,1
3420,NOID,2024,2024-07-20,yktsb1,12
3421,NOID,2024,2024-07-21,stkbe3,1
3422,NOID,2024,2024-07-21,yktsb1,7
3423,NOID,2024,2024-07-22,yktmd1,2
3424,NOID,2024,2024-07-23,stkbe3,1
3425,NOID,2024,2024-07-24,stkbe3,2
3426,NOID,2024,2024-07-25,STKPD1,1
3427,NOID,2024,2024-07-25,stkbe3,4
3428,NOID,2024,2024-07-26,stkbe3,1
3429,NOID,2024,2024-07-27,stkbe3,1
3430,NOID,2024,2024-07-27,yktsb1,3
3431,NOID,2024,2024-07-28,stkbe3,6
3432,NOID,2024,2024-07-28,yktsb1,8
3433,NOID,2024,2024-07-29,STKPD1,1
3434,NOID,2024,2024-07-29,stkbe3,1
3435,NOID,2024,2024-07-30,yktsb1,1
3436,NOID,2024,2024-08-01,STKPD1,1
3437,NOID,2024,2024-08-03,STKPD1,1
3438,NOID,2024,2024-08-06,STKPD1,2
3439,NOID,2024,2024-08-07,STKPD1,1
3440,NOTBAT,2024,2024-06-14,HHLMS1,2
3441,NOTBAT,2024,2024-06-15,HHLLK1,1
3442,NOTBAT,2024,2024-06-15,Transects,47
3443,NOTBAT,2024,2024-06-16,HHLLK1,2
3444,NOTBAT,2024,2024-06-17,HHLLK1,3
3445,NOTBAT,2024,2024-06-17,Transects,2
3446,NOTBAT,2024,2024-06-19,HHLLK1,2
3447,NOTBAT,2024,2024-06-19,HHLMS1,1
3448,NOTBAT,2024,2024-06-19,srhrp1,1
3449,NOTBAT,2024,2024-06-20,HHLLK1,3
3450,NOTBAT,2024,2024-06-20,Transects,13
3451,NOTBAT,2024,2024-06-21,tllfr2,1
3452,NOTBAT,2024,2024-06-21,tllms1,1
3453,NOTBAT,2024,2024-06-22,srhrp1,1
3454,NOTBAT,2024,2024-06-22,tllfr2,2
3455,NOTBAT,2024,2024-06-24,HHLLK1,1
3456,NOTBAT,2024,2024-06-24,hnhrp1,1
3457,NOTBAT,2024,2024-06-24,srhrp1,1
3458,NOTBAT,2024,2024-06-24,tllms1,2
3459,NOTBAT,2024,2024-06-25,JNU1-mvafr1,27
3460,NOTBAT,2024,2024-06-25,Transects,9
3461,NOTBAT,2024,2024-06-25,doube2,1
3462,NOTBAT,2024,2024-06-25,hnhbe2,3
3463,NOTBAT,2024,2024-06-25,srhrp1,1
3464,NOTBAT,2024,2024-06-25,yktmd1,7
3465,NOTBAT,2024,2024-06-26,JNU1-mvafr1,4
3466,NOTBAT,2024,2024-06-26,JNU3-mvawt2,1
3467,NOTBAT,2024,2024-06-26,hnhrp1,5
3468,NOTBAT,2024,2024-06-27,JNU1-mvafr1,1
3469,NOTBAT,2024,2024-06-27,JNU2-mvalk1,1
3470,NOTBAT,2024,2024-06-27,JNU3-mvawt2,8
3471,NOTBAT,2024,2024-06-27,JNU4-mvapd1,1
3472,NOTBAT,2024,2024-06-27,Transects,3
3473,NOTBAT,2024,2024-06-27,hnhbe2,2
3474,NOTBAT,2024,2024-06-27,hnhrp1,10
3475,NOTBAT,2024,2024-06-27,srhbe2,1
3476,NOTBAT,2024,2024-06-28,JNU1-mvafr1,5
3477,NOTBAT,2024,2024-06-28,hnhbe2,1
3478,NOTBAT,2024,2024-06-28,yktmd1,2
3479,NOTBAT,2024,2024-06-29,JNU1-mvafr1,3
3480,NOTBAT,2024,2024-06-29,JNU2-mvalk1,4
3481,NOTBAT,2024,2024-06-29,doufr1,1
3482,NOTBAT,2024,2024-06-30,JNU1-mvafr1,11
3483,NOTBAT,2024,2024-07-01,JNU3-mvawt2,12
3484,NOTBAT,2024,2024-07-01,Transects,2
3485,NOTBAT,2024,2024-07-02,JNU1-mvafr1,2
3486,NOTBAT,2024,2024-07-02,JNU2-mvalk1,2
3487,NOTBAT,2024,2024-07-02,Transects,2
3488,NOTBAT,2024,2024-07-02,tllfr2,1
3489,NOTBAT,2024,2024-07-03,tllfr2,1
3490,NOTBAT,2024,2024-07-03,yktsb1,3
3491,NOTBAT,2024,2024-07-04,JNU2-mvalk1,1
3492,NOTBAT,2024,2024-07-04,JNU3-mvawt2,9
3493,NOTBAT,2024,2024-07-05,JNU3-mvawt2,14
3494,NOTBAT,2024,2024-07-05,dourp1,2
3495,NOTBAT,2024,2024-07-06,JNU3-mvawt2,5
3496,NOTBAT,2024,2024-07-06,Transect,2
3497,NOTBAT,2024,2024-07-06,Transects,8
3498,NOTBAT,2024,2024-07-07,JNU3-mvawt2,1
3499,NOTBAT,2024,2024-07-07,JNU4-mvapd1,1
3500,NOTBAT,2024,2024-07-07,Transects,80
3501,NOTBAT,2024,2024-07-07,yktsb1,3
3502,NOTBAT,2024,2024-07-08,yktsb1,1
3503,NOTBAT,2024,2024-07-11,STKRP2,9
3504,NOTBAT,2024,2024-07-12,yktpd1,2
3505,NOTBAT,2024,2024-07-16,Transects,7
3506,NOTBAT,2024,2024-07-17,STKRP2,2
3507,NOTBAT,2024,2024-07-18,Transects,2
3508,NOTBAT,2024,2024-07-18,yktsb1,2
3509,NOTBAT,2024,2024-07-19,yktmd1,18
3510,NOTBAT,2024,2024-07-19,yktsb1,1
3511,NOTBAT,2024,2024-07-29,STKMS2,5
3512,NOTBAT,2024,2024-07-30,STKMS2,2
3513,NOTBAT,2024,2024-07-30,yktsb1,2
3514,NOTBAT,2024,2024-08-11,STKMS2,2
3515,NOTBAT,2024,2024-08-11,STKPD1,1
3516,NOTBAT,2024,2024-08-12,STKMS2,108
3517,REVIEW,2024,2024-06-23,tllrp2,1
3518,REVIEW,2024,2024-06-27,Transects,1
