"","species_raw","SiteName","GRTS.Cell.ID","ts","species","Site_key","hr","nh","night_date","x","facet"
"1","MYLU","SW",117173,2025-07-12 00:55:00,"MYLU","117173",0.916666666666667,24.9166666666667,2025-07-11,2001-07-11,"MYLU"
"2","MYLU","SW",117173,2025-07-12 01:28:00,"MYLU","117173",1.46666666666667,25.4666666666667,2025-07-11,2001-07-11,"MYLU"
"3","MYLU","SW",117173,2025-07-12 01:49:00,"MYLU","117173",1.81666666666667,25.8166666666667,2025-07-11,2001-07-11,"MYLU"
"4","NOID","SW",117173,2025-07-13 00:37:00,"NOID","117173",0.616666666666667,24.6166666666667,2025-07-12,2001-07-12,"Unidentified"
"5","NOID","SW",117173,2025-07-13 00:51:00,"NOID","117173",0.85,24.85,2025-07-12,2001-07-12,"Unidentified"
"6","MYLU","SW",117173,2025-07-13 01:10:00,"MYLU","117173",1.16666666666667,25.1666666666667,2025-07-12,2001-07-12,"MYLU"
"7","MYLU","SW",117173,2025-07-13 01:10:00,"MYLU","117173",1.16666666666667,25.1666666666667,2025-07-12,2001-07-12,"MYLU"
"8","MYLU","SW",117173,2025-07-13 01:28:00,"MYLU","117173",1.46666666666667,25.4666666666667,2025-07-12,2001-07-12,"MYLU"
"9","MYLU","SW",117173,2025-07-13 01:30:00,"MYLU","117173",1.5,25.5,2025-07-12,2001-07-12,"MYLU"
"10","MYLU","SW",117173,2025-07-13 01:31:00,"MYLU","117173",1.51666666666667,25.5166666666667,2025-07-12,2001-07-12,"MYLU"
"11","MYLU","SW",117173,2025-07-13 01:31:00,"MYLU","117173",1.51666666666667,25.5166666666667,2025-07-12,2001-07-12,"MYLU"
"12","MYLU","SW",117173,2025-07-13 03:05:00,"MYLU","117173",3.08333333333333,27.0833333333333,2025-07-12,2001-07-12,"MYLU"
"13","MYLU","SW",117173,2025-07-13 03:06:00,"MYLU","117173",3.1,27.1,2025-07-12,2001-07-12,"MYLU"
"14","MYLU","SW",117173,2025-07-13 03:08:00,"MYLU","117173",3.13333333333333,27.1333333333333,2025-07-12,2001-07-12,"MYLU"
"15","MYLU","SW",117173,2025-07-13 03:09:00,"MYLU","117173",3.15,27.15,2025-07-12,2001-07-12,"MYLU"
"16","MYLU","SW",117173,2025-07-13 03:11:00,"MYLU","117173",3.18333333333333,27.1833333333333,2025-07-12,2001-07-12,"MYLU"
"17","MYLU","SW",117173,2025-07-13 03:29:00,"MYLU","117173",3.48333333333333,27.4833333333333,2025-07-12,2001-07-12,"MYLU"
"18","MYLU","SW",117173,2025-07-13 03:30:00,"MYLU","117173",3.5,27.5,2025-07-12,2001-07-12,"MYLU"
"19","MYLU","SW",117173,2025-07-13 03:31:00,"MYLU","117173",3.51666666666667,27.5166666666667,2025-07-12,2001-07-12,"MYLU"
"20","MYLU","SW",117173,2025-07-13 03:37:00,"MYLU","117173",3.61666666666667,27.6166666666667,2025-07-12,2001-07-12,"MYLU"
"21","MYLU","SW",117173,2025-07-13 03:49:00,"MYLU","117173",3.81666666666667,27.8166666666667,2025-07-12,2001-07-12,"MYLU"
"22","MYLU","SW",117173,2025-07-14 00:37:00,"MYLU","117173",0.616666666666667,24.6166666666667,2025-07-13,2001-07-13,"MYLU"
"23","MYLU","SW",117173,2025-07-14 00:43:00,"MYLU","117173",0.716666666666667,24.7166666666667,2025-07-13,2001-07-13,"MYLU"
"24","MYLU","SW",117173,2025-07-14 00:43:00,"MYLU","117173",0.716666666666667,24.7166666666667,2025-07-13,2001-07-13,"MYLU"
"25","MYLU","SW",117173,2025-07-14 00:46:00,"MYLU","117173",0.766666666666667,24.7666666666667,2025-07-13,2001-07-13,"MYLU"
"26","MYLU","SW",117173,2025-07-14 00:46:00,"MYLU","117173",0.766666666666667,24.7666666666667,2025-07-13,2001-07-13,"MYLU"
"27","MYLU","SW",117173,2025-07-14 00:46:00,"MYLU","117173",0.766666666666667,24.7666666666667,2025-07-13,2001-07-13,"MYLU"
"28","MYEVMYLU","SW",117173,2025-07-14 00:58:00,"MYEVMYLU","117173",0.966666666666667,24.9666666666667,2025-07-13,2001-07-13,"Unidentified"
"29","MYLU","SW",117173,2025-07-14 01:07:00,"MYLU","117173",1.11666666666667,25.1166666666667,2025-07-13,2001-07-13,"MYLU"
"30","NOID","SW",117173,2025-07-14 01:18:00,"NOID","117173",1.3,25.3,2025-07-13,2001-07-13,"Unidentified"
"31","MYLU","SW",117173,2025-07-14 01:18:00,"MYLU","117173",1.3,25.3,2025-07-13,2001-07-13,"MYLU"
"32","MYLU","SW",117173,2025-07-14 01:19:00,"MYLU","117173",1.31666666666667,25.3166666666667,2025-07-13,2001-07-13,"MYLU"
"33","MYLU","SW",117173,2025-07-14 01:19:00,"MYLU","117173",1.31666666666667,25.3166666666667,2025-07-13,2001-07-13,"MYLU"
"34","MYLU","SW",117173,2025-07-14 01:23:00,"MYLU","117173",1.38333333333333,25.3833333333333,2025-07-13,2001-07-13,"MYLU"
"35","MYLU","SW",117173,2025-07-14 01:33:00,"MYLU","117173",1.55,25.55,2025-07-13,2001-07-13,"MYLU"
"36","MYLU","SW",117173,2025-07-14 01:44:00,"MYLU","117173",1.73333333333333,25.7333333333333,2025-07-13,2001-07-13,"MYLU"
"37","MYLU","SW",117173,2025-07-14 01:46:00,"MYLU","117173",1.76666666666667,25.7666666666667,2025-07-13,2001-07-13,"MYLU"
"38","MYLU","SW",117173,2025-07-14 01:48:00,"MYLU","117173",1.8,25.8,2025-07-13,2001-07-13,"MYLU"
"39","MYLU","SW",117173,2025-07-14 01:54:00,"MYLU","117173",1.9,25.9,2025-07-13,2001-07-13,"MYLU"
"40","MYLU","SW",117173,2025-07-14 01:57:00,"MYLU","117173",1.95,25.95,2025-07-13,2001-07-13,"MYLU"
"41","MYLU","SW",117173,2025-07-14 02:05:00,"MYLU","117173",2.08333333333333,26.0833333333333,2025-07-13,2001-07-13,"MYLU"
"42","MYLU","SW",117173,2025-07-14 02:10:00,"MYLU","117173",2.16666666666667,26.1666666666667,2025-07-13,2001-07-13,"MYLU"
"43","MYLU","SW",117173,2025-07-14 02:14:00,"MYLU","117173",2.23333333333333,26.2333333333333,2025-07-13,2001-07-13,"MYLU"
"44","MYLU","SW",117173,2025-07-14 02:18:00,"MYLU","117173",2.3,26.3,2025-07-13,2001-07-13,"MYLU"
"45","MYLU","SW",117173,2025-07-14 02:19:00,"MYLU","117173",2.31666666666667,26.3166666666667,2025-07-13,2001-07-13,"MYLU"
"46","MYLU","SW",117173,2025-07-14 02:19:00,"MYLU","117173",2.31666666666667,26.3166666666667,2025-07-13,2001-07-13,"MYLU"
"47","MYLU","SW",117173,2025-07-14 02:27:00,"MYLU","117173",2.45,26.45,2025-07-13,2001-07-13,"MYLU"
"48","MYLU","SW",117173,2025-07-14 02:36:00,"MYLU","117173",2.6,26.6,2025-07-13,2001-07-13,"MYLU"
"49","MYLU","SW",117173,2025-07-14 02:36:00,"MYLU","117173",2.6,26.6,2025-07-13,2001-07-13,"MYLU"
"50","MYLU","SW",117173,2025-07-14 02:37:00,"MYLU","117173",2.61666666666667,26.6166666666667,2025-07-13,2001-07-13,"MYLU"
"51","MYLU","SW",117173,2025-07-14 02:38:00,"MYLU","117173",2.63333333333333,26.6333333333333,2025-07-13,2001-07-13,"MYLU"
"52","MYLU","SW",117173,2025-07-14 02:39:00,"MYLU","117173",2.65,26.65,2025-07-13,2001-07-13,"MYLU"
"53","MYLU","SW",117173,2025-07-14 02:44:00,"MYLU","117173",2.73333333333333,26.7333333333333,2025-07-13,2001-07-13,"MYLU"
"54","MYLU","SW",117173,2025-07-14 02:47:00,"MYLU","117173",2.78333333333333,26.7833333333333,2025-07-13,2001-07-13,"MYLU"
"55","MYLU","SW",117173,2025-07-14 02:48:00,"MYLU","117173",2.8,26.8,2025-07-13,2001-07-13,"MYLU"
"56","MYLU","SW",117173,2025-07-14 02:50:00,"MYLU","117173",2.83333333333333,26.8333333333333,2025-07-13,2001-07-13,"MYLU"
"57","MYLU","SW",117173,2025-07-14 02:51:00,"MYLU","117173",2.85,26.85,2025-07-13,2001-07-13,"MYLU"
"58","MYLU","SW",117173,2025-07-14 02:52:00,"MYLU","117173",2.86666666666667,26.8666666666667,2025-07-13,2001-07-13,"MYLU"
"59","MYLU","SW",117173,2025-07-14 02:53:00,"MYLU","117173",2.88333333333333,26.8833333333333,2025-07-13,2001-07-13,"MYLU"
"60","MYLU","SW",117173,2025-07-14 02:54:00,"MYLU","117173",2.9,26.9,2025-07-13,2001-07-13,"MYLU"
"61","MYLU","SW",117173,2025-07-14 02:54:00,"MYLU","117173",2.9,26.9,2025-07-13,2001-07-13,"MYLU"
"62","MYLU","SW",117173,2025-07-14 02:55:00,"MYLU","117173",2.91666666666667,26.9166666666667,2025-07-13,2001-07-13,"MYLU"
"63","MYLU","SW",117173,2025-07-14 02:55:00,"MYLU","117173",2.91666666666667,26.9166666666667,2025-07-13,2001-07-13,"MYLU"
"64","MYLU","SW",117173,2025-07-14 02:56:00,"MYLU","117173",2.93333333333333,26.9333333333333,2025-07-13,2001-07-13,"MYLU"
"65","MYLU","SW",117173,2025-07-14 02:59:00,"MYLU","117173",2.98333333333333,26.9833333333333,2025-07-13,2001-07-13,"MYLU"
"66","MYLU","SW",117173,2025-07-14 03:00:00,"MYLU","117173",3,27,2025-07-13,2001-07-13,"MYLU"
"67","MYLU","SW",117173,2025-07-14 03:01:00,"MYLU","117173",3.01666666666667,27.0166666666667,2025-07-13,2001-07-13,"MYLU"
"68","MYLU","SW",117173,2025-07-14 03:02:00,"MYLU","117173",3.03333333333333,27.0333333333333,2025-07-13,2001-07-13,"MYLU"
"69","MYLU","SW",117173,2025-07-14 03:03:00,"MYLU","117173",3.05,27.05,2025-07-13,2001-07-13,"MYLU"
"70","MYLU","SW",117173,2025-07-14 03:06:00,"MYLU","117173",3.1,27.1,2025-07-13,2001-07-13,"MYLU"
"71","NOID","SW",117173,2025-07-14 03:25:00,"NOID","117173",3.41666666666667,27.4166666666667,2025-07-13,2001-07-13,"Unidentified"
"72","NOID","SW",117173,2025-07-15 00:15:00,"NOID","117173",0.25,24.25,2025-07-14,2001-07-14,"Unidentified"
"73","NOID","SW",117173,2025-07-15 00:22:00,"NOID","117173",0.366666666666667,24.3666666666667,2025-07-14,2001-07-14,"Unidentified"
"74","MYLU","SW",117173,2025-07-15 00:22:00,"MYLU","117173",0.366666666666667,24.3666666666667,2025-07-14,2001-07-14,"MYLU"
"75","MYLU","SW",117173,2025-07-15 00:24:00,"MYLU","117173",0.4,24.4,2025-07-14,2001-07-14,"MYLU"
"76","NOID","SW",117173,2025-07-15 00:25:00,"NOID","117173",0.416666666666667,24.4166666666667,2025-07-14,2001-07-14,"Unidentified"
"77","MYLU","SW",117173,2025-07-15 00:25:00,"MYLU","117173",0.416666666666667,24.4166666666667,2025-07-14,2001-07-14,"MYLU"
"78","MYLU","SW",117173,2025-07-15 00:26:00,"MYLU","117173",0.433333333333333,24.4333333333333,2025-07-14,2001-07-14,"MYLU"
"79","MYLU","SW",117173,2025-07-15 00:27:00,"MYLU","117173",0.45,24.45,2025-07-14,2001-07-14,"MYLU"
"80","MYLU","SW",117173,2025-07-15 00:42:00,"MYLU","117173",0.7,24.7,2025-07-14,2001-07-14,"MYLU"
"81","NOID","SW",117173,2025-07-15 00:44:00,"NOID","117173",0.733333333333333,24.7333333333333,2025-07-14,2001-07-14,"Unidentified"
"82","MYLU","SW",117173,2025-07-15 00:45:00,"MYLU","117173",0.75,24.75,2025-07-14,2001-07-14,"MYLU"
"83","NOID","SW",117173,2025-07-15 00:50:00,"NOID","117173",0.833333333333333,24.8333333333333,2025-07-14,2001-07-14,"Unidentified"
"84","MYLU","SW",117173,2025-07-15 00:55:00,"MYLU","117173",0.916666666666667,24.9166666666667,2025-07-14,2001-07-14,"MYLU"
"85","MYLU","SW",117173,2025-07-15 00:58:00,"MYLU","117173",0.966666666666667,24.9666666666667,2025-07-14,2001-07-14,"MYLU"
"86","MYLU","SW",117173,2025-07-15 01:03:00,"MYLU","117173",1.05,25.05,2025-07-14,2001-07-14,"MYLU"
"87","MYLU","SW",117173,2025-07-15 01:53:00,"MYLU","117173",1.88333333333333,25.8833333333333,2025-07-14,2001-07-14,"MYLU"
"88","MYLU","SW",117173,2025-07-15 02:01:00,"MYLU","117173",2.01666666666667,26.0166666666667,2025-07-14,2001-07-14,"MYLU"
"89","MYLU","SW",117173,2025-07-15 02:25:00,"MYLU","117173",2.41666666666667,26.4166666666667,2025-07-14,2001-07-14,"MYLU"
"90","MYLUMYVO","SW",117173,2025-07-15 03:06:00,"MYLUMYVO","117173",3.1,27.1,2025-07-14,2001-07-14,"Unidentified"
"91","MYLU","SW",117173,2025-07-15 03:10:00,"MYLU","117173",3.16666666666667,27.1666666666667,2025-07-14,2001-07-14,"MYLU"
"92","MYLU","SW",117173,2025-07-15 03:26:00,"MYLU","117173",3.43333333333333,27.4333333333333,2025-07-14,2001-07-14,"MYLU"
"93","NOID","SW",117173,2025-07-15 03:27:00,"NOID","117173",3.45,27.45,2025-07-14,2001-07-14,"Unidentified"
"94","MYLU","SW",117173,2025-07-15 03:29:00,"MYLU","117173",3.48333333333333,27.4833333333333,2025-07-14,2001-07-14,"MYLU"
"95","MYLU","SW",117173,2025-07-16 01:05:00,"MYLU","117173",1.08333333333333,25.0833333333333,2025-07-15,2001-07-15,"MYLU"
"96","MYLU","SW",117173,2025-07-16 02:02:00,"MYLU","117173",2.03333333333333,26.0333333333333,2025-07-15,2001-07-15,"MYLU"
"97","MYLU","SW",117173,2025-07-17 01:35:00,"MYLU","117173",1.58333333333333,25.5833333333333,2025-07-16,2001-07-16,"MYLU"
"98","MYLU","SW",117173,2025-07-17 01:54:00,"MYLU","117173",1.9,25.9,2025-07-16,2001-07-16,"MYLU"
"99","MYLU","SW",117173,2025-07-17 01:55:00,"MYLU","117173",1.91666666666667,25.9166666666667,2025-07-16,2001-07-16,"MYLU"
"100","MYLU","SW",117173,2025-07-17 02:33:00,"MYLU","117173",2.55,26.55,2025-07-16,2001-07-16,"MYLU"
"101","MYLU","SW",117173,2025-07-17 02:57:00,"MYLU","117173",2.95,26.95,2025-07-16,2001-07-16,"MYLU"
"102","NOID","SW",117173,2025-07-18 01:03:00,"NOID","117173",1.05,25.05,2025-07-17,2001-07-17,"Unidentified"
"103","MYLU","SW",117173,2025-07-18 01:12:00,"MYLU","117173",1.2,25.2,2025-07-17,2001-07-17,"MYLU"
"104","MYLU","SW",117173,2025-07-18 01:29:00,"MYLU","117173",1.48333333333333,25.4833333333333,2025-07-17,2001-07-17,"MYLU"
"105","NOID","SW",117173,2025-07-18 01:48:00,"NOID","117173",1.8,25.8,2025-07-17,2001-07-17,"Unidentified"
"106","MYLU","SW",117173,2025-07-18 02:05:00,"MYLU","117173",2.08333333333333,26.0833333333333,2025-07-17,2001-07-17,"MYLU"
"107","MYLU","SW",117173,2025-07-18 02:07:00,"MYLU","117173",2.11666666666667,26.1166666666667,2025-07-17,2001-07-17,"MYLU"
"108","MYLU","SW",117173,2025-07-18 02:09:00,"MYLU","117173",2.15,26.15,2025-07-17,2001-07-17,"MYLU"
"109","MYLU","SW",117173,2025-07-18 02:11:00,"MYLU","117173",2.18333333333333,26.1833333333333,2025-07-17,2001-07-17,"MYLU"
"110","NOID","SW",117173,2025-07-18 02:19:00,"NOID","117173",2.31666666666667,26.3166666666667,2025-07-17,2001-07-17,"Unidentified"
"111","MYLU","SW",117173,2025-07-18 02:25:00,"MYLU","117173",2.41666666666667,26.4166666666667,2025-07-17,2001-07-17,"MYLU"
"112","MYLU","SW",117173,2025-07-18 02:25:00,"MYLU","117173",2.41666666666667,26.4166666666667,2025-07-17,2001-07-17,"MYLU"
"113","NOID","SW",117173,2025-07-18 02:26:00,"NOID","117173",2.43333333333333,26.4333333333333,2025-07-17,2001-07-17,"Unidentified"
"114","MYLU","SW",117173,2025-07-18 02:28:00,"MYLU","117173",2.46666666666667,26.4666666666667,2025-07-17,2001-07-17,"MYLU"
"115","MYLU","SW",117173,2025-07-18 02:29:00,"MYLU","117173",2.48333333333333,26.4833333333333,2025-07-17,2001-07-17,"MYLU"
"116","NOID","SW",117173,2025-07-18 02:35:00,"NOID","117173",2.58333333333333,26.5833333333333,2025-07-17,2001-07-17,"Unidentified"
"117","MYLU","SW",117173,2025-07-18 02:36:00,"MYLU","117173",2.6,26.6,2025-07-17,2001-07-17,"MYLU"
"118","NOID","SW",117173,2025-07-18 02:49:00,"NOID","117173",2.81666666666667,26.8166666666667,2025-07-17,2001-07-17,"Unidentified"
"119","MYLU","SW",117173,2025-07-18 02:55:00,"MYLU","117173",2.91666666666667,26.9166666666667,2025-07-17,2001-07-17,"MYLU"
"120","NOID","SW",117173,2025-07-18 02:55:00,"NOID","117173",2.91666666666667,26.9166666666667,2025-07-17,2001-07-17,"Unidentified"
"121","MYLU","SW",117173,2025-07-18 03:00:00,"MYLU","117173",3,27,2025-07-17,2001-07-17,"MYLU"
"122","MYLU","SW",117173,2025-07-18 03:01:00,"MYLU","117173",3.01666666666667,27.0166666666667,2025-07-17,2001-07-17,"MYLU"
"123","MYLU","SW",117173,2025-07-18 03:02:00,"MYLU","117173",3.03333333333333,27.0333333333333,2025-07-17,2001-07-17,"MYLU"
"124","MYLU","SW",117173,2025-07-18 03:03:00,"MYLU","117173",3.05,27.05,2025-07-17,2001-07-17,"MYLU"
"125","MYLU","SW",117173,2025-07-18 03:03:00,"MYLU","117173",3.05,27.05,2025-07-17,2001-07-17,"MYLU"
"126","MYLU","SW",117173,2025-07-18 03:18:00,"MYLU","117173",3.3,27.3,2025-07-17,2001-07-17,"MYLU"
"127","MYLU","SW",117173,2025-07-18 03:19:00,"MYLU","117173",3.31666666666667,27.3166666666667,2025-07-17,2001-07-17,"MYLU"
"128","MYLU","SW",117173,2025-07-18 03:19:00,"MYLU","117173",3.31666666666667,27.3166666666667,2025-07-17,2001-07-17,"MYLU"
"129","MYLU","SW",117173,2025-07-18 03:26:00,"MYLU","117173",3.43333333333333,27.4333333333333,2025-07-17,2001-07-17,"MYLU"
"130","NOID","SW",117173,2025-07-18 03:28:00,"NOID","117173",3.46666666666667,27.4666666666667,2025-07-17,2001-07-17,"Unidentified"
"131","NOID","SW",117173,2025-07-18 03:38:00,"NOID","117173",3.63333333333333,27.6333333333333,2025-07-17,2001-07-17,"Unidentified"
"132","NOID","SW",154037,2025-07-15 00:01:00,"NOID","154037",0.0166666666666667,24.0166666666667,2025-07-14,2001-07-14,"Unidentified"
"133","NOID","SW",154037,2025-07-11 03:06:00,"NOID","154037",3.1,27.1,2025-07-10,2001-07-10,"Unidentified"
"134","MYLU","SW",154037,2025-07-17 02:56:00,"MYLU","154037",2.93333333333333,26.9333333333333,2025-07-16,2001-07-16,"MYLU"
"135","NOID","SW",154037,2025-07-15 03:45:00,"NOID","154037",3.75,27.75,2025-07-14,2001-07-14,"Unidentified"
"136","MYLU","SW",154037,2025-07-18 00:53:00,"MYLU","154037",0.883333333333333,24.8833333333333,2025-07-17,2001-07-17,"MYLU"
"137","NOID","SW",154037,2025-07-12 03:06:00,"NOID","154037",3.1,27.1,2025-07-11,2001-07-11,"Unidentified"
"138","MYLU","SW",154037,2025-07-11 03:14:00,"MYLU","154037",3.23333333333333,27.2333333333333,2025-07-10,2001-07-10,"MYLU"
"139","NOID","SW",154037,2025-07-14 03:46:00,"NOID","154037",3.76666666666667,27.7666666666667,2025-07-13,2001-07-13,"Unidentified"
"140","MYLU","SW",154037,2025-07-18,"MYLU","154037",0,24,2025-07-17,2001-07-17,"MYLU"
"141","NOID","SW",154037,2025-07-12 03:53:00,"NOID","154037",3.88333333333333,27.8833333333333,2025-07-11,2001-07-11,"Unidentified"
"142","MYLU","SW",154037,2025-07-11 03:03:00,"MYLU","154037",3.05,27.05,2025-07-10,2001-07-10,"MYLU"
"143","MYLU","SW",154037,2025-07-13 00:48:00,"MYLU","154037",0.8,24.8,2025-07-12,2001-07-12,"MYLU"
"144","NOID","SW",154037,2025-07-15 03:47:00,"NOID","154037",3.78333333333333,27.7833333333333,2025-07-14,2001-07-14,"Unidentified"
"145","NOID","SW",154037,2025-07-17 02:15:00,"NOID","154037",2.25,26.25,2025-07-16,2001-07-16,"Unidentified"
"146","NOID","SW",154037,2025-07-18 00:46:00,"NOID","154037",0.766666666666667,24.7666666666667,2025-07-17,2001-07-17,"Unidentified"
"147","MYLU","SW",154037,2025-07-18 01:49:00,"MYLU","154037",1.81666666666667,25.8166666666667,2025-07-17,2001-07-17,"MYLU"
"148","MYLU","SW",154037,2025-07-14 03:51:00,"MYLU","154037",3.85,27.85,2025-07-13,2001-07-13,"MYLU"
"149","MYLU","SW",154037,2025-07-14 00:51:00,"MYLU","154037",0.85,24.85,2025-07-13,2001-07-13,"MYLU"
"150","MYLU","SW",154037,2025-07-12 02:58:00,"MYLU","154037",2.96666666666667,26.9666666666667,2025-07-11,2001-07-11,"MYLU"
"151","MYLU","SW",154037,2025-07-18 02:46:00,"MYLU","154037",2.76666666666667,26.7666666666667,2025-07-17,2001-07-17,"MYLU"
"152","NOID","SW",154037,2025-07-15 02:36:00,"NOID","154037",2.6,26.6,2025-07-14,2001-07-14,"Unidentified"
"153","MYLU","SW",154037,2025-07-11 01:08:00,"MYLU","154037",1.13333333333333,25.1333333333333,2025-07-10,2001-07-10,"MYLU"
"154","MYLU","SW",154037,2025-07-11 03:24:00,"MYLU","154037",3.4,27.4,2025-07-10,2001-07-10,"MYLU"
"155","MYLU","SW",154037,2025-07-11 03:13:00,"MYLU","154037",3.21666666666667,27.2166666666667,2025-07-10,2001-07-10,"MYLU"
"156","MYLU","SW",154037,2025-07-18 03:36:00,"MYLU","154037",3.6,27.6,2025-07-17,2001-07-17,"MYLU"
"157","MYLU","SW",154037,2025-07-18 02:03:00,"MYLU","154037",2.05,26.05,2025-07-17,2001-07-17,"MYLU"
"158","NOID","SW",154037,2025-07-12 00:55:00,"NOID","154037",0.916666666666667,24.9166666666667,2025-07-11,2001-07-11,"Unidentified"
"159","MYLU","SW",154037,2025-07-14 03:47:00,"MYLU","154037",3.78333333333333,27.7833333333333,2025-07-13,2001-07-13,"MYLU"
"160","MYLU","SW",154037,2025-07-17 02:35:00,"MYLU","154037",2.58333333333333,26.5833333333333,2025-07-16,2001-07-16,"MYLU"
"161","MYLU","SW",154037,2025-07-17 01:29:00,"MYLU","154037",1.48333333333333,25.4833333333333,2025-07-16,2001-07-16,"MYLU"
"162","MYLU","SW",154037,2025-07-14 01:23:00,"MYLU","154037",1.38333333333333,25.3833333333333,2025-07-13,2001-07-13,"MYLU"
"163","MYLU","SW",154037,2025-07-12 00:30:00,"MYLU","154037",0.5,24.5,2025-07-11,2001-07-11,"MYLU"
"164","MYLU","SW",154037,2025-07-11 03:20:00,"MYLU","154037",3.33333333333333,27.3333333333333,2025-07-10,2001-07-10,"MYLU"
"165","MYLU","SW",154037,2025-07-17 03:35:00,"MYLU","154037",3.58333333333333,27.5833333333333,2025-07-16,2001-07-16,"MYLU"
"166","MYLU","SW",154037,2025-07-18 02:46:00,"MYLU","154037",2.76666666666667,26.7666666666667,2025-07-17,2001-07-17,"MYLU"
"167","MYLU","SW",154037,2025-07-12 01:34:00,"MYLU","154037",1.56666666666667,25.5666666666667,2025-07-11,2001-07-11,"MYLU"
"168","MYLU","SW",154037,2025-07-14 03:41:00,"MYLU","154037",3.68333333333333,27.6833333333333,2025-07-13,2001-07-13,"MYLU"
"169","MYLU","SW",154037,2025-07-12 00:58:00,"MYLU","154037",0.966666666666667,24.9666666666667,2025-07-11,2001-07-11,"MYLU"
"170","NOID","SW",154037,2025-07-15 02:52:00,"NOID","154037",2.86666666666667,26.8666666666667,2025-07-14,2001-07-14,"Unidentified"
"171","NOID","SW",154037,2025-07-12 02:16:00,"NOID","154037",2.26666666666667,26.2666666666667,2025-07-11,2001-07-11,"Unidentified"
"172","MYLU","SW",154037,2025-07-14 00:14:00,"MYLU","154037",0.233333333333333,24.2333333333333,2025-07-13,2001-07-13,"MYLU"
"173","MYLU","SW",154037,2025-07-12 02:57:00,"MYLU","154037",2.95,26.95,2025-07-11,2001-07-11,"MYLU"
"174","MYLU","SW",154037,2025-07-12 01:36:00,"MYLU","154037",1.6,25.6,2025-07-11,2001-07-11,"MYLU"
"175","MYLU","SW",154037,2025-07-12 02:56:00,"MYLU","154037",2.93333333333333,26.9333333333333,2025-07-11,2001-07-11,"MYLU"
"176","MYLU","SW",154037,2025-07-12 02:38:00,"MYLU","154037",2.63333333333333,26.6333333333333,2025-07-11,2001-07-11,"MYLU"
"177","MYLU","SW",154037,2025-07-15 01:06:00,"MYLU","154037",1.1,25.1,2025-07-14,2001-07-14,"MYLU"
"178","MYLU","SW",154037,2025-07-11 02:54:00,"MYLU","154037",2.9,26.9,2025-07-10,2001-07-10,"MYLU"
"179","MYLU","SW",154037,2025-07-14 03:12:00,"MYLU","154037",3.2,27.2,2025-07-13,2001-07-13,"MYLU"
"180","MYLU","SW",154037,2025-07-14 01:51:00,"MYLU","154037",1.85,25.85,2025-07-13,2001-07-13,"MYLU"
"181","MYLU","SW",154037,2025-07-11 02:00:00,"MYLU","154037",2,26,2025-07-10,2001-07-10,"MYLU"
"182","MYLU","SW",154037,2025-07-11 03:11:00,"MYLU","154037",3.18333333333333,27.1833333333333,2025-07-10,2001-07-10,"MYLU"
"183","MYLU","SW",154037,2025-07-18 02:24:00,"MYLU","154037",2.4,26.4,2025-07-17,2001-07-17,"MYLU"
"184","MYLU","SW",154037,2025-07-11 03:16:00,"MYLU","154037",3.26666666666667,27.2666666666667,2025-07-10,2001-07-10,"MYLU"
"185","MYLU","SW",154037,2025-07-15 03:04:00,"MYLU","154037",3.06666666666667,27.0666666666667,2025-07-14,2001-07-14,"MYLU"
"186","MYLU","SW",154037,2025-07-14 01:11:00,"MYLU","154037",1.18333333333333,25.1833333333333,2025-07-13,2001-07-13,"MYLU"
"187","MYLU","SW",154037,2025-07-14 02:53:00,"MYLU","154037",2.88333333333333,26.8833333333333,2025-07-13,2001-07-13,"MYLU"
"188","MYLU","SW",154037,2025-07-17 03:26:00,"MYLU","154037",3.43333333333333,27.4333333333333,2025-07-16,2001-07-16,"MYLU"
"189","NOID","SW",154037,2025-07-14 01:57:00,"NOID","154037",1.95,25.95,2025-07-13,2001-07-13,"Unidentified"
"190","MYLU","SW",154037,2025-07-17 02:55:00,"MYLU","154037",2.91666666666667,26.9166666666667,2025-07-16,2001-07-16,"MYLU"
"191","MYLU","SW",154037,2025-07-12 03:31:00,"MYLU","154037",3.51666666666667,27.5166666666667,2025-07-11,2001-07-11,"MYLU"
"192","MYLU","SW",154037,2025-07-14 03:07:00,"MYLU","154037",3.11666666666667,27.1166666666667,2025-07-13,2001-07-13,"MYLU"
"193","NOID","SW",154037,2025-07-17 02:31:00,"NOID","154037",2.51666666666667,26.5166666666667,2025-07-16,2001-07-16,"Unidentified"
"194","MYLU","SW",154037,2025-07-14 03:15:00,"MYLU","154037",3.25,27.25,2025-07-13,2001-07-13,"MYLU"
"195","MYLU","SW",154037,2025-07-14 03:45:00,"MYLU","154037",3.75,27.75,2025-07-13,2001-07-13,"MYLU"
"196","MYLU","SW",154037,2025-07-18 03:20:00,"MYLU","154037",3.33333333333333,27.3333333333333,2025-07-17,2001-07-17,"MYLU"
"197","MYLU","SW",154037,2025-07-11 03:08:00,"MYLU","154037",3.13333333333333,27.1333333333333,2025-07-10,2001-07-10,"MYLU"
"198","MYLU","SW",154037,2025-07-15 02:42:00,"MYLU","154037",2.7,26.7,2025-07-14,2001-07-14,"MYLU"
"199","MYLU","SW",154037,2025-07-15 03:39:00,"MYLU","154037",3.65,27.65,2025-07-14,2001-07-14,"MYLU"
"200","MYLU","SW",154037,2025-07-14 03:13:00,"MYLU","154037",3.21666666666667,27.2166666666667,2025-07-13,2001-07-13,"MYLU"
"201","NOID","SW",154037,2025-07-12 00:56:00,"NOID","154037",0.933333333333333,24.9333333333333,2025-07-11,2001-07-11,"Unidentified"
"202","MYLU","SW",154037,2025-07-15 03:06:00,"MYLU","154037",3.1,27.1,2025-07-14,2001-07-14,"MYLU"
"203","MYLU","SW",154037,2025-07-14 00:15:00,"MYLU","154037",0.25,24.25,2025-07-13,2001-07-13,"MYLU"
"204","MYLU","SW",154037,2025-07-18 02:45:00,"MYLU","154037",2.75,26.75,2025-07-17,2001-07-17,"MYLU"
"205","MYLU","SW",154037,2025-07-14 03:08:00,"MYLU","154037",3.13333333333333,27.1333333333333,2025-07-13,2001-07-13,"MYLU"
"206","MYLU","SW",154037,2025-07-14 03:14:00,"MYLU","154037",3.23333333333333,27.2333333333333,2025-07-13,2001-07-13,"MYLU"
"207","MYLU","SW",154037,2025-07-18 00:04:00,"MYLU","154037",0.0666666666666667,24.0666666666667,2025-07-17,2001-07-17,"MYLU"
"208","MYLU","SW",154037,2025-07-14 03:44:00,"MYLU","154037",3.73333333333333,27.7333333333333,2025-07-13,2001-07-13,"MYLU"
"209","MYLU","SW",154037,2025-07-14 02:08:00,"MYLU","154037",2.13333333333333,26.1333333333333,2025-07-13,2001-07-13,"MYLU"
"210","MYLU","SW",154037,2025-07-18 01:26:00,"MYLU","154037",1.43333333333333,25.4333333333333,2025-07-17,2001-07-17,"MYLU"
"211","MYLU","SW",154037,2025-07-16 00:55:00,"MYLU","154037",0.916666666666667,24.9166666666667,2025-07-15,2001-07-15,"MYLU"
"212","MYLU","SW",154037,2025-07-18 00:22:00,"MYLU","154037",0.366666666666667,24.3666666666667,2025-07-17,2001-07-17,"MYLU"
"213","NOID","SW",154037,2025-07-14 00:16:00,"NOID","154037",0.266666666666667,24.2666666666667,2025-07-13,2001-07-13,"Unidentified"
"214","NOID","SW",154037,2025-07-15 03:16:00,"NOID","154037",3.26666666666667,27.2666666666667,2025-07-14,2001-07-14,"Unidentified"
"215","MYLU","SW",154037,2025-07-14 00:59:00,"MYLU","154037",0.983333333333333,24.9833333333333,2025-07-13,2001-07-13,"MYLU"
"216","NOID","SW",154037,2025-07-14 02:49:00,"NOID","154037",2.81666666666667,26.8166666666667,2025-07-13,2001-07-13,"Unidentified"
"217","MYLU","SW",154037,2025-07-13 03:03:00,"MYLU","154037",3.05,27.05,2025-07-12,2001-07-12,"MYLU"
"218","MYLU","SW",154037,2025-07-18 02:47:00,"MYLU","154037",2.78333333333333,26.7833333333333,2025-07-17,2001-07-17,"MYLU"
"219","MYLU","SW",154037,2025-07-14 03:12:00,"MYLU","154037",3.2,27.2,2025-07-13,2001-07-13,"MYLU"
"220","MYLU","SW",154037,2025-07-14 00:12:00,"MYLU","154037",0.2,24.2,2025-07-13,2001-07-13,"MYLU"
"221","MYLU","SW",154037,2025-07-15 03:13:00,"MYLU","154037",3.21666666666667,27.2166666666667,2025-07-14,2001-07-14,"MYLU"
"222","MYLU","SW",154037,2025-07-11 03:14:00,"MYLU","154037",3.23333333333333,27.2333333333333,2025-07-10,2001-07-10,"MYLU"
"223","NOID","SW",154037,2025-07-14 00:15:00,"NOID","154037",0.25,24.25,2025-07-13,2001-07-13,"Unidentified"
"224","MYLU","SW",154037,2025-07-14 03:38:00,"MYLU","154037",3.63333333333333,27.6333333333333,2025-07-13,2001-07-13,"MYLU"
"225","MYLU","SW",154037,2025-07-11 03:23:00,"MYLU","154037",3.38333333333333,27.3833333333333,2025-07-10,2001-07-10,"MYLU"
"226","NOID","SW",154037,2025-07-18 02:19:00,"NOID","154037",2.31666666666667,26.3166666666667,2025-07-17,2001-07-17,"Unidentified"
"227","MYLU","SW",154037,2025-07-11 03:16:00,"MYLU","154037",3.26666666666667,27.2666666666667,2025-07-10,2001-07-10,"MYLU"
"228","MYLU","SW",154037,2025-07-15 00:20:00,"MYLU","154037",0.333333333333333,24.3333333333333,2025-07-14,2001-07-14,"MYLU"
"229","MYLU","SW",154037,2025-07-13 03:10:00,"MYLU","154037",3.16666666666667,27.1666666666667,2025-07-12,2001-07-12,"MYLU"
"230","MYLU","SW",154037,2025-07-13 03:47:00,"MYLU","154037",3.78333333333333,27.7833333333333,2025-07-12,2001-07-12,"MYLU"
"231","MYLU","SW",154037,2025-07-14 01:04:00,"MYLU","154037",1.06666666666667,25.0666666666667,2025-07-13,2001-07-13,"MYLU"
"232","MYLU","SW",154037,2025-07-14 03:14:00,"MYLU","154037",3.23333333333333,27.2333333333333,2025-07-13,2001-07-13,"MYLU"
"233","MYLU","SW",154037,2025-07-14 03:46:00,"MYLU","154037",3.76666666666667,27.7666666666667,2025-07-13,2001-07-13,"MYLU"
"234","MYLU","SW",154037,2025-07-18 02:23:00,"MYLU","154037",2.38333333333333,26.3833333333333,2025-07-17,2001-07-17,"MYLU"
"235","MYLU","SW",154037,2025-07-15 01:04:00,"MYLU","154037",1.06666666666667,25.0666666666667,2025-07-14,2001-07-14,"MYLU"
"236","NOID","SW",154037,2025-07-15 03:11:00,"NOID","154037",3.18333333333333,27.1833333333333,2025-07-14,2001-07-14,"Unidentified"
"237","MYLU","SW",154037,2025-07-09 01:46:00,"MYLU","154037",1.76666666666667,25.7666666666667,2025-07-08,2001-07-08,"MYLU"
"238","MYLU","SW",154037,2025-07-17 02:32:00,"MYLU","154037",2.53333333333333,26.5333333333333,2025-07-16,2001-07-16,"MYLU"
"239","NOID","SW",154037,2025-07-12 00:10:00,"NOID","154037",0.166666666666667,24.1666666666667,2025-07-11,2001-07-11,"Unidentified"
"240","MYLU","SW",154037,2025-07-17 02:33:00,"MYLU","154037",2.55,26.55,2025-07-16,2001-07-16,"MYLU"
"241","MYLU","SW",154037,2025-07-15 03:06:00,"MYLU","154037",3.1,27.1,2025-07-14,2001-07-14,"MYLU"
"242","MYLU","SW",154037,2025-07-10 01:46:00,"MYLU","154037",1.76666666666667,25.7666666666667,2025-07-09,2001-07-09,"MYLU"
"243","MYLU","SW",154037,2025-07-14 02:11:00,"MYLU","154037",2.18333333333333,26.1833333333333,2025-07-13,2001-07-13,"MYLU"
"244","MYLU","SW",154037,2025-07-15 01:05:00,"MYLU","154037",1.08333333333333,25.0833333333333,2025-07-14,2001-07-14,"MYLU"
"245","NOID","SW",154037,2025-07-15 03:06:00,"NOID","154037",3.1,27.1,2025-07-14,2001-07-14,"Unidentified"
"246","MYLU","SW",154037,2025-07-14 03:39:00,"MYLU","154037",3.65,27.65,2025-07-13,2001-07-13,"MYLU"
"247","MYLU","SW",154037,2025-07-17 02:33:00,"MYLU","154037",2.55,26.55,2025-07-16,2001-07-16,"MYLU"
"248","MYLU","SW",154037,2025-07-14 02:14:00,"MYLU","154037",2.23333333333333,26.2333333333333,2025-07-13,2001-07-13,"MYLU"
"249","MYLU","SW",154037,2025-07-12 01:07:00,"MYLU","154037",1.11666666666667,25.1166666666667,2025-07-11,2001-07-11,"MYLU"
"250","MYLU","SW",154037,2025-07-16 02:24:00,"MYLU","154037",2.4,26.4,2025-07-15,2001-07-15,"MYLU"
"251","MYLU","SW",154037,2025-07-17 03:37:00,"MYLU","154037",3.61666666666667,27.6166666666667,2025-07-16,2001-07-16,"MYLU"
"252","NOID","SW",154037,2025-07-14 03:43:00,"NOID","154037",3.71666666666667,27.7166666666667,2025-07-13,2001-07-13,"Unidentified"
"253","MYLU","SW",154037,2025-07-11 03:23:00,"MYLU","154037",3.38333333333333,27.3833333333333,2025-07-10,2001-07-10,"MYLU"
"254","MYLU","SW",154037,2025-07-16 01:37:00,"MYLU","154037",1.61666666666667,25.6166666666667,2025-07-15,2001-07-15,"MYLU"
"255","NOID","SW",154037,2025-07-15 02:51:00,"NOID","154037",2.85,26.85,2025-07-14,2001-07-14,"Unidentified"
"256","NOID","SW",154037,2025-07-15 02:34:00,"NOID","154037",2.56666666666667,26.5666666666667,2025-07-14,2001-07-14,"Unidentified"
"257","MYLU","SW",154037,2025-07-17 03:41:00,"MYLU","154037",3.68333333333333,27.6833333333333,2025-07-16,2001-07-16,"MYLU"
"258","NOID","SW",154037,2025-07-12 03:21:00,"NOID","154037",3.35,27.35,2025-07-11,2001-07-11,"Unidentified"
"259","MYLU","SW",154037,2025-07-11 03:10:00,"MYLU","154037",3.16666666666667,27.1666666666667,2025-07-10,2001-07-10,"MYLU"
"260","MYLU","SW",154037,2025-07-12 01:04:00,"MYLU","154037",1.06666666666667,25.0666666666667,2025-07-11,2001-07-11,"MYLU"
"261","MYLU","SW",154037,2025-07-15 02:46:00,"MYLU","154037",2.76666666666667,26.7666666666667,2025-07-14,2001-07-14,"MYLU"
"262","MYLU","SW",154037,2025-07-11 03:19:00,"MYLU","154037",3.31666666666667,27.3166666666667,2025-07-10,2001-07-10,"MYLU"
"263","MYLU","SW",154037,2025-07-09 00:47:00,"MYLU","154037",0.783333333333333,24.7833333333333,2025-07-08,2001-07-08,"MYLU"
"264","MYLU","SW",154037,2025-07-14 03:38:00,"MYLU","154037",3.63333333333333,27.6333333333333,2025-07-13,2001-07-13,"MYLU"
"265","MYLU","SW",154037,2025-07-16 03:00:00,"MYLU","154037",3,27,2025-07-15,2001-07-15,"MYLU"
"266","MYLU","SW",154037,2025-07-11 03:18:00,"MYLU","154037",3.3,27.3,2025-07-10,2001-07-10,"MYLU"
"267","MYLU","SW",154037,2025-07-14 02:57:00,"MYLU","154037",2.95,26.95,2025-07-13,2001-07-13,"MYLU"
"268","NOID","SW",154037,2025-07-12 00:57:00,"NOID","154037",0.95,24.95,2025-07-11,2001-07-11,"Unidentified"
"269","MYLU","SW",154037,2025-07-12 03:07:00,"MYLU","154037",3.11666666666667,27.1166666666667,2025-07-11,2001-07-11,"MYLU"
"270","MYLU","SW",154037,2025-07-15 02:45:00,"MYLU","154037",2.75,26.75,2025-07-14,2001-07-14,"MYLU"
"271","MYLU","SW",154037,2025-07-16 00:45:00,"MYLU","154037",0.75,24.75,2025-07-15,2001-07-15,"MYLU"
"272","MYLU","SW",154037,2025-07-14 03:44:00,"MYLU","154037",3.73333333333333,27.7333333333333,2025-07-13,2001-07-13,"MYLU"
"273","MYLU","SW",154037,2025-07-12 02:56:00,"MYLU","154037",2.93333333333333,26.9333333333333,2025-07-11,2001-07-11,"MYLU"
"274","MYLU","SW",154037,2025-07-17 03:29:00,"MYLU","154037",3.48333333333333,27.4833333333333,2025-07-16,2001-07-16,"MYLU"
"275","MYLU","SW",154037,2025-07-17 03:36:00,"MYLU","154037",3.6,27.6,2025-07-16,2001-07-16,"MYLU"
"276","MYLU","SW",154037,2025-07-17 03:33:00,"MYLU","154037",3.55,27.55,2025-07-16,2001-07-16,"MYLU"
"277","MYLU","SW",154037,2025-07-11 00:32:00,"MYLU","154037",0.533333333333333,24.5333333333333,2025-07-10,2001-07-10,"MYLU"
"278","MYLU","SW",154037,2025-07-17 03:47:00,"MYLU","154037",3.78333333333333,27.7833333333333,2025-07-16,2001-07-16,"MYLU"
"279","NOID","SW",154037,2025-07-15 02:33:00,"NOID","154037",2.55,26.55,2025-07-14,2001-07-14,"Unidentified"
"280","MYLU","SW",154037,2025-07-11 03:18:00,"MYLU","154037",3.3,27.3,2025-07-10,2001-07-10,"MYLU"
"281","MYLU","SW",154037,2025-07-15 02:47:00,"MYLU","154037",2.78333333333333,26.7833333333333,2025-07-14,2001-07-14,"MYLU"
"282","MYLU","SW",154037,2025-07-14 02:11:00,"MYLU","154037",2.18333333333333,26.1833333333333,2025-07-13,2001-07-13,"MYLU"
"283","MYLU","SW",154037,2025-07-15 03:34:00,"MYLU","154037",3.56666666666667,27.5666666666667,2025-07-14,2001-07-14,"MYLU"
"284","MYLU","SW",154037,2025-07-13 03:51:00,"MYLU","154037",3.85,27.85,2025-07-12,2001-07-12,"MYLU"
"285","MYLU","SW",154037,2025-07-17 02:33:00,"MYLU","154037",2.55,26.55,2025-07-16,2001-07-16,"MYLU"
"286","NOID","SW",154037,2025-07-14 00:16:00,"NOID","154037",0.266666666666667,24.2666666666667,2025-07-13,2001-07-13,"Unidentified"
"287","MYLU","SW",154037,2025-07-12 02:57:00,"MYLU","154037",2.95,26.95,2025-07-11,2001-07-11,"MYLU"
"288","MYLU","SW",154037,2025-07-14 02:51:00,"MYLU","154037",2.85,26.85,2025-07-13,2001-07-13,"MYLU"
"289","MYLU","SW",154037,2025-07-12 02:53:00,"MYLU","154037",2.88333333333333,26.8833333333333,2025-07-11,2001-07-11,"MYLU"
"290","MYLU","SW",154037,2025-07-17 03:12:00,"MYLU","154037",3.2,27.2,2025-07-16,2001-07-16,"MYLU"
"291","MYLU","SW",154037,2025-07-11 03:01:00,"MYLU","154037",3.01666666666667,27.0166666666667,2025-07-10,2001-07-10,"MYLU"
"292","MYLU","SW",154037,2025-07-14 03:23:00,"MYLU","154037",3.38333333333333,27.3833333333333,2025-07-13,2001-07-13,"MYLU"
"293","NOID","SW",154037,2025-07-14 03:15:00,"NOID","154037",3.25,27.25,2025-07-13,2001-07-13,"Unidentified"
"294","NOID","SW",154037,2025-07-14 03:39:00,"NOID","154037",3.65,27.65,2025-07-13,2001-07-13,"Unidentified"
"295","NOID","SW",154037,2025-07-11 03:39:00,"NOID","154037",3.65,27.65,2025-07-10,2001-07-10,"Unidentified"
"296","MYLU","SW",154037,2025-07-13 02:06:00,"MYLU","154037",2.1,26.1,2025-07-12,2001-07-12,"MYLU"
"297","MYLU","SW",154037,2025-07-15 02:54:00,"MYLU","154037",2.9,26.9,2025-07-14,2001-07-14,"MYLU"
"298","MYLU","SW",154037,2025-07-15 02:49:00,"MYLU","154037",2.81666666666667,26.8166666666667,2025-07-14,2001-07-14,"MYLU"
"299","MYLU","SW",154037,2025-07-15 02:55:00,"MYLU","154037",2.91666666666667,26.9166666666667,2025-07-14,2001-07-14,"MYLU"
"300","MYLU","SW",154037,2025-07-17 02:28:00,"MYLU","154037",2.46666666666667,26.4666666666667,2025-07-16,2001-07-16,"MYLU"
"301","MYLU","SW",154037,2025-07-14 00:41:00,"MYLU","154037",0.683333333333333,24.6833333333333,2025-07-13,2001-07-13,"MYLU"
"302","MYLU","SW",154037,2025-07-17 02:54:00,"MYLU","154037",2.9,26.9,2025-07-16,2001-07-16,"MYLU"
"303","MYLU","SW",154037,2025-07-14 02:12:00,"MYLU","154037",2.2,26.2,2025-07-13,2001-07-13,"MYLU"
"304","MYLU","SW",154037,2025-07-17 02:34:00,"MYLU","154037",2.56666666666667,26.5666666666667,2025-07-16,2001-07-16,"MYLU"
"305","MYLU","SW",154037,2025-07-13 01:18:00,"MYLU","154037",1.3,25.3,2025-07-12,2001-07-12,"MYLU"
"306","MYLU","SW",154037,2025-07-16 02:23:00,"MYLU","154037",2.38333333333333,26.3833333333333,2025-07-15,2001-07-15,"MYLU"
"307","NOID","SW",154037,2025-07-12 02:43:00,"NOID","154037",2.71666666666667,26.7166666666667,2025-07-11,2001-07-11,"Unidentified"
"308","MYLU","SW",154037,2025-07-12 02:56:00,"MYLU","154037",2.93333333333333,26.9333333333333,2025-07-11,2001-07-11,"MYLU"
"309","MYLU","SW",154037,2025-07-12 00:43:00,"MYLU","154037",0.716666666666667,24.7166666666667,2025-07-11,2001-07-11,"MYLU"
"310","MYLU","SW",154037,2025-07-14 01:57:00,"MYLU","154037",1.95,25.95,2025-07-13,2001-07-13,"MYLU"
"311","MYLU","SW",154037,2025-07-18 01:52:00,"MYLU","154037",1.86666666666667,25.8666666666667,2025-07-17,2001-07-17,"MYLU"
"312","NOID","SW",154037,2025-07-12 01:17:00,"NOID","154037",1.28333333333333,25.2833333333333,2025-07-11,2001-07-11,"Unidentified"
"313","MYLU","SW",154037,2025-07-15 01:03:00,"MYLU","154037",1.05,25.05,2025-07-14,2001-07-14,"MYLU"
"314","MYLU","SW",154037,2025-07-18 02:48:00,"MYLU","154037",2.8,26.8,2025-07-17,2001-07-17,"MYLU"
"315","MYLU","SW",154037,2025-07-16 03:13:00,"MYLU","154037",3.21666666666667,27.2166666666667,2025-07-15,2001-07-15,"MYLU"
"316","MYLU","SW",154037,2025-07-15 02:45:00,"MYLU","154037",2.75,26.75,2025-07-14,2001-07-14,"MYLU"
"317","MYLU","SW",154037,2025-07-17 02:35:00,"MYLU","154037",2.58333333333333,26.5833333333333,2025-07-16,2001-07-16,"MYLU"
"318","MYLU","SW",154037,2025-07-12 03:06:00,"MYLU","154037",3.1,27.1,2025-07-11,2001-07-11,"MYLU"
"319","MYLU","SW",154037,2025-07-15 02:38:00,"MYLU","154037",2.63333333333333,26.6333333333333,2025-07-14,2001-07-14,"MYLU"
"320","MYLU","SW",154037,2025-07-15 00:52:00,"MYLU","154037",0.866666666666667,24.8666666666667,2025-07-14,2001-07-14,"MYLU"
"321","MYLU","SW",154037,2025-07-12 01:05:00,"MYLU","154037",1.08333333333333,25.0833333333333,2025-07-11,2001-07-11,"MYLU"
"322","MYLU","SW",154037,2025-07-11 03:11:00,"MYLU","154037",3.18333333333333,27.1833333333333,2025-07-10,2001-07-10,"MYLU"
"323","NOID","SW",154037,2025-07-18 04:12:00,"NOID","154037",4.2,28.2,2025-07-17,2001-07-17,"Unidentified"
"324","MYLU","SW",154037,2025-07-14 03:40:00,"MYLU","154037",3.66666666666667,27.6666666666667,2025-07-13,2001-07-13,"MYLU"
"325","MYLU","SW",154037,2025-07-12 02:54:00,"MYLU","154037",2.9,26.9,2025-07-11,2001-07-11,"MYLU"
"326","NOID","SW",154037,2025-07-14 01:24:00,"NOID","154037",1.4,25.4,2025-07-13,2001-07-13,"Unidentified"
"327","NOID","SW",154037,2025-07-16 01:47:00,"NOID","154037",1.78333333333333,25.7833333333333,2025-07-15,2001-07-15,"Unidentified"
"328","MYLU","SW",154037,2025-07-14 03:16:00,"MYLU","154037",3.26666666666667,27.2666666666667,2025-07-13,2001-07-13,"MYLU"
"329","NOID","SW",154037,2025-07-12 02:55:00,"NOID","154037",2.91666666666667,26.9166666666667,2025-07-11,2001-07-11,"Unidentified"
"330","NOID","SW",154037,2025-07-15 03:47:00,"NOID","154037",3.78333333333333,27.7833333333333,2025-07-14,2001-07-14,"Unidentified"
"331","MYLU","SW",154037,2025-07-17 01:02:00,"MYLU","154037",1.03333333333333,25.0333333333333,2025-07-16,2001-07-16,"MYLU"
"332","MYLU","SW",154037,2025-07-11 00:30:00,"MYLU","154037",0.5,24.5,2025-07-10,2001-07-10,"MYLU"
"333","MYLU","SW",154037,2025-07-14 02:31:00,"MYLU","154037",2.51666666666667,26.5166666666667,2025-07-13,2001-07-13,"MYLU"
"334","MYLU","SW",154037,2025-07-14 03:43:00,"MYLU","154037",3.71666666666667,27.7166666666667,2025-07-13,2001-07-13,"MYLU"
"335","MYLU","SW",154037,2025-07-11 03:24:00,"MYLU","154037",3.4,27.4,2025-07-10,2001-07-10,"MYLU"
"336","MYLU","SW",154037,2025-07-15 02:36:00,"MYLU","154037",2.6,26.6,2025-07-14,2001-07-14,"MYLU"
"337","MYLU","SW",154037,2025-07-18 01:04:00,"MYLU","154037",1.06666666666667,25.0666666666667,2025-07-17,2001-07-17,"MYLU"
"338","MYLU","SW",154037,2025-07-14 00:51:00,"MYLU","154037",0.85,24.85,2025-07-13,2001-07-13,"MYLU"
"339","MYLU","SW",154037,2025-07-11 03:07:00,"MYLU","154037",3.11666666666667,27.1166666666667,2025-07-10,2001-07-10,"MYLU"
"340","MYLU","SW",154037,2025-07-14 03:39:00,"MYLU","154037",3.65,27.65,2025-07-13,2001-07-13,"MYLU"
"341","MYLU","SW",154037,2025-07-14 01:23:00,"MYLU","154037",1.38333333333333,25.3833333333333,2025-07-13,2001-07-13,"MYLU"
"342","NOID","SW",154037,2025-07-12 01:40:00,"NOID","154037",1.66666666666667,25.6666666666667,2025-07-11,2001-07-11,"Unidentified"
"343","MYLU","SW",154037,2025-07-13 02:51:00,"MYLU","154037",2.85,26.85,2025-07-12,2001-07-12,"MYLU"
"344","MYLU","SW",154037,2025-07-15 02:20:00,"MYLU","154037",2.33333333333333,26.3333333333333,2025-07-14,2001-07-14,"MYLU"
"345","MYLU","SW",154037,2025-07-12 02:46:00,"MYLU","154037",2.76666666666667,26.7666666666667,2025-07-11,2001-07-11,"MYLU"
"346","MYLU","SW",154037,2025-07-12 03:04:00,"MYLU","154037",3.06666666666667,27.0666666666667,2025-07-11,2001-07-11,"MYLU"
"347","NOID","SW",154037,2025-07-18,"NOID","154037",0,24,2025-07-17,2001-07-17,"Unidentified"
"348","MYLU","SW",154037,2025-07-15 02:33:00,"MYLU","154037",2.55,26.55,2025-07-14,2001-07-14,"MYLU"
"349","MYLU","SW",154037,2025-07-15 02:34:00,"MYLU","154037",2.56666666666667,26.5666666666667,2025-07-14,2001-07-14,"MYLU"
"350","MYLU","SW",154037,2025-07-11 01:56:00,"MYLU","154037",1.93333333333333,25.9333333333333,2025-07-10,2001-07-10,"MYLU"
"351","MYLU","SW",154037,2025-07-16 01:53:00,"MYLU","154037",1.88333333333333,25.8833333333333,2025-07-15,2001-07-15,"MYLU"
"352","NOID","SW",154037,2025-07-12 01:28:00,"NOID","154037",1.46666666666667,25.4666666666667,2025-07-11,2001-07-11,"Unidentified"
"353","MYLU","SW",154037,2025-07-15 00:20:00,"MYLU","154037",0.333333333333333,24.3333333333333,2025-07-14,2001-07-14,"MYLU"
"354","MYLU","SW",154037,2025-07-15 02:53:00,"MYLU","154037",2.88333333333333,26.8833333333333,2025-07-14,2001-07-14,"MYLU"
"355","MYLU","SW",154037,2025-07-18 02:47:00,"MYLU","154037",2.78333333333333,26.7833333333333,2025-07-17,2001-07-17,"MYLU"
"356","MYLU","SW",154037,2025-07-15 02:17:00,"MYLU","154037",2.28333333333333,26.2833333333333,2025-07-14,2001-07-14,"MYLU"
"357","MYLU","SW",154037,2025-07-12 03:05:00,"MYLU","154037",3.08333333333333,27.0833333333333,2025-07-11,2001-07-11,"MYLU"
"358","NOID","SW",154037,2025-07-15 03:09:00,"NOID","154037",3.15,27.15,2025-07-14,2001-07-14,"Unidentified"
"359","MYLU","SW",154037,2025-07-15 02:35:00,"MYLU","154037",2.58333333333333,26.5833333333333,2025-07-14,2001-07-14,"MYLU"
"360","MYLU","SW",154037,2025-07-11 03:07:00,"MYLU","154037",3.11666666666667,27.1166666666667,2025-07-10,2001-07-10,"MYLU"
"361","MYLU","SW",154037,2025-07-14 02:14:00,"MYLU","154037",2.23333333333333,26.2333333333333,2025-07-13,2001-07-13,"MYLU"
"362","MYLU","SW",154037,2025-07-12 00:57:00,"MYLU","154037",0.95,24.95,2025-07-11,2001-07-11,"MYLU"
"363","MYLU","SW",154037,2025-07-14 03:44:00,"MYLU","154037",3.73333333333333,27.7333333333333,2025-07-13,2001-07-13,"MYLU"
"364","MYLU","SW",154037,2025-07-14 03:38:00,"MYLU","154037",3.63333333333333,27.6333333333333,2025-07-13,2001-07-13,"MYLU"
"365","MYLU","SW",154037,2025-07-15 02:50:00,"MYLU","154037",2.83333333333333,26.8333333333333,2025-07-14,2001-07-14,"MYLU"
"366","MYLU","SW",154037,2025-07-12 01:31:00,"MYLU","154037",1.51666666666667,25.5166666666667,2025-07-11,2001-07-11,"MYLU"
"367","MYLU","SW",154037,2025-07-14 00:57:00,"MYLU","154037",0.95,24.95,2025-07-13,2001-07-13,"MYLU"
"368","NOID","SW",154037,2025-07-14 01:24:00,"NOID","154037",1.4,25.4,2025-07-13,2001-07-13,"Unidentified"
"369","NOID","SW",154037,2025-07-11 01:52:00,"NOID","154037",1.86666666666667,25.8666666666667,2025-07-10,2001-07-10,"Unidentified"
"370","MYLU","SW",154037,2025-07-14 00:11:00,"MYLU","154037",0.183333333333333,24.1833333333333,2025-07-13,2001-07-13,"MYLU"
"371","MYLU","SW",154037,2025-07-12 03:04:00,"MYLU","154037",3.06666666666667,27.0666666666667,2025-07-11,2001-07-11,"MYLU"
"372","MYLU","SW",154037,2025-07-15 02:32:00,"MYLU","154037",2.53333333333333,26.5333333333333,2025-07-14,2001-07-14,"MYLU"
"373","MYLU","SW",154037,2025-07-18,"MYLU","154037",0,24,2025-07-17,2001-07-17,"MYLU"
"374","MYLU","SW",154037,2025-07-17 03:29:00,"MYLU","154037",3.48333333333333,27.4833333333333,2025-07-16,2001-07-16,"MYLU"
"375","MYLU","SW",154037,2025-07-15 01:28:00,"MYLU","154037",1.46666666666667,25.4666666666667,2025-07-14,2001-07-14,"MYLU"
"376","NOID","SW",154037,2025-07-15 00:18:00,"NOID","154037",0.3,24.3,2025-07-14,2001-07-14,"Unidentified"
"377","MYLU","SW",154037,2025-07-15 03:47:00,"MYLU","154037",3.78333333333333,27.7833333333333,2025-07-14,2001-07-14,"MYLU"
"378","NOID","SW",154037,2025-07-15 03:05:00,"NOID","154037",3.08333333333333,27.0833333333333,2025-07-14,2001-07-14,"Unidentified"
"379","MYLU","SW",154037,2025-07-16 03:03:00,"MYLU","154037",3.05,27.05,2025-07-15,2001-07-15,"MYLU"
"380","MYLU","SW",154037,2025-07-12 02:56:00,"MYLU","154037",2.93333333333333,26.9333333333333,2025-07-11,2001-07-11,"MYLU"
"381","MYLU","SW",154037,2025-07-12 03:30:00,"MYLU","154037",3.5,27.5,2025-07-11,2001-07-11,"MYLU"
"382","MYLU","SW",154037,2025-07-13 01:43:00,"MYLU","154037",1.71666666666667,25.7166666666667,2025-07-12,2001-07-12,"MYLU"
"383","MYLU","SW",154037,2025-07-15 01:42:00,"MYLU","154037",1.7,25.7,2025-07-14,2001-07-14,"MYLU"
"384","MYLU","SW",154037,2025-07-12 03:08:00,"MYLU","154037",3.13333333333333,27.1333333333333,2025-07-11,2001-07-11,"MYLU"
"385","MYLU","SW",154037,2025-07-12 03:33:00,"MYLU","154037",3.55,27.55,2025-07-11,2001-07-11,"MYLU"
"386","MYLU","SW",154037,2025-07-16 01:00:00,"MYLU","154037",1,25,2025-07-15,2001-07-15,"MYLU"
"387","MYLU","SW",154037,2025-07-14 03:09:00,"MYLU","154037",3.15,27.15,2025-07-13,2001-07-13,"MYLU"
"388","NOID","SW",154037,2025-07-12 01:51:00,"NOID","154037",1.85,25.85,2025-07-11,2001-07-11,"Unidentified"
"389","MYLU","SW",154037,2025-07-15 02:51:00,"MYLU","154037",2.85,26.85,2025-07-14,2001-07-14,"MYLU"
"390","NOID","SW",154037,2025-07-12 03:56:00,"NOID","154037",3.93333333333333,27.9333333333333,2025-07-11,2001-07-11,"Unidentified"
"391","NOID","SW",154037,2025-07-12 00:55:00,"NOID","154037",0.916666666666667,24.9166666666667,2025-07-11,2001-07-11,"Unidentified"
"392","MYLU","SW",154037,2025-07-14 02:01:00,"MYLU","154037",2.01666666666667,26.0166666666667,2025-07-13,2001-07-13,"MYLU"
"393","MYLU","SW",154037,2025-07-11 03:11:00,"MYLU","154037",3.18333333333333,27.1833333333333,2025-07-10,2001-07-10,"MYLU"
"394","MYLU","SW",154037,2025-07-15 03:09:00,"MYLU","154037",3.15,27.15,2025-07-14,2001-07-14,"MYLU"
"395","MYLU","SW",154037,2025-07-17 03:25:00,"MYLU","154037",3.41666666666667,27.4166666666667,2025-07-16,2001-07-16,"MYLU"
"396","MYLU","SW",154037,2025-07-18 03:19:00,"MYLU","154037",3.31666666666667,27.3166666666667,2025-07-17,2001-07-17,"MYLU"
"397","MYLU","SW",154037,2025-07-15 03:09:00,"MYLU","154037",3.15,27.15,2025-07-14,2001-07-14,"MYLU"
"398","NOID","SW",154037,2025-07-12 03:04:00,"NOID","154037",3.06666666666667,27.0666666666667,2025-07-11,2001-07-11,"Unidentified"
"399","MYLU","SW",154037,2025-07-12 03:41:00,"MYLU","154037",3.68333333333333,27.6833333333333,2025-07-11,2001-07-11,"MYLU"
"400","NOID","SW",154037,2025-07-11 03:05:00,"NOID","154037",3.08333333333333,27.0833333333333,2025-07-10,2001-07-10,"Unidentified"
"401","MYLU","SW",154037,2025-07-15 01:52:00,"MYLU","154037",1.86666666666667,25.8666666666667,2025-07-14,2001-07-14,"MYLU"
"402","MYLU","SW",154037,2025-07-12 02:55:00,"MYLU","154037",2.91666666666667,26.9166666666667,2025-07-11,2001-07-11,"MYLU"
"403","MYLU","SW",154037,2025-07-17 02:19:00,"MYLU","154037",2.31666666666667,26.3166666666667,2025-07-16,2001-07-16,"MYLU"
"404","MYLU","SW",154037,2025-07-18 01:00:00,"MYLU","154037",1,25,2025-07-17,2001-07-17,"MYLU"
"405","MYLU","SW",154037,2025-07-18 02:07:00,"MYLU","154037",2.11666666666667,26.1166666666667,2025-07-17,2001-07-17,"MYLU"
"406","NOID","SW",154037,2025-07-12 02:17:00,"NOID","154037",2.28333333333333,26.2833333333333,2025-07-11,2001-07-11,"Unidentified"
"407","MYLU","SW",154037,2025-07-14 02:25:00,"MYLU","154037",2.41666666666667,26.4166666666667,2025-07-13,2001-07-13,"MYLU"
"408","NOID","SW",154037,2025-07-15 03:38:00,"NOID","154037",3.63333333333333,27.6333333333333,2025-07-14,2001-07-14,"Unidentified"
"409","NOID","SW",154037,2025-07-18 00:02:00,"NOID","154037",0.0333333333333333,24.0333333333333,2025-07-17,2001-07-17,"Unidentified"
"410","MYLU","SW",154037,2025-07-09 01:12:00,"MYLU","154037",1.2,25.2,2025-07-08,2001-07-08,"MYLU"
"411","MYLU","SW",154037,2025-07-15 02:39:00,"MYLU","154037",2.65,26.65,2025-07-14,2001-07-14,"MYLU"
"412","MYLU","SW",154037,2025-07-16 00:12:00,"MYLU","154037",0.2,24.2,2025-07-15,2001-07-15,"MYLU"
"413","NOID","SW",154037,2025-07-14 03:43:00,"NOID","154037",3.71666666666667,27.7166666666667,2025-07-13,2001-07-13,"Unidentified"
"414","NOID","SW",154037,2025-07-12 03:41:00,"NOID","154037",3.68333333333333,27.6833333333333,2025-07-11,2001-07-11,"Unidentified"
"415","MYLU","SW",154037,2025-07-11 03:17:00,"MYLU","154037",3.28333333333333,27.2833333333333,2025-07-10,2001-07-10,"MYLU"
"416","NOID","SW",154037,2025-07-11 00:21:00,"NOID","154037",0.35,24.35,2025-07-10,2001-07-10,"Unidentified"
"417","NOID","SW",154037,2025-07-12 00:29:00,"NOID","154037",0.483333333333333,24.4833333333333,2025-07-11,2001-07-11,"Unidentified"
"418","MYLU","SW",154037,2025-07-15 02:40:00,"MYLU","154037",2.66666666666667,26.6666666666667,2025-07-14,2001-07-14,"MYLU"
"419","MYLU","SW",154037,2025-07-12 02:16:00,"MYLU","154037",2.26666666666667,26.2666666666667,2025-07-11,2001-07-11,"MYLU"
"420","NOID","SW",154037,2025-07-11 03:20:00,"NOID","154037",3.33333333333333,27.3333333333333,2025-07-10,2001-07-10,"Unidentified"
"421","NOID","SW",154037,2025-07-17 02:55:00,"NOID","154037",2.91666666666667,26.9166666666667,2025-07-16,2001-07-16,"Unidentified"
"422","NOID","SW",154037,2025-07-12 00:55:00,"NOID","154037",0.916666666666667,24.9166666666667,2025-07-11,2001-07-11,"Unidentified"
"423","MYLU","SW",154037,2025-07-18 00:53:00,"MYLU","154037",0.883333333333333,24.8833333333333,2025-07-17,2001-07-17,"MYLU"
"424","NOID","SW",154037,2025-07-12 00:29:00,"NOID","154037",0.483333333333333,24.4833333333333,2025-07-11,2001-07-11,"Unidentified"
"425","NOID","SW",154037,2025-07-15 02:29:00,"NOID","154037",2.48333333333333,26.4833333333333,2025-07-14,2001-07-14,"Unidentified"
"426","MYLU","SW",154037,2025-07-17 03:35:00,"MYLU","154037",3.58333333333333,27.5833333333333,2025-07-16,2001-07-16,"MYLU"
"427","MYLU","SW",154037,2025-07-17 02:59:00,"MYLU","154037",2.98333333333333,26.9833333333333,2025-07-16,2001-07-16,"MYLU"
"428","NOID","SW",154037,2025-07-17 02:32:00,"NOID","154037",2.53333333333333,26.5333333333333,2025-07-16,2001-07-16,"Unidentified"
"429","MYLU","SW",154037,2025-07-15 02:41:00,"MYLU","154037",2.68333333333333,26.6833333333333,2025-07-14,2001-07-14,"MYLU"
"430","NOID","SW",154037,2025-07-12 03:53:00,"NOID","154037",3.88333333333333,27.8833333333333,2025-07-11,2001-07-11,"Unidentified"
"431","MYLU","SW",154037,2025-07-12 03:42:00,"MYLU","154037",3.7,27.7,2025-07-11,2001-07-11,"MYLU"
"432","NOID","SW",154037,2025-07-15 03:38:00,"NOID","154037",3.63333333333333,27.6333333333333,2025-07-14,2001-07-14,"Unidentified"
"433","MYLU","SW",154037,2025-07-18 03:10:00,"MYLU","154037",3.16666666666667,27.1666666666667,2025-07-17,2001-07-17,"MYLU"
"434","MYLU","SW",154037,2025-07-15 01:06:00,"MYLU","154037",1.1,25.1,2025-07-14,2001-07-14,"MYLU"
"435","MYLU","SW",154037,2025-07-14 02:50:00,"MYLU","154037",2.83333333333333,26.8333333333333,2025-07-13,2001-07-13,"MYLU"
"436","NOID","SW",154037,2025-07-12 02:57:00,"NOID","154037",2.95,26.95,2025-07-11,2001-07-11,"Unidentified"
"437","MYLU","SW",154037,2025-07-15 02:47:00,"MYLU","154037",2.78333333333333,26.7833333333333,2025-07-14,2001-07-14,"MYLU"
"438","NOID","SW",154037,2025-07-11 02:00:00,"NOID","154037",2,26,2025-07-10,2001-07-10,"Unidentified"
"439","NOID","SW",154037,2025-07-15 02:53:00,"NOID","154037",2.88333333333333,26.8833333333333,2025-07-14,2001-07-14,"Unidentified"
"440","MYLU","SW",154037,2025-07-15 02:35:00,"MYLU","154037",2.58333333333333,26.5833333333333,2025-07-14,2001-07-14,"MYLU"
"441","MYLU","SW",154037,2025-07-14 03:40:00,"MYLU","154037",3.66666666666667,27.6666666666667,2025-07-13,2001-07-13,"MYLU"
"442","NOID","SW",154037,2025-07-14 01:03:00,"NOID","154037",1.05,25.05,2025-07-13,2001-07-13,"Unidentified"
"443","MYLU","SW",154037,2025-07-15 00:02:00,"MYLU","154037",0.0333333333333333,24.0333333333333,2025-07-14,2001-07-14,"MYLU"
"444","NOID","SW",154037,2025-07-15 00:18:00,"NOID","154037",0.3,24.3,2025-07-14,2001-07-14,"Unidentified"
"445","MYLU","SW",154037,2025-07-09 01:41:00,"MYLU","154037",1.68333333333333,25.6833333333333,2025-07-08,2001-07-08,"MYLU"
"446","MYLU","SW",154037,2025-07-11 03:10:00,"MYLU","154037",3.16666666666667,27.1666666666667,2025-07-10,2001-07-10,"MYLU"
"447","MYLU","SW",154037,2025-07-11 03:18:00,"MYLU","154037",3.3,27.3,2025-07-10,2001-07-10,"MYLU"
"448","MYLU","SW",154037,2025-07-14 03:47:00,"MYLU","154037",3.78333333333333,27.7833333333333,2025-07-13,2001-07-13,"MYLU"
"449","MYLU","SW",154037,2025-07-12 01:51:00,"MYLU","154037",1.85,25.85,2025-07-11,2001-07-11,"MYLU"
"450","MYLU","SW",154037,2025-07-11 03:04:00,"MYLU","154037",3.06666666666667,27.0666666666667,2025-07-10,2001-07-10,"MYLU"
"451","MYLU","SW",154037,2025-07-11 01:58:00,"MYLU","154037",1.96666666666667,25.9666666666667,2025-07-10,2001-07-10,"MYLU"
"452","MYLU","SW",154037,2025-07-11 03:15:00,"MYLU","154037",3.25,27.25,2025-07-10,2001-07-10,"MYLU"
"453","MYLU","SW",154037,2025-07-12 03:06:00,"MYLU","154037",3.1,27.1,2025-07-11,2001-07-11,"MYLU"
"454","NOID","SW",154037,2025-07-17 02:58:00,"NOID","154037",2.96666666666667,26.9666666666667,2025-07-16,2001-07-16,"Unidentified"
"455","NOID","SW",154037,2025-07-14 02:08:00,"NOID","154037",2.13333333333333,26.1333333333333,2025-07-13,2001-07-13,"Unidentified"
"456","MYLU","SW",154037,2025-07-15 03:09:00,"MYLU","154037",3.15,27.15,2025-07-14,2001-07-14,"MYLU"
"457","MYLU","SW",154037,2025-07-14 02:50:00,"MYLU","154037",2.83333333333333,26.8333333333333,2025-07-13,2001-07-13,"MYLU"
"458","MYLU","SW",154037,2025-07-16 02:51:00,"MYLU","154037",2.85,26.85,2025-07-15,2001-07-15,"MYLU"
"459","MYLU","SW",154037,2025-07-15 03:10:00,"MYLU","154037",3.16666666666667,27.1666666666667,2025-07-14,2001-07-14,"MYLU"
"460","MYLU","SW",154037,2025-07-15 02:43:00,"MYLU","154037",2.71666666666667,26.7166666666667,2025-07-14,2001-07-14,"MYLU"
"461","MYLU","SW",154037,2025-07-12 01:43:00,"MYLU","154037",1.71666666666667,25.7166666666667,2025-07-11,2001-07-11,"MYLU"
"462","MYLU","SW",154037,2025-07-15 02:51:00,"MYLU","154037",2.85,26.85,2025-07-14,2001-07-14,"MYLU"
"463","NOID","SW",154037,2025-07-11 03:23:00,"NOID","154037",3.38333333333333,27.3833333333333,2025-07-10,2001-07-10,"Unidentified"
"464","MYLU","SW",154037,2025-07-14 02:37:00,"MYLU","154037",2.61666666666667,26.6166666666667,2025-07-13,2001-07-13,"MYLU"
"465","NOID","SW",154037,2025-07-14 03:09:00,"NOID","154037",3.15,27.15,2025-07-13,2001-07-13,"Unidentified"
"466","NOID","SW",154037,2025-07-14 03:44:00,"NOID","154037",3.73333333333333,27.7333333333333,2025-07-13,2001-07-13,"Unidentified"
"467","MYLU","SW",154037,2025-07-16 01:08:00,"MYLU","154037",1.13333333333333,25.1333333333333,2025-07-15,2001-07-15,"MYLU"
"468","MYLU","SW",154037,2025-07-18 02:03:00,"MYLU","154037",2.05,26.05,2025-07-17,2001-07-17,"MYLU"
"469","MYLU","SW",154037,2025-07-14 02:06:00,"MYLU","154037",2.1,26.1,2025-07-13,2001-07-13,"MYLU"
"470","MYLU","SW",154037,2025-07-14 00:29:00,"MYLU","154037",0.483333333333333,24.4833333333333,2025-07-13,2001-07-13,"MYLU"
"471","MYLU","SW",154037,2025-07-17 03:50:00,"MYLU","154037",3.83333333333333,27.8333333333333,2025-07-16,2001-07-16,"MYLU"
"472","MYLU","SW",154037,2025-07-16 01:11:00,"MYLU","154037",1.18333333333333,25.1833333333333,2025-07-15,2001-07-15,"MYLU"
"473","MYLU","SW",154037,2025-07-12 02:29:00,"MYLU","154037",2.48333333333333,26.4833333333333,2025-07-11,2001-07-11,"MYLU"
"474","MYLU","SW",154037,2025-07-18 00:45:00,"MYLU","154037",0.75,24.75,2025-07-17,2001-07-17,"MYLU"
"475","MYLU","SW",154037,2025-07-12 02:54:00,"MYLU","154037",2.9,26.9,2025-07-11,2001-07-11,"MYLU"
"476","MYLU","SW",154037,2025-07-14 00:10:00,"MYLU","154037",0.166666666666667,24.1666666666667,2025-07-13,2001-07-13,"MYLU"
"477","MYLU","SW",154037,2025-07-17 02:33:00,"MYLU","154037",2.55,26.55,2025-07-16,2001-07-16,"MYLU"
"478","NOID","SW",154037,2025-07-11 02:58:00,"NOID","154037",2.96666666666667,26.9666666666667,2025-07-10,2001-07-10,"Unidentified"
"479","MYLU","SW",154037,2025-07-12 03:29:00,"MYLU","154037",3.48333333333333,27.4833333333333,2025-07-11,2001-07-11,"MYLU"
"480","MYLU","SW",154037,2025-07-17 03:28:00,"MYLU","154037",3.46666666666667,27.4666666666667,2025-07-16,2001-07-16,"MYLU"
"481","MYLU","SW",154037,2025-07-15 02:43:00,"MYLU","154037",2.71666666666667,26.7166666666667,2025-07-14,2001-07-14,"MYLU"
"482","MYLU","SW",154037,2025-07-15 01:09:00,"MYLU","154037",1.15,25.15,2025-07-14,2001-07-14,"MYLU"
"483","MYLU","SW",154037,2025-07-18 02:49:00,"MYLU","154037",2.81666666666667,26.8166666666667,2025-07-17,2001-07-17,"MYLU"
"484","MYLU","SW",154037,2025-07-15 02:42:00,"MYLU","154037",2.7,26.7,2025-07-14,2001-07-14,"MYLU"
"485","MYLU","SW",154037,2025-07-14 00:43:00,"MYLU","154037",0.716666666666667,24.7166666666667,2025-07-13,2001-07-13,"MYLU"
"486","NOID","SW",154037,2025-07-18 02:41:00,"NOID","154037",2.68333333333333,26.6833333333333,2025-07-17,2001-07-17,"Unidentified"
"487","MYLU","SW",154037,2025-07-11 03:12:00,"MYLU","154037",3.2,27.2,2025-07-10,2001-07-10,"MYLU"
"488","NOID","SW",154037,2025-07-12 00:56:00,"NOID","154037",0.933333333333333,24.9333333333333,2025-07-11,2001-07-11,"Unidentified"
"489","MYLU","SW",154037,2025-07-18 00:01:00,"MYLU","154037",0.0166666666666667,24.0166666666667,2025-07-17,2001-07-17,"MYLU"
"490","MYLU","SW",154037,2025-07-15 00:20:00,"MYLU","154037",0.333333333333333,24.3333333333333,2025-07-14,2001-07-14,"MYLU"
"491","MYLU","SW",154037,2025-07-12 02:54:00,"MYLU","154037",2.9,26.9,2025-07-11,2001-07-11,"MYLU"
"492","NOID","SW",154037,2025-07-12 03:04:00,"NOID","154037",3.06666666666667,27.0666666666667,2025-07-11,2001-07-11,"Unidentified"
"493","NOID","SW",154037,2025-07-15 00:19:00,"NOID","154037",0.316666666666667,24.3166666666667,2025-07-14,2001-07-14,"Unidentified"
"494","MYLU","SW",154037,2025-07-15 03:46:00,"MYLU","154037",3.76666666666667,27.7666666666667,2025-07-14,2001-07-14,"MYLU"
"495","MYLU","SW",154037,2025-07-12 01:32:00,"MYLU","154037",1.53333333333333,25.5333333333333,2025-07-11,2001-07-11,"MYLU"
"496","MYLU","SW",154037,2025-07-14 02:53:00,"MYLU","154037",2.88333333333333,26.8833333333333,2025-07-13,2001-07-13,"MYLU"
"497","MYLU","SW",154037,2025-07-11 03:07:00,"MYLU","154037",3.11666666666667,27.1166666666667,2025-07-10,2001-07-10,"MYLU"
"498","MYLU","SW",154037,2025-07-15 02:34:00,"MYLU","154037",2.56666666666667,26.5666666666667,2025-07-14,2001-07-14,"MYLU"
"499","MYLU","SW",154037,2025-07-18 00:01:00,"MYLU","154037",0.0166666666666667,24.0166666666667,2025-07-17,2001-07-17,"MYLU"
"500","MYLU","SW",154037,2025-07-17 03:28:00,"MYLU","154037",3.46666666666667,27.4666666666667,2025-07-16,2001-07-16,"MYLU"
"501","MYLU","SW",154037,2025-07-15 00:18:00,"MYLU","154037",0.3,24.3,2025-07-14,2001-07-14,"MYLU"
"502","NOID","SW",154037,2025-07-15 02:49:00,"NOID","154037",2.81666666666667,26.8166666666667,2025-07-14,2001-07-14,"Unidentified"
"503","MYLU","SW",154037,2025-07-15 02:56:00,"MYLU","154037",2.93333333333333,26.9333333333333,2025-07-14,2001-07-14,"MYLU"
"504","NOID","SW",154037,2025-07-14 03:10:00,"NOID","154037",3.16666666666667,27.1666666666667,2025-07-13,2001-07-13,"Unidentified"
"505","MYLU","SW",154037,2025-07-12 03:07:00,"MYLU","154037",3.11666666666667,27.1166666666667,2025-07-11,2001-07-11,"MYLU"
"506","MYLU","SW",154037,2025-07-12 03:40:00,"MYLU","154037",3.66666666666667,27.6666666666667,2025-07-11,2001-07-11,"MYLU"
"507","NOID","SW",154037,2025-07-17 02:54:00,"NOID","154037",2.9,26.9,2025-07-16,2001-07-16,"Unidentified"
"508","NOID","SW",154037,2025-07-15 02:33:00,"NOID","154037",2.55,26.55,2025-07-14,2001-07-14,"Unidentified"
"509","MYLU","SW",154037,2025-07-15 02:44:00,"MYLU","154037",2.73333333333333,26.7333333333333,2025-07-14,2001-07-14,"MYLU"
"510","MYLU","SW",154037,2025-07-14 03:00:00,"MYLU","154037",3,27,2025-07-13,2001-07-13,"MYLU"
"511","MYLU","SW",154037,2025-07-11 03:09:00,"MYLU","154037",3.15,27.15,2025-07-10,2001-07-10,"MYLU"
"512","MYLU","SW",154037,2025-07-11 03:12:00,"MYLU","154037",3.2,27.2,2025-07-10,2001-07-10,"MYLU"
"513","NOID","SW",154037,2025-07-14 03:43:00,"NOID","154037",3.71666666666667,27.7166666666667,2025-07-13,2001-07-13,"Unidentified"
"514","MYLU","SW",154037,2025-07-15 02:45:00,"MYLU","154037",2.75,26.75,2025-07-14,2001-07-14,"MYLU"
"515","MYLU","SW",154037,2025-07-11 03:23:00,"MYLU","154037",3.38333333333333,27.3833333333333,2025-07-10,2001-07-10,"MYLU"
"516","NOID","SW",154037,2025-07-13 01:38:00,"NOID","154037",1.63333333333333,25.6333333333333,2025-07-12,2001-07-12,"Unidentified"
"517","NOID","SW",154037,2025-07-14 00:51:00,"NOID","154037",0.85,24.85,2025-07-13,2001-07-13,"Unidentified"
"518","MYLU","SW",154037,2025-07-12 02:59:00,"MYLU","154037",2.98333333333333,26.9833333333333,2025-07-11,2001-07-11,"MYLU"
"519","NOID","SW",154037,2025-07-15 02:38:00,"NOID","154037",2.63333333333333,26.6333333333333,2025-07-14,2001-07-14,"Unidentified"
"520","MYLU","SW",154037,2025-07-14 00:11:00,"MYLU","154037",0.183333333333333,24.1833333333333,2025-07-13,2001-07-13,"MYLU"
"521","MYLU","SW",154037,2025-07-17 02:33:00,"MYLU","154037",2.55,26.55,2025-07-16,2001-07-16,"MYLU"
"522","MYLU","SW",154037,2025-07-15 00:28:00,"MYLU","154037",0.466666666666667,24.4666666666667,2025-07-14,2001-07-14,"MYLU"
"523","MYLU","SW",154037,2025-07-14 02:55:00,"MYLU","154037",2.91666666666667,26.9166666666667,2025-07-13,2001-07-13,"MYLU"
"524","MYLU","SW",154037,2025-07-17 03:33:00,"MYLU","154037",3.55,27.55,2025-07-16,2001-07-16,"MYLU"
"525","MYLU","SW",154037,2025-07-12 02:55:00,"MYLU","154037",2.91666666666667,26.9166666666667,2025-07-11,2001-07-11,"MYLU"
"526","MYLU","SW",154037,2025-07-14 03:16:00,"MYLU","154037",3.26666666666667,27.2666666666667,2025-07-13,2001-07-13,"MYLU"
"527","MYLU","SW",154037,2025-07-13 01:20:00,"MYLU","154037",1.33333333333333,25.3333333333333,2025-07-12,2001-07-12,"MYLU"
"528","MYLU","SW",154037,2025-07-17 03:35:00,"MYLU","154037",3.58333333333333,27.5833333333333,2025-07-16,2001-07-16,"MYLU"
"529","MYLU","SW",154037,2025-07-11 03:14:00,"MYLU","154037",3.23333333333333,27.2333333333333,2025-07-10,2001-07-10,"MYLU"
"530","NOID","SW",154037,2025-07-15 02:51:00,"NOID","154037",2.85,26.85,2025-07-14,2001-07-14,"Unidentified"
"531","MYLU","SW",154037,2025-07-15 02:42:00,"MYLU","154037",2.7,26.7,2025-07-14,2001-07-14,"MYLU"
"532","MYLU","SW",154037,2025-07-13 02:51:00,"MYLU","154037",2.85,26.85,2025-07-12,2001-07-12,"MYLU"
"533","MYLU","SW",154037,2025-07-11 03:15:00,"MYLU","154037",3.25,27.25,2025-07-10,2001-07-10,"MYLU"
"534","MYLU","SW",154037,2025-07-11 03:23:00,"MYLU","154037",3.38333333333333,27.3833333333333,2025-07-10,2001-07-10,"MYLU"
"535","MYLU","SW",154037,2025-07-15 02:31:00,"MYLU","154037",2.51666666666667,26.5166666666667,2025-07-14,2001-07-14,"MYLU"
"536","MYLU","SW",154037,2025-07-18 03:19:00,"MYLU","154037",3.31666666666667,27.3166666666667,2025-07-17,2001-07-17,"MYLU"
"537","MYLU","SW",154037,2025-07-14 00:43:00,"MYLU","154037",0.716666666666667,24.7166666666667,2025-07-13,2001-07-13,"MYLU"
"538","MYLU","SW",154037,2025-07-11 00:15:00,"MYLU","154037",0.25,24.25,2025-07-10,2001-07-10,"MYLU"
"539","NOID","SW",154037,2025-07-12 00:56:00,"NOID","154037",0.933333333333333,24.9333333333333,2025-07-11,2001-07-11,"Unidentified"
"540","MYLU","SW",154037,2025-07-15 03:09:00,"MYLU","154037",3.15,27.15,2025-07-14,2001-07-14,"MYLU"
"541","NOID","SW",154037,2025-07-15 02:47:00,"NOID","154037",2.78333333333333,26.7833333333333,2025-07-14,2001-07-14,"Unidentified"
"542","MYLU","SW",154037,2025-07-11 03:23:00,"MYLU","154037",3.38333333333333,27.3833333333333,2025-07-10,2001-07-10,"MYLU"
"543","MYLU","SW",154037,2025-07-14 03:12:00,"MYLU","154037",3.2,27.2,2025-07-13,2001-07-13,"MYLU"
"544","MYLU","SW",154037,2025-07-18 02:47:00,"MYLU","154037",2.78333333333333,26.7833333333333,2025-07-17,2001-07-17,"MYLU"
"545","MYLU","SW",154037,2025-07-11 03:14:00,"MYLU","154037",3.23333333333333,27.2333333333333,2025-07-10,2001-07-10,"MYLU"
"546","NOID","SW",154037,2025-07-15 01:06:00,"NOID","154037",1.1,25.1,2025-07-14,2001-07-14,"Unidentified"
"547","MYLU","SW",154037,2025-07-14 00:42:00,"MYLU","154037",0.7,24.7,2025-07-13,2001-07-13,"MYLU"
"548","MYLU","SW",154037,2025-07-12 03:39:00,"MYLU","154037",3.65,27.65,2025-07-11,2001-07-11,"MYLU"
"549","MYLU","SW",154037,2025-07-10 01:38:00,"MYLU","154037",1.63333333333333,25.6333333333333,2025-07-09,2001-07-09,"MYLU"
"550","MYLU","SW",154037,2025-07-17 03:35:00,"MYLU","154037",3.58333333333333,27.5833333333333,2025-07-16,2001-07-16,"MYLU"
"551","MYLU","SW",154037,2025-07-15 03:26:00,"MYLU","154037",3.43333333333333,27.4333333333333,2025-07-14,2001-07-14,"MYLU"
"552","MYLU","SW",154037,2025-07-12 03:40:00,"MYLU","154037",3.66666666666667,27.6666666666667,2025-07-11,2001-07-11,"MYLU"
"553","MYLU","SW",154037,2025-07-15 02:29:00,"MYLU","154037",2.48333333333333,26.4833333333333,2025-07-14,2001-07-14,"MYLU"
"554","NOID","SW",154037,2025-07-15 03:05:00,"NOID","154037",3.08333333333333,27.0833333333333,2025-07-14,2001-07-14,"Unidentified"
"555","MYLU","SW",154037,2025-07-14 00:41:00,"MYLU","154037",0.683333333333333,24.6833333333333,2025-07-13,2001-07-13,"MYLU"
"556","NOID","SW",154037,2025-07-15 02:19:00,"NOID","154037",2.31666666666667,26.3166666666667,2025-07-14,2001-07-14,"Unidentified"
"557","NOID","SW",154037,2025-07-14 03:40:00,"NOID","154037",3.66666666666667,27.6666666666667,2025-07-13,2001-07-13,"Unidentified"
"558","MYLU","SW",154037,2025-07-15 02:54:00,"MYLU","154037",2.9,26.9,2025-07-14,2001-07-14,"MYLU"
"559","MYLU","SW",154037,2025-07-17 00:26:00,"MYLU","154037",0.433333333333333,24.4333333333333,2025-07-16,2001-07-16,"MYLU"
"560","MYLU","SW",154037,2025-07-11 03:24:00,"MYLU","154037",3.4,27.4,2025-07-10,2001-07-10,"MYLU"
"561","MYLU","SW",154037,2025-07-14 00:15:00,"MYLU","154037",0.25,24.25,2025-07-13,2001-07-13,"MYLU"
"562","MYLU","SW",154037,2025-07-12 03:06:00,"MYLU","154037",3.1,27.1,2025-07-11,2001-07-11,"MYLU"
"563","MYLU","SW",154037,2025-07-17 02:31:00,"MYLU","154037",2.51666666666667,26.5166666666667,2025-07-16,2001-07-16,"MYLU"
"564","MYLU","SW",154037,2025-07-18 00:17:00,"MYLU","154037",0.283333333333333,24.2833333333333,2025-07-17,2001-07-17,"MYLU"
"565","MYLU","SW",154037,2025-07-11 02:01:00,"MYLU","154037",2.01666666666667,26.0166666666667,2025-07-10,2001-07-10,"MYLU"
"566","NOID","SW",154037,2025-07-18 00:02:00,"NOID","154037",0.0333333333333333,24.0333333333333,2025-07-17,2001-07-17,"Unidentified"
"567","MYLU","SW",154037,2025-07-12 02:58:00,"MYLU","154037",2.96666666666667,26.9666666666667,2025-07-11,2001-07-11,"MYLU"
"568","MYLU","SW",154037,2025-07-18 00:50:00,"MYLU","154037",0.833333333333333,24.8333333333333,2025-07-17,2001-07-17,"MYLU"
"569","NOID","SW",154037,2025-07-15 02:45:00,"NOID","154037",2.75,26.75,2025-07-14,2001-07-14,"Unidentified"
"570","MYLU","SW",154037,2025-07-14 00:53:00,"MYLU","154037",0.883333333333333,24.8833333333333,2025-07-13,2001-07-13,"MYLU"
"571","MYLU","SW",154037,2025-07-14 01:03:00,"MYLU","154037",1.05,25.05,2025-07-13,2001-07-13,"MYLU"
"572","MYLU","SW",154037,2025-07-11 03:18:00,"MYLU","154037",3.3,27.3,2025-07-10,2001-07-10,"MYLU"
"573","MYLU","SW",154037,2025-07-14 03:46:00,"MYLU","154037",3.76666666666667,27.7666666666667,2025-07-13,2001-07-13,"MYLU"
"574","NOID","SW",154037,2025-07-15 02:46:00,"NOID","154037",2.76666666666667,26.7666666666667,2025-07-14,2001-07-14,"Unidentified"
"575","MYLU","SW",154037,2025-07-17 03:26:00,"MYLU","154037",3.43333333333333,27.4333333333333,2025-07-16,2001-07-16,"MYLU"
"576","NOID","SW",154037,2025-07-15 02:28:00,"NOID","154037",2.46666666666667,26.4666666666667,2025-07-14,2001-07-14,"Unidentified"
"577","MYLU","SW",154037,2025-07-11 03:22:00,"MYLU","154037",3.36666666666667,27.3666666666667,2025-07-10,2001-07-10,"MYLU"
"578","MYLU","SW",154037,2025-07-14 04:08:00,"MYLU","154037",4.13333333333333,28.1333333333333,2025-07-13,2001-07-13,"MYLU"
"579","NOID","SW",154037,2025-07-15 02:30:00,"NOID","154037",2.5,26.5,2025-07-14,2001-07-14,"Unidentified"
"580","MYLU","SW",154037,2025-07-14 03:44:00,"MYLU","154037",3.73333333333333,27.7333333333333,2025-07-13,2001-07-13,"MYLU"
"581","MYLU","SW",154037,2025-07-17 03:14:00,"MYLU","154037",3.23333333333333,27.2333333333333,2025-07-16,2001-07-16,"MYLU"
"582","MYLU","SW",154037,2025-07-17 03:30:00,"MYLU","154037",3.5,27.5,2025-07-16,2001-07-16,"MYLU"
"583","MYLU","SW",154037,2025-07-14 00:13:00,"MYLU","154037",0.216666666666667,24.2166666666667,2025-07-13,2001-07-13,"MYLU"
"584","MYLU","SW",154037,2025-07-14 03:39:00,"MYLU","154037",3.65,27.65,2025-07-13,2001-07-13,"MYLU"
"585","MYLU","SW",154037,2025-07-12 02:56:00,"MYLU","154037",2.93333333333333,26.9333333333333,2025-07-11,2001-07-11,"MYLU"
"586","MYLU","SW",154037,2025-07-14 00:36:00,"MYLU","154037",0.6,24.6,2025-07-13,2001-07-13,"MYLU"
"587","NOID","SW",154037,2025-07-12 03:42:00,"NOID","154037",3.7,27.7,2025-07-11,2001-07-11,"Unidentified"
"588","MYLU","SW",154037,2025-07-15 01:05:00,"MYLU","154037",1.08333333333333,25.0833333333333,2025-07-14,2001-07-14,"MYLU"
"589","MYLU","SW",154037,2025-07-12 01:28:00,"MYLU","154037",1.46666666666667,25.4666666666667,2025-07-11,2001-07-11,"MYLU"
"590","MYLU","SW",154037,2025-07-17 02:34:00,"MYLU","154037",2.56666666666667,26.5666666666667,2025-07-16,2001-07-16,"MYLU"
"591","MYLU","SW",154037,2025-07-15 02:49:00,"MYLU","154037",2.81666666666667,26.8166666666667,2025-07-14,2001-07-14,"MYLU"
"592","MYLU","SW",154037,2025-07-17 03:17:00,"MYLU","154037",3.28333333333333,27.2833333333333,2025-07-16,2001-07-16,"MYLU"
"593","NOID","SW",154037,2025-07-12 03:05:00,"NOID","154037",3.08333333333333,27.0833333333333,2025-07-11,2001-07-11,"Unidentified"
"594","NOID","SW",154037,2025-07-15 02:29:00,"NOID","154037",2.48333333333333,26.4833333333333,2025-07-14,2001-07-14,"Unidentified"
"595","MYLU","SW",154037,2025-07-15 02:48:00,"MYLU","154037",2.8,26.8,2025-07-14,2001-07-14,"MYLU"
"596","NOID","SW",154037,2025-07-14 03:42:00,"NOID","154037",3.7,27.7,2025-07-13,2001-07-13,"Unidentified"
"597","NOID","SW",154037,2025-07-12 03:25:00,"NOID","154037",3.41666666666667,27.4166666666667,2025-07-11,2001-07-11,"Unidentified"
"598","MYLU","SW",154037,2025-07-18 03:53:00,"MYLU","154037",3.88333333333333,27.8833333333333,2025-07-17,2001-07-17,"MYLU"
"599","NOID","SW",154037,2025-07-12 03:42:00,"NOID","154037",3.7,27.7,2025-07-11,2001-07-11,"Unidentified"
"600","MYLU","SW",154037,2025-07-14 03:38:00,"MYLU","154037",3.63333333333333,27.6333333333333,2025-07-13,2001-07-13,"MYLU"
"601","MYLU","SW",154037,2025-07-12 02:57:00,"MYLU","154037",2.95,26.95,2025-07-11,2001-07-11,"MYLU"
"602","MYLU","SW",154037,2025-07-14 03:09:00,"MYLU","154037",3.15,27.15,2025-07-13,2001-07-13,"MYLU"
"603","MYLU","SW",154037,2025-07-14 01:58:00,"MYLU","154037",1.96666666666667,25.9666666666667,2025-07-13,2001-07-13,"MYLU"
"604","MYLU","SW",154037,2025-07-14 03:45:00,"MYLU","154037",3.75,27.75,2025-07-13,2001-07-13,"MYLU"
"605","MYLU","SW",154037,2025-07-17 02:35:00,"MYLU","154037",2.58333333333333,26.5833333333333,2025-07-16,2001-07-16,"MYLU"
"606","MYLU","SW",154037,2025-07-15 03:10:00,"MYLU","154037",3.16666666666667,27.1666666666667,2025-07-14,2001-07-14,"MYLU"
"607","MYLU","SW",154037,2025-07-14 02:49:00,"MYLU","154037",2.81666666666667,26.8166666666667,2025-07-13,2001-07-13,"MYLU"
"608","MYLU","SW",154037,2025-07-15 01:05:00,"MYLU","154037",1.08333333333333,25.0833333333333,2025-07-14,2001-07-14,"MYLU"
"609","NOID","SW",154037,2025-07-12 02:16:00,"NOID","154037",2.26666666666667,26.2666666666667,2025-07-11,2001-07-11,"Unidentified"
"610","NOID","SW",154037,2025-07-18 02:23:00,"NOID","154037",2.38333333333333,26.3833333333333,2025-07-17,2001-07-17,"Unidentified"
"611","MYLU","SW",154037,2025-07-12 00:11:00,"MYLU","154037",0.183333333333333,24.1833333333333,2025-07-11,2001-07-11,"MYLU"
"612","MYLU","SW",154037,2025-07-15 02:44:00,"MYLU","154037",2.73333333333333,26.7333333333333,2025-07-14,2001-07-14,"MYLU"
"613","MYLU","SW",154037,2025-07-14 01:55:00,"MYLU","154037",1.91666666666667,25.9166666666667,2025-07-13,2001-07-13,"MYLU"
"614","MYLU","SW",154037,2025-07-12 03:41:00,"MYLU","154037",3.68333333333333,27.6833333333333,2025-07-11,2001-07-11,"MYLU"
"615","NOID","SW",154037,2025-07-11 01:47:00,"NOID","154037",1.78333333333333,25.7833333333333,2025-07-10,2001-07-10,"Unidentified"
"616","MYLU","SW",154037,2025-07-17 23:59:00,"MYLU","154037",23.9833333333333,23.9833333333333,2025-07-17,2001-07-17,"MYLU"
"617","MYLU","SW",154037,2025-07-12 03:06:00,"MYLU","154037",3.1,27.1,2025-07-11,2001-07-11,"MYLU"
"618","NOID","SW",154037,2025-07-14 00:15:00,"NOID","154037",0.25,24.25,2025-07-13,2001-07-13,"Unidentified"
"619","MYLU","SW",154037,2025-07-17 23:59:00,"MYLU","154037",23.9833333333333,23.9833333333333,2025-07-17,2001-07-17,"MYLU"
"620","NOID","SW",154037,2025-07-09 02:41:00,"NOID","154037",2.68333333333333,26.6833333333333,2025-07-08,2001-07-08,"Unidentified"
"621","MYLU","SW",154037,2025-07-09 02:54:00,"MYLU","154037",2.9,26.9,2025-07-08,2001-07-08,"MYLU"
"622","NOID","SW",154037,2025-07-14 03:41:00,"NOID","154037",3.68333333333333,27.6833333333333,2025-07-13,2001-07-13,"Unidentified"
"623","MYLU","SW",154037,2025-07-14 03:47:00,"MYLU","154037",3.78333333333333,27.7833333333333,2025-07-13,2001-07-13,"MYLU"
"624","NOID","SW",154037,2025-07-17 00:38:00,"NOID","154037",0.633333333333333,24.6333333333333,2025-07-16,2001-07-16,"Unidentified"
"625","NOID","SW",154037,2025-07-15 03:39:00,"NOID","154037",3.65,27.65,2025-07-14,2001-07-14,"Unidentified"
"626","MYLU","SW",154037,2025-07-14 02:37:00,"MYLU","154037",2.61666666666667,26.6166666666667,2025-07-13,2001-07-13,"MYLU"
"627","MYLU","SW",154037,2025-07-15 03:11:00,"MYLU","154037",3.18333333333333,27.1833333333333,2025-07-14,2001-07-14,"MYLU"
"628","NOID","SW",154037,2025-07-15 00:19:00,"NOID","154037",0.316666666666667,24.3166666666667,2025-07-14,2001-07-14,"Unidentified"
"629","MYLU","SW",154037,2025-07-14 03:40:00,"MYLU","154037",3.66666666666667,27.6666666666667,2025-07-13,2001-07-13,"MYLU"
"630","MYLU","SW",154037,2025-07-17 02:07:00,"MYLU","154037",2.11666666666667,26.1166666666667,2025-07-16,2001-07-16,"MYLU"
"631","MYLU","SW",154037,2025-07-12 02:57:00,"MYLU","154037",2.95,26.95,2025-07-11,2001-07-11,"MYLU"
"632","NOID","SW",154037,2025-07-18 02:49:00,"NOID","154037",2.81666666666667,26.8166666666667,2025-07-17,2001-07-17,"Unidentified"
"633","MYLU","SW",154037,2025-07-11 02:00:00,"MYLU","154037",2,26,2025-07-10,2001-07-10,"MYLU"
"634","MYLU","SW",154037,2025-07-15 03:16:00,"MYLU","154037",3.26666666666667,27.2666666666667,2025-07-14,2001-07-14,"MYLU"
"635","MYLU","SW",154037,2025-07-12 01:03:00,"MYLU","154037",1.05,25.05,2025-07-11,2001-07-11,"MYLU"
"636","MYLU","SW",154037,2025-07-18 02:24:00,"MYLU","154037",2.4,26.4,2025-07-17,2001-07-17,"MYLU"
"637","MYLU","SW",154037,2025-07-17 03:27:00,"MYLU","154037",3.45,27.45,2025-07-16,2001-07-16,"MYLU"
"638","MYLU","SW",154037,2025-07-15 02:47:00,"MYLU","154037",2.78333333333333,26.7833333333333,2025-07-14,2001-07-14,"MYLU"
"639","NOID","SW",154037,2025-07-12 02:34:00,"NOID","154037",2.56666666666667,26.5666666666667,2025-07-11,2001-07-11,"Unidentified"
"640","MYLU","SW",154037,2025-07-11 03:04:00,"MYLU","154037",3.06666666666667,27.0666666666667,2025-07-10,2001-07-10,"MYLU"
"641","MYLU","SW",154037,2025-07-11 03:11:00,"MYLU","154037",3.18333333333333,27.1833333333333,2025-07-10,2001-07-10,"MYLU"
"642","MYLU","SW",154037,2025-07-11 03:07:00,"MYLU","154037",3.11666666666667,27.1166666666667,2025-07-10,2001-07-10,"MYLU"
"643","MYLU","SW",154037,2025-07-15 02:23:00,"MYLU","154037",2.38333333333333,26.3833333333333,2025-07-14,2001-07-14,"MYLU"
"644","MYLU","SW",154037,2025-07-14 03:12:00,"MYLU","154037",3.2,27.2,2025-07-13,2001-07-13,"MYLU"
"645","MYLU","SW",154037,2025-07-11 03:13:00,"MYLU","154037",3.21666666666667,27.2166666666667,2025-07-10,2001-07-10,"MYLU"
"646","MYLU","SW",154037,2025-07-14 03:39:00,"MYLU","154037",3.65,27.65,2025-07-13,2001-07-13,"MYLU"
"647","MYLU","SW",154037,2025-07-11 01:22:00,"MYLU","154037",1.36666666666667,25.3666666666667,2025-07-10,2001-07-10,"MYLU"
"648","NOID","SW",154037,2025-07-12 00:56:00,"NOID","154037",0.933333333333333,24.9333333333333,2025-07-11,2001-07-11,"Unidentified"
"649","NOID","SW",154037,2025-07-14 00:15:00,"NOID","154037",0.25,24.25,2025-07-13,2001-07-13,"Unidentified"
"650","MYLU","SW",154037,2025-07-11 03:20:00,"MYLU","154037",3.33333333333333,27.3333333333333,2025-07-10,2001-07-10,"MYLU"
"651","MYLU","SW",154037,2025-07-14 00:43:00,"MYLU","154037",0.716666666666667,24.7166666666667,2025-07-13,2001-07-13,"MYLU"
"652","NOID","SW",154037,2025-07-15 00:26:00,"NOID","154037",0.433333333333333,24.4333333333333,2025-07-14,2001-07-14,"Unidentified"
"653","MYLU","SW",154037,2025-07-09 02:41:00,"MYLU","154037",2.68333333333333,26.6833333333333,2025-07-08,2001-07-08,"MYLU"
"654","MYLU","SW",154037,2025-07-18 02:46:00,"MYLU","154037",2.76666666666667,26.7666666666667,2025-07-17,2001-07-17,"MYLU"
"655","MYLU","SW",154037,2025-07-14 03:09:00,"MYLU","154037",3.15,27.15,2025-07-13,2001-07-13,"MYLU"
"656","NOID","SW",154037,2025-07-14 03:43:00,"NOID","154037",3.71666666666667,27.7166666666667,2025-07-13,2001-07-13,"Unidentified"
"657","NOID","SW",154037,2025-07-09 03:51:00,"NOID","154037",3.85,27.85,2025-07-08,2001-07-08,"Unidentified"
"658","MYLU","SW",154037,2025-07-18 01:41:00,"MYLU","154037",1.68333333333333,25.6833333333333,2025-07-17,2001-07-17,"MYLU"
"659","MYLU","SW",154037,2025-07-11 00:43:00,"MYLU","154037",0.716666666666667,24.7166666666667,2025-07-10,2001-07-10,"MYLU"
"660","MYLU","SW",154037,2025-07-15 02:32:00,"MYLU","154037",2.53333333333333,26.5333333333333,2025-07-14,2001-07-14,"MYLU"
"661","NOID","SW",154037,2025-07-09 03:45:00,"NOID","154037",3.75,27.75,2025-07-08,2001-07-08,"Unidentified"
"662","NOID","SW",154037,2025-07-18,"NOID","154037",0,24,2025-07-17,2001-07-17,"Unidentified"
"663","MYLU","SW",154037,2025-07-18 03:20:00,"MYLU","154037",3.33333333333333,27.3333333333333,2025-07-17,2001-07-17,"MYLU"
"664","MYLU","SW",154037,2025-07-17 02:56:00,"MYLU","154037",2.93333333333333,26.9333333333333,2025-07-16,2001-07-16,"MYLU"
"665","NOID","SW",154037,2025-07-14 00:14:00,"NOID","154037",0.233333333333333,24.2333333333333,2025-07-13,2001-07-13,"Unidentified"
"666","MYLU","SW",154037,2025-07-15 01:01:00,"MYLU","154037",1.01666666666667,25.0166666666667,2025-07-14,2001-07-14,"MYLU"
"667","NOID","SW",154037,2025-07-12 00:29:00,"NOID","154037",0.483333333333333,24.4833333333333,2025-07-11,2001-07-11,"Unidentified"
"668","MYLU","SW",154037,2025-07-14 00:46:00,"MYLU","154037",0.766666666666667,24.7666666666667,2025-07-13,2001-07-13,"MYLU"
"669","MYLU","SW",154037,2025-07-11 03:05:00,"MYLU","154037",3.08333333333333,27.0833333333333,2025-07-10,2001-07-10,"MYLU"
"670","NOID","SW",154037,2025-07-17 03:26:00,"NOID","154037",3.43333333333333,27.4333333333333,2025-07-16,2001-07-16,"Unidentified"
"671","MYLU","SW",154037,2025-07-15 03:04:00,"MYLU","154037",3.06666666666667,27.0666666666667,2025-07-14,2001-07-14,"MYLU"
"672","MYLU","SW",154037,2025-07-15 02:54:00,"MYLU","154037",2.9,26.9,2025-07-14,2001-07-14,"MYLU"
"673","NOID","SW",154037,2025-07-09 03:44:00,"NOID","154037",3.73333333333333,27.7333333333333,2025-07-08,2001-07-08,"Unidentified"
"674","MYLU","SW",154037,2025-07-14 00:14:00,"MYLU","154037",0.233333333333333,24.2333333333333,2025-07-13,2001-07-13,"MYLU"
"675","MYLU","SW",154037,2025-07-11 03:39:00,"MYLU","154037",3.65,27.65,2025-07-10,2001-07-10,"MYLU"
"676","MYLU","SW",154037,2025-07-11 03:20:00,"MYLU","154037",3.33333333333333,27.3333333333333,2025-07-10,2001-07-10,"MYLU"
"677","MYLU","SW",154037,2025-07-11 03:09:00,"MYLU","154037",3.15,27.15,2025-07-10,2001-07-10,"MYLU"
"678","NOID","SW",154037,2025-07-12 02:56:00,"NOID","154037",2.93333333333333,26.9333333333333,2025-07-11,2001-07-11,"Unidentified"
"679","MYLU","SW",154037,2025-07-12 00:56:00,"MYLU","154037",0.933333333333333,24.9333333333333,2025-07-11,2001-07-11,"MYLU"
"680","NOID","SW",154037,2025-07-10 04:15:00,"NOID","154037",4.25,28.25,2025-07-09,2001-07-09,"Unidentified"
"681","MYLU","SW",154037,2025-07-15 03:12:00,"MYLU","154037",3.2,27.2,2025-07-14,2001-07-14,"MYLU"
"682","NOID","SW",154037,2025-07-15 02:36:00,"NOID","154037",2.6,26.6,2025-07-14,2001-07-14,"Unidentified"
"683","MYLU","SW",154037,2025-07-12 00:58:00,"MYLU","154037",0.966666666666667,24.9666666666667,2025-07-11,2001-07-11,"MYLU"
"684","MYLU","SW",154037,2025-07-17 02:15:00,"MYLU","154037",2.25,26.25,2025-07-16,2001-07-16,"MYLU"
"685","MYLU","SW",154037,2025-07-13 01:55:00,"MYLU","154037",1.91666666666667,25.9166666666667,2025-07-12,2001-07-12,"MYLU"
"686","MYLU","SW",154037,2025-07-18 02:25:00,"MYLU","154037",2.41666666666667,26.4166666666667,2025-07-17,2001-07-17,"MYLU"
"687","MYLU","SW",154037,2025-07-15 02:52:00,"MYLU","154037",2.86666666666667,26.8666666666667,2025-07-14,2001-07-14,"MYLU"
"688","MYLU","SW",154037,2025-07-11 03:11:00,"MYLU","154037",3.18333333333333,27.1833333333333,2025-07-10,2001-07-10,"MYLU"
"689","MYLU","SW",154037,2025-07-17 02:55:00,"MYLU","154037",2.91666666666667,26.9166666666667,2025-07-16,2001-07-16,"MYLU"
"690","MYLU","SW",154037,2025-07-12 00:12:00,"MYLU","154037",0.2,24.2,2025-07-11,2001-07-11,"MYLU"
"691","MYLU","SW",154037,2025-07-13 02:00:00,"MYLU","154037",2,26,2025-07-12,2001-07-12,"MYLU"
"692","MYLU","SW",154037,2025-07-14 03:48:00,"MYLU","154037",3.8,27.8,2025-07-13,2001-07-13,"MYLU"
"693","MYLU","SW",154037,2025-07-15 02:54:00,"MYLU","154037",2.9,26.9,2025-07-14,2001-07-14,"MYLU"
"694","MYLU","SW",154037,2025-07-14 04:03:00,"MYLU","154037",4.05,28.05,2025-07-13,2001-07-13,"MYLU"
"695","MYLU","SW",154037,2025-07-12 01:02:00,"MYLU","154037",1.03333333333333,25.0333333333333,2025-07-11,2001-07-11,"MYLU"
"696","MYLU","SW",154037,2025-07-15 01:10:00,"MYLU","154037",1.16666666666667,25.1666666666667,2025-07-14,2001-07-14,"MYLU"
"697","MYLU","SW",154037,2025-07-14 01:23:00,"MYLU","154037",1.38333333333333,25.3833333333333,2025-07-13,2001-07-13,"MYLU"
"698","MYLU","SW",154037,2025-07-11 03:09:00,"MYLU","154037",3.15,27.15,2025-07-10,2001-07-10,"MYLU"
"699","MYLU","SW",154037,2025-07-17 02:57:00,"MYLU","154037",2.95,26.95,2025-07-16,2001-07-16,"MYLU"
"700","MYLU","SW",154037,2025-07-12 00:50:00,"MYLU","154037",0.833333333333333,24.8333333333333,2025-07-11,2001-07-11,"MYLU"
"701","MYLU","SW",154037,2025-07-18 03:19:00,"MYLU","154037",3.31666666666667,27.3166666666667,2025-07-17,2001-07-17,"MYLU"
"702","MYLU","SW",154037,2025-07-15 00:24:00,"MYLU","154037",0.4,24.4,2025-07-14,2001-07-14,"MYLU"
"703","MYLU","SW",154037,2025-07-15 02:39:00,"MYLU","154037",2.65,26.65,2025-07-14,2001-07-14,"MYLU"
"704","MYLU","SW",154037,2025-07-12 02:58:00,"MYLU","154037",2.96666666666667,26.9666666666667,2025-07-11,2001-07-11,"MYLU"
"705","MYLU","SW",154037,2025-07-17 02:56:00,"MYLU","154037",2.93333333333333,26.9333333333333,2025-07-16,2001-07-16,"MYLU"
"706","MYLU","SW",154037,2025-07-12 02:23:00,"MYLU","154037",2.38333333333333,26.3833333333333,2025-07-11,2001-07-11,"MYLU"
"707","MYLU","SW",154037,2025-07-14 00:13:00,"MYLU","154037",0.216666666666667,24.2166666666667,2025-07-13,2001-07-13,"MYLU"
"708","MYLU","SW",154037,2025-07-12 00:38:00,"MYLU","154037",0.633333333333333,24.6333333333333,2025-07-11,2001-07-11,"MYLU"
"709","MYLU","SW",154037,2025-07-11 03:14:00,"MYLU","154037",3.23333333333333,27.2333333333333,2025-07-10,2001-07-10,"MYLU"
"710","MYLU","SW",154037,2025-07-14 03:42:00,"MYLU","154037",3.7,27.7,2025-07-13,2001-07-13,"MYLU"
"711","MYLU","SW",154037,2025-07-12 02:58:00,"MYLU","154037",2.96666666666667,26.9666666666667,2025-07-11,2001-07-11,"MYLU"
"712","MYLU","SW",154037,2025-07-17 02:35:00,"MYLU","154037",2.58333333333333,26.5833333333333,2025-07-16,2001-07-16,"MYLU"
"713","MYLU","SW",154037,2025-07-12 03:05:00,"MYLU","154037",3.08333333333333,27.0833333333333,2025-07-11,2001-07-11,"MYLU"
"714","MYLU","SW",154037,2025-07-17 02:55:00,"MYLU","154037",2.91666666666667,26.9166666666667,2025-07-16,2001-07-16,"MYLU"
"715","MYLU","SW",154037,2025-07-15 02:35:00,"MYLU","154037",2.58333333333333,26.5833333333333,2025-07-14,2001-07-14,"MYLU"
"716","NOID","SW",154037,2025-07-12 01:11:00,"NOID","154037",1.18333333333333,25.1833333333333,2025-07-11,2001-07-11,"Unidentified"
"717","MYLU","SW",154037,2025-07-15 02:53:00,"MYLU","154037",2.88333333333333,26.8833333333333,2025-07-14,2001-07-14,"MYLU"
"718","MYLU","SW",154037,2025-07-17 03:35:00,"MYLU","154037",3.58333333333333,27.5833333333333,2025-07-16,2001-07-16,"MYLU"
"719","MYLU","SW",154037,2025-07-09 01:03:00,"MYLU","154037",1.05,25.05,2025-07-08,2001-07-08,"MYLU"
"720","MYLU","SW",154037,2025-07-14 03:08:00,"MYLU","154037",3.13333333333333,27.1333333333333,2025-07-13,2001-07-13,"MYLU"
"721","MYLU","SW",154037,2025-07-09 03:47:00,"MYLU","154037",3.78333333333333,27.7833333333333,2025-07-08,2001-07-08,"MYLU"
"722","MYLU","SW",154037,2025-07-11 01:56:00,"MYLU","154037",1.93333333333333,25.9333333333333,2025-07-10,2001-07-10,"MYLU"
"723","MYLU","SW",154037,2025-07-14 03:16:00,"MYLU","154037",3.26666666666667,27.2666666666667,2025-07-13,2001-07-13,"MYLU"
"724","MYLU","SW",154037,2025-07-15 02:34:00,"MYLU","154037",2.56666666666667,26.5666666666667,2025-07-14,2001-07-14,"MYLU"
"725","MYLU","SW",154037,2025-07-17 02:06:00,"MYLU","154037",2.1,26.1,2025-07-16,2001-07-16,"MYLU"
"726","MYLU","SW",154037,2025-07-15 02:39:00,"MYLU","154037",2.65,26.65,2025-07-14,2001-07-14,"MYLU"
"727","MYLU","SW",154037,2025-07-11 01:57:00,"MYLU","154037",1.95,25.95,2025-07-10,2001-07-10,"MYLU"
"728","MYLU","SW",154037,2025-07-11 03:15:00,"MYLU","154037",3.25,27.25,2025-07-10,2001-07-10,"MYLU"
"729","NOID","SW",154037,2025-07-17 03:27:00,"NOID","154037",3.45,27.45,2025-07-16,2001-07-16,"Unidentified"
"730","MYLU","SW",154037,2025-07-17 02:06:00,"MYLU","154037",2.1,26.1,2025-07-16,2001-07-16,"MYLU"
"731","MYLU","SW",154037,2025-07-18 03:48:00,"MYLU","154037",3.8,27.8,2025-07-17,2001-07-17,"MYLU"
"732","MYLU","SW",154037,2025-07-18 02:23:00,"MYLU","154037",2.38333333333333,26.3833333333333,2025-07-17,2001-07-17,"MYLU"
"733","MYLU","NW2",203189,2025-07-12 00:24:00,"MYLU","203189",0.4,24.4,2025-07-11,2001-07-11,"MYLU"
"734","MYLU","NW2",203189,2025-07-12 00:25:00,"MYLU","203189",0.416666666666667,24.4166666666667,2025-07-11,2001-07-11,"MYLU"
"735","MYLU","NW2",203189,2025-07-12 00:25:00,"MYLU","203189",0.416666666666667,24.4166666666667,2025-07-11,2001-07-11,"MYLU"
"736","MYLU","NW2",203189,2025-07-12 00:25:00,"MYLU","203189",0.416666666666667,24.4166666666667,2025-07-11,2001-07-11,"MYLU"
"737","MYLU","NW2",203189,2025-07-12 00:26:00,"MYLU","203189",0.433333333333333,24.4333333333333,2025-07-11,2001-07-11,"MYLU"
"738","MYLU","NW2",203189,2025-07-12 00:26:00,"MYLU","203189",0.433333333333333,24.4333333333333,2025-07-11,2001-07-11,"MYLU"
"739","MYLU","NW2",203189,2025-07-12 00:26:00,"MYLU","203189",0.433333333333333,24.4333333333333,2025-07-11,2001-07-11,"MYLU"
"740","NOID","NW2",203189,2025-07-12 00:27:00,"NOID","203189",0.45,24.45,2025-07-11,2001-07-11,"Unidentified"
"741","MYLU","NW2",203189,2025-07-12 00:27:00,"MYLU","203189",0.45,24.45,2025-07-11,2001-07-11,"MYLU"
"742","NOID","NW2",203189,2025-07-12 00:27:00,"NOID","203189",0.45,24.45,2025-07-11,2001-07-11,"Unidentified"
"743","MYLU","NW2",203189,2025-07-12 00:28:00,"MYLU","203189",0.466666666666667,24.4666666666667,2025-07-11,2001-07-11,"MYLU"
"744","MYLU","NW2",203189,2025-07-12 00:29:00,"MYLU","203189",0.483333333333333,24.4833333333333,2025-07-11,2001-07-11,"MYLU"
"745","MYLU","NW2",203189,2025-07-12 00:29:00,"MYLU","203189",0.483333333333333,24.4833333333333,2025-07-11,2001-07-11,"MYLU"
"746","MYLU","NW2",203189,2025-07-12 00:30:00,"MYLU","203189",0.5,24.5,2025-07-11,2001-07-11,"MYLU"
"747","MYLU","NW2",203189,2025-07-12 00:30:00,"MYLU","203189",0.5,24.5,2025-07-11,2001-07-11,"MYLU"
"748","MYLU","NW2",203189,2025-07-12 00:31:00,"MYLU","203189",0.516666666666667,24.5166666666667,2025-07-11,2001-07-11,"MYLU"
"749","MYLU","NW2",203189,2025-07-12 00:31:00,"MYLU","203189",0.516666666666667,24.5166666666667,2025-07-11,2001-07-11,"MYLU"
"750","MYLU","NW2",203189,2025-07-12 00:31:00,"MYLU","203189",0.516666666666667,24.5166666666667,2025-07-11,2001-07-11,"MYLU"
"751","MYLU","NW2",203189,2025-07-12 00:32:00,"MYLU","203189",0.533333333333333,24.5333333333333,2025-07-11,2001-07-11,"MYLU"
"752","MYLU","NW2",203189,2025-07-12 00:32:00,"MYLU","203189",0.533333333333333,24.5333333333333,2025-07-11,2001-07-11,"MYLU"
"753","NOID","NW2",203189,2025-07-12 00:33:00,"NOID","203189",0.55,24.55,2025-07-11,2001-07-11,"Unidentified"
"754","MYLU","NW2",203189,2025-07-12 00:33:00,"MYLU","203189",0.55,24.55,2025-07-11,2001-07-11,"MYLU"
"755","MYLU","NW2",203189,2025-07-12 00:33:00,"MYLU","203189",0.55,24.55,2025-07-11,2001-07-11,"MYLU"
"756","MYLU","NW2",203189,2025-07-12 00:34:00,"MYLU","203189",0.566666666666667,24.5666666666667,2025-07-11,2001-07-11,"MYLU"
"757","MYLU","NW2",203189,2025-07-12 00:44:00,"MYLU","203189",0.733333333333333,24.7333333333333,2025-07-11,2001-07-11,"MYLU"
"758","MYLU","NW2",203189,2025-07-12 00:45:00,"MYLU","203189",0.75,24.75,2025-07-11,2001-07-11,"MYLU"
"759","MYLU","NW2",203189,2025-07-12 00:46:00,"MYLU","203189",0.766666666666667,24.7666666666667,2025-07-11,2001-07-11,"MYLU"
"760","MYLU","NW2",203189,2025-07-12 00:46:00,"MYLU","203189",0.766666666666667,24.7666666666667,2025-07-11,2001-07-11,"MYLU"
"761","MYLU","NW2",203189,2025-07-12 00:57:00,"MYLU","203189",0.95,24.95,2025-07-11,2001-07-11,"MYLU"
"762","MYLU","NW2",203189,2025-07-12 00:57:00,"MYLU","203189",0.95,24.95,2025-07-11,2001-07-11,"MYLU"
"763","MYLU","NW2",203189,2025-07-12 00:57:00,"MYLU","203189",0.95,24.95,2025-07-11,2001-07-11,"MYLU"
"764","MYLU","NW2",203189,2025-07-12 01:03:00,"MYLU","203189",1.05,25.05,2025-07-11,2001-07-11,"MYLU"
"765","MYLU","NW2",203189,2025-07-12 01:06:00,"MYLU","203189",1.1,25.1,2025-07-11,2001-07-11,"MYLU"
"766","NOID","NW2",203189,2025-07-12 01:12:00,"NOID","203189",1.2,25.2,2025-07-11,2001-07-11,"Unidentified"
"767","MYLU","NW2",203189,2025-07-12 01:18:00,"MYLU","203189",1.3,25.3,2025-07-11,2001-07-11,"MYLU"
"768","MYLU","NW2",203189,2025-07-12 01:28:00,"MYLU","203189",1.46666666666667,25.4666666666667,2025-07-11,2001-07-11,"MYLU"
"769","MYLU","NW2",203189,2025-07-12 01:30:00,"MYLU","203189",1.5,25.5,2025-07-11,2001-07-11,"MYLU"
"770","MYLU","NW2",203189,2025-07-12 01:42:00,"MYLU","203189",1.7,25.7,2025-07-11,2001-07-11,"MYLU"
"771","MYLU","NW2",203189,2025-07-12 01:42:00,"MYLU","203189",1.7,25.7,2025-07-11,2001-07-11,"MYLU"
"772","MYLU","NW2",203189,2025-07-12 01:54:00,"MYLU","203189",1.9,25.9,2025-07-11,2001-07-11,"MYLU"
"773","MYLU","NW2",203189,2025-07-12 02:10:00,"MYLU","203189",2.16666666666667,26.1666666666667,2025-07-11,2001-07-11,"MYLU"
"774","MYLU","NW2",203189,2025-07-12 02:19:00,"MYLU","203189",2.31666666666667,26.3166666666667,2025-07-11,2001-07-11,"MYLU"
"775","MYLU","NW2",203189,2025-07-12 02:26:00,"MYLU","203189",2.43333333333333,26.4333333333333,2025-07-11,2001-07-11,"MYLU"
"776","MYLU","NW2",203189,2025-07-12 02:46:00,"MYLU","203189",2.76666666666667,26.7666666666667,2025-07-11,2001-07-11,"MYLU"
"777","MYLU","NW2",203189,2025-07-12 02:48:00,"MYLU","203189",2.8,26.8,2025-07-11,2001-07-11,"MYLU"
"778","MYLU","NW2",203189,2025-07-12 02:58:00,"MYLU","203189",2.96666666666667,26.9666666666667,2025-07-11,2001-07-11,"MYLU"
"779","MYLU","NW2",203189,2025-07-12 02:59:00,"MYLU","203189",2.98333333333333,26.9833333333333,2025-07-11,2001-07-11,"MYLU"
"780","MYLU","NW2",203189,2025-07-12 03:06:00,"MYLU","203189",3.1,27.1,2025-07-11,2001-07-11,"MYLU"
"781","NOID","NW2",203189,2025-07-12 03:27:00,"NOID","203189",3.45,27.45,2025-07-11,2001-07-11,"Unidentified"
"782","MYLU","NW2",203189,2025-07-13 00:14:00,"MYLU","203189",0.233333333333333,24.2333333333333,2025-07-12,2001-07-12,"MYLU"
"783","MYLU","NW2",203189,2025-07-13 00:14:00,"MYLU","203189",0.233333333333333,24.2333333333333,2025-07-12,2001-07-12,"MYLU"
"784","MYLU","NW2",203189,2025-07-13 00:35:00,"MYLU","203189",0.583333333333333,24.5833333333333,2025-07-12,2001-07-12,"MYLU"
"785","MYLU","NW2",203189,2025-07-13 00:39:00,"MYLU","203189",0.65,24.65,2025-07-12,2001-07-12,"MYLU"
"786","MYLU","NW2",203189,2025-07-13 00:39:00,"MYLU","203189",0.65,24.65,2025-07-12,2001-07-12,"MYLU"
"787","MYLU","NW2",203189,2025-07-13 00:40:00,"MYLU","203189",0.666666666666667,24.6666666666667,2025-07-12,2001-07-12,"MYLU"
"788","MYLU","NW2",203189,2025-07-13 00:40:00,"MYLU","203189",0.666666666666667,24.6666666666667,2025-07-12,2001-07-12,"MYLU"
"789","MYLU","NW2",203189,2025-07-13 00:42:00,"MYLU","203189",0.7,24.7,2025-07-12,2001-07-12,"MYLU"
"790","MYLU","NW2",203189,2025-07-13 00:47:00,"MYLU","203189",0.783333333333333,24.7833333333333,2025-07-12,2001-07-12,"MYLU"
"791","MYLU","NW2",203189,2025-07-13 00:49:00,"MYLU","203189",0.816666666666667,24.8166666666667,2025-07-12,2001-07-12,"MYLU"
"792","NOID","NW2",203189,2025-07-13 00:52:00,"NOID","203189",0.866666666666667,24.8666666666667,2025-07-12,2001-07-12,"Unidentified"
"793","MYLU","NW2",203189,2025-07-13 00:52:00,"MYLU","203189",0.866666666666667,24.8666666666667,2025-07-12,2001-07-12,"MYLU"
"794","MYLU","NW2",203189,2025-07-13 00:55:00,"MYLU","203189",0.916666666666667,24.9166666666667,2025-07-12,2001-07-12,"MYLU"
"795","MYLU","NW2",203189,2025-07-13 00:55:00,"MYLU","203189",0.916666666666667,24.9166666666667,2025-07-12,2001-07-12,"MYLU"
"796","MYLU","NW2",203189,2025-07-13 01:06:00,"MYLU","203189",1.1,25.1,2025-07-12,2001-07-12,"MYLU"
"797","MYLU","NW2",203189,2025-07-13 01:07:00,"MYLU","203189",1.11666666666667,25.1166666666667,2025-07-12,2001-07-12,"MYLU"
"798","MYLU","NW2",203189,2025-07-13 01:07:00,"MYLU","203189",1.11666666666667,25.1166666666667,2025-07-12,2001-07-12,"MYLU"
"799","MYLU","NW2",203189,2025-07-13 01:07:00,"MYLU","203189",1.11666666666667,25.1166666666667,2025-07-12,2001-07-12,"MYLU"
"800","MYLU","NW2",203189,2025-07-13 01:08:00,"MYLU","203189",1.13333333333333,25.1333333333333,2025-07-12,2001-07-12,"MYLU"
"801","MYLU","NW2",203189,2025-07-13 01:08:00,"MYLU","203189",1.13333333333333,25.1333333333333,2025-07-12,2001-07-12,"MYLU"
"802","MYLU","NW2",203189,2025-07-13 02:17:00,"MYLU","203189",2.28333333333333,26.2833333333333,2025-07-12,2001-07-12,"MYLU"
"803","MYLU","NW2",203189,2025-07-13 02:21:00,"MYLU","203189",2.35,26.35,2025-07-12,2001-07-12,"MYLU"
"804","MYLU","NW2",203189,2025-07-13 02:37:00,"MYLU","203189",2.61666666666667,26.6166666666667,2025-07-12,2001-07-12,"MYLU"
"805","NOID","NW2",203189,2025-07-13 02:42:00,"NOID","203189",2.7,26.7,2025-07-12,2001-07-12,"Unidentified"
"806","NOID","NW2",203189,2025-07-13 02:43:00,"NOID","203189",2.71666666666667,26.7166666666667,2025-07-12,2001-07-12,"Unidentified"
"807","MYLU","NW2",203189,2025-07-13 03:25:00,"MYLU","203189",3.41666666666667,27.4166666666667,2025-07-12,2001-07-12,"MYLU"
"808","MYLU","NW2",203189,2025-07-13 03:25:00,"MYLU","203189",3.41666666666667,27.4166666666667,2025-07-12,2001-07-12,"MYLU"
"809","MYLU","NW2",203189,2025-07-13 03:42:00,"MYLU","203189",3.7,27.7,2025-07-12,2001-07-12,"MYLU"
"810","MYLU","NW2",203189,2025-07-14 00:21:00,"MYLU","203189",0.35,24.35,2025-07-13,2001-07-13,"MYLU"
"811","MYLU","NW2",203189,2025-07-14 00:25:00,"MYLU","203189",0.416666666666667,24.4166666666667,2025-07-13,2001-07-13,"MYLU"
"812","MYLU","NW2",203189,2025-07-14 00:25:00,"MYLU","203189",0.416666666666667,24.4166666666667,2025-07-13,2001-07-13,"MYLU"
"813","MYLU","NW2",203189,2025-07-14 01:01:00,"MYLU","203189",1.01666666666667,25.0166666666667,2025-07-13,2001-07-13,"MYLU"
"814","NOID","NW2",203189,2025-07-14 01:38:00,"NOID","203189",1.63333333333333,25.6333333333333,2025-07-13,2001-07-13,"Unidentified"
"815","MYLU","NW2",203189,2025-07-14 02:03:00,"MYLU","203189",2.05,26.05,2025-07-13,2001-07-13,"MYLU"
"816","MYLU","NW2",203189,2025-07-14 02:58:00,"MYLU","203189",2.96666666666667,26.9666666666667,2025-07-13,2001-07-13,"MYLU"
"817","MYLU","NW2",203189,2025-07-14 02:58:00,"MYLU","203189",2.96666666666667,26.9666666666667,2025-07-13,2001-07-13,"MYLU"
"818","MYLU","NW2",203189,2025-07-14 02:58:00,"MYLU","203189",2.96666666666667,26.9666666666667,2025-07-13,2001-07-13,"MYLU"
"819","NOID","NW2",203189,2025-07-14 02:59:00,"NOID","203189",2.98333333333333,26.9833333333333,2025-07-13,2001-07-13,"Unidentified"
"820","MYLU","NW2",203189,2025-07-14 02:59:00,"MYLU","203189",2.98333333333333,26.9833333333333,2025-07-13,2001-07-13,"MYLU"
"821","MYLU","NW2",203189,2025-07-14 03:00:00,"MYLU","203189",3,27,2025-07-13,2001-07-13,"MYLU"
"822","MYLU","NW2",203189,2025-07-14 03:21:00,"MYLU","203189",3.35,27.35,2025-07-13,2001-07-13,"MYLU"
"823","MYLU","NW2",203189,2025-07-15 00:14:00,"MYLU","203189",0.233333333333333,24.2333333333333,2025-07-14,2001-07-14,"MYLU"
"824","MYLU","NW2",203189,2025-07-15 00:14:00,"MYLU","203189",0.233333333333333,24.2333333333333,2025-07-14,2001-07-14,"MYLU"
"825","NOID","NW2",203189,2025-07-15 00:14:00,"NOID","203189",0.233333333333333,24.2333333333333,2025-07-14,2001-07-14,"Unidentified"
"826","MYLU","NW2",203189,2025-07-15 00:14:00,"MYLU","203189",0.233333333333333,24.2333333333333,2025-07-14,2001-07-14,"MYLU"
"827","NOID","NW2",203189,2025-07-15 00:15:00,"NOID","203189",0.25,24.25,2025-07-14,2001-07-14,"Unidentified"
"828","NOID","NW2",203189,2025-07-15 00:15:00,"NOID","203189",0.25,24.25,2025-07-14,2001-07-14,"Unidentified"
"829","MYLU","NW2",203189,2025-07-15 00:15:00,"MYLU","203189",0.25,24.25,2025-07-14,2001-07-14,"MYLU"
"830","NOID","NW2",203189,2025-07-15 00:16:00,"NOID","203189",0.266666666666667,24.2666666666667,2025-07-14,2001-07-14,"Unidentified"
"831","MYLU","NW2",203189,2025-07-15 00:16:00,"MYLU","203189",0.266666666666667,24.2666666666667,2025-07-14,2001-07-14,"MYLU"
"832","MYLU","NW2",203189,2025-07-15 00:16:00,"MYLU","203189",0.266666666666667,24.2666666666667,2025-07-14,2001-07-14,"MYLU"
"833","MYLU","NW2",203189,2025-07-15 00:47:00,"MYLU","203189",0.783333333333333,24.7833333333333,2025-07-14,2001-07-14,"MYLU"
"834","MYLU","NW2",203189,2025-07-15 00:54:00,"MYLU","203189",0.9,24.9,2025-07-14,2001-07-14,"MYLU"
"835","MYLU","NW2",203189,2025-07-15 02:14:00,"MYLU","203189",2.23333333333333,26.2333333333333,2025-07-14,2001-07-14,"MYLU"
"836","MYLU","NW2",203189,2025-07-15 02:41:00,"MYLU","203189",2.68333333333333,26.6833333333333,2025-07-14,2001-07-14,"MYLU"
"837","NOID","NW2",203189,2025-07-15 02:46:00,"NOID","203189",2.76666666666667,26.7666666666667,2025-07-14,2001-07-14,"Unidentified"
"838","MYLU","NW2",203189,2025-07-15 02:47:00,"MYLU","203189",2.78333333333333,26.7833333333333,2025-07-14,2001-07-14,"MYLU"
"839","MYLU","NW2",203189,2025-07-15 03:04:00,"MYLU","203189",3.06666666666667,27.0666666666667,2025-07-14,2001-07-14,"MYLU"
"840","MYLU","NW2",203189,2025-07-15 03:48:00,"MYLU","203189",3.8,27.8,2025-07-14,2001-07-14,"MYLU"
"841","MYLU","NW2",203189,2025-07-16 01:55:00,"MYLU","203189",1.91666666666667,25.9166666666667,2025-07-15,2001-07-15,"MYLU"
"842","MYLU","NW2",203189,2025-07-16 02:02:00,"MYLU","203189",2.03333333333333,26.0333333333333,2025-07-15,2001-07-15,"MYLU"
"843","MYLU","NW2",203189,2025-07-16 02:05:00,"MYLU","203189",2.08333333333333,26.0833333333333,2025-07-15,2001-07-15,"MYLU"
"844","NOID","NW2",203189,2025-07-16 02:20:00,"NOID","203189",2.33333333333333,26.3333333333333,2025-07-15,2001-07-15,"Unidentified"
"845","MYLU","NW2",203189,2025-07-16 02:23:00,"MYLU","203189",2.38333333333333,26.3833333333333,2025-07-15,2001-07-15,"MYLU"
"846","MYLU","NW2",203189,2025-07-16 02:29:00,"MYLU","203189",2.48333333333333,26.4833333333333,2025-07-15,2001-07-15,"MYLU"
"847","NOID","NW2",203189,2025-07-16 02:46:00,"NOID","203189",2.76666666666667,26.7666666666667,2025-07-15,2001-07-15,"Unidentified"
"848","MYLU","NW2",203189,2025-07-16 02:50:00,"MYLU","203189",2.83333333333333,26.8333333333333,2025-07-15,2001-07-15,"MYLU"
"849","MYLU","NW2",203189,2025-07-16 02:51:00,"MYLU","203189",2.85,26.85,2025-07-15,2001-07-15,"MYLU"
"850","MYLU","NW2",203189,2025-07-16 02:51:00,"MYLU","203189",2.85,26.85,2025-07-15,2001-07-15,"MYLU"
"851","NOID","NW2",203189,2025-07-16 02:52:00,"NOID","203189",2.86666666666667,26.8666666666667,2025-07-15,2001-07-15,"Unidentified"
"852","NOID","NW2",203189,2025-07-16 02:53:00,"NOID","203189",2.88333333333333,26.8833333333333,2025-07-15,2001-07-15,"Unidentified"
"853","MYLU","NW2",203189,2025-07-16 02:53:00,"MYLU","203189",2.88333333333333,26.8833333333333,2025-07-15,2001-07-15,"MYLU"
"854","NOID","NW2",203189,2025-07-16 02:57:00,"NOID","203189",2.95,26.95,2025-07-15,2001-07-15,"Unidentified"
"855","MYLU","NW2",203189,2025-07-16 03:37:00,"MYLU","203189",3.61666666666667,27.6166666666667,2025-07-15,2001-07-15,"MYLU"
"856","MYLU","NW2",203189,2025-07-17 00:33:00,"MYLU","203189",0.55,24.55,2025-07-16,2001-07-16,"MYLU"
"857","NOID","NW2",203189,2025-07-17 00:33:00,"NOID","203189",0.55,24.55,2025-07-16,2001-07-16,"Unidentified"
"858","MYLU","NW2",203189,2025-07-17 00:33:00,"MYLU","203189",0.55,24.55,2025-07-16,2001-07-16,"MYLU"
"859","MYLU","NW2",203189,2025-07-17 00:34:00,"MYLU","203189",0.566666666666667,24.5666666666667,2025-07-16,2001-07-16,"MYLU"
"860","MYLU","NW2",203189,2025-07-17 00:34:00,"MYLU","203189",0.566666666666667,24.5666666666667,2025-07-16,2001-07-16,"MYLU"
"861","MYLU","NW2",203189,2025-07-17 00:34:00,"MYLU","203189",0.566666666666667,24.5666666666667,2025-07-16,2001-07-16,"MYLU"
"862","MYLU","NW2",203189,2025-07-17 00:35:00,"MYLU","203189",0.583333333333333,24.5833333333333,2025-07-16,2001-07-16,"MYLU"
"863","MYLU","NW2",203189,2025-07-17 00:35:00,"MYLU","203189",0.583333333333333,24.5833333333333,2025-07-16,2001-07-16,"MYLU"
"864","MYLU","NW2",203189,2025-07-17 00:35:00,"MYLU","203189",0.583333333333333,24.5833333333333,2025-07-16,2001-07-16,"MYLU"
"865","MYLU","NW2",203189,2025-07-17 00:36:00,"MYLU","203189",0.6,24.6,2025-07-16,2001-07-16,"MYLU"
"866","MYLU","NW2",203189,2025-07-17 00:36:00,"MYLU","203189",0.6,24.6,2025-07-16,2001-07-16,"MYLU"
"867","MYLU","NW2",203189,2025-07-17 00:37:00,"MYLU","203189",0.616666666666667,24.6166666666667,2025-07-16,2001-07-16,"MYLU"
"868","MYLU","NW2",203189,2025-07-17 00:37:00,"MYLU","203189",0.616666666666667,24.6166666666667,2025-07-16,2001-07-16,"MYLU"
"869","MYLU","NW2",203189,2025-07-17 00:37:00,"MYLU","203189",0.616666666666667,24.6166666666667,2025-07-16,2001-07-16,"MYLU"
"870","MYLU","NW2",203189,2025-07-17 00:38:00,"MYLU","203189",0.633333333333333,24.6333333333333,2025-07-16,2001-07-16,"MYLU"
"871","MYLU","NW2",203189,2025-07-17 00:38:00,"MYLU","203189",0.633333333333333,24.6333333333333,2025-07-16,2001-07-16,"MYLU"
"872","MYLU","NW2",203189,2025-07-17 00:46:00,"MYLU","203189",0.766666666666667,24.7666666666667,2025-07-16,2001-07-16,"MYLU"
"873","MYLU","NW2",203189,2025-07-17 00:47:00,"MYLU","203189",0.783333333333333,24.7833333333333,2025-07-16,2001-07-16,"MYLU"
"874","MYLU","NW2",203189,2025-07-17 00:49:00,"MYLU","203189",0.816666666666667,24.8166666666667,2025-07-16,2001-07-16,"MYLU"
"875","MYLU","NW2",203189,2025-07-17 00:49:00,"MYLU","203189",0.816666666666667,24.8166666666667,2025-07-16,2001-07-16,"MYLU"
"876","MYLU","NW2",203189,2025-07-17 00:50:00,"MYLU","203189",0.833333333333333,24.8333333333333,2025-07-16,2001-07-16,"MYLU"
"877","NOID","NW2",203189,2025-07-17 00:50:00,"NOID","203189",0.833333333333333,24.8333333333333,2025-07-16,2001-07-16,"Unidentified"
"878","MYLU","NW2",203189,2025-07-17 00:53:00,"MYLU","203189",0.883333333333333,24.8833333333333,2025-07-16,2001-07-16,"MYLU"
"879","NOID","NW2",203189,2025-07-17 00:57:00,"NOID","203189",0.95,24.95,2025-07-16,2001-07-16,"Unidentified"
"880","MYLU","NW2",203189,2025-07-17 01:02:00,"MYLU","203189",1.03333333333333,25.0333333333333,2025-07-16,2001-07-16,"MYLU"
"881","MYLU","NW2",203189,2025-07-17 01:21:00,"MYLU","203189",1.35,25.35,2025-07-16,2001-07-16,"MYLU"
"882","MYLU","NW2",203189,2025-07-17 02:00:00,"MYLU","203189",2,26,2025-07-16,2001-07-16,"MYLU"
"883","MYLU","NW2",203189,2025-07-17 02:22:00,"MYLU","203189",2.36666666666667,26.3666666666667,2025-07-16,2001-07-16,"MYLU"
"884","MYLU","NW2",203189,2025-07-17 02:24:00,"MYLU","203189",2.4,26.4,2025-07-16,2001-07-16,"MYLU"
"885","MYLU","NW2",203189,2025-07-17 02:25:00,"MYLU","203189",2.41666666666667,26.4166666666667,2025-07-16,2001-07-16,"MYLU"
"886","MYLU","NW2",203189,2025-07-17 02:25:00,"MYLU","203189",2.41666666666667,26.4166666666667,2025-07-16,2001-07-16,"MYLU"
"887","MYLU","NW2",203189,2025-07-17 02:38:00,"MYLU","203189",2.63333333333333,26.6333333333333,2025-07-16,2001-07-16,"MYLU"
"888","MYLU","NW2",203189,2025-07-17 03:14:00,"MYLU","203189",3.23333333333333,27.2333333333333,2025-07-16,2001-07-16,"MYLU"
