GRTS Cell ID,Quadrant,Night,25K,30K,35K,40K,45K,50K,FeedingBuzz,LACI,LACILANO,LANO,MYCA,MYCAMYCI,MYCAMYLU,MYCAMYSE,MYCAMYVO,MYCAMYYU,MYEV,MYEVMYSE,MYEVMYSEMYVO,MYEVMYTH,MYEVMYVO,MYLU,MYLUMYEV,MYLUMYSE,MYLUMYVO,MYLUMYYU,MYVO,MYVOMYYU,MYYU,NoID,NotBat,Song,Threebat,Twobat,lyingsquirrel,nan,Year,Lat,Long,sset,srise,mrise,mset,GRTS_ID,Name,SiteName,Elevation,Habitat Type,Feature Sampled,Distance to Clutter (m),Percent Clutter,Water Nearby,WaterDist,WaterType,Region,nightlen,observationtime,mtime,mtime2h,Nightly Mean Temp,Nightly Min Temp,Nightly Max Temp,Nightly Mean RH,Nightly Min RH,Nightly Max RH,Nightly Precipitation,Nightly Mean Windsp,ddclim,WeatherSource
206,NE,2015-06-14,0,0,0,0,0,0,0,0,0,0,0,0,0,0,0,0,0,0,0,0,0,0,0,0,0,0,0,0,0,4,0,0,0,0,0,0,2015,56.05691,-133.21312,2015-06-14 21:40:49,2015-06-15 04:05:33,,,206,POW,srhfr1,104,forest-conifer,,0,90,1,2,creek,Alaska,0.267175926,0.308842593,9,9,NA,NA,NA,NA,NA,NA,NA,NA,0,Meteostat
206,NE1,2019-06-29,0,0,0,1,0,0,0,0,0,0,0,0,0,0,0,0,0,0,0,0,0,0,0,0,1,0,0,0,0,2,0,0,0,0,0,0,2019,56.02714,-133.22321,2019-06-29 21:42:50,2019-06-30 04:10:19,2019-06-30T02:49:59,,206,POW,srhms2,189,forested wetland,,5,20,0,70,pond,Alaska,0.269085648,0.310752315,0.055787037,0.129965278,12.54285714,12.2,12.8,98.85714286,96,100,0,0.817460317,172.0810593,Meteostat
206,NE1,2019-07-01,0,0,0,1,0,0,0,0,0,0,0,0,0,0,0,2,2,0,0,0,0,0,0,0,0,0,0,0,0,2,0,0,0,0,0,0,2019,56.02714,-133.22321,2019-07-01 21:41:59,2019-07-02 04:11:59,2019-07-02T04:11:29,,206,POW,srhms2,189,forested wetland,,5,20,0,70,pond,Alaska,0.270833333,0.3125,0.000347222,0.187152778,12.8,12.8,12.8,98.85714286,96,100,0,1.103174603,183.1810593,Meteostat
206,NE1,2019-07-02,0,0,0,2,0,0,0,0,0,0,0,0,0,0,0,0,5,0,0,0,0,0,0,0,0,0,0,0,0,5,0,0,0,0,0,0,2019,56.02714,-133.22321,2019-07-02 21:41:28,2019-07-03 04:12:53,,2019-07-02T21:51:04,206,POW,srhms2,189,forested wetland,,5,20,0,70,pond,Alaska,0.27181713,0.313483796,0.006666667,0,12.52857143,12.2,13.3,96.14285714,90,100,0,1.071428571,188.1810593,Meteostat
206,NE1,2024-06-18,0,,0,0,0,0,,0,0,0,0,,0,0,0,0,4,,,,0,2,0,0,0,0,0,0,0,1,,,,,,0,2024,56.02714,-133.22321,2024-06-18 21:43:01,2024-06-19 04:05:39,,2024-06-19T01:58:30,206,POW,srhms2,189,forested wetland,,5,20,0,70,pond,Alaska,0.265717593,0.307384259,0.177418981,0.094085648,10,9.4,10.6,88.14285714,86,90,0,0.642857143,86.25235297,Meteostat
206,NE1,2024-06-19,0,,0,0,0,0,,0,0,0,8,,0,0,0,0,6,,,,0,2,0,0,1,0,1,0,0,1,,,,,,0,2024,56.02714,-133.22321,2024-06-19 21:43:18,2024-06-20 04:05:48,,2024-06-20T02:17:45,206,POW,srhms2,189,forested wetland,,5,20,0,70,pond,Alaska,0.265625,0.307291667,0.190590278,0.107256944,10.58571429,10,11.1,85.57142857,83,86,0,0.301587302,88.83236183,Meteostat
206,NE1,2024-06-20,0,,0,1,0,0,,0,0,0,2,,0,0,0,0,19,,,,0,8,0,0,1,0,2,0,0,1,,,,,,0,2024,56.02714,-133.22321,2024-06-20 21:43:32,2024-06-21 04:06:02,,2024-06-21T02:51:15,206,POW,srhms2,189,forested wetland,,5,20,0,70,pond,Alaska,0.265625,0.307291667,0.21369213,0.130358796,10.24285714,10,11.1,86,83,89,0,0,91.11664038,Meteostat
206,NE1,2024-06-21,0,,0,0,0,0,,0,0,0,0,,0,0,0,0,1,,,,0,1,0,0,0,0,0,0,0,1,,,,,,0,2024,56.02714,-133.22321,2024-06-21 21:43:41,2024-06-22 04:06:19,2024-06-21T22:42:56,2024-06-22T03:47:40,206,POW,srhms2,189,forested wetland,,5,20,0,70,pond,Alaska,0.265717593,0.307384259,0.21162037,0,12.84285714,12.2,13.3,83.85714286,77,90,0.6,0.214285714,94.16664038,Meteostat
206,NE1,2024-06-22,0,,0,0,0,0,,0,0,0,16,,0,0,0,0,8,,,,0,11,0,0,2,0,2,0,0,3,,,,,,0,2024,56.02714,-133.22321,2024-06-22 21:43:47,2024-06-23 04:06:41,2024-06-22T23:27:31,,206,POW,srhms2,189,forested wetland,,5,20,0,70,pond,Alaska,0.265902778,0.307569444,0.193865741,0,11.2,10.6,11.7,88.14285714,86,92,0,1.46031746,97.51664038,Meteostat
206,NE1,2024-06-23,0,,0,0,0,0,,0,0,0,0,,0,0,0,0,31,,,,0,9,0,0,2,0,4,0,0,6,,,,,,0,2024,56.02714,-133.22321,2024-06-23 21:43:48,2024-06-24 04:07:06,2024-06-23T23:53:45,,206,POW,srhms2,189,forested wetland,,5,20,0,70,pond,Alaska,0.266180556,0.307847222,0.1759375,0.006909722,12.21428571,11.7,12.8,80,74,83,0,0.428571429,101.4166404,Meteostat
206,NE1,2024-06-24,0,,0,0,0,0,,0,0,1,0,,0,0,0,0,17,,,,0,2,0,0,0,0,1,0,0,2,,,,,,0,2024,56.02714,-133.22321,2024-06-24 21:43:46,2024-06-25 04:07:35,2024-06-25T00:09:25,,206,POW,srhms2,189,forested wetland,,5,20,0,70,pond,Alaska,0.266539352,0.308206019,0.165393519,0.0178125,12.31428571,10.6,13.9,83.85714286,77,89,0,0,105.0166404,Meteostat
206,NE1,2024-06-25,0,,0,0,0,0,,0,0,1,1,,0,0,0,0,7,,,,0,2,0,0,1,0,3,0,0,0,,,,,,0,2024,56.02714,-133.22321,2024-06-25 21:43:39,2024-06-26 04:08:08,2024-06-26T00:19:36,,206,POW,srhms2,189,forested wetland,,5,20,0,70,pond,Alaska,0.267002315,0.308668981,0.158703704,0.024965278,12.78571429,12.2,13.3,89.42857143,80,93,0.6,0,110.8166404,Meteostat
206,NE1,2024-06-26,0,,0,0,0,0,,0,0,0,0,,0,0,0,0,9,,,,0,4,0,0,0,0,1,0,0,2,,,,,,0,2024,56.02714,-133.22321,2024-06-26 21:43:29,2024-06-27 04:08:44,2024-06-27T00:27:00,,206,POW,srhms2,189,forested wetland,,5,20,0,70,pond,Alaska,0.267534722,0.309201389,0.153981481,0.030219907,12.28571429,11.7,13.3,89,84,90,0,1.015873016,116.1166404,Meteostat
206,NE1,2024-06-27,0,,0,0,0,0,,0,0,0,1,,0,0,0,0,4,,,,0,0,0,0,1,0,0,0,0,0,,,,,,0,2024,56.02714,-133.22321,2024-06-27 21:43:14,2024-06-28 04:09:24,2024-06-28T00:33:12,,206,POW,srhms2,189,forested wetland,,5,20,0,70,pond,Alaska,0.268171296,0.309837963,0.150138889,0.034699074,12.2,12.2,12.2,86.57142857,86,90,0,0.214285714,121.4166404,Meteostat
206,NE1-SM,2024-06-18,0,,0,0,0,0,,0,0,1,0,,0,0,0,0,0,,,,0,1,0,0,0,0,0,0,0,1,,,,,,0,2024,56.02714,-133.22321,2024-06-18 21:43:01,2024-06-19 04:05:39,,2024-06-19T01:58:30,206,POW,srhms2-SM,632,forested wetland,Muskeg Edge,4,25,1,1,pond,Alaska,0.265717593,0.307384259,0.177418981,0.094085648,10,9.4,10.6,88.14285714,86,90,0,0.642857143,86.25235297,Meteostat
206,NE1-SM,2024-06-19,0,,0,0,0,0,,0,0,0,0,,0,0,0,0,1,,,,0,5,0,0,0,0,0,0,0,3,,,,,,0,2024,56.02714,-133.22321,2024-06-19 21:43:18,2024-06-20 04:05:48,,2024-06-20T02:17:45,206,POW,srhms2-SM,632,forested wetland,Muskeg Edge,4,25,1,1,pond,Alaska,0.265625,0.307291667,0.190590278,0.107256944,10.58571429,10,11.1,85.57142857,83,86,0,0.301587302,88.83236183,Meteostat
206,NE1-SM,2024-06-20,0,,0,0,0,0,,0,0,1,0,,0,0,0,0,0,,,,0,5,0,0,0,0,0,0,0,4,,,,,,0,2024,56.02714,-133.22321,2024-06-20 21:43:32,2024-06-21 04:06:02,,2024-06-21T02:51:15,206,POW,srhms2-SM,632,forested wetland,Muskeg Edge,4,25,1,1,pond,Alaska,0.265625,0.307291667,0.21369213,0.130358796,10.24285714,10,11.1,86,83,89,0,0,91.11664038,Meteostat
206,NE1-SM,2024-06-21,0,,0,0,0,0,,0,0,0,0,,0,0,0,0,0,,,,0,11,0,0,1,0,10,0,0,21,,,,,,0,2024,56.02714,-133.22321,2024-06-21 21:43:41,2024-06-22 04:06:19,2024-06-21T22:42:56,2024-06-22T03:47:40,206,POW,srhms2-SM,632,forested wetland,Muskeg Edge,4,25,1,1,pond,Alaska,0.265717593,0.307384259,0.21162037,0,12.84285714,12.2,13.3,83.85714286,77,90,0.6,0.214285714,94.16664038,Meteostat
206,NE1-SM,2024-06-22,0,,0,0,0,0,,0,0,1,1,,0,0,0,0,0,,,,0,12,0,0,0,0,8,0,0,24,,,,,,0,2024,56.02714,-133.22321,2024-06-22 21:43:47,2024-06-23 04:06:41,2024-06-22T23:27:31,,206,POW,srhms2-SM,632,forested wetland,Muskeg Edge,4,25,1,1,pond,Alaska,0.265902778,0.307569444,0.193865741,0,11.2,10.6,11.7,88.14285714,86,92,0,1.46031746,97.51664038,Meteostat
206,NE1-SM,2024-06-23,0,,0,0,0,0,,0,0,1,1,,0,0,0,0,0,,,,0,14,0,0,0,0,1,0,0,14,,,,,,0,2024,56.02714,-133.22321,2024-06-23 21:43:48,2024-06-24 04:07:06,2024-06-23T23:53:45,,206,POW,srhms2-SM,632,forested wetland,Muskeg Edge,4,25,1,1,pond,Alaska,0.266180556,0.307847222,0.1759375,0.006909722,12.21428571,11.7,12.8,80,74,83,0,0.428571429,101.4166404,Meteostat
206,NE1-SM,2024-06-24,0,,0,0,0,0,,0,0,2,0,,0,0,0,0,0,,,,0,16,0,0,1,0,0,0,0,9,,,,,,0,2024,56.02714,-133.22321,2024-06-24 21:43:46,2024-06-25 04:07:35,2024-06-25T00:09:25,,206,POW,srhms2-SM,632,forested wetland,Muskeg Edge,4,25,1,1,pond,Alaska,0.266539352,0.308206019,0.165393519,0.0178125,12.31428571,10.6,13.9,83.85714286,77,89,0,0,105.0166404,Meteostat
206,NE1-SM,2024-06-25,0,,0,0,0,0,,0,0,1,0,,0,0,0,0,0,,,,0,18,0,0,0,0,0,0,0,8,,,,,,0,2024,56.02714,-133.22321,2024-06-25 21:43:39,2024-06-26 04:08:08,2024-06-26T00:19:36,,206,POW,srhms2-SM,632,forested wetland,Muskeg Edge,4,25,1,1,pond,Alaska,0.267002315,0.308668981,0.158703704,0.024965278,12.78571429,12.2,13.3,89.42857143,80,93,0.6,0,110.8166404,Meteostat
206,NE1-SM,2024-06-26,0,,0,0,0,0,,0,0,1,0,,0,0,0,0,1,,,,0,8,0,0,0,0,0,0,0,3,,,,,,0,2024,56.02714,-133.22321,2024-06-26 21:43:29,2024-06-27 04:08:44,2024-06-27T00:27:00,,206,POW,srhms2-SM,632,forested wetland,Muskeg Edge,4,25,1,1,pond,Alaska,0.267534722,0.309201389,0.153981481,0.030219907,12.28571429,11.7,13.3,89,84,90,0,1.015873016,116.1166404,Meteostat
206,NE1-SM,2024-06-27,0,,0,0,0,0,,0,0,0,0,,0,0,0,0,0,,,,0,3,0,0,0,0,0,0,0,1,,,,,,0,2024,56.02714,-133.22321,2024-06-27 21:43:14,2024-06-28 04:09:24,2024-06-28T00:33:12,,206,POW,srhms2-SM,632,forested wetland,Muskeg Edge,4,25,1,1,pond,Alaska,0.268171296,0.309837963,0.150138889,0.034699074,12.2,12.2,12.2,86.57142857,86,90,0,0.214285714,121.4166404,Meteostat
206,NE2,2019-06-28,0,0,0,428,0,0,0,0,0,0,12,0,0,0,0,9,0,0,0,0,0,108,0,0,90,0,0,0,1,424,0,0,0,0,0,0,2019,56.06019,-133.21573,2019-06-28 21:43:22,2019-06-29 04:09:18,2019-06-29T02:24:32,,206,POW,srhpd1,107,forest-conifer,Pond Edge,5,30,1,5,pond,Alaska,0.268009259,0.309675926,0.07275463,0.111921296,12.87142857,12.8,13.3,99.57142857,97,100,0,0.817460317,167.3810593,Meteostat
206,NE2,2019-06-29,0,0,0,214,0,0,0,0,0,0,8,0,0,0,0,13,0,0,0,0,0,166,0,0,150,0,0,0,0,737,0,0,0,0,0,0,2019,56.06019,-133.21573,2019-06-29 21:43:03,2019-06-30 04:10:02,2019-06-30T02:49:48,,206,POW,srhpd1,107,forest-conifer,Pond Edge,5,30,1,5,pond,Alaska,0.268738426,0.310405093,0.055717593,0.1296875,12.54285714,12.2,12.8,98.85714286,96,100,0,0.817460317,172.0810593,Meteostat
206,NE2,2019-06-30,0,0,0,304,1,0,0,0,0,0,13,0,0,0,0,10,7,0,0,0,0,174,0,0,193,0,0,0,1,1172,0,0,0,8,0,0,2019,56.06019,-133.21573,2019-06-30 21:42:40,2019-07-01 04:10:50,2019-07-01T03:24:03,,206,POW,srhpd1,107,forest-conifer,Pond Edge,5,30,1,5,pond,Alaska,0.269560185,0.311226852,0.032488426,0.153738426,13.64285714,13.3,13.9,93.57142857,89,97,0,0.373015873,177.3810593,Meteostat
206,NE2,2019-07-01,0,0,0,310,0,0,0,0,0,0,15,0,0,0,0,11,11,0,0,0,0,158,0,0,143,0,0,0,1,894,0,0,2,9,0,0,2019,56.06019,-133.21573,2019-07-01 21:42:12,2019-07-02 04:11:42,2019-07-02T04:11:14,,206,POW,srhpd1,107,forest-conifer,Pond Edge,5,30,1,5,pond,Alaska,0.270486111,0.312152778,0.000324074,0.186828704,12.8,12.8,12.8,98.85714286,96,100,0,1.103174603,183.1810593,Meteostat
206,NE2,2020-06-10,0,0,0,23,0,0,0,0,0,0,0,0,0,0,0,4,0,0,0,0,0,9,0,0,8,0,0,0,0,281,0,0,0,2,0,0,2020,56.06019,-133.21573,2020-06-10 21:38:31,2020-06-11 04:06:29,2020-06-11T01:27:21,,206,POW,srhpd1,107,forest-conifer,Pond Edge,5,30,1,5,pond,Alaska,0.269421296,0.311087963,0.110509259,0.075578704,11.12857143,10,12.2,82.42857143,72,93,0.3,0.428571429,64.14003454,Meteostat
206,NE2,2020-06-11,0,0,0,116,0,0,0,0,0,0,4,0,0,0,0,4,1,0,0,0,0,40,0,0,27,0,0,0,0,411,0,0,0,0,0,0,2020,56.06019,-133.21573,2020-06-11 21:39:19,2020-06-12 04:06:07,2020-06-12T01:42:37,,206,POW,srhpd1,107,forest-conifer,Pond Edge,5,30,1,5,pond,Alaska,0.268611111,0.310277778,0.099652778,0.085625,9.671428571,8.9,11.1,89.28571429,86,93,NA,0,66.44700269,Meteostat
206,NE2,2020-06-12,0,0,0,125,0,0,0,0,0,2,1,0,0,0,0,1,0,0,0,0,0,49,0,0,60,0,0,0,0,437,0,0,0,1,0,0,2020,56.06019,-133.21573,2020-06-12 21:40:04,2020-06-13 04:05:49,2020-06-13T01:55:07,,206,POW,srhpd1,107,forest-conifer,Pond Edge,5,30,1,5,pond,Alaska,0.267881944,0.309548611,0.090763889,0.093784722,9.914285714,9.4,10,89.42857143,88,93,NA,1.866666667,69.24700269,Meteostat
206,NE2,2020-06-13,0,0,0,272,0,0,0,0,0,3,5,0,0,0,0,0,8,0,0,0,0,111,0,0,148,0,1,0,0,815,0,0,0,8,0,0,2020,56.06019,-133.21573,2020-06-13 21:40:45,2020-06-14 04:05:34,2020-06-14T02:06:13,,206,POW,srhpd1,107,forest-conifer,Pond Edge,5,30,1,5,pond,Alaska,0.267233796,0.308900463,0.082881944,0.101018519,9.657142857,9.4,10,90.42857143,89,93,0.3,0.515873016,71.39905406,Meteostat
206,NE2,2020-06-14,0,0,0,128,0,0,0,0,0,6,1,0,0,0,0,1,2,0,0,0,0,38,0,0,47,0,0,0,0,517,0,0,0,8,0,0,2020,56.06019,-133.21573,2020-06-14 21:41:22,2020-06-15 04:05:24,2020-06-15T02:16:55,,206,POW,srhpd1,107,forest-conifer,Pond Edge,5,30,1,5,pond,Alaska,0.266689815,0.308356481,0.075335648,0.108020833,10.5,10,11.1,81.71428571,77,86,0,0.746031746,72.79905406,Meteostat
206,NE2,2020-06-15,0,0,0,81,0,0,0,0,0,3,2,0,0,0,0,2,1,0,0,0,0,38,0,0,31,0,0,0,0,490,0,0,0,2,0,0,2020,56.06019,-133.21573,2020-06-15 21:41:55,2020-06-16 04:05:17,2020-06-16T02:28:09,,206,POW,srhpd1,107,forest-conifer,Pond Edge,5,30,1,5,pond,Alaska,0.266226852,0.307893519,0.067453704,0.115439815,10.88571429,10.6,11.1,82.14285714,80,83,0,0.857142857,74.95110543,Meteostat
206,NE2,2020-06-16,0,0,0,447,0,0,0,0,0,24,5,0,0,0,0,0,0,0,0,0,0,159,0,0,320,0,0,0,0,715,0,0,0,11,0,0,2020,56.06019,-133.21573,2020-06-16 21:42:25,2020-06-17 04:05:15,2020-06-17T02:40:55,,206,POW,srhpd1,107,forest-conifer,Pond Edge,5,30,1,5,pond,Alaska,0.265856481,0.307523148,0.058564815,0.123958333,8.98,8.3,10.6,83.6,77,86,0,0,78.32228927,Meteostat
206,NE2,2020-06-17,0,0,0,231,0,0,0,0,0,1,2,0,0,0,0,1,0,0,0,0,0,126,0,0,174,0,0,0,0,837,0,0,0,0,0,0,2020,56.06019,-133.21573,2020-06-17 21:42:51,2020-06-18 04:05:17,2020-06-18T02:56:36,,206,POW,srhpd1,107,forest-conifer,Pond Edge,5,30,1,5,pond,Alaska,0.265578704,0.30724537,0.047696759,0.134548611,10.76666667,10.6,11.1,91.66666667,89,93,3.5,1.638888889,80.31160371,Meteostat
206,NE2,2022-07-08,0,0,0,0,0,0,0,0,0,0,0,0,0,0,0,0,0,0,0,0,0,0,0,0,0,0,0,0,0,18,0,0,0,0,0,0,2022,56.06019,-133.21573,2022-07-08 21:37:01,2022-07-09 04:19:32,,2022-07-09T00:54:46,206,POW,srhpd1,107,forest-conifer,Pond Edge,5,30,1,5,pond,Alaska,0.279525463,0.32119213,0.137326389,0.053993056,13.85714286,13.3,14.4,88.71428571,87,90,3.1,0.746031746,171.3242769,Meteostat
206,NE2,2022-07-09,0,0,0,0,0,0,0,0,0,0,0,0,0,0,0,0,0,0,0,0,0,0,0,0,0,0,0,0,0,2,0,0,0,0,0,0,2022,56.06019,-133.21573,2022-07-09 21:36:02,2022-07-10 04:20:49,,2022-07-10T01:10:50,206,POW,srhpd1,107,forest-conifer,Pond Edge,5,30,1,5,pond,Alaska,0.281099537,0.322766204,0.149166667,0.065833333,13.64285714,12.8,14.4,88.71428571,87,90,5.4,1.388888889,176.5742769,Meteostat
206,NE2,2022-07-10,0,0,0,0,0,0,0,0,0,0,0,0,0,0,0,0,0,0,0,0,0,0,0,0,0,0,0,0,0,17,0,0,0,0,0,0,2022,56.06019,-133.21573,2022-07-10 21:35:00,2022-07-11 04:22:08,,2022-07-11T01:36:29,206,POW,srhpd1,107,forest-conifer,Pond Edge,5,30,1,5,pond,Alaska,0.282731481,0.324398148,0.167696759,0.084363426,11.67142857,11.1,12.2,86.14285714,83,90,7.4,3.48015873,181.5742769,Meteostat
206,NE2,2022-07-11,0,0,0,0,0,0,0,0,0,0,0,0,0,0,0,0,0,0,0,0,0,0,0,0,0,0,0,0,0,13,0,0,0,0,0,0,2022,56.06019,-133.21573,2022-07-11 21:33:55,2022-07-12 04:23:30,,2022-07-12T02:19:46,206,POW,srhpd1,107,forest-conifer,Pond Edge,5,30,1,5,pond,Alaska,0.28443287,0.326099537,0.198506944,0.115173611,10.81428571,10.6,11.1,89,89,89,1.1,0.428571429,185.1742769,Meteostat
206,NE2,2022-07-12,0,0,0,0,0,0,0,0,0,0,0,0,0,0,0,0,0,0,0,0,0,0,0,0,0,0,0,0,0,1,0,0,0,0,0,0,2022,56.06019,-133.21573,2022-07-12 21:32:46,2022-07-13 04:24:53,2022-07-12T21:43:59,2022-07-13T03:28:46,206,POW,srhpd1,107,forest-conifer,Pond Edge,5,30,1,5,pond,Alaska,0.28619213,0.327858796,0.23943287,0,12.2,12.2,12.2,89.42857143,86,90,1.1,0,187.8742769,Meteostat
206,NE2,2022-07-13,0,0,0,0,0,0,0,0,0,0,0,0,0,0,0,0,0,0,0,0,0,0,0,0,0,0,0,0,0,2,0,0,0,0,0,0,2022,56.06019,-133.21573,2022-07-13 21:31:35,2022-07-14 04:26:20,2022-07-13T22:30:01,,206,POW,srhpd1,107,forest-conifer,Pond Edge,5,30,1,5,pond,Alaska,0.288020833,0.3296875,0.24744213,0,11.9,11.7,12.8,87.57142857,83,89,3.7,0.587301587,190.9742769,Meteostat
206,NE2,2022-07-14,0,0,0,0,0,0,0,0,0,0,0,0,0,0,0,0,0,0,0,0,0,0,0,0,0,0,0,0,0,35,0,0,0,0,0,0,2022,56.06019,-133.21573,2022-07-14 21:30:19,2022-07-15 04:27:48,2022-07-14T22:57:25,,206,POW,srhpd1,107,forest-conifer,Pond Edge,5,30,1,5,pond,Alaska,0.289918981,0.331585648,0.22943287,0,12.87142857,12.2,13.9,90.14285714,87,94,3.8,1.031746032,194.7742769,Meteostat
206,NE2,2022-07-15,0,0,0,0,0,0,0,0,0,0,0,0,0,0,0,0,0,0,0,0,0,0,0,0,0,0,0,0,0,34,0,0,0,0,0,0,2022,56.06019,-133.21573,2022-07-15 21:29:01,2022-07-16 04:29:19,2022-07-15T23:14:28,,206,POW,srhpd1,107,forest-conifer,Pond Edge,5,30,1,5,pond,Alaska,0.291875,0.333541667,0.218645833,0,11.95,11.7,12.2,91.5,90,93,0.3,0.263888889,198.9742769,Meteostat
206,NE2,2022-07-16,0,0,0,0,0,0,0,0,0,0,0,0,0,0,0,0,0,0,0,0,0,0,0,0,0,0,0,0,0,1,0,0,0,0,0,0,2022,56.06019,-133.21573,2022-07-16 21:27:40,2022-07-17 04:30:51,2022-07-16T23:26:09,,206,POW,srhpd1,107,forest-conifer,Pond Edge,5,30,1,5,pond,Alaska,0.293877315,0.335543981,0.211597222,0,11.91111111,11.1,13.9,86.66666667,77,90,0,0.166666667,202.6242769,Meteostat
206,NE2,2022-07-18,0,0,0,0,0,0,0,0,0,0,0,0,0,0,0,0,0,0,0,0,0,0,0,0,0,0,0,0,0,8,0,0,0,0,0,0,2022,56.06019,-133.21573,2022-07-18 21:24:49,2022-07-19 04:34:02,2022-07-18T23:42:52,,206,POW,srhpd1,107,forest-conifer,Pond Edge,5,30,1,5,pond,Alaska,0.29806713,0.339733796,0.202199074,0.012534722,11.92222222,11.7,12.2,87.66666667,86,89,2.3,0.901234568,209.8242769,Meteostat
206,NE2,2023-06-14,0,0,0,0,0,0,0,0,0,0,5,0,0,0,0,1,2,0,0,0,0,129,0,0,0,0,11,0,0,278,0,0,0,0,0,0,2023,56.06019,-133.21573,2023-06-14 21:40:58,2023-06-15 04:05:31,2023-06-15T02:26:22,,206,POW,srhpd1,107,forest-conifer,Pond Edge,5,30,1,5,pond,Alaska,0.267048611,0.308715278,0.068854167,0.114861111,6.271428571,5,8.3,83.28571429,76,89,0,0.515873016,106.2690964,Meteostat
206,NE2,2023-06-15,1,0,0,0,0,0,0,0,1,0,10,0,0,0,0,0,5,0,0,0,0,136,0,0,0,0,10,0,0,311,0,0,0,0,0,0,2023,56.06019,-133.21573,2023-06-15 21:41:34,2023-06-16 04:05:21,2023-06-16T02:42:07,,206,POW,srhpd1,107,forest-conifer,Pond Edge,5,30,1,5,pond,Alaska,0.266516204,0.30818287,0.057800926,0.125381944,11.12857143,10.6,12.2,88.42857143,86,90,1.6,3.908730159,108.5320282,Meteostat
206,NE2,2023-06-16,0,0,0,0,0,0,0,0,0,3,5,0,0,0,0,0,6,0,0,0,0,45,0,0,0,0,5,0,0,320,0,0,0,0,0,0,2023,56.06019,-133.21573,2023-06-16 21:42:06,2023-06-17 04:05:16,2023-06-17T03:06:28,,206,POW,srhpd1,107,forest-conifer,Pond Edge,5,30,1,5,pond,Alaska,0.266087963,0.30775463,0.040833333,0.141921296,8.471428571,8.3,8.9,87,80,90,1.9,2.166666667,109.06574,Meteostat
206,NE2,2023-06-17,0,0,0,0,0,0,0,0,0,5,1,0,0,0,0,0,1,0,0,0,0,54,0,0,0,0,2,0,0,323,0,0,0,0,0,0,2023,56.06019,-133.21573,2023-06-17 21:42:35,2023-06-18 04:05:15,2023-06-18T03:44:36,2023-06-17T22:19:27,206,POW,srhpd1,107,forest-conifer,Pond Edge,5,30,1,5,pond,Alaska,0.265740741,0.307407407,-0.225798611,0.16806713,6.271428571,5,8.3,90,86,93,0,0.301587302,109.4158809,Meteostat
206,NE2,2023-06-18,0,0,0,0,0,0,0,0,0,1,1,0,0,0,0,0,1,0,0,0,0,53,0,0,0,0,4,0,0,500,0,0,0,0,0,0,2023,56.06019,-133.21573,2023-06-18 21:42:59,2023-06-19 04:05:18,,2023-06-18T23:14:47,206,POW,srhpd1,107,forest-conifer,Pond Edge,5,30,1,5,pond,Alaska,0.265497685,0.307164352,0.06375,0,8.728571429,7.2,10.6,88.28571429,83,93,0,0.214285714,110.0673921,Meteostat
206,NE2,2023-06-19,0,0,0,0,0,0,0,0,0,9,14,0,0,0,0,0,3,0,0,0,0,61,0,0,0,0,4,0,0,218,0,0,0,0,0,0,2023,56.06019,-133.21573,2023-06-19 21:43:20,2023-06-20 04:05:25,,2023-06-19T23:51:35,206,POW,srhpd1,107,forest-conifer,Pond Edge,5,30,1,5,pond,Alaska,0.265335648,0.307002315,0.0890625,0.005729167,8.814285714,7.8,11.1,88.42857143,83,93,0,0,113.3423083,Meteostat
206,NE2,2023-06-20,1,0,0,0,0,0,0,0,0,5,2,0,0,0,0,0,0,0,0,0,0,95,0,0,0,0,4,0,0,230,0,0,0,0,0,0,2023,56.06019,-133.21573,2023-06-20 21:43:37,2023-06-21 04:05:35,,2023-06-21T00:14:42,206,POW,srhpd1,107,forest-conifer,Pond Edge,5,30,1,5,pond,Alaska,0.26525463,0.306921296,0.104918981,0.021585648,9.185714286,8.3,10,90,89,93,0,1.031746032,117.2257622,Meteostat
206,NE2,2023-06-21,0,0,0,0,0,0,0,0,0,1,6,0,0,0,0,0,7,0,0,0,0,153,0,0,0,0,14,0,0,401,0,0,0,0,0,0,2023,56.06019,-133.21573,2023-06-21 21:43:49,2023-06-22 04:05:50,,2023-06-22T00:29:30,206,POW,srhpd1,107,forest-conifer,Pond Edge,5,30,1,5,pond,Alaska,0.265289352,0.306956019,0.11505787,0.031724537,12.21428571,11.7,12.8,92.14285714,87,93,0,0.428571429,120.7127804,Meteostat
206,NE2,2024-06-18,0,,0,0,0,0,,0,0,36,13,,0,0,0,0,2,,,,0,951,0,0,13,0,44,0,0,129,,,,,,0,2024,56.06019,-133.21573,2024-06-18 21:43:15,2024-06-19 04:05:22,,2024-06-19T01:58:14,206,POW,srhpd1,107,forest-conifer,Pond Edge,5,30,1,5,pond,Alaska,0.265358796,0.307025463,0.177071759,0.093738426,10,9.4,10.6,88.14285714,86,90,0,0.642857143,86.25235297,Meteostat
206,NE2,2024-06-19,0,,0,1,0,0,,0,0,8,7,,0,0,0,0,3,,,,0,846,0,0,15,0,94,0,0,127,,,,,,0,2024,56.06019,-133.21573,2024-06-19 21:43:32,2024-06-20 04:05:31,,2024-06-20T02:17:25,206,POW,srhpd1,107,forest-conifer,Pond Edge,5,30,1,5,pond,Alaska,0.265266204,0.30693287,0.190196759,0.106863426,10.58571429,10,11.1,85.57142857,83,86,0,0.301587302,88.83236183,Meteostat
206,NE2,2024-06-20,0,,0,1,0,0,,0,0,38,14,,0,0,0,0,12,,,,0,721,0,0,16,0,25,0,0,102,,,,,,0,2024,56.06019,-133.21573,2024-06-20 21:43:45,2024-06-21 04:05:45,,2024-06-21T02:50:50,206,POW,srhpd1,107,forest-conifer,Pond Edge,5,30,1,5,pond,Alaska,0.265277778,0.306944444,0.213252315,0.129918981,10.24285714,10,11.1,86,83,89,0,0,91.11664038,Meteostat
206,NE2,2024-06-21,0,,0,1,0,0,,0,0,13,15,,0,0,0,0,1,,,,0,719,0,0,31,0,107,0,0,244,,,,,,0,2024,56.06019,-133.21573,2024-06-21 21:43:55,2024-06-22 04:06:02,2024-06-21T22:43:18,2024-06-22T03:47:14,206,POW,srhpd1,107,forest-conifer,Pond Edge,5,30,1,5,pond,Alaska,0.265358796,0.307025463,0.211064815,0,12.84285714,12.2,13.3,83.85714286,77,90,0.6,0.214285714,94.16664038,Meteostat
206,NE2,2024-06-22,0,,0,0,0,0,,0,0,9,7,,0,0,0,0,1,,,,0,884,0,0,8,0,33,0,0,181,,,,,,0,2024,56.06019,-133.21573,2024-06-22 21:44:00,2024-06-23 04:06:24,2024-06-22T23:27:50,,206,POW,srhpd1,107,forest-conifer,Pond Edge,5,30,1,5,pond,Alaska,0.265555556,0.307222222,0.193449074,0,11.2,10.6,11.7,88.14285714,86,92,0,1.46031746,97.51664038,Meteostat
206,NE2,2024-06-23,0,,0,0,0,0,,0,0,20,16,,0,0,0,0,0,,,,0,938,0,0,12,0,31,0,0,151,,,,,,0,2024,56.06019,-133.21573,2024-06-23 21:44:02,2024-06-24 04:06:49,2024-06-23T23:53:59,,206,POW,srhpd1,107,forest-conifer,Pond Edge,5,30,1,5,pond,Alaska,0.265821759,0.307488426,0.175578704,0.006909722,12.21428571,11.7,12.8,80,74,83,0,0.428571429,101.4166404,Meteostat
206,NE2,2024-06-24,0,,0,0,0,0,,0,0,34,8,,0,0,0,0,3,,,,0,1022,0,0,15,0,28,0,0,165,,,,,,0,2024,56.06019,-133.21573,2024-06-24 21:43:59,2024-06-25 04:07:18,2024-06-25T00:09:34,,206,POW,srhpd1,107,forest-conifer,Pond Edge,5,30,1,5,pond,Alaska,0.26619213,0.307858796,0.165092593,0.017766204,12.31428571,10.6,13.9,83.85714286,77,89,0,0,105.0166404,Meteostat
206,NE2,2024-06-25,0,,0,2,0,0,,0,0,7,39,,0,0,0,0,13,,,,0,795,0,0,29,0,29,0,0,156,,,,,,0,2024,56.06019,-133.21573,2024-06-25 21:43:53,2024-06-26 04:07:51,2024-06-26T00:19:41,,206,POW,srhpd1,107,forest-conifer,Pond Edge,5,30,1,5,pond,Alaska,0.266643519,0.308310185,0.158449074,0.024861111,12.78571429,12.2,13.3,89.42857143,80,93,0.6,0,110.8166404,Meteostat
206,NE2,2024-06-26,0,,0,0,0,0,,0,0,24,16,,0,0,0,0,1,,,,0,910,0,0,19,0,67,0,0,218,,,,,,0,2024,56.06019,-133.21573,2024-06-26 21:43:42,2024-06-27 04:08:27,2024-06-27T00:27:02,,206,POW,srhpd1,107,forest-conifer,Pond Edge,5,30,1,5,pond,Alaska,0.2671875,0.308854167,0.153761574,0.030092593,12.28571429,11.7,13.3,89,84,90,0,1.015873016,116.1166404,Meteostat
206,NE2,2024-06-27,0,,0,1,0,0,,0,0,9,8,,0,0,0,0,3,,,,0,883,0,0,22,0,64,0,0,216,,,,,,0,2024,56.06019,-133.21573,2024-06-27 21:43:27,2024-06-28 04:09:07,2024-06-28T00:33:11,,206,POW,srhpd1,107,forest-conifer,Pond Edge,5,30,1,5,pond,Alaska,0.267824074,0.309490741,0.149953704,0.034537037,12.2,12.2,12.2,86.57142857,86,90,0,0.214285714,121.4166404,Meteostat
206,NE3,2020-06-12,0,0,0,2,0,0,0,0,0,0,1,0,0,0,0,0,1,0,0,0,0,4,0,0,3,0,0,0,0,14,0,0,0,0,0,0,2020,56.02714,-133.22321,2020-06-12 21:39:51,2020-06-13 04:06:05,2020-06-13T01:55:06,,206,POW,srhms3,632,forested wetland,Muskeg Edge,4,25,1,1,pond,Alaska,0.268217593,0.309884259,0.090960648,0.093923611,9.914285714,9.4,10,89.42857143,88,93,NA,1.866666667,69.24700269,Meteostat
206,NE3,2020-06-13,0,0,0,5,0,0,0,0,0,12,1,0,0,0,0,2,3,0,0,0,0,2,0,0,1,0,0,0,0,37,0,0,0,2,0,0,2020,56.02714,-133.22321,2020-06-13 21:40:31,2020-06-14 04:05:51,2020-06-14T02:06:14,,206,POW,srhms3,632,forested wetland,Muskeg Edge,4,25,1,1,pond,Alaska,0.267592593,0.309259259,0.08306713,0.10119213,9.657142857,9.4,10,90.42857143,89,93,0.3,0.515873016,71.39905406,Meteostat
206,NE3,2020-06-14,0,0,0,0,0,0,0,0,0,0,0,0,0,0,0,0,0,0,0,0,0,1,0,0,0,0,0,0,0,2,0,0,0,0,0,0,2020,56.02714,-133.22321,2020-06-14 21:41:09,2020-06-15 04:05:41,2020-06-15T02:16:58,,206,POW,srhms3,632,forested wetland,Muskeg Edge,4,25,1,1,pond,Alaska,0.267037037,0.308703704,0.075497685,0.108206019,10.5,10,11.1,81.71428571,77,86,0,0.746031746,72.79905406,Meteostat
206,NE3,2020-06-15,0,0,0,1,0,0,0,0,0,0,0,0,0,0,0,0,2,0,0,0,0,1,0,0,2,0,0,0,0,18,0,0,0,0,0,0,2020,56.02714,-133.22321,2020-06-15 21:41:42,2020-06-16 04:05:34,2020-06-16T02:28:14,,206,POW,srhms3,632,forested wetland,Muskeg Edge,4,25,1,1,pond,Alaska,0.266574074,0.308240741,0.067592593,0.115648148,10.88571429,10.6,11.1,82.14285714,80,83,0,0.857142857,74.95110543,Meteostat
206,NE3,2020-06-16,0,0,0,5,0,0,0,0,0,1,0,0,0,0,0,0,0,0,0,0,0,2,0,0,5,0,0,0,0,31,0,0,0,0,0,0,2020,56.02714,-133.22321,2020-06-16 21:42:11,2020-06-17 04:05:32,2020-06-17T02:41:03,,206,POW,srhms3,632,forested wetland,Muskeg Edge,4,25,1,1,pond,Alaska,0.266215278,0.307881944,0.058668981,0.124212963,8.98,8.3,10.6,83.6,77,86,0,0,78.32228927,Meteostat
206,NE3,2020-06-17,0,0,0,5,0,0,0,0,0,2,2,0,0,0,0,0,0,0,0,0,0,2,0,0,2,0,0,0,0,15,0,0,0,0,0,0,2020,56.02714,-133.22321,2020-06-17 21:42:37,2020-06-18 04:05:34,2020-06-18T02:56:46,,206,POW,srhms3,632,forested wetland,Muskeg Edge,4,25,1,1,pond,Alaska,0.2659375,0.307604167,0.047777778,0.134826389,10.76666667,10.6,11.1,91.66666667,89,93,3.5,1.638888889,80.31160371,Meteostat
206,NE3,2022-07-09,0,0,0,0,0,0,0,0,0,0,0,0,0,0,0,0,14,0,0,0,0,0,0,0,0,0,0,0,0,6,0,0,0,0,0,0,2022,56.02714,-133.22321,2022-07-09 21:35:50,2022-07-10 04:21:05,,2022-07-10T01:11:04,206,POW,srhms3,632,forested wetland,Muskeg Edge,4,25,1,1,pond,Alaska,0.281423611,0.323090278,0.149467593,0.066134259,13.64285714,12.8,14.4,88.71428571,87,90,5.4,1.388888889,176.5742769,Meteostat
206,NE3,2022-07-10,0,0,0,0,0,0,0,0,0,0,0,0,0,0,0,0,0,0,0,0,0,0,0,0,0,0,1,0,0,1,0,0,0,0,0,0,2022,56.02714,-133.22321,2022-07-10 21:34:48,2022-07-11 04:22:23,,2022-07-11T01:36:48,206,POW,srhms3,632,forested wetland,Muskeg Edge,4,25,1,1,pond,Alaska,0.283043981,0.324710648,0.168055556,0.084722222,11.67142857,11.1,12.2,86.14285714,83,90,7.4,3.48015873,181.5742769,Meteostat
206,NE3,2022-07-11,0,0,0,0,0,0,0,0,0,0,0,0,0,0,0,0,0,0,0,0,0,0,0,0,0,0,0,0,0,2,0,0,0,0,0,0,2022,56.02714,-133.22321,2022-07-11 21:33:43,2022-07-12 04:23:45,,2022-07-12T02:20:08,206,POW,srhms3,632,forested wetland,Muskeg Edge,4,25,1,1,pond,Alaska,0.28474537,0.326412037,0.198900463,0.11556713,10.81428571,10.6,11.1,89,89,89,1.1,0.428571429,185.1742769,Meteostat
206,NE3,2022-07-12,0,0,0,0,0,0,0,0,0,0,0,0,0,0,0,0,5,0,0,0,0,0,0,0,0,0,2,0,0,5,0,0,0,0,0,0,2022,56.02714,-133.22321,2022-07-12 21:32:35,2022-07-13 04:25:09,2022-07-12T21:43:40,2022-07-13T03:29:08,206,POW,srhms3,632,forested wetland,Muskeg Edge,4,25,1,1,pond,Alaska,0.28650463,0.328171296,0.239907407,0,12.2,12.2,12.2,89.42857143,86,90,1.1,0,187.8742769,Meteostat
206,NE3,2022-07-13,0,0,0,0,0,0,0,0,0,0,0,0,0,0,0,0,4,0,0,0,0,0,0,0,0,0,0,0,0,10,0,0,0,0,0,0,2022,56.02714,-133.22321,2022-07-13 21:31:23,2022-07-14 04:26:35,2022-07-13T22:29:46,,206,POW,srhms3,632,forested wetland,Muskeg Edge,4,25,1,1,pond,Alaska,0.288333333,0.33,0.247789352,0,11.9,11.7,12.8,87.57142857,83,89,3.7,0.587301587,190.9742769,Meteostat
206,NE3,2022-07-14,0,0,0,0,0,0,0,0,0,0,0,0,0,0,0,0,0,0,0,0,0,0,0,0,0,0,1,0,0,2,0,0,0,0,0,0,2022,56.02714,-133.22321,2022-07-14 21:30:08,2022-07-15 04:28:03,2022-07-14T22:57:15,,206,POW,srhms3,632,forested wetland,Muskeg Edge,4,25,1,1,pond,Alaska,0.290219907,0.331886574,0.229722222,0,12.87142857,12.2,13.9,90.14285714,87,94,3.8,1.031746032,194.7742769,Meteostat
206,NE3,2022-07-15,0,0,0,0,0,0,0,0,0,0,0,0,0,0,0,0,0,0,0,0,0,0,0,0,0,0,0,0,0,1,0,0,0,0,0,0,2022,56.02714,-133.22321,2022-07-15 21:28:50,2022-07-16 04:29:33,2022-07-15T23:14:22,,206,POW,srhms3,632,forested wetland,Muskeg Edge,4,25,1,1,pond,Alaska,0.292164352,0.333831019,0.218877315,0,11.95,11.7,12.2,91.5,90,93,0.3,0.263888889,198.9742769,Meteostat
206,NE3,2022-07-16,0,0,0,0,0,0,0,0,0,0,0,0,0,0,0,0,1,0,0,0,0,0,0,0,0,0,0,0,0,4,0,0,0,0,0,0,2022,56.02714,-133.22321,2022-07-16 21:27:29,2022-07-17 04:31:06,2022-07-16T23:26:05,,206,POW,srhms3,632,forested wetland,Muskeg Edge,4,25,1,1,pond,Alaska,0.294178241,0.335844907,0.21181713,0,11.91111111,11.1,13.9,86.66666667,77,90,0,0.166666667,202.6242769,Meteostat
206,NE3,2022-07-17,0,0,0,0,0,0,0,0,0,0,0,0,0,0,0,0,2,0,0,0,0,0,0,0,0,0,1,0,0,1,0,0,0,0,0,0,2022,56.02714,-133.22321,2022-07-17 21:26:05,2022-07-18 04:32:40,2022-07-17T23:35:06,,206,POW,srhms3,632,forested wetland,Muskeg Edge,4,25,1,1,pond,Alaska,0.296238426,0.337905093,0.206643519,0.006261574,13.44444444,12.8,13.9,83.66666667,81,87,1.3,3.666666667,207.3242769,Meteostat
206,NE3,2022-07-18,0,0,0,0,0,0,0,0,0,0,0,0,0,0,0,0,0,0,0,0,0,0,0,0,0,0,0,0,0,3,0,0,0,0,0,0,2022,56.02714,-133.22321,2022-07-18 21:24:38,2022-07-19 04:34:16,2022-07-18T23:42:54,,206,POW,srhms3,632,forested wetland,Muskeg Edge,4,25,1,1,pond,Alaska,0.298356481,0.340023148,0.202337963,0.012685185,11.92222222,11.7,12.2,87.66666667,86,89,2.3,0.901234568,209.8242769,Meteostat
206,NE3,2023-06-14,0,0,0,0,0,0,0,0,0,0,0,0,0,0,0,0,2,0,0,0,0,1,0,0,0,0,0,0,0,1,0,0,0,0,0,0,2023,56.02714,-133.22321,2023-06-14 21:40:44,2023-06-15 04:05:48,2023-06-15T02:26:35,,206,POW,srhms3,632,forested wetland,Muskeg Edge,4,25,1,1,pond,Alaska,0.267407407,0.309074074,0.068900463,0.115173611,6.271428571,5,8.3,83.28571429,76,89,0,0.515873016,106.2690964,Meteostat
206,NW,2015-06-13,0,0,0,19,1,0,0,0,0,3,122,0,0,0,0,95,107,0,0,0,0,23,0,0,26,0,1,0,1,132,0,0,0,17,0,0,2015,56.0204,-133.24865,2015-06-13 21:40:01,2015-06-14 04:06:12,2015-06-14T03:26:06,,206,POW,srhrp1,16,forest-conifer,Stream,2,50,1,20,creek,Alaska,0.26818287,0.309849537,0.027847222,0.157002315,NA,NA,NA,NA,NA,NA,NA,NA,0,Meteostat
206,NW,2015-06-14,0,0,0,26,1,0,0,0,0,0,95,0,0,0,0,56,30,0,0,0,0,29,0,0,41,0,0,0,2,120,0,0,1,4,0,0,2015,56.0204,-133.24865,2015-06-14 21:40:41,2015-06-15 04:05:58,,,206,POW,srhrp1,16,forest-conifer,Stream,2,50,1,20,creek,Alaska,0.26755787,0.309224537,9,9,NA,NA,NA,NA,NA,NA,NA,NA,0,Meteostat
206,NW,2015-06-15,0,0,0,50,0,0,0,0,0,0,96,0,0,0,0,89,24,0,0,0,0,62,0,0,54,0,3,0,5,160,0,0,0,12,0,0,2015,56.0204,-133.24865,2015-06-15 21:41:17,2015-06-16 04:05:49,,,206,POW,srhrp1,16,forest-conifer,Stream,2,50,1,20,creek,Alaska,0.267037037,0.308703704,9,9,NA,NA,NA,NA,NA,NA,NA,NA,0,Meteostat
206,NW,2015-06-16,0,0,0,36,0,0,0,0,0,3,123,0,0,0,0,100,27,0,0,0,0,17,0,0,33,0,0,0,2,134,0,0,0,8,0,0,2015,56.0204,-133.24865,2015-06-16 21:41:50,2015-06-17 04:05:43,,,206,POW,srhrp1,16,forest-conifer,Stream,2,50,1,20,creek,Alaska,0.266585648,0.308252315,9,9,NA,NA,NA,NA,NA,NA,NA,NA,0,Meteostat
206,NW,2017-05-27,0,0,0,2,0,0,0,0,0,0,2,0,0,0,0,5,0,0,0,0,0,0,0,0,3,0,0,0,0,7,0,0,0,0,0,0,2017,56.0204,-133.24865,2017-05-27 21:21:10,2017-05-28 04:18:57,,2017-05-27T23:25:28,206,POW,srhrp1,16,forest-conifer,Stream,2,50,1,20,creek,Alaska,0.290127315,0.331793981,0.086319444,0.002986111,7.7125,5.6,10.6,79.75,71,89,0,0.1875,44.20866735,Meteostat
206,NW,2017-05-28,0,0,0,5,0,0,0,0,0,0,8,0,0,0,0,10,1,0,0,0,0,1,0,0,2,0,0,0,0,15,0,0,0,0,0,0,2017,56.0204,-133.24865,2017-05-28 21:22:40,2017-05-29 04:17:43,,2017-05-29T00:16:42,206,POW,srhrp1,16,forest-conifer,Stream,2,50,1,20,creek,Alaska,0.288229167,0.329895833,0.120856481,0.037523148,9.275,8.3,11.1,81.5,74,86,0,1.027777778,46.95678376,Meteostat
206,NW,2017-05-29,0,0,0,8,0,0,0,0,0,1,3,0,0,0,0,9,4,0,0,0,0,6,0,0,9,0,0,0,0,12,0,0,0,1,0,0,2017,56.0204,-133.24865,2017-05-29 21:24:08,2017-05-30 04:16:33,,2017-05-30T00:56:16,206,POW,srhrp1,16,forest-conifer,Stream,2,50,1,20,creek,Alaska,0.286400463,0.32806713,0.147314815,0.063981481,8.6125,7.8,10,84.5,80,89,0,1.118055556,52.36309377,Meteostat
206,NW,2017-05-30,0,0,0,2,0,0,0,0,0,0,2,0,0,0,0,13,2,0,0,0,0,1,0,0,0,0,0,0,0,12,0,0,0,0,0,0,2017,56.0204,-133.24865,2017-05-30 21:25:34,2017-05-31 04:15:26,,2017-05-31T01:27:10,206,POW,srhrp1,16,forest-conifer,Stream,2,50,1,20,creek,Alaska,0.28462963,0.326296296,0.167777778,0.084444444,10.34285714,10,10.6,90.28571429,86,93,7.1,0.515873016,53.87406774,Meteostat
206,NW,2017-05-31,0,0,0,4,0,0,0,0,0,0,3,0,0,0,0,4,0,0,0,0,0,0,0,0,0,0,0,0,0,6,0,0,0,0,0,0,2017,56.0204,-133.24865,2017-05-31 21:26:57,2017-06-01 04:14:22,,2017-06-01T01:52:11,206,POW,srhrp1,16,forest-conifer,Stream,2,50,1,20,creek,Alaska,0.282928241,0.324594907,0.184189815,0.100856481,12.225,11.1,13.9,77.625,72,83,0,0.375,56.83724354,Meteostat
206,NW,2017-06-01,0,0,0,9,0,0,0,0,0,0,0,0,0,0,0,2,1,0,0,0,0,4,0,0,2,0,0,0,0,14,0,0,0,0,0,0,2017,56.0204,-133.24865,2017-06-01 21:28:17,2017-06-02 04:13:22,,2017-06-02T02:13:34,206,POW,srhrp1,16,forest-conifer,Stream,2,50,1,20,creek,Alaska,0.28130787,0.322974537,0.198113426,0.114780093,10.7875,10.6,11.1,81.125,77,86,0,1.215277778,59.63724354,Meteostat
206,NW,2017-06-02,0,0,0,1,0,0,0,0,0,0,1,0,0,0,0,4,1,0,0,0,0,0,0,0,0,0,0,0,0,8,0,0,0,0,0,0,2017,56.0204,-133.24865,2017-06-02 21:29:34,2017-06-03 04:12:25,,2017-06-03T02:32:56,206,POW,srhrp1,16,forest-conifer,Stream,2,50,1,20,creek,Alaska,0.279756944,0.321423611,0.210671296,0.127337963,7.175,6.7,7.8,89.25,86,93,8.4,0.451388889,62.43724354,Meteostat
206,NW,2017-06-03,0,0,0,1,0,0,0,0,0,0,0,0,0,0,0,1,0,0,0,0,0,1,0,0,0,0,0,0,0,6,0,0,0,0,0,0,2017,56.0204,-133.24865,2017-06-03 21:30:49,2017-06-04 04:11:32,,2017-06-04T02:51:37,206,POW,srhrp1,16,forest-conifer,Stream,2,50,1,20,creek,Alaska,0.278275463,0.31994213,0.222777778,0.139444444,7.871428571,7.8,8.3,89.14285714,89,90,5.5,0,63.60516184,Meteostat
206,NW,2017-06-04,0,0,0,10,0,0,0,0,0,0,1,0,0,0,0,9,3,0,0,0,0,0,0,0,3,0,0,0,0,13,0,0,0,0,0,0,2017,56.0204,-133.24865,2017-06-04 21:32:01,2017-06-05 04:10:42,,2017-06-05T03:10:42,206,POW,srhrp1,16,forest-conifer,Stream,2,50,1,20,creek,Alaska,0.276863426,0.318530093,0.235196759,0.151863426,8.471428571,8.3,8.9,90.57142857,89,93,4.1,0.75,64.65558447,Meteostat
206,NW,2017-06-05,0,0,0,1,0,0,0,0,0,0,0,0,0,0,0,0,0,0,0,0,0,0,0,0,0,0,0,0,0,4,0,0,0,0,0,0,2017,56.0204,-133.24865,2017-06-05 21:33:09,2017-06-06 04:09:56,,2017-06-06T03:31:19,206,POW,srhrp1,16,forest-conifer,Stream,2,50,1,20,creek,Alaska,0.275543981,0.317210648,0.248726852,0.165393519,10.4,10,11.1,79.14285714,74,83,0,1.261904762,65.15639688,Meteostat
206,NW,2017-06-06,0,0,0,2,0,0,0,0,0,0,2,0,0,0,0,9,0,0,0,0,0,3,0,0,0,0,0,0,0,5,0,0,0,0,0,0,2017,56.0204,-133.24865,2017-06-06 21:34:15,2017-06-07 04:09:13,,2017-06-07T03:54:39,206,POW,srhrp1,16,forest-conifer,Stream,2,50,1,20,creek,Alaska,0.274282407,0.315949074,0.264166667,0.180833333,11.92857143,11.7,13.3,79.42857143,67,83,0.3,0.642857143,65.69752369,Meteostat
206,NW,2017-06-07,0,0,0,1,0,0,0,0,0,1,1,0,0,0,0,3,5,0,0,0,0,0,0,0,1,0,0,0,0,5,0,0,0,0,0,0,2017,56.0204,-133.24865,2017-06-07 21:35:17,2017-06-08 04:08:34,,,206,POW,srhrp1,16,forest-conifer,Stream,2,50,1,20,creek,Alaska,0.273113426,0.314780093,9,9,13.04285714,12.2,13.9,77,69,86,0.3,2.842592593,69.84752369,Meteostat
206,NW,2017-06-08,0,0,0,2,0,0,0,0,0,0,2,0,0,0,0,0,2,0,0,0,0,2,0,0,1,0,0,0,0,10,0,0,0,0,0,0,2017,56.0204,-133.24865,2017-06-08 21:36:17,2017-06-09 04:08:00,,,206,POW,srhrp1,16,forest-conifer,Stream,2,50,1,20,creek,Alaska,0.272025463,0.31369213,9,9,8.814285714,8.3,8.9,91.85714286,89,93,4.4,1.619047619,74.84752369,Meteostat
206,NW,2017-06-09,0,0,0,0,0,0,0,0,0,0,0,0,0,0,0,0,1,0,0,0,0,0,0,0,0,0,0,0,0,0,0,0,0,0,0,0,2017,56.0204,-133.24865,2017-06-09 21:37:12,2017-06-10 04:07:28,,,206,POW,srhrp1,16,forest-conifer,Stream,2,50,1,20,creek,Alaska,0.271018519,0.312685185,9,9,7.6,6.1,9.4,89,83,93,0,0,76.7107795,Meteostat
206,NW,2017-06-10,0,0,0,1,0,0,0,0,0,0,0,0,0,0,0,1,2,0,0,0,0,0,0,0,0,0,0,0,0,6,0,0,0,0,0,0,2017,56.0204,-133.24865,2017-06-10 21:38:05,2017-06-11 04:07:01,2017-06-10T22:20:11,,206,POW,srhrp1,16,forest-conifer,Stream,2,50,1,20,creek,Alaska,0.270092593,0.311759259,0.240856481,0,9.114285714,8.9,9.4,78.14285714,73,80,0,1.920634921,77.25190631,Meteostat
206,NW,2017-06-11,0,0,0,2,0,0,0,0,0,0,0,0,0,0,0,4,1,0,0,0,0,0,0,0,4,0,0,0,0,7,0,0,0,0,0,0,2017,56.0204,-133.24865,2017-06-11 21:38:54,2017-06-12 04:06:38,2017-06-11T23:03:58,,206,POW,srhrp1,16,forest-conifer,Stream,2,50,1,20,creek,Alaska,0.269259259,0.310925926,0.210185185,0,8.557142857,8.3,8.9,91,89,93,2.1,0.73015873,78.70028997,Meteostat
206,NW,2017-06-12,0,0,0,2,0,0,0,0,0,1,3,0,0,0,0,12,1,0,0,0,0,1,0,0,0,0,0,0,0,6,0,0,0,0,0,0,2017,56.0204,-133.24865,2017-06-12 21:39:39,2017-06-13 04:06:18,2017-06-12T23:40:45,,206,POW,srhrp1,16,forest-conifer,Stream,2,50,1,20,creek,Alaska,0.268506944,0.310173611,0.184409722,0.000763889,8.742857143,8,9.4,78.71428571,73,87,0,2.175925926,81.14273816,Meteostat
206,NW,2017-06-13,0,0,0,4,0,0,0,0,0,0,3,0,0,0,0,2,3,0,0,0,0,1,0,0,3,0,0,0,0,7,0,0,0,0,0,0,2017,56.0204,-133.24865,2017-06-13 21:40:21,2017-06-14 04:06:03,2017-06-14T00:11:32,,206,POW,srhrp1,16,forest-conifer,Stream,2,50,1,20,creek,Alaska,0.267847222,0.309513889,0.162858796,0.021655093,8.242857143,7.8,8.9,88,83,90,0,0.73015873,81.89355058,Meteostat
206,NW,2017-06-14,0,0,0,2,0,0,0,0,0,0,2,0,0,0,0,6,2,0,0,0,0,0,0,0,0,0,0,0,0,6,0,0,0,0,0,0,2017,56.0204,-133.24865,2017-06-14 21:40:59,2017-06-15 04:05:51,2017-06-15T00:37:43,,206,POW,srhrp1,16,forest-conifer,Stream,2,50,1,20,creek,Alaska,0.267268519,0.308935185,0.144537037,0.039398148,6.5,6.1,7.2,88.14285714,85,90,1.6,3.238095238,82.61275936,Meteostat
206,NW,2017-06-15,0,0,0,0,0,0,0,0,0,0,1,0,0,0,0,0,0,0,0,0,0,0,0,0,0,0,0,0,0,1,0,0,0,0,0,0,2017,56.0204,-133.24865,2017-06-15 21:41:33,2017-06-16 04:05:44,2017-06-16T01:00:45,,206,POW,srhrp1,16,forest-conifer,Stream,2,50,1,20,creek,Alaska,0.266793981,0.308460648,0.128460648,0.055,8.714285714,8.3,9.4,90.14285714,86,93,1.6,2.222222222,83.61265613,Meteostat
206,NW,2019-06-28,0,0,0,4,0,0,0,0,0,0,19,0,0,0,0,16,6,0,0,0,0,0,0,0,11,0,0,0,0,22,0,0,0,1,0,0,2019,56.0204,-133.24865,2019-06-28 21:43:12,2019-06-29 04:09:44,2019-06-29T02:24:49,,206,POW,srhrp1,16,forest-conifer,Stream,2,50,1,20,creek,Alaska,0.268425926,0.310092593,0.072858796,0.112233796,12.87142857,12.8,13.3,99.57142857,97,100,0,0.817460317,167.3810593,Meteostat
206,NW,2019-06-29,0,0,0,14,0,0,0,0,0,0,12,0,0,0,0,15,21,0,0,0,0,4,0,0,19,0,0,0,0,61,0,0,0,2,0,0,2019,56.0204,-133.24865,2019-06-29 21:42:53,2019-06-30 04:10:28,2019-06-30T02:50:08,,206,POW,srhrp1,16,forest-conifer,Stream,2,50,1,20,creek,Alaska,0.269155093,0.310821759,0.055787037,0.130034722,12.54285714,12.2,12.8,98.85714286,96,100,0,0.817460317,172.0810593,Meteostat
206,NW,2019-06-30,0,0,0,1,0,0,0,0,0,0,8,0,0,0,0,23,28,0,0,0,0,1,0,0,6,0,0,0,0,37,0,0,0,0,0,0,2019,56.0204,-133.24865,2019-06-30 21:42:30,2019-07-01 04:11:16,2019-07-01T03:24:26,,206,POW,srhrp1,16,forest-conifer,Stream,2,50,1,20,creek,Alaska,0.269976852,0.311643519,0.032523148,0.15412037,13.64285714,13.3,13.9,93.57142857,89,97,0,0.373015873,177.3810593,Meteostat
206,NW,2019-07-01,0,0,0,1,0,0,0,0,0,0,8,0,0,0,0,10,13,0,0,0,0,0,0,0,2,0,0,0,0,31,0,0,0,0,0,0,2019,56.0204,-133.24865,2019-07-01 21:42:02,2019-07-02 04:12:08,2019-07-02T04:11:39,,206,POW,srhrp1,16,forest-conifer,Stream,2,50,1,20,creek,Alaska,0.270902778,0.312569444,0.000335648,0.187233796,12.8,12.8,12.8,98.85714286,96,100,0,1.103174603,183.1810593,Meteostat
206,NW,2019-07-02,0,0,0,0,0,0,0,0,0,0,0,0,0,0,0,0,0,0,0,0,0,0,0,0,0,0,0,0,0,2,0,0,0,0,0,0,2019,56.0204,-133.24865,2019-07-02 21:41:31,2019-07-03 04:13:02,,2019-07-02T21:51:07,206,POW,srhrp1,16,forest-conifer,Stream,2,50,1,20,creek,Alaska,0.271886574,0.313553241,0.006666667,0,12.52857143,12.2,13.3,96.14285714,90,100,0,1.071428571,188.1810593,Meteostat
206,NW,2020-06-11,0,0,0,12,0,0,0,0,0,14,3,0,0,0,0,24,11,0,0,0,0,4,0,0,19,0,0,0,0,45,17,0,0,0,0,0,2020,56.0204,-133.24865,2020-06-11 21:39:09,2020-06-12 04:06:33,2020-06-12T01:42:38,,206,POW,srhrp1,16,forest-conifer,Stream,2,50,1,20,creek,Alaska,0.269027778,0.310694444,0.09994213,0.085752315,9.671428571,8.9,11.1,89.28571429,86,93,NA,0,66.44700269,Meteostat
206,NW,2020-06-12,0,0,0,4,0,0,0,0,0,5,8,0,0,0,0,18,9,0,0,0,0,0,0,0,9,0,1,0,0,31,8,0,0,0,0,0,2020,56.0204,-133.24865,2020-06-12 21:39:54,2020-06-13 04:06:15,2020-06-13T01:55:11,,206,POW,srhrp1,16,forest-conifer,Stream,2,50,1,20,creek,Alaska,0.268298611,0.309965278,0.091018519,0.093946759,9.914285714,9.4,10,89.42857143,88,93,NA,1.866666667,69.24700269,Meteostat
206,NW,2020-06-13,0,0,0,13,0,0,0,0,0,2,12,0,0,0,0,19,11,0,0,0,0,5,0,0,19,0,0,0,0,43,4,0,0,0,0,0,2020,56.0204,-133.24865,2020-06-13 21:40:34,2020-06-14 04:06:00,2020-06-14T02:06:20,,206,POW,srhrp1,16,forest-conifer,Stream,2,50,1,20,creek,Alaska,0.267662037,0.309328704,0.083101852,0.101226852,9.657142857,9.4,10,90.42857143,89,93,0.3,0.515873016,71.39905406,Meteostat
206,NW,2020-06-14,0,0,0,1,0,0,0,0,0,2,2,0,0,0,0,15,2,0,0,0,0,0,0,0,1,0,0,0,0,11,0,0,0,0,0,0,2020,56.0204,-133.24865,2020-06-14 21:41:12,2020-06-15 04:05:50,2020-06-15T02:17:04,,206,POW,srhrp1,16,forest-conifer,Stream,2,50,1,20,creek,Alaska,0.267106481,0.308773148,0.075532407,0.108240741,10.5,10,11.1,81.71428571,77,86,0,0.746031746,72.79905406,Meteostat
206,NW,2020-06-15,0,0,0,11,0,1,0,0,0,0,5,0,0,0,0,18,7,0,0,0,0,7,0,0,11,0,0,0,0,79,6,0,0,0,0,0,2020,56.0204,-133.24865,2020-06-15 21:41:45,2020-06-16 04:05:44,2020-06-16T02:28:21,,206,POW,srhrp1,16,forest-conifer,Stream,2,50,1,20,creek,Alaska,0.266655093,0.308321759,0.067627315,0.115694444,10.88571429,10.6,11.1,82.14285714,80,83,0,0.857142857,74.95110543,Meteostat
206,NW,2020-06-16,0,0,0,13,0,0,0,0,0,13,12,0,0,0,0,22,13,0,0,0,0,4,0,0,15,0,0,0,0,87,4,0,0,1,0,0,2020,56.0204,-133.24865,2020-06-16 21:42:14,2020-06-17 04:05:41,2020-06-17T02:41:10,,206,POW,srhrp1,16,forest-conifer,Stream,2,50,1,20,creek,Alaska,0.266284722,0.307951389,0.05869213,0.124259259,8.98,8.3,10.6,83.6,77,86,0,0,78.32228927,Meteostat
206,NW,2020-06-17,0,0,0,13,0,0,0,0,0,1,13,0,0,0,0,19,9,0,0,0,0,7,0,0,21,0,0,0,0,75,11,0,0,0,0,0,2020,56.0204,-133.24865,2020-06-17 21:42:40,2020-06-18 04:05:43,2020-06-18T02:56:54,,206,POW,srhrp1,16,forest-conifer,Stream,2,50,1,20,creek,Alaska,0.266006944,0.307673611,0.047789352,0.134884259,10.76666667,10.6,11.1,91.66666667,89,93,3.5,1.638888889,80.31160371,Meteostat
206,NW,2022-07-10,0,0,0,0,0,0,0,0,0,0,0,0,0,0,0,0,0,0,0,0,0,0,0,0,0,0,0,0,0,2,0,0,0,0,0,0,2022,56.0204,-133.24865,2022-07-10 21:34:52,2022-07-11 04:22:32,,2022-07-11T01:36:58,206,POW,srhrp1,16,forest-conifer,Stream,2,50,1,20,creek,Alaska,0.283101852,0.324768519,0.168125,0.084791667,11.67142857,11.1,12.2,86.14285714,83,90,7.4,3.48015873,181.5742769,Meteostat
206,NW,2022-07-11,0,0,0,0,0,0,0,0,0,0,0,0,0,0,0,0,0,0,0,0,0,0,0,0,0,0,0,0,0,4,0,0,0,0,0,0,2022,56.0204,-133.24865,2022-07-11 21:33:47,2022-07-12 04:23:54,,2022-07-12T02:20:19,206,POW,srhrp1,16,forest-conifer,Stream,2,50,1,20,creek,Alaska,0.284803241,0.326469907,0.198981481,0.115648148,10.81428571,10.6,11.1,89,89,89,1.1,0.428571429,185.1742769,Meteostat
206,NW,2022-07-12,0,0,0,0,0,0,0,0,0,0,0,0,0,0,0,0,0,0,0,0,0,0,0,0,0,0,0,0,0,3,0,0,0,0,0,0,2022,56.0204,-133.24865,2022-07-12 21:32:38,2022-07-13 04:25:18,2022-07-12T21:43:43,2022-07-13T03:29:19,206,POW,srhrp1,16,forest-conifer,Stream,2,50,1,20,creek,Alaska,0.286574074,0.328240741,0.24,0,12.2,12.2,12.2,89.42857143,86,90,1.1,0,187.8742769,Meteostat
206,NW,2022-07-14,0,0,0,0,0,0,0,0,0,0,0,0,0,0,0,0,0,0,0,0,0,0,0,0,0,0,0,0,0,5,0,0,0,0,0,0,2022,56.0204,-133.24865,2022-07-14 21:30:12,2022-07-15 04:28:12,2022-07-14T22:57:18,,206,POW,srhrp1,16,forest-conifer,Stream,2,50,1,20,creek,Alaska,0.290277778,0.331944444,0.229791667,0,12.87142857,12.2,13.9,90.14285714,87,94,3.8,1.031746032,194.7742769,Meteostat
206,NW,2022-07-15,0,0,0,0,0,0,0,0,0,0,0,0,0,0,0,0,0,0,0,0,0,0,0,0,0,0,0,0,0,2,0,0,0,0,0,0,2022,56.0204,-133.24865,2022-07-15 21:28:54,2022-07-16 04:29:42,2022-07-15T23:14:26,,206,POW,srhrp1,16,forest-conifer,Stream,2,50,1,20,creek,Alaska,0.292222222,0.333888889,0.218935185,0,11.95,11.7,12.2,91.5,90,93,0.3,0.263888889,198.9742769,Meteostat
206,NW,2022-07-17,0,0,0,0,0,0,0,0,0,0,0,0,0,0,0,0,0,0,0,0,0,0,0,0,0,0,1,0,0,1,0,0,0,0,0,0,2022,56.0204,-133.24865,2022-07-17 21:26:08,2022-07-18 04:32:49,2022-07-17T23:35:11,,206,POW,srhrp1,16,forest-conifer,Stream,2,50,1,20,creek,Alaska,0.29630787,0.337974537,0.206689815,0.006284722,13.44444444,12.8,13.9,83.66666667,81,87,1.3,3.666666667,207.3242769,Meteostat
206,NW,2023-06-13,0,0,0,0,0,0,0,0,0,8,23,0,0,0,0,0,2,0,0,0,0,4,0,0,0,0,2,0,0,43,0,0,0,0,0,0,2023,56.0204,-133.24865,2023-06-13 21:40:07,2023-06-14 04:06:10,2023-06-14T02:15:51,,206,POW,srhrp1,16,forest-conifer,Stream,2,50,1,20,creek,Alaska,0.268090278,0.309756944,0.076608796,0.108148148,9.342857143,8.9,10,81.28571429,77,83,0,0.944444444,104.5264967,Meteostat
206,NW,2023-06-14,0,0,0,0,0,0,0,0,0,0,22,0,0,0,0,0,4,0,0,0,0,17,0,0,0,0,4,0,0,63,0,0,0,0,0,0,2023,56.0204,-133.24865,2023-06-14 21:40:47,2023-06-15 04:05:57,2023-06-15T02:26:43,,206,POW,srhrp1,16,forest-conifer,Stream,2,50,1,20,creek,Alaska,0.267476852,0.309143519,0.068912037,0.115231481,6.271428571,5,8.3,83.28571429,76,89,0,0.515873016,106.2690964,Meteostat
206,NW,2023-06-15,0,0,0,0,0,0,0,0,0,0,11,0,0,0,0,0,9,0,0,0,0,8,0,0,0,0,0,0,0,26,0,0,0,0,0,0,2023,56.0204,-133.24865,2023-06-15 21:41:23,2023-06-16 04:05:48,2023-06-16T02:42:32,,206,POW,srhrp1,16,forest-conifer,Stream,2,50,1,20,creek,Alaska,0.266956019,0.308622685,0.057824074,0.125798611,11.12857143,10.6,12.2,88.42857143,86,90,1.6,3.908730159,108.5320282,Meteostat
206,NW,2023-06-16,0,0,0,0,0,0,0,0,0,0,2,0,0,0,0,0,3,0,0,0,0,3,0,0,0,0,0,0,0,32,0,0,0,0,0,0,2023,56.0204,-133.24865,2023-06-16 21:41:56,2023-06-17 04:05:43,2023-06-17T03:06:59,,206,POW,srhrp1,16,forest-conifer,Stream,2,50,1,20,creek,Alaska,0.266516204,0.30818287,0.040787037,0.142395833,8.471428571,8.3,8.9,87,80,90,1.9,2.166666667,109.06574,Meteostat
206,NW,2023-06-19,0,0,0,0,0,0,0,0,0,0,0,0,0,0,0,0,0,0,0,0,0,1,0,0,0,0,0,0,0,4,0,0,0,0,0,0,2023,56.0204,-133.24865,2023-06-19 21:43:10,2023-06-20 04:05:51,,2023-06-19T23:51:20,206,POW,srhrp1,16,forest-conifer,Stream,2,50,1,20,creek,Alaska,0.265752315,0.307418981,0.08900463,0.005671296,8.814285714,7.8,11.1,88.42857143,83,93,0,0,113.3423083,Meteostat
206,NW,2023-06-20,0,0,0,0,0,0,0,0,0,8,19,0,0,0,0,0,8,0,0,0,0,12,0,0,0,0,15,0,0,103,0,0,0,0,0,0,2023,56.0204,-133.24865,2023-06-20 21:43:26,2023-06-21 04:06:02,,2023-06-21T00:14:32,206,POW,srhrp1,16,forest-conifer,Stream,2,50,1,20,creek,Alaska,0.265694444,0.307361111,0.104930556,0.021597222,9.185714286,8.3,10,90,89,93,0,1.031746032,117.2257622,Meteostat
206,NW,2024-06-18,0,,0,3,0,0,,0,0,27,53,,0,0,0,0,10,,,,0,12,0,0,6,0,8,0,0,18,,,,,,0,2024,56.0204,-133.24865,2024-06-18 21:43:04,2024-06-19 04:05:48,,2024-06-19T01:58:39,206,POW,srhrp1,16,forest-conifer,Stream,2,50,1,20,creek,Alaska,0.265787037,0.307453704,0.177488426,0.094155093,10,9.4,10.6,88.14285714,86,90,0,0.642857143,86.25235297,Meteostat
206,NW,2024-06-19,0,,0,0,0,0,,0,0,14,46,,0,0,0,0,13,,,,0,5,0,0,1,0,1,0,0,17,,,,,,0,2024,56.0204,-133.24865,2024-06-19 21:43:21,2024-06-20 04:05:58,,2024-06-20T02:17:55,206,POW,srhrp1,16,forest-conifer,Stream,2,50,1,20,creek,Alaska,0.265706019,0.307372685,0.190671296,0.107337963,10.58571429,10,11.1,85.57142857,83,86,0,0.301587302,88.83236183,Meteostat
206,NW,2024-06-20,0,,0,3,0,0,,2,0,16,30,,0,0,0,0,17,,,,0,33,0,0,1,0,3,0,0,13,,,,,,0,2024,56.0204,-133.24865,2024-06-20 21:43:35,2024-06-21 04:06:11,,2024-06-21T02:51:26,206,POW,srhrp1,16,forest-conifer,Stream,2,50,1,20,creek,Alaska,0.265694444,0.307361111,0.213784722,0.130451389,10.24285714,10,11.1,86,83,89,0,0,91.11664038,Meteostat
206,NW,2024-06-21,0,,0,1,0,0,,0,0,92,18,,0,0,0,0,6,,,,0,14,0,0,5,0,1,0,0,33,,,,,,0,2024,56.0204,-133.24865,2024-06-21 21:43:44,2024-06-22 04:06:29,2024-06-21T22:42:57,2024-06-22T03:47:51,206,POW,srhrp1,16,forest-conifer,Stream,2,50,1,20,creek,Alaska,0.265798611,0.307465278,0.211736111,0,12.84285714,12.2,13.3,83.85714286,77,90,0.6,0.214285714,94.16664038,Meteostat
206,NW,2024-06-22,0,,0,1,0,0,,0,0,31,44,,0,0,0,0,10,,,,0,10,0,0,4,0,1,0,0,15,,,,,,0,2024,56.0204,-133.24865,2024-06-22 21:43:50,2024-06-23 04:06:50,2024-06-22T23:27:33,,206,POW,srhrp1,16,forest-conifer,Stream,2,50,1,20,creek,Alaska,0.265972222,0.307638889,0.193946759,0,11.2,10.6,11.7,88.14285714,86,92,0,1.46031746,97.51664038,Meteostat
206,NW,2024-06-23,0,,0,0,0,0,,0,0,22,114,,0,0,0,0,8,,,,0,31,0,0,16,0,15,0,0,22,,,,,,0,2024,56.0204,-133.24865,2024-06-23 21:43:51,2024-06-24 04:07:15,2024-06-23T23:53:48,,206,POW,srhrp1,16,forest-conifer,Stream,2,50,1,20,creek,Alaska,0.26625,0.307916667,0.176006944,0.006909722,12.21428571,11.7,12.8,80,74,83,0,0.428571429,101.4166404,Meteostat
206,NW,2024-06-24,0,,0,2,0,0,,0,0,22,48,,0,0,0,0,30,,,,0,35,0,0,2,0,10,0,1,28,,,,,,0,2024,56.0204,-133.24865,2024-06-24 21:43:49,2024-06-25 04:07:44,2024-06-25T00:09:29,,206,POW,srhrp1,16,forest-conifer,Stream,2,50,1,20,creek,Alaska,0.266608796,0.308275463,0.165451389,0.017824074,12.31428571,10.6,13.9,83.85714286,77,89,0,0,105.0166404,Meteostat
206,NW,2024-06-25,0,,0,1,0,0,,0,0,2,48,,0,0,0,0,28,,,,0,83,0,0,2,0,7,0,0,26,,,,,,0,2024,56.0204,-133.24865,2024-06-25 21:43:42,2024-06-26 04:08:17,2024-06-26T00:19:40,,206,POW,srhrp1,16,forest-conifer,Stream,2,50,1,20,creek,Alaska,0.267071759,0.308738426,0.158761574,0.024976852,12.78571429,12.2,13.3,89.42857143,80,93,0.6,0,110.8166404,Meteostat
206,NW,2024-06-26,0,,0,4,0,0,,0,0,48,64,,0,0,0,0,26,,,,0,69,0,0,4,0,10,0,0,41,,,,,,0,2024,56.0204,-133.24865,2024-06-26 21:43:32,2024-06-27 04:08:53,2024-06-27T00:27:06,,206,POW,srhrp1,16,forest-conifer,Stream,2,50,1,20,creek,Alaska,0.267604167,0.309270833,0.154016204,0.03025463,12.28571429,11.7,13.3,89,84,90,0,1.015873016,116.1166404,Meteostat
206,NW,2024-06-27,1,,0,2,0,0,,0,0,24,18,,0,0,0,0,19,,,,0,42,0,0,3,0,9,0,0,23,,,,,,0,2024,56.0204,-133.24865,2024-06-27 21:43:17,2024-06-28 04:09:33,2024-06-28T00:33:18,,206,POW,srhrp1,16,forest-conifer,Stream,2,50,1,20,creek,Alaska,0.268240741,0.309907407,0.150173611,0.034733796,12.2,12.2,12.2,86.57142857,86,90,0,0.214285714,121.4166404,Meteostat
206,NW-SM,2024-06-18,0,,0,0,0,0,,0,0,0,9,,0,0,0,0,1,,,,0,4,0,0,0,0,4,0,0,46,,,,,,0,2024,56.0204,-133.24865,2024-06-18 21:43:04,2024-06-19 04:05:48,,2024-06-19T01:58:39,206,POW,srhrp1-SM,16,forest-conifer,Stream,2,50,1,20,creek,Alaska,0.265787037,0.307453704,0.177488426,0.094155093,10,9.4,10.6,88.14285714,86,90,0,0.642857143,86.25235297,Meteostat
206,NW-SM,2024-06-19,0,,0,0,0,0,,0,0,0,3,,0,0,0,0,0,,,,0,1,0,0,0,0,0,0,0,35,,,,,,0,2024,56.0204,-133.24865,2024-06-19 21:43:21,2024-06-20 04:05:58,,2024-06-20T02:17:55,206,POW,srhrp1-SM,16,forest-conifer,Stream,2,50,1,20,creek,Alaska,0.265706019,0.307372685,0.190671296,0.107337963,10.58571429,10,11.1,85.57142857,83,86,0,0.301587302,88.83236183,Meteostat
206,NW-SM,2024-06-20,0,,0,0,0,0,,0,0,0,1,,0,0,0,0,1,,,,0,8,0,0,0,0,0,0,0,27,,,,,,0,2024,56.0204,-133.24865,2024-06-20 21:43:35,2024-06-21 04:06:11,,2024-06-21T02:51:26,206,POW,srhrp1-SM,16,forest-conifer,Stream,2,50,1,20,creek,Alaska,0.265694444,0.307361111,0.213784722,0.130451389,10.24285714,10,11.1,86,83,89,0,0,91.11664038,Meteostat
206,NW-SM,2024-06-21,0,,0,0,0,0,,0,0,0,0,,0,0,0,0,0,,,,0,2,0,0,0,0,2,0,0,11,,,,,,0,2024,56.0204,-133.24865,2024-06-21 21:43:44,2024-06-22 04:06:29,2024-06-21T22:42:57,2024-06-22T03:47:51,206,POW,srhrp1-SM,16,forest-conifer,Stream,2,50,1,20,creek,Alaska,0.265798611,0.307465278,0.211736111,0,12.84285714,12.2,13.3,83.85714286,77,90,0.6,0.214285714,94.16664038,Meteostat
206,NW-SM,2024-06-22,0,,0,0,0,0,,0,0,0,16,,0,0,0,0,1,,,,0,3,0,0,0,0,0,0,0,33,,,,,,0,2024,56.0204,-133.24865,2024-06-22 21:43:50,2024-06-23 04:06:50,2024-06-22T23:27:33,,206,POW,srhrp1-SM,16,forest-conifer,Stream,2,50,1,20,creek,Alaska,0.265972222,0.307638889,0.193946759,0,11.2,10.6,11.7,88.14285714,86,92,0,1.46031746,97.51664038,Meteostat
206,NW-SM,2024-06-23,0,,0,0,0,0,,0,0,0,15,,0,0,0,0,1,,,,0,12,0,0,0,0,2,0,0,73,,,,,,0,2024,56.0204,-133.24865,2024-06-23 21:43:51,2024-06-24 04:07:15,2024-06-23T23:53:48,,206,POW,srhrp1-SM,16,forest-conifer,Stream,2,50,1,20,creek,Alaska,0.26625,0.307916667,0.176006944,0.006909722,12.21428571,11.7,12.8,80,74,83,0,0.428571429,101.4166404,Meteostat
206,NW-SM,2024-06-24,0,,0,0,0,0,,0,0,0,12,,0,0,0,0,0,,,,0,6,0,0,0,0,0,0,0,42,,,,,,0,2024,56.0204,-133.24865,2024-06-24 21:43:49,2024-06-25 04:07:44,2024-06-25T00:09:29,,206,POW,srhrp1-SM,16,forest-conifer,Stream,2,50,1,20,creek,Alaska,0.266608796,0.308275463,0.165451389,0.017824074,12.31428571,10.6,13.9,83.85714286,77,89,0,0,105.0166404,Meteostat
206,NW-SM,2024-06-25,0,,0,0,0,0,,0,0,0,7,,0,0,0,0,1,,,,0,10,0,0,0,0,0,0,0,45,,,,,,0,2024,56.0204,-133.24865,2024-06-25 21:43:42,2024-06-26 04:08:17,2024-06-26T00:19:40,,206,POW,srhrp1-SM,16,forest-conifer,Stream,2,50,1,20,creek,Alaska,0.267071759,0.308738426,0.158761574,0.024976852,12.78571429,12.2,13.3,89.42857143,80,93,0.6,0,110.8166404,Meteostat
206,NW-SM,2024-06-26,0,,0,0,0,0,,0,0,0,6,,0,0,0,0,1,,,,0,21,0,0,0,0,2,0,0,55,,,,,,0,2024,56.0204,-133.24865,2024-06-26 21:43:32,2024-06-27 04:08:53,2024-06-27T00:27:06,,206,POW,srhrp1-SM,16,forest-conifer,Stream,2,50,1,20,creek,Alaska,0.267604167,0.309270833,0.154016204,0.03025463,12.28571429,11.7,13.3,89,84,90,0,1.015873016,116.1166404,Meteostat
206,NW-SM,2024-06-27,0,,0,0,0,0,,0,0,0,4,,0,0,0,0,1,,,,0,12,0,0,0,0,2,0,0,21,,,,,,0,2024,56.0204,-133.24865,2024-06-27 21:43:17,2024-06-28 04:09:33,2024-06-28T00:33:18,,206,POW,srhrp1-SM,16,forest-conifer,Stream,2,50,1,20,creek,Alaska,0.268240741,0.309907407,0.150173611,0.034733796,12.2,12.2,12.2,86.57142857,86,90,0,0.214285714,121.4166404,Meteostat
206,NW1,2017-05-27,0,0,0,0,0,0,0,0,0,2,0,0,0,0,0,0,0,0,0,0,0,0,0,0,0,0,0,0,0,2,0,0,0,0,0,0,2017,56.02041,-133.25235,2017-05-27 21:21:11,2017-05-28 04:18:58,,2017-05-27T23:25:29,206,POW,srhbe1,10,forest-conifer,,3,60,1,15,ocean,Alaska,0.290127315,0.331793981,0.086319444,0.002986111,7.7125,5.6,10.6,79.75,71,89,0,0.1875,44.20866735,Meteostat
206,NW1,2017-06-01,0,0,0,0,0,0,0,0,0,0,0,0,0,0,0,0,0,0,0,0,0,1,0,0,1,0,0,0,0,0,0,0,0,0,0,0,2017,56.02041,-133.25235,2017-06-01 21:28:18,2017-06-02 04:13:23,,2017-06-02T02:13:35,206,POW,srhbe1,10,forest-conifer,,3,60,1,15,ocean,Alaska,0.28130787,0.322974537,0.198113426,0.114780093,10.7875,10.6,11.1,81.125,77,86,0,1.215277778,59.63724354,Meteostat
206,NW1,2017-06-02,0,0,0,0,0,0,0,0,0,2,0,0,0,0,0,0,0,0,0,0,0,0,0,0,0,0,0,0,0,2,0,0,0,0,0,0,2017,56.02041,-133.25235,2017-06-02 21:29:35,2017-06-03 04:12:26,,2017-06-03T02:32:57,206,POW,srhbe1,10,forest-conifer,,3,60,1,15,ocean,Alaska,0.279756944,0.321423611,0.210671296,0.127337963,7.175,6.7,7.8,89.25,86,93,8.4,0.451388889,62.43724354,Meteostat
206,NW1,2017-06-04,0,0,0,0,0,0,0,0,0,1,0,0,0,0,0,0,0,0,0,0,0,0,0,0,0,0,0,0,0,0,0,0,0,0,0,0,2017,56.02041,-133.25235,2017-06-04 21:32:02,2017-06-05 04:10:43,,2017-06-05T03:10:43,206,POW,srhbe1,10,forest-conifer,,3,60,1,15,ocean,Alaska,0.276863426,0.318530093,0.235196759,0.151863426,8.471428571,8.3,8.9,90.57142857,89,93,4.1,0.75,64.65558447,Meteostat
206,NW1,2017-06-06,0,0,0,0,0,0,0,0,0,4,0,0,0,0,0,0,0,0,0,0,0,0,0,0,0,0,0,0,0,5,0,0,0,0,0,0,2017,56.02041,-133.25235,2017-06-06 21:34:16,2017-06-07 04:09:14,,2017-06-07T03:54:40,206,POW,srhbe1,10,forest-conifer,,3,60,1,15,ocean,Alaska,0.274282407,0.315949074,0.264166667,0.180833333,11.92857143,11.7,13.3,79.42857143,67,83,0.3,0.642857143,65.69752369,Meteostat
206,NW1,2017-06-07,0,0,0,0,0,0,0,0,0,0,0,0,0,0,0,0,0,0,0,0,0,0,0,0,0,0,0,0,0,1,0,0,0,0,0,0,2017,56.02041,-133.25235,2017-06-07 21:35:18,2017-06-08 04:08:35,,,206,POW,srhbe1,10,forest-conifer,,3,60,1,15,ocean,Alaska,0.273113426,0.314780093,9,9,13.04285714,12.2,13.9,77,69,86,0.3,2.842592593,69.84752369,Meteostat
206,NW1,2017-06-08,0,0,0,0,0,0,0,0,0,0,0,0,0,0,0,0,0,0,0,0,0,0,0,0,1,0,0,0,0,1,0,0,0,0,0,0,2017,56.02041,-133.25235,2017-06-08 21:36:17,2017-06-09 04:08:00,,,206,POW,srhbe1,10,forest-conifer,,3,60,1,15,ocean,Alaska,0.272025463,0.31369213,9,9,8.814285714,8.3,8.9,91.85714286,89,93,4.4,1.619047619,74.84752369,Meteostat
206,NW1,2017-06-12,0,0,0,0,0,0,0,0,0,1,0,0,0,0,0,0,1,0,0,0,0,0,0,0,0,0,0,0,0,0,0,0,0,0,0,0,2017,56.02041,-133.25235,2017-06-12 21:39:40,2017-06-13 04:06:19,2017-06-12T23:40:46,,206,POW,srhbe1,10,forest-conifer,,3,60,1,15,ocean,Alaska,0.268506944,0.310173611,0.184409722,0.000763889,8.742857143,8,9.4,78.71428571,73,87,0,2.175925926,81.14273816,Meteostat
206,NW1,2017-06-15,0,0,0,0,0,0,0,0,0,0,0,0,0,0,0,0,0,0,0,0,0,0,0,0,0,0,0,0,0,1,0,0,0,0,0,0,2017,56.02041,-133.25235,2017-06-15 21:41:34,2017-06-16 04:05:45,2017-06-16T01:00:46,,206,POW,srhbe1,10,forest-conifer,,3,60,1,15,ocean,Alaska,0.266793981,0.308460648,0.128460648,0.055,8.714285714,8.3,9.4,90.14285714,86,93,1.6,2.222222222,83.61265613,Meteostat
206,NW1,2017-06-18,0,0,0,0,0,0,0,0,0,1,0,0,0,0,0,0,0,0,0,0,0,0,0,0,0,0,0,0,0,0,0,0,0,0,0,0,2017,56.02041,-133.25235,2017-06-18 21:42:54,2017-06-19 04:05:46,2017-06-19T02:04:39,,206,POW,srhbe1,10,forest-conifer,,3,60,1,15,ocean,Alaska,0.26587963,0.307546296,0.084108796,0.0984375,13.18571429,11.7,16.1,75.57142857,48,89,0.8,2.150793651,88.07734385,Meteostat
206,NW1,2017-06-20,0,0,0,0,0,0,0,0,0,5,0,0,0,0,0,0,0,0,0,0,0,0,0,0,0,0,0,0,0,4,0,0,0,0,0,0,2017,56.02041,-133.25235,2017-06-20 21:43:27,2017-06-21 04:06:07,2017-06-21T02:57:44,,206,POW,srhbe1,10,forest-conifer,,3,60,1,15,ocean,Alaska,0.265740741,0.307407407,0.047488426,0.134918981,9.571428571,9.4,10,89.71428571,86,93,6.4,2.150793651,94.43130979,Meteostat
206,NW1,2017-06-23,0,0,0,0,0,0,0,0,0,0,0,0,0,0,0,0,0,0,0,0,0,0,0,0,0,0,0,0,0,1,0,0,0,0,0,0,2017,56.02041,-133.25235,2017-06-23 21:43:48,2017-06-24 04:07:08,,,206,POW,srhbe1,10,forest-conifer,,3,60,1,15,ocean,Alaska,0.266203704,0.30787037,9,9,11.95714286,11.1,12.8,84.14285714,77,89,2.9,0.601851852,100.0772006,Meteostat
206,SW,2015-06-14,0,0,0,1,0,0,0,0,0,0,1,0,0,0,0,0,6,0,0,0,0,1,0,0,0,0,0,0,0,4,0,0,0,0,0,0,2015,56.01637,-133.24383,2015-06-14 21:40:38,2015-06-15 04:05:59,,,206,POW,srhms1,29,forested wetland,,0,30,1,30,pond,Alaska,0.267604167,0.309270833,9,9,NA,NA,NA,NA,NA,NA,NA,NA,0,Meteostat
206,SW,2015-06-15,0,0,0,2,0,0,0,0,0,0,0,0,0,0,0,1,1,0,0,0,0,1,0,0,1,0,0,0,0,3,0,0,0,0,0,0,2015,56.01637,-133.24383,2015-06-15 21:41:14,2015-06-16 04:05:50,,,206,POW,srhms1,29,forested wetland,,0,30,1,30,pond,Alaska,0.267083333,0.30875,9,9,NA,NA,NA,NA,NA,NA,NA,NA,0,Meteostat
206,SW,2015-06-16,0,0,0,0,0,0,0,0,0,0,0,0,0,0,0,0,16,0,0,0,0,1,0,0,0,0,0,0,0,6,0,0,0,0,0,0,2015,56.01637,-133.24383,2015-06-16 21:41:47,2015-06-17 04:05:44,,,206,POW,srhms1,29,forested wetland,,0,30,1,30,pond,Alaska,0.266631944,0.308298611,9,9,NA,NA,NA,NA,NA,NA,NA,NA,0,Meteostat
206,SW,2015-06-17,0,0,0,2,0,0,0,0,0,0,0,0,0,0,0,0,2,0,0,0,0,0,0,0,3,0,1,0,0,2,0,0,0,0,0,0,2015,56.01637,-133.24383,2015-06-17 21:42:16,2015-06-18 04:05:43,,2015-06-17T22:10:06,206,POW,srhms1,29,forested wetland,,0,30,1,30,pond,Alaska,0.266284722,0.307951389,0.019328704,0,NA,NA,NA,NA,NA,NA,NA,NA,0,Meteostat
206,SW,2017-05-27,0,0,0,1,0,0,0,0,0,0,0,0,0,0,0,0,1,0,0,0,0,0,0,0,0,0,0,0,0,1,0,0,0,0,0,0,2017,56.01637,-133.24383,2017-05-27 21:21:07,2017-05-28 04:18:57,,2017-05-27T23:25:25,206,POW,srhms1,29,forested wetland,,0,30,1,30,pond,Alaska,0.290162037,0.331828704,0.086319444,0.002986111,7.7125,5.6,10.6,79.75,71,89,0,0.1875,44.20866735,Meteostat
206,SW,2017-05-28,0,0,0,0,0,0,0,0,0,0,0,0,0,0,0,0,3,0,0,0,0,1,0,0,0,0,0,0,0,0,0,0,0,0,0,0,2017,56.01637,-133.24383,2017-05-28 21:22:38,2017-05-29 04:17:44,,2017-05-29T00:16:39,206,POW,srhms1,29,forested wetland,,0,30,1,30,pond,Alaska,0.288263889,0.329930556,0.120844907,0.037511574,9.275,8.3,11.1,81.5,74,86,0,1.027777778,46.95678376,Meteostat
206,SW,2017-05-29,0,0,0,1,0,0,0,0,0,0,0,0,0,0,0,0,2,0,0,0,0,0,0,0,1,0,0,0,0,3,0,0,0,0,0,0,2017,56.01637,-133.24383,2017-05-29 21:24:05,2017-05-30 04:16:33,,2017-05-30T00:56:14,206,POW,srhms1,29,forested wetland,,0,30,1,30,pond,Alaska,0.286435185,0.328101852,0.147326389,0.063993056,8.6125,7.8,10,84.5,80,89,0,1.118055556,52.36309377,Meteostat
206,SW,2017-05-30,0,0,0,0,0,0,0,0,0,0,0,0,0,0,0,0,1,0,0,0,0,0,0,0,0,0,0,0,0,1,0,0,0,0,0,0,2017,56.01637,-133.24383,2017-05-30 21:25:31,2017-05-31 04:15:26,,2017-05-31T01:27:08,206,POW,srhms1,29,forested wetland,,0,30,1,30,pond,Alaska,0.284664352,0.326331019,0.167789352,0.084456019,10.34285714,10,10.6,90.28571429,86,93,7.1,0.515873016,53.87406774,Meteostat
206,SW,2017-05-31,0,0,0,0,0,0,0,0,0,0,0,0,0,0,0,0,0,0,0,0,0,0,0,0,0,0,0,0,0,2,0,0,0,0,0,0,2017,56.01637,-133.24383,2017-05-31 21:26:54,2017-06-01 04:14:23,,2017-06-01T01:52:10,206,POW,srhms1,29,forested wetland,,0,30,1,30,pond,Alaska,0.282974537,0.324641204,0.184212963,0.10087963,12.225,11.1,13.9,77.625,72,83,0,0.375,56.83724354,Meteostat
206,SW,2017-06-01,0,0,0,0,0,0,0,0,0,0,0,0,0,0,0,0,0,0,0,0,0,0,0,0,0,0,0,0,0,3,0,0,0,0,0,0,2017,56.01637,-133.24383,2017-06-01 21:28:14,2017-06-02 04:13:22,,2017-06-02T02:13:32,206,POW,srhms1,29,forested wetland,,0,30,1,30,pond,Alaska,0.281342593,0.323009259,0.198125,0.114791667,10.7875,10.6,11.1,81.125,77,86,0,1.215277778,59.63724354,Meteostat
206,SW,2017-06-02,0,0,0,0,0,0,0,0,0,0,0,0,0,0,0,0,0,0,0,0,0,0,0,0,0,0,0,0,0,1,0,0,0,0,0,0,2017,56.01637,-133.24383,2017-06-02 21:29:31,2017-06-03 04:12:25,,2017-06-03T02:32:55,206,POW,srhms1,29,forested wetland,,0,30,1,30,pond,Alaska,0.279791667,0.321458333,0.210694444,0.127361111,7.175,6.7,7.8,89.25,86,93,8.4,0.451388889,62.43724354,Meteostat
206,SW,2017-06-03,0,0,0,0,0,0,0,0,0,0,0,0,0,0,0,0,0,0,0,0,0,0,0,0,0,0,0,0,0,1,0,0,0,0,0,0,2017,56.01637,-133.24383,2017-06-03 21:30:46,2017-06-04 04:11:32,,2017-06-04T02:51:36,206,POW,srhms1,29,forested wetland,,0,30,1,30,pond,Alaska,0.278310185,0.319976852,0.222800926,0.139467593,7.871428571,7.8,8.3,89.14285714,89,90,5.5,0,63.60516184,Meteostat
206,SW,2017-06-04,0,0,0,0,0,0,0,0,0,0,0,0,0,0,0,1,0,0,0,0,0,0,0,0,0,0,0,0,0,0,0,0,0,0,0,0,2017,56.01637,-133.24383,2017-06-04 21:31:58,2017-06-05 04:10:42,,2017-06-05T03:10:41,206,POW,srhms1,29,forested wetland,,0,30,1,30,pond,Alaska,0.276898148,0.318564815,0.235219907,0.151886574,8.471428571,8.3,8.9,90.57142857,89,93,4.1,0.75,64.65558447,Meteostat
206,SW,2017-06-05,0,0,0,1,0,0,0,0,0,0,0,0,0,0,0,0,0,0,0,0,0,0,0,0,0,0,0,0,0,1,0,0,0,0,0,0,2017,56.01637,-133.24383,2017-06-05 21:33:06,2017-06-06 04:09:56,,2017-06-06T03:31:18,206,POW,srhms1,29,forested wetland,,0,30,1,30,pond,Alaska,0.275578704,0.31724537,0.24875,0.165416667,10.4,10,11.1,79.14285714,74,83,0,1.261904762,65.15639688,Meteostat
206,SW,2017-06-07,0,0,0,0,0,0,0,0,0,0,0,0,0,0,0,1,2,0,0,0,0,1,0,0,2,0,0,0,0,2,0,0,0,0,0,0,2017,56.01637,-133.24383,2017-06-07 21:35:14,2017-06-08 04:08:35,,,206,POW,srhms1,29,forested wetland,,0,30,1,30,pond,Alaska,0.273159722,0.314826389,9,9,13.04285714,12.2,13.9,77,69,86,0.3,2.842592593,69.84752369,Meteostat
206,SW,2017-06-08,0,0,0,0,0,0,0,0,0,0,0,0,0,0,0,1,5,0,0,0,0,0,0,0,2,0,0,0,0,0,0,0,0,0,0,0,2017,56.01637,-133.24383,2017-06-08 21:36:14,2017-06-09 04:08:00,,,206,POW,srhms1,29,forested wetland,,0,30,1,30,pond,Alaska,0.272060185,0.313726852,9,9,8.814285714,8.3,8.9,91.85714286,89,93,4.4,1.619047619,74.84752369,Meteostat
206,SW,2017-06-10,0,0,0,0,0,0,0,0,0,0,0,0,0,0,0,0,0,0,0,0,0,0,0,0,0,0,0,0,0,2,0,0,0,0,0,0,2017,56.01637,-133.24383,2017-06-10 21:38:02,2017-06-11 04:07:02,2017-06-10T22:20:08,,206,POW,srhms1,29,forested wetland,,0,30,1,30,pond,Alaska,0.270138889,0.311805556,0.240902778,0,9.114285714,8.9,9.4,78.14285714,73,80,0,1.920634921,77.25190631,Meteostat
206,SW,2017-06-11,0,0,0,5,0,0,0,0,0,0,0,0,0,0,0,0,3,0,0,0,0,0,0,0,0,0,0,0,0,1,0,0,0,0,0,0,2017,56.01637,-133.24383,2017-06-11 21:38:51,2017-06-12 04:06:39,2017-06-11T23:03:55,,206,POW,srhms1,29,forested wetland,,0,30,1,30,pond,Alaska,0.269305556,0.310972222,0.210231481,0,8.557142857,8.3,8.9,91,89,93,2.1,0.73015873,78.70028997,Meteostat
206,SW,2017-06-12,0,0,0,2,0,0,0,0,0,0,0,0,0,0,0,0,2,0,0,0,0,0,0,0,0,0,0,0,0,0,0,0,0,0,0,0,2017,56.01637,-133.24383,2017-06-12 21:39:36,2017-06-13 04:06:19,2017-06-12T23:40:43,,206,POW,srhms1,29,forested wetland,,0,30,1,30,pond,Alaska,0.268553241,0.310219907,0.184444444,0.000775463,8.742857143,8,9.4,78.71428571,73,87,0,2.175925926,81.14273816,Meteostat
206,SW,2017-06-13,0,0,0,1,0,0,0,0,0,0,0,0,0,0,0,0,0,0,0,0,0,0,0,0,0,0,0,0,0,1,0,0,0,0,0,0,2017,56.01637,-133.24383,2017-06-13 21:40:18,2017-06-14 04:06:04,2017-06-14T00:11:30,,206,POW,srhms1,29,forested wetland,,0,30,1,30,pond,Alaska,0.267893519,0.309560185,0.162893519,0.021666667,8.242857143,7.8,8.9,88,83,90,0,0.73015873,81.89355058,Meteostat
206,SW,2017-06-14,0,0,0,1,0,0,0,0,0,0,0,0,0,0,0,0,2,0,0,0,0,0,0,0,0,0,0,0,0,1,0,0,0,0,0,0,2017,56.01637,-133.24383,2017-06-14 21:40:56,2017-06-15 04:05:52,2017-06-15T00:37:41,,206,POW,srhms1,29,forested wetland,,0,30,1,30,pond,Alaska,0.267314815,0.308981481,0.144571759,0.039409722,6.5,6.1,7.2,88.14285714,85,90,1.6,3.238095238,82.61275936,Meteostat
206,SW,2017-06-15,0,0,0,0,0,0,0,0,0,0,0,0,0,0,0,0,0,0,0,0,0,0,0,0,0,0,0,0,0,1,0,0,0,0,0,0,2017,56.01637,-133.24383,2017-06-15 21:41:30,2017-06-16 04:05:45,2017-06-16T01:00:44,,206,POW,srhms1,29,forested wetland,,0,30,1,30,pond,Alaska,0.266840278,0.308506944,0.128483796,0.055023148,8.714285714,8.3,9.4,90.14285714,86,93,1.6,2.222222222,83.61265613,Meteostat
206,SW,2017-06-16,0,0,0,0,0,0,0,0,0,0,0,0,0,0,0,0,0,0,0,0,0,1,0,0,0,0,0,0,0,2,0,0,0,0,0,0,2017,56.01637,-133.24383,2017-06-16 21:42:00,2017-06-17 04:05:41,2017-06-17T01:22:01,,206,POW,srhms1,29,forested wetland,,0,30,1,30,pond,Alaska,0.266446759,0.308113426,0.113657407,0.069456019,6.5,5,8.9,84.71428571,80,89,0,0.851851852,83.83682803,Meteostat
206,SW,2017-06-17,0,0,0,0,0,0,0,0,0,0,0,0,0,0,0,0,0,0,0,0,0,1,0,0,0,0,0,0,0,3,0,0,0,0,0,0,2017,56.01637,-133.24383,2017-06-17 21:42:27,2017-06-18 04:05:42,2017-06-18T01:42:52,,206,POW,srhms1,29,forested wetland,,0,30,1,30,pond,Alaska,0.266145833,0.3078125,0.099189815,0.083622685,5.8,3.9,8.3,82.57142857,76,86,0,0.428571429,85.77053989,Meteostat
206,SW,2017-06-18,0,0,0,1,0,0,0,0,0,0,0,0,0,0,0,0,0,0,0,0,0,0,0,0,1,0,0,0,0,2,0,0,0,0,0,0,2017,56.01637,-133.24383,2017-06-18 21:42:50,2017-06-19 04:05:46,2017-06-19T02:04:37,,206,POW,srhms1,29,forested wetland,,0,30,1,30,pond,Alaska,0.265925926,0.307592593,0.084131944,0.098460648,13.18571429,11.7,16.1,75.57142857,48,89,0.8,2.150793651,88.07734385,Meteostat
206,SW,2017-06-19,0,0,0,0,0,0,0,0,0,0,0,0,0,0,0,0,4,0,0,0,0,1,0,0,0,0,0,0,0,4,0,0,0,0,0,0,2017,56.01637,-133.24383,2017-06-19 21:43:09,2017-06-20 04:05:55,2017-06-20T02:28:54,,206,POW,srhms1,29,forested wetland,,0,30,1,30,pond,Alaska,0.265810185,0.307476852,0.067372685,0.115104167,10.01428571,8.9,10.6,80.28571429,77,89,1.5,1.69047619,92.18130979,Meteostat
206,SW,2017-06-20,0,0,0,1,0,0,0,0,0,0,0,0,0,0,0,0,1,0,0,0,0,0,0,0,1,0,0,0,0,4,0,0,0,0,0,0,2017,56.01637,-133.24383,2017-06-20 21:43:24,2017-06-21 04:06:07,2017-06-21T02:57:43,,206,POW,srhms1,29,forested wetland,,0,30,1,30,pond,Alaska,0.265775463,0.30744213,0.0475,0.13494213,9.571428571,9.4,10,89.71428571,86,93,6.4,2.150793651,94.43130979,Meteostat
206,SW,2017-06-21,0,0,0,12,0,0,0,0,0,0,1,0,0,0,0,0,31,0,0,0,0,0,0,0,2,0,0,0,0,4,0,0,0,0,0,0,2017,56.01637,-133.24383,2017-06-21 21:43:34,2017-06-22 04:06:24,2017-06-22T03:33:39,,206,POW,srhms1,29,forested wetland,,0,30,1,30,pond,Alaska,0.265856481,0.307523148,0.022743056,0.159780093,10,9.4,10.6,86.28571429,83,90,0.3,0.73015873,95.26097916,Meteostat
206,SW,2017-06-22,0,0,0,3,0,0,0,0,0,0,0,0,0,0,0,0,1,0,0,0,0,0,0,0,2,0,0,0,0,1,0,0,0,0,0,0,2017,56.01637,-133.24383,2017-06-22 21:43:41,2017-06-23 04:06:44,,,206,POW,srhms1,29,forested wetland,,0,30,1,30,pond,Alaska,0.266006944,0.307673611,9,9,8.714285714,7.2,10,85.14285714,83,89,0,0.658730159,97.25029359,Meteostat
206,SW,2017-06-23,0,0,0,0,0,0,0,0,0,0,0,0,0,0,0,0,0,0,0,0,0,0,0,0,0,0,0,0,0,1,0,0,0,0,0,0,2017,56.01637,-133.24383,2017-06-23 21:43:44,2017-06-24 04:07:08,,,206,POW,srhms1,29,forested wetland,,0,30,1,30,pond,Alaska,0.26625,0.307916667,9,9,11.95714286,11.1,12.8,84.14285714,77,89,2.9,0.601851852,100.0772006,Meteostat
206,SW,2017-06-24,0,0,0,2,0,0,0,0,0,0,0,0,0,0,0,0,3,0,0,0,0,0,0,0,0,0,0,0,0,6,0,0,0,0,0,0,2017,56.01637,-133.24383,2017-06-24 21:43:43,2017-06-25 04:07:36,,2017-06-24T22:05:17,206,POW,srhms1,29,forested wetland,,0,30,1,30,pond,Alaska,0.266585648,0.308252315,0.014976852,0,10.71428571,10,11.7,88,83,93,0.8,0.515873016,104.2461155,Meteostat
206,SW,2017-06-25,0,0,0,1,0,0,0,0,0,0,0,0,0,0,0,0,5,0,0,0,0,0,0,0,0,0,0,0,0,3,0,0,0,0,0,0,2017,56.01637,-133.24383,2017-06-25 21:43:38,2017-06-26 04:08:07,,2017-06-25T22:51:49,206,POW,srhms1,29,forested wetland,,0,30,1,30,pond,Alaska,0.267002315,0.308668981,0.047349537,0,9.842857143,8.9,10.6,90.14285714,89,93,0,0,107.2961155,Meteostat
206,SW,2017-06-26,0,0,0,1,0,0,0,0,0,0,0,0,0,0,0,0,1,0,0,0,0,1,0,0,0,0,0,0,0,2,0,0,0,0,0,0,2017,56.01637,-133.24383,2017-06-26 21:43:29,2017-06-27 04:08:43,,2017-06-26T23:27:43,206,POW,srhms1,29,forested wetland,,0,30,1,30,pond,Alaska,0.267523148,0.309189815,0.072384259,0,10.6,10.6,10.6,85.14285714,83,86,0,1.317460317,108.3961155,Meteostat
206,SW,2017-06-27,0,0,0,1,0,0,0,0,0,0,0,0,0,0,0,0,4,0,0,0,0,0,0,0,0,0,0,0,0,3,0,0,0,0,0,0,2017,56.01637,-133.24383,2017-06-27 21:43:16,2017-06-28 04:09:22,,2017-06-27T23:56:04,206,POW,srhms1,29,forested wetland,,0,30,1,30,pond,Alaska,0.268125,0.309791667,0.092222222,0.008888889,10.74285714,10.6,11.1,83.42857143,80,86,0,1.388888889,110.2593714,Meteostat
206,SW,2017-06-28,0,0,0,1,0,0,0,0,0,0,0,0,0,0,0,0,0,0,0,0,0,0,0,0,1,0,0,0,0,1,0,0,0,0,0,0,2017,56.01637,-133.24383,2017-06-28 21:42:58,2017-06-29 04:10:04,,2017-06-29T00:19:29,206,POW,srhms1,29,forested wetland,,0,30,1,30,pond,Alaska,0.268819444,0.310486111,0.10869213,0.025358796,10.31428571,9.4,11.1,77.85714286,74,83,0,1.619047619,113.9093714,Meteostat
206,SW1,2017-06-08,0,0,0,0,0,0,0,0,0,2,0,0,0,0,0,0,0,0,0,0,0,1,0,0,0,0,0,0,0,1,0,0,0,0,0,0,2017,55.99143,-133.23854,2017-06-08 21:36:01,2017-06-09 04:08:10,,,206,POW,srhlk1,52,forest-conifer,,2,50,1,10,lake,Alaska,0.272326389,0.313993056,9,9,8.814285714,8.3,8.9,91.85714286,89,93,4.4,1.619047619,74.84752369,Meteostat
206,SW1,2017-06-09,0,0,0,1,0,0,0,0,0,0,0,0,0,0,0,0,0,0,0,0,0,0,0,0,2,0,0,0,0,6,0,0,0,0,0,0,2017,55.99143,-133.23854,2017-06-09 21:36:57,2017-06-10 04:07:39,,,206,POW,srhlk1,52,forest-conifer,,2,50,1,10,lake,Alaska,0.271319444,0.312986111,9,9,7.6,6.1,9.4,89,83,93,0,0,76.7107795,Meteostat
206,SW1,2017-06-10,0,0,0,4,0,0,0,0,0,0,3,0,0,0,0,0,0,0,0,0,0,0,0,0,0,0,0,0,0,0,0,0,0,0,0,0,2017,55.99143,-133.23854,2017-06-10 21:37:49,2017-06-11 04:07:12,2017-06-10T22:19:59,,206,POW,srhlk1,52,forest-conifer,,2,50,1,10,lake,Alaska,0.270405093,0.312071759,0.241122685,0,9.114285714,8.9,9.4,78.14285714,73,80,0,1.920634921,77.25190631,Meteostat
206,SW1,2017-06-11,0,0,0,1,0,0,0,0,0,0,2,0,0,0,0,0,1,0,0,0,0,0,0,0,0,0,0,0,0,6,0,0,0,0,0,0,2017,55.99143,-133.23854,2017-06-11 21:38:38,2017-06-12 04:06:49,2017-06-11T23:03:46,,206,POW,srhlk1,52,forest-conifer,,2,50,1,10,lake,Alaska,0.269571759,0.311238426,0.210451389,0,8.557142857,8.3,8.9,91,89,93,2.1,0.73015873,78.70028997,Meteostat
206,SW1,2017-06-12,0,0,0,0,0,0,0,0,0,0,3,0,0,0,0,1,0,0,0,0,0,0,0,0,1,0,0,0,0,1,0,0,0,0,0,0,2017,55.99143,-133.23854,2017-06-12 21:39:23,2017-06-13 04:06:29,2017-06-12T23:40:34,,206,POW,srhlk1,52,forest-conifer,,2,50,1,10,lake,Alaska,0.268819444,0.310486111,0.184664352,0.000821759,8.742857143,8,9.4,78.71428571,73,87,0,2.175925926,81.14273816,Meteostat
206,SW1,2017-06-13,0,0,0,0,0,0,0,0,0,0,0,0,0,0,0,0,0,0,0,0,0,0,0,0,4,0,0,0,0,2,0,0,0,0,0,0,2017,55.99143,-133.23854,2017-06-13 21:40:05,2017-06-14 04:06:14,2017-06-14T00:11:23,,206,POW,srhlk1,52,forest-conifer,,2,50,1,10,lake,Alaska,0.268159722,0.309826389,0.163090278,0.021736111,8.242857143,7.8,8.9,88,83,90,0,0.73015873,81.89355058,Meteostat
206,SW1,2017-06-14,0,0,0,0,0,0,0,0,0,0,0,0,0,0,0,0,1,0,0,0,0,0,0,0,1,0,0,0,0,1,0,0,0,0,0,0,2017,55.99143,-133.23854,2017-06-14 21:40:43,2017-06-15 04:06:02,2017-06-15T00:37:35,,206,POW,srhlk1,52,forest-conifer,,2,50,1,10,lake,Alaska,0.267581019,0.309247685,0.144756944,0.039490741,6.5,6.1,7.2,88.14285714,85,90,1.6,3.238095238,82.61275936,Meteostat
206,SW1,2017-06-15,0,0,0,0,0,0,0,0,0,0,1,0,0,0,0,0,1,0,0,0,0,0,0,0,1,0,0,0,0,0,0,0,0,0,0,0,2017,55.99143,-133.23854,2017-06-15 21:41:17,2017-06-16 04:05:55,2017-06-16T01:00:40,,206,POW,srhlk1,52,forest-conifer,,2,50,1,10,lake,Alaska,0.267106481,0.308773148,0.128645833,0.055127315,8.714285714,8.3,9.4,90.14285714,86,93,1.6,2.222222222,83.61265613,Meteostat
206,SW1,2017-06-16,0,0,0,0,0,0,0,0,0,1,0,0,0,0,0,0,0,0,0,0,0,0,0,0,0,0,0,0,0,5,0,0,0,0,0,0,2017,55.99143,-133.23854,2017-06-16 21:41:48,2017-06-17 04:05:51,2017-06-17T01:21:58,,206,POW,srhlk1,52,forest-conifer,,2,50,1,10,lake,Alaska,0.266701389,0.308368056,0.11380787,0.069560185,6.5,5,8.9,84.71428571,80,89,0,0.851851852,83.83682803,Meteostat
206,SW1,2017-06-17,0,0,0,1,0,0,0,0,0,1,0,0,0,0,0,1,0,0,0,0,0,1,0,0,0,0,0,0,0,5,0,0,0,0,0,0,2017,55.99143,-133.23854,2017-06-17 21:42:14,2017-06-18 04:05:52,2017-06-18T01:42:50,,206,POW,srhlk1,52,forest-conifer,,2,50,1,10,lake,Alaska,0.266412037,0.308078704,0.099328704,0.08375,5.8,3.9,8.3,82.57142857,76,86,0,0.428571429,85.77053989,Meteostat
206,SW1,2017-06-18,0,0,0,0,0,0,0,0,0,1,1,0,0,0,0,0,0,0,0,0,0,0,0,0,4,0,0,0,0,3,0,0,0,0,0,0,2017,55.99143,-133.23854,2017-06-18 21:42:37,2017-06-19 04:05:56,2017-06-19T02:04:38,,206,POW,srhlk1,52,forest-conifer,,2,50,1,10,lake,Alaska,0.26619213,0.307858796,0.084236111,0.098622685,13.18571429,11.7,16.1,75.57142857,48,89,0.8,2.150793651,88.07734385,Meteostat
206,SW1,2017-06-19,0,0,0,1,0,0,0,0,0,0,0,0,0,0,0,0,0,0,0,0,0,0,0,0,1,0,0,0,0,2,0,0,0,0,0,0,2017,55.99143,-133.23854,2017-06-19 21:42:56,2017-06-20 04:06:05,2017-06-20T02:28:56,,206,POW,srhlk1,52,forest-conifer,,2,50,1,10,lake,Alaska,0.266076389,0.307743056,0.067465278,0.115277778,10.01428571,8.9,10.6,80.28571429,77,89,1.5,1.69047619,92.18130979,Meteostat
206,SW1,2017-06-20,0,0,0,1,0,0,0,0,0,10,0,0,0,0,0,1,0,0,0,0,0,0,0,0,2,0,0,0,0,4,0,0,0,0,0,0,2017,55.99143,-133.23854,2017-06-20 21:43:11,2017-06-21 04:06:17,2017-06-21T02:57:47,,206,POW,srhlk1,52,forest-conifer,,2,50,1,10,lake,Alaska,0.266041667,0.307708333,0.047569444,0.135138889,9.571428571,9.4,10,89.71428571,86,93,6.4,2.150793651,94.43130979,Meteostat
206,SW1,2017-06-21,0,0,0,1,0,0,0,0,0,0,2,0,0,0,0,3,0,0,0,0,0,1,0,0,0,0,0,0,0,2,0,0,0,0,0,0,2017,55.99143,-133.23854,2017-06-21 21:43:22,2017-06-22 04:06:34,2017-06-22T03:33:44,,206,POW,srhlk1,52,forest-conifer,,2,50,1,10,lake,Alaska,0.266111111,0.307777778,0.022800926,0.159976852,10,9.4,10.6,86.28571429,83,90,0.3,0.73015873,95.26097916,Meteostat
206,SW1,2017-06-22,0,0,0,2,0,0,0,0,0,0,0,0,0,0,0,0,0,0,0,0,0,2,0,0,1,0,0,0,0,8,0,0,0,0,0,0,2017,55.99143,-133.23854,2017-06-22 21:43:29,2017-06-23 04:06:54,,,206,POW,srhlk1,52,forest-conifer,,2,50,1,10,lake,Alaska,0.266261574,0.307928241,9,9,8.714285714,7.2,10,85.14285714,83,89,0,0.658730159,97.25029359,Meteostat
206,SW1,2017-06-23,0,0,0,1,0,0,0,0,0,0,0,0,0,0,0,1,0,0,0,0,0,0,0,0,1,0,0,0,0,3,0,0,0,0,0,0,2017,55.99143,-133.23854,2017-06-23 21:43:32,2017-06-24 04:07:18,,,206,POW,srhlk1,52,forest-conifer,,2,50,1,10,lake,Alaska,0.26650463,0.308171296,9,9,11.95714286,11.1,12.8,84.14285714,77,89,2.9,0.601851852,100.0772006,Meteostat
206,SW1,2017-06-24,0,0,0,1,0,0,0,0,0,3,0,0,0,0,0,0,0,0,0,0,0,1,0,0,2,0,0,0,0,2,0,0,0,0,0,0,2017,55.99143,-133.23854,2017-06-24 21:43:30,2017-06-25 04:07:46,,2017-06-24T22:05:08,206,POW,srhlk1,52,forest-conifer,,2,50,1,10,lake,Alaska,0.266851852,0.308518519,0.015023148,0,10.71428571,10,11.7,88,83,93,0.8,0.515873016,104.2461155,Meteostat
206,SW1,2017-06-25,0,0,0,1,0,0,0,0,0,1,0,0,0,0,0,0,0,0,0,0,0,0,0,0,1,0,0,0,0,2,0,0,0,0,0,0,2017,55.99143,-133.23854,2017-06-25 21:43:25,2017-06-26 04:08:18,,2017-06-25T22:51:41,206,POW,srhlk1,52,forest-conifer,,2,50,1,10,lake,Alaska,0.267280093,0.308946759,0.047407407,0,9.842857143,8.9,10.6,90.14285714,89,93,0,0,107.2961155,Meteostat
206,SW1,2017-06-26,0,0,0,2,0,0,0,0,0,0,0,0,0,0,0,1,0,0,0,0,0,1,0,0,0,0,0,0,0,5,0,0,0,0,0,0,2017,55.99143,-133.23854,2017-06-26 21:43:16,2017-06-27 04:08:53,,2017-06-26T23:27:37,206,POW,srhlk1,52,forest-conifer,,2,50,1,10,lake,Alaska,0.267789352,0.309456019,0.072465278,0,10.6,10.6,10.6,85.14285714,83,86,0,1.317460317,108.3961155,Meteostat
206,SW1,2017-06-27,0,0,0,3,0,0,0,0,0,46,0,0,0,0,0,0,1,0,0,0,0,2,0,0,2,0,0,0,0,9,0,0,0,0,0,0,2017,55.99143,-133.23854,2017-06-27 21:43:03,2017-06-28 04:09:32,,2017-06-27T23:55:59,206,POW,srhlk1,52,forest-conifer,,2,50,1,10,lake,Alaska,0.268391204,0.31005787,0.092314815,0.008981481,10.74285714,10.6,11.1,83.42857143,80,86,0,1.388888889,110.2593714,Meteostat
206,SW1,2017-06-28,0,0,0,1,0,0,0,0,0,1,2,0,0,0,0,1,0,0,0,0,0,2,0,0,6,0,0,0,0,3,0,0,0,1,0,0,2017,55.99143,-133.23854,2017-06-28 21:42:46,2017-06-29 04:10:15,,2017-06-29T00:19:26,206,POW,srhlk1,52,forest-conifer,,2,50,1,10,lake,Alaska,0.269085648,0.310752315,0.108796296,0.025462963,10.31428571,9.4,11.1,77.85714286,74,83,0,1.619047619,113.9093714,Meteostat
206,SW2,2019-06-29,0,0,0,3,0,0,0,0,0,0,0,0,0,0,0,0,0,0,0,0,0,1,0,0,3,0,0,0,0,7,0,0,0,0,0,0,2019,55.97537,-133.24431,2019-06-29 21:42:32,2019-06-30 04:10:48,2019-06-30T02:50:20,,206,POW,srhbe2,9,grassland,Ocean Edge,10,40,1,15,ocean,Alaska,0.26962963,0.311296296,0.05587963,0.130416667,12.54285714,12.2,12.8,98.85714286,96,100,0,0.817460317,172.0810593,Meteostat
206,SW2,2019-06-30,0,0,0,2,0,0,0,0,0,0,0,0,0,0,0,0,0,0,0,0,0,4,0,0,2,0,0,0,0,20,0,0,0,0,0,0,2019,55.97537,-133.24431,2019-06-30 21:42:08,2019-07-01 04:11:35,2019-07-01T03:24:41,,206,POW,srhbe2,9,grassland,Ocean Edge,10,40,1,15,ocean,Alaska,0.270451389,0.312118056,0.032569444,0.154548611,13.64285714,13.3,13.9,93.57142857,89,97,0,0.373015873,177.3810593,Meteostat
206,SW2,2019-07-01,0,0,0,4,0,0,0,0,0,0,0,0,0,0,0,0,0,0,0,0,0,3,0,0,3,0,0,0,0,27,0,0,0,0,0,0,2019,55.97537,-133.24431,2019-07-01 21:41:41,2019-07-02 04:12:27,2019-07-02T04:11:56,,206,POW,srhbe2,9,grassland,Ocean Edge,10,40,1,15,ocean,Alaska,0.271365741,0.313032407,0.000358796,0.187673611,12.8,12.8,12.8,98.85714286,96,100,0,1.103174603,183.1810593,Meteostat
206,SW2,2019-07-02,0,0,0,3,0,0,0,0,0,0,0,0,0,0,0,1,1,0,0,0,0,3,0,0,5,0,0,0,0,36,0,0,0,0,0,0,2019,55.97537,-133.24431,2019-07-02 21:41:10,2019-07-03 04:13:21,,2019-07-02T21:50:48,206,POW,srhbe2,9,grassland,Ocean Edge,10,40,1,15,ocean,Alaska,0.272349537,0.314016204,0.006689815,0,12.52857143,12.2,13.3,96.14285714,90,100,0,1.071428571,188.1810593,Meteostat
206,SW2,2020-06-12,0,0,0,3,0,0,0,0,0,0,0,0,0,0,0,0,0,0,0,0,0,2,0,0,8,0,0,0,0,8,0,0,0,0,0,0,2020,55.97537,-133.24431,2020-06-12 21:39:32,2020-06-13 04:06:34,2020-06-13T01:55:06,,206,POW,srhbe2,9,grassland,Ocean Edge,10,40,1,15,ocean,Alaska,0.268773148,0.310439815,0.091296296,0.094143519,9.914285714,9.4,10,89.42857143,88,93,NA,1.866666667,69.24700269,Meteostat
206,SW2,2020-06-13,0,0,0,0,0,0,0,0,0,0,0,0,0,0,0,0,1,0,0,0,0,3,0,0,5,0,0,0,0,3,0,0,0,0,0,0,2020,55.97537,-133.24431,2020-06-13 21:40:13,2020-06-14 04:06:20,2020-06-14T02:06:17,,206,POW,srhbe2,9,grassland,Ocean Edge,10,40,1,15,ocean,Alaska,0.268136574,0.309803241,0.083368056,0.101435185,9.657142857,9.4,10,90.42857143,89,93,0.3,0.515873016,71.39905406,Meteostat
206,SW2,2020-06-14,0,0,0,1,0,0,0,0,0,0,0,0,0,0,0,0,0,0,0,0,0,1,0,0,1,0,0,0,0,0,0,0,0,0,0,0,2020,55.97537,-133.24431,2020-06-14 21:40:50,2020-06-15 04:06:10,2020-06-15T02:17:05,,206,POW,srhbe2,9,grassland,Ocean Edge,10,40,1,15,ocean,Alaska,0.267592593,0.309259259,0.075752315,0.108506944,10.5,10,11.1,81.71428571,77,86,0,0.746031746,72.79905406,Meteostat
206,SW2,2020-06-15,0,0,0,1,0,0,0,0,0,1,0,0,0,0,0,0,1,0,0,0,0,0,0,0,5,0,0,0,0,8,0,0,0,0,0,0,2020,55.97537,-133.24431,2020-06-15 21:41:23,2020-06-16 04:06:03,2020-06-16T02:28:24,,206,POW,srhbe2,9,grassland,Ocean Edge,10,40,1,15,ocean,Alaska,0.26712963,0.308796296,0.0678125,0.115983796,10.88571429,10.6,11.1,82.14285714,80,83,0,0.857142857,74.95110543,Meteostat
206,SW2,2020-06-16,0,0,0,0,0,0,0,0,0,1,0,0,0,0,0,0,0,0,0,0,0,1,0,0,1,0,0,0,0,1,0,0,0,0,0,0,2020,55.97537,-133.24431,2020-06-16 21:41:53,2020-06-17 04:06:01,2020-06-17T02:41:17,,206,POW,srhbe2,9,grassland,Ocean Edge,10,40,1,15,ocean,Alaska,0.266759259,0.308425926,0.058842593,0.124583333,8.98,8.3,10.6,83.6,77,86,0,0,78.32228927,Meteostat
206,SW2,2020-06-17,0,0,0,0,0,0,0,0,1,1,0,0,0,0,0,0,0,0,0,0,0,0,0,0,2,0,0,0,0,1,0,0,0,0,0,0,2020,55.97537,-133.24431,2020-06-17 21:42:18,2020-06-18 04:06:03,2020-06-18T02:57:04,,206,POW,srhbe2,9,grassland,Ocean Edge,10,40,1,15,ocean,Alaska,0.266493056,0.308159722,0.047905093,0.13525463,10.76666667,10.6,11.1,91.66666667,89,93,3.5,1.638888889,80.31160371,Meteostat
206,SW2,2022-07-08,0,0,0,0,0,0,0,0,0,0,0,0,0,0,0,0,0,0,0,0,0,0,0,0,0,0,0,0,0,7,1,0,0,0,0,0,2022,55.97537,-133.24431,2022-07-08 21:36:32,2022-07-09 04:20:15,,2022-07-09T00:55:14,206,POW,srhbe2,9,grassland,Ocean Edge,10,40,1,15,ocean,Alaska,0.280358796,0.322025463,0.137986111,0.054652778,13.85714286,13.3,14.4,88.71428571,87,90,3.1,0.746031746,171.3242769,Meteostat
206,SW2,2022-07-10,0,0,0,0,0,0,0,0,0,0,0,0,0,0,0,0,0,0,0,0,0,0,0,0,0,0,0,0,0,7,0,0,0,0,0,0,2022,55.97537,-133.24431,2022-07-10 21:34:32,2022-07-11 04:22:50,,2022-07-11T01:37:19,206,POW,srhbe2,9,grassland,Ocean Edge,10,40,1,15,ocean,Alaska,0.283541667,0.325208333,0.168599537,0.085266204,11.67142857,11.1,12.2,86.14285714,83,90,7.4,3.48015873,181.5742769,Meteostat
206,SW2,2022-07-11,0,0,0,0,0,0,0,0,0,0,0,0,0,0,0,0,0,0,0,0,0,0,0,0,0,0,0,0,0,8,0,0,0,0,0,0,2022,55.97537,-133.24431,2022-07-11 21:33:27,2022-07-12 04:24:11,,2022-07-12T02:20:45,206,POW,srhbe2,9,grassland,Ocean Edge,10,40,1,15,ocean,Alaska,0.285231481,0.326898148,0.199513889,0.116180556,10.81428571,10.6,11.1,89,89,89,1.1,0.428571429,185.1742769,Meteostat
206,SW2,2022-07-12,0,0,0,0,0,0,0,0,0,0,0,0,0,0,0,0,0,0,0,0,0,0,0,0,0,0,0,0,0,1,0,0,0,0,0,0,2022,55.97537,-133.24431,2022-07-12 21:32:19,2022-07-13 04:25:35,2022-07-12T21:43:14,2022-07-13T03:29:45,206,POW,srhbe2,9,grassland,Ocean Edge,10,40,1,15,ocean,Alaska,0.286990741,0.328657407,0.240636574,0,12.2,12.2,12.2,89.42857143,86,90,1.1,0,187.8742769,Meteostat
206,SW2,2023-06-15,0,0,0,0,0,0,0,0,0,0,0,0,0,0,0,0,0,0,0,0,0,1,0,0,0,0,0,0,0,4,0,0,0,0,0,0,2023,55.97537,-133.24431,2023-06-15 21:41:02,2023-06-16 04:06:07,2023-06-16T02:42:51,,206,POW,srhbe2,9,grassland,Ocean Edge,10,40,1,15,ocean,Alaska,0.267418981,0.309085648,0.057824074,0.126261574,11.12857143,10.6,12.2,88.42857143,86,90,1.6,3.908730159,108.5320282,Meteostat
206,SW2,2023-06-16,0,0,0,0,0,0,0,0,0,0,0,0,0,0,0,0,0,0,0,0,0,6,0,0,0,0,5,0,0,59,0,0,0,0,0,0,2023,55.97537,-133.24431,2023-06-16 21:41:34,2023-06-17 04:06:02,2023-06-17T03:07:24,,206,POW,srhbe2,9,grassland,Ocean Edge,10,40,1,15,ocean,Alaska,0.266990741,0.308657407,0.040717593,0.142939815,8.471428571,8.3,8.9,87,80,90,1.9,2.166666667,109.06574,Meteostat
206,SW2,2023-06-17,0,0,0,0,0,0,0,0,0,0,0,0,0,0,0,0,0,0,0,0,0,2,0,0,0,0,2,0,0,7,0,0,0,0,0,0,2023,55.97537,-133.24431,2023-06-17 21:42:02,2023-06-18 04:06:01,2023-06-18T03:45:39,2023-06-17T22:18:38,206,POW,srhbe2,9,grassland,Ocean Edge,10,40,1,15,ocean,Alaska,0.266655093,0.308321759,-0.227094907,0.169178241,6.271428571,5,8.3,90,86,93,0,0.301587302,109.4158809,Meteostat
206,SW2,2023-06-18,0,0,0,0,0,0,0,0,0,0,1,0,0,0,0,0,0,0,0,0,0,5,0,0,0,0,0,0,0,4,0,0,0,0,0,0,2023,55.97537,-133.24431,2023-06-18 21:42:27,2023-06-19 04:06:04,,2023-06-18T23:13:59,206,POW,srhbe2,9,grassland,Ocean Edge,10,40,1,15,ocean,Alaska,0.266400463,0.30806713,0.063564815,0,8.728571429,7.2,10.6,88.28571429,83,93,0,0.214285714,110.0673921,Meteostat
206,SW2,2023-06-19,0,0,0,0,0,0,0,0,0,1,1,0,0,0,0,0,0,0,0,0,0,7,0,0,0,0,2,0,0,4,0,0,0,0,0,0,2023,55.97537,-133.24431,2023-06-19 21:42:48,2023-06-20 04:06:11,,2023-06-19T23:50:54,206,POW,srhbe2,9,grassland,Ocean Edge,10,40,1,15,ocean,Alaska,0.266238426,0.307905093,0.088958333,0.005625,8.814285714,7.8,11.1,88.42857143,83,93,0,0,113.3423083,Meteostat
206,SW2,2023-06-20,0,0,0,0,0,0,0,0,0,1,0,0,0,0,0,0,0,0,0,0,0,4,0,0,0,0,1,0,0,3,0,0,0,0,0,0,2023,55.97537,-133.24431,2023-06-20 21:43:04,2023-06-21 04:06:21,,2023-06-21T00:14:11,206,POW,srhbe2,9,grassland,Ocean Edge,10,40,1,15,ocean,Alaska,0.266168981,0.307835648,0.10494213,0.021608796,9.185714286,8.3,10,90,89,93,0,1.031746032,117.2257622,Meteostat
206,SW2,2024-06-18,0,,0,0,0,0,,0,0,1,0,,0,0,0,0,0,,,,0,1,0,0,0,0,0,0,0,0,,,,,,0,2024,55.97537,-133.24431,2024-06-18 21:42:42,2024-06-19 04:06:08,,2024-06-19T01:58:56,206,POW,srhbe2,9,grassland,Ocean Edge,10,40,1,15,ocean,Alaska,0.266273148,0.307939815,0.177939815,0.094606481,10,9.4,10.6,88.14285714,86,90,0,0.642857143,86.25235297,Meteostat
206,SW2,2024-06-19,0,,0,1,0,0,,0,0,0,2,,0,0,0,0,1,,,,0,9,0,0,1,0,1,0,0,5,,,,,,0,2024,55.97537,-133.24431,2024-06-19 21:43:00,2024-06-20 04:06:17,,2024-06-20T02:18:20,206,POW,srhbe2,9,grassland,Ocean Edge,10,40,1,15,ocean,Alaska,0.266168981,0.307835648,0.191203704,0.10787037,10.58571429,10,11.1,85.57142857,83,86,0,0.301587302,88.83236183,Meteostat
206,SW2,2024-06-20,0,,0,0,0,0,,0,0,1,1,,0,0,0,0,0,,,,0,9,0,0,0,0,1,0,0,0,,,,,,0,2024,55.97537,-133.24431,2024-06-20 21:43:13,2024-06-21 04:06:31,,2024-06-21T02:51:56,206,POW,srhbe2,9,grassland,Ocean Edge,10,40,1,15,ocean,Alaska,0.266180556,0.307847222,0.214386574,0.131053241,10.24285714,10,11.1,86,83,89,0,0,91.11664038,Meteostat
206,SW2,2024-06-21,0,,0,0,0,0,,0,0,0,16,,0,0,0,0,0,,,,0,62,0,0,27,0,50,0,0,77,,,,,,0,2024,55.97537,-133.24431,2024-06-21 21:43:23,2024-06-22 04:06:48,2024-06-21T22:42:24,2024-06-22T03:48:23,206,POW,srhbe2,9,grassland,Ocean Edge,10,40,1,15,ocean,Alaska,0.266261574,0.307928241,0.212488426,0,12.84285714,12.2,13.3,83.85714286,77,90,0.6,0.214285714,94.16664038,Meteostat
206,SW2,2024-06-22,0,,0,1,0,0,,0,0,4,12,,0,0,0,0,0,,,,0,81,0,0,21,0,47,0,0,75,,,,,,0,2024,55.97537,-133.24431,2024-06-22 21:43:28,2024-06-23 04:07:10,2024-06-22T23:27:04,,206,POW,srhbe2,9,grassland,Ocean Edge,10,40,1,15,ocean,Alaska,0.266458333,0.308125,0.194513889,0,11.2,10.6,11.7,88.14285714,86,92,0,1.46031746,97.51664038,Meteostat
206,SW2,2024-06-23,0,,0,0,0,0,,0,0,2,3,,0,0,0,0,0,,,,0,45,0,0,10,0,8,0,0,18,,,,,,0,2024,55.97537,-133.24431,2024-06-23 21:43:30,2024-06-24 04:07:35,2024-06-23T23:53:26,,206,POW,srhbe2,9,grassland,Ocean Edge,10,40,1,15,ocean,Alaska,0.266724537,0.308391204,0.176493056,0.006898148,12.21428571,11.7,12.8,80,74,83,0,0.428571429,101.4166404,Meteostat
206,SW2,2024-06-24,0,,0,0,0,0,,0,0,2,1,,0,0,0,0,0,,,,0,24,0,0,0,0,4,0,0,4,,,,,,0,2024,55.97537,-133.24431,2024-06-24 21:43:27,2024-06-25 04:08:04,2024-06-25T00:09:13,,206,POW,srhbe2,9,grassland,Ocean Edge,10,40,1,15,ocean,Alaska,0.267094907,0.308761574,0.165868056,0.017893519,12.31428571,10.6,13.9,83.85714286,77,89,0,0,105.0166404,Meteostat
206,SW2,2024-06-25,0,,0,0,0,0,,0,0,3,0,,0,0,0,0,0,,,,0,31,0,0,0,0,1,0,0,2,,,,,,0,2024,55.97537,-133.24431,2024-06-25 21:43:21,2024-06-26 04:08:36,2024-06-26T00:19:30,,206,POW,srhbe2,9,grassland,Ocean Edge,10,40,1,15,ocean,Alaska,0.267534722,0.309201389,0.159097222,0.025104167,12.78571429,12.2,13.3,89.42857143,80,93,0.6,0,110.8166404,Meteostat
206,SW2,2024-06-26,0,,0,0,0,0,,0,0,1,1,,0,0,0,0,2,,,,0,9,0,0,0,0,1,0,0,1,,,,,,0,2024,55.97537,-133.24431,2024-06-26 21:43:10,2024-06-27 04:09:13,2024-06-27T00:27:00,,206,POW,srhbe2,9,grassland,Ocean Edge,10,40,1,15,ocean,Alaska,0.268090278,0.309756944,0.15431713,0.030439815,12.28571429,11.7,13.3,89,84,90,0,1.015873016,116.1166404,Meteostat
206,SW2,2024-06-27,0,,0,0,0,0,,0,0,0,1,,0,0,0,0,0,,,,0,5,0,0,0,0,0,0,0,1,,,,,,0,2024,55.97537,-133.24431,2024-06-27 21:42:56,2024-06-28 04:09:53,2024-06-28T00:33:16,,206,POW,srhbe2,9,grassland,Ocean Edge,10,40,1,15,ocean,Alaska,0.268715278,0.310381944,0.150428241,0.034953704,12.2,12.2,12.2,86.57142857,86,90,0,0.214285714,121.4166404,Meteostat
206,Transects,2015-06-14,0,0,0,0,0,0,0,0,0,3,0,0,0,0,0,0,0,0,0,0,0,0,0,0,1,0,0,0,0,3,0,0,0,0,0,0,2015,55.87387,-133.21478,2015-06-14 21:39:26,2015-06-15 04:06:57,,,206,POW,,,,,,,,,,Alaska,0.269108796,0.310775463,9,9,NA,NA,NA,NA,NA,NA,NA,NA,0,Meteostat
206,Transects,2015-06-16,0,0,0,0,0,0,0,0,1,3,0,0,0,0,0,0,0,0,0,0,0,1,0,0,0,0,0,0,0,2,0,0,0,0,0,0,2015,55.87387,-133.21478,2015-06-16 21:40:35,2015-06-17 04:06:42,,,206,POW,,,,,,,,,,Alaska,0.268136574,0.309803241,9,9,NA,NA,NA,NA,NA,NA,NA,NA,0,Meteostat
206,Transects,2019-07-02,0,0,0,0,0,0,0,0,0,0,0,0,0,0,0,0,1,0,0,0,0,1,0,0,0,0,0,0,0,4,0,0,0,0,0,0,2019,55.87387,-133.21478,2019-07-02 21:40:18,2019-07-03 04:13:59,,2019-07-02T21:49:59,206,POW,,,,,,,,,,Alaska,0.273391204,0.31505787,0.006724537,0,12.52857143,12.2,13.3,96.14285714,90,100,0,1.071428571,188.1810593,Meteostat
206,Transects,2019-07-03,0,0,0,0,0,0,0,0,0,0,0,0,0,0,0,0,0,0,0,0,0,0,0,0,0,0,0,0,0,1,0,0,0,0,0,0,2019,55.87387,-133.21478,2019-07-03 21:39:44,2019-07-04 04:14:57,,2019-07-03T22:39:46,206,POW,,,,,,,,,,Alaska,0.274456019,0.316122685,0.041689815,0,13.72857143,13.3,13.9,93,89,97,0,0.642857143,193.1810593,Meteostat
206,Transects,2020-06-30,0,0,0,0,0,0,0,0,0,1,0,0,0,0,0,0,0,0,0,0,0,0,0,0,0,0,0,0,0,3,0,0,0,0,0,0,2020,55.87387,-133.21478,2020-06-30 21:40:57,2020-07-01 04:12:52,,2020-07-01T01:57:28,206,POW,,,,,,,,,,Alaska,0.272164352,0.313831019,0.178136574,0.094803241,10.74285714,10.6,11.1,88.14285714,86,89,0,2.650793651,110.319889,Meteostat
206,Transects,2020-07-07,0,0,0,0,0,0,0,0,0,0,0,0,0,0,0,0,0,0,0,0,0,0,0,0,1,0,0,0,0,9,0,0,0,0,0,0,2020,55.87387,-133.21478,2020-07-07 21:36:08,2020-07-08 04:20:11,2020-07-07T23:30:20,,206,POW,,,,,,,,,,Alaska,0.280590278,0.322256944,0.201284722,0,12.54285714,12.2,12.8,89,87,93,NA,0.301587302,140.569889,Meteostat
206,Transects,2021-07-29,0,0,0,0,0,0,0,0,0,0,0,0,0,0,0,0,0,0,0,0,0,7,0,0,1,0,0,0,0,1,0,0,0,0,0,0,2021,55.87387,-133.21478,2021-07-29 21:04:32,2021-07-30 04:54:40,2021-07-29T23:19:18,,206,POW,,,,,,,,,,Alaska,0.326481481,0.368148148,0.232893519,0.01025463,14.76666667,12.8,17.2,92.22222222,84,97,0,0.077160494,230.3520354,Meteostat
206,Transects,2022-07-13,0,0,0,0,0,0,0,0,0,0,0,0,0,0,0,0,2,0,0,0,0,0,0,0,0,0,2,0,0,21,0,0,0,0,0,0,2022,55.87387,-133.21478,2022-07-13 21:30:20,2022-07-14 04:27:34,2022-07-13T22:28:25,,206,POW,,,,,,,,,,Alaska,0.28974537,0.331412037,0.249409722,0,11.9,11.7,12.8,87.57142857,83,89,3.7,0.587301587,190.9742769,Meteostat
206,Transects,2022-07-14,0,0,0,0,0,0,0,0,0,0,1,0,0,0,0,0,0,0,0,0,0,0,0,0,0,0,0,0,0,33,0,0,0,0,0,0,2022,55.87387,-133.21478,2022-07-14 21:29:06,2022-07-15 04:29:01,2022-07-14T22:56:15,,206,POW,,,,,,,,,,Alaska,0.291608796,0.333275463,0.231087963,0,12.925,12.2,13.9,90.125,87,94,4.3,1.229166667,194.7742769,Meteostat
206,Transects,2023-06-15,0,0,0,0,0,0,0,0,0,14,0,0,0,0,0,0,1,0,0,0,0,0,0,0,0,0,1,0,0,2,0,0,0,0,0,0,2023,55.87387,-133.21478,2023-06-15 21:40:08,2023-06-16 04:06:47,2023-06-16T02:43:29,,206,POW,,,,,,,,,,Alaska,0.268506944,0.310173611,0.057847222,0.127326389,11.12857143,10.6,12.2,88.42857143,86,90,1.6,3.908730159,108.5320282,Meteostat
206,Transects,2024-06-25,0,,0,0,0,0,,0,0,5,0,,0,0,0,0,0,,,,0,0,0,0,0,0,0,0,0,0,,,,,,0,2024,55.87387,-133.21478,2024-06-25 21:42:27,2024-06-26 04:09:15,2024-06-26T00:19:02,,206,POW,,,,,,,,,,Alaska,0.268611111,0.310277778,0.159872685,0.025405093,12.78571429,12.2,13.3,89.42857143,80,93,0.6,0,110.8166404,Meteostat
5006,NW,2019-07-01,0,0,0,0,0,0,0,0,0,0,0,0,0,0,0,0,1,0,0,0,0,0,0,0,0,0,0,0,0,2,0,0,0,0,0,0,2019,56.67385,-132.77744,2019-07-01 21:45:10,2019-07-02 04:05:14,2019-07-02T04:05:09,,5006,Petersburg,tllms1,242,forested wetland,Forest Edge,80,10,0,320,creek,Alaska,0.263935185,0.305601852,5.78704E-05,0.180543981,14.35714286,12.2,16.7,92.57142857,84,97,0,0.428571429,189.1417564,Meteostat
5006,NW,2019-07-02,0,0,0,0,0,0,0,0,0,0,0,0,0,0,0,0,1,0,0,0,0,0,0,0,0,0,0,0,0,0,0,0,0,0,0,0,2019,56.67385,-132.77744,2019-07-02 21:44:37,2019-07-03 04:06:11,,2019-07-02T21:53:43,5006,Petersburg,tllms1,242,forested wetland,Forest Edge,80,10,0,320,creek,Alaska,0.264976852,0.306643519,0.006319444,0,16.41428571,15,18.9,82.42857143,75,86,0,0.601851852,196.0917564,Meteostat
5006,NW,2019-07-03,0,0,0,1,0,0,0,0,0,0,0,0,0,0,0,0,0,0,0,0,0,0,0,0,0,0,0,0,0,0,0,0,0,0,0,0,2019,56.67385,-132.77744,2019-07-03 21:44:00,2019-07-04 04:07:11,,2019-07-03T22:42:55,5006,Petersburg,tllms1,242,forested wetland,Forest Edge,80,10,0,320,creek,Alaska,0.266099537,0.307766204,0.040914352,0,15.22857143,14.4,16.7,84.57142857,80,87,NA,0,203.2917564,Meteostat
5006,NW,2019-07-05,0,0,0,0,0,0,0,0,0,0,1,0,0,0,0,0,0,0,0,0,0,1,0,0,0,0,0,0,0,0,0,0,0,0,0,0,2019,56.67385,-132.77744,2019-07-05 21:42:34,2019-07-06 04:09:21,,2019-07-05T23:45:56,5006,Petersburg,tllms1,242,forested wetland,Forest Edge,80,10,0,320,creek,Alaska,0.268599537,0.310266204,0.085671296,0.002337963,15.45714286,13.3,18.3,77.57142857,68,87,0,0.642857143,217.3917564,Meteostat
5006,NW,2020-06-24,0,0,0,0,0,0,0,0,0,0,0,0,0,0,0,0,0,0,0,0,0,0,0,0,1,0,0,0,0,3,0,0,0,0,0,0,2020,56.67385,-132.77744,2020-06-24 21:47:05,2020-06-25 04:00:42,,2020-06-25T00:22:28,5006,Petersburg,tllms1,242,forested wetland,Forest Edge,80,10,0,320,creek,Alaska,0.259456019,0.301122685,0.107905093,0.024571759,9.842857143,8.3,10.6,89.57142857,83,97,1.3,0,86.71234019,Meteostat
5006,NW,2020-06-25,0,0,0,1,0,0,0,0,0,0,0,0,0,0,0,0,0,0,0,0,0,0,0,0,0,0,0,0,0,1,0,0,0,0,0,0,2020,56.67385,-132.77744,2020-06-25 21:46:58,2020-06-26 04:01:16,,2020-06-26T00:41:06,5006,Petersburg,tllms1,242,forested wetland,Forest Edge,80,10,0,320,creek,Alaska,0.259930556,0.301597222,0.120925926,0.037592593,9.485714286,9.4,10,93.57142857,89,97,3.1,1.246031746,87.66385139,Meteostat
5006,NW,2020-06-27,0,0,0,0,0,0,0,0,0,1,0,0,0,0,0,0,0,0,0,0,0,0,0,0,0,0,0,0,0,1,0,0,0,0,0,0,2020,56.67385,-132.77744,2020-06-27 21:46:30,2020-06-28 04:02:34,,2020-06-28T01:09:20,5006,Petersburg,tllms1,242,forested wetland,Forest Edge,80,10,0,320,creek,Alaska,0.261157407,0.302824074,0.140856481,0.057523148,9.671428571,7.8,11.7,95,89,100,NA,1.031746032,88.48141177,Meteostat
5006,NW,2020-06-29,0,0,0,0,0,0,0,0,0,0,0,0,0,0,0,0,0,0,0,0,0,0,0,0,1,0,0,0,0,1,0,0,0,0,0,0,2020,56.67385,-132.77744,2020-06-29 21:45:47,2020-06-30 04:04:08,,2020-06-30T01:36:05,5006,Petersburg,tllms1,242,forested wetland,Forest Edge,80,10,0,320,creek,Alaska,0.262743056,0.304409722,0.159930556,0.076597222,10.4,8.9,12.8,93.28571429,83,100,0,1.603174603,116.5110158,Meteostat
5006,NW,2021-06-26,0,0,0,3,0,0,0,0,0,0,0,0,0,0,0,0,4,0,0,0,0,0,0,0,4,0,0,0,0,3,0,0,0,0,0,0,2021,56.67385,-132.77744,2021-06-26 21:46:49,2021-06-27 04:01:42,2021-06-26T23:58:32,,5006,Petersburg,tllms1,242,forested wetland,Forest Edge,80,10,0,320,creek,Alaska,0.260335648,0.302002315,0.168865741,0.008136574,14.2,12.2,15,91.42857143,87,97,0,2.166666667,99.16237239,Meteostat
5006,NW,2021-06-27,0,0,0,2,0,0,0,0,0,0,0,0,0,0,0,0,2,0,0,0,0,3,0,0,4,0,0,0,0,0,0,0,0,0,0,0,2021,56.67385,-132.77744,2021-06-27 21:46:34,2021-06-28 04:02:22,2021-06-28T00:19:17,,5006,Petersburg,tllms1,242,forested wetland,Forest Edge,80,10,0,320,creek,Alaska,0.260972222,0.302638889,0.154918981,0.022719907,14.91428571,12.2,17.8,76.71428571,67,89,0,1.404761905,104.1623724,Meteostat
5006,NW,2021-06-28,0,0,0,2,0,0,0,0,0,0,0,0,0,0,0,0,4,0,0,0,0,2,0,0,4,0,0,0,0,0,0,0,0,0,0,0,2021,56.67385,-132.77744,2021-06-28 21:46:15,2021-06-29 04:03:06,2021-06-29T00:33:26,,5006,Petersburg,tllms1,242,forested wetland,Forest Edge,80,10,0,320,creek,Alaska,0.261701389,0.303368056,0.145601852,0.032766204,16.28571429,13.9,20,71.57142857,59,78,0,2.206349206,110.5623724,Meteostat
5006,NW,2021-06-29,0,0,0,2,0,0,0,0,0,0,0,0,0,0,0,0,5,0,0,0,0,2,0,0,2,0,1,0,0,0,0,0,0,0,0,0,2021,56.67385,-132.77744,2021-06-29 21:45:52,2021-06-30 04:03:54,2021-06-30T00:43:59,,5006,Petersburg,tllms1,242,forested wetland,Forest Edge,80,10,0,320,creek,Alaska,0.262523148,0.304189815,0.138831019,0.040358796,13.34285714,11.7,16.1,79.85714286,72,86,0,1.674603175,118.9123724,Meteostat
5006,NW,2022-07-02,0,0,1,0,0,0,0,0,0,0,0,0,0,0,0,0,1,0,0,0,0,1,0,0,0,0,0,0,0,1,0,0,0,0,0,0,2022,56.67385,-132.77744,2022-07-02 21:44:30,2022-07-03 04:06:27,,2022-07-03T00:02:55,5006,Petersburg,tllms1,242,forested wetland,Forest Edge,80,10,0,320,creek,Alaska,0.265243056,0.306909722,0.096122685,0.012789352,14.2,12.2,16.1,84.28571429,78,93,0,1.119047619,148.2056672,Meteostat
5006,NW,2022-07-03,0,0,0,0,0,0,0,0,0,0,0,0,0,0,0,0,0,0,0,0,0,1,0,0,0,0,0,0,0,0,0,0,0,0,0,0,2022,56.67385,-132.77744,2022-07-03 21:43:52,2022-07-04 04:07:28,,2022-07-04T00:12:05,5006,Petersburg,tllms1,242,forested wetland,Forest Edge,80,10,0,320,creek,Alaska,0.266388889,0.308055556,0.102928241,0.019594907,15.15714286,12.2,18.3,74.71428571,65,86,0,0.658730159,155.4556672,Meteostat
5006,NW,2022-07-04,0,0,0,0,0,0,0,0,0,0,0,0,0,0,0,0,0,0,0,0,0,1,0,0,0,0,0,0,0,1,0,0,0,0,0,0,2022,56.67385,-132.77744,2022-07-04 21:43:10,2022-07-05 04:08:32,,2022-07-05T00:19:26,5006,Petersburg,tllms1,242,forested wetland,Forest Edge,80,10,0,320,creek,Alaska,0.267615741,0.309282407,0.108518519,0.025185185,17.45714286,16.1,19.4,68.42857143,59,78,0,0.817460317,162.6556672,Meteostat
5006,NW,2022-07-05,0,0,0,1,0,0,0,0,0,0,0,0,0,0,0,0,1,0,0,0,0,0,0,0,0,0,0,0,0,5,0,0,0,0,0,0,2022,56.67385,-132.77744,2022-07-05 21:42:24,2022-07-06 04:09:40,,2022-07-06T00:26:00,5006,Petersburg,tllms1,242,forested wetland,Forest Edge,80,10,0,320,creek,Alaska,0.268935185,0.310601852,0.113611111,0.030277778,15.08571429,13.9,17.2,89.71428571,81,96,0.3,0.658730159,170.9556672,Meteostat
5006,NW,2022-07-06,0,0,0,1,0,0,0,0,0,0,0,0,0,0,0,0,0,0,0,0,0,0,0,0,0,0,0,0,0,10,0,0,0,0,0,0,2022,56.67385,-132.77744,2022-07-06 21:41:34,2022-07-07 04:10:50,,2022-07-07T00:32:39,5006,Petersburg,tllms1,242,forested wetland,Forest Edge,80,10,0,320,creek,Alaska,0.270324074,0.311990741,0.11880787,0.035474537,15.74285714,14,16.7,88.28571429,80,97,0,0.214285714,178.7556672,Meteostat
5006,NW,2022-07-08,0,0,1,0,0,0,0,0,0,0,0,0,0,0,0,0,0,0,0,0,0,0,0,0,0,0,0,0,0,52,0,0,0,0,0,0,2022,56.67385,-132.77744,2022-07-08 21:39:42,2022-07-09 04:13:21,,2022-07-09T00:50:22,5006,Petersburg,tllms1,242,forested wetland,Forest Edge,80,10,0,320,creek,Alaska,0.273368056,0.315034722,0.132407407,0.049074074,12.07142857,11.7,12.8,97.42857143,96,100,0.3,0.301587302,189.6056672,Meteostat
5006,NW,2022-07-09,0,0,0,1,0,0,0,0,0,0,0,0,0,0,0,0,1,0,0,0,0,0,0,0,0,0,0,0,0,1,0,0,0,0,0,0,2022,56.67385,-132.77744,2022-07-09 21:38:41,2022-07-10 04:14:40,,2022-07-10T01:05:11,5006,Petersburg,tllms1,242,forested wetland,Forest Edge,80,10,0,320,creek,Alaska,0.274988426,0.316655093,0.143402778,0.060069444,13.57142857,12.8,14.4,88.14285714,84,93,1.7,2.063492063,192.9056672,Meteostat
5006,NW,2022-07-10,0,0,0,0,0,0,0,0,0,0,0,0,0,0,0,0,0,0,0,0,0,0,0,0,0,0,1,0,0,0,0,0,0,0,0,0,2022,56.67385,-132.77744,2022-07-10 21:37:37,2022-07-11 04:16:02,,2022-07-11T01:29:24,5006,Petersburg,tllms1,242,forested wetland,Forest Edge,80,10,0,320,creek,Alaska,0.276678241,0.318344907,0.160960648,0.077627315,12.6,12,12.8,85.28571429,80,94,6.2,2.349206349,197.3556672,Meteostat
5006,NW,2022-07-13,0,0,0,0,0,0,0,0,0,0,1,0,0,0,0,0,0,0,0,0,0,0,0,0,0,0,0,0,0,0,0,0,0,0,0,0,2022,56.67385,-132.77744,2022-07-13 21:34:02,2022-07-14 04:20:22,2022-07-13T22:33:39,,5006,Petersburg,tllms1,242,forested wetland,Forest Edge,80,10,0,320,creek,Alaska,0.282175926,0.323842593,0.240775463,0,11.67142857,10.6,13.9,91.28571429,81,96,1.7,1.158730159,203.9015945,Meteostat
5006,NW,2022-07-14,0,0,0,0,0,0,0,0,0,0,2,0,0,0,0,0,0,0,0,0,0,0,0,0,0,0,1,0,0,0,0,0,0,0,0,0,2022,56.67385,-132.77744,2022-07-14 21:32:44,2022-07-15 04:21:54,2022-07-14T22:59:37,,5006,Petersburg,tllms1,242,forested wetland,Forest Edge,80,10,0,320,creek,Alaska,0.284143519,0.325810185,0.22380787,0,11.27142857,10.6,12.2,96.71428571,93,100,2.9,0.857142857,207.2515945,Meteostat
5006,NW,2022-07-15,0,0,0,0,0,0,0,0,0,0,0,0,0,0,0,0,0,0,0,0,0,0,0,0,0,0,0,0,0,8,0,0,0,0,0,0,2022,56.67385,-132.77744,2022-07-15 21:31:22,2022-07-16 04:23:28,2022-07-15T23:15:23,,5006,Petersburg,tllms1,242,forested wetland,Forest Edge,80,10,0,320,creek,Alaska,0.286180556,0.327847222,0.213946759,0,12.71428571,12.2,13,96.28571429,94,100,1.9,0.373015873,209.7515945,Meteostat
5006,NW,2022-07-16,0,0,0,0,0,0,0,0,0,0,0,0,0,0,0,0,1,0,0,0,0,0,0,0,0,0,1,0,0,0,0,0,0,0,0,0,2022,56.67385,-132.77744,2022-07-16 21:29:58,2022-07-17 04:25:04,2022-07-16T23:25:58,,5006,Petersburg,tllms1,242,forested wetland,Forest Edge,80,10,0,320,creek,Alaska,0.288263889,0.329930556,0.207708333,0,13.1125,12.2,14.4,92.75,87,97,0,0.1875,213.1015945,Meteostat
5006,NW,2022-07-17,0,0,0,0,0,0,0,0,0,0,0,0,0,0,0,0,0,0,0,0,0,1,0,0,0,0,0,0,0,0,0,0,0,0,0,0,2022,56.67385,-132.77744,2022-07-17 21:28:30,2022-07-18 04:26:42,2022-07-17T23:33:59,,5006,Petersburg,tllms1,242,forested wetland,Forest Edge,80,10,0,320,creek,Alaska,0.290416667,0.332083333,0.203275463,0.00380787,12.0625,11.7,12.8,98,93,100,2.8,0.1875,216.7015945,Meteostat
5006,NW,2022-07-18,0,0,0,0,0,0,0,0,0,0,0,0,0,0,0,0,0,0,0,0,0,1,0,0,0,0,0,0,0,1,0,0,0,0,0,0,2022,56.67385,-132.77744,2022-07-18 21:27:00,2022-07-19 04:28:21,2022-07-18T23:40:54,,5006,Petersburg,tllms1,242,forested wetland,Forest Edge,80,10,0,320,creek,Alaska,0.292604167,0.334270833,0.199618056,0.009652778,11.1625,11,11.7,97.25,96,100,0,0,219.3515945,Meteostat
5006,NW,2022-07-19,0,0,0,0,0,0,0,0,0,0,1,0,0,0,0,0,0,0,0,0,0,0,0,0,0,0,0,0,0,1,0,0,0,0,0,0,2022,56.67385,-132.77744,2022-07-19 21:25:26,2022-07-20 04:30:03,2022-07-19T23:47:41,,5006,Petersburg,tllms1,242,forested wetland,Forest Edge,80,10,0,320,creek,Alaska,0.294872685,0.336539352,0.196087963,0.015451389,11.4,11,12.2,97.77777778,93,100,0,0.734567901,222.7015945,Meteostat
5006,NW,2023-06-25,0,0,0,0,0,0,0,0,0,0,0,0,0,0,0,0,4,0,0,0,0,4,0,0,0,0,4,0,0,1,0,0,0,0,0,0,2023,56.67385,-132.77744,2023-06-25 21:47:05,2023-06-26 04:00:51,,2023-06-26T00:56:16,5006,Petersburg,tllms1,242,forested wetland,Forest Edge,80,10,0,320,creek,Alaska,0.259560185,0.301226852,0.131377315,0.048043981,13.32857143,12.8,15,96.28571429,83,100,5.8,0.428571429,113.5430535,Meteostat
5006,NW,2023-06-26,0,0,0,0,0,0,0,0,0,0,1,0,0,0,0,0,3,0,0,0,0,7,0,0,0,0,0,0,0,1,0,0,0,0,0,0,2023,56.67385,-132.77744,2023-06-26 21:46:57,2023-06-27 04:01:26,,2023-06-27T01:00:54,5006,Petersburg,tllms1,242,forested wetland,Forest Edge,80,10,0,320,creek,Alaska,0.26005787,0.301724537,0.1346875,0.051354167,13.91428571,13.3,14.4,99.14285714,97,100,1.8,1.031746032,118.8430535,Meteostat
5006,NW,2023-06-27,0,0,0,0,0,0,0,0,0,0,1,0,0,0,0,0,1,0,0,0,0,3,0,0,0,0,0,0,0,2,0,0,0,0,0,0,2023,56.67385,-132.77744,2023-06-27 21:46:44,2023-06-28 04:02:04,,2023-06-28T01:06:26,5006,Petersburg,tllms1,242,forested wetland,Forest Edge,80,10,0,320,creek,Alaska,0.260648148,0.302314815,0.138680556,0.055347222,12.22857143,11.7,13.3,98,93,100,0,0.301587302,123.2430535,Meteostat
5006,NW,2023-06-28,0,0,0,0,0,0,0,0,0,0,0,0,0,0,0,0,1,0,0,0,0,0,0,0,0,0,0,0,0,0,0,0,0,0,0,0,2023,56.67385,-132.77744,2023-06-28 21:46:27,2023-06-29 04:02:47,,2023-06-29T01:13:58,5006,Petersburg,tllms1,242,forested wetland,Forest Edge,80,10,0,320,creek,Alaska,0.261342593,0.303009259,0.144108796,0.060775463,12.82857143,11.1,13.3,88.14285714,80,97,2.1,2.222222222,129.3430535,Meteostat
5006,NW,2023-07-03,0,0,0,0,0,0,0,0,0,0,0,0,0,0,0,0,0,0,0,0,0,1,0,0,0,0,0,0,0,3,0,0,0,0,0,0,2023,56.67385,-132.77744,2023-07-03 21:44:01,2023-07-04 04:07:12,2023-07-03T23:05:04,,5006,Petersburg,tllms1,242,forested wetland,Forest Edge,80,10,0,320,creek,Alaska,0.266099537,0.307766204,0.209814815,0,13.08571429,11.7,14.4,81.14285714,72,86,0,0,144.0987956,Meteostat
5006,NW,2023-07-04,0,0,0,0,0,0,0,0,0,0,1,0,0,0,0,0,0,0,0,0,0,0,0,0,0,0,0,0,0,0,0,0,0,0,0,0,2023,56.67385,-132.77744,2023-07-04 21:43:20,2023-07-05 04:08:16,2023-07-04T23:30:48,,5006,Petersburg,tllms1,242,forested wetland,Forest Edge,80,10,0,320,creek,Alaska,0.267314815,0.308981481,0.192685185,0,12.37142857,11.1,15,88.57142857,78,93,0,1.674603175,147.5088234,Meteostat
5006,NW,2023-07-05,0,0,0,0,0,0,0,0,0,0,0,0,0,0,0,0,0,0,0,0,0,1,0,0,0,0,0,0,0,1,0,0,0,0,0,0,2023,56.67385,-132.77744,2023-07-05 21:42:34,2023-07-06 04:09:22,2023-07-05T23:45:38,,5006,Petersburg,tllms1,242,forested wetland,Forest Edge,80,10,0,320,creek,Alaska,0.268611111,0.310277778,0.183148148,0.00212963,11.08571429,9.4,13.3,86.28571429,77,93,0,1.722222222,153.0588234,Meteostat
5006,NW,2023-07-06,0,0,0,0,0,0,0,0,0,0,0,0,0,0,0,0,0,0,0,0,0,0,0,0,0,0,0,0,0,2,0,0,0,0,0,0,2023,56.67385,-132.77744,2023-07-06 21:41:45,2023-07-07 04:10:32,2023-07-06T23:55:08,,5006,Petersburg,tllms1,242,forested wetland,Forest Edge,80,10,0,320,creek,Alaska,0.269988426,0.311655093,0.177361111,0.009293981,14.67142857,12.8,17.2,76.28571429,67,83,0,1.777777778,156.9588234,Meteostat
5006,NW,2024-06-21,0,,0,0,0,0,,0,0,0,0,,0,0,0,0,0,,,,0,4,0,0,1,0,0,0,0,0,,,,,,0,2024,56.67385,-132.77744,2024-06-21 21:47:02,2024-06-22 03:59:25,2024-06-21T22:49:15,2024-06-22T03:37:39,5006,Petersburg,tllms1,242,forested wetland,Forest Edge,80,10,0,320,creek,Alaska,0.258599537,0.300266204,0.200277778,0,12.25714286,12,12.8,97.71428571,93,100,4.7,0.642857143,75.80072738,Meteostat
5006,NW,2024-06-22,0,,0,0,0,0,,0,0,0,0,,0,0,0,0,2,,,,0,2,0,0,1,0,1,0,0,0,,,,,,0,2024,56.67385,-132.77744,2024-06-22 21:47:07,2024-06-23 03:59:46,2024-06-22T23:32:41,,5006,Petersburg,tllms1,242,forested wetland,Forest Edge,80,10,0,320,creek,Alaska,0.258784722,0.300451389,0.185474537,0,11.81428571,11,12.8,98.85714286,96,100,0,1.333333333,82.35072738,Meteostat
5006,NW,2024-06-23,0,,0,0,0,0,,0,0,0,1,,0,0,0,0,0,,,,0,0,0,0,0,0,0,0,0,0,,,,,,0,2024,56.67385,-132.77744,2024-06-23 21:47:08,2024-06-24 04:00:12,2024-06-23T23:57:09,,5006,Petersburg,tllms1,242,forested wetland,Forest Edge,80,10,0,320,creek,Alaska,0.259074074,0.300740741,0.168784722,0.006956019,11.77142857,11.7,12.2,99.57142857,97,100,0,0,86.25072738,Meteostat
5006,NW,2024-06-24,0,,0,0,0,0,,0,0,0,2,,0,0,0,0,4,,,,0,2,0,0,1,0,1,0,0,0,,,,,,0,2024,56.67385,-132.77744,2024-06-24 21:47:05,2024-06-25 04:00:42,2024-06-25T00:11:15,,5006,Petersburg,tllms1,242,forested wetland,Forest Edge,80,10,0,320,creek,Alaska,0.259456019,0.301122685,0.159340278,0.016782407,11.11428571,10.6,11.7,99,96,100,0,0,88.95072738,Meteostat
5006,NW,2024-06-25,0,,0,0,0,0,,0,0,0,0,,0,0,0,0,3,,,,0,0,0,0,1,0,1,0,0,0,,,,,,0,2024,56.67385,-132.77744,2024-06-25 21:46:58,2024-06-26 04:01:15,2024-06-26T00:20:07,,5006,Petersburg,tllms1,242,forested wetland,Forest Edge,80,10,0,320,creek,Alaska,0.259918981,0.301585648,0.153564815,0.023020833,12.14285714,11.7,13.3,86.71428571,80,93,0,0.515873016,91.70072738,Meteostat
5006,NW,2024-06-26,0,,0,0,0,0,,0,0,0,1,,0,0,0,0,1,,,,0,3,0,0,3,0,1,0,0,0,,,,,,0,2024,56.67385,-132.77744,2024-06-26 21:46:46,2024-06-27 04:01:53,2024-06-27T00:26:25,,5006,Petersburg,tllms1,242,forested wetland,Forest Edge,80,10,0,320,creek,Alaska,0.260497685,0.302164352,0.14962963,0.027534722,13.24285714,12.2,15,91.28571429,81,97,0,0.214285714,95.05072738,Meteostat
5006,NW,2024-06-27,0,,0,0,0,0,,0,0,0,0,,0,0,0,0,3,,,,0,5,0,0,0,0,0,0,0,0,,,,,,0,2024,56.67385,-132.77744,2024-06-27 21:46:30,2024-06-28 04:02:34,2024-06-28T00:31:35,,5006,Petersburg,tllms1,242,forested wetland,Forest Edge,80,10,0,320,creek,Alaska,0.261157407,0.302824074,0.146516204,0.03130787,14.2,13.3,15.6,85.85714286,80,90,0,0,100.0507274,Meteostat
5006,NW,2024-06-28,0,,0,0,0,0,,0,0,0,3,,0,0,0,0,2,,,,0,1,0,0,0,0,1,0,0,0,,,,,,0,2024,56.67385,-132.77744,2024-06-28 21:46:10,2024-06-29 04:03:19,2024-06-29T00:36:37,,5006,Petersburg,tllms1,242,forested wetland,Forest Edge,80,10,0,320,creek,Alaska,0.261909722,0.303576389,0.143541667,0.035034722,13.42857143,12.8,13.9,98.85714286,96,100,1.3,0,107.0007274,Meteostat
5006,NW,2024-06-29,0,,0,0,0,0,,0,0,0,2,,0,0,0,0,1,,,,0,1,0,0,0,0,0,0,0,0,,,,,,0,2024,56.67385,-132.77744,2024-06-29 21:45:46,2024-06-30 04:04:08,2024-06-30T00:42:28,,5006,Petersburg,tllms1,242,forested wetland,Forest Edge,80,10,0,320,creek,Alaska,0.26275463,0.304421296,0.140046296,0.039375,13.2,12,13.9,97.28571429,93,100,0.2,0,112.8007274,Meteostat
5006,NW,2024-06-30,0,,0,0,0,0,,0,0,0,0,,0,0,0,0,1,,,,0,1,0,0,0,0,0,0,0,0,,,,,,0,2024,56.67385,-132.77744,2024-06-30 21:45:18,2024-07-01 04:05:00,2024-07-01T00:50:20,,5006,Petersburg,tllms1,242,forested wetland,Forest Edge,80,10,0,320,creek,Alaska,0.263680556,0.305347222,0.135185185,0.045162037,11.7,11.7,11.7,97.71428571,96,100,0,0.944444444,118.1007274,Meteostat
5006,NW,2024-07-01,0,,0,0,0,0,,0,0,0,0,,0,0,0,0,1,,,,0,0,0,0,0,0,0,0,0,0,,,,,,0,2024,56.67385,-132.77744,2024-07-01 21:44:46,2024-07-02 04:05:56,2024-07-02T01:02:17,,5006,Petersburg,tllms1,242,forested wetland,Forest Edge,80,10,0,320,creek,Alaska,0.264699074,0.306365741,0.127534722,0.053831019,11.91428571,11.1,12.8,88.57142857,83,93,0,0.642857143,121.9507274,Meteostat
5006,NW,2024-07-02,0,,0,0,0,0,,0,0,0,0,,0,0,0,0,5,,,,0,0,0,0,1,0,0,0,0,0,,,,,,0,2024,56.67385,-132.77744,2024-07-02 21:44:10,2024-07-03 04:06:56,2024-07-03T01:22:09,,5006,Petersburg,tllms1,242,forested wetland,Forest Edge,80,10,0,320,creek,Alaska,0.265810185,0.307476852,0.11443287,0.068043981,11.42857143,10,13.3,83.85714286,72,93,0,2.079365079,124.9507274,Meteostat
5006,NW,2024-07-03,0,,0,0,0,0,,0,0,0,1,,0,0,0,0,5,,,,0,0,0,0,0,0,1,0,0,0,,,,,,0,2024,56.67385,-132.77744,2024-07-03 21:43:29,2024-07-04 04:07:59,2024-07-04T01:56:50,,5006,Petersburg,tllms1,242,forested wetland,Forest Edge,80,10,0,320,creek,Alaska,0.267013889,0.308680556,0.091076389,0.092604167,11.48571429,11,12.2,88.28571429,86,93,0,0.813492063,128.0007274,Meteostat
5006,NW,2024-07-04,0,,0,0,0,0,,0,0,0,1,,0,0,0,0,1,,,,0,0,0,0,0,0,2,0,0,0,,,,,,0,2024,56.67385,-132.77744,2024-07-04 21:42:45,2024-07-05 04:09:05,2024-07-05T02:53:47,2024-07-04T21:57:25,5006,Petersburg,tllms1,242,forested wetland,Forest Edge,80,10,0,320,creek,Alaska,0.268287037,0.309953704,-0.205810185,0.132662037,9.457142857,7.8,12.2,95.28571429,90,100,0,0.857142857,129.9507274,Meteostat
5006,NW,2024-07-05,0,,0,2,0,0,,0,0,0,1,,0,0,0,0,0,,,,0,3,0,0,0,0,0,0,0,0,,,,,,0,2024,56.67385,-132.77744,2024-07-05 21:41:57,2024-07-06 04:10:14,,2024-07-05T22:38:03,5006,Petersburg,tllms1,242,forested wetland,Forest Edge,80,10,0,320,creek,Alaska,0.269641204,0.31130787,0.038958333,0,11.72857143,9.4,14.4,79.14285714,67,90,0,1.349206349,133.8507274,Meteostat
5006,NW,2024-07-06,0,,0,0,0,0,,0,0,0,2,,0,0,0,0,1,,,,0,2,0,0,0,0,1,0,0,0,,,,,,0,2024,56.67385,-132.77744,2024-07-06 21:41:05,2024-07-07 04:11:26,,2024-07-06T23:00:59,5006,Petersburg,tllms1,242,forested wetland,Forest Edge,80,10,0,320,creek,Alaska,0.271076389,0.312743056,0.055486111,0,11.2,8.9,15.6,83.28571429,64,93,0,1.849206349,137.0990712,Meteostat
5006,NW,2024-07-07,0,,0,0,0,0,,0,0,0,1,,0,0,0,0,0,,,,0,2,0,0,2,0,1,0,0,0,,,,,,0,2024,56.67385,-132.77744,2024-07-07 21:40:10,2024-07-08 04:12:41,,2024-07-07T23:14:15,5006,Petersburg,tllms1,242,forested wetland,Forest Edge,80,10,0,320,creek,Alaska,0.272581019,0.314247685,0.065335648,0,11.12857143,8.9,13.3,84.14285714,75,93,0,0,140.8668128,Meteostat
5006,NW,2025-06-20,,,0,,0,0,,0,0,0,0,,0,0,0,0,5,,,,0,8,0,0,0,,1,0,0,2,,,,,,,2025,56.67385,-132.77744,2025-06-20 21:46:49,2025-06-21 03:59:03,2025-06-21T01:12:19,,5006,Petersburg,tllms1,242,forested wetland,Forest Edge,80,10,0,320,creek,Alaska,0.25849537,0.300162037,0.115787037,0.059375,9.414285714,8,11.1,99,96,100,0,0.908730159,43.82931946,Meteostat
5006,NW,2025-06-21,,,0,,0,0,,0,0,0,3,,0,0,0,0,0,,,,0,3,0,0,0,,3,0,0,3,,,,,,,2025,56.67385,-132.77744,2025-06-21 21:47:00,2025-06-22 03:59:19,2025-06-22T01:23:32,,5006,Petersburg,tllms1,242,forested wetland,Forest Edge,80,10,0,320,creek,Alaska,0.258553241,0.300219907,0.10818287,0.067037037,11.55714286,9,15,92.85714286,78,100,0,0.666666667,46.113598,Meteostat
5006,NW,2025-06-22,,,0,,0,0,,0,0,0,0,,0,0,0,0,1,,,,0,3,0,0,0,,0,0,0,2,,,,,,,2025,56.67385,-132.77744,2025-06-22 21:47:06,2025-06-23 03:59:40,2025-06-23T01:42:41,,5006,Petersburg,tllms1,242,forested wetland,Forest Edge,80,10,0,320,creek,Alaska,0.258726852,0.300393519,0.095127315,0.080266204,12.74285714,12,15,89.71428571,81,93,0,0.773809524,50.46624119,Meteostat
5006,NW,2025-06-23,,,0,,0,0,,0,0,0,0,,1,0,0,0,2,,,,0,5,0,0,0,,0,0,0,1,,,,,,,2025,56.67385,-132.77744,2025-06-23 21:47:08,2025-06-24 04:00:05,2025-06-24T02:17:55,,5006,Petersburg,tllms1,242,forested wetland,Forest Edge,80,10,0,320,creek,Alaska,0.258993056,0.300659722,0.070949074,0.104710648,12.22857143,11.7,13,95.71428571,93,100,0,1.027777778,56.08488092,Meteostat
5006,NW,2025-06-24,,,0,,0,0,,0,0,0,0,,0,0,0,0,1,,,,0,4,0,0,0,,0,0,0,0,,,,,,,2025,56.67385,-132.77744,2025-06-24 21:47:06,2025-06-25 04:00:34,2025-06-25T03:19:41,2025-06-24T22:22:20,5006,Petersburg,tllms1,242,forested wetland,Forest Edge,80,10,0,320,creek,Alaska,0.259351852,0.301018519,-0.206493056,0.147627315,12.14285714,11.8,12.5,97.28571429,97,98,3,1.257936508,59.58488092,Meteostat
5006,NW,2025-06-25,,,0,,0,0,,0,0,0,1,,0,0,0,0,1,,,,0,2,0,0,1,,0,0,0,2,,,,,,,2025,56.67385,-132.77744,2025-06-25 21:47:00,2025-06-26 04:01:07,,2025-06-25T23:06:58,5006,Petersburg,tllms1,242,forested wetland,Forest Edge,80,10,0,320,creek,Alaska,0.259803241,0.301469907,0.055532407,0,11.05714286,11,11.1,100,100,100,1.5,0.702380952,63.43488092,Meteostat
5006,NW,2025-06-26,,,0,,0,0,,0,0,0,0,,0,0,0,0,1,,,,0,0,0,0,0,,0,0,0,0,,,,,,,2025,56.67385,-132.77744,2025-06-26 21:46:49,2025-06-27 04:01:44,,2025-06-26T23:30:52,5006,Petersburg,tllms1,242,forested wetland,Forest Edge,80,10,0,320,creek,Alaska,0.260358796,0.302025463,0.072256944,0,11.47142857,11,12,98.85714286,96,100,3.3,0.76984127,65.43488092,Meteostat
5006,NW,2025-06-27,,,0,,0,0,,0,0,0,1,,0,0,0,0,1,,,,0,0,0,0,1,,0,0,0,0,,,,,,,2025,56.67385,-132.77744,2025-06-27 21:46:35,2025-06-28 04:02:24,,2025-06-27T23:44:12,5006,Petersburg,tllms1,242,forested wetland,Forest Edge,80,10,0,320,creek,Alaska,0.260983796,0.302650463,0.081678241,0,11.74285714,10.9,12.2,93.28571429,83,100,1.4,1.726190476,68.23488092,Meteostat
5006,NW,2025-06-28,,,0,,0,0,,0,0,0,0,,0,0,0,0,0,,,,0,0,0,0,0,,1,0,0,1,,,,,,,2025,56.67385,-132.77744,2025-06-28 21:46:16,2025-06-29 04:03:09,,2025-06-28T23:52:19,5006,Petersburg,tllms1,242,forested wetland,Forest Edge,80,10,0,320,creek,Alaska,0.261724537,0.303391204,0.087534722,0.004201389,11.05714286,10,11.7,96.85714286,89,100,2.7,1.329365079,70.93488092,Meteostat
5006,NW,2025-06-29,,,0,,0,0,,0,0,0,0,,0,0,0,0,1,,,,0,0,0,0,0,,1,0,0,1,,,,,,,2025,56.67385,-132.77744,2025-06-29 21:45:53,2025-06-30 04:03:57,,2025-06-29T23:57:48,5006,Petersburg,tllms1,242,forested wetland,Forest Edge,80,10,0,320,creek,Alaska,0.262546296,0.304212963,0.091608796,0.008275463,10.14285714,9,11,98.85714286,96,100,0.5,1.079365079,72.73488092,Meteostat
5006,NW,2025-06-30,,,0,,0,0,,0,0,0,1,,0,0,0,0,1,,,,0,1,0,0,1,,0,0,0,0,,,,,,,2025,56.67385,-132.77744,2025-06-30 21:45:26,2025-07-01 04:04:49,,2025-07-01T00:01:58,5006,Petersburg,tllms1,242,forested wetland,Forest Edge,80,10,0,320,creek,Alaska,0.263460648,0.305127315,0.094814815,0.011481481,12.42857143,11.7,13.3,97,93,100,7.4,1.305555556,74.38488092,Meteostat
5006,NW,2025-07-01,,,0,,0,0,,0,0,1,1,,0,0,0,0,2,,,,0,1,0,0,0,,0,0,0,0,,,,,,,2025,56.67385,-132.77744,2025-07-01 21:44:54,2025-07-02 04:05:44,,2025-07-02T00:05:39,5006,Petersburg,tllms1,242,forested wetland,Forest Edge,80,10,0,320,creek,Alaska,0.264467593,0.306134259,0.097743056,0.014409722,10,10,10,100,100,100,1.4,0.575396825,75.74471082,Meteostat
5006,NW,2025-07-02,,,0,,0,0,,0,0,0,1,,0,0,0,0,2,,,,0,2,0,0,0,,0,0,0,0,,,,,,,2025,56.67385,-132.77744,2025-07-02 21:44:19,2025-07-03 04:06:42,,2025-07-03T00:09:29,5006,Petersburg,tllms1,242,forested wetland,Forest Edge,80,10,0,320,creek,Alaska,0.265543981,0.307210648,0.100810185,0.017476852,11.05714286,10.6,11.7,99,96,100,0,0.626984127,78.79471082,Meteostat
5006,NW,2025-07-03,,,0,,0,0,,0,0,0,2,,0,0,0,0,2,,,,0,0,0,0,0,,0,0,0,0,,,,,,,2025,56.67385,-132.77744,2025-07-03 21:43:40,2025-07-04 04:07:44,,2025-07-04T00:14:09,5006,Petersburg,tllms1,242,forested wetland,Forest Edge,80,10,0,320,creek,Alaska,0.266712963,0.30837963,0.104502315,0.021168981,11.87142857,11,12.8,96.14285714,93,97,0,0.242063492,80.74471082,Meteostat
5006,NW,2025-07-04,,,0,,0,0,,0,0,0,3,,0,0,0,0,0,,,,0,3,0,0,0,,0,0,0,0,,,,,,,2025,56.67385,-132.77744,2025-07-04 21:42:56,2025-07-05 04:08:49,,2025-07-05T00:20:34,5006,Petersburg,tllms1,242,forested wetland,Forest Edge,80,10,0,320,creek,Alaska,0.267974537,0.309641204,0.109467593,0.026134259,12.61428571,11.7,13.9,88,77,96,0,1.067460317,83.54471082,Meteostat
5006,NW,2025-07-05,,,0,,0,0,,0,0,0,0,,0,0,0,0,0,,,,0,0,0,0,0,,1,0,0,0,,,,,,,2025,56.67385,-132.77744,2025-07-05 21:42:09,2025-07-06 04:09:58,,2025-07-06T00:30:17,5006,Petersburg,tllms1,242,forested wetland,Forest Edge,80,10,0,320,creek,Alaska,0.26931713,0.310983796,0.116759259,0.033425926,13.51428571,11,15.6,83.28571429,69,97,0.5,1.285714286,87.09471082,Meteostat
5006,NW,2025-07-11,,,0,,0,0,,0,0,0,0,,0,0,0,0,0,,,,0,1,0,0,0,,0,0,0,0,,,,,,,2025,56.67385,-132.77744,2025-07-11 21:36:08,2025-07-12 04:17:48,2025-07-11T22:42:46,,5006,Petersburg,tllms1,242,forested wetland,Forest Edge,80,10,0,320,creek,Alaska,0.278935185,0.320601852,0.232662037,0,10.78571429,10,12.2,91.71428571,80,100,2.4,1.337301587,104.7191985,Meteostat
5006,NW,2025-07-13,,,0,,0,0,,0,0,0,0,,0,0,0,0,0,,,,0,0,0,0,1,,0,0,0,0,,,,,,,2025,56.67385,-132.77744,2025-07-13 21:33:40,2025-07-14 04:20:46,2025-07-13T22:59:12,,5006,Petersburg,tllms1,242,forested wetland,Forest Edge,80,10,0,320,creek,Alaska,0.282708333,0.324375,0.223310185,0,11.01428571,10,12,99.42857143,96,100,0,1.174603175,109.0691985,Meteostat
5006,NW,2025-07-14,,,0,,0,0,,0,0,0,0,,0,0,0,0,0,,,,0,3,0,0,0,,0,0,0,2,,,,,,,2025,56.67385,-132.77744,2025-07-14 21:32:21,2025-07-15 04:22:18,2025-07-14T23:04:22,,5006,Petersburg,tllms1,242,forested wetland,Forest Edge,80,10,0,320,creek,Alaska,0.2846875,0.326354167,0.220787037,0,10.94285714,9,12.8,98.85714286,96,100,0,1.420634921,110.7151258,Meteostat
5006,NW1,2015-07-02,0,0,0,0,0,0,0,0,0,0,0,0,0,0,0,0,1,0,0,0,0,0,0,0,0,0,0,0,0,3,0,0,0,0,0,0,2015,56.65985,-132.83787,2015-07-02 21:44:44,2015-07-03 04:06:28,,,5006,Petersburg,tllfr1,139,forest-conifer,,0,70,0,200,creek,Alaska,0.265092593,0.306759259,9,9,NA,NA,NA,NA,NA,NA,NA,NA,0,Meteostat
5006,NW1,2015-07-03,0,0,0,0,0,0,0,0,0,0,0,0,0,0,0,0,0,0,0,0,0,0,0,0,0,0,0,0,0,2,0,0,0,0,0,0,2015,56.65985,-132.83787,2015-07-03 21:44:07,2015-07-04 04:07:28,2015-07-03T22:19:29,,5006,Petersburg,tllfr1,139,forest-conifer,,0,70,0,200,creek,Alaska,0.266215278,0.307881944,0.241655093,0,NA,NA,NA,NA,NA,NA,NA,NA,0,Meteostat
5006,NW1,2015-07-04,0,0,0,1,0,0,0,0,0,0,2,0,0,0,0,3,5,0,0,0,0,0,0,0,0,0,0,0,0,10,0,0,0,0,0,0,2015,56.65985,-132.83787,2015-07-04 21:43:26,2015-07-05 04:08:31,2015-07-04T22:49:42,,5006,Petersburg,tllfr1,139,forest-conifer,,0,70,0,200,creek,Alaska,0.267418981,0.309085648,0.221400463,0,NA,NA,NA,NA,NA,NA,NA,NA,0,Meteostat
5006,NW1,2015-07-05,0,0,0,1,0,0,0,0,0,0,1,0,0,0,0,1,9,0,0,0,0,0,0,0,2,0,0,0,0,7,0,0,0,0,0,0,2015,56.65985,-132.83787,2015-07-05 21:42:41,2015-07-06 04:09:37,2015-07-05T23:15:53,,5006,Petersburg,tllfr1,139,forest-conifer,,0,70,0,200,creek,Alaska,0.268703704,0.31037037,0.203981481,0,NA,NA,NA,NA,NA,NA,NA,NA,0,Meteostat
5006,NW1,2015-07-06,0,0,0,1,0,0,0,0,0,0,0,0,0,0,0,2,3,0,0,0,0,0,0,0,1,0,0,0,0,6,0,0,0,0,0,0,2015,56.65985,-132.83787,2015-07-06 21:41:52,2015-07-07 04:10:47,2015-07-06T23:39:47,,5006,Petersburg,tllfr1,139,forest-conifer,,0,70,0,200,creek,Alaska,0.270081019,0.311747685,0.188194444,0,NA,NA,NA,NA,NA,NA,NA,NA,0,Meteostat
5006,NW2,2015-07-02,0,0,0,0,0,0,0,0,0,0,0,0,0,0,0,0,0,0,0,0,0,0,0,0,0,0,0,0,0,2,0,0,0,0,0,0,2015,56.69115,-132.82988,2015-07-02 21:44:56,2015-07-03 04:06:11,,,5006,Petersburg,tllrp2,27,forest-conifer,Stream,0,70,1,10,creek,Alaska,0.264756944,0.306423611,9,9,NA,NA,NA,NA,NA,NA,NA,NA,0,Meteostat
5006,NW2,2015-07-03,0,0,0,18,0,0,0,0,0,0,21,0,0,0,0,25,1,0,0,0,0,7,0,0,16,0,0,0,0,27,0,0,0,0,0,0,2015,56.69115,-132.82988,2015-07-03 21:44:19,2015-07-04 04:07:11,2015-07-03T22:19:34,,5006,Petersburg,tllrp2,27,forest-conifer,Stream,0,70,1,10,creek,Alaska,0.26587963,0.307546296,0.241400463,0,NA,NA,NA,NA,NA,NA,NA,NA,0,Meteostat
5006,NW2,2015-07-04,0,0,0,8,0,0,0,0,0,0,11,0,0,0,0,7,0,0,0,0,0,2,0,0,2,0,0,0,0,14,0,0,0,0,0,0,2015,56.69115,-132.82988,2015-07-04 21:43:38,2015-07-05 04:08:14,2015-07-04T22:49:45,,5006,Petersburg,tllrp2,27,forest-conifer,Stream,0,70,1,10,creek,Alaska,0.267083333,0.30875,0.221168981,0,NA,NA,NA,NA,NA,NA,NA,NA,0,Meteostat
5006,NW2,2015-07-05,0,0,0,14,0,0,0,0,0,0,4,0,0,0,0,5,5,0,0,0,0,1,0,0,4,0,0,0,0,22,0,0,0,0,0,0,2015,56.69115,-132.82988,2015-07-05 21:42:53,2015-07-06 04:09:21,2015-07-05T23:15:53,,5006,Petersburg,tllrp2,27,forest-conifer,Stream,0,70,1,10,creek,Alaska,0.26837963,0.310046296,0.203796296,0,NA,NA,NA,NA,NA,NA,NA,NA,0,Meteostat
5006,NW2,2015-07-06,0,0,0,0,0,0,0,0,0,0,0,0,0,0,0,5,1,0,0,0,0,1,0,0,1,0,0,0,0,13,0,0,0,0,0,0,2015,56.69115,-132.82988,2015-07-06 21:42:05,2015-07-07 04:10:31,2015-07-06T23:39:46,,5006,Petersburg,tllrp2,27,forest-conifer,Stream,0,70,1,10,creek,Alaska,0.26974537,0.311412037,0.188020833,0,NA,NA,NA,NA,NA,NA,NA,NA,0,Meteostat
5006,NW2,2019-07-01,0,0,0,0,0,0,0,0,0,0,16,0,0,0,0,39,0,0,0,0,0,0,0,0,0,0,0,0,0,12,0,0,0,0,0,0,2019,56.69115,-132.82988,2019-07-01 21:45:31,2019-07-02 04:05:18,2019-07-02T04:05:15,,5006,Petersburg,tllrp2,27,forest-conifer,Stream,0,70,1,10,creek,Alaska,0.263738426,0.305405093,3.47222E-05,0.18037037,14.35714286,12.2,16.7,92.57142857,84,97,0,0.428571429,189.1417564,Meteostat
5006,NW2,2019-07-02,0,0,0,4,0,0,0,0,0,0,4,0,0,0,0,15,16,0,0,0,0,0,0,0,0,0,0,0,0,23,0,0,0,0,0,0,2019,56.69115,-132.82988,2019-07-02 21:44:58,2019-07-03 04:06:15,,2019-07-02T21:54:04,5006,Petersburg,tllrp2,27,forest-conifer,Stream,0,70,1,10,creek,Alaska,0.264780093,0.306446759,0.006319444,0,16.41428571,15,18.9,82.42857143,75,86,0,0.601851852,196.0917564,Meteostat
5006,NW2,2019-07-03,0,0,0,2,0,0,0,0,0,0,19,0,0,0,0,28,2,0,0,0,0,0,0,0,1,0,0,0,0,29,0,0,0,0,0,0,2019,56.69115,-132.82988,2019-07-03 21:44:21,2019-07-04 04:07:15,,2019-07-03T22:43:15,5006,Petersburg,tllrp2,27,forest-conifer,Stream,0,70,1,10,creek,Alaska,0.265902778,0.307569444,0.040902778,0,15.22857143,14.4,16.7,84.57142857,80,87,NA,0,203.2917564,Meteostat
5006,NW2,2019-07-04,0,0,0,3,0,0,0,0,0,0,25,0,0,0,0,48,2,0,0,0,0,1,0,0,2,0,0,0,0,106,0,0,0,0,0,0,2019,56.69115,-132.82988,2019-07-04 21:43:40,2019-07-05 04:08:19,,2019-07-04T23:19:26,5006,Petersburg,tllrp2,27,forest-conifer,Stream,0,70,1,10,creek,Alaska,0.267118056,0.308784722,0.06650463,0,14.37142857,12.8,16.1,90.57142857,83,96,0,0,209.9417564,Meteostat
5006,NW2,2019-07-05,0,0,0,2,0,0,0,0,0,0,8,0,0,0,0,8,13,0,0,0,0,0,0,0,3,0,0,0,0,25,0,0,0,1,0,0,2019,56.69115,-132.82988,2019-07-05 21:42:55,2019-07-06 04:09:25,,2019-07-05T23:46:13,5006,Petersburg,tllrp2,27,forest-conifer,Stream,0,70,1,10,creek,Alaska,0.268402778,0.310069444,0.085625,0.002291667,15.45714286,13.3,18.3,77.57142857,68,87,0,0.642857143,217.3917564,Meteostat
5006,NW2,2020-06-24,0,0,0,1,0,0,0,0,0,0,21,0,0,0,0,44,2,0,0,0,0,0,0,0,0,0,0,0,0,15,0,0,0,0,0,0,2020,56.69115,-132.82988,2020-06-24 21:47:26,2020-06-25 04:00:46,,2020-06-25T00:22:45,5006,Petersburg,tllrp2,27,forest-conifer,Stream,0,70,1,10,creek,Alaska,0.259259259,0.300925926,0.107858796,0.024525463,9.842857143,8.3,10.6,89.57142857,83,97,1.3,0,86.71234019,Meteostat
5006,NW2,2020-06-25,0,0,0,2,0,0,0,0,0,0,9,0,0,0,0,19,1,0,0,0,0,0,0,0,0,0,0,0,0,9,0,0,0,0,0,0,2020,56.69115,-132.82988,2020-06-25 21:47:19,2020-06-26 04:01:20,,2020-06-26T00:41:22,5006,Petersburg,tllrp2,27,forest-conifer,Stream,0,70,1,10,creek,Alaska,0.259733796,0.301400463,0.120868056,0.037534722,9.485714286,9.4,10,93.57142857,89,97,3.1,1.246031746,87.66385139,Meteostat
5006,NW2,2020-06-27,0,0,0,0,0,0,0,0,0,0,0,0,0,0,0,0,0,0,0,0,0,0,0,0,0,0,0,0,0,1,0,0,0,0,0,0,2020,56.69115,-132.82988,2020-06-27 21:46:51,2020-06-28 04:02:39,,2020-06-28T01:09:33,5006,Petersburg,tllrp2,27,forest-conifer,Stream,0,70,1,10,creek,Alaska,0.260972222,0.302638889,0.140763889,0.057430556,9.671428571,7.8,11.7,95,89,100,NA,1.031746032,88.48141177,Meteostat
5006,NW2,2020-06-28,0,0,0,0,0,0,0,0,0,0,2,0,0,0,0,1,0,0,0,0,0,0,0,0,0,0,0,0,0,2,0,0,0,0,0,0,2020,56.69115,-132.82988,2020-06-28 21:46:31,2020-06-29 04:03:24,,2020-06-29T01:22:24,5006,Petersburg,tllrp2,27,forest-conifer,Stream,0,70,1,10,creek,Alaska,0.261724537,0.303391204,0.149918981,0.066585648,11.48571429,9.4,15.6,81.57142857,57,97,2.1,1.246031746,90.92385995,Meteostat
5006,NW2,2020-06-29,0,0,0,1,0,0,0,0,0,0,3,0,0,0,0,7,1,0,0,0,0,0,0,0,1,0,0,0,0,5,0,0,0,0,0,0,2020,56.69115,-132.82988,2020-06-29 21:46:07,2020-06-30 04:04:12,,2020-06-30T01:36:16,5006,Petersburg,tllrp2,27,forest-conifer,Stream,0,70,1,10,creek,Alaska,0.26255787,0.304224537,0.159826389,0.076493056,10.4,8.9,12.8,93.28571429,83,100,0,1.603174603,116.5110158,Meteostat
5006,NW2,2022-06-28,0,0,2,1,1,0,0,0,0,0,68,0,0,0,0,0,12,0,0,0,0,0,0,0,0,0,3,0,0,48,0,0,0,0,0,0,2022,56.69115,-132.82988,2022-06-28 21:46:43,2022-06-29 04:03:02,2022-06-29T03:53:50,2022-06-28T22:23:53,5006,Petersburg,tllrp2,27,forest-conifer,Stream,0,70,1,10,creek,Alaska,0.261331019,0.302997685,-0.229131944,0.171608796,15.32857143,13.9,17.8,81.57142857,73,87,0,0.214285714,122.1556672,Meteostat
5006,NW2,2022-06-29,0,0,0,4,2,0,0,0,0,1,138,0,0,0,0,0,2,0,0,0,0,0,0,0,0,0,7,0,0,94,0,0,0,0,0,0,2022,56.69115,-132.82988,2022-06-29 21:46:21,2022-06-30 04:03:49,,2022-06-29T23:05:08,5006,Petersburg,tllrp2,27,forest-conifer,Stream,0,70,1,10,creek,Alaska,0.26212963,0.303796296,0.054710648,0,14.84285714,13.9,16.1,84.57142857,80,90,0,1.246031746,131.3056672,Meteostat
5006,NW2,2022-06-30,0,0,0,1,1,0,0,0,0,0,194,0,0,0,0,0,1,0,0,0,0,0,0,0,0,0,1,0,0,85,0,0,0,0,0,0,2022,56.69115,-132.82988,2022-06-30 21:45:55,2022-07-01 04:04:40,,2022-06-30T23:32:37,5006,Petersburg,tllrp2,27,forest-conifer,Stream,0,70,1,10,creek,Alaska,0.263020833,0.3046875,0.074097222,0,12.52857143,11.7,14.4,91.28571429,84,93,0,0.428571429,137.7056672,Meteostat
5006,NW2,2022-07-01,0,0,0,4,0,0,0,0,0,0,100,0,0,0,0,0,2,0,0,0,0,1,0,0,0,0,0,0,0,44,0,0,0,0,0,0,2022,56.69115,-132.82988,2022-07-01 21:45:25,2022-07-02 04:05:34,,2022-07-01T23:50:45,5006,Petersburg,tllrp2,27,forest-conifer,Stream,0,70,1,10,creek,Alaska,0.263993056,0.305659722,0.087037037,0.003703704,14.92857143,13.9,17.2,81.57142857,70,87,0,0,142.7056672,Meteostat
5006,NW2,2022-07-02,0,0,3,4,0,0,0,0,0,0,72,0,0,0,0,0,6,0,0,0,0,1,0,0,0,0,1,0,0,44,0,0,0,0,0,0,2022,56.69115,-132.82988,2022-07-02 21:44:51,2022-07-03 04:06:31,,2022-07-03T00:03:12,5006,Petersburg,tllrp2,27,forest-conifer,Stream,0,70,1,10,creek,Alaska,0.265046296,0.306712963,0.096076389,0.012743056,14.2,12.2,16.1,84.28571429,78,93,0,1.119047619,148.2056672,Meteostat
5006,NW2,2022-07-03,0,0,4,4,0,0,0,0,0,0,82,0,0,0,0,0,3,0,0,0,0,0,0,0,0,0,2,0,0,48,0,0,0,0,0,0,2022,56.69115,-132.82988,2022-07-03 21:44:12,2022-07-04 04:07:33,,2022-07-04T00:12:21,5006,Petersburg,tllrp2,27,forest-conifer,Stream,0,70,1,10,creek,Alaska,0.266215278,0.307881944,0.102881944,0.019548611,15.15714286,12.2,18.3,74.71428571,65,86,0,0.658730159,155.4556672,Meteostat
5006,NW2,2022-07-04,0,0,2,0,0,0,0,0,0,0,114,0,0,0,0,0,16,0,0,0,0,0,0,0,0,0,0,0,0,32,0,0,0,0,0,0,2022,56.69115,-132.82988,2022-07-04 21:43:30,2022-07-05 04:08:37,,2022-07-05T00:19:41,5006,Petersburg,tllrp2,27,forest-conifer,Stream,0,70,1,10,creek,Alaska,0.26744213,0.309108796,0.108460648,0.025127315,17.45714286,16.1,19.4,68.42857143,59,78,0,0.817460317,162.6556672,Meteostat
5006,NW2,2022-07-05,0,0,1,0,0,0,0,0,0,1,46,0,0,0,0,0,9,0,0,0,0,0,0,0,0,0,0,0,0,19,0,0,0,0,0,0,2022,56.69115,-132.82988,2022-07-05 21:42:44,2022-07-06 04:09:45,,2022-07-06T00:26:13,5006,Petersburg,tllrp2,27,forest-conifer,Stream,0,70,1,10,creek,Alaska,0.268761574,0.310428241,0.113530093,0.030196759,15.08571429,13.9,17.2,89.71428571,81,96,0.3,0.658730159,170.9556672,Meteostat
5006,NW2,2022-07-06,0,0,0,6,0,0,0,0,0,1,83,0,0,0,0,0,2,0,0,0,0,2,0,0,0,0,2,0,0,53,0,0,0,0,0,0,2022,56.69115,-132.82988,2022-07-06 21:41:54,2022-07-07 04:10:55,,2022-07-07T00:32:50,5006,Petersburg,tllrp2,27,forest-conifer,Stream,0,70,1,10,creek,Alaska,0.270150463,0.31181713,0.118703704,0.03537037,15.74285714,14,16.7,88.28571429,80,97,0,0.214285714,178.7556672,Meteostat
5006,NW2,2022-07-07,0,0,0,3,0,0,0,0,0,0,35,0,0,0,0,0,0,0,0,0,0,0,0,0,0,0,3,0,0,30,0,0,0,0,0,0,2022,56.69115,-132.82988,2022-07-07 21:41:00,2022-07-08 04:12:09,,2022-07-08T00:40:29,5006,Petersburg,tllrp2,27,forest-conifer,Stream,0,70,1,10,creek,Alaska,0.271631944,0.313298611,0.124641204,0.04130787,12.45714286,12.2,12.8,98.85714286,96,100,1.6,0,185.1556672,Meteostat
5006,NW2,2022-07-08,0,0,0,31,0,0,0,0,0,0,20,0,0,0,0,0,1,0,0,0,0,8,0,0,0,0,3,0,0,133,0,0,0,0,0,0,2022,56.69115,-132.82988,2022-07-08 21:40:03,2022-07-09 04:13:25,,2022-07-09T00:50:30,5006,Petersburg,tllrp2,27,forest-conifer,Stream,0,70,1,10,creek,Alaska,0.273171296,0.314837963,0.132256944,0.048923611,12.07142857,11.7,12.8,97.42857143,96,100,0.3,0.301587302,189.6056672,Meteostat
5006,NW2,2022-07-09,0,0,1,41,0,0,0,0,0,0,10,0,0,0,0,0,0,0,0,0,0,11,0,0,0,0,0,0,0,169,0,0,0,0,0,0,2022,56.69115,-132.82988,2022-07-09 21:39:02,2022-07-10 04:14:45,,2022-07-10T01:05:18,5006,Petersburg,tllrp2,27,forest-conifer,Stream,0,70,1,10,creek,Alaska,0.274803241,0.316469907,0.143240741,0.059907407,13.57142857,12.8,14.4,88.14285714,84,93,1.7,2.063492063,192.9056672,Meteostat
5006,NW2,2022-07-10,0,0,1,6,0,0,0,0,0,0,16,0,0,0,0,0,2,0,0,0,0,3,0,0,0,0,1,0,0,48,0,0,0,0,0,0,2022,56.69115,-132.82988,2022-07-10 21:37:57,2022-07-11 04:16:07,,2022-07-11T01:29:28,5006,Petersburg,tllrp2,27,forest-conifer,Stream,0,70,1,10,creek,Alaska,0.27650463,0.318171296,0.160775463,0.07744213,12.6,12,12.8,85.28571429,80,94,6.2,2.349206349,197.3556672,Meteostat
5006,NW2,2022-07-11,0,0,0,30,0,0,0,0,0,0,10,0,0,0,0,0,1,0,0,0,0,3,0,0,0,0,2,0,0,91,0,0,0,0,0,0,2022,56.69115,-132.82988,2022-07-11 21:36:48,2022-07-12 04:17:31,,2022-07-12T02:11:29,5006,Petersburg,tllrp2,27,forest-conifer,Stream,0,70,1,10,creek,Alaska,0.278275463,0.31994213,0.190752315,0.107418981,9.914285714,9.4,10,95.57142857,94,97,0,0.214285714,200.8556672,Meteostat
5006,NW2,2023-06-24,0,0,0,0,0,0,0,0,0,1,51,0,0,0,0,0,1,0,0,0,0,0,0,0,0,0,2,0,0,14,0,0,0,0,0,0,2023,56.69115,-132.82988,2023-06-24 21:47:31,2023-06-25 04:00:25,,2023-06-25T00:52:00,5006,Petersburg,tllrp2,27,forest-conifer,Stream,0,70,1,10,creek,Alaska,0.258958333,0.300625,0.128113426,0.044780093,13.32857143,12.8,14.4,93,90,96,0,0.214285714,108.1930535,Meteostat
5006,NW2,2023-06-25,0,0,0,0,0,0,0,0,0,2,49,0,0,0,0,0,2,0,0,0,0,1,0,0,0,0,2,0,0,16,0,0,0,0,0,0,2023,56.69115,-132.82988,2023-06-25 21:47:26,2023-06-26 04:00:55,,2023-06-26T00:56:29,5006,Petersburg,tllrp2,27,forest-conifer,Stream,0,70,1,10,creek,Alaska,0.259363426,0.301030093,0.131284722,0.047951389,13.32857143,12.8,15,96.28571429,83,100,5.8,0.428571429,113.5430535,Meteostat
5006,NW2,2023-06-26,0,0,0,0,0,0,0,0,0,3,58,0,0,0,0,0,2,0,0,0,0,0,0,0,0,0,0,0,0,7,0,0,0,0,0,0,2023,56.69115,-132.82988,2023-06-26 21:47:18,2023-06-27 04:01:30,,2023-06-27T01:01:06,5006,Petersburg,tllrp2,27,forest-conifer,Stream,0,70,1,10,creek,Alaska,0.259861111,0.301527778,0.134583333,0.05125,13.91428571,13.3,14.4,99.14285714,97,100,1.8,1.031746032,118.8430535,Meteostat
5006,NW2,2023-06-27,0,0,0,0,0,0,0,0,0,0,0,0,0,0,0,0,0,0,0,0,0,0,0,0,0,0,0,0,0,1,0,0,0,0,0,0,2023,56.69115,-132.82988,2023-06-27 21:47:05,2023-06-28 04:02:09,,2023-06-28T01:06:36,5006,Petersburg,tllrp2,27,forest-conifer,Stream,0,70,1,10,creek,Alaska,0.260462963,0.30212963,0.138553241,0.055219907,12.22857143,11.7,13.3,98,93,100,0,0.301587302,123.2430535,Meteostat
5006,NW2,2023-06-28,0,0,0,0,0,0,0,0,0,0,2,0,0,0,0,0,2,0,0,0,0,0,0,0,0,0,0,0,0,6,0,0,0,0,0,0,2023,56.69115,-132.82988,2023-06-28 21:46:48,2023-06-29 04:02:51,,2023-06-29T01:14:06,5006,Petersburg,tllrp2,27,forest-conifer,Stream,0,70,1,10,creek,Alaska,0.261145833,0.3028125,0.143958333,0.060625,12.82857143,11.1,13.3,88.14285714,80,97,2.1,2.222222222,129.3430535,Meteostat
5006,NW2,2023-06-29,0,0,0,0,0,0,0,0,0,0,0,0,0,0,0,0,1,0,0,0,0,0,0,0,0,0,0,0,0,0,0,0,0,0,0,0,2023,56.69115,-132.82988,2023-06-29 21:46:27,2023-06-30 04:03:37,,2023-06-30T01:25:32,5006,Petersburg,tllrp2,27,forest-conifer,Stream,0,70,1,10,creek,Alaska,0.261921296,0.303587963,0.152141204,0.06880787,9.657142857,7.2,12,89.14285714,77,97,0,0.817460317,135.4930535,Meteostat
5006,NW2,2023-06-30,0,0,0,0,0,0,0,0,0,0,2,0,0,0,0,0,0,0,0,0,0,0,0,0,0,0,0,0,0,0,0,0,0,0,0,0,2023,56.69115,-132.82988,2023-06-30 21:46:02,2023-07-01 04:04:27,,2023-07-01T01:44:53,5006,Petersburg,tllrp2,27,forest-conifer,Stream,0,70,1,10,creek,Alaska,0.262789352,0.304456019,0.165868056,0.082534722,10.41428571,10,11.1,96.71428571,93,100,2.3,0.857142857,137.9930535,Meteostat
5006,NW2,2023-07-01,0,0,0,0,0,0,0,0,0,0,2,0,0,0,0,0,0,0,0,0,0,0,0,0,0,0,0,0,0,2,0,0,0,0,0,0,2023,56.69115,-132.82988,2023-07-01 21:45:32,2023-07-02 04:05:20,,2023-07-02T02:20:09,5006,Petersburg,tllrp2,27,forest-conifer,Stream,0,70,1,10,creek,Alaska,0.26375,0.305416667,0.190706019,0.107372685,11.12857143,10.6,12.2,89.57142857,89,92,0,0.214285714,139.3487956,Meteostat
5006,NW2,2023-07-02,0,0,0,0,0,0,0,0,0,0,3,0,0,0,0,0,2,0,0,0,0,1,0,0,4,0,5,0,0,27,0,0,0,0,0,0,2023,56.69115,-132.82988,2023-07-02 21:44:59,2023-07-03 04:06:17,2023-07-02T22:19:07,2023-07-03T03:22:35,5006,Petersburg,tllrp2,27,forest-conifer,Stream,0,70,1,10,creek,Alaska,0.264791667,0.306458333,0.210740741,0,9.757142857,8.5,12.2,92.85714286,86,97,0,1.003968254,141.8487956,Meteostat
5006,NW2,2023-07-03,0,0,0,0,0,0,0,0,0,0,2,0,0,0,0,0,0,0,0,0,0,0,0,0,0,0,0,0,0,1,0,0,0,0,0,0,2023,56.69115,-132.82988,2023-07-03 21:44:22,2023-07-04 04:07:17,2023-07-03T23:05:28,,5006,Petersburg,tllrp2,27,forest-conifer,Stream,0,70,1,10,creek,Alaska,0.265914352,0.307581019,0.209594907,0,13.08571429,11.7,14.4,81.14285714,72,86,0,0,144.0987956,Meteostat
5006,NW2,2023-07-04,0,0,0,0,0,0,0,0,0,0,14,0,0,0,0,0,2,0,0,0,0,1,0,0,0,0,4,0,0,22,0,0,0,0,0,0,2023,56.69115,-132.82988,2023-07-04 21:43:40,2023-07-05 04:08:20,2023-07-04T23:31:09,,5006,Petersburg,tllrp2,27,forest-conifer,Stream,0,70,1,10,creek,Alaska,0.26712963,0.308796296,0.192488426,0,12.37142857,11.1,15,88.57142857,78,93,0,1.674603175,147.5088234,Meteostat
5006,NW2,2023-07-05,0,0,0,0,0,0,0,0,0,7,38,0,0,0,0,0,5,0,0,0,0,0,0,0,1,0,3,0,0,45,0,0,0,0,0,0,2023,56.69115,-132.82988,2023-07-05 21:42:55,2023-07-06 04:09:27,2023-07-05T23:45:56,,5006,Petersburg,tllrp2,27,forest-conifer,Stream,0,70,1,10,creek,Alaska,0.268425926,0.310092593,0.182997685,0.002094907,11.08571429,9.4,13.3,86.28571429,77,93,0,1.722222222,153.0588234,Meteostat
5006,NW2,2023-07-06,0,0,0,0,0,0,0,0,0,0,0,0,0,0,0,0,5,0,0,0,0,1,0,0,0,0,9,0,0,18,0,0,0,0,0,0,2023,56.69115,-132.82988,2023-07-06 21:42:06,2023-07-07 04:10:37,2023-07-06T23:55:24,,5006,Petersburg,tllrp2,27,forest-conifer,Stream,0,70,1,10,creek,Alaska,0.269803241,0.311469907,0.177233796,0.009236111,14.67142857,12.8,17.2,76.28571429,67,83,0,1.777777778,156.9588234,Meteostat
5006,NW2,2024-06-20,0,,0,1,0,0,,0,0,0,132,,0,0,0,0,5,,,,0,50,0,0,39,0,13,0,0,36,,,,,,0,2024,56.69115,-132.82988,2024-06-20 21:47:14,2024-06-21 03:59:11,,2024-06-21T02:41:39,5006,Petersburg,tllrp2,27,forest-conifer,Stream,0,70,1,10,creek,Alaska,0.258298611,0.299965278,0.204456019,0.121122685,13.17142857,12.8,13.9,84.28571429,77,87,0,0.301587302,71.74412255,Meteostat
5006,NW2,2024-06-21,0,,0,0,0,0,,0,0,3,51,,0,0,0,0,4,,,,0,3,0,0,4,0,1,0,0,15,,,,,,2,2024,56.69115,-132.82988,2024-06-21 21:47:23,2024-06-22 03:59:29,2024-06-21T22:49:42,2024-06-22T03:37:38,5006,Petersburg,tllrp2,27,forest-conifer,Stream,0,70,1,10,creek,Alaska,0.258402778,0.300069444,0.199953704,0,12.25714286,12,12.8,97.71428571,93,100,4.7,0.642857143,75.80072738,Meteostat
5006,NW2,2024-06-22,0,,0,0,0,0,,0,0,9,26,,0,0,0,0,2,,,,0,4,0,0,2,0,2,0,0,13,,,,,,0,2024,56.69115,-132.82988,2024-06-22 21:47:28,2024-06-23 03:59:50,2024-06-22T23:33:05,,5006,Petersburg,tllrp2,27,forest-conifer,Stream,0,70,1,10,creek,Alaska,0.258587963,0.30025463,0.185243056,0,11.81428571,11,12.8,98.85714286,96,100,0,1.333333333,82.35072738,Meteostat
5006,NW2,2024-06-23,0,,0,0,0,0,,0,0,0,54,,0,0,0,0,0,,,,0,7,0,0,7,0,0,0,0,10,,,,,,0,2024,56.69115,-132.82988,2024-06-23 21:47:29,2024-06-24 04:00:16,2024-06-23T23:57:31,,5006,Petersburg,tllrp2,27,forest-conifer,Stream,0,70,1,10,creek,Alaska,0.258877315,0.300543981,0.168576389,0.006967593,11.77142857,11.7,12.2,99.57142857,97,100,0,0,86.25072738,Meteostat
5006,NW2,2024-06-24,0,,0,3,0,0,,0,0,0,62,,0,0,0,0,1,,,,0,9,0,0,6,0,3,0,0,14,,,,,,0,2024,56.69115,-132.82988,2024-06-24 21:47:26,2024-06-25 04:00:46,2024-06-25T00:11:33,,5006,Petersburg,tllrp2,27,forest-conifer,Stream,0,70,1,10,creek,Alaska,0.259259259,0.300925926,0.159178241,0.016747685,11.11428571,10.6,11.7,99,96,100,0,0,88.95072738,Meteostat
5006,NW2,2025-06-20,,,0,,0,0,,0,0,0,30,,1,0,0,0,8,,,,0,0,0,0,0,,2,0,0,8,,,,,,,2025,56.69115,-132.82988,2025-06-20 21:47:10,2025-06-21 03:59:07,2025-06-21T01:12:27,,5006,Petersburg,tllrp2,27,forest-conifer,Stream,0,70,1,10,creek,Alaska,0.258298611,0.299965278,0.115740741,0.059224537,9.414285714,8,11.1,99,96,100,0,0.908730159,43.82931946,Meteostat
5006,NW2,2025-06-21,,,0,,0,0,,0,0,0,19,,0,0,0,0,19,,,,0,4,0,0,1,,4,0,0,20,,,,,,,2025,56.69115,-132.82988,2025-06-21 21:47:21,2025-06-22 03:59:23,2025-06-22T01:23:38,,5006,Petersburg,tllrp2,27,forest-conifer,Stream,0,70,1,10,creek,Alaska,0.258356481,0.300023148,0.108159722,0.066863426,11.55714286,9,15,92.85714286,78,100,0,0.666666667,46.113598,Meteostat
5006,NW2-Dup,2022-06-28,0,0,1,0,0,0,0,0,0,0,72,0,0,0,0,0,12,0,0,0,0,0,0,0,0,0,1,0,0,37,0,0,0,0,0,0,2022,56.69115,-132.82988,2022-06-28 21:46:43,2022-06-29 04:03:02,2022-06-29T03:53:50,2022-06-28T22:23:53,5006,Petersburg,tllrp2,27,forest-conifer,Stream,0,70,1,10,creek,Alaska,0.261331019,0.302997685,-0.229131944,0.171608796,15.32857143,13.9,17.8,81.57142857,73,87,0,0.214285714,122.1556672,Meteostat
5006,NW2-Dup,2022-06-29,0,0,0,0,1,0,0,0,0,1,121,0,0,0,0,0,5,0,0,0,0,0,0,0,0,0,2,0,0,59,0,0,0,0,0,0,2022,56.69115,-132.82988,2022-06-29 21:46:21,2022-06-30 04:03:49,,2022-06-29T23:05:08,5006,Petersburg,tllrp2,27,forest-conifer,Stream,0,70,1,10,creek,Alaska,0.26212963,0.303796296,0.054710648,0,14.84285714,13.9,16.1,84.57142857,80,90,0,1.246031746,131.3056672,Meteostat
5006,NW2-Dup,2022-06-30,0,0,0,1,0,0,0,0,0,0,159,0,0,0,0,0,1,0,0,0,0,0,0,0,0,0,0,0,0,74,0,0,0,0,0,0,2022,56.69115,-132.82988,2022-06-30 21:45:55,2022-07-01 04:04:40,,2022-06-30T23:32:37,5006,Petersburg,tllrp2,27,forest-conifer,Stream,0,70,1,10,creek,Alaska,0.263020833,0.3046875,0.074097222,0,12.52857143,11.7,14.4,91.28571429,84,93,0,0.428571429,137.7056672,Meteostat
5006,NW2-Dup,2022-07-01,0,0,0,0,0,0,0,0,0,0,90,0,0,0,0,0,1,0,0,0,0,0,0,0,0,0,1,0,0,37,0,0,0,0,0,0,2022,56.69115,-132.82988,2022-07-01 21:45:25,2022-07-02 04:05:34,,2022-07-01T23:50:45,5006,Petersburg,tllrp2,27,forest-conifer,Stream,0,70,1,10,creek,Alaska,0.263993056,0.305659722,0.087037037,0.003703704,14.92857143,13.9,17.2,81.57142857,70,87,0,0,142.7056672,Meteostat
5006,NW2-Dup,2022-07-02,0,0,2,4,0,0,0,0,0,0,72,0,0,0,0,0,9,0,0,0,0,0,0,0,0,0,0,0,0,23,0,0,0,0,0,0,2022,56.69115,-132.82988,2022-07-02 21:44:51,2022-07-03 04:06:31,,2022-07-03T00:03:12,5006,Petersburg,tllrp2,27,forest-conifer,Stream,0,70,1,10,creek,Alaska,0.265046296,0.306712963,0.096076389,0.012743056,14.2,12.2,16.1,84.28571429,78,93,0,1.119047619,148.2056672,Meteostat
5006,NW2-Dup,2022-07-03,0,0,2,2,1,0,0,0,0,0,71,0,0,0,0,0,3,0,0,0,0,0,0,0,0,0,0,0,0,46,0,0,0,0,0,0,2022,56.69115,-132.82988,2022-07-03 21:44:12,2022-07-04 04:07:33,,2022-07-04T00:12:21,5006,Petersburg,tllrp2,27,forest-conifer,Stream,0,70,1,10,creek,Alaska,0.266215278,0.307881944,0.102881944,0.019548611,15.15714286,12.2,18.3,74.71428571,65,86,0,0.658730159,155.4556672,Meteostat
5006,NW2-Dup,2022-07-04,0,0,2,0,0,0,0,0,0,0,108,0,0,0,0,0,15,0,0,0,0,0,0,0,0,0,0,0,0,25,0,0,0,0,0,0,2022,56.69115,-132.82988,2022-07-04 21:43:30,2022-07-05 04:08:37,,2022-07-05T00:19:41,5006,Petersburg,tllrp2,27,forest-conifer,Stream,0,70,1,10,creek,Alaska,0.26744213,0.309108796,0.108460648,0.025127315,17.45714286,16.1,19.4,68.42857143,59,78,0,0.817460317,162.6556672,Meteostat
5006,NW2-Dup,2022-07-05,0,0,1,0,0,0,0,0,0,1,44,0,0,0,0,0,7,0,0,0,0,0,0,0,0,0,0,0,0,21,0,0,0,0,0,0,2022,56.69115,-132.82988,2022-07-05 21:42:44,2022-07-06 04:09:45,,2022-07-06T00:26:13,5006,Petersburg,tllrp2,27,forest-conifer,Stream,0,70,1,10,creek,Alaska,0.268761574,0.310428241,0.113530093,0.030196759,15.08571429,13.9,17.2,89.71428571,81,96,0.3,0.658730159,170.9556672,Meteostat
5006,NW2-Dup,2022-07-06,0,0,1,4,0,0,0,0,0,2,82,0,0,0,0,0,3,0,0,0,0,0,0,0,0,0,1,0,0,45,0,0,0,0,0,0,2022,56.69115,-132.82988,2022-07-06 21:41:54,2022-07-07 04:10:55,,2022-07-07T00:32:50,5006,Petersburg,tllrp2,27,forest-conifer,Stream,0,70,1,10,creek,Alaska,0.270150463,0.31181713,0.118703704,0.03537037,15.74285714,14,16.7,88.28571429,80,97,0,0.214285714,178.7556672,Meteostat
5006,NW2-Dup,2022-07-07,0,0,0,1,0,0,0,0,0,0,29,0,0,0,0,0,0,0,0,0,0,0,0,0,0,0,0,0,0,22,0,0,0,0,0,0,2022,56.69115,-132.82988,2022-07-07 21:41:00,2022-07-08 04:12:09,,2022-07-08T00:40:29,5006,Petersburg,tllrp2,27,forest-conifer,Stream,0,70,1,10,creek,Alaska,0.271631944,0.313298611,0.124641204,0.04130787,12.45714286,12.2,12.8,98.85714286,96,100,1.6,0,185.1556672,Meteostat
5006,NW2-Dup,2022-07-08,0,0,0,7,0,0,0,0,0,0,14,0,0,0,0,0,1,0,0,0,0,0,0,0,0,0,2,0,0,110,0,0,0,0,0,0,2022,56.69115,-132.82988,2022-07-08 21:40:03,2022-07-09 04:13:25,,2022-07-09T00:50:30,5006,Petersburg,tllrp2,27,forest-conifer,Stream,0,70,1,10,creek,Alaska,0.273171296,0.314837963,0.132256944,0.048923611,12.07142857,11.7,12.8,97.42857143,96,100,0.3,0.301587302,189.6056672,Meteostat
5006,NW2-Dup,2022-07-09,0,0,0,15,0,0,0,0,0,0,11,0,0,0,0,0,0,0,0,0,0,1,0,0,0,0,5,0,0,145,0,0,0,0,0,0,2022,56.69115,-132.82988,2022-07-09 21:39:02,2022-07-10 04:14:45,,2022-07-10T01:05:18,5006,Petersburg,tllrp2,27,forest-conifer,Stream,0,70,1,10,creek,Alaska,0.274803241,0.316469907,0.143240741,0.059907407,13.57142857,12.8,14.4,88.14285714,84,93,1.7,2.063492063,192.9056672,Meteostat
5006,NW2-Dup,2022-07-10,0,0,0,1,0,0,0,0,0,0,13,0,0,0,0,0,5,0,0,0,0,0,0,0,0,0,0,0,0,46,0,0,0,0,0,0,2022,56.69115,-132.82988,2022-07-10 21:37:57,2022-07-11 04:16:07,,2022-07-11T01:29:28,5006,Petersburg,tllrp2,27,forest-conifer,Stream,0,70,1,10,creek,Alaska,0.27650463,0.318171296,0.160775463,0.07744213,12.6,12,12.8,85.28571429,80,94,6.2,2.349206349,197.3556672,Meteostat
5006,NW2-Dup,2022-07-11,0,0,2,7,0,0,0,0,0,0,8,0,0,0,0,0,1,0,0,0,0,1,0,0,0,0,1,0,0,82,0,0,0,0,0,0,2022,56.69115,-132.82988,2022-07-11 21:36:48,2022-07-12 04:17:31,,2022-07-12T02:11:29,5006,Petersburg,tllrp2,27,forest-conifer,Stream,0,70,1,10,creek,Alaska,0.278275463,0.31994213,0.190752315,0.107418981,9.914285714,9.4,10,95.57142857,94,97,0,0.214285714,200.8556672,Meteostat
5006,SE,2019-06-30,0,0,0,8,0,0,0,0,0,0,0,0,0,0,0,0,2,0,0,0,0,4,0,0,4,0,0,0,0,40,0,0,0,1,0,0,2019,56.65803,-132.67407,2019-06-30 21:45:07,2019-07-01 04:04:03,2019-07-01T03:18:08,,5006,Petersburg,tlllk2,46,grassland,"Forest Edge,Lake",10,20,1,10,lake,Alaska,0.263148148,0.304814815,0.031886574,0.147928241,15.17142857,14.4,15.6,88.57142857,86,90,0,1.158730159,183.8917564,Meteostat
5006,SE,2019-07-01,0,0,0,6,0,0,0,0,0,0,0,0,0,0,0,0,0,0,0,0,0,7,0,0,14,0,0,0,0,54,0,0,0,0,0,0,2019,56.65803,-132.67407,2019-07-01 21:44:38,2019-07-02 04:04:56,2019-07-02T04:04:50,,5006,Petersburg,tlllk2,46,grassland,"Forest Edge,Lake",10,20,1,10,lake,Alaska,0.264097222,0.305763889,6.94444E-05,0.180694444,14.35714286,12.2,16.7,92.57142857,84,97,0,0.428571429,189.1417564,Meteostat
5006,SE,2019-07-02,0,0,0,4,0,0,0,0,0,0,0,0,0,0,0,0,1,0,0,0,0,3,0,0,3,0,0,0,0,15,0,0,0,0,0,0,2019,56.65803,-132.67407,2019-07-02 21:44:05,2019-07-03 04:05:53,,2019-07-02T21:53:11,5006,Petersburg,tlllk2,46,grassland,"Forest Edge,Lake",10,20,1,10,lake,Alaska,0.265138889,0.306805556,0.006319444,0,16.41428571,15,18.9,82.42857143,75,86,0,0.601851852,196.0917564,Meteostat
5006,SE,2019-07-03,0,0,0,41,0,0,0,0,0,0,0,0,0,0,0,1,0,0,0,0,0,54,0,0,83,0,0,0,0,39,0,0,0,0,0,0,2019,56.65803,-132.67407,2019-07-03 21:43:28,2019-07-04 04:06:53,,2019-07-03T22:42:24,5006,Petersburg,tlllk2,46,grassland,"Forest Edge,Lake",10,20,1,10,lake,Alaska,0.266261574,0.307928241,0.040925926,0,15.22857143,14.4,16.7,84.57142857,80,87,NA,0,203.2917564,Meteostat
5006,SE,2019-07-04,0,0,0,10,0,0,0,0,0,0,0,0,0,0,0,0,5,0,0,0,0,37,0,0,25,0,0,0,0,27,0,0,0,0,0,0,2019,56.65803,-132.67407,2019-07-04 21:42:47,2019-07-05 04:07:57,,2019-07-04T23:18:38,5006,Petersburg,tlllk2,46,grassland,"Forest Edge,Lake",10,20,1,10,lake,Alaska,0.267476852,0.309143519,0.0665625,0,14.37142857,12.8,16.1,90.57142857,83,96,0,0,209.9417564,Meteostat
5006,SE,2019-07-05,0,0,0,5,0,0,0,0,0,0,0,0,0,0,0,0,3,0,0,0,0,8,0,0,15,0,0,0,0,36,0,0,0,2,0,0,2019,56.65803,-132.67407,2019-07-05 21:42:02,2019-07-06 04:09:03,,2019-07-05T23:45:27,5006,Petersburg,tlllk2,46,grassland,"Forest Edge,Lake",10,20,1,10,lake,Alaska,0.268761574,0.310428241,0.085706019,0.002372685,15.45714286,13.3,18.3,77.57142857,68,87,0,0.642857143,217.3917564,Meteostat
5006,SE,2020-06-24,0,0,0,2,0,0,0,0,0,0,0,0,0,0,0,0,2,0,0,0,0,7,0,0,4,0,0,0,0,8,0,0,0,0,0,0,2020,56.65803,-132.67407,2020-06-24 21:46:32,2020-06-25 04:00:25,,2020-06-25T00:21:58,5006,Petersburg,tlllk2,46,grassland,"Forest Edge,Lake",10,20,1,10,lake,Alaska,0.259641204,0.30130787,0.107939815,0.024606481,9.842857143,8.3,10.6,89.57142857,83,97,1.3,0,86.71234019,Meteostat
5006,SE,2020-06-25,0,0,0,2,0,0,0,0,0,1,0,0,0,0,0,0,0,0,0,0,0,8,0,0,8,0,0,0,0,8,0,0,0,0,0,0,2020,56.65803,-132.67407,2020-06-25 21:46:25,2020-06-26 04:00:58,,2020-06-26T00:40:38,5006,Petersburg,tlllk2,46,grassland,"Forest Edge,Lake",10,20,1,10,lake,Alaska,0.260104167,0.301770833,0.120983796,0.037650463,9.485714286,9.4,10,93.57142857,89,97,3.1,1.246031746,87.66385139,Meteostat
5006,SE,2020-06-27,0,0,0,2,0,0,0,0,0,0,0,0,0,0,0,0,4,0,0,0,0,1,0,0,1,0,0,0,0,2,0,0,0,0,0,0,2020,56.65803,-132.67407,2020-06-27 21:45:58,2020-06-28 04:02:17,,2020-06-28T01:08:55,5006,Petersburg,tlllk2,46,grassland,"Forest Edge,Lake",10,20,1,10,lake,Alaska,0.261331019,0.302997685,0.1409375,0.057604167,9.671428571,7.8,11.7,95,89,100,NA,1.031746032,88.48141177,Meteostat
5006,SE,2021-06-26,0,0,0,1,0,0,0,0,0,7,0,0,0,0,0,0,4,0,0,0,0,17,0,0,7,0,1,0,0,3,0,0,0,0,0,0,2021,56.65803,-132.67407,2021-06-26 21:46:16,2021-06-27 04:01:25,2021-06-26T23:58:00,,5006,Petersburg,tlllk2,46,grassland,"Forest Edge,Lake",10,20,1,10,lake,Alaska,0.260520833,0.3021875,0.169039352,0.008148148,14.2,12.2,15,91.42857143,87,97,0,2.166666667,99.16237239,Meteostat
5006,SE,2021-06-27,0,0,0,0,0,0,0,0,0,1,0,0,0,0,0,0,4,0,0,0,0,8,0,0,3,0,1,0,0,0,0,0,0,0,0,0,2021,56.65803,-132.67407,2021-06-27 21:46:01,2021-06-28 04:02:05,2021-06-28T00:18:47,,5006,Petersburg,tlllk2,46,grassland,"Forest Edge,Lake",10,20,1,10,lake,Alaska,0.261157407,0.302824074,0.155069444,0.02275463,14.91428571,12.2,17.8,76.71428571,67,89,0,1.404761905,104.1623724,Meteostat
5006,SE,2021-06-28,0,0,0,2,0,0,0,0,0,3,0,0,0,0,0,0,2,0,0,0,0,3,0,0,1,0,1,0,0,1,0,0,0,0,0,0,2021,56.65803,-132.67407,2021-06-28 21:45:43,2021-06-29 04:02:49,2021-06-29T00:32:58,,5006,Petersburg,tlllk2,46,grassland,"Forest Edge,Lake",10,20,1,10,lake,Alaska,0.261875,0.303541667,0.145729167,0.0328125,16.28571429,13.9,20,71.57142857,59,78,0,2.206349206,110.5623724,Meteostat
5006,SE,2021-06-29,0,0,0,1,0,0,0,0,0,1,0,0,0,0,0,0,1,0,0,0,0,2,0,0,8,0,3,0,0,2,0,0,0,0,0,0,2021,56.65803,-132.67407,2021-06-29 21:45:20,2021-06-30 04:03:37,2021-06-30T00:43:33,,5006,Petersburg,tlllk2,46,grassland,"Forest Edge,Lake",10,20,1,10,lake,Alaska,0.262696759,0.304363426,0.138935185,0.040428241,13.34285714,11.7,16.1,79.85714286,72,86,0,1.674603175,118.9123724,Meteostat
5006,SE,2022-06-28,0,0,6,11,0,0,0,0,0,0,9,0,0,0,0,0,15,0,0,0,0,16,0,0,0,0,16,0,0,35,0,0,0,0,0,0,2022,56.65803,-132.67407,2022-06-28 21:45:50,2022-06-29 04:02:40,2022-06-29T03:53:33,2022-06-28T22:22:53,5006,Petersburg,tlllk2,46,grassland,"Forest Edge,Lake",10,20,1,10,lake,Alaska,0.261689815,0.303356481,-0.22962963,0.172025463,15.32857143,13.9,17.8,81.57142857,73,87,0,0.214285714,122.1556672,Meteostat
5006,SE,2022-06-29,0,1,3,31,0,0,0,0,0,3,14,0,0,0,0,0,17,0,0,0,0,26,0,0,0,0,13,0,0,65,0,1,0,0,0,0,2022,56.65803,-132.67407,2022-06-29 21:45:28,2022-06-30 04:03:27,,2022-06-29T23:04:10,5006,Petersburg,tlllk2,46,grassland,"Forest Edge,Lake",10,20,1,10,lake,Alaska,0.262488426,0.304155093,0.054652778,0,14.84285714,13.9,16.1,84.57142857,80,90,0,1.246031746,131.3056672,Meteostat
5006,SE,2022-06-30,0,1,1,29,0,0,1,0,0,4,8,0,0,0,0,0,19,0,0,0,0,208,0,0,0,0,15,0,0,163,0,0,0,0,0,0,2022,56.65803,-132.67407,2022-06-30 21:45:02,2022-07-01 04:04:18,,2022-06-30T23:31:42,5006,Petersburg,tlllk2,46,grassland,"Forest Edge,Lake",10,20,1,10,lake,Alaska,0.26337963,0.305046296,0.074074074,0,12.52857143,11.7,14.4,91.28571429,84,93,0,0.428571429,137.7056672,Meteostat
5006,SE,2022-07-01,0,0,6,18,0,0,0,0,0,6,2,0,0,0,0,0,7,0,0,0,0,300,0,0,0,0,2,0,0,172,0,0,0,0,0,0,2022,56.65803,-132.67407,2022-07-01 21:44:32,2022-07-02 04:05:12,,2022-07-01T23:49:55,5006,Petersburg,tlllk2,46,grassland,"Forest Edge,Lake",10,20,1,10,lake,Alaska,0.264351852,0.306018519,0.087071759,0.003738426,14.92857143,13.9,17.2,81.57142857,70,87,0,0,142.7056672,Meteostat
5006,SE,2022-07-02,0,0,5,12,0,0,0,0,0,2,5,0,0,0,0,0,10,0,0,0,0,193,0,0,0,0,10,0,0,133,0,0,0,0,0,0,2022,56.65803,-132.67407,2022-07-02 21:43:58,2022-07-03 04:06:10,,2022-07-03T00:02:26,5006,Petersburg,tlllk2,46,grassland,"Forest Edge,Lake",10,20,1,10,lake,Alaska,0.265416667,0.307083333,0.096157407,0.012824074,14.2,12.2,16.1,84.28571429,78,93,0,1.119047619,148.2056672,Meteostat
5006,SE,2022-07-03,0,0,2,3,0,0,0,0,0,1,0,0,0,0,0,0,8,0,0,0,0,61,0,0,0,0,0,0,0,31,0,0,0,0,0,0,2022,56.65803,-132.67407,2022-07-03 21:43:20,2022-07-04 04:07:11,,2022-07-04T00:11:37,5006,Petersburg,tlllk2,46,grassland,"Forest Edge,Lake",10,20,1,10,lake,Alaska,0.2665625,0.308229167,0.102974537,0.019641204,15.15714286,12.2,18.3,74.71428571,65,86,0,0.658730159,155.4556672,Meteostat
5006,SE,2022-07-04,0,0,4,1,0,0,0,0,0,0,0,0,0,0,0,0,13,0,0,0,0,23,0,0,0,0,2,0,0,34,0,0,0,0,0,0,2022,56.65803,-132.67407,2022-07-04 21:42:38,2022-07-05 04:08:15,,2022-07-05T00:19:00,5006,Petersburg,tlllk2,46,grassland,"Forest Edge,Lake",10,20,1,10,lake,Alaska,0.267789352,0.309456019,0.108587963,0.02525463,17.45714286,16.1,19.4,68.42857143,59,78,0,0.817460317,162.6556672,Meteostat
5006,SE,2022-07-05,0,1,2,5,0,0,0,0,0,0,1,0,0,0,0,0,11,0,0,0,0,29,0,0,0,0,4,0,0,31,0,0,0,0,0,0,2022,56.65803,-132.67407,2022-07-05 21:41:52,2022-07-06 04:09:22,,2022-07-06T00:25:35,5006,Petersburg,tlllk2,46,grassland,"Forest Edge,Lake",10,20,1,10,lake,Alaska,0.269097222,0.310763889,0.11369213,0.030358796,15.08571429,13.9,17.2,89.71428571,81,96,0.3,0.658730159,170.9556672,Meteostat
5006,SE,2022-07-06,0,0,1,12,0,0,0,0,0,4,0,0,0,0,0,0,8,0,0,0,0,38,0,0,0,0,2,0,0,37,0,0,0,0,0,0,2022,56.65803,-132.67407,2022-07-06 21:41:02,2022-07-07 04:10:33,,2022-07-07T00:32:15,5006,Petersburg,tlllk2,46,grassland,"Forest Edge,Lake",10,20,1,10,lake,Alaska,0.270497685,0.312164352,0.118900463,0.03556713,15.74285714,14,16.7,88.28571429,80,97,0,0.214285714,178.7556672,Meteostat
5006,SE,2022-07-07,0,0,3,6,0,0,0,0,0,0,2,0,0,0,0,0,12,0,0,0,0,30,0,0,0,0,3,0,0,36,0,0,0,0,0,0,2022,56.65803,-132.67407,2022-07-07 21:40:08,2022-07-08 04:11:46,,2022-07-08T00:39:56,5006,Petersburg,tlllk2,46,grassland,"Forest Edge,Lake",10,20,1,10,lake,Alaska,0.271967593,0.313634259,0.124861111,0.041527778,12.45714286,12.2,12.8,98.85714286,96,100,1.6,0,185.1556672,Meteostat
5006,SE,2022-07-08,0,0,0,11,0,0,3,0,0,23,2,0,0,0,0,0,8,0,0,0,0,32,0,0,0,0,2,0,0,59,0,0,0,0,0,0,2022,56.65803,-132.67407,2022-07-08 21:39:11,2022-07-09 04:13:03,,2022-07-09T00:50:01,5006,Petersburg,tlllk2,46,grassland,"Forest Edge,Lake",10,20,1,10,lake,Alaska,0.273518519,0.315185185,0.132523148,0.049189815,12.07142857,11.7,12.8,97.42857143,96,100,0.3,0.301587302,189.6056672,Meteostat
5006,SE,2022-07-09,0,0,0,35,0,0,0,0,0,9,4,0,0,0,0,0,3,0,0,0,0,124,0,0,0,0,4,0,0,80,0,0,0,0,0,0,2022,56.65803,-132.67407,2022-07-09 21:38:10,2022-07-10 04:14:22,,2022-07-10T01:04:52,5006,Petersburg,tlllk2,46,grassland,"Forest Edge,Lake",10,20,1,10,lake,Alaska,0.275138889,0.316805556,0.143541667,0.060208333,13.57142857,12.8,14.4,88.14285714,84,93,1.7,2.063492063,192.9056672,Meteostat
5006,SE,2022-07-10,0,0,3,8,0,0,0,0,0,0,2,0,0,0,0,0,2,0,0,0,0,28,0,0,0,0,4,0,0,33,0,0,0,0,0,0,2022,56.65803,-132.67407,2022-07-10 21:37:05,2022-07-11 04:15:44,,2022-07-11T01:29:08,5006,Petersburg,tlllk2,46,grassland,"Forest Edge,Lake",10,20,1,10,lake,Alaska,0.276840278,0.318506944,0.161145833,0.0778125,12.6,12,12.8,85.28571429,80,94,6.2,2.349206349,197.3556672,Meteostat
5006,SE,2022-07-11,0,0,0,4,0,0,0,0,0,0,1,0,0,0,0,0,1,0,0,0,0,2,0,0,0,0,1,0,0,4,0,0,0,0,0,0,2022,56.65803,-132.67407,2022-07-11 21:35:57,2022-07-12 04:17:08,,2022-07-12T02:11:12,5006,Petersburg,tlllk2,46,grassland,"Forest Edge,Lake",10,20,1,10,lake,Alaska,0.278599537,0.320266204,0.191145833,0.1078125,9.914285714,9.4,10,95.57142857,94,97,0,0.214285714,200.8556672,Meteostat
5006,SE,2022-07-12,0,0,0,15,0,1,0,0,0,0,7,0,0,0,0,0,3,0,0,0,0,96,0,0,0,0,3,0,0,50,0,0,0,0,0,0,2022,56.65803,-132.67407,2022-07-12 21:34:45,2022-07-13 04:18:35,2022-07-12T21:48:07,2022-07-13T03:20:08,5006,Petersburg,tlllk2,46,grassland,"Forest Edge,Lake",10,20,1,10,lake,Alaska,0.280439815,0.322106481,0.23056713,0,11.14285714,10.6,12,97.42857143,94,100,0.6,0.373015873,202.2556672,Meteostat
5006,SE,2022-07-13,0,0,0,10,0,0,0,0,0,1,0,0,0,0,0,0,3,0,0,0,0,15,0,0,0,0,0,0,0,14,0,0,0,0,0,0,2022,56.65803,-132.67407,2022-07-13 21:33:30,2022-07-14 04:20:04,2022-07-13T22:33:05,,5006,Petersburg,tlllk2,46,grassland,"Forest Edge,Lake",10,20,1,10,lake,Alaska,0.282337963,0.32400463,0.240960648,0,11.67142857,10.6,13.9,91.28571429,81,96,1.7,1.158730159,203.9015945,Meteostat
5006,SE,2022-07-14,0,0,1,11,0,0,0,0,0,0,0,0,0,0,0,0,3,0,0,0,0,23,0,0,0,0,3,0,0,33,2,0,0,0,0,0,2022,56.65803,-132.67407,2022-07-14 21:32:12,2022-07-15 04:21:36,2022-07-14T22:59:05,,5006,Petersburg,tlllk2,46,grassland,"Forest Edge,Lake",10,20,1,10,lake,Alaska,0.284305556,0.325972222,0.223969907,0,11.27142857,10.6,12.2,96.71428571,93,100,2.9,0.857142857,207.2515945,Meteostat
5006,SE,2022-07-15,0,0,0,13,0,0,2,0,0,9,1,0,0,0,0,0,2,0,0,0,0,8,0,0,0,0,1,0,0,29,0,0,0,0,0,0,2022,56.65803,-132.67407,2022-07-15 21:30:51,2022-07-16 04:23:09,2022-07-15T23:14:53,,5006,Petersburg,tlllk2,46,grassland,"Forest Edge,Lake",10,20,1,10,lake,Alaska,0.286319444,0.327986111,0.214074074,0,12.71428571,12.2,13,96.28571429,94,100,1.9,0.373015873,209.7515945,Meteostat
5006,SE,2022-07-16,0,0,2,5,0,0,0,0,0,0,2,0,0,0,0,0,3,0,0,0,0,6,0,0,0,0,0,0,0,9,0,0,0,0,0,0,2022,56.65803,-132.67407,2022-07-16 21:29:26,2022-07-17 04:24:45,2022-07-16T23:25:31,,5006,Petersburg,tlllk2,46,grassland,"Forest Edge,Lake",10,20,1,10,lake,Alaska,0.288414352,0.330081019,0.207800926,0,13.1125,12.2,14.4,92.75,87,97,0,0.1875,213.1015945,Meteostat
5006,SE,2022-07-17,0,0,1,9,0,0,0,0,0,3,3,0,0,0,0,0,2,0,0,0,0,37,0,0,0,0,1,0,0,21,0,0,0,0,0,0,2022,56.65803,-132.67407,2022-07-17 21:27:59,2022-07-18 04:26:23,2022-07-17T23:33:34,,5006,Petersburg,tlllk2,46,grassland,"Forest Edge,Lake",10,20,1,10,lake,Alaska,0.290555556,0.332222222,0.203344907,0.003877315,12.0625,11.7,12.8,98,93,100,2.8,0.1875,216.7015945,Meteostat
5006,SE,2022-07-18,0,0,1,19,0,0,0,0,0,0,16,0,0,0,0,0,3,0,0,0,0,40,0,0,0,0,4,0,0,73,0,0,0,0,0,0,2022,56.65803,-132.67407,2022-07-18 21:26:29,2022-07-19 04:28:03,2022-07-18T23:40:29,,5006,Petersburg,tlllk2,46,grassland,"Forest Edge,Lake",10,20,1,10,lake,Alaska,0.29275463,0.334421296,0.199699074,0.009722222,11.1625,11,11.7,97.25,96,100,0,0,219.3515945,Meteostat
5006,SE,2022-07-19,0,0,0,11,0,0,0,0,0,0,2,0,0,0,0,0,2,0,0,0,0,92,0,0,0,0,0,0,0,18,0,0,0,0,0,0,2022,56.65803,-132.67407,2022-07-19 21:24:55,2022-07-20 04:29:44,2022-07-19T23:47:18,,5006,Petersburg,tlllk2,46,grassland,"Forest Edge,Lake",10,20,1,10,lake,Alaska,0.295011574,0.336678241,0.196134259,0.015543981,11.45,11,12.2,97.5,93,100,0,0.638888889,222.7015945,Meteostat
5006,SE,2023-06-25,0,0,0,0,0,0,0,0,0,8,0,0,0,0,0,0,9,0,0,0,0,289,0,0,3,0,1,0,0,323,0,0,0,0,0,0,2023,56.65803,-132.67407,2023-06-25 21:46:33,2023-06-26 04:00:34,,2023-06-26T00:55:51,5006,Petersburg,tlllk2,46,grassland,"Forest Edge,Lake",10,20,1,10,lake,Alaska,0.259733796,0.301400463,0.131458333,0.048125,13.32857143,12.8,15,96.28571429,83,100,5.8,0.428571429,113.5430535,Meteostat
5006,SE,2023-06-26,0,0,0,0,0,0,0,0,0,6,0,0,0,0,0,0,0,0,0,0,0,77,0,0,0,0,2,0,0,229,0,0,0,0,0,0,2023,56.65803,-132.67407,2023-06-26 21:46:24,2023-06-27 04:01:09,,2023-06-27T01:00:31,5006,Petersburg,tlllk2,46,grassland,"Forest Edge,Lake",10,20,1,10,lake,Alaska,0.260243056,0.301909722,0.134803241,0.051469907,13.91428571,13.3,14.4,99.14285714,97,100,1.8,1.031746032,118.8430535,Meteostat
5006,SE,2023-06-27,2,0,0,0,0,0,0,0,0,82,1,0,0,0,0,0,3,0,0,0,0,135,0,0,5,0,2,0,0,255,0,0,0,0,0,0,2023,56.65803,-132.67407,2023-06-27 21:46:12,2023-06-28 04:01:47,,2023-06-28T01:06:04,5006,Petersburg,tlllk2,46,grassland,"Forest Edge,Lake",10,20,1,10,lake,Alaska,0.260821759,0.302488426,0.138796296,0.055462963,12.22857143,11.7,13.3,98,93,100,0,0.301587302,123.2430535,Meteostat
5006,SE,2023-06-28,0,0,0,0,0,0,0,0,0,1,0,0,0,0,0,0,0,0,0,0,0,77,0,0,1,0,1,0,0,240,0,0,0,0,0,0,2023,56.65803,-132.67407,2023-06-28 21:45:55,2023-06-29 04:02:29,,2023-06-29T01:13:37,5006,Petersburg,tlllk2,46,grassland,"Forest Edge,Lake",10,20,1,10,lake,Alaska,0.26150463,0.303171296,0.144236111,0.060902778,12.82857143,11.1,13.3,88.14285714,80,97,2.1,2.222222222,129.3430535,Meteostat
5006,SE,2023-06-29,0,0,0,0,0,0,0,0,0,0,0,0,0,0,0,0,0,0,0,0,0,18,0,0,0,0,0,0,0,10,0,0,0,0,0,0,2023,56.65803,-132.67407,2023-06-29 21:45:34,2023-06-30 04:03:15,,2023-06-30T01:25:07,5006,Petersburg,tlllk2,46,grassland,"Forest Edge,Lake",10,20,1,10,lake,Alaska,0.262280093,0.303946759,0.152465278,0.069131944,9.657142857,7.2,12,89.14285714,77,97,0,0.817460317,135.4930535,Meteostat
5006,SE,2024-06-20,0,,0,0,0,0,,0,0,0,6,,0,0,0,0,3,,,,0,375,0,0,5,0,3,0,0,18,,,,,,0,2024,56.65803,-132.67407,2024-06-20 21:46:20,2024-06-21 03:58:50,,2024-06-21T02:41:25,5006,Petersburg,tlllk2,46,grassland,"Forest Edge,Lake",10,20,1,10,lake,Alaska,0.258680556,0.300347222,0.204918981,0.121585648,13.17142857,12.8,13.9,84.28571429,77,87,0,0.301587302,71.74412255,Meteostat
5006,SE,2024-06-21,0,,1,0,0,0,,0,0,0,2,,1,0,0,0,1,,,,0,553,0,0,6,0,7,0,0,25,,,,,,0,2024,56.65803,-132.67407,2024-06-21 21:46:30,2024-06-22 03:59:08,2024-06-21T22:48:37,2024-06-22T03:37:25,5006,Petersburg,tlllk2,46,grassland,"Forest Edge,Lake",10,20,1,10,lake,Alaska,0.258773148,0.300439815,0.200555556,0,12.25714286,12,12.8,97.71428571,93,100,4.7,0.642857143,75.80072738,Meteostat
5006,SE,2024-06-22,0,,0,0,0,0,,0,0,1,11,,1,0,0,0,1,,,,0,766,0,0,3,0,0,0,0,33,,,,,,0,2024,56.65803,-132.67407,2024-06-22 21:46:35,2024-06-23 03:59:29,2024-06-22T23:32:05,,5006,Petersburg,tlllk2,46,grassland,"Forest Edge,Lake",10,20,1,10,lake,Alaska,0.258958333,0.300625,0.185694444,0,11.81428571,11,12.8,98.85714286,96,100,0,1.333333333,82.35072738,Meteostat
5006,SE,2024-06-23,0,,0,0,0,0,,0,0,0,0,,0,0,0,0,4,,,,0,404,0,0,5,0,3,0,0,26,,,,,,0,2024,56.65803,-132.67407,2024-06-23 21:46:36,2024-06-24 03:59:55,2024-06-23T23:56:36,,5006,Petersburg,tlllk2,46,grassland,"Forest Edge,Lake",10,20,1,10,lake,Alaska,0.259247685,0.300914352,0.168969907,0.006944444,11.77142857,11.7,12.2,99.57142857,97,100,0,0,86.25072738,Meteostat
5006,SE,2024-06-24,0,,0,0,0,0,,0,0,0,0,,0,0,0,0,1,,,,0,602,0,0,2,0,1,0,0,36,,,,,,0,2024,56.65803,-132.67407,2024-06-24 21:46:33,2024-06-25 04:00:25,2024-06-25T00:10:44,,5006,Petersburg,tlllk2,46,grassland,"Forest Edge,Lake",10,20,1,10,lake,Alaska,0.25962963,0.301296296,0.159502315,0.016793981,11.11428571,10.6,11.7,99,96,100,0,0,88.95072738,Meteostat
5006,SE,2024-06-25,0,,0,0,0,0,,0,0,0,0,,0,0,0,0,2,,,,0,495,0,0,2,0,7,0,0,29,,,,,,0,2024,56.65803,-132.67407,2024-06-25 21:46:25,2024-06-26 04:00:58,2024-06-26T00:19:39,,5006,Petersburg,tlllk2,46,grassland,"Forest Edge,Lake",10,20,1,10,lake,Alaska,0.260104167,0.301770833,0.15369213,0.023078704,12.14285714,11.7,13.3,86.71428571,80,93,0,0.515873016,91.70072738,Meteostat
5006,SE,2024-06-26,0,,0,0,0,0,,0,0,0,4,,0,0,0,0,4,,,,0,200,0,0,1,0,3,0,0,21,,,,,,0,2024,56.65803,-132.67407,2024-06-26 21:46:14,2024-06-27 04:01:36,2024-06-27T00:25:58,,5006,Petersburg,tlllk2,46,grassland,"Forest Edge,Lake",10,20,1,10,lake,Alaska,0.260671296,0.302337963,0.14974537,0.027592593,13.24285714,12.2,15,91.28571429,81,97,0,0.214285714,95.05072738,Meteostat
5006,SE,2024-06-27,0,,0,0,0,0,,0,0,0,0,,0,0,0,0,1,,,,0,187,0,0,1,0,12,0,0,34,,,,,,0,2024,56.65803,-132.67407,2024-06-27 21:45:58,2024-06-28 04:02:17,2024-06-28T00:31:09,,5006,Petersburg,tlllk2,46,grassland,"Forest Edge,Lake",10,20,1,10,lake,Alaska,0.261331019,0.302997685,0.14662037,0.031377315,14.2,13.3,15.6,85.85714286,80,90,0,0,100.0507274,Meteostat
5006,SE,2024-06-28,0,,0,0,0,0,,0,0,0,0,,0,0,0,0,3,,,,0,161,0,0,6,0,3,0,0,13,,,,,,0,2024,56.65803,-132.67407,2024-06-28 21:45:38,2024-06-29 04:03:02,2024-06-29T00:36:13,,5006,Petersburg,tlllk2,46,grassland,"Forest Edge,Lake",10,20,1,10,lake,Alaska,0.262083333,0.30375,0.143622685,0.035127315,13.42857143,12.8,13.9,98.85714286,96,100,1.3,0,107.0007274,Meteostat
5006,SE,2024-06-29,0,,0,0,0,0,,0,0,2,0,,0,0,0,0,0,,,,0,259,0,0,6,0,3,0,0,47,,,,,,0,2024,56.65803,-132.67407,2024-06-29 21:45:14,2024-06-30 04:03:51,2024-06-30T00:42:06,,5006,Petersburg,tlllk2,46,grassland,"Forest Edge,Lake",10,20,1,10,lake,Alaska,0.262928241,0.304594907,0.140104167,0.039490741,13.2,12,13.9,97.28571429,93,100,0.2,0,112.8007274,Meteostat
5006,SE,2024-06-30,0,,1,0,0,0,,0,0,1,1,,0,0,0,0,3,,,,0,661,0,0,3,0,9,0,0,72,,,,,,0,2024,56.65803,-132.67407,2024-06-30 21:44:46,2024-07-01 04:04:43,2024-07-01T00:50:00,,5006,Petersburg,tlllk2,46,grassland,"Forest Edge,Lake",10,20,1,10,lake,Alaska,0.263854167,0.305520833,0.135219907,0.045300926,11.7,11.7,11.7,97.71428571,96,100,0,0.944444444,118.1007274,Meteostat
5006,SE,2024-07-01,0,,1,0,0,0,,0,0,0,0,,0,0,0,0,17,,,,0,525,0,0,1,0,5,0,0,45,,,,,,0,2024,56.65803,-132.67407,2024-07-01 21:44:14,2024-07-02 04:05:39,2024-07-02T01:01:59,,5006,Petersburg,tlllk2,46,grassland,"Forest Edge,Lake",10,20,1,10,lake,Alaska,0.264872685,0.306539352,0.127546296,0.053993056,11.91428571,11.1,12.8,88.57142857,83,93,0,0.642857143,121.9507274,Meteostat
5006,SE,2024-07-02,0,,0,0,0,0,,0,0,0,0,,0,0,0,0,18,,,,0,676,0,0,2,0,13,0,0,38,,,,,,0,2024,56.65803,-132.67407,2024-07-02 21:43:37,2024-07-03 04:06:38,2024-07-03T01:21:54,,5006,Petersburg,tlllk2,46,grassland,"Forest Edge,Lake",10,20,1,10,lake,Alaska,0.265983796,0.307650463,0.114398148,0.068252315,11.42857143,10,13.3,83.85714286,72,93,0,2.079365079,124.9507274,Meteostat
5006,SE,2024-07-03,0,,1,0,0,0,,0,0,0,0,,0,0,0,0,4,,,,0,817,0,0,2,0,5,0,0,43,,,,,,0,2024,56.65803,-132.67407,2024-07-03 21:42:57,2024-07-04 04:07:41,2024-07-04T01:56:36,,5006,Petersburg,tlllk2,46,grassland,"Forest Edge,Lake",10,20,1,10,lake,Alaska,0.267175926,0.308842593,0.091030093,0.0928125,11.48571429,11,12.2,88.28571429,86,93,0,0.813492063,128.0007274,Meteostat
5006,SE,2024-07-04,0,,0,0,0,0,,0,0,0,1,,0,0,0,0,5,,,,1,703,0,0,5,0,3,0,0,63,,,,,,0,2024,56.65803,-132.67407,2024-07-04 21:42:13,2024-07-05 04:08:47,2024-07-05T02:53:33,2024-07-04T21:56:48,5006,Petersburg,tlllk2,46,grassland,"Forest Edge,Lake",10,20,1,10,lake,Alaska,0.268449074,0.310115741,-0.206076389,0.13287037,9.457142857,7.8,12.2,95.28571429,90,100,0,0.857142857,129.9507274,Meteostat
5006,SE,2024-07-05,0,,1,0,0,0,,0,0,1,2,,0,0,0,0,2,,,,0,428,0,0,0,0,0,0,0,36,,,,,,0,2024,56.65803,-132.67407,2024-07-05 21:41:25,2024-07-06 04:09:56,,2024-07-05T22:37:27,5006,Petersburg,tlllk2,46,grassland,"Forest Edge,Lake",10,20,1,10,lake,Alaska,0.269803241,0.311469907,0.038912037,0,11.72857143,9.4,14.4,79.14285714,67,90,0,1.349206349,133.8507274,Meteostat
5006,SE,2024-07-06,0,,0,0,0,0,,0,0,0,0,,0,0,0,0,5,,,,0,478,0,0,1,0,3,0,0,36,,,,,,0,2024,56.65803,-132.67407,2024-07-06 21:40:34,2024-07-07 04:11:09,,2024-07-06T23:00:26,5006,Petersburg,tlllk2,46,grassland,"Forest Edge,Lake",10,20,1,10,lake,Alaska,0.271238426,0.312905093,0.055462963,0,11.2,8.9,15.6,83.28571429,64,93,0,1.849206349,137.0990712,Meteostat
5006,SE,2024-07-07,0,,0,0,0,0,,0,0,0,1,,0,0,0,0,4,,,,0,319,0,0,2,0,1,0,0,35,,,,,,0,2024,56.65803,-132.67407,2024-07-07 21:39:38,2024-07-08 04:12:24,,2024-07-07T23:13:44,5006,Petersburg,tlllk2,46,grassland,"Forest Edge,Lake",10,20,1,10,lake,Alaska,0.27275463,0.314421296,0.065347222,0,11.12857143,8.9,13.3,84.14285714,75,93,0,0,140.8668128,Meteostat
5006,SE,2025-06-20,,,0,,0,0,,0,0,0,0,,0,0,0,0,0,,,,0,380,0,0,2,,0,0,0,25,,,,,,,2025,56.65803,-132.67407,2025-06-20 21:46:17,2025-06-21 03:58:45,2025-06-21T01:11:58,,5006,Petersburg,tlllk2,46,grassland,"Forest Edge,Lake",10,20,1,10,lake,Alaska,0.258657407,0.300324074,0.115821759,0.059502315,9.414285714,8,11.1,99,96,100,0,0.908730159,43.82931946,Meteostat
5006,SE,2025-06-21,,,0,,0,0,,0,0,0,2,,0,0,0,0,1,,,,0,75,0,0,1,,2,0,0,7,,,,,,,2025,56.65803,-132.67407,2025-06-21 21:46:27,2025-06-22 03:59:02,2025-06-22T01:23:13,,5006,Petersburg,tlllk2,46,grassland,"Forest Edge,Lake",10,20,1,10,lake,Alaska,0.258738426,0.300405093,0.108206019,0.067199074,11.55714286,9,15,92.85714286,78,100,0,0.666666667,46.113598,Meteostat
5006,SE,2025-06-22,,,0,,0,0,,0,0,0,1,,0,0,0,0,3,,,,0,75,0,0,2,,4,0,0,9,,,,,,,2025,56.65803,-132.67407,2025-06-22 21:46:34,2025-06-23 03:59:23,2025-06-23T01:42:25,,5006,Petersburg,tlllk2,46,grassland,"Forest Edge,Lake",10,20,1,10,lake,Alaska,0.258900463,0.30056713,0.095115741,0.080451389,12.74285714,12,15,89.71428571,81,93,0,0.773809524,50.46624119,Meteostat
5006,SE,2025-06-23,,,0,,0,0,,0,0,4,1,,0,0,0,0,4,,,,0,65,0,0,0,,0,0,0,6,,,,,,,2025,56.65803,-132.67407,2025-06-23 21:46:36,2025-06-24 03:59:48,2025-06-24T02:17:41,,5006,Petersburg,tlllk2,46,grassland,"Forest Edge,Lake",10,20,1,10,lake,Alaska,0.259166667,0.300833333,0.070914352,0.104918981,12.22857143,11.7,13,95.71428571,93,100,0,1.027777778,56.08488092,Meteostat
5006,SE,2025-06-24,,,0,,0,0,,0,0,0,0,,0,0,0,0,2,,,,0,159,0,0,3,,5,0,0,25,,,,,,,2025,56.65803,-132.67407,2025-06-24 21:46:34,2025-06-25 04:00:17,2025-06-25T03:19:27,2025-06-24T22:21:42,5006,Petersburg,tlllk2,46,grassland,"Forest Edge,Lake",10,20,1,10,lake,Alaska,0.259525463,0.30119213,-0.206770833,0.147835648,12.14285714,11.8,12.5,97.28571429,97,98,3,1.257936508,59.58488092,Meteostat
5006,SE,2025-06-25,,,0,,0,0,,0,0,1,0,,0,0,0,0,0,,,,0,69,0,0,2,,1,0,0,10,,,,,,,2025,56.65803,-132.67407,2025-06-25 21:46:27,2025-06-26 04:00:50,,2025-06-25T23:06:23,5006,Petersburg,tlllk2,46,grassland,"Forest Edge,Lake",10,20,1,10,lake,Alaska,0.259988426,0.301655093,0.055509259,0,11.05714286,11,11.1,100,100,100,1.5,0.702380952,63.43488092,Meteostat
5006,SE,2025-06-26,,,0,,0,0,,0,0,4,0,,0,0,0,0,0,,,,0,112,0,0,1,,0,0,0,26,,,,,,,2025,56.65803,-132.67407,2025-06-26 21:46:17,2025-06-27 04:01:27,,2025-06-26T23:30:20,5006,Petersburg,tlllk2,46,grassland,"Forest Edge,Lake",10,20,1,10,lake,Alaska,0.260532407,0.302199074,0.072256944,0,11.47142857,11,12,98.85714286,96,100,3.3,0.76984127,65.43488092,Meteostat
5006,SE,2025-06-27,,,0,,0,0,,0,0,2,0,,0,0,0,0,0,,,,0,60,0,0,1,,0,0,0,8,,,,,,,2025,56.65803,-132.67407,2025-06-27 21:46:02,2025-06-28 04:02:07,,2025-06-27T23:43:41,5006,Petersburg,tlllk2,46,grassland,"Forest Edge,Lake",10,20,1,10,lake,Alaska,0.261168981,0.302835648,0.081701389,0,11.74285714,10.9,12.2,93.28571429,83,100,1.4,1.726190476,68.23488092,Meteostat
5006,SE,2025-06-28,,,0,,0,0,,0,0,0,0,,0,0,0,0,0,,,,0,64,0,0,3,,1,0,0,12,,,,,,,2025,56.65803,-132.67407,2025-06-28 21:45:43,2025-06-29 04:02:52,,2025-06-28T23:51:50,5006,Petersburg,tlllk2,46,grassland,"Forest Edge,Lake",10,20,1,10,lake,Alaska,0.261909722,0.303576389,0.087581019,0.004247685,11.05714286,10,11.7,96.85714286,89,100,2.7,1.329365079,70.93488092,Meteostat
5006,SE,2025-06-29,,,0,,0,0,,0,0,0,0,,0,0,0,0,5,,,,0,215,0,0,4,,2,0,0,20,,,,,,,2025,56.65803,-132.67407,2025-06-29 21:45:20,2025-06-30 04:03:40,,2025-06-29T23:57:21,5006,Petersburg,tlllk2,46,grassland,"Forest Edge,Lake",10,20,1,10,lake,Alaska,0.262731481,0.304398148,0.091678241,0.008344907,10.14285714,9,11,98.85714286,96,100,0.5,1.079365079,72.73488092,Meteostat
5006,SE,2025-06-30,,,0,,0,0,,0,0,1,0,,0,0,0,0,20,,,,0,224,0,0,11,,4,0,0,13,,,,,,,2025,56.65803,-132.67407,2025-06-30 21:44:53,2025-07-01 04:04:31,,2025-07-01T00:01:33,5006,Petersburg,tlllk2,46,grassland,"Forest Edge,Lake",10,20,1,10,lake,Alaska,0.263634259,0.305300926,0.094907407,0.011574074,12.42857143,11.7,13.3,97,93,100,7.4,1.305555556,74.38488092,Meteostat
5006,SE,2025-07-01,,,0,,0,0,,0,0,1,0,,0,0,0,0,22,,,,0,339,0,0,4,,3,0,0,32,,,,,,,2025,56.65803,-132.67407,2025-07-01 21:44:22,2025-07-02 04:05:26,,2025-07-02T00:05:15,5006,Petersburg,tlllk2,46,grassland,"Forest Edge,Lake",10,20,1,10,lake,Alaska,0.26462963,0.306296296,0.097835648,0.014502315,10,10,10,100,100,100,1.4,0.575396825,75.74471082,Meteostat
5006,SE,2025-07-02,,,0,,0,0,,0,0,2,0,,0,0,0,0,10,,,,0,224,0,0,0,,0,0,0,16,,,,,,,2025,56.65803,-132.67407,2025-07-02 21:43:47,2025-07-03 04:06:25,,2025-07-03T00:09:07,5006,Petersburg,tlllk2,46,grassland,"Forest Edge,Lake",10,20,1,10,lake,Alaska,0.265717593,0.307384259,0.100925926,0.017592593,11.05714286,10.6,11.7,99,96,100,0,0.626984127,78.79471082,Meteostat
5006,SE,2025-07-03,,,0,,0,0,,0,0,4,0,,1,0,0,0,2,,,,0,224,0,0,3,,1,0,0,23,,,,,,,2025,56.65803,-132.67407,2025-07-03 21:43:07,2025-07-04 04:07:27,,2025-07-04T00:13:48,5006,Petersburg,tlllk2,46,grassland,"Forest Edge,Lake",10,20,1,10,lake,Alaska,0.266898148,0.308564815,0.104641204,0.02130787,11.87142857,11,12.8,96.14285714,93,97,0,0.242063492,80.74471082,Meteostat
5006,SE,2025-07-04,,,0,,0,0,,0,0,2,0,,0,0,0,0,13,,,,0,83,0,0,2,,1,0,0,14,,,,,,,2025,56.65803,-132.67407,2025-07-04 21:42:24,2025-07-05 04:08:32,,2025-07-05T00:20:14,5006,Petersburg,tlllk2,46,grassland,"Forest Edge,Lake",10,20,1,10,lake,Alaska,0.268148148,0.309814815,0.109606481,0.026273148,12.61428571,11.7,13.9,88,77,96,0,1.067460317,83.54471082,Meteostat
5006,SE,2025-07-05,,,0,,0,0,,0,0,10,0,,0,0,0,0,6,,,,0,134,0,0,3,,2,0,0,29,,,,,,,2025,56.65803,-132.67407,2025-07-05 21:41:37,2025-07-06 04:09:40,,2025-07-06T00:29:59,5006,Petersburg,tlllk2,46,grassland,"Forest Edge,Lake",10,20,1,10,lake,Alaska,0.269479167,0.311145833,0.116921296,0.033587963,13.51428571,11,15.6,83.28571429,69,97,0.5,1.285714286,87.09471082,Meteostat
5006,SE,2025-07-06,,,0,,0,0,,0,0,0,1,,0,0,0,0,2,,,,0,60,0,0,2,,1,0,0,14,,,,,,,2025,56.65803,-132.67407,2025-07-06 21:40:46,2025-07-07 04:10:51,,2025-07-07T00:45:56,5006,Petersburg,tlllk2,46,grassland,"Forest Edge,Lake",10,20,1,10,lake,Alaska,0.270891204,0.31255787,0.128587963,0.04525463,11.25714286,11,12,98.57142857,96,100,11.7,1.396825397,91.84471082,Meteostat
5006,SE,2025-07-07,,,3,,0,0,,0,0,0,1,,0,0,0,0,9,,,,0,165,0,0,3,,5,0,0,48,,,,,,,2025,56.65803,-132.67407,2025-07-07 21:39:52,2025-07-08 04:12:06,,2025-07-08T01:13:27,5006,Petersburg,tlllk2,46,grassland,"Forest Edge,Lake",10,20,1,10,lake,Alaska,0.272384259,0.314050926,0.148321759,0.064988426,11.31428571,11,12.2,91.71428571,86,100,10,3,95.14471082,Meteostat
5006,SE,2025-07-08,,,0,,0,0,,0,0,4,1,,0,0,0,0,4,,,,0,313,0,0,3,,1,0,0,26,,,,,,,2025,56.65803,-132.67407,2025-07-08 21:38:53,2025-07-09 04:13:23,,2025-07-09T02:00:11,5006,Petersburg,tlllk2,46,grassland,"Forest Edge,Lake",10,20,1,10,lake,Alaska,0.273958333,0.315625,0.181458333,0.098125,11.37142857,10.6,12.2,86.14285714,77,96,1.3,1.333333333,97.14471082,Meteostat
5006,SE,2025-07-09,,,0,,0,0,,0,0,0,0,,0,0,0,0,2,,,,0,35,0,0,3,,0,0,0,4,,,,,,,2025,56.65803,-132.67407,2025-07-09 21:37:51,2025-07-10 04:14:43,2025-07-09T21:59:57,2025-07-10T03:09:42,5006,Petersburg,tlllk2,46,grassland,"Forest Edge,Lake",10,20,1,10,lake,Alaska,0.275601852,0.317268519,0.215104167,0,9.857142857,8.9,11,99.71428571,98,100,0,1.047619048,99.29471082,Meteostat
5006,SE,2025-07-10,,,0,,0,0,,0,0,0,0,,0,0,0,0,0,,,,0,11,0,0,0,,0,0,0,5,,,,,,,2025,56.65803,-132.67407,2025-07-10 21:36:46,2025-07-11 04:16:05,2025-07-10T22:26:34,,5006,Petersburg,tlllk2,46,grassland,"Forest Edge,Lake",10,20,1,10,lake,Alaska,0.277303241,0.318969907,0.242719907,0,12.11428571,12,12.2,96.42857143,93,100,6.1,1.746031746,101.5947108,Meteostat
5006,SE,2025-07-11,,,0,,0,0,,0,0,0,0,,0,0,0,0,1,,,,0,114,0,0,0,,1,0,0,27,,,,,,,2025,56.65803,-132.67407,2025-07-11 21:35:37,2025-07-12 04:17:30,2025-07-11T22:42:14,,5006,Petersburg,tlllk2,46,grassland,"Forest Edge,Lake",10,20,1,10,lake,Alaska,0.279085648,0.320752315,0.232824074,0,10.78571429,10,12.2,91.71428571,80,100,2.4,1.337301587,104.7191985,Meteostat
5006,SE,2025-07-12,,,0,,0,0,,0,0,0,1,,0,0,0,0,19,,,,0,30,0,0,0,,0,0,0,15,,,,,,,2025,56.65803,-132.67407,2025-07-12 21:34:24,2025-07-13 04:18:58,2025-07-12T22:52:02,,5006,Petersburg,tlllk2,46,grassland,"Forest Edge,Lake",10,20,1,10,lake,Alaska,0.280949074,0.322615741,0.227037037,0,10.24285714,9,11.1,100,100,100,8.4,0.714285714,108.2191985,Meteostat
5006,SE,2025-07-13,,,0,,0,0,,0,0,1,0,,0,0,0,0,20,,,,0,123,0,0,5,,2,0,0,36,,,,,,,2025,56.65803,-132.67407,2025-07-13 21:33:08,2025-07-14 04:20:28,2025-07-13T22:58:44,,5006,Petersburg,tlllk2,46,grassland,"Forest Edge,Lake",10,20,1,10,lake,Alaska,0.28287037,0.324537037,0.223425926,0,11.01428571,10,12,99.42857143,96,100,0,1.174603175,109.0691985,Meteostat
5006,SE,2025-07-14,,,0,,0,0,,0,0,0,0,,0,0,0,0,5,,,,0,24,0,0,1,,0,0,0,3,,,,,,,2025,56.65803,-132.67407,2025-07-14 21:31:50,2025-07-15 04:22:00,2025-07-14T23:03:56,,5006,Petersburg,tlllk2,46,grassland,"Forest Edge,Lake",10,20,1,10,lake,Alaska,0.284837963,0.32650463,0.22087963,0,10.94285714,9,12.8,98.85714286,96,100,0,1.420634921,110.7151258,Meteostat
5006,SE-Dup,2022-06-30,0,0,3,34,0,0,0,0,0,4,7,0,0,0,0,0,10,0,0,0,0,162,0,0,0,0,15,0,0,102,0,0,0,0,0,0,2022,56.65803,-132.67407,2022-06-30 21:45:02,2022-07-01 04:04:18,,2022-06-30T23:31:42,5006,Petersburg,tlllk2,46,grassland,"Forest Edge,Lake",10,20,1,10,lake,Alaska,0.26337963,0.305046296,0.074074074,0,12.52857143,11.7,14.4,91.28571429,84,93,0,0.428571429,137.7056672,Meteostat
5006,SE-Dup,2022-07-01,0,0,4,31,0,0,0,0,0,5,2,0,0,0,0,0,5,0,0,0,0,271,0,0,0,0,8,0,0,163,0,0,0,0,0,0,2022,56.65803,-132.67407,2022-07-01 21:44:32,2022-07-02 04:05:12,,2022-07-01T23:49:55,5006,Petersburg,tlllk2,46,grassland,"Forest Edge,Lake",10,20,1,10,lake,Alaska,0.264351852,0.306018519,0.087071759,0.003738426,14.92857143,13.9,17.2,81.57142857,70,87,0,0,142.7056672,Meteostat
5006,SE-Dup,2022-07-02,0,0,1,16,0,0,0,0,0,2,4,0,0,0,0,0,8,0,0,0,0,167,0,0,0,0,5,0,0,57,0,0,0,0,0,0,2022,56.65803,-132.67407,2022-07-02 21:43:58,2022-07-03 04:06:10,,2022-07-03T00:02:26,5006,Petersburg,tlllk2,46,grassland,"Forest Edge,Lake",10,20,1,10,lake,Alaska,0.265416667,0.307083333,0.096157407,0.012824074,14.2,12.2,16.1,84.28571429,78,93,0,1.119047619,148.2056672,Meteostat
5006,SE-Dup,2022-07-03,0,0,0,0,0,0,0,0,0,0,0,0,0,0,0,0,0,0,0,0,0,0,0,0,0,0,0,0,0,5,0,0,0,0,0,0,2022,56.65803,-132.67407,2022-07-03 21:43:20,2022-07-04 04:07:11,,2022-07-04T00:11:37,5006,Petersburg,tlllk2,46,grassland,"Forest Edge,Lake",10,20,1,10,lake,Alaska,0.2665625,0.308229167,0.102974537,0.019641204,15.15714286,12.2,18.3,74.71428571,65,86,0,0.658730159,155.4556672,Meteostat
5006,SE-Dup,2022-07-04,0,0,2,3,0,0,0,0,0,0,0,0,0,0,0,0,11,0,0,0,0,11,0,0,0,0,0,0,0,69,0,0,0,0,0,0,2022,56.65803,-132.67407,2022-07-04 21:42:38,2022-07-05 04:08:15,,2022-07-05T00:19:00,5006,Petersburg,tlllk2,46,grassland,"Forest Edge,Lake",10,20,1,10,lake,Alaska,0.267789352,0.309456019,0.108587963,0.02525463,17.45714286,16.1,19.4,68.42857143,59,78,0,0.817460317,162.6556672,Meteostat
5006,SE-Dup,2022-07-05,0,0,2,7,0,0,0,0,0,0,1,0,0,0,0,0,8,0,0,0,0,28,0,0,0,0,1,0,0,46,0,0,0,0,0,0,2022,56.65803,-132.67407,2022-07-05 21:41:52,2022-07-06 04:09:22,,2022-07-06T00:25:35,5006,Petersburg,tlllk2,46,grassland,"Forest Edge,Lake",10,20,1,10,lake,Alaska,0.269097222,0.310763889,0.11369213,0.030358796,15.08571429,13.9,17.2,89.71428571,81,96,0.3,0.658730159,170.9556672,Meteostat
5006,SE-Dup,2022-07-06,0,0,0,18,0,0,0,0,0,4,0,0,0,0,0,0,8,0,0,0,0,33,0,0,0,0,3,0,0,43,0,0,0,0,0,0,2022,56.65803,-132.67407,2022-07-06 21:41:02,2022-07-07 04:10:33,,2022-07-07T00:32:15,5006,Petersburg,tlllk2,46,grassland,"Forest Edge,Lake",10,20,1,10,lake,Alaska,0.270497685,0.312164352,0.118900463,0.03556713,15.74285714,14,16.7,88.28571429,80,97,0,0.214285714,178.7556672,Meteostat
5006,SE-Dup,2022-07-07,0,0,1,1,0,0,0,0,0,0,2,0,0,0,0,0,9,0,0,0,0,24,0,0,0,0,3,0,0,63,0,0,0,0,0,0,2022,56.65803,-132.67407,2022-07-07 21:40:08,2022-07-08 04:11:46,,2022-07-08T00:39:56,5006,Petersburg,tlllk2,46,grassland,"Forest Edge,Lake",10,20,1,10,lake,Alaska,0.271967593,0.313634259,0.124861111,0.041527778,12.45714286,12.2,12.8,98.85714286,96,100,1.6,0,185.1556672,Meteostat
5006,SE-Dup,2022-07-08,0,0,1,12,0,0,1,0,0,18,4,0,0,0,0,0,9,0,0,0,0,36,0,0,0,0,3,0,0,61,0,0,0,0,0,0,2022,56.65803,-132.67407,2022-07-08 21:39:11,2022-07-09 04:13:03,,2022-07-09T00:50:01,5006,Petersburg,tlllk2,46,grassland,"Forest Edge,Lake",10,20,1,10,lake,Alaska,0.273518519,0.315185185,0.132523148,0.049189815,12.07142857,11.7,12.8,97.42857143,96,100,0.3,0.301587302,189.6056672,Meteostat
5006,SE-Dup,2022-07-09,0,0,0,30,0,0,0,0,0,8,3,0,0,0,0,0,5,0,0,0,0,110,0,0,0,0,5,0,0,105,0,0,0,0,0,0,2022,56.65803,-132.67407,2022-07-09 21:38:10,2022-07-10 04:14:22,,2022-07-10T01:04:52,5006,Petersburg,tlllk2,46,grassland,"Forest Edge,Lake",10,20,1,10,lake,Alaska,0.275138889,0.316805556,0.143541667,0.060208333,13.57142857,12.8,14.4,88.14285714,84,93,1.7,2.063492063,192.9056672,Meteostat
5006,SE-Dup,2022-07-10,0,0,1,3,0,0,0,0,0,0,2,0,0,0,0,0,3,0,0,0,0,13,0,0,0,0,1,0,0,56,0,0,0,0,0,0,2022,56.65803,-132.67407,2022-07-10 21:37:05,2022-07-11 04:15:44,,2022-07-11T01:29:08,5006,Petersburg,tlllk2,46,grassland,"Forest Edge,Lake",10,20,1,10,lake,Alaska,0.276840278,0.318506944,0.161145833,0.0778125,12.6,12,12.8,85.28571429,80,94,6.2,2.349206349,197.3556672,Meteostat
5006,SW,2015-07-02,0,0,0,1,0,0,0,0,0,0,4,0,0,0,0,4,0,0,0,0,0,0,0,0,0,0,0,0,0,4,0,0,0,0,0,0,2015,56.6492,-132.78866,2015-07-02 21:44:27,2015-07-03 04:06:21,,,5006,Petersburg,tllrp1,67,forest-conifer,,1,40,1,3,creek,Alaska,0.265208333,0.306875,9,9,NA,NA,NA,NA,NA,NA,NA,NA,0,Meteostat
5006,SW1,2019-07-01,0,0,0,1,0,0,0,0,0,0,1,0,0,0,0,2,1,0,0,0,0,0,0,0,1,0,0,0,0,8,0,0,0,0,0,0,2019,56.65069,-132.82306,2019-07-01 21:45:10,2019-07-02 04:05:36,2019-07-02T04:05:30,,5006,Petersburg,tllfr2,146,forest-conifer,Forest Clearing,5,70,1,50,creek,Alaska,0.264189815,0.305856481,6.94444E-05,0.180787037,14.35714286,12.2,16.7,92.57142857,84,97,0,0.428571429,189.1417564,Meteostat
5006,SW1,2019-07-02,0,0,0,0,0,0,0,0,0,0,0,0,0,0,0,3,1,0,0,0,0,0,0,0,1,0,0,0,0,3,0,0,0,0,0,0,2019,56.65069,-132.82306,2019-07-02 21:44:37,2019-07-03 04:06:32,,2019-07-02T21:53:45,5006,Petersburg,tllfr2,146,forest-conifer,Forest Clearing,5,70,1,50,creek,Alaska,0.265219907,0.306886574,0.006342593,0,16.41428571,15,18.9,82.42857143,75,86,0,0.601851852,196.0917564,Meteostat
5006,SW1,2019-07-03,0,0,0,1,0,0,0,0,0,0,0,0,0,0,0,4,6,0,0,0,0,0,0,0,0,0,0,0,0,4,0,0,0,0,0,0,2019,56.65069,-132.82306,2019-07-03 21:44:00,2019-07-04 04:07:32,,2019-07-03T22:42:58,5006,Petersburg,tllfr2,146,forest-conifer,Forest Clearing,5,70,1,50,creek,Alaska,0.266342593,0.308009259,0.040949074,0,15.22857143,14.4,16.7,84.57142857,80,87,NA,0,203.2917564,Meteostat
5006,SW1,2019-07-04,0,0,0,0,0,0,0,0,0,0,0,0,0,0,0,0,0,0,0,0,0,0,0,0,0,0,0,0,0,2,0,0,0,0,0,0,2019,56.65069,-132.82306,2019-07-04 21:43:20,2019-07-05 04:08:36,,2019-07-04T23:19:12,5006,Petersburg,tllfr2,146,forest-conifer,Forest Clearing,5,70,1,50,creek,Alaska,0.267546296,0.309212963,0.066574074,0,14.37142857,12.8,16.1,90.57142857,83,96,0,0,209.9417564,Meteostat
5006,SW1,2019-07-05,0,0,0,0,0,0,0,0,0,0,5,0,0,0,0,3,1,0,0,0,0,0,0,0,0,0,0,0,0,6,0,0,0,0,0,0,2019,56.65069,-132.82306,2019-07-05 21:42:35,2019-07-06 04:09:42,,2019-07-05T23:46:02,5006,Petersburg,tllfr2,146,forest-conifer,Forest Clearing,5,70,1,50,creek,Alaska,0.268831019,0.310497685,0.085729167,0.002395833,15.45714286,13.3,18.3,77.57142857,68,87,0,0.642857143,217.3917564,Meteostat
5006,SW1,2020-06-24,0,0,0,0,0,0,0,0,0,0,1,0,0,0,0,1,0,0,0,0,0,0,0,0,0,0,0,0,0,0,0,0,0,0,0,0,2020,56.65069,-132.82306,2020-06-24 21:47:04,2020-06-25 04:01:04,,2020-06-25T00:22:32,5006,Petersburg,tllfr2,146,forest-conifer,Forest Clearing,5,70,1,50,creek,Alaska,0.259722222,0.301388889,0.107962963,0.02462963,9.842857143,8.3,10.6,89.57142857,83,97,1.3,0,86.71234019,Meteostat
5006,SW1,2020-06-25,0,0,0,0,0,0,0,0,0,0,0,0,0,0,0,0,0,0,0,0,0,0,0,0,1,0,0,0,0,1,0,0,0,0,0,0,2020,56.65069,-132.82306,2020-06-25 21:46:57,2020-06-26 04:01:38,,2020-06-26T00:41:12,5006,Petersburg,tllfr2,146,forest-conifer,Forest Clearing,5,70,1,50,creek,Alaska,0.260196759,0.301863426,0.121006944,0.037673611,9.485714286,9.4,10,93.57142857,89,97,3.1,1.246031746,87.66385139,Meteostat
5006,SW1,2020-06-28,0,0,0,0,0,0,0,0,0,0,0,0,0,0,0,0,0,0,0,0,0,0,0,0,1,0,0,0,0,7,0,0,0,0,0,0,2020,56.65069,-132.82306,2020-06-28 21:46:10,2020-06-29 04:03:41,,2020-06-29T01:22:25,5006,Petersburg,tllfr2,146,forest-conifer,Forest Clearing,5,70,1,50,creek,Alaska,0.262164352,0.303831019,0.150173611,0.066840278,11.48571429,9.4,15.6,81.57142857,57,97,2.1,1.246031746,90.92385995,Meteostat
5006,SW1,2020-06-29,0,0,0,0,0,0,0,0,0,0,0,0,0,0,0,1,1,0,0,0,0,0,0,0,0,0,0,0,0,1,0,0,0,0,0,0,2020,56.65069,-132.82306,2020-06-29 21:45:46,2020-06-30 04:04:30,,2020-06-30T01:36:20,5006,Petersburg,tllfr2,146,forest-conifer,Forest Clearing,5,70,1,50,creek,Alaska,0.263009259,0.304675926,0.160115741,0.076782407,10.4,8.9,12.8,93.28571429,83,100,0,1.603174603,116.5110158,Meteostat
5006,SW1,2021-06-26,0,0,0,1,0,0,0,0,0,0,1,0,0,0,0,0,0,0,0,0,0,0,0,0,0,0,0,0,0,1,0,0,0,0,0,0,2021,56.65069,-132.82306,2021-06-26 21:46:48,2021-06-27 04:02:04,2021-06-26T23:58:34,,5006,Petersburg,tllfr2,146,forest-conifer,Forest Clearing,5,70,1,50,creek,Alaska,0.260601852,0.302268519,0.169097222,0.008171296,14.2,12.2,15,91.42857143,87,97,0,2.166666667,99.16237239,Meteostat
5006,SW1,2021-06-27,0,0,0,5,0,0,0,0,0,0,1,0,0,0,0,0,27,0,0,0,0,1,0,0,1,0,0,0,0,2,0,0,0,0,0,0,2021,56.65069,-132.82306,2021-06-27 21:46:34,2021-06-28 04:02:45,2021-06-28T00:19:21,,5006,Petersburg,tllfr2,146,forest-conifer,Forest Clearing,5,70,1,50,creek,Alaska,0.261238426,0.302905093,0.155138889,0.022766204,14.91428571,12.2,17.8,76.71428571,67,89,0,1.404761905,104.1623724,Meteostat
5006,SW1,2021-06-28,0,0,0,2,0,0,0,0,0,0,1,0,0,0,0,0,0,0,0,0,0,1,0,0,0,0,0,0,0,1,0,0,0,0,0,0,2021,56.65069,-132.82306,2021-06-28 21:46:15,2021-06-29 04:03:28,2021-06-29T00:33:32,,5006,Petersburg,tllfr2,146,forest-conifer,Forest Clearing,5,70,1,50,creek,Alaska,0.261956019,0.303622685,0.145787037,0.032835648,16.28571429,13.9,20,71.57142857,59,78,0,2.206349206,110.5623724,Meteostat
5006,SW1,2021-06-29,0,0,0,1,0,0,0,0,0,0,3,0,0,0,0,0,5,0,0,0,0,1,0,0,1,0,1,0,0,12,0,0,0,0,0,0,2021,56.65069,-132.82306,2021-06-29 21:45:52,2021-06-30 04:04:16,2021-06-30T00:44:08,,5006,Petersburg,tllfr2,146,forest-conifer,Forest Clearing,5,70,1,50,creek,Alaska,0.262777778,0.304444444,0.138981481,0.040462963,13.34285714,11.7,16.1,79.85714286,72,86,0,1.674603175,118.9123724,Meteostat
5006,SW1,2022-07-02,0,0,0,0,0,0,0,0,0,0,2,0,0,0,0,0,0,0,0,0,0,0,0,0,0,0,0,0,0,3,0,0,0,0,0,0,2022,56.65069,-132.82306,2022-07-02 21:44:30,2022-07-03 04:06:49,,2022-07-03T00:03:00,5006,Petersburg,tllfr2,146,forest-conifer,Forest Clearing,5,70,1,50,creek,Alaska,0.265497685,0.307164352,0.096180556,0.012847222,14.2,12.2,16.1,84.28571429,78,93,0,1.119047619,148.2056672,Meteostat
5006,SW1,2022-07-03,0,0,1,0,0,0,0,0,0,0,3,0,0,0,0,0,2,0,0,0,0,0,0,0,0,0,0,0,0,9,0,0,0,0,0,0,2022,56.65069,-132.82306,2022-07-03 21:43:52,2022-07-04 04:07:50,,2022-07-04T00:12:12,5006,Petersburg,tllfr2,146,forest-conifer,Forest Clearing,5,70,1,50,creek,Alaska,0.266643519,0.308310185,0.103009259,0.019675926,15.15714286,12.2,18.3,74.71428571,65,86,0,0.658730159,155.4556672,Meteostat
5006,SW1,2022-07-04,0,0,0,2,0,0,0,0,0,0,2,0,0,0,0,0,0,0,0,0,0,0,0,0,0,0,0,0,0,6,0,0,0,0,0,0,2022,56.65069,-132.82306,2022-07-04 21:43:10,2022-07-05 04:08:54,,2022-07-05T00:19:35,5006,Petersburg,tllfr2,146,forest-conifer,Forest Clearing,5,70,1,50,creek,Alaska,0.26787037,0.309537037,0.108622685,0.025289352,17.45714286,16.1,19.4,68.42857143,59,78,0,0.817460317,162.6556672,Meteostat
5006,SW1,2022-07-05,0,0,0,1,0,0,0,0,0,0,1,0,0,0,0,0,0,0,0,0,0,0,0,0,0,0,0,0,0,1,0,0,0,0,0,0,2022,56.65069,-132.82306,2022-07-05 21:42:24,2022-07-06 04:10:01,,2022-07-06T00:26:11,5006,Petersburg,tllfr2,146,forest-conifer,Forest Clearing,5,70,1,50,creek,Alaska,0.269178241,0.310844907,0.113738426,0.030405093,15.08571429,13.9,17.2,89.71428571,81,96,0.3,0.658730159,170.9556672,Meteostat
5006,SW1,2022-07-06,0,0,0,26,0,0,0,0,0,0,1,0,0,0,0,0,1,0,0,0,0,4,0,0,0,0,0,0,0,16,0,0,0,0,0,0,2022,56.65069,-132.82306,2022-07-06 21:41:34,2022-07-07 04:11:12,,2022-07-07T00:32:51,5006,Petersburg,tllfr2,146,forest-conifer,Forest Clearing,5,70,1,50,creek,Alaska,0.270578704,0.31224537,0.118946759,0.035613426,15.74285714,14,16.7,88.28571429,80,97,0,0.214285714,178.7556672,Meteostat
5006,SW1,2022-07-07,0,0,0,13,0,0,0,0,0,0,2,0,0,0,0,0,0,0,0,0,0,0,0,0,0,0,0,0,0,17,0,0,0,0,0,0,2022,56.65069,-132.82306,2022-07-07 21:40:40,2022-07-08 04:12:25,,2022-07-08T00:40:33,5006,Petersburg,tllfr2,146,forest-conifer,Forest Clearing,5,70,1,50,creek,Alaska,0.272048611,0.313715278,0.124918981,0.041585648,12.45714286,12.2,12.8,98.85714286,96,100,1.6,0,185.1556672,Meteostat
5006,SW1,2022-07-08,0,0,0,0,0,0,0,0,0,0,0,0,0,0,0,0,0,0,0,0,0,0,0,0,0,0,0,0,0,8,0,0,0,0,0,0,2022,56.65069,-132.82306,2022-07-08 21:39:43,2022-07-09 04:13:42,,2022-07-09T00:50:39,5006,Petersburg,tllfr2,146,forest-conifer,Forest Clearing,5,70,1,50,creek,Alaska,0.273599537,0.315266204,0.132592593,0.049259259,12.07142857,11.7,12.8,97.42857143,96,100,0.3,0.301587302,189.6056672,Meteostat
5006,SW1,2022-07-10,0,0,0,0,0,0,0,0,0,0,1,0,0,0,0,0,0,0,0,0,0,0,0,0,0,0,0,0,0,2,0,0,0,0,0,0,2022,56.65069,-132.82306,2022-07-10 21:37:37,2022-07-11 04:16:23,,2022-07-11T01:29:48,5006,Petersburg,tllfr2,146,forest-conifer,Forest Clearing,5,70,1,50,creek,Alaska,0.276921296,0.318587963,0.161238426,0.077905093,12.6,12,12.8,85.28571429,80,94,6.2,2.349206349,197.3556672,Meteostat
5006,SW1,2022-07-13,0,0,0,0,0,0,0,0,0,0,0,0,0,0,0,0,0,0,0,0,0,1,0,0,0,0,0,0,0,2,0,0,0,0,0,0,2022,56.65069,-132.82306,2022-07-13 21:34:03,2022-07-14 04:20:43,2022-07-13T22:33:37,,5006,Petersburg,tllfr2,146,forest-conifer,Forest Clearing,5,70,1,50,creek,Alaska,0.282407407,0.324074074,0.241041667,0,11.67142857,10.6,13.9,91.28571429,81,96,1.7,1.158730159,203.9015945,Meteostat
5006,SW1,2022-07-14,0,0,0,4,0,0,0,0,0,0,2,0,0,0,0,0,0,0,0,0,0,6,0,0,0,0,0,0,0,11,0,0,0,0,0,0,2022,56.65069,-132.82306,2022-07-14 21:32:45,2022-07-15 04:22:15,2022-07-14T22:59:38,,5006,Petersburg,tllfr2,146,forest-conifer,Forest Clearing,5,70,1,50,creek,Alaska,0.284375,0.326041667,0.224039352,0,11.27142857,10.6,12.2,96.71428571,93,100,2.9,0.857142857,207.2515945,Meteostat
5006,SW1,2022-07-15,0,0,0,0,0,0,0,0,0,0,1,0,0,0,0,0,2,0,0,0,0,1,0,0,0,0,0,0,0,3,0,0,0,0,0,0,2022,56.65069,-132.82306,2022-07-15 21:31:24,2022-07-16 04:23:48,2022-07-15T23:15:27,,5006,Petersburg,tllfr2,146,forest-conifer,Forest Clearing,5,70,1,50,creek,Alaska,0.286388889,0.328055556,0.214131944,0,12.71428571,12.2,13,96.28571429,94,100,1.9,0.373015873,209.7515945,Meteostat
5006,SW1,2022-07-17,0,1,0,0,0,0,0,0,0,0,0,0,0,0,0,0,0,0,0,0,0,0,0,0,0,0,0,0,0,1,0,0,0,0,0,0,2022,56.65069,-132.82306,2022-07-17 21:28:32,2022-07-18 04:27:02,2022-07-17T23:34:09,,5006,Petersburg,tllfr2,146,forest-conifer,Forest Clearing,5,70,1,50,creek,Alaska,0.290625,0.332291667,0.203391204,0.003900463,12.0625,11.7,12.8,98,93,100,2.8,0.1875,216.7015945,Meteostat
5006,SW1,2023-06-24,0,0,0,0,0,0,0,0,0,0,0,0,0,0,0,0,2,0,0,0,0,0,0,0,0,0,0,0,0,5,0,0,0,0,0,0,2023,56.65069,-132.82306,2023-06-24 21:47:09,2023-06-25 04:00:43,,2023-06-25T00:51:55,5006,Petersburg,tllfr2,146,forest-conifer,Forest Clearing,5,70,1,50,creek,Alaska,0.259421296,0.301087963,0.128310185,0.044976852,13.32857143,12.8,14.4,93,90,96,0,0.214285714,108.1930535,Meteostat
5006,SW1,2023-06-25,0,0,0,0,0,0,0,0,0,0,1,0,0,0,0,0,3,0,0,0,0,0,0,0,0,0,0,0,0,1,0,0,0,0,0,0,2023,56.65069,-132.82306,2023-06-25 21:47:05,2023-06-26 04:01:13,,2023-06-26T00:56:27,5006,Petersburg,tllfr2,146,forest-conifer,Forest Clearing,5,70,1,50,creek,Alaska,0.259814815,0.301481481,0.13150463,0.048171296,13.32857143,12.8,15,96.28571429,83,100,5.8,0.428571429,113.5430535,Meteostat
5006,SW1,2023-06-26,0,0,0,0,0,0,0,0,0,0,1,0,0,0,0,0,0,0,0,0,0,0,0,0,0,0,0,0,0,1,0,0,0,0,0,0,2023,56.65069,-132.82306,2023-06-26 21:46:57,2023-06-27 04:01:48,,2023-06-27T01:01:07,5006,Petersburg,tllfr2,146,forest-conifer,Forest Clearing,5,70,1,50,creek,Alaska,0.2603125,0.301979167,0.134837963,0.05150463,13.91428571,13.3,14.4,99.14285714,97,100,1.8,1.031746032,118.8430535,Meteostat
5006,SW1,2023-06-27,0,0,0,0,0,0,0,0,0,0,0,0,0,0,0,0,1,0,0,0,0,0,0,0,0,0,0,0,0,0,0,0,0,0,0,0,2023,56.65069,-132.82306,2023-06-27 21:46:44,2023-06-28 04:02:26,,2023-06-28T01:06:41,5006,Petersburg,tllfr2,146,forest-conifer,Forest Clearing,5,70,1,50,creek,Alaska,0.260902778,0.302569444,0.138854167,0.055520833,12.22857143,11.7,13.3,98,93,100,0,0.301587302,123.2430535,Meteostat
5006,SW1,2023-06-28,0,0,0,0,0,0,0,0,0,0,3,0,0,0,0,0,1,0,0,0,0,0,0,0,0,0,1,0,0,5,0,0,0,0,0,0,2023,56.65069,-132.82306,2023-06-28 21:46:27,2023-06-29 04:03:09,,2023-06-29T01:14:15,5006,Petersburg,tllfr2,146,forest-conifer,Forest Clearing,5,70,1,50,creek,Alaska,0.261597222,0.303263889,0.144305556,0.060972222,12.82857143,11.1,13.3,88.14285714,80,97,2.1,2.222222222,129.3430535,Meteostat
5006,SW1,2023-07-01,0,0,0,0,0,0,0,0,0,0,2,0,0,0,0,0,0,0,0,0,0,0,0,0,0,0,0,0,0,0,0,0,0,0,0,0,2023,56.65069,-132.82306,2023-07-01 21:45:12,2023-07-02 04:05:37,,2023-07-02T02:20:36,5006,Petersburg,tllfr2,146,forest-conifer,Forest Clearing,5,70,1,50,creek,Alaska,0.264178241,0.305844907,0.19125,0.107916667,11.12857143,10.6,12.2,89.57142857,89,92,0,0.214285714,139.3487956,Meteostat
5006,SW1,2023-07-02,0,0,0,0,0,0,0,0,0,0,0,0,0,0,0,0,0,0,0,0,0,0,0,0,0,0,1,0,0,0,0,0,0,0,0,0,2023,56.65069,-132.82306,2023-07-02 21:44:38,2023-07-03 04:06:34,2023-07-02T22:18:36,2023-07-03T03:23:03,5006,Petersburg,tllfr2,146,forest-conifer,Forest Clearing,5,70,1,50,creek,Alaska,0.265231481,0.306898148,0.211423611,0,9.757142857,8.5,12.2,92.85714286,86,97,0,1.003968254,141.8487956,Meteostat
5006,SW1,2023-07-03,0,0,0,0,0,0,0,0,0,0,0,0,0,0,0,0,0,0,0,0,0,0,0,0,0,0,0,0,0,1,0,0,0,0,0,0,2023,56.65069,-132.82306,2023-07-03 21:44:01,2023-07-04 04:07:34,2023-07-03T23:05:01,,5006,Petersburg,tllfr2,146,forest-conifer,Forest Clearing,5,70,1,50,creek,Alaska,0.266354167,0.308020833,0.210104167,0,13.08571429,11.7,14.4,81.14285714,72,86,0,0,144.0987956,Meteostat
5006,SW1,2023-07-04,0,0,0,0,0,0,0,0,0,0,0,0,0,0,0,0,5,0,0,0,0,0,0,0,0,0,0,0,0,4,0,0,0,0,0,0,2023,56.65069,-132.82306,2023-07-04 21:43:20,2023-07-05 04:08:37,2023-07-04T23:30:49,,5006,Petersburg,tllfr2,146,forest-conifer,Forest Clearing,5,70,1,50,creek,Alaska,0.26755787,0.309224537,0.192916667,0,12.37142857,11.1,15,88.57142857,78,93,0,1.674603175,147.5088234,Meteostat
5006,SW1,2023-07-05,0,0,0,0,0,0,0,0,0,0,4,0,0,0,0,0,2,0,0,0,0,0,0,0,0,0,0,0,0,6,0,0,0,0,0,0,2023,56.65069,-132.82306,2023-07-05 21:42:35,2023-07-06 04:09:44,2023-07-05T23:45:42,,5006,Petersburg,tllfr2,146,forest-conifer,Forest Clearing,5,70,1,50,creek,Alaska,0.268854167,0.310520833,0.183356481,0.002164352,11.08571429,9.4,13.3,86.28571429,77,93,0,1.722222222,153.0588234,Meteostat
5006,SW1,2023-07-06,0,0,0,0,0,0,0,0,0,0,1,0,0,0,0,0,5,0,0,0,0,0,0,0,0,0,0,0,0,3,0,0,0,0,0,0,2023,56.65069,-132.82306,2023-07-06 21:41:46,2023-07-07 04:10:53,2023-07-06T23:55:15,,5006,Petersburg,tllfr2,146,forest-conifer,Forest Clearing,5,70,1,50,creek,Alaska,0.270219907,0.311886574,0.177523148,0.009363426,14.67142857,12.8,17.2,76.28571429,67,83,0,1.777777778,156.9588234,Meteostat
5006,SW1,2024-06-21,0,,0,0,0,0,,1,0,0,2,,0,0,0,0,0,,,,0,0,0,0,0,0,0,0,0,3,,,,,,0,2024,56.65069,-132.82306,2024-06-21 21:47:02,2024-06-22 03:59:47,2024-06-21T22:49:08,2024-06-22T03:38:08,5006,Petersburg,tllfr2,146,forest-conifer,Forest Clearing,5,70,1,50,creek,Alaska,0.258854167,0.300520833,0.200694444,0,12.25714286,12,12.8,97.71428571,93,100,4.7,0.642857143,75.80072738,Meteostat
5006,SW1,2024-06-22,0,,0,0,0,0,,0,0,0,5,,0,0,0,0,0,,,,0,0,0,0,0,0,0,0,0,3,,,,,,0,2024,56.65069,-132.82306,2024-06-22 21:47:07,2024-06-23 04:00:09,2024-06-22T23:32:37,,5006,Petersburg,tllfr2,146,forest-conifer,Forest Clearing,5,70,1,50,creek,Alaska,0.259050926,0.300717593,0.185787037,0,11.81428571,11,12.8,98.85714286,96,100,0,1.333333333,82.35072738,Meteostat
5006,SW1,2024-06-23,0,,0,0,0,0,,0,0,0,3,,0,0,0,0,3,,,,0,2,0,0,1,0,0,0,0,3,,,,,,0,2024,56.65069,-132.82306,2024-06-23 21:47:08,2024-06-24 04:00:34,2024-06-23T23:57:09,,5006,Petersburg,tllfr2,146,forest-conifer,Forest Clearing,5,70,1,50,creek,Alaska,0.259328704,0.30099537,0.169039352,0.006956019,11.77142857,11.7,12.2,99.57142857,97,100,0,0,86.25072738,Meteostat
5006,SW1,2024-06-24,0,,0,0,0,0,,0,0,0,5,,0,0,0,0,11,,,,0,0,0,0,0,0,0,0,0,2,,,,,,0,2024,56.65069,-132.82306,2024-06-24 21:47:05,2024-06-25 04:01:04,2024-06-25T00:11:18,,5006,Petersburg,tllfr2,146,forest-conifer,Forest Clearing,5,70,1,50,creek,Alaska,0.259710648,0.301377315,0.159560185,0.01681713,11.11428571,10.6,11.7,99,96,100,0,0,88.95072738,Meteostat
5006,SW1,2024-06-25,0,,0,0,0,0,,0,0,0,13,,0,0,0,0,16,,,,0,0,0,0,1,0,0,0,0,4,,,,,,0,2024,56.65069,-132.82306,2024-06-25 21:46:57,2024-06-26 04:01:37,2024-06-26T00:20:13,,5006,Petersburg,tllfr2,146,forest-conifer,Forest Clearing,5,70,1,50,creek,Alaska,0.260185185,0.301851852,0.15375,0.023101852,12.14285714,11.7,13.3,86.71428571,80,93,0,0.515873016,91.70072738,Meteostat
5006,SW1,2024-06-26,0,,0,0,0,0,,0,0,0,9,,0,0,0,0,10,,,,0,0,0,0,0,0,0,0,0,4,,,,,,0,2024,56.65069,-132.82306,2024-06-26 21:46:46,2024-06-27 04:02:15,2024-06-27T00:26:33,,5006,Petersburg,tllfr2,146,forest-conifer,Forest Clearing,5,70,1,50,creek,Alaska,0.260752315,0.302418981,0.149791667,0.027627315,13.24285714,12.2,15,91.28571429,81,97,0,0.214285714,95.05072738,Meteostat
5006,SW1,2024-06-27,0,,0,0,0,0,,0,0,0,8,,0,0,0,0,18,,,,0,1,0,0,0,0,0,0,0,1,,,,,,0,2024,56.65069,-132.82306,2024-06-27 21:46:30,2024-06-28 04:02:56,2024-06-28T00:31:45,,5006,Petersburg,tllfr2,146,forest-conifer,Forest Clearing,5,70,1,50,creek,Alaska,0.261412037,0.303078704,0.146655093,0.031423611,14.2,13.3,15.6,85.85714286,80,90,0,0,100.0507274,Meteostat
5006,SW1,2024-06-28,0,,0,0,0,0,,0,0,0,3,,0,0,0,0,2,,,,0,0,0,0,0,0,0,0,0,0,,,,,,0,2024,56.65069,-132.82306,2024-06-28 21:46:10,2024-06-29 04:03:41,2024-06-29T00:36:50,,5006,Petersburg,tllfr2,146,forest-conifer,Forest Clearing,5,70,1,50,creek,Alaska,0.262164352,0.303831019,0.143645833,0.035185185,13.42857143,12.8,13.9,98.85714286,96,100,1.3,0,107.0007274,Meteostat
5006,SW1,2024-06-29,0,,0,0,0,0,,0,0,0,7,,0,0,0,0,38,,,,0,2,0,0,2,0,0,0,0,9,,,,,,0,2024,56.65069,-132.82306,2024-06-29 21:45:46,2024-06-30 04:04:30,2024-06-30T00:42:43,,5006,Petersburg,tllfr2,146,forest-conifer,Forest Clearing,5,70,1,50,creek,Alaska,0.263009259,0.304675926,0.140127315,0.039548611,13.2,12,13.9,97.28571429,93,100,0.2,0,112.8007274,Meteostat
5006,SW1,2024-06-30,0,,0,0,0,0,,0,0,0,3,,0,0,0,0,9,,,,0,0,0,0,0,0,0,0,0,4,,,,,,0,2024,56.65069,-132.82306,2024-06-30 21:45:18,2024-07-01 04:05:22,2024-07-01T00:50:38,,5006,Petersburg,tllfr2,146,forest-conifer,Forest Clearing,5,70,1,50,creek,Alaska,0.263935185,0.305601852,0.135231481,0.04537037,11.7,11.7,11.7,97.71428571,96,100,0,0.944444444,118.1007274,Meteostat
5006,SW1,2024-07-01,0,,0,1,0,0,,0,0,0,7,,0,0,0,0,4,,,,0,0,0,0,0,0,0,0,0,3,,,,,,0,2024,56.65069,-132.82306,2024-07-01 21:44:46,2024-07-02 04:06:18,2024-07-02T01:02:38,,5006,Petersburg,tllfr2,146,forest-conifer,Forest Clearing,5,70,1,50,creek,Alaska,0.264953704,0.30662037,0.127546296,0.054074074,11.91428571,11.1,12.8,88.57142857,83,93,0,0.642857143,121.9507274,Meteostat
5006,SW1,2024-07-02,0,,0,1,0,0,,1,0,0,9,,0,0,0,0,2,,,,0,3,0,0,0,0,1,0,0,4,,,,,,0,2024,56.65069,-132.82306,2024-07-02 21:44:10,2024-07-03 04:07:18,2024-07-03T01:22:34,,5006,Petersburg,tllfr2,146,forest-conifer,Forest Clearing,5,70,1,50,creek,Alaska,0.266064815,0.307731481,0.114398148,0.068333333,11.42857143,10,13.3,83.85714286,72,93,0,2.079365079,124.9507274,Meteostat
5006,SW1,2024-07-03,0,,0,0,0,0,,0,0,0,12,,0,0,0,0,5,,,,0,0,0,0,0,0,2,0,0,3,,,,,,0,2024,56.65069,-132.82306,2024-07-03 21:43:30,2024-07-04 04:08:20,2024-07-04T01:57:18,,5006,Petersburg,tllfr2,146,forest-conifer,Forest Clearing,5,70,1,50,creek,Alaska,0.26724537,0.308912037,0.09099537,0.092916667,11.48571429,11,12.2,88.28571429,86,93,0,0.813492063,128.0007274,Meteostat
5006,SW1,2024-07-04,0,,0,1,0,0,,0,0,0,13,,0,0,0,0,25,,,,0,2,0,0,0,0,1,0,1,4,,,,,,0,2024,56.65069,-132.82306,2024-07-04 21:42:46,2024-07-05 04:09:26,2024-07-05T02:54:16,2024-07-04T21:57:19,5006,Petersburg,tllfr2,146,forest-conifer,Forest Clearing,5,70,1,50,creek,Alaska,0.268518519,0.310185185,-0.206215278,0.132986111,9.457142857,7.8,12.2,95.28571429,90,100,0,0.857142857,129.9507274,Meteostat
5006,SW1,2024-07-05,0,,0,1,0,0,,0,0,0,25,,0,0,0,0,69,,,,0,2,0,0,2,0,2,0,0,10,,,,,,0,2024,56.65069,-132.82306,2024-07-05 21:41:58,2024-07-06 04:10:35,,2024-07-05T22:37:59,5006,Petersburg,tllfr2,146,forest-conifer,Forest Clearing,5,70,1,50,creek,Alaska,0.269872685,0.311539352,0.038900463,0,11.72857143,9.4,14.4,79.14285714,67,90,0,1.349206349,133.8507274,Meteostat
5006,SW1,2024-07-06,0,,0,0,0,0,,0,0,0,18,,0,0,0,0,62,,,,0,0,0,0,4,0,2,0,0,7,,,,,,0,2024,56.65069,-132.82306,2024-07-06 21:41:06,2024-07-07 04:11:48,,2024-07-06T23:00:58,5006,Petersburg,tllfr2,146,forest-conifer,Forest Clearing,5,70,1,50,creek,Alaska,0.271319444,0.312986111,0.055462963,0,11.2,8.9,15.6,83.28571429,64,93,0,1.849206349,137.0990712,Meteostat
5006,SW1,2024-07-07,0,,0,0,0,0,,0,0,0,14,,0,0,0,0,57,,,,0,0,0,0,0,0,0,0,0,2,,,,,,0,2024,56.65069,-132.82306,2024-07-07 21:40:11,2024-07-08 04:13:03,,2024-07-07T23:14:18,5006,Petersburg,tllfr2,146,forest-conifer,Forest Clearing,5,70,1,50,creek,Alaska,0.272824074,0.314490741,0.065358796,0,11.12857143,8.9,13.3,84.14285714,75,93,0,0,140.8668128,Meteostat
5006,SW1,2025-06-20,,,0,,0,0,,0,0,0,5,,0,0,0,0,1,,,,0,0,0,0,0,,1,0,0,6,,,,,,,2025,56.65069,-132.82306,2025-06-20 21:46:49,2025-06-21 03:59:25,2025-06-21T01:12:36,,5006,Petersburg,tllfr2,146,forest-conifer,Forest Clearing,5,70,1,50,creek,Alaska,0.25875,0.300416667,0.115844907,0.059571759,9.414285714,8,11.1,99,96,100,0,0.908730159,43.82931946,Meteostat
5006,SW1,2025-06-21,,,0,,0,0,,0,0,0,2,,0,0,0,0,21,,,,0,1,0,0,0,,0,0,0,9,,,,,,,2025,56.65069,-132.82306,2025-06-21 21:46:59,2025-06-22 03:59:42,2025-06-22T01:23:52,,5006,Petersburg,tllfr2,146,forest-conifer,Forest Clearing,5,70,1,50,creek,Alaska,0.258831019,0.300497685,0.108217593,0.067280093,11.55714286,9,15,92.85714286,78,100,0,0.666666667,46.113598,Meteostat
5006,SW1,2025-06-22,,,0,,0,0,,0,0,0,2,,0,0,0,0,26,,,,0,0,0,0,0,,0,0,0,5,,,,,,,2025,56.65069,-132.82306,2025-06-22 21:47:06,2025-06-23 04:00:02,2025-06-23T01:43:06,,5006,Petersburg,tllfr2,146,forest-conifer,Forest Clearing,5,70,1,50,creek,Alaska,0.258981481,0.300648148,0.095092593,0.080555556,12.74285714,12,15,89.71428571,81,93,0,0.773809524,50.46624119,Meteostat
5006,SW1,2025-06-23,,,0,,0,0,,0,0,0,3,,0,0,0,0,1,,,,0,0,0,0,1,,0,0,0,3,,,,,,,2025,56.65069,-132.82306,2025-06-23 21:47:08,2025-06-24 04:00:27,2025-06-24T02:18:23,,5006,Petersburg,tllfr2,146,forest-conifer,Forest Clearing,5,70,1,50,creek,Alaska,0.259247685,0.300914352,0.07087963,0.105034722,12.22857143,11.7,13,95.71428571,93,100,0,1.027777778,56.08488092,Meteostat
5006,SW1,2025-06-25,,,0,,0,0,,0,0,0,3,,0,0,0,0,0,,,,0,0,0,0,0,,0,0,0,1,,,,,,,2025,56.65069,-132.82306,2025-06-25 21:47:00,2025-06-26 04:01:29,,2025-06-25T23:06:55,5006,Petersburg,tllfr2,146,forest-conifer,Forest Clearing,5,70,1,50,creek,Alaska,0.26005787,0.301724537,0.055497685,0,11.05714286,11,11.1,100,100,100,1.5,0.702380952,63.43488092,Meteostat
5006,SW1,2025-06-26,,,0,,0,0,,0,0,0,0,,0,0,0,0,0,,,,0,2,0,0,0,,2,0,0,0,,,,,,,2025,56.65069,-132.82306,2025-06-26 21:46:49,2025-06-27 04:02:06,,2025-06-26T23:30:53,5006,Petersburg,tllfr2,146,forest-conifer,Forest Clearing,5,70,1,50,creek,Alaska,0.260613426,0.302280093,0.072268519,0,11.47142857,11,12,98.85714286,96,100,3.3,0.76984127,65.43488092,Meteostat
5006,SW1,2025-06-27,,,0,,0,0,,0,0,0,0,,0,0,0,0,4,,,,0,0,0,0,1,,0,0,0,3,,,,,,,2025,56.65069,-132.82306,2025-06-27 21:46:35,2025-06-28 04:02:47,,2025-06-27T23:44:15,5006,Petersburg,tllfr2,146,forest-conifer,Forest Clearing,5,70,1,50,creek,Alaska,0.26125,0.302916667,0.081712963,0,11.74285714,10.9,12.2,93.28571429,83,100,1.4,1.726190476,68.23488092,Meteostat
5006,SW1,2025-06-29,,,0,,0,0,,0,0,0,2,,0,0,0,0,0,,,,0,1,0,0,0,,3,0,0,5,,,,,,,2025,56.65069,-132.82306,2025-06-29 21:45:53,2025-06-30 04:04:19,,2025-06-29T23:57:56,5006,Petersburg,tllfr2,146,forest-conifer,Forest Clearing,5,70,1,50,creek,Alaska,0.262800926,0.304467593,0.091701389,0.008368056,10.14285714,9,11,98.85714286,96,100,0.5,1.079365079,72.73488092,Meteostat
5006,SW1,2025-06-30,,,0,,0,0,,0,0,0,0,,0,0,0,0,0,,,,0,0,0,0,0,,0,0,1,2,,,,,,,2025,56.65069,-132.82306,2025-06-30 21:45:26,2025-07-01 04:05:10,,2025-07-01T00:02:08,5006,Petersburg,tllfr2,146,forest-conifer,Forest Clearing,5,70,1,50,creek,Alaska,0.263703704,0.30537037,0.094930556,0.011597222,12.42857143,11.7,13.3,97,93,100,7.4,1.305555556,74.38488092,Meteostat
5006,SW1,2025-07-01,,,0,,0,0,,0,0,0,2,,0,0,0,1,0,,,,0,0,0,0,0,,1,0,1,4,,,,,,,2025,56.65069,-132.82306,2025-07-01 21:44:54,2025-07-02 04:06:06,,2025-07-02T00:05:51,5006,Petersburg,tllfr2,146,forest-conifer,Forest Clearing,5,70,1,50,creek,Alaska,0.264722222,0.306388889,0.097881944,0.014548611,10,10,10,100,100,100,1.4,0.575396825,75.74471082,Meteostat
5006,SW1,2025-07-02,,,0,,0,0,,0,0,0,7,,0,0,0,0,17,,,,0,0,0,0,0,,1,0,0,12,,,,,,,2025,56.65069,-132.82306,2025-07-02 21:44:19,2025-07-03 04:07:04,,2025-07-03T00:09:43,5006,Petersburg,tllfr2,146,forest-conifer,Forest Clearing,5,70,1,50,creek,Alaska,0.265798611,0.307465278,0.100972222,0.017638889,11.05714286,10.6,11.7,99,96,100,0,0.626984127,78.79471082,Meteostat
5006,SW1,2025-07-03,,,0,,0,0,,0,0,0,12,,0,0,0,1,31,,,,0,1,0,0,0,,0,0,0,16,,,,,,,2025,56.65069,-132.82306,2025-07-03 21:43:40,2025-07-04 04:08:06,,2025-07-04T00:14:25,5006,Petersburg,tllfr2,146,forest-conifer,Forest Clearing,5,70,1,50,creek,Alaska,0.266967593,0.308634259,0.1046875,0.021354167,11.87142857,11,12.8,96.14285714,93,97,0,0.242063492,80.74471082,Meteostat
5006,SW1,2025-07-04,,,0,,0,0,,0,0,0,7,,0,0,0,0,38,,,,0,2,0,0,0,,0,0,0,8,,,,,,,2025,56.65069,-132.82306,2025-07-04 21:42:57,2025-07-05 04:09:11,,2025-07-05T00:20:52,5006,Petersburg,tllfr2,146,forest-conifer,Forest Clearing,5,70,1,50,creek,Alaska,0.268217593,0.309884259,0.109664352,0.026331019,12.61428571,11.7,13.9,88,77,96,0,1.067460317,83.54471082,Meteostat
5006,SW1,2025-07-05,,,0,,0,0,,0,0,0,12,,0,0,0,1,35,,,,0,0,0,0,1,,0,0,0,18,,,,,,,2025,56.65069,-132.82306,2025-07-05 21:42:10,2025-07-06 04:10:19,,2025-07-06T00:30:38,5006,Petersburg,tllfr2,146,forest-conifer,Forest Clearing,5,70,1,50,creek,Alaska,0.269548611,0.311215278,0.116990741,0.033657407,13.51428571,11,15.6,83.28571429,69,97,0.5,1.285714286,87.09471082,Meteostat
5006,SW1,2025-07-06,,,0,,0,0,,0,0,0,0,,0,0,0,0,4,,,,0,1,0,0,0,,0,0,0,0,,,,,,,2025,56.65069,-132.82306,2025-07-06 21:41:19,2025-07-07 04:11:31,,2025-07-07T00:46:37,5006,Petersburg,tllfr2,146,forest-conifer,Forest Clearing,5,70,1,50,creek,Alaska,0.270972222,0.312638889,0.128680556,0.045347222,11.25714286,11,12,98.57142857,96,100,11.7,1.396825397,91.84471082,Meteostat
5006,Transects,2019-07-02,0,0,0,0,0,0,0,0,0,1,1,0,0,0,0,0,0,0,0,0,0,7,0,0,4,0,0,0,0,10,0,0,0,0,0,0,2019,56.59215,-132.7485,2019-07-02 21:43:52,2019-07-03 04:06:42,,2019-07-02T21:53:01,5006,Petersburg,,,,,,,,,,Alaska,0.265856481,0.307523148,0.006354167,0,16.125,15.6,16.7,86.75,84,90,0,0.902777778,196.0917564,Meteostat
5006,Transects,2019-07-06,0,0,0,0,0,0,0,0,0,0,3,0,0,0,0,0,1,0,0,0,0,8,0,0,2,0,0,0,0,2,0,0,0,0,0,0,2019,56.59215,-132.7485,2019-07-06 21:41:02,2019-07-07 04:11:01,,2019-07-07T00:06:28,5006,Petersburg,,,,,,,,,,Alaska,0.270821759,0.312488426,0.10099537,0.017662037,16.81428571,15,18.9,79.14285714,70,87,0,1.453703704,225.4417564,Meteostat
5006,Transects,2020-06-24,0,0,0,0,0,0,0,0,0,1,0,0,0,0,0,0,0,0,0,0,0,2,0,0,2,0,0,0,0,2,0,0,0,0,0,0,2020,56.59215,-132.7485,2020-06-24 21:46:18,2020-06-25 04:01:15,,2020-06-25T00:21:57,5006,Petersburg,,,,,,,,,,Alaska,0.260381944,0.302048611,0.108090278,0.024756944,10.11666667,9,11.7,86.83333333,71,97,1.1,5.111111111,86.71234019,Meteostat
5006,Transects,2020-06-25,0,0,0,0,0,0,0,0,0,0,0,0,0,0,0,0,1,0,0,0,0,1,0,0,2,0,0,0,0,9,0,0,0,0,0,0,2020,56.59215,-132.7485,2020-06-25 21:46:11,2020-06-26 04:01:48,,2020-06-26T00:40:43,5006,Petersburg,,,,,,,,,,Alaska,0.260844907,0.302511574,0.121203704,0.03787037,10.8,10.6,11.1,86.71428571,83,92,0.8,4.111111111,87.66385139,Meteostat
5006,Transects,2021-06-28,0,0,0,0,0,0,0,0,0,0,0,0,0,0,0,0,0,0,0,0,0,6,0,0,1,0,0,0,0,0,0,0,0,0,0,0,2021,56.59215,-132.7485,2021-06-28 21:45:29,2021-06-29 04:03:39,2021-06-29T00:33:02,,5006,Petersburg,,,,,,,,,,Alaska,0.262615741,0.304282407,0.146261574,0.033020833,17.4,15.6,20,64.85714286,54,86,0,1.261904762,110.5623724,Meteostat
5006,Transects,2021-06-29,0,0,0,0,0,0,0,0,0,0,0,0,0,0,0,0,0,0,0,0,0,8,0,0,1,0,0,0,0,3,0,0,0,0,0,0,2021,56.59215,-132.7485,2021-06-29 21:45:06,2021-06-30 04:04:26,2021-06-30T00:43:43,,5006,Petersburg,,,,,,,,,,Alaska,0.263425926,0.305092593,0.139386574,0.040706019,13.74285714,11.7,16.1,82.85714286,75,90,0,4.134920635,118.9123724,Meteostat
5006,Transects,2022-07-01,0,0,1,2,0,0,1,0,0,8,0,0,0,0,0,0,2,0,0,0,0,9,0,0,0,0,3,0,0,5,0,0,0,0,0,0,2022,56.59215,-132.7485,2022-07-01 21:44:19,2022-07-02 04:06:01,,2022-07-01T23:49:48,5006,Petersburg,,,,,,,,,,Alaska,0.265069444,0.306736111,0.087141204,0.00380787,15.57142857,15,16.7,80,75,83,0,0.642857143,142.7056672,Meteostat
5006,Transects,2022-07-07,0,0,2,1,0,0,0,0,0,0,0,0,0,0,0,0,1,0,0,0,0,3,0,0,0,0,2,0,0,3,0,0,0,0,0,0,2022,56.59215,-132.7485,2022-07-07 21:39:56,2022-07-08 04:12:34,,2022-07-08T00:40:25,5006,Petersburg,,,,,,,,,,Alaska,0.272662037,0.314328704,0.125335648,0.042002315,12.11428571,12,12.2,99.57142857,97,100,6.3,0.301587302,185.1556672,Meteostat
5006,Transects,2023-06-25,0,0,0,0,0,0,0,0,0,2,0,0,0,0,0,0,1,0,0,0,0,5,0,0,0,0,5,0,0,3,0,0,0,0,0,0,2023,56.59215,-132.7485,2023-06-25 21:46:19,2023-06-26 04:01:24,,2023-06-26T00:56:09,5006,Petersburg,,,,,,,,,,Alaska,0.260474537,0.302141204,0.131828704,0.04849537,14.67142857,13.7,15.8,92.28571429,87,97,1.7,0.285714286,113.5430535,Meteostat
5006,Transects,2023-07-06,0,0,0,2,0,0,0,0,0,1,2,0,0,0,0,0,2,0,0,0,0,5,0,0,0,0,6,0,0,8,0,0,0,0,0,0,2023,56.59215,-132.7485,2023-07-06 21:41:01,2023-07-07 04:11:02,2023-07-06T23:54:46,,5006,Petersburg,,,,,,,,,,Alaska,0.270844907,0.312511574,0.177962963,0.009548611,17.27142857,16,20.8,68.85714286,55,74,0,1.373015873,156.9588234,Meteostat
5006,Transects,2024-06-26,0,,0,1,0,0,,0,0,0,1,,0,0,0,0,2,,,,0,8,0,0,2,0,3,0,0,0,,,,,,0,2024,56.59215,-132.7485,2024-06-26 21:46:00,2024-06-27 04:02:25,2024-06-27T00:26:08,,5006,Petersburg,,,,,,,,,,Alaska,0.261400463,0.30306713,0.150196759,0.02787037,14.6,13,16.4,86,81,91,0,0.5,95.05072738,Meteostat
5006,Transects,2024-06-27,0,,0,0,0,0,,0,0,0,1,,0,0,0,0,1,,,,0,7,0,0,3,0,3,0,0,0,,,,,,0,2024,56.59215,-132.7485,2024-06-27 21:45:44,2024-06-28 04:03:06,2024-06-28T00:31:26,,5006,Petersburg,,,,,,,,,,Alaska,0.262060185,0.303726852,0.146990741,0.031736111,14.58571429,12.9,17.4,84.57142857,76,89,0,1.071428571,100.0507274,Meteostat
5006,Transects,2025-07-03,,,0,,0,0,,0,0,1,0,,0,0,0,1,1,,,,0,3,0,0,8,,0,0,0,1,,,,,,,2025,56.59215,-132.7485,2025-07-03 21:42:55,2025-07-04 04:08:15,,2025-07-04T00:14:20,5006,Petersburg,,,,,,,,,,Alaska,0.267592593,0.309259259,0.105150463,0.02181713,12.42857143,11.7,13.3,91.42857143,82,94,0,1.44047619,80.74471082,Meteostat
5006,Transects,2025-07-05,,,1,,0,0,,0,0,0,0,,0,0,0,0,0,,,,0,1,0,0,5,,0,0,0,0,,,,,,,2025,56.59215,-132.7485,2025-07-05 21:41:25,2025-07-06 04:10:28,,2025-07-06T00:30:46,5006,Petersburg,,,,,,,,,,Alaska,0.270173611,0.311840278,0.117604167,0.034270833,14.37142857,13.3,15.6,84.28571429,72,94,1.4,2.119047619,87.09471082,Meteostat
7054,NE,2015-06-18,0,0,0,2,0,0,0,0,0,0,16,0,0,0,0,22,10,0,0,0,0,0,0,0,0,0,0,0,0,19,0,0,0,3,0,0,2015,55.87109,-132.88345,2015-06-18 21:40:07,2015-06-19 04:05:25,,2015-06-18T22:44:51,7054,,hnkpd1,113,forest-conifer,,0,80,1,3,pond,Alaska,0.267569444,0.309236111,0.044953704,0,NA,NA,NA,NA,NA,NA,NA,NA,0,Meteostat
7054,NE,2015-06-19,0,0,0,0,0,0,0,0,0,0,7,0,0,0,0,15,14,0,0,0,0,0,0,0,0,0,0,0,0,10,0,0,0,0,0,0,2015,55.87109,-132.88345,2015-06-19 21:40:28,2015-06-20 04:05:32,,2015-06-19T23:14:58,7054,,hnkpd1,113,forest-conifer,,0,80,1,3,pond,Alaska,0.267407407,0.309074074,0.065625,0,NA,NA,NA,NA,NA,NA,NA,NA,0,Meteostat
7054,NE,2015-06-20,0,0,0,6,0,0,0,0,0,0,24,0,0,0,0,35,12,0,0,0,0,0,0,0,0,0,0,0,0,14,0,0,0,2,0,0,2015,55.87109,-132.88345,2015-06-20 21:40:45,2015-06-21 04:05:42,,2015-06-20T23:40:11,7054,,hnkpd1,113,forest-conifer,,0,80,1,3,pond,Alaska,0.267326389,0.308993056,0.082939815,0,NA,NA,NA,NA,NA,NA,NA,NA,0,Meteostat
7054,NE,2015-06-21,0,0,0,4,0,0,0,0,0,0,23,0,0,0,0,30,27,0,0,0,0,0,0,0,1,0,0,0,0,12,0,0,0,2,0,0,2015,55.87109,-132.88345,2015-06-21 21:40:58,2015-06-22 04:05:57,,2015-06-22T00:02:09,7054,,hnkpd1,113,forest-conifer,,0,80,1,3,pond,Alaska,0.267349537,0.309016204,0.098043981,0.014710648,NA,NA,NA,NA,NA,NA,NA,NA,0,Meteostat
7054,NE,2015-06-22,0,0,0,2,0,0,0,0,0,0,33,0,0,0,0,39,10,0,0,0,0,0,0,0,1,0,0,0,0,16,0,0,0,0,0,0,2015,55.87109,-132.88345,2015-06-22 21:41:07,2015-06-23 04:06:15,,2015-06-23T00:22:11,7054,,hnkpd1,113,forest-conifer,,0,80,1,3,pond,Alaska,0.267453704,0.30912037,0.111851852,0.028518519,NA,NA,NA,NA,NA,NA,NA,NA,0,Meteostat
7054,NE,2015-06-23,0,0,0,5,0,0,0,0,0,0,35,0,0,0,0,59,25,0,0,0,0,2,0,0,2,0,0,0,0,26,0,0,0,2,0,0,2015,55.87109,-132.88345,2015-06-23 21:41:12,2015-06-24 04:06:37,,2015-06-24T00:41:26,7054,,hnkpd1,113,forest-conifer,,0,80,1,3,pond,Alaska,0.267650463,0.30931713,0.125162037,0.041828704,NA,NA,NA,NA,NA,NA,NA,NA,0,Meteostat
7054,NE,2015-06-24,0,0,0,0,0,0,0,0,0,0,8,0,0,0,0,18,10,0,0,0,0,0,0,0,1,0,0,0,1,6,0,0,0,0,0,0,2015,55.87109,-132.88345,2015-06-24 21:41:13,2015-06-25 04:07:02,,2015-06-25T01:01:00,7054,,hnkpd1,113,forest-conifer,,0,80,1,3,pond,Alaska,0.267928241,0.309594907,0.138738426,0.055405093,NA,NA,NA,NA,NA,NA,NA,NA,0,Meteostat
7054,NE,2015-06-25,0,0,0,1,0,0,0,0,0,0,18,0,0,0,0,18,8,0,0,0,0,0,0,0,1,0,0,0,0,10,0,0,0,0,0,0,2015,55.87109,-132.88345,2015-06-25 21:41:10,2015-06-26 04:07:32,,2015-06-26T01:21:58,7054,,hnkpd1,113,forest-conifer,,0,80,1,3,pond,Alaska,0.268310185,0.309976852,0.153333333,0.07,NA,NA,NA,NA,NA,NA,NA,NA,0,Meteostat
7054,NE,2015-06-26,0,0,0,1,0,0,0,0,0,0,11,0,0,0,0,15,11,0,0,0,0,0,0,0,0,0,0,0,0,6,0,0,0,0,0,0,2015,55.87109,-132.88345,2015-06-26 21:41:03,2015-06-27 04:08:05,,2015-06-27T01:45:39,7054,,hnkpd1,113,forest-conifer,,0,80,1,3,pond,Alaska,0.268773148,0.310439815,0.169861111,0.086527778,NA,NA,NA,NA,NA,NA,NA,NA,0,Meteostat
7054,NE,2015-06-27,0,0,0,1,0,0,0,0,0,0,20,0,0,0,0,40,15,0,0,0,0,0,0,0,1,0,0,0,0,13,0,0,0,1,0,0,2015,55.87109,-132.88345,2015-06-27 21:40:52,2015-06-28 04:08:42,,2015-06-28T02:13:38,7054,,hnkpd1,113,forest-conifer,,0,80,1,3,pond,Alaska,0.269328704,0.31099537,0.189421296,0.106087963,NA,NA,NA,NA,NA,NA,NA,NA,0,Meteostat
7054,NE,2015-06-28,0,0,0,1,0,0,0,0,0,0,15,0,0,0,0,23,10,0,0,0,0,0,0,0,0,0,0,0,0,3,0,0,0,1,0,0,2015,55.87109,-132.88345,2015-06-28 21:40:37,2015-06-29 04:09:22,,2015-06-29T02:47:54,7054,,hnkpd1,113,forest-conifer,,0,80,1,3,pond,Alaska,0.269965278,0.311631944,0.213391204,0.13005787,NA,NA,NA,NA,NA,NA,NA,NA,0,Meteostat
7054,NE,2015-06-29,0,0,0,0,0,0,0,0,0,0,0,0,0,0,0,3,7,0,0,0,0,0,0,0,1,0,0,0,0,2,0,0,0,0,0,0,2015,55.87109,-132.88345,2015-06-29 21:40:18,2015-06-30 04:10:06,,2015-06-30T03:30:35,7054,,hnkpd1,113,forest-conifer,,0,80,1,3,pond,Alaska,0.270694444,0.312361111,0.243252315,0.159918981,NA,NA,NA,NA,NA,NA,NA,NA,0,Meteostat
7054,NE1,2015-06-20,0,0,0,0,0,0,0,0,0,0,0,0,0,0,0,3,1,0,0,0,0,0,0,0,1,0,0,0,0,1,0,0,0,0,0,0,2015,55.87784,-132.83731,2015-06-20 21:40:37,2015-06-21 04:05:28,,2015-06-20T23:40:01,7054,,hnkrp1,99,forest-conifer,,1,70,1,5,creek,Alaska,0.267256944,0.308923611,0.082916667,0,NA,NA,NA,NA,NA,NA,NA,NA,0,Meteostat
7054,NE1,2015-06-21,0,0,0,1,0,0,0,0,0,0,1,0,0,0,0,6,1,0,0,0,0,0,0,0,0,0,0,0,0,9,0,0,0,0,0,0,2015,55.87784,-132.83731,2015-06-21 21:40:50,2015-06-22 04:05:42,,2015-06-22T00:01:58,7054,,hnkrp1,99,forest-conifer,,1,70,1,5,creek,Alaska,0.267268519,0.308935185,0.098009259,0.014675926,NA,NA,NA,NA,NA,NA,NA,NA,0,Meteostat
7054,NE1,2015-06-22,0,0,0,0,0,0,0,0,0,0,0,0,0,0,0,5,1,0,0,0,0,0,0,0,2,0,0,0,0,5,0,0,0,0,0,0,2015,55.87784,-132.83731,2015-06-22 21:40:59,2015-06-23 04:06:01,,2015-06-23T00:22:00,7054,,hnkrp1,99,forest-conifer,,1,70,1,5,creek,Alaska,0.267384259,0.309050926,0.11181713,0.028483796,NA,NA,NA,NA,NA,NA,NA,NA,0,Meteostat
7054,NE1,2015-06-23,0,0,0,0,0,0,0,0,0,0,2,0,0,0,0,5,1,0,0,0,0,0,0,0,1,0,0,0,0,9,0,0,0,0,0,0,2015,55.87784,-132.83731,2015-06-23 21:41:04,2015-06-24 04:06:23,,2015-06-24T00:41:15,7054,,hnkrp1,99,forest-conifer,,1,70,1,5,creek,Alaska,0.267581019,0.309247685,0.125127315,0.041793981,NA,NA,NA,NA,NA,NA,NA,NA,0,Meteostat
7054,NE1,2015-06-24,0,0,0,2,0,0,0,0,0,0,9,0,0,0,0,18,3,0,0,0,0,0,0,0,0,0,0,0,0,10,0,0,0,1,0,0,2015,55.87784,-132.83731,2015-06-24 21:41:05,2015-06-25 04:06:48,,2015-06-25T01:00:48,7054,,hnkrp1,99,forest-conifer,,1,70,1,5,creek,Alaska,0.267858796,0.309525463,0.13869213,0.055358796,NA,NA,NA,NA,NA,NA,NA,NA,0,Meteostat
7054,NE1,2015-06-25,0,0,0,0,0,0,0,0,0,0,6,0,0,0,0,9,4,0,0,0,0,0,0,0,0,0,0,0,0,13,0,0,0,0,0,0,2015,55.87784,-132.83731,2015-06-25 21:41:02,2015-06-26 04:07:18,,2015-06-26T01:21:46,7054,,hnkrp1,99,forest-conifer,,1,70,1,5,creek,Alaska,0.268240741,0.309907407,0.153287037,0.069953704,NA,NA,NA,NA,NA,NA,NA,NA,0,Meteostat
7054,NE1,2015-06-26,0,0,0,2,0,0,0,0,0,0,1,0,0,0,0,8,0,0,0,0,0,0,0,0,2,0,0,0,0,23,0,0,0,0,0,0,2015,55.87784,-132.83731,2015-06-26 21:40:55,2015-06-27 04:07:51,,2015-06-27T01:45:27,7054,,hnkrp1,99,forest-conifer,,1,70,1,5,creek,Alaska,0.268703704,0.31037037,0.169814815,0.086481481,NA,NA,NA,NA,NA,NA,NA,NA,0,Meteostat
7054,NE1,2015-06-27,0,0,0,1,0,0,0,0,0,0,7,0,0,0,0,16,0,0,0,0,0,0,0,0,1,0,0,0,0,14,0,0,0,0,0,0,2015,55.87784,-132.83731,2015-06-27 21:40:44,2015-06-28 04:08:28,,2015-06-28T02:13:26,7054,,hnkrp1,99,forest-conifer,,1,70,1,5,creek,Alaska,0.269259259,0.310925926,0.189375,0.106041667,NA,NA,NA,NA,NA,NA,NA,NA,0,Meteostat
7054,NE1,2015-06-28,0,0,0,2,0,0,0,0,0,0,5,0,0,0,0,9,1,0,0,0,0,0,0,0,0,0,0,0,0,20,0,0,0,0,0,0,2015,55.87784,-132.83731,2015-06-28 21:40:29,2015-06-29 04:09:08,,2015-06-29T02:47:41,7054,,hnkrp1,99,forest-conifer,,1,70,1,5,creek,Alaska,0.269895833,0.3115625,0.213333333,0.13,NA,NA,NA,NA,NA,NA,NA,NA,0,Meteostat
7054,NE1,2015-06-29,0,0,0,0,0,0,0,0,0,0,1,0,0,0,0,0,0,0,0,0,0,0,0,0,0,0,0,0,0,2,0,0,0,0,0,0,2015,55.87784,-132.83731,2015-06-29 21:40:10,2015-06-30 04:09:52,,2015-06-30T03:30:22,7054,,hnkrp1,99,forest-conifer,,1,70,1,5,creek,Alaska,0.270625,0.312291667,0.243194444,0.159861111,NA,NA,NA,NA,NA,NA,NA,NA,0,Meteostat
7054,NE2,2015-06-18,0,0,0,1,0,0,0,0,0,0,1,0,0,0,0,3,2,0,0,0,0,0,0,0,0,0,0,0,0,6,0,0,0,0,0,0,2015,55.87332,-132.87344,2015-06-18 21:40:06,2015-06-19 04:05:22,,2015-06-18T22:44:49,7054,,hnkwt1,75,forest-conifer,,2,60,1,40,slough,Alaska,0.267546296,0.309212963,0.04494213,0,NA,NA,NA,NA,NA,NA,NA,NA,0,Meteostat
7054,NE2,2015-06-19,0,0,0,0,0,0,0,0,0,0,0,0,0,0,0,10,3,0,0,0,0,0,0,0,0,0,0,0,0,0,0,0,0,0,0,0,2015,55.87332,-132.87344,2015-06-19 21:40:27,2015-06-20 04:05:28,,2015-06-19T23:14:56,7054,,hnkwt1,75,forest-conifer,,2,60,1,40,slough,Alaska,0.267372685,0.309039352,0.065613426,0,NA,NA,NA,NA,NA,NA,NA,NA,0,Meteostat
7054,NE2,2015-06-20,0,0,0,0,0,0,0,0,0,0,3,0,0,0,0,3,0,0,0,0,0,0,0,0,1,0,0,0,0,1,0,0,0,0,0,0,2015,55.87332,-132.87344,2015-06-20 21:40:44,2015-06-21 04:05:39,,2015-06-20T23:40:09,7054,,hnkwt1,75,forest-conifer,,2,60,1,40,slough,Alaska,0.267303241,0.308969907,0.082928241,0,NA,NA,NA,NA,NA,NA,NA,NA,0,Meteostat
7054,NE2,2015-06-21,0,0,0,0,0,0,0,0,0,0,3,0,0,0,0,5,2,0,0,0,0,1,0,0,0,0,0,0,0,4,0,0,0,0,0,0,2015,55.87332,-132.87344,2015-06-21 21:40:57,2015-06-22 04:05:53,,2015-06-22T00:02:06,7054,,hnkwt1,75,forest-conifer,,2,60,1,40,slough,Alaska,0.267314815,0.308981481,0.098020833,0.0146875,NA,NA,NA,NA,NA,NA,NA,NA,0,Meteostat
7054,NE2,2015-06-22,0,0,0,0,0,0,0,0,0,0,1,0,0,0,0,7,1,0,0,0,0,0,0,0,0,0,0,0,0,2,0,0,0,0,0,0,2015,55.87332,-132.87344,2015-06-22 21:41:05,2015-06-23 04:06:11,,2015-06-23T00:22:08,7054,,hnkwt1,75,forest-conifer,,2,60,1,40,slough,Alaska,0.267430556,0.309097222,0.111840278,0.028506944,NA,NA,NA,NA,NA,NA,NA,NA,0,Meteostat
7054,NE2,2015-06-23,0,0,0,0,0,0,0,0,0,0,1,0,0,0,0,4,3,0,0,0,0,0,0,0,2,0,0,0,0,3,0,0,0,0,0,0,2015,55.87332,-132.87344,2015-06-23 21:41:10,2015-06-24 04:06:33,,2015-06-24T00:41:24,7054,,hnkwt1,75,forest-conifer,,2,60,1,40,slough,Alaska,0.267627315,0.309293981,0.125162037,0.041828704,NA,NA,NA,NA,NA,NA,NA,NA,0,Meteostat
7054,NE2,2015-06-24,0,0,0,2,0,0,0,0,0,0,6,0,0,0,0,13,0,0,0,0,0,1,0,0,2,0,0,0,4,2,0,0,0,0,0,0,2015,55.87332,-132.87344,2015-06-24 21:41:11,2015-06-25 04:06:59,,2015-06-25T01:00:57,7054,,hnkwt1,75,forest-conifer,,2,60,1,40,slough,Alaska,0.267916667,0.309583333,0.138726852,0.055393519,NA,NA,NA,NA,NA,NA,NA,NA,0,Meteostat
7054,NE2,2015-06-25,0,0,0,0,0,0,0,0,0,0,8,0,0,0,0,13,4,0,0,0,0,2,0,0,1,0,0,0,0,6,0,0,0,0,0,0,2015,55.87332,-132.87344,2015-06-25 21:41:08,2015-06-26 04:07:29,,2015-06-26T01:21:56,7054,,hnkwt1,75,forest-conifer,,2,60,1,40,slough,Alaska,0.268298611,0.309965278,0.153333333,0.07,NA,NA,NA,NA,NA,NA,NA,NA,0,Meteostat
7054,NE2,2015-06-26,0,0,0,1,0,0,0,0,0,0,3,0,0,0,0,2,0,0,0,0,0,1,0,0,0,0,0,0,0,4,0,0,0,0,0,0,2015,55.87332,-132.87344,2015-06-26 21:41:01,2015-06-27 04:08:02,,2015-06-27T01:45:36,7054,,hnkwt1,75,forest-conifer,,2,60,1,40,slough,Alaska,0.268761574,0.310428241,0.169849537,0.086516204,NA,NA,NA,NA,NA,NA,NA,NA,0,Meteostat
7054,NE2,2015-06-27,0,0,0,0,0,0,0,0,0,0,5,0,0,0,0,2,1,0,0,0,0,0,0,0,1,0,0,0,0,2,0,0,0,0,0,0,2015,55.87332,-132.87344,2015-06-27 21:40:50,2015-06-28 04:08:38,,2015-06-28T02:13:36,7054,,hnkwt1,75,forest-conifer,,2,60,1,40,slough,Alaska,0.269305556,0.310972222,0.189421296,0.106087963,NA,NA,NA,NA,NA,NA,NA,NA,0,Meteostat
7054,NE2,2015-06-28,0,0,0,1,0,0,0,0,0,0,3,0,0,0,0,6,0,0,0,0,0,0,0,0,0,0,0,0,0,1,0,0,0,0,0,0,2015,55.87332,-132.87344,2015-06-28 21:40:35,2015-06-29 04:09:19,,2015-06-29T02:47:51,7054,,hnkwt1,75,forest-conifer,,2,60,1,40,slough,Alaska,0.269953704,0.31162037,0.21337963,0.130046296,NA,NA,NA,NA,NA,NA,NA,NA,0,Meteostat
7054,NE2,2015-06-29,0,0,0,0,0,0,0,0,0,0,0,0,0,0,0,1,1,0,0,0,0,0,0,0,0,0,0,0,0,3,0,0,0,0,0,0,2015,55.87332,-132.87344,2015-06-29 21:40:16,2015-06-30 04:10:03,,2015-06-30T03:30:32,7054,,hnkwt1,75,forest-conifer,,2,60,1,40,slough,Alaska,0.27068287,0.312349537,0.243240741,0.159907407,NA,NA,NA,NA,NA,NA,NA,NA,0,Meteostat
7054,NE2,2015-06-30,0,0,0,1,0,0,0,0,0,0,2,0,0,0,0,13,1,0,0,0,0,1,0,0,0,0,0,0,0,3,0,0,0,0,0,0,2015,55.87332,-132.87344,2015-06-30 21:39:52,2015-07-01 04:10:49,,,7054,,hnkwt1,75,forest-conifer,,2,60,1,40,slough,Alaska,0.271493056,0.313159722,9,9,NA,NA,NA,NA,NA,NA,NA,NA,0,Meteostat
7054,NE3,2015-06-20,0,0,0,0,0,0,0,0,0,0,0,0,0,0,0,0,0,0,0,0,0,1,0,0,2,0,0,0,0,0,0,0,0,0,0,0,2015,55.87815,-132.83154,2015-06-20 21:40:36,2015-06-21 04:05:27,,2015-06-20T23:40:00,7054,,hnkwt2,75,forest-conifer,,0,40,1,20,slough,Alaska,0.267256944,0.308923611,0.082916667,0,NA,NA,NA,NA,NA,NA,NA,NA,0,Meteostat
7054,NE3,2015-06-23,0,0,0,0,0,0,0,0,0,0,0,0,0,0,0,0,0,0,0,0,0,6,0,0,0,0,0,0,0,12,0,0,0,0,0,0,2015,55.87815,-132.83154,2015-06-23 21:41:03,2015-06-24 04:06:21,,2015-06-24T00:41:14,7054,,hnkwt2,75,forest-conifer,,0,40,1,20,slough,Alaska,0.267569444,0.309236111,0.125127315,0.041793981,NA,NA,NA,NA,NA,NA,NA,NA,0,Meteostat
7054,NE3,2015-06-24,0,0,0,0,0,0,0,0,0,0,0,0,0,0,0,0,0,0,0,0,0,24,0,0,1,0,0,0,0,63,0,0,0,0,0,0,2015,55.87815,-132.83154,2015-06-24 21:41:04,2015-06-25 04:06:47,,2015-06-25T01:00:47,7054,,hnkwt2,75,forest-conifer,,0,40,1,20,slough,Alaska,0.267858796,0.309525463,0.13869213,0.055358796,NA,NA,NA,NA,NA,NA,NA,NA,0,Meteostat
7054,NE3,2015-06-25,0,0,0,0,0,0,0,0,0,0,0,0,0,0,0,0,0,0,0,0,0,69,0,0,2,0,0,0,0,95,0,0,0,0,0,0,2015,55.87815,-132.83154,2015-06-25 21:41:01,2015-06-26 04:07:16,,2015-06-26T01:21:45,7054,,hnkwt2,75,forest-conifer,,0,40,1,20,slough,Alaska,0.268229167,0.309895833,0.153287037,0.069953704,NA,NA,NA,NA,NA,NA,NA,NA,0,Meteostat
7054,NE3,2015-06-26,0,0,0,0,0,0,0,0,0,0,0,0,0,0,0,0,0,0,0,0,0,0,0,0,0,0,0,0,0,3,0,0,0,0,0,0,2015,55.87815,-132.83154,2015-06-26 21:40:53,2015-06-27 04:07:49,,2015-06-27T01:45:25,7054,,hnkwt2,75,forest-conifer,,0,40,1,20,slough,Alaska,0.268703704,0.31037037,0.169814815,0.086481481,NA,NA,NA,NA,NA,NA,NA,NA,0,Meteostat
7054,NE3,2015-06-27,0,0,0,0,0,0,0,0,0,0,0,0,0,0,0,0,0,0,0,0,0,0,0,0,0,0,0,0,0,1,0,0,0,0,0,0,2015,55.87815,-132.83154,2015-06-27 21:40:42,2015-06-28 04:08:26,,2015-06-28T02:13:24,7054,,hnkwt2,75,forest-conifer,,0,40,1,20,slough,Alaska,0.269259259,0.310925926,0.189375,0.106041667,NA,NA,NA,NA,NA,NA,NA,NA,0,Meteostat
14222,NW,2015-06-16,0,0,0,5,0,0,0,0,0,0,0,0,0,0,0,2,1,0,0,0,0,2,0,0,3,0,0,0,0,14,0,0,0,0,0,0,2015,55.79907,-133.11502,2015-06-16 21:39:37,2015-06-17 04:06:52,,,14222,,stnfr1,30,forest-conifer,,0,80,0,100,slough,Alaska,0.268923611,0.310590278,9,9,NA,NA,NA,NA,NA,NA,NA,NA,0,Meteostat
14222,NW,2015-06-17,0,0,0,8,0,0,0,0,0,0,4,0,0,0,0,2,3,0,0,0,0,11,0,0,11,0,0,0,0,36,0,0,0,0,0,0,2015,55.79907,-133.11502,2015-06-17 21:40:05,2015-06-18 04:06:51,,2015-06-17T22:08:34,14222,,stnfr1,30,forest-conifer,,0,80,0,100,slough,Alaska,0.268587963,0.31025463,0.019780093,0,NA,NA,NA,NA,NA,NA,NA,NA,0,Meteostat
14222,NW,2015-06-18,0,0,0,15,0,0,0,0,0,0,1,0,0,0,0,1,5,0,0,0,0,12,0,0,21,0,2,0,0,45,0,0,0,0,0,0,2015,55.79907,-133.11502,2015-06-18 21:40:30,2015-06-19 04:06:54,,2015-06-18T22:45:31,14222,,stnfr1,30,forest-conifer,,0,80,0,100,slough,Alaska,0.268333333,0.31,0.045150463,0,NA,NA,NA,NA,NA,NA,NA,NA,0,Meteostat
14222,NW,2015-06-19,0,0,0,4,0,0,0,0,0,0,2,0,0,0,0,1,2,0,0,0,0,4,0,0,3,0,1,0,0,22,0,0,0,0,0,0,2015,55.79907,-133.11502,2015-06-19 21:40:51,2015-06-20 04:07:00,,2015-06-19T23:15:41,14222,,stnfr1,30,forest-conifer,,0,80,0,100,slough,Alaska,0.268159722,0.309826389,0.065856481,0,NA,NA,NA,NA,NA,NA,NA,NA,0,Meteostat
14222,NW,2015-06-20,0,0,0,3,0,0,0,0,0,0,4,0,0,0,0,3,0,0,0,0,0,5,0,0,12,0,1,0,0,19,0,0,0,0,0,0,2015,55.79907,-133.11502,2015-06-20 21:41:08,2015-06-21 04:07:11,,2015-06-20T23:40:58,14222,,stnfr1,30,forest-conifer,,0,80,0,100,slough,Alaska,0.268090278,0.309756944,0.083217593,0,NA,NA,NA,NA,NA,NA,NA,NA,0,Meteostat
14222,NW,2015-06-21,0,0,0,2,0,0,0,0,0,0,2,0,0,0,0,3,0,0,0,0,0,3,0,0,2,0,0,0,0,6,0,0,0,0,0,0,2015,55.79907,-133.11502,2015-06-21 21:41:21,2015-06-22 04:07:25,,2015-06-22T00:02:59,14222,,stnfr1,30,forest-conifer,,0,80,0,100,slough,Alaska,0.268101852,0.309768519,0.098356481,0.015023148,NA,NA,NA,NA,NA,NA,NA,NA,0,Meteostat
14222,NW,2015-06-22,0,0,0,3,0,0,0,0,0,1,0,0,0,0,0,0,1,0,0,0,0,5,0,0,7,0,0,0,0,24,0,0,0,0,0,0,2015,55.79907,-133.11502,2015-06-22 21:41:30,2015-06-23 04:07:43,,2015-06-23T00:23:04,14222,,stnfr1,30,forest-conifer,,0,80,0,100,slough,Alaska,0.268206019,0.309872685,0.112199074,0.028865741,NA,NA,NA,NA,NA,NA,NA,NA,0,Meteostat
14222,NW,2015-06-23,0,0,0,3,0,0,0,0,0,0,0,0,0,0,0,1,2,0,0,0,0,2,0,0,4,0,1,0,0,11,0,0,0,0,0,0,2015,55.79907,-133.11502,2015-06-23 21:41:35,2015-06-24 04:08:05,,2015-06-24T00:42:24,14222,,stnfr1,30,forest-conifer,,0,80,0,100,slough,Alaska,0.268402778,0.310069444,0.12556713,0.042233796,NA,NA,NA,NA,NA,NA,NA,NA,0,Meteostat
14222,NW,2015-06-24,0,0,0,3,0,0,0,0,1,0,0,0,0,0,0,0,3,0,0,0,0,2,0,0,0,0,0,0,0,9,0,0,0,0,0,0,2015,55.79907,-133.11502,2015-06-24 21:41:36,2015-06-25 04:08:31,,2015-06-25T01:02:01,14222,,stnfr1,30,forest-conifer,,0,80,0,100,slough,Alaska,0.26869213,0.310358796,0.139178241,0.055844907,NA,NA,NA,NA,NA,NA,NA,NA,0,Meteostat
14222,NW,2015-06-25,0,0,0,0,0,0,0,0,0,0,3,0,0,0,0,0,1,0,0,0,0,0,0,0,0,0,0,0,0,2,0,0,0,0,0,0,2015,55.79907,-133.11502,2015-06-25 21:41:33,2015-06-26 04:09:00,,2015-06-26T01:23:03,14222,,stnfr1,30,forest-conifer,,0,80,0,100,slough,Alaska,0.2690625,0.310729167,0.153819444,0.070486111,NA,NA,NA,NA,NA,NA,NA,NA,0,Meteostat
14222,NW,2015-06-26,0,0,0,1,0,0,0,0,0,3,3,0,0,0,0,8,2,0,0,0,0,1,0,0,2,0,0,0,0,2,0,0,0,0,0,0,2015,55.79907,-133.11502,2015-06-26 21:41:26,2015-06-27 04:09:33,,2015-06-27T01:46:48,14222,,stnfr1,30,forest-conifer,,0,80,0,100,slough,Alaska,0.269525463,0.31119213,0.170393519,0.087060185,NA,NA,NA,NA,NA,NA,NA,NA,0,Meteostat
14222,NW,2015-06-27,0,0,0,1,0,0,0,0,0,0,14,0,0,0,0,8,1,0,0,0,0,1,0,0,2,0,1,0,0,11,0,0,0,0,0,0,2015,55.79907,-133.11502,2015-06-27 21:41:15,2015-06-28 04:10:10,,2015-06-28T02:14:51,14222,,stnfr1,30,forest-conifer,,0,80,0,100,slough,Alaska,0.270081019,0.311747685,0.19,0.106666667,NA,NA,NA,NA,NA,NA,NA,NA,0,Meteostat
14222,NW,2015-06-28,0,0,0,1,0,0,0,0,0,0,7,0,0,0,0,3,0,0,0,0,0,0,0,0,1,0,0,0,0,5,0,0,0,0,0,0,2015,55.79907,-133.11502,2015-06-28 21:41:00,2015-06-29 04:10:50,,2015-06-29T02:49:10,14222,,stnfr1,30,forest-conifer,,0,80,0,100,slough,Alaska,0.270717593,0.312384259,0.21400463,0.130671296,NA,NA,NA,NA,NA,NA,NA,NA,0,Meteostat
14222,NW1,2015-06-16,0,0,0,18,0,0,0,0,0,1,5,0,0,0,0,2,1,0,0,0,0,10,0,0,18,0,0,0,0,14,0,0,0,0,0,0,2015,55.8009,-133.11235,2015-06-16 21:39:37,2015-06-17 04:06:51,,,14222,,stnrp1,62,forest-conifer,,1,50,1,20,creek,Alaska,0.268912037,0.310578704,9,9,NA,NA,NA,NA,NA,NA,NA,NA,0,Meteostat
14222,NW1,2015-06-17,0,0,0,11,0,0,0,0,0,2,2,0,0,0,0,1,1,0,0,0,0,7,0,0,4,0,0,0,0,19,0,0,0,0,0,0,2015,55.8009,-133.11235,2015-06-17 21:40:06,2015-06-18 04:06:50,,2015-06-17T22:08:34,14222,,stnrp1,62,forest-conifer,,1,50,1,20,creek,Alaska,0.268564815,0.310231481,0.019768519,0,NA,NA,NA,NA,NA,NA,NA,NA,0,Meteostat
14222,NW1,2015-06-18,0,0,0,5,0,0,0,0,0,0,0,0,0,0,0,0,0,0,0,0,0,3,0,0,4,0,0,0,0,9,0,0,0,0,0,0,2015,55.8009,-133.11235,2015-06-18 21:40:30,2015-06-19 04:06:52,,2015-06-18T22:45:30,14222,,stnrp1,62,forest-conifer,,1,50,1,20,creek,Alaska,0.268310185,0.309976852,0.045138889,0,NA,NA,NA,NA,NA,NA,NA,NA,0,Meteostat
14222,NW1,2015-06-19,0,0,0,4,0,0,0,0,0,2,1,0,0,0,0,1,1,0,0,0,0,7,0,0,11,0,0,0,0,21,0,0,0,0,0,0,2015,55.8009,-133.11235,2015-06-19 21:40:51,2015-06-20 04:06:59,,2015-06-19T23:15:41,14222,,stnrp1,62,forest-conifer,,1,50,1,20,creek,Alaska,0.268148148,0.309814815,0.065856481,0,NA,NA,NA,NA,NA,NA,NA,NA,0,Meteostat
14222,NW1,2015-06-20,0,0,0,4,0,0,0,0,0,0,0,0,0,0,0,0,0,0,0,0,0,3,0,0,3,0,0,0,0,6,0,0,0,0,0,0,2015,55.8009,-133.11235,2015-06-20 21:41:08,2015-06-21 04:07:09,,2015-06-20T23:40:57,14222,,stnrp1,62,forest-conifer,,1,50,1,20,creek,Alaska,0.26806713,0.309733796,0.083206019,0,NA,NA,NA,NA,NA,NA,NA,NA,0,Meteostat
14222,NW1,2015-06-21,0,0,0,7,0,0,0,0,0,0,1,0,0,0,0,0,1,0,0,0,0,5,0,0,7,0,0,0,0,6,0,0,0,0,0,0,2015,55.8009,-133.11235,2015-06-21 21:41:21,2015-06-22 04:07:24,,2015-06-22T00:02:58,14222,,stnrp1,62,forest-conifer,,1,50,1,20,creek,Alaska,0.268090278,0.309756944,0.098344907,0.015011574,NA,NA,NA,NA,NA,NA,NA,NA,0,Meteostat
14222,NW1,2015-06-22,0,0,0,19,0,0,0,0,0,2,3,0,0,0,0,4,7,0,0,0,0,7,0,0,15,0,0,0,0,19,0,0,0,0,0,0,2015,55.8009,-133.11235,2015-06-22 21:41:30,2015-06-23 04:07:42,,2015-06-23T00:23:04,14222,,stnrp1,62,forest-conifer,,1,50,1,20,creek,Alaska,0.268194444,0.309861111,0.112199074,0.028865741,NA,NA,NA,NA,NA,NA,NA,NA,0,Meteostat
14222,NW1,2015-06-23,0,0,0,13,0,0,0,0,0,4,6,0,0,0,0,1,9,0,0,0,0,7,0,0,15,0,0,0,0,13,0,0,0,0,0,0,2015,55.8009,-133.11235,2015-06-23 21:41:35,2015-06-24 04:08:04,,2015-06-24T00:42:23,14222,,stnrp1,62,forest-conifer,,1,50,1,20,creek,Alaska,0.268391204,0.31005787,0.125555556,0.042222222,NA,NA,NA,NA,NA,NA,NA,NA,0,Meteostat
14222,NW1,2015-06-24,0,0,0,18,0,0,0,0,0,8,8,0,0,0,0,3,0,0,0,0,0,5,0,0,8,0,0,0,0,10,0,0,0,0,0,0,2015,55.8009,-133.11235,2015-06-24 21:41:36,2015-06-25 04:08:29,,2015-06-25T01:02:00,14222,,stnrp1,62,forest-conifer,,1,50,1,20,creek,Alaska,0.268668981,0.310335648,0.139166667,0.055833333,NA,NA,NA,NA,NA,NA,NA,NA,0,Meteostat
14222,NW1,2015-06-25,0,0,0,16,0,0,0,0,0,1,0,0,0,0,0,2,0,0,0,0,0,7,0,0,44,0,0,0,0,20,0,0,0,0,0,0,2015,55.8009,-133.11235,2015-06-25 21:41:33,2015-06-26 04:08:59,,2015-06-26T01:23:02,14222,,stnrp1,62,forest-conifer,,1,50,1,20,creek,Alaska,0.269050926,0.310717593,0.15380787,0.070474537,NA,NA,NA,NA,NA,NA,NA,NA,0,Meteostat
14222,NW1,2015-06-26,0,0,0,3,0,0,0,0,1,7,2,0,0,0,0,0,0,0,0,0,0,1,0,0,6,0,0,0,0,18,0,0,0,0,0,0,2015,55.8009,-133.11235,2015-06-26 21:41:26,2015-06-27 04:09:32,,2015-06-27T01:46:47,14222,,stnrp1,62,forest-conifer,,1,50,1,20,creek,Alaska,0.269513889,0.311180556,0.170381944,0.087048611,NA,NA,NA,NA,NA,NA,NA,NA,0,Meteostat
14222,NW1,2015-06-27,0,0,0,12,0,0,0,0,0,0,1,0,0,0,0,1,0,0,0,0,0,5,0,0,26,0,0,0,0,17,0,0,0,0,0,0,2015,55.8009,-133.11235,2015-06-27 21:41:15,2015-06-28 04:10:08,,2015-06-28T02:14:50,14222,,stnrp1,62,forest-conifer,,1,50,1,20,creek,Alaska,0.27005787,0.311724537,0.189988426,0.106655093,NA,NA,NA,NA,NA,NA,NA,NA,0,Meteostat
14222,NW2,2015-06-16,0,0,0,0,0,0,0,0,0,0,0,0,0,0,0,0,0,0,0,0,0,3,0,0,1,0,0,0,0,1,0,0,0,0,0,0,2015,55.80983,-133.03758,2015-06-16 21:39:23,2015-06-17 04:06:29,,,14222,,stnwt1,14,wetland,,0,20,1,10,lake,Alaska,0.268819444,0.310486111,9,9,NA,NA,NA,NA,NA,NA,NA,NA,0,Meteostat
14222,NW2,2015-06-17,0,0,0,1,0,0,0,0,0,1,0,0,0,0,0,0,0,0,0,0,0,0,0,0,2,0,0,0,0,1,0,0,0,0,0,0,2015,55.80983,-133.03758,2015-06-17 21:39:52,2015-06-18 04:06:28,,2015-06-17T22:08:18,14222,,stnwt1,14,wetland,,0,20,1,10,lake,Alaska,0.268472222,0.310138889,0.01974537,0,NA,NA,NA,NA,NA,NA,NA,NA,0,Meteostat
14222,NW2,2015-06-18,0,0,0,1,0,0,0,0,0,0,0,0,0,0,0,0,0,0,0,0,0,1,0,0,1,0,0,0,0,1,0,0,0,0,0,0,2015,55.80983,-133.03758,2015-06-18 21:40:16,2015-06-19 04:06:30,,2015-06-18T22:45:14,14222,,stnwt1,14,wetland,,0,20,1,10,lake,Alaska,0.268217593,0.309884259,0.045115741,0,NA,NA,NA,NA,NA,NA,NA,NA,0,Meteostat
14222,NW2,2015-06-19,0,0,0,2,0,0,0,0,0,0,0,0,0,0,0,0,0,0,0,0,0,2,0,0,1,0,0,0,0,1,0,0,0,0,0,0,2015,55.80983,-133.03758,2015-06-19 21:40:37,2015-06-20 04:06:37,,2015-06-19T23:15:24,14222,,stnwt1,14,wetland,,0,20,1,10,lake,Alaska,0.268055556,0.309722222,0.065821759,0,NA,NA,NA,NA,NA,NA,NA,NA,0,Meteostat
14222,NW2,2015-06-20,0,0,0,1,0,0,0,0,0,0,0,0,0,0,0,0,1,0,0,0,0,3,0,0,1,0,0,0,0,4,0,0,0,0,0,0,2015,55.80983,-133.03758,2015-06-20 21:40:54,2015-06-21 04:06:47,,2015-06-20T23:40:40,14222,,stnwt1,14,wetland,,0,20,1,10,lake,Alaska,0.267974537,0.309641204,0.083171296,0,NA,NA,NA,NA,NA,NA,NA,NA,0,Meteostat
14222,NW2,2015-06-21,0,0,0,3,0,0,0,0,0,1,0,0,0,0,0,0,0,0,0,0,0,2,0,0,1,0,0,0,0,6,0,0,0,0,0,0,2015,55.80983,-133.03758,2015-06-21 21:41:07,2015-06-22 04:07:02,,2015-06-22T00:02:41,14222,,stnwt1,14,wetland,,0,20,1,10,lake,Alaska,0.267997685,0.309664352,0.098310185,0.014976852,NA,NA,NA,NA,NA,NA,NA,NA,0,Meteostat
14222,NW2,2015-06-22,0,0,0,1,0,0,0,0,0,0,0,0,0,0,0,1,0,0,0,0,0,1,0,0,3,0,0,0,0,2,0,0,0,0,0,0,2015,55.80983,-133.03758,2015-06-22 21:41:16,2015-06-23 04:07:20,,2015-06-23T00:22:46,14222,,stnwt1,14,wetland,,0,20,1,10,lake,Alaska,0.268101852,0.309768519,0.112152778,0.028819444,NA,NA,NA,NA,NA,NA,NA,NA,0,Meteostat
14222,NW2,2015-06-23,0,0,0,0,0,0,0,0,0,0,0,0,0,0,0,0,0,0,0,0,0,3,0,0,0,0,0,0,0,0,0,0,0,0,0,0,2015,55.80983,-133.03758,2015-06-23 21:41:21,2015-06-24 04:07:42,,2015-06-24T00:42:05,14222,,stnwt1,14,wetland,,0,20,1,10,lake,Alaska,0.268298611,0.309965278,0.125509259,0.042175926,NA,NA,NA,NA,NA,NA,NA,NA,0,Meteostat
14222,NW2,2015-06-24,0,0,0,8,0,0,0,0,0,0,0,0,0,0,0,1,0,0,0,0,0,3,0,0,6,0,0,0,0,16,0,0,0,0,0,0,2015,55.80983,-133.03758,2015-06-24 21:41:22,2015-06-25 04:08:07,,2015-06-25T01:01:41,14222,,stnwt1,14,wetland,,0,20,1,10,lake,Alaska,0.268576389,0.310243056,0.139108796,0.055775463,NA,NA,NA,NA,NA,NA,NA,NA,0,Meteostat
14222,NW2,2015-06-25,0,0,0,3,0,0,0,0,0,0,0,0,0,0,0,0,0,0,0,0,0,2,0,0,2,0,0,0,0,16,0,0,0,0,0,0,2015,55.80983,-133.03758,2015-06-25 21:41:19,2015-06-26 04:08:37,,2015-06-26T01:22:43,14222,,stnwt1,14,wetland,,0,20,1,10,lake,Alaska,0.268958333,0.310625,0.15375,0.070416667,NA,NA,NA,NA,NA,NA,NA,NA,0,Meteostat
14222,NW2,2015-06-26,0,0,0,5,0,0,0,0,0,0,0,0,0,0,0,0,0,0,0,0,0,3,0,0,2,0,0,0,0,5,0,0,0,0,0,0,2015,55.80983,-133.03758,2015-06-26 21:41:12,2015-06-27 04:09:10,,2015-06-27T01:46:27,14222,,stnwt1,14,wetland,,0,20,1,10,lake,Alaska,0.269421296,0.311087963,0.1703125,0.086979167,NA,NA,NA,NA,NA,NA,NA,NA,0,Meteostat
14222,NW2,2015-06-27,0,0,0,2,0,0,0,0,0,0,0,0,0,0,0,0,0,0,0,0,0,0,0,0,0,0,0,0,0,3,0,0,0,0,0,0,2015,55.80983,-133.03758,2015-06-27 21:41:01,2015-06-28 04:09:46,,2015-06-28T02:14:30,14222,,stnwt1,14,wetland,,0,20,1,10,lake,Alaska,0.269965278,0.311631944,0.189918981,0.106585648,NA,NA,NA,NA,NA,NA,NA,NA,0,Meteostat
14222,Transects,2015-06-19,0,0,0,0,0,0,0,0,0,0,0,0,0,0,0,0,0,0,0,0,0,2,0,0,1,0,0,0,0,5,0,0,0,0,0,0,2015,55.6229,-132.97186,2015-06-19 21:38:57,2015-06-20 04:07:45,,2015-06-19T23:14:33,14222,,,,,,,,,,,Alaska,0.27,0.311666667,0.066388889,0,NA,NA,NA,NA,NA,NA,NA,NA,0,Meteostat
18318,NW1,2019-07-16,0,0,0,1,0,0,0,0,0,0,0,0,0,0,0,5,3,0,0,0,0,0,0,0,0,0,0,0,0,3,0,0,0,0,0,0,2019,56.26848,-132.07169,2019-07-16 21:24:48,2019-07-17 04:24:29,2019-07-16T21:36:17,,18318,Wrangell,foorp1,60,forest-conifer,Creek,2,70,1,2,creek,Alaska,0.291446759,0.333113426,0.283472222,0,13.975,13.3,14.4,92.375,89,94,0.6,3.468253968,311.7379099,Meteostat
18318,NW1,2019-07-19,0,0,0,2,0,0,0,0,0,0,0,0,0,0,0,0,0,0,0,0,0,0,0,0,0,0,0,0,0,1,0,0,0,0,0,0,2019,56.26848,-132.07169,2019-07-19 21:20:26,2019-07-20 04:29:20,2019-07-19T22:53:29,,18318,Wrangell,foorp1,60,forest-conifer,Creek,2,70,1,2,creek,Alaska,0.297847222,0.339513889,0.233229167,0,13.225,12.8,13.9,98.625,93,100,0.8,0.428571429,323.6379099,Meteostat
18318,NW1,2019-07-21,0,0,0,0,0,0,0,0,0,0,2,0,0,0,0,1,0,0,0,0,0,0,0,0,0,0,0,0,0,0,0,0,0,0,0,0,2019,56.26848,-132.07169,2019-07-21 21:17:17,2019-07-22 04:32:42,2019-07-21T23:23:45,,18318,Wrangell,foorp1,60,forest-conifer,Creek,2,70,1,2,creek,Alaska,0.302372685,0.344039352,0.214548611,0.004490741,13.73333333,12,16.1,87.55555556,72,100,0,1.166666667,332.4879099,Meteostat
18318,NW1,2019-07-22,0,0,0,1,0,0,0,0,0,0,0,0,0,0,0,0,0,0,0,0,0,0,0,0,0,0,0,0,0,0,0,0,0,0,0,0,2019,56.26848,-132.07169,2019-07-22 21:15:38,2019-07-23 04:34:26,2019-07-22T23:36:59,,18318,Wrangell,foorp1,60,forest-conifer,Creek,2,70,1,2,creek,Alaska,0.304722222,0.346388889,0.2065625,0.014826389,14.7,13,19.4,90.88888889,61,100,1.1,2.948412698,338.0879099,Meteostat
18318,NW1,2020-07-03,0,0,0,1,0,0,0,0,0,0,0,0,0,0,0,2,11,0,0,0,0,1,0,0,1,0,0,0,0,3,0,0,0,0,0,0,2020,56.26848,-132.07169,2020-07-03 21:37:35,2020-07-04 04:08:13,,2020-07-04T03:26:16,18318,Wrangell,foorp1,60,forest-conifer,Creek,2,70,1,2,creek,Alaska,0.271273148,0.312939815,0.242141204,0.15880787,13.38571429,13,13.9,90.28571429,87,94,NA,0,140.1710777,Meteostat
18318,NW1,2020-07-04,0,0,0,0,0,0,0,0,0,0,2,0,0,0,0,1,0,0,0,0,0,0,0,0,0,0,0,0,0,3,0,0,0,0,0,0,2020,56.26848,-132.07169,2020-07-04 21:36:53,2020-07-05 04:09:17,2020-07-04T21:44:57,,18318,Wrangell,foorp1,60,forest-conifer,Creek,2,70,1,2,creek,Alaska,0.2725,0.314166667,0.266898148,0,12.21428571,11.1,13.3,93.42857143,88,100,0,0,144.5710777,Meteostat
18318,NW1,2020-07-05,0,0,0,0,0,0,0,0,0,0,2,0,0,0,0,0,0,0,0,0,0,0,0,0,1,0,0,0,0,5,0,0,0,0,0,0,2020,56.26848,-132.07169,2020-07-05 21:36:06,2020-07-06 04:10:24,2020-07-05T22:31:44,,18318,Wrangell,foorp1,60,forest-conifer,Creek,2,70,1,2,creek,Alaska,0.273819444,0.315486111,0.235185185,0,12.77142857,12.2,14.4,90.57142857,78,97,0,0,148.7710777,Meteostat
18318,NW1,2020-07-06,0,0,0,1,0,0,0,0,0,0,1,0,0,0,0,3,2,0,0,0,0,0,0,0,0,0,0,0,0,1,0,0,0,0,0,0,2020,56.26848,-132.07169,2020-07-06 21:35:16,2020-07-07 04:11:35,2020-07-06T23:04:28,,18318,Wrangell,foorp1,60,forest-conifer,Creek,2,70,1,2,creek,Alaska,0.275219907,0.316886574,0.213275463,0,13.24285714,12.2,14.4,87.57142857,81,93,0,0,152.3710777,Meteostat
18318,NW1,2021-07-08,0,0,0,1,0,0,0,0,0,0,1,0,0,0,0,0,0,0,0,0,0,0,0,0,4,0,1,0,0,0,0,0,0,0,0,0,2021,56.26848,-132.07169,2021-07-08 21:33:40,2021-07-09 04:13:44,2021-07-09T03:23:45,,18318,Wrangell,foorp1,60,forest-conifer,Creek,2,70,1,2,creek,Alaska,0.277824074,0.319490741,0.034710648,0.159780093,12.54285714,12,13,97,93,100,5.6,0.416666667,193.0296748,Meteostat
18318,NW1,2021-07-09,0,0,0,0,0,0,0,0,0,0,1,0,0,0,0,0,0,0,0,0,0,0,0,0,4,0,2,0,0,0,0,0,0,0,0,0,2021,56.26848,-132.07169,2021-07-09 21:32:40,2021-07-10 04:15:03,,2021-07-09T22:03:30,18318,Wrangell,foorp1,60,forest-conifer,Creek,2,70,1,2,creek,Alaska,0.27943287,0.321099537,0.021412037,0,12.84285714,12,13.3,96.71428571,94,100,3.4,1.257936508,197.1296748,Meteostat
18318,NW1,2021-07-11,0,0,0,0,0,0,0,0,0,0,1,0,0,0,0,0,0,0,0,0,0,0,0,0,0,0,0,0,0,0,0,0,0,0,0,0,2021,56.26848,-132.07169,2021-07-11 21:30:29,2021-07-12 04:17:47,,2021-07-11T23:02:24,18318,Wrangell,foorp1,60,forest-conifer,Creek,2,70,1,2,creek,Alaska,0.282847222,0.324513889,0.063831019,0,12.67142857,11.7,14,93.71428571,93,96,0,0.571428571,203.3796748,Meteostat
18318,NW1,2021-07-12,0,0,0,0,0,0,0,0,0,0,1,0,0,0,0,0,0,0,0,0,0,0,0,0,0,0,0,0,0,0,0,0,0,0,0,0,2021,56.26848,-132.07169,2021-07-12 21:29:19,2021-07-13 04:19:12,,2021-07-12T23:19:53,18318,Wrangell,foorp1,60,forest-conifer,Creek,2,70,1,2,creek,Alaska,0.284641204,0.32630787,0.076782407,0,12.925,12.2,13.3,98.875,94,100,1.2,0.236111111,207.8296748,Meteostat
18318,NW1,2022-06-16,0,0,0,0,0,0,0,0,0,0,1,0,0,0,0,0,0,0,0,0,0,0,0,0,0,0,0,0,0,3,0,0,0,0,0,0,2022,56.26848,-132.07169,2022-06-16 21:39:16,2022-06-17 03:59:04,2022-06-17T00:31:29,,18318,Wrangell,foorp1,60,forest-conifer,Creek,2,70,1,2,creek,Alaska,0.26375,0.305416667,0.144155093,0.036261574,13.84285714,11.7,17.2,75.71428571,56,86,0,1.78968254,110.9498418,Meteostat
18318,NW1,2022-06-17,0,0,0,0,0,0,0,0,0,0,1,0,0,0,0,0,0,0,0,0,0,0,0,0,0,0,0,0,0,2,0,0,0,0,0,0,2022,56.26848,-132.07169,2022-06-17 21:39:43,2022-06-18 03:59:04,2022-06-18T00:52:07,,18318,Wrangell,foorp1,60,forest-conifer,Creek,2,70,1,2,creek,Alaska,0.2634375,0.305104167,0.129826389,0.050277778,11.35714286,10,13.3,90.14285714,84,96,0,0.801587302,117.5998418,Meteostat
18318,NW1,2022-06-18,0,0,0,0,0,0,0,0,0,0,2,0,0,0,0,0,0,0,0,0,0,0,0,0,0,0,0,0,0,3,0,0,0,0,0,0,2022,56.26848,-132.07169,2022-06-18 21:40:07,2022-06-19 03:59:07,2022-06-19T01:05:26,,18318,Wrangell,foorp1,60,forest-conifer,Creek,2,70,1,2,creek,Alaska,0.263194444,0.304861111,0.120613426,0.059247685,11.34285714,10.5,13,81.42857143,77,90,0,2.146825397,122.8998418,Meteostat
18318,NW1,2022-06-19,0,0,0,0,0,0,0,0,0,0,4,0,0,0,0,0,0,0,0,0,0,0,0,0,0,0,0,0,0,1,0,0,0,0,0,0,2022,56.26848,-132.07169,2022-06-19 21:40:27,2022-06-20 03:59:14,2022-06-20T01:15:01,,18318,Wrangell,foorp1,60,forest-conifer,Creek,2,70,1,2,creek,Alaska,0.263043981,0.304710648,0.114039352,0.065671296,11.17142857,11,11.9,88.57142857,83,94,0,2.583333333,126.4998418,Meteostat
18318,NW1,2022-06-20,0,0,0,0,0,0,0,0,0,0,1,0,0,0,0,0,0,0,0,0,0,0,0,0,0,0,0,0,0,19,0,0,0,0,0,0,2022,56.26848,-132.07169,2022-06-20 21:40:42,2022-06-21 03:59:26,2022-06-21T01:22:44,,18318,Wrangell,foorp1,60,forest-conifer,Creek,2,70,1,2,creek,Alaska,0.263009259,0.304675926,0.108819444,0.070856481,9.114285714,8.9,9.4,93.85714286,93,96,1.3,2.079365079,127.8498418,Meteostat
18318,NW1,2022-06-21,0,0,0,0,0,0,0,0,0,0,1,0,0,0,0,0,0,0,0,0,0,0,0,0,0,0,0,0,0,9,0,0,0,0,0,0,2022,56.26848,-132.07169,2022-06-21 21:40:54,2022-06-22 03:59:42,2022-06-22T01:29:49,,18318,Wrangell,foorp1,60,forest-conifer,Creek,2,70,1,2,creek,Alaska,0.263055556,0.304722222,0.104085648,0.075636574,8.128571429,8,8.3,96.14285714,93,100,1.3,1.095238095,130.1341203,Meteostat
18318,NW1,2022-06-22,0,0,0,0,0,0,0,0,0,0,0,0,0,0,0,0,0,0,0,0,0,0,0,0,0,0,0,0,0,1,0,0,0,0,0,0,2022,56.26848,-132.07169,2022-06-22 21:41:02,2022-06-23 04:00:01,2022-06-23T01:37:10,,18318,Wrangell,foorp1,60,forest-conifer,Creek,2,70,1,2,creek,Alaska,0.26318287,0.304849537,0.099201389,0.080648148,9.5,8.9,10,96.28571429,93,100,0,0,130.4234433,Meteostat
18318,NW1,2022-06-23,0,0,0,0,0,0,0,0,0,0,2,0,0,0,0,0,0,0,0,0,0,0,0,0,0,0,0,0,0,1,0,0,0,0,0,0,2022,56.26848,-132.07169,2022-06-23 21:41:05,2022-06-24 04:00:24,2022-06-24T01:45:43,,18318,Wrangell,foorp1,60,forest-conifer,Creek,2,70,1,2,creek,Alaska,0.263414352,0.305081019,0.093530093,0.086550926,11.05714286,10,12.8,87.85714286,83,93,0,1.46031746,130.7127664,Meteostat
18318,NW1,2022-06-24,0,0,0,0,0,0,0,0,0,0,0,0,0,0,0,0,0,0,0,0,0,0,0,0,0,0,0,0,0,3,0,0,0,0,0,0,2022,56.26848,-132.07169,2022-06-24 21:41:05,2022-06-25 04:00:52,2022-06-25T01:56:40,,18318,Wrangell,foorp1,60,forest-conifer,Creek,2,70,1,2,creek,Alaska,0.263738426,0.305405093,0.08625,0.094155093,13.1,11.7,15.6,84.42857143,69,93,0,0.984126984,133.1552146,Meteostat
18318,NW1,2022-06-25,0,0,0,0,0,0,0,0,0,0,0,0,0,0,0,0,0,0,0,0,0,0,0,0,0,0,0,0,0,2,0,0,0,0,0,0,2022,56.26848,-132.07169,2022-06-25 21:41:00,2022-06-26 04:01:23,2022-06-26T02:11:51,,18318,Wrangell,foorp1,60,forest-conifer,Creek,2,70,1,2,creek,Alaska,0.264155093,0.305821759,0.076064815,0.104756944,14.14285714,12.8,18.9,80.57142857,56,87,0,1.476190476,138.4552146,Meteostat
18318,NW1,2022-06-26,0,0,0,0,0,0,0,0,0,0,1,0,0,0,0,0,0,0,0,0,0,0,0,0,0,0,0,0,0,1,0,0,0,0,0,0,2022,56.26848,-132.07169,2022-06-26 21:40:51,2022-06-27 04:01:58,2022-06-27T02:34:03,,18318,Wrangell,foorp1,60,forest-conifer,Creek,2,70,1,2,creek,Alaska,0.264664352,0.306331019,0.061053241,0.120277778,14.22857143,12.8,17.2,71.42857143,65,77,0,1.436507937,145.9552146,Meteostat
18318,NW1,2022-06-27,0,0,0,0,0,0,0,0,0,0,0,0,0,0,0,0,0,0,0,0,0,0,0,0,0,0,0,0,0,1,0,0,0,0,0,0,2022,56.26848,-132.07169,2022-06-27 21:40:38,2022-06-28 04:02:37,2022-06-28T03:07:16,,18318,Wrangell,foorp1,60,forest-conifer,Creek,2,70,1,2,creek,Alaska,0.265266204,0.30693287,0.0384375,0.14349537,15.6,12.8,17.8,67.71428571,60,83,0,1.130952381,154.5552146,Meteostat
18318,NW1,2022-06-28,0,0,0,0,0,0,0,0,0,0,2,0,0,0,0,0,0,0,0,0,0,0,0,0,0,0,0,0,0,4,0,0,0,0,0,0,2022,56.26848,-132.07169,2022-06-28 21:40:21,2022-06-29 04:03:19,2022-06-29T03:55:10,2022-06-28T22:16:16,18318,Wrangell,foorp1,60,forest-conifer,Creek,2,70,1,2,creek,Alaska,0.265949074,0.307615741,-0.235347222,0.176956019,16,15,16.7,84,80,87,0,1.23015873,162.6052146,Meteostat
18318,NW1,2022-06-29,0,0,0,0,0,0,0,0,0,0,3,0,0,0,0,0,0,0,0,0,0,0,0,0,0,0,0,0,0,0,0,0,0,0,0,0,2022,56.26848,-132.07169,2022-06-29 21:40:01,2022-06-30 04:04:05,,2022-06-29T22:57:55,18318,Wrangell,foorp1,60,forest-conifer,Creek,2,70,1,2,creek,Alaska,0.266712963,0.30837963,0.054097222,0,12.88571429,12.2,13.9,93.14285714,87,96,0,0.214285714,171.2052146,Meteostat
18318,NW1,2023-06-13,0,0,0,0,1,0,0,0,0,0,11,0,0,0,0,0,0,0,0,0,0,0,0,0,0,0,1,0,0,1,0,0,0,0,0,0,2023,56.26848,-132.07169,2023-06-13 21:37:19,2023-06-14 03:59:33,2023-06-14T02:10:12,,18318,Wrangell,foorp1,60,forest-conifer,Creek,2,70,1,2,creek,Alaska,0.265439815,0.307106481,0.0759375,0.106168981,11.38571429,10,12.9,69.57142857,62,79,0,2.952380952,113.8695645,Meteostat
18318,NW1,2023-06-14,0,0,0,1,2,0,0,0,0,0,15,0,0,0,0,0,0,0,0,0,0,0,0,0,0,0,1,0,0,5,0,0,0,0,0,0,2023,56.26848,-132.07169,2023-06-14 21:37:59,2023-06-15 03:59:20,2023-06-15T02:20:36,,18318,Wrangell,foorp1,60,forest-conifer,Creek,2,70,1,2,creek,Alaska,0.264826389,0.306493056,0.068564815,0.112928241,9.571428571,7.6,11.6,77.71428571,71,87,0,1.373015873,115.5555688,Meteostat
18318,NW1,2023-06-15,0,0,0,0,0,0,0,0,0,0,11,0,0,0,0,0,0,0,0,0,0,1,0,0,0,0,1,0,0,1,0,0,0,0,0,0,2023,56.26848,-132.07169,2023-06-15 21:38:36,2023-06-16 03:59:10,2023-06-16T02:35:54,,18318,Wrangell,foorp1,60,forest-conifer,Creek,2,70,1,2,creek,Alaska,0.264282407,0.305949074,0.057824074,0.123125,11.67142857,11.4,12.1,90.28571429,86,93,4.2,2.19047619,118.2183864,Meteostat
18318,NW1,2023-06-16,0,0,0,0,0,0,0,0,0,0,2,0,0,0,0,0,0,0,0,0,0,0,0,0,0,0,0,0,0,0,0,0,0,0,0,0,2023,56.26848,-132.07169,2023-06-16 21:39:09,2023-06-17 03:59:05,2023-06-17T02:59:47,,18318,Wrangell,foorp1,60,forest-conifer,Creek,2,70,1,2,creek,Alaska,0.263842593,0.305509259,0.041180556,0.139328704,8.242857143,7.6,9,94.14285714,91,97,2.6,1.142857143,118.8215638,Meteostat
18318,NW1,2023-06-18,0,0,0,0,0,0,0,0,0,1,0,0,0,0,0,0,0,0,0,0,0,0,0,0,0,0,0,0,0,1,0,0,0,0,0,0,2023,56.26848,-132.07169,2023-06-18 21:40:02,2023-06-19 03:59:06,,2023-06-18T23:12:24,18318,Wrangell,foorp1,60,forest-conifer,Creek,2,70,1,2,creek,Alaska,0.263240741,0.304907407,0.064143519,0,12.84285714,10.1,16.7,79,64,90,0,0.785714286,120.5795319,Meteostat
18318,NW1,2023-06-19,0,0,0,0,0,0,0,0,0,1,7,0,0,0,0,0,0,0,0,0,0,0,0,0,0,0,1,0,0,1,0,0,0,0,0,0,2023,56.26848,-132.07169,2023-06-19 21:40:23,2023-06-20 03:59:12,,2023-06-19T23:48:56,18318,Wrangell,foorp1,60,forest-conifer,Creek,2,70,1,2,creek,Alaska,0.26306713,0.304733796,0.089270833,0.0059375,16.4,12.2,21.7,58.57142857,38,77,0,1.015873016,125.8563727,Meteostat
18318,NW1,2023-06-20,0,0,0,1,0,0,0,0,0,2,9,0,0,0,0,0,2,0,0,0,0,1,0,0,0,0,0,0,0,5,0,0,0,0,0,0,2023,56.26848,-132.07169,2023-06-20 21:40:40,2023-06-21 03:59:23,,2023-06-21T00:11:40,18318,Wrangell,foorp1,60,forest-conifer,Creek,2,70,1,2,creek,Alaska,0.262997685,0.304664352,0.104861111,0.021527778,14.58571429,12.4,17,75.71428571,64,85,0,1.142857143,133.4563727,Meteostat
18318,NW1,2024-06-12,0,,0,0,0,0,,0,0,0,10,,0,0,0,0,1,,,,0,1,0,0,3,0,2,0,0,3,,,,,,0,2024,56.26848,-132.07169,2024-06-12 21:37:09,2024-06-13 03:59:37,,2024-06-13T01:15:41,18318,Wrangell,foorp1,60,forest-conifer,Creek,2,70,1,2,creek,Alaska,0.265601852,0.307268519,0.151759259,0.068425926,9.428571429,8.3,11.9,83.14285714,74,90,0,0.857142857,87.94134559,Meteostat
18318,NW1,2024-06-13,0,,0,0,0,0,,0,0,0,7,,0,0,0,0,0,,,,0,0,0,0,0,0,0,0,0,2,,,,,,0,2024,56.26848,-132.07169,2024-06-13 21:37:50,2024-06-14 03:59:22,,2024-06-14T01:20:03,18318,Wrangell,foorp1,60,forest-conifer,Creek,2,70,1,2,creek,Alaska,0.264953704,0.30662037,0.15431713,0.070983796,9.571428571,8,10.9,88.85714286,83,93,0,0.714285714,89.49843716,Meteostat
18318,NW1,2024-06-14,0,,0,0,0,0,,0,0,0,2,,0,0,0,0,0,,,,0,1,0,0,0,0,0,0,0,0,,,,,,0,2024,56.26848,-132.07169,2024-06-14 21:38:27,2024-06-15 03:59:12,,2024-06-15T01:24:04,18318,Wrangell,foorp1,60,forest-conifer,Creek,2,70,1,2,creek,Alaska,0.264409722,0.306076389,0.156678241,0.073344907,11.82857143,11.2,13.7,79.28571429,71,83,0,0.928571429,92.47403578,Meteostat
18318,NW1,2024-06-15,0,,0,0,0,0,,0,0,0,13,,0,0,0,0,0,,,,0,13,0,0,4,0,2,0,0,10,,,,,,0,2024,56.26848,-132.07169,2024-06-15 21:39:01,2024-06-16 03:59:05,,2024-06-16T01:28:21,18318,Wrangell,foorp1,60,forest-conifer,Creek,2,70,1,2,creek,Alaska,0.263935185,0.305601852,0.159259259,0.075925926,13.11428571,11.3,15.3,78.28571429,72,85,0,1,95.38377827,Meteostat
18318,NW1,2024-06-16,0,,0,0,0,0,,0,0,0,7,,0,0,0,0,5,,,,0,10,0,0,3,0,5,0,0,8,,,,,,0,2024,56.26848,-132.07169,2024-06-16 21:39:30,2024-06-17 03:59:03,,2024-06-17T01:33:38,18318,Wrangell,foorp1,60,forest-conifer,Creek,2,70,1,2,creek,Alaska,0.263576389,0.305243056,0.162592593,0.079259259,12.15714286,10.7,14.9,88.14285714,78,93,0,1.515873016,99.83377827,Meteostat
18318,NW1,2024-06-17,0,,0,0,0,0,,0,0,1,16,,0,0,0,0,3,,,,0,13,0,0,6,0,1,0,0,13,,,,,,0,2024,56.26848,-132.07169,2024-06-17 21:39:56,2024-06-18 03:59:04,,2024-06-18T01:40:56,18318,Wrangell,foorp1,60,forest-conifer,Creek,2,70,1,2,creek,Alaska,0.263287037,0.304953704,0.167361111,0.084027778,12.77142857,11.8,14.6,86.57142857,78,90,0,1.373015873,103.3337783,Meteostat
18318,NW1,2024-06-18,0,,0,0,0,0,,0,0,1,14,,0,0,0,1,2,,,,0,7,0,0,4,0,1,0,0,7,,,,,,0,2024,56.26848,-132.07169,2024-06-18 21:40:17,2024-06-19 03:59:10,,2024-06-19T01:52:08,18318,Wrangell,foorp1,60,forest-conifer,Creek,2,70,1,2,creek,Alaska,0.263113426,0.304780093,0.174895833,0.0915625,13.97142857,12.6,16.7,84.28571429,74,91,0,1.142857143,106.6837783,Meteostat
18318,NW1,2024-06-19,0,,0,0,0,0,,0,0,0,21,,0,0,0,0,2,,,,0,13,0,0,7,0,1,0,0,17,,,,,,0,2024,56.26848,-132.07169,2024-06-19 21:40:35,2024-06-20 03:59:19,,2024-06-20T02:10:47,18318,Wrangell,foorp1,60,forest-conifer,Creek,2,70,1,2,creek,Alaska,0.263009259,0.304675926,0.187638889,0.104305556,13.51428571,11.5,15.6,83.28571429,70,92,0,1.46031746,111.6837783,Meteostat
18318,NW1,2024-06-20,0,,0,0,0,0,,0,0,0,35,,0,0,0,0,0,,,,0,6,0,0,7,0,0,0,0,10,,,,,,0,2024,56.26848,-132.07169,2024-06-20 21:40:49,2024-06-21 03:59:33,,2024-06-21T02:43:41,18318,Wrangell,foorp1,60,forest-conifer,Creek,2,70,1,2,creek,Alaska,0.263009259,0.304675926,0.210324074,0.126990741,14.14285714,13.3,15.2,74.14285714,68,78,0,0.928571429,116.5837783,Meteostat
18318,NW1,2024-06-21,0,,0,1,0,0,,0,0,0,33,,0,0,0,0,0,,,,0,1,0,0,0,0,0,0,0,7,,,,,,0,2024,56.26848,-132.07169,2024-06-21 21:40:58,2024-06-22 03:59:50,2024-06-21T22:41:07,2024-06-22T03:39:52,18318,Wrangell,foorp1,60,forest-conifer,Creek,2,70,1,2,creek,Alaska,0.263101852,0.304768519,0.207465278,0,13.61428571,12.9,14.1,90.14285714,86,97,0.7,1.015873016,122.5337783,Meteostat
18318,NW1,2024-06-22,0,,0,0,0,0,,0,0,0,5,,0,0,0,0,1,,,,0,1,0,0,0,0,1,0,0,0,,,,,,0,2024,56.26848,-132.07169,2024-06-22 21:41:03,2024-06-23 04:00:12,2024-06-22T23:25:21,,18318,Wrangell,foorp1,60,forest-conifer,Creek,2,70,1,2,creek,Alaska,0.263298611,0.304965278,0.190868056,0,12.38571429,11.3,13.6,96.71428571,95,99,0,0.928571429,128.6837783,Meteostat
18318,NW1,2024-06-23,0,,0,0,0,0,,0,0,0,1,,0,0,0,0,0,,,,0,0,0,0,0,0,0,0,0,1,,,,,,0,2024,56.26848,-132.07169,2024-06-23 21:41:05,2024-06-24 04:00:37,2024-06-23T23:51:00,,18318,Wrangell,foorp1,60,forest-conifer,Creek,2,70,1,2,creek,Alaska,0.263564815,0.305231481,0.173344907,0.006886574,12.77142857,12.5,13.2,95.57142857,94,97,0,0.785714286,132.6837783,Meteostat
18318,NW1,2024-06-24,0,,0,0,0,0,,0,0,0,3,,0,0,0,0,1,,,,0,0,0,0,0,0,0,0,0,1,,,,,,0,2024,56.26848,-132.07169,2024-06-24 21:41:02,2024-06-25 04:01:06,2024-06-25T00:06:06,,18318,Wrangell,foorp1,60,forest-conifer,Creek,2,70,1,2,creek,Alaska,0.263935185,0.305601852,0.163194444,0.017407407,13.07142857,12.5,13.7,95,92,97,0,0.571428571,135.0337783,Meteostat
18318,NW1,2024-06-25,0,,0,0,0,0,,0,0,0,11,,0,0,0,0,0,,,,0,0,0,0,0,0,0,0,0,4,,,,,,0,2024,56.26848,-132.07169,2024-06-25 21:40:55,2024-06-26 04:01:39,2024-06-26T00:15:49,,18318,Wrangell,foorp1,60,forest-conifer,Creek,2,70,1,2,creek,Alaska,0.264398148,0.306064815,0.156828704,0.024236111,13.95714286,13.4,14.6,84.85714286,82,88,0,1,138.4337783,Meteostat
18318,NW1,2024-06-26,0,,0,0,0,0,,0,0,0,1,,0,0,0,0,0,,,,0,0,0,0,0,0,0,0,0,2,,,,,,0,2024,56.26848,-132.07169,2024-06-26 21:40:44,2024-06-27 04:02:16,2024-06-27T00:22:49,,18318,Wrangell,foorp1,60,forest-conifer,Creek,2,70,1,2,creek,Alaska,0.264953704,0.30662037,0.152395833,0.029224537,14.6,13,16.4,86,81,91,0,0.5,142.9337783,Meteostat
18318,NW1,2024-06-27,0,,0,0,0,0,,0,0,0,4,,0,0,0,0,0,,,,0,0,0,0,2,0,0,0,0,4,,,,,,0,2024,56.26848,-132.07169,2024-06-27 21:40:29,2024-06-28 04:02:56,2024-06-28T00:28:38,,18318,Wrangell,foorp1,60,forest-conifer,Creek,2,70,1,2,creek,Alaska,0.265590278,0.307256944,0.148819444,0.0334375,14.58571429,12.9,17.4,84.57142857,76,89,0,1.071428571,148.4337783,Meteostat
18318,NW1,2024-06-28,0,,0,1,0,0,,0,0,0,6,,0,0,0,0,0,,,,0,2,0,0,2,0,2,0,0,10,,,,,,0,2024,56.26848,-132.07169,2024-06-28 21:40:10,2024-06-29 04:03:41,2024-06-29T00:34:19,,18318,Wrangell,foorp1,60,forest-conifer,Creek,2,70,1,2,creek,Alaska,0.266331019,0.307997685,0.145393519,0.037604167,14.84285714,13.7,15.6,91.85714286,90,93,0.3,0.857142857,154.9337783,Meteostat
18318,NW1,2024-06-29,0,,0,1,0,0,,0,0,0,6,,0,0,0,0,0,,,,0,1,0,0,3,0,0,0,0,12,,,,,,0,2024,56.26848,-132.07169,2024-06-29 21:39:47,2024-06-30 04:04:28,2024-06-30T00:40:50,,18318,Wrangell,foorp1,60,forest-conifer,Creek,2,70,1,2,creek,Alaska,0.267141204,0.30880787,0.141412037,0.042395833,14.11428571,13.6,14.9,93.28571429,90,96,0,1.142857143,159.9337783,Meteostat
18318,NW1,2024-06-30,0,,0,0,0,0,,0,0,0,6,,0,0,0,0,0,,,,0,0,0,0,0,0,0,0,0,3,,,,,,0,2024,56.26848,-132.07169,2024-06-30 21:39:20,2024-07-01 04:05:20,2024-07-01T00:49:27,,18318,Wrangell,foorp1,60,forest-conifer,Creek,2,70,1,2,creek,Alaska,0.268055556,0.309722222,0.136030093,0.04869213,13.32857143,12.9,13.6,87,83,90,0,1.015873016,164.9337783,Meteostat
18318,NW1,2024-07-01,0,,0,0,0,0,,0,0,0,6,,0,0,0,0,0,,,,0,0,0,0,0,0,0,0,0,3,,,,,,0,2024,56.26848,-132.07169,2024-07-01 21:38:49,2024-07-02 04:06:15,2024-07-02T01:02:18,,18318,Wrangell,foorp1,60,forest-conifer,Creek,2,70,1,2,creek,Alaska,0.269050926,0.310717593,0.127743056,0.057974537,12.31428571,12.1,12.7,96,92,97,0.6,1.158730159,169.4337783,Meteostat
18318,NW1,2024-07-02,0,,0,0,0,0,,0,0,0,0,,0,0,0,0,0,,,,0,0,0,0,0,0,0,0,0,1,,,,,,0,2024,56.26848,-132.07169,2024-07-02 21:38:14,2024-07-03 04:07:13,2024-07-03T01:23:13,,18318,Wrangell,foorp1,60,forest-conifer,Creek,2,70,1,2,creek,Alaska,0.270127315,0.311793981,0.113888889,0.072905093,12.75714286,12,13.7,88.28571429,82,93,0,1.071428571,172.9337783,Meteostat
18318,NW1,2025-06-09,,,0,,0,0,,0,0,2,2,,0,0,0,0,4,,,,0,0,0,0,0,,1,0,0,73,,,,,,,2025,56.26848,-132.07169,2025-06-09 21:34:29,2025-06-10 04:00:51,,2025-06-10T02:45:00,18318,Wrangell,foorp1,60,forest-conifer,Creek,2,70,1,2,creek,Alaska,0.268310185,0.309976852,0.215636574,0.132303241,8.885714286,8.3,9.4,79.28571429,71,87,0,1.761904762,31.90431963,Meteostat
18318,NW1,2025-06-10,,,0,,0,0,,0,0,1,1,,0,0,0,0,0,,,,0,0,0,0,0,,0,0,0,2,,,,,,,2025,56.26848,-132.07169,2025-06-10 21:35:22,2025-06-11 04:00:24,2025-06-10T22:16:00,2025-06-11T03:18:53,18318,Wrangell,foorp1,60,forest-conifer,Creek,2,70,1,2,creek,Alaska,0.267384259,0.309050926,0.210335648,0,8.085714286,6,10,82.57142857,71,93,0,1.857142857,32.62352842,Meteostat
18318,NW1,2025-06-11,,,1,,0,0,,0,0,0,0,,0,0,0,0,0,,,,0,1,0,0,0,,2,0,0,5,,,,,,,2025,56.26848,-132.07169,2025-06-11 21:36:11,2025-06-12 04:00:00,2025-06-11T23:14:03,,18318,Wrangell,foorp1,60,forest-conifer,Creek,2,70,1,2,creek,Alaska,0.266539352,0.308206019,0.198576389,0,9.157142857,8.3,10,75.42857143,71,82,0,2.011904762,34.64703855,Meteostat
18318,NW1,2025-06-12,,,0,,0,0,,0,0,0,8,,0,0,0,1,1,,,,0,1,0,0,0,,3,0,0,3,,,,,,,2025,56.26848,-132.07169,2025-06-12 21:36:57,2025-06-13 03:59:40,2025-06-12T23:52:23,,18318,Wrangell,foorp1,60,forest-conifer,Creek,2,70,1,2,creek,Alaska,0.265775463,0.30744213,0.171724537,0.010717593,8.242857143,7.2,9.4,78.42857143,71,87,0,2.293650794,36.33828411,Meteostat
18318,NW1,2025-06-13,,,0,,0,0,,0,0,0,3,,0,0,0,0,2,,,,0,2,0,0,0,,1,0,0,2,,,,,,,2025,56.26848,-132.07169,2025-06-13 21:37:39,2025-06-14 03:59:25,2025-06-14T00:15:33,,18318,Wrangell,foorp1,60,forest-conifer,Creek,2,70,1,2,creek,Alaska,0.265115741,0.306782407,0.155462963,0.026319444,7.985714286,7,10,78.42857143,66,93,0,1.920634921,37.00409413,Meteostat
18318,NW1,2025-06-14,,,0,,0,0,,0,0,1,3,,0,0,0,0,1,,,,0,1,0,0,0,,3,0,0,8,,,,,,,2025,56.26848,-132.07169,2025-06-14 21:38:17,2025-06-15 03:59:13,2025-06-15T00:29:47,,18318,Wrangell,foorp1,60,forest-conifer,Creek,2,70,1,2,creek,Alaska,0.264537037,0.306203704,0.145439815,0.035763889,10.58571429,9,13,74.71428571,63,82,0,1.797619048,39.2983203,Meteostat
18318,NW1,2025-06-15,,,0,,0,0,,0,0,1,4,,0,0,0,0,4,,,,0,4,0,0,1,,2,0,0,8,,,,,,,2025,56.26848,-132.07169,2025-06-15 21:38:52,2025-06-16 03:59:05,2025-06-16T00:39:08,,18318,Wrangell,foorp1,60,forest-conifer,Creek,2,70,1,2,creek,Alaska,0.264039352,0.305706019,0.138854167,0.041851852,12.2,11.1,13.9,78.57142857,67,88,0.8,1.992063492,42.90520972,Meteostat
18318,NW1,2025-06-16,,,0,,0,0,,0,0,0,4,,0,0,0,0,0,,,,0,3,0,0,0,,1,0,0,0,,,,,,,2025,56.26848,-132.07169,2025-06-16 21:39:22,2025-06-17 03:59:02,2025-06-17T00:45:57,,18318,Wrangell,foorp1,60,forest-conifer,Creek,2,70,1,2,creek,Alaska,0.263657407,0.305324074,0.134085648,0.046238426,10.62857143,10,11.7,81.85714286,72,87,0,2.075396825,46.44996788,Meteostat
18318,NW1-Dup,2022-06-16,0,0,0,1,0,0,0,0,0,0,1,0,0,0,0,0,1,0,0,0,0,0,0,0,0,0,0,0,0,5,0,0,0,0,0,0,2022,56.26848,-132.07169,2022-06-16 21:39:16,2022-06-17 03:59:04,2022-06-17T00:31:29,,18318,Wrangell,foorp1,60,forest-conifer,Creek,2,70,1,2,creek,Alaska,0.26375,0.305416667,0.144155093,0.036261574,13.84285714,11.7,17.2,75.71428571,56,86,0,1.78968254,110.9498418,Meteostat
18318,NW1-Dup,2022-06-17,0,0,0,0,0,0,0,0,0,0,3,0,0,0,0,0,0,0,0,0,0,0,0,0,0,0,0,0,0,4,0,0,0,0,0,0,2022,56.26848,-132.07169,2022-06-17 21:39:43,2022-06-18 03:59:04,2022-06-18T00:52:07,,18318,Wrangell,foorp1,60,forest-conifer,Creek,2,70,1,2,creek,Alaska,0.2634375,0.305104167,0.129826389,0.050277778,11.35714286,10,13.3,90.14285714,84,96,0,0.801587302,117.5998418,Meteostat
18318,NW1-Dup,2022-06-18,0,0,0,0,0,0,0,0,0,0,3,0,0,0,0,0,0,0,0,0,0,0,0,0,0,0,0,0,0,9,0,0,0,0,0,0,2022,56.26848,-132.07169,2022-06-18 21:40:07,2022-06-19 03:59:07,2022-06-19T01:05:26,,18318,Wrangell,foorp1,60,forest-conifer,Creek,2,70,1,2,creek,Alaska,0.263194444,0.304861111,0.120613426,0.059247685,11.34285714,10.5,13,81.42857143,77,90,0,2.146825397,122.8998418,Meteostat
18318,NW1-Dup,2022-06-19,0,0,1,1,0,0,0,0,0,0,10,0,0,0,0,0,0,0,0,0,0,0,0,0,0,0,0,0,0,9,0,0,0,0,0,0,2022,56.26848,-132.07169,2022-06-19 21:40:27,2022-06-20 03:59:14,2022-06-20T01:15:01,,18318,Wrangell,foorp1,60,forest-conifer,Creek,2,70,1,2,creek,Alaska,0.263043981,0.304710648,0.114039352,0.065671296,11.17142857,11,11.9,88.57142857,83,94,0,2.583333333,126.4998418,Meteostat
18318,NW1-Dup,2022-06-20,0,0,0,0,0,0,0,0,0,0,1,0,0,0,0,0,0,0,0,0,0,0,0,0,0,0,0,0,0,0,0,0,0,0,0,0,2022,56.26848,-132.07169,2022-06-20 21:40:42,2022-06-21 03:59:26,2022-06-21T01:22:44,,18318,Wrangell,foorp1,60,forest-conifer,Creek,2,70,1,2,creek,Alaska,0.263009259,0.304675926,0.108819444,0.070856481,9.114285714,8.9,9.4,93.85714286,93,96,1.3,2.079365079,127.8498418,Meteostat
18318,NW2,2019-07-16,0,0,0,0,0,0,0,0,0,0,0,0,0,0,0,0,0,0,0,0,0,0,0,0,2,0,0,0,0,4,0,0,0,0,0,0,2019,56.28338,-132.1039,2019-07-16 21:25:02,2019-07-17 04:24:31,2019-07-16T21:36:31,,18318,Wrangell,foopd1,173,wetland,Pond,1,40,1,25,pond,Alaska,0.29130787,0.332974537,0.283333333,0,13.975,13.3,14.4,92.375,89,94,0.6,3.468253968,311.7379099,Meteostat
18318,NW2,2019-07-17,0,0,0,0,0,0,0,0,0,0,0,0,0,0,0,0,0,0,0,0,0,0,0,0,2,0,0,0,0,0,0,0,0,0,0,0,2019,56.28338,-132.1039,2019-07-17 21:23:37,2019-07-18 04:26:06,2019-07-17T22:09:11,,18318,Wrangell,foopd1,173,wetland,Pond,1,40,1,25,pond,Alaska,0.293391204,0.33505787,0.261747685,0,13.1375,12.8,13.9,95.625,93,100,0.3,1.022222222,316.4379099,Meteostat
18318,NW2,2019-07-18,0,0,0,0,0,0,0,0,0,0,0,0,0,0,0,0,0,0,0,0,0,0,0,0,0,0,0,0,0,1,0,0,0,0,0,0,2019,56.28338,-132.1039,2019-07-18 21:22:09,2019-07-19 04:27:43,2019-07-18T22:34:06,,18318,Wrangell,foopd1,173,wetland,Pond,1,40,1,25,pond,Alaska,0.295532407,0.337199074,0.24556713,0,13.2,12.8,14,95.66666667,88,100,0,0.6,319.7379099,Meteostat
18318,NW2,2019-07-19,0,0,0,0,0,0,0,0,0,0,0,0,0,0,0,0,0,0,0,0,0,0,0,0,0,0,0,0,0,1,0,0,0,0,0,0,2019,56.28338,-132.1039,2019-07-19 21:20:39,2019-07-20 04:29:22,2019-07-19T22:53:39,,18318,Wrangell,foopd1,173,wetland,Pond,1,40,1,25,pond,Alaska,0.297719907,0.339386574,0.233136574,0,13.225,12.8,13.9,98.625,93,100,0.8,0.428571429,323.6379099,Meteostat
18318,NW2,2019-07-20,0,0,0,0,0,0,0,0,0,0,0,0,0,0,0,0,0,0,0,0,0,0,0,0,0,0,0,0,0,2,0,0,0,0,0,0,2019,56.28338,-132.1039,2019-07-20 21:19:06,2019-07-21 04:31:02,2019-07-20T23:09:47,,18318,Wrangell,foopd1,173,wetland,Pond,1,40,1,25,pond,Alaska,0.299953704,0.34162037,0.223090278,0,12.28888889,10.6,14.4,94.22222222,87,100,0,0,328.3879099,Meteostat
18318,NW2,2019-07-21,0,0,0,0,0,0,0,0,0,0,0,0,0,0,0,0,0,0,0,0,0,0,0,0,1,0,0,0,0,4,0,0,0,0,0,0,2019,56.28338,-132.1039,2019-07-21 21:17:30,2019-07-22 04:32:44,2019-07-21T23:23:54,,18318,Wrangell,foopd1,173,wetland,Pond,1,40,1,25,pond,Alaska,0.30224537,0.343912037,0.214467593,0.004444444,13.73333333,12,16.1,87.55555556,72,100,0,1.166666667,332.4879099,Meteostat
18318,NW2,2019-07-22,0,0,0,0,0,0,0,0,0,0,0,0,0,0,0,0,0,0,0,0,0,1,0,0,0,0,0,0,0,1,0,0,0,0,0,0,2019,56.28338,-132.1039,2019-07-22 21:15:51,2019-07-23 04:34:28,2019-07-22T23:37:07,,18318,Wrangell,foopd1,173,wetland,Pond,1,40,1,25,pond,Alaska,0.304594907,0.346261574,0.206493056,0.014768519,14.7,13,19.4,90.88888889,61,100,1.1,2.948412698,338.0879099,Meteostat
18318,NW2,2020-07-03,0,0,0,8,0,0,0,0,0,0,0,0,0,0,0,0,3,0,0,0,0,5,0,0,11,0,0,0,0,20,0,0,0,0,0,0,2020,56.28338,-132.1039,2020-07-03 21:37:50,2020-07-04 04:08:14,,2020-07-04T03:26:17,18318,Wrangell,foopd1,173,wetland,Pond,1,40,1,25,pond,Alaska,0.271111111,0.312777778,0.241979167,0.158645833,13.38571429,13,13.9,90.28571429,87,94,NA,0,140.1710777,Meteostat
18318,NW2,2020-07-04,0,0,0,3,0,0,0,0,0,0,0,0,0,0,0,0,0,0,0,0,0,4,0,0,8,0,0,0,0,6,0,0,0,0,0,0,2020,56.28338,-132.1039,2020-07-04 21:37:07,2020-07-05 04:09:18,2020-07-04T21:45:13,,18318,Wrangell,foopd1,173,wetland,Pond,1,40,1,25,pond,Alaska,0.272349537,0.314016204,0.266724537,0,12.21428571,11.1,13.3,93.42857143,88,100,0,0,144.5710777,Meteostat
18318,NW2,2020-07-05,0,0,0,2,0,0,0,0,0,0,0,0,0,0,0,0,0,0,0,0,0,1,0,0,9,0,0,0,0,6,0,0,0,0,0,0,2020,56.28338,-132.1039,2020-07-05 21:36:21,2020-07-06 04:10:25,2020-07-05T22:31:58,,18318,Wrangell,foopd1,173,wetland,Pond,1,40,1,25,pond,Alaska,0.273657407,0.315324074,0.235034722,0,12.77142857,12.2,14.4,90.57142857,78,97,0,0,148.7710777,Meteostat
18318,NW2,2020-07-06,0,0,0,2,0,0,0,0,0,0,0,0,0,0,0,0,1,0,0,0,0,2,0,0,4,0,0,0,0,4,0,0,0,0,0,0,2020,56.28338,-132.1039,2020-07-06 21:35:30,2020-07-07 04:11:36,2020-07-06T23:04:41,,18318,Wrangell,foopd1,173,wetland,Pond,1,40,1,25,pond,Alaska,0.275069444,0.316736111,0.213136574,0,13.24285714,12.2,14.4,87.57142857,81,93,0,0,152.3710777,Meteostat
18318,NW2,2021-07-08,0,0,0,4,0,0,0,0,0,0,0,0,0,0,0,0,14,0,0,0,0,16,0,0,15,0,2,0,0,9,0,0,0,0,0,0,2021,56.28338,-132.1039,2021-07-08 21:33:54,2021-07-09 04:13:46,2021-07-09T03:23:45,,18318,Wrangell,foopd1,173,wetland,Pond,1,40,1,25,pond,Alaska,0.277685185,0.319351852,0.034733796,0.159618056,12.54285714,12,13,97,93,100,5.6,0.416666667,193.0296748,Meteostat
18318,NW2,2021-07-09,0,0,0,2,0,0,0,0,0,1,0,0,0,0,0,0,1,0,0,0,0,5,0,0,3,0,0,0,0,4,0,0,0,0,0,0,2021,56.28338,-132.1039,2021-07-09 21:32:54,2021-07-10 04:15:04,,2021-07-09T22:03:45,18318,Wrangell,foopd1,173,wetland,Pond,1,40,1,25,pond,Alaska,0.279282407,0.320949074,0.021423611,0,12.84285714,12,13.3,96.71428571,94,100,3.4,1.257936508,197.1296748,Meteostat
18318,NW2,2021-07-10,0,0,0,2,0,0,0,0,0,0,0,0,0,0,0,0,3,0,0,0,0,5,0,0,3,0,2,0,0,2,0,0,0,0,0,0,2021,56.28338,-132.1039,2021-07-10 21:31:50,2021-07-11 04:16:25,,2021-07-10T22:38:21,18318,Wrangell,foopd1,173,wetland,Pond,1,40,1,25,pond,Alaska,0.280960648,0.322627315,0.04619213,0,12.54285714,12,13.7,96.85714286,90,100,0.2,0.357142857,200.3296748,Meteostat
18318,NW2,2021-07-11,0,0,0,1,0,0,0,0,0,0,0,0,0,0,0,0,0,0,0,0,0,11,0,0,4,0,0,0,0,1,0,0,0,0,0,0,2021,56.28338,-132.1039,2021-07-11 21:30:43,2021-07-12 04:17:48,,2021-07-11T23:02:37,18318,Wrangell,foopd1,173,wetland,Pond,1,40,1,25,pond,Alaska,0.282696759,0.324363426,0.063819444,0,12.67142857,11.7,14,93.71428571,93,96,0,0.571428571,203.3796748,Meteostat
18318,NW2,2021-07-12,0,0,0,1,0,0,0,0,0,0,0,0,0,0,0,0,0,0,0,0,0,21,0,0,7,0,0,0,0,1,0,0,0,0,0,0,2021,56.28338,-132.1039,2021-07-12 21:29:33,2021-07-13 04:19:14,,2021-07-12T23:20:05,18318,Wrangell,foopd1,173,wetland,Pond,1,40,1,25,pond,Alaska,0.284502315,0.326168981,0.076759259,0,12.925,12.2,13.3,98.875,94,100,1.2,0.236111111,207.8296748,Meteostat
18318,NW2,2022-06-21,0,0,0,0,0,0,0,0,0,0,0,0,0,0,0,0,0,0,0,0,0,0,0,0,0,0,0,0,0,19,0,0,0,0,0,0,2022,56.28338,-132.1039,2022-06-21 21:41:09,2022-06-22 03:59:42,2022-06-22T01:29:56,,18318,Wrangell,foopd1,173,wetland,Pond,1,40,1,25,pond,Alaska,0.262881944,0.304548611,0.10400463,0.075543981,8.128571429,8,8.3,96.14285714,93,100,1.3,1.095238095,130.1341203,Meteostat
18318,NW2,2022-06-22,0,0,0,0,0,0,0,0,0,0,0,0,0,0,0,0,0,0,0,0,0,0,0,0,0,0,0,0,0,9,0,0,0,0,0,0,2022,56.28338,-132.1039,2022-06-22 21:41:16,2022-06-23 04:00:02,2022-06-23T01:37:16,,18318,Wrangell,foopd1,173,wetland,Pond,1,40,1,25,pond,Alaska,0.263032407,0.304699074,0.099143519,0.080555556,9.5,8.9,10,96.28571429,93,100,0,0,130.4234433,Meteostat
18318,NW2,2023-06-13,0,0,1,3,0,0,0,0,0,0,1,0,0,0,0,0,1,0,0,0,0,0,0,0,0,0,0,0,0,2,0,0,0,0,0,0,2023,56.28338,-132.1039,2023-06-13 21:37:34,2023-06-14 03:59:34,2023-06-14T02:10:16,,18318,Wrangell,foopd1,173,wetland,Pond,1,40,1,25,pond,Alaska,0.265277778,0.306944444,0.075902778,0.106041667,11.38571429,10,12.9,69.57142857,62,79,0,2.952380952,113.8695645,Meteostat
18318,NW2,2023-06-14,0,0,0,6,0,0,0,0,0,0,1,0,0,0,0,0,5,0,0,0,0,5,0,0,0,0,2,0,0,7,0,0,0,0,0,0,2023,56.28338,-132.1039,2023-06-14 21:38:14,2023-06-15 03:59:20,2023-06-15T02:20:39,,18318,Wrangell,foopd1,173,wetland,Pond,1,40,1,25,pond,Alaska,0.264652778,0.306319444,0.068530093,0.112789352,9.571428571,7.6,11.6,77.71428571,71,87,0,1.373015873,115.5555688,Meteostat
18318,NW2,2023-06-15,0,0,0,1,0,0,0,0,0,9,0,0,0,0,0,0,0,0,0,0,0,5,0,0,0,0,0,0,0,2,0,0,0,0,0,0,2023,56.28338,-132.1039,2023-06-15 21:38:51,2023-06-16 03:59:11,2023-06-16T02:35:55,,18318,Wrangell,foopd1,173,wetland,Pond,1,40,1,25,pond,Alaska,0.26412037,0.305787037,0.057824074,0.122962963,11.67142857,11.4,12.1,90.28571429,86,93,4.2,2.19047619,118.2183864,Meteostat
18318,NW2,2023-06-16,0,0,2,1,0,0,0,0,0,1,2,0,0,0,0,0,4,0,0,0,0,0,0,0,0,0,0,0,0,7,0,0,0,0,0,0,2023,56.28338,-132.1039,2023-06-16 21:39:23,2023-06-17 03:59:05,2023-06-17T02:59:46,,18318,Wrangell,foopd1,173,wetland,Pond,1,40,1,25,pond,Alaska,0.263680556,0.305347222,0.04119213,0.139155093,8.242857143,7.6,9,94.14285714,91,97,2.6,1.142857143,118.8215638,Meteostat
18318,NW2,2023-06-17,0,0,0,0,0,0,0,0,0,0,0,0,0,0,0,0,1,0,0,0,0,0,0,0,0,0,0,0,0,1,0,0,0,0,0,0,2023,56.28338,-132.1039,2023-06-17 21:39:52,2023-06-18 03:59:04,2023-06-18T03:37:31,2023-06-17T22:17:17,18318,Wrangell,foopd1,173,wetland,Pond,1,40,1,25,pond,Alaska,0.263333333,0.305,-0.222384259,0.165034722,8.928571429,8.1,11.4,89.71428571,78,95,0,0.857142857,119.5647846,Meteostat
18318,NW2,2023-06-18,0,0,0,1,0,0,0,0,0,0,0,0,0,0,0,0,1,0,0,0,0,0,0,0,0,0,0,0,0,2,0,0,0,0,0,0,2023,56.28338,-132.1039,2023-06-18 21:40:17,2023-06-19 03:59:06,,2023-06-18T23:12:42,18318,Wrangell,foopd1,173,wetland,Pond,1,40,1,25,pond,Alaska,0.26306713,0.304733796,0.064178241,0,12.84285714,10.1,16.7,79,64,90,0,0.785714286,120.5795319,Meteostat
18318,NW2,2023-06-19,0,0,0,2,0,0,0,0,0,29,1,0,0,0,0,0,3,0,0,0,0,1,0,0,0,0,1,0,0,7,0,0,0,0,0,0,2023,56.28338,-132.1039,2023-06-19 21:40:38,2023-06-20 03:59:13,,2023-06-19T23:49:13,18318,Wrangell,foopd1,173,wetland,Pond,1,40,1,25,pond,Alaska,0.262905093,0.304571759,0.089293981,0.005960648,16.4,12.2,21.7,58.57142857,38,77,0,1.015873016,125.8563727,Meteostat
18318,NW2,2023-06-20,0,0,0,7,0,0,0,0,0,2,0,0,0,0,0,0,6,0,0,0,0,2,0,0,0,0,1,0,0,16,0,0,0,0,0,0,2023,56.28338,-132.1039,2023-06-20 21:40:55,2023-06-21 03:59:24,,2023-06-21T00:11:55,18318,Wrangell,foopd1,173,wetland,Pond,1,40,1,25,pond,Alaska,0.262835648,0.304502315,0.104861111,0.021527778,14.58571429,12.4,17,75.71428571,64,85,0,1.142857143,133.4563727,Meteostat
18318,NW2,2024-06-12,0,,0,0,0,0,,0,0,0,3,,0,0,0,0,2,,,,0,9,0,0,3,0,1,0,0,2,,,,,,0,2024,56.28338,-132.1039,2024-06-12 21:37:24,2024-06-13 03:59:38,,2024-06-13T01:15:51,18318,Wrangell,foopd1,173,wetland,Pond,1,40,1,25,pond,Alaska,0.265439815,0.307106481,0.151701389,0.068368056,9.428571429,8.3,11.9,83.14285714,74,90,0,0.857142857,87.94134559,Meteostat
18318,NW2,2024-06-13,0,,0,0,0,0,,0,0,2,2,,0,0,0,0,3,,,,0,5,0,0,1,0,0,0,0,1,,,,,,0,2024,56.28338,-132.1039,2024-06-13 21:38:05,2024-06-14 03:59:23,,2024-06-14T01:20:12,18318,Wrangell,foopd1,173,wetland,Pond,1,40,1,25,pond,Alaska,0.264791667,0.306458333,0.154247685,0.070914352,9.571428571,8,10.9,88.85714286,83,93,0,0.714285714,89.49843716,Meteostat
18318,NW2,2024-06-14,0,,0,0,0,0,,0,0,15,2,,0,0,0,0,13,,,,0,8,0,0,1,0,1,0,0,8,,,,,,0,2024,56.28338,-132.1039,2024-06-14 21:38:42,2024-06-15 03:59:12,,2024-06-15T01:24:11,18318,Wrangell,foopd1,173,wetland,Pond,1,40,1,25,pond,Alaska,0.264236111,0.305902778,0.156585648,0.073252315,11.82857143,11.2,13.7,79.28571429,71,83,0,0.928571429,92.47403578,Meteostat
18318,NW2,2024-06-15,0,,0,0,0,0,,0,0,4,2,,0,0,0,0,28,,,,0,12,0,0,6,0,1,0,0,8,,,,,,0,2024,56.28338,-132.1039,2024-06-15 21:39:16,2024-06-16 03:59:06,,2024-06-16T01:28:27,18318,Wrangell,foopd1,173,wetland,Pond,1,40,1,25,pond,Alaska,0.263773148,0.305439815,0.159155093,0.075821759,13.11428571,11.3,15.3,78.28571429,72,85,0,1,95.38377827,Meteostat
18318,NW2,2024-06-16,2,,0,2,0,0,,0,0,29,3,,0,0,0,0,51,,,,0,11,0,0,5,0,0,0,0,12,,,,,,0,2024,56.28338,-132.1039,2024-06-16 21:39:45,2024-06-17 03:59:03,,2024-06-17T01:33:42,18318,Wrangell,foopd1,173,wetland,Pond,1,40,1,25,pond,Alaska,0.263402778,0.305069444,0.162465278,0.079131944,12.15714286,10.7,14.9,88.14285714,78,93,0,1.515873016,99.83377827,Meteostat
18318,NW2,2024-06-17,0,,0,0,0,0,,0,0,2,2,,0,0,0,0,13,,,,0,6,0,0,1,0,2,0,0,4,,,,,,0,2024,56.28338,-132.1039,2024-06-17 21:40:11,2024-06-18 03:59:05,,2024-06-18T01:41:00,18318,Wrangell,foopd1,173,wetland,Pond,1,40,1,25,pond,Alaska,0.263125,0.304791667,0.167233796,0.083900463,12.77142857,11.8,14.6,86.57142857,78,90,0,1.373015873,103.3337783,Meteostat
18318,NW2,2024-06-18,0,,0,2,0,0,,0,0,6,5,,0,0,0,0,16,,,,0,13,0,0,0,0,1,0,0,9,,,,,,0,2024,56.28338,-132.1039,2024-06-18 21:40:32,2024-06-19 03:59:10,,2024-06-19T01:52:10,18318,Wrangell,foopd1,173,wetland,Pond,1,40,1,25,pond,Alaska,0.262939815,0.304606481,0.17474537,0.091412037,13.97142857,12.6,16.7,84.28571429,74,91,0,1.142857143,106.6837783,Meteostat
18318,NW2,2024-06-19,0,,0,0,0,0,,0,0,0,0,,0,0,0,0,17,,,,0,15,0,0,3,0,1,0,0,7,,,,,,0,2024,56.28338,-132.1039,2024-06-19 21:40:50,2024-06-20 03:59:20,,2024-06-20T02:10:47,18318,Wrangell,foopd1,173,wetland,Pond,1,40,1,25,pond,Alaska,0.262847222,0.304513889,0.187465278,0.104131944,13.51428571,11.5,15.6,83.28571429,70,92,0,1.46031746,111.6837783,Meteostat
18318,NW2,2024-06-20,0,,0,1,0,0,,0,0,0,0,,0,0,0,0,16,,,,0,9,0,0,1,0,1,0,0,8,,,,,,0,2024,56.28338,-132.1039,2024-06-20 21:41:03,2024-06-21 03:59:33,,2024-06-21T02:43:38,18318,Wrangell,foopd1,173,wetland,Pond,1,40,1,25,pond,Alaska,0.262847222,0.304513889,0.210127315,0.126793981,14.14285714,13.3,15.2,74.14285714,68,78,0,0.928571429,116.5837783,Meteostat
18318,NW2,2024-06-21,0,,0,0,0,0,,0,0,0,1,,0,0,0,0,18,,,,0,2,0,0,2,0,2,0,0,4,,,,,,0,2024,56.28338,-132.1039,2024-06-21 21:41:13,2024-06-22 03:59:51,2024-06-21T22:41:26,2024-06-22T03:39:49,18318,Wrangell,foopd1,173,wetland,Pond,1,40,1,25,pond,Alaska,0.262939815,0.304606481,0.207210648,0,13.61428571,12.9,14.1,90.14285714,86,97,0.7,1.015873016,122.5337783,Meteostat
18318,NW2,2024-06-22,0,,0,1,0,0,,0,0,0,0,,0,0,0,0,2,,,,0,2,0,0,3,0,0,0,0,4,,,,,,0,2024,56.28338,-132.1039,2024-06-22 21:41:18,2024-06-23 04:00:12,2024-06-22T23:25:39,,18318,Wrangell,foopd1,173,wetland,Pond,1,40,1,25,pond,Alaska,0.263125,0.304791667,0.190659722,0,12.38571429,11.3,13.6,96.71428571,95,99,0,0.928571429,128.6837783,Meteostat
18318,NW2,2024-06-23,0,,0,0,0,0,,0,0,0,2,,0,0,0,0,2,,,,0,1,0,0,3,0,1,0,0,9,,,,,,0,2024,56.28338,-132.1039,2024-06-23 21:41:19,2024-06-24 04:00:38,2024-06-23T23:51:15,,18318,Wrangell,foopd1,173,wetland,Pond,1,40,1,25,pond,Alaska,0.263414352,0.305081019,0.17318287,0.006898148,12.77142857,12.5,13.2,95.57142857,94,97,0,0.785714286,132.6837783,Meteostat
18318,NW2,2024-06-24,0,,0,1,0,0,,0,0,2,2,,0,0,0,0,10,,,,0,14,0,0,9,0,0,0,0,5,,,,,,0,2024,56.28338,-132.1039,2024-06-24 21:41:17,2024-06-25 04:01:07,2024-06-25T00:06:19,,18318,Wrangell,foopd1,173,wetland,Pond,1,40,1,25,pond,Alaska,0.263773148,0.305439815,0.163055556,0.017384259,13.07142857,12.5,13.7,95,92,97,0,0.571428571,135.0337783,Meteostat
18318,NW2,2024-06-25,0,,1,0,0,0,,0,0,0,1,,0,0,0,0,9,,,,0,41,0,0,19,0,0,0,0,16,,,,,,0,2024,56.28338,-132.1039,2024-06-25 21:41:10,2024-06-26 04:01:40,2024-06-26T00:16:00,,18318,Wrangell,foopd1,173,wetland,Pond,1,40,1,25,pond,Alaska,0.264236111,0.305902778,0.156712963,0.024189815,13.95714286,13.4,14.6,84.85714286,82,88,0,1,138.4337783,Meteostat
18318,NW2,2024-06-26,0,,0,1,0,0,,0,0,1,1,,0,0,0,0,2,,,,0,4,0,0,1,0,1,0,0,2,,,,,,0,2024,56.28338,-132.1039,2024-06-26 21:40:59,2024-06-27 04:02:17,2024-06-27T00:22:59,,18318,Wrangell,foopd1,173,wetland,Pond,1,40,1,25,pond,Alaska,0.264791667,0.306458333,0.152291667,0.029166667,14.6,13,16.4,86,81,91,0,0.5,142.9337783,Meteostat
18318,NW2,2024-06-27,0,,0,0,0,0,,0,0,1,0,,0,0,0,0,3,,,,0,21,0,0,4,0,1,0,0,7,,,,,,0,2024,56.28338,-132.1039,2024-06-27 21:40:44,2024-06-28 04:02:57,2024-06-28T00:28:46,,18318,Wrangell,foopd1,173,wetland,Pond,1,40,1,25,pond,Alaska,0.265428241,0.307094907,0.148738426,0.033356481,14.58571429,12.9,17.4,84.57142857,76,89,0,1.071428571,148.4337783,Meteostat
18318,NW2,2024-06-28,0,,0,0,0,0,,0,0,0,3,,0,0,0,0,1,,,,0,15,0,0,4,0,1,0,0,6,,,,,,0,2024,56.28338,-132.1039,2024-06-28 21:40:25,2024-06-29 04:03:41,2024-06-29T00:34:25,,18318,Wrangell,foopd1,173,wetland,Pond,1,40,1,25,pond,Alaska,0.266157407,0.307824074,0.145324074,0.0375,14.84285714,13.7,15.6,91.85714286,90,93,0.3,0.857142857,154.9337783,Meteostat
18318,NW2,2024-06-29,0,,0,0,0,0,,0,0,0,3,,0,0,0,0,5,,,,0,20,0,0,5,0,0,0,0,4,,,,,,0,2024,56.28338,-132.1039,2024-06-29 21:40:01,2024-06-30 04:04:29,2024-06-30T00:40:55,,18318,Wrangell,foopd1,173,wetland,Pond,1,40,1,25,pond,Alaska,0.266990741,0.308657407,0.141365741,0.042291667,14.11428571,13.6,14.9,93.28571429,90,96,0,1.142857143,159.9337783,Meteostat
18318,NW2,2024-06-30,0,,0,0,0,0,,0,0,0,1,,0,0,0,0,0,,,,0,20,0,0,9,0,0,0,0,9,,,,,,0,2024,56.28338,-132.1039,2024-06-30 21:39:34,2024-07-01 04:05:21,2024-07-01T00:49:31,,18318,Wrangell,foopd1,173,wetland,Pond,1,40,1,25,pond,Alaska,0.267905093,0.309571759,0.13599537,0.048576389,13.32857143,12.9,13.6,87,83,90,0,1.015873016,164.9337783,Meteostat
18318,NW2,2024-07-01,0,,0,0,0,0,,0,0,0,0,,0,0,0,0,2,,,,0,13,0,0,3,0,1,0,0,6,,,,,,0,2024,56.28338,-132.1039,2024-07-01 21:39:03,2024-07-02 04:06:15,2024-07-02T01:02:20,,18318,Wrangell,foopd1,173,wetland,Pond,1,40,1,25,pond,Alaska,0.268888889,0.310555556,0.127719907,0.057835648,12.31428571,12.1,12.7,96,92,97,0.6,1.158730159,169.4337783,Meteostat
18318,NW2,2024-07-02,0,,0,0,0,0,,0,0,0,1,,0,0,0,0,1,,,,0,8,0,0,4,0,1,0,0,6,,,,,,0,2024,56.28338,-132.1039,2024-07-02 21:38:28,2024-07-03 04:07:14,2024-07-03T01:23:12,,18318,Wrangell,foopd1,173,wetland,Pond,1,40,1,25,pond,Alaska,0.269976852,0.311643519,0.113912037,0.072731481,12.75714286,12,13.7,88.28571429,82,93,0,1.071428571,172.9337783,Meteostat
18318,NW2,2024-07-03,0,,0,0,0,0,,0,0,0,0,,0,0,0,0,1,,,,0,9,0,0,0,0,0,0,0,3,,,,,,0,2024,56.28338,-132.1039,2024-07-03 21:37:50,2024-07-04 04:08:15,2024-07-04T01:58:44,,18318,Wrangell,foopd1,173,wetland,Pond,1,40,1,25,pond,Alaska,0.271122685,0.312789352,0.08994213,0.097847222,12.88571429,12.5,13.7,88.57142857,83,91,0,0.857142857,176.4337783,Meteostat
18318,NW2,2024-07-04,0,,0,0,0,0,,0,0,0,0,,0,0,0,0,2,,,,0,3,0,0,2,0,1,0,0,0,,,,,,0,2024,56.28338,-132.1039,2024-07-04 21:37:07,2024-07-05 04:09:20,2024-07-05T02:55:48,2024-07-04T21:49:47,18318,Wrangell,foopd1,173,wetland,Pond,1,40,1,25,pond,Alaska,0.272372685,0.314039352,-0.212511574,0.137974537,12.81428571,11.2,15.2,86.42857143,77,91,0,0.5,179.4837783,Meteostat
18318,NW2,2024-07-05,0,,0,0,0,0,,0,0,0,0,,0,0,0,0,0,,,,0,4,0,0,1,0,1,0,0,1,,,,,,0,2024,56.28338,-132.1039,2024-07-05 21:36:20,2024-07-06 04:10:27,,2024-07-05T22:31:08,18318,Wrangell,foopd1,173,wetland,Pond,1,40,1,25,pond,Alaska,0.27369213,0.315358796,0.038055556,0,13.91428571,12.5,16.2,80.42857143,72,88,0,1.071428571,184.4837783,Meteostat
18318,NW2,2024-07-06,0,,0,0,0,0,,0,0,0,1,,0,0,0,0,1,,,,0,3,0,0,3,0,0,0,0,2,,,,,,0,2024,56.28338,-132.1039,2024-07-06 21:35:30,2024-07-07 04:11:38,,2024-07-06T22:55:04,18318,Wrangell,foopd1,173,wetland,Pond,1,40,1,25,pond,Alaska,0.275092593,0.316759259,0.05525463,0,13.91428571,12.1,17.1,77.28571429,62,86,0,1.158730159,189.5837783,Meteostat
18318,NW2,2024-07-07,0,,0,0,0,0,,0,0,0,0,,0,0,0,0,0,,,,0,7,0,0,2,0,1,0,0,3,,,,,,0,2024,56.28338,-132.1039,2024-07-07 21:34:36,2024-07-08 04:12:52,,2024-07-07T23:09:13,18318,Wrangell,foopd1,173,wetland,Pond,1,40,1,25,pond,Alaska,0.276574074,0.318240741,0.065706019,0,14.32857143,11.9,17.6,80.14285714,68,90,0,0.857142857,194.8837783,Meteostat
18318,NW2,2024-07-08,0,,0,2,0,0,,0,0,0,0,,0,0,0,0,4,,,,0,43,0,0,22,0,1,0,0,8,,,,,,0,2024,56.28338,-132.1039,2024-07-08 21:33:39,2024-07-09 04:14:08,,2024-07-08T23:18:10,18318,Wrangell,foopd1,173,wetland,Pond,1,40,1,25,pond,Alaska,0.278113426,0.319780093,0.072581019,0,15.01428571,12.7,18.7,69.71428571,44,85,0,1.746031746,201.3837783,Meteostat
18318,NW2-Dup,2022-06-21,0,0,0,0,0,0,0,0,0,1,0,0,0,0,0,0,0,0,0,0,0,0,0,0,0,0,0,0,0,1,0,0,0,0,0,0,2022,56.28338,-132.1039,2022-06-21 21:41:09,2022-06-22 03:59:42,2022-06-22T01:29:56,,18318,Wrangell,foopd1,173,wetland,Pond,1,40,1,25,pond,Alaska,0.262881944,0.304548611,0.10400463,0.075543981,8.128571429,8,8.3,96.14285714,93,100,1.3,1.095238095,130.1341203,Meteostat
18318,NW2-Dup,2022-06-22,0,0,0,0,0,0,0,0,0,0,0,0,0,0,0,0,0,0,0,0,0,0,0,0,0,0,0,0,0,1,0,0,0,0,0,0,2022,56.28338,-132.1039,2022-06-22 21:41:16,2022-06-23 04:00:02,2022-06-23T01:37:16,,18318,Wrangell,foopd1,173,wetland,Pond,1,40,1,25,pond,Alaska,0.263032407,0.304699074,0.099143519,0.080555556,9.5,8.9,10,96.28571429,93,100,0,0,130.4234433,Meteostat
18318,NW2-Dup,2022-06-25,0,0,0,0,0,0,0,0,0,0,0,0,0,0,0,0,0,0,0,0,0,0,0,0,0,0,0,0,0,1,0,0,0,0,0,0,2022,56.28338,-132.1039,2022-06-25 21:41:15,2022-06-26 04:01:24,2022-06-26T02:11:52,,18318,Wrangell,foopd1,173,wetland,Pond,1,40,1,25,pond,Alaska,0.263993056,0.305659722,0.076064815,0.104594907,14.14285714,12.8,18.9,80.57142857,56,87,0,1.476190476,138.4552146,Meteostat
18318,SW,2015-07-09,0,0,0,1,0,0,0,0,0,0,0,0,0,0,0,0,0,0,0,0,0,1,0,0,0,0,0,0,0,2,0,0,0,0,0,0,2015,56.2522,-132.06853,2015-07-09 21:33:02,2015-07-10 04:14:25,2015-07-10T00:51:34,,18318,Wrangell,foofr1,65,forest-conifer,,2,70,0,120,creek,Alaska,0.278738426,0.320405093,0.140868056,0.054537037,NA,NA,NA,NA,NA,NA,NA,NA,0,Meteostat
18318,SW,2015-07-10,0,0,0,0,0,0,0,0,0,0,0,0,0,0,0,0,0,0,0,0,0,0,0,0,0,0,0,0,0,2,0,0,0,0,0,0,2015,56.2522,-132.06853,2015-07-10 21:32:00,2015-07-11 04:15:45,2015-07-11T01:22:26,,18318,Wrangell,foofr1,65,forest-conifer,,2,70,0,120,creek,Alaska,0.280381944,0.322048611,0.120358796,0.076689815,NA,NA,NA,NA,NA,NA,NA,NA,0,Meteostat
18318,SW,2015-07-11,0,0,0,0,0,0,0,0,0,1,0,0,0,0,0,0,0,0,0,0,0,0,0,0,0,0,0,0,0,1,0,0,0,0,0,0,2015,56.2522,-132.06853,2015-07-11 21:30:55,2015-07-12 04:17:06,2015-07-12T01:59:01,,18318,Wrangell,foofr1,65,forest-conifer,,2,70,0,120,creek,Alaska,0.282071759,0.323738426,0.095891204,0.102847222,NA,NA,NA,NA,NA,NA,NA,NA,0,Meteostat
18318,SW,2015-07-13,0,0,0,0,0,0,0,0,0,0,0,0,0,0,0,0,0,0,0,0,0,0,0,0,1,0,0,0,0,1,0,0,0,0,0,0,2015,56.2522,-132.06853,2015-07-13 21:28:35,2015-07-14 04:19:58,2015-07-14T03:34:12,,18318,Wrangell,foofr1,65,forest-conifer,,2,70,0,120,creek,Alaska,0.28568287,0.327349537,0.031782407,0.17056713,NA,NA,NA,NA,NA,NA,NA,NA,0,Meteostat
18318,SW,2019-07-16,0,0,0,0,0,0,0,0,0,0,0,0,0,0,0,0,0,0,0,0,0,0,0,0,0,0,0,0,0,1,0,0,0,0,0,0,2019,56.2522,-132.06853,2019-07-16 21:24:41,2019-07-17 04:24:35,2019-07-16T21:36:10,,18318,Wrangell,foofr1,65,forest-conifer,,2,70,0,120,creek,Alaska,0.291597222,0.333263889,0.283622685,0,13.975,13.3,14.4,92.375,89,94,0.6,3.468253968,311.7379099,Meteostat
18318,SW,2019-07-17,0,0,0,0,0,0,0,0,0,0,0,0,0,0,0,0,0,0,0,0,0,0,0,0,0,0,0,0,0,2,0,0,0,0,0,0,2019,56.2522,-132.06853,2019-07-17 21:23:16,2019-07-18 04:26:10,2019-07-17T22:08:52,,18318,Wrangell,foofr1,65,forest-conifer,,2,70,0,120,creek,Alaska,0.293680556,0.335347222,0.262013889,0,13.1375,12.8,13.9,95.625,93,100,0.3,1.022222222,316.4379099,Meteostat
18318,SW,2019-07-19,0,0,0,0,0,0,0,0,0,0,0,0,0,0,0,0,0,0,0,0,0,0,0,0,0,0,0,0,0,1,0,0,0,0,0,0,2019,56.2522,-132.06853,2019-07-19 21:20:19,2019-07-20 04:29:25,2019-07-19T22:53:25,,18318,Wrangell,foofr1,65,forest-conifer,,2,70,0,120,creek,Alaska,0.297986111,0.339652778,0.233333333,0,13.225,12.8,13.9,98.625,93,100,0.8,0.428571429,323.6379099,Meteostat
18318,SW,2019-07-22,0,0,0,0,0,0,0,0,0,0,0,0,0,0,0,0,0,0,0,0,0,0,0,0,0,0,0,0,0,2,0,0,0,0,0,0,2019,56.2522,-132.06853,2019-07-22 21:15:32,2019-07-23 04:34:31,2019-07-22T23:36:58,,18318,Wrangell,foofr1,65,forest-conifer,,2,70,0,120,creek,Alaska,0.304849537,0.346516204,0.206631944,0.014884259,14.7,13,19.4,90.88888889,61,100,1.1,2.948412698,338.0879099,Meteostat
18318,SW,2020-07-06,0,0,0,0,0,0,0,0,0,0,0,0,0,0,0,1,0,0,0,0,0,0,0,0,0,0,0,0,0,2,0,0,0,0,0,0,2020,56.2522,-132.06853,2020-07-06 21:35:08,2020-07-07 04:11:41,2020-07-06T23:04:21,,18318,Wrangell,foofr1,65,forest-conifer,,2,70,0,120,creek,Alaska,0.275381944,0.317048611,0.213425926,0,13.24285714,12.2,14.4,87.57142857,81,93,0,0,152.3710777,Meteostat
18318,SW,2021-07-08,0,0,0,2,0,0,0,0,0,0,0,0,0,0,0,0,0,0,0,0,0,0,0,0,0,0,0,0,0,0,0,0,0,0,0,0,2021,56.2522,-132.06853,2021-07-08 21:33:32,2021-07-09 04:13:51,2021-07-09T03:23:53,,18318,Wrangell,foofr1,65,forest-conifer,,2,70,0,120,creek,Alaska,0.277997685,0.319664352,0.034699074,0.159965278,12.54285714,12,13,97,93,100,5.6,0.416666667,193.0296748,Meteostat
18318,SW,2021-07-09,0,0,0,0,0,0,0,0,0,0,0,0,0,0,0,0,0,0,0,0,0,0,0,0,0,0,0,0,0,1,0,0,0,0,0,0,2021,56.2522,-132.06853,2021-07-09 21:32:32,2021-07-10 04:15:09,,2021-07-09T22:03:20,18318,Wrangell,foofr1,65,forest-conifer,,2,70,0,120,creek,Alaska,0.279594907,0.321261574,0.021388889,0,12.84285714,12,13.3,96.71428571,94,100,3.4,1.257936508,197.1296748,Meteostat
18318,SW1,2022-06-21,0,0,0,0,0,0,0,0,0,0,0,0,0,0,0,0,0,0,0,0,0,0,0,0,0,0,0,0,0,1,0,0,0,0,0,0,2022,56.24715,-132.08598,2022-06-21 21:40:47,2022-06-22 03:59:55,2022-06-22T01:29:54,,18318,Wrangell,fooms1,74,forested wetland,Forest Clearing,25,0,0,68,creek,Alaska,0.263287037,0.304953704,0.104178241,0.075775463,8.128571429,8,8.3,96.14285714,93,100,1.3,1.095238095,130.1341203,Meteostat
18318,SW1,2022-06-22,0,0,0,0,0,0,0,0,0,0,0,0,0,0,0,0,0,0,0,0,0,0,0,0,0,0,0,0,0,2,0,0,0,0,0,0,2022,56.24715,-132.08598,2022-06-22 21:40:55,2022-06-23 04:00:15,2022-06-23T01:37:16,,18318,Wrangell,fooms1,74,forested wetland,Forest Clearing,25,0,0,68,creek,Alaska,0.263425926,0.305092593,0.099293981,0.080798611,9.5,8.9,10,96.28571429,93,100,0,0,130.4234433,Meteostat
18318,SW1,2022-06-28,0,0,0,0,0,0,0,0,0,0,0,0,0,0,0,0,0,0,0,0,0,0,0,0,0,0,0,0,0,1,0,0,0,0,0,0,2022,56.24715,-132.08598,2022-06-28 21:40:15,2022-06-29 04:03:33,2022-06-29T03:55:27,2022-06-28T22:16:06,18318,Wrangell,fooms1,74,forested wetland,Forest Clearing,25,0,0,68,creek,Alaska,0.266180556,0.307847222,-0.235659722,0.177222222,16,15,16.7,84,80,87,0,1.23015873,162.6052146,Meteostat
18318,SW1,2023-06-13,0,0,0,0,0,0,0,0,0,0,0,0,0,0,0,0,1,0,0,0,0,0,0,0,0,0,0,0,0,1,0,0,0,0,0,0,2023,56.24715,-132.08598,2023-06-13 21:37:13,2023-06-14 03:59:47,2023-06-14T02:10:20,,18318,Wrangell,fooms1,74,forested wetland,Forest Clearing,25,0,0,68,creek,Alaska,0.265671296,0.307337963,0.076006944,0.106331019,11.38571429,10,12.9,69.57142857,62,79,0,2.952380952,113.8695645,Meteostat
18318,SW1,2023-06-14,0,0,0,0,0,0,0,0,0,0,2,0,0,0,0,0,0,0,0,0,0,1,0,0,0,0,4,0,0,0,0,0,0,0,0,0,2023,56.24715,-132.08598,2023-06-14 21:37:53,2023-06-15 03:59:33,2023-06-15T02:20:47,,18318,Wrangell,fooms1,74,forested wetland,Forest Clearing,25,0,0,68,creek,Alaska,0.265046296,0.306712963,0.068587963,0.113125,9.571428571,7.6,11.6,77.71428571,71,87,0,1.373015873,115.5555688,Meteostat
18318,SW1,2023-06-19,0,0,0,1,0,0,0,0,0,0,0,0,0,0,0,0,2,0,0,0,0,0,0,0,0,0,1,0,0,5,0,0,0,0,0,0,2023,56.24715,-132.08598,2023-06-19 21:40:16,2023-06-20 03:59:26,,2023-06-19T23:48:47,18318,Wrangell,fooms1,74,forested wetland,Forest Clearing,25,0,0,68,creek,Alaska,0.263310185,0.304976852,0.089247685,0.005914352,16.4,12.2,21.7,58.57142857,38,77,0,1.015873016,125.8563727,Meteostat
18318,SW1,2023-06-20,0,0,0,0,0,0,0,0,0,1,1,0,0,0,0,0,0,0,0,0,0,0,0,0,0,0,0,0,0,0,0,0,0,0,0,0,2023,56.24715,-132.08598,2023-06-20 21:40:33,2023-06-21 03:59:36,,2023-06-21T00:11:34,18318,Wrangell,fooms1,74,forested wetland,Forest Clearing,25,0,0,68,creek,Alaska,0.263229167,0.304895833,0.104872685,0.021539352,14.58571429,12.4,17,75.71428571,64,85,0,1.142857143,133.4563727,Meteostat
18318,SW1,2024-06-14,0,,0,0,0,0,,0,0,0,0,,0,0,0,0,0,,,,0,0,0,0,0,0,1,0,0,0,,,,,,0,2024,56.24715,-132.08598,2024-06-14 21:38:21,2024-06-15 03:59:25,,2024-06-15T01:24:08,18318,Wrangell,fooms1,74,forested wetland,Forest Clearing,25,0,0,68,creek,Alaska,0.26462963,0.306296296,0.156793981,0.073460648,11.82857143,11.2,13.7,79.28571429,71,83,0,0.928571429,92.47403578,Meteostat
18318,SW1,2024-06-15,0,,0,0,0,0,,0,0,0,0,,0,0,0,0,0,,,,0,0,0,0,1,0,0,0,0,0,,,,,,0,2024,56.24715,-132.08598,2024-06-15 21:38:54,2024-06-16 03:59:19,,2024-06-16T01:28:27,18318,Wrangell,fooms1,74,forested wetland,Forest Clearing,25,0,0,68,creek,Alaska,0.264178241,0.305844907,0.159409722,0.076076389,13.11428571,11.3,15.3,78.28571429,72,85,0,1,95.38377827,Meteostat
18318,SW1,2024-06-16,0,,0,0,0,0,,0,0,1,0,,0,0,0,0,0,,,,0,1,0,0,0,0,0,0,0,0,,,,,,0,2024,56.24715,-132.08598,2024-06-16 21:39:24,2024-06-17 03:59:16,,2024-06-17T01:33:45,18318,Wrangell,fooms1,74,forested wetland,Forest Clearing,25,0,0,68,creek,Alaska,0.263796296,0.305462963,0.162743056,0.079409722,12.15714286,10.7,14.9,88.14285714,78,93,0,1.515873016,99.83377827,Meteostat
18318,SW1,2024-06-17,0,,0,0,0,0,,0,0,0,0,,0,0,0,0,0,,,,0,1,0,0,2,0,1,0,0,0,,,,,,0,2024,56.24715,-132.08598,2024-06-17 21:39:49,2024-06-18 03:59:18,,2024-06-18T01:41:06,18318,Wrangell,fooms1,74,forested wetland,Forest Clearing,25,0,0,68,creek,Alaska,0.263530093,0.305196759,0.16755787,0.084224537,12.77142857,11.8,14.6,86.57142857,78,90,0,1.373015873,103.3337783,Meteostat
18318,SW1,2024-06-18,0,,0,0,0,0,,0,0,1,5,,0,0,0,0,0,,,,0,1,0,0,0,0,0,0,0,0,,,,,,0,2024,56.24715,-132.08598,2024-06-18 21:40:11,2024-06-19 03:59:23,,2024-06-19T01:52:21,18318,Wrangell,fooms1,74,forested wetland,Forest Clearing,25,0,0,68,creek,Alaska,0.263333333,0.305,0.175115741,0.091782407,13.97142857,12.6,16.7,84.28571429,74,91,0,1.142857143,106.6837783,Meteostat
18318,SW1,2024-06-19,0,,0,0,0,0,,0,0,1,0,,0,0,0,0,1,,,,0,0,0,0,0,0,1,0,0,0,,,,,,0,2024,56.24715,-132.08598,2024-06-19 21:40:28,2024-06-20 03:59:33,,2024-06-20T02:11:03,18318,Wrangell,fooms1,74,forested wetland,Forest Clearing,25,0,0,68,creek,Alaska,0.263252315,0.304918981,0.187905093,0.104571759,13.51428571,11.5,15.6,83.28571429,70,92,0,1.46031746,111.6837783,Meteostat
18318,SW1,2024-06-20,0,,0,0,0,0,,0,0,0,1,,0,0,0,0,2,,,,0,1,0,0,2,0,0,0,0,0,,,,,,0,2024,56.24715,-132.08598,2024-06-20 21:40:42,2024-06-21 03:59:46,,2024-06-21T02:43:59,18318,Wrangell,fooms1,74,forested wetland,Forest Clearing,25,0,0,68,creek,Alaska,0.263240741,0.304907407,0.210613426,0.127280093,14.14285714,13.3,15.2,74.14285714,68,78,0,0.928571429,116.5837783,Meteostat
18318,SW1,2025-06-09,,,0,,0,0,,0,0,0,0,,0,0,0,0,1,,,,0,0,0,0,0,,0,0,0,1,,,,,,,2025,56.24715,-132.08598,2025-06-09 21:34:23,2025-06-10 04:01:04,,2025-06-10T02:45:16,18318,Wrangell,fooms1,74,forested wetland,Forest Clearing,25,0,0,68,creek,Alaska,0.268530093,0.310196759,0.215891204,0.13255787,8.885714286,8.3,9.4,79.28571429,71,87,0,1.761904762,31.90431963,Meteostat
18318,SW1,2025-06-10,,,0,,0,0,,0,0,1,0,,0,0,0,0,1,,,,0,0,0,0,0,,0,0,0,0,,,,,,,2025,56.24715,-132.08598,2025-06-10 21:35:16,2025-06-11 04:00:37,2025-06-10T22:15:48,2025-06-11T03:19:12,18318,Wrangell,fooms1,74,forested wetland,Forest Clearing,25,0,0,68,creek,Alaska,0.267604167,0.309270833,0.210694444,0,8.085714286,6,10,82.57142857,71,93,0,1.857142857,32.62352842,Meteostat
18318,SW1,2025-06-11,,,0,,0,0,,0,0,1,0,,0,0,0,0,0,,,,0,0,0,0,0,,0,0,0,0,,,,,,,2025,56.24715,-132.08598,2025-06-11 21:36:05,2025-06-12 04:00:13,2025-06-11T23:13:51,,18318,Wrangell,fooms1,74,forested wetland,Forest Clearing,25,0,0,68,creek,Alaska,0.266759259,0.308425926,0.198865741,0,9.157142857,8.3,10,75.42857143,71,82,0,2.011904762,34.64703855,Meteostat
18318,SW1,2025-06-12,,,0,,0,0,,0,0,2,0,,0,0,0,0,0,,,,0,1,0,0,0,,0,0,0,0,,,,,,,2025,56.24715,-132.08598,2025-06-12 21:36:50,2025-06-13 03:59:54,2025-06-12T23:52:13,,18318,Wrangell,fooms1,74,forested wetland,Forest Clearing,25,0,0,68,creek,Alaska,0.266018519,0.307685185,0.172002315,0.01068287,8.242857143,7.2,9.4,78.42857143,71,87,0,2.293650794,36.33828411,Meteostat
18318,SW1,2025-06-13,,,0,,0,0,,0,0,0,1,,0,0,0,0,0,,,,0,0,0,0,0,,0,0,0,0,,,,,,,2025,56.24715,-132.08598,2025-06-13 21:37:32,2025-06-14 03:59:38,2025-06-14T00:15:26,,18318,Wrangell,fooms1,74,forested wetland,Forest Clearing,25,0,0,68,creek,Alaska,0.265347222,0.307013889,0.155694444,0.026319444,7.985714286,7,10,78.42857143,66,93,0,1.920634921,37.00409413,Meteostat
18318,SW1,2025-06-14,,,1,,0,0,,0,0,0,0,,0,0,0,0,0,,,,0,4,0,0,0,,1,0,0,2,,,,,,,2025,56.24715,-132.08598,2025-06-14 21:38:11,2025-06-15 03:59:26,2025-06-15T00:29:42,,18318,Wrangell,fooms1,74,forested wetland,Forest Clearing,25,0,0,68,creek,Alaska,0.264756944,0.306423611,0.145648148,0.035775463,10.58571429,9,13,74.71428571,63,82,0,1.797619048,39.2983203,Meteostat
18318,SW1,2025-06-15,,,0,,0,0,,0,0,0,0,,0,0,0,0,0,,,,0,1,0,0,0,,0,0,0,1,,,,,,,2025,56.24715,-132.08598,2025-06-15 21:38:45,2025-06-16 03:59:19,2025-06-16T00:39:07,,18318,Wrangell,fooms1,74,forested wetland,Forest Clearing,25,0,0,68,creek,Alaska,0.264282407,0.305949074,0.139027778,0.041921296,12.2,11.1,13.9,78.57142857,67,88,0.8,1.992063492,42.90520972,Meteostat
18318,SW1,2025-06-16,,,0,,0,0,,0,0,0,1,,0,0,0,0,0,,,,0,0,0,0,0,,2,0,0,0,,,,,,,2025,56.24715,-132.08598,2025-06-16 21:39:16,2025-06-17 03:59:15,2025-06-17T00:45:57,,18318,Wrangell,fooms1,74,forested wetland,Forest Clearing,25,0,0,68,creek,Alaska,0.263877315,0.305543981,0.134236111,0.04630787,10.62857143,10,11.7,81.85714286,72,87,0,2.075396825,46.44996788,Meteostat
18318,SW2,2022-06-16,0,0,0,0,0,0,0,0,0,0,1,0,0,0,0,0,0,0,0,0,0,0,0,0,0,0,0,0,0,0,0,0,0,0,0,0,2022,56.25236,-132.06925,2022-06-16 21:39:08,2022-06-17 03:59:11,2022-06-17T00:31:21,,18318,Wrangell,foofr2,52,forest-conifer,Muskeg Edge,2,0,0,150,creek,Alaska,0.263923611,0.305590278,0.144328704,0.036261574,13.84285714,11.7,17.2,75.71428571,56,86,0,1.78968254,110.9498418,Meteostat
18318,SW2,2022-06-17,0,0,0,0,0,0,0,0,0,1,1,0,0,0,0,0,1,0,0,0,0,8,0,0,1,0,1,0,0,3,0,0,0,0,0,0,2022,56.25236,-132.06925,2022-06-17 21:39:35,2022-06-18 03:59:11,2022-06-18T00:52:01,,18318,Wrangell,foofr2,52,forest-conifer,Muskeg Edge,2,0,0,150,creek,Alaska,0.263611111,0.305277778,0.129976852,0.050300926,11.35714286,10,13.3,90.14285714,84,96,0,0.801587302,117.5998418,Meteostat
18318,SW2,2022-06-18,0,0,0,4,0,0,0,0,0,0,0,0,0,0,0,0,0,0,0,0,0,0,0,0,0,0,0,0,0,2,0,0,0,0,0,0,2022,56.25236,-132.06925,2022-06-18 21:39:59,2022-06-19 03:59:14,2022-06-19T01:05:22,,18318,Wrangell,foofr2,52,forest-conifer,Muskeg Edge,2,0,0,150,creek,Alaska,0.263368056,0.305034722,0.120740741,0.059293981,11.34285714,10.5,13,81.42857143,77,90,0,2.146825397,122.8998418,Meteostat
18318,SW2,2022-06-19,0,0,0,0,0,0,0,0,0,1,0,0,0,0,0,0,0,0,0,0,0,0,0,0,0,0,0,0,0,3,0,0,0,0,0,0,2022,56.25236,-132.06925,2022-06-19 21:40:18,2022-06-20 03:59:22,2022-06-20T01:14:58,,18318,Wrangell,foofr2,52,forest-conifer,Muskeg Edge,2,0,0,150,creek,Alaska,0.263240741,0.304907407,0.114166667,0.065740741,11.17142857,11,11.9,88.57142857,83,94,0,2.583333333,126.4998418,Meteostat
18318,SW2,2022-06-21,0,0,0,0,0,0,0,0,0,0,0,0,0,0,0,0,0,0,0,0,0,0,0,0,0,0,0,0,0,12,0,0,0,0,0,0,2022,56.25236,-132.06925,2022-06-21 21:40:46,2022-06-22 03:59:49,2022-06-22T01:29:49,,18318,Wrangell,foofr2,52,forest-conifer,Muskeg Edge,2,0,0,150,creek,Alaska,0.263229167,0.304895833,0.104166667,0.075729167,8.128571429,8,8.3,96.14285714,93,100,1.3,1.095238095,130.1341203,Meteostat
18318,SW2,2022-06-25,0,0,0,0,0,0,0,0,0,1,0,0,0,0,0,0,0,0,0,0,0,0,0,0,0,0,0,0,0,0,0,0,0,0,0,0,2022,56.25236,-132.06925,2022-06-25 21:40:52,2022-06-26 04:01:30,2022-06-26T02:11:57,,18318,Wrangell,foofr2,52,forest-conifer,Muskeg Edge,2,0,0,150,creek,Alaska,0.264328704,0.30599537,0.076076389,0.104918981,14.14285714,12.8,18.9,80.57142857,56,87,0,1.476190476,138.4552146,Meteostat
18318,SW2,2022-06-26,0,0,0,0,0,0,0,0,0,0,0,0,0,0,0,0,0,0,0,0,0,0,0,0,0,0,0,0,0,2,0,0,0,0,0,0,2022,56.25236,-132.06925,2022-06-26 21:40:43,2022-06-27 04:02:05,2022-06-27T02:34:11,,18318,Wrangell,foofr2,52,forest-conifer,Muskeg Edge,2,0,0,150,creek,Alaska,0.264837963,0.30650463,0.061041667,0.120462963,14.22857143,12.8,17.2,71.42857143,65,77,0,1.436507937,145.9552146,Meteostat
18318,SW2,2022-06-28,0,0,0,0,0,0,0,0,0,0,0,0,0,0,0,0,1,0,0,0,0,0,0,0,0,0,0,0,0,0,0,0,0,0,0,0,2022,56.25236,-132.06925,2022-06-28 21:40:13,2022-06-29 04:03:26,2022-06-29T03:55:19,2022-06-28T22:16:05,18318,Wrangell,foofr2,52,forest-conifer,Muskeg Edge,2,0,0,150,creek,Alaska,0.266122685,0.307789352,-0.235578704,0.177152778,16,15,16.7,84,80,87,0,1.23015873,162.6052146,Meteostat
18318,SW2,2022-06-29,0,0,0,0,0,0,0,0,0,0,1,0,0,0,0,0,0,0,0,0,0,0,0,0,0,0,0,0,0,0,0,0,0,0,0,0,2022,56.25236,-132.06925,2022-06-29 21:39:53,2022-06-30 04:04:12,,2022-06-29T22:57:45,18318,Wrangell,foofr2,52,forest-conifer,Muskeg Edge,2,0,0,150,creek,Alaska,0.266886574,0.308553241,0.054074074,0,12.88571429,12.2,13.9,93.14285714,87,96,0,0.214285714,171.2052146,Meteostat
18318,SW2,2023-06-13,0,0,0,0,0,0,0,0,0,0,1,0,0,0,0,0,0,0,0,0,0,0,0,0,0,0,0,0,0,1,0,0,0,0,0,0,2023,56.25236,-132.06925,2023-06-13 21:37:11,2023-06-14 03:59:40,2023-06-14T02:10:15,,18318,Wrangell,foofr2,52,forest-conifer,Muskeg Edge,2,0,0,150,creek,Alaska,0.265613426,0.307280093,0.075983796,0.106296296,11.38571429,10,12.9,69.57142857,62,79,0,2.952380952,113.8695645,Meteostat
18318,SW2,2023-06-14,0,0,0,1,0,0,0,0,0,0,2,0,0,0,0,0,0,0,0,0,0,0,0,0,0,0,0,0,0,0,0,0,0,0,0,0,2023,56.25236,-132.06925,2023-06-14 21:37:51,2023-06-15 03:59:27,2023-06-15T02:20:41,,18318,Wrangell,foofr2,52,forest-conifer,Muskeg Edge,2,0,0,150,creek,Alaska,0.265,0.306666667,0.068587963,0.113078704,9.571428571,7.6,11.6,77.71428571,71,87,0,1.373015873,115.5555688,Meteostat
18318,SW2,2023-06-15,0,0,0,0,0,0,0,0,0,0,2,0,0,0,0,0,0,0,0,0,0,0,0,0,0,0,1,0,0,3,0,0,0,0,0,0,2023,56.25236,-132.06925,2023-06-15 21:38:28,2023-06-16 03:59:17,2023-06-16T02:36:01,,18318,Wrangell,foofr2,52,forest-conifer,Muskeg Edge,2,0,0,150,creek,Alaska,0.264456019,0.306122685,0.057824074,0.123298611,11.67142857,11.4,12.1,90.28571429,86,93,4.2,2.19047619,118.2183864,Meteostat
18318,SW2,2023-06-16,0,0,0,0,0,0,0,0,0,0,1,0,0,0,0,0,0,0,0,0,0,0,0,0,0,0,0,0,0,0,0,0,0,0,0,0,2023,56.25236,-132.06925,2023-06-16 21:39:01,2023-06-17 03:59:12,2023-06-17T02:59:56,,18318,Wrangell,foofr2,52,forest-conifer,Muskeg Edge,2,0,0,150,creek,Alaska,0.264016204,0.30568287,0.041157407,0.139525463,8.242857143,7.6,9,94.14285714,91,97,2.6,1.142857143,118.8215638,Meteostat
18318,SW2,2023-06-18,0,0,0,0,0,0,0,0,0,0,0,0,0,0,0,0,0,0,0,0,0,0,0,0,0,0,0,0,0,1,0,0,0,0,0,0,2023,56.25236,-132.06925,2023-06-18 21:39:54,2023-06-19 03:59:13,,2023-06-18T23:12:12,18318,Wrangell,foofr2,52,forest-conifer,Muskeg Edge,2,0,0,150,creek,Alaska,0.263414352,0.305081019,0.064097222,0,12.84285714,10.1,16.7,79,64,90,0,0.785714286,120.5795319,Meteostat
18318,SW2,2023-06-19,0,0,0,0,0,0,0,0,0,1,5,0,0,0,0,0,0,0,0,0,0,0,0,0,0,0,2,0,0,5,0,0,0,0,0,0,2023,56.25236,-132.06925,2023-06-19 21:40:15,2023-06-20 03:59:19,,2023-06-19T23:48:46,18318,Wrangell,foofr2,52,forest-conifer,Muskeg Edge,2,0,0,150,creek,Alaska,0.263240741,0.304907407,0.089247685,0.005914352,16.4,12.2,21.7,58.57142857,38,77,0,1.015873016,125.8563727,Meteostat
18318,SW2,2023-06-20,0,0,0,0,0,0,0,0,0,1,1,0,0,0,0,0,0,0,0,0,0,0,0,0,0,0,0,0,0,0,0,0,0,0,0,0,2023,56.25236,-132.06925,2023-06-20 21:40:32,2023-06-21 03:59:30,,2023-06-21T00:11:32,18318,Wrangell,foofr2,52,forest-conifer,Muskeg Edge,2,0,0,150,creek,Alaska,0.263171296,0.304837963,0.104861111,0.021527778,14.58571429,12.4,17,75.71428571,64,85,0,1.142857143,133.4563727,Meteostat
18318,SW2,2024-06-12,0,,0,0,0,0,,0,0,0,0,,0,0,0,0,0,,,,0,0,0,0,2,0,0,0,0,0,,,,,,0,2024,56.25236,-132.06925,2024-06-12 21:37:01,2024-06-13 03:59:44,,2024-06-13T01:15:39,18318,Wrangell,foofr2,52,forest-conifer,Muskeg Edge,2,0,0,150,creek,Alaska,0.265775463,0.30744213,0.151828704,0.06849537,9.428571429,8.3,11.9,83.14285714,74,90,0,0.857142857,87.94134559,Meteostat
18318,SW2,2024-06-13,0,,0,0,0,0,,0,0,0,1,,0,0,0,0,0,,,,0,0,0,0,4,0,0,0,0,0,,,,,,0,2024,56.25236,-132.06925,2024-06-13 21:37:42,2024-06-14 03:59:29,,2024-06-14T01:20:02,18318,Wrangell,foofr2,52,forest-conifer,Muskeg Edge,2,0,0,150,creek,Alaska,0.265127315,0.306793981,0.154398148,0.071064815,9.571428571,8,10.9,88.85714286,83,93,0,0.714285714,89.49843716,Meteostat
18318,SW2,2024-06-14,0,,0,0,0,0,,0,0,0,0,,0,0,0,0,1,,,,0,3,0,0,0,0,4,0,0,0,,,,,,0,2024,56.25236,-132.06925,2024-06-14 21:38:19,2024-06-15 03:59:19,,2024-06-15T01:24:04,18318,Wrangell,foofr2,52,forest-conifer,Muskeg Edge,2,0,0,150,creek,Alaska,0.264583333,0.30625,0.156770833,0.0734375,11.82857143,11.2,13.7,79.28571429,71,83,0,0.928571429,92.47403578,Meteostat
18318,SW2,2024-06-15,0,,0,1,0,0,,0,0,0,3,,0,0,0,0,0,,,,0,3,0,0,3,0,0,0,0,0,,,,,,0,2024,56.25236,-132.06925,2024-06-15 21:38:53,2024-06-16 03:59:12,,2024-06-16T01:28:22,18318,Wrangell,foofr2,52,forest-conifer,Muskeg Edge,2,0,0,150,creek,Alaska,0.264108796,0.305775463,0.159363426,0.076030093,13.11428571,11.3,15.3,78.28571429,72,85,0,1,95.38377827,Meteostat
18318,SW2,2024-06-16,0,,0,0,0,0,,0,0,0,3,,0,0,0,0,1,,,,0,1,0,0,1,0,4,0,0,0,,,,,,0,2024,56.25236,-132.06925,2024-06-16 21:39:22,2024-06-17 03:59:10,,2024-06-17T01:33:40,18318,Wrangell,foofr2,52,forest-conifer,Muskeg Edge,2,0,0,150,creek,Alaska,0.26375,0.305416667,0.162708333,0.079375,12.15714286,10.7,14.9,88.14285714,78,93,0,1.515873016,99.83377827,Meteostat
18318,SW2,2024-06-17,0,,0,0,0,0,,0,0,0,3,,0,0,0,0,2,,,,0,0,0,0,2,0,0,0,0,0,,,,,,0,2024,56.25236,-132.06925,2024-06-17 21:39:48,2024-06-18 03:59:11,,2024-06-18T01:41:01,18318,Wrangell,foofr2,52,forest-conifer,Muskeg Edge,2,0,0,150,creek,Alaska,0.263460648,0.305127315,0.167511574,0.084178241,12.77142857,11.8,14.6,86.57142857,78,90,0,1.373015873,103.3337783,Meteostat
18318,SW2,2024-06-18,0,,0,0,0,0,,0,0,0,1,,0,0,0,0,1,,,,0,1,0,0,1,0,2,0,0,0,,,,,,0,2024,56.25236,-132.06925,2024-06-18 21:40:09,2024-06-19 03:59:17,,2024-06-19T01:52:15,18318,Wrangell,foofr2,52,forest-conifer,Muskeg Edge,2,0,0,150,creek,Alaska,0.263287037,0.304953704,0.175069444,0.091736111,13.97142857,12.6,16.7,84.28571429,74,91,0,1.142857143,106.6837783,Meteostat
18318,SW2,2024-06-19,0,,0,0,0,0,,0,0,0,0,,0,0,0,0,0,,,,0,1,0,0,1,0,0,0,0,0,,,,,,0,2024,56.25236,-132.06925,2024-06-19 21:40:27,2024-06-20 03:59:26,,2024-06-20T02:10:56,18318,Wrangell,foofr2,52,forest-conifer,Muskeg Edge,2,0,0,150,creek,Alaska,0.26318287,0.304849537,0.187835648,0.104502315,13.51428571,11.5,15.6,83.28571429,70,92,0,1.46031746,111.6837783,Meteostat
18318,SW2,2024-06-20,0,,0,0,0,0,,0,0,0,1,,0,0,0,0,0,,,,0,2,0,0,0,0,0,0,0,0,,,,,,0,2024,56.25236,-132.06925,2024-06-20 21:40:40,2024-06-21 03:59:40,,2024-06-21T02:43:52,18318,Wrangell,foofr2,52,forest-conifer,Muskeg Edge,2,0,0,150,creek,Alaska,0.263194444,0.304861111,0.210555556,0.127222222,14.14285714,13.3,15.2,74.14285714,68,78,0,0.928571429,116.5837783,Meteostat
18318,SW2,2024-06-22,0,,0,0,0,0,,0,0,0,1,,0,0,0,0,0,,,,0,1,0,0,2,0,0,0,0,0,,,,,,0,2024,56.25236,-132.06925,2024-06-22 21:40:55,2024-06-23 04:00:19,2024-06-22T23:25:10,,18318,Wrangell,foofr2,52,forest-conifer,Muskeg Edge,2,0,0,150,creek,Alaska,0.263472222,0.305138889,0.191076389,0,12.38571429,11.3,13.6,96.71428571,95,99,0,0.928571429,128.6837783,Meteostat
18318,SW2,2024-06-24,0,,0,0,0,0,,0,0,0,1,,0,0,0,0,0,,,,0,0,0,0,2,0,2,0,0,0,,,,,,0,2024,56.25236,-132.06925,2024-06-24 21:40:54,2024-06-25 04:01:13,2024-06-25T00:06:00,,18318,Wrangell,foofr2,52,forest-conifer,Muskeg Edge,2,0,0,150,creek,Alaska,0.264108796,0.305775463,0.163344907,0.017430556,13.07142857,12.5,13.7,95,92,97,0,0.571428571,135.0337783,Meteostat
18318,SW2,2024-06-25,0,,0,0,0,0,,0,0,0,1,,0,0,0,0,0,,,,0,1,0,0,0,0,1,0,0,0,,,,,,0,2024,56.25236,-132.06925,2024-06-25 21:40:47,2024-06-26 04:01:46,2024-06-26T00:15:45,,18318,Wrangell,foofr2,52,forest-conifer,Muskeg Edge,2,0,0,150,creek,Alaska,0.264571759,0.306238426,0.156956019,0.024282407,13.95714286,13.4,14.6,84.85714286,82,88,0,1,138.4337783,Meteostat
18318,SW2,2024-06-26,0,,0,0,0,0,,0,0,0,2,,0,0,0,0,0,,,,0,1,0,0,0,0,2,0,0,0,,,,,,0,2024,56.25236,-132.06925,2024-06-26 21:40:36,2024-06-27 04:02:23,2024-06-27T00:22:47,,18318,Wrangell,foofr2,52,forest-conifer,Muskeg Edge,2,0,0,150,creek,Alaska,0.265127315,0.306793981,0.1525,0.029293981,14.6,13,16.4,86,81,91,0,0.5,142.9337783,Meteostat
18318,SW2,2024-06-27,0,,0,0,0,0,,0,0,0,0,,0,0,0,0,0,,,,0,0,0,0,1,0,0,0,0,0,,,,,,0,2024,56.25236,-132.06925,2024-06-27 21:40:21,2024-06-28 04:03:03,2024-06-28T00:28:37,,18318,Wrangell,foofr2,52,forest-conifer,Muskeg Edge,2,0,0,150,creek,Alaska,0.265763889,0.307430556,0.148912037,0.033518519,14.58571429,12.9,17.4,84.57142857,76,89,0,1.071428571,148.4337783,Meteostat
18318,SW2,2024-06-28,0,,0,0,0,0,,0,0,0,0,,0,0,0,0,0,,,,0,0,0,0,1,0,3,0,0,0,,,,,,0,2024,56.25236,-132.06925,2024-06-28 21:40:02,2024-06-29 04:03:47,2024-06-29T00:34:19,,18318,Wrangell,foofr2,52,forest-conifer,Muskeg Edge,2,0,0,150,creek,Alaska,0.266493056,0.308159722,0.145462963,0.037696759,14.84285714,13.7,15.6,91.85714286,90,93,0.3,0.857142857,154.9337783,Meteostat
18318,SW2,2024-06-29,0,,0,0,0,0,,0,0,1,0,,0,0,0,0,0,,,,0,0,0,0,1,0,0,0,0,0,,,,,,0,2024,56.25236,-132.06925,2024-06-29 21:39:39,2024-06-30 04:04:35,2024-06-30T00:40:52,,18318,Wrangell,foofr2,52,forest-conifer,Muskeg Edge,2,0,0,150,creek,Alaska,0.267314815,0.308981481,0.141469907,0.042511574,14.11428571,13.6,14.9,93.28571429,90,96,0,1.142857143,159.9337783,Meteostat
18318,SW2,2024-06-30,0,,0,0,0,0,,0,0,0,1,,0,0,0,0,0,,,,0,0,0,0,1,0,2,0,0,0,,,,,,0,2024,56.25236,-132.06925,2024-06-30 21:39:12,2024-07-01 04:05:27,2024-07-01T00:49:32,,18318,Wrangell,foofr2,52,forest-conifer,Muskeg Edge,2,0,0,150,creek,Alaska,0.268229167,0.309895833,0.136053241,0.048842593,13.32857143,12.9,13.6,87,83,90,0,1.015873016,164.9337783,Meteostat
18318,SW2,2024-07-01,0,,0,0,0,0,,0,0,0,0,,0,0,0,0,0,,,,0,0,0,0,1,0,0,0,0,0,,,,,,0,2024,56.25236,-132.06925,2024-07-01 21:38:41,2024-07-02 04:06:21,2024-07-02T01:02:24,,18318,Wrangell,foofr2,52,forest-conifer,Muskeg Edge,2,0,0,150,creek,Alaska,0.269212963,0.31087963,0.127743056,0.058136574,12.31428571,12.1,12.7,96,92,97,0.6,1.158730159,169.4337783,Meteostat
18318,SW2,2024-07-02,0,,0,0,0,0,,0,0,0,0,,0,0,0,0,0,,,,0,1,0,0,1,0,0,0,0,0,,,,,,0,2024,56.25236,-132.06925,2024-07-02 21:38:06,2024-07-03 04:07:19,2024-07-03T01:23:21,,18318,Wrangell,foofr2,52,forest-conifer,Muskeg Edge,2,0,0,150,creek,Alaska,0.270289352,0.311956019,0.113865741,0.073090278,12.75714286,12,13.7,88.28571429,82,93,0,1.071428571,172.9337783,Meteostat
18318,SW2,2025-06-09,,,0,,0,0,,0,0,0,0,,0,0,0,0,0,,,,0,0,0,0,0,,0,0,0,1,,,,,,,2025,56.25236,-132.06925,2025-06-09 21:34:21,2025-06-10 04:00:58,,2025-06-10T02:45:09,18318,Wrangell,foofr2,52,forest-conifer,Muskeg Edge,2,0,0,150,creek,Alaska,0.268483796,0.310150463,0.215833333,0.1325,8.885714286,8.3,9.4,79.28571429,71,87,0,1.761904762,31.90431963,Meteostat
18318,SW2,2025-06-10,,,0,,0,0,,0,0,1,0,,0,0,0,0,0,,,,0,0,0,0,0,,1,0,0,3,,,,,,,2025,56.25236,-132.06925,2025-06-10 21:35:14,2025-06-11 04:00:30,2025-06-10T22:15:48,2025-06-11T03:19:04,18318,Wrangell,foofr2,52,forest-conifer,Muskeg Edge,2,0,0,150,creek,Alaska,0.267546296,0.309212963,0.210601852,0,8.085714286,6,10,82.57142857,71,93,0,1.857142857,32.62352842,Meteostat
18318,SW2,2025-06-11,,,0,,0,0,,0,0,1,0,,0,0,0,0,0,,,,0,1,0,0,1,,5,0,0,1,,,,,,,2025,56.25236,-132.06925,2025-06-11 21:36:03,2025-06-12 04:00:07,2025-06-11T23:13:51,,18318,Wrangell,foofr2,52,forest-conifer,Muskeg Edge,2,0,0,150,creek,Alaska,0.266712963,0.30837963,0.198796296,0,9.157142857,8.3,10,75.42857143,71,82,0,2.011904762,34.64703855,Meteostat
18318,SW2,2025-06-12,,,1,,0,0,,0,0,0,0,,0,0,0,0,1,,,,0,0,0,0,0,,0,0,0,0,,,,,,,2025,56.25236,-132.06925,2025-06-12 21:36:49,2025-06-13 03:59:47,2025-06-12T23:52:12,,18318,Wrangell,foofr2,52,forest-conifer,Muskeg Edge,2,0,0,150,creek,Alaska,0.265949074,0.307615741,0.17193287,0.01068287,8.242857143,7.2,9.4,78.42857143,71,87,0,2.293650794,36.33828411,Meteostat
18318,SW2,2025-06-13,,,0,,0,0,,0,0,0,0,,0,0,0,0,2,,,,0,1,0,0,0,,1,0,0,1,,,,,,,2025,56.25236,-132.06925,2025-06-13 21:37:31,2025-06-14 03:59:31,2025-06-14T00:15:25,,18318,Wrangell,foofr2,52,forest-conifer,Muskeg Edge,2,0,0,150,creek,Alaska,0.265277778,0.306944444,0.155625,0.026319444,7.985714286,7,10,78.42857143,66,93,0,1.920634921,37.00409413,Meteostat
18318,SW2,2025-06-14,,,0,,0,0,,0,0,11,1,,0,0,0,0,2,,,,0,0,0,0,0,,1,0,0,4,,,,,,,2025,56.25236,-132.06925,2025-06-14 21:38:09,2025-06-15 03:59:20,2025-06-15T00:29:40,,18318,Wrangell,foofr2,52,forest-conifer,Muskeg Edge,2,0,0,150,creek,Alaska,0.264710648,0.306377315,0.145601852,0.035775463,10.58571429,9,13,74.71428571,63,82,0,1.797619048,39.2983203,Meteostat
18318,SW2,2025-06-15,,,0,,0,0,,0,0,7,0,,0,0,0,0,0,,,,0,0,0,0,1,,1,0,1,3,,,,,,,2025,56.25236,-132.06925,2025-06-15 21:38:43,2025-06-16 03:59:12,2025-06-16T00:39:04,,18318,Wrangell,foofr2,52,forest-conifer,Muskeg Edge,2,0,0,150,creek,Alaska,0.264224537,0.305891204,0.138981481,0.041909722,12.2,11.1,13.9,78.57142857,67,88,0.8,1.992063492,42.90520972,Meteostat
18318,SW2,2025-06-16,,,0,,0,0,,0,0,1,0,,0,0,0,0,1,,,,0,1,0,0,0,,2,0,0,1,,,,,,,2025,56.25236,-132.06925,2025-06-16 21:39:14,2025-06-17 03:59:09,2025-06-17T00:45:54,,18318,Wrangell,foofr2,52,forest-conifer,Muskeg Edge,2,0,0,150,creek,Alaska,0.263831019,0.305497685,0.134201389,0.046296296,10.62857143,10,11.7,81.85714286,72,87,0,2.075396825,46.44996788,Meteostat
18318,Transects,2015-07-10,0,0,0,0,0,0,0,0,0,0,0,0,0,0,0,0,0,0,0,0,0,0,0,0,1,0,0,0,0,3,0,0,0,0,0,0,2015,56.2452,-132.09366,2015-07-10 21:32:03,2015-07-11 04:15:54,2015-07-11T01:22:34,,18318,Wrangell,,,,,,,,,,Alaska,0.280451389,0.322118056,0.12037037,0.076747685,NA,NA,NA,NA,NA,NA,NA,NA,0,Meteostat
18318,Transects,2020-07-05,1,0,0,0,0,0,0,0,0,0,0,0,0,0,0,0,3,0,0,0,0,1,0,0,2,0,0,0,0,6,0,0,0,0,0,0,2020,56.2452,-132.09366,2020-07-05 21:36:01,2020-07-06 04:10:40,2020-07-05T22:31:39,,18318,Wrangell,,,,,,,,,,Alaska,0.2740625,0.315729167,0.235428241,0,12.77142857,12.2,14.4,90.57142857,78,97,0,0,148.7710777,Meteostat
18318,Transects,2020-07-06,0,0,0,0,0,0,0,0,0,0,0,0,0,0,0,0,3,0,0,0,0,2,0,0,5,0,0,0,0,3,0,0,0,0,0,0,2020,56.2452,-132.09366,2020-07-06 21:35:11,2020-07-07 04:11:50,2020-07-06T23:04:25,,18318,Wrangell,,,,,,,,,,Alaska,0.275451389,0.317118056,0.213483796,0,13.24285714,12.2,14.4,87.57142857,81,93,0,0,152.3710777,Meteostat
18318,Transects,2022-06-17,0,0,0,0,0,0,0,0,0,2,2,0,0,0,0,0,0,0,0,0,0,4,0,0,0,0,1,0,0,13,0,0,0,0,0,0,2022,56.2452,-132.09366,2022-06-17 21:39:38,2022-06-18 03:59:20,2022-06-18T00:52:05,,18318,Wrangell,,,,,,,,,,Alaska,0.263680556,0.305347222,0.130034722,0.0503125,11.35714286,10,13.3,90.14285714,84,96,0,0.801587302,117.5998418,Meteostat
18318,Transects,2022-06-28,0,0,0,0,0,0,0,0,0,0,0,0,0,0,0,0,0,0,0,0,0,0,0,0,0,0,0,0,0,17,0,0,0,0,0,0,2022,56.2452,-132.09366,2022-06-28 21:40:16,2022-06-29 04:03:35,2022-06-29T03:55:30,2022-06-28T22:16:07,18318,Wrangell,,,,,,,,,,Alaska,0.26619213,0.307858796,-0.23568287,0.17724537,16,15,16.7,84,80,87,0,1.23015873,162.6052146,Meteostat
18318,Transects,2023-06-22,0,0,0,7,0,0,0,0,0,1,1,0,0,0,0,0,2,0,0,0,0,4,0,0,0,0,7,0,0,7,0,0,0,0,0,0,2023,56.2452,-132.09366,2023-06-22 21:40:55,2023-06-23 04:00:12,,2023-06-23T00:35:45,18318,Wrangell,,,,,,,,,,Alaska,0.263391204,0.30505787,0.121412037,0.038078704,14.98571429,14,15.9,81.28571429,78,86,0,0.428571429,147.0563727,Meteostat
18318,Transects,2023-06-23,0,0,0,3,0,0,0,0,0,0,1,0,0,0,0,0,2,0,0,0,0,4,0,0,0,0,8,0,0,6,0,0,0,0,0,0,2023,56.2452,-132.09366,2023-06-23 21:41:00,2023-06-24 04:00:35,,2023-06-24T00:42:49,18318,Wrangell,,,,,,,,,,Alaska,0.263599537,0.305266204,0.126261574,0.042928241,15.94285714,13.8,17.9,82.42857143,77,87,1.3,0.714285714,151.9563727,Meteostat
18318,Transects,2024-06-25,0,,0,0,0,0,,0,0,0,0,,0,0,0,0,0,,,,0,4,0,0,2,0,6,0,0,0,,,,,,0,2024,56.2452,-132.09366,2024-06-25 21:40:49,2024-06-26 04:01:55,2024-06-26T00:15:49,,18318,Wrangell,,,,,,,,,,Alaska,0.264652778,0.306319444,0.157013889,0.024305556,13.95714286,13.4,14.6,84.85714286,82,88,0,1,138.4337783,Meteostat
18318,Transects,2024-06-27,0,,0,0,0,0,,1,0,0,0,,0,0,0,0,1,,,,0,2,0,0,3,0,5,0,0,0,,,,,,0,2024,56.2452,-132.09366,2024-06-27 21:40:23,2024-06-28 04:03:12,2024-06-28T00:28:43,,18318,Wrangell,,,,,,,,,,Alaska,0.265844907,0.307511574,0.148946759,0.033564815,14.58571429,12.9,17.4,84.57142857,76,89,0,1.071428571,148.4337783,Meteostat
18318,Transects,2025-06-10,,,4,,0,0,,0,0,5,0,,0,0,0,0,1,,,,0,1,0,0,5,,3,0,0,0,,,,,,,2025,56.2452,-132.09366,2025-06-10 21:35:16,2025-06-11 04:00:40,2025-06-10T22:15:49,2025-06-11T03:19:15,18318,Wrangell,,,,,,,,,,Alaska,0.267638889,0.309305556,0.210717593,0,8.085714286,6,10,82.57142857,71,93,0,1.857142857,32.62352842,Meteostat
18318,Transects,2025-06-11,,,1,,0,0,,0,0,10,0,,0,0,0,1,5,,,,0,4,0,0,14,,0,0,0,0,,,,,,,2025,56.2452,-132.09366,2025-06-11 21:36:06,2025-06-12 04:00:16,2025-06-11T23:13:52,,18318,Wrangell,,,,,,,,,,Alaska,0.266782407,0.308449074,0.198888889,0,9.157142857,8.3,10,75.42857143,71,82,0,2.011904762,34.64703855,Meteostat
24782,NE,2015-07-09,0,0,0,4,0,0,0,0,0,0,1,0,0,0,0,8,0,0,0,0,0,0,0,0,0,0,0,0,0,3,0,0,0,0,0,0,2015,56.92286,-133.73519,2015-07-09 21:44:36,2015-07-10 04:16:11,2015-07-10T00:56:28,,24782,,kakfr1,84,forest-conifer,,0,70,1,3,creek,Alaska,0.27193287,0.313599537,0.13869213,0.049907407,NA,NA,NA,NA,NA,NA,NA,NA,0,Meteostat
24782,NE,2015-07-10,0,0,0,0,0,0,0,0,0,0,1,0,0,0,0,8,0,0,0,0,0,0,0,0,0,0,0,0,0,9,0,0,0,0,0,0,2015,56.92286,-133.73519,2015-07-10 21:43:32,2015-07-11 04:17:34,2015-07-11T01:26:43,,24782,,kakfr1,84,forest-conifer,,0,70,1,3,creek,Alaska,0.273634259,0.315300926,0.118645833,0.071655093,NA,NA,NA,NA,NA,NA,NA,NA,0,Meteostat
24782,NE,2015-07-11,0,0,0,0,0,0,0,0,0,0,0,0,0,0,0,2,0,0,0,0,0,0,0,0,0,0,0,0,0,0,0,0,0,0,0,0,2015,56.92286,-133.73519,2015-07-11 21:42:23,2015-07-12 04:18:59,2015-07-12T02:02:48,,24782,,kakfr1,84,forest-conifer,,0,70,1,3,creek,Alaska,0.275416667,0.317083333,0.094571759,0.097511574,NA,NA,NA,NA,NA,NA,NA,NA,0,Meteostat
24782,NE,2015-07-12,0,0,0,1,0,0,0,0,0,0,1,0,0,0,0,6,0,0,0,0,0,0,0,0,0,0,0,0,0,11,0,0,0,0,0,0,2015,56.92286,-133.73519,2015-07-12 21:41:12,2015-07-13 04:20:27,2015-07-13T02:46:13,,24782,,kakfr1,84,forest-conifer,,0,70,1,3,creek,Alaska,0.277256944,0.318923611,0.065439815,0.128483796,NA,NA,NA,NA,NA,NA,NA,NA,0,Meteostat
24782,NE,2015-07-13,0,0,0,0,0,0,0,0,0,0,1,0,0,0,0,16,0,0,0,0,0,0,0,0,0,0,0,0,0,9,0,0,0,0,0,0,2015,56.92286,-133.73519,2015-07-13 21:39:57,2015-07-14 04:21:57,2015-07-14T03:37:37,,24782,,kakfr1,84,forest-conifer,,0,70,1,3,creek,Alaska,0.279166667,0.320833333,0.030787037,0.165046296,NA,NA,NA,NA,NA,NA,NA,NA,0,Meteostat
24782,NW,2015-07-12,0,0,0,0,0,0,0,0,0,0,0,0,0,0,0,0,0,0,0,0,0,0,0,0,0,0,0,0,0,1,0,0,0,0,0,0,2015,56.8968,-133.8058,2015-07-12 21:41:17,2015-07-13 04:20:55,2015-07-13T02:46:39,,24782,,kakbe1,8,forest-conifer,,0,40,1,10,ocean,Alaska,0.277523148,0.319189815,0.065462963,0.128726852,NA,NA,NA,NA,NA,NA,NA,NA,0,Meteostat
24782,NW,2015-07-13,0,0,0,0,0,0,0,0,0,0,0,0,0,0,0,0,0,0,0,0,0,0,0,0,0,0,0,0,0,1,0,0,0,0,0,0,2015,56.8968,-133.8058,2015-07-13 21:40:02,2015-07-14 04:22:25,2015-07-14T03:38:03,,24782,,kakbe1,8,forest-conifer,,0,40,1,10,ocean,Alaska,0.27943287,0.321099537,0.030810185,0.165289352,NA,NA,NA,NA,NA,NA,NA,NA,0,Meteostat
24782,SE,2015-07-09,0,0,0,0,0,0,0,0,0,0,1,0,0,0,0,0,8,0,0,0,0,0,0,0,0,0,0,0,0,10,0,0,0,0,0,0,2015,56.87244,-133.67403,2015-07-09 21:43:59,2015-07-10 04:16:19,2015-07-10T00:56:22,,24782,,kakrp1,11,forest-conifer,,0,70,1,20,creek,Alaska,0.272453704,0.31412037,0.138854167,0.050266204,NA,NA,NA,NA,NA,NA,NA,NA,0,Meteostat
24782,SE,2015-07-10,0,0,0,0,0,0,0,0,0,0,2,0,0,0,0,3,18,0,0,0,0,0,0,0,0,0,0,0,0,20,0,0,0,0,0,0,2015,56.87244,-133.67403,2015-07-10 21:42:55,2015-07-11 04:17:42,2015-07-11T01:26:40,,24782,,kakrp1,11,forest-conifer,,0,70,1,20,creek,Alaska,0.274155093,0.315821759,0.118773148,0.072048611,NA,NA,NA,NA,NA,NA,NA,NA,0,Meteostat
24782,SE,2015-07-11,0,0,0,0,0,0,0,0,0,0,1,0,0,0,0,0,32,0,0,0,0,0,0,0,0,0,0,0,0,12,0,0,0,0,0,0,2015,56.87244,-133.67403,2015-07-11 21:41:47,2015-07-12 04:19:06,2015-07-12T02:02:47,,24782,,kakrp1,11,forest-conifer,,0,70,1,20,creek,Alaska,0.275914352,0.317581019,0.094664352,0.097916667,NA,NA,NA,NA,NA,NA,NA,NA,0,Meteostat
24782,SE,2015-07-12,0,0,0,0,0,0,0,0,0,0,0,0,0,0,0,2,15,0,0,0,0,0,0,0,0,0,0,0,0,5,0,0,0,0,0,0,2015,56.87244,-133.67403,2015-07-12 21:40:35,2015-07-13 04:20:34,2015-07-13T02:46:13,,24782,,kakrp1,11,forest-conifer,,0,70,1,20,creek,Alaska,0.277766204,0.31943287,0.065520833,0.128912037,NA,NA,NA,NA,NA,NA,NA,NA,0,Meteostat
24782,Transects,2015-07-09,0,0,0,0,0,0,0,0,0,0,0,0,0,0,0,0,0,0,0,0,0,0,0,0,1,0,0,0,0,2,0,0,0,0,0,0,2015,56.96604,-133.92547,2015-07-09 21:45:42,2015-07-10 04:16:38,2015-07-10T00:57:07,,24782,,,,,,,,,,,Alaska,0.271481481,0.313148148,0.138553241,0.049594907,NA,NA,NA,NA,NA,NA,NA,NA,0,Meteostat
24782,Transects,2015-07-10,0,0,0,0,0,0,0,0,0,0,0,0,0,0,0,0,0,0,0,0,0,1,0,0,2,0,0,0,0,5,0,0,0,0,0,0,2015,56.96604,-133.92547,2015-07-10 21:44:37,2015-07-11 04:18:00,2015-07-11T01:27:20,,24782,,,,,,,,,,,Alaska,0.27318287,0.314849537,0.118518519,0.071331019,NA,NA,NA,NA,NA,NA,NA,NA,0,Meteostat
28110,NW,2015-07-19,0,0,0,0,0,0,0,0,0,0,1,0,0,0,0,0,0,0,0,0,0,0,0,0,0,0,0,0,0,1,0,0,0,0,0,0,2015,57.89266,-135.00079,2015-07-19 21:43:02,2015-07-20 04:30:08,,2015-07-19T22:38:57,28110,,frbfr1,10,forest-conifer,,1,60,0,180,ocean,Alaska,0.282708333,0.324375,0.038831019,0,NA,NA,NA,NA,NA,NA,NA,NA,0,Meteostat
28110,NW,2015-07-21,0,0,0,0,0,0,0,0,0,0,0,0,0,0,0,1,0,0,0,0,0,1,0,0,0,0,0,0,0,0,0,0,0,0,0,0,2015,57.89266,-135.00079,2015-07-21 21:39:33,2015-07-22 04:33:51,,2015-07-21T23:14:15,28110,,frbfr1,10,forest-conifer,,1,60,0,180,ocean,Alaska,0.287708333,0.329375,0.065763889,0,NA,NA,NA,NA,NA,NA,NA,NA,0,Meteostat
28110,SW,2015-07-13,0,0,0,0,0,0,0,0,0,0,1,0,0,0,0,0,1,0,0,0,0,4,0,0,3,0,0,0,0,7,0,0,0,0,0,0,2015,57.82621,-134.99721,2015-07-13 21:51:43,2015-07-14 04:20:16,2015-07-14T03:37:53,,28110,,frbpd1,9,forest-conifer,,2,10,1,2,slough,Alaska,0.269826389,0.311493056,0.02943287,0.157060185,NA,NA,NA,NA,NA,NA,NA,NA,0,Meteostat
28110,SW,2015-07-14,0,0,0,0,0,0,0,0,0,0,0,0,0,0,0,0,0,0,0,0,0,2,0,0,0,0,0,0,0,10,0,0,0,0,0,0,2015,57.82621,-134.99721,2015-07-14 21:50:20,2015-07-15 04:21:54,,,28110,,frbpd1,9,forest-conifer,,2,10,1,2,slough,Alaska,0.271921296,0.313587963,9,9,NA,NA,NA,NA,NA,NA,NA,NA,0,Meteostat
28110,SW,2015-07-15,0,0,0,1,0,0,0,0,0,0,0,0,0,0,0,0,0,0,0,0,0,1,0,0,0,0,0,0,0,1,0,0,0,0,0,0,2015,57.82621,-134.99721,2015-07-15 21:48:53,2015-07-16 04:23:34,,,28110,,frbpd1,9,forest-conifer,,2,10,1,2,slough,Alaska,0.274085648,0.315752315,9,9,NA,NA,NA,NA,NA,NA,NA,NA,0,Meteostat
28110,SW,2015-07-16,0,0,0,5,0,0,0,0,0,0,1,0,0,0,0,0,0,0,0,0,0,6,0,0,4,0,0,0,0,4,0,0,0,0,0,0,2015,57.82621,-134.99721,2015-07-16 21:47:22,2015-07-17 04:25:17,,,28110,,frbpd1,9,forest-conifer,,2,10,1,2,slough,Alaska,0.276331019,0.317997685,9,9,NA,NA,NA,NA,NA,NA,NA,NA,0,Meteostat
28110,SW,2015-07-17,0,0,0,0,0,0,0,0,0,0,0,0,0,0,0,0,0,0,0,0,0,2,0,0,0,0,0,0,0,1,0,0,0,0,0,0,2015,57.82621,-134.99721,2015-07-17 21:45:49,2015-07-18 04:27:01,,2015-07-17T21:58:08,28110,,frbpd1,9,forest-conifer,,2,10,1,2,slough,Alaska,0.278611111,0.320277778,0.008553241,0,NA,NA,NA,NA,NA,NA,NA,NA,0,Meteostat
28110,SW,2015-07-18,0,0,0,1,0,0,0,0,0,0,0,0,0,0,0,0,4,0,0,0,0,2,0,0,2,0,0,0,0,3,0,0,0,0,0,0,2015,57.82621,-134.99721,2015-07-18 21:44:12,2015-07-19 04:28:47,,2015-07-18T22:19:45,28110,,frbpd1,9,forest-conifer,,2,10,1,2,slough,Alaska,0.280960648,0.322627315,0.0246875,0,NA,NA,NA,NA,NA,NA,NA,NA,0,Meteostat
28110,SW,2015-07-19,0,0,0,0,0,0,0,0,0,0,3,0,0,0,0,5,1,0,0,0,0,2,0,0,0,0,0,0,0,6,0,0,0,0,0,0,2015,57.82621,-134.99721,2015-07-19 21:42:33,2015-07-20 04:30:36,,2015-07-19T22:38:52,28110,,frbpd1,9,forest-conifer,,2,10,1,2,slough,Alaska,0.283368056,0.325034722,0.039108796,0,NA,NA,NA,NA,NA,NA,NA,NA,0,Meteostat
28110,SW1,2015-07-13,0,0,0,7,0,0,0,0,0,0,3,0,0,0,0,2,1,0,0,0,0,27,0,0,13,0,0,0,0,11,0,0,0,0,0,0,2015,57.82946,-135.0112,2015-07-13 21:51:48,2015-07-14 04:20:18,2015-07-14T03:37:56,,28110,,frbrp1,7,forest-conifer,,2,30,1,15,creek,Alaska,0.269791667,0.311458333,0.029421296,0.157037037,NA,NA,NA,NA,NA,NA,NA,NA,0,Meteostat
28110,SW1,2015-07-14,0,0,0,0,0,0,0,0,0,0,0,0,0,0,0,0,0,0,0,0,0,0,0,0,0,0,0,0,0,1,0,0,0,0,0,0,2015,57.82946,-135.0112,2015-07-14 21:50:25,2015-07-15 04:21:56,,,28110,,frbrp1,7,forest-conifer,,2,30,1,15,creek,Alaska,0.271886574,0.313553241,9,9,NA,NA,NA,NA,NA,NA,NA,NA,0,Meteostat
29582,NW,2015-07-17,0,0,0,0,0,0,0,0,0,0,0,0,0,0,0,0,0,0,0,0,0,0,0,0,0,0,0,0,0,21,0,0,0,0,0,0,2015,56.45484,-132.27859,2015-07-17 21:25:27,2015-07-18 04:25:37,,2015-07-17T21:43:05,29582,,epsfr1,104,forest-conifer,,0,60,0,145,creek,Alaska,0.291782407,0.333449074,0.01224537,0,NA,NA,NA,NA,NA,NA,NA,NA,0,Meteostat
29582,NW,2015-07-18,0,0,0,0,0,0,0,0,0,0,0,0,0,0,0,0,0,0,0,0,0,0,0,0,0,0,0,0,0,2,0,0,0,0,0,0,2015,56.45484,-132.27859,2015-07-18 21:23:58,2015-07-19 04:27:15,,2015-07-18T22:05:59,29582,,epsfr1,104,forest-conifer,,0,60,0,145,creek,Alaska,0.293946759,0.335613426,0.029178241,0,NA,NA,NA,NA,NA,NA,NA,NA,0,Meteostat
29582,NW,2015-07-19,0,0,0,0,0,0,0,0,0,0,0,0,0,0,0,0,1,0,0,0,0,0,0,0,0,0,0,0,0,3,0,0,0,0,0,0,2015,56.45484,-132.27859,2015-07-19 21:22:27,2015-07-20 04:28:55,,2015-07-19T22:26:23,29582,,epsfr1,104,forest-conifer,,0,60,0,145,creek,Alaska,0.296157407,0.337824074,0.044398148,0,NA,NA,NA,NA,NA,NA,NA,NA,0,Meteostat
29582,NW,2015-07-21,0,0,0,0,0,0,0,0,0,0,0,0,0,0,0,0,2,0,0,0,0,0,0,0,0,0,0,0,0,2,0,0,0,0,0,0,2015,56.45484,-132.27859,2015-07-21 21:19:17,2015-07-22 04:32:20,,2015-07-21T23:04:17,29582,,epsfr1,104,forest-conifer,,0,60,0,145,creek,Alaska,0.300729167,0.342395833,0.072916667,0,NA,NA,NA,NA,NA,NA,NA,NA,0,Meteostat
29582,NW,2015-07-22,0,0,0,0,0,0,0,0,0,0,0,0,0,0,0,0,1,0,0,0,0,0,0,0,0,0,0,0,0,2,0,0,0,0,0,0,2015,56.45484,-132.27859,2015-07-22 21:17:37,2015-07-23 04:34:05,,2015-07-22T23:23:53,29582,,epsfr1,104,forest-conifer,,0,60,0,145,creek,Alaska,0.303101852,0.344768519,0.087685185,0.004351852,NA,NA,NA,NA,NA,NA,NA,NA,0,Meteostat
29582,NW1,2015-07-16,0,0,0,1,0,0,0,0,0,0,1,0,0,0,0,0,0,0,0,0,0,0,0,0,0,0,0,0,0,1,0,0,0,0,0,0,2015,56.42797,-132.25056,2015-07-16 21:26:35,2015-07-17 04:24:05,,,29582,,epsms1,12,forested wetland,,1,60,0,100,creek,Alaska,0.289930556,0.331597222,9,9,NA,NA,NA,NA,NA,NA,NA,NA,0,Meteostat
29582,NW1,2015-07-17,0,0,0,0,0,0,0,0,0,0,0,0,0,0,0,0,0,0,0,0,0,0,0,0,1,0,0,0,0,1,0,0,0,0,0,0,2015,56.42797,-132.25056,2015-07-17 21:25:09,2015-07-18 04:25:41,,2015-07-17T21:42:53,29582,,epsms1,12,forested wetland,,1,60,0,100,creek,Alaska,0.292037037,0.333703704,0.012314815,0,NA,NA,NA,NA,NA,NA,NA,NA,0,Meteostat
29582,NW3,2015-07-19,0,0,0,0,0,0,0,0,0,0,0,0,0,0,0,0,0,0,0,0,0,0,0,0,0,0,0,0,0,2,0,0,0,0,0,0,2015,56.44923,-132.26643,2015-07-19 21:22:22,2015-07-20 04:28:54,,2015-07-19T22:26:19,29582,,epsrp2,101,forest-conifer,,0,0,1,0,0,Alaska,0.296203704,0.33787037,0.044409722,0,NA,NA,NA,NA,NA,NA,NA,NA,0,Meteostat
29582,NW3,2015-07-20,0,0,0,0,0,0,0,0,0,0,0,0,0,0,0,0,0,0,0,0,0,0,0,0,0,0,0,0,0,1,0,0,0,0,0,0,2015,56.44923,-132.26643,2015-07-20 21:20:48,2015-07-21 04:30:36,,2015-07-20T22:45:24,29582,,epsrp2,101,forest-conifer,,0,0,1,0,0,Alaska,0.298472222,0.340138889,0.05875,0,NA,NA,NA,NA,NA,NA,NA,NA,0,Meteostat
30606,NE,2015-06-15,0,0,0,3,0,0,0,0,0,3,1,0,0,0,0,1,2,0,0,0,0,0,0,0,7,0,0,0,0,45,0,0,0,0,0,0,2015,55.35198,-132.87739,2015-06-15 21:34:49,2015-06-16 04:09:19,,,30606,,trobr2,5,forest-conifer,,2,40,1,15,ocean,Alaska,0.273958333,0.315625,9,9,NA,NA,NA,NA,NA,NA,NA,NA,0,Meteostat
30606,NE,2015-06-16,0,0,0,0,0,0,0,0,0,1,0,0,0,0,0,0,0,0,0,0,0,0,0,0,2,0,0,0,0,3,0,0,0,0,0,0,2015,55.35198,-132.87739,2015-06-16 21:35:21,2015-06-17 04:09:14,,,30606,,trobr2,5,forest-conifer,,2,40,1,15,ocean,Alaska,0.273530093,0.315196759,9,9,NA,NA,NA,NA,NA,NA,NA,NA,0,Meteostat
30606,NE1,2015-06-15,0,0,0,1,0,0,0,0,0,0,0,0,0,0,0,0,3,0,0,0,0,0,0,0,8,0,0,0,0,11,0,0,0,0,0,0,2015,55.35336,-132.87654,2015-06-15 21:34:50,2015-06-16 04:09:18,,,30606,,trofr1,21,forest-conifer,,0,70,0,75,ocean,Alaska,0.273935185,0.315601852,9,9,NA,NA,NA,NA,NA,NA,NA,NA,0,Meteostat
30606,NE1,2015-06-16,0,0,0,0,0,0,0,0,0,0,0,0,0,0,0,0,0,0,0,0,0,0,0,0,1,0,0,0,0,4,0,0,0,0,0,0,2015,55.35336,-132.87654,2015-06-16 21:35:22,2015-06-17 04:09:13,,,30606,,trofr1,21,forest-conifer,,0,70,0,75,ocean,Alaska,0.273506944,0.315173611,9,9,NA,NA,NA,NA,NA,NA,NA,NA,0,Meteostat
30606,NE1,2015-06-17,0,0,0,2,0,0,0,0,0,0,0,0,0,0,0,2,9,0,0,0,0,0,0,0,0,0,0,0,0,6,0,0,0,0,0,0,2015,55.35336,-132.87654,2015-06-17 21:35:50,2015-06-18 04:09:12,,2015-06-17T22:05:34,30606,,trofr1,21,forest-conifer,,0,70,0,75,ocean,Alaska,0.273171296,0.314837963,0.020648148,0,NA,NA,NA,NA,NA,NA,NA,NA,0,Meteostat
30606,NE1,2015-06-18,0,0,0,13,0,0,0,0,0,0,0,0,0,0,0,1,13,0,0,0,0,1,0,0,5,0,0,0,0,12,0,0,0,0,0,0,2015,55.35336,-132.87654,2015-06-18 21:36:14,2015-06-19 04:09:15,,2015-06-18T22:42:48,30606,,trofr1,21,forest-conifer,,0,70,0,75,ocean,Alaska,0.272928241,0.314594907,0.046226852,0,NA,NA,NA,NA,NA,NA,NA,NA,0,Meteostat
30606,NE2,2015-06-11,0,0,0,0,0,0,0,0,0,0,0,0,0,0,0,0,1,0,0,0,0,2,0,0,0,0,0,0,0,2,0,0,0,0,0,0,2015,55.32741,-132.85892,2015-06-11 21:31:52,2015-06-12 04:10:21,2015-06-12T02:23:23,,30606,,trowt1,41,wetland,,0,20,1,20,slough,Alaska,0.276724537,0.318391204,0.074282407,0.119108796,NA,NA,NA,NA,NA,NA,NA,NA,0,Meteostat
30606,NE2,2015-06-12,0,0,0,0,0,0,0,0,0,0,2,0,0,0,0,0,0,0,0,0,0,10,0,0,0,0,0,0,0,9,0,0,0,0,0,0,2015,55.32741,-132.85892,2015-06-12 21:32:38,2015-06-13 04:10:02,2015-06-13T02:52:51,,30606,,trowt1,41,wetland,,0,20,1,20,slough,Alaska,0.275972222,0.317638889,0.053599537,0.139039352,NA,NA,NA,NA,NA,NA,NA,NA,0,Meteostat
30606,NE2,2015-06-13,0,0,0,0,0,0,0,0,1,2,2,0,0,0,0,0,2,0,0,0,0,4,0,0,1,0,0,0,0,2,0,0,0,0,0,0,2015,55.32741,-132.85892,2015-06-13 21:33:20,2015-06-14 04:09:46,2015-06-14T03:27:12,,30606,,trowt1,41,wetland,,0,20,1,20,slough,Alaska,0.275300926,0.316967593,0.029560185,0.162407407,NA,NA,NA,NA,NA,NA,NA,NA,0,Meteostat
30606,NE2,2015-06-14,0,0,0,0,0,0,0,0,0,0,1,0,0,0,0,0,3,0,0,0,0,10,0,0,0,0,0,0,0,2,0,0,0,0,0,0,2015,55.32741,-132.85892,2015-06-14 21:33:59,2015-06-15 04:09:33,2015-06-15T04:08:02,,30606,,trowt1,41,wetland,,0,20,1,20,slough,Alaska,0.274699074,0.316365741,0.001053241,0.1903125,NA,NA,NA,NA,NA,NA,NA,NA,0,Meteostat
30606,NE2,2015-06-15,0,0,0,6,0,0,0,0,0,0,1,0,0,0,0,0,1,0,0,0,0,1,0,0,2,0,0,0,0,6,0,0,0,0,0,0,2015,55.32741,-132.85892,2015-06-15 21:34:34,2015-06-16 04:09:25,,,30606,,trowt1,41,wetland,,0,20,1,20,slough,Alaska,0.274201389,0.315868056,9,9,NA,NA,NA,NA,NA,NA,NA,NA,0,Meteostat
30606,NE2,2015-06-16,0,0,0,2,0,0,0,0,0,4,0,0,0,0,0,1,1,0,0,0,0,0,0,0,1,0,0,0,0,9,0,0,0,0,0,0,2015,55.32741,-132.85892,2015-06-16 21:35:06,2015-06-17 04:09:20,,,30606,,trowt1,41,wetland,,0,20,1,20,slough,Alaska,0.273773148,0.315439815,9,9,NA,NA,NA,NA,NA,NA,NA,NA,0,Meteostat
30606,NE2,2015-06-17,0,0,0,1,0,0,0,0,0,0,3,0,0,0,0,1,0,0,0,0,0,1,0,0,0,0,0,0,0,1,0,0,0,0,0,0,2015,55.32741,-132.85892,2015-06-17 21:35:34,2015-06-18 04:09:19,,2015-06-17T22:05:23,30606,,trowt1,41,wetland,,0,20,1,20,slough,Alaska,0.2734375,0.315104167,0.020706019,0,NA,NA,NA,NA,NA,NA,NA,NA,0,Meteostat
30606,NE2,2015-06-18,0,0,0,0,0,0,0,0,0,0,0,0,0,0,0,0,0,0,0,0,0,1,0,0,0,0,0,0,0,0,0,0,0,0,0,0,2015,55.32741,-132.85892,2015-06-18 21:35:58,2015-06-19 04:09:22,,2015-06-18T22:42:38,30606,,trowt1,41,wetland,,0,20,1,20,slough,Alaska,0.273194444,0.314861111,0.046296296,0,NA,NA,NA,NA,NA,NA,NA,NA,0,Meteostat
30606,SE,2015-06-15,0,0,0,32,0,0,0,0,0,4,3,0,0,0,0,2,0,0,0,0,0,7,0,0,14,0,0,0,0,112,0,0,0,0,0,0,2015,55.28049,-132.82971,2015-06-15 21:34:07,2015-06-16 04:09:38,,,30606,,trorp2,6,forest-conifer,,2,60,1,3,creek,Alaska,0.274664352,0.316331019,9,9,NA,NA,NA,NA,NA,NA,NA,NA,0,Meteostat
30606,SE,2015-06-16,0,0,0,33,0,0,0,0,0,2,1,0,0,0,0,1,0,0,0,0,0,15,0,0,29,0,0,0,0,198,0,0,0,0,0,0,2015,55.28049,-132.82971,2015-06-16 21:34:39,2015-06-17 04:09:34,,,30606,,trorp2,6,forest-conifer,,2,60,1,3,creek,Alaska,0.274247685,0.315914352,9,9,NA,NA,NA,NA,NA,NA,NA,NA,0,Meteostat
30606,SE,2015-06-17,0,0,0,59,0,0,0,0,0,0,1,0,0,0,0,0,2,0,0,0,0,41,0,0,64,0,0,0,0,369,0,0,0,0,0,0,2015,55.28049,-132.82971,2015-06-17 21:35:07,2015-06-18 04:09:33,,2015-06-17T22:05:03,30606,,trorp2,6,forest-conifer,,2,60,1,3,creek,Alaska,0.273912037,0.315578704,0.020787037,0,NA,NA,NA,NA,NA,NA,NA,NA,0,Meteostat
30606,SE,2015-06-18,0,0,0,201,0,0,0,0,0,1,5,0,0,0,0,0,1,0,0,0,0,222,0,0,326,0,1,0,0,403,0,0,0,0,0,0,2015,55.28049,-132.82971,2015-06-18 21:35:31,2015-06-19 04:09:36,,2015-06-18T22:42:20,30606,,trorp2,6,forest-conifer,,2,60,1,3,creek,Alaska,0.273668981,0.315335648,0.046400463,0,NA,NA,NA,NA,NA,NA,NA,NA,0,Meteostat
30606,Transects,2015-06-15,0,0,0,0,0,0,0,0,0,0,0,0,0,0,0,0,0,0,0,0,0,1,0,0,0,0,0,0,0,2,0,0,0,0,0,0,2015,55.53058,-132.98467,2015-06-15 21:36:33,2015-06-16 04:08:26,,,30606,,,,,,,,,,,Alaska,0.272141204,0.31380787,9,9,NA,NA,NA,NA,NA,NA,NA,NA,0,Meteostat
30606,Transects,2015-06-17,0,0,0,0,0,0,0,0,0,0,0,0,0,0,0,0,0,0,0,0,0,0,0,0,0,0,0,0,0,1,0,0,0,0,0,0,2015,55.53058,-132.98467,2015-06-17 21:37:34,2015-06-18 04:08:20,,2015-06-17T22:06:48,30606,,,,,,,,,,,Alaska,0.271365741,0.313032407,0.020300926,0,NA,NA,NA,NA,NA,NA,NA,NA,0,Meteostat
31438,NE,2024-06-26,0,,0,0,0,0,,0,0,0,0,,0,0,0,0,0,,,,0,65,0,0,10,0,0,0,0,10,,,,,,0,2024,58.26295,-134.38522,2024-06-26 22:06:58,2024-06-27 03:54:33,2024-06-27T00:35:58,,31438,Douglas,doums1,167,forested wetland,,4,10,0,150,creek,Alaska,0.241377315,0.283043981,0.137905093,0.020138889,13.48571429,11.7,17.8,79,60,86,0,1.285714286,125.6924326,Meteostat
31438,NE,2024-06-27,0,,0,0,0,0,,0,0,0,0,,0,0,0,0,0,,,,0,35,0,0,6,0,0,0,0,5,,,,,,0,2024,58.26295,-134.38522,2024-06-27 22:06:39,2024-06-28 03:55:18,2024-06-28T00:38:28,,31438,Douglas,doums1,167,forested wetland,,4,10,0,150,creek,Alaska,0.242118056,0.283784722,0.136689815,0.022094907,15.01428571,12.2,17.8,77.28571429,65,86,0,2.634920635,132.6424326,Meteostat
31438,NE,2024-06-28,0,,0,0,0,0,,0,0,0,0,,0,0,0,0,0,,,,0,41,0,0,4,0,0,0,0,7,,,,,,0,2024,58.26295,-134.38522,2024-06-28 22:06:15,2024-06-29 03:56:07,2024-06-29T00:40:53,,31438,Douglas,doums1,167,forested wetland,,4,10,0,150,creek,Alaska,0.242962963,0.28462963,0.135578704,0.024050926,15.97142857,15,16.7,74.42857143,70,81,0,4.051587302,140.9924326,Meteostat
31438,NE,2024-06-29,0,,0,0,0,0,,0,0,0,0,,0,0,0,0,2,,,,0,54,0,0,6,0,0,0,0,6,,,,,,0,2024,58.26295,-134.38522,2024-06-29 22:05:46,2024-06-30 03:57:01,2024-06-30T00:43:56,,31438,Douglas,doums1,167,forested wetland,,4,10,0,150,creek,Alaska,0.243923611,0.285590278,0.134085648,0.02650463,13.71428571,13.3,14.4,86.57142857,81,90,0.3,1.317460317,149.0424326,Meteostat
31438,NE,2024-06-30,0,,0,0,0,0,,0,0,0,0,,0,0,0,0,0,,,,0,26,0,0,5,0,0,0,0,5,,,,,,0,2024,58.26295,-134.38522,2024-06-30 22:05:13,2024-07-01 03:57:58,2024-07-01T00:48:36,,31438,Douglas,doums1,167,forested wetland,,4,10,0,150,creek,Alaska,0.244965278,0.286631944,0.13150463,0.030127315,12.62857143,11.7,13.3,91.28571429,89,96,0.8,1.865079365,155.9924326,Meteostat
31438,NE,2024-07-01,0,,0,0,0,0,,0,0,0,0,,0,0,0,0,0,,,,0,40,0,0,7,0,0,0,0,13,,,,,,0,2024,58.26295,-134.38522,2024-07-01 22:04:35,2024-07-02 03:59:00,2024-07-02T00:56:36,,31438,Douglas,doums1,167,forested wetland,,4,10,0,150,creek,Alaska,0.246122685,0.287789352,0.126666667,0.036122685,11.11428571,10.6,11.7,96.71428571,96,97,2.4,0.73015873,162.3424326,Meteostat
31438,NE,2024-07-02,0,,0,0,0,0,,0,0,7,0,,0,0,0,0,1,,,,0,42,0,0,18,0,0,0,0,13,,,,,,0,2024,58.26295,-134.38522,2024-07-02 22:03:53,2024-07-03 04:00:05,2024-07-03T01:11:38,,31438,Douglas,doums1,167,forested wetland,,4,10,0,150,creek,Alaska,0.247361111,0.289027778,0.116979167,0.047048611,10.74285714,10.6,11.1,96.85714286,96,100,2.9,0.515873016,164.8424326,Meteostat
31438,NE,2024-07-03,0,,0,0,0,0,,0,0,0,0,,0,0,0,0,0,,,,0,104,0,0,19,0,0,0,0,27,,,,,,0,2024,58.26295,-134.38522,2024-07-03 22:03:06,2024-07-04 04:01:14,2024-07-04T01:41:42,,31438,Douglas,doums1,167,forested wetland,,4,10,0,150,creek,Alaska,0.248703704,0.29037037,0.096898148,0.068472222,10.98571429,10.6,11.7,94.71428571,93,96,0,0.603174603,166.5424326,Meteostat
31438,NE,2024-07-04,0,,0,0,0,0,,0,0,0,0,,0,0,0,0,0,,,,0,130,0,0,21,0,0,0,0,34,,,,,,0,2024,58.26295,-134.38522,2024-07-04 22:02:15,2024-07-05 04:02:27,2024-07-05T02:37:58,2024-07-04T22:26:44,31438,Douglas,doums1,167,forested wetland,,4,10,0,150,creek,Alaska,0.250138889,0.291805556,-0.174467593,0.108136574,11.28571429,10.6,12.8,89.71428571,86,93,0,0.428571429,168.2424326,Meteostat
31438,NE,2024-07-05,0,,0,0,0,0,,0,0,0,0,,0,0,0,0,0,,,,0,49,0,0,10,0,0,0,0,5,,,,,,0,2024,58.26295,-134.38522,2024-07-05 22:01:20,2024-07-06 04:03:44,2024-07-06T03:59:34,2024-07-05T23:03:30,31438,Douglas,doums1,167,forested wetland,,4,10,0,150,creek,Alaska,0.251666667,0.293333333,-0.205601852,0.165439815,11.18571429,11.1,11.7,95.14285714,93,97,0.2,1.158730159,171.3424326,Meteostat
31438,NE,2024-07-06,0,,0,0,0,0,,0,0,0,0,,0,0,0,0,0,,,,0,26,0,0,5,0,0,0,0,3,,,,,,0,2024,58.26295,-134.38522,2024-07-06 22:00:21,2024-07-07 04:05:03,,2024-07-06T23:21:36,31438,Douglas,doums1,167,forested wetland,,4,10,0,150,creek,Alaska,0.253263889,0.294930556,0.056423611,0,11.75714286,11.1,12.8,82.57142857,80,89,0,0,173.8424326,Meteostat
31438,NE,2024-07-07,0,,0,0,0,0,,0,0,0,0,,0,0,0,0,0,,,,0,15,0,0,1,0,0,0,0,0,,,,,,0,2024,58.26295,-134.38522,2024-07-07 21:59:18,2024-07-08 04:06:26,,2024-07-07T23:30:50,31438,Douglas,doums1,167,forested wetland,,4,10,0,150,creek,Alaska,0.254953704,0.29662037,0.063564815,0,10.7,8.3,13.3,83.57142857,72,93,0,1.015873016,176.3424326,Meteostat
31438,NE,2025-06-26,,,0,,0,0,,0,0,0,0,,0,0,0,0,0,,,,0,1,0,0,0,,0,0,0,1,,,,,,,2025,58.26295,-134.38522,2025-06-26 22:07:02,2025-06-27 03:54:23,,2025-06-26T23:50:43,31438,Douglas,doums1,167,forested wetland,,4,10,0,150,creek,Alaska,0.241215278,0.282881944,0.072002315,0,12.07142857,11.7,13,93.14285714,88,94,0.1,3.007936508,72.77250552,Meteostat
31438,NE,2025-06-27,,,0,,0,0,,0,0,0,0,,0,0,0,0,0,,,,0,1,0,0,0,,0,0,0,0,,,,,,,2025,58.26295,-134.38522,2025-06-27 22:06:44,2025-06-28 03:55:07,,2025-06-27T23:59:51,31438,Douglas,doums1,167,forested wetland,,4,10,0,150,creek,Alaska,0.24193287,0.283599537,0.078553241,0,11.74285714,11.7,12,94.28571429,94,96,12,4.611111111,76.27250552,Meteostat
31438,NE,2025-06-29,,,0,,0,0,,0,0,0,0,,0,0,0,0,0,,,,0,1,0,0,0,,0,0,0,1,,,,,,,2025,58.26295,-134.38522,2025-06-29 22:05:54,2025-06-30 03:56:48,,2025-06-30T00:07:31,31438,Douglas,doums1,167,forested wetland,,4,10,0,150,creek,Alaska,0.243680556,0.285347222,0.084456019,0.001122685,10.42857143,10,11.2,92.71428571,88,97,1.5,1.76984127,82.02250552,Meteostat
31438,NE,2025-06-30,,,0,,0,0,,0,0,1,0,,0,0,0,0,0,,,,0,7,0,0,0,,0,0,0,2,,,,,,,2025,58.26295,-134.38522,2025-06-30 22:05:21,2025-07-01 03:57:45,,2025-07-01T00:09:20,31438,Douglas,doums1,167,forested wetland,,4,10,0,150,creek,Alaska,0.244722222,0.286388889,0.086099537,0.002766204,10.94285714,10,11.7,93.14285714,88,100,5.1,1.48015873,83.20821376,Meteostat
31438,NE,2025-07-01,,,0,,0,0,,0,0,0,0,,0,0,0,0,1,,,,0,3,0,0,0,,0,0,0,1,,,,,,,2025,58.26295,-134.38522,2025-07-01 22:04:45,2025-07-02 03:58:46,,2025-07-02T00:10:47,31438,Douglas,doums1,167,forested wetland,,4,10,0,150,creek,Alaska,0.245844907,0.287511574,0.087523148,0.004189815,11.32857143,10.6,12,92.28571429,88,94,0,3.619047619,86.20821376,Meteostat
31438,NE,2025-07-02,,,0,,0,0,,0,0,0,0,,0,0,0,0,0,,,,0,8,0,0,0,,0,0,0,2,,,,,,,2025,58.26295,-134.38522,2025-07-02 22:04:04,2025-07-03 03:59:50,,2025-07-03T00:12:19,31438,Douglas,doums1,167,forested wetland,,4,10,0,150,creek,Alaska,0.247060185,0.288726852,0.0890625,0.005729167,10.54285714,10,11.1,92.28571429,88,94,0,0.365079365,88.40821376,Meteostat
31438,NE,2025-07-03,,,0,,0,0,,0,0,0,0,,0,0,0,0,1,,,,0,0,0,0,0,,0,0,0,0,,,,,,,2025,58.26295,-134.38522,2025-07-03 22:03:18,2025-07-04 04:00:58,,2025-07-04T00:14:29,31438,Douglas,doums1,167,forested wetland,,4,10,0,150,creek,Alaska,0.24837963,0.290046296,0.091099537,0.007766204,12.4,11.7,13.3,83.71428571,77,92,0,0.496031746,90.20821376,Meteostat
31438,NE,2025-07-05,,,0,,0,0,,0,0,0,0,,0,0,0,0,2,,,,0,3,0,0,0,,0,0,0,0,,,,,,,2025,58.26295,-134.38522,2025-07-05 22:01:34,2025-07-06 04:03:26,,2025-07-06T00:24:10,31438,Douglas,doums1,167,forested wetland,,4,10,0,150,creek,Alaska,0.251296296,0.292962963,0.099027778,0.015694444,13.55714286,13,14.4,74.85714286,72,77,0.7,4.380952381,98.95821376,Meteostat
31438,NE,2025-07-06,,,0,,0,0,,0,0,0,0,,0,0,0,0,0,,,,0,2,0,0,0,,0,0,0,0,,,,,,,2025,58.26295,-134.38522,2025-07-06 22:00:35,2025-07-07 04:04:44,,2025-07-07T00:35:43,31438,Douglas,doums1,167,forested wetland,,4,10,0,150,creek,Alaska,0.252881944,0.294548611,0.107731481,0.024398148,11.51428571,10.6,12.2,87.14285714,82,94,2.8,4.912698413,104.8082138,Meteostat
31438,NE1,2020-06-15,0,0,0,4,0,0,0,0,0,0,0,0,0,0,0,0,0,0,0,0,0,2,0,0,0,0,0,0,0,4,0,0,0,0,0,0,2020,58.2663,-134.37727,2020-06-15 22:05:19,2020-06-16 03:51:11,2020-06-16T02:28:51,,31438,Douglas,doufr1,50,forest-conifer,Forest Clearing,1,80,1,25,creek,Alaska,0.240185185,0.281851852,0.057175926,0.099675926,11.11428571,10.6,11.7,88.57142857,83,92,0.3,3.03968254,109.9376021,Meteostat
31438,NE1,2020-06-16,0,0,0,4,0,0,0,0,0,0,0,0,0,0,0,0,2,0,0,0,0,4,0,0,0,0,0,0,0,1,0,0,0,0,0,0,2020,58.2663,-134.37727,2020-06-16 22:05:51,2020-06-17 03:51:06,2020-06-17T02:38:53,,31438,Douglas,doufr1,50,forest-conifer,Forest Clearing,1,80,1,25,creek,Alaska,0.239756944,0.281423611,0.050150463,0.106273148,10.5,10,11.1,91,89,93,0.3,3.253968254,111.8876021,Meteostat
31438,NE1,2020-06-17,0,0,0,0,0,0,0,0,0,0,0,0,0,0,0,0,0,0,0,0,0,0,0,0,0,0,0,0,0,4,0,0,0,0,0,0,2020,58.2663,-134.37727,2020-06-17 22:06:19,2020-06-18 03:51:06,2020-06-18T02:51:34,,31438,Douglas,doufr1,50,forest-conifer,Forest Clearing,1,80,1,25,creek,Alaska,0.23943287,0.281099537,0.041342593,0.114756944,11.04285714,10.6,11.7,92.28571429,89,96,3.9,1.833333333,113.0376021,Meteostat
31438,NE1,2020-06-19,0,0,0,0,0,0,0,0,0,0,0,0,0,0,0,0,0,0,0,0,0,0,0,0,0,0,0,0,0,1,0,0,0,0,0,0,2020,58.2663,-134.37727,2020-06-19 22:07:01,2020-06-20 03:51:19,2020-06-20T03:33:53,,31438,Douglas,doufr1,50,forest-conifer,Forest Clearing,1,80,1,25,creek,Alaska,0.239097222,0.280763889,0.012106481,0.143657407,12.51428571,12.2,13.3,92.71428571,90,97,4.9,3.091269841,117.7876021,Meteostat
31438,NE1,2020-06-20,0,0,0,0,0,0,0,0,0,0,0,0,0,0,0,0,0,0,0,0,0,0,0,0,0,0,0,0,0,1,0,0,0,0,0,0,2020,58.2663,-134.37727,2020-06-20 22:07:15,2020-06-21 03:51:32,,,31438,Douglas,doufr1,50,forest-conifer,Forest Clearing,1,80,1,25,creek,Alaska,0.239085648,0.280752315,9,9,9.442857143,8.9,10.6,94.14285714,92,96,1.1,0.428571429,121.1376021,Meteostat
31438,NE1,2021-07-02,0,0,0,0,0,0,0,0,0,0,0,0,0,0,0,0,0,0,0,0,0,7,0,0,1,0,0,0,0,0,0,0,0,0,0,0,2021,58.2663,-134.37727,2021-07-02 22:04:03,2021-07-03 03:59:43,2021-07-03T01:12:19,,31438,Douglas,doufr1,50,forest-conifer,Forest Clearing,1,80,1,25,creek,Alaska,0.246990741,0.288657407,0.11625,0.047407407,11.42857143,10,13.9,80.71428571,69,86,0,0,155.0461987,Meteostat
31438,NE1,2021-07-03,0,0,0,0,0,0,0,0,0,0,0,0,0,0,0,0,0,0,0,0,0,15,0,0,2,0,0,0,0,0,0,0,0,0,0,0,2021,58.2663,-134.37727,2021-07-03 22:03:18,2021-07-04 04:00:51,2021-07-04T01:19:23,,31438,Douglas,doufr1,50,forest-conifer,Forest Clearing,1,80,1,25,creek,Alaska,0.248298611,0.289965278,0.11212963,0.052835648,14.02857143,12.8,15.6,67,62,72,0,1.920634921,159.7461987,Meteostat
31438,NE1,2021-07-04,0,0,0,0,0,0,0,0,0,0,0,0,0,0,0,0,0,0,0,0,0,21,0,0,0,0,0,0,0,0,0,0,0,0,0,0,2021,58.2663,-134.37727,2021-07-04 22:02:28,2021-07-05 04:02:03,2021-07-05T01:28:27,,31438,Douglas,doufr1,50,forest-conifer,Forest Clearing,1,80,1,25,creek,Alaska,0.249710648,0.291377315,0.106666667,0.059710648,11.82857143,8.9,15.6,75.85714286,64,86,0,0.73015873,163.6461987,Meteostat
31438,NE1,2021-07-05,0,0,0,0,0,0,0,0,0,0,0,0,0,0,0,0,3,0,0,0,0,32,0,0,3,0,0,0,0,0,0,0,0,0,0,0,2021,58.2663,-134.37727,2021-07-05 22:01:34,2021-07-06 04:03:18,2021-07-06T01:41:04,,31438,Douglas,doufr1,50,forest-conifer,Forest Clearing,1,80,1,25,creek,Alaska,0.251203704,0.29287037,0.098773148,0.069097222,14.02857143,11.1,18.3,71.57142857,54,80,0,1.174603175,169.4461987,Meteostat
31438,NE1,2021-07-06,0,0,0,0,0,0,0,0,0,0,0,0,0,0,0,0,0,0,0,0,0,25,0,0,0,0,0,0,0,0,0,0,0,0,0,0,2021,58.2663,-134.37727,2021-07-06 22:00:36,2021-07-07 04:04:37,2021-07-07T01:59:49,,31438,Douglas,doufr1,50,forest-conifer,Forest Clearing,1,80,1,25,creek,Alaska,0.252789352,0.294456019,0.086666667,0.082789352,13.72857143,12.2,15.6,68.71428571,64,75,0,3.182539683,175.6762413,Meteostat
31438,NE1,2022-06-25,0,0,0,15,0,0,0,0,0,0,0,0,0,0,0,0,0,0,0,0,0,31,0,0,0,0,0,0,0,18,0,0,0,0,0,0,2022,58.2663,-134.37727,2022-06-25 22:07:20,2022-06-26 03:53:31,2022-06-26T02:06:24,,31438,Douglas,doufr1,50,forest-conifer,Forest Clearing,1,80,1,25,creek,Alaska,0.240405093,0.282071759,0.074386574,0.082685185,12.47142857,9.4,17.8,78.71428571,56,93,0,0,147.1679284,Meteostat
31438,NE1,2022-06-26,0,0,0,12,0,0,0,0,0,0,0,0,0,0,0,0,1,0,0,0,0,44,0,0,0,0,0,0,0,9,0,0,0,0,0,0,2022,58.2663,-134.37727,2022-06-26 22:07:07,2022-06-27 03:54:09,2022-06-27T02:24:34,,31438,Douglas,doufr1,50,forest-conifer,Forest Clearing,1,80,1,25,creek,Alaska,0.24099537,0.282662037,0.062210648,0.095451389,13.02857143,11.7,15.6,75.85714286,67,83,0,0.428571429,154.9679284,Meteostat
31438,NE1,2022-06-27,0,0,0,16,0,0,0,0,0,0,0,0,0,0,0,0,1,0,0,0,0,27,0,0,0,0,0,0,0,13,0,0,0,0,0,0,2022,58.2663,-134.37727,2022-06-27 22:06:50,2022-06-28 03:54:52,2022-06-28T02:54:26,,31438,Douglas,doufr1,50,forest-conifer,Forest Clearing,1,80,1,25,creek,Alaska,0.241689815,0.283356481,0.041967593,0.116388889,13.97142857,11.7,16.7,75.28571429,65,86,0,0.603174603,162.7663716,Meteostat
31438,NE1,2022-06-28,0,0,0,20,0,0,0,0,0,0,0,0,0,0,0,0,1,0,0,0,0,29,0,0,0,0,0,0,0,8,0,0,0,0,0,0,2022,58.2663,-134.37727,2022-06-28 22:06:29,2022-06-29 03:55:39,2022-06-29T03:41:33,2022-06-28T22:49:02,31438,Douglas,doufr1,50,forest-conifer,Forest Clearing,1,80,1,25,creek,Alaska,0.242476852,0.284143519,-0.203136574,0.149351852,16.67142857,15.6,18.3,66.28571429,54,72,0,1.246031746,171.4163716,Meteostat
31438,NE1,2022-06-29,0,0,0,21,0,0,0,0,0,0,0,0,0,0,0,0,0,0,0,0,0,15,0,0,0,0,0,0,0,9,0,0,0,0,0,0,2022,58.2663,-134.37727,2022-06-29 22:06:02,2022-06-30 03:56:31,,2022-06-29T23:28:26,31438,Douglas,doufr1,50,forest-conifer,Forest Clearing,1,80,1,25,creek,Alaska,0.243391204,0.28505787,0.057222222,0,16.12857143,15,17.2,70.42857143,67,72,0,4.253968254,181.7163716,Meteostat
31438,NE1,2022-06-30,0,0,0,16,0,0,0,0,0,0,0,0,0,0,0,0,2,0,0,0,0,20,0,0,0,0,0,0,0,7,0,0,0,0,0,0,2022,58.2663,-134.37727,2022-06-30 22:05:31,2022-07-01 03:57:27,,2022-06-30T23:52:41,31438,Douglas,doufr1,50,forest-conifer,Forest Clearing,1,80,1,25,creek,Alaska,0.244398148,0.286064815,0.074421296,0,11.64285714,9.4,14.4,79.71428571,70,90,0,0.428571429,190.0663716,Meteostat
31438,NE1,2022-07-01,0,0,0,31,0,0,0,0,0,0,0,0,0,0,0,0,3,0,0,0,0,35,0,0,0,0,0,0,0,18,0,0,0,0,0,0,2022,58.2663,-134.37727,2022-07-01 22:04:56,2022-07-02 03:58:26,,2022-07-02T00:07:31,31438,Douglas,doufr1,50,forest-conifer,Forest Clearing,1,80,1,25,creek,Alaska,0.245486111,0.287152778,0.085127315,0.001793981,12.21428571,9.4,13.9,86.28571429,81,90,0,0.73015873,196.7163716,Meteostat
31438,NE1,2022-07-02,0,0,0,40,0,0,0,0,0,0,0,0,0,0,0,0,3,0,0,0,0,57,0,0,0,0,0,0,0,17,0,0,0,0,0,0,2022,58.2663,-134.37727,2022-07-02 22:04:16,2022-07-03 03:59:30,,2022-07-03T00:17:02,31438,Douglas,doufr1,50,forest-conifer,Forest Clearing,1,80,1,25,creek,Alaska,0.246689815,0.288356481,0.092199074,0.008865741,14.04285714,12.2,17.2,79.57142857,63,86,0,0,202.5717669,Meteostat
31438,NE1,2022-07-03,0,0,0,58,0,0,0,0,0,0,0,0,0,0,0,0,4,0,0,0,0,55,0,0,0,0,0,0,0,12,0,0,0,0,0,0,2022,58.2663,-134.37727,2022-07-03 22:03:32,2022-07-04 04:00:37,,2022-07-04T00:23:35,31438,Douglas,doufr1,50,forest-conifer,Forest Clearing,1,80,1,25,creek,Alaska,0.247974537,0.289641204,0.097256944,0.013923611,15.05714286,12.8,17.2,73,63,87,0,0.873015873,209.5229029,Meteostat
31438,NE1,2022-07-04,0,0,0,62,0,0,0,0,0,0,0,0,0,0,0,0,8,0,0,0,0,77,0,0,0,0,0,0,0,24,0,0,0,0,0,0,2022,58.2663,-134.37727,2022-07-04 22:02:43,2022-07-05 04:01:48,,2022-07-05T00:28:34,31438,Douglas,doufr1,50,forest-conifer,Forest Clearing,1,80,1,25,creek,Alaska,0.249363426,0.291030093,0.101284722,0.017951389,18.41428571,16.7,21.1,61.85714286,51,70,0,1.158730159,218.9729029,Meteostat
31438,NE1,2022-07-05,0,0,0,68,0,0,0,0,0,0,0,0,0,0,0,0,5,0,0,0,0,65,0,0,0,0,0,0,0,29,0,0,0,0,0,0,2022,58.2663,-134.37727,2022-07-05 22:01:50,2022-07-06 04:03:02,,2022-07-06T00:32:52,31438,Douglas,doufr1,50,forest-conifer,Forest Clearing,1,80,1,25,creek,Alaska,0.250833333,0.2925,0.104884259,0.021550926,16.52857143,15.6,18.9,76,68,80,0,2.53968254,229.5229029,Meteostat
31438,NE1,2022-07-06,0,0,0,35,0,0,0,0,0,0,0,0,0,0,0,0,6,0,0,0,0,73,0,0,0,0,0,0,0,22,0,0,0,0,0,0,2022,58.2663,-134.37727,2022-07-06 22:00:53,2022-07-07 04:04:20,,2022-07-07T00:37:12,31438,Douglas,doufr1,50,forest-conifer,Forest Clearing,1,80,1,25,creek,Alaska,0.252395833,0.2940625,0.108553241,0.025219907,15.32857143,13.9,16.1,78.71428571,72,84,0,1.246031746,240.0729029,Meteostat
31438,NE1,2022-07-07,0,0,0,51,0,0,0,0,0,0,0,0,0,0,0,0,1,0,0,0,0,48,0,0,0,0,0,0,0,30,0,0,0,0,0,0,2022,58.2663,-134.37727,2022-07-07 21:59:51,2022-07-08 04:05:41,,2022-07-08T00:42:22,31438,Douglas,doufr1,50,forest-conifer,Forest Clearing,1,80,1,25,creek,Alaska,0.254050926,0.295717593,0.112858796,0.029525463,12.8,12.8,12.8,93,93,93,3,4.682539683,248.9729029,Meteostat
31438,NE1,2022-07-08,0,0,0,11,0,0,0,0,0,0,0,0,0,0,0,0,0,0,0,0,0,14,0,0,0,0,0,0,0,11,0,0,0,0,0,0,2022,58.2663,-134.37727,2022-07-08 21:58:46,2022-07-09 04:07:06,,2022-07-09T00:49:31,31438,Douglas,doufr1,50,forest-conifer,Forest Clearing,1,80,1,25,creek,Alaska,0.255787037,0.297453704,0.118576389,0.035243056,13.01428571,12.8,13.3,91.71428571,90,93,1.5,2.80952381,253.9729029,Meteostat
31438,NE1,2022-07-09,0,0,0,22,0,0,0,0,0,0,0,0,0,0,0,0,2,0,0,0,0,27,0,0,0,0,0,0,0,31,0,0,0,0,0,0,2022,58.2663,-134.37727,2022-07-09 21:57:37,2022-07-10 04:08:33,,2022-07-10T01:00:48,31438,Douglas,doufr1,50,forest-conifer,Forest Clearing,1,80,1,25,creek,Alaska,0.257592593,0.299259259,0.127210648,0.043877315,13.48571429,12.8,14.4,88.28571429,81,93,0.5,2.948412698,258.1729029,Meteostat
31438,NE1,2022-07-10,0,0,0,33,0,0,0,0,0,0,0,0,0,0,0,0,0,0,0,0,0,44,0,0,0,0,0,0,0,26,0,0,0,0,0,0,2022,58.2663,-134.37727,2022-07-10 21:56:23,2022-07-11 04:10:04,,2022-07-11T01:20:45,31438,Douglas,doufr1,50,forest-conifer,Forest Clearing,1,80,1,25,creek,Alaska,0.259502315,0.301168981,0.141921296,0.058587963,12.05714286,11.7,12.2,89.14285714,86,93,6.6,7.658730159,262.9229029,Meteostat
31438,NE1,2022-07-11,0,0,0,12,0,0,0,0,0,0,0,0,0,0,0,0,1,0,0,0,0,13,0,0,0,0,0,0,0,15,0,0,0,0,0,0,2022,58.2663,-134.37727,2022-07-11 21:55:06,2022-07-12 04:11:37,,2022-07-12T01:59:00,31438,Douglas,doufr1,50,forest-conifer,Forest Clearing,1,80,1,25,creek,Alaska,0.261469907,0.303136574,0.169375,0.086041667,10.6,10.6,10.6,91.14285714,89,92,2.1,3.03968254,265.9729029,Meteostat
31438,NE1,2022-07-12,0,0,0,0,0,0,0,0,0,0,0,0,0,0,0,0,0,0,0,0,0,0,0,0,0,0,0,0,0,7,0,0,0,0,0,0,2022,58.2663,-134.37727,2022-07-12 21:53:46,2022-07-13 04:13:13,2022-07-12T22:14:43,2022-07-13T03:07:57,31438,Douglas,doufr1,50,forest-conifer,Forest Clearing,1,80,1,25,creek,Alaska,0.263506944,0.305173611,0.203634259,0,10.65714286,10,11.1,94.57142857,92,97,2.8,0,267.6729029,Meteostat
31438,NE1,2024-06-26,0,,0,1,0,0,,0,0,0,0,,0,0,0,0,0,,,,0,77,0,0,6,0,0,0,0,9,,,,,,0,2024,58.2663,-134.37727,2024-06-26 22:06:58,2024-06-27 03:54:29,2024-06-27T00:35:56,,31438,Douglas,doufr1,50,forest-conifer,Forest Clearing,1,80,1,25,creek,Alaska,0.241331019,0.282997685,0.137881944,0.020115741,13.48571429,11.7,17.8,79,60,86,0,1.285714286,125.6924326,Meteostat
31438,NE1,2024-06-27,0,,0,1,0,0,,0,0,0,1,,0,0,0,0,1,,,,0,77,0,0,5,0,0,0,0,14,,,,,,0,2024,58.2663,-134.37727,2024-06-27 22:06:39,2024-06-28 03:55:14,2024-06-28T00:38:26,,31438,Douglas,doufr1,50,forest-conifer,Forest Clearing,1,80,1,25,creek,Alaska,0.242071759,0.283738426,0.136666667,0.022071759,15.01428571,12.2,17.8,77.28571429,65,86,0,2.634920635,132.6424326,Meteostat
31438,NE1,2024-06-28,0,,0,0,0,0,,0,0,0,0,,0,0,0,0,1,,,,0,45,0,0,5,0,0,0,0,8,,,,,,0,2024,58.2663,-134.37727,2024-06-28 22:06:14,2024-06-29 03:56:03,2024-06-29T00:40:51,,31438,Douglas,doufr1,50,forest-conifer,Forest Clearing,1,80,1,25,creek,Alaska,0.242928241,0.284594907,0.135555556,0.024039352,15.97142857,15,16.7,74.42857143,70,81,0,4.051587302,140.9924326,Meteostat
31438,NE1,2024-06-29,0,,0,0,0,0,,0,0,0,1,,0,0,0,0,1,,,,0,41,0,0,9,0,0,0,0,7,,,,,,0,2024,58.2663,-134.37727,2024-06-29 22:05:46,2024-06-30 03:56:57,2024-06-30T00:43:54,,31438,Douglas,doufr1,50,forest-conifer,Forest Clearing,1,80,1,25,creek,Alaska,0.243877315,0.285543981,0.1340625,0.026481481,13.71428571,13.3,14.4,86.57142857,81,90,0.3,1.317460317,149.0424326,Meteostat
31438,NE1,2024-06-30,0,,0,1,0,0,,0,0,0,0,,0,0,0,0,1,,,,0,20,0,0,2,0,0,0,0,5,,,,,,0,2024,58.2663,-134.37727,2024-06-30 22:05:13,2024-07-01 03:57:55,2024-07-01T00:48:33,,31438,Douglas,doufr1,50,forest-conifer,Forest Clearing,1,80,1,25,creek,Alaska,0.244930556,0.286597222,0.13150463,0.030092593,12.62857143,11.7,13.3,91.28571429,89,96,0.8,1.865079365,155.9924326,Meteostat
31438,NE1,2024-07-01,0,,0,0,0,0,,0,0,0,0,,0,0,0,0,2,,,,0,6,0,0,1,0,0,0,0,2,,,,,,0,2024,58.2663,-134.37727,2024-07-01 22:04:35,2024-07-02 03:58:56,2024-07-02T00:56:32,,31438,Douglas,doufr1,50,forest-conifer,Forest Clearing,1,80,1,25,creek,Alaska,0.246076389,0.287743056,0.126666667,0.036076389,11.11428571,10.6,11.7,96.71428571,96,97,2.4,0.73015873,162.3424326,Meteostat
31438,NE1,2024-07-02,0,,0,1,0,0,,0,0,0,0,,0,0,0,0,1,,,,0,5,0,0,1,0,0,0,0,6,,,,,,0,2024,58.2663,-134.37727,2024-07-02 22:03:53,2024-07-03 04:00:02,2024-07-03T01:11:34,,31438,Douglas,doufr1,50,forest-conifer,Forest Clearing,1,80,1,25,creek,Alaska,0.247326389,0.288993056,0.116990741,0.047002315,10.74285714,10.6,11.1,96.85714286,96,100,2.9,0.515873016,164.8424326,Meteostat
31438,NE1,2024-07-03,0,,0,1,0,0,,0,0,0,1,,0,0,0,0,0,,,,0,21,0,0,2,0,0,0,0,3,,,,,,0,2024,58.2663,-134.37727,2024-07-03 22:03:06,2024-07-04 04:01:11,2024-07-04T01:41:37,,31438,Douglas,doufr1,50,forest-conifer,Forest Clearing,1,80,1,25,creek,Alaska,0.248668981,0.290335648,0.096921296,0.068414352,10.98571429,10.6,11.7,94.71428571,93,96,0,0.603174603,166.5424326,Meteostat
31438,NE1,2024-07-04,0,,0,0,0,0,,0,0,0,1,,0,0,0,0,1,,,,0,23,0,0,5,0,0,0,0,12,,,,,,0,2024,58.2663,-134.37727,2024-07-04 22:02:15,2024-07-05 04:02:24,2024-07-05T02:37:52,2024-07-04T22:26:45,31438,Douglas,doufr1,50,forest-conifer,Forest Clearing,1,80,1,25,creek,Alaska,0.250104167,0.291770833,-0.174386574,0.10806713,11.28571429,10.6,12.8,89.71428571,86,93,0,0.428571429,168.2424326,Meteostat
31438,NE1,2024-07-05,0,,0,5,0,0,,0,0,0,1,,0,0,0,0,0,,,,0,27,0,0,5,0,0,0,0,7,,,,,,0,2024,58.2663,-134.37727,2024-07-05 22:01:20,2024-07-06 04:03:40,2024-07-06T03:59:30,2024-07-05T23:03:30,31438,Douglas,doufr1,50,forest-conifer,Forest Clearing,1,80,1,25,creek,Alaska,0.25162037,0.293287037,-0.205555556,0.165393519,11.18571429,11.1,11.7,95.14285714,93,97,0.2,1.158730159,171.3424326,Meteostat
31438,NE1,2024-07-06,0,,0,0,0,0,,0,0,0,0,,0,0,0,0,2,,,,0,43,0,0,3,0,0,0,0,12,,,,,,0,2024,58.2663,-134.37727,2024-07-06 22:00:21,2024-07-07 04:05:00,,2024-07-06T23:21:36,31438,Douglas,doufr1,50,forest-conifer,Forest Clearing,1,80,1,25,creek,Alaska,0.253229167,0.294895833,0.056423611,0,11.75714286,11.1,12.8,82.57142857,80,89,0,0,173.8424326,Meteostat
31438,NE1,2024-07-07,0,,0,4,0,0,,0,0,0,1,,0,0,0,0,1,,,,0,64,0,0,10,0,0,0,0,9,,,,,,0,2024,58.2663,-134.37727,2024-07-07 21:59:17,2024-07-08 04:06:23,,2024-07-07T23:30:50,31438,Douglas,doufr1,50,forest-conifer,Forest Clearing,1,80,1,25,creek,Alaska,0.254930556,0.296597222,0.063576389,0,10.7,8.3,13.3,83.57142857,72,93,0,1.015873016,176.3424326,Meteostat
31438,NE1,2025-07-08,,,0,,0,0,,0,0,0,0,,0,0,0,0,0,,,,0,2,0,0,0,,0,0,0,1,,,,,,,2025,58.2663,-134.37727,2025-07-08 21:58:26,2025-07-09 04:07:28,,2025-07-09T01:43:10,31438,Douglas,doufr1,50,forest-conifer,Forest Clearing,1,80,1,25,creek,Alaska,0.256273148,0.297939815,0.156064815,0.072731481,10.77142857,10.6,11,89.42857143,88,94,3.2,2.333333333,110.4582138,Meteostat
31438,NE2,2015-06-25,0,0,0,0,0,0,0,0,0,0,0,0,0,0,0,0,0,0,0,0,0,1,0,0,0,0,0,0,0,1,0,0,0,0,0,0,2015,58.25287,-134.3463,2015-06-25 22:07:04,2015-06-26 03:53:20,,2015-06-26T01:22:57,31438,Douglas,dourp2,0,forest-conifer,,0,0,1,0,0,Alaska,0.240462963,0.28212963,0.136030093,0.052696759,NA,NA,NA,NA,NA,NA,NA,NA,0,Meteostat
31438,NE2,2015-06-26,0,0,0,0,0,0,0,0,0,0,0,0,0,0,0,0,1,0,0,0,0,0,0,0,0,0,0,0,0,0,0,0,0,0,0,0,2015,58.25287,-134.3463,2015-06-26 22:06:53,2015-06-27 03:53:58,,2015-06-27T01:44:25,31438,Douglas,dourp2,0,forest-conifer,,0,0,1,0,0,Alaska,0.241030093,0.282696759,0.151064815,0.067731481,NA,NA,NA,NA,NA,NA,NA,NA,0,Meteostat
31438,NE2,2020-06-14,0,0,0,0,0,0,0,0,0,0,0,0,0,0,0,0,0,0,0,0,0,1,0,0,0,0,0,0,0,0,0,0,0,0,0,0,2020,58.25287,-134.3463,2020-06-14 22:04:27,2020-06-15 03:51:21,2020-06-15T02:20:08,,31438,Douglas,dourp2,0,forest-conifer,,0,0,1,0,0,Alaska,0.240902778,0.282569444,0.063344907,0.094224537,10.5,10,11.7,93.14285714,89,96,0,0.214285714,107.9876021,Meteostat
31438,NE2,2020-06-15,0,0,0,2,0,0,0,0,0,0,0,0,0,0,0,0,0,0,0,0,0,7,0,0,2,0,0,0,0,7,0,0,0,0,0,0,2020,58.25287,-134.3463,2020-06-15 22:05:04,2020-06-16 03:51:12,2020-06-16T02:28:46,,31438,Douglas,dourp2,0,forest-conifer,,0,0,1,0,0,Alaska,0.24037037,0.282037037,0.05724537,0.099791667,11.11428571,10.6,11.7,88.57142857,83,92,0.3,3.03968254,109.9376021,Meteostat
31438,NE2,2020-06-16,0,0,0,1,0,0,0,0,0,0,0,0,0,0,0,0,0,0,0,0,0,7,0,0,1,0,0,0,0,11,0,0,0,0,0,0,2020,58.25287,-134.3463,2020-06-16 22:05:36,2020-06-17 03:51:06,2020-06-17T02:38:48,,31438,Douglas,dourp2,0,forest-conifer,,0,0,1,0,0,Alaska,0.239930556,0.281597222,0.050208333,0.106388889,10.5,10,11.1,91,89,93,0.3,3.253968254,111.8876021,Meteostat
31438,NE2,2020-06-17,0,0,0,0,0,0,0,0,0,0,0,0,0,0,0,0,0,0,0,0,0,0,0,0,0,0,0,0,0,1,0,0,0,0,0,0,2020,58.25287,-134.3463,2020-06-17 22:06:04,2020-06-18 03:51:06,2020-06-18T02:51:31,,31438,Douglas,dourp2,0,forest-conifer,,0,0,1,0,0,Alaska,0.239606481,0.281273148,0.041377315,0.114895833,11.04285714,10.6,11.7,92.28571429,89,96,3.9,1.833333333,113.0376021,Meteostat
31438,NE2,2020-06-18,0,0,0,1,0,0,0,0,0,0,0,0,0,0,0,0,0,0,0,0,0,1,0,0,0,0,0,0,0,1,0,0,0,0,0,0,2020,58.25287,-134.3463,2020-06-18 22:06:27,2020-06-19 03:51:10,2020-06-19T03:08:50,,31438,Douglas,dourp2,0,forest-conifer,,0,0,1,0,0,Alaska,0.239386574,0.281053241,0.029398148,0.126655093,12.05714286,11.7,12.2,92.57142857,90,93,1.8,2.420634921,115.5376021,Meteostat
31438,NE2,2020-06-19,0,0,0,0,0,0,0,0,0,0,0,0,0,0,0,0,0,0,0,0,0,1,0,0,0,0,0,0,0,2,0,0,0,0,0,0,2020,58.25287,-134.3463,2020-06-19 22:06:46,2020-06-20 03:51:19,2020-06-20T03:33:52,,31438,Douglas,dourp2,0,forest-conifer,,0,0,1,0,0,Alaska,0.239270833,0.2809375,0.012118056,0.143819444,12.51428571,12.2,13.3,92.71428571,90,97,4.9,3.091269841,117.7876021,Meteostat
31438,NE2,2020-06-20,0,0,0,0,0,0,0,0,0,0,0,0,0,0,0,0,0,0,0,0,0,1,0,0,1,0,0,0,0,0,0,0,0,0,0,0,2020,58.25287,-134.3463,2020-06-20 22:06:59,2020-06-21 03:51:32,,,31438,Douglas,dourp2,0,forest-conifer,,0,0,1,0,0,Alaska,0.239270833,0.2809375,9,9,9.442857143,8.9,10.6,94.14285714,92,96,1.1,0.428571429,121.1376021,Meteostat
31438,NE2,2020-06-21,0,0,0,0,0,0,0,0,0,1,0,0,0,0,0,0,0,0,0,0,0,0,0,0,1,0,0,0,0,1,0,0,0,0,0,0,2020,58.25287,-134.3463,2020-06-21 22:07:09,2020-06-22 03:51:51,,2020-06-21T22:56:24,31438,Douglas,dourp2,0,forest-conifer,,0,0,1,0,0,Alaska,0.239375,0.281041667,0.034201389,0,9.042857143,8.3,10,93,89,97,0.3,2.238095238,123.0876021,Meteostat
31438,NE2,2021-07-02,0,0,0,0,0,0,0,0,0,1,0,0,0,0,0,0,0,0,0,0,0,15,0,0,0,0,0,0,0,0,0,0,0,0,0,0,2021,58.25287,-134.3463,2021-07-02 22:03:49,2021-07-03 03:59:43,2021-07-03T01:12:13,,31438,Douglas,dourp2,0,forest-conifer,,0,0,1,0,0,Alaska,0.247152778,0.288819444,0.116319444,0.0475,11.42857143,10,13.9,80.71428571,69,86,0,0,155.0461987,Meteostat
31438,NE2,2021-07-03,0,0,0,0,0,0,0,0,0,0,0,0,0,0,0,0,0,0,0,0,0,30,0,0,2,0,0,0,0,0,0,0,0,0,0,0,2021,58.25287,-134.3463,2021-07-03 22:03:03,2021-07-04 04:00:51,2021-07-04T01:19:18,,31438,Douglas,dourp2,0,forest-conifer,,0,0,1,0,0,Alaska,0.248472222,0.290138889,0.1121875,0.052951389,14.02857143,12.8,15.6,67,62,72,0,1.920634921,159.7461987,Meteostat
31438,NE2,2021-07-04,0,0,0,2,0,0,0,0,0,0,0,0,0,0,0,0,0,0,0,0,0,23,0,0,3,0,0,0,0,0,0,0,0,0,0,0,2021,58.25287,-134.3463,2021-07-04 22:02:14,2021-07-05 04:02:02,2021-07-05T01:28:24,,31438,Douglas,dourp2,0,forest-conifer,,0,0,1,0,0,Alaska,0.249861111,0.291527778,0.106689815,0.059837963,11.82857143,8.9,15.6,75.85714286,64,86,0,0.73015873,163.6461987,Meteostat
31438,NE2,2021-07-05,0,0,0,1,0,0,0,0,0,0,0,0,0,0,0,0,0,0,0,0,0,29,0,0,0,0,0,0,0,0,0,0,0,0,0,0,2021,58.25287,-134.3463,2021-07-05 22:01:20,2021-07-06 04:03:18,2021-07-06T01:41:02,,31438,Douglas,dourp2,0,forest-conifer,,0,0,1,0,0,Alaska,0.251365741,0.293032407,0.098796296,0.069236111,14.02857143,11.1,18.3,71.57142857,54,80,0,1.174603175,169.4461987,Meteostat
31438,NE2,2021-07-06,0,0,0,0,0,0,0,0,0,0,0,0,0,0,0,0,2,0,0,0,0,10,0,0,0,0,0,0,0,0,0,0,0,0,0,0,2021,58.25287,-134.3463,2021-07-06 22:00:22,2021-07-07 04:04:36,2021-07-07T01:59:49,,31438,Douglas,dourp2,0,forest-conifer,,0,0,1,0,0,Alaska,0.252939815,0.294606481,0.086655093,0.082951389,13.72857143,12.2,15.6,68.71428571,64,75,0,3.182539683,175.6762413,Meteostat
31438,NE2,2022-06-26,0,0,0,1,0,0,0,0,0,0,0,0,0,0,0,0,1,0,0,0,0,2,0,0,0,0,0,0,0,1,0,0,0,0,0,0,2022,58.25287,-134.3463,2022-06-26 22:06:52,2022-06-27 03:54:09,2022-06-27T02:24:35,,31438,Douglas,dourp2,0,forest-conifer,,0,0,1,0,0,Alaska,0.241168981,0.282835648,0.062199074,0.095636574,13.02857143,11.7,15.6,75.85714286,67,83,0,0.428571429,154.9679284,Meteostat
31438,NE2,2022-06-27,0,0,0,3,0,0,0,0,0,0,0,0,0,0,0,0,0,0,0,0,0,3,0,0,0,0,0,0,0,0,0,0,0,0,0,0,2022,58.25287,-134.3463,2022-06-27 22:06:35,2022-06-28 03:54:52,2022-06-28T02:54:29,,31438,Douglas,dourp2,0,forest-conifer,,0,0,1,0,0,Alaska,0.241863426,0.283530093,0.04193287,0.116597222,13.97142857,11.7,16.7,75.28571429,65,86,0,0.603174603,162.7663716,Meteostat
31438,NE2,2022-06-28,0,0,0,1,0,0,0,0,0,0,0,0,0,0,0,0,0,0,0,0,0,2,0,0,0,0,0,0,0,0,0,0,0,0,0,0,2022,58.25287,-134.3463,2022-06-28 22:06:14,2022-06-29 03:55:40,2022-06-29T03:41:36,2022-06-28T22:48:44,31438,Douglas,dourp2,0,forest-conifer,,0,0,1,0,0,Alaska,0.242662037,0.284328704,-0.20337963,0.149560185,16.67142857,15.6,18.3,66.28571429,54,72,0,1.246031746,171.4163716,Meteostat
31438,NE2,2022-06-29,0,0,0,1,0,0,0,0,0,0,0,0,0,0,0,0,0,0,0,0,0,1,0,0,0,0,0,0,0,0,0,0,0,0,0,0,2022,58.25287,-134.3463,2022-06-29 22:05:47,2022-06-30 03:56:31,,2022-06-29T23:28:09,31438,Douglas,dourp2,0,forest-conifer,,0,0,1,0,0,Alaska,0.243564815,0.285231481,0.057199074,0,16.12857143,15,17.2,70.42857143,67,72,0,4.253968254,181.7163716,Meteostat
31438,NE2,2022-06-30,0,0,0,1,0,0,0,0,0,0,0,0,0,0,0,0,2,0,0,0,0,3,0,0,0,0,0,0,0,0,0,0,0,0,0,0,2022,58.25287,-134.3463,2022-06-30 22:05:17,2022-07-01 03:57:26,,2022-06-30T23:52:26,31438,Douglas,dourp2,0,forest-conifer,,0,0,1,0,0,Alaska,0.244548611,0.286215278,0.074409722,0,11.64285714,9.4,14.4,79.71428571,70,90,0,0.428571429,190.0663716,Meteostat
31438,NE2,2022-07-01,0,0,0,0,0,0,0,0,0,0,0,0,0,0,0,0,0,0,0,0,0,1,0,0,0,0,0,0,0,2,0,0,0,0,0,0,2022,58.25287,-134.3463,2022-07-01 22:04:41,2022-07-02 03:58:26,,2022-07-02T00:07:18,31438,Douglas,dourp2,0,forest-conifer,,0,0,1,0,0,Alaska,0.245659722,0.287326389,0.085150463,0.00181713,12.21428571,9.4,13.9,86.28571429,81,90,0,0.73015873,196.7163716,Meteostat
31438,NE2,2022-07-02,0,0,0,0,0,0,0,0,0,0,0,0,0,0,0,0,0,0,0,0,0,1,0,0,0,0,0,0,0,0,0,0,0,0,0,0,2022,58.25287,-134.3463,2022-07-02 22:04:01,2022-07-03 03:59:29,,2022-07-03T00:16:50,31438,Douglas,dourp2,0,forest-conifer,,0,0,1,0,0,Alaska,0.246851852,0.288518519,0.092233796,0.008900463,14.04285714,12.2,17.2,79.57142857,63,86,0,0,202.5717669,Meteostat
31438,NE2,2022-07-03,0,0,0,2,0,0,0,0,0,0,0,0,0,0,0,0,1,0,0,0,0,0,0,0,0,0,0,0,0,0,0,0,0,0,0,0,2022,58.25287,-134.3463,2022-07-03 22:03:17,2022-07-04 04:00:37,,2022-07-04T00:23:25,31438,Douglas,dourp2,0,forest-conifer,,0,0,1,0,0,Alaska,0.248148148,0.289814815,0.097314815,0.013981481,15.05714286,12.8,17.2,73,63,87,0,0.873015873,209.5229029,Meteostat
31438,NE2,2022-07-04,0,0,0,0,0,0,0,0,0,0,0,0,0,0,0,0,0,0,0,0,0,1,0,0,0,0,0,0,0,4,0,0,0,0,0,0,2022,58.25287,-134.3463,2022-07-04 22:02:28,2022-07-05 04:01:47,,2022-07-05T00:28:25,31438,Douglas,dourp2,0,forest-conifer,,0,0,1,0,0,Alaska,0.249525463,0.29119213,0.101354167,0.018020833,18.41428571,16.7,21.1,61.85714286,51,70,0,1.158730159,218.9729029,Meteostat
31438,NE2,2022-07-05,0,0,0,0,0,0,0,0,0,0,0,0,0,0,0,0,0,0,0,0,0,1,0,0,0,0,0,0,0,0,0,0,0,0,0,0,2022,58.25287,-134.3463,2022-07-05 22:01:35,2022-07-06 04:03:02,,2022-07-06T00:32:44,31438,Douglas,dourp2,0,forest-conifer,,0,0,1,0,0,Alaska,0.251006944,0.292673611,0.104965278,0.021631944,16.52857143,15.6,18.9,76,68,80,0,2.53968254,229.5229029,Meteostat
31438,NE2,2022-07-06,0,0,0,0,0,0,0,0,0,0,0,0,0,0,0,0,0,0,0,0,0,3,0,0,0,0,0,0,0,2,0,0,0,0,0,0,2022,58.25287,-134.3463,2022-07-06 22:00:38,2022-07-07 04:04:20,,2022-07-07T00:37:05,31438,Douglas,dourp2,0,forest-conifer,,0,0,1,0,0,Alaska,0.252569444,0.294236111,0.108645833,0.0253125,15.32857143,13.9,16.1,78.71428571,72,84,0,1.246031746,240.0729029,Meteostat
31438,NE2,2022-07-07,0,0,0,0,0,0,0,0,0,0,0,0,0,0,0,0,0,0,0,0,0,0,0,0,0,0,0,0,0,2,0,0,0,0,0,0,2022,58.25287,-134.3463,2022-07-07 21:59:37,2022-07-08 04:05:41,,2022-07-08T00:42:17,31438,Douglas,dourp2,0,forest-conifer,,0,0,1,0,0,Alaska,0.254212963,0.29587963,0.112962963,0.02962963,12.8,12.8,12.8,93,93,93,3,4.682539683,248.9729029,Meteostat
31438,NE2,2022-07-09,0,0,0,0,0,0,0,0,0,0,0,0,0,0,0,0,0,0,0,0,0,2,0,0,0,0,0,0,0,0,0,0,0,0,0,0,2022,58.25287,-134.3463,2022-07-09 21:57:22,2022-07-10 04:08:33,,2022-07-10T01:00:46,31438,Douglas,dourp2,0,forest-conifer,,0,0,1,0,0,Alaska,0.257766204,0.29943287,0.127361111,0.044027778,13.48571429,12.8,14.4,88.28571429,81,93,0.5,2.948412698,258.1729029,Meteostat
31438,NE2,2022-07-10,0,0,0,0,0,0,0,0,0,0,0,0,0,0,0,0,0,0,0,0,0,1,0,0,0,0,0,0,0,0,0,0,0,0,0,0,2022,58.25287,-134.3463,2022-07-10 21:56:09,2022-07-11 04:10:03,,2022-07-11T01:20:46,31438,Douglas,dourp2,0,forest-conifer,,0,0,1,0,0,Alaska,0.259652778,0.301319444,0.142094907,0.058761574,12.05714286,11.7,12.2,89.14285714,86,93,6.6,7.658730159,262.9229029,Meteostat
31438,NE2,2022-07-11,0,0,0,2,0,0,0,0,0,0,0,0,0,0,0,0,0,0,0,0,0,1,0,0,0,0,0,0,0,1,0,0,0,0,0,0,2022,58.25287,-134.3463,2022-07-11 21:54:52,2022-07-12 04:11:36,,2022-07-12T01:59:03,31438,Douglas,dourp2,0,forest-conifer,,0,0,1,0,0,Alaska,0.26162037,0.303287037,0.169571759,0.086238426,10.6,10.6,10.6,91.14285714,89,92,2.1,3.03968254,265.9729029,Meteostat
31438,NE2,2022-07-12,0,0,0,0,0,0,0,0,0,0,0,0,0,0,0,0,0,0,0,0,0,0,0,0,0,0,0,0,0,10,0,0,0,0,0,0,2022,58.25287,-134.3463,2022-07-12 21:53:32,2022-07-13 04:13:12,2022-07-12T22:14:25,2022-07-13T03:08:00,31438,Douglas,dourp2,0,forest-conifer,,0,0,1,0,0,Alaska,0.263657407,0.305324074,0.203877315,0,10.65714286,10,11.1,94.57142857,92,97,2.8,0,267.6729029,Meteostat
31438,NE2,2023-06-21,0,0,0,4,0,0,0,0,0,0,0,0,0,0,0,0,0,0,0,0,0,1,0,0,0,0,0,0,0,1,0,0,0,0,0,0,2023,58.25287,-134.3463,2023-06-21 22:07:05,2023-06-22 03:51:37,,2023-06-22T00:47:36,31438,Douglas,dourp2,0,forest-conifer,,0,0,1,0,0,Alaska,0.239259259,0.280925926,0.111469907,0.028136574,13.72857143,12.2,15.6,79.28571429,64,89,0,1.920634921,103.9662619,Meteostat
31438,NE2,2023-06-22,0,0,0,9,0,0,0,0,0,0,0,0,0,0,0,0,0,0,0,0,0,1,0,0,0,0,0,0,0,3,0,0,0,0,0,0,2023,58.25287,-134.3463,2023-06-22 22:07:13,2023-06-23 03:51:57,,2023-06-23T00:53:37,31438,Douglas,dourp2,0,forest-conifer,,0,0,1,0,0,Alaska,0.239398148,0.281064815,0.115555556,0.032222222,14.84285714,13.9,17.2,71.42857143,63,81,0,1.119047619,110.0662619,Meteostat
31438,NE2,2023-06-23,0,0,0,2,0,0,0,0,0,0,0,0,0,0,0,0,0,0,0,0,0,0,0,0,0,0,0,0,0,7,0,0,0,0,0,0,2023,58.25287,-134.3463,2023-06-23 22:07:16,2023-06-24 03:52:21,,2023-06-24T00:57:29,31438,Douglas,dourp2,0,forest-conifer,,0,0,1,0,0,Alaska,0.239641204,0.28130787,0.118206019,0.034872685,17.2,16.1,18.3,66.85714286,61,72,0,3.682539683,116.1662619,Meteostat
31438,NE2,2023-06-24,0,0,0,9,0,0,0,0,0,1,0,0,0,0,0,0,0,0,0,0,0,1,0,0,0,0,0,0,0,2,0,0,0,0,0,0,2023,58.25287,-134.3463,2023-06-24 22:07:14,2023-06-25 03:52:49,,2023-06-25T01:00:15,31438,Douglas,dourp2,0,forest-conifer,,0,0,1,0,0,Alaska,0.239988426,0.281655093,0.120150463,0.03681713,14.02857143,13.3,15,91.85714286,83,100,5.5,1.706349206,124.5162619,Meteostat
31438,NE2,2023-06-25,0,0,0,7,0,0,0,0,0,0,0,0,0,0,0,0,0,0,0,0,0,2,0,0,0,0,0,0,0,4,0,0,0,0,0,0,2023,58.25287,-134.3463,2023-06-25 22:07:08,2023-06-26 03:53:22,,2023-06-26T01:02:34,31438,Douglas,dourp2,0,forest-conifer,,0,0,1,0,0,Alaska,0.240439815,0.282106481,0.121828704,0.03849537,13.08571429,12.8,13.3,97.14285714,96,100,3.9,3.896825397,130.6162619,Meteostat
31438,NE2,2023-06-26,0,0,0,2,0,0,0,0,0,0,0,0,0,0,0,0,0,0,0,0,0,0,0,0,0,0,0,0,0,1,0,0,0,0,0,0,2023,58.25287,-134.3463,2023-06-26 22:06:56,2023-06-27 03:54:00,,2023-06-27T01:04:58,31438,Douglas,dourp2,0,forest-conifer,,0,0,1,0,0,Alaska,0.241018519,0.282685185,0.123634259,0.040300926,13.8,13.3,14.4,97.85714286,93,100,4.5,2.452380952,134.8162619,Meteostat
31438,NE2,2023-06-27,0,0,0,1,0,0,0,0,0,1,0,0,0,0,0,0,0,0,0,0,0,0,0,0,0,0,0,0,0,1,0,0,0,0,0,0,2023,58.25287,-134.3463,2023-06-27 22:06:40,2023-06-28 03:54:42,,2023-06-28T01:08:03,31438,Douglas,dourp2,0,forest-conifer,,0,0,1,0,0,Alaska,0.241689815,0.283356481,0.125960648,0.042627315,12.77142857,12.2,13.3,94,89,100,0,0.428571429,138.4162619,Meteostat
31438,NE2,2023-06-28,0,0,0,3,0,0,0,0,0,0,0,0,0,0,0,0,0,0,0,0,0,2,0,0,0,0,0,0,0,0,0,0,0,0,0,0,2023,58.25287,-134.3463,2023-06-28 22:06:20,2023-06-29 03:55:28,,2023-06-29T01:12:42,31438,Douglas,dourp2,0,forest-conifer,,0,0,1,0,0,Alaska,0.242453704,0.28412037,0.129421296,0.046087963,12.54285714,11.1,13.9,92.14285714,87,97,0,5.896825397,143.1162619,Meteostat
31438,NE2,2023-06-29,0,0,0,1,0,0,0,0,0,0,0,0,0,0,0,0,0,0,0,0,0,0,0,0,0,0,0,0,0,0,0,0,0,0,0,0,2023,58.25287,-134.3463,2023-06-29 22:05:54,2023-06-30 03:56:18,,2023-06-30T01:20:35,31438,Douglas,dourp2,0,forest-conifer,,0,0,1,0,0,Alaska,0.243333333,0.285,0.135196759,0.051863426,10.74285714,10,11.7,93.42857143,92,97,4.7,1.103174603,147.0162619,Meteostat
31438,NE2,2023-06-30,0,0,0,3,0,0,0,0,0,0,0,0,0,0,0,0,0,0,0,0,0,0,0,0,0,0,0,0,0,0,0,0,0,0,0,0,2023,58.25287,-134.3463,2023-06-30 22:05:24,2023-07-01 03:57:12,,2023-07-01T01:35:25,31438,Douglas,dourp2,0,forest-conifer,,0,0,1,0,0,Alaska,0.244305556,0.285972222,0.145844907,0.062511574,9.2,7.8,10.6,97.14285714,96,100,0.1,0.817460317,149.7662619,Meteostat
31438,NE2-Dup,2022-06-26,0,0,0,0,0,0,0,0,0,0,0,0,0,0,0,0,0,0,0,0,0,3,0,0,0,0,0,0,0,2,0,0,0,0,0,0,2022,58.25287,-134.3463,2022-06-26 22:06:52,2022-06-27 03:54:09,2022-06-27T02:24:35,,31438,Douglas,dourp2,0,forest-conifer,,0,0,1,0,0,Alaska,0.241168981,0.282835648,0.062199074,0.095636574,13.02857143,11.7,15.6,75.85714286,67,83,0,0.428571429,154.9679284,Meteostat
31438,NE2-Dup,2022-06-27,0,0,0,2,0,0,0,0,0,0,0,0,0,0,0,0,0,0,0,0,0,4,0,0,0,0,0,0,0,0,0,0,0,0,0,0,2022,58.25287,-134.3463,2022-06-27 22:06:35,2022-06-28 03:54:52,2022-06-28T02:54:29,,31438,Douglas,dourp2,0,forest-conifer,,0,0,1,0,0,Alaska,0.241863426,0.283530093,0.04193287,0.116597222,13.97142857,11.7,16.7,75.28571429,65,86,0,0.603174603,162.7663716,Meteostat
31438,NE2-Dup,2022-06-28,0,0,0,1,0,0,0,0,0,0,0,0,0,0,0,0,0,0,0,0,0,2,0,0,0,0,0,0,0,0,0,0,0,0,0,0,2022,58.25287,-134.3463,2022-06-28 22:06:14,2022-06-29 03:55:40,2022-06-29T03:41:36,2022-06-28T22:48:44,31438,Douglas,dourp2,0,forest-conifer,,0,0,1,0,0,Alaska,0.242662037,0.284328704,-0.20337963,0.149560185,16.67142857,15.6,18.3,66.28571429,54,72,0,1.246031746,171.4163716,Meteostat
31438,NE2-Dup,2022-06-29,0,0,0,1,0,0,0,0,0,0,0,0,0,0,0,0,0,0,0,0,0,1,0,0,0,0,0,0,0,0,0,0,0,0,0,0,2022,58.25287,-134.3463,2022-06-29 22:05:47,2022-06-30 03:56:31,,2022-06-29T23:28:09,31438,Douglas,dourp2,0,forest-conifer,,0,0,1,0,0,Alaska,0.243564815,0.285231481,0.057199074,0,16.12857143,15,17.2,70.42857143,67,72,0,4.253968254,181.7163716,Meteostat
31438,NE2-Dup,2022-06-30,0,0,0,1,0,0,0,0,0,0,0,0,0,0,0,0,2,0,0,0,0,4,0,0,0,0,0,0,0,0,0,0,0,0,0,0,2022,58.25287,-134.3463,2022-06-30 22:05:17,2022-07-01 03:57:26,,2022-06-30T23:52:26,31438,Douglas,dourp2,0,forest-conifer,,0,0,1,0,0,Alaska,0.244548611,0.286215278,0.074409722,0,11.64285714,9.4,14.4,79.71428571,70,90,0,0.428571429,190.0663716,Meteostat
31438,NE2-Dup,2022-07-01,0,0,0,0,0,0,0,0,0,0,0,0,0,0,0,0,0,0,0,0,0,2,0,0,0,0,0,0,0,2,0,0,0,0,0,0,2022,58.25287,-134.3463,2022-07-01 22:04:41,2022-07-02 03:58:26,,2022-07-02T00:07:18,31438,Douglas,dourp2,0,forest-conifer,,0,0,1,0,0,Alaska,0.245659722,0.287326389,0.085150463,0.00181713,12.21428571,9.4,13.9,86.28571429,81,90,0,0.73015873,196.7163716,Meteostat
31438,NE2-Dup,2022-07-02,0,0,0,1,0,0,0,0,0,0,0,0,0,0,0,0,0,0,0,0,0,0,0,0,0,0,0,0,0,0,0,0,0,0,0,0,2022,58.25287,-134.3463,2022-07-02 22:04:01,2022-07-03 03:59:29,,2022-07-03T00:16:50,31438,Douglas,dourp2,0,forest-conifer,,0,0,1,0,0,Alaska,0.246851852,0.288518519,0.092233796,0.008900463,14.04285714,12.2,17.2,79.57142857,63,86,0,0,202.5717669,Meteostat
31438,NE2-Dup,2022-07-03,0,0,0,2,0,0,0,0,0,0,0,0,0,0,0,0,1,0,0,0,0,0,0,0,0,0,0,0,0,0,0,0,0,0,0,0,2022,58.25287,-134.3463,2022-07-03 22:03:17,2022-07-04 04:00:37,,2022-07-04T00:23:25,31438,Douglas,dourp2,0,forest-conifer,,0,0,1,0,0,Alaska,0.248148148,0.289814815,0.097314815,0.013981481,15.05714286,12.8,17.2,73,63,87,0,0.873015873,209.5229029,Meteostat
31438,NE2-Dup,2022-07-04,0,0,0,0,0,0,0,0,0,0,0,0,0,0,0,0,0,0,0,0,0,1,0,0,0,0,0,0,0,4,0,0,0,0,0,0,2022,58.25287,-134.3463,2022-07-04 22:02:28,2022-07-05 04:01:47,,2022-07-05T00:28:25,31438,Douglas,dourp2,0,forest-conifer,,0,0,1,0,0,Alaska,0.249525463,0.29119213,0.101354167,0.018020833,18.41428571,16.7,21.1,61.85714286,51,70,0,1.158730159,218.9729029,Meteostat
31438,NE2-Dup,2022-07-05,0,0,0,0,0,0,0,0,0,0,0,0,0,0,0,0,0,0,0,0,0,1,0,0,0,0,0,0,0,0,0,0,0,0,0,0,2022,58.25287,-134.3463,2022-07-05 22:01:35,2022-07-06 04:03:02,,2022-07-06T00:32:44,31438,Douglas,dourp2,0,forest-conifer,,0,0,1,0,0,Alaska,0.251006944,0.292673611,0.104965278,0.021631944,16.52857143,15.6,18.9,76,68,80,0,2.53968254,229.5229029,Meteostat
31438,NE2-Dup,2022-07-06,0,0,0,1,0,0,0,0,0,0,0,0,0,0,0,0,0,0,0,0,0,0,0,0,0,0,0,0,0,1,0,0,0,0,0,0,2022,58.25287,-134.3463,2022-07-06 22:00:38,2022-07-07 04:04:20,,2022-07-07T00:37:05,31438,Douglas,dourp2,0,forest-conifer,,0,0,1,0,0,Alaska,0.252569444,0.294236111,0.108645833,0.0253125,15.32857143,13.9,16.1,78.71428571,72,84,0,1.246031746,240.0729029,Meteostat
31438,NE2-Dup,2022-07-07,0,0,0,0,0,0,0,0,0,0,0,0,0,0,0,0,0,0,0,0,0,0,0,0,0,0,0,0,0,3,0,0,0,0,0,0,2022,58.25287,-134.3463,2022-07-07 21:59:37,2022-07-08 04:05:41,,2022-07-08T00:42:17,31438,Douglas,dourp2,0,forest-conifer,,0,0,1,0,0,Alaska,0.254212963,0.29587963,0.112962963,0.02962963,12.8,12.8,12.8,93,93,93,3,4.682539683,248.9729029,Meteostat
31438,NE2-Dup,2022-07-08,0,0,0,0,0,0,0,0,0,0,0,0,0,0,0,0,0,0,0,0,0,0,0,0,0,0,0,0,0,3,0,0,0,0,0,0,2022,58.25287,-134.3463,2022-07-08 21:58:32,2022-07-09 04:07:05,,2022-07-09T00:49:27,31438,Douglas,dourp2,0,forest-conifer,,0,0,1,0,0,Alaska,0.2559375,0.297604167,0.11869213,0.035358796,13.01428571,12.8,13.3,91.71428571,90,93,1.5,2.80952381,253.9729029,Meteostat
31438,NE2-Dup,2022-07-09,0,0,0,0,0,0,0,0,0,0,0,0,0,0,0,0,0,0,0,0,0,2,0,0,0,0,0,0,0,0,0,0,0,0,0,0,2022,58.25287,-134.3463,2022-07-09 21:57:22,2022-07-10 04:08:33,,2022-07-10T01:00:46,31438,Douglas,dourp2,0,forest-conifer,,0,0,1,0,0,Alaska,0.257766204,0.29943287,0.127361111,0.044027778,13.48571429,12.8,14.4,88.28571429,81,93,0.5,2.948412698,258.1729029,Meteostat
31438,NE2-Dup,2022-07-10,0,0,0,0,0,0,0,0,0,0,0,0,0,0,0,0,0,0,0,0,0,1,0,0,0,0,0,0,0,0,0,0,0,0,0,0,2022,58.25287,-134.3463,2022-07-10 21:56:09,2022-07-11 04:10:03,,2022-07-11T01:20:46,31438,Douglas,dourp2,0,forest-conifer,,0,0,1,0,0,Alaska,0.259652778,0.301319444,0.142094907,0.058761574,12.05714286,11.7,12.2,89.14285714,86,93,6.6,7.658730159,262.9229029,Meteostat
31438,NE2-Dup,2022-07-11,0,0,0,3,0,0,0,0,0,0,0,0,0,0,0,0,0,0,0,0,0,1,0,0,0,0,0,0,0,2,0,0,0,0,0,0,2022,58.25287,-134.3463,2022-07-11 21:54:52,2022-07-12 04:11:36,,2022-07-12T01:59:03,31438,Douglas,dourp2,0,forest-conifer,,0,0,1,0,0,Alaska,0.26162037,0.303287037,0.169571759,0.086238426,10.6,10.6,10.6,91.14285714,89,92,2.1,3.03968254,265.9729029,Meteostat
31438,NE2-Dup,2022-07-12,0,0,0,0,0,0,0,0,0,0,0,0,0,0,0,0,0,0,0,0,0,0,0,0,0,0,0,0,0,8,0,0,0,0,0,0,2022,58.25287,-134.3463,2022-07-12 21:53:32,2022-07-13 04:13:12,2022-07-12T22:14:25,2022-07-13T03:08:00,31438,Douglas,dourp2,0,forest-conifer,,0,0,1,0,0,Alaska,0.263657407,0.305324074,0.203877315,0,10.65714286,10,11.1,94.57142857,92,97,2.8,0,267.6729029,Meteostat
31438,NE3,2015-06-25,0,0,0,0,0,0,0,0,0,0,0,0,0,0,0,0,0,0,0,0,0,0,0,0,0,0,0,0,0,1,0,0,0,0,0,0,2015,,,,,,,,,,,,,,,,,,Alaska,,,9,9,,,,,,,,,0,
31438,NW,2015-06-25,0,0,0,0,0,0,0,0,0,0,0,0,0,0,0,0,0,0,0,0,0,0,0,0,0,0,0,0,0,1,0,0,0,0,0,0,2015,58.26963,-134.43333,2015-06-25 22:07:34,2015-06-26 03:53:32,,2015-06-26T01:23:16,31438,Douglas,dourp1,186,forest-conifer,"Forest Clearing,Stream",0,70,1,15,creek,Alaska,0.24025463,0.281921296,0.135902778,0.052569444,NA,NA,NA,NA,NA,NA,NA,NA,0,Meteostat
31438,NW,2015-06-26,0,0,0,3,0,0,0,0,0,0,0,0,0,0,0,0,0,0,0,0,0,9,0,0,1,0,0,0,0,10,0,0,0,0,0,0,2015,58.26963,-134.43333,2015-06-26 22:07:23,2015-06-27 03:54:09,,2015-06-27T01:44:43,31438,Douglas,dourp1,186,forest-conifer,"Forest Clearing,Stream",0,70,1,15,creek,Alaska,0.240810185,0.282476852,0.150925926,0.067592593,NA,NA,NA,NA,NA,NA,NA,NA,0,Meteostat
31438,NW,2015-06-27,0,0,0,1,0,0,0,0,0,0,0,0,0,0,0,0,0,0,0,0,0,0,0,0,0,0,0,0,0,2,0,0,0,0,0,0,2015,58.26963,-134.43333,2015-06-27 22:07:08,2015-06-28 03:54:50,,2015-06-28T02:10:31,31438,Douglas,dourp1,186,forest-conifer,"Forest Clearing,Stream",0,70,1,15,creek,Alaska,0.241458333,0.283125,0.169016204,0.08568287,NA,NA,NA,NA,NA,NA,NA,NA,0,Meteostat
31438,NW,2015-06-28,0,0,0,0,0,0,0,0,0,0,0,0,0,0,0,0,0,0,0,0,0,0,0,0,0,0,0,0,0,1,0,0,0,0,0,0,2015,58.26963,-134.43333,2015-06-28 22:06:47,2015-06-29 03:55:36,,2015-06-29T02:42:50,31438,Douglas,dourp1,186,forest-conifer,"Forest Clearing,Stream",0,70,1,15,creek,Alaska,0.242233796,0.283900463,0.191701389,0.108368056,NA,NA,NA,NA,NA,NA,NA,NA,0,Meteostat
31438,NW,2020-06-14,0,0,0,0,0,0,0,0,0,0,0,0,0,0,0,0,0,0,0,0,0,1,0,0,0,0,0,0,0,0,0,0,0,0,0,0,2020,58.26963,-134.43333,2020-06-14 22:04:57,2020-06-15 03:51:33,2020-06-15T02:20:28,,31438,Douglas,dourp1,186,forest-conifer,"Forest Clearing,Stream",0,70,1,15,creek,Alaska,0.240694444,0.282361111,0.063252315,0.094108796,10.5,10,11.7,93.14285714,89,96,0,0.214285714,107.9876021,Meteostat
31438,NW,2020-06-15,0,0,0,0,0,0,0,0,0,0,0,0,0,0,0,0,0,0,0,0,0,1,0,0,0,0,0,0,0,0,0,0,0,0,0,0,2020,58.26963,-134.43333,2020-06-15 22:05:34,2020-06-16 03:51:23,2020-06-16T02:29:05,,31438,Douglas,dourp1,186,forest-conifer,"Forest Clearing,Stream",0,70,1,15,creek,Alaska,0.240150463,0.28181713,0.057152778,0.099664352,11.11428571,10.6,11.7,88.57142857,83,92,0.3,3.03968254,109.9376021,Meteostat
31438,NW,2020-06-16,0,0,0,2,0,0,0,0,0,0,0,0,0,0,0,0,0,0,0,0,0,1,0,0,0,0,0,0,0,1,0,0,0,0,0,0,2020,58.26963,-134.43333,2020-06-16 22:06:06,2020-06-17 03:51:18,2020-06-17T02:39:06,,31438,Douglas,dourp1,186,forest-conifer,"Forest Clearing,Stream",0,70,1,15,creek,Alaska,0.239722222,0.281388889,0.050138889,0.10625,10.5,10,11.1,91,89,93,0.3,3.253968254,111.8876021,Meteostat
31438,NW,2020-06-19,0,0,0,0,0,0,0,0,0,0,0,0,0,0,0,0,0,0,0,0,0,0,0,0,0,0,0,0,0,1,0,0,0,0,0,0,2020,58.26963,-134.43333,2020-06-19 22:07:16,2020-06-20 03:51:30,2020-06-20T03:34:05,,31438,Douglas,dourp1,186,forest-conifer,"Forest Clearing,Stream",0,70,1,15,creek,Alaska,0.239050926,0.280717593,0.012094907,0.143622685,12.51428571,12.2,13.3,92.71428571,90,97,4.9,3.091269841,117.7876021,Meteostat
31438,NW,2020-06-21,0,0,0,0,0,0,0,0,0,0,0,0,0,0,0,0,0,0,0,0,0,0,0,0,0,0,0,0,0,1,0,0,0,0,0,0,2020,58.26963,-134.43333,2020-06-21 22:07:39,2020-06-22 03:52:02,,2020-06-21T22:56:56,31438,Douglas,dourp1,186,forest-conifer,"Forest Clearing,Stream",0,70,1,15,creek,Alaska,0.239155093,0.280821759,0.034224537,0,9.042857143,8.3,10,93,89,97,0.3,2.238095238,123.0876021,Meteostat
31438,NW,2021-07-01,0,0,0,0,0,0,0,0,0,0,0,0,0,0,0,0,0,0,0,0,0,2,0,0,0,0,0,0,0,0,0,0,0,0,0,0,2021,58.26963,-134.43333,2021-07-01 22:04:59,2021-07-02 03:58:50,2021-07-02T01:06:26,,31438,Douglas,dourp1,186,forest-conifer,"Forest Clearing,Stream",0,70,1,15,creek,Alaska,0.245729167,0.287395833,0.119722222,0.042673611,12.6,12.2,13.3,84,77,90,0,1.992063492,150.0461987,Meteostat
31438,NW,2021-07-02,0,0,0,0,0,0,0,0,0,0,0,0,0,0,0,0,0,0,0,0,0,1,0,0,1,0,0,0,0,0,0,0,0,0,0,0,2021,58.26963,-134.43333,2021-07-02 22:04:18,2021-07-03 03:59:54,2021-07-03T01:12:32,,31438,Douglas,dourp1,186,forest-conifer,"Forest Clearing,Stream",0,70,1,15,creek,Alaska,0.246944444,0.288611111,0.116226852,0.047384259,11.42857143,10,13.9,80.71428571,69,86,0,0,155.0461987,Meteostat
31438,NW,2021-07-03,0,0,0,0,0,0,0,0,0,0,0,0,0,0,0,0,0,0,0,0,0,8,0,0,0,0,0,0,0,0,0,0,0,0,0,0,2021,58.26963,-134.43333,2021-07-03 22:03:33,2021-07-04 04:01:03,2021-07-04T01:19:36,,31438,Douglas,dourp1,186,forest-conifer,"Forest Clearing,Stream",0,70,1,15,creek,Alaska,0.248263889,0.289930556,0.112118056,0.0528125,14.02857143,12.8,15.6,67,62,72,0,1.920634921,159.7461987,Meteostat
31438,NW,2021-07-04,0,0,0,0,0,0,0,0,0,0,0,0,0,0,0,0,0,0,0,0,0,17,0,0,0,0,0,0,0,0,0,0,0,0,0,0,2021,58.26963,-134.43333,2021-07-04 22:02:43,2021-07-05 04:02:14,2021-07-05T01:28:40,,31438,Douglas,dourp1,186,forest-conifer,"Forest Clearing,Stream",0,70,1,15,creek,Alaska,0.249664352,0.291331019,0.106643519,0.0596875,11.82857143,8.9,15.6,75.85714286,64,86,0,0.73015873,163.6461987,Meteostat
31438,NW,2021-07-05,0,0,0,0,0,0,0,0,0,0,0,0,0,0,0,0,0,0,0,0,0,8,0,0,0,0,0,0,0,0,0,0,0,0,0,0,2021,58.26963,-134.43333,2021-07-05 22:01:49,2021-07-06 04:03:30,2021-07-06T01:41:16,,31438,Douglas,dourp1,186,forest-conifer,"Forest Clearing,Stream",0,70,1,15,creek,Alaska,0.251168981,0.292835648,0.098773148,0.0690625,14.02857143,11.1,18.3,71.57142857,54,80,0,1.174603175,169.4461987,Meteostat
31438,NW,2021-07-06,0,0,0,0,0,0,0,0,0,0,0,0,0,0,0,0,0,0,0,0,0,3,0,0,1,0,0,0,0,0,0,0,0,0,0,0,2021,58.26963,-134.43333,2021-07-06 22:00:51,2021-07-07 04:04:48,2021-07-07T02:00:01,,31438,Douglas,dourp1,186,forest-conifer,"Forest Clearing,Stream",0,70,1,15,creek,Alaska,0.252743056,0.294409722,0.086655093,0.08275463,13.72857143,12.2,15.6,68.71428571,64,75,0,3.182539683,175.6762413,Meteostat
31438,NW,2022-06-26,0,0,0,2,0,0,0,0,0,0,0,0,0,0,0,0,0,0,0,0,0,9,0,0,0,0,0,0,0,5,0,0,0,0,0,0,2022,58.26963,-134.43333,2022-06-26 22:07:23,2022-06-27 03:54:21,2022-06-27T02:24:45,,31438,Douglas,dourp1,186,forest-conifer,"Forest Clearing,Stream",0,70,1,15,creek,Alaska,0.240949074,0.282615741,0.062222222,0.095393519,13.02857143,11.7,15.6,75.85714286,67,83,0,0.428571429,154.9679284,Meteostat
31438,NW,2022-06-27,0,0,0,9,0,0,0,0,0,0,0,0,0,0,0,0,4,0,0,0,0,5,0,0,0,0,0,0,0,13,0,0,0,0,0,0,2022,58.26963,-134.43333,2022-06-27 22:07:06,2022-06-28 03:55:04,2022-06-28T02:54:38,,31438,Douglas,dourp1,186,forest-conifer,"Forest Clearing,Stream",0,70,1,15,creek,Alaska,0.241643519,0.283310185,0.041967593,0.116342593,13.97142857,11.7,16.7,75.28571429,65,86,0,0.603174603,162.7663716,Meteostat
31438,NW,2022-06-28,0,0,0,7,0,0,0,0,0,0,0,0,0,0,0,0,5,0,0,0,0,8,0,0,0,0,0,0,0,8,0,0,0,0,0,0,2022,58.26963,-134.43333,2022-06-28 22:06:44,2022-06-29 03:55:51,2022-06-29T03:41:45,2022-06-28T22:49:18,31438,Douglas,dourp1,186,forest-conifer,"Forest Clearing,Stream",0,70,1,15,creek,Alaska,0.24244213,0.284108796,-0.203090278,0.14931713,16.67142857,15.6,18.3,66.28571429,54,72,0,1.246031746,171.4163716,Meteostat
31438,NW,2022-06-29,0,0,0,8,0,0,0,0,0,0,0,0,0,0,0,0,2,0,0,0,0,4,0,0,0,0,0,0,0,2,0,0,0,0,0,0,2022,58.26963,-134.43333,2022-06-29 22:06:18,2022-06-30 03:56:43,,2022-06-29T23:28:42,31438,Douglas,dourp1,186,forest-conifer,"Forest Clearing,Stream",0,70,1,15,creek,Alaska,0.243344907,0.285011574,0.057222222,0,16.12857143,15,17.2,70.42857143,67,72,0,4.253968254,181.7163716,Meteostat
31438,NW,2022-06-30,0,0,0,4,0,0,0,0,0,0,0,0,0,0,0,0,11,0,0,0,0,8,0,0,0,0,0,0,0,4,0,0,0,0,0,0,2022,58.26963,-134.43333,2022-06-30 22:05:47,2022-07-01 03:57:38,,2022-06-30T23:52:57,31438,Douglas,dourp1,186,forest-conifer,"Forest Clearing,Stream",0,70,1,15,creek,Alaska,0.244340278,0.286006944,0.074421296,0,11.64285714,9.4,14.4,79.71428571,70,90,0,0.428571429,190.0663716,Meteostat
31438,NW,2022-07-01,0,0,0,16,0,0,0,0,0,0,0,0,0,0,0,0,1,0,0,0,0,10,0,0,0,0,0,0,0,1,0,0,0,0,0,0,2022,58.26963,-134.43333,2022-07-01 22:05:11,2022-07-02 03:58:38,,2022-07-02T00:07:46,31438,Douglas,dourp1,186,forest-conifer,"Forest Clearing,Stream",0,70,1,15,creek,Alaska,0.245451389,0.287118056,0.085127315,0.001793981,12.21428571,9.4,13.9,86.28571429,81,90,0,0.73015873,196.7163716,Meteostat
31438,NW,2022-07-02,0,0,0,9,0,0,0,0,0,0,0,0,0,0,0,0,0,0,0,0,0,4,0,0,0,0,0,0,0,3,0,0,0,0,0,0,2022,58.26963,-134.43333,2022-07-02 22:04:31,2022-07-03 03:59:41,,2022-07-03T00:17:16,31438,Douglas,dourp1,186,forest-conifer,"Forest Clearing,Stream",0,70,1,15,creek,Alaska,0.246643519,0.288310185,0.0921875,0.008854167,14.04285714,12.2,17.2,79.57142857,63,86,0,0,202.5717669,Meteostat
31438,NW,2022-07-03,0,0,0,3,0,0,0,0,0,0,0,0,0,0,0,0,0,0,0,0,0,1,0,0,0,0,0,0,0,2,0,0,0,0,0,0,2022,58.26963,-134.43333,2022-07-03 22:03:47,2022-07-04 04:00:48,,2022-07-04T00:23:49,31438,Douglas,dourp1,186,forest-conifer,"Forest Clearing,Stream",0,70,1,15,creek,Alaska,0.247928241,0.289594907,0.09724537,0.013912037,15.05714286,12.8,17.2,73,63,87,0,0.873015873,209.5229029,Meteostat
31438,NW,2022-07-04,0,0,0,0,0,0,0,0,0,0,0,0,0,0,0,0,0,0,0,0,0,2,0,0,0,0,0,0,0,1,0,0,0,0,0,0,2022,58.26963,-134.43333,2022-07-04 22:02:58,2022-07-05 04:01:59,,2022-07-05T00:28:48,31438,Douglas,dourp1,186,forest-conifer,"Forest Clearing,Stream",0,70,1,15,creek,Alaska,0.24931713,0.290983796,0.101273148,0.017939815,18.41428571,16.7,21.1,61.85714286,51,70,0,1.158730159,218.9729029,Meteostat
31438,NW,2022-07-05,0,0,0,2,0,0,0,0,0,0,0,0,0,0,0,0,0,0,0,0,0,0,0,0,0,0,0,0,0,2,0,0,0,0,0,0,2022,58.26963,-134.43333,2022-07-05 22:02:05,2022-07-06 04:03:14,,2022-07-06T00:33:05,31438,Douglas,dourp1,186,forest-conifer,"Forest Clearing,Stream",0,70,1,15,creek,Alaska,0.250798611,0.292465278,0.104861111,0.021527778,16.52857143,15.6,18.9,76,68,80,0,2.53968254,229.5229029,Meteostat
31438,NW,2022-07-06,0,0,0,0,0,0,0,0,0,0,0,0,0,0,0,0,0,0,0,0,0,2,0,0,0,0,0,0,0,0,0,0,0,0,0,0,2022,58.26963,-134.43333,2022-07-06 22:01:08,2022-07-07 04:04:32,,2022-07-07T00:37:25,31438,Douglas,dourp1,186,forest-conifer,"Forest Clearing,Stream",0,70,1,15,creek,Alaska,0.252361111,0.294027778,0.108530093,0.025196759,15.32857143,13.9,16.1,78.71428571,72,84,0,1.246031746,240.0729029,Meteostat
31438,NW,2022-07-07,0,0,0,1,0,0,0,0,0,0,0,0,0,0,0,0,0,0,0,0,0,0,0,0,0,0,0,0,0,0,0,0,0,0,0,0,2022,58.26963,-134.43333,2022-07-07 22:00:07,2022-07-08 04:05:53,,2022-07-08T00:42:35,31438,Douglas,dourp1,186,forest-conifer,"Forest Clearing,Stream",0,70,1,15,creek,Alaska,0.25400463,0.295671296,0.112824074,0.029490741,12.8,12.8,12.8,93,93,93,3,4.682539683,248.9729029,Meteostat
31438,NW,2022-07-08,0,0,0,1,0,0,0,0,0,0,0,0,0,0,0,0,1,0,0,0,0,0,0,0,0,0,0,0,0,4,0,0,0,0,0,0,2022,58.26963,-134.43333,2022-07-08 21:59:01,2022-07-09 04:07:18,,2022-07-09T00:49:44,31438,Douglas,dourp1,186,forest-conifer,"Forest Clearing,Stream",0,70,1,15,creek,Alaska,0.255752315,0.297418981,0.118553241,0.035219907,13.01428571,12.8,13.3,91.71428571,90,93,1.5,2.80952381,253.9729029,Meteostat
31438,NW,2022-07-09,0,0,0,5,0,0,0,0,0,0,0,0,0,0,0,0,0,0,0,0,0,3,0,0,0,0,0,0,0,6,0,0,0,0,0,0,2022,58.26963,-134.43333,2022-07-09 21:57:52,2022-07-10 04:08:45,,2022-07-10T01:01:00,31438,Douglas,dourp1,186,forest-conifer,"Forest Clearing,Stream",0,70,1,15,creek,Alaska,0.25755787,0.299224537,0.127175926,0.043842593,13.48571429,12.8,14.4,88.28571429,81,93,0.5,2.948412698,258.1729029,Meteostat
31438,NW,2022-07-10,0,0,0,1,0,0,0,0,0,0,0,0,0,0,0,0,0,0,0,0,0,3,0,0,0,0,0,0,0,2,0,0,0,0,0,0,2022,58.26963,-134.43333,2022-07-10 21:56:38,2022-07-11 04:10:16,,2022-07-11T01:20:57,31438,Douglas,dourp1,186,forest-conifer,"Forest Clearing,Stream",0,70,1,15,creek,Alaska,0.259467593,0.301134259,0.141886574,0.058553241,12.05714286,11.7,12.2,89.14285714,86,93,6.6,7.658730159,262.9229029,Meteostat
31438,NW,2022-07-11,0,0,0,1,0,0,0,0,0,0,0,0,0,0,0,0,0,0,0,0,0,1,0,0,0,0,0,0,0,1,0,0,0,0,0,0,2022,58.26963,-134.43333,2022-07-11 21:55:21,2022-07-12 04:11:49,,2022-07-12T01:59:11,31438,Douglas,dourp1,186,forest-conifer,"Forest Clearing,Stream",0,70,1,15,creek,Alaska,0.261435185,0.303101852,0.169328704,0.08599537,10.6,10.6,10.6,91.14285714,89,92,2.1,3.03968254,265.9729029,Meteostat
31438,NW,2022-07-12,0,0,0,2,0,0,0,0,0,0,0,0,0,0,0,0,2,0,0,0,0,2,0,0,0,0,0,0,0,3,0,0,0,0,0,0,2022,58.26963,-134.43333,2022-07-12 21:54:01,2022-07-13 04:13:25,2022-07-12T22:15:00,2022-07-13T03:08:09,31438,Douglas,dourp1,186,forest-conifer,"Forest Clearing,Stream",0,70,1,15,creek,Alaska,0.263472222,0.305138889,0.203576389,0,10.65714286,10,11.1,94.57142857,92,97,2.8,0,267.6729029,Meteostat
31438,NW,2023-06-21,0,0,0,0,0,0,0,0,0,0,0,0,0,0,0,0,0,0,0,0,0,0,0,0,0,0,0,0,0,1,0,0,0,0,0,0,2023,58.26963,-134.43333,2023-06-21 22:07:35,2023-06-22 03:51:48,,2023-06-22T00:48:03,31438,Douglas,dourp1,186,forest-conifer,"Forest Clearing,Stream",0,70,1,15,creek,Alaska,0.239039352,0.280706019,0.111435185,0.028101852,13.72857143,12.2,15.6,79.28571429,64,89,0,1.920634921,103.9662619,Meteostat
31438,NW,2023-06-22,0,0,0,0,0,0,0,0,0,0,0,0,0,0,0,0,0,0,0,0,0,0,0,0,0,0,0,0,0,47,0,0,0,0,0,0,2023,58.26963,-134.43333,2023-06-22 22:07:43,2023-06-23 03:52:08,,2023-06-23T00:54:02,31438,Douglas,dourp1,186,forest-conifer,"Forest Clearing,Stream",0,70,1,15,creek,Alaska,0.239178241,0.280844907,0.115497685,0.032164352,14.84285714,13.9,17.2,71.42857143,63,81,0,1.119047619,110.0662619,Meteostat
31438,NW,2023-06-23,0,0,1,3,0,0,0,0,0,0,0,0,0,0,0,0,1,0,0,0,0,0,0,0,0,0,0,0,0,1,0,0,0,0,0,0,2023,58.26963,-134.43333,2023-06-23 22:07:46,2023-06-24 03:52:32,,2023-06-24T00:57:53,31438,Douglas,dourp1,186,forest-conifer,"Forest Clearing,Stream",0,70,1,15,creek,Alaska,0.239421296,0.281087963,0.118136574,0.034803241,17.2,16.1,18.3,66.85714286,61,72,0,3.682539683,116.1662619,Meteostat
31438,NW,2024-06-26,0,,0,0,0,0,,0,0,0,0,,0,0,0,0,1,,,,0,9,0,0,1,0,0,0,0,2,,,,,,0,2024,58.26963,-134.43333,2024-06-26 22:07:13,2024-06-27 03:54:41,2024-06-27T00:36:10,,31438,Douglas,dourp1,186,forest-conifer,"Forest Clearing,Stream",0,70,1,15,creek,Alaska,0.241296296,0.282962963,0.137858796,0.020104167,13.48571429,11.7,17.8,79,60,86,0,1.285714286,125.6924326,Meteostat
31438,NW,2024-06-27,0,,0,0,0,0,,0,0,0,1,,0,0,0,0,0,,,,0,8,0,0,0,0,0,0,0,1,,,,,,0,2024,58.26963,-134.43333,2024-06-27 22:06:54,2024-06-28 03:55:26,2024-06-28T00:38:39,,31438,Douglas,dourp1,186,forest-conifer,"Forest Clearing,Stream",0,70,1,15,creek,Alaska,0.242037037,0.283703704,0.136655093,0.022048611,15.01428571,12.2,17.8,77.28571429,65,86,0,2.634920635,132.6424326,Meteostat
31438,NW,2024-06-28,0,,0,0,0,0,,0,0,0,2,,0,0,0,0,0,,,,0,23,0,0,1,0,0,0,0,4,,,,,,0,2024,58.26963,-134.43333,2024-06-28 22:06:30,2024-06-29 03:56:15,2024-06-29T00:41:04,,31438,Douglas,dourp1,186,forest-conifer,"Forest Clearing,Stream",0,70,1,15,creek,Alaska,0.242881944,0.284548611,0.135543981,0.02400463,15.97142857,15,16.7,74.42857143,70,81,0,4.051587302,140.9924326,Meteostat
31438,NW,2024-06-29,0,,0,0,0,0,,0,0,0,0,,0,0,0,0,4,,,,0,12,0,0,0,0,0,0,0,2,,,,,,0,2024,58.26963,-134.43333,2024-06-29 22:06:01,2024-06-30 03:57:09,2024-06-30T00:44:06,,31438,Douglas,dourp1,186,forest-conifer,"Forest Clearing,Stream",0,70,1,15,creek,Alaska,0.243842593,0.285509259,0.1340625,0.026446759,13.71428571,13.3,14.4,86.57142857,81,90,0.3,1.317460317,149.0424326,Meteostat
31438,NW,2024-06-30,0,,0,0,0,0,,0,0,0,0,,0,0,0,0,5,,,,0,16,0,0,4,0,0,0,0,7,,,,,,0,2024,58.26963,-134.43333,2024-06-30 22:05:28,2024-07-01 03:58:06,2024-07-01T00:48:45,,31438,Douglas,dourp1,186,forest-conifer,"Forest Clearing,Stream",0,70,1,15,creek,Alaska,0.244884259,0.286550926,0.131493056,0.03005787,12.62857143,11.7,13.3,91.28571429,89,96,0.8,1.865079365,155.9924326,Meteostat
31438,NW,2024-07-01,0,,0,0,0,0,,0,0,0,0,,0,0,0,0,3,,,,0,18,0,0,1,0,0,0,0,2,,,,,,0,2024,58.26963,-134.43333,2024-07-01 22:04:50,2024-07-02 03:59:08,2024-07-02T00:56:44,,31438,Douglas,dourp1,186,forest-conifer,"Forest Clearing,Stream",0,70,1,15,creek,Alaska,0.246041667,0.287708333,0.126666667,0.036041667,11.11428571,10.6,11.7,96.71428571,96,97,2.4,0.73015873,162.3424326,Meteostat
31438,NW,2024-07-02,0,,0,1,0,0,,0,0,1,0,,0,0,0,0,2,,,,0,14,0,0,0,0,0,0,0,5,,,,,,0,2024,58.26963,-134.43333,2024-07-02 22:04:08,2024-07-03 04:00:13,2024-07-03T01:11:45,,31438,Douglas,dourp1,186,forest-conifer,"Forest Clearing,Stream",0,70,1,15,creek,Alaska,0.247280093,0.288946759,0.116990741,0.046956019,10.74285714,10.6,11.1,96.85714286,96,100,2.9,0.515873016,164.8424326,Meteostat
31438,NW,2024-07-03,0,,0,0,0,0,,0,0,0,0,,0,0,0,0,0,,,,0,20,0,0,1,0,0,0,0,2,,,,,,0,2024,58.26963,-134.43333,2024-07-03 22:03:21,2024-07-04 04:01:22,2024-07-04T01:41:48,,31438,Douglas,dourp1,186,forest-conifer,"Forest Clearing,Stream",0,70,1,15,creek,Alaska,0.248622685,0.290289352,0.096921296,0.068368056,10.98571429,10.6,11.7,94.71428571,93,96,0,0.603174603,166.5424326,Meteostat
31438,NW,2024-07-04,0,,0,0,0,0,,0,0,0,0,,0,0,0,0,0,,,,0,6,0,0,0,0,0,0,0,1,,,,,,0,2024,58.26963,-134.43333,2024-07-04 22:02:30,2024-07-05 04:02:35,2024-07-05T02:38:03,2024-07-04T22:27:02,31438,Douglas,dourp1,186,forest-conifer,"Forest Clearing,Stream",0,70,1,15,creek,Alaska,0.25005787,0.291724537,-0.17431713,0.108020833,11.28571429,10.6,12.8,89.71428571,86,93,0,0.428571429,168.2424326,Meteostat
31438,NW,2024-07-05,0,,0,0,0,0,,0,0,0,0,,0,0,0,0,0,,,,0,9,0,0,1,0,0,0,0,0,,,,,,0,2024,58.26963,-134.43333,2024-07-05 22:01:35,2024-07-06 04:03:52,2024-07-06T03:59:42,2024-07-05T23:03:47,31438,Douglas,dourp1,186,forest-conifer,"Forest Clearing,Stream",0,70,1,15,creek,Alaska,0.251585648,0.293252315,-0.205497685,0.165358796,11.18571429,11.1,11.7,95.14285714,93,97,0.2,1.158730159,171.3424326,Meteostat
31438,NW,2024-07-06,0,,0,0,0,0,,0,0,0,0,,0,0,0,0,1,,,,0,9,0,0,0,0,0,0,0,1,,,,,,0,2024,58.26963,-134.43333,2024-07-06 22:00:36,2024-07-07 04:05:12,,2024-07-06T23:21:51,31438,Douglas,dourp1,186,forest-conifer,"Forest Clearing,Stream",0,70,1,15,creek,Alaska,0.253194444,0.294861111,0.056423611,0,11.75714286,11.1,12.8,82.57142857,80,89,0,0,173.8424326,Meteostat
31438,NW,2024-07-07,0,,0,0,0,0,,0,0,0,0,,0,0,0,0,0,,,,0,2,0,0,0,0,0,0,0,0,,,,,,0,2024,58.26963,-134.43333,2024-07-07 21:59:33,2024-07-08 04:06:35,,2024-07-07T23:31:05,31438,Douglas,dourp1,186,forest-conifer,"Forest Clearing,Stream",0,70,1,15,creek,Alaska,0.254884259,0.296550926,0.063564815,0,10.7,8.3,13.3,83.57142857,72,93,0,1.015873016,176.3424326,Meteostat
31438,NW,2025-06-28,,,0,,0,0,,0,0,0,0,,0,0,0,0,0,,,,0,1,0,0,0,,0,0,0,0,,,,,,,2025,58.26963,-134.43333,2025-06-28 22:06:36,2025-06-29 03:56:04,,2025-06-29T00:04:56,31438,Douglas,dourp1,186,forest-conifer,"Forest Clearing,Stream",0,70,1,15,creek,Alaska,0.242685185,0.284351852,0.082175926,0,11.14285714,10.6,12,91.42857143,88,94,12.7,5.003968254,80.12250552,Meteostat
31438,NW,2025-06-29,,,0,,0,0,,0,0,0,0,,0,0,0,0,1,,,,0,0,0,0,0,,0,0,0,0,,,,,,,2025,58.26963,-134.43333,2025-06-29 22:06:09,2025-06-30 03:56:56,,2025-06-30T00:07:44,31438,Douglas,dourp1,186,forest-conifer,"Forest Clearing,Stream",0,70,1,15,creek,Alaska,0.243599537,0.285266204,0.08443287,0.001099537,10.42857143,10,11.2,92.71428571,88,97,1.5,1.76984127,82.02250552,Meteostat
31438,NW,2025-06-30,,,0,,0,0,,0,0,0,0,,0,0,0,0,0,,,,0,1,0,0,0,,0,0,0,2,,,,,,,2025,58.26963,-134.43333,2025-06-30 22:05:37,2025-07-01 03:57:53,,2025-07-01T00:09:32,31438,Douglas,dourp1,186,forest-conifer,"Forest Clearing,Stream",0,70,1,15,creek,Alaska,0.24462963,0.286296296,0.086053241,0.002719907,10.94285714,10,11.7,93.14285714,88,100,5.1,1.48015873,83.20821376,Meteostat
31438,NW,2025-07-01,,,0,,0,0,,0,0,0,0,,0,0,0,0,0,,,,0,1,0,0,0,,0,0,0,1,,,,,,,2025,58.26963,-134.43333,2025-07-01 22:05:00,2025-07-02 03:58:54,,2025-07-02T00:10:58,31438,Douglas,dourp1,186,forest-conifer,"Forest Clearing,Stream",0,70,1,15,creek,Alaska,0.245763889,0.287430556,0.087476852,0.004143519,11.32857143,10.6,12,92.28571429,88,94,0,3.619047619,86.20821376,Meteostat
31438,NW,2025-07-02,,,0,,0,0,,0,0,0,0,,0,0,0,0,0,,,,0,0,0,0,0,,0,0,0,5,,,,,,,2025,58.26963,-134.43333,2025-07-02 22:04:19,2025-07-03 03:59:58,,2025-07-03T00:12:30,31438,Douglas,dourp1,186,forest-conifer,"Forest Clearing,Stream",0,70,1,15,creek,Alaska,0.246979167,0.288645833,0.089016204,0.00568287,10.54285714,10,11.1,92.28571429,88,94,0,0.365079365,88.40821376,Meteostat
31438,NW,2025-07-03,,,0,,0,0,,0,0,0,0,,0,0,0,0,0,,,,0,1,0,0,0,,0,0,0,1,,,,,,,2025,58.26963,-134.43333,2025-07-03 22:03:33,2025-07-04 04:01:06,,2025-07-04T00:14:39,31438,Douglas,dourp1,186,forest-conifer,"Forest Clearing,Stream",0,70,1,15,creek,Alaska,0.248298611,0.289965278,0.091041667,0.007708333,12.4,11.7,13.3,83.71428571,77,92,0,0.496031746,90.20821376,Meteostat
31438,NW,2025-07-05,,,0,,0,0,,0,0,0,0,,0,0,0,0,0,,,,0,1,0,0,0,,0,0,0,3,,,,,,,2025,58.26963,-134.43333,2025-07-05 22:01:49,2025-07-06 04:03:34,,2025-07-06T00:24:19,31438,Douglas,dourp1,186,forest-conifer,"Forest Clearing,Stream",0,70,1,15,creek,Alaska,0.251215278,0.292881944,0.098958333,0.015625,13.55714286,13,14.4,74.85714286,72,77,0.7,4.380952381,98.95821376,Meteostat
31438,NW,2025-07-06,,,0,,0,0,,0,0,0,0,,0,0,0,0,0,,,,0,2,0,0,0,,0,0,0,0,,,,,,,2025,58.26963,-134.43333,2025-07-06 22:00:50,2025-07-07 04:04:53,,2025-07-07T00:35:50,31438,Douglas,dourp1,186,forest-conifer,"Forest Clearing,Stream",0,70,1,15,creek,Alaska,0.2528125,0.294479167,0.107638889,0.024305556,11.51428571,10.6,12.2,87.14285714,82,94,2.8,4.912698413,104.8082138,Meteostat
31438,NW1,2015-06-25,0,0,0,1,0,0,0,0,0,1,0,0,0,0,0,0,0,0,0,0,0,4,0,0,0,0,0,0,0,6,0,0,0,0,0,0,2015,58.26925,-134.43264,2015-06-25 22:07:34,2015-06-26 03:53:32,,2015-06-26T01:23:16,31438,Douglas,doube1,202,forest-deciduous,,0,10,1,15,ocean,Alaska,0.24025463,0.281921296,0.135902778,0.052569444,NA,NA,NA,NA,NA,NA,NA,NA,0,Meteostat
31438,NW1,2015-06-26,0,0,0,1,0,0,0,0,0,0,0,0,0,0,0,0,0,0,0,0,0,1,0,0,0,0,0,0,0,1,0,0,0,0,0,0,2015,58.26925,-134.43264,2015-06-26 22:07:23,2015-06-27 03:54:09,,2015-06-27T01:44:43,31438,Douglas,doube1,202,forest-deciduous,,0,10,1,15,ocean,Alaska,0.240810185,0.282476852,0.150925926,0.067592593,NA,NA,NA,NA,NA,NA,NA,NA,0,Meteostat
31438,NW1,2015-06-27,0,0,0,1,0,0,0,0,0,0,0,0,0,0,0,0,0,0,0,0,0,2,0,0,3,0,0,0,0,15,0,0,0,0,0,0,2015,58.26925,-134.43264,2015-06-27 22:07:07,2015-06-28 03:54:51,,2015-06-28T02:10:31,31438,Douglas,doube1,202,forest-deciduous,,0,10,1,15,ocean,Alaska,0.241481481,0.283148148,0.169027778,0.085694444,NA,NA,NA,NA,NA,NA,NA,NA,0,Meteostat
31438,NW1,2015-06-28,0,0,0,0,0,0,0,0,0,0,0,0,0,0,0,0,0,0,0,0,0,0,0,0,1,0,0,0,0,19,0,0,0,0,0,0,2015,58.26925,-134.43264,2015-06-28 22:06:47,2015-06-29 03:55:36,,2015-06-29T02:42:50,31438,Douglas,doube1,202,forest-deciduous,,0,10,1,15,ocean,Alaska,0.242233796,0.283900463,0.191701389,0.108368056,NA,NA,NA,NA,NA,NA,NA,NA,0,Meteostat
31438,NW1,2015-06-29,0,0,0,0,0,0,0,0,0,0,0,0,0,0,0,0,0,0,0,0,0,0,0,0,1,0,0,0,0,0,0,0,0,0,0,0,2015,58.26925,-134.43264,2015-06-29 22:06:22,2015-06-30 03:56:26,,2015-06-30T03:24:09,31438,Douglas,doube1,202,forest-deciduous,,0,10,1,15,ocean,Alaska,0.243101852,0.284768519,0.22068287,0.137349537,NA,NA,NA,NA,NA,NA,NA,NA,0,Meteostat
31438,SE,2020-06-13,0,0,0,1,0,0,0,0,0,0,0,0,0,0,0,0,1,0,0,0,0,11,0,0,3,0,0,0,0,0,0,0,0,0,0,0,2020,58.24628,-134.33602,2020-06-13 22:03:39,2020-06-14 03:51:37,2020-06-14T02:11:56,,31438,Douglas,doube2,16,forest-conifer,"Forest Edge,Ocean Edge",0,40,1,12,creek,Alaska,0.241643519,0.283310185,0.069224537,0.089085648,11.58571429,11.1,12.2,89.28571429,86,93,9.7,6.099206349,102.1376021,Meteostat
31438,SE,2020-06-14,0,0,0,0,0,0,0,0,0,0,0,0,0,0,0,0,8,0,0,0,0,0,0,0,0,0,0,0,0,0,0,0,0,0,0,0,2020,58.24628,-134.33602,2020-06-14 22:04:20,2020-06-15 03:51:23,2020-06-15T02:20:05,,31438,Douglas,doube2,16,forest-conifer,"Forest Edge,Ocean Edge",0,40,1,12,creek,Alaska,0.241006944,0.282673611,0.063402778,0.094270833,10.5,10,11.7,93.14285714,89,96,0,0.214285714,107.9876021,Meteostat
31438,SE,2020-06-15,0,0,0,17,0,0,0,0,0,0,0,0,0,0,0,0,41,0,0,0,0,50,0,0,15,0,1,0,0,29,0,0,0,1,0,0,2020,58.24628,-134.33602,2020-06-15 22:04:57,2020-06-16 03:51:13,2020-06-16T02:28:44,,31438,Douglas,doube2,16,forest-conifer,"Forest Edge,Ocean Edge",0,40,1,12,creek,Alaska,0.240462963,0.28212963,0.057280093,0.099849537,11.11428571,10.6,11.7,88.57142857,83,92,0.3,3.03968254,109.9376021,Meteostat
31438,SE,2020-06-16,0,0,0,26,0,0,0,0,0,0,0,0,0,0,0,0,59,0,0,0,0,42,0,0,43,0,0,0,0,8,0,0,0,0,0,0,2020,58.24628,-134.33602,2020-06-16 22:05:30,2020-06-17 03:51:08,2020-06-17T02:38:47,,31438,Douglas,doube2,16,forest-conifer,"Forest Edge,Ocean Edge",0,40,1,12,creek,Alaska,0.240023148,0.281689815,0.050243056,0.106446759,10.5,10,11.1,91,89,93,0.3,3.253968254,111.8876021,Meteostat
31438,SE,2020-06-17,0,0,0,2,0,0,0,0,0,0,0,0,0,0,0,0,52,0,0,0,0,4,0,0,4,0,0,0,0,7,0,0,0,0,0,0,2020,58.24628,-134.33602,2020-06-17 22:05:58,2020-06-18 03:51:07,2020-06-18T02:51:30,,31438,Douglas,doube2,16,forest-conifer,"Forest Edge,Ocean Edge",0,40,1,12,creek,Alaska,0.2396875,0.281354167,0.041400463,0.114953704,11.04285714,10.6,11.7,92.28571429,89,96,3.9,1.833333333,113.0376021,Meteostat
31438,SE,2020-06-18,0,0,0,2,0,0,0,0,0,0,0,0,0,0,0,0,37,0,0,0,0,7,0,0,8,0,0,0,0,5,0,0,0,5,0,0,2020,58.24628,-134.33602,2020-06-18 22:06:21,2020-06-19 03:51:11,2020-06-19T03:08:50,,31438,Douglas,doube2,16,forest-conifer,"Forest Edge,Ocean Edge",0,40,1,12,creek,Alaska,0.239467593,0.281134259,0.029409722,0.126724537,12.05714286,11.7,12.2,92.57142857,90,93,1.8,2.420634921,115.5376021,Meteostat
31438,SE,2020-06-19,0,0,0,3,0,0,0,0,0,0,0,0,0,0,0,0,22,0,0,0,0,3,0,0,4,0,0,0,0,1,0,0,0,0,0,0,2020,58.24628,-134.33602,2020-06-19 22:06:39,2020-06-20 03:51:20,2020-06-20T03:33:52,,31438,Douglas,doube2,16,forest-conifer,"Forest Edge,Ocean Edge",0,40,1,12,creek,Alaska,0.239363426,0.281030093,0.01212963,0.143900463,12.51428571,12.2,13.3,92.71428571,90,97,4.9,3.091269841,117.7876021,Meteostat
31438,SE,2020-06-20,0,0,0,0,0,0,0,0,0,0,0,0,0,0,0,0,13,0,0,0,0,0,0,0,1,0,0,0,0,2,0,0,0,0,0,0,2020,58.24628,-134.33602,2020-06-20 22:06:53,2020-06-21 03:51:34,,,31438,Douglas,doube2,16,forest-conifer,"Forest Edge,Ocean Edge",0,40,1,12,creek,Alaska,0.239363426,0.281030093,9,9,9.442857143,8.9,10.6,94.14285714,92,96,1.1,0.428571429,121.1376021,Meteostat
31438,SE,2021-07-02,0,0,0,5,0,0,0,0,0,0,0,0,0,0,0,0,2,0,0,0,0,101,0,0,1,0,0,0,0,0,0,0,0,0,0,0,2021,58.24628,-134.33602,2021-07-02 22:03:43,2021-07-03 03:59:44,2021-07-03T01:12:11,,31438,Douglas,doube2,16,forest-conifer,"Forest Edge,Ocean Edge",0,40,1,12,creek,Alaska,0.247233796,0.288900463,0.116354167,0.047546296,11.42857143,10,13.9,80.71428571,69,86,0,0,155.0461987,Meteostat
31438,SE,2021-07-03,0,0,0,4,0,0,0,0,0,0,0,0,0,0,0,0,11,0,0,0,0,314,0,0,1,0,0,0,0,2,0,0,0,0,0,0,2021,58.24628,-134.33602,2021-07-03 22:02:57,2021-07-04 04:00:52,2021-07-04T01:19:17,,31438,Douglas,doube2,16,forest-conifer,"Forest Edge,Ocean Edge",0,40,1,12,creek,Alaska,0.248553241,0.290219907,0.112210648,0.053009259,14.02857143,12.8,15.6,67,62,72,0,1.920634921,159.7461987,Meteostat
31438,SE,2021-07-04,0,0,0,5,0,0,0,0,0,0,0,0,0,0,0,0,14,0,0,0,0,277,0,0,0,0,0,0,0,1,0,0,0,0,0,0,2021,58.24628,-134.33602,2021-07-04 22:02:08,2021-07-05 04:02:03,2021-07-05T01:28:23,,31438,Douglas,doube2,16,forest-conifer,"Forest Edge,Ocean Edge",0,40,1,12,creek,Alaska,0.24994213,0.291608796,0.106712963,0.059895833,11.82857143,8.9,15.6,75.85714286,64,86,0,0.73015873,163.6461987,Meteostat
31438,SE,2021-07-05,0,0,0,2,0,0,0,0,0,0,0,0,0,0,0,0,3,0,0,0,0,84,0,0,6,0,0,0,0,0,0,0,0,0,0,0,2021,58.24628,-134.33602,2021-07-05 22:01:14,2021-07-06 04:03:19,2021-07-06T01:41:02,,31438,Douglas,doube2,16,forest-conifer,"Forest Edge,Ocean Edge",0,40,1,12,creek,Alaska,0.251446759,0.293113426,0.09880787,0.069305556,14.02857143,11.1,18.3,71.57142857,54,80,0,1.174603175,169.4461987,Meteostat
31438,SE,2021-07-06,0,0,0,2,0,0,0,0,0,0,0,0,0,0,0,0,1,0,0,0,0,16,0,0,0,0,0,0,0,0,0,0,0,0,0,0,2021,58.24628,-134.33602,2021-07-06 22:00:16,2021-07-07 04:04:37,2021-07-07T01:59:49,,31438,Douglas,doube2,16,forest-conifer,"Forest Edge,Ocean Edge",0,40,1,12,creek,Alaska,0.253020833,0.2946875,0.086666667,0.083020833,13.72857143,12.2,15.6,68.71428571,64,75,0,3.182539683,175.6762413,Meteostat
31438,SE,2022-06-25,0,0,0,22,0,0,0,0,0,0,0,0,0,0,0,0,1,0,0,0,0,17,0,0,0,0,0,0,0,9,0,0,0,0,0,0,2022,58.24628,-134.33602,2022-06-25 22:06:58,2022-06-26 03:53:32,2022-06-26T02:06:24,,31438,Douglas,doube2,16,forest-conifer,"Forest Edge,Ocean Edge",0,40,1,12,creek,Alaska,0.240671296,0.282337963,0.074398148,0.082939815,12.47142857,9.4,17.8,78.71428571,56,93,0,0,147.1679284,Meteostat
31438,SE,2022-06-26,0,0,0,24,0,0,0,0,0,1,0,0,0,0,0,0,1,0,0,0,0,18,0,0,0,0,0,0,0,40,0,0,0,0,0,0,2022,58.24628,-134.33602,2022-06-26 22:06:46,2022-06-27 03:54:11,2022-06-27T02:24:36,,31438,Douglas,doube2,16,forest-conifer,"Forest Edge,Ocean Edge",0,40,1,12,creek,Alaska,0.241261574,0.282928241,0.062210648,0.095717593,13.02857143,11.7,15.6,75.85714286,67,83,0,0.428571429,154.9679284,Meteostat
31438,SE,2022-06-27,0,0,0,85,0,0,0,0,0,0,0,0,0,0,0,0,15,0,0,0,0,32,0,0,0,0,0,0,0,86,0,0,0,0,0,0,2022,58.24628,-134.33602,2022-06-27 22:06:29,2022-06-28 03:54:53,2022-06-28T02:54:31,,31438,Douglas,doube2,16,forest-conifer,"Forest Edge,Ocean Edge",0,40,1,12,creek,Alaska,0.241944444,0.283611111,0.041921296,0.116689815,13.97142857,11.7,16.7,75.28571429,65,86,0,0.603174603,162.7663716,Meteostat
31438,SE,2022-06-28,0,0,0,86,0,0,0,0,0,0,0,0,0,0,0,0,14,0,0,0,0,64,0,0,0,0,0,0,0,126,0,0,0,0,0,0,2022,58.24628,-134.33602,2022-06-28 22:06:08,2022-06-29 03:55:41,2022-06-29T03:41:39,2022-06-28T22:48:36,31438,Douglas,doube2,16,forest-conifer,"Forest Edge,Ocean Edge",0,40,1,12,creek,Alaska,0.242743056,0.284409722,-0.203506944,0.149664352,16.67142857,15.6,18.3,66.28571429,54,72,0,1.246031746,171.4163716,Meteostat
31438,SE,2022-06-29,0,0,0,134,0,0,0,0,0,0,0,0,0,0,0,0,9,0,0,0,0,89,0,0,0,0,0,0,0,104,0,0,0,0,0,0,2022,58.24628,-134.33602,2022-06-29 22:05:41,2022-06-30 03:56:32,,2022-06-29T23:28:02,31438,Douglas,doube2,16,forest-conifer,"Forest Edge,Ocean Edge",0,40,1,12,creek,Alaska,0.243645833,0.2853125,0.0571875,0,16.12857143,15,17.2,70.42857143,67,72,0,4.253968254,181.7163716,Meteostat
31438,SE,2022-06-30,0,0,0,4,0,0,0,0,0,0,0,0,0,0,0,0,0,0,0,0,0,6,0,0,0,0,0,0,0,2,0,0,0,0,0,0,2022,58.24628,-134.33602,2022-06-30 22:05:11,2022-07-01 03:57:28,,2022-06-30T23:52:20,31438,Douglas,doube2,16,forest-conifer,"Forest Edge,Ocean Edge",0,40,1,12,creek,Alaska,0.244641204,0.28630787,0.074409722,0,11.64285714,9.4,14.4,79.71428571,70,90,0,0.428571429,190.0663716,Meteostat
31438,SE,2023-06-20,0,0,1,25,1,0,0,0,0,0,2,0,0,0,0,0,5,0,0,0,0,22,0,0,0,0,0,0,0,21,0,0,0,0,0,0,2023,58.24628,-134.33602,2023-06-20 22:06:46,2023-06-21 03:51:23,,2023-06-21T00:37:26,31438,Douglas,doube2,16,forest-conifer,"Forest Edge,Ocean Edge",0,40,1,12,creek,Alaska,0.23931713,0.280983796,0.10462963,0.021296296,12.7,11.1,14.4,67.85714286,60,77,0,3.007936508,96.46626192,Meteostat
31438,SE,2023-06-21,0,0,0,81,0,0,0,0,0,0,0,0,0,0,0,0,9,0,0,0,0,48,0,0,0,0,0,0,0,5,0,0,0,0,0,0,2023,58.24628,-134.33602,2023-06-21 22:06:59,2023-06-22 03:51:38,,2023-06-22T00:47:30,31438,Douglas,doube2,16,forest-conifer,"Forest Edge,Ocean Edge",0,40,1,12,creek,Alaska,0.239340278,0.281006944,0.111469907,0.028136574,13.72857143,12.2,15.6,79.28571429,64,89,0,1.920634921,103.9662619,Meteostat
31438,SE,2023-06-22,0,0,0,37,0,0,0,0,0,1,0,0,0,0,0,0,0,0,0,0,0,18,0,0,0,0,0,0,0,1,0,0,0,0,0,0,2023,58.24628,-134.33602,2023-06-22 22:07:07,2023-06-23 03:51:58,,2023-06-23T00:53:32,31438,Douglas,doube2,16,forest-conifer,"Forest Edge,Ocean Edge",0,40,1,12,creek,Alaska,0.239479167,0.281145833,0.11556713,0.032233796,14.84285714,13.9,17.2,71.42857143,63,81,0,1.119047619,110.0662619,Meteostat
31438,SE,2023-06-23,0,0,2,24,0,0,0,0,0,0,1,0,0,0,0,0,3,0,0,0,0,18,0,0,0,0,0,0,0,2,0,0,0,0,0,0,2023,58.24628,-134.33602,2023-06-23 22:07:10,2023-06-24 03:52:22,,2023-06-24T00:57:25,31438,Douglas,doube2,16,forest-conifer,"Forest Edge,Ocean Edge",0,40,1,12,creek,Alaska,0.239722222,0.281388889,0.118229167,0.034895833,17.2,16.1,18.3,66.85714286,61,72,0,3.682539683,116.1662619,Meteostat
31438,SE,2023-06-24,0,0,1,29,1,0,0,0,0,0,1,0,0,0,0,0,3,0,0,0,0,19,0,0,0,0,0,0,0,3,0,0,0,0,0,0,2023,58.24628,-134.33602,2023-06-24 22:07:08,2023-06-25 03:52:50,,2023-06-25T01:00:12,31438,Douglas,doube2,16,forest-conifer,"Forest Edge,Ocean Edge",0,40,1,12,creek,Alaska,0.240069444,0.281736111,0.120185185,0.036851852,14.02857143,13.3,15,91.85714286,83,100,5.5,1.706349206,124.5162619,Meteostat
31438,SE,2023-06-25,0,0,0,242,0,0,0,0,0,0,5,0,0,0,0,0,4,0,0,0,0,113,0,0,0,0,0,0,0,12,0,0,0,0,0,0,2023,58.24628,-134.33602,2023-06-25 22:07:01,2023-06-26 03:53:24,,2023-06-26T01:02:31,31438,Douglas,doube2,16,forest-conifer,"Forest Edge,Ocean Edge",0,40,1,12,creek,Alaska,0.240543981,0.282210648,0.121875,0.038541667,13.08571429,12.8,13.3,97.14285714,96,100,3.9,3.896825397,130.6162619,Meteostat
31438,SE,2023-06-26,0,0,0,33,0,0,0,0,0,0,0,0,0,0,0,0,1,0,0,0,0,14,0,0,0,0,0,0,0,2,0,0,0,0,0,0,2023,58.24628,-134.33602,2023-06-26 22:06:50,2023-06-27 03:54:01,,2023-06-27T01:04:56,31438,Douglas,doube2,16,forest-conifer,"Forest Edge,Ocean Edge",0,40,1,12,creek,Alaska,0.241099537,0.282766204,0.123680556,0.040347222,13.8,13.3,14.4,97.85714286,93,100,4.5,2.452380952,134.8162619,Meteostat
31438,SE,2023-06-27,0,0,4,393,0,0,0,0,0,0,0,0,0,0,0,0,4,0,0,0,0,151,0,0,0,0,0,0,0,26,0,0,0,0,0,0,2023,58.24628,-134.33602,2023-06-27 22:06:34,2023-06-28 03:54:43,,2023-06-28T01:08:02,31438,Douglas,doube2,16,forest-conifer,"Forest Edge,Ocean Edge",0,40,1,12,creek,Alaska,0.241770833,0.2834375,0.126018519,0.042685185,12.77142857,12.2,13.3,94,89,100,0,0.428571429,138.4162619,Meteostat
31438,SE,2023-06-28,0,0,1,82,2,0,0,0,0,0,0,0,0,0,0,0,6,0,0,0,0,21,0,0,0,0,0,0,0,11,0,0,0,0,0,0,2023,58.24628,-134.33602,2023-06-28 22:06:14,2023-06-29 03:55:29,,2023-06-29T01:12:42,31438,Douglas,doube2,16,forest-conifer,"Forest Edge,Ocean Edge",0,40,1,12,creek,Alaska,0.242534722,0.284201389,0.129490741,0.046157407,12.54285714,11.1,13.9,92.14285714,87,97,0,5.896825397,143.1162619,Meteostat
31438,SE,2023-06-29,0,0,1,81,0,0,0,0,0,0,1,0,0,0,0,0,4,0,0,0,0,53,0,0,0,0,0,0,0,7,0,0,0,0,0,0,2023,58.24628,-134.33602,2023-06-29 22:05:48,2023-06-30 03:56:19,,2023-06-30T01:20:36,31438,Douglas,doube2,16,forest-conifer,"Forest Edge,Ocean Edge",0,40,1,12,creek,Alaska,0.243414352,0.285081019,0.135277778,0.051944444,10.74285714,10,11.7,93.42857143,92,97,4.7,1.103174603,147.0162619,Meteostat
31438,SE,2023-06-30,0,0,1,16,0,0,0,0,0,0,1,0,0,0,0,0,10,0,0,0,0,17,0,0,0,0,0,0,0,8,0,0,0,0,0,0,2023,58.24628,-134.33602,2023-06-30 22:05:18,2023-07-01 03:57:13,,2023-07-01T01:35:27,31438,Douglas,doube2,16,forest-conifer,"Forest Edge,Ocean Edge",0,40,1,12,creek,Alaska,0.244386574,0.286053241,0.1459375,0.062604167,9.2,7.8,10.6,97.14285714,96,100,0.1,0.817460317,149.7662619,Meteostat
31438,SE,2023-07-01,0,0,0,6,0,0,0,0,0,0,0,0,0,0,0,0,5,0,0,0,0,10,0,0,0,0,0,0,0,7,0,0,0,0,0,0,2023,58.24628,-134.33602,2023-07-01 22:04:44,2023-07-02 03:58:12,,2023-07-02T02:06:03,31438,Douglas,doube2,16,forest-conifer,"Forest Edge,Ocean Edge",0,40,1,12,creek,Alaska,0.245462963,0.28712963,0.167581019,0.084247685,10.88571429,10.6,11.1,94.85714286,93,100,1.6,0.428571429,150.6162619,Meteostat
31438,SE,2023-07-02,0,0,5,22,0,0,0,0,0,0,1,0,0,0,0,0,12,0,0,0,0,18,0,0,0,0,0,0,0,75,0,0,0,0,0,0,2023,58.24628,-134.33602,2023-07-02 22:04:05,2023-07-03 03:59:14,2023-07-02T22:46:56,2023-07-03T03:07:29,31438,Douglas,doube2,16,forest-conifer,"Forest Edge,Ocean Edge",0,40,1,12,creek,Alaska,0.246631944,0.288298611,0.1809375,0,11.97142857,11.1,12.8,81,75,86,0,0,152.2756007,Meteostat
31438,SE,2024-06-25,0,,1,1,0,0,,0,0,1,0,,0,0,0,0,14,,,,0,320,0,0,14,0,0,0,0,15,,,,,,0,2024,58.24628,-134.33602,2024-06-25 22:06:52,2024-06-26 03:53:50,2024-06-26T00:32:22,,31438,Douglas,doube2,16,forest-conifer,"Forest Edge,Ocean Edge",0,40,1,12,creek,Alaska,0.240949074,0.282615741,0.139907407,0.017708333,13.18571429,11.7,16.1,81.14285714,67,87,2.2,0.428571429,120.3924326,Meteostat
31438,SE,2024-06-26,0,,0,2,0,0,,0,0,0,1,,0,0,0,0,8,,,,0,199,0,0,7,0,0,0,0,6,,,,,,0,2024,58.24628,-134.33602,2024-06-26 22:06:37,2024-06-27 03:54:30,2024-06-27T00:35:44,,31438,Douglas,doube2,16,forest-conifer,"Forest Edge,Ocean Edge",0,40,1,12,creek,Alaska,0.241585648,0.283252315,0.138032407,0.020219907,13.48571429,11.7,17.8,79,60,86,0,1.285714286,125.6924326,Meteostat
31438,SE,2024-06-27,0,,0,0,0,0,,0,0,0,0,,0,0,0,0,11,,,,0,132,0,0,3,0,0,0,0,7,,,,,,0,2024,58.24628,-134.33602,2024-06-27 22:06:18,2024-06-28 03:55:15,2024-06-28T00:38:15,,31438,Douglas,doube2,16,forest-conifer,"Forest Edge,Ocean Edge",0,40,1,12,creek,Alaska,0.242326389,0.283993056,0.136805556,0.0221875,15.01428571,12.2,17.8,77.28571429,65,86,0,2.634920635,132.6424326,Meteostat
31438,SE,2024-06-28,0,,0,1,0,0,,0,0,0,0,,0,0,0,0,0,,,,0,159,0,0,7,0,0,0,0,9,,,,,,0,2024,58.24628,-134.33602,2024-06-28 22:05:53,2024-06-29 03:56:05,2024-06-29T00:40:42,,31438,Douglas,doube2,16,forest-conifer,"Forest Edge,Ocean Edge",0,40,1,12,creek,Alaska,0.243194444,0.284861111,0.13568287,0.024178241,15.97142857,15,16.7,74.42857143,70,81,0,4.051587302,140.9924326,Meteostat
31438,SE,2024-06-29,0,,0,1,0,0,,0,0,0,0,,0,0,0,0,1,,,,0,161,0,0,3,0,0,0,0,7,,,,,,0,2024,58.24628,-134.33602,2024-06-29 22:05:25,2024-06-30 03:56:58,2024-06-30T00:43:48,,31438,Douglas,doube2,16,forest-conifer,"Forest Edge,Ocean Edge",0,40,1,12,creek,Alaska,0.244131944,0.285798611,0.134143519,0.026655093,13.71428571,13.3,14.4,86.57142857,81,90,0.3,1.317460317,149.0424326,Meteostat
31438,SE,2024-06-30,0,,0,1,0,0,,0,0,1,7,,0,0,0,0,3,,,,0,196,0,0,4,0,0,0,0,11,,,,,,0,2024,58.24628,-134.33602,2024-06-30 22:04:52,2024-07-01 03:57:56,2024-07-01T00:48:29,,31438,Douglas,doube2,16,forest-conifer,"Forest Edge,Ocean Edge",0,40,1,12,creek,Alaska,0.245185185,0.286851852,0.1315625,0.030289352,12.62857143,11.7,13.3,91.28571429,89,96,0.8,1.865079365,155.9924326,Meteostat
31438,SE,2024-07-01,0,,1,0,0,0,,0,0,0,16,,0,0,0,0,88,,,,0,73,0,0,21,0,2,0,0,3,,,,,,0,2024,58.24628,-134.33602,2024-07-01 22:04:14,2024-07-02 03:58:57,2024-07-02T00:56:32,,31438,Douglas,doube2,16,forest-conifer,"Forest Edge,Ocean Edge",0,40,1,12,creek,Alaska,0.246331019,0.287997685,0.126678241,0.036319444,11.11428571,10.6,11.7,96.71428571,96,97,2.4,0.73015873,162.3424326,Meteostat
31438,SE,2024-07-02,0,,0,1,0,0,,0,0,0,16,,0,0,0,0,17,,,,0,182,0,0,95,0,7,0,0,25,,,,,,0,2024,58.24628,-134.33602,2024-07-02 22:03:32,2024-07-03 04:00:02,2024-07-03T01:11:38,,31438,Douglas,doube2,16,forest-conifer,"Forest Edge,Ocean Edge",0,40,1,12,creek,Alaska,0.247569444,0.289236111,0.116944444,0.047291667,10.74285714,10.6,11.1,96.85714286,96,100,2.9,0.515873016,164.8424326,Meteostat
31438,SE,2024-07-03,0,,0,0,0,0,,0,0,0,0,,0,0,0,0,10,,,,0,141,0,0,122,0,26,0,0,35,,,,,,0,2024,58.24628,-134.33602,2024-07-03 22:02:45,2024-07-04 04:01:12,2024-07-04T01:41:46,,31438,Douglas,doube2,16,forest-conifer,"Forest Edge,Ocean Edge",0,40,1,12,creek,Alaska,0.248923611,0.290590278,0.096828704,0.068761574,10.98571429,10.6,11.7,94.71428571,93,96,0,0.603174603,166.5424326,Meteostat
31438,SE,2024-07-04,0,,0,1,0,0,,0,0,0,0,,0,0,0,0,0,,,,0,205,0,0,90,0,14,0,0,57,,,,,,0,2024,58.24628,-134.33602,2024-07-04 22:01:55,2024-07-05 04:02:24,2024-07-05T02:38:01,2024-07-04T22:26:16,31438,Douglas,doube2,16,forest-conifer,"Forest Edge,Ocean Edge",0,40,1,12,creek,Alaska,0.250335648,0.292002315,-0.174826389,0.108402778,11.28571429,10.6,12.8,89.71428571,86,93,0,0.428571429,168.2424326,Meteostat
31438,SE,2024-07-05,0,,0,4,0,0,,0,0,0,2,,0,0,0,0,4,,,,0,315,0,0,142,0,41,0,0,76,,,,,,0,2024,58.24628,-134.33602,2024-07-05 22:01:00,2024-07-06 04:03:41,2024-07-06T03:59:35,2024-07-05T23:03:04,31438,Douglas,doube2,16,forest-conifer,"Forest Edge,Ocean Edge",0,40,1,12,creek,Alaska,0.251863426,0.293530093,-0.205914352,0.16568287,11.18571429,11.1,11.7,95.14285714,93,97,0.2,1.158730159,171.3424326,Meteostat
31438,SE,2024-07-06,0,,0,9,0,0,,0,0,0,4,,0,0,0,0,6,,,,0,427,0,0,119,0,27,0,0,111,,,,,,0,2024,58.24628,-134.33602,2024-07-06 22:00:00,2024-07-07 04:05:00,,2024-07-06T23:21:14,31438,Douglas,doube2,16,forest-conifer,"Forest Edge,Ocean Edge",0,40,1,12,creek,Alaska,0.253472222,0.295138889,0.056412037,0,11.75714286,11.1,12.8,82.57142857,80,89,0,0,173.8424326,Meteostat
31438,SE,2024-07-07,0,,0,1,0,0,,0,0,0,0,,0,0,0,0,1,,,,0,88,0,0,23,0,10,0,0,11,,,,,,0,2024,58.24628,-134.33602,2024-07-07 21:58:57,2024-07-08 04:06:23,,2024-07-07T23:30:32,31438,Douglas,doube2,16,forest-conifer,"Forest Edge,Ocean Edge",0,40,1,12,creek,Alaska,0.255162037,0.296828704,0.063599537,0,10.7,8.3,13.3,83.57142857,72,93,0,1.015873016,176.3424326,Meteostat
31438,SE,2024-07-08,0,,0,2,0,0,,0,0,0,7,,0,0,0,0,6,,,,0,207,0,0,15,0,5,0,0,21,,,,,,0,2024,58.24628,-134.33602,2024-07-08 21:57:50,2024-07-09 04:07:49,,2024-07-08T23:35:36,31438,Douglas,doube2,16,forest-conifer,"Forest Edge,Ocean Edge",0,40,1,12,creek,Alaska,0.25693287,0.298599537,0.067893519,0,11.84285714,10.6,12.8,83,80,86,0,1.031746032,181.5924326,Meteostat
31438,SE,2025-06-27,,,0,,0,0,,0,0,0,0,,0,0,0,0,0,,,,0,16,0,0,0,,0,0,0,7,,,,,,,2025,58.24628,-134.33602,2025-06-27 22:06:23,2025-06-28 03:55:05,,2025-06-27T23:59:33,31438,Douglas,doube2,16,forest-conifer,"Forest Edge,Ocean Edge",0,40,1,12,creek,Alaska,0.242152778,0.283819444,0.078587963,0,11.74285714,11.7,12,94.28571429,94,96,12,4.611111111,76.27250552,Meteostat
31438,SE,2025-06-28,,,0,,0,0,,0,0,0,0,,0,0,0,0,3,,,,0,51,0,0,0,,0,0,0,3,,,,,,,2025,58.24628,-134.33602,2025-06-28 22:06:00,2025-06-29 03:55:53,,2025-06-29T00:04:27,31438,Douglas,doube2,16,forest-conifer,"Forest Edge,Ocean Edge",0,40,1,12,creek,Alaska,0.242974537,0.284641204,0.082256944,0,11.14285714,10.6,12,91.42857143,88,94,12.7,5.003968254,80.12250552,Meteostat
31438,SE,2025-06-29,,,0,,0,0,,0,0,0,0,,0,0,0,0,1,,,,0,72,0,0,0,,0,0,0,6,,,,,,,2025,58.24628,-134.33602,2025-06-29 22:05:33,2025-06-30 03:56:46,,2025-06-30T00:07:17,31438,Douglas,doube2,16,forest-conifer,"Forest Edge,Ocean Edge",0,40,1,12,creek,Alaska,0.243900463,0.28556713,0.084537037,0.001203704,10.42857143,10,11.2,92.71428571,88,97,1.5,1.76984127,82.02250552,Meteostat
31438,SE,2025-06-30,,,0,,0,0,,0,0,1,0,,0,0,0,0,0,,,,0,2,0,0,0,,0,0,0,2,,,,,,,2025,58.24628,-134.33602,2025-06-30 22:05:00,2025-07-01 03:57:42,,2025-07-01T00:09:08,31438,Douglas,doube2,16,forest-conifer,"Forest Edge,Ocean Edge",0,40,1,12,creek,Alaska,0.244930556,0.286597222,0.086203704,0.00287037,10.94285714,10,11.7,93.14285714,88,100,5.1,1.48015873,83.20821376,Meteostat
31438,SE-Dup,2022-06-25,0,0,0,25,0,0,0,0,0,0,0,0,0,0,0,0,0,0,0,0,0,13,0,0,0,0,0,0,0,11,0,0,0,0,0,0,2022,58.24628,-134.33602,2022-06-25 22:06:58,2022-06-26 03:53:32,2022-06-26T02:06:24,,31438,Douglas,doube2,16,forest-conifer,"Forest Edge,Ocean Edge",0,40,1,12,creek,Alaska,0.240671296,0.282337963,0.074398148,0.082939815,12.47142857,9.4,17.8,78.71428571,56,93,0,0,147.1679284,Meteostat
31438,SE-Dup,2022-06-26,0,0,0,16,0,0,0,0,0,1,0,0,0,0,0,0,0,0,0,0,0,18,0,0,0,0,0,0,0,38,0,0,0,0,0,0,2022,58.24628,-134.33602,2022-06-26 22:06:46,2022-06-27 03:54:11,2022-06-27T02:24:36,,31438,Douglas,doube2,16,forest-conifer,"Forest Edge,Ocean Edge",0,40,1,12,creek,Alaska,0.241261574,0.282928241,0.062210648,0.095717593,13.02857143,11.7,15.6,75.85714286,67,83,0,0.428571429,154.9679284,Meteostat
31438,SE-Dup,2022-06-27,0,0,0,74,0,0,0,0,0,0,0,0,0,0,0,0,17,0,0,0,0,29,0,0,0,0,0,0,0,60,0,0,0,0,0,0,2022,58.24628,-134.33602,2022-06-27 22:06:29,2022-06-28 03:54:53,2022-06-28T02:54:31,,31438,Douglas,doube2,16,forest-conifer,"Forest Edge,Ocean Edge",0,40,1,12,creek,Alaska,0.241944444,0.283611111,0.041921296,0.116689815,13.97142857,11.7,16.7,75.28571429,65,86,0,0.603174603,162.7663716,Meteostat
31438,SE-Dup,2022-06-28,0,0,0,57,0,0,0,0,0,0,0,0,0,0,0,0,15,0,0,0,0,54,0,0,0,0,0,0,0,124,0,0,0,0,0,0,2022,58.24628,-134.33602,2022-06-28 22:06:08,2022-06-29 03:55:41,2022-06-29T03:41:39,2022-06-28T22:48:36,31438,Douglas,doube2,16,forest-conifer,"Forest Edge,Ocean Edge",0,40,1,12,creek,Alaska,0.242743056,0.284409722,-0.203506944,0.149664352,16.67142857,15.6,18.3,66.28571429,54,72,0,1.246031746,171.4163716,Meteostat
31438,SE-Dup,2022-06-29,0,0,0,109,0,0,0,0,0,0,0,0,0,0,0,0,9,0,0,0,0,75,0,0,0,0,0,0,0,100,0,0,0,0,0,0,2022,58.24628,-134.33602,2022-06-29 22:05:41,2022-06-30 03:56:32,,2022-06-29T23:28:02,31438,Douglas,doube2,16,forest-conifer,"Forest Edge,Ocean Edge",0,40,1,12,creek,Alaska,0.243645833,0.2853125,0.0571875,0,16.12857143,15,17.2,70.42857143,67,72,0,4.253968254,181.7163716,Meteostat
31438,Transects,2015-06-25,0,0,0,0,0,0,0,0,0,0,0,0,0,0,0,0,0,0,0,0,0,1,0,0,0,0,0,0,0,0,0,0,0,0,0,0,2015,58.32267,-134.60862,2015-06-25 22:08:46,2015-06-26 03:53:44,,2015-06-26T01:23:51,31438,Douglas,,,,,,,,,,Alaska,0.239560185,0.281226852,0.135474537,0.052141204,NA,NA,NA,NA,NA,NA,NA,NA,0,Meteostat
31438,Transects,2023-07-05,0,0,0,14,0,0,0,0,0,2,0,0,0,0,0,0,0,0,0,0,0,6,0,0,0,0,0,0,0,5,0,0,0,0,0,0,2023,58.32267,-134.60862,2023-07-05 22:03:28,2023-07-06 04:03:08,2023-07-06T00:01:43,,31438,Douglas,,,,,,,,,,Alaska,0.249768519,0.291435185,0.167650463,0,11.11428571,9.4,14.4,76.71428571,62,86,0,1.388888889,166.4256007,Meteostat
31438,Transects,2024-06-27,0,,0,0,0,0,,0,0,0,1,,0,0,0,0,0,,,,0,4,0,0,1,0,0,0,0,0,,,,,,0,2024,58.32267,-134.60862,2024-06-27 22:08:06,2024-06-28 03:55:38,2024-06-28T00:39:22,,31438,Douglas,,,,,,,,,,Alaska,0.241342593,0.283009259,0.136296296,0.021712963,15.01428571,12.2,17.8,77.28571429,65,86,0,2.634920635,132.6424326,Meteostat
31438,Transects,2024-07-01,0,,0,0,0,0,,0,0,10,0,,0,0,0,0,0,,,,0,2,0,0,2,0,0,0,0,0,,,,,,0,2024,58.32267,-134.60862,2024-07-01 22:06:01,2024-07-02 03:59:21,2024-07-02T00:57:00,,31438,Douglas,,,,,,,,,,Alaska,0.24537037,0.287037037,0.126631944,0.035405093,11.11428571,10.6,11.7,96.71428571,96,97,2.4,0.73015873,162.3424326,Meteostat
31438,Transects,2024-07-06,0,,0,0,0,0,,0,0,3,0,,0,0,0,0,1,,,,0,13,0,0,2,0,0,0,0,0,,,,,,0,2024,58.32267,-134.60862,2024-07-06 22:01:46,2024-07-07 04:05:26,,2024-07-06T23:23:04,31438,Douglas,,,,,,,,,,Alaska,0.252546296,0.294212963,0.056458333,0,11.75714286,11.1,12.8,82.57142857,80,89,0,0,173.8424326,Meteostat
31438,Transects,2025-07-01,,,0,,0,0,,0,0,5,0,,0,0,0,0,0,,,,0,16,0,0,3,,0,0,0,0,,,,,,,2025,58.32267,-134.60862,2025-07-01 22:06:11,2025-07-02 03:59:07,,2025-07-02T00:11:37,31438,Douglas,,,,,,,,,,Alaska,0.245092593,0.286759259,0.087106481,0.003773148,11.32857143,10.6,12,92.28571429,88,94,0,3.619047619,86.20821376,Meteostat
31438,Transects,2025-07-05,,,0,,0,0,,0,0,1,0,,0,0,0,0,0,,,,0,11,0,0,2,,0,0,0,0,,,,,,,2025,58.32267,-134.60862,2025-07-05 22:02:59,2025-07-06 04:03:48,,2025-07-06T00:24:34,31438,Douglas,,,,,,,,,,Alaska,0.25056713,0.292233796,0.098321759,0.014988426,13.55714286,13,14.4,74.85714286,72,77,0.7,4.380952381,98.95821376,Meteostat
32654,SE,2015-06-12,0,0,0,0,0,0,0,0,0,1,0,0,0,0,0,0,0,0,0,0,0,0,0,0,0,0,0,0,0,0,0,0,0,0,0,0,2015,56.23237,-133.07987,2015-06-12 21:40:14,2015-06-13 04:04:11,2015-06-13T02:51:00,,32654,,excfr1,57,forest-conifer,,0,90,0,385,ocean,Alaska,0.266631944,0.308298611,0.050821759,0.132476852,NA,NA,NA,NA,NA,NA,NA,NA,0,Meteostat
32654,SE,2015-06-13,0,0,0,0,0,0,0,0,0,2,0,0,0,0,0,0,0,0,0,0,0,0,0,0,0,0,0,0,0,2,0,0,0,0,0,0,2015,56.23237,-133.07987,2015-06-13 21:40:58,2015-06-14 04:03:54,2015-06-14T03:24:33,,32654,,excfr1,57,forest-conifer,,0,90,0,385,ocean,Alaska,0.265925926,0.307592593,0.027326389,0.155266204,NA,NA,NA,NA,NA,NA,NA,NA,0,Meteostat
32654,SE,2015-06-14,0,0,0,0,0,0,0,0,0,0,0,0,0,0,0,0,6,0,0,0,0,0,0,0,0,0,0,0,0,1,0,0,0,0,0,0,2015,56.23237,-133.07987,2015-06-14 21:41:38,2015-06-15 04:03:40,,,32654,,excfr1,57,forest-conifer,,0,90,0,385,ocean,Alaska,0.265300926,0.306967593,9,9,NA,NA,NA,NA,NA,NA,NA,NA,0,Meteostat
32654,SE,2015-06-15,0,0,0,0,1,0,0,0,0,3,0,0,0,0,0,0,7,0,0,0,0,0,0,0,1,0,0,0,0,3,0,0,0,0,0,0,2015,56.23237,-133.07987,2015-06-15 21:42:15,2015-06-16 04:03:30,,,32654,,excfr1,57,forest-conifer,,0,90,0,385,ocean,Alaska,0.264756944,0.306423611,9,9,NA,NA,NA,NA,NA,NA,NA,NA,0,Meteostat
32654,SW1,2015-06-12,0,0,0,0,0,0,0,0,0,0,0,0,0,0,0,0,1,0,0,0,0,0,0,0,1,0,0,0,0,1,0,0,0,0,0,0,2015,56.23899,-133.12913,2015-06-12 21:40:29,2015-06-13 04:04:20,2015-06-13T02:51:11,,32654,,excms1,55,forested wetland,,10,10,0,75,creek,Alaska,0.2665625,0.308229167,0.050798611,0.132430556,NA,NA,NA,NA,NA,NA,NA,NA,0,Meteostat
32654,SW1,2015-06-13,0,0,0,1,0,0,0,0,0,2,0,0,0,0,0,0,1,0,0,0,0,0,0,0,0,0,0,0,0,1,0,0,0,0,0,0,2015,56.23899,-133.12913,2015-06-13 21:41:13,2015-06-14 04:04:02,2015-06-14T03:24:44,,32654,,excms1,55,forested wetland,,10,10,0,75,creek,Alaska,0.265844907,0.307511574,0.027291667,0.155219907,NA,NA,NA,NA,NA,NA,NA,NA,0,Meteostat
32654,SW1,2015-06-14,0,0,0,0,0,0,0,0,0,0,0,0,0,0,0,0,2,0,0,0,0,0,0,0,0,0,0,0,0,3,0,0,0,0,0,0,2015,56.23899,-133.12913,2015-06-14 21:41:53,2015-06-15 04:03:49,,,32654,,excms1,55,forested wetland,,10,10,0,75,creek,Alaska,0.265231481,0.306898148,9,9,NA,NA,NA,NA,NA,NA,NA,NA,0,Meteostat
32654,SW1,2015-06-15,0,0,0,2,0,0,0,0,0,0,1,0,0,0,0,0,1,0,0,0,0,0,0,0,2,0,0,0,0,2,0,0,0,0,0,0,2015,56.23899,-133.12913,2015-06-15 21:42:30,2015-06-16 04:03:39,,,32654,,excms1,55,forested wetland,,10,10,0,75,creek,Alaska,0.2646875,0.306354167,9,9,NA,NA,NA,NA,NA,NA,NA,NA,0,Meteostat
33486,NW,2015-07-17,0,0,0,0,0,0,0,0,0,0,0,0,0,0,0,0,0,0,0,0,0,1,0,0,0,0,0,0,0,2,0,0,0,0,0,0,2015,57.1426,-135.37154,2015-07-17 21:42:27,2015-07-18 04:33:22,,2015-07-17T21:57:37,33486,Sitka,stkbe1,40,forest-conifer,,0,50,1,20,ocean,Alaska,0.285358796,0.327025463,0.010532407,0,NA,NA,NA,NA,NA,NA,NA,NA,0,Meteostat
33486,NW,2015-07-18,0,0,0,0,0,0,0,0,0,0,0,0,0,0,0,0,0,0,0,0,0,2,0,0,0,0,0,0,0,2,0,0,0,0,0,0,2015,57.1426,-135.37154,2015-07-18 21:40:54,2015-07-19 04:35:05,,2015-07-18T22:19:53,33486,Sitka,stkbe1,40,forest-conifer,,0,50,1,20,ocean,Alaska,0.287627315,0.329293981,0.027071759,0,NA,NA,NA,NA,NA,NA,NA,NA,0,Meteostat
33486,NW,2015-07-19,0,0,0,0,0,0,0,0,0,0,0,0,0,0,0,0,0,0,0,0,0,0,0,0,0,0,0,0,0,1,0,0,0,0,0,0,2015,57.1426,-135.37154,2015-07-19 21:39:19,2015-07-20 04:36:49,,2015-07-19T22:39:38,33486,Sitka,stkbe1,40,forest-conifer,,0,50,1,20,ocean,Alaska,0.289930556,0.331597222,0.041886574,0,NA,NA,NA,NA,NA,NA,NA,NA,0,Meteostat
33486,NW,2015-07-20,0,0,0,0,0,0,0,0,0,0,0,0,0,0,0,0,0,0,0,0,0,0,0,0,0,0,0,0,0,1,0,0,0,0,0,0,2015,57.1426,-135.37154,2015-07-20 21:37:41,2015-07-21 04:38:34,,2015-07-20T22:58:06,33486,Sitka,stkbe1,40,forest-conifer,,0,50,1,20,ocean,Alaska,0.292280093,0.333946759,0.055844907,0,NA,NA,NA,NA,NA,NA,NA,NA,0,Meteostat
33486,NW,2015-07-21,0,0,0,0,0,0,0,0,0,0,0,0,0,0,0,0,0,0,0,0,0,0,0,0,0,0,0,0,0,2,0,0,0,0,0,0,2015,57.1426,-135.37154,2015-07-21 21:36:00,2015-07-22 04:40:22,,2015-07-21T23:16:19,33486,Sitka,stkbe1,40,forest-conifer,,0,50,1,20,ocean,Alaska,0.294699074,0.336365741,0.069664352,0,NA,NA,NA,NA,NA,NA,NA,NA,0,Meteostat
33486,NW,2015-07-22,0,0,0,2,0,0,0,0,0,0,0,0,0,0,0,0,0,0,0,0,0,0,0,0,0,0,0,0,0,0,0,0,0,0,0,0,2015,57.1426,-135.37154,2015-07-22 21:34:17,2015-07-23 04:42:10,,2015-07-22T23:35:19,33486,Sitka,stkbe1,40,forest-conifer,,0,50,1,20,ocean,Alaska,0.297141204,0.33880787,0.084050926,0.000717593,NA,NA,NA,NA,NA,NA,NA,NA,0,Meteostat
33486,NW,2015-07-23,0,0,0,0,0,0,0,0,0,2,0,0,0,0,0,1,0,0,0,0,0,1,0,0,0,0,0,0,0,2,0,0,0,0,0,0,2015,57.1426,-135.37154,2015-07-23 21:32:30,2015-07-24 04:44:01,,2015-07-23T23:56:16,33486,Sitka,stkbe1,40,forest-conifer,,0,50,1,20,ocean,Alaska,0.299664352,0.341331019,0.099837963,0.01650463,NA,NA,NA,NA,NA,NA,NA,NA,0,Meteostat
33486,NW,2015-07-24,0,0,0,0,0,0,0,0,0,0,0,0,0,0,0,0,0,0,0,0,0,2,0,0,0,0,0,0,0,1,0,0,0,0,0,0,2015,57.1426,-135.37154,2015-07-24 21:30:42,2015-07-25 04:45:52,,2015-07-25T00:20:35,33486,Sitka,stkbe1,40,forest-conifer,,0,50,1,20,ocean,Alaska,0.302199074,0.343865741,0.117974537,0.034641204,NA,NA,NA,NA,NA,NA,NA,NA,0,Meteostat
33486,NW,2015-07-25,0,0,0,0,0,0,0,0,0,0,0,0,0,0,0,0,0,0,0,0,0,1,0,0,0,0,0,0,0,0,0,0,0,0,0,0,2015,57.1426,-135.37154,2015-07-25 21:28:50,2015-07-26 04:47:45,,2015-07-26T00:50:05,33486,Sitka,stkbe1,40,forest-conifer,,0,50,1,20,ocean,Alaska,0.304803241,0.346469907,0.139756944,0.056423611,NA,NA,NA,NA,NA,NA,NA,NA,0,Meteostat
33486,NW,2015-07-26,0,0,0,0,0,0,0,0,0,0,0,0,0,0,0,0,0,0,0,0,0,0,0,0,0,0,0,0,0,1,0,0,0,0,0,0,2015,57.1426,-135.37154,2015-07-26 21:26:57,2015-07-27 04:49:39,,2015-07-27T01:26:58,33486,Sitka,stkbe1,40,forest-conifer,,0,50,1,20,ocean,Alaska,0.307430556,0.349097222,0.166678241,0.083344907,NA,NA,NA,NA,NA,NA,NA,NA,0,Meteostat
33486,NW2,2015-07-16,0,0,0,70,0,0,0,0,0,0,107,0,0,0,0,273,0,0,0,0,0,55,0,0,0,0,0,0,0,278,0,0,0,0,0,0,2015,57.12644,-135.35719,2015-07-16 21:43:46,2015-07-17 04:31:46,,,33486,Sitka,stkrp1,20,forest-conifer,,0,50,1,2,creek,Alaska,0.283333333,0.325,9,9,NA,NA,NA,NA,NA,NA,NA,NA,0,Meteostat
33486,NW2,2015-07-17,0,0,0,0,0,0,0,0,0,0,15,0,0,0,0,30,0,0,0,0,0,0,0,0,0,0,0,0,0,19,0,0,0,0,0,0,2015,57.12644,-135.35719,2015-07-17 21:42:17,2015-07-18 04:33:26,,2015-07-17T21:57:31,33486,Sitka,stkrp1,20,forest-conifer,,0,50,1,2,creek,Alaska,0.285520833,0.3271875,0.010578704,0,NA,NA,NA,NA,NA,NA,NA,NA,0,Meteostat
33486,NW2,2015-07-18,0,0,0,0,0,0,0,0,0,0,0,0,0,0,0,1,0,0,0,0,0,0,0,0,0,0,0,0,0,0,0,0,0,0,0,0,2015,57.12644,-135.35719,2015-07-18 21:40:44,2015-07-19 04:35:08,,2015-07-18T22:19:47,33486,Sitka,stkrp1,20,forest-conifer,,0,50,1,2,creek,Alaska,0.287777778,0.329444444,0.027118056,0,NA,NA,NA,NA,NA,NA,NA,NA,0,Meteostat
33486,NW2,2015-07-19,0,0,0,52,0,0,0,0,0,0,98,0,0,0,0,194,0,0,0,0,0,91,0,0,4,0,0,0,0,407,0,0,0,1,0,0,2015,57.12644,-135.35719,2015-07-19 21:39:09,2015-07-20 04:36:52,,2015-07-19T22:39:34,33486,Sitka,stkrp1,20,forest-conifer,,0,50,1,2,creek,Alaska,0.290081019,0.331747685,0.041956019,0,NA,NA,NA,NA,NA,NA,NA,NA,0,Meteostat
33486,NW2,2015-07-20,0,0,0,1,0,0,0,0,0,0,6,0,0,0,0,24,0,0,0,0,0,0,0,0,0,0,0,0,0,34,0,0,0,0,0,0,2015,57.12644,-135.35719,2015-07-20 21:37:31,2015-07-21 04:38:37,,2015-07-20T22:58:02,33486,Sitka,stkrp1,20,forest-conifer,,0,50,1,2,creek,Alaska,0.292430556,0.334097222,0.055914352,0,NA,NA,NA,NA,NA,NA,NA,NA,0,Meteostat
33486,NW2,2015-07-21,0,0,0,73,0,0,0,0,0,0,103,0,0,0,0,257,0,0,0,0,0,29,0,0,3,0,0,0,0,555,0,0,0,3,0,0,2015,57.12644,-135.35719,2015-07-21 21:35:50,2015-07-22 04:40:24,,2015-07-21T23:16:16,33486,Sitka,stkrp1,20,forest-conifer,,0,50,1,2,creek,Alaska,0.294837963,0.33650463,0.06974537,0,NA,NA,NA,NA,NA,NA,NA,NA,0,Meteostat
33486,NW2,2015-07-22,0,0,0,96,0,0,0,0,0,0,112,0,0,0,0,517,1,0,0,0,0,71,0,0,9,0,1,0,0,608,0,0,0,1,0,0,2015,57.12644,-135.35719,2015-07-22 21:34:07,2015-07-23 04:42:13,,2015-07-22T23:35:17,33486,Sitka,stkrp1,20,forest-conifer,,0,50,1,2,creek,Alaska,0.297291667,0.338958333,0.084143519,0.000810185,NA,NA,NA,NA,NA,NA,NA,NA,0,Meteostat
33486,NW2,2015-07-23,0,0,0,78,0,0,0,0,0,0,80,0,0,0,0,327,0,0,0,0,0,78,0,0,17,0,0,0,0,546,0,0,0,0,0,0,2015,57.12644,-135.35719,2015-07-23 21:32:21,2015-07-24 04:44:03,,2015-07-23T23:56:15,33486,Sitka,stkrp1,20,forest-conifer,,0,50,1,2,creek,Alaska,0.299791667,0.341458333,0.099930556,0.016597222,NA,NA,NA,NA,NA,NA,NA,NA,0,Meteostat
33486,NW2,2015-07-24,0,0,0,11,0,0,0,0,0,0,3,0,0,0,0,31,0,0,0,0,0,1,0,0,1,0,0,0,0,51,0,0,0,0,0,0,2015,57.12644,-135.35719,2015-07-24 21:30:32,2015-07-25 04:45:55,,2015-07-25T00:20:35,33486,Sitka,stkrp1,20,forest-conifer,,0,50,1,2,creek,Alaska,0.302349537,0.344016204,0.118090278,0.034756944,NA,NA,NA,NA,NA,NA,NA,NA,0,Meteostat
33486,NW2,2015-07-25,0,0,0,146,0,0,0,0,0,0,53,0,0,0,0,186,0,0,0,0,0,50,0,0,3,0,0,0,0,1118,0,0,0,1,0,0,2015,57.12644,-135.35719,2015-07-25 21:28:41,2015-07-26 04:47:47,,2015-07-26T00:50:05,33486,Sitka,stkrp1,20,forest-conifer,,0,50,1,2,creek,Alaska,0.304930556,0.346597222,0.139861111,0.056527778,NA,NA,NA,NA,NA,NA,NA,NA,0,Meteostat
33486,NW2,2015-07-26,0,0,0,112,0,0,0,0,0,0,39,0,0,0,0,259,0,0,0,0,0,122,0,0,20,0,0,0,0,570,0,0,0,0,0,0,2015,57.12644,-135.35719,2015-07-26 21:26:47,2015-07-27 04:49:41,,2015-07-27T01:26:59,33486,Sitka,stkrp1,20,forest-conifer,,0,50,1,2,creek,Alaska,0.307569444,0.349236111,0.166805556,0.083472222,NA,NA,NA,NA,NA,NA,NA,NA,0,Meteostat
33486,NW4,2020-07-14,0,0,0,0,0,0,0,0,0,2,0,0,0,0,0,0,0,0,0,0,0,0,0,0,0,0,0,0,0,2,0,0,0,0,0,0,2020,57.13358,-135.36881,2020-07-14 21:45:38,2020-07-15 04:29:47,2020-07-15T01:06:14,,33486,Sitka,stkbe2,18,forest-conifer,,2,50,1,10,ocean,Alaska,0.280659722,0.322326389,0.141354167,0.055972222,12.45714286,12.2,12.8,84.71428571,83,86,0,2.793650794,143.5434994,Meteostat
33486,NW4,2020-07-15,0,0,0,0,0,0,0,0,0,3,0,0,0,0,0,0,0,0,0,0,0,0,0,0,0,0,0,0,0,2,0,0,0,0,0,0,2020,57.13358,-135.36881,2020-07-15 21:44:12,2020-07-16 04:31:25,2020-07-16T01:22:54,,33486,Sitka,stkbe2,18,forest-conifer,,2,50,1,10,ocean,Alaska,0.282789352,0.324456019,0.130914352,0.068541667,13.45,13.3,13.9,92.25,90,93,0.3,0.638888889,146.2934994,Meteostat
33486,NW4,2020-07-16,0,0,0,0,0,0,0,0,0,4,0,0,0,0,0,1,0,0,0,0,0,0,0,0,0,0,0,0,0,5,0,0,0,0,0,0,2020,57.13358,-135.36881,2020-07-16 21:42:44,2020-07-17 04:33:04,2020-07-17T01:45:56,,33486,Sitka,stkbe2,18,forest-conifer,,2,50,1,10,ocean,Alaska,0.284953704,0.32662037,0.116064815,0.085555556,12.7125,12.2,13.3,87.25,83,90,0,1.819444444,150.4934994,Meteostat
33486,NW4,2020-07-17,0,0,0,0,0,0,0,0,0,2,0,0,0,0,0,0,1,0,0,0,0,2,0,0,1,0,0,0,0,2,0,0,0,0,0,0,2020,57.13358,-135.36881,2020-07-17 21:41:12,2020-07-18 04:34:46,2020-07-18T02:19:06,,33486,Sitka,stkbe2,18,forest-conifer,,2,50,1,10,ocean,Alaska,0.287199074,0.328865741,0.094212963,0.109652778,13.4625,12.8,14.4,83.25,72,93,1.9,3.482638889,155.4934994,Meteostat
33486,NW4,2020-07-18,0,0,0,0,0,0,0,0,0,2,0,0,0,0,0,1,0,0,0,0,0,0,0,0,1,0,0,0,0,2,0,0,0,0,0,0,2020,57.13358,-135.36881,2020-07-18 21:39:38,2020-07-19 04:36:29,2020-07-19T03:06:51,,33486,Sitka,stkbe2,18,forest-conifer,,2,50,1,10,ocean,Alaska,0.289479167,0.331145833,0.06224537,0.143900463,12.8625,12.8,13.3,93.75,93,96,1.8,3.548611111,158.7934994,Meteostat
33486,NW4,2020-07-19,0,0,0,0,0,0,0,0,0,0,0,0,0,0,0,0,0,0,0,0,0,1,0,0,0,0,0,0,0,1,0,0,0,0,0,0,2020,57.13358,-135.36881,2020-07-19 21:38:00,2020-07-20 04:38:15,2020-07-20T04:11:39,,33486,Sitka,stkbe2,18,forest-conifer,,2,50,1,10,ocean,Alaska,0.291840278,0.333506944,0.018472222,0.190034722,14.55,14.4,15,90.375,87,93,11.1,4.173611111,162.3934994,Meteostat
33486,NW4,2020-07-21,0,0,0,0,0,0,0,0,0,0,0,0,0,0,0,0,0,0,0,0,0,0,0,0,0,0,0,0,0,1,0,0,0,0,0,0,2020,57.13358,-135.36881,2020-07-21 21:34:37,2020-07-22 04:41:50,,2020-07-21T22:39:10,33486,Sitka,stkbe2,18,forest-conifer,,2,50,1,10,ocean,Alaska,0.296678241,0.338344907,0.044826389,0,13.375,13.3,13.9,91.125,87,93,0,0.576388889,170.1934994,Meteostat
33486,NW4,2020-07-22,0,0,0,0,0,0,0,0,0,4,0,0,0,0,0,0,1,0,0,0,0,0,0,0,1,0,0,0,0,3,0,0,0,0,0,0,2020,57.13358,-135.36881,2020-07-22 21:32:51,2020-07-23 04:43:40,,2020-07-22T22:59:22,33486,Sitka,stkbe2,18,forest-conifer,,2,50,1,10,ocean,Alaska,0.299178241,0.340844907,0.060081019,0,12.625,12.2,13.3,90.625,86,93,2.8,2.659722222,173.4934994,Meteostat
33486,NW4,2020-07-23,0,0,0,0,0,0,0,0,0,1,1,0,0,0,0,0,0,0,0,0,0,0,0,0,1,0,0,0,0,3,0,0,0,0,0,0,2020,57.13358,-135.36881,2020-07-23 21:31:03,2020-07-24 04:45:32,,2020-07-23T23:14:59,33486,Sitka,stkbe2,18,forest-conifer,,2,50,1,10,ocean,Alaska,0.301724537,0.343391204,0.072175926,0,13.05,12.8,13.3,91,89,93,0,1.243055556,178.1934994,Meteostat
33486,NW4,2020-07-24,0,0,0,2,0,0,0,0,0,3,0,0,0,0,0,0,0,0,0,0,0,0,0,0,2,0,0,0,0,1,0,0,0,0,0,0,2020,57.13358,-135.36881,2020-07-24 21:29:12,2020-07-25 04:47:24,,2020-07-24T23:28:10,33486,Sitka,stkbe2,18,forest-conifer,,2,50,1,10,ocean,Alaska,0.304305556,0.345972222,0.082615741,0,12.92222222,12.8,13.9,87.88888889,81,89,1.2,3.731481481,182.0934994,Meteostat
33486,NW5,2019-08-06,0,0,0,0,0,0,0,0,0,0,1,0,0,0,0,0,0,0,0,0,0,0,0,0,1,0,0,0,0,2,0,0,0,0,0,0,2019,57.13064,-135.35849,2019-08-06 21:03:40,2019-08-07 05:11:36,,2019-08-06T23:28:46,33486,Sitka,stkfr2,0,forest-conifer,,1,90,0,80,creek,Alaska,0.338842593,0.380509259,0.100763889,0.017430556,15.31111111,14.4,16.7,86.33333333,80,90,0,3.833333333,300.0562356,Meteostat
33486,NW5,2019-08-07,0,0,0,1,0,0,0,0,0,0,1,0,0,0,0,4,0,0,0,0,0,0,0,0,0,0,0,0,0,3,0,0,0,0,0,0,2019,57.13064,-135.35849,2019-08-07 21:01:23,2019-08-08 05:13:39,,2019-08-07T23:47:20,33486,Sitka,stkfr2,0,forest-conifer,,1,90,0,80,creek,Alaska,0.341851852,0.383518519,0.115243056,0.031909722,15.44444444,15,16.7,90,84,93,0,2.197530864,307.2562356,Meteostat
33486,NW5,2019-08-08,0,0,0,0,0,0,0,0,0,0,0,0,0,0,0,0,0,0,0,0,0,1,0,0,0,0,0,0,0,6,0,0,0,0,0,0,2019,57.13064,-135.35849,2019-08-08 20:59:04,2019-08-09 05:15:42,,2019-08-09T00:09:59,33486,Sitka,stkfr2,0,forest-conifer,,1,90,0,80,creek,Alaska,0.344884259,0.386550926,0.132581019,0.049247685,14.04444444,13.3,14.4,94.66666667,93,97,0,0.234567901,313.3562356,Meteostat
33486,NW5,2019-08-09,0,0,0,0,0,0,0,0,0,0,2,0,0,0,0,0,0,0,0,0,0,0,0,0,0,0,0,0,0,2,0,0,0,0,0,0,2019,57.13064,-135.35849,2019-08-09 20:56:44,2019-08-10 05:17:45,,2019-08-10T00:39:00,33486,Sitka,stkfr2,0,forest-conifer,,1,90,0,80,creek,Alaska,0.347928241,0.389594907,0.154351852,0.071018519,13.9,11.7,16.1,89.88888889,86,93,0,1.203703704,318.9062356,Meteostat
33486,NW6,2019-08-06,0,0,0,2,0,0,0,0,0,2,3,0,0,0,0,16,0,0,0,0,0,3,0,0,0,0,0,0,0,12,0,0,0,0,0,0,2019,57.12843,-135.36066,2019-08-06 21:03:40,2019-08-07 05:11:37,,2019-08-06T23:28:47,33486,Sitka,stkrp2,18,forest-conifer,Stream,3,60,1,2,creek,Alaska,0.338854167,0.380520833,0.100775463,0.01744213,15.31111111,14.4,16.7,86.33333333,80,90,0,3.833333333,300.0562356,Meteostat
33486,NW6,2019-08-07,0,0,0,4,0,0,0,0,0,2,1,0,0,0,0,13,0,0,0,0,0,3,0,0,0,0,0,0,0,11,0,0,0,0,0,0,2019,57.12843,-135.36066,2019-08-07 21:01:23,2019-08-08 05:13:40,,2019-08-07T23:47:21,33486,Sitka,stkrp2,18,forest-conifer,Stream,3,60,1,2,creek,Alaska,0.341863426,0.383530093,0.11525463,0.031921296,15.44444444,15,16.7,90,84,93,0,2.197530864,307.2562356,Meteostat
33486,NW6,2019-08-08,0,0,0,0,0,0,0,0,0,4,2,0,0,0,0,16,0,0,0,0,0,3,0,0,0,0,0,0,0,12,0,0,0,0,0,0,2019,57.12843,-135.36066,2019-08-08 20:59:04,2019-08-09 05:15:43,,2019-08-09T00:10:01,33486,Sitka,stkrp2,18,forest-conifer,Stream,3,60,1,2,creek,Alaska,0.344895833,0.3865625,0.132604167,0.049270833,14.04444444,13.3,14.4,94.66666667,93,97,0,0.234567901,313.3562356,Meteostat
33486,NW6,2019-08-09,0,0,0,1,0,0,0,0,0,10,3,0,0,0,0,22,0,0,0,0,0,3,0,0,0,0,0,0,0,28,0,0,0,0,0,0,2019,57.12843,-135.36066,2019-08-09 20:56:44,2019-08-10 05:17:46,,2019-08-10T00:39:02,33486,Sitka,stkrp2,18,forest-conifer,Stream,3,60,1,2,creek,Alaska,0.347939815,0.389606481,0.154375,0.071041667,13.9,11.7,16.1,89.88888889,86,93,0,1.203703704,318.9062356,Meteostat
33486,NW6,2020-07-14,0,0,0,1,0,0,0,0,0,0,0,0,0,0,0,0,0,0,0,0,0,0,0,0,0,0,0,0,0,2,0,0,0,0,0,0,2020,57.12843,-135.36066,2020-07-14 21:45:34,2020-07-15 04:29:47,2020-07-15T01:06:14,,33486,Sitka,stkrp2,18,forest-conifer,Stream,3,60,1,2,creek,Alaska,0.280706019,0.322372685,0.141354167,0.056018519,12.45714286,12.2,12.8,84.71428571,83,86,0,2.793650794,143.5434994,Meteostat
33486,NW6,2020-07-15,0,0,0,3,0,0,0,0,0,0,12,0,0,0,0,13,0,0,0,0,0,0,0,0,0,0,0,0,0,13,0,0,0,0,0,0,2020,57.12843,-135.36066,2020-07-15 21:44:08,2020-07-16 04:31:25,2020-07-16T01:22:54,,33486,Sitka,stkrp2,18,forest-conifer,Stream,3,60,1,2,creek,Alaska,0.282835648,0.324502315,0.130914352,0.068587963,13.45,13.3,13.9,92.25,90,93,0.3,0.638888889,146.2934994,Meteostat
33486,NW6,2020-07-16,0,0,0,1,0,0,0,0,0,0,14,0,0,0,0,9,0,0,0,0,0,0,0,0,0,0,0,0,0,23,0,0,0,0,0,0,2020,57.12843,-135.36066,2020-07-16 21:42:40,2020-07-17 04:33:04,2020-07-17T01:45:56,,33486,Sitka,stkrp2,18,forest-conifer,Stream,3,60,1,2,creek,Alaska,0.285,0.326666667,0.116064815,0.085601852,12.7125,12.2,13.3,87.25,83,90,0,1.819444444,150.4934994,Meteostat
33486,NW6,2020-07-17,0,0,0,2,0,0,0,0,0,0,20,0,0,0,0,57,0,0,0,0,0,0,0,0,0,0,0,0,0,16,0,0,0,0,0,0,2020,57.12843,-135.36066,2020-07-17 21:41:08,2020-07-18 04:34:46,2020-07-18T02:19:06,,33486,Sitka,stkrp2,18,forest-conifer,Stream,3,60,1,2,creek,Alaska,0.28724537,0.328912037,0.094212963,0.109699074,13.4625,12.8,14.4,83.25,72,93,1.9,3.482638889,155.4934994,Meteostat
33486,NW6,2020-07-18,0,0,0,0,0,0,0,0,0,0,4,0,0,0,0,6,0,0,0,0,0,1,0,0,0,0,0,0,0,14,0,0,0,0,0,0,2020,57.12843,-135.36066,2020-07-18 21:39:34,2020-07-19 04:36:30,2020-07-19T03:06:51,,33486,Sitka,stkrp2,18,forest-conifer,Stream,3,60,1,2,creek,Alaska,0.289537037,0.331203704,0.062256944,0.143946759,12.8625,12.8,13.3,93.75,93,96,1.8,3.548611111,158.7934994,Meteostat
33486,NW6,2020-07-19,0,0,0,1,0,0,0,0,0,0,5,0,0,0,0,5,0,0,0,0,0,0,0,0,0,0,0,0,0,13,0,0,0,0,0,0,2020,57.12843,-135.36066,2020-07-19 21:37:56,2020-07-20 04:38:15,2020-07-20T04:11:39,,33486,Sitka,stkrp2,18,forest-conifer,Stream,3,60,1,2,creek,Alaska,0.291886574,0.333553241,0.018472222,0.190081019,14.55,14.4,15,90.375,87,93,11.1,4.173611111,162.3934994,Meteostat
33486,NW6,2020-07-20,0,0,0,0,0,0,0,0,0,0,3,0,0,0,0,7,0,0,0,0,0,0,0,0,0,0,0,0,0,9,0,0,0,0,0,0,2020,57.12843,-135.36066,2020-07-20 21:36:16,2020-07-21 04:40:02,,2020-07-20T22:11:17,33486,Sitka,stkrp2,18,forest-conifer,Stream,3,60,1,2,creek,Alaska,0.294282407,0.335949074,0.02431713,0,12.725,12.2,12.8,90,89,97,0.8,1.833333333,166.2934994,Meteostat
33486,NW6,2020-07-21,0,0,0,0,0,0,0,0,0,0,17,0,0,0,0,24,0,0,0,0,0,0,0,0,0,0,0,0,0,13,0,0,0,0,0,0,2020,57.12843,-135.36066,2020-07-21 21:34:33,2020-07-22 04:41:50,,2020-07-21T22:39:06,33486,Sitka,stkrp2,18,forest-conifer,Stream,3,60,1,2,creek,Alaska,0.296724537,0.338391204,0.044826389,0,13.375,13.3,13.9,91.125,87,93,0,0.576388889,170.1934994,Meteostat
33486,NW6,2020-07-22,0,0,0,1,0,0,0,0,0,0,16,0,0,0,0,15,0,0,0,0,0,0,0,0,0,0,0,0,0,16,0,0,0,0,0,0,2020,57.12843,-135.36066,2020-07-22 21:32:47,2020-07-23 04:43:40,,2020-07-22T22:59:18,33486,Sitka,stkrp2,18,forest-conifer,Stream,3,60,1,2,creek,Alaska,0.299224537,0.340891204,0.060081019,0,12.625,12.2,13.3,90.625,86,93,2.8,2.659722222,173.4934994,Meteostat
33486,NW6,2020-07-23,0,0,0,2,0,0,0,0,0,0,17,0,0,0,0,18,0,0,0,0,0,0,0,0,0,0,0,0,0,12,0,0,0,0,0,0,2020,57.12843,-135.36066,2020-07-23 21:30:59,2020-07-24 04:45:32,,2020-07-23T23:14:56,33486,Sitka,stkrp2,18,forest-conifer,Stream,3,60,1,2,creek,Alaska,0.301770833,0.3434375,0.0721875,0,13.05,12.8,13.3,91,89,93,0,1.243055556,178.1934994,Meteostat
33486,NW6,2020-07-24,0,0,0,1,0,0,0,0,0,0,16,0,0,0,0,16,0,0,0,0,0,0,0,0,0,0,0,0,0,14,0,0,0,0,0,0,2020,57.12843,-135.36066,2020-07-24 21:29:09,2020-07-25 04:47:24,,2020-07-24T23:28:08,33486,Sitka,stkrp2,18,forest-conifer,Stream,3,60,1,2,creek,Alaska,0.304340278,0.346006944,0.082627315,0,12.92222222,12.8,13.9,87.88888889,81,89,1.2,3.731481481,182.0934994,Meteostat
33486,NW6,2022-06-28,0,0,0,0,0,0,0,0,0,0,1,0,0,0,0,0,0,0,0,0,0,0,0,0,0,0,0,0,0,1,0,0,0,0,0,0,2022,57.12843,-135.36066,2022-06-28 22:00:25,2022-06-29 04:09:35,2022-06-29T03:59:30,2022-06-28T22:39:13,33486,Sitka,stkrp2,18,forest-conifer,Stream,3,60,1,2,creek,Alaska,0.256365741,0.298032407,-0.222418981,0.166030093,14.11428571,13.9,14.4,81,81,81,0,5.432539683,116.8584499,Meteostat
33486,NW6,2022-06-29,0,0,0,0,0,0,0,0,0,0,1,0,0,0,0,0,0,0,0,0,0,0,0,0,0,0,0,0,0,1,0,0,0,0,0,0,2022,57.12843,-135.36066,2022-06-29 22:00:02,2022-06-30 04:10:23,,2022-06-29T23:19:55,33486,Sitka,stkrp2,18,forest-conifer,Stream,3,60,1,2,creek,Alaska,0.2571875,0.298854167,0.055474537,0,13.55714286,13.3,13.9,81.57142857,80,84,0,4.968253968,122.9584499,Meteostat
33486,NW6,2022-06-30,0,0,0,0,0,0,0,0,0,0,0,0,0,0,0,0,0,0,0,0,0,0,0,0,0,0,0,0,0,2,0,0,0,0,0,0,2022,57.12843,-135.36066,2022-06-30 21:59:34,2022-07-01 04:11:15,,2022-06-30T23:46:32,33486,Sitka,stkrp2,18,forest-conifer,Stream,3,60,1,2,creek,Alaska,0.258113426,0.299780093,0.074282407,0,13.72857143,13.3,13.9,80.14285714,77,81,0,4.849206349,127.7084499,Meteostat
33486,NW6,2022-07-01,0,0,0,0,0,0,0,0,0,0,0,0,0,0,0,0,0,0,0,0,0,0,0,0,0,0,0,0,0,1,0,0,0,0,0,0,2022,57.12843,-135.36066,2022-07-01 21:59:03,2022-07-02 04:12:11,,2022-07-02T00:03:47,33486,Sitka,stkrp2,18,forest-conifer,Stream,3,60,1,2,creek,Alaska,0.25912037,0.300787037,0.08662037,0.003287037,11.98571429,11.1,12.8,84.28571429,83,86,0,2.492063492,132.9584499,Meteostat
33486,NW6,2022-07-09,0,0,0,0,0,0,0,0,0,0,0,0,0,0,0,0,0,0,0,0,0,0,0,0,0,0,0,0,0,1,0,0,0,0,0,0,2022,57.12843,-135.36066,2022-07-09 21:52:25,2022-07-10 04:21:36,,2022-07-10T01:12:41,33486,Sitka,stkrp2,18,forest-conifer,Stream,3,60,1,2,creek,Alaska,0.270266204,0.31193287,0.139074074,0.055740741,13.95714286,13.3,14.4,84.14285714,81,87,1.1,3.746031746,172.1084499,Meteostat
33486,NW6,2022-07-10,0,0,0,0,0,0,0,0,0,0,0,0,0,0,0,0,0,0,0,0,0,0,0,0,0,0,0,0,0,9,0,0,0,0,0,0,2022,57.12843,-135.36066,2022-07-10 21:51:18,2022-07-11 04:23:00,,2022-07-11T01:35:51,33486,Sitka,stkrp2,18,forest-conifer,Stream,3,60,1,2,creek,Alaska,0.272013889,0.313680556,0.1559375,0.072604167,12.77142857,12.2,13.3,79,75,83,14.5,7.126984127,176.8584499,Meteostat
33486,NW6,2022-07-11,0,0,0,0,0,0,0,0,0,0,0,0,0,0,0,0,0,0,0,0,0,0,0,0,0,0,0,0,0,21,0,0,0,0,0,0,2022,57.12843,-135.36066,2022-07-11 21:50:08,2022-07-12 04:24:27,,2022-07-12T02:17:05,33486,Sitka,stkrp2,18,forest-conifer,Stream,3,60,1,2,creek,Alaska,0.273831019,0.315497685,0.185381944,0.102048611,11.5,10,12.2,86.42857143,86,89,0,0.642857143,181.8584499,Meteostat
33486,NW6,2022-07-15,0,0,0,0,0,0,0,0,0,0,0,0,0,0,0,0,0,0,0,0,0,0,0,0,0,0,0,0,0,2,0,0,0,0,0,0,2022,57.12843,-135.36066,2022-07-15 21:44:51,2022-07-16 04:30:39,2022-07-15T23:27:50,,33486,Sitka,stkrp2,18,forest-conifer,Stream,3,60,1,2,creek,Alaska,0.281805556,0.323472222,0.210289352,0,13.0625,12.2,13.9,87.5,83,93,0,0.451388889,194.6584499,Meteostat
33486,NW6,2022-07-17,0,0,0,0,0,0,0,0,0,0,0,0,0,0,0,0,0,0,0,0,0,0,0,0,0,0,0,0,0,3,0,0,0,0,0,0,2022,57.12843,-135.36066,2022-07-17 21:41:54,2022-07-18 04:33:58,2022-07-17T23:44:52,,33486,Sitka,stkrp2,18,forest-conifer,Stream,3,60,1,2,creek,Alaska,0.286157407,0.327824074,0.200763889,0.002060185,12.85,11.7,13.9,88.25,83,93,6.7,2.347222222,202.7084499,Meteostat
33486,NW6,2022-07-18,0,0,0,0,0,0,0,0,0,0,0,0,0,0,0,0,0,0,0,0,0,0,0,0,0,0,0,0,0,10,0,0,0,0,0,0,2022,57.12843,-135.36066,2022-07-18 21:40:21,2022-07-19 04:35:40,2022-07-18T23:51:07,,33486,Sitka,stkrp2,18,forest-conifer,Stream,3,60,1,2,creek,Alaska,0.288414352,0.330081019,0.197604167,0.007476852,12.275,12.2,12.8,85.625,83,86,0,2.055555556,205.7584499,Meteostat
33486,NW6,2022-07-20,0,0,0,0,0,0,0,0,0,0,0,0,0,0,0,0,0,0,0,0,0,0,0,0,0,0,0,0,0,2,0,0,0,0,0,0,2022,57.12843,-135.36066,2022-07-20 21:37:06,2022-07-21 04:39:11,2022-07-21T00:04:12,,33486,Sitka,stkrp2,18,forest-conifer,Stream,3,60,1,2,creek,Alaska,0.293113426,0.334780093,0.190960648,0.018819444,12.65,12.2,12.8,89.25,89,90,3.9,2.055555556,211.6084499,Meteostat
33486,NW6,2022-07-21,0,0,0,1,0,0,0,0,0,0,0,0,0,0,0,0,0,0,0,0,0,0,0,0,0,0,0,0,0,5,0,0,0,0,0,0,2022,57.12843,-135.36066,2022-07-21 21:35:24,2022-07-22 04:40:58,2022-07-22T00:13:00,,33486,Sitka,stkrp2,18,forest-conifer,Stream,3,60,1,2,creek,Alaska,0.295532407,0.337199074,0.186087963,0.026111111,12.15,11.7,12.8,85.25,83,86,0.4,2.208333333,214.3584499,Meteostat
33486,NW6,2023-07-04,0,0,0,1,0,0,0,0,0,7,8,0,0,0,0,0,0,0,0,0,0,0,0,0,0,0,0,0,0,8,0,0,0,0,0,0,2023,57.12843,-135.36066,2023-07-04 21:57:14,2023-07-05 04:15:02,2023-07-04T23:44:43,,33486,Sitka,stkrp2,18,forest-conifer,Stream,3,60,1,2,creek,Alaska,0.262361111,0.304027778,0.187719907,0,13.08571429,12.8,13.3,68.85714286,64,75,0,4.563492063,124.6975108,Meteostat
33486,NW6,2023-07-05,0,0,0,0,0,0,0,0,0,6,16,0,0,0,0,0,0,0,0,0,0,3,0,0,0,0,0,0,0,8,0,0,0,0,0,0,2023,57.12843,-135.36066,2023-07-05 21:56:27,2023-07-06 04:16:10,2023-07-05T23:58:21,,33486,Sitka,stkrp2,18,forest-conifer,Stream,3,60,1,2,creek,Alaska,0.26369213,0.305358796,0.179039352,0.001319444,13.15714286,12.8,13.3,72.57142857,69,77,0,5.73015873,129.1475108,Meteostat
33486,NW6,2023-07-06,0,0,0,8,0,0,0,0,0,35,20,0,0,0,0,0,0,0,0,0,0,1,0,0,0,0,0,0,0,8,0,0,0,0,0,0,2023,57.12843,-135.36066,2023-07-06 21:55:36,2023-07-07 04:17:22,2023-07-07T00:06:54,,33486,Sitka,stkrp2,18,forest-conifer,Stream,3,60,1,2,creek,Alaska,0.265115741,0.306782407,0.173935185,0.007847222,12.12857143,11.1,13.3,84.71428571,80,86,0,3.523809524,133.5975108,Meteostat
33486,NW6,2023-07-07,0,0,0,0,0,0,0,0,0,18,6,0,0,0,0,0,0,0,0,0,0,1,0,0,0,0,0,0,0,4,0,0,0,0,0,0,2023,57.12843,-135.36066,2023-07-07 21:54:41,2023-07-08 04:18:36,2023-07-08T00:13:01,,33486,Sitka,stkrp2,18,forest-conifer,Stream,3,60,1,2,creek,Alaska,0.266608796,0.308275463,0.170543981,0.012731481,13.97142857,13.9,14.4,84.42857143,81,87,0,3.015873016,139.1475108,Meteostat
33486,NW6,2023-07-08,0,0,0,0,0,0,0,0,0,65,5,0,0,0,0,0,0,0,0,0,0,5,0,0,0,0,0,0,0,6,0,0,0,0,0,0,2023,57.12843,-135.36066,2023-07-08 21:53:43,2023-07-09 04:19:54,2023-07-09T00:18:08,,33486,Sitka,stkrp2,18,forest-conifer,Stream,3,60,1,2,creek,Alaska,0.26818287,0.309849537,0.167893519,0.016956019,12,11.7,12.8,74.42857143,71,77,0,7.337301587,144.1475108,Meteostat
33486,NW6,2023-07-09,0,0,0,1,0,0,0,0,0,97,12,0,0,0,0,0,0,0,0,0,0,1,0,0,0,0,0,0,0,10,0,0,0,0,0,0,2023,57.12843,-135.36066,2023-07-09 21:52:40,2023-07-10 04:21:15,2023-07-10T00:23:12,,33486,Sitka,stkrp2,18,forest-conifer,Stream,3,60,1,2,creek,Alaska,0.269849537,0.311516204,0.1653125,0.021203704,12.8,12.8,12.8,68.14285714,66,72,0,4.349206349,148.8475108,Meteostat
33486,NW6,2023-07-10,0,0,0,2,0,0,0,0,0,64,9,0,0,0,0,0,0,0,0,0,0,3,0,0,0,0,0,0,0,4,0,0,0,0,0,0,2023,57.12843,-135.36066,2023-07-10 21:51:34,2023-07-11 04:22:39,2023-07-11T00:29:07,,33486,Sitka,stkrp2,18,forest-conifer,Stream,3,60,1,2,creek,Alaska,0.271585648,0.313252315,0.162175926,0.026076389,12.15714286,11.7,12.8,78.71428571,74,80,0,4.765873016,152.7475108,Meteostat
33486,NW6,2023-07-11,0,0,0,7,0,0,0,0,0,61,18,0,0,0,0,0,0,0,0,0,0,13,0,0,0,0,0,0,0,13,0,0,0,0,0,0,2023,57.12843,-135.36066,2023-07-11 21:50:25,2023-07-12 04:24:05,2023-07-12T00:37:02,,33486,Sitka,stkrp2,18,forest-conifer,Stream,3,60,1,2,creek,Alaska,0.27337963,0.315046296,0.157673611,0.032372685,11.25714286,11.1,12.2,75.85714286,66,80,0,1.158730159,157.1975108,Meteostat
33486,NW6,2024-07-09,0,,0,4,0,0,,0,0,5,55,,1,0,0,0,0,,,,0,16,0,0,0,0,0,0,0,8,,,,,,0,2024,57.12843,-135.36066,2024-07-09 21:51:51,2024-07-10 04:22:18,,2024-07-09T23:39:34,33486,Sitka,stkrp2,18,forest-conifer,Stream,3,60,1,2,creek,Alaska,0.271145833,0.3128125,0.074803241,0,13.08571429,12.8,13.3,89.28571429,87,90,6.8,2.682539683,147.0936871,Meteostat
33486,NW6,2024-07-10,0,,0,7,0,0,,0,0,20,443,,2,0,0,0,0,,,,0,36,0,0,5,0,0,0,0,60,,,,,,0,2024,57.12843,-135.36066,2024-07-10 21:50:42,2024-07-11 04:23:44,,2024-07-10T23:43:04,33486,Sitka,stkrp2,18,forest-conifer,Stream,3,60,1,2,creek,Alaska,0.272939815,0.314606481,0.078032407,0,11.7,11.7,11.7,83.85714286,83,86,0,2.007936508,150.4936871,Meteostat
33486,NW6,2024-07-11,0,,0,3,0,0,,0,0,118,240,,0,0,0,0,0,,,,0,45,0,0,8,0,0,0,0,37,,,,,,0,2024,57.12843,-135.36066,2024-07-11 21:49:30,2024-07-12 04:25:12,,2024-07-11T23:45:58,33486,Sitka,stkrp2,18,forest-conifer,Stream,3,60,1,2,creek,Alaska,0.274791667,0.316458333,0.08087963,0,12.8,12.8,12.8,88.42857143,87,89,3.5,0.904761905,152.6936871,Meteostat
33486,NW6,2024-07-12,0,,0,10,0,0,,0,0,49,348,,5,0,0,0,0,,,,0,51,0,0,21,0,0,0,0,52,,,,,,0,2024,57.12843,-135.36066,2024-07-12 21:48:14,2024-07-13 04:26:43,,2024-07-12T23:48:53,33486,Sitka,stkrp2,18,forest-conifer,Stream,3,60,1,2,creek,Alaska,0.276724537,0.318391204,0.083784722,0.000451389,12.8,12.8,12.8,84.71428571,83,87,0,2.452380952,156.0436871,Meteostat
33486,NW6,2024-07-13,0,,0,0,0,0,,0,0,1,21,,0,0,0,0,0,,,,0,2,0,0,0,0,0,0,0,6,,,,,,0,2024,57.12843,-135.36066,2024-07-13 21:46:55,2024-07-14 04:28:16,,2024-07-13T23:52:20,33486,Sitka,stkrp2,18,forest-conifer,Stream,3,60,1,2,creek,Alaska,0.278715278,0.320381944,0.087094907,0.003761574,15,15,15,87.42857143,87,90,20,4.48015873,159.0936871,Meteostat
33486,NW6,2024-07-14,0,,0,2,0,0,,0,0,13,201,,1,0,0,0,0,,,,0,46,0,0,7,0,0,0,0,26,,,,,,0,2024,57.12843,-135.36066,2024-07-14 21:45:32,2024-07-15 04:29:51,,2024-07-14T23:57:08,33486,Sitka,stkrp2,18,forest-conifer,Stream,3,60,1,2,creek,Alaska,0.280775463,0.32244213,0.091388889,0.008055556,13.9,13.9,13.9,90.42857143,90,93,3.3,2.952380952,162.9936871,Meteostat
33486,NW6,2024-07-15,0,,0,0,0,0,,0,0,12,385,,0,0,0,2,0,,,,0,28,0,0,6,0,0,0,0,46,,,,,,0,2024,57.12843,-135.36066,2024-07-15 21:44:07,2024-07-16 04:31:29,,2024-07-16T00:04:34,33486,Sitka,stkrp2,18,forest-conifer,Stream,3,60,1,2,creek,Alaska,0.282893519,0.324560185,0.097534722,0.014201389,12.575,12.2,12.8,92,89,93,3.6,1.013888889,167.4436871,Meteostat
33486,NW6,2024-07-16,0,,0,0,0,0,,0,0,4,41,,0,0,0,0,0,,,,0,9,0,0,1,0,0,0,0,5,,,,,,0,2024,57.12843,-135.36066,2024-07-16 21:42:38,2024-07-17 04:33:09,,2024-07-17T00:17:12,33486,Sitka,stkrp2,18,forest-conifer,Stream,3,60,1,2,creek,Alaska,0.285081019,0.326747685,0.107337963,0.02400463,13.3,13.3,13.3,91.125,90,93,16.3,0.263888889,171.3436871,Meteostat
33486,NW6,2024-07-17,0,,0,0,0,0,,0,0,21,212,,1,0,0,0,0,,,,0,13,0,0,0,0,0,0,0,30,,,,,,0,2024,57.12843,-135.36066,2024-07-17 21:41:06,2024-07-18 04:34:50,,2024-07-18T00:40:26,33486,Sitka,stkrp2,18,forest-conifer,Stream,3,60,1,2,creek,Alaska,0.287314815,0.328981481,0.124537037,0.041203704,11.8875,10.6,12.8,87,83,90,0,2.704861111,174.9436871,Meteostat
33486,NW6,2024-07-18,0,,0,0,0,0,,0,0,50,123,,0,0,0,0,0,,,,0,28,0,0,12,0,0,0,0,21,,,,,,0,2024,57.12843,-135.36066,2024-07-18 21:39:31,2024-07-19 04:36:34,,2024-07-19T01:24:22,33486,Sitka,stkrp2,18,forest-conifer,Stream,3,60,1,2,creek,Alaska,0.289618056,0.331284722,0.156145833,0.0728125,15,15,15,88.5,87,90,4.6,0.979166667,179.1436871,Meteostat
33486,NW6,2025-06-24,,,0,,0,0,,0,0,6,66,,4,0,0,0,0,,,,0,50,0,0,0,,0,0,0,80,,,,,,,2025,57.12843,-135.36066,2025-06-24 22:01:12,2025-06-25 04:07:09,2025-06-25T03:24:36,2025-06-24T22:39:05,33486,Sitka,stkrp2,18,forest-conifer,Stream,3,60,1,2,creek,Alaska,0.254131944,0.295798611,-0.198275463,0.14125,11.9,11.7,12.2,92.85714286,90,94,0.6,1.849206349,59.9865936,Meteostat
33486,NW6,2025-06-25,,,0,,0,0,,0,0,0,6,,0,0,0,0,0,,,,0,2,0,0,0,,0,0,0,4,,,,,,,2025,57.12843,-135.36066,2025-06-25 22:01:05,2025-06-26 04:07:42,,2025-06-25T23:22:30,33486,Sitka,stkrp2,18,forest-conifer,Stream,3,60,1,2,creek,Alaska,0.254594907,0.296261574,0.056539352,0,10.5,10,11.1,88.42857143,86,93,0,0.900793651,62.0365936,Meteostat
33486,NW6,2025-06-26,,,0,,0,0,,0,0,2,8,,0,0,0,0,0,,,,0,4,0,0,0,,0,0,0,18,,,,,,,2025,57.12843,-135.36066,2025-06-26 22:00:54,2025-06-27 04:08:20,,2025-06-26T23:44:58,33486,Sitka,stkrp2,18,forest-conifer,Stream,3,60,1,2,creek,Alaska,0.255162037,0.296828704,0.072268519,0,11.81428571,11.7,12.2,87.57142857,83,89,1.9,0.817460317,63.4365936,Meteostat
33486,NW6,2025-06-27,,,0,,0,0,,0,0,0,0,,0,0,0,0,0,,,,0,0,0,0,0,,0,0,0,2,,,,,,,2025,57.12843,-135.36066,2025-06-27 22:00:38,2025-06-28 04:09:01,,2025-06-27T23:57:07,33486,Sitka,stkrp2,18,forest-conifer,Stream,3,60,1,2,creek,Alaska,0.255821759,0.297488426,0.080891204,0,11.85714286,11.7,12.2,84.85714286,80,89,0.6,4.186507937,64.9365936,Meteostat
33486,NW6,2025-06-29,,,0,,0,0,,0,0,0,0,,0,0,0,0,0,,,,0,0,0,0,0,,0,0,0,2,,,,,,,2025,57.12843,-135.36066,2025-06-29 21:59:54,2025-06-30 04:10:36,,2025-06-30T00:09:04,33486,Sitka,stkrp2,18,forest-conifer,Stream,3,60,1,2,creek,Alaska,0.257430556,0.299097222,0.089699074,0.006365741,11.08571429,11,11.1,86.71428571,86,89,0.6,1.904761905,71.4365936,Meteostat
33486,NW6,2025-06-30,,,0,,0,0,,0,0,26,168,,6,0,0,0,0,,,,0,18,0,0,0,,0,0,0,90,,,,,,,2025,57.12843,-135.36066,2025-06-30 21:59:25,2025-07-01 04:11:29,,2025-07-01T00:12:35,33486,Sitka,stkrp2,18,forest-conifer,Stream,3,60,1,2,creek,Alaska,0.25837963,0.300046296,0.092476852,0.009143519,11.91428571,10,12.8,90.71428571,87,94,0.6,0.634920635,73.3865936,Meteostat
33486,NW6,2025-07-01,,,0,,0,0,,0,0,0,0,,0,0,0,0,0,,,,0,0,0,0,0,,0,0,0,2,,,,,,,2025,57.12843,-135.36066,2025-07-01 21:58:53,2025-07-02 04:12:26,,2025-07-02T00:15:39,33486,Sitka,stkrp2,18,forest-conifer,Stream,3,60,1,2,creek,Alaska,0.259409722,0.301076389,0.094976852,0.011643519,12,12,12,88.85714286,88,94,2.2,0.55952381,76.9365936,Meteostat
33486,NW6,2025-07-02,,,0,,0,0,,0,0,32,60,,0,0,0,4,0,,,,0,24,0,0,0,,0,0,0,20,,,,,,,2025,57.12843,-135.36066,2025-07-02 21:58:16,2025-07-03 04:13:26,,2025-07-03T00:18:51,33486,Sitka,stkrp2,18,forest-conifer,Stream,3,60,1,2,creek,Alaska,0.260532407,0.302199074,0.097627315,0.014293981,11.42857143,11,12,88,88,88,0,0.888888889,78.4365936,Meteostat
33486,NW6,2025-07-03,,,0,,0,0,,0,0,0,36,,0,0,0,0,0,,,,0,20,0,0,0,,0,0,0,8,,,,,,,2025,57.12843,-135.36066,2025-07-03 21:57:35,2025-07-04 04:14:29,,2025-07-04T00:22:50,33486,Sitka,stkrp2,18,forest-conifer,Stream,3,60,1,2,creek,Alaska,0.261736111,0.303402778,0.100868056,0.017534722,11.5,10,13.3,83.71428571,80,88,0,1.436507937,80.4365936,Meteostat
33486,NW6,2025-07-04,,,0,,0,0,,0,0,2,22,,0,0,0,0,0,,,,0,4,0,0,0,,0,0,0,8,,,,,,,2025,57.12843,-135.36066,2025-07-04 21:56:50,2025-07-05 04:15:36,,2025-07-05T00:28:28,33486,Sitka,stkrp2,18,forest-conifer,Stream,3,60,1,2,creek,Alaska,0.263032407,0.304699074,0.105300926,0.021967593,11.8,10.6,13.3,80.85714286,74,86,0,1.416666667,83.09941111,Meteostat
33486,NW6,2025-07-05,,,0,,0,0,,0,0,4,38,,2,0,0,0,0,,,,0,12,0,0,0,,0,0,0,2,,,,,,,2025,57.12843,-135.36066,2025-07-05 21:56:01,2025-07-06 04:16:47,,2025-07-06T00:37:16,33486,Sitka,stkrp2,18,forest-conifer,Stream,3,60,1,2,creek,Alaska,0.264421296,0.306087963,0.111979167,0.028645833,14.48571429,14,15.6,78.71428571,67,88,0.2,1.654761905,86.69941111,Meteostat
33486,NW6,2025-07-06,,,0,,0,0,,0,0,10,46,,0,0,0,0,0,,,,0,12,0,0,0,,0,0,0,12,,,,,,,2025,57.12843,-135.36066,2025-07-06 21:55:08,2025-07-07 04:18:00,,2025-07-07T00:52:06,33486,Sitka,stkrp2,18,forest-conifer,Stream,3,60,1,2,creek,Alaska,0.26587963,0.307546296,0.122893519,0.039560185,12.1,11.7,13.3,87.28571429,80,89,3.4,2.142857143,90.49941111,Meteostat
33486,NW6,2025-07-07,,,0,,0,0,,0,0,0,9,,0,0,0,0,0,,,,0,20,0,0,0,,0,0,0,9,,,,,,,2025,57.12843,-135.36066,2025-07-07 21:54:11,2025-07-08 04:19:16,,2025-07-08T01:18:32,33486,Sitka,stkrp2,18,forest-conifer,Stream,3,60,1,2,creek,Alaska,0.267418981,0.309085648,0.141909722,0.058576389,11.52857143,11,12.8,83.85714286,82,88,5.2,3.277777778,93.54941111,Meteostat
33486,NW6,2025-07-08,,,0,,0,0,,0,0,20,56,,4,0,0,0,0,,,,0,16,0,0,0,,0,0,0,30,,,,,,,2025,57.12843,-135.36066,2025-07-08 21:53:10,2025-07-09 04:20:36,,2025-07-09T02:04:55,33486,Sitka,stkrp2,18,forest-conifer,Stream,3,60,1,2,creek,Alaska,0.269050926,0.310717593,0.174826389,0.091493056,13,12.8,13.3,86.28571429,83,88,3,3.031746032,96.59941111,Meteostat
33486,NW6,2025-07-09,,,0,,0,0,,0,0,8,29,,1,0,0,0,0,,,,0,3,0,0,0,,0,0,0,4,,,,,,,2025,57.12843,-135.36066,2025-07-09 21:52:06,2025-07-10 04:21:58,2025-07-09T22:16:43,2025-07-10T03:15:20,33486,Sitka,stkrp2,18,forest-conifer,Stream,3,60,1,2,creek,Alaska,0.270740741,0.312407407,0.207372685,0,10.87142857,10,12,83.85714286,82,87,0,2.238095238,99.09941111,Meteostat
33486,NW6,2025-07-10,,,0,,0,0,,0,0,2,57,,2,0,0,1,0,,,,0,7,0,0,0,,0,0,0,12,,,,,,,2025,57.12843,-135.36066,2025-07-10 21:50:58,2025-07-11 04:23:23,2025-07-10T22:41:56,,33486,Sitka,stkrp2,18,forest-conifer,Stream,3,60,1,2,creek,Alaska,0.272511574,0.314178241,0.237118056,0,13.24285714,12.8,14,88.71428571,82,94,3.3,2.555555556,102.9994111,Meteostat
33486,NW6,2025-07-11,,,0,,0,0,,0,0,7,12,,1,0,0,0,0,,,,0,8,0,0,0,,0,0,0,9,,,,,,,2025,57.12843,-135.36066,2025-07-11 21:49:47,2025-07-12 04:24:50,2025-07-11T22:56:18,,33486,Sitka,stkrp2,18,forest-conifer,Stream,3,60,1,2,creek,Alaska,0.274340278,0.316006944,0.228148148,0,11.37142857,11,12,87.85714286,86,89,4,2.865079365,105.9994111,Meteostat
33486,NW6,2025-07-12,,,0,,0,0,,0,0,6,68,,0,0,0,0,0,,,,0,0,0,0,0,,0,0,0,31,,,,,,,2025,57.12843,-135.36066,2025-07-12 21:48:32,2025-07-13 04:26:20,2025-07-12T23:05:02,,33486,Sitka,stkrp2,18,forest-conifer,Stream,3,60,1,2,creek,Alaska,0.27625,0.317916667,0.223125,0,12.17142857,12,12.2,90.57142857,90,94,2.6,0.698412698,108.8494111,Meteostat
33486,NW6-Dup,2022-06-28,0,0,0,0,2,0,0,0,0,22,2,0,0,0,0,0,0,0,0,0,0,1,0,0,0,0,0,0,0,9,0,0,0,0,0,0,2022,57.12843,-135.36066,2022-06-28 22:00:25,2022-06-29 04:09:35,2022-06-29T03:59:30,2022-06-28T22:39:13,33486,Sitka,stkrp2,18,forest-conifer,Stream,3,60,1,2,creek,Alaska,0.256365741,0.298032407,-0.222418981,0.166030093,14.11428571,13.9,14.4,81,81,81,0,5.432539683,116.8584499,Meteostat
33486,NW6-Dup,2022-06-29,0,0,0,7,3,0,0,0,0,460,25,0,0,0,0,0,0,0,0,0,0,1,0,0,0,0,0,0,0,108,0,0,0,0,0,0,2022,57.12843,-135.36066,2022-06-29 22:00:02,2022-06-30 04:10:23,,2022-06-29T23:19:55,33486,Sitka,stkrp2,18,forest-conifer,Stream,3,60,1,2,creek,Alaska,0.2571875,0.298854167,0.055474537,0,13.55714286,13.3,13.9,81.57142857,80,84,0,4.968253968,122.9584499,Meteostat
33486,NW6-Dup,2022-06-30,0,0,0,5,5,0,0,0,0,259,14,0,0,0,0,0,0,0,0,0,0,3,0,0,0,0,0,0,0,54,0,0,0,0,0,0,2022,57.12843,-135.36066,2022-06-30 21:59:34,2022-07-01 04:11:15,,2022-06-30T23:46:32,33486,Sitka,stkrp2,18,forest-conifer,Stream,3,60,1,2,creek,Alaska,0.258113426,0.299780093,0.074282407,0,13.72857143,13.3,13.9,80.14285714,77,81,0,4.849206349,127.7084499,Meteostat
33486,NW6-Dup,2022-07-01,0,0,0,2,6,0,0,0,0,109,12,0,0,0,0,0,0,0,0,0,0,1,0,0,0,0,0,0,0,30,0,0,0,0,0,0,2022,57.12843,-135.36066,2022-07-01 21:59:03,2022-07-02 04:12:11,,2022-07-02T00:03:47,33486,Sitka,stkrp2,18,forest-conifer,Stream,3,60,1,2,creek,Alaska,0.25912037,0.300787037,0.08662037,0.003287037,11.98571429,11.1,12.8,84.28571429,83,86,0,2.492063492,132.9584499,Meteostat
33486,NW6-Dup,2022-07-02,0,0,0,0,3,0,0,0,0,1,5,0,0,0,0,0,0,0,0,0,0,0,0,0,0,0,0,0,0,1,0,0,0,0,0,0,2022,57.12843,-135.36066,2022-07-02 21:58:27,2022-07-03 04:13:10,,2022-07-03T00:15:26,33486,Sitka,stkrp2,18,forest-conifer,Stream,3,60,1,2,creek,Alaska,0.260219907,0.301886574,0.095127315,0.011793981,13.24285714,12.2,14.4,85.71428571,83,87,0,0.214285714,138.5084499,Meteostat
33486,NW6-Dup,2022-07-03,0,0,0,2,1,0,0,0,0,11,5,0,0,0,0,0,0,0,0,0,0,3,0,0,0,0,0,0,0,2,0,0,0,0,0,0,2022,57.12843,-135.36066,2022-07-03 21:57:47,2022-07-04 04:14:13,,2022-07-04T00:23:52,33486,Sitka,stkrp2,18,forest-conifer,Stream,3,60,1,2,creek,Alaska,0.261412037,0.303078704,0.101446759,0.018113426,14.18571429,13.3,15,84.85714286,81,87,0,4.023809524,142.6584499,Meteostat
33486,NW6-Dup,2022-07-04,0,0,0,3,2,0,0,0,0,13,5,0,0,0,0,0,0,0,0,0,0,1,0,0,0,0,0,0,0,22,0,0,0,0,0,0,2022,57.12843,-135.36066,2022-07-04 21:57:03,2022-07-05 04:15:19,,2022-07-05T00:30:34,33486,Sitka,stkrp2,18,forest-conifer,Stream,3,60,1,2,creek,Alaska,0.262685185,0.304351852,0.106608796,0.023275463,14.6,13.9,16.1,83,78,87,0,4.611111111,148.4584499,Meteostat
33486,NW6-Dup,2022-07-05,0,0,0,1,3,0,0,0,0,7,7,0,0,0,0,0,0,0,0,0,0,2,0,0,0,0,0,0,0,11,0,0,0,0,0,0,2022,57.12843,-135.36066,2022-07-05 21:56:16,2022-07-06 04:16:28,,2022-07-06T00:36:30,33486,Sitka,stkrp2,18,forest-conifer,Stream,3,60,1,2,creek,Alaska,0.264027778,0.305694444,0.111273148,0.027939815,13.08571429,12.8,13.3,87.85714286,84,90,0.3,1.547619048,154.5584499,Meteostat
33486,NW6-Dup,2022-07-06,0,0,0,4,10,0,0,0,0,124,19,0,0,0,0,0,0,0,0,0,0,4,0,0,0,0,0,0,0,40,0,0,0,0,0,0,2022,57.12843,-135.36066,2022-07-06 21:55:24,2022-07-07 04:17:41,,2022-07-07T00:42:30,33486,Sitka,stkrp2,18,forest-conifer,Stream,3,60,1,2,creek,Alaska,0.265474537,0.307141204,0.116041667,0.032708333,14.25714286,13.9,14.4,84.42857143,81,87,0,0.944444444,158.7584499,Meteostat
33486,NW6-Dup,2022-07-07,0,0,0,3,1,0,0,0,0,85,10,0,0,0,0,0,0,0,0,0,0,3,0,0,0,0,0,0,0,21,0,0,0,0,0,0,2022,57.12843,-135.36066,2022-07-07 21:54:28,2022-07-08 04:18:56,,2022-07-08T00:49:30,33486,Sitka,stkrp2,18,forest-conifer,Stream,3,60,1,2,creek,Alaska,0.266990741,0.308657407,0.121550926,0.038217593,13.9,13.9,13.9,83,83,83,0.2,1.833333333,162.9584499,Meteostat
33486,NW8,2019-08-06,0,0,0,0,0,0,0,0,0,3,7,0,0,0,0,4,0,0,0,0,0,0,0,0,5,0,0,0,0,4,0,0,0,0,0,0,2019,57.14225,-135.37183,2019-08-06 21:03:46,2019-08-07 05:11:36,,2019-08-06T23:28:47,33486,Sitka,stkbe3,0,wetland,Ocean Edge,10,30,1,35,ocean,Alaska,0.338773148,0.380439815,0.100706019,0.017372685,15.31111111,14.4,16.7,86.33333333,80,90,0,3.833333333,300.0562356,Meteostat
33486,NW8,2019-08-07,0,0,0,0,0,0,0,0,0,9,2,0,0,0,0,11,0,0,0,0,0,9,0,0,1,0,0,0,0,8,0,0,0,0,0,0,2019,57.14225,-135.37183,2019-08-07 21:01:29,2019-08-08 05:13:39,,2019-08-07T23:47:20,33486,Sitka,stkbe3,0,wetland,Ocean Edge,10,30,1,35,ocean,Alaska,0.341782407,0.383449074,0.115173611,0.031840278,15.44444444,15,16.7,90,84,93,0,2.197530864,307.2562356,Meteostat
33486,NW8,2019-08-08,0,0,0,4,0,0,0,0,0,7,7,0,0,0,0,3,0,0,0,0,0,2,0,0,1,0,0,0,0,2,0,0,0,0,0,0,2019,57.14225,-135.37183,2019-08-08 20:59:11,2019-08-09 05:15:42,,2019-08-09T00:09:59,33486,Sitka,stkbe3,0,wetland,Ocean Edge,10,30,1,35,ocean,Alaska,0.344803241,0.386469907,0.1325,0.049166667,14.04444444,13.3,14.4,94.66666667,93,97,0,0.234567901,313.3562356,Meteostat
33486,NW8,2019-08-09,0,0,0,0,0,0,0,0,0,17,1,0,0,0,0,2,0,0,0,0,0,2,0,0,2,0,0,0,0,4,0,0,0,0,0,0,2019,57.14225,-135.37183,2019-08-09 20:56:51,2019-08-10 05:17:45,,2019-08-10T00:38:59,33486,Sitka,stkbe3,0,wetland,Ocean Edge,10,30,1,35,ocean,Alaska,0.347847222,0.389513889,0.154259259,0.070925926,13.9,11.7,16.1,89.88888889,86,93,0,1.203703704,318.9062356,Meteostat
33486,NW8,2023-07-01,0,0,0,0,0,0,0,0,0,0,0,0,0,0,0,0,0,0,0,0,0,0,0,0,0,0,0,0,0,1,0,0,0,0,0,0,2023,57.14225,-135.37183,2023-07-01 21:59:20,2023-07-02 04:11:53,,2023-07-02T02:25:10,33486,Sitka,stkbe3,0,wetland,Ocean Edge,10,30,1,35,ocean,Alaska,0.258715278,0.300381944,0.184606481,0.101273148,12.92857143,11.7,13.3,81.28571429,80,83,0,1.404761905,114.9475108,Meteostat
33486,NW8,2023-07-02,0,0,0,0,0,0,0,0,0,0,0,0,0,0,0,0,0,0,0,0,0,0,0,0,0,0,0,0,0,5,0,0,0,0,0,0,2023,57.14225,-135.37183,2023-07-02 21:58:45,2023-07-03 04:12:51,2023-07-02T22:35:29,2023-07-03T03:27:33,33486,Sitka,stkbe3,0,wetland,Ocean Edge,10,30,1,35,ocean,Alaska,0.259791667,0.301458333,0.202824074,0,10.95714286,10,12.8,83.42857143,77,89,0,0.515873016,117.6975108,Meteostat
33486,NW8,2023-07-04,0,0,0,1,0,0,0,0,0,0,0,0,0,0,0,0,0,0,0,0,0,0,0,0,0,0,0,0,0,0,0,0,0,0,0,0,2023,57.14225,-135.37183,2023-07-04 21:57:23,2023-07-05 04:14:58,2023-07-04T23:44:52,,33486,Sitka,stkbe3,0,wetland,Ocean Edge,10,30,1,35,ocean,Alaska,0.262210648,0.303877315,0.187569444,0,13.08571429,12.8,13.3,68.85714286,64,75,0,4.563492063,124.6975108,Meteostat
33486,NW8,2023-07-05,0,0,0,3,0,0,0,0,0,0,0,0,0,0,0,0,0,0,0,0,0,0,0,0,0,0,0,0,0,15,0,0,0,0,0,0,2023,57.14225,-135.37183,2023-07-05 21:56:36,2023-07-06 04:16:06,2023-07-05T23:58:28,,33486,Sitka,stkbe3,0,wetland,Ocean Edge,10,30,1,35,ocean,Alaska,0.263541667,0.305208333,0.178912037,0.001296296,13.15714286,12.8,13.3,72.57142857,69,77,0,5.73015873,129.1475108,Meteostat
33486,NW8,2023-07-06,0,0,0,1,0,0,0,0,0,0,0,0,0,0,0,0,0,0,0,0,0,0,0,0,0,0,0,0,0,1,0,0,0,0,0,0,2023,57.14225,-135.37183,2023-07-06 21:55:45,2023-07-07 04:17:18,2023-07-07T00:06:59,,33486,Sitka,stkbe3,0,wetland,Ocean Edge,10,30,1,35,ocean,Alaska,0.264965278,0.306631944,0.173831019,0.007800926,12.12857143,11.1,13.3,84.71428571,80,86,0,3.523809524,133.5975108,Meteostat
33486,NW8,2023-07-07,0,0,0,1,0,0,0,0,0,0,10,0,0,0,0,0,0,0,0,0,0,0,0,0,0,0,0,0,0,8,0,0,0,0,0,0,2023,57.14225,-135.37183,2023-07-07 21:54:50,2023-07-08 04:18:33,2023-07-08T00:13:05,,33486,Sitka,stkbe3,0,wetland,Ocean Edge,10,30,1,35,ocean,Alaska,0.266469907,0.308136574,0.170462963,0.012673611,13.97142857,13.9,14.4,84.42857143,81,87,0,3.015873016,139.1475108,Meteostat
33486,NW8,2023-07-08,0,0,0,5,0,0,0,0,0,0,30,0,0,0,0,0,0,0,0,0,0,0,0,0,0,0,0,0,0,12,0,0,0,0,0,0,2023,57.14225,-135.37183,2023-07-08 21:53:52,2023-07-09 04:19:50,2023-07-09T00:18:11,,33486,Sitka,stkbe3,0,wetland,Ocean Edge,10,30,1,35,ocean,Alaska,0.268032407,0.309699074,0.1678125,0.016886574,12,11.7,12.8,74.42857143,71,77,0,7.337301587,144.1475108,Meteostat
33486,NW8,2023-07-09,0,0,0,1,0,0,0,0,0,0,3,0,0,0,0,0,0,0,0,0,0,0,0,0,0,0,0,0,0,2,0,0,0,0,0,0,2023,57.14225,-135.37183,2023-07-09 21:52:49,2023-07-10 04:21:11,2023-07-10T00:23:14,,33486,Sitka,stkbe3,0,wetland,Ocean Edge,10,30,1,35,ocean,Alaska,0.269699074,0.311365741,0.165243056,0.021122685,12.8,12.8,12.8,68.14285714,66,72,0,4.349206349,148.8475108,Meteostat
33486,NW8,2023-07-10,0,0,0,1,0,0,0,0,0,0,6,0,0,0,0,0,0,0,0,0,0,0,0,0,0,0,0,0,0,8,0,0,0,0,0,0,2023,57.14225,-135.37183,2023-07-10 21:51:43,2023-07-11 04:22:35,2023-07-11T00:29:07,,33486,Sitka,stkbe3,0,wetland,Ocean Edge,10,30,1,35,ocean,Alaska,0.271435185,0.313101852,0.16212963,0.025972222,12.15714286,11.7,12.8,78.71428571,74,80,0,4.765873016,152.7475108,Meteostat
33486,NW8,2023-07-11,0,0,0,2,0,0,0,0,0,0,1,0,0,0,0,0,0,0,0,0,0,1,0,0,0,0,0,0,0,5,0,0,0,0,0,0,2023,57.14225,-135.37183,2023-07-11 21:50:34,2023-07-12 04:24:01,2023-07-12T00:37:00,,33486,Sitka,stkbe3,0,wetland,Ocean Edge,10,30,1,35,ocean,Alaska,0.273229167,0.314895833,0.157650463,0.03224537,11.25714286,11.1,12.2,75.85714286,66,80,0,1.158730159,157.1975108,Meteostat
33486,NW8,2024-07-09,0,,0,0,0,0,,0,0,0,0,,0,0,0,0,0,,,,0,0,0,0,0,0,0,0,0,1,,,,,,0,2024,57.14225,-135.37183,2024-07-09 21:51:59,2024-07-10 04:22:14,,2024-07-09T23:39:39,33486,Sitka,stkbe3,0,wetland,Ocean Edge,10,30,1,35,ocean,Alaska,0.271006944,0.312673611,0.074768519,0,13.08571429,12.8,13.3,89.28571429,87,90,6.8,2.682539683,147.0936871,Meteostat
33486,NW8,2024-07-10,0,,0,0,0,0,,0,0,2,0,,0,0,0,0,0,,,,0,1,0,0,0,0,0,0,0,2,,,,,,0,2024,57.14225,-135.37183,2024-07-10 21:50:51,2024-07-11 04:23:40,,2024-07-10T23:43:07,33486,Sitka,stkbe3,0,wetland,Ocean Edge,10,30,1,35,ocean,Alaska,0.272789352,0.314456019,0.077962963,0,11.7,11.7,11.7,83.85714286,83,86,0,2.007936508,150.4936871,Meteostat
33486,NW8,2024-07-11,0,,0,0,0,0,,0,0,3,1,,0,0,0,0,0,,,,0,1,0,0,0,0,0,0,0,1,,,,,,0,2024,57.14225,-135.37183,2024-07-11 21:49:38,2024-07-12 04:25:09,,2024-07-11T23:46:01,33486,Sitka,stkbe3,0,wetland,Ocean Edge,10,30,1,35,ocean,Alaska,0.274664352,0.316331019,0.080821759,0,12.8,12.8,12.8,88.42857143,87,89,3.5,0.904761905,152.6936871,Meteostat
33486,NW8,2024-07-12,0,,0,0,0,0,,1,0,1,0,,0,0,0,0,0,,,,0,1,0,0,0,0,0,0,0,2,,,,,,0,2024,57.14225,-135.37183,2024-07-12 21:48:23,2024-07-13 04:26:39,,2024-07-12T23:48:54,33486,Sitka,stkbe3,0,wetland,Ocean Edge,10,30,1,35,ocean,Alaska,0.276574074,0.318240741,0.08369213,0.000358796,12.8,12.8,12.8,84.71428571,83,87,0,2.452380952,156.0436871,Meteostat
33486,NW8,2024-07-14,0,,0,0,0,0,,0,0,0,0,,0,0,0,0,0,,,,0,1,0,0,0,0,0,0,0,0,,,,,,0,2024,57.14225,-135.37183,2024-07-14 21:45:41,2024-07-15 04:29:48,,2024-07-14T23:57:07,33486,Sitka,stkbe3,0,wetland,Ocean Edge,10,30,1,35,ocean,Alaska,0.280636574,0.322303241,0.091273148,0.007939815,13.9,13.9,13.9,90.42857143,90,93,3.3,2.952380952,162.9936871,Meteostat
33486,NW8,2024-07-16,0,,0,0,0,0,,0,0,0,0,,0,0,0,0,0,,,,0,2,0,0,0,0,0,0,0,1,,,,,,0,2024,57.14225,-135.37183,2024-07-16 21:42:46,2024-07-17 04:33:06,,2024-07-17T00:17:07,33486,Sitka,stkbe3,0,wetland,Ocean Edge,10,30,1,35,ocean,Alaska,0.284953704,0.32662037,0.1071875,0.023854167,13.3,13.3,13.3,91.125,90,93,16.3,0.263888889,171.3436871,Meteostat
33486,NW8,2024-07-17,0,,0,0,0,0,,0,0,1,0,,0,0,0,0,0,,,,0,0,0,0,0,0,0,0,0,3,,,,,,0,2024,57.14225,-135.37183,2024-07-17 21:41:14,2024-07-18 04:34:47,,2024-07-18T00:40:18,33486,Sitka,stkbe3,0,wetland,Ocean Edge,10,30,1,35,ocean,Alaska,0.2871875,0.328854167,0.124351852,0.041018519,11.8875,10.6,12.8,87,83,90,0,2.704861111,174.9436871,Meteostat
33486,NW8,2024-07-18,0,,0,0,0,0,,0,0,1,0,,0,0,0,0,0,,,,0,0,0,0,0,0,0,0,0,3,,,,,,0,2024,57.14225,-135.37183,2024-07-18 21:39:40,2024-07-19 04:36:31,,2024-07-19T01:24:13,33486,Sitka,stkbe3,0,wetland,Ocean Edge,10,30,1,35,ocean,Alaska,0.289479167,0.331145833,0.1559375,0.072604167,15,15,15,88.5,87,90,4.6,0.979166667,179.1436871,Meteostat
33486,NW8,2024-07-19,0,,0,0,0,0,,0,0,8,0,,0,0,0,0,0,,,,0,0,0,0,0,0,0,0,0,1,,,,,,0,2024,57.14225,-135.37183,2024-07-19 21:38:02,2024-07-20 04:38:16,2024-07-19T21:45:10,2024-07-20T02:37:37,33486,Sitka,stkbe3,0,wetland,Ocean Edge,10,30,1,35,ocean,Alaska,0.291828704,0.33349537,0.203090278,0,14.7,14.4,15,90.375,90,93,0.5,2.208333333,183.5936871,Meteostat
33486,NW8,2024-07-20,0,,0,0,0,0,,0,0,0,3,,0,0,0,0,0,,,,0,4,0,0,0,0,0,0,0,1,,,,,,0,2024,57.14225,-135.37183,2024-07-20 21:36:21,2024-07-21 04:40:03,2024-07-20T22:15:05,2024-07-21T04:13:46,33486,Sitka,stkbe3,0,wetland,Ocean Edge,10,30,1,35,ocean,Alaska,0.294236111,0.335902778,0.249085648,0,14.475,14.4,15,88.875,87,90,0,0.638888889,189.6936871,Meteostat
33486,NW8,2024-07-21,0,,0,0,0,0,,0,0,0,1,,0,0,0,0,1,,,,0,5,0,0,0,0,0,0,0,1,,,,,,0,2024,57.14225,-135.37183,2024-07-21 21:34:38,2024-07-22 04:41:51,2024-07-21T22:31:17,,33486,Sitka,stkbe3,0,wetland,Ocean Edge,10,30,1,35,ocean,Alaska,0.296678241,0.338344907,0.257337963,0,13.675,12.8,14.4,84.875,83,87,0,0.527777778,194.9436871,Meteostat
33486,NW8,2024-07-22,0,,0,0,0,0,,0,0,0,0,,0,0,0,0,0,,,,0,3,0,0,0,0,0,0,0,0,,,,,,0,2024,57.14225,-135.37183,2024-07-22 21:32:52,2024-07-23 04:43:41,2024-07-22T22:40:46,,33486,Sitka,stkbe3,0,wetland,Ocean Edge,10,30,1,35,ocean,Alaska,0.299178241,0.340844907,0.252025463,0,13.9375,13.3,14.4,83.625,81,87,0,0.826388889,200.4936871,Meteostat
33486,NW8,2024-07-23,0,,0,0,0,0,,0,0,0,0,,0,0,0,0,0,,,,0,0,0,0,0,0,0,0,0,1,,,,,,0,2024,57.14225,-135.37183,2024-07-23 21:31:04,2024-07-24 04:45:32,2024-07-23T22:46:58,,33486,Sitka,stkbe3,0,wetland,Ocean Edge,10,30,1,35,ocean,Alaska,0.301712963,0.34337963,0.24900463,0,13.175,12.8,13.3,88.375,84,90,4.6,2.472222222,204.6936871,Meteostat
33486,NW8,2024-07-24,0,,0,0,0,0,,0,0,0,0,,0,0,0,0,0,,,,0,2,0,0,0,0,0,0,0,2,,,,,,0,2024,57.14225,-135.37183,2024-07-24 21:29:13,2024-07-25 04:47:25,2024-07-24T22:51:40,,33486,Sitka,stkbe3,0,wetland,Ocean Edge,10,30,1,35,ocean,Alaska,0.304305556,0.345972222,0.247048611,0,14.93333333,14.4,15,83.77777778,83,90,0,0.5,208.2936871,Meteostat
33486,NW8,2024-07-25,0,,0,0,0,0,,0,0,0,0,,0,0,0,0,0,,,,0,3,0,0,0,0,0,0,0,4,,,,,,0,2024,57.14225,-135.37183,2024-07-25 21:27:20,2024-07-26 04:49:19,2024-07-25T22:55:55,,33486,Sitka,stkbe3,0,wetland,Ocean Edge,10,30,1,35,ocean,Alaska,0.30693287,0.348599537,0.245416667,0,13.45555556,12.8,14.4,84.22222222,80,87,0.3,3.432098765,212.7436871,Meteostat
33486,NW8,2024-07-26,0,,0,0,0,0,,0,0,0,1,,0,0,0,0,0,,,,0,1,0,0,0,0,0,0,0,1,,,,,,0,2024,57.14225,-135.37183,2024-07-26 21:25:24,2024-07-27 04:51:14,2024-07-26T23:00:36,,33486,Sitka,stkbe3,0,wetland,Ocean Edge,10,30,1,35,ocean,Alaska,0.309606481,0.351273148,0.24349537,0,13.07777778,12.8,13.3,89.22222222,87,93,2.4,3.191358025,218.0436871,Meteostat
33486,NW8,2024-07-27,0,,0,0,0,0,,0,0,1,1,,0,0,0,0,0,,,,0,3,0,0,0,0,0,0,0,1,,,,,,0,2024,57.14225,-135.37183,2024-07-27 21:23:26,2024-07-28 04:53:10,2024-07-27T23:06:44,,33486,Sitka,stkbe3,0,wetland,Ocean Edge,10,30,1,35,ocean,Alaska,0.312314815,0.353981481,0.240578704,0,14.17777778,13.9,14.4,87.55555556,83,90,0.3,2.617283951,222.4936871,Meteostat
33486,NW8,2024-07-28,0,,0,0,0,0,,2,0,53,0,,0,0,0,0,0,,,,0,6,0,0,0,0,0,0,0,6,,,,,,0,2024,57.14225,-135.37183,2024-07-28 21:21:26,2024-07-29 04:55:07,2024-07-28T23:15:57,,33486,Sitka,stkbe3,0,wetland,Ocean Edge,10,30,1,35,ocean,Alaska,0.31505787,0.356724537,0.235532407,0,14.48888889,13.9,15,80,78,81,0,1.450617284,226.3936871,Meteostat
33486,NW8,2024-07-29,0,,0,0,0,0,,0,0,0,0,,0,0,0,0,0,,,,0,5,0,0,0,0,0,0,0,1,,,,,,0,2024,57.14225,-135.37183,2024-07-29 21:19:24,2024-07-30 04:57:05,2024-07-29T23:31:18,,33486,Sitka,stkbe3,0,wetland,Ocean Edge,10,30,1,35,ocean,Alaska,0.317835648,0.359502315,0.226238426,0.008263889,14.66666667,14.4,15.6,86.33333333,75,90,8.4,3.5,232.2436871,Meteostat
33486,NW8,2025-06-25,,,0,,0,0,,0,0,2,4,,0,0,0,0,4,,,,0,26,0,0,0,,5,0,0,15,,,,,,,2025,57.14225,-135.37183,2025-06-25 22:01:15,2025-06-26 04:07:38,,2025-06-25T23:22:42,33486,Sitka,stkbe3,0,wetland,Ocean Edge,10,30,1,35,ocean,Alaska,0.25443287,0.296099537,0.0565625,0,10.5,10,11.1,88.42857143,86,93,0,0.900793651,62.0365936,Meteostat
33486,NW8,2025-06-26,,,0,,0,0,,0,0,4,2,,0,0,0,0,0,,,,0,31,0,0,2,,19,0,0,56,,,,,,,2025,57.14225,-135.37183,2025-06-26 22:01:03,2025-06-27 04:08:15,,2025-06-26T23:45:07,33486,Sitka,stkbe3,0,wetland,Ocean Edge,10,30,1,35,ocean,Alaska,0.255,0.296666667,0.072268519,0,11.81428571,11.7,12.2,87.57142857,83,89,1.9,0.817460317,63.4365936,Meteostat
33486,NW8,2025-06-27,,,0,,0,0,,0,0,0,2,,2,0,0,2,0,,,,0,36,0,0,8,,3,0,0,17,,,,,,,2025,57.14225,-135.37183,2025-06-27 22:00:48,2025-06-28 04:08:57,,2025-06-27T23:57:15,33486,Sitka,stkbe3,0,wetland,Ocean Edge,10,30,1,35,ocean,Alaska,0.255659722,0.297326389,0.080868056,0,11.85714286,11.7,12.2,84.85714286,80,89,0.6,4.186507937,64.9365936,Meteostat
33486,NW8,2025-06-28,,,0,,0,0,,0,0,0,0,,0,0,0,0,0,,,,0,42,0,0,0,,0,0,0,35,,,,,,,2025,57.14225,-135.37183,2025-06-28 22:00:28,2025-06-29 04:09:43,,2025-06-29T00:04:26,33486,Sitka,stkbe3,0,wetland,Ocean Edge,10,30,1,35,ocean,Alaska,0.256423611,0.298090278,0.086087963,0.00275463,11.54285714,11,12.2,87.57142857,83,89,3.9,3.246031746,68.5865936,Meteostat
33486,NW8,2025-06-29,,,0,,0,0,,0,0,1,1,,0,0,0,0,0,,,,0,30,0,0,0,,2,0,0,18,,,,,,,2025,57.14225,-135.37183,2025-06-29 22:00:03,2025-06-30 04:10:32,,2025-06-30T00:09:08,33486,Sitka,stkbe3,0,wetland,Ocean Edge,10,30,1,35,ocean,Alaska,0.257280093,0.298946759,0.089641204,0.00630787,11.08571429,11,11.1,86.71428571,86,89,0.6,1.904761905,71.4365936,Meteostat
33486,NW8,2025-06-30,,,0,,0,0,,0,0,3,1,,0,0,0,0,0,,,,0,10,0,0,1,,0,0,0,10,,,,,,,2025,57.14225,-135.37183,2025-06-30 21:59:35,2025-07-01 04:11:25,,2025-07-01T00:12:38,33486,Sitka,stkbe3,0,wetland,Ocean Edge,10,30,1,35,ocean,Alaska,0.258217593,0.299884259,0.092395833,0.0090625,11.91428571,10,12.8,90.71428571,87,94,0.6,0.634920635,73.3865936,Meteostat
33486,NW8,2025-07-01,,,0,,0,0,,0,0,0,2,,0,0,0,1,0,,,,0,5,0,0,0,,0,0,1,3,,,,,,,2025,57.14225,-135.37183,2025-07-01 21:59:02,2025-07-02 04:12:22,,2025-07-02T00:15:41,33486,Sitka,stkbe3,0,wetland,Ocean Edge,10,30,1,35,ocean,Alaska,0.259259259,0.300925926,0.094895833,0.0115625,12,12,12,88.85714286,88,94,2.2,0.55952381,76.9365936,Meteostat
33486,NW9,2022-06-29,0,0,0,7,0,0,0,0,0,1,0,0,0,0,0,0,0,0,0,0,0,0,0,0,0,0,0,0,0,1,0,0,0,0,0,0,2022,57.10789,-135.37627,2022-06-29 21:59:55,2022-06-30 04:10:37,,2022-06-29T23:19:46,33486,Sitka,stkms2,81,forested wetland,Muskeg,25,20,1,8,pond,Alaska,0.257430556,0.299097222,0.055451389,0,13.55714286,13.3,13.9,81.57142857,80,84,0,4.968253968,122.9584499,Meteostat
33486,NW9,2022-06-30,0,0,0,3,0,0,0,0,0,0,0,0,0,0,0,0,0,0,0,0,0,2,0,0,0,0,0,0,0,0,0,0,0,0,0,0,2022,57.10789,-135.37627,2022-06-30 21:59:28,2022-07-01 04:11:29,,2022-06-30T23:46:25,33486,Sitka,stkms2,81,forested wetland,Muskeg,25,20,1,8,pond,Alaska,0.258344907,0.300011574,0.074270833,0,13.72857143,13.3,13.9,80.14285714,77,81,0,4.849206349,127.7084499,Meteostat
33486,NW9,2022-07-01,0,0,0,5,0,0,0,0,0,0,0,0,0,0,0,0,0,0,0,0,0,0,0,0,0,0,0,0,0,0,0,0,0,0,0,0,2022,57.10789,-135.37627,2022-07-01 21:58:57,2022-07-02 04:12:25,,2022-07-02T00:03:42,33486,Sitka,stkms2,81,forested wetland,Muskeg,25,20,1,8,pond,Alaska,0.259351852,0.301018519,0.086631944,0.003298611,11.98571429,11.1,12.8,84.28571429,83,86,0,2.492063492,132.9584499,Meteostat
33486,NW9,2022-07-02,0,0,0,4,0,0,0,0,0,0,2,0,0,0,0,0,0,0,0,0,0,1,0,0,0,0,0,0,0,1,0,0,0,0,0,0,2022,57.10789,-135.37627,2022-07-02 21:58:21,2022-07-03 04:13:24,,2022-07-03T00:15:24,33486,Sitka,stkms2,81,forested wetland,Muskeg,25,20,1,8,pond,Alaska,0.260451389,0.302118056,0.095173611,0.011840278,13.24285714,12.2,14.4,85.71428571,83,87,0,0.214285714,138.5084499,Meteostat
33486,NW9,2022-07-03,0,0,0,13,0,0,0,0,0,0,0,0,0,0,0,0,0,0,0,0,0,3,0,0,0,0,0,0,0,1,0,0,0,0,0,0,2022,57.10789,-135.37627,2022-07-03 21:57:41,2022-07-04 04:14:26,,2022-07-04T00:23:52,33486,Sitka,stkms2,81,forested wetland,Muskeg,25,20,1,8,pond,Alaska,0.261631944,0.303298611,0.101516204,0.01818287,14.18571429,13.3,15,84.85714286,81,87,0,4.023809524,142.6584499,Meteostat
33486,NW9,2022-07-04,0,0,0,4,0,0,0,0,0,0,0,0,0,0,0,0,0,0,0,0,0,1,0,0,0,0,0,0,0,1,0,0,0,0,0,0,2022,57.10789,-135.37627,2022-07-04 21:56:57,2022-07-05 04:15:32,,2022-07-05T00:30:36,33486,Sitka,stkms2,81,forested wetland,Muskeg,25,20,1,8,pond,Alaska,0.262905093,0.304571759,0.106701389,0.023368056,14.6,13.9,16.1,83,78,87,0,4.611111111,148.4584499,Meteostat
33486,NW9,2022-07-05,0,0,0,6,0,0,0,0,0,0,1,0,0,0,0,0,0,0,0,0,0,15,0,0,0,0,0,0,0,3,0,0,0,0,0,0,2022,57.10789,-135.37627,2022-07-05 21:56:10,2022-07-06 04:16:42,,2022-07-06T00:36:33,33486,Sitka,stkms2,81,forested wetland,Muskeg,25,20,1,8,pond,Alaska,0.264259259,0.305925926,0.111377315,0.028043981,13.08571429,12.8,13.3,87.85714286,84,90,0.3,1.547619048,154.5584499,Meteostat
33486,NW9,2022-07-06,0,0,0,7,0,0,0,0,0,0,4,0,0,0,0,0,0,0,0,0,0,0,0,0,0,0,0,0,0,1,0,0,0,0,0,0,2022,57.10789,-135.37627,2022-07-06 21:55:18,2022-07-07 04:17:54,,2022-07-07T00:42:35,33486,Sitka,stkms2,81,forested wetland,Muskeg,25,20,1,8,pond,Alaska,0.265694444,0.307361111,0.116168981,0.032835648,14.25714286,13.9,14.4,84.42857143,81,87,0,0.944444444,158.7584499,Meteostat
33486,NW9,2022-07-07,0,0,0,1,0,0,0,0,0,0,1,0,0,0,0,0,0,0,0,0,0,2,0,0,0,0,0,0,0,1,0,0,0,0,0,0,2022,57.10789,-135.37627,2022-07-07 21:54:22,2022-07-08 04:19:10,,2022-07-08T00:49:37,33486,Sitka,stkms2,81,forested wetland,Muskeg,25,20,1,8,pond,Alaska,0.267222222,0.308888889,0.121701389,0.038368056,13.9,13.9,13.9,83,83,83,0.2,1.833333333,162.9584499,Meteostat
33486,NW9,2022-07-08,0,0,0,2,0,0,0,0,0,0,2,0,0,0,0,0,0,0,0,0,0,2,0,0,0,0,0,0,0,4,0,0,0,0,0,0,2022,57.10789,-135.37627,2022-07-08 21:53:23,2022-07-09 04:20:28,,2022-07-09T00:58:56,33486,Sitka,stkms2,81,forested wetland,Muskeg,25,20,1,8,pond,Alaska,0.26880787,0.310474537,0.128854167,0.045520833,13.97142857,13.9,14.4,87,81,90,0.5,1.849206349,167.9584499,Meteostat
33486,NW9,2022-07-09,0,0,0,5,0,0,0,0,0,0,0,0,0,0,0,0,0,0,0,0,0,3,0,0,0,0,0,0,0,1,0,0,0,0,0,0,2022,57.10789,-135.37627,2022-07-09 21:52:19,2022-07-10 04:21:49,,2022-07-10T01:12:53,33486,Sitka,stkms2,81,forested wetland,Muskeg,25,20,1,8,pond,Alaska,0.270486111,0.312152778,0.139282407,0.055949074,13.95714286,13.3,14.4,84.14285714,81,87,1.1,3.746031746,172.1084499,Meteostat
33486,NW9,2022-07-10,0,0,0,7,0,0,0,0,0,0,0,0,0,0,0,0,0,0,0,0,0,0,0,0,0,0,0,0,0,0,0,0,0,0,0,0,2022,57.10789,-135.37627,2022-07-10 21:51:13,2022-07-11 04:23:14,,2022-07-11T01:36:06,33486,Sitka,stkms2,81,forested wetland,Muskeg,25,20,1,8,pond,Alaska,0.272233796,0.313900463,0.156168981,0.072835648,12.77142857,12.2,13.3,79,75,83,14.5,7.126984127,176.8584499,Meteostat
33486,NW9,2022-07-12,0,0,0,29,0,0,0,0,0,0,2,0,0,0,0,0,0,0,0,0,0,15,0,0,0,0,0,0,0,18,0,0,0,0,0,0,2022,57.10789,-135.37627,2022-07-12 21:48:48,2022-07-13 04:26:09,2022-07-12T22:04:27,2022-07-13T03:26:30,33486,Sitka,stkms2,81,forested wetland,Muskeg,25,20,1,8,pond,Alaska,0.2759375,0.317604167,0.223645833,0,12.21428571,11.7,13.3,82.28571429,75,86,0,1.119047619,184.3584499,Meteostat
33486,NW9,2022-07-13,0,0,0,46,0,0,0,0,0,0,2,0,0,0,0,0,0,0,0,0,0,130,0,0,0,0,0,0,0,78,0,0,0,0,0,0,2022,57.10789,-135.37627,2022-07-13 21:47:31,2022-07-14 04:27:41,2022-07-13T22:48:18,,33486,Sitka,stkms2,81,forested wetland,Muskeg,25,20,1,8,pond,Alaska,0.277893519,0.319560185,0.23568287,0,13.24285714,12.2,14.4,77.71428571,67,90,0,2.650793651,186.3084499,Meteostat
33486,NW9,2022-07-14,0,0,0,18,0,0,0,0,0,0,0,0,0,0,0,0,0,0,0,0,0,19,0,0,0,0,0,0,0,3,0,0,0,0,0,0,2022,57.10789,-135.37627,2022-07-14 21:46:10,2022-07-15 04:29:15,2022-07-14T23:13:03,,33486,Sitka,stkms2,81,forested wetland,Muskeg,25,20,1,8,pond,Alaska,0.279918981,0.321585648,0.219583333,0,14.21428571,13.9,15,79.42857143,72,83,0.5,0.428571429,189.3584499,Meteostat
33486,NW9,2022-07-15,0,0,0,6,0,0,0,0,0,0,0,0,0,0,0,0,0,0,0,0,0,13,0,0,0,0,0,0,0,3,0,0,0,0,0,0,2022,57.10789,-135.37627,2022-07-15 21:44:46,2022-07-16 04:30:51,2022-07-15T23:27:49,,33486,Sitka,stkms2,81,forested wetland,Muskeg,25,20,1,8,pond,Alaska,0.282002315,0.323668981,0.210439815,0,13.0625,12.2,13.9,87.5,83,93,0,0.451388889,194.6584499,Meteostat
33486,NW9,2022-07-16,0,0,0,5,0,0,0,0,0,0,0,0,0,0,0,0,0,0,0,0,0,0,0,0,0,0,0,0,0,1,0,0,0,0,0,0,2022,57.10789,-135.37627,2022-07-16 21:43:19,2022-07-17 04:32:30,2022-07-16T23:37:35,,33486,Sitka,stkms2,81,forested wetland,Muskeg,25,20,1,8,pond,Alaska,0.284155093,0.325821759,0.204803241,0,13.2625,12.2,13.9,85.375,81,90,2.2,3.694444444,198.2584499,Meteostat
33486,NW9,2022-07-17,0,0,0,13,0,0,0,0,0,0,0,0,0,0,0,0,0,0,0,0,0,1,0,0,0,0,0,0,0,3,0,0,0,0,0,0,2022,57.10789,-135.37627,2022-07-17 21:41:49,2022-07-18 04:34:10,2022-07-17T23:44:55,,33486,Sitka,stkms2,81,forested wetland,Muskeg,25,20,1,8,pond,Alaska,0.286354167,0.328020833,0.200868056,0.002152778,12.85,11.7,13.9,88.25,83,93,6.7,2.347222222,202.7084499,Meteostat
33486,NW9,2022-07-18,0,0,0,1,0,0,0,0,0,0,0,0,0,0,0,0,0,0,0,0,0,1,0,0,0,0,0,0,0,1,0,0,0,0,0,0,2022,57.10789,-135.37627,2022-07-18 21:40:16,2022-07-19 04:35:52,2022-07-18T23:51:11,,33486,Sitka,stkms2,81,forested wetland,Muskeg,25,20,1,8,pond,Alaska,0.288611111,0.330277778,0.197696759,0.007581019,12.275,12.2,12.8,85.625,83,86,0,2.055555556,205.7584499,Meteostat
33486,NW9,2022-07-19,0,0,0,8,0,0,0,0,0,0,0,0,0,0,0,0,0,0,0,0,0,2,0,0,0,0,0,0,0,2,0,0,0,0,0,0,2022,57.10789,-135.37627,2022-07-19 21:38:40,2022-07-20 04:37:37,2022-07-19T23:57:22,,33486,Sitka,stkms2,81,forested wetland,Muskeg,25,20,1,8,pond,Alaska,0.2909375,0.332604167,0.194618056,0.012986111,12.275,12.2,12.8,83.75,80,86,1.2,3.420138889,208.5584499,Meteostat
33486,NW9,2022-07-20,0,0,0,11,0,0,0,0,0,0,0,0,0,0,0,0,0,0,0,0,0,2,0,0,0,0,0,0,0,1,0,0,0,0,0,0,2022,57.10789,-135.37627,2022-07-20 21:37:01,2022-07-21 04:39:23,2022-07-21T00:04:20,,33486,Sitka,stkms2,81,forested wetland,Muskeg,25,20,1,8,pond,Alaska,0.293310185,0.334976852,0.191006944,0.018969907,12.65,12.2,12.8,89.25,89,90,3.9,2.055555556,211.6084499,Meteostat
33486,NW9,2023-07-02,0,0,0,9,0,0,0,0,0,0,0,0,0,0,0,0,1,0,0,0,0,5,0,0,0,0,0,0,0,16,0,0,0,0,0,0,2023,57.10789,-135.37627,2023-07-02 21:58:30,2023-07-03 04:13:09,2023-07-02T22:35:03,2023-07-03T03:28:01,33486,Sitka,stkms2,81,forested wetland,Muskeg,25,20,1,8,pond,Alaska,0.260173611,0.301840278,0.203449074,0,10.95714286,10,12.8,83.42857143,77,89,0,0.515873016,117.6975108,Meteostat
33486,NW9,2023-07-03,0,0,0,3,0,0,0,0,0,1,1,0,0,0,0,0,0,0,0,0,0,2,0,0,0,0,0,0,0,6,0,0,0,0,0,0,2023,57.10789,-135.37627,2023-07-03 21:57:51,2023-07-04 04:14:10,2023-07-03T23:20:18,,33486,Sitka,stkms2,81,forested wetland,Muskeg,25,20,1,8,pond,Alaska,0.261331019,0.302997685,0.204074074,0,14.11428571,13.9,14.4,84.57142857,83,87,0,0.214285714,121.3475108,Meteostat
33486,NW9,2023-07-04,0,0,0,3,0,0,0,0,0,0,0,0,0,0,0,0,0,0,0,0,0,0,0,0,0,0,0,0,0,1,0,0,0,0,0,0,2023,57.10789,-135.37627,2023-07-04 21:57:08,2023-07-05 04:15:15,2023-07-04T23:44:37,,33486,Sitka,stkms2,81,forested wetland,Muskeg,25,20,1,8,pond,Alaska,0.262581019,0.304247685,0.187939815,0,13.08571429,12.8,13.3,68.85714286,64,75,0,4.563492063,124.6975108,Meteostat
33486,NW9,2023-07-05,0,0,0,3,0,0,0,0,0,0,0,0,0,0,0,0,0,0,0,0,0,0,0,0,0,0,0,0,0,3,0,0,0,0,0,0,2023,57.10789,-135.37627,2023-07-05 21:56:21,2023-07-06 04:16:23,2023-07-05T23:58:19,,33486,Sitka,stkms2,81,forested wetland,Muskeg,25,20,1,8,pond,Alaska,0.263912037,0.305578704,0.179212963,0.001365741,13.15714286,12.8,13.3,72.57142857,69,77,0,5.73015873,129.1475108,Meteostat
33486,NW9,2023-07-06,0,0,0,5,0,0,0,0,0,0,3,0,0,0,0,0,0,0,0,0,0,2,0,0,0,0,0,0,0,4,0,0,0,0,0,0,2023,57.10789,-135.37627,2023-07-06 21:55:30,2023-07-07 04:17:35,2023-07-07T00:06:54,,33486,Sitka,stkms2,81,forested wetland,Muskeg,25,20,1,8,pond,Alaska,0.265335648,0.307002315,0.174085648,0.007916667,12.12857143,11.1,13.3,84.71428571,80,86,0,3.523809524,133.5975108,Meteostat
33486,NW9,2023-07-07,0,0,0,4,0,0,0,0,0,0,1,0,0,0,0,0,0,0,0,0,0,0,0,0,1,0,0,0,0,3,0,0,0,0,0,0,2023,57.10789,-135.37627,2023-07-07 21:54:35,2023-07-08 04:18:50,2023-07-08T00:13:03,,33486,Sitka,stkms2,81,forested wetland,Muskeg,25,20,1,8,pond,Alaska,0.266840278,0.308506944,0.17068287,0.012824074,13.97142857,13.9,14.4,84.42857143,81,87,0,3.015873016,139.1475108,Meteostat
33486,NW9,2023-07-08,0,0,0,3,0,0,0,0,0,0,0,0,0,0,0,0,0,0,0,0,0,1,0,0,0,0,0,0,0,1,0,0,0,0,0,0,2023,57.10789,-135.37627,2023-07-08 21:53:37,2023-07-09 04:20:07,2023-07-09T00:18:12,,33486,Sitka,stkms2,81,forested wetland,Muskeg,25,20,1,8,pond,Alaska,0.268402778,0.310069444,0.167997685,0.017071759,12,11.7,12.8,74.42857143,71,77,0,7.337301587,144.1475108,Meteostat
33486,NW9,2023-07-09,0,0,0,5,0,0,0,0,0,0,1,0,0,0,0,0,0,0,0,0,0,0,0,0,0,0,0,0,0,1,0,0,0,0,0,0,2023,57.10789,-135.37627,2023-07-09 21:52:35,2023-07-10 04:21:28,2023-07-10T00:23:18,,33486,Sitka,stkms2,81,forested wetland,Muskeg,25,20,1,8,pond,Alaska,0.27005787,0.311724537,0.165393519,0.021331019,12.8,12.8,12.8,68.14285714,66,72,0,4.349206349,148.8475108,Meteostat
33486,NW9,2023-07-10,0,0,0,14,0,0,0,0,0,0,6,0,0,0,0,0,0,0,0,0,0,1,0,0,0,0,0,0,0,3,0,0,0,0,0,0,2023,57.10789,-135.37627,2023-07-10 21:51:29,2023-07-11 04:22:52,2023-07-11T00:29:15,,33486,Sitka,stkms2,81,forested wetland,Muskeg,25,20,1,8,pond,Alaska,0.271793981,0.313460648,0.162233796,0.026226852,12.15714286,11.7,12.8,78.71428571,74,80,0,4.765873016,152.7475108,Meteostat
33486,NW9,2023-07-11,0,0,0,9,0,0,0,0,0,0,2,0,0,0,0,0,0,0,0,0,0,2,0,0,0,0,0,0,0,13,0,0,0,0,0,0,2023,57.10789,-135.37627,2023-07-11 21:50:19,2023-07-12 04:24:18,2023-07-12T00:37:12,,33486,Sitka,stkms2,81,forested wetland,Muskeg,25,20,1,8,pond,Alaska,0.273599537,0.315266204,0.157708333,0.03255787,11.25714286,11.1,12.2,75.85714286,66,80,0,1.158730159,157.1975108,Meteostat
33486,NW9,2024-07-10,0,,0,0,0,0,,0,0,0,4,,0,0,0,0,0,,,,0,22,0,0,2,0,0,0,0,0,,,,,,0,2024,57.10789,-135.37627,2024-07-10 21:50:36,2024-07-11 04:23:57,,2024-07-10T23:43:06,33486,Sitka,stkms2,81,forested wetland,Muskeg,25,20,1,8,pond,Alaska,0.273159722,0.314826389,0.078125,0,11.7,11.7,11.7,83.85714286,83,86,0,2.007936508,150.4936871,Meteostat
33486,NW9,2024-07-11,0,,0,0,0,0,,0,0,0,0,,0,0,0,0,0,,,,0,4,0,0,0,0,0,0,0,0,,,,,,0,2024,57.10789,-135.37627,2024-07-11 21:49:24,2024-07-12 04:25:25,,2024-07-11T23:46:02,33486,Sitka,stkms2,81,forested wetland,Muskeg,25,20,1,8,pond,Alaska,0.275011574,0.316678241,0.08099537,0,12.8,12.8,12.8,88.42857143,87,89,3.5,0.904761905,152.6936871,Meteostat
33486,NW9,2024-07-12,0,,0,0,0,0,,0,0,0,0,,0,0,0,0,0,,,,0,1,0,0,0,0,0,0,0,0,,,,,,0,2024,57.10789,-135.37627,2024-07-12 21:48:09,2024-07-13 04:26:56,,2024-07-12T23:48:58,33486,Sitka,stkms2,81,forested wetland,Muskeg,25,20,1,8,pond,Alaska,0.27693287,0.318599537,0.083900463,0.00056713,12.8,12.8,12.8,84.71428571,83,87,0,2.452380952,156.0436871,Meteostat
33486,NW9,2024-07-16,0,,0,0,0,0,,0,0,0,0,,0,0,0,0,0,,,,0,1,0,0,0,0,0,0,0,0,,,,,,0,2024,57.10789,-135.37627,2024-07-16 21:42:33,2024-07-17 04:33:21,,2024-07-17T00:17:27,33486,Sitka,stkms2,81,forested wetland,Muskeg,25,20,1,8,pond,Alaska,0.285277778,0.326944444,0.107569444,0.024236111,13.3,13.3,13.3,91.125,90,93,16.3,0.263888889,171.3436871,Meteostat
33486,NW9,2024-07-17,0,,0,0,0,0,,0,0,0,0,,0,0,0,0,0,,,,0,7,0,0,13,0,1,0,0,0,,,,,,0,2024,57.10789,-135.37627,2024-07-17 21:41:01,2024-07-18 04:35:02,,2024-07-18T00:40:45,33486,Sitka,stkms2,81,forested wetland,Muskeg,25,20,1,8,pond,Alaska,0.287511574,0.329178241,0.124814815,0.041481481,11.8875,10.6,12.8,87,83,90,0,2.704861111,174.9436871,Meteostat
33486,NW9,2024-07-20,0,,0,0,0,0,,0,0,0,3,,0,0,0,0,0,,,,0,0,0,0,0,0,0,0,0,0,,,,,,0,2024,57.10789,-135.37627,2024-07-20 21:36:09,2024-07-21 04:40:17,2024-07-20T22:14:46,2024-07-21T04:14:07,33486,Sitka,stkms2,81,forested wetland,Muskeg,25,20,1,8,pond,Alaska,0.294537037,0.336203704,0.249548611,0,14.475,14.4,15,88.875,87,90,0,0.638888889,189.6936871,Meteostat
33486,NW9,2024-07-21,0,,0,0,0,0,,0,0,0,0,,0,0,0,0,0,,,,0,2,0,0,0,0,0,0,0,0,,,,,,0,2024,57.10789,-135.37627,2024-07-21 21:34:26,2024-07-22 04:42:05,2024-07-21T22:31:04,,33486,Sitka,stkms2,81,forested wetland,Muskeg,25,20,1,8,pond,Alaska,0.296979167,0.338645833,0.257650463,0,13.675,12.8,14.4,84.875,83,87,0,0.527777778,194.9436871,Meteostat
33486,NW9,2024-07-22,0,,0,0,0,0,,0,0,0,0,,0,0,0,0,0,,,,0,3,0,0,0,0,0,0,0,0,,,,,,0,2024,57.10789,-135.37627,2024-07-22 21:32:40,2024-07-23 04:43:55,2024-07-22T22:40:38,,33486,Sitka,stkms2,81,forested wetland,Muskeg,25,20,1,8,pond,Alaska,0.299479167,0.341145833,0.252280093,0,13.9375,13.3,14.4,83.625,81,87,0,0.826388889,200.4936871,Meteostat
33486,NW9,2024-07-24,0,,0,0,0,0,,0,0,0,0,,0,0,0,0,0,,,,0,0,0,0,3,0,0,0,0,0,,,,,,0,2024,57.10789,-135.37627,2024-07-24 21:29:01,2024-07-25 04:47:38,2024-07-24T22:51:39,,33486,Sitka,stkms2,81,forested wetland,Muskeg,25,20,1,8,pond,Alaska,0.304594907,0.346261574,0.247210648,0,14.93333333,14.4,15,83.77777778,83,90,0,0.5,208.2936871,Meteostat
33486,NW9,2024-07-25,0,,0,0,0,0,,0,0,0,0,,0,0,0,0,0,,,,0,1,0,0,0,0,0,0,0,0,,,,,,0,2024,57.10789,-135.37627,2024-07-25 21:27:08,2024-07-26 04:49:32,2024-07-25T22:55:58,,33486,Sitka,stkms2,81,forested wetland,Muskeg,25,20,1,8,pond,Alaska,0.307222222,0.348888889,0.245532407,0,13.45555556,12.8,14.4,84.22222222,80,87,0.3,3.432098765,212.7436871,Meteostat
33486,NW9,2024-08-05,0,,0,0,0,0,,0,0,1,0,,0,0,0,0,0,,,,0,0,0,0,0,0,0,0,0,0,,,,,,0,2024,57.10789,-135.37627,2024-08-05 21:04:07,2024-08-06 05:11:21,,2024-08-05T21:49:14,33486,Sitka,stkms2,81,forested wetland,Muskeg,25,20,1,8,pond,Alaska,0.338356481,0.380023148,0.031331019,0,14.26666667,13.9,15,91.33333333,90,93,0,0.87037037,267.8436871,Meteostat
33486,NW9,2024-08-06,0,,0,0,0,0,,0,0,0,1,,0,0,0,0,0,,,,0,8,0,0,0,0,0,0,0,0,,,,,,0,2024,57.10789,-135.37627,2024-08-06 21:01:50,2024-08-07 05:13:24,,2024-08-06T21:52:58,33486,Sitka,stkms2,81,forested wetland,Muskeg,25,20,1,8,pond,Alaska,0.341365741,0.383032407,0.035509259,0,14.38888889,13.3,16.1,87.44444444,81,93,0,0.62345679,275.5936871,Meteostat
33486,NW9,2025-06-24,,,0,,0,0,,0,0,0,43,,0,0,0,0,0,,,,0,53,0,0,0,,0,0,0,18,,,,,,,2025,57.10789,-135.37627,2025-06-24 22:01:05,2025-06-25 04:07:23,2025-06-25T03:24:56,2025-06-24T22:38:52,33486,Sitka,stkms2,81,forested wetland,Muskeg,25,20,1,8,pond,Alaska,0.254375,0.296041667,-0.198657407,0.1415625,11.9,11.7,12.2,92.85714286,90,94,0.6,1.849206349,59.9865936,Meteostat
33486,NW9,2025-06-25,,,0,,0,0,,0,0,0,22,,0,0,0,0,0,,,,0,137,0,0,0,,0,0,0,16,,,,,,,2025,57.10789,-135.37627,2025-06-25 22:00:58,2025-06-26 04:07:56,,2025-06-25T23:22:20,33486,Sitka,stkms2,81,forested wetland,Muskeg,25,20,1,8,pond,Alaska,0.254837963,0.29650463,0.05650463,0,10.5,10,11.1,88.42857143,86,93,0,0.900793651,62.0365936,Meteostat
33486,NW9,2025-06-26,,,0,,0,0,,0,0,0,6,,0,0,0,0,0,,,,0,11,0,0,0,,0,0,0,4,,,,,,,2025,57.10789,-135.37627,2025-06-26 22:00:47,2025-06-27 04:08:34,,2025-06-26T23:44:52,33486,Sitka,stkms2,81,forested wetland,Muskeg,25,20,1,8,pond,Alaska,0.255405093,0.297071759,0.072280093,0,11.81428571,11.7,12.2,87.57142857,83,89,1.9,0.817460317,63.4365936,Meteostat
33486,NW9,2025-06-29,,,0,,0,0,,0,0,0,9,,0,0,0,0,0,,,,0,40,0,0,0,,0,0,0,3,,,,,,,2025,57.10789,-135.37627,2025-06-29 21:59:47,2025-06-30 04:10:50,,2025-06-30T00:09:05,33486,Sitka,stkms2,81,forested wetland,Muskeg,25,20,1,8,pond,Alaska,0.257673611,0.299340278,0.089791667,0.006458333,11.08571429,11,11.1,86.71428571,86,89,0.6,1.904761905,71.4365936,Meteostat
33486,NW9,2025-06-30,,,0,,0,0,,0,0,0,20,,0,0,0,0,0,,,,0,43,0,0,0,,0,0,0,6,,,,,,,2025,57.10789,-135.37627,2025-06-30 21:59:19,2025-07-01 04:11:43,,2025-07-01T00:12:38,33486,Sitka,stkms2,81,forested wetland,Muskeg,25,20,1,8,pond,Alaska,0.258611111,0.300277778,0.092581019,0.009247685,11.91428571,10,12.8,90.71428571,87,94,0.6,0.634920635,73.3865936,Meteostat
33486,NW9,2025-07-01,,,0,,0,0,,0,0,0,5,,0,0,0,0,0,,,,0,4,0,0,0,,0,0,0,2,,,,,,,2025,57.10789,-135.37627,2025-07-01 21:58:46,2025-07-02 04:12:39,,2025-07-02T00:15:43,33486,Sitka,stkms2,81,forested wetland,Muskeg,25,20,1,8,pond,Alaska,0.259641204,0.30130787,0.095104167,0.011770833,12,12,12,88.85714286,88,94,2.2,0.55952381,76.9365936,Meteostat
33486,NW9,2025-07-02,,,0,,0,0,,0,0,1,5,,0,0,0,0,0,,,,0,10,0,0,0,,0,0,0,2,,,,,,,2025,57.10789,-135.37627,2025-07-02 21:58:09,2025-07-03 04:13:40,,2025-07-03T00:18:57,33486,Sitka,stkms2,81,forested wetland,Muskeg,25,20,1,8,pond,Alaska,0.260775463,0.30244213,0.097777778,0.014444444,11.42857143,11,12,88,88,88,0,0.888888889,78.4365936,Meteostat
33486,NW9,2025-07-03,,,0,,0,0,,0,0,0,1,,0,0,0,0,0,,,,0,18,0,0,0,,0,0,0,3,,,,,,,2025,57.10789,-135.37627,2025-07-03 21:57:29,2025-07-04 04:14:43,,2025-07-04T00:22:58,33486,Sitka,stkms2,81,forested wetland,Muskeg,25,20,1,8,pond,Alaska,0.261967593,0.303634259,0.101030093,0.017696759,11.5,10,13.3,83.71428571,80,88,0,1.436507937,80.4365936,Meteostat
33486,NW9,2025-07-04,,,0,,0,0,,0,0,0,3,,0,0,0,0,1,,,,0,14,0,0,0,,0,0,0,2,,,,,,,2025,57.10789,-135.37627,2025-07-04 21:56:44,2025-07-05 04:15:50,,2025-07-05T00:28:39,33486,Sitka,stkms2,81,forested wetland,Muskeg,25,20,1,8,pond,Alaska,0.263263889,0.304930556,0.105497685,0.022164352,11.8,10.6,13.3,80.85714286,74,86,0,1.416666667,83.09941111,Meteostat
33486,NW9,2025-07-05,,,0,,0,0,,0,0,0,10,,0,0,0,0,0,,,,0,56,0,0,0,,0,0,0,15,,,,,,,2025,57.10789,-135.37627,2025-07-05 21:55:55,2025-07-06 04:17:00,,2025-07-06T00:37:29,33486,Sitka,stkms2,81,forested wetland,Muskeg,25,20,1,8,pond,Alaska,0.264641204,0.30630787,0.112199074,0.028865741,14.48571429,14,15.6,78.71428571,67,88,0.2,1.654761905,86.69941111,Meteostat
33486,NW9-Dup,2022-06-29,0,0,0,9,0,0,0,0,0,3,0,0,0,0,0,0,0,0,0,0,0,4,0,0,0,0,0,0,0,2,0,0,0,0,0,0,2022,57.10789,-135.37627,2022-06-29 21:59:55,2022-06-30 04:10:37,,2022-06-29T23:19:46,33486,Sitka,stkms2,81,forested wetland,Muskeg,25,20,1,8,pond,Alaska,0.257430556,0.299097222,0.055451389,0,13.55714286,13.3,13.9,81.57142857,80,84,0,4.968253968,122.9584499,Meteostat
33486,NW9-Dup,2022-06-30,0,0,0,5,0,0,0,0,0,0,0,0,0,0,0,0,0,0,0,0,0,3,0,0,0,0,0,0,0,1,0,0,0,0,0,0,2022,57.10789,-135.37627,2022-06-30 21:59:28,2022-07-01 04:11:29,,2022-06-30T23:46:25,33486,Sitka,stkms2,81,forested wetland,Muskeg,25,20,1,8,pond,Alaska,0.258344907,0.300011574,0.074270833,0,13.72857143,13.3,13.9,80.14285714,77,81,0,4.849206349,127.7084499,Meteostat
33486,NW9-Dup,2022-07-01,0,0,0,15,0,0,0,0,0,0,0,0,0,0,0,0,0,0,0,0,0,6,0,0,0,0,0,0,0,2,0,0,0,0,0,0,2022,57.10789,-135.37627,2022-07-01 21:58:57,2022-07-02 04:12:25,,2022-07-02T00:03:42,33486,Sitka,stkms2,81,forested wetland,Muskeg,25,20,1,8,pond,Alaska,0.259351852,0.301018519,0.086631944,0.003298611,11.98571429,11.1,12.8,84.28571429,83,86,0,2.492063492,132.9584499,Meteostat
33486,NW9-Dup,2022-07-02,0,0,0,5,0,0,0,0,0,0,1,0,0,0,0,0,0,0,0,0,0,1,0,0,0,0,0,0,0,1,0,0,0,0,0,0,2022,57.10789,-135.37627,2022-07-02 21:58:21,2022-07-03 04:13:24,,2022-07-03T00:15:24,33486,Sitka,stkms2,81,forested wetland,Muskeg,25,20,1,8,pond,Alaska,0.260451389,0.302118056,0.095173611,0.011840278,13.24285714,12.2,14.4,85.71428571,83,87,0,0.214285714,138.5084499,Meteostat
33486,NW9-Dup,2022-07-03,0,0,0,12,0,0,0,0,0,0,1,0,0,0,0,0,0,0,0,0,0,5,0,0,0,0,0,0,0,0,0,0,0,0,0,0,2022,57.10789,-135.37627,2022-07-03 21:57:41,2022-07-04 04:14:26,,2022-07-04T00:23:52,33486,Sitka,stkms2,81,forested wetland,Muskeg,25,20,1,8,pond,Alaska,0.261631944,0.303298611,0.101516204,0.01818287,14.18571429,13.3,15,84.85714286,81,87,0,4.023809524,142.6584499,Meteostat
33486,NW9-Dup,2022-07-04,0,0,0,9,0,0,0,0,0,0,0,0,0,0,0,0,0,0,0,0,0,2,0,0,0,0,0,0,0,2,0,0,0,0,0,0,2022,57.10789,-135.37627,2022-07-04 21:56:57,2022-07-05 04:15:32,,2022-07-05T00:30:36,33486,Sitka,stkms2,81,forested wetland,Muskeg,25,20,1,8,pond,Alaska,0.262905093,0.304571759,0.106701389,0.023368056,14.6,13.9,16.1,83,78,87,0,4.611111111,148.4584499,Meteostat
33486,NW9-Dup,2022-07-05,0,0,0,10,0,0,0,0,0,0,0,0,0,0,0,0,0,0,0,0,0,24,0,0,0,0,0,0,0,8,0,0,0,0,0,0,2022,57.10789,-135.37627,2022-07-05 21:56:10,2022-07-06 04:16:42,,2022-07-06T00:36:33,33486,Sitka,stkms2,81,forested wetland,Muskeg,25,20,1,8,pond,Alaska,0.264259259,0.305925926,0.111377315,0.028043981,13.08571429,12.8,13.3,87.85714286,84,90,0.3,1.547619048,154.5584499,Meteostat
33486,NW9-Dup,2022-07-06,0,0,0,5,2,0,0,0,0,0,6,0,0,0,0,0,0,0,0,0,0,0,0,0,0,0,0,0,0,3,0,0,0,0,0,0,2022,57.10789,-135.37627,2022-07-06 21:55:18,2022-07-07 04:17:54,,2022-07-07T00:42:35,33486,Sitka,stkms2,81,forested wetland,Muskeg,25,20,1,8,pond,Alaska,0.265694444,0.307361111,0.116168981,0.032835648,14.25714286,13.9,14.4,84.42857143,81,87,0,0.944444444,158.7584499,Meteostat
33486,NW9-Dup,2022-07-07,0,0,0,0,0,0,0,0,0,0,0,0,0,0,0,0,0,0,0,0,0,5,0,0,0,0,0,0,0,0,0,0,0,0,0,0,2022,57.10789,-135.37627,2022-07-07 21:54:22,2022-07-08 04:19:10,,2022-07-08T00:49:37,33486,Sitka,stkms2,81,forested wetland,Muskeg,25,20,1,8,pond,Alaska,0.267222222,0.308888889,0.121701389,0.038368056,13.9,13.9,13.9,83,83,83,0.2,1.833333333,162.9584499,Meteostat
33486,NW9-Dup,2022-07-08,0,0,0,3,0,0,0,0,0,0,4,0,0,0,0,0,0,0,0,0,0,2,0,0,0,0,0,0,0,2,0,0,0,0,0,0,2022,57.10789,-135.37627,2022-07-08 21:53:23,2022-07-09 04:20:28,,2022-07-09T00:58:56,33486,Sitka,stkms2,81,forested wetland,Muskeg,25,20,1,8,pond,Alaska,0.26880787,0.310474537,0.128854167,0.045520833,13.97142857,13.9,14.4,87,81,90,0.5,1.849206349,167.9584499,Meteostat
33486,NW9-Dup,2022-07-09,0,0,0,6,0,0,0,0,0,0,0,0,0,0,0,0,0,0,0,0,0,6,0,0,0,0,0,0,0,0,0,0,0,0,0,0,2022,57.10789,-135.37627,2022-07-09 21:52:19,2022-07-10 04:21:49,,2022-07-10T01:12:53,33486,Sitka,stkms2,81,forested wetland,Muskeg,25,20,1,8,pond,Alaska,0.270486111,0.312152778,0.139282407,0.055949074,13.95714286,13.3,14.4,84.14285714,81,87,1.1,3.746031746,172.1084499,Meteostat
33486,NW9-Dup,2022-07-10,0,0,0,5,0,0,0,0,0,0,0,0,0,0,0,0,0,0,0,0,0,1,0,0,0,0,0,0,0,3,0,0,0,0,0,0,2022,57.10789,-135.37627,2022-07-10 21:51:13,2022-07-11 04:23:14,,2022-07-11T01:36:06,33486,Sitka,stkms2,81,forested wetland,Muskeg,25,20,1,8,pond,Alaska,0.272233796,0.313900463,0.156168981,0.072835648,12.77142857,12.2,13.3,79,75,83,14.5,7.126984127,176.8584499,Meteostat
33486,NW9-Dup,2022-07-11,0,0,0,0,0,0,0,0,0,0,0,0,0,0,0,0,0,0,0,0,0,0,0,0,0,0,0,0,0,1,0,0,0,0,0,0,2022,57.10789,-135.37627,2022-07-11 21:50:02,2022-07-12 04:24:40,,2022-07-12T02:17:23,33486,Sitka,stkms2,81,forested wetland,Muskeg,25,20,1,8,pond,Alaska,0.274050926,0.315717593,0.185659722,0.102326389,11.5,10,12.2,86.42857143,86,89,0,0.642857143,181.8584499,Meteostat
33486,NW9-Dup,2022-07-12,0,0,0,18,0,0,0,0,0,0,1,0,0,0,0,0,0,0,0,0,0,21,0,0,0,0,0,0,0,9,0,0,0,0,0,0,2022,57.10789,-135.37627,2022-07-12 21:48:48,2022-07-13 04:26:09,2022-07-12T22:04:27,2022-07-13T03:26:30,33486,Sitka,stkms2,81,forested wetland,Muskeg,25,20,1,8,pond,Alaska,0.2759375,0.317604167,0.223645833,0,12.21428571,11.7,13.3,82.28571429,75,86,0,1.119047619,184.3584499,Meteostat
33486,NW9-Dup,2022-07-13,0,0,0,74,0,0,0,0,0,0,2,0,0,0,0,0,0,0,0,0,0,111,0,0,0,0,0,0,0,48,0,0,0,0,0,0,2022,57.10789,-135.37627,2022-07-13 21:47:31,2022-07-14 04:27:41,2022-07-13T22:48:18,,33486,Sitka,stkms2,81,forested wetland,Muskeg,25,20,1,8,pond,Alaska,0.277893519,0.319560185,0.23568287,0,13.24285714,12.2,14.4,77.71428571,67,90,0,2.650793651,186.3084499,Meteostat
33486,NW9-Dup,2022-07-14,0,0,0,23,0,0,0,0,0,0,1,0,0,0,0,0,0,0,0,0,0,17,0,0,0,0,0,0,0,5,0,0,0,0,0,0,2022,57.10789,-135.37627,2022-07-14 21:46:10,2022-07-15 04:29:15,2022-07-14T23:13:03,,33486,Sitka,stkms2,81,forested wetland,Muskeg,25,20,1,8,pond,Alaska,0.279918981,0.321585648,0.219583333,0,14.21428571,13.9,15,79.42857143,72,83,0.5,0.428571429,189.3584499,Meteostat
33486,NW9-Dup,2022-07-15,0,0,0,5,0,0,0,0,0,0,0,0,0,0,0,0,0,0,0,0,0,15,0,0,0,0,0,0,0,7,0,0,0,0,0,0,2022,57.10789,-135.37627,2022-07-15 21:44:46,2022-07-16 04:30:51,2022-07-15T23:27:49,,33486,Sitka,stkms2,81,forested wetland,Muskeg,25,20,1,8,pond,Alaska,0.282002315,0.323668981,0.210439815,0,13.0625,12.2,13.9,87.5,83,93,0,0.451388889,194.6584499,Meteostat
33486,NW9-Dup,2022-07-16,0,0,0,3,0,0,0,0,0,0,0,0,0,0,0,0,0,0,0,0,0,7,0,0,0,0,0,0,0,2,0,0,0,0,0,0,2022,57.10789,-135.37627,2022-07-16 21:43:19,2022-07-17 04:32:30,2022-07-16T23:37:35,,33486,Sitka,stkms2,81,forested wetland,Muskeg,25,20,1,8,pond,Alaska,0.284155093,0.325821759,0.204803241,0,13.2625,12.2,13.9,85.375,81,90,2.2,3.694444444,198.2584499,Meteostat
33486,NW9-Dup,2022-07-17,0,0,0,15,0,0,0,0,0,0,2,0,0,0,0,0,0,0,0,0,0,11,0,0,0,0,0,0,0,2,0,0,0,0,0,0,2022,57.10789,-135.37627,2022-07-17 21:41:49,2022-07-18 04:34:10,2022-07-17T23:44:55,,33486,Sitka,stkms2,81,forested wetland,Muskeg,25,20,1,8,pond,Alaska,0.286354167,0.328020833,0.200868056,0.002152778,12.85,11.7,13.9,88.25,83,93,6.7,2.347222222,202.7084499,Meteostat
33486,NW9-Dup,2022-07-18,0,0,0,1,0,0,0,0,0,0,1,0,0,0,0,0,0,0,0,0,0,2,0,0,0,0,0,0,0,7,0,0,0,0,0,0,2022,57.10789,-135.37627,2022-07-18 21:40:16,2022-07-19 04:35:52,2022-07-18T23:51:11,,33486,Sitka,stkms2,81,forested wetland,Muskeg,25,20,1,8,pond,Alaska,0.288611111,0.330277778,0.197696759,0.007581019,12.275,12.2,12.8,85.625,83,86,0,2.055555556,205.7584499,Meteostat
33486,SW1,2019-08-07,0,0,0,0,0,0,0,0,0,3,0,0,0,0,0,0,0,0,0,0,0,0,0,0,0,0,0,0,0,2,0,0,0,0,0,0,2019,57.09144,-135.36335,2019-08-07 21:01:13,2019-08-08 05:13:51,,2019-08-07T23:47:30,33486,Sitka,stkpd1,611,forest-conifer,Pond,10,10,1,20,pond,Alaska,0.342106481,0.383773148,0.115474537,0.032141204,15.44444444,15,16.7,90,84,93,0,2.197530864,307.2562356,Meteostat
33486,SW1,2019-08-08,0,0,0,0,0,0,0,0,0,6,0,0,0,0,0,0,0,0,0,0,0,0,0,0,0,0,0,0,0,4,0,0,0,0,0,0,2019,57.09144,-135.36335,2019-08-08 20:58:55,2019-08-09 05:15:53,,2019-08-09T00:10:13,33486,Sitka,stkpd1,611,forest-conifer,Pond,10,10,1,20,pond,Alaska,0.345115741,0.386782407,0.132847222,0.049513889,14.04444444,13.3,14.4,94.66666667,93,97,0,0.234567901,313.3562356,Meteostat
33486,SW1,2020-07-15,0,0,0,0,0,0,0,0,0,0,0,0,0,0,0,0,0,0,0,0,0,1,0,0,0,0,0,0,0,1,0,0,0,0,0,0,2020,57.09144,-135.36335,2020-07-15 21:43:53,2020-07-16 04:31:41,2020-07-16T01:23:06,,33486,Sitka,stkpd1,611,forest-conifer,Pond,10,10,1,20,pond,Alaska,0.283194444,0.324861111,0.130960648,0.068900463,13.45,13.3,13.9,92.25,90,93,0.3,0.638888889,146.2934994,Meteostat
33486,SW1,2020-07-16,0,0,0,1,0,0,0,0,0,0,0,0,0,0,0,0,0,0,0,0,0,3,0,0,0,0,0,0,0,0,0,0,0,0,0,0,2020,57.09144,-135.36335,2020-07-16 21:42:25,2020-07-17 04:33:20,2020-07-17T01:46:11,,33486,Sitka,stkpd1,611,forest-conifer,Pond,10,10,1,20,pond,Alaska,0.285358796,0.327025463,0.116076389,0.085949074,12.7125,12.2,13.3,87.25,83,90,0,1.819444444,150.4934994,Meteostat
33486,SW1,2020-07-17,0,0,0,1,0,0,0,0,0,0,0,0,0,0,0,0,0,0,0,0,0,0,0,0,0,0,0,0,0,1,0,0,0,0,0,0,2020,57.09144,-135.36335,2020-07-17 21:40:54,2020-07-18 04:35:02,2020-07-18T02:19:25,,33486,Sitka,stkpd1,611,forest-conifer,Pond,10,10,1,20,pond,Alaska,0.287592593,0.329259259,0.094178241,0.110081019,13.4625,12.8,14.4,83.25,72,93,1.9,3.482638889,155.4934994,Meteostat
33486,SW1,2020-07-18,0,0,0,0,0,0,0,0,0,0,0,0,0,0,0,0,0,0,0,0,0,0,0,0,0,0,0,0,0,1,0,0,0,0,0,0,2020,57.09144,-135.36335,2020-07-18 21:39:19,2020-07-19 04:36:45,2020-07-19T03:07:11,,33486,Sitka,stkpd1,611,forest-conifer,Pond,10,10,1,20,pond,Alaska,0.289884259,0.331550926,0.062199074,0.144351852,12.8625,12.8,13.3,93.75,93,96,1.8,3.548611111,158.7934994,Meteostat
33486,SW1,2020-07-21,0,0,0,0,0,0,0,0,0,0,0,0,0,0,0,0,0,0,0,0,0,0,0,0,0,0,0,0,0,4,2,0,0,0,0,0,2020,57.09144,-135.36335,2020-07-21 21:34:19,2020-07-22 04:42:05,,2020-07-21T22:38:55,33486,Sitka,stkpd1,611,forest-conifer,Pond,10,10,1,20,pond,Alaska,0.297060185,0.338726852,0.044861111,0,13.375,13.3,13.9,91.125,87,93,0,0.576388889,170.1934994,Meteostat
33486,SW1,2020-07-22,0,0,0,2,0,0,0,0,0,0,0,0,0,0,0,0,0,0,0,0,0,0,0,0,0,0,0,0,0,0,0,0,0,0,0,0,2020,57.09144,-135.36335,2020-07-22 21:32:34,2020-07-23 04:43:55,,2020-07-22T22:59:11,33486,Sitka,stkpd1,611,forest-conifer,Pond,10,10,1,20,pond,Alaska,0.299548611,0.341215278,0.060150463,0,12.625,12.2,13.3,90.625,86,93,2.8,2.659722222,173.4934994,Meteostat
33486,SW1,2020-07-23,0,0,0,1,0,0,0,0,0,0,0,0,0,0,0,0,0,0,0,0,0,0,0,0,0,0,0,0,0,1,0,0,0,0,0,0,2020,57.09144,-135.36335,2020-07-23 21:30:46,2020-07-24 04:45:46,,2020-07-23T23:14:52,33486,Sitka,stkpd1,611,forest-conifer,Pond,10,10,1,20,pond,Alaska,0.302083333,0.34375,0.072291667,0,13.05,12.8,13.3,91,89,93,0,1.243055556,178.1934994,Meteostat
33486,SW1,2023-07-04,0,0,0,0,0,0,0,0,0,15,7,0,0,0,0,0,0,0,0,0,0,4,0,0,0,0,0,0,0,3,0,0,0,0,0,0,2023,57.09144,-135.36335,2023-07-04 21:56:57,2023-07-05 04:15:20,2023-07-04T23:44:27,,33486,Sitka,stkpd1,611,forest-conifer,Pond,10,10,1,20,pond,Alaska,0.262766204,0.30443287,0.188113426,0,13.08571429,12.8,13.3,68.85714286,64,75,0,4.563492063,124.6975108,Meteostat
33486,SW1,2023-07-05,0,0,0,5,0,0,0,0,0,4,7,0,0,0,0,0,0,0,0,0,0,9,0,0,0,0,0,0,0,5,0,0,0,0,0,0,2023,57.09144,-135.36335,2023-07-05 21:56:10,2023-07-06 04:16:28,2023-07-05T23:58:10,,33486,Sitka,stkpd1,611,forest-conifer,Pond,10,10,1,20,pond,Alaska,0.264097222,0.305763889,0.179375,0.001388889,13.15714286,12.8,13.3,72.57142857,69,77,0,5.73015873,129.1475108,Meteostat
33486,SW1,2024-07-09,0,,0,0,0,0,,0,0,0,1,,0,0,0,0,0,,,,0,19,0,0,8,0,0,0,0,4,,,,,,0,2024,57.09144,-135.36335,2024-07-09 21:51:34,2024-07-10 04:22:35,,2024-07-09T23:39:29,33486,Sitka,stkpd1,611,forest-conifer,Pond,10,10,1,20,pond,Alaska,0.271539352,0.313206019,0.07494213,0,13.08571429,12.8,13.3,89.28571429,87,90,6.8,2.682539683,147.0936871,Meteostat
33486,SW1,2024-07-10,0,,0,0,0,0,,0,0,0,1,,0,0,0,0,0,,,,0,51,0,0,1,0,0,0,0,3,,,,,,0,2024,57.09144,-135.36335,2024-07-10 21:50:26,2024-07-11 04:24:01,,2024-07-10T23:43:02,33486,Sitka,stkpd1,611,forest-conifer,Pond,10,10,1,20,pond,Alaska,0.273321759,0.314988426,0.078194444,0,11.7,11.7,11.7,83.85714286,83,86,0,2.007936508,150.4936871,Meteostat
33486,SW1,2024-07-11,0,,0,0,0,0,,0,0,0,2,,0,0,0,0,0,,,,0,12,0,0,1,0,0,0,0,0,,,,,,0,2024,57.09144,-135.36335,2024-07-11 21:49:14,2024-07-12 04:25:29,,2024-07-11T23:45:59,33486,Sitka,stkpd1,611,forest-conifer,Pond,10,10,1,20,pond,Alaska,0.275173611,0.316840278,0.081076389,0,12.8,12.8,12.8,88.42857143,87,89,3.5,0.904761905,152.6936871,Meteostat
33486,SW1,2024-07-12,0,,0,0,0,0,,0,0,0,2,,0,0,0,0,0,,,,0,42,0,0,2,0,0,0,0,4,,,,,,0,2024,57.09144,-135.36335,2024-07-12 21:47:58,2024-07-13 04:27:00,,2024-07-12T23:48:57,33486,Sitka,stkpd1,611,forest-conifer,Pond,10,10,1,20,pond,Alaska,0.277106481,0.318773148,0.084016204,0.00068287,12.8,12.8,12.8,84.71428571,83,87,0,2.452380952,156.0436871,Meteostat
33486,SW1,2024-07-14,0,,0,0,0,0,,0,0,0,1,,0,0,0,0,0,,,,0,44,0,0,1,0,0,0,0,2,,,,,,0,2024,57.09144,-135.36335,2024-07-14 21:45:17,2024-07-15 04:30:08,,2024-07-14T23:57:19,33486,Sitka,stkpd1,611,forest-conifer,Pond,10,10,1,20,pond,Alaska,0.281145833,0.3228125,0.091689815,0.008356481,13.9,13.9,13.9,90.375,90,93,3.6,2.847222222,162.9936871,Meteostat
33486,SW1,2024-07-15,0,,0,0,0,0,,0,0,0,3,,0,0,0,0,0,,,,0,7,0,0,0,0,0,0,0,0,,,,,,0,2024,57.09144,-135.36335,2024-07-15 21:43:52,2024-07-16 04:31:45,,2024-07-16T00:04:50,33486,Sitka,stkpd1,611,forest-conifer,Pond,10,10,1,20,pond,Alaska,0.283252315,0.324918981,0.097893519,0.014560185,12.575,12.2,12.8,92,89,93,3.6,1.013888889,167.4436871,Meteostat
33486,SW1,2024-07-16,0,,0,0,0,0,,0,0,0,0,,0,0,0,0,0,,,,0,3,0,0,0,0,0,0,0,0,,,,,,0,2024,57.09144,-135.36335,2024-07-16 21:42:23,2024-07-17 04:33:25,,2024-07-17T00:17:33,33486,Sitka,stkpd1,611,forest-conifer,Pond,10,10,1,20,pond,Alaska,0.285439815,0.327106481,0.10775463,0.024421296,13.3,13.3,13.3,91.125,90,93,16.3,0.263888889,171.3436871,Meteostat
33486,SW1,2024-07-17,0,,0,0,0,0,,0,0,0,1,,0,0,0,0,0,,,,0,0,0,0,0,0,0,0,0,0,,,,,,0,2024,57.09144,-135.36335,2024-07-17 21:40:52,2024-07-18 04:35:06,,2024-07-18T00:40:54,33486,Sitka,stkpd1,611,forest-conifer,Pond,10,10,1,20,pond,Alaska,0.287662037,0.329328704,0.125023148,0.041689815,11.8875,10.6,12.8,87,83,90,0,2.704861111,174.9436871,Meteostat
33486,SW1,2024-07-18,0,,0,0,0,0,,0,0,0,0,,0,0,0,0,0,,,,0,2,0,0,1,0,0,0,0,0,,,,,,0,2024,57.09144,-135.36335,2024-07-18 21:39:17,2024-07-19 04:36:49,,2024-07-19T01:24:55,33486,Sitka,stkpd1,611,forest-conifer,Pond,10,10,1,20,pond,Alaska,0.289953704,0.33162037,0.156689815,0.073356481,15,15,15,88.5,87,90,4.6,0.979166667,179.1436871,Meteostat
33486,SW1,2024-07-19,0,,0,0,0,0,,0,0,0,0,,0,0,0,0,0,,,,0,3,0,0,0,0,0,0,0,0,,,,,,0,2024,57.09144,-135.36335,2024-07-19 21:37:40,2024-07-20 04:38:34,2024-07-19T21:44:28,2024-07-20T02:38:14,33486,Sitka,stkpd1,611,forest-conifer,Pond,10,10,1,20,pond,Alaska,0.292291667,0.333958333,0.20400463,0,14.7,14.4,15,90.375,90,93,0.5,2.208333333,183.5936871,Meteostat
33486,SW1,2024-07-20,0,,0,0,0,0,,0,0,0,0,,0,0,0,0,0,,,,0,3,0,0,0,0,0,0,0,0,,,,,,0,2024,57.09144,-135.36335,2024-07-20 21:35:59,2024-07-21 04:40:20,2024-07-20T22:14:33,2024-07-21T04:14:13,33486,Sitka,stkpd1,611,forest-conifer,Pond,10,10,1,20,pond,Alaska,0.2946875,0.336354167,0.249768519,0,14.475,14.4,15,88.875,87,90,0,0.638888889,189.6936871,Meteostat
33486,SW1,2024-07-22,0,,0,0,0,0,,0,0,0,0,,0,0,0,0,0,,,,0,0,0,0,1,0,0,0,0,0,,,,,,0,2024,57.09144,-135.36335,2024-07-22 21:32:31,2024-07-23 04:43:58,2024-07-22T22:40:30,,33486,Sitka,stkpd1,611,forest-conifer,Pond,10,10,1,20,pond,Alaska,0.299618056,0.341284722,0.252407407,0,13.9375,13.3,14.4,83.625,81,87,0,0.826388889,200.4936871,Meteostat
33486,SW1,2024-07-23,0,,0,0,0,0,,0,0,0,3,,0,0,0,0,0,,,,0,0,0,0,0,0,0,0,0,0,,,,,,0,2024,57.09144,-135.36335,2024-07-23 21:30:43,2024-07-24 04:45:49,2024-07-23T22:46:48,,33486,Sitka,stkpd1,611,forest-conifer,Pond,10,10,1,20,pond,Alaska,0.302152778,0.343819444,0.24931713,0,13.175,12.8,13.3,88.375,84,90,4.6,2.472222222,204.6936871,Meteostat
33486,SW1,2024-07-24,0,,0,0,0,0,,0,0,0,1,,0,0,0,0,0,,,,0,1,0,0,0,0,0,0,0,0,,,,,,0,2024,57.09144,-135.36335,2024-07-24 21:28:52,2024-07-25 04:47:41,2024-07-24T22:51:35,,33486,Sitka,stkpd1,611,forest-conifer,Pond,10,10,1,20,pond,Alaska,0.304733796,0.346400463,0.247291667,0,14.93333333,14.4,15,83.77777778,83,90,0,0.5,208.2936871,Meteostat
33486,SW1,2024-07-25,0,,0,0,0,0,,0,0,0,0,,0,0,0,0,0,,,,0,2,0,0,1,0,0,0,0,1,,,,,,0,2024,57.09144,-135.36335,2024-07-25 21:26:59,2024-07-26 04:49:35,2024-07-25T22:55:55,,33486,Sitka,stkpd1,611,forest-conifer,Pond,10,10,1,20,pond,Alaska,0.307361111,0.349027778,0.245601852,0,13.45555556,12.8,14.4,84.22222222,80,87,0.3,3.432098765,212.7436871,Meteostat
33486,SW1,2024-07-26,0,,0,0,0,0,,0,0,0,1,,0,0,0,0,1,,,,0,5,0,0,0,0,0,0,0,0,,,,,,0,2024,57.09144,-135.36335,2024-07-26 21:25:04,2024-07-27 04:51:29,2024-07-26T23:00:42,,33486,Sitka,stkpd1,611,forest-conifer,Pond,10,10,1,20,pond,Alaska,0.310011574,0.351678241,0.243599537,0,13.07777778,12.8,13.3,89.22222222,87,93,2.4,3.191358025,218.0436871,Meteostat
33486,SW1,2024-07-29,0,,0,0,0,0,,0,0,0,1,,0,0,0,0,0,,,,0,4,0,0,0,0,0,0,0,1,,,,,,0,2024,57.09144,-135.36335,2024-07-29 21:19:05,2024-07-30 04:57:20,2024-07-29T23:31:46,,33486,Sitka,stkpd1,611,forest-conifer,Pond,10,10,1,20,pond,Alaska,0.318229167,0.359895833,0.226087963,0.00880787,14.66666667,14.4,15.6,86.33333333,75,90,8.4,3.5,232.2436871,Meteostat
33486,SW1,2024-07-30,0,,0,0,0,0,,0,0,0,1,,0,0,0,0,0,,,,0,2,0,0,0,0,0,0,0,0,,,,,,0,2024,57.09144,-135.36335,2024-07-30 21:17:01,2024-07-31 04:59:18,2024-07-30T23:59:18,,33486,Sitka,stkpd1,611,forest-conifer,Pond,10,10,1,20,pond,Alaska,0.321030093,0.362696759,0.208333333,0.029363426,12.58888889,12.2,13.9,82.44444444,80,86,1.7,3.222222222,237.5436871,Meteostat
33486,SW1,2024-07-31,0,,0,0,0,0,,0,0,0,1,,0,0,0,0,0,,,,0,3,0,0,0,0,0,0,0,0,,,,,,0,2024,57.09144,-135.36335,2024-07-31 21:14:55,2024-08-01 05:01:17,2024-08-01T00:47:29,,33486,Sitka,stkpd1,611,forest-conifer,Pond,10,10,1,20,pond,Alaska,0.323865741,0.365532407,0.17625,0.064282407,12.85555556,12.8,13.3,86.66666667,84,87,11.1,2.87654321,241.4436871,Meteostat
33486,SW1,2024-08-01,0,,0,0,0,0,,0,0,0,2,,0,0,0,0,0,,,,0,0,0,0,0,0,0,0,0,1,,,,,,0,2024,57.09144,-135.36335,2024-08-01 21:12:47,2024-08-02 05:03:17,2024-08-02T01:59:08,,33486,Sitka,stkpd1,611,forest-conifer,Pond,10,10,1,20,pond,Alaska,0.326736111,0.368402778,0.127881944,0.115520833,11.24444444,10,13.9,86.11111111,81,89,0,1.234567901,245.3436871,Meteostat
33486,SW1,2024-08-02,0,,0,0,0,0,,0,0,1,1,,0,0,0,0,0,,,,0,1,0,0,0,0,0,0,0,0,,,,,,0,2024,57.09144,-135.36335,2024-08-02 21:10:38,2024-08-03 05:05:18,2024-08-03T03:24:47,2024-08-02T21:20:49,33486,Sitka,stkpd1,611,forest-conifer,Pond,10,10,1,20,pond,Alaska,0.32962963,0.371296296,-0.25275463,0.176493056,13.63333333,12.2,15.6,78.88888889,72,87,0,2.75617284,249.7936871,Meteostat
33486,SW1,2024-08-03,0,,0,0,0,0,,0,0,1,0,,0,0,0,0,0,,,,0,7,0,0,0,0,0,0,0,1,,,,,,0,2024,57.09144,-135.36335,2024-08-03 21:08:27,2024-08-04 05:07:19,2024-08-04T04:53:18,2024-08-03T21:35:14,33486,Sitka,stkpd1,611,forest-conifer,Pond,10,10,1,20,pond,Alaska,0.332546296,0.374212963,-0.304212963,0.239479167,13.33333333,11.1,15.6,81.55555556,72,89,0,2.515432099,254.2436871,Meteostat
33486,SW1,2024-08-04,0,,0,0,0,0,,0,0,0,0,,0,0,0,0,0,,,,0,7,0,0,1,0,0,0,0,0,,,,,,0,2024,57.09144,-135.36335,2024-08-04 21:06:13,2024-08-05 05:09:21,,2024-08-04T21:43:44,33486,Sitka,stkpd1,611,forest-conifer,Pond,10,10,1,20,pond,Alaska,0.335509259,0.377175926,0.026053241,0,16.55555556,14.4,21.7,70.77777778,47,78,0,0.333333333,259.4936871,Meteostat
33486,SW1,2024-08-05,0,,0,0,0,0,,0,0,0,0,,0,0,0,0,0,,,,0,1,0,0,0,0,0,0,0,0,,,,,,0,2024,57.09144,-135.36335,2024-08-05 21:03:59,2024-08-06 05:11:23,,2024-08-05T21:49:08,33486,Sitka,stkpd1,611,forest-conifer,Pond,10,10,1,20,pond,Alaska,0.338472222,0.380138889,0.031354167,0,14.26666667,13.9,15,91.33333333,90,93,0,0.87037037,267.8436871,Meteostat
33486,SW1,2024-08-06,0,,0,0,0,0,,0,0,0,1,,0,0,0,0,0,,,,0,7,0,0,0,0,0,0,0,2,,,,,,0,2024,57.09144,-135.36335,2024-08-06 21:01:42,2024-08-07 05:13:25,,2024-08-06T21:52:53,33486,Sitka,stkpd1,611,forest-conifer,Pond,10,10,1,20,pond,Alaska,0.341469907,0.383136574,0.035543981,0,14.38888889,13.3,16.1,87.44444444,81,93,0,0.62345679,275.5936871,Meteostat
33486,SW1,2024-08-07,0,,0,0,0,0,,0,0,0,1,,0,0,0,0,0,,,,0,7,0,0,0,0,0,0,0,1,,,,,,0,2024,57.09144,-135.36335,2024-08-07 20:59:24,2024-08-08 05:15:28,,2024-08-07T21:55:50,33486,Sitka,stkpd1,611,forest-conifer,Pond,10,10,1,20,pond,Alaska,0.344490741,0.386157407,0.039189815,0,14.56666667,13.3,16.1,82.33333333,80,84,0,0.62345679,281.1436871,Meteostat
33486,SW1,2025-06-24,,,0,,0,0,,0,0,0,0,,0,0,0,0,0,,,,0,8,0,0,0,,0,0,0,4,,,,,,,2025,57.09144,-135.36335,2025-06-24 22:00:54,2025-06-25 04:07:28,2025-06-25T03:25:06,2025-06-24T22:38:36,33486,Sitka,stkpd1,611,forest-conifer,Pond,10,10,1,20,pond,Alaska,0.254560185,0.296226852,-0.198958333,0.141805556,11.9,11.7,12.2,92.85714286,90,94,0.6,1.849206349,59.9865936,Meteostat
33486,SW1,2025-06-25,,,0,,0,0,,0,0,0,0,,0,0,0,0,0,,,,0,34,0,0,0,,2,0,0,40,,,,,,,2025,57.09144,-135.36335,2025-06-25 22:00:47,2025-06-26 04:08:01,,2025-06-25T23:22:06,33486,Sitka,stkpd1,611,forest-conifer,Pond,10,10,1,20,pond,Alaska,0.255023148,0.296689815,0.056469907,0,10.5,10,11.1,88.42857143,86,93,0,0.900793651,62.0365936,Meteostat
33486,SW1,2025-06-26,,,0,,0,0,,0,0,0,0,,0,0,0,0,0,,,,0,16,0,0,0,,0,0,0,0,,,,,,,2025,57.09144,-135.36335,2025-06-26 22:00:36,2025-06-27 04:08:39,,2025-06-26T23:44:40,33486,Sitka,stkpd1,611,forest-conifer,Pond,10,10,1,20,pond,Alaska,0.255590278,0.297256944,0.072268519,0,11.81428571,11.7,12.2,87.57142857,83,89,1.9,0.817460317,63.4365936,Meteostat
33486,SW1,2025-06-27,,,0,,0,0,,0,0,0,0,,0,0,0,0,0,,,,0,0,0,0,0,,0,0,0,2,,,,,,,2025,57.09144,-135.36335,2025-06-27 22:00:20,2025-06-28 04:09:21,,2025-06-27T23:56:55,33486,Sitka,stkpd1,611,forest-conifer,Pond,10,10,1,20,pond,Alaska,0.256261574,0.297928241,0.080960648,0,11.85714286,11.7,12.2,84.85714286,80,89,0.6,4.186507937,64.9365936,Meteostat
33486,SW1,2025-06-30,,,0,,0,0,,0,0,0,0,,0,0,0,0,0,,,,0,18,0,0,0,,0,0,0,8,,,,,,,2025,57.09144,-135.36335,2025-06-30 21:59:08,2025-07-01 04:11:48,,2025-07-01T00:12:34,33486,Sitka,stkpd1,611,forest-conifer,Pond,10,10,1,20,pond,Alaska,0.258796296,0.300462963,0.092662037,0.009328704,11.91428571,10,12.8,90.71428571,87,94,0.6,0.634920635,73.3865936,Meteostat
33486,SW1,2025-07-01,,,0,,0,0,,0,0,0,0,,0,0,0,0,0,,,,0,0,0,0,2,,2,0,0,60,,,,,,,2025,57.09144,-135.36335,2025-07-01 21:58:35,2025-07-02 04:12:44,,2025-07-02T00:15:41,33486,Sitka,stkpd1,611,forest-conifer,Pond,10,10,1,20,pond,Alaska,0.259826389,0.301493056,0.095208333,0.011875,12,12,12,88.85714286,88,94,2.2,0.55952381,76.9365936,Meteostat
33486,SW1,2025-07-02,,,0,,0,0,,0,0,0,6,,0,0,0,0,0,,,,0,10,0,0,0,,1,0,0,27,,,,,,,2025,57.09144,-135.36335,2025-07-02 21:57:58,2025-07-03 04:13:44,,2025-07-03T00:18:56,33486,Sitka,stkpd1,611,forest-conifer,Pond,10,10,1,20,pond,Alaska,0.260949074,0.302615741,0.097893519,0.014560185,11.42857143,11,12,88,88,88,0,0.888888889,78.4365936,Meteostat
33486,SW1,2025-07-03,,,0,,0,0,,0,0,0,0,,0,0,0,0,0,,,,0,14,0,0,0,,2,0,0,32,,,,,,,2025,57.09144,-135.36335,2025-07-03 21:57:18,2025-07-04 04:14:48,,2025-07-04T00:22:59,33486,Sitka,stkpd1,611,forest-conifer,Pond,10,10,1,20,pond,Alaska,0.262152778,0.303819444,0.101168981,0.017835648,11.5,10,13.3,83.71428571,80,88,0,1.436507937,80.4365936,Meteostat
33486,SW1,2025-07-04,,,0,,0,0,,0,0,0,6,,0,0,0,0,0,,,,0,18,0,0,0,,0,0,0,6,,,,,,,2025,57.09144,-135.36335,2025-07-04 21:56:33,2025-07-05 04:15:55,,2025-07-05T00:28:41,33486,Sitka,stkpd1,611,forest-conifer,Pond,10,10,1,20,pond,Alaska,0.263449074,0.305115741,0.105648148,0.022314815,11.8,10.6,13.3,80.85714286,74,86,0,1.416666667,83.09941111,Meteostat
33486,SW1,2025-07-05,,,0,,0,0,,0,0,0,0,,0,0,0,0,0,,,,0,20,0,0,2,,0,0,0,16,,,,,,,2025,57.09144,-135.36335,2025-07-05 21:55:44,2025-07-06 04:17:05,,2025-07-06T00:37:33,33486,Sitka,stkpd1,611,forest-conifer,Pond,10,10,1,20,pond,Alaska,0.264826389,0.306493056,0.112372685,0.029039352,14.48571429,14,15.6,78.71428571,67,88,0.2,1.654761905,86.69941111,Meteostat
33486,SW1,2025-07-07,,,0,,0,0,,0,0,0,0,,0,0,0,0,0,,,,0,0,0,0,0,,0,0,0,2,,,,,,,2025,57.09144,-135.36335,2025-07-07 21:53:54,2025-07-08 04:19:34,,2025-07-08T01:19:02,33486,Sitka,stkpd1,611,forest-conifer,Pond,10,10,1,20,pond,Alaska,0.267824074,0.309490741,0.142453704,0.05912037,11.52857143,11,12.8,83.85714286,82,88,5.2,3.277777778,93.54941111,Meteostat
33486,SW1,2025-07-08,,,0,,0,0,,0,0,0,0,,0,0,0,0,0,,,,0,0,0,0,0,,0,0,0,2,,,,,,,2025,57.09144,-135.36335,2025-07-08 21:52:54,2025-07-09 04:20:53,,2025-07-09T02:05:27,33486,Sitka,stkpd1,611,forest-conifer,Pond,10,10,1,20,pond,Alaska,0.26943287,0.311099537,0.175381944,0.092048611,13,12.8,13.3,86.28571429,83,88,3,3.031746032,96.59941111,Meteostat
33486,SW1,2025-07-09,,,0,,0,0,,0,0,0,2,,0,0,0,0,0,,,,0,6,0,0,0,,0,0,0,40,,,,,,,2025,57.09144,-135.36335,2025-07-09 21:51:50,2025-07-10 04:22:15,2025-07-09T22:16:16,2025-07-10T03:15:49,33486,Sitka,stkpd1,611,forest-conifer,Pond,10,10,1,20,pond,Alaska,0.271122685,0.312789352,0.208020833,0,10.87142857,10,12,83.85714286,82,87,0,2.238095238,99.09941111,Meteostat
33486,SW1,2025-07-10,,,0,,0,0,,0,0,0,0,,0,0,0,0,0,,,,0,18,0,0,0,,0,0,0,12,,,,,,,2025,57.09144,-135.36335,2025-07-10 21:50:42,2025-07-11 04:23:40,2025-07-10T22:41:35,,33486,Sitka,stkpd1,611,forest-conifer,Pond,10,10,1,20,pond,Alaska,0.272893519,0.314560185,0.23755787,0,13.24285714,12.8,14,88.71428571,82,94,3.3,2.555555556,102.9994111,Meteostat
33486,SW1,2025-07-12,,,0,,0,0,,0,0,0,0,,0,0,0,0,0,,,,0,6,0,0,0,,0,0,0,2,,,,,,,2025,57.09144,-135.36335,2025-07-12 21:48:16,2025-07-13 04:26:37,2025-07-12T23:04:52,,33486,Sitka,stkpd1,611,forest-conifer,Pond,10,10,1,20,pond,Alaska,0.276631944,0.318298611,0.2234375,0,12.17142857,12,12.2,90.57142857,90,94,2.6,0.698412698,108.8494111,Meteostat
33486,SW1,2025-07-13,,,0,,0,0,,0,0,0,2,,0,0,0,0,0,,,,0,4,0,0,0,,2,0,0,20,,,,,,,2025,57.09144,-135.36335,2025-07-13 21:46:58,2025-07-14 04:28:09,2025-07-13T23:10:46,,33486,Sitka,stkpd1,611,forest-conifer,Pond,10,10,1,20,pond,Alaska,0.278599537,0.320266204,0.220405093,0,13.4,13,14,87.71428571,82,94,0,1.71031746,110.9994111,Meteostat
33486,SW1,2025-07-14,,,0,,0,0,,0,0,0,0,,0,0,0,0,2,,,,0,28,0,0,0,,2,0,0,120,,,,,,,2025,57.09144,-135.36335,2025-07-14 21:45:37,2025-07-15 04:29:44,2025-07-14T23:15:15,,33486,Sitka,stkpd1,611,forest-conifer,Pond,10,10,1,20,pond,Alaska,0.280636574,0.322303241,0.218391204,0,12.9,12,14.4,82.42857143,77,89,0,2.444444444,115.4494111,Meteostat
33486,SW1,2025-07-15,,,0,,0,0,,0,0,0,0,,0,0,0,0,0,,,,0,48,0,0,0,,1,0,0,143,,,,,,,2025,57.09144,-135.36335,2025-07-15 21:44:12,2025-07-16 04:31:21,2025-07-15T23:19:15,,33486,Sitka,stkpd1,611,forest-conifer,Pond,10,10,1,20,pond,Alaska,0.282743056,0.324409722,0.216736111,0,15,15,15,72.375,72,75,0,4.958333333,121.0994111,Meteostat
33486,SW1,2025-07-16,,,0,,0,0,,0,0,0,3,,0,0,0,0,0,,,,0,96,0,0,1,,2,0,0,138,,,,,,,2025,57.09144,-135.36335,2025-07-16 21:42:44,2025-07-17 04:33:00,2025-07-16T23:23:34,,33486,Sitka,stkpd1,611,forest-conifer,Pond,10,10,1,20,pond,Alaska,0.284907407,0.326574074,0.214884259,0,13.9125,13.3,14.4,79,77,81,0.4,2.378472222,126.0994111,Meteostat
33486,SW1-SM,2024-07-10,0,,0,0,0,0,,0,0,0,0,,0,0,0,0,0,,,,0,3,0,0,0,0,0,0,0,10,,,,,,0,2024,57.09144,-135.36335,2024-07-10 21:50:26,2024-07-11 04:24:01,,2024-07-10T23:43:02,33486,Sitka,stkpd1-SM,611,forest-conifer,Pond,10,10,1,20,pond,Alaska,0.273321759,0.314988426,0.078194444,0,11.7,11.7,11.7,83.85714286,83,86,0,2.007936508,150.4936871,Meteostat
33486,SW1-SM,2024-07-11,0,,0,0,0,0,,0,0,0,0,,0,0,0,0,0,,,,0,3,0,0,0,0,0,0,0,0,,,,,,0,2024,57.09144,-135.36335,2024-07-11 21:49:14,2024-07-12 04:25:29,,2024-07-11T23:45:59,33486,Sitka,stkpd1-SM,611,forest-conifer,Pond,10,10,1,20,pond,Alaska,0.275173611,0.316840278,0.081076389,0,12.8,12.8,12.8,88.42857143,87,89,3.5,0.904761905,152.6936871,Meteostat
33486,SW1-SM,2024-07-12,0,,0,0,0,0,,0,0,0,0,,0,0,0,0,0,,,,0,1,0,0,0,0,0,0,0,0,,,,,,0,2024,57.09144,-135.36335,2024-07-12 21:47:58,2024-07-13 04:27:00,,2024-07-12T23:48:57,33486,Sitka,stkpd1-SM,611,forest-conifer,Pond,10,10,1,20,pond,Alaska,0.277106481,0.318773148,0.084016204,0.00068287,12.8,12.8,12.8,84.71428571,83,87,0,2.452380952,156.0436871,Meteostat
33486,SW1-SM,2024-07-20,0,,0,0,0,0,,0,0,0,1,,0,0,0,0,0,,,,0,0,0,0,0,0,0,0,0,1,,,,,,0,2024,57.09144,-135.36335,2024-07-20 21:35:59,2024-07-21 04:40:20,2024-07-20T22:14:33,2024-07-21T04:14:13,33486,Sitka,stkpd1-SM,611,forest-conifer,Pond,10,10,1,20,pond,Alaska,0.2946875,0.336354167,0.249768519,0,14.475,14.4,15,88.875,87,90,0,0.638888889,189.6936871,Meteostat
33486,SW1-SM,2024-07-21,0,,0,0,0,0,,0,0,0,0,,0,0,0,0,0,,,,0,2,0,0,0,0,0,0,0,0,,,,,,0,2024,57.09144,-135.36335,2024-07-21 21:34:16,2024-07-22 04:42:09,2024-07-21T22:30:54,,33486,Sitka,stkpd1-SM,611,forest-conifer,Pond,10,10,1,20,pond,Alaska,0.297141204,0.33880787,0.2578125,0,13.675,12.8,14.4,84.875,83,87,0,0.527777778,194.9436871,Meteostat
33486,Transects,2022-06-30,0,0,0,0,0,0,0,0,0,1,0,0,0,0,0,0,0,0,0,0,0,0,0,0,0,0,0,0,0,0,0,0,0,0,0,0,2022,57.58112,-135.89079,2022-06-30 22:05:30,2022-07-01 04:09:34,,2022-06-30T23:52:35,33486,Sitka,,,,,,,,,,Alaska,0.252824074,0.294490741,0.074363426,0,11.68571429,10.5,13.4,90.14285714,83,93,0,1.686507937,127.7084499,Meteostat
33486,Transects,2023-07-06,0,0,0,0,0,0,0,0,0,0,0,0,0,0,0,0,0,0,0,0,0,1,0,0,0,0,0,0,0,2,0,0,0,0,0,0,2023,57.58112,-135.89079,2023-07-06 22:01:21,2023-07-07 04:15:51,2023-07-07T00:10:27,,33486,Sitka,,,,,,,,,,Alaska,0.260069444,0.301736111,0.170416667,0.006319444,9.357142857,7.2,12.2,92,83,97,0,0.817460317,133.5975108,Meteostat
33486,Transects,2023-07-12,0,0,0,0,0,0,0,0,0,0,0,0,0,0,0,0,0,0,0,0,0,1,0,0,0,0,0,0,0,1,0,0,0,0,0,0,2023,57.58112,-135.89079,2023-07-12 21:54:43,2023-07-13 04:24:17,2023-07-13T00:47:26,,33486,Sitka,,,,,,,,,,Alaska,0.270532407,0.312199074,0.150590278,0.036608796,10.95714286,9.4,12.8,89.85714286,83,97,0,0.214285714,159.9475108,Meteostat
34254,NW1,2022-07-07,0,0,0,1,0,0,0,0,0,0,1,0,0,0,0,0,1,0,0,0,0,0,0,0,0,0,0,0,0,3,0,0,0,0,0,0,2022,57.96783,-134.96655,2022-07-07 21:59:40,2022-07-08 04:10:35,,2022-07-08T00:45:35,34254,Hoonah,hnhrp1,22,forest-conifer,"Forest Clearing,Stream",4,15,1,20,creek,Alaska,0.257581019,0.299247685,0.115219907,0.031886574,13.58571429,13.2,14,88.28571429,85,92,0.2,1.301587302,204.335384,Meteostat
34254,NW1,2022-07-08,0,0,0,8,0,1,0,0,0,0,1,0,0,0,0,0,4,0,0,0,0,0,0,0,0,0,0,0,0,3,0,0,0,0,0,0,2022,57.96783,-134.96655,2022-07-08 21:58:37,2022-07-09 04:11:58,,2022-07-09T00:53:19,34254,Hoonah,hnhrp1,22,forest-conifer,"Forest Clearing,Stream",4,15,1,20,creek,Alaska,0.259270833,0.3009375,0.121319444,0.037986111,14.41428571,13.8,15,85.14285714,82,89,0.6,1.154761905,209.685384,Meteostat
34254,NW1,2022-07-09,0,0,0,0,0,0,0,0,0,0,0,0,0,0,0,0,0,0,0,0,0,0,0,0,0,0,0,0,0,21,0,0,0,0,0,0,2022,57.96783,-134.96655,2022-07-09 21:57:29,2022-07-10 04:13:24,,2022-07-10T01:05:19,34254,Hoonah,hnhrp1,22,forest-conifer,"Forest Clearing,Stream",4,15,1,20,creek,Alaska,0.261053241,0.302719907,0.130439815,0.047106481,13.72857143,13.2,14.3,92.85714286,86,97,0.3,2.115079365,214.635384,Meteostat
34254,NW1,2022-07-10,0,0,0,0,0,0,0,0,0,0,0,0,0,0,0,0,0,0,0,0,0,0,0,0,0,0,0,0,0,7,0,0,0,0,0,0,2022,57.96783,-134.96655,2022-07-10 21:56:18,2022-07-11 04:14:52,,2022-07-11T01:26:11,34254,Hoonah,hnhrp1,22,forest-conifer,"Forest Clearing,Stream",4,15,1,20,creek,Alaska,0.262893519,0.304560185,0.145752315,0.062418981,12.75714286,12.1,13.2,87.85714286,84,89,9.4,5.115079365,220.285384,Meteostat
34254,NW1,2022-07-11,0,0,0,0,0,1,0,0,0,0,0,0,0,0,0,0,0,0,0,0,0,0,0,0,0,0,0,0,0,308,0,0,0,0,0,0,2022,57.96783,-134.96655,2022-07-11 21:55:02,2022-07-12 04:16:24,,2022-07-12T02:05:18,34254,Hoonah,hnhrp1,22,forest-conifer,"Forest Clearing,Stream",4,15,1,20,creek,Alaska,0.264837963,0.30650463,0.173796296,0.090462963,11.05714286,10.3,11.9,89.57142857,87,91,1,1.214285714,223.935384,Meteostat
34254,NW1,2022-07-12,0,0,0,0,0,0,0,0,0,0,0,0,0,0,0,0,0,0,0,0,0,0,0,0,0,0,0,0,0,9,0,0,0,0,0,0,2022,57.96783,-134.96655,2022-07-12 21:53:44,2022-07-13 04:17:58,2022-07-12T22:13:15,2022-07-13T03:14:21,34254,Hoonah,hnhrp1,22,forest-conifer,"Forest Clearing,Stream",4,15,1,20,creek,Alaska,0.266828704,0.30849537,0.209097222,0,11.91428571,11.8,12,89.57142857,86,92,0,0.714285714,227.185384,Meteostat
34254,NW1,2022-07-13,0,0,0,0,0,0,0,0,0,0,0,0,0,0,0,0,0,0,0,0,0,0,0,0,0,0,0,0,0,23,0,0,0,0,0,0,2022,57.96783,-134.96655,2022-07-13 21:52:21,2022-07-14 04:19:35,2022-07-13T22:55:05,,34254,Hoonah,hnhrp1,22,forest-conifer,"Forest Clearing,Stream",4,15,1,20,creek,Alaska,0.268912037,0.310578704,0.225347222,0,13.87142857,13.4,14.4,83.57142857,77,89,0.2,2.841269841,230.435384,Meteostat
34254,NW1,2022-07-14,0,0,0,0,0,0,0,0,0,0,0,0,0,0,0,0,0,0,0,0,0,0,0,0,0,0,0,0,0,13,0,0,0,0,0,0,2022,57.96783,-134.96655,2022-07-14 21:50:55,2022-07-15 04:21:14,2022-07-14T23:17:25,,34254,Hoonah,hnhrp1,22,forest-conifer,"Forest Clearing,Stream",4,15,1,20,creek,Alaska,0.271053241,0.312719907,0.210983796,0,14.27142857,13.6,14.8,81.85714286,77,88,0,0.55952381,235.185384,Meteostat
34254,NW1,2023-06-28,0,0,0,0,0,0,0,0,0,0,0,0,0,0,0,0,3,0,0,0,0,0,0,0,0,0,0,0,0,0,0,0,0,0,0,0,2023,57.96783,-134.96655,2023-06-28 22:06:12,2023-06-29 04:00:33,,2023-06-29T01:16:37,34254,Hoonah,hnhrp1,22,forest-conifer,"Forest Clearing,Stream",4,15,1,20,creek,Alaska,0.246076389,0.287743056,0.132233796,0.048900463,12.3,10.6,13.9,98,96,100,0.1,0.214285714,116.1126411,Meteostat
34254,NW1,2023-06-30,0,0,0,0,0,0,0,0,0,0,0,0,0,0,0,0,2,0,0,0,0,0,0,0,0,0,0,0,0,0,0,0,0,0,0,0,2023,57.96783,-134.96655,2023-06-30 22:05:19,2023-07-01 04:02:16,,2023-07-01T01:40:59,34254,Hoonah,hnhrp1,22,forest-conifer,"Forest Clearing,Stream",4,15,1,20,creek,Alaska,0.247881944,0.289548611,0.149768519,0.066435185,8.328571429,6.7,10,96.71428571,93,100,0,0.257936508,123.7626411,Meteostat
34254,NW1,2024-06-24,0,,0,0,0,0,,0,0,0,0,,0,0,0,0,0,,,,0,1,0,0,0,0,0,0,0,0,,,,,,0,2024,57.96783,-134.96655,2024-06-24 22:06:58,2024-06-25 03:58:19,2024-06-25T00:27:48,,34254,Hoonah,hnhrp1,22,forest-conifer,"Forest Clearing,Stream",4,15,1,20,creek,Alaska,0.243993056,0.285659722,0.14619213,0.014467593,11.41428571,10.9,11.7,93.42857143,91,97,0,2.297619048,73.61809783,Meteostat
34254,NW1,2024-06-25,0,,0,0,0,0,,0,0,0,1,,0,0,0,0,1,,,,0,0,0,0,0,0,0,0,0,0,,,,,,0,2024,57.96783,-134.96655,2024-06-25 22:06:49,2024-06-26 03:58:55,2024-06-26T00:33:48,,34254,Hoonah,hnhrp1,22,forest-conifer,"Forest Clearing,Stream",4,15,1,20,creek,Alaska,0.244513889,0.286180556,0.14244213,0.018738426,12.38571429,11.6,13.2,89.14285714,87,92,1.8,2.801587302,76.56809783,Meteostat
34254,NW1,2024-06-26,0,,0,1,0,0,,0,0,0,0,,0,0,0,0,0,,,,0,0,0,0,2,0,0,0,0,0,,,,,,0,2024,57.96783,-134.96655,2024-06-26 22:06:35,2024-06-27 03:59:35,2024-06-27T00:37:42,,34254,Hoonah,hnhrp1,22,forest-conifer,"Forest Clearing,Stream",4,15,1,20,creek,Alaska,0.245138889,0.286805556,0.140196759,0.021608796,12.8,11.9,14.2,94.71428571,89,98,0,4.027777778,80.71809783,Meteostat
34254,NW1,2024-06-27,0,,0,0,0,0,,0,0,0,1,,0,0,0,0,2,,,,0,0,0,0,0,0,0,0,0,0,,,,,,0,2024,57.96783,-134.96655,2024-06-27 22:06:16,2024-06-28 04:00:20,2024-06-28T00:40:42,,34254,Hoonah,hnhrp1,22,forest-conifer,"Forest Clearing,Stream",4,15,1,20,creek,Alaska,0.24587963,0.287546296,0.138634259,0.023912037,12.11428571,11.7,13,93.57142857,92,95,0,3.488095238,86.01809783,Meteostat
34254,NW1,2024-06-28,0,,0,0,0,0,,0,0,1,0,,0,0,0,0,1,,,,0,0,0,0,0,0,0,0,0,0,,,,,,0,2024,57.96783,-134.96655,2024-06-28 22:05:53,2024-06-29 04:01:08,2024-06-29T00:43:38,,34254,Hoonah,hnhrp1,22,forest-conifer,"Forest Clearing,Stream",4,15,1,20,creek,Alaska,0.246701389,0.288368056,0.137152778,0.026215278,13,12.2,13.7,90.14285714,88,92,0.5,3.242063492,90.61809783,Meteostat
34254,NW1,2024-06-29,0,,0,0,0,0,,0,0,1,0,,0,0,0,0,0,,,,0,1,0,0,0,0,0,0,0,0,,,,,,0,2024,57.96783,-134.96655,2024-06-29 22:05:25,2024-06-30 04:02:01,2024-06-30T00:47:14,,34254,Hoonah,hnhrp1,22,forest-conifer,"Forest Clearing,Stream",4,15,1,20,creek,Alaska,0.247638889,0.289305556,0.135266204,0.029039352,13.74285714,12,15.2,89.57142857,87,92,0,3.472222222,95.66809783,Meteostat
34254,NW1,2024-07-01,0,,0,0,0,0,,0,0,0,0,,0,0,0,0,0,,,,0,1,0,0,0,0,0,0,0,0,,,,,,0,2024,57.96783,-134.96655,2024-07-01 22:04:16,2024-07-02 04:03:58,2024-07-02T01:01:19,,34254,Hoonah,hnhrp1,22,forest-conifer,"Forest Clearing,Stream",4,15,1,20,creek,Alaska,0.249791667,0.291458333,0.126840278,0.039618056,11.92857143,11.6,12.2,95.85714286,92,98,0.5,1.412698413,106.3680978,Meteostat
34254,NW1-Dup,2022-07-07,0,0,0,2,0,0,0,0,0,0,1,0,0,0,0,0,1,0,0,0,0,0,0,0,0,0,0,0,0,3,0,0,0,0,0,0,2022,57.96783,-134.96655,2022-07-07 21:59:40,2022-07-08 04:10:35,,2022-07-08T00:45:35,34254,Hoonah,hnhrp1,22,forest-conifer,"Forest Clearing,Stream",4,15,1,20,creek,Alaska,0.257581019,0.299247685,0.115219907,0.031886574,13.58571429,13.2,14,88.28571429,85,92,0.2,1.301587302,204.335384,Meteostat
34254,NW1-Dup,2022-07-08,0,0,0,5,0,0,0,0,0,0,0,0,0,0,0,0,4,0,0,0,0,0,0,0,0,0,1,0,0,2,0,0,0,0,0,0,2022,57.96783,-134.96655,2022-07-08 21:58:37,2022-07-09 04:11:58,,2022-07-09T00:53:19,34254,Hoonah,hnhrp1,22,forest-conifer,"Forest Clearing,Stream",4,15,1,20,creek,Alaska,0.259270833,0.3009375,0.121319444,0.037986111,14.41428571,13.8,15,85.14285714,82,89,0.6,1.154761905,209.685384,Meteostat
34254,NW1-Dup,2022-07-09,0,0,0,0,0,0,0,0,0,0,0,0,0,0,0,0,0,0,0,0,0,0,0,0,0,0,0,0,0,9,0,0,0,0,0,0,2022,57.96783,-134.96655,2022-07-09 21:57:29,2022-07-10 04:13:24,,2022-07-10T01:05:19,34254,Hoonah,hnhrp1,22,forest-conifer,"Forest Clearing,Stream",4,15,1,20,creek,Alaska,0.261053241,0.302719907,0.130439815,0.047106481,13.72857143,13.2,14.3,92.85714286,86,97,0.3,2.115079365,214.635384,Meteostat
34254,NW1-Dup,2022-07-10,0,0,0,0,0,0,0,0,0,0,0,0,0,0,0,0,0,0,0,0,0,0,0,0,0,0,0,0,0,9,0,0,0,0,0,0,2022,57.96783,-134.96655,2022-07-10 21:56:18,2022-07-11 04:14:52,,2022-07-11T01:26:11,34254,Hoonah,hnhrp1,22,forest-conifer,"Forest Clearing,Stream",4,15,1,20,creek,Alaska,0.262893519,0.304560185,0.145752315,0.062418981,12.75714286,12.1,13.2,87.85714286,84,89,9.4,5.115079365,220.285384,Meteostat
34254,NW1-Dup,2022-07-11,0,0,0,0,0,0,0,0,0,0,0,0,0,0,0,0,0,0,0,0,0,0,0,0,0,0,0,0,0,88,0,0,0,0,0,0,2022,57.96783,-134.96655,2022-07-11 21:55:02,2022-07-12 04:16:24,,2022-07-12T02:05:18,34254,Hoonah,hnhrp1,22,forest-conifer,"Forest Clearing,Stream",4,15,1,20,creek,Alaska,0.264837963,0.30650463,0.173796296,0.090462963,11.05714286,10.3,11.9,89.57142857,87,91,1,1.214285714,223.935384,Meteostat
34254,NW1-Dup,2022-07-12,0,0,0,0,0,0,0,0,0,0,0,0,0,0,0,0,0,0,0,0,0,0,0,0,0,0,0,0,0,1,0,0,0,0,0,0,2022,57.96783,-134.96655,2022-07-12 21:53:44,2022-07-13 04:17:58,2022-07-12T22:13:15,2022-07-13T03:14:21,34254,Hoonah,hnhrp1,22,forest-conifer,"Forest Clearing,Stream",4,15,1,20,creek,Alaska,0.266828704,0.30849537,0.209097222,0,11.91428571,11.8,12,89.57142857,86,92,0,0.714285714,227.185384,Meteostat
34254,NW1-Dup,2022-07-13,0,0,0,0,0,0,0,0,0,1,0,0,0,0,0,0,0,0,0,0,0,0,0,0,0,0,0,0,0,10,0,0,0,0,0,0,2022,57.96783,-134.96655,2022-07-13 21:52:21,2022-07-14 04:19:35,2022-07-13T22:55:05,,34254,Hoonah,hnhrp1,22,forest-conifer,"Forest Clearing,Stream",4,15,1,20,creek,Alaska,0.268912037,0.310578704,0.225347222,0,13.87142857,13.4,14.4,83.57142857,77,89,0.2,2.841269841,230.435384,Meteostat
34254,NW1-Dup,2022-07-14,0,0,0,0,0,0,0,0,0,0,0,0,0,0,0,0,0,0,0,0,0,0,0,0,0,0,0,0,0,13,0,0,0,0,0,0,2022,57.96783,-134.96655,2022-07-14 21:50:55,2022-07-15 04:21:14,2022-07-14T23:17:25,,34254,Hoonah,hnhrp1,22,forest-conifer,"Forest Clearing,Stream",4,15,1,20,creek,Alaska,0.271053241,0.312719907,0.210983796,0,14.27142857,13.6,14.8,81.85714286,77,88,0,0.55952381,235.185384,Meteostat
34254,NW2,2021-06-29,0,0,0,3,0,0,0,0,0,0,10,0,0,0,0,0,4,0,0,0,0,665,0,0,9,0,0,0,0,0,0,0,0,0,0,0,2021,57.99781,-135.00408,2021-06-29 22:05:57,2021-06-30 04:01:39,2021-06-30T00:55:41,,34254,Hoonah,hnhpd1,159,wetland,Pond Edge,0,20,1,2,pond,Alaska,0.247013889,0.288680556,0.129143519,0.034537037,12.6,12.2,13.9,76.14285714,72,80,0,2.365079365,106.345616,Meteostat
34254,NW2,2021-06-30,0,0,0,0,0,0,0,0,0,0,46,0,0,0,0,0,17,0,0,0,0,1046,0,0,44,0,0,0,0,0,0,0,0,0,0,0,2021,57.99781,-135.00408,2021-06-30 22:05:26,2021-07-01 04:02:34,2021-07-01T01:02:36,,34254,Hoonah,hnhpd1,159,wetland,Pond Edge,0,20,1,2,pond,Alaska,0.248009259,0.289675926,0.124976852,0.039699074,12.61428571,12.2,13.9,75.42857143,72,77,0,2.150793651,111.2401523,Meteostat
34254,NW2,2021-07-01,0,0,0,0,0,0,0,0,0,0,22,0,0,0,0,0,29,0,0,0,0,806,0,0,22,0,0,0,0,0,0,0,0,0,0,0,2021,57.99781,-135.00408,2021-07-01 22:04:50,2021-07-02 04:03:33,2021-07-02T01:08:53,,34254,Hoonah,hnhpd1,159,wetland,Pond Edge,0,20,1,2,pond,Alaska,0.249108796,0.290775463,0.121296296,0.044479167,12.04285714,11.7,12.8,87.85714286,86,89,0.1,1.047619048,115.1401523,Meteostat
34254,NW2,2022-07-10,0,0,0,0,0,0,0,0,0,0,0,0,0,0,0,0,0,0,0,0,0,0,0,0,0,0,0,0,0,6,0,0,0,0,0,0,2022,57.99781,-135.00408,2022-07-10 21:56:41,2022-07-11 04:14:47,,2022-07-11T01:26:02,34254,Hoonah,hnhpd1,159,wetland,Pond Edge,0,20,1,2,pond,Alaska,0.262569444,0.304236111,0.145381944,0.062048611,12.75714286,12.1,13.2,87.85714286,84,89,9.4,5.115079365,220.285384,Meteostat
34254,NW2,2022-07-11,0,0,0,0,0,0,0,0,0,0,0,0,0,0,0,0,0,0,0,0,0,0,0,0,0,0,0,0,0,62,0,0,0,0,0,0,2022,57.99781,-135.00408,2022-07-11 21:55:26,2022-07-12 04:16:19,,2022-07-12T02:05:05,34254,Hoonah,hnhpd1,159,wetland,Pond Edge,0,20,1,2,pond,Alaska,0.264502315,0.306168981,0.173368056,0.090034722,11.05714286,10.3,11.9,89.57142857,87,91,1,1.214285714,223.935384,Meteostat
34254,NW2,2022-07-13,0,0,0,0,0,0,0,0,0,0,0,0,0,0,0,0,0,0,0,0,0,0,0,0,0,0,0,0,0,11,0,0,0,0,0,0,2022,57.99781,-135.00408,2022-07-13 21:52:44,2022-07-14 04:19:30,2022-07-13T22:55:32,,34254,Hoonah,hnhpd1,159,wetland,Pond Edge,0,20,1,2,pond,Alaska,0.268587963,0.31025463,0.224976852,0,13.87142857,13.4,14.4,83.57142857,77,89,0.2,2.841269841,230.435384,Meteostat
34254,NW2,2022-07-14,0,0,0,0,0,0,0,0,0,0,0,0,0,0,0,0,0,0,0,0,0,0,0,0,0,0,0,0,0,3,0,0,0,0,0,0,2022,57.99781,-135.00408,2022-07-14 21:51:18,2022-07-15 04:21:09,2022-07-14T23:17:48,,34254,Hoonah,hnhpd1,159,wetland,Pond Edge,0,20,1,2,pond,Alaska,0.270729167,0.312395833,0.210659722,0,14.27142857,13.6,14.8,81.85714286,77,88,0,0.55952381,235.185384,Meteostat
34254,NW2,2023-06-28,0,0,0,1,1,0,0,0,0,0,1,0,0,0,0,0,23,0,0,0,0,830,0,0,0,0,0,0,0,147,0,0,0,0,0,0,2023,57.99781,-135.00408,2023-06-28 22:06:37,2023-06-29 04:00:26,,2023-06-29T01:16:37,34254,Hoonah,hnhpd1,159,wetland,Pond Edge,0,20,1,2,pond,Alaska,0.245706019,0.287372685,0.131944444,0.048611111,12.3,10.6,13.9,98,96,100,0.1,0.214285714,116.1126411,Meteostat
34254,NW2,2023-06-29,0,0,0,1,1,0,0,0,0,0,7,0,0,0,0,0,23,0,0,0,0,618,0,0,0,0,0,0,0,124,0,0,0,0,0,0,2023,57.99781,-135.00408,2023-06-29 22:06:13,2023-06-30 04:01:15,,2023-06-30T01:25:08,34254,Hoonah,hnhpd1,159,wetland,Pond Edge,0,20,1,2,pond,Alaska,0.246550926,0.288217593,0.138136574,0.054803241,9.028571429,7,10.6,96.57142857,96,100,0.6,0.214285714,121.2626411,Meteostat
34254,NW2,2023-06-30,0,0,0,2,2,0,0,0,0,0,20,0,0,0,0,0,8,0,0,0,0,670,0,0,0,0,0,0,0,166,0,0,0,0,0,0,2023,57.99781,-135.00408,2023-06-30 22:05:44,2023-07-01 04:02:09,,2023-07-01T01:40:49,34254,Hoonah,hnhpd1,159,wetland,Pond Edge,0,20,1,2,pond,Alaska,0.247511574,0.289178241,0.149363426,0.066030093,8.328571429,6.7,10,96.71428571,93,100,0,0.257936508,123.7626411,Meteostat
34254,NW2-Dup,2022-07-10,0,0,0,0,0,0,0,0,0,0,0,0,0,0,0,0,0,0,0,0,0,0,0,0,0,0,0,0,0,7,0,0,0,0,0,0,2022,57.99781,-135.00408,2022-07-10 21:56:41,2022-07-11 04:14:47,,2022-07-11T01:26:02,34254,Hoonah,hnhpd1,159,wetland,Pond Edge,0,20,1,2,pond,Alaska,0.262569444,0.304236111,0.145381944,0.062048611,12.75714286,12.1,13.2,87.85714286,84,89,9.4,5.115079365,220.285384,Meteostat
34254,NW2-Dup,2022-07-11,0,0,0,0,0,0,0,0,0,0,0,0,0,0,0,0,0,0,0,0,0,0,0,0,0,0,0,0,0,29,0,0,0,0,0,0,2022,57.99781,-135.00408,2022-07-11 21:55:26,2022-07-12 04:16:19,,2022-07-12T02:05:05,34254,Hoonah,hnhpd1,159,wetland,Pond Edge,0,20,1,2,pond,Alaska,0.264502315,0.306168981,0.173368056,0.090034722,11.05714286,10.3,11.9,89.57142857,87,91,1,1.214285714,223.935384,Meteostat
34254,NW2-Dup,2022-07-13,0,0,0,0,0,0,0,0,0,0,0,0,0,0,0,0,0,0,0,0,0,0,0,0,0,0,0,0,0,3,0,0,0,0,0,0,2022,57.99781,-135.00408,2022-07-13 21:52:44,2022-07-14 04:19:30,2022-07-13T22:55:32,,34254,Hoonah,hnhpd1,159,wetland,Pond Edge,0,20,1,2,pond,Alaska,0.268587963,0.31025463,0.224976852,0,13.87142857,13.4,14.4,83.57142857,77,89,0.2,2.841269841,230.435384,Meteostat
34254,NW2-Dup,2022-07-14,0,0,0,0,0,0,0,0,0,0,0,0,0,0,0,0,0,0,0,0,0,0,0,0,0,0,0,0,0,1,0,0,0,0,0,0,2022,57.99781,-135.00408,2022-07-14 21:51:18,2022-07-15 04:21:09,2022-07-14T23:17:48,,34254,Hoonah,hnhpd1,159,wetland,Pond Edge,0,20,1,2,pond,Alaska,0.270729167,0.312395833,0.210659722,0,14.27142857,13.6,14.8,81.85714286,77,88,0,0.55952381,235.185384,Meteostat
34254,SW,2020-06-16,0,0,0,2,0,0,0,0,0,0,0,0,0,0,0,0,0,0,0,0,0,1,0,0,0,0,0,0,0,6,0,0,0,0,0,0,2020,57.9563,-134.94197,2020-06-16 22:05:14,2020-06-17 03:56:15,2020-06-17T02:42:09,,34254,Hoonah,hnhfr1,25,forest-conifer,,10,50,0,130,creek,Alaska,0.243761574,0.285428241,0.051458333,0.108969907,10.54285714,10,11.1,82.28571429,77,89,NA,0.953703704,77.78778165,Meteostat
34254,SW,2020-06-17,0,0,0,0,0,0,0,0,0,0,0,0,0,0,0,0,0,0,0,0,0,0,0,0,0,0,0,0,0,4,0,0,0,0,0,0,2020,57.9563,-134.94197,2020-06-17 22:05:41,2020-06-18 03:56:14,2020-06-18T02:55:18,,34254,Hoonah,hnhfr1,25,forest-conifer,,10,50,0,130,creek,Alaska,0.2434375,0.285104167,0.042314815,0.117789352,10.98571429,10.6,11.1,93.85714286,93,96,1.4,3.111111111,79.93778165,Meteostat
34254,SW,2020-06-19,0,0,0,0,0,0,0,0,0,0,0,0,0,0,0,0,0,0,0,0,0,1,0,0,0,0,0,0,0,5,0,0,0,0,0,0,2020,57.9563,-134.94197,2020-06-19 22:06:23,2020-06-20 03:56:28,2020-06-20T03:38:38,,34254,Hoonah,hnhfr1,25,forest-conifer,,10,50,0,130,creek,Alaska,0.243113426,0.284780093,0.012384259,0.147395833,12.1,11.7,12.8,99,96,100,1.2,1.044444444,82.98778165,Meteostat
34254,SW1,2021-06-30,0,0,0,0,0,0,0,0,0,0,0,0,0,0,0,0,0,0,0,0,0,1,0,0,0,0,0,0,0,0,0,0,0,0,0,0,2021,57.95608,-134.93798,2021-06-30 22:04:48,2021-07-01 04:02:40,2021-07-01T01:02:18,,34254,Hoonah,hnhbe1,2,forest-conifer,,0,100,1,40,ocean,Alaska,0.248518519,0.290185185,0.12525463,0.039930556,12.61428571,12.2,13.9,75.42857143,72,77,0,2.150793651,111.2401523,Meteostat
34254,SW1,2021-07-01,0,0,0,0,0,0,0,0,0,1,0,0,0,0,0,0,0,0,0,0,0,0,0,0,0,0,0,0,0,0,0,0,0,0,0,0,2021,57.95608,-134.93798,2021-07-01 22:04:12,2021-07-02 04:03:40,2021-07-02T01:08:39,,34254,Hoonah,hnhbe1,2,forest-conifer,,0,100,1,40,ocean,Alaska,0.24962963,0.291296296,0.121539352,0.044756944,12.04285714,11.7,12.8,87.85714286,86,89,0.1,1.047619048,115.1401523,Meteostat
34254,SW2,2022-07-07,0,0,0,9,0,0,0,0,0,0,0,0,0,0,0,0,1,0,0,0,0,0,0,0,0,0,0,0,0,7,0,0,0,0,0,0,2022,57.95608,-134.93798,2022-07-07 21:59:28,2022-07-08 04:10:34,,2022-07-08T00:45:30,34254,Hoonah,hnhbe2,3,wetland,Ocean Edge,3,20,1,30,ocean,Alaska,0.257708333,0.299375,0.115300926,0.031967593,13.58571429,13.2,14,88.28571429,85,92,0.2,1.301587302,204.335384,Meteostat
34254,SW2,2022-07-08,0,0,0,1,0,0,0,0,0,1,0,0,0,0,0,0,0,0,0,0,0,1,0,0,0,0,0,0,0,0,0,0,0,0,0,0,2022,57.95608,-134.93798,2022-07-08 21:58:24,2022-07-09 04:11:57,,2022-07-09T00:53:15,34254,Hoonah,hnhbe2,3,wetland,Ocean Edge,3,20,1,30,ocean,Alaska,0.259409722,0.301076389,0.121423611,0.038090278,14.41428571,13.8,15,85.14285714,82,89,0.6,1.154761905,209.685384,Meteostat
34254,SW2,2022-07-09,0,0,0,2,0,0,0,0,0,1,1,0,0,0,0,0,0,0,0,0,0,1,0,0,0,0,0,0,0,4,0,0,0,0,0,0,2022,57.95608,-134.93798,2022-07-09 21:57:16,2022-07-10 04:13:23,,2022-07-10T01:05:17,34254,Hoonah,hnhbe2,3,wetland,Ocean Edge,3,20,1,30,ocean,Alaska,0.26119213,0.302858796,0.13056713,0.047233796,13.72857143,13.2,14.3,92.85714286,86,97,0.3,2.115079365,214.635384,Meteostat
34254,SW2,2022-07-10,0,0,0,6,0,0,0,0,0,0,1,0,0,0,0,0,2,0,0,0,0,0,0,0,0,0,0,0,0,12,0,0,0,0,0,0,2022,57.95608,-134.93798,2022-07-10 21:56:05,2022-07-11 04:14:51,,2022-07-11T01:26:11,34254,Hoonah,hnhbe2,3,wetland,Ocean Edge,3,20,1,30,ocean,Alaska,0.263032407,0.304699074,0.145902778,0.062569444,12.75714286,12.1,13.2,87.85714286,84,89,9.4,5.115079365,220.285384,Meteostat
34254,SW2,2022-07-11,0,0,0,0,0,1,0,0,0,0,0,0,0,0,0,0,0,0,0,0,0,1,0,0,0,0,0,0,0,2,0,0,0,0,0,0,2022,57.95608,-134.93798,2022-07-11 21:54:50,2022-07-12 04:16:23,,2022-07-12T02:05:20,34254,Hoonah,hnhbe2,3,wetland,Ocean Edge,3,20,1,30,ocean,Alaska,0.264965278,0.306631944,0.173958333,0.090625,11.05714286,10.3,11.9,89.57142857,87,91,1,1.214285714,223.935384,Meteostat
34254,SW2,2022-07-12,0,0,0,0,0,0,0,0,0,0,0,0,0,0,0,0,0,0,0,0,0,0,0,0,0,0,0,0,0,1,0,0,0,0,0,0,2022,57.95608,-134.93798,2022-07-12 21:53:31,2022-07-13 04:17:57,2022-07-12T22:12:59,2022-07-13T03:14:22,34254,Hoonah,hnhbe2,3,wetland,Ocean Edge,3,20,1,30,ocean,Alaska,0.266967593,0.308634259,0.209293981,0,11.91428571,11.8,12,89.57142857,86,92,0,0.714285714,227.185384,Meteostat
34254,SW2,2022-07-13,0,0,0,0,0,0,0,0,0,0,0,0,0,0,0,0,0,0,0,0,0,0,0,0,0,0,0,0,0,5,0,0,0,0,0,0,2022,57.95608,-134.93798,2022-07-13 21:52:09,2022-07-14 04:19:33,2022-07-13T22:54:50,,34254,Hoonah,hnhbe2,3,wetland,Ocean Edge,3,20,1,30,ocean,Alaska,0.269027778,0.310694444,0.225497685,0,13.87142857,13.4,14.4,83.57142857,77,89,0.2,2.841269841,230.435384,Meteostat
34254,SW2,2022-07-14,0,0,0,1,0,0,0,0,0,0,0,0,0,0,0,0,0,0,0,0,0,0,0,0,0,0,0,0,0,12,0,0,0,0,0,0,2022,57.95608,-134.93798,2022-07-14 21:50:43,2022-07-15 04:21:12,2022-07-14T23:17:13,,34254,Hoonah,hnhbe2,3,wetland,Ocean Edge,3,20,1,30,ocean,Alaska,0.271168981,0.312835648,0.211099537,0,14.27142857,13.6,14.8,81.85714286,77,88,0,0.55952381,235.185384,Meteostat
34254,SW2,2023-06-28,0,0,0,0,0,0,0,0,0,1,0,0,0,0,0,0,0,0,0,0,0,3,0,0,0,0,0,0,0,1,0,0,0,0,0,0,2023,57.95608,-134.93798,2023-06-28 22:05:59,2023-06-29 04:00:32,,2023-06-29T01:16:34,34254,Hoonah,hnhbe2,3,wetland,Ocean Edge,3,20,1,30,ocean,Alaska,0.246215278,0.287881944,0.132349537,0.049016204,12.3,10.6,13.9,98,96,100,0.1,0.214285714,116.1126411,Meteostat
34254,SW2,2023-06-29,0,0,0,0,0,0,0,0,0,0,0,0,0,0,0,0,0,0,0,0,0,5,0,0,0,0,0,0,0,18,0,0,0,0,0,0,2023,57.95608,-134.93798,2023-06-29 22:05:34,2023-06-30 04:01:22,,2023-06-30T01:25:11,34254,Hoonah,hnhbe2,3,wetland,Ocean Edge,3,20,1,30,ocean,Alaska,0.247083333,0.28875,0.138622685,0.055289352,9.028571429,7,10.6,96.57142857,96,100,0.6,0.214285714,121.2626411,Meteostat
34254,SW2,2023-06-30,0,0,0,0,0,0,0,0,0,0,0,0,0,0,0,0,1,0,0,0,0,1,0,0,0,0,0,0,0,1,0,0,0,0,0,0,2023,57.95608,-134.93798,2023-06-30 22:05:06,2023-07-01 04:02:15,,2023-07-01T01:40:59,34254,Hoonah,hnhbe2,3,wetland,Ocean Edge,3,20,1,30,ocean,Alaska,0.248020833,0.2896875,0.149918981,0.066585648,8.328571429,6.7,10,96.71428571,93,100,0,0.257936508,123.7626411,Meteostat
34254,SW2,2024-06-24,0,,0,0,0,0,,0,0,5,0,,0,0,0,0,0,,,,0,9,0,0,3,0,0,0,0,0,,,,,,0,2024,57.95608,-134.93798,2024-06-24 22:06:45,2024-06-25 03:58:19,2024-06-25T00:27:37,,34254,Hoonah,hnhbe2,3,wetland,Ocean Edge,3,20,1,30,ocean,Alaska,0.244143519,0.285810185,0.146319444,0.014490741,11.41428571,10.9,11.7,93.42857143,91,97,0,2.297619048,73.61809783,Meteostat
34254,SW2,2024-06-25,0,,0,0,0,0,,0,0,4,1,,0,0,0,0,0,,,,0,15,0,0,3,0,0,0,0,0,,,,,,0,2024,57.95608,-134.93798,2024-06-25 22:06:36,2024-06-26 03:58:55,2024-06-26T00:33:38,,34254,Hoonah,hnhbe2,3,wetland,Ocean Edge,3,20,1,30,ocean,Alaska,0.244664352,0.286331019,0.14255787,0.018773148,12.38571429,11.6,13.2,89.14285714,87,92,1.8,2.801587302,76.56809783,Meteostat
34254,SW2,2024-06-26,0,,0,0,0,0,,0,0,1,0,,0,0,0,0,1,,,,0,12,0,0,4,0,0,0,0,0,,,,,,0,2024,57.95608,-134.93798,2024-06-26 22:06:21,2024-06-27 03:59:35,2024-06-27T00:37:34,,34254,Hoonah,hnhbe2,3,wetland,Ocean Edge,3,20,1,30,ocean,Alaska,0.245300926,0.286967593,0.140289352,0.021678241,12.8,11.9,14.2,94.71428571,89,98,0,4.027777778,80.71809783,Meteostat
34254,SW2,2024-06-27,0,,0,0,0,0,,0,0,1,2,,0,0,0,0,0,,,,0,10,0,0,0,0,1,0,0,0,,,,,,0,2024,57.95608,-134.93798,2024-06-27 22:06:03,2024-06-28 04:00:19,2024-06-28T00:40:35,,34254,Hoonah,hnhbe2,3,wetland,Ocean Edge,3,20,1,30,ocean,Alaska,0.246018519,0.287685185,0.138703704,0.023981481,12.11428571,11.7,13,93.57142857,92,95,0,3.488095238,86.01809783,Meteostat
34254,SW2,2024-06-28,0,,0,1,0,0,,0,0,0,1,,0,0,0,0,0,,,,0,11,0,0,5,0,0,0,0,0,,,,,,0,2024,57.95608,-134.93798,2024-06-28 22:05:39,2024-06-29 04:01:08,2024-06-29T00:43:32,,34254,Hoonah,hnhbe2,3,wetland,Ocean Edge,3,20,1,30,ocean,Alaska,0.246863426,0.288530093,0.137222222,0.02630787,13,12.2,13.7,90.14285714,88,92,0.5,3.242063492,90.61809783,Meteostat
34254,SW2,2024-06-29,0,,0,0,0,0,,0,0,0,0,,0,0,0,0,0,,,,0,2,0,0,1,0,0,0,0,0,,,,,,0,2024,57.95608,-134.93798,2024-06-29 22:05:12,2024-06-30 04:02:00,2024-06-30T00:47:09,,34254,Hoonah,hnhbe2,3,wetland,Ocean Edge,3,20,1,30,ocean,Alaska,0.247777778,0.289444444,0.1353125,0.029131944,13.74285714,12,15.2,89.57142857,87,92,0,3.472222222,95.66809783,Meteostat
34254,SW2,2024-06-30,0,,0,2,0,0,,0,0,4,2,,0,0,0,0,1,,,,0,22,0,0,5,0,0,0,0,0,,,,,,0,2024,57.95608,-134.93798,2024-06-30 22:04:40,2024-07-01 04:02:57,2024-07-01T00:52:28,,34254,Hoonah,hnhbe2,3,wetland,Ocean Edge,3,20,1,30,ocean,Alaska,0.24880787,0.290474537,0.132280093,0.033194444,12.21428571,11.5,12.9,94.14285714,93,96,2.5,1.813492063,100.9180978,Meteostat
34254,SW2,2024-07-01,0,,0,0,0,0,,0,0,0,0,,0,0,0,0,0,,,,0,0,0,0,1,0,0,0,0,0,,,,,,0,2024,57.95608,-134.93798,2024-07-01 22:04:03,2024-07-02 04:03:57,2024-07-02T01:01:18,,34254,Hoonah,hnhbe2,3,wetland,Ocean Edge,3,20,1,30,ocean,Alaska,0.249930556,0.291597222,0.126840278,0.039756944,11.92857143,11.6,12.2,95.85714286,92,98,0.5,1.412698413,106.3680978,Meteostat
34254,SW3,2022-07-07,0,0,0,0,0,0,0,0,0,0,0,0,0,0,0,0,0,0,0,0,0,0,0,0,0,0,0,0,0,1,0,0,0,0,0,0,2022,57.93862,-134.92329,2022-07-07 21:59:15,2022-07-08 04:10:39,,2022-07-08T00:45:29,34254,Hoonah,hnhfr2,38,forest-conifer,Forest Clearing,2,25,1,0,0,Alaska,0.257916667,0.299583333,0.115439815,0.032106481,13.58571429,13.2,14,88.28571429,85,92,0.2,1.301587302,204.335384,Meteostat
34254,SW3,2022-07-08,0,0,0,3,0,0,0,0,0,2,0,0,0,0,0,0,0,0,0,0,0,0,0,0,0,0,0,0,0,1,0,0,0,0,0,0,2022,57.93862,-134.92329,2022-07-08 21:58:12,2022-07-09 04:12:02,,2022-07-09T00:53:17,34254,Hoonah,hnhfr2,38,forest-conifer,Forest Clearing,2,25,1,0,0,Alaska,0.259606481,0.301273148,0.121585648,0.038252315,14.41428571,13.8,15,85.14285714,82,89,0.6,1.154761905,209.685384,Meteostat
34254,SW3,2022-07-09,0,0,0,1,0,0,0,0,0,0,0,0,0,0,0,0,0,0,0,0,0,0,0,0,0,0,0,0,0,2,0,0,0,0,0,0,2022,57.93862,-134.92329,2022-07-09 21:57:04,2022-07-10 04:13:28,,2022-07-10T01:05:21,34254,Hoonah,hnhfr2,38,forest-conifer,Forest Clearing,2,25,1,0,0,Alaska,0.261388889,0.303055556,0.130752315,0.047418981,13.72857143,13.2,14.3,92.85714286,86,97,0.3,2.115079365,214.635384,Meteostat
34254,SW3,2022-07-10,0,0,0,0,0,0,0,0,0,0,0,0,0,0,0,0,1,0,0,0,0,0,0,0,0,0,0,0,0,1,0,0,0,0,0,0,2022,57.93862,-134.92329,2022-07-10 21:55:53,2022-07-11 04:14:56,,2022-07-11T01:26:18,34254,Hoonah,hnhfr2,38,forest-conifer,Forest Clearing,2,25,1,0,0,Alaska,0.263229167,0.304895833,0.146122685,0.062789352,12.75714286,12.1,13.2,87.85714286,84,89,9.4,5.115079365,220.285384,Meteostat
34254,SW3,2022-07-13,0,0,0,0,0,0,0,0,0,0,0,0,0,0,0,0,1,0,0,0,0,0,0,0,0,0,0,0,0,0,0,0,0,0,0,0,2022,57.93862,-134.92329,2022-07-13 21:51:57,2022-07-14 04:19:38,2022-07-13T22:54:36,,34254,Hoonah,hnhfr2,38,forest-conifer,Forest Clearing,2,25,1,0,0,Alaska,0.269224537,0.310891204,0.225717593,0,13.87142857,13.4,14.4,83.57142857,77,89,0.2,2.841269841,230.435384,Meteostat
34254,SW3,2022-07-14,0,0,0,0,0,0,0,0,0,1,0,0,0,0,0,0,0,0,0,0,0,0,0,0,0,0,0,0,0,1,0,0,0,0,0,0,2022,57.93862,-134.92329,2022-07-14 21:50:32,2022-07-15 04:21:17,2022-07-14T23:17:02,,34254,Hoonah,hnhfr2,38,forest-conifer,Forest Clearing,2,25,1,0,0,Alaska,0.271354167,0.313020833,0.211284722,0,14.27142857,13.6,14.8,81.85714286,77,88,0,0.55952381,235.185384,Meteostat
34254,SW3,2023-06-28,0,0,0,0,0,0,0,0,0,0,0,0,0,0,0,0,0,0,0,0,0,0,0,0,0,0,0,0,0,1,0,0,0,0,0,0,2023,57.93862,-134.92329,2023-06-28 22:05:46,2023-06-29 04:00:38,,2023-06-29T01:16:35,34254,Hoonah,hnhfr2,38,forest-conifer,Forest Clearing,2,25,1,0,0,Alaska,0.246435185,0.288101852,0.132511574,0.049178241,12.3,10.6,13.9,98,96,100,0.1,0.214285714,116.1126411,Meteostat
34254,SW3,2024-06-24,0,,0,0,0,0,,0,0,0,1,,0,0,0,0,0,,,,0,0,0,0,0,0,0,0,0,0,,,,,,0,2024,57.93862,-134.92329,2024-06-24 22:06:32,2024-06-25 03:58:25,2024-06-25T00:27:27,,34254,Hoonah,hnhfr2,38,forest-conifer,Forest Clearing,2,25,1,0,0,Alaska,0.244363426,0.286030093,0.14650463,0.014525463,11.41428571,10.9,11.7,93.42857143,91,97,0,2.297619048,73.61809783,Meteostat
34254,SW3,2024-06-26,0,,0,0,0,0,,0,0,0,0,,0,0,0,0,1,,,,0,0,0,0,0,0,0,0,0,0,,,,,,0,2024,57.93862,-134.92329,2024-06-26 22:06:08,2024-06-27 03:59:41,2024-06-27T00:37:28,,34254,Hoonah,hnhfr2,38,forest-conifer,Forest Clearing,2,25,1,0,0,Alaska,0.245520833,0.2871875,0.140428241,0.021759259,12.8,11.9,14.2,94.71428571,89,98,0,4.027777778,80.71809783,Meteostat
34254,SW3,2024-06-27,0,,0,0,0,0,,0,0,0,0,,0,0,0,0,0,,,,0,0,0,0,1,0,0,0,0,0,,,,,,0,2024,57.93862,-134.92329,2024-06-27 22:05:50,2024-06-28 04:00:25,2024-06-28T00:40:32,,34254,Hoonah,hnhfr2,38,forest-conifer,Forest Clearing,2,25,1,0,0,Alaska,0.246238426,0.287905093,0.13880787,0.024097222,12.11428571,11.7,13,93.57142857,92,95,0,3.488095238,86.01809783,Meteostat
34254,SW3,2024-06-30,0,,0,0,0,0,,0,0,0,0,,0,0,0,0,2,,,,0,0,0,0,1,0,0,0,0,0,,,,,,0,2024,57.93862,-134.92329,2024-06-30 22:04:27,2024-07-01 04:03:02,2024-07-01T00:52:30,,34254,Hoonah,hnhfr2,38,forest-conifer,Forest Clearing,2,25,1,0,0,Alaska,0.249016204,0.29068287,0.132314815,0.033368056,12.21428571,11.5,12.9,94.14285714,93,96,2.5,1.813492063,100.9180978,Meteostat
34254,SW3,2024-07-01,0,,0,0,0,0,,0,0,0,1,,0,0,0,0,0,,,,0,0,0,0,0,0,0,0,0,0,,,,,,0,2024,57.93862,-134.92329,2024-07-01 22:03:50,2024-07-02 04:04:03,2024-07-02T01:01:23,,34254,Hoonah,hnhfr2,38,forest-conifer,Forest Clearing,2,25,1,0,0,Alaska,0.250150463,0.29181713,0.126851852,0.039965278,11.92857143,11.6,12.2,95.85714286,92,98,0.5,1.412698413,106.3680978,Meteostat
34254,Transects,2023-07-01,0,0,0,0,0,0,0,0,0,1,0,0,0,0,0,0,0,0,0,0,0,5,0,0,0,0,0,0,0,3,0,0,0,0,0,0,2023,58.0884,-135.37973,2023-07-01 22:07:29,2023-07-02 04:03:48,,2023-07-02T02:12:37,34254,Hoonah,,,,,,,,,,Alaska,0.24744213,0.289108796,0.170231481,0.086898148,11.44285714,10.6,12.2,87.71428571,80,96,0.1,0.214285714,125.0951652,Meteostat
34254,Transects,2024-07-02,0,,0,0,0,0,,0,0,0,2,,0,0,0,0,0,,,,0,5,0,0,2,0,0,0,0,1,,,,,,0,2024,58.0884,-135.37973,2024-07-02 22:06:18,2024-07-03 04:05:37,2024-07-03T01:17:42,,34254,Hoonah,,,,,,,,,,Alaska,0.249525463,0.29119213,0.116608796,0.049583333,12.12857143,11.8,12.6,78.57142857,76,82,0,2.746031746,109.6180978,Meteostat
34254,Transects,2024-07-07,0,,0,0,0,0,,0,0,0,0,,0,0,0,0,0,,,,0,3,0,0,2,0,3,0,0,0,,,,,,0,2024,58.0884,-135.37973,2024-07-07 22:01:47,2024-07-08 04:11:54,,2024-07-07T23:33:40,34254,Hoonah,,,,,,,,,,Alaska,0.257025463,0.29869213,0.06380787,0,11.2,9.7,12.5,90.57142857,88,93,0,2.686507937,125.9180978,Meteostat
34338,NE,2019-07-27,0,0,0,0,0,0,0,0,0,0,0,0,0,0,0,0,0,0,0,0,0,1,0,0,0,0,0,0,0,0,0,0,0,0,0,0,2019,59.56445,-139.61554,2019-07-27 21:57:33,2019-07-28 04:53:04,2019-07-28T01:22:06,,34338,Yakutat,yktfr1,30,forest-conifer,,1,90,0,1000,pond,Alaska,0.288553241,0.330219907,0.14650463,0.058715278,12.7125,11.7,13.3,95.125,93,97,16.9,4.944444444,269.8340113,Meteostat
34338,NE,2019-07-28,0,0,0,0,0,0,0,0,0,0,0,0,0,0,0,0,0,0,0,0,0,0,0,0,0,0,0,0,0,1,0,0,0,0,0,0,2019,59.56445,-139.61554,2019-07-28 21:55:16,2019-07-29 04:55:18,2019-07-29T01:58:01,,34338,Yakutat,yktfr1,30,forest-conifer,,1,90,0,1000,pond,Alaska,0.291689815,0.333356481,0.123113426,0.085243056,11.9625,11.7,12.2,94.875,93,97,5,2.767361111,273.4340113,Meteostat
34338,NE,2019-07-29,0,0,0,0,0,0,0,0,0,0,0,0,0,0,0,0,0,0,0,0,0,0,0,0,0,0,0,0,0,1,0,0,0,0,0,0,2019,59.56445,-139.61554,2019-07-29 21:52:58,2019-07-30 04:57:34,2019-07-30T02:51:22,,34338,Yakutat,yktfr1,30,forest-conifer,,1,90,0,1000,pond,Alaska,0.294861111,0.336527778,0.087638889,0.123888889,11.675,10,13.9,96.375,93,100,0,0,276.2840113,Meteostat
34338,NE,2020-06-29,0,0,0,0,0,0,0,0,0,0,0,0,0,0,0,0,0,0,0,0,0,0,0,0,0,0,0,0,0,1,0,0,0,0,0,0,2020,59.56445,-139.61554,2020-06-29 22:39:29,2020-06-30 04:05:09,,2020-06-30T01:56:06,34338,Yakutat,yktfr1,30,forest-conifer,,1,90,0,1000,pond,Alaska,0.226157407,0.267824074,0.136539352,0.053206019,11.48333333,10.6,12.2,93.16666667,86,97,0,0.25,69.30229205,Meteostat
34338,NW,2019-07-26,0,0,0,13,0,0,0,0,0,0,0,0,0,0,0,0,0,0,0,0,0,11,0,0,6,0,0,0,0,17,0,0,0,0,0,0,2019,59.51789,-139.66391,2019-07-26 21:59:38,2019-07-27 04:51:22,2019-07-27T00:58:26,,34338,Yakutat,yktpd1,14,forest-conifer,Pond,3,60,1,3,pond,Alaska,0.285925926,0.327592593,0.161759259,0.040833333,12.3,11.1,14.4,94.625,90,97,0,0.1875,265.6840113,Meteostat
34338,NW,2019-07-27,0,0,0,5,0,0,0,0,0,0,0,0,0,0,0,0,0,0,0,0,0,9,0,0,0,0,0,0,0,10,0,0,0,0,0,0,2019,59.51789,-139.66391,2019-07-27 21:57:24,2019-07-28 04:53:35,2019-07-28T01:22:38,,34338,Yakutat,yktpd1,14,forest-conifer,Pond,3,60,1,3,pond,Alaska,0.289016204,0.33068287,0.146493056,0.059189815,12.7125,11.7,13.3,95.125,93,97,16.9,4.944444444,269.8340113,Meteostat
34338,NW,2019-07-28,0,0,0,0,0,0,0,0,0,0,0,0,0,0,0,0,0,0,0,0,0,0,0,0,0,0,0,0,0,4,0,0,0,0,0,0,2019,59.51789,-139.66391,2019-07-28 21:55:09,2019-07-29 04:55:49,2019-07-29T01:58:37,,34338,Yakutat,yktpd1,14,forest-conifer,Pond,3,60,1,3,pond,Alaska,0.29212963,0.333796296,0.123055556,0.085740741,11.9625,11.7,12.2,94.875,93,97,5,2.767361111,273.4340113,Meteostat
34338,NW,2019-07-29,0,0,0,1,0,0,0,0,0,0,0,0,0,0,0,0,0,0,0,0,0,3,0,0,0,0,0,0,0,20,0,0,0,0,0,0,2019,59.51789,-139.66391,2019-07-29 21:52:50,2019-07-30 04:58:04,2019-07-30T02:52:00,,34338,Yakutat,yktpd1,14,forest-conifer,Pond,3,60,1,3,pond,Alaska,0.295300926,0.336967593,0.087546296,0.124421296,11.675,10,13.9,96.375,93,100,0,0,276.2840113,Meteostat
34338,NW,2019-07-30,0,0,0,5,0,0,0,0,0,0,1,0,0,0,0,0,0,0,0,0,0,4,0,0,0,0,0,0,0,29,0,0,0,0,0,0,2019,59.51789,-139.66391,2019-07-30 21:50:30,2019-07-31 05:00:20,2019-07-31T04:05:22,,34338,Yakutat,yktpd1,14,forest-conifer,Pond,3,60,1,3,pond,Alaska,0.29849537,0.340162037,0.038171296,0.176990741,12.2875,11.1,13.9,97.5,93,100,NA,0.638888889,280.1840113,Meteostat
34338,NW,2019-07-31,0,0,0,4,0,0,0,0,0,0,1,0,0,0,0,0,0,0,0,0,0,3,0,0,2,0,0,0,0,8,0,0,0,0,0,0,2019,59.51789,-139.66391,2019-07-31 21:48:08,2019-08-01 05:02:37,,2019-07-31T22:01:09,34338,Yakutat,yktpd1,14,forest-conifer,Pond,3,60,1,3,pond,Alaska,0.301724537,0.343391204,0.009039352,0,13.7375,12.2,15,94.25,90,100,0,1.166666667,284.1005851,Meteostat
34338,NW,2020-06-26,0,0,0,67,0,0,0,0,0,0,0,0,0,0,0,3,0,0,0,0,0,35,0,0,45,0,0,0,0,20,0,0,0,0,0,0,2020,59.51789,-139.66391,2020-06-26 22:40:36,2020-06-27 04:03:10,,2020-06-27T01:29:15,34338,Yakutat,yktpd1,14,forest-conifer,Pond,3,60,1,3,pond,Alaska,0.22400463,0.265671296,0.117118056,0.033784722,8.966666667,6.1,11.7,96.66666667,93,100,0,0.703703704,64.26433476,Meteostat
34338,NW,2020-06-27,0,0,0,123,0,0,0,0,0,0,0,0,0,0,0,0,0,0,0,0,0,140,0,0,208,0,0,0,0,38,0,0,0,0,0,0,2020,59.51789,-139.66391,2020-06-27 22:40:13,2020-06-28 04:03:59,,2020-06-28T01:38:13,34338,Yakutat,yktpd1,14,forest-conifer,Pond,3,60,1,3,pond,Alaska,0.224837963,0.26650463,0.123611111,0.040277778,8.25,6.7,10.6,96.33333333,92,100,0,0.5,66.00693437,Meteostat
34338,NW,2020-06-28,0,0,0,138,0,0,0,0,0,0,0,0,0,0,0,0,0,0,0,0,0,140,0,0,253,0,0,0,0,58,0,0,0,0,0,0,2020,59.51789,-139.66391,2020-06-28 22:39:44,2020-06-29 04:04:52,,2020-06-29T01:46:53,34338,Yakutat,yktpd1,14,forest-conifer,Pond,3,60,1,3,pond,Alaska,0.225787037,0.267453704,0.129965278,0.046631944,9.166666667,8.9,10,96.33333333,93,100,0.3,1.537037037,68.4531837,Meteostat
34338,NW,2020-06-29,0,0,0,56,0,0,0,0,0,0,1,0,0,0,0,0,0,0,0,0,0,28,0,0,29,0,0,0,0,250,0,0,0,0,0,0,2020,59.51789,-139.66391,2020-06-29 22:39:11,2020-06-30 04:05:50,,2020-06-30T01:56:25,34338,Yakutat,yktpd1,14,forest-conifer,Pond,3,60,1,3,pond,Alaska,0.226840278,0.268506944,0.136967593,0.053634259,11.48333333,10.6,12.2,93.16666667,86,97,0,0.25,69.30229205,Meteostat
34338,NW,2020-06-30,0,0,0,84,0,0,0,0,0,0,0,0,0,0,0,1,0,0,0,0,0,125,0,0,241,0,0,0,0,45,0,0,0,0,0,0,2020,59.51789,-139.66391,2020-06-30 22:38:33,2020-07-01 04:06:53,,2020-07-01T02:08:16,34338,Yakutat,yktpd1,14,forest-conifer,Pond,3,60,1,3,pond,Alaska,0.228009259,0.269675926,0.145636574,0.062303241,9.65,6.7,11.7,96.33333333,93,100,0,0.25,71.16554787,Meteostat
34338,NW,2020-07-01,0,0,0,78,0,0,0,0,0,0,0,0,0,0,0,0,0,0,0,0,0,94,0,0,297,0,0,0,0,33,0,0,0,0,0,0,2020,59.51789,-139.66391,2020-07-01 22:37:49,2020-07-02 04:08:00,,2020-07-02T02:24:39,34338,Yakutat,yktpd1,14,forest-conifer,Pond,3,60,1,3,pond,Alaska,0.229293981,0.270960648,0.157523148,0.074189815,10.1,7.2,12.8,93.33333333,89,97,0,0.5,73.41554787,Meteostat
34338,NW,2020-07-02,0,0,0,75,0,0,0,0,0,0,1,0,0,0,0,0,0,0,0,0,0,124,0,0,348,0,0,0,0,57,0,0,0,0,0,0,2020,59.51789,-139.66391,2020-07-02 22:37:01,2020-07-03 04:09:11,,2020-07-03T02:49:15,34338,Yakutat,yktpd1,14,forest-conifer,Pond,3,60,1,3,pond,Alaska,0.230671296,0.272337963,0.175162037,0.091828704,10.36666667,7.2,16.1,83,56,93,0,0.351851852,77.48206706,Meteostat
34338,NW,2021-07-17,0,0,0,0,0,0,0,0,0,0,0,0,0,0,0,0,0,0,0,0,0,938,0,0,36,0,0,0,0,0,0,0,0,0,0,0,2021,59.51789,-139.66391,2021-07-17 22:16:51,2021-07-18 04:33:29,,2021-07-18T00:36:32,34338,Yakutat,yktpd1,14,forest-conifer,Pond,3,60,1,3,pond,Alaska,0.261550926,0.303217593,0.097002315,0.013668981,11.925,11,15,97.25,81,100,0,0.90625,89.79296386,Meteostat
34338,NW,2021-07-18,0,0,0,0,0,0,0,0,0,0,0,0,0,0,0,0,0,0,0,0,0,984,0,0,52,0,0,0,0,0,0,0,0,0,0,0,2021,59.51789,-139.66391,2021-07-18 22:15:00,2021-07-19 04:35:29,,2021-07-19T00:45:24,34338,Yakutat,yktpd1,14,forest-conifer,Pond,3,60,1,3,pond,Alaska,0.264224537,0.305891204,0.104444444,0.021111111,11.825,11.7,12.2,97.375,90,100,0,1.388888889,96.00412037,Meteostat
34338,NW,2021-07-19,0,0,0,0,0,0,0,0,0,0,0,0,0,0,0,0,0,0,0,0,0,979,0,0,72,0,0,0,0,0,0,0,0,0,0,0,2021,59.51789,-139.66391,2021-07-19 22:13:06,2021-07-20 04:37:31,,2021-07-20T00:59:20,34338,Yakutat,yktpd1,14,forest-conifer,Pond,3,60,1,3,pond,Alaska,0.266956019,0.308622685,0.115439815,0.032106481,12.7875,12.2,13.3,89.25,87,93,0,1.729166667,98.50412037,Meteostat
34338,NW,2021-07-20,0,0,0,0,0,0,0,0,0,0,0,0,0,0,0,0,0,0,0,0,0,1068,0,0,146,0,0,0,0,0,0,0,0,0,0,0,2021,59.51789,-139.66391,2021-07-20 22:11:09,2021-07-21 04:39:35,,2021-07-21T01:23:39,34338,Yakutat,yktpd1,14,forest-conifer,Pond,3,60,1,3,pond,Alaska,0.26974537,0.311412037,0.133680556,0.050347222,11.8875,11.1,12.8,95.875,89,100,0,0.5625,101.5541204,Meteostat
34338,NW,2021-07-21,0,0,0,0,0,0,0,0,0,0,0,0,0,0,0,0,0,0,0,0,0,1021,0,0,90,0,0,0,0,0,0,0,0,0,0,0,2021,59.51789,-139.66391,2021-07-21 22:09:09,2021-07-22 04:41:40,,2021-07-22T02:07:49,34338,Yakutat,yktpd1,14,forest-conifer,Pond,3,60,1,3,pond,Alaska,0.272581019,0.314247685,0.165740741,0.082407407,11.5125,11.1,12,97.5,94,100,0.3,1.625,104.6041204,Meteostat
34338,NW,2022-07-07,0,0,0,229,0,0,0,0,0,0,0,0,0,0,0,0,1,0,0,0,0,222,0,0,0,0,0,0,0,32,0,0,0,0,0,0,2022,59.51789,-139.66391,2022-07-07 22:32:28,2022-07-08 04:15:24,,2022-07-08T00:59:49,34338,Yakutat,yktpd1,14,forest-conifer,Pond,3,60,1,3,pond,Alaska,0.238148148,0.279814815,0.102326389,0.018993056,12.58333333,12.2,13.3,89.5,87,93,0,1.453703704,130.0140788,Meteostat
34338,NW,2022-07-08,0,0,0,45,0,0,0,0,0,0,0,0,0,0,0,0,0,0,0,0,0,68,0,0,0,0,0,0,0,10,0,0,0,0,0,0,2022,59.51789,-139.66391,2022-07-08 22:31:14,2022-07-09 04:16:56,,2022-07-09T01:04:28,34338,Yakutat,yktpd1,14,forest-conifer,Pond,3,60,1,3,pond,Alaska,0.240069444,0.281736111,0.106412037,0.023078704,12.78333333,12.2,13.3,88.33333333,86,93,0,3.027777778,134.1640788,Meteostat
34338,NW,2022-07-09,0,0,0,33,0,0,0,1,0,0,0,0,0,0,0,0,0,0,0,0,0,8,0,0,0,0,0,0,0,15,0,0,0,0,0,0,2022,59.51789,-139.66391,2022-07-09 22:29:57,2022-07-10 04:18:32,,2022-07-10T01:12:34,34338,Yakutat,yktpd1,14,forest-conifer,Pond,3,60,1,3,pond,Alaska,0.242071759,0.283738426,0.112928241,0.029594907,12.61428571,10,13.9,88.57142857,83,96,0,1.373015873,138.6140788,Meteostat
34338,NW,2022-07-10,0,0,0,5,0,0,0,0,0,0,0,0,0,0,0,0,0,0,0,0,0,0,0,0,0,0,0,0,0,3,0,0,0,0,0,0,2022,59.51789,-139.66391,2022-07-10 22:28:35,2022-07-11 04:20:11,,2022-07-11T01:28:26,34338,Yakutat,yktpd1,14,forest-conifer,Pond,3,60,1,3,pond,Alaska,0.244166667,0.285833333,0.124895833,0.0415625,11.51428571,10.6,12.8,90.42857143,83,93,0,1.547619048,142.5140788,Meteostat
34338,NW,2022-07-11,0,0,0,8,0,0,0,0,0,0,0,0,0,0,0,0,0,0,0,0,0,0,0,0,0,0,0,0,0,9,0,0,0,0,0,0,2022,59.51789,-139.66391,2022-07-11 22:27:09,2022-07-12 04:21:53,,2022-07-12T02:02:44,34338,Yakutat,yktpd1,14,forest-conifer,Pond,3,60,1,3,pond,Alaska,0.246342593,0.288009259,0.149710648,0.066377315,10.9,10.6,11.7,94.14285714,89,96,1.5,1.849206349,145.5640788,Meteostat
34338,NW,2022-07-12,0,0,0,4,0,0,0,0,0,0,0,0,0,0,0,0,0,0,0,0,0,0,0,0,0,0,0,0,0,50,0,0,0,0,0,0,2022,59.51789,-139.66391,2022-07-12 22:25:40,2022-07-13 04:23:38,2022-07-12T22:55:03,2022-07-13T03:12:06,34338,Yakutat,yktpd1,14,forest-conifer,Pond,3,60,1,3,pond,Alaska,0.248587963,0.29025463,0.178506944,0,10.98571429,10.6,12.8,94.85714286,87,97,3.8,1.46031746,148.3640788,Meteostat
34338,NW,2022-07-13,0,0,0,1,0,0,0,0,0,0,0,0,0,0,0,0,0,0,0,0,0,0,0,0,0,0,0,0,0,9,0,0,0,0,0,0,2022,59.51789,-139.66391,2022-07-13 22:24:07,2022-07-14 04:25:25,2022-07-13T23:31:29,,34338,Yakutat,yktpd1,14,forest-conifer,Pond,3,60,1,3,pond,Alaska,0.250902778,0.292569444,0.20412037,0,11.44285714,10.6,13.3,90.28571429,80,96,0,0.214285714,150.3140788,Meteostat
34338,NW,2022-07-14,0,0,0,0,0,0,0,0,0,0,0,0,0,0,0,0,0,0,0,0,0,0,0,0,0,0,0,0,0,5,0,0,0,0,0,0,2022,59.51789,-139.66391,2022-07-14 22:22:30,2022-07-15 04:27:16,2022-07-14T23:48:20,,34338,Yakutat,yktpd1,14,forest-conifer,Pond,3,60,1,3,pond,Alaska,0.253310185,0.294976852,0.193703704,0,12.05714286,10,13.3,90.28571429,87,96,0,0.817460317,152.8140788,Meteostat
34338,NW,2022-07-15,0,0,0,0,0,0,0,0,0,0,0,0,0,0,0,0,0,0,0,0,0,0,0,0,0,0,0,0,0,6,0,0,0,0,0,0,2022,59.51789,-139.66391,2022-07-15 22:20:49,2022-07-16 04:29:09,2022-07-15T23:56:52,,34338,Yakutat,yktpd1,14,forest-conifer,Pond,3,60,1,3,pond,Alaska,0.255787037,0.297453704,0.189085648,0,12.68571429,12.2,13.9,93.71428571,87,100,0.9,0.746031746,156.7140788,Meteostat
34338,NW,2022-07-16,0,0,0,36,0,0,0,0,0,0,0,0,0,0,0,0,0,0,0,0,0,27,0,0,0,0,0,0,0,12,0,0,0,0,0,0,2022,59.51789,-139.66391,2022-07-16 22:19:05,2022-07-17 04:31:04,2022-07-17T00:01:45,,34338,Yakutat,yktpd1,14,forest-conifer,Pond,3,60,1,3,pond,Alaska,0.258321759,0.299988426,0.187025463,0,12.0125,11.7,12.2,96.625,96,97,17.6,4.236111111,160.0640788,Meteostat
34338,NW,2022-07-17,0,0,0,5,0,0,0,0,0,0,0,0,0,0,0,0,0,0,0,0,0,1,0,0,0,0,0,0,0,2,0,0,0,0,0,0,2022,59.51789,-139.66391,2022-07-17 22:17:18,2022-07-18 04:33:01,2022-07-18T00:04:56,,34338,Yakutat,yktpd1,14,forest-conifer,Pond,3,60,1,3,pond,Alaska,0.260914352,0.302581019,0.186168981,0,12.35,12.2,12.8,95.375,93,97,4.8,2.458333333,163.1140788,Meteostat
34338,NW,2022-07-18,0,0,0,142,1,0,0,0,0,0,0,0,0,0,0,0,0,0,0,0,0,54,0,0,0,0,0,0,0,104,0,0,0,0,0,0,2022,59.51789,-139.66391,2022-07-18 22:15:28,2022-07-19 04:35:01,2022-07-19T00:07:26,,34338,Yakutat,yktpd1,14,forest-conifer,Pond,3,60,1,3,pond,Alaska,0.263576389,0.305243056,0.185821759,0,12.225,11.7,13.3,95.5,93,97,0,0.826388889,165.6140788,Meteostat
34338,NW,2022-07-19,0,0,0,15,0,0,0,0,0,0,0,0,0,0,0,0,0,0,0,0,0,13,0,0,0,0,0,0,0,4,0,0,0,0,0,0,2022,59.51789,-139.66391,2022-07-19 22:13:35,2022-07-20 04:37:03,2022-07-20T00:09:55,,34338,Yakutat,yktpd1,14,forest-conifer,Pond,3,60,1,3,pond,Alaska,0.266296296,0.307962963,0.185509259,0,11.1375,10.6,11.7,96.625,96,100,3.4,2.458333333,169.2140788,Meteostat
34338,NW,2022-07-20,0,0,0,128,1,0,0,0,0,0,0,0,0,0,0,0,0,0,0,0,0,56,0,0,0,0,0,0,0,89,0,0,0,0,0,0,2022,59.51789,-139.66391,2022-07-20 22:11:38,2022-07-21 04:39:06,2022-07-21T00:13:01,,34338,Yakutat,yktpd1,14,forest-conifer,Pond,3,60,1,3,pond,Alaska,0.269074074,0.310740741,0.184780093,0.000960648,10.85,10,12.2,96.5,90,100,0,0.826388889,172.0140788,Meteostat
34338,NW,2023-07-11,0,0,0,314,0,0,0,0,0,0,1,0,0,0,0,0,0,0,0,0,0,63,0,0,0,0,0,0,0,102,0,0,0,0,0,0,2023,59.51789,-139.66391,2023-07-11 22:27:30,2023-07-12 04:21:27,2023-07-12T00:40:27,,34338,Yakutat,yktpd1,14,forest-conifer,Pond,3,60,1,3,pond,Alaska,0.245798611,0.287465278,0.153472222,0.008993056,11.12857143,10.6,11.7,92.71428571,89,96,0,0.515873016,86.30737199,Meteostat
34338,NW,2023-07-12,0,0,0,169,0,0,0,0,0,0,0,0,0,0,0,0,0,0,0,0,0,54,0,0,0,0,0,0,0,39,0,0,0,0,0,0,2023,59.51789,-139.66391,2023-07-12 22:26:02,2023-07-13 04:23:11,2023-07-13T00:46:13,,34338,Yakutat,yktpd1,14,forest-conifer,Pond,3,60,1,3,pond,Alaska,0.248020833,0.2896875,0.150671296,0.014016204,11.27142857,10.6,12.2,94.71428571,86,97,2.8,0.214285714,87.95737199,Meteostat
34338,NW,2023-07-13,0,0,0,63,0,0,0,0,0,0,0,0,0,0,0,0,0,0,0,0,0,5,0,0,0,0,0,0,0,17,0,0,0,0,0,0,2023,59.51789,-139.66391,2023-07-13 22:24:29,2023-07-14 04:24:58,2023-07-14T00:57:44,,34338,Yakutat,yktpd1,14,forest-conifer,Pond,3,60,1,3,pond,Alaska,0.250335648,0.292002315,0.143912037,0.023090278,9.914285714,8.9,11.1,97,96,100,0,0.214285714,91.30737199,Meteostat
34338,NW,2023-07-14,0,0,0,494,0,0,0,0,0,0,1,0,0,0,0,0,0,0,0,0,0,94,0,0,0,0,0,0,0,105,0,0,0,0,0,0,2023,59.51789,-139.66391,2023-07-14 22:22:54,2023-07-15 04:26:48,2023-07-15T01:21:45,,34338,Yakutat,yktpd1,14,forest-conifer,Pond,3,60,1,3,pond,Alaska,0.252708333,0.294375,0.128506944,0.040868056,10.01428571,8.3,11.7,95.71428571,93,97,0,0,93.05165273,Meteostat
34338,NW,2023-07-15,0,0,0,352,0,0,0,0,0,0,3,0,0,0,0,0,0,0,0,0,0,70,0,0,0,0,0,0,0,41,0,0,0,0,0,0,2023,59.51789,-139.66391,2023-07-15 22:21:14,2023-07-16 04:28:41,2023-07-16T02:09:09,2023-07-15T22:27:03,34338,Yakutat,yktpd1,14,forest-conifer,Pond,3,60,1,3,pond,Alaska,0.255173611,0.296840278,-0.154236111,0.07494213,11.11428571,10.6,11.7,98.57142857,93,100,0,1.46031746,95.2037041,Meteostat
34338,NW,2023-07-16,0,0,0,308,0,0,0,0,0,0,0,0,0,0,0,0,0,0,0,0,0,66,0,0,0,0,0,0,0,44,0,0,0,0,0,0,2023,59.51789,-139.66391,2023-07-16 22:19:31,2023-07-17 04:30:36,2023-07-17T03:22:20,2023-07-16T23:02:12,34338,Yakutat,yktpd1,14,forest-conifer,Pond,3,60,1,3,pond,Alaska,0.257696759,0.299363426,-0.180648148,0.126956019,13.125,12.8,13.9,89.875,83,93,0,0.1875,97.74845207,Meteostat
34338,NW,2023-07-17,0,0,0,81,0,0,0,0,0,0,1,0,0,0,0,0,0,0,0,0,0,14,0,0,0,0,0,0,0,33,0,0,0,0,0,0,2023,59.51789,-139.66391,2023-07-17 22:17:45,2023-07-18 04:32:33,,2023-07-17T23:19:00,34338,Yakutat,yktpd1,14,forest-conifer,Pond,3,60,1,3,pond,Alaska,0.260277778,0.301944444,0.042534722,0,13.45,12.8,14.4,87.375,84,90,0,0.888888889,100.0327306,Meteostat
34338,NW,2023-07-18,0,0,0,55,0,0,0,0,0,0,0,0,0,0,0,0,0,0,0,0,0,11,0,0,0,0,0,0,0,13,0,0,0,0,0,0,2023,59.51789,-139.66391,2023-07-18 22:15:55,2023-07-19 04:34:32,,2023-07-18T23:27:04,34338,Yakutat,yktpd1,14,forest-conifer,Pond,3,60,1,3,pond,Alaska,0.262928241,0.304594907,0.049409722,0,13.35,12.3,14.9,92.375,85,97,1,1.152777778,103.9327306,Meteostat
34338,NW,2024-06-25,0,,0,23,0,0,,0,0,0,248,,0,0,0,0,0,,,,0,510,0,0,107,0,25,0,9,26,,,,,,0,2024,59.51789,-139.66391,2024-06-25 22:40:54,2024-06-26 04:02:25,2024-06-26T00:58:59,,34338,Yakutat,yktpd1,14,forest-conifer,Pond,3,60,1,3,pond,Alaska,0.223275463,0.26494213,0.127384259,0.01255787,8.25,6.7,10,95.16666667,93,97,0,0,69.56775228,Meteostat
34338,NW,2024-06-26,0,,0,11,0,0,,0,0,0,238,,0,0,0,0,0,,,,0,583,0,0,35,0,22,0,0,7,,,,,,0,2024,59.51789,-139.66391,2024-06-26 22:40:36,2024-06-27 04:03:10,2024-06-27T00:59:44,,34338,Yakutat,yktpd1,14,forest-conifer,Pond,3,60,1,3,pond,Alaska,0.22400463,0.265671296,0.127384259,0.013287037,11.23333333,10.6,12.2,87.66666667,83,93,0,0.685185185,72.36775228,Meteostat
34338,NW,2024-06-27,0,,0,4,0,0,,0,0,0,232,,0,0,0,0,0,,,,0,692,0,0,12,0,3,0,0,4,,,,,,0,2024,59.51789,-139.66391,2024-06-27 22:40:12,2024-06-28 04:03:58,2024-06-28T00:59:57,,34338,Yakutat,yktpd1,14,forest-conifer,Pond,3,60,1,3,pond,Alaska,0.224837963,0.26650463,0.127789352,0.013715278,12.46666667,12,12.8,90.83333333,89,94,0,0.75,76.15200512,Meteostat
34338,NW,2024-06-28,0,,1,2,0,0,,0,0,0,210,,0,0,0,0,0,,,,0,629,0,0,14,0,5,0,4,11,,,,,,0,2024,59.51789,-139.66391,2024-06-28 22:39:44,2024-06-29 04:04:52,2024-06-29T01:00:08,,34338,Yakutat,yktpd1,14,forest-conifer,Pond,3,60,1,3,pond,Alaska,0.225787037,0.267453704,0.128287037,0.014166667,12.85,12.2,13.3,89.83333333,89,90,0,1.203703704,79.50200512,Meteostat
34338,NW,2024-06-29,0,,0,6,0,0,,0,0,0,221,,0,0,0,0,1,,,,0,717,0,0,7,0,4,0,0,12,,,,,,0,2024,59.51789,-139.66391,2024-06-29 22:39:11,2024-06-30 04:05:50,2024-06-30T01:00:47,,34338,Yakutat,yktpd1,14,forest-conifer,Pond,3,60,1,3,pond,Alaska,0.226840278,0.268506944,0.128506944,0.015,14.06666667,13.9,14.4,90.33333333,87,93,0.5,0.5,85.05200512,Meteostat
34338,NW,2024-06-30,0,,1,7,0,0,,0,0,0,262,,0,0,0,0,0,,,,0,707,0,0,21,0,5,0,1,7,,,,,,0,2024,59.51789,-139.66391,2024-06-30 22:38:32,2024-07-01 04:06:53,2024-07-01T01:02:37,,34338,Yakutat,yktpd1,14,forest-conifer,Pond,3,60,1,3,pond,Alaska,0.228020833,0.2696875,0.127962963,0.016724537,12.96666667,12.2,13.9,94.66666667,90,97,0,0,90.05200512,Meteostat
34338,NW,2024-07-01,0,,1,4,0,0,,0,0,0,253,,0,0,0,0,0,,,,0,716,0,0,45,0,5,0,8,9,,,,,,0,2024,59.51789,-139.66391,2024-07-01 22:37:49,2024-07-02 04:08:01,2024-07-02T01:06:58,,34338,Yakutat,yktpd1,14,forest-conifer,Pond,3,60,1,3,pond,Alaska,0.229305556,0.270972222,0.125729167,0.020243056,12.7,12.2,12.8,91.66666667,89,93,0,0,94.80200512,Meteostat
34338,NW,2024-07-02,0,,0,31,0,0,,0,0,0,387,,0,0,0,0,0,,,,0,594,0,0,162,0,40,0,25,6,,,,,,0,2024,59.51789,-139.66391,2024-07-02 22:37:00,2024-07-03 04:09:12,2024-07-03T01:17:06,,34338,Yakutat,yktpd1,14,forest-conifer,Pond,3,60,1,3,pond,Alaska,0.230694444,0.272361111,0.119513889,0.027847222,12.3,12.2,12.8,93.33333333,87,97,1.1,2.425925926,98.40200512,Meteostat
34338,NW,2024-07-03,0,,0,7,0,0,,0,0,0,305,,0,0,0,0,0,,,,0,692,0,0,66,0,10,0,8,7,,,,,,0,2024,59.51789,-139.66391,2024-07-03 22:36:07,2024-07-04 04:10:28,2024-07-04T01:41:47,,34338,Yakutat,yktpd1,14,forest-conifer,Pond,3,60,1,3,pond,Alaska,0.2321875,0.273854167,0.103252315,0.045601852,11.91666667,11,12.2,91.5,90,96,0,0.574074074,101.7020051,Meteostat
34338,NW,2024-07-04,0,,0,4,0,0,,0,0,0,279,,0,0,0,0,0,,,,0,820,0,0,60,0,5,0,2,9,,,,,,0,2024,59.51789,-139.66391,2024-07-04 22:35:10,2024-07-05 04:11:47,2024-07-05T02:37:25,2024-07-04T23:11:22,34338,Yakutat,yktpd1,14,forest-conifer,Pond,3,60,1,3,pond,Alaska,0.233761574,0.275428241,-0.143090278,0.084895833,12.05,11.7,12.8,92.83333333,89,96,0.6,2.759259259,105.6020051,Meteostat
34338,NW,2024-07-05,0,,0,46,0,0,,0,0,0,342,,0,0,0,0,0,,,,0,521,0,0,120,1,126,0,7,17,,,,,,0,2024,59.51789,-139.66391,2024-07-05 22:34:07,2024-07-06 04:13:11,2024-07-06T04:04:22,2024-07-05T23:42:51,34338,Yakutat,yktpd1,14,forest-conifer,Pond,3,60,1,3,pond,Alaska,0.235462963,0.27712963,-0.181608796,0.146006944,12.03333333,11.7,12.2,96,93,100,2.6,1.638888889,108.9020051,Meteostat
34338,NW,2024-07-06,0,,0,8,0,0,,0,0,0,278,,0,0,0,0,0,,,,0,710,0,0,78,0,10,0,7,12,,,,,,0,2024,59.51789,-139.66391,2024-07-06 22:33:01,2024-07-07 04:14:38,,2024-07-06T23:55:35,34338,Yakutat,yktpd1,14,forest-conifer,Pond,3,60,1,3,pond,Alaska,0.237233796,0.278900463,0.057337963,0,11.95,11.7,12.2,93,90,96,0,1.574074074,110.8520051,Meteostat
34338,NW,2024-07-07,0,,1,26,0,0,,0,0,1,248,,0,0,0,0,0,,,,0,577,0,0,30,0,6,0,2,9,,,,,,0,2024,59.51789,-139.66391,2024-07-07 22:31:50,2024-07-08 04:16:09,,2024-07-08T00:00:53,34338,Yakutat,yktpd1,14,forest-conifer,Pond,3,60,1,3,pond,Alaska,0.239108796,0.280775463,0.061840278,0,11.4,10,12.8,94.66666667,89,97,0,1.101851852,113.9020051,Meteostat
34338,NW,2024-07-08,0,,0,3,0,0,,0,0,0,167,,0,0,0,0,0,,,,0,818,0,0,20,0,4,0,1,17,,,,,,0,2024,59.51789,-139.66391,2024-07-08 22:30:34,2024-07-09 04:17:44,,2024-07-09T00:02:59,34338,Yakutat,yktpd1,14,forest-conifer,Pond,3,60,1,3,pond,Alaska,0.241087963,0.28275463,0.064178241,0,12.03333333,11.7,12.2,88.33333333,86,93,0.1,0.87037037,117.8020051,Meteostat
34338,NW,2024-07-09,0,,0,4,0,0,,0,0,1,105,,0,0,0,0,0,,,,0,667,0,0,22,0,4,0,1,14,,,,,,0,2024,59.51789,-139.66391,2024-07-09 22:29:15,2024-07-10 04:19:21,,2024-07-10T00:03:34,34338,Yakutat,yktpd1,14,forest-conifer,Pond,3,60,1,3,pond,Alaska,0.243125,0.284791667,0.065497685,0,13.1,12.8,13.9,90,89,93,0,0.944444444,120.6020051,Meteostat
34338,NW,2024-07-10,0,,0,14,0,0,,0,0,0,135,,0,0,0,0,0,,,,0,620,0,0,89,0,60,0,2,20,,,,,,0,2024,59.51789,-139.66391,2024-07-10 22:27:51,2024-07-11 04:21:02,,2024-07-11T00:03:22,34338,Yakutat,yktpd1,14,forest-conifer,Pond,3,60,1,3,pond,Alaska,0.245266204,0.28693287,0.066331019,0,11.67142857,11.1,12.8,95.28571429,93,97,0.3,2.595238095,123.9520051,Meteostat
34338,NW,2024-07-11,0,,0,0,0,0,,0,0,0,1,,0,0,0,0,0,,,,0,11,0,0,2,0,0,0,0,2,,,,,,0,2024,59.51789,-139.66391,2024-07-11 22:26:23,2024-07-12 04:22:46,,2024-07-12T00:02:49,34338,Yakutat,yktpd1,14,forest-conifer,Pond,3,60,1,3,pond,Alaska,0.247488426,0.289155093,0.066967593,0,11.7,11.7,11.7,96,96,96,11.3,4.825396825,127.5520051,Meteostat
34338,NW,2024-07-12,0,,0,23,0,0,,0,0,0,129,,0,0,0,0,1,,,,0,469,0,0,169,0,113,0,0,15,,,,,,0,2024,59.51789,-139.66391,2024-07-12 22:24:52,2024-07-13 04:24:32,,2024-07-13T00:02:15,34338,Yakutat,yktpd1,14,forest-conifer,Pond,3,60,1,3,pond,Alaska,0.249768519,0.291435185,0.067627315,0,11.61428571,11.1,11.7,94,93,97,0.3,2.968253968,130.6020051,Meteostat
34338,NW-Dup,2022-07-07,0,0,0,177,0,0,0,0,0,0,0,0,0,0,0,0,0,0,0,0,0,186,0,0,0,0,0,0,0,38,0,0,0,0,0,0,2022,59.51789,-139.66391,2022-07-07 22:32:28,2022-07-08 04:15:24,,2022-07-08T00:59:49,34338,Yakutat,yktpd1,14,forest-conifer,Pond,3,60,1,3,pond,Alaska,0.238148148,0.279814815,0.102326389,0.018993056,12.58333333,12.2,13.3,89.5,87,93,0,1.453703704,130.0140788,Meteostat
34338,NW-Dup,2022-07-08,0,0,0,52,0,0,0,0,0,0,0,0,0,0,0,0,0,0,0,0,0,61,0,0,0,0,0,0,0,24,0,0,0,0,0,0,2022,59.51789,-139.66391,2022-07-08 22:31:14,2022-07-09 04:16:56,,2022-07-09T01:04:28,34338,Yakutat,yktpd1,14,forest-conifer,Pond,3,60,1,3,pond,Alaska,0.240069444,0.281736111,0.106412037,0.023078704,12.78333333,12.2,13.3,88.33333333,86,93,0,3.027777778,134.1640788,Meteostat
34338,NW-Dup,2022-07-09,0,0,0,77,0,0,0,0,0,0,0,0,0,0,0,0,0,0,0,0,0,18,0,0,0,0,0,0,0,73,0,0,0,0,0,0,2022,59.51789,-139.66391,2022-07-09 22:29:57,2022-07-10 04:18:32,,2022-07-10T01:12:34,34338,Yakutat,yktpd1,14,forest-conifer,Pond,3,60,1,3,pond,Alaska,0.242071759,0.283738426,0.112928241,0.029594907,12.61428571,10,13.9,88.57142857,83,96,0,1.373015873,138.6140788,Meteostat
34338,NW-Dup,2022-07-10,0,0,0,45,0,0,0,0,0,0,0,0,0,0,0,0,0,0,0,0,0,4,0,0,0,0,0,0,0,39,0,0,0,0,0,0,2022,59.51789,-139.66391,2022-07-10 22:28:35,2022-07-11 04:20:11,,2022-07-11T01:28:26,34338,Yakutat,yktpd1,14,forest-conifer,Pond,3,60,1,3,pond,Alaska,0.244166667,0.285833333,0.124895833,0.0415625,11.51428571,10.6,12.8,90.42857143,83,93,0,1.547619048,142.5140788,Meteostat
34338,NW-Dup,2022-07-11,0,0,0,81,0,0,0,0,0,0,0,0,0,0,0,0,0,0,0,0,0,13,0,0,0,0,0,0,0,58,0,0,0,0,0,0,2022,59.51789,-139.66391,2022-07-11 22:27:09,2022-07-12 04:21:53,,2022-07-12T02:02:44,34338,Yakutat,yktpd1,14,forest-conifer,Pond,3,60,1,3,pond,Alaska,0.246342593,0.288009259,0.149710648,0.066377315,10.9,10.6,11.7,94.14285714,89,96,1.5,1.849206349,145.5640788,Meteostat
34338,NW-Dup,2022-07-12,0,0,0,14,0,0,0,0,0,0,0,0,0,0,0,0,0,0,0,0,0,1,0,0,0,0,0,0,0,52,0,0,0,0,0,0,2022,59.51789,-139.66391,2022-07-12 22:25:40,2022-07-13 04:23:38,2022-07-12T22:55:03,2022-07-13T03:12:06,34338,Yakutat,yktpd1,14,forest-conifer,Pond,3,60,1,3,pond,Alaska,0.248587963,0.29025463,0.178506944,0,10.98571429,10.6,12.8,94.85714286,87,97,3.8,1.46031746,148.3640788,Meteostat
34338,NW-Dup,2022-07-13,0,0,0,20,0,0,0,0,0,0,0,0,0,0,0,0,0,0,0,0,0,0,0,0,0,0,0,0,0,61,0,0,0,0,0,0,2022,59.51789,-139.66391,2022-07-13 22:24:07,2022-07-14 04:25:25,2022-07-13T23:31:29,,34338,Yakutat,yktpd1,14,forest-conifer,Pond,3,60,1,3,pond,Alaska,0.250902778,0.292569444,0.20412037,0,11.44285714,10.6,13.3,90.28571429,80,96,0,0.214285714,150.3140788,Meteostat
34338,NW-Dup,2022-07-14,0,0,0,10,0,0,0,0,0,0,0,0,0,0,0,0,0,0,0,0,0,1,0,0,0,0,0,0,0,16,0,0,0,0,0,0,2022,59.51789,-139.66391,2022-07-14 22:22:30,2022-07-15 04:27:16,2022-07-14T23:48:20,,34338,Yakutat,yktpd1,14,forest-conifer,Pond,3,60,1,3,pond,Alaska,0.253310185,0.294976852,0.193703704,0,12.05714286,10,13.3,90.28571429,87,96,0,0.817460317,152.8140788,Meteostat
34338,NW-Dup,2022-07-15,0,0,0,35,0,0,0,0,0,0,0,0,0,0,0,0,0,0,0,0,0,5,0,0,0,0,0,0,0,39,0,0,0,0,0,0,2022,59.51789,-139.66391,2022-07-15 22:20:49,2022-07-16 04:29:09,2022-07-15T23:56:52,,34338,Yakutat,yktpd1,14,forest-conifer,Pond,3,60,1,3,pond,Alaska,0.255787037,0.297453704,0.189085648,0,12.68571429,12.2,13.9,93.71428571,87,100,0.9,0.746031746,156.7140788,Meteostat
34338,NW-Dup,2022-07-16,0,0,0,55,0,0,0,0,0,0,0,0,0,0,0,0,0,0,0,0,0,35,0,0,0,0,0,0,0,33,0,0,0,0,0,0,2022,59.51789,-139.66391,2022-07-16 22:19:05,2022-07-17 04:31:04,2022-07-17T00:01:45,,34338,Yakutat,yktpd1,14,forest-conifer,Pond,3,60,1,3,pond,Alaska,0.258321759,0.299988426,0.187025463,0,12.0125,11.7,12.2,96.625,96,97,17.6,4.236111111,160.0640788,Meteostat
34338,NW-Dup,2022-07-17,0,0,0,2,0,0,0,0,0,0,0,0,0,0,0,0,0,0,0,0,0,0,0,0,0,0,0,0,0,2,0,0,0,0,0,0,2022,59.51789,-139.66391,2022-07-17 22:17:18,2022-07-18 04:33:01,2022-07-18T00:04:56,,34338,Yakutat,yktpd1,14,forest-conifer,Pond,3,60,1,3,pond,Alaska,0.260914352,0.302581019,0.186168981,0,12.35,12.2,12.8,95.375,93,97,4.8,2.458333333,163.1140788,Meteostat
34338,NW-Dup,2022-07-18,0,0,0,107,1,0,0,0,0,0,0,0,0,0,0,0,0,0,0,0,0,38,0,0,0,0,0,0,0,76,0,0,0,0,0,0,2022,59.51789,-139.66391,2022-07-18 22:15:28,2022-07-19 04:35:01,2022-07-19T00:07:26,,34338,Yakutat,yktpd1,14,forest-conifer,Pond,3,60,1,3,pond,Alaska,0.263576389,0.305243056,0.185821759,0,12.225,11.7,13.3,95.5,93,97,0,0.826388889,165.6140788,Meteostat
34338,NW-Dup,2022-07-19,0,0,0,27,0,0,0,0,0,0,0,0,0,0,0,0,0,0,0,0,0,15,0,0,0,0,0,0,0,17,0,0,0,0,0,0,2022,59.51789,-139.66391,2022-07-19 22:13:35,2022-07-20 04:37:03,2022-07-20T00:09:55,,34338,Yakutat,yktpd1,14,forest-conifer,Pond,3,60,1,3,pond,Alaska,0.266296296,0.307962963,0.185509259,0,11.1375,10.6,11.7,96.625,96,100,3.4,2.458333333,169.2140788,Meteostat
34338,NW-Dup,2022-07-20,0,0,0,193,0,0,0,0,0,0,0,0,0,0,0,0,0,0,0,0,0,99,0,0,0,0,0,0,0,126,0,0,0,0,0,0,2022,59.51789,-139.66391,2022-07-20 22:11:38,2022-07-21 04:39:06,2022-07-21T00:13:01,,34338,Yakutat,yktpd1,14,forest-conifer,Pond,3,60,1,3,pond,Alaska,0.269074074,0.310740741,0.184780093,0.000960648,10.85,10,12.2,96.5,90,100,0,0.826388889,172.0140788,Meteostat
34338,SE,2019-07-27,0,0,0,13,0,0,0,0,0,0,0,0,0,0,0,0,0,0,0,0,0,6,0,0,5,0,0,0,0,20,0,0,0,0,0,0,2019,59.51027,-139.53528,2019-07-27 21:56:50,2019-07-28 04:53:07,2019-07-28T01:22:09,,34338,Yakutat,yktsb1,10,shrubland,River,1,50,1,20,river,Alaska,0.289085648,0.330752315,0.14650463,0.059247685,12.7125,11.7,13.3,95.125,93,97,16.9,4.944444444,269.8340113,Meteostat
34338,SE,2019-07-28,0,0,0,4,0,0,0,0,0,0,0,0,0,0,0,0,0,0,0,0,0,0,0,0,0,0,0,0,0,2,0,0,0,0,0,0,2019,59.51027,-139.53528,2019-07-28 21:54:35,2019-07-29 04:55:21,2019-07-29T01:58:09,,34338,Yakutat,yktsb1,10,shrubland,River,1,50,1,20,river,Alaska,0.292199074,0.333865741,0.123055556,0.085810185,11.9625,11.7,12.2,94.875,93,97,5,2.767361111,273.4340113,Meteostat
34338,SE,2019-07-30,0,0,0,11,0,0,0,0,0,0,0,0,0,0,0,0,0,0,0,0,0,6,0,0,2,0,0,0,0,9,0,0,0,0,0,0,2019,59.51027,-139.53528,2019-07-30 21:49:56,2019-07-31 04:59:52,2019-07-31T04:04:53,,34338,Yakutat,yktsb1,10,shrubland,River,1,50,1,20,river,Alaska,0.298564815,0.340231481,0.03818287,0.177048611,12.2875,11.1,13.9,97.5,93,100,NA,0.638888889,280.1840113,Meteostat
34338,SE,2019-07-31,0,0,0,7,0,0,0,0,0,0,0,0,0,0,0,0,0,0,0,0,0,5,0,0,0,0,0,0,0,9,0,0,0,0,0,0,2019,59.51027,-139.53528,2019-07-31 21:47:34,2019-08-01 05:02:09,,2019-07-31T22:00:34,34338,Yakutat,yktsb1,10,shrubland,River,1,50,1,20,river,Alaska,0.301793981,0.343460648,0.009027778,0,13.7375,12.2,15,94.25,90,100,0,1.166666667,284.1005851,Meteostat
34338,SE,2019-08-01,0,0,0,45,0,0,0,0,0,0,0,0,0,0,0,0,0,0,0,0,0,14,0,0,8,0,0,0,0,27,0,0,0,0,0,0,2019,59.51027,-139.53528,2019-08-01 21:45:10,2019-08-02 05:04:26,,2019-08-01T22:27:13,34338,Yakutat,yktsb1,10,shrubland,River,1,50,1,20,river,Alaska,0.305046296,0.346712963,0.029201389,0,14.075,13.3,14.4,86.625,84,90,0,2.145833333,288.5505851,Meteostat
34338,SE,2019-08-02,0,0,0,24,0,0,0,0,0,0,0,0,0,0,0,0,0,0,0,0,0,8,0,0,6,0,0,0,0,17,0,0,0,0,0,0,2019,59.51027,-139.53528,2019-08-02 21:42:44,2019-08-03 05:06:44,,2019-08-02T22:46:21,34338,Yakutat,yktsb1,10,shrubland,River,1,50,1,20,river,Alaska,0.308333333,0.35,0.044178241,0,11.8875,10.6,13.9,95.625,89,100,0,0.375,293.2505851,Meteostat
34338,SE,2020-06-27,0,0,0,34,0,0,0,0,0,0,0,0,0,0,0,0,0,0,0,0,0,45,0,0,16,0,0,0,0,42,0,0,0,0,0,0,2020,59.51027,-139.53528,2020-06-27 22:39:37,2020-06-28 04:03:33,,2020-06-28T01:37:42,34338,Yakutat,yktsb1,10,shrubland,River,1,50,1,20,river,Alaska,0.224953704,0.26662037,0.123668981,0.040335648,8.25,6.7,10.6,96.33333333,92,100,0,0.5,66.00693437,Meteostat
34338,SE,2020-06-28,0,0,0,63,0,0,0,0,0,0,0,0,0,0,0,0,0,0,0,0,0,69,0,0,30,0,0,0,0,103,0,0,0,0,0,0,2020,59.51027,-139.53528,2020-06-28 22:39:09,2020-06-29 04:04:26,,2020-06-29T01:46:23,34338,Yakutat,yktsb1,10,shrubland,River,1,50,1,20,river,Alaska,0.225891204,0.26755787,0.130023148,0.046689815,9.166666667,8.9,10,96.33333333,93,100,0.3,1.537037037,68.4531837,Meteostat
34338,SE,2020-06-29,0,0,0,16,0,0,0,0,0,0,0,0,0,0,0,0,0,0,0,0,0,21,0,0,10,0,0,0,0,53,0,0,0,0,0,0,2020,59.51027,-139.53528,2020-06-29 22:38:35,2020-06-30 04:05:24,,2020-06-30T01:55:56,34338,Yakutat,yktsb1,10,shrubland,River,1,50,1,20,river,Alaska,0.226956019,0.268622685,0.137048611,0.053715278,11.48333333,10.6,12.2,93.16666667,86,97,0,0.25,69.30229205,Meteostat
34338,SE,2020-06-30,0,0,0,86,0,0,0,0,0,0,0,0,0,0,0,1,0,0,0,0,0,73,0,0,33,0,0,0,0,93,0,0,0,0,0,0,2020,59.51027,-139.53528,2020-06-30 22:37:57,2020-07-01 04:06:27,,2020-07-01T02:07:47,34338,Yakutat,yktsb1,10,shrubland,River,1,50,1,20,river,Alaska,0.228125,0.269791667,0.145717593,0.062384259,9.65,6.7,11.7,96.33333333,93,100,0,0.25,71.16554787,Meteostat
34338,SE,2020-07-01,0,0,0,31,0,0,0,0,0,0,0,0,0,0,0,0,0,0,0,0,0,39,0,0,19,0,0,0,0,81,0,0,0,0,0,0,2020,59.51027,-139.53528,2020-07-01 22:37:14,2020-07-02 04:07:34,,2020-07-02T02:24:11,34338,Yakutat,yktsb1,10,shrubland,River,1,50,1,20,river,Alaska,0.229398148,0.271064815,0.157604167,0.074270833,10.1,7.2,12.8,93.33333333,89,97,0,0.5,73.41554787,Meteostat
34338,SE,2020-07-02,0,0,0,56,0,0,0,0,0,0,0,0,0,0,0,0,0,0,0,0,0,48,0,0,27,0,0,0,0,48,0,0,0,0,0,0,2020,59.51027,-139.53528,2020-07-02 22:36:25,2020-07-03 04:08:45,,2020-07-03T02:48:48,34338,Yakutat,yktsb1,10,shrubland,River,1,50,1,20,river,Alaska,0.230787037,0.272453704,0.175266204,0.09193287,10.36666667,7.2,16.1,83,56,93,0,0.351851852,77.48206706,Meteostat
34338,SE,2021-07-16,0,0,0,0,0,0,0,0,0,0,0,0,0,0,0,0,0,0,0,0,0,25,0,0,0,0,0,0,0,0,0,0,0,0,0,0,2021,59.51027,-139.53528,2021-07-16 22:18:04,2021-07-17 04:31:04,,2021-07-17T00:29:39,34338,Yakutat,yktsb1,10,shrubland,River,1,50,1,20,river,Alaska,0.259027778,0.300694444,0.091377315,0.008043981,8.5625,5.6,13.9,97.125,87,100,0,0.263888889,85.51934992,Meteostat
34338,SE,2021-07-17,0,0,0,0,0,0,0,0,0,0,0,0,0,0,0,0,0,0,0,0,0,41,0,0,0,0,0,0,0,0,0,0,0,0,0,0,2021,59.51027,-139.53528,2021-07-17 22:16:17,2021-07-18 04:33:02,,2021-07-18T00:36:03,34338,Yakutat,yktsb1,10,shrubland,River,1,50,1,20,river,Alaska,0.261631944,0.303298611,0.097060185,0.013726852,11.925,11,15,97.25,81,100,0,0.90625,89.79296386,Meteostat
34338,SE,2021-07-18,0,0,0,1,0,0,0,0,0,0,0,0,0,0,0,0,0,0,0,0,0,44,0,0,1,0,0,0,0,0,0,0,0,0,0,0,2021,59.51027,-139.53528,2021-07-18 22:14:26,2021-07-19 04:35:02,,2021-07-19T00:44:55,34338,Yakutat,yktsb1,10,shrubland,River,1,50,1,20,river,Alaska,0.264305556,0.305972222,0.104502315,0.021168981,11.825,11.7,12.2,97.375,90,100,0,1.388888889,96.00412037,Meteostat
34338,SE,2021-07-19,0,0,0,0,0,0,0,0,0,0,0,0,0,0,0,0,0,0,0,0,0,15,0,0,0,0,0,0,0,0,0,0,0,0,0,0,2021,59.51027,-139.53528,2021-07-19 22:12:32,2021-07-20 04:37:04,,2021-07-20T00:58:52,34338,Yakutat,yktsb1,10,shrubland,River,1,50,1,20,river,Alaska,0.267037037,0.308703704,0.115509259,0.032175926,12.7875,12.2,13.3,89.25,87,93,0,1.729166667,98.50412037,Meteostat
34338,SE,2021-07-20,0,0,0,0,0,0,0,0,0,0,0,0,0,0,0,0,0,0,0,0,0,41,0,0,0,0,0,0,0,0,0,0,0,0,0,0,2021,59.51027,-139.53528,2021-07-20 22:10:35,2021-07-21 04:39:08,,2021-07-21T01:23:12,34338,Yakutat,yktsb1,10,shrubland,River,1,50,1,20,river,Alaska,0.269826389,0.311493056,0.133761574,0.050428241,11.8875,11.1,12.8,95.875,89,100,0,0.5625,101.5541204,Meteostat
34338,SE,2021-07-21,0,0,0,0,0,0,0,0,0,0,0,0,0,0,0,0,0,0,0,0,0,22,0,0,0,0,0,0,0,0,0,0,0,0,0,0,2021,59.51027,-139.53528,2021-07-21 22:08:35,2021-07-22 04:41:13,,2021-07-22T02:07:23,34338,Yakutat,yktsb1,10,shrubland,River,1,50,1,20,river,Alaska,0.272662037,0.314328704,0.165833333,0.0825,11.5125,11.1,12,97.5,94,100,0.3,1.625,104.6041204,Meteostat
34338,SE,2021-07-22,0,0,0,0,0,0,0,0,0,0,0,0,0,0,0,0,0,0,0,0,0,11,0,0,0,0,0,0,0,0,0,0,0,0,0,0,2021,59.51027,-139.53528,2021-07-22 22:06:32,2021-07-23 04:43:20,2021-07-22T22:14:15,2021-07-23T03:19:09,34338,Yakutat,yktsb1,10,shrubland,River,1,50,1,20,river,Alaska,0.275555556,0.317222222,0.211736111,0,13.15,12.8,13.9,85.25,80,89,0,1.5625,107.3041204,Meteostat
34338,SE,2022-07-07,0,0,0,15,0,0,0,0,0,0,0,0,0,0,0,0,0,0,0,0,0,27,0,0,0,0,0,0,0,19,0,0,0,0,0,0,2022,59.51027,-139.53528,2022-07-07 22:31:52,2022-07-08 04:14:57,,2022-07-08T00:59:19,34338,Yakutat,yktsb1,10,shrubland,River,1,50,1,20,river,Alaska,0.238252315,0.279918981,0.102395833,0.0190625,12.58333333,12.2,13.3,89.5,87,93,0,1.453703704,130.0140788,Meteostat
34338,SE,2022-07-08,0,0,0,12,0,0,0,0,0,0,0,0,0,0,0,0,0,0,0,0,0,10,0,0,0,0,0,0,0,17,0,0,0,0,0,0,2022,59.51027,-139.53528,2022-07-08 22:30:39,2022-07-09 04:16:30,,2022-07-09T01:03:59,34338,Yakutat,yktsb1,10,shrubland,River,1,50,1,20,river,Alaska,0.240173611,0.281840278,0.106481481,0.023148148,12.78333333,12.2,13.3,88.33333333,86,93,0,3.027777778,134.1640788,Meteostat
34338,SE,2022-07-09,0,0,0,3,0,0,0,0,0,0,0,0,0,0,0,0,0,0,0,0,0,6,0,0,0,0,0,0,0,1,0,0,0,0,0,0,2022,59.51027,-139.53528,2022-07-09 22:29:21,2022-07-10 04:18:05,,2022-07-10T01:12:06,34338,Yakutat,yktsb1,10,shrubland,River,1,50,1,20,river,Alaska,0.242175926,0.283842593,0.113020833,0.0296875,12.61428571,10,13.9,88.57142857,83,96,0,1.373015873,138.6140788,Meteostat
34338,SE,2022-07-10,0,0,0,4,0,0,0,0,0,0,0,0,0,0,0,0,0,0,0,0,0,22,0,0,0,0,0,0,0,0,0,0,0,0,0,0,2022,59.51027,-139.53528,2022-07-10 22:28:00,2022-07-11 04:19:44,,2022-07-11T01:28:00,34338,Yakutat,yktsb1,10,shrubland,River,1,50,1,20,river,Alaska,0.244259259,0.285925926,0.125,0.041666667,11.51428571,10.6,12.8,90.42857143,83,93,0,1.547619048,142.5140788,Meteostat
34338,SE,2022-07-11,0,0,0,4,0,0,0,0,0,0,0,0,0,0,0,0,0,0,0,0,0,13,0,0,0,0,0,0,0,3,0,0,0,0,0,0,2022,59.51027,-139.53528,2022-07-11 22:26:34,2022-07-12 04:21:26,,2022-07-12T02:02:20,34338,Yakutat,yktsb1,10,shrubland,River,1,50,1,20,river,Alaska,0.246435185,0.288101852,0.149837963,0.06650463,10.9,10.6,11.7,94.14285714,89,96,1.5,1.849206349,145.5640788,Meteostat
34338,SE,2022-07-12,0,0,0,2,1,0,0,0,0,0,0,0,0,0,0,0,0,0,0,0,0,1,0,0,0,0,0,0,0,2,0,0,0,0,0,0,2022,59.51027,-139.53528,2022-07-12 22:25:05,2022-07-13 04:23:11,2022-07-12T22:54:23,2022-07-13T03:11:41,34338,Yakutat,yktsb1,10,shrubland,River,1,50,1,20,river,Alaska,0.248680556,0.290347222,0.178680556,0,10.98571429,10.6,12.8,94.85714286,87,97,3.8,1.46031746,148.3640788,Meteostat
34338,SE,2022-07-13,0,0,0,4,0,0,0,0,0,0,0,0,0,0,0,0,0,0,0,0,0,3,0,0,0,0,0,0,0,2,0,0,0,0,0,0,2022,59.51027,-139.53528,2022-07-13 22:23:32,2022-07-14 04:24:59,2022-07-13T23:30:52,,34338,Yakutat,yktsb1,10,shrubland,River,1,50,1,20,river,Alaska,0.251006944,0.292673611,0.204247685,0,11.44285714,10.6,13.3,90.28571429,80,96,0,0.214285714,150.3140788,Meteostat
34338,SE,2022-07-14,0,0,0,5,0,0,0,0,0,0,0,0,0,0,0,0,0,0,0,0,0,22,0,0,0,0,0,0,0,2,0,0,0,0,0,0,2022,59.51027,-139.53528,2022-07-14 22:21:55,2022-07-15 04:26:49,2022-07-14T23:47:45,,34338,Yakutat,yktsb1,10,shrubland,River,1,50,1,20,river,Alaska,0.253402778,0.295069444,0.193796296,0,12.05714286,10,13.3,90.28571429,87,96,0,0.817460317,152.8140788,Meteostat
34338,SE,2022-07-15,1,0,0,7,0,0,0,0,0,0,0,0,0,0,0,0,1,0,0,0,0,14,0,0,0,0,0,0,0,3,0,0,0,0,0,0,2022,59.51027,-139.53528,2022-07-15 22:20:14,2022-07-16 04:28:42,2022-07-15T23:56:19,,34338,Yakutat,yktsb1,10,shrubland,River,1,50,1,20,river,Alaska,0.25587963,0.297546296,0.189155093,0,12.68571429,12.2,13.9,93.71428571,87,100,0.9,0.746031746,156.7140788,Meteostat
34338,SE,2022-07-16,0,0,0,15,0,0,0,0,0,0,0,0,0,0,0,0,0,0,0,0,0,26,0,0,0,0,0,0,0,22,0,0,0,0,0,0,2022,59.51027,-139.53528,2022-07-16 22:18:31,2022-07-17 04:30:37,2022-07-17T00:01:13,,34338,Yakutat,yktsb1,10,shrubland,River,1,50,1,20,river,Alaska,0.258402778,0.300069444,0.187083333,0,12.0125,11.7,12.2,96.625,96,97,17.6,4.236111111,160.0640788,Meteostat
34338,SE,2022-07-17,0,0,0,4,0,0,0,0,0,0,0,0,0,0,0,0,0,0,0,0,0,0,0,0,0,0,0,0,0,4,0,0,0,0,0,0,2022,59.51027,-139.53528,2022-07-17 22:16:44,2022-07-18 04:32:34,2022-07-18T00:04:25,,34338,Yakutat,yktsb1,10,shrubland,River,1,50,1,20,river,Alaska,0.26099537,0.302662037,0.186215278,0,12.35,12.2,12.8,95.375,93,97,4.8,2.458333333,163.1140788,Meteostat
34338,SE,2022-07-18,0,0,0,72,0,0,0,0,0,0,0,0,0,0,0,0,0,0,0,0,0,31,0,0,0,0,0,0,0,27,0,0,0,0,0,0,2022,59.51027,-139.53528,2022-07-18 22:14:53,2022-07-19 04:34:34,2022-07-19T00:06:55,,34338,Yakutat,yktsb1,10,shrubland,River,1,50,1,20,river,Alaska,0.263668981,0.305335648,0.185868056,0,12.225,11.7,13.3,95.5,93,97,0,0.826388889,165.6140788,Meteostat
34338,SE,2022-07-19,0,0,0,59,0,0,0,0,0,0,0,0,0,0,0,0,0,0,0,0,0,58,0,0,0,0,0,0,0,18,0,0,0,0,0,0,2022,59.51027,-139.53528,2022-07-19 22:13:00,2022-07-20 04:36:35,2022-07-20T00:09:25,,34338,Yakutat,yktsb1,10,shrubland,River,1,50,1,20,river,Alaska,0.266377315,0.308043981,0.185532407,0,11.1375,10.6,11.7,96.625,96,100,3.4,2.458333333,169.2140788,Meteostat
34338,SE,2022-07-20,0,0,0,126,0,0,0,0,0,0,0,0,0,0,0,0,0,0,0,0,0,22,0,0,0,0,0,0,0,80,0,0,0,0,0,0,2022,59.51027,-139.53528,2022-07-20 22:11:04,2022-07-21 04:38:39,2022-07-21T00:12:32,,34338,Yakutat,yktsb1,10,shrubland,River,1,50,1,20,river,Alaska,0.269155093,0.310821759,0.184803241,0.001018519,10.85,10,12.2,96.5,90,100,0,0.826388889,172.0140788,Meteostat
34338,SE,2022-07-21,0,0,0,156,0,0,0,0,0,0,0,0,0,0,0,0,0,0,0,0,0,43,0,0,0,0,0,0,0,85,0,0,0,0,0,0,2022,59.51027,-139.53528,2022-07-21 22:09:05,2022-07-22 04:40:44,2022-07-22T00:17:03,,34338,Yakutat,yktsb1,10,shrubland,River,1,50,1,20,river,Alaska,0.271979167,0.313645833,0.183113426,0.005532407,11.325,11.1,11.7,96.25,93,97,13.9,3.236111111,173.6640788,Meteostat
34338,SE,2022-07-22,0,0,0,7,0,0,0,0,0,0,0,0,0,0,0,0,0,0,0,0,0,1,0,0,0,0,0,0,0,5,0,0,0,0,0,0,2022,59.51027,-139.53528,2022-07-22 22:07:03,2022-07-23 04:42:51,2022-07-23T00:24:19,,34338,Yakutat,yktsb1,10,shrubland,River,1,50,1,20,river,Alaska,0.274861111,0.316527778,0.179537037,0.011990741,10.5125,10,11.1,98.625,96,100,1.5,2.145833333,175.6140788,Meteostat
34338,SE,2022-07-23,0,0,0,227,0,0,0,0,0,0,0,0,0,0,0,0,0,0,0,0,0,24,0,0,0,0,0,0,0,152,0,0,0,0,0,0,2022,59.51027,-139.53528,2022-07-23 22:04:58,2022-07-24 04:44:59,2022-07-24T00:36:47,,34338,Yakutat,yktsb1,10,shrubland,River,1,50,1,20,river,Alaska,0.277789352,0.319456019,0.172361111,0.022094907,10.925,10.6,12.2,94,86,96,4.4,3.048611111,177.0140788,Meteostat
34338,SE,2022-07-24,0,0,0,8,0,0,0,0,0,0,0,0,0,0,0,0,0,0,0,0,0,1,0,0,0,0,0,0,0,19,0,0,0,0,0,0,2022,59.51027,-139.53528,2022-07-24 22:02:51,2022-07-25 04:47:09,2022-07-25T00:59:19,,34338,Yakutat,yktsb1,10,shrubland,River,1,50,1,20,river,Alaska,0.280763889,0.322430556,0.158217593,0.039212963,12.1375,11.7,12.2,98.875,97,100,4.1,2.923611111,179.5140788,Meteostat
34338,SE,2023-07-13,0,0,0,2,0,0,0,0,0,0,0,0,0,0,0,0,0,0,0,0,0,2,0,0,0,0,0,0,0,0,0,0,0,0,0,0,2023,59.51027,-139.53528,2023-07-13 22:23:55,2023-07-14 04:24:31,2023-07-14T00:57:19,,34338,Yakutat,yktsb1,10,shrubland,River,1,50,1,20,river,Alaska,0.250416667,0.292083333,0.143888889,0.023194444,9.914285714,8.9,11.1,97,96,100,0,0.214285714,91.30737199,Meteostat
34338,SE,2023-07-14,0,0,0,16,0,0,0,0,0,0,0,0,0,0,0,0,0,0,0,0,0,16,0,0,0,0,0,0,0,9,0,0,0,0,0,0,2023,59.51027,-139.53528,2023-07-14 22:22:19,2023-07-15 04:26:21,2023-07-15T01:21:21,,34338,Yakutat,yktsb1,10,shrubland,River,1,50,1,20,river,Alaska,0.252800926,0.294467593,0.128472222,0.04099537,10.01428571,8.3,11.7,95.71428571,93,97,0,0,93.05165273,Meteostat
34338,SE,2023-07-15,0,0,0,13,0,0,0,0,0,0,0,0,0,0,0,0,0,0,0,0,0,7,0,0,0,0,0,0,0,17,0,0,0,0,0,0,2023,59.51027,-139.53528,2023-07-15 22:20:39,2023-07-16 04:28:14,2023-07-16T02:08:46,2023-07-15T22:26:22,34338,Yakutat,yktsb1,10,shrubland,River,1,50,1,20,river,Alaska,0.255266204,0.29693287,-0.154444444,0.075081019,11.11428571,10.6,11.7,98.57142857,93,100,0,1.46031746,95.2037041,Meteostat
34338,SE,2023-07-16,0,0,0,30,0,0,0,0,0,0,0,0,0,0,0,0,0,0,0,0,0,9,0,0,0,0,0,0,0,16,0,0,0,0,0,0,2023,59.51027,-139.53528,2023-07-16 22:18:56,2023-07-17 04:30:09,2023-07-17T03:21:54,2023-07-16T23:01:34,34338,Yakutat,yktsb1,10,shrubland,River,1,50,1,20,river,Alaska,0.257789352,0.299456019,-0.180787037,0.127060185,13.125,12.8,13.9,89.875,83,93,0,0.1875,97.74845207,Meteostat
34338,SE,2023-07-17,0,0,0,21,0,0,0,0,0,0,0,0,0,0,0,0,0,0,0,0,0,27,0,0,0,0,0,0,0,12,0,0,0,0,0,0,2023,59.51027,-139.53528,2023-07-17 22:17:10,2023-07-18 04:32:06,,2023-07-17T23:18:24,34338,Yakutat,yktsb1,10,shrubland,River,1,50,1,20,river,Alaska,0.26037037,0.302037037,0.042523148,0,13.45,12.8,14.4,87.375,84,90,0,0.888888889,100.0327306,Meteostat
34338,SE,2023-07-18,0,0,0,21,0,0,0,0,0,0,1,0,0,0,0,0,0,0,0,0,0,13,0,0,0,0,0,0,0,18,0,0,0,0,0,0,2023,59.51027,-139.53528,2023-07-18 22:15:21,2023-07-19 04:34:05,,2023-07-18T23:26:30,34338,Yakutat,yktsb1,10,shrubland,River,1,50,1,20,river,Alaska,0.263009259,0.304675926,0.049409722,0,13.35,12.3,14.9,92.375,85,97,1,1.152777778,103.9327306,Meteostat
34338,SE,2023-07-19,0,0,0,16,0,0,0,0,0,0,2,0,0,0,0,0,0,0,0,0,0,16,0,0,0,0,0,0,0,11,0,0,0,0,0,0,2023,59.51027,-139.53528,2023-07-19 22:13:28,2023-07-20 04:36:06,,2023-07-19T23:30:31,34338,Yakutat,yktsb1,10,shrubland,River,1,50,1,20,river,Alaska,0.265717593,0.307384259,0.053506944,0,10.5875,8.9,14,93.625,84,99,0,0.3125,109.4327306,Meteostat
34338,SE,2023-07-20,0,0,0,33,2,0,0,0,0,0,0,0,0,0,0,0,0,0,0,0,0,30,0,0,0,0,0,0,0,23,0,0,0,0,0,0,2023,59.51027,-139.53528,2023-07-20 22:11:33,2023-07-21 04:38:09,,2023-07-20T23:32:28,34338,Yakutat,yktsb1,10,shrubland,River,1,50,1,20,river,Alaska,0.268472222,0.310138889,0.05619213,0,12.625,12,14,91.75,88,94,0,0.503472222,113.6827306,Meteostat
34338,SE,2024-06-27,0,,0,0,0,0,,0,0,0,3,,0,0,0,0,0,,,,0,768,0,0,40,0,20,0,0,63,,,,,,0,2024,59.51027,-139.53528,2024-06-27 22:39:37,2024-06-28 04:03:32,2024-06-28T00:59:26,,34338,Yakutat,yktsb1,10,shrubland,River,1,50,1,20,river,Alaska,0.22494213,0.266608796,0.127847222,0.013761574,12.46666667,12,12.8,90.83333333,89,94,0,0.75,76.15200512,Meteostat
34338,SE,2024-06-28,0,,0,0,0,0,,0,0,0,2,,0,0,0,0,0,,,,0,626,0,0,74,0,27,0,0,98,,,,,,0,2024,59.51027,-139.53528,2024-06-28 22:39:08,2024-06-29 04:04:26,2024-06-29T00:59:38,,34338,Yakutat,yktsb1,10,shrubland,River,1,50,1,20,river,Alaska,0.225902778,0.267569444,0.128333333,0.014236111,12.85,12.2,13.3,89.83333333,89,90,0,1.203703704,79.50200512,Meteostat
34338,SE,2024-06-29,0,,0,1,0,0,,0,0,0,1,,0,0,0,0,0,,,,0,290,0,0,34,0,26,0,0,53,,,,,,0,2024,59.51027,-139.53528,2024-06-29 22:38:35,2024-06-30 04:05:24,2024-06-30T01:00:18,,34338,Yakutat,yktsb1,10,shrubland,River,1,50,1,20,river,Alaska,0.226956019,0.268622685,0.128541667,0.015081019,14.06666667,13.9,14.4,90.33333333,87,93,0.5,0.5,85.05200512,Meteostat
34338,SE,2024-06-30,0,,0,3,0,0,,0,0,0,4,,0,0,0,0,0,,,,0,641,0,0,85,0,53,0,0,64,,,,,,0,2024,59.51027,-139.53528,2024-06-30 22:37:57,2024-07-01 04:06:27,2024-07-01T01:02:08,,34338,Yakutat,yktsb1,10,shrubland,River,1,50,1,20,river,Alaska,0.228125,0.269791667,0.127997685,0.016793981,12.96666667,12.2,13.9,94.66666667,90,97,0,0,90.05200512,Meteostat
34338,SE,2024-07-01,0,,0,1,0,0,,0,0,0,0,,0,0,0,0,0,,,,0,678,0,0,71,0,34,0,0,66,,,,,,0,2024,59.51027,-139.53528,2024-07-01 22:37:13,2024-07-02 04:07:34,2024-07-02T01:06:31,,34338,Yakutat,yktsb1,10,shrubland,River,1,50,1,20,river,Alaska,0.229409722,0.271076389,0.125729167,0.020347222,12.7,12.2,12.8,91.66666667,89,93,0,0,94.80200512,Meteostat
34338,SE,2024-07-02,0,,0,0,0,0,,0,0,0,1,,0,0,0,0,0,,,,0,310,0,0,81,0,59,0,0,39,,,,,,0,2024,59.51027,-139.53528,2024-07-02 22:36:25,2024-07-03 04:08:46,2024-07-03T01:16:41,,34338,Yakutat,yktsb1,10,shrubland,River,1,50,1,20,river,Alaska,0.230798611,0.272465278,0.119502315,0.027962963,12.3,12.2,12.8,93.33333333,87,97,1.1,2.425925926,98.40200512,Meteostat
34338,SE,2024-07-03,0,,1,0,0,0,,0,0,0,1,,0,0,0,0,0,,,,0,586,0,0,75,0,54,0,0,51,,,,,,0,2024,59.51027,-139.53528,2024-07-03 22:35:32,2024-07-04 04:10:01,2024-07-04T01:41:24,,34338,Yakutat,yktsb1,10,shrubland,River,1,50,1,20,river,Alaska,0.232280093,0.273946759,0.103206019,0.045740741,11.91666667,11,12.2,91.5,90,96,0,0.574074074,101.7020051,Meteostat
34338,SE,2024-07-04,0,,0,0,0,0,,0,0,0,3,,0,0,0,0,2,,,,0,496,0,0,64,0,59,0,0,52,,,,,,0,2024,59.51027,-139.53528,2024-07-04 22:34:34,2024-07-05 04:11:21,2024-07-05T02:37:01,2024-07-04T23:10:40,34338,Yakutat,yktsb1,10,shrubland,River,1,50,1,20,river,Alaska,0.233877315,0.275543981,-0.143298611,0.085034722,12.05,11.7,12.8,92.83333333,89,96,0.6,2.759259259,105.6020051,Meteostat
34338,SE,2024-07-05,0,,0,2,0,0,,0,0,0,2,,0,0,0,0,0,,,,0,471,0,0,77,0,101,0,0,49,,,,,,0,2024,59.51027,-139.53528,2024-07-05 22:33:32,2024-07-06 04:12:45,2024-07-06T04:03:56,2024-07-05T23:42:13,34338,Yakutat,yktsb1,10,shrubland,River,1,50,1,20,river,Alaska,0.23556713,0.277233796,-0.181747685,0.146111111,12.03333333,11.7,12.2,96,93,100,2.6,1.638888889,108.9020051,Meteostat
34338,SE,2024-07-06,0,,0,0,0,0,,0,0,0,2,,0,0,0,0,0,,,,0,545,0,0,71,0,61,0,0,60,,,,,,0,2024,59.51027,-139.53528,2024-07-06 22:32:25,2024-07-07 04:14:12,,2024-07-06T23:54:59,34338,Yakutat,yktsb1,10,shrubland,River,1,50,1,20,river,Alaska,0.237349537,0.279016204,0.057337963,0,11.95,11.7,12.2,93,90,96,0,1.574074074,110.8520051,Meteostat
34338,SE,2024-07-07,0,,0,1,0,0,,0,0,1,2,,0,0,0,0,0,,,,0,474,0,0,76,0,47,0,0,36,,,,,,0,2024,59.51027,-139.53528,2024-07-07 22:31:14,2024-07-08 04:15:43,,2024-07-08T00:00:19,34338,Yakutat,yktsb1,10,shrubland,River,1,50,1,20,river,Alaska,0.239224537,0.280891204,0.061863426,0,11.4,10,12.8,94.66666667,89,97,0,1.101851852,113.9020051,Meteostat
34338,SE,2024-07-08,0,,0,0,0,0,,0,0,0,1,,0,0,0,0,0,,,,0,548,0,0,61,0,49,0,0,43,,,,,,0,2024,59.51027,-139.53528,2024-07-08 22:29:59,2024-07-09 04:17:17,,2024-07-09T00:02:26,34338,Yakutat,yktsb1,10,shrubland,River,1,50,1,20,river,Alaska,0.241180556,0.282847222,0.064201389,0,12.14285714,11.7,12.8,88.42857143,86,93,0.1,0.746031746,117.8020051,Meteostat
34338,SE,2024-07-09,0,,0,0,0,0,,0,0,0,1,,0,0,0,0,0,,,,0,622,0,0,69,0,72,0,0,72,,,,,,0,2024,59.51027,-139.53528,2024-07-09 22:28:39,2024-07-10 04:18:55,,2024-07-10T00:03:01,34338,Yakutat,yktsb1,10,shrubland,River,1,50,1,20,river,Alaska,0.243240741,0.284907407,0.065532407,0,13.1,12.8,13.9,90,89,93,0,0.944444444,120.6020051,Meteostat
34338,SE,2024-07-10,0,,1,0,0,0,,0,0,0,1,,0,0,0,0,0,,,,0,463,0,0,80,0,56,0,0,39,,,,,,0,2024,59.51027,-139.53528,2024-07-10 22:27:16,2024-07-11 04:20:35,,2024-07-11T00:02:50,34338,Yakutat,yktsb1,10,shrubland,River,1,50,1,20,river,Alaska,0.245358796,0.287025463,0.066365741,0,11.67142857,11.1,12.8,95.28571429,93,97,0.3,2.595238095,123.9520051,Meteostat
34338,SE,2024-07-12,0,,0,1,0,0,,0,0,0,0,,0,0,0,0,1,,,,0,469,0,0,138,0,88,0,0,39,,,,,,0,2024,59.51027,-139.53528,2024-07-12 22:24:17,2024-07-13 04:24:05,,2024-07-13T00:01:45,34338,Yakutat,yktsb1,10,shrubland,River,1,50,1,20,river,Alaska,0.249861111,0.291527778,0.067685185,0,11.61428571,11.1,11.7,94,93,97,0.3,2.968253968,130.6020051,Meteostat
34338,SE,2024-07-14,0,,0,0,0,0,,0,0,0,0,,0,0,0,0,0,,,,0,0,0,0,0,0,1,0,0,0,,,,,,0,2024,59.51027,-139.53528,2024-07-14 22:21:03,2024-07-15 04:27:46,,2024-07-15T00:01:55,34338,Yakutat,yktsb1,10,shrubland,River,1,50,1,20,river,Alaska,0.254664352,0.296331019,0.070046296,0,12.87142857,12.8,13.3,96.14285714,96,97,4.1,2.30952381,135.6020051,Meteostat
34338,SE,2024-07-15,0,,0,0,0,0,,0,0,0,0,,0,0,0,0,0,,,,0,224,0,0,40,0,6,0,1,11,,,,,,0,2024,59.51027,-139.53528,2024-07-15 22:19:21,2024-07-16 04:29:40,,2024-07-16T00:03:52,34338,Yakutat,yktsb1,10,shrubland,River,1,50,1,20,river,Alaska,0.257164352,0.298831019,0.072581019,0,12.07142857,11.7,12.8,96.42857143,96,97,1,0.642857143,138.9520051,Meteostat
34338,SE,2024-07-16,0,,0,0,0,0,,0,0,0,0,,0,0,0,0,0,,,,0,74,0,0,7,0,4,0,0,3,,,,,,0,2024,59.51027,-139.53528,2024-07-16 22:17:36,2024-07-17 04:31:37,,2024-07-17T00:09:09,34338,Yakutat,yktsb1,10,shrubland,River,1,50,1,20,river,Alaska,0.259733796,0.301400463,0.077465278,0,9.3625,8.3,10.6,91.875,80,97,0,0.5625,142.0020051,Meteostat
34338,SE,2024-07-17,0,,0,0,0,0,,0,0,0,0,,0,0,0,0,0,,,,0,45,0,0,3,0,3,0,0,5,,,,,,0,2024,59.51027,-139.53528,2024-07-17 22:15:47,2024-07-18 04:33:35,,2024-07-18T00:22:48,34338,Yakutat,yktsb1,10,shrubland,River,1,50,1,20,river,Alaska,0.262361111,0.304027778,0.088206019,0.004872685,8.8125,6.7,11.1,92.25,80,97,0,0.75,144.8289121,Meteostat
34338,SE,2024-07-18,0,,0,1,0,0,,0,0,0,2,,0,0,0,0,0,,,,0,65,0,0,21,0,43,0,0,7,,,,,,0,2024,59.51027,-139.53528,2024-07-18 22:13:55,2024-07-19 04:35:36,,2024-07-19T00:59:29,34338,Yakutat,yktsb1,10,shrubland,River,1,50,1,20,river,Alaska,0.26505787,0.306724537,0.114976852,0.031643519,9.2375,7.2,12.2,91.625,80,97,0,0,147.1358803,Meteostat
34338,SE,2024-07-19,0,,0,0,0,0,,0,0,0,0,,0,0,0,0,0,,,,0,71,0,0,6,0,0,0,0,4,,,,,,0,2024,59.51027,-139.53528,2024-07-19 22:12:00,2024-07-20 04:37:38,2024-07-19T22:39:35,2024-07-20T02:18:17,34338,Yakutat,yktsb1,10,shrubland,River,1,50,1,20,river,Alaska,0.267800926,0.309467593,0.151875,0,13.8125,13.3,14.4,89.625,87,93,4.8,0.826388889,149.8071288,Meteostat
34338,SE,2024-07-20,0,,0,0,0,0,,0,0,0,0,,1,0,0,0,0,,,,0,257,0,0,17,0,7,0,0,18,,,,,,0,2024,59.51027,-139.53528,2024-07-20 22:10:02,2024-07-21 04:39:42,2024-07-20T22:58:34,2024-07-21T04:05:42,34338,Yakutat,yktsb1,10,shrubland,River,1,50,1,20,river,Alaska,0.270601852,0.312268519,0.213287037,0,15.7875,15,16.7,90.375,78,96,0,0.375,153.6905828,Meteostat
34338,SE,2024-07-21,0,,0,0,0,0,,0,0,0,0,,0,0,0,0,0,,,,0,60,0,0,7,0,7,0,0,8,,,,,,0,2024,59.51027,-139.53528,2024-07-21 22:08:02,2024-07-22 04:41:48,2024-07-21T23:05:54,,34338,Yakutat,yktsb1,10,shrubland,River,1,50,1,20,river,Alaska,0.273449074,0.315115741,0.233263889,0,14.15,13.9,14.4,97.5,96,100,3.5,0.715277778,161.4405828,Meteostat
34338,SE,2024-07-26,0,,0,0,0,0,,0,0,0,0,,0,0,0,0,0,,,,0,3,0,0,0,0,0,0,0,0,,,,,,0,2024,59.51027,-139.53528,2024-07-26 21:57:20,2024-07-27 04:52:39,2024-07-26T23:10:39,,34338,Yakutat,yktsb1,10,shrubland,River,1,50,1,20,river,Alaska,0.288414352,0.330081019,0.2375,0,13.55,13,14.5,93.875,88,97,3.7,2.447916667,185.9905828,Meteostat
34338,SE,2024-07-27,0,,0,0,0,0,,0,0,0,1,,0,0,0,0,0,,,,0,62,0,0,4,0,7,0,0,8,,,,,,0,2024,59.51027,-139.53528,2024-07-27 21:55:04,2024-07-28 04:54:53,2024-07-27T23:11:52,,34338,Yakutat,yktsb1,10,shrubland,River,1,50,1,20,river,Alaska,0.291539352,0.333206019,0.238206019,0,11.3375,10,13.3,95,90,97,0,0.451388889,189.8905828,Meteostat
34338,SE,2024-07-28,0,,0,0,0,0,,0,0,0,0,,0,0,0,0,0,,,,0,71,0,0,18,0,15,0,0,12,,,,,,0,2024,59.51027,-139.53528,2024-07-28 21:52:47,2024-07-29 04:57:07,2024-07-28T23:15:00,,34338,Yakutat,yktsb1,10,shrubland,River,1,50,1,20,river,Alaska,0.294675926,0.336342593,0.237581019,0,12.6375,11.7,13.9,91.75,89,93,0,0.75,193.2405828,Meteostat
34338,SE,2024-07-29,0,,0,0,0,0,,0,0,0,0,,0,0,0,0,0,,,,0,2,0,0,0,0,0,0,0,0,,,,,,0,2024,59.51027,-139.53528,2024-07-29 21:50:27,2024-07-30 04:59:23,2024-07-29T23:22:24,,34338,Yakutat,yktsb1,10,shrubland,River,1,50,1,20,river,Alaska,0.29787037,0.339537037,0.234016204,0,13.175,12.8,13.3,96.625,96,97,7,2.319444444,196.8405828,Meteostat
34338,SE,2024-07-30,0,,0,1,0,0,,0,0,0,0,,0,0,0,0,0,,,,0,27,0,0,8,0,4,0,0,2,,,,,,0,2024,59.51027,-139.53528,2024-07-30 21:48:05,2024-07-31 05:01:39,2024-07-30T23:40:21,,34338,Yakutat,yktsb1,10,shrubland,River,1,50,1,20,river,Alaska,0.301087963,0.34275463,0.223125,0,11.625,11.1,11.7,94.25,93,97,4.8,4.111111111,199.8905828,Meteostat
34338,SE-Dup,2022-07-07,0,0,0,21,0,0,0,0,0,0,0,0,0,0,0,0,0,0,0,0,0,32,0,0,0,0,0,0,0,20,0,0,0,0,0,0,2022,59.51027,-139.53528,2022-07-07 22:31:52,2022-07-08 04:14:57,,2022-07-08T00:59:19,34338,Yakutat,yktsb1,10,shrubland,River,1,50,1,20,river,Alaska,0.238252315,0.279918981,0.102395833,0.0190625,12.58333333,12.2,13.3,89.5,87,93,0,1.453703704,130.0140788,Meteostat
34338,SE-Dup,2022-07-08,0,0,0,8,0,0,0,0,0,0,0,0,0,0,0,0,0,0,0,0,0,16,0,0,0,0,0,0,0,27,0,0,0,0,0,0,2022,59.51027,-139.53528,2022-07-08 22:30:39,2022-07-09 04:16:30,,2022-07-09T01:03:59,34338,Yakutat,yktsb1,10,shrubland,River,1,50,1,20,river,Alaska,0.240173611,0.281840278,0.106481481,0.023148148,12.78333333,12.2,13.3,88.33333333,86,93,0,3.027777778,134.1640788,Meteostat
34338,SE-Dup,2022-07-09,0,0,0,6,0,0,0,0,0,0,0,0,0,0,0,0,0,0,0,0,0,16,0,0,0,0,0,0,0,1,0,0,0,0,0,0,2022,59.51027,-139.53528,2022-07-09 22:29:21,2022-07-10 04:18:05,,2022-07-10T01:12:06,34338,Yakutat,yktsb1,10,shrubland,River,1,50,1,20,river,Alaska,0.242175926,0.283842593,0.113020833,0.0296875,12.61428571,10,13.9,88.57142857,83,96,0,1.373015873,138.6140788,Meteostat
34338,SE-Dup,2022-07-10,0,0,0,8,0,0,0,0,0,0,0,0,0,0,0,0,0,0,0,0,0,20,0,0,0,0,0,0,0,3,0,0,0,0,0,0,2022,59.51027,-139.53528,2022-07-10 22:28:00,2022-07-11 04:19:44,,2022-07-11T01:28:00,34338,Yakutat,yktsb1,10,shrubland,River,1,50,1,20,river,Alaska,0.244259259,0.285925926,0.125,0.041666667,11.51428571,10.6,12.8,90.42857143,83,93,0,1.547619048,142.5140788,Meteostat
34338,SE-Dup,2022-07-11,0,0,0,3,0,0,0,0,0,0,0,0,0,0,0,0,0,0,0,0,0,20,0,0,0,0,0,0,0,3,0,0,0,0,0,0,2022,59.51027,-139.53528,2022-07-11 22:26:34,2022-07-12 04:21:26,,2022-07-12T02:02:20,34338,Yakutat,yktsb1,10,shrubland,River,1,50,1,20,river,Alaska,0.246435185,0.288101852,0.149837963,0.06650463,10.9,10.6,11.7,94.14285714,89,96,1.5,1.849206349,145.5640788,Meteostat
34338,SE-Dup,2022-07-12,0,0,0,6,0,0,0,0,0,0,0,0,0,0,0,0,0,0,0,0,0,3,0,0,0,0,0,0,0,7,0,0,0,0,0,0,2022,59.51027,-139.53528,2022-07-12 22:25:05,2022-07-13 04:23:11,2022-07-12T22:54:23,2022-07-13T03:11:41,34338,Yakutat,yktsb1,10,shrubland,River,1,50,1,20,river,Alaska,0.248680556,0.290347222,0.178680556,0,10.98571429,10.6,12.8,94.85714286,87,97,3.8,1.46031746,148.3640788,Meteostat
34338,SE-Dup,2022-07-13,0,0,0,6,0,0,0,0,0,0,0,0,0,0,0,0,0,0,0,0,0,6,0,0,0,0,0,0,0,2,0,0,0,0,0,0,2022,59.51027,-139.53528,2022-07-13 22:23:32,2022-07-14 04:24:59,2022-07-13T23:30:52,,34338,Yakutat,yktsb1,10,shrubland,River,1,50,1,20,river,Alaska,0.251006944,0.292673611,0.204247685,0,11.44285714,10.6,13.3,90.28571429,80,96,0,0.214285714,150.3140788,Meteostat
34338,SE-Dup,2022-07-14,0,0,0,5,0,0,0,0,0,0,0,0,0,0,0,0,0,0,0,0,0,23,0,0,0,0,0,0,0,3,0,0,0,0,0,0,2022,59.51027,-139.53528,2022-07-14 22:21:55,2022-07-15 04:26:49,2022-07-14T23:47:45,,34338,Yakutat,yktsb1,10,shrubland,River,1,50,1,20,river,Alaska,0.253402778,0.295069444,0.193796296,0,12.05714286,10,13.3,90.28571429,87,96,0,0.817460317,152.8140788,Meteostat
34338,SE-Dup,2022-07-15,1,0,0,11,0,0,0,0,0,0,0,0,0,0,0,0,1,0,0,0,0,14,0,0,0,0,0,0,0,2,0,0,0,0,0,0,2022,59.51027,-139.53528,2022-07-15 22:20:14,2022-07-16 04:28:42,2022-07-15T23:56:19,,34338,Yakutat,yktsb1,10,shrubland,River,1,50,1,20,river,Alaska,0.25587963,0.297546296,0.189155093,0,12.68571429,12.2,13.9,93.71428571,87,100,0.9,0.746031746,156.7140788,Meteostat
34338,SE-Dup,2022-07-16,0,0,0,9,0,0,0,0,0,0,0,0,0,0,0,0,0,0,0,0,0,24,0,0,0,0,0,0,0,1,0,0,0,0,0,0,2022,59.51027,-139.53528,2022-07-16 22:18:31,2022-07-17 04:30:37,2022-07-17T00:01:13,,34338,Yakutat,yktsb1,10,shrubland,River,1,50,1,20,river,Alaska,0.258402778,0.300069444,0.187083333,0,12.0125,11.7,12.2,96.625,96,97,17.6,4.236111111,160.0640788,Meteostat
34338,SE-Dup,2022-07-17,0,0,0,4,0,0,0,0,0,0,0,0,0,0,0,0,0,0,0,0,0,0,0,0,0,0,0,0,0,4,0,0,0,0,0,0,2022,59.51027,-139.53528,2022-07-17 22:16:44,2022-07-18 04:32:34,2022-07-18T00:04:25,,34338,Yakutat,yktsb1,10,shrubland,River,1,50,1,20,river,Alaska,0.26099537,0.302662037,0.186215278,0,12.35,12.2,12.8,95.375,93,97,4.8,2.458333333,163.1140788,Meteostat
34338,SE-Dup,2022-07-18,0,0,0,31,0,0,0,0,0,0,0,0,0,0,0,0,0,0,0,0,0,5,0,0,0,0,0,0,0,39,0,0,0,0,0,0,2022,59.51027,-139.53528,2022-07-18 22:14:53,2022-07-19 04:34:34,2022-07-19T00:06:55,,34338,Yakutat,yktsb1,10,shrubland,River,1,50,1,20,river,Alaska,0.263668981,0.305335648,0.185868056,0,12.225,11.7,13.3,95.5,93,97,0,0.826388889,165.6140788,Meteostat
34338,SE-Dup,2022-07-19,0,0,0,47,0,0,0,0,0,0,0,0,0,0,0,0,0,0,0,0,0,45,0,0,0,0,0,0,0,24,0,0,0,0,0,0,2022,59.51027,-139.53528,2022-07-19 22:13:00,2022-07-20 04:36:35,2022-07-20T00:09:25,,34338,Yakutat,yktsb1,10,shrubland,River,1,50,1,20,river,Alaska,0.266377315,0.308043981,0.185532407,0,11.1375,10.6,11.7,96.625,96,100,3.4,2.458333333,169.2140788,Meteostat
34338,SE-Dup,2022-07-20,0,0,0,49,0,0,0,0,0,0,0,0,0,0,0,0,0,0,0,0,0,17,0,0,0,0,0,0,0,70,0,0,0,0,0,0,2022,59.51027,-139.53528,2022-07-20 22:11:04,2022-07-21 04:38:39,2022-07-21T00:12:32,,34338,Yakutat,yktsb1,10,shrubland,River,1,50,1,20,river,Alaska,0.269155093,0.310821759,0.184803241,0.001018519,10.85,10,12.2,96.5,90,100,0,0.826388889,172.0140788,Meteostat
34338,SE-Dup,2022-07-21,0,0,0,71,1,0,0,0,0,0,0,0,0,0,0,0,0,0,0,0,0,28,0,0,0,0,0,0,0,84,0,0,0,0,0,0,2022,59.51027,-139.53528,2022-07-21 22:09:05,2022-07-22 04:40:44,2022-07-22T00:17:03,,34338,Yakutat,yktsb1,10,shrubland,River,1,50,1,20,river,Alaska,0.271979167,0.313645833,0.183113426,0.005532407,11.325,11.1,11.7,96.25,93,97,13.9,3.236111111,173.6640788,Meteostat
34338,SE-Dup,2022-07-22,0,0,0,3,0,0,0,0,0,0,0,0,0,0,0,0,0,0,0,0,0,2,0,0,0,0,0,0,0,5,0,0,0,0,0,0,2022,59.51027,-139.53528,2022-07-22 22:07:03,2022-07-23 04:42:51,2022-07-23T00:24:19,,34338,Yakutat,yktsb1,10,shrubland,River,1,50,1,20,river,Alaska,0.274861111,0.316527778,0.179537037,0.011990741,10.5125,10,11.1,98.625,96,100,1.5,2.145833333,175.6140788,Meteostat
34338,SE-Dup,2022-07-23,0,0,0,170,0,0,0,0,0,0,0,0,0,0,0,0,0,0,0,0,0,25,0,0,0,0,0,0,0,177,0,0,0,0,0,0,2022,59.51027,-139.53528,2022-07-23 22:04:58,2022-07-24 04:44:59,2022-07-24T00:36:47,,34338,Yakutat,yktsb1,10,shrubland,River,1,50,1,20,river,Alaska,0.277789352,0.319456019,0.172361111,0.022094907,10.925,10.6,12.2,94,86,96,4.4,3.048611111,177.0140788,Meteostat
34338,SE-Dup,2022-07-24,0,0,0,10,0,0,0,0,0,0,0,0,0,0,0,0,0,0,0,0,0,1,0,0,0,0,0,0,0,17,0,0,0,0,0,0,2022,59.51027,-139.53528,2022-07-24 22:02:51,2022-07-25 04:47:09,2022-07-25T00:59:19,,34338,Yakutat,yktsb1,10,shrubland,River,1,50,1,20,river,Alaska,0.280763889,0.322430556,0.158217593,0.039212963,12.1375,11.7,12.2,98.875,97,100,4.1,2.923611111,179.5140788,Meteostat
34338,SE-Dup,2022-07-25,0,0,0,22,0,0,0,0,0,0,0,0,0,0,0,0,0,0,0,0,0,6,0,0,0,0,0,0,0,14,0,0,0,0,0,0,2022,59.51027,-139.53528,2022-07-25 22:00:42,2022-07-26 04:49:20,2022-07-26T01:39:23,,34338,Yakutat,yktsb1,10,shrubland,River,1,50,1,20,river,Alaska,0.283773148,0.325439815,0.131909722,0.068530093,13.3,13.3,13.3,98.875,97,100,13.5,3.357638889,181.7640788,Meteostat
34338,SW,2019-07-26,0,0,0,3,0,0,0,0,0,0,0,0,0,0,0,0,0,0,0,0,0,4,0,0,1,0,0,0,0,2,0,0,0,0,0,0,2019,59.49062,-139.64204,2019-07-26 21:59:21,2019-07-27 04:51:28,2019-07-27T00:58:29,,34338,Yakutat,yktmd1,6,grassland,"Meadow,Muskeg",2,30,1,15,creek,Alaska,0.28619213,0.327858796,0.161793981,0.041064815,12.3,11.1,14.4,94.625,90,97,0,0.1875,265.6840113,Meteostat
34338,SW,2019-07-27,0,0,0,3,0,0,0,0,0,0,0,0,0,0,0,0,0,0,0,0,0,5,0,0,1,0,0,0,0,2,0,0,0,0,0,0,2019,59.49062,-139.64204,2019-07-27 21:57:08,2019-07-28 04:53:41,2019-07-28T01:22:44,,34338,Yakutat,yktmd1,6,grassland,"Meadow,Muskeg",2,30,1,15,creek,Alaska,0.289270833,0.3309375,0.146493056,0.059444444,12.7125,11.7,13.3,95.125,93,97,16.9,4.944444444,269.8340113,Meteostat
34338,SW,2019-07-30,0,0,0,2,0,0,0,0,0,0,0,0,0,0,0,0,0,0,0,0,0,5,0,0,2,0,0,0,0,5,0,0,0,0,0,0,2019,59.49062,-139.64204,2019-07-30 21:50:14,2019-07-31 05:00:25,2019-07-31T04:05:30,,34338,Yakutat,yktmd1,6,grassland,"Meadow,Muskeg",2,30,1,15,creek,Alaska,0.298738426,0.340405093,0.038136574,0.177268519,12.2875,11.1,13.9,97.5,93,100,NA,0.638888889,280.1840113,Meteostat
34338,SW,2019-07-31,0,0,0,2,0,0,0,0,0,0,0,0,0,0,0,0,0,0,0,0,0,2,0,0,3,0,0,0,0,1,0,0,0,0,0,0,2019,59.49062,-139.64204,2019-07-31 21:47:52,2019-08-01 05:02:42,,2019-07-31T22:00:52,34338,Yakutat,yktmd1,6,grassland,"Meadow,Muskeg",2,30,1,15,creek,Alaska,0.301967593,0.343634259,0.009027778,0,13.7375,12.2,15,94.25,90,100,0,1.166666667,284.1005851,Meteostat
34338,SW,2019-08-01,0,0,0,13,0,0,0,0,0,0,0,0,0,0,0,0,0,0,0,0,0,40,0,0,13,0,0,0,0,70,0,0,0,0,0,0,2019,59.49062,-139.64204,2019-08-01 21:45:28,2019-08-02 05:04:59,,2019-08-01T22:27:33,34338,Yakutat,yktmd1,6,grassland,"Meadow,Muskeg",2,30,1,15,creek,Alaska,0.305219907,0.346886574,0.029224537,0,14.075,13.3,14.4,86.625,84,90,0,2.145833333,288.5505851,Meteostat
34338,SW,2020-06-26,0,0,0,3,0,0,0,0,0,0,0,0,0,0,0,0,0,0,0,0,0,4,0,0,1,0,0,0,0,9,0,0,0,0,0,0,2020,59.49062,-139.64204,2020-06-26 22:40:13,2020-06-27 04:03:22,,2020-06-27T01:29:07,34338,Yakutat,yktmd1,6,grassland,"Meadow,Muskeg",2,30,1,15,creek,Alaska,0.224409722,0.266076389,0.117291667,0.033958333,8.966666667,6.1,11.7,96.66666667,93,100,0,0.703703704,64.26433476,Meteostat
34338,SW,2020-06-27,0,0,0,0,0,0,0,0,0,0,0,0,0,0,0,0,0,0,0,0,0,7,0,0,2,0,0,0,0,5,0,0,0,0,0,0,2020,59.49062,-139.64204,2020-06-27 22:39:50,2020-06-28 04:04:11,,2020-06-28T01:38:07,34338,Yakutat,yktmd1,6,grassland,"Meadow,Muskeg",2,30,1,15,creek,Alaska,0.225243056,0.266909722,0.12380787,0.040474537,8.25,6.7,10.6,96.33333333,92,100,0,0.5,66.00693437,Meteostat
34338,SW,2020-06-28,0,0,0,1,0,0,0,0,0,0,0,0,0,0,0,0,0,0,0,0,0,1,0,0,2,0,0,0,0,0,0,0,0,0,0,0,2020,59.49062,-139.64204,2020-06-28 22:39:22,2020-06-29 04:05:04,,2020-06-29T01:46:50,34338,Yakutat,yktmd1,6,grassland,"Meadow,Muskeg",2,30,1,15,creek,Alaska,0.226180556,0.267847222,0.130185185,0.046851852,9.166666667,8.9,10,96.33333333,93,100,0.3,1.537037037,68.4531837,Meteostat
34338,SW,2020-06-29,0,0,0,2,0,0,0,0,0,0,0,0,0,0,0,0,0,0,0,0,0,0,0,0,1,0,0,0,0,1,0,0,0,0,0,0,2020,59.49062,-139.64204,2020-06-29 22:38:49,2020-06-30 04:06:02,,2020-06-30T01:56:25,34338,Yakutat,yktmd1,6,grassland,"Meadow,Muskeg",2,30,1,15,creek,Alaska,0.227233796,0.268900463,0.137222222,0.053888889,11.48333333,10.6,12.2,93.16666667,86,97,0,0.25,69.30229205,Meteostat
34338,SW,2020-06-30,0,0,0,0,0,0,0,0,0,0,0,0,0,0,0,0,0,0,0,0,0,11,0,0,8,0,0,0,0,2,0,0,0,0,0,0,2020,59.49062,-139.64204,2020-06-30 22:38:10,2020-07-01 04:07:05,,2020-07-01T02:08:19,34338,Yakutat,yktmd1,6,grassland,"Meadow,Muskeg",2,30,1,15,creek,Alaska,0.228414352,0.270081019,0.1459375,0.062604167,9.65,6.7,11.7,96.33333333,93,100,0,0.25,71.16554787,Meteostat
34338,SW,2020-07-01,0,0,0,1,0,0,0,0,0,0,0,0,0,0,0,0,0,0,0,0,0,5,0,0,4,0,0,0,0,4,0,0,0,0,0,0,2020,59.49062,-139.64204,2020-07-01 22:37:27,2020-07-02 04:08:11,,2020-07-02T02:24:45,34338,Yakutat,yktmd1,6,grassland,"Meadow,Muskeg",2,30,1,15,creek,Alaska,0.229675926,0.271342593,0.157847222,0.074513889,10.1,7.2,12.8,93.33333333,89,97,0,0.5,73.41554787,Meteostat
34338,SW,2020-07-02,0,0,0,2,0,0,0,0,0,0,0,0,0,0,0,0,0,0,0,0,0,4,0,0,2,0,0,0,0,2,0,0,0,0,0,0,2020,59.49062,-139.64204,2020-07-02 22:36:39,2020-07-03 04:09:22,,2020-07-03T02:49:25,34338,Yakutat,yktmd1,6,grassland,"Meadow,Muskeg",2,30,1,15,creek,Alaska,0.231053241,0.272719907,0.175532407,0.092199074,10.36666667,7.2,16.1,83,56,93,0,0.351851852,77.48206706,Meteostat
34338,SW,2021-07-17,0,0,0,0,0,0,0,0,0,0,0,0,0,0,0,0,0,0,0,0,0,5,0,0,1,0,0,0,0,0,0,0,0,0,0,0,2021,59.49062,-139.64204,2021-07-17 22:16:32,2021-07-18 04:33:37,,2021-07-18T00:36:32,34338,Yakutat,yktmd1,6,grassland,"Meadow,Muskeg",2,30,1,15,creek,Alaska,0.261863426,0.303530093,0.097222222,0.013888889,11.925,11,15,97.25,81,100,0,0.90625,89.79296386,Meteostat
34338,SW,2021-07-18,0,0,0,0,0,0,0,0,0,0,0,0,0,0,0,0,0,0,0,0,0,7,0,0,0,0,0,0,0,0,0,0,0,0,0,0,2021,59.49062,-139.64204,2021-07-18 22:14:42,2021-07-19 04:35:37,,2021-07-19T00:45:27,34338,Yakutat,yktmd1,6,grassland,"Meadow,Muskeg",2,30,1,15,creek,Alaska,0.264525463,0.30619213,0.1046875,0.021354167,11.825,11.7,12.2,97.375,90,100,0,1.388888889,96.00412037,Meteostat
34338,SW,2021-07-19,0,0,0,0,0,0,0,0,0,0,0,0,0,0,0,0,0,0,0,0,0,5,0,0,0,0,0,0,0,0,0,0,0,0,0,0,2021,59.49062,-139.64204,2021-07-19 22:12:48,2021-07-20 04:37:39,,2021-07-20T00:59:28,34338,Yakutat,yktmd1,6,grassland,"Meadow,Muskeg",2,30,1,15,creek,Alaska,0.267256944,0.308923611,0.115740741,0.032407407,12.7875,12.2,13.3,89.25,87,93,0,1.729166667,98.50412037,Meteostat
34338,SW,2021-07-20,0,0,0,0,0,0,0,0,0,0,0,0,0,0,0,0,0,0,0,0,0,18,0,0,0,0,0,0,0,0,0,0,0,0,0,0,2021,59.49062,-139.64204,2021-07-20 22:10:51,2021-07-21 04:39:43,,2021-07-21T01:23:52,34338,Yakutat,yktmd1,6,grassland,"Meadow,Muskeg",2,30,1,15,creek,Alaska,0.270046296,0.311712963,0.134039352,0.050706019,11.8875,11.1,12.8,95.875,89,100,0,0.5625,101.5541204,Meteostat
34338,SW,2021-07-21,0,0,0,0,0,0,0,0,0,0,0,0,0,0,0,0,0,0,0,0,0,7,0,0,0,0,0,0,0,0,0,0,0,0,0,0,2021,59.49062,-139.64204,2021-07-21 22:08:51,2021-07-22 04:41:48,,2021-07-22T02:08:05,34338,Yakutat,yktmd1,6,grassland,"Meadow,Muskeg",2,30,1,15,creek,Alaska,0.272881944,0.314548611,0.166134259,0.082800926,11.5125,11.1,12,97.5,94,100,0.3,1.625,104.6041204,Meteostat
34338,SW,2022-07-07,0,0,0,0,0,0,0,0,0,0,0,0,0,0,0,0,0,0,0,0,0,6,0,0,0,0,0,0,0,0,0,0,0,0,0,0,2022,59.49062,-139.64204,2022-07-07 22:32:06,2022-07-08 04:15:34,,2022-07-08T00:59:49,34338,Yakutat,yktmd1,6,grassland,"Meadow,Muskeg",2,30,1,15,creek,Alaska,0.238518519,0.280185185,0.102581019,0.019247685,12.58333333,12.2,13.3,89.5,87,93,0,1.453703704,130.0140788,Meteostat
34338,SW,2022-07-08,0,0,0,3,0,0,0,0,0,0,0,0,0,0,0,0,0,0,0,0,0,7,0,0,0,0,0,0,0,0,0,0,0,0,0,0,2022,59.49062,-139.64204,2022-07-08 22:30:53,2022-07-09 04:17:07,,2022-07-09T01:04:31,34338,Yakutat,yktmd1,6,grassland,"Meadow,Muskeg",2,30,1,15,creek,Alaska,0.240439815,0.282106481,0.106689815,0.023356481,12.78333333,12.2,13.3,88.33333333,86,93,0,3.027777778,134.1640788,Meteostat
34338,SW,2022-07-09,0,0,0,2,0,0,0,0,0,0,0,0,0,0,0,0,0,0,0,0,0,2,0,0,0,0,0,0,0,1,0,0,0,0,0,0,2022,59.49062,-139.64204,2022-07-09 22:29:36,2022-07-10 04:18:42,,2022-07-10T01:12:42,34338,Yakutat,yktmd1,6,grassland,"Meadow,Muskeg",2,30,1,15,creek,Alaska,0.242430556,0.284097222,0.113263889,0.029930556,12.61428571,10,13.9,88.57142857,83,96,0,1.373015873,138.6140788,Meteostat
34338,SW,2022-07-10,0,0,0,1,0,0,0,0,0,0,0,0,0,0,0,0,0,0,0,0,0,1,0,0,0,0,0,0,0,0,0,0,0,0,0,0,2022,59.49062,-139.64204,2022-07-10 22:28:14,2022-07-11 04:20:21,,2022-07-11T01:28:40,34338,Yakutat,yktmd1,6,grassland,"Meadow,Muskeg",2,30,1,15,creek,Alaska,0.244525463,0.28619213,0.125300926,0.041967593,11.51428571,10.6,12.8,90.42857143,83,93,0,1.547619048,142.5140788,Meteostat
34338,SW,2022-07-11,0,0,0,2,0,0,0,0,0,0,0,0,0,0,0,0,1,0,0,0,0,3,0,0,0,0,0,0,0,1,0,0,0,0,0,0,2022,59.49062,-139.64204,2022-07-11 22:26:49,2022-07-12 04:22:03,,2022-07-12T02:03:05,34338,Yakutat,yktmd1,6,grassland,"Meadow,Muskeg",2,30,1,15,creek,Alaska,0.246689815,0.288356481,0.150185185,0.066851852,10.9,10.6,11.7,94.14285714,89,96,1.5,1.849206349,145.5640788,Meteostat
34338,SW,2022-07-12,0,0,0,10,0,0,0,0,0,0,0,0,0,0,0,0,0,0,0,0,0,1,0,0,0,0,0,0,0,2,0,0,0,0,0,0,2022,59.49062,-139.64204,2022-07-12 22:25:20,2022-07-13 04:23:47,2022-07-12T22:54:31,2022-07-13T03:12:27,34338,Yakutat,yktmd1,6,grassland,"Meadow,Muskeg",2,30,1,15,creek,Alaska,0.248923611,0.290590278,0.17912037,0,10.98571429,10.6,12.8,94.85714286,87,97,3.8,1.46031746,148.3640788,Meteostat
34338,SW,2022-07-13,0,0,0,11,0,0,0,0,0,0,0,0,0,0,0,0,0,0,0,0,0,2,0,0,0,0,0,0,0,3,0,0,0,0,0,0,2022,59.49062,-139.64204,2022-07-13 22:23:47,2022-07-14 04:25:35,2022-07-13T23:31:03,,34338,Yakutat,yktmd1,6,grassland,"Meadow,Muskeg",2,30,1,15,creek,Alaska,0.25125,0.292916667,0.204537037,0,11.44285714,10.6,13.3,90.28571429,80,96,0,0.214285714,150.3140788,Meteostat
34338,SW,2022-07-14,0,0,0,9,0,0,0,0,0,0,0,0,0,0,0,0,0,0,0,0,0,5,0,0,0,0,0,0,0,0,0,0,0,0,0,0,2022,59.49062,-139.64204,2022-07-14 22:22:10,2022-07-15 04:27:25,2022-07-14T23:48:01,,34338,Yakutat,yktmd1,6,grassland,"Meadow,Muskeg",2,30,1,15,creek,Alaska,0.253645833,0.2953125,0.194027778,0,12.05714286,10,13.3,90.28571429,87,96,0,0.817460317,152.8140788,Meteostat
34338,SW,2022-07-15,0,0,0,8,0,0,0,0,0,0,0,0,0,0,0,0,0,0,0,0,0,9,0,0,0,0,0,0,0,2,0,0,0,0,0,0,2022,59.49062,-139.64204,2022-07-15 22:20:30,2022-07-16 04:29:18,2022-07-15T23:56:38,,34338,Yakutat,yktmd1,6,grassland,"Meadow,Muskeg",2,30,1,15,creek,Alaska,0.256111111,0.297777778,0.189351852,0,12.68571429,12.2,13.9,93.71428571,87,100,0.9,0.746031746,156.7140788,Meteostat
34338,SW,2022-07-16,0,0,0,0,0,0,0,0,0,0,0,0,0,0,0,0,0,0,0,0,0,8,0,0,0,0,0,0,0,1,0,0,0,0,0,0,2022,59.49062,-139.64204,2022-07-16 22:18:46,2022-07-17 04:31:13,2022-07-17T00:01:35,,34338,Yakutat,yktmd1,6,grassland,"Meadow,Muskeg",2,30,1,15,creek,Alaska,0.258645833,0.3003125,0.18724537,0,12.0125,11.7,12.2,96.625,96,97,17.6,4.236111111,160.0640788,Meteostat
34338,SW,2022-07-17,0,0,0,0,0,0,0,0,0,0,0,0,0,0,0,0,0,0,0,0,0,0,0,0,0,0,0,0,0,56,0,0,0,0,0,0,2022,59.49062,-139.64204,2022-07-17 22:16:59,2022-07-18 04:33:10,2022-07-18T00:04:49,,34338,Yakutat,yktmd1,6,grassland,"Meadow,Muskeg",2,30,1,15,creek,Alaska,0.261238426,0.302905093,0.186354167,0,12.35,12.2,12.8,95.375,93,97,4.8,2.458333333,163.1140788,Meteostat
34338,SW,2022-07-18,0,0,0,1,0,0,0,0,0,0,0,0,0,0,0,0,0,0,0,0,0,0,0,0,0,0,0,0,0,0,0,0,0,0,0,0,2022,59.49062,-139.64204,2022-07-18 22:15:09,2022-07-19 04:35:09,2022-07-19T00:07:22,,34338,Yakutat,yktmd1,6,grassland,"Meadow,Muskeg",2,30,1,15,creek,Alaska,0.263888889,0.305555556,0.185960648,0,12.225,11.7,13.3,95.5,93,97,0,0.826388889,165.6140788,Meteostat
34338,SW,2022-07-19,0,0,0,2,0,0,0,0,0,0,0,0,0,0,0,0,0,0,0,0,0,4,0,0,0,0,0,0,0,3,0,0,0,0,0,0,2022,59.49062,-139.64204,2022-07-19 22:13:16,2022-07-20 04:37:11,2022-07-20T00:09:53,,34338,Yakutat,yktmd1,6,grassland,"Meadow,Muskeg",2,30,1,15,creek,Alaska,0.266608796,0.308275463,0.185625,0,11.1375,10.6,11.7,96.625,96,100,3.4,2.458333333,169.2140788,Meteostat
34338,SW,2023-07-11,0,0,0,2,0,0,0,0,0,0,0,0,0,0,0,0,0,0,0,0,0,0,0,0,0,0,0,0,0,1,0,0,0,0,0,0,2023,59.49062,-139.64204,2023-07-11 22:27:10,2023-07-12 04:21:37,2023-07-12T00:40:33,,34338,Yakutat,yktmd1,6,grassland,"Meadow,Muskeg",2,30,1,15,creek,Alaska,0.246145833,0.2878125,0.153518519,0.009293981,11.12857143,10.6,11.7,92.71428571,89,96,0,0.515873016,86.30737199,Meteostat
34338,SW,2023-07-12,0,0,0,2,0,0,0,0,0,0,0,0,0,0,0,0,0,0,0,0,0,4,0,0,0,0,0,0,0,4,0,0,0,0,0,0,2023,59.49062,-139.64204,2023-07-12 22:25:41,2023-07-13 04:23:21,2023-07-13T00:46:23,,34338,Yakutat,yktmd1,6,grassland,"Meadow,Muskeg",2,30,1,15,creek,Alaska,0.24837963,0.290046296,0.150671296,0.014375,11.27142857,10.6,12.2,94.71428571,86,97,2.8,0.214285714,87.95737199,Meteostat
34338,SW,2023-07-13,0,0,0,6,0,0,0,0,0,0,0,0,0,0,0,0,0,0,0,0,0,1,0,0,0,0,0,0,0,5,0,0,0,0,0,0,2023,59.49062,-139.64204,2023-07-13 22:24:09,2023-07-14 04:25:08,2023-07-14T00:58:00,,34338,Yakutat,yktmd1,6,grassland,"Meadow,Muskeg",2,30,1,15,creek,Alaska,0.25068287,0.292349537,0.143842593,0.023506944,9.914285714,8.9,11.1,97,96,100,0,0.214285714,91.30737199,Meteostat
34338,SW,2023-07-14,0,0,0,6,0,0,0,0,0,0,0,0,0,0,0,0,0,0,0,0,0,2,0,0,0,0,0,0,0,1,0,0,0,0,0,0,2023,59.49062,-139.64204,2023-07-14 22:22:34,2023-07-15 04:26:57,2023-07-15T01:22:08,,34338,Yakutat,yktmd1,6,grassland,"Meadow,Muskeg",2,30,1,15,creek,Alaska,0.253043981,0.294710648,0.128344907,0.041365741,10.01428571,8.3,11.7,95.71428571,93,97,0,0,93.05165273,Meteostat
34338,SW,2023-07-15,0,0,0,3,0,0,0,0,0,0,0,0,0,0,0,0,0,0,0,0,0,1,0,0,0,0,0,0,0,1,0,0,0,0,0,0,2023,59.49062,-139.64204,2023-07-15 22:20:55,2023-07-16 04:28:50,2023-07-16T02:09:35,2023-07-15T22:26:26,34338,Yakutat,yktmd1,6,grassland,"Meadow,Muskeg",2,30,1,15,creek,Alaska,0.255497685,0.297164352,-0.154965278,0.075462963,11.11428571,10.6,11.7,98.57142857,93,100,0,1.46031746,95.2037041,Meteostat
34338,SW,2023-07-16,0,0,0,13,0,0,0,0,0,0,0,0,0,0,0,0,0,0,0,0,0,3,0,0,0,0,0,0,0,1,0,0,0,0,0,0,2023,59.49062,-139.64204,2023-07-16 22:19:12,2023-07-17 04:30:44,2023-07-17T03:22:39,2023-07-16T23:01:42,34338,Yakutat,yktmd1,6,grassland,"Meadow,Muskeg",2,30,1,15,creek,Alaska,0.258009259,0.299675926,-0.181215278,0.127395833,13.125,12.8,13.9,89.875,83,93,0,0.1875,97.74845207,Meteostat
34338,SW,2023-07-17,0,0,0,3,0,0,0,0,0,0,0,0,0,0,0,0,0,0,0,0,0,1,0,0,0,0,0,0,0,1,0,0,0,0,0,0,2023,59.49062,-139.64204,2023-07-17 22:17:26,2023-07-18 04:32:41,,2023-07-17T23:18:36,34338,Yakutat,yktmd1,6,grassland,"Meadow,Muskeg",2,30,1,15,creek,Alaska,0.260590278,0.302256944,0.042476852,0,13.45,12.8,14.4,87.375,84,90,0,0.888888889,100.0327306,Meteostat
34338,SW,2023-07-18,0,0,0,3,0,0,0,0,0,0,0,0,0,0,0,0,0,0,0,0,0,1,0,0,0,0,0,0,0,0,0,0,0,0,0,0,2023,59.49062,-139.64204,2023-07-18 22:15:37,2023-07-19 04:34:40,,2023-07-18T23:26:46,34338,Yakutat,yktmd1,6,grassland,"Meadow,Muskeg",2,30,1,15,creek,Alaska,0.263229167,0.304895833,0.049409722,0,13.35,12.3,14.9,92.375,85,97,1,1.152777778,103.9327306,Meteostat
34338,SW,2024-06-25,0,,0,0,0,0,,0,0,0,1,,0,0,0,0,0,,,,0,2,0,0,0,0,0,0,0,1,,,,,,0,2024,59.49062,-139.64204,2024-06-25 22:40:31,2024-06-26 04:02:38,2024-06-26T00:58:47,,34338,Yakutat,yktmd1,6,grassland,"Meadow,Muskeg",2,30,1,15,creek,Alaska,0.22369213,0.265358796,0.127673611,0.012685185,8.25,6.7,10,95.16666667,93,97,0,0,69.56775228,Meteostat
34338,SW,2024-06-26,0,,0,1,0,0,,0,0,0,0,,0,0,0,0,0,,,,0,33,0,0,3,0,1,0,0,0,,,,,,0,2024,59.49062,-139.64204,2024-06-26 22:40:13,2024-06-27 04:03:22,2024-06-27T00:59:35,,34338,Yakutat,yktmd1,6,grassland,"Meadow,Muskeg",2,30,1,15,creek,Alaska,0.224409722,0.266076389,0.127627315,0.013449074,11.23333333,10.6,12.2,87.66666667,83,93,0,0.685185185,72.36775228,Meteostat
34338,SW,2024-06-27,0,,0,0,0,0,,0,0,0,0,,0,0,0,0,0,,,,0,20,0,0,1,0,0,0,0,1,,,,,,0,2024,59.49062,-139.64204,2024-06-27 22:39:50,2024-06-28 04:04:11,2024-06-28T00:59:51,,34338,Yakutat,yktmd1,6,grassland,"Meadow,Muskeg",2,30,1,15,creek,Alaska,0.225243056,0.266909722,0.128009259,0.013900463,12.46666667,12,12.8,90.83333333,89,94,0,0.75,76.15200512,Meteostat
34338,SW,2024-06-28,0,,0,0,0,0,,0,0,0,0,,0,0,0,0,0,,,,0,6,0,0,0,0,0,0,0,0,,,,,,0,2024,59.49062,-139.64204,2024-06-28 22:39:22,2024-06-29 04:05:04,2024-06-29T01:00:05,,34338,Yakutat,yktmd1,6,grassland,"Meadow,Muskeg",2,30,1,15,creek,Alaska,0.226180556,0.267847222,0.128460648,0.014386574,12.85,12.2,13.3,89.83333333,89,90,0,1.203703704,79.50200512,Meteostat
34338,SW,2024-06-29,0,,0,0,0,0,,0,0,0,0,,0,0,0,0,0,,,,0,22,0,0,1,0,0,0,0,0,,,,,,0,2024,59.49062,-139.64204,2024-06-29 22:38:48,2024-06-30 04:06:02,2024-06-30T01:00:48,,34338,Yakutat,yktmd1,6,grassland,"Meadow,Muskeg",2,30,1,15,creek,Alaska,0.22724537,0.268912037,0.128634259,0.015277778,14.06666667,13.9,14.4,90.33333333,87,93,0.5,0.5,85.05200512,Meteostat
34338,SW,2024-06-30,0,,0,0,0,0,,0,0,0,0,,0,0,0,0,0,,,,0,12,0,0,2,0,0,0,0,0,,,,,,0,2024,59.49062,-139.64204,2024-06-30 22:38:10,2024-07-01 04:07:05,2024-07-01T01:02:41,,34338,Yakutat,yktmd1,6,grassland,"Meadow,Muskeg",2,30,1,15,creek,Alaska,0.228414352,0.270081019,0.128055556,0.017025463,12.96666667,12.2,13.9,94.66666667,90,97,0,0,90.05200512,Meteostat
34338,SW,2024-07-01,0,,0,0,0,0,,0,0,0,2,,0,0,0,0,0,,,,0,22,0,0,1,0,0,0,0,3,,,,,,0,2024,59.49062,-139.64204,2024-07-01 22:37:27,2024-07-02 04:08:12,2024-07-02T01:07:07,,34338,Yakutat,yktmd1,6,grassland,"Meadow,Muskeg",2,30,1,15,creek,Alaska,0.2296875,0.271354167,0.125752315,0.020601852,12.7,12.2,12.8,91.66666667,89,93,0,0,94.80200512,Meteostat
34338,SW,2024-07-02,0,,0,0,0,0,,0,0,0,0,,0,0,0,0,0,,,,0,37,0,0,4,0,0,0,0,0,,,,,,0,2024,59.49062,-139.64204,2024-07-02 22:36:39,2024-07-03 04:09:24,2024-07-03T01:17:23,,34338,Yakutat,yktmd1,6,grassland,"Meadow,Muskeg",2,30,1,15,creek,Alaska,0.231076389,0.272743056,0.119456019,0.028287037,12.3,12.2,12.8,93.33333333,87,97,1.1,2.425925926,98.40200512,Meteostat
34338,SW,2024-07-03,0,,0,0,0,0,,0,0,0,0,,0,0,0,0,0,,,,0,28,0,0,0,0,0,0,0,1,,,,,,0,2024,59.49062,-139.64204,2024-07-03 22:35:46,2024-07-04 04:10:39,2024-07-04T01:42:13,,34338,Yakutat,yktmd1,6,grassland,"Meadow,Muskeg",2,30,1,15,creek,Alaska,0.23255787,0.274224537,0.103078704,0.046145833,11.91666667,11,12.2,91.5,90,96,0,0.574074074,101.7020051,Meteostat
34338,SW,2024-07-04,0,,0,0,0,0,,0,0,0,4,,0,0,0,0,0,,,,0,27,0,0,1,0,5,0,0,0,,,,,,0,2024,59.49062,-139.64204,2024-07-04 22:34:48,2024-07-05 04:11:59,2024-07-05T02:37:53,2024-07-04T23:10:42,34338,Yakutat,yktmd1,6,grassland,"Meadow,Muskeg",2,30,1,15,creek,Alaska,0.234155093,0.275821759,-0.143877315,0.085474537,12.05,11.7,12.8,92.83333333,89,96,0.6,2.759259259,105.6020051,Meteostat
34338,SW,2024-07-05,0,,0,0,0,0,,0,0,0,0,,0,0,0,0,0,,,,0,12,0,0,0,0,0,0,0,1,,,,,,0,2024,59.49062,-139.64204,2024-07-05 22:33:46,2024-07-06 04:13:22,2024-07-06T04:04:41,2024-07-05T23:42:20,34338,Yakutat,yktmd1,6,grassland,"Meadow,Muskeg",2,30,1,15,creek,Alaska,0.235833333,0.2775,-0.1821875,0.146469907,12.03333333,11.7,12.2,96,93,100,2.6,1.638888889,108.9020051,Meteostat
34338,SW,2024-07-06,0,,1,0,0,0,,0,0,0,0,,0,0,0,0,0,,,,0,9,0,0,0,0,0,0,0,1,,,,,,0,2024,59.49062,-139.64204,2024-07-06 22:32:39,2024-07-07 04:14:49,,2024-07-06T23:55:12,34338,Yakutat,yktmd1,6,grassland,"Meadow,Muskeg",2,30,1,15,creek,Alaska,0.237615741,0.279282407,0.057326389,0,11.95,11.7,12.2,93,90,96,0,1.574074074,110.8520051,Meteostat
34338,SW,2024-07-07,0,,0,0,0,0,,0,0,0,1,,0,0,0,0,0,,,,0,10,0,0,0,0,0,0,0,1,,,,,,0,2024,59.49062,-139.64204,2024-07-07 22:31:28,2024-07-08 04:16:20,,2024-07-08T00:00:36,34338,Yakutat,yktmd1,6,grassland,"Meadow,Muskeg",2,30,1,15,creek,Alaska,0.239490741,0.281157407,0.061898148,0,11.4,10,12.8,94.66666667,89,97,0,1.101851852,113.9020051,Meteostat
34338,SW,2024-07-08,0,,0,0,0,0,,0,0,0,0,,0,0,0,0,0,,,,0,4,0,0,0,0,0,0,0,0,,,,,,0,2024,59.49062,-139.64204,2024-07-08 22:30:13,2024-07-09 04:17:54,,2024-07-09T00:02:46,34338,Yakutat,yktmd1,6,grassland,"Meadow,Muskeg",2,30,1,15,creek,Alaska,0.241446759,0.283113426,0.064270833,0,12.03333333,11.7,12.2,88.33333333,86,93,0.1,0.87037037,117.8020051,Meteostat
34338,SW,2024-07-09,0,,0,0,0,0,,0,0,0,0,,0,0,0,0,0,,,,0,13,0,0,0,0,0,0,0,0,,,,,,0,2024,59.49062,-139.64204,2024-07-09 22:28:54,2024-07-10 04:19:31,,2024-07-10T00:03:23,34338,Yakutat,yktmd1,6,grassland,"Meadow,Muskeg",2,30,1,15,creek,Alaska,0.243483796,0.285150463,0.065613426,0,13.1,12.8,13.9,90,89,93,0,0.944444444,120.6020051,Meteostat
34338,SW,2024-07-10,0,,0,0,0,0,,0,0,0,0,,0,0,0,0,0,,,,0,2,0,0,0,0,0,0,0,1,,,,,,0,2024,59.49062,-139.64204,2024-07-10 22:27:30,2024-07-11 04:21:12,,2024-07-11T00:03:14,34338,Yakutat,yktmd1,6,grassland,"Meadow,Muskeg",2,30,1,15,creek,Alaska,0.245625,0.287291667,0.066481481,0,11.67142857,11.1,12.8,95.28571429,93,97,0.3,2.595238095,123.9520051,Meteostat
34338,SW,2024-07-12,0,,0,0,0,0,,0,0,0,0,,0,0,0,0,0,,,,0,5,0,0,0,0,0,0,0,0,,,,,,0,2024,59.49062,-139.64204,2024-07-12 22:24:32,2024-07-13 04:24:42,,2024-07-13T00:02:12,34338,Yakutat,yktmd1,6,grassland,"Meadow,Muskeg",2,30,1,15,creek,Alaska,0.250115741,0.291782407,0.067824074,0,11.61428571,11.1,11.7,94,93,97,0.3,2.968253968,130.6020051,Meteostat
34338,SW,2024-07-14,0,,0,0,0,0,,0,0,0,0,,0,0,0,0,0,,,,0,1,0,0,0,0,0,0,0,0,,,,,,0,2024,59.49062,-139.64204,2024-07-14 22:21:19,2024-07-15 04:28:22,,2024-07-15T00:02:27,34338,Yakutat,yktmd1,6,grassland,"Meadow,Muskeg",2,30,1,15,creek,Alaska,0.254895833,0.2965625,0.070231481,0,12.87142857,12.8,13.3,96.14285714,96,97,4.1,2.30952381,135.6020051,Meteostat
34338,SW,2024-07-15,0,,0,0,0,0,,0,0,0,0,,0,0,0,0,0,,,,0,28,0,0,1,0,0,0,0,1,,,,,,0,2024,59.49062,-139.64204,2024-07-15 22:19:37,2024-07-16 04:30:16,,2024-07-16T00:04:27,34338,Yakutat,yktmd1,6,grassland,"Meadow,Muskeg",2,30,1,15,creek,Alaska,0.257395833,0.2990625,0.072800926,0,12.025,11.7,12.8,96,93,97,1,0.5625,138.9520051,Meteostat
34338,SW,2024-07-16,0,,0,1,0,0,,0,0,0,0,,0,0,0,0,0,,,,0,9,0,0,0,0,0,0,0,0,,,,,,0,2024,59.49062,-139.64204,2024-07-16 22:17:51,2024-07-17 04:32:12,,2024-07-17T00:09:49,34338,Yakutat,yktmd1,6,grassland,"Meadow,Muskeg",2,30,1,15,creek,Alaska,0.259965278,0.301631944,0.07775463,0,9.3625,8.3,10.6,91.875,80,97,0,0.5625,142.0020051,Meteostat
34338,SW,2024-07-17,0,,0,0,0,0,,0,0,0,0,,0,0,0,0,0,,,,0,12,0,0,0,0,0,0,0,0,,,,,,0,2024,59.49062,-139.64204,2024-07-17 22:16:03,2024-07-18 04:34:11,,2024-07-18T00:23:35,34338,Yakutat,yktmd1,6,grassland,"Meadow,Muskeg",2,30,1,15,creek,Alaska,0.262592593,0.304259259,0.088564815,0.005231481,8.8125,6.7,11.1,92.25,80,97,0,0.75,144.8289121,Meteostat
34338,SW,2024-07-18,0,,0,0,0,0,,0,0,0,0,,0,0,0,0,0,,,,0,36,0,0,0,0,0,0,0,4,,,,,,0,2024,59.49062,-139.64204,2024-07-18 22:14:11,2024-07-19 04:36:11,,2024-07-19T01:00:22,34338,Yakutat,yktmd1,6,grassland,"Meadow,Muskeg",2,30,1,15,creek,Alaska,0.265277778,0.306944444,0.115405093,0.032071759,9.2375,7.2,12.2,91.625,80,97,0,0,147.1358803,Meteostat
34338,SW,2024-07-19,0,,0,0,0,0,,0,0,0,0,,0,0,0,0,0,,,,0,24,0,0,1,0,0,0,0,10,,,,,,0,2024,59.49062,-139.64204,2024-07-19 22:12:16,2024-07-20 04:38:13,2024-07-19T22:39:39,2024-07-20T02:19:07,34338,Yakutat,yktmd1,6,grassland,"Meadow,Muskeg",2,30,1,15,creek,Alaska,0.268020833,0.3096875,0.152407407,0,13.8125,13.3,14.4,89.625,87,93,4.8,0.826388889,149.8071288,Meteostat
34338,SW,2024-07-20,0,,0,0,0,0,,0,0,0,0,,0,0,0,0,0,,,,0,22,0,0,2,0,1,0,0,1,,,,,,0,2024,59.49062,-139.64204,2024-07-20 22:10:19,2024-07-21 04:40:17,2024-07-20T22:58:45,2024-07-21T04:06:24,34338,Yakutat,yktmd1,6,grassland,"Meadow,Muskeg",2,30,1,15,creek,Alaska,0.270810185,0.312476852,0.213645833,0,15.7875,15,16.7,90.375,78,96,0,0.375,153.6905828,Meteostat
34338,SW,2024-07-21,0,,0,0,0,0,,0,0,0,0,,0,0,0,0,0,,,,0,16,0,0,0,0,0,0,0,0,,,,,,0,2024,59.49062,-139.64204,2024-07-21 22:08:18,2024-07-22 04:42:23,2024-07-21T23:06:10,,34338,Yakutat,yktmd1,6,grassland,"Meadow,Muskeg",2,30,1,15,creek,Alaska,0.273668981,0.315335648,0.233483796,0,14.15,13.9,14.4,97.5,96,100,3.5,0.715277778,161.4405828,Meteostat
34338,SW,2024-07-22,0,,0,0,0,0,,0,0,0,0,,0,0,0,0,0,,,,0,44,0,0,3,0,0,0,0,3,,,,,,0,2024,59.49062,-139.64204,2024-07-22 22:06:15,2024-07-23 04:44:30,2024-07-22T23:09:10,,34338,Yakutat,yktmd1,6,grassland,"Meadow,Muskeg",2,30,1,15,creek,Alaska,0.2765625,0.318229167,0.23287037,0,12.2875,11.7,13.3,93.5,90,97,0,1.833333333,167.7905828,Meteostat
34338,Transects,2019-08-02,0,0,0,0,0,0,0,0,0,0,0,0,0,0,0,0,0,0,0,0,0,6,0,0,0,0,0,0,0,1,0,0,0,0,0,0,2019,59.46394,-139.59129,2019-08-02 21:42:41,2019-08-03 05:07:14,,2019-08-02T22:46:26,34338,Yakutat,,,,,,,,,,Alaska,0.308715278,0.350381944,0.044270833,0,11.8875,10.6,13.9,95.625,89,100,0,0.375,293.2505851,Meteostat
34338,Transects,2019-08-06,0,0,0,0,0,0,0,0,0,0,0,0,0,0,0,0,0,0,0,0,0,4,0,0,0,0,0,0,0,1,0,0,0,0,0,0,2019,59.46394,-139.59129,2019-08-06 21:32:42,2019-08-07 05:16:29,,2019-08-06T23:39:31,34338,Yakutat,,,,,,,,,,Alaska,0.322071759,0.363738426,0.08806713,0.004733796,14.6375,13.9,15.6,89.125,83,93,0,0.1875,314.6005851,Meteostat
34338,Transects,2020-06-27,0,0,0,0,0,0,0,0,0,0,0,0,0,0,0,0,0,0,0,0,0,1,0,0,0,0,0,0,0,1,0,0,0,0,0,0,2020,59.46394,-139.59129,2020-06-27 22:39:21,2020-06-28 04:04:15,,2020-06-28T01:37:55,34338,Yakutat,,,,,,,,,,Alaska,0.225625,0.267291667,0.12400463,0.040671296,8.25,6.7,10.6,96.33333333,92,100,0,0.5,66.00693437,Meteostat
34338,Transects,2020-06-30,0,0,0,0,0,0,0,0,0,0,0,0,0,0,0,0,0,0,0,0,0,3,0,0,0,0,0,0,0,0,0,0,0,0,0,0,2020,59.46394,-139.59129,2020-06-30 22:37:42,2020-07-01 04:07:09,,2020-07-01T02:08:14,34338,Yakutat,,,,,,,,,,Alaska,0.228784722,0.270451389,0.146203704,0.06287037,9.65,6.7,11.7,96.33333333,93,100,0,0.25,71.16554787,Meteostat
34338,Transects,2021-07-18,0,0,0,0,0,0,0,0,0,0,0,0,0,0,0,0,0,0,0,0,0,8,0,0,0,0,0,0,0,1,0,0,0,0,0,0,2021,59.46394,-139.59129,2021-07-18 22:14:16,2021-07-19 04:35:38,,2021-07-19T00:45:24,34338,Yakutat,,,,,,,,,,Alaska,0.264837963,0.30650463,0.104953704,0.02162037,11.825,11.7,12.2,97.375,90,100,0,1.388888889,96.00412037,Meteostat
34338,Transects,2022-07-08,0,0,0,0,0,0,0,0,0,0,0,0,0,0,0,0,0,0,0,0,0,0,0,0,0,0,0,0,0,1,0,0,0,0,0,0,2022,59.46394,-139.59129,2022-07-08 22:30:26,2022-07-09 04:17:10,,2022-07-09T01:04:27,34338,Yakutat,,,,,,,,,,Alaska,0.240787037,0.282453704,0.106956019,0.023622685,12.78333333,12.2,13.3,88.33333333,86,93,0,3.027777778,134.1640788,Meteostat
34338,Transects,2022-07-14,0,0,0,2,0,0,0,0,0,0,0,0,0,0,0,0,0,0,0,0,0,1,0,0,0,0,0,0,0,0,0,0,0,0,0,0,2022,59.46394,-139.59129,2022-07-14 22:21:44,2022-07-15 04:27:27,2022-07-14T23:47:36,,34338,Yakutat,,,,,,,,,,Alaska,0.253969907,0.295636574,0.194340278,0,12.05714286,10,13.3,90.28571429,87,96,0,0.817460317,152.8140788,Meteostat
34338,Transects,2023-07-14,0,0,0,5,0,0,0,0,0,0,0,0,0,0,0,0,0,0,0,0,0,1,0,0,0,0,0,0,0,3,0,0,0,0,0,0,2023,59.46394,-139.59129,2023-07-14 22:22:07,2023-07-15 04:26:59,2023-07-15T01:22:23,,34338,Yakutat,,,,,,,,,,Alaska,0.25337963,0.295046296,0.128194444,0.041851852,10.01428571,8.3,11.7,95.71428571,93,97,0,0,93.05165273,Meteostat
34338,Transects,2023-07-18,0,0,0,3,0,0,0,0,0,0,0,0,0,0,0,0,0,0,0,0,0,3,0,0,0,0,0,0,0,14,0,0,0,0,0,0,2023,59.46394,-139.59129,2023-07-18 22:15:11,2023-07-19 04:34:42,,2023-07-18T23:26:21,34338,Yakutat,,,,,,,,,,Alaska,0.263553241,0.305219907,0.049421296,0,13.35,12.3,14.9,92.375,85,97,1,1.152777778,103.9327306,Meteostat
34338,Transects,2024-07-16,0,,0,0,0,0,,0,0,1,0,,0,0,0,0,0,,,,0,3,0,0,0,0,0,0,0,0,,,,,,0,2024,59.46394,-139.59129,2024-07-16 22:17:25,2024-07-17 04:32:14,,2024-07-17T00:09:55,34338,Yakutat,,,,,,,,,,Alaska,0.260289352,0.301956019,0.078125,0,9.3625,8.3,10.6,91.875,80,97,0,0.5625,142.0020051,Meteostat
34338,Transects,2024-07-18,0,,0,0,0,0,,0,0,0,1,,0,0,0,0,0,,,,0,7,0,0,1,0,0,0,0,0,,,,,,0,2024,59.46394,-139.59129,2024-07-18 22:13:46,2024-07-19 04:36:12,,2024-07-19T01:00:46,34338,Yakutat,,,,,,,,,,Alaska,0.265578704,0.30724537,0.115972222,0.032638889,9.2375,7.2,12.2,91.625,80,97,0,0,147.1358803,Meteostat
47310,NW,2019-07-06,0,0,0,2,0,0,0,0,0,0,2,0,0,0,0,6,15,0,0,0,0,0,0,0,1,0,0,0,0,15,0,0,0,0,0,0,2019,55.49629,-131.70515,2019-07-06 21:28:57,2019-07-07 04:14:44,,2019-07-06T23:59:50,47310,Ketchikan,hhlfr1,75,forest-conifer,Forest,5,80,0,150,creek,Alaska,0.281793981,0.323460648,0.104780093,0.021446759,15.0625,13.3,18.3,90,81,97,0,2.986111111,239.5095567,Meteostat
47310,NW,2019-07-07,0,0,0,0,0,0,0,0,0,0,2,0,0,0,0,1,17,0,0,0,0,1,0,0,2,0,0,0,0,13,0,0,0,0,0,0,2019,55.49629,-131.70515,2019-07-07 21:28:09,2019-07-08 04:15:52,,2019-07-08T00:18:47,47310,Ketchikan,hhlfr1,75,forest-conifer,Forest,5,80,0,150,creek,Alaska,0.283136574,0.324803241,0.11849537,0.035162037,13.725,13.3,14.4,93,87,97,0,3.111111111,250.3595567,Meteostat
47310,NW,2019-07-08,0,0,0,0,0,0,0,0,0,0,2,0,0,0,0,1,17,0,0,0,0,0,0,0,0,0,0,0,0,9,0,0,0,0,0,0,2019,55.49629,-131.70515,2019-07-08 21:27:17,2019-07-09 04:17:03,,2019-07-09T00:36:06,47310,Ketchikan,hhlfr1,75,forest-conifer,Forest,5,80,0,150,creek,Alaska,0.284560185,0.326226852,0.131122685,0.047789352,14.2875,13.3,15,90,83,100,0,2.381944444,255.6595567,Meteostat
47310,NW,2019-07-09,0,0,0,1,0,0,0,0,0,0,0,0,0,0,0,0,22,0,0,0,0,1,0,0,0,0,0,0,0,8,0,0,0,0,0,0,2019,55.49629,-131.70515,2019-07-09 21:26:22,2019-07-10 04:18:17,,2019-07-10T00:53:20,47310,Ketchikan,hhlfr1,75,forest-conifer,Forest,5,80,0,150,creek,Alaska,0.286053241,0.327719907,0.143726852,0.060393519,12.1625,10,16.1,91.25,75,97,0,1.354166667,260.3595567,Meteostat
47310,NW,2019-07-10,0,0,0,0,0,0,0,0,0,0,1,0,0,0,0,1,27,0,0,0,0,0,0,0,0,0,0,0,0,10,0,0,0,0,0,0,2019,55.49629,-131.70515,2019-07-10 21:25:24,2019-07-11 04:19:33,,2019-07-11T01:11:53,47310,Ketchikan,hhlfr1,75,forest-conifer,Forest,5,80,0,150,creek,Alaska,0.287604167,0.329270833,0.157280093,0.073946759,15.2,14.4,16.1,90.375,80,100,0,3.861111111,265.6595567,Meteostat
47310,NW,2019-07-11,0,0,0,0,0,0,0,0,0,0,0,0,0,0,0,3,10,0,0,0,0,1,0,0,0,0,0,0,0,10,0,0,0,0,0,0,2019,55.49629,-131.70515,2019-07-11 21:24:22,2019-07-12 04:20:51,,2019-07-12T01:33:21,47310,Ketchikan,hhlfr1,75,forest-conifer,Forest,5,80,0,150,creek,Alaska,0.289224537,0.330891204,0.172905093,0.089571759,15,15,15,94.5,93,96,0,1.805555556,272.3095567,Meteostat
47310,NW,2019-07-12,0,0,0,2,0,0,0,0,0,0,3,0,0,0,0,3,13,0,0,0,0,0,0,0,0,0,0,0,0,4,0,0,0,0,0,0,2019,55.49629,-131.70515,2019-07-12 21:23:17,2019-07-13 04:22:12,,2019-07-13T01:59:37,47310,Ketchikan,hhlfr1,75,forest-conifer,Forest,5,80,0,150,creek,Alaska,0.290914352,0.332581019,0.191898148,0.108564815,13.95,12.8,15,90.5,89,93,0,1.618055556,278.6595567,Meteostat
47310,NW,2020-06-06,0,0,0,0,0,0,0,0,0,0,2,0,0,0,0,5,2,0,0,0,0,0,0,0,2,0,0,0,0,9,0,0,0,0,0,0,2020,55.49629,-131.70515,2020-06-06 21:24:39,2020-06-07 04:06:38,2020-06-06T22:52:59,,47310,Ketchikan,hhlfr1,75,forest-conifer,Forest,5,80,0,150,creek,Alaska,0.279155093,0.320821759,0.2178125,0,11.3375,10.6,12.8,67.5,66,69,0,3.159722222,75.67589178,Meteostat
47310,NW,2020-06-07,0,0,0,1,0,0,0,0,0,0,2,0,0,0,0,8,1,0,0,0,0,0,0,0,1,0,0,0,0,9,0,0,0,0,0,0,2020,55.49629,-131.70515,2020-06-07 21:25:39,2020-06-08 04:06:02,2020-06-07T23:49:10,,47310,Ketchikan,hhlfr1,75,forest-conifer,Forest,5,80,0,150,creek,Alaska,0.278043981,0.319710648,0.17837963,0.016331019,8.1125,7.2,10,95.625,89,100,0,1.076388889,79.34444697,Meteostat
47310,NW,2020-06-08,0,0,0,1,0,0,0,0,0,0,7,0,0,0,0,11,4,0,0,0,0,0,0,0,1,0,0,0,0,9,0,0,0,0,0,0,2020,55.49629,-131.70515,2020-06-08 21:26:36,2020-06-09 04:05:30,2020-06-09T00:29:36,,47310,Ketchikan,hhlfr1,75,forest-conifer,Forest,5,80,0,150,creek,Alaska,0.277013889,0.318680556,0.149930556,0.04375,8.6875,6.7,11.7,87,66,97,0.6,1.027777778,80.35715022,Meteostat
47310,NW,2020-06-09,0,0,0,0,0,0,0,0,0,0,2,0,0,0,0,4,1,0,0,0,0,0,0,0,0,0,0,0,0,8,0,0,0,0,0,0,2020,55.49629,-131.70515,2020-06-09 21:27:29,2020-06-10 04:05:01,2020-06-10T00:58:11,,47310,Ketchikan,hhlfr1,75,forest-conifer,Forest,5,80,0,150,creek,Alaska,0.276064815,0.317731481,0.12974537,0.062986111,10.7125,10,11.7,93.625,89,97,3.9,5.423611111,81.93147823,Meteostat
47310,NW,2021-07-02,0,0,0,0,0,0,0,0,0,0,0,0,0,0,0,0,1,0,0,0,0,0,0,0,2,0,0,0,0,0,0,0,0,0,0,0,2021,55.49629,-131.70515,2021-07-02 21:31:15,2021-07-03 04:11:07,2021-07-03T01:06:37,,47310,Ketchikan,hhlfr1,75,forest-conifer,Forest,5,80,0,150,creek,Alaska,0.277685185,0.319351852,0.128125,0.066226852,13.55714286,12.8,14.4,78.28571429,74,83,0,2.777777778,185.1104624,Meteostat
47310,NW,2021-07-03,0,0,0,0,0,0,0,0,0,0,7,0,0,0,0,1,9,0,0,0,0,0,0,0,1,0,4,0,0,0,0,0,0,0,0,0,2021,55.49629,-131.70515,2021-07-03 21:30:40,2021-07-04 04:12:05,2021-07-04T01:17:19,,47310,Ketchikan,hhlfr1,75,forest-conifer,Forest,5,80,0,150,creek,Alaska,0.278761574,0.320428241,0.121365741,0.0740625,16.68571429,15.6,17.8,72.14285714,67,78,0,3.968253968,190.9604624,Meteostat
47310,NW,2021-07-04,0,0,0,0,0,0,0,0,0,0,6,0,0,0,0,0,8,0,0,0,0,0,0,0,3,0,2,0,0,0,0,0,0,0,0,0,2021,55.49629,-131.70515,2021-07-04 21:30:01,2021-07-05 04:13:06,2021-07-05T01:30:18,,47310,Ketchikan,hhlfr1,75,forest-conifer,Forest,5,80,0,150,creek,Alaska,0.279918981,0.321585648,0.113055556,0.083530093,16.5,14.4,18.9,73.28571429,63,81,0,3.611111111,199.0104624,Meteostat
47310,NW,2021-07-05,0,0,0,3,0,0,0,0,0,1,3,0,0,0,0,0,5,0,0,0,0,0,0,0,0,0,0,0,0,0,0,0,0,0,0,0,2021,55.49629,-131.70515,2021-07-05 21:29:18,2021-07-06 04:14:10,2021-07-06T01:47:12,,47310,Ketchikan,hhlfr1,75,forest-conifer,Forest,5,80,0,150,creek,Alaska,0.281157407,0.322824074,0.102060185,0.095763889,14.225,12.8,17.2,90,81,93,0,1.791666667,207.9104624,Meteostat
47310,NW,2021-07-06,0,0,0,0,0,0,0,0,0,0,6,0,0,0,0,1,9,0,0,0,0,0,0,0,5,0,2,0,0,0,0,0,0,0,0,0,2021,55.49629,-131.70515,2021-07-06 21:28:32,2021-07-07 04:15:17,2021-07-07T02:10:24,,47310,Ketchikan,hhlfr1,75,forest-conifer,Forest,5,80,0,150,creek,Alaska,0.282465278,0.324131944,0.086724537,0.112407407,13.5375,11.7,16.1,82.75,80,87,0,4.440972222,216.7604624,Meteostat
47310,NW,2022-06-18,0,0,4,0,1,0,0,0,0,0,10,0,0,0,0,0,2,0,0,0,0,0,0,0,1,0,0,0,0,20,0,0,0,0,0,0,2022,55.49629,-131.70515,2022-06-18 21:32:46,2022-06-19 04:03:32,2022-06-19T01:01:16,,47310,Ketchikan,hhlfr1,75,forest-conifer,Forest,5,80,0,150,creek,Alaska,0.271365741,0.313032407,0.126574074,0.061458333,11.42857143,10,12.2,86.28571429,83,93,0,4.48015873,97.79563257,Meteostat
47310,NW,2022-06-19,0,0,2,2,2,0,0,0,0,0,28,0,0,0,0,0,6,0,0,0,0,0,0,0,0,0,0,0,0,18,0,0,0,0,0,0,2022,55.49629,-131.70515,2022-06-19 21:33:05,2022-06-20 04:03:40,2022-06-20T01:12:02,,47310,Ketchikan,hhlfr1,75,forest-conifer,Forest,5,80,0,150,creek,Alaska,0.271238426,0.312905093,0.119189815,0.068715278,10.95714286,10.6,11.1,96.71428571,96,97,10.9,4.932539683,101.6956326,Meteostat
47310,NW,2022-06-20,0,0,0,0,3,0,0,0,0,0,6,0,0,0,0,0,0,0,0,0,0,0,0,0,1,0,0,0,0,20,0,0,0,0,0,0,2022,55.49629,-131.70515,2022-06-20 21:33:21,2022-06-21 04:03:52,2022-06-21T01:20:51,,47310,Ketchikan,hhlfr1,75,forest-conifer,Forest,5,80,0,150,creek,Alaska,0.27119213,0.312858796,0.113206019,0.074652778,10.81428571,10,11.7,90.28571429,86,96,0,1.904761905,103.1471322,Meteostat
47310,NW,2022-06-21,0,0,1,2,2,0,0,0,0,0,29,0,0,0,0,0,13,0,0,0,0,0,0,0,3,0,0,0,0,41,0,0,0,0,0,0,2022,55.49629,-131.70515,2022-06-21 21:33:32,2022-06-22 04:04:07,2022-06-22T01:28:57,,47310,Ketchikan,hhlfr1,75,forest-conifer,Forest,5,80,0,150,creek,Alaska,0.271238426,0.312905093,0.10775463,0.080150463,8.314285714,7.8,8.9,94,89,97,14.5,1.587301587,105.9471322,Meteostat
47310,NW,2022-06-22,0,0,2,0,0,0,0,0,0,0,0,0,0,0,0,0,0,0,0,0,0,0,0,0,0,0,0,0,0,4,0,0,0,0,0,0,2022,55.49629,-131.70515,2022-06-22 21:33:40,2022-06-23 04:04:26,2022-06-23T01:37:19,,47310,Ketchikan,hhlfr1,75,forest-conifer,Forest,5,80,0,150,creek,Alaska,0.271365741,0.313032407,0.102164352,0.085868056,10.67142857,10.6,11.1,89.42857143,86,92,0,0.587301587,107.1840095,Meteostat
47310,NW,2022-06-23,0,0,0,0,0,0,0,0,0,0,2,0,0,0,0,0,2,0,0,0,0,0,0,0,1,0,0,0,0,8,0,0,0,0,0,0,2022,55.49629,-131.70515,2022-06-23 21:33:44,2022-06-24 04:04:49,2022-06-24T01:46:56,,47310,Ketchikan,hhlfr1,75,forest-conifer,Forest,5,80,0,150,creek,Alaska,0.271585648,0.313252315,0.095752315,0.0925,8.857142857,7.2,12.2,93.71428571,86,97,0,0.428571429,108.8433482,Meteostat
47310,NW,2022-06-24,0,0,2,3,2,0,0,0,0,0,26,0,0,0,0,0,12,0,0,0,0,1,0,0,3,0,2,0,0,85,0,0,0,0,0,0,2022,55.49629,-131.70515,2022-06-24 21:33:44,2022-06-25 04:05:16,2022-06-25T01:59:03,,47310,Ketchikan,hhlfr1,75,forest-conifer,Forest,5,80,0,150,creek,Alaska,0.271898148,0.313564815,0.087650463,0.100914352,10.55714286,8.3,15,85.28571429,72,93,0,0.373015873,112.1154779,Meteostat
47310,NW,2022-06-25,0,0,2,2,3,0,0,0,0,0,45,0,0,0,0,0,1,0,0,0,0,0,0,0,13,0,0,0,0,62,0,0,0,0,0,0,2022,55.49629,-131.70515,2022-06-25 21:33:41,2022-06-26 04:05:46,2022-06-26T02:15:30,,47310,Ketchikan,hhlfr1,75,forest-conifer,Forest,5,80,0,150,creek,Alaska,0.272280093,0.313946759,0.076574074,0.112372685,11.45714286,10,16.7,88.28571429,67,96,0,0.301587302,117.0984566,Meteostat
47310,NW,2022-06-26,0,0,5,0,11,0,0,0,0,0,29,0,0,0,0,1,13,0,0,0,0,0,0,0,11,0,4,0,0,41,0,0,0,0,0,0,2022,55.49629,-131.70515,2022-06-26 21:33:33,2022-06-27 04:06:20,2022-06-27T02:39:00,,47310,Ketchikan,hhlfr1,75,forest-conifer,Forest,5,80,0,150,creek,Alaska,0.272766204,0.31443287,0.060648148,0.128784722,12.95714286,11.7,15.6,94.57142857,83,100,0,0.428571429,123.6854701,Meteostat
47310,NW,2022-06-27,0,0,1,0,2,0,0,0,0,0,13,0,0,0,0,0,3,0,0,0,0,0,0,0,3,0,2,0,0,25,0,0,0,0,0,0,2022,55.49629,-131.70515,2022-06-27 21:33:22,2022-06-28 04:06:58,2022-06-28T03:13:12,,47310,Ketchikan,hhlfr1,75,forest-conifer,Forest,5,80,0,150,creek,Alaska,0.273333333,0.315,0.037337963,0.152662037,14.12857143,13.3,15.6,94,83,97,0,2.452380952,130.6354701,Meteostat
47310,NW,2022-06-28,0,0,2,0,3,0,0,0,0,0,18,0,0,0,0,0,4,0,0,0,0,0,0,0,2,0,3,0,0,19,0,0,0,0,0,0,2022,55.49629,-131.70515,2022-06-28 21:33:06,2022-06-29 04:07:39,2022-06-29T04:01:20,2022-06-28T22:07:02,47310,Ketchikan,hhlfr1,75,forest-conifer,Forest,5,80,0,150,creek,Alaska,0.273993056,0.315659722,-0.246041667,0.186273148,13.38571429,13.3,13.9,92.57142857,90,93,0.3,2.222222222,138.3854701,Meteostat
47310,NW,2022-06-29,0,0,1,0,0,0,0,0,0,0,10,0,0,0,0,0,5,0,0,0,0,0,0,0,0,0,0,0,0,13,0,0,0,0,0,0,2022,55.49629,-131.70515,2022-06-29 21:32:47,2022-06-30 04:08:23,,2022-06-29T22:49:19,47310,Ketchikan,hhlfr1,75,forest-conifer,Forest,5,80,0,150,creek,Alaska,0.274722222,0.316388889,0.053148148,0,13.55714286,13.3,13.9,87,87,87,0,2.023809524,142.8354701,Meteostat
47310,NW,2022-06-30,0,0,2,1,4,0,0,0,0,0,34,0,0,0,0,0,5,0,0,0,0,0,0,0,0,0,0,0,0,11,0,0,0,0,0,0,2022,55.49629,-131.70515,2022-06-30 21:32:24,2022-07-01 04:09:11,,2022-06-30T23:18:43,47310,Ketchikan,hhlfr1,75,forest-conifer,Forest,5,80,0,150,creek,Alaska,0.275543981,0.317210648,0.073831019,0,14.42857143,13.9,15,90.42857143,87,93,0,1.722222222,148.6354701,Meteostat
47310,NW,2022-07-01,0,0,3,1,1,0,0,0,0,0,15,0,0,0,0,0,6,0,0,0,0,0,0,0,1,0,1,0,0,7,0,0,0,0,0,0,2022,55.49629,-131.70515,2022-07-01 21:31:57,2022-07-02 04:10:02,,2022-07-01T23:38:58,47310,Ketchikan,hhlfr1,75,forest-conifer,Forest,5,80,0,150,creek,Alaska,0.276446759,0.318113426,0.088206019,0.004872685,14.2,12.2,15,91.28571429,90,96,0,1.476190476,154.4354701,Meteostat
47310,NW,2022-07-02,0,0,11,0,2,0,0,0,0,0,22,0,0,0,0,0,16,0,0,0,0,0,0,0,0,0,0,0,0,20,0,0,0,0,0,0,2022,55.49629,-131.70515,2022-07-02 21:31:26,2022-07-03 04:10:56,,2022-07-02T23:53:22,47310,Ketchikan,hhlfr1,75,forest-conifer,Forest,5,80,0,150,creek,Alaska,0.277430556,0.319097222,0.098564815,0.015231481,15.55714286,14.4,16.7,84.71428571,78,90,0,2.666666667,160.5354701,Meteostat
47310,NW,2022-07-03,0,0,8,0,3,0,0,0,0,0,15,0,0,0,0,0,9,0,0,0,0,0,0,0,4,0,0,0,0,23,0,0,0,0,0,0,2022,55.49629,-131.70515,2022-07-03 21:30:52,2022-07-04 04:11:53,,2022-07-04T00:04:18,47310,Ketchikan,hhlfr1,75,forest-conifer,Forest,5,80,0,150,creek,Alaska,0.278483796,0.320150463,0.106550926,0.023217593,14.02857143,13.3,15.6,94.71428571,90,97,0,2.468253968,168.2854701,Meteostat
47310,NW,2022-07-04,0,0,3,0,5,0,0,0,0,0,15,0,0,0,0,0,9,0,0,0,0,0,0,0,4,0,2,0,0,23,0,0,0,0,0,0,2022,55.49629,-131.70515,2022-07-04 21:30:13,2022-07-05 04:12:53,,2022-07-05T00:13:16,47310,Ketchikan,hhlfr1,75,forest-conifer,Forest,5,80,0,150,creek,Alaska,0.27962963,0.321296296,0.113229167,0.029895833,13.87142857,13.3,14.4,90,87,93,0.3,5.456349206,177.6854701,Meteostat
47310,NW,2022-07-05,0,0,10,0,0,0,0,0,0,0,2,0,0,0,0,0,8,0,0,0,0,0,0,0,0,0,1,0,0,17,0,0,0,0,0,0,2022,55.49629,-131.70515,2022-07-05 21:29:31,2022-07-06 04:13:57,,2022-07-06T00:21:23,47310,Ketchikan,hhlfr1,75,forest-conifer,Forest,5,80,0,150,creek,Alaska,0.280856481,0.322523148,0.119351852,0.036018519,13.1375,11.7,13.9,91.125,87,96,0,1.805555556,184.6354701,Meteostat
47310,NW,2023-06-14,0,0,0,0,0,0,0,0,0,0,6,0,0,0,0,0,1,0,0,0,0,0,0,0,0,0,0,0,0,12,0,0,0,0,0,0,2023,55.49629,-131.70515,2023-06-14 21:30:42,2023-06-15 04:03:42,2023-06-15T02:23:18,,47310,Ketchikan,hhlfr1,75,forest-conifer,Forest,5,80,0,150,creek,Alaska,0.272916667,0.314583333,0.069722222,0.119861111,8.942857143,8.3,10,82.14285714,74,90,0,1.761904762,123.0437954,Meteostat
47310,NW,2023-06-15,0,0,0,0,0,0,0,0,0,0,11,0,0,0,0,0,11,0,0,0,0,1,0,0,0,0,3,0,0,6,0,0,0,0,0,0,2023,55.49629,-131.70515,2023-06-15 21:31:17,2023-06-16 04:03:33,2023-06-16T02:40:07,,47310,Ketchikan,hhlfr1,75,forest-conifer,Forest,5,80,0,150,creek,Alaska,0.272407407,0.314074074,0.057939815,0.131134259,11.28571429,10.6,11.7,91.71428571,89,93,2.9,5.444444444,126.1674172,Meteostat
47310,NW,2023-06-16,0,0,0,0,0,0,0,0,0,0,0,0,0,0,0,0,1,0,0,0,0,0,0,0,0,0,0,0,0,3,0,0,0,0,0,0,2023,55.49629,-131.70515,2023-06-16 21:31:49,2023-06-17 04:03:29,2023-06-17T03:05:34,,47310,Ketchikan,hhlfr1,75,forest-conifer,Forest,5,80,0,150,creek,Alaska,0.271990741,0.313657407,0.040219907,0.1484375,8.871428571,8.3,9.4,91.57142857,89,93,1.5,3.182539683,126.708544,Meteostat
47310,NW,2023-06-17,0,0,0,0,0,0,0,0,0,0,2,0,0,0,0,0,1,0,0,0,0,0,0,0,0,0,0,0,0,4,0,0,0,0,0,0,2023,55.49629,-131.70515,2023-06-17 21:32:17,2023-06-18 04:03:28,2023-06-18T03:44:24,2023-06-17T22:07:07,47310,Ketchikan,hhlfr1,75,forest-conifer,Forest,5,80,0,150,creek,Alaska,0.271655093,0.313321759,-0.234224537,0.175081019,5.8,5,7.2,93.42857143,90,97,0,0.603174603,127.3923242,Meteostat
47310,NW,2023-06-18,0,0,0,0,0,0,0,0,0,0,8,0,0,0,0,0,3,0,0,0,0,0,0,0,0,0,0,0,0,2,0,0,0,0,0,0,2023,55.49629,-131.70515,2023-06-18 21:32:41,2023-06-19 04:03:31,,2023-06-18T23:02:31,47310,Ketchikan,hhlfr1,75,forest-conifer,Forest,5,80,0,150,creek,Alaska,0.271412037,0.313078704,0.062384259,0,11.75714286,10,13.3,79.71428571,72,86,0,2.793650794,128.3161166,Meteostat
47310,NW,2023-06-19,0,0,0,0,0,0,0,0,0,0,7,0,0,0,0,0,2,0,0,0,0,0,0,0,0,0,0,0,0,5,0,0,0,0,0,0,2023,55.49629,-131.70515,2023-06-19 21:33:01,2023-06-20 04:03:38,,2023-06-19T23:40:09,47310,Ketchikan,hhlfr1,75,forest-conifer,Forest,5,80,0,150,creek,Alaska,0.271261574,0.312928241,0.088287037,0.004953704,12.62857143,10,15,80,67,93,0,0.301587302,131.815792,Meteostat
47310,NW,2023-06-20,0,0,0,0,0,0,0,0,0,0,16,0,0,0,0,0,2,0,0,0,0,1,0,0,0,0,5,0,0,20,0,0,0,0,0,0,2023,55.49629,-131.70515,2023-06-20 21:33:18,2023-06-21 04:03:49,,2023-06-21T00:04:23,47310,Ketchikan,hhlfr1,75,forest-conifer,Forest,5,80,0,150,creek,Alaska,0.27119213,0.312858796,0.104918981,0.021585648,11.6,11.1,12.8,91,87,93,0,2.166666667,140.165792,Meteostat
47310,NW,2024-06-14,0,,0,1,0,0,,0,0,0,41,,0,0,0,0,6,,,,0,0,0,0,0,0,4,0,0,3,,,,,,0,2024,55.49629,-131.70515,2024-06-14 21:31:09,2024-06-15 04:03:34,,2024-06-15T01:23:03,47310,Ketchikan,hhlfr1,75,forest-conifer,Forest,5,80,0,150,creek,Alaska,0.272511574,0.314178241,0.161041667,0.077708333,9.671428571,9.2,10.1,79.57142857,78,83,0,3.26984127,64.34851665,Meteostat
47310,NW,2024-06-15,0,,0,1,0,0,,0,0,0,22,,0,0,0,0,14,,,,0,0,0,0,0,0,3,0,0,6,,,,,,0,2024,55.49629,-131.70515,2024-06-15 21:31:41,2024-06-16 04:03:29,,2024-06-16T01:28:20,47310,Ketchikan,hhlfr1,75,forest-conifer,Forest,5,80,0,150,creek,Alaska,0.272083333,0.31375,0.164340278,0.081006944,9.671428571,8.6,11.5,93.28571429,88,96,0,2.400793651,65.8882624,Meteostat
47310,NW,2024-06-16,0,,0,2,0,0,,0,0,0,47,,1,0,0,0,12,,,,0,3,0,0,2,0,3,0,0,11,,,,,,0,2024,55.49629,-131.70515,2024-06-16 21:32:10,2024-06-17 04:03:27,,2024-06-17T01:34:42,47310,Ketchikan,hhlfr1,75,forest-conifer,Forest,5,80,0,150,creek,Alaska,0.271724537,0.313391204,0.168425926,0.085092593,9.328571429,8.4,11.3,92.57142857,86,96,0,4.26984127,68.20284451,Meteostat
47310,NW,2024-06-17,0,,0,7,0,0,,0,0,0,43,,0,0,0,1,14,,,,0,1,0,0,3,0,0,0,0,6,,,,,,0,2024,55.49629,-131.70515,2024-06-17 21:32:35,2024-06-18 04:03:29,,2024-06-18T01:43:17,47310,Ketchikan,hhlfr1,75,forest-conifer,Forest,5,80,0,150,creek,Alaska,0.271458333,0.313125,0.174097222,0.090763889,9.985714286,8.6,12.3,92.14285714,85,96,0,2.714285714,70.72649193,Meteostat
47310,NW,2024-06-18,0,,0,2,0,0,,0,0,0,49,,0,0,0,0,13,,,,0,1,0,0,2,0,2,0,0,5,,,,,,0,2024,55.49629,-131.70515,2024-06-18 21:32:56,2024-06-19 04:03:35,,2024-06-19T01:56:00,47310,Ketchikan,hhlfr1,75,forest-conifer,Forest,5,80,0,150,creek,Alaska,0.271284722,0.312951389,0.182685185,0.099351852,10.01428571,9.2,11.4,95.85714286,91,98,0,4.027777778,73.82164568,Meteostat
47310,NW,2024-06-19,0,,0,3,0,0,,0,0,0,52,,0,0,0,0,9,,,,0,1,0,0,1,0,4,0,0,6,,,,,,0,2024,55.49629,-131.70515,2024-06-19 21:33:13,2024-06-20 04:03:45,,2024-06-20T02:16:25,47310,Ketchikan,hhlfr1,75,forest-conifer,Forest,5,80,0,150,creek,Alaska,0.271203704,0.31287037,0.196666667,0.113333333,10.81428571,9.9,12.8,94.42857143,88,97,0,1.698412698,76.43346741,Meteostat
47310,NW,2024-06-20,0,,1,2,0,0,,0,0,0,70,,0,0,0,0,10,,,,0,5,0,0,3,0,3,0,0,14,,,,,,0,2024,55.49629,-131.70515,2024-06-20 21:33:27,2024-06-21 04:03:58,,2024-06-21T02:50:57,47310,Ketchikan,hhlfr1,75,forest-conifer,Forest,5,80,0,150,creek,Alaska,0.27119213,0.312858796,0.220486111,0.137152778,10.21428571,9.3,12.1,95.14285714,87,98,0,2.869047619,80.03801667,Meteostat
47310,NW,2024-06-21,0,,0,4,0,0,,0,0,0,10,,0,0,0,0,2,,,,0,1,0,0,0,0,1,0,0,0,,,,,,0,2024,55.49629,-131.70515,2024-06-21 21:33:36,2024-06-22 04:04:16,2024-06-21T22:30:22,2024-06-22T03:47:32,47310,Ketchikan,hhlfr1,75,forest-conifer,Forest,5,80,0,150,creek,Alaska,0.271296296,0.312962963,0.22025463,0,11.28571429,11.2,11.4,97,97,97,4.2,9.357142857,83.59299089,Meteostat
47310,NW,2024-06-22,0,,0,9,0,0,,0,0,0,58,,0,0,0,4,12,,,,0,0,0,0,0,0,10,0,4,18,,,,,,0,2024,55.49629,-131.70515,2024-06-22 21:33:42,2024-06-23 04:04:37,2024-06-22T23:15:54,,47310,Ketchikan,hhlfr1,75,forest-conifer,Forest,5,80,0,150,creek,Alaska,0.271469907,0.313136574,0.200497685,0,11.1,10.8,11.4,93.28571429,90,96,0,5.357142857,86.38932567,Meteostat
47310,NW,2024-06-23,0,,0,3,0,0,,0,0,0,43,,0,0,0,6,7,,,,0,0,0,0,0,0,4,0,3,13,,,,,,0,2024,55.49629,-131.70515,2024-06-23 21:33:44,2024-06-24 04:05:01,2024-06-23T23:43:30,,47310,Ketchikan,hhlfr1,75,forest-conifer,Forest,5,80,0,150,creek,Alaska,0.271724537,0.313391204,0.181608796,0.006782407,10.61428571,10.3,11.1,95.28571429,93,97,0,4.928571429,88.93932567,Meteostat
47310,NW,2024-06-24,0,,1,4,0,0,,0,0,0,26,,0,0,0,2,20,,,,0,0,0,0,0,0,1,0,1,20,,,,,,0,2024,55.49629,-131.70515,2024-06-24 21:33:42,2024-06-25 04:05:30,2024-06-25T00:00:25,,47310,Ketchikan,hhlfr1,75,forest-conifer,Forest,5,80,0,150,creek,Alaska,0.272083333,0.31375,0.170196759,0.018553241,12.45714286,11.7,13.3,82.14285714,77,86,0,1.547619048,92.33932567,Meteostat
47310,NW,2024-06-25,0,,0,6,0,0,,0,0,0,20,,0,0,0,0,18,,,,0,2,0,0,1,0,3,0,0,15,,,,,,0,2024,55.49629,-131.70515,2024-06-25 21:33:36,2024-06-26 04:06:02,2024-06-26T00:11:39,,47310,Ketchikan,hhlfr1,75,forest-conifer,Forest,5,80,0,150,creek,Alaska,0.272523148,0.314189815,0.162766204,0.026423611,13.1,12.8,14.4,87.14285714,78,93,0.1,2.079365079,95.48932567,Meteostat
47310,NW,2024-06-26,0,,0,4,0,0,,0,0,0,36,,0,0,0,0,11,,,,0,1,0,0,2,0,9,0,3,12,,,,,,0,2024,55.49629,-131.70515,2024-06-26 21:33:26,2024-06-27 04:06:37,2024-06-27T00:19:57,,47310,Ketchikan,hhlfr1,75,forest-conifer,Forest,5,80,0,150,creek,Alaska,0.273043981,0.314710648,0.157407407,0.032303241,14.28571429,12.8,16.7,83.71428571,70,96,0,1.619047619,100.7893257,Meteostat
47310,NW,2025-06-13,,,0,,0,0,,0,0,0,11,,0,0,0,0,2,,,,0,0,0,0,0,,1,0,0,8,,,,,,,2025,55.49629,-131.70515,2025-06-13 21:30:22,2025-06-14 04:03:46,2025-06-14T00:07:56,,47310,Ketchikan,hhlfr1,75,forest-conifer,Forest,5,80,0,150,creek,Alaska,0.273194444,0.314861111,0.163773148,0.026087963,5.042857143,3,8.3,84.71428571,76,93,0,1.222222222,51.58921115,Meteostat
47310,NW,2025-06-14,,,0,,0,0,,0,0,0,13,,0,0,0,0,9,,,,0,0,0,0,0,,3,0,0,4,,,,,,,2025,55.49629,-131.70515,2025-06-14 21:30:59,2025-06-15 04:03:35,2025-06-15T00:23:50,,47310,Ketchikan,hhlfr1,75,forest-conifer,Forest,5,80,0,150,creek,Alaska,0.272638889,0.314305556,0.152604167,0.036701389,8.371428571,7,9.4,86.42857143,82,93,0,2.238095238,53.33814797,Meteostat
47310,NW,2025-06-15,,,0,,0,0,,0,0,0,2,,0,0,0,0,0,,,,0,0,0,0,0,,0,0,0,0,,,,,,,2025,55.49629,-131.70515,2025-06-15 21:31:32,2025-06-16 04:03:29,2025-06-16T00:34:38,,47310,Ketchikan,hhlfr1,75,forest-conifer,Forest,5,80,0,150,creek,Alaska,0.2721875,0.313854167,0.145034722,0.043819444,10.3,9.4,11.1,85.28571429,76,94,5.9,1.603174603,55.64837233,Meteostat
47310,NW,2025-06-16,,,0,,0,0,,0,0,0,8,,0,0,0,0,5,,,,0,0,0,0,0,,3,0,0,7,,,,,,,2025,55.49629,-131.70515,2025-06-16 21:32:02,2025-06-17 04:03:26,2025-06-17T00:42:43,,47310,Ketchikan,hhlfr1,75,forest-conifer,Forest,5,80,0,150,creek,Alaska,0.271805556,0.313472222,0.139386574,0.049085648,10.02857143,9.4,10.6,82.42857143,76,94,0,1.642857143,57.95656218,Meteostat
47310,NW,2025-06-17,,,0,,0,0,,0,0,0,14,,0,0,0,0,4,,,,0,0,0,0,0,,0,0,1,9,,,,,,,2025,55.49629,-131.70515,2025-06-17 21:32:28,2025-06-18 04:03:27,2025-06-18T00:49:30,,47310,Ketchikan,hhlfr1,75,forest-conifer,Forest,5,80,0,150,creek,Alaska,0.271516204,0.31318287,0.1346875,0.05349537,11.08571429,10,12,90,88,94,2.8,1.563492063,59.94587662,Meteostat
47310,NW,2025-06-18,,,0,,0,0,,0,0,0,4,,0,0,0,0,4,,,,0,0,0,0,0,,1,0,0,4,,,,,,,2025,55.49629,-131.70515,2025-06-18 21:32:50,2025-06-19 04:03:32,2025-06-19T00:56:04,,47310,Ketchikan,hhlfr1,75,forest-conifer,Forest,5,80,0,150,creek,Alaska,0.271319444,0.312986111,0.130185185,0.057800926,10.37142857,8.7,12.2,89.14285714,77,95,0,1.777777778,62.77278364,Meteostat
47310,NW,2025-06-19,,,0,,0,0,,0,0,0,3,,0,0,0,0,2,,,,0,0,0,0,0,,1,0,0,4,,,,,,,2025,55.49629,-131.70515,2025-06-19 21:33:09,2025-06-20 04:03:41,2025-06-20T01:03:24,,47310,Ketchikan,hhlfr1,75,forest-conifer,Forest,5,80,0,150,creek,Alaska,0.271203704,0.31287037,0.125196759,0.062673611,11.17142857,10.6,12.2,86.42857143,82,89,0,3.468253968,65.57278364,Meteostat
47310,NW,2025-06-20,,,0,,0,0,,0,0,0,7,,1,0,0,0,10,,,,0,0,0,0,0,,1,0,0,0,,,,,,,2025,55.49629,-131.70515,2025-06-20 21:33:23,2025-06-21 04:03:54,2025-06-21T01:12:51,,47310,Ketchikan,hhlfr1,75,forest-conifer,Forest,5,80,0,150,creek,Alaska,0.27119213,0.312858796,0.118784722,0.069074074,13.88571429,13.3,15,83.28571429,77,88,0,6.305555556,67.67896583,Meteostat
47310,NW,2025-06-21,,,0,,0,0,,0,0,0,13,,0,0,0,0,12,,,,1,3,0,0,0,,5,0,0,9,,,,,,,2025,55.49629,-131.70515,2025-06-21 21:33:34,2025-06-22 04:04:10,2025-06-22T01:26:36,,47310,Ketchikan,hhlfr1,75,forest-conifer,Forest,5,80,0,150,creek,Alaska,0.27125,0.312916667,0.109421296,0.07849537,13.17142857,12,16.1,93.14285714,77,100,0,1.880952381,71.87896583,Meteostat
47310,NW,2025-06-22,,,0,,0,0,,0,0,0,7,,0,0,0,0,16,,,,0,1,0,0,1,,6,0,1,5,,,,,,,2025,55.49629,-131.70515,2025-06-22 21:33:41,2025-06-23 04:04:31,2025-06-23T01:48:47,,47310,Ketchikan,hhlfr1,75,forest-conifer,Forest,5,80,0,150,creek,Alaska,0.271412037,0.313078704,0.094259259,0.093819444,11.72857143,11.1,12.2,93.85714286,93,94,0,4.373015873,79.77896583,Meteostat
47310,NW,2025-06-23,,,0,,0,0,,0,0,0,8,,0,0,0,0,25,,,,0,0,0,0,0,,7,1,0,22,,,,,,,2025,55.49629,-131.70515,2025-06-23 21:33:44,2025-06-24 04:04:55,2025-06-24T02:26:52,,47310,Ketchikan,hhlfr1,75,forest-conifer,Forest,5,80,0,150,creek,Alaska,0.271655093,0.313321759,0.068090278,0.120231481,11.85714286,11.7,12.2,89,88,94,0.2,1.174603175,84.47896583,Meteostat
47310,NW,2025-06-24,,,0,,0,0,,0,0,0,3,,0,0,0,0,2,,,,0,0,0,0,0,,7,0,3,43,,,,,,,2025,55.49629,-131.70515,2025-06-24 21:33:43,2025-06-25 04:05:23,2025-06-25T03:29:11,2025-06-24T22:03:48,47310,Ketchikan,hhlfr1,75,forest-conifer,Forest,5,80,0,150,creek,Alaska,0.271990741,0.313657407,-0.225960648,0.163518519,12.08571429,12,12.2,93.71428571,93,94,2.8,3.996031746,87.22896583,Meteostat
47310,NW,2025-06-25,,,0,,0,0,,0,0,0,0,,0,0,0,0,4,,,,0,1,0,0,0,,1,0,7,25,,,,,,,2025,55.49629,-131.70515,2025-06-25 21:33:38,2025-06-26 04:05:54,,2025-06-25T22:50:42,47310,Ketchikan,hhlfr1,75,forest-conifer,Forest,5,80,0,150,creek,Alaska,0.272407407,0.314074074,0.053518519,0,11.74285714,11.7,12,93.85714286,93,94,0.8,2.5,90.02896583,Meteostat
47310,NW,2025-06-26,,,0,,0,0,,0,0,0,2,,0,0,0,0,1,,,,0,1,0,0,0,,1,0,2,19,,,,,,,2025,55.49629,-131.70515,2025-06-26 21:33:29,2025-06-27 04:06:29,,2025-06-26T23:17:41,47310,Ketchikan,hhlfr1,75,forest-conifer,Forest,5,80,0,150,creek,Alaska,0.272916667,0.314583333,0.072361111,0,11.61428571,11.1,12,91.28571429,88,94,4.9,4.857142857,92.37896583,Meteostat
47310,NW-SM,2024-06-14,0,,0,0,0,0,,0,0,0,26,,0,0,0,0,6,,,,0,0,0,0,0,0,1,0,0,13,,,,,,0,2024,55.49629,-131.70515,2024-06-14 21:31:09,2024-06-15 04:03:34,,2024-06-15T01:23:03,47310,Ketchikan,hhlfr1-SM,75,forest-conifer,Forest,5,80,0,150,creek,Alaska,0.272511574,0.314178241,0.161041667,0.077708333,9.671428571,9.2,10.1,79.57142857,78,83,0,3.26984127,64.34851665,Meteostat
47310,NW-SM,2024-06-15,0,,0,0,0,0,,0,0,0,12,,0,0,0,0,14,,,,0,0,0,0,0,0,1,0,0,7,,,,,,0,2024,55.49629,-131.70515,2024-06-15 21:31:41,2024-06-16 04:03:29,,2024-06-16T01:28:20,47310,Ketchikan,hhlfr1-SM,75,forest-conifer,Forest,5,80,0,150,creek,Alaska,0.272083333,0.31375,0.164340278,0.081006944,9.671428571,8.6,11.5,93.28571429,88,96,0,2.400793651,65.8882624,Meteostat
47310,NW-SM,2024-06-16,0,,0,0,0,0,,0,0,0,28,,0,0,0,0,9,,,,0,2,0,0,0,0,0,0,0,17,,,,,,0,2024,55.49629,-131.70515,2024-06-16 21:32:10,2024-06-17 04:03:27,,2024-06-17T01:34:42,47310,Ketchikan,hhlfr1-SM,75,forest-conifer,Forest,5,80,0,150,creek,Alaska,0.271724537,0.313391204,0.168425926,0.085092593,9.328571429,8.4,11.3,92.57142857,86,96,0,4.26984127,68.20284451,Meteostat
47310,NW-SM,2024-06-17,0,,0,0,0,0,,0,0,0,26,,0,0,0,0,12,,,,0,0,0,0,0,0,2,0,1,13,,,,,,0,2024,55.49629,-131.70515,2024-06-17 21:32:35,2024-06-18 04:03:29,,2024-06-18T01:43:17,47310,Ketchikan,hhlfr1-SM,75,forest-conifer,Forest,5,80,0,150,creek,Alaska,0.271458333,0.313125,0.174097222,0.090763889,9.985714286,8.6,12.3,92.14285714,85,96,0,2.714285714,70.72649193,Meteostat
47310,NW-SM,2024-06-18,0,,0,0,0,0,,0,0,0,27,,0,0,0,1,9,,,,0,0,0,0,0,0,0,0,0,11,,,,,,0,2024,55.49629,-131.70515,2024-06-18 21:32:56,2024-06-19 04:03:35,,2024-06-19T01:56:00,47310,Ketchikan,hhlfr1-SM,75,forest-conifer,Forest,5,80,0,150,creek,Alaska,0.271284722,0.312951389,0.182685185,0.099351852,10.01428571,9.2,11.4,95.85714286,91,98,0,4.027777778,73.82164568,Meteostat
47310,NW-SM,2024-06-19,0,,0,0,0,0,,0,0,0,34,,0,0,0,0,6,,,,0,0,0,0,0,0,2,0,0,13,,,,,,0,2024,55.49629,-131.70515,2024-06-19 21:33:13,2024-06-20 04:03:45,,2024-06-20T02:16:25,47310,Ketchikan,hhlfr1-SM,75,forest-conifer,Forest,5,80,0,150,creek,Alaska,0.271203704,0.31287037,0.196666667,0.113333333,10.81428571,9.9,12.8,94.42857143,88,97,0,1.698412698,76.43346741,Meteostat
47310,NW-SM,2024-06-20,0,,1,0,0,0,,0,0,0,32,,0,0,0,0,7,,,,0,3,0,0,0,0,2,1,0,29,,,,,,0,2024,55.49629,-131.70515,2024-06-20 21:33:27,2024-06-21 04:03:58,,2024-06-21T02:50:57,47310,Ketchikan,hhlfr1-SM,75,forest-conifer,Forest,5,80,0,150,creek,Alaska,0.27119213,0.312858796,0.220486111,0.137152778,10.21428571,9.3,12.1,95.14285714,87,98,0,2.869047619,80.03801667,Meteostat
47310,NW-SM,2024-06-21,0,,0,0,0,0,,0,0,0,7,,0,0,0,0,2,,,,0,0,0,0,0,0,0,0,0,4,,,,,,0,2024,55.49629,-131.70515,2024-06-21 21:33:36,2024-06-22 04:04:16,2024-06-21T22:30:22,2024-06-22T03:47:32,47310,Ketchikan,hhlfr1-SM,75,forest-conifer,Forest,5,80,0,150,creek,Alaska,0.271296296,0.312962963,0.22025463,0,11.28571429,11.2,11.4,97,97,97,4.2,9.357142857,83.59299089,Meteostat
47310,NW-SM,2024-06-22,0,,0,0,0,0,,0,0,0,19,,0,0,0,0,9,,,,0,0,0,0,0,0,0,0,3,25,,,,,,0,2024,55.49629,-131.70515,2024-06-22 21:33:42,2024-06-23 04:04:37,2024-06-22T23:15:54,,47310,Ketchikan,hhlfr1-SM,75,forest-conifer,Forest,5,80,0,150,creek,Alaska,0.271469907,0.313136574,0.200497685,0,11.1,10.8,11.4,93.28571429,90,96,0,5.357142857,86.38932567,Meteostat
47310,NW-SM,2024-06-23,0,,0,0,0,0,,0,0,0,15,,0,0,0,0,4,,,,0,0,0,0,0,0,0,0,5,17,,,,,,0,2024,55.49629,-131.70515,2024-06-23 21:33:44,2024-06-24 04:05:01,2024-06-23T23:43:30,,47310,Ketchikan,hhlfr1-SM,75,forest-conifer,Forest,5,80,0,150,creek,Alaska,0.271724537,0.313391204,0.181608796,0.006782407,10.61428571,10.3,11.1,95.28571429,93,97,0,4.928571429,88.93932567,Meteostat
47310,NW-SM,2024-06-24,0,,0,0,0,0,,0,0,0,14,,0,0,0,0,11,,,,0,0,0,0,0,0,0,0,2,16,,,,,,0,2024,55.49629,-131.70515,2024-06-24 21:33:42,2024-06-25 04:05:30,2024-06-25T00:00:25,,47310,Ketchikan,hhlfr1-SM,75,forest-conifer,Forest,5,80,0,150,creek,Alaska,0.272083333,0.31375,0.170196759,0.018553241,12.45714286,11.7,13.3,82.14285714,77,86,0,1.547619048,92.33932567,Meteostat
47310,NW-SM,2024-06-25,0,,0,0,0,0,,0,0,0,8,,0,0,0,0,10,,,,0,0,0,0,0,0,0,0,0,15,,,,,,0,2024,55.49629,-131.70515,2024-06-25 21:33:36,2024-06-26 04:06:02,2024-06-26T00:11:39,,47310,Ketchikan,hhlfr1-SM,75,forest-conifer,Forest,5,80,0,150,creek,Alaska,0.272523148,0.314189815,0.162766204,0.026423611,13.1,12.8,14.4,87.14285714,78,93,0.1,2.079365079,95.48932567,Meteostat
47310,NW-SM,2024-06-26,0,,0,0,0,0,,0,0,0,14,,0,0,0,0,7,,,,0,0,0,0,0,0,2,0,1,33,,,,,,0,2024,55.49629,-131.70515,2024-06-26 21:33:26,2024-06-27 04:06:37,2024-06-27T00:19:57,,47310,Ketchikan,hhlfr1-SM,75,forest-conifer,Forest,5,80,0,150,creek,Alaska,0.273043981,0.314710648,0.157407407,0.032303241,14.28571429,12.8,16.7,83.71428571,70,96,0,1.619047619,100.7893257,Meteostat
47310,SE,2019-07-04,0,0,0,2,0,0,0,0,0,0,0,0,0,0,0,0,6,0,0,0,0,12,0,0,7,0,0,0,0,16,0,0,0,0,0,0,2019,55.45411,-131.61887,2019-07-04 21:29:43,2019-07-05 04:12:33,,2019-07-04T23:08:26,47310,Ketchikan,hhlms1,126,forested wetland,Muskeg,2,40,0,160,creek,Alaska,0.27974537,0.321412037,0.068553241,0,13.6875,11.7,16.7,91.625,86,96,0,1.013888889,222.8095567,Meteostat
47310,SE,2019-07-05,0,0,0,1,0,0,0,0,0,0,0,0,0,0,0,0,1,0,0,0,0,0,0,0,4,0,0,0,0,0,0,0,0,0,0,0,2019,55.45411,-131.61887,2019-07-05 21:29:03,2019-07-06 04:13:36,,2019-07-05T23:36:55,47310,Ketchikan,hhlms1,126,forested wetland,Muskeg,2,40,0,160,creek,Alaska,0.2809375,0.322604167,0.088796296,0.005462963,18.8125,15,22.2,68.625,53,87,0,1.930555556,230.3095567,Meteostat
47310,SE,2019-07-06,0,0,0,0,0,0,0,0,0,2,0,0,0,0,0,0,2,0,0,0,0,4,0,0,1,0,0,0,0,7,0,0,0,0,0,0,2019,55.45411,-131.61887,2019-07-06 21:28:19,2019-07-07 04:14:41,,2019-07-06T23:59:24,47310,Ketchikan,hhlms1,126,forested wetland,Muskeg,2,40,0,160,creek,Alaska,0.282199074,0.323865741,0.104918981,0.021585648,15.0625,13.3,18.3,90,81,97,0,2.986111111,239.5095567,Meteostat
47310,SE,2019-07-07,0,0,0,8,0,0,0,0,0,0,0,0,0,0,0,0,3,0,0,0,0,12,0,0,23,0,0,0,0,21,0,0,0,0,0,0,2019,55.45411,-131.61887,2019-07-07 21:27:31,2019-07-08 04:15:49,,2019-07-08T00:18:24,47310,Ketchikan,hhlms1,126,forested wetland,Muskeg,2,40,0,160,creek,Alaska,0.283541667,0.325208333,0.118668981,0.035335648,13.725,13.3,14.4,93,87,97,0,3.111111111,250.3595567,Meteostat
47310,SE,2019-07-08,0,0,0,1,0,0,0,0,0,0,0,0,0,0,0,0,6,0,0,0,0,8,0,0,9,0,0,0,0,13,0,0,0,0,0,0,2019,55.45411,-131.61887,2019-07-08 21:26:39,2019-07-09 04:17:00,,2019-07-09T00:35:46,47310,Ketchikan,hhlms1,126,forested wetland,Muskeg,2,40,0,160,creek,Alaska,0.284965278,0.326631944,0.131331019,0.047997685,14.2875,13.3,15,90,83,100,0,2.381944444,255.6595567,Meteostat
47310,SE,2019-07-09,0,0,0,1,0,0,0,0,0,0,0,0,0,0,0,0,5,0,0,0,0,5,0,0,7,0,0,0,0,17,0,0,0,0,0,0,2019,55.45411,-131.61887,2019-07-09 21:25:44,2019-07-10 04:18:13,,2019-07-10T00:53:03,47310,Ketchikan,hhlms1,126,forested wetland,Muskeg,2,40,0,160,creek,Alaska,0.286446759,0.328113426,0.143969907,0.060636574,12.1625,10,16.1,91.25,75,97,0,1.354166667,260.3595567,Meteostat
47310,SE,2019-07-10,0,0,0,1,0,0,0,0,0,0,0,0,0,0,0,0,0,0,0,0,0,3,0,0,1,0,0,0,0,3,0,0,0,0,0,0,2019,55.45411,-131.61887,2019-07-10 21:24:46,2019-07-11 04:19:29,,2019-07-11T01:11:39,47310,Ketchikan,hhlms1,126,forested wetland,Muskeg,2,40,0,160,creek,Alaska,0.287997685,0.329664352,0.15755787,0.074224537,15.2,14.4,16.1,90.375,80,100,0,3.861111111,265.6595567,Meteostat
47310,SE,2020-06-06,0,0,0,0,0,0,0,0,0,3,0,0,0,0,0,0,0,0,0,0,0,0,0,0,0,0,0,0,0,0,0,0,0,0,0,0,2020,55.45411,-131.61887,2020-06-06 21:24:00,2020-06-07 04:06:35,2020-06-06T22:52:18,,47310,Ketchikan,hhlms1,126,forested wetland,Muskeg,2,40,0,160,creek,Alaska,0.279571759,0.321238426,0.218252315,0,11.3375,10.6,12.8,67.5,66,69,0,3.159722222,75.67589178,Meteostat
47310,SE,2020-06-07,0,0,0,3,0,0,0,0,0,0,0,0,0,0,0,0,1,0,0,0,0,0,0,0,0,0,0,0,0,2,0,0,0,0,0,0,2020,55.45411,-131.61887,2020-06-07 21:25:00,2020-06-08 04:06:00,2020-06-07T23:48:29,,47310,Ketchikan,hhlms1,126,forested wetland,Muskeg,2,40,0,160,creek,Alaska,0.278472222,0.320138889,0.178831019,0.01630787,8.1125,7.2,10,95.625,89,100,0,1.076388889,79.34444697,Meteostat
47310,SE,2020-06-08,0,0,0,0,0,0,0,0,0,0,0,0,0,0,0,0,0,0,0,0,0,0,0,0,0,0,0,0,0,2,0,0,0,0,0,0,2020,55.45411,-131.61887,2020-06-08 21:25:57,2020-06-09 04:05:27,2020-06-09T00:28:59,,47310,Ketchikan,hhlms1,126,forested wetland,Muskeg,2,40,0,160,creek,Alaska,0.277430556,0.319097222,0.150324074,0.043773148,8.6875,6.7,11.7,87,66,97,0.6,1.027777778,80.35715022,Meteostat
47310,SE,2020-06-09,0,0,0,0,0,0,0,0,0,0,0,0,0,0,0,0,0,0,0,0,0,1,0,0,1,0,0,0,0,2,0,0,0,0,0,0,2020,55.45411,-131.61887,2020-06-09 21:26:50,2020-06-10 04:04:59,2020-06-10T00:57:37,,47310,Ketchikan,hhlms1,126,forested wetland,Muskeg,2,40,0,160,creek,Alaska,0.276493056,0.318159722,0.130115741,0.063043981,10.7125,10,11.7,93.625,89,97,3.9,5.423611111,81.93147823,Meteostat
47310,SE,2022-06-18,0,0,0,12,0,0,0,0,0,0,0,0,0,0,0,0,1,0,0,0,0,1,0,0,2,0,3,0,0,10,0,0,0,0,0,0,2022,55.45411,-131.61887,2022-06-18 21:32:06,2022-06-19 04:03:30,2022-06-19T01:00:47,,47310,Ketchikan,hhlms1,126,forested wetland,Muskeg,2,40,0,160,creek,Alaska,0.271805556,0.313472222,0.126886574,0.061585648,11.42857143,10,12.2,86.28571429,83,93,0,4.48015873,97.79563257,Meteostat
47310,SE,2022-06-19,0,0,0,16,0,0,0,0,0,2,1,0,0,0,0,0,1,0,0,0,0,5,0,0,1,0,2,0,0,13,0,0,0,0,0,0,2022,55.45411,-131.61887,2022-06-19 21:32:26,2022-06-20 04:03:38,2022-06-20T01:11:37,,47310,Ketchikan,hhlms1,126,forested wetland,Muskeg,2,40,0,160,creek,Alaska,0.271666667,0.313333333,0.119456019,0.068877315,10.95714286,10.6,11.1,96.71428571,96,97,10.9,4.932539683,101.6956326,Meteostat
47310,SE,2022-06-20,0,0,0,1,0,0,0,0,0,0,0,0,0,0,0,0,1,0,0,0,0,0,0,0,1,0,1,0,0,8,0,0,0,0,0,0,2022,55.45411,-131.61887,2022-06-20 21:32:41,2022-06-21 04:03:50,2022-06-21T01:20:29,,47310,Ketchikan,hhlms1,126,forested wetland,Muskeg,2,40,0,160,creek,Alaska,0.271631944,0.313298611,0.1134375,0.074861111,10.81428571,10,11.7,90.28571429,86,96,0,1.904761905,103.1471322,Meteostat
47310,SE,2022-06-21,0,0,0,0,0,0,0,0,0,0,0,0,0,0,0,0,0,0,0,0,0,1,0,0,0,0,0,0,0,4,0,0,0,0,0,0,2022,55.45411,-131.61887,2022-06-21 21:32:53,2022-06-22 04:04:05,2022-06-22T01:28:38,,47310,Ketchikan,hhlms1,126,forested wetland,Muskeg,2,40,0,160,creek,Alaska,0.271666667,0.313333333,0.107951389,0.080381944,8.314285714,7.8,8.9,94,89,97,14.5,1.587301587,105.9471322,Meteostat
47310,SE,2022-06-22,0,0,1,0,0,0,0,0,0,0,0,0,0,0,0,0,0,0,0,0,0,0,0,0,0,0,0,0,0,1,0,0,0,0,0,0,2022,55.45411,-131.61887,2022-06-22 21:33:01,2022-06-23 04:04:24,2022-06-23T01:37:03,,47310,Ketchikan,hhlms1,126,forested wetland,Muskeg,2,40,0,160,creek,Alaska,0.271793981,0.313460648,0.102326389,0.086134259,10.67142857,10.6,11.1,89.42857143,86,92,0,0.587301587,107.1840095,Meteostat
47310,SE,2022-06-23,0,0,0,0,0,0,0,0,0,0,1,0,0,0,0,0,1,0,0,0,0,0,0,0,0,0,0,0,0,1,0,0,0,0,0,0,2022,55.45411,-131.61887,2022-06-23 21:33:05,2022-06-24 04:04:47,2022-06-24T01:46:44,,47310,Ketchikan,hhlms1,126,forested wetland,Muskeg,2,40,0,160,creek,Alaska,0.272013889,0.313680556,0.095868056,0.0928125,8.857142857,7.2,12.2,93.71428571,86,97,0,0.428571429,108.8433482,Meteostat
47310,SE,2022-06-25,0,0,0,13,0,0,0,0,0,0,0,0,0,0,0,0,2,0,0,0,0,11,0,0,2,0,10,0,0,23,0,0,0,0,0,0,2022,55.45411,-131.61887,2022-06-25 21:33:01,2022-06-26 04:05:44,2022-06-26T02:15:25,,47310,Ketchikan,hhlms1,126,forested wetland,Muskeg,2,40,0,160,creek,Alaska,0.272719907,0.314386574,0.076608796,0.112777778,11.45714286,10,16.7,88.28571429,67,96,0,0.301587302,117.0984566,Meteostat
47310,SE,2022-06-26,0,0,0,4,0,0,0,0,0,0,0,0,0,0,0,0,0,0,0,0,0,0,0,0,0,0,1,0,0,11,0,0,0,0,0,0,2022,55.45411,-131.61887,2022-06-26 21:32:54,2022-06-27 04:06:18,2022-06-27T02:38:59,,47310,Ketchikan,hhlms1,126,forested wetland,Muskeg,2,40,0,160,creek,Alaska,0.273194444,0.314861111,0.060636574,0.129224537,12.95714286,11.7,15.6,94.57142857,83,100,0,0.428571429,123.6854701,Meteostat
47310,SE,2022-06-27,0,0,1,7,0,0,0,0,0,0,1,0,0,0,0,0,3,0,0,0,0,2,0,0,0,0,3,0,0,25,0,0,0,0,0,0,2022,55.45411,-131.61887,2022-06-27 21:32:42,2022-06-28 04:06:55,2022-06-28T03:13:14,,47310,Ketchikan,hhlms1,126,forested wetland,Muskeg,2,40,0,160,creek,Alaska,0.273761574,0.315428241,0.037280093,0.153148148,14.12857143,13.3,15.6,94,83,97,0,2.452380952,130.6354701,Meteostat
47310,SE,2022-06-28,0,0,0,1,0,0,0,0,0,0,0,0,0,0,0,0,1,0,0,0,0,0,0,0,1,0,1,0,0,7,0,0,0,0,0,0,2022,55.45411,-131.61887,2022-06-28 21:32:27,2022-06-29 04:07:36,2022-06-29T04:01:23,2022-06-28T22:06:16,47310,Ketchikan,hhlms1,126,forested wetland,Muskeg,2,40,0,160,creek,Alaska,0.274409722,0.316076389,-0.246608796,0.186759259,13.38571429,13.3,13.9,92.57142857,90,93,0.3,2.222222222,138.3854701,Meteostat
47310,SE,2022-06-29,0,0,0,2,0,0,0,0,0,0,0,0,0,0,0,0,1,0,0,0,0,0,0,0,0,0,0,0,0,8,0,0,0,0,0,0,2022,55.45411,-131.61887,2022-06-29 21:32:08,2022-06-30 04:08:20,,2022-06-29T22:48:35,47310,Ketchikan,hhlms1,126,forested wetland,Muskeg,2,40,0,160,creek,Alaska,0.275138889,0.316805556,0.053090278,0,13.55714286,13.3,13.9,87,87,87,0,2.023809524,142.8354701,Meteostat
47310,SE,2022-06-30,0,0,0,6,0,0,0,0,0,0,0,0,0,0,0,0,3,0,0,0,0,0,0,0,0,0,0,0,0,13,0,0,0,0,0,0,2022,55.45411,-131.61887,2022-06-30 21:31:45,2022-07-01 04:09:08,,2022-06-30T23:18:03,47310,Ketchikan,hhlms1,126,forested wetland,Muskeg,2,40,0,160,creek,Alaska,0.275960648,0.317627315,0.073819444,0,14.42857143,13.9,15,90.42857143,87,93,0,1.722222222,148.6354701,Meteostat
47310,SE,2022-07-01,0,0,0,9,0,0,0,0,0,1,1,0,0,0,0,0,1,0,0,0,0,8,0,0,0,0,0,0,0,17,0,0,0,0,0,0,2022,55.45411,-131.61887,2022-07-01 21:31:18,2022-07-02 04:09:59,,2022-07-01T23:38:22,47310,Ketchikan,hhlms1,126,forested wetland,Muskeg,2,40,0,160,creek,Alaska,0.276863426,0.318530093,0.088240741,0.004907407,14.2,12.2,15,91.28571429,90,96,0,1.476190476,154.4354701,Meteostat
47310,SE,2022-07-02,0,0,1,2,0,0,0,0,0,0,0,0,0,0,0,0,2,0,0,0,0,1,0,0,0,0,1,0,0,7,0,0,0,0,0,0,2022,55.45411,-131.61887,2022-07-02 21:30:47,2022-07-03 04:10:53,,2022-07-02T23:52:51,47310,Ketchikan,hhlms1,126,forested wetland,Muskeg,2,40,0,160,creek,Alaska,0.277847222,0.319513889,0.098657407,0.015324074,15.55714286,14.4,16.7,84.71428571,78,90,0,2.666666667,160.5354701,Meteostat
47310,SE,2022-07-03,0,0,0,4,0,0,0,0,0,0,0,0,0,0,0,0,0,0,0,0,0,1,0,0,0,0,0,0,0,9,0,0,0,0,0,0,2022,55.45411,-131.61887,2022-07-03 21:30:13,2022-07-04 04:11:50,,2022-07-04T00:03:49,47310,Ketchikan,hhlms1,126,forested wetland,Muskeg,2,40,0,160,creek,Alaska,0.278900463,0.32056713,0.106666667,0.023333333,14.02857143,13.3,15.6,94.71428571,90,97,0,2.468253968,168.2854701,Meteostat
47310,SE,2022-07-04,0,0,0,3,0,0,0,0,0,0,0,0,0,0,0,0,0,0,0,0,0,0,0,0,0,0,0,0,0,9,0,0,0,0,0,0,2022,55.45411,-131.61887,2022-07-04 21:29:35,2022-07-05 04:12:50,,2022-07-05T00:12:51,47310,Ketchikan,hhlms1,126,forested wetland,Muskeg,2,40,0,160,creek,Alaska,0.280034722,0.321701389,0.11337963,0.030046296,13.875,13.3,14.4,90,87,93,0.3,5.548611111,177.6854701,Meteostat
47310,SE,2022-07-05,0,0,1,4,0,0,0,0,0,2,0,0,0,0,0,0,0,0,0,0,0,0,0,0,0,0,0,0,0,8,0,0,0,0,0,0,2022,55.45411,-131.61887,2022-07-05 21:28:53,2022-07-06 04:13:54,,2022-07-06T00:21:02,47310,Ketchikan,hhlms1,126,forested wetland,Muskeg,2,40,0,160,creek,Alaska,0.281261574,0.322928241,0.119548611,0.036215278,13.1375,11.7,13.9,91.125,87,96,0,1.805555556,184.6354701,Meteostat
47310,SE,2023-06-14,0,0,0,0,0,0,0,0,0,1,0,0,0,0,0,0,1,0,0,0,0,0,0,0,0,0,0,0,0,1,0,0,0,0,0,0,2023,55.45411,-131.61887,2023-06-14 21:30:03,2023-06-15 04:03:39,2023-06-15T02:23:11,,47310,Ketchikan,hhlms1,126,forested wetland,Muskeg,2,40,0,160,creek,Alaska,0.273333333,0.315,0.069768519,0.120231481,8.942857143,8.3,10,82.14285714,74,90,0,1.761904762,123.0437954,Meteostat
47310,SE,2023-06-20,0,0,0,0,0,0,0,0,0,0,0,0,0,0,0,0,0,0,0,0,0,0,0,0,0,0,0,0,0,2,0,0,0,0,0,0,2023,55.45411,-131.61887,2023-06-20 21:32:39,2023-06-21 04:03:47,,2023-06-21T00:03:44,47310,Ketchikan,hhlms1,126,forested wetland,Muskeg,2,40,0,160,creek,Alaska,0.27162037,0.313287037,0.104918981,0.021585648,11.6,11.1,12.8,91,87,93,0,2.166666667,140.165792,Meteostat
47310,SE,2024-06-14,0,,0,1,0,0,,0,0,2,2,,0,0,0,0,4,,,,0,3,0,0,3,0,3,0,0,0,,,,,,0,2024,55.45411,-131.61887,2024-06-14 21:30:29,2024-06-15 04:03:32,,2024-06-15T01:22:43,47310,Ketchikan,hhlms1,126,forested wetland,Muskeg,2,40,0,160,creek,Alaska,0.272951389,0.314618056,0.161273148,0.077939815,9.671428571,9.2,10.1,79.57142857,78,83,0,3.26984127,64.34851665,Meteostat
47310,SE,2024-06-15,0,,0,1,0,0,,0,0,1,0,,0,0,0,1,5,,,,0,4,0,0,1,0,3,0,0,0,,,,,,0,2024,55.45411,-131.61887,2024-06-15 21:31:02,2024-06-16 04:03:27,,2024-06-16T01:28:04,47310,Ketchikan,hhlms1,126,forested wetland,Muskeg,2,40,0,160,creek,Alaska,0.272511574,0.314178241,0.164606481,0.081273148,9.671428571,8.6,11.5,93.28571429,88,96,0,2.400793651,65.8882624,Meteostat
47310,SE,2024-06-16,0,,0,1,0,0,,0,0,1,0,,0,0,0,0,7,,,,0,3,0,0,2,0,4,0,0,0,,,,,,0,2024,55.45411,-131.61887,2024-06-16 21:31:31,2024-06-17 04:03:25,,2024-06-17T01:34:30,47310,Ketchikan,hhlms1,126,forested wetland,Muskeg,2,40,0,160,creek,Alaska,0.272152778,0.313819444,0.168738426,0.085405093,9.328571429,8.4,11.3,92.57142857,86,96,0,4.26984127,68.20284451,Meteostat
47310,SE,2024-06-17,0,,0,2,0,0,,0,0,1,0,,0,0,0,0,0,,,,0,0,0,0,1,0,0,0,0,0,,,,,,0,2024,55.45411,-131.61887,2024-06-17 21:31:55,2024-06-18 04:03:27,,2024-06-18T01:43:09,47310,Ketchikan,hhlms1,126,forested wetland,Muskeg,2,40,0,160,creek,Alaska,0.271898148,0.313564815,0.174467593,0.091134259,9.985714286,8.6,12.3,92.14285714,85,96,0,2.714285714,70.72649193,Meteostat
47310,SE,2024-06-18,0,,0,0,0,0,,0,0,1,2,,0,0,0,0,0,,,,0,10,0,0,3,0,1,0,0,0,,,,,,0,2024,55.45411,-131.61887,2024-06-18 21:32:17,2024-06-19 04:03:33,,2024-06-19T01:55:56,47310,Ketchikan,hhlms1,126,forested wetland,Muskeg,2,40,0,160,creek,Alaska,0.271712963,0.31337963,0.183090278,0.099756944,10.01428571,9.2,11.4,95.85714286,91,98,0,4.027777778,73.82164568,Meteostat
47310,SE,2024-06-19,0,,0,0,0,0,,0,0,0,1,,0,0,0,0,2,,,,0,2,0,0,2,0,1,0,0,0,,,,,,0,2024,55.45411,-131.61887,2024-06-19 21:32:34,2024-06-20 04:03:43,,2024-06-20T02:16:27,47310,Ketchikan,hhlms1,126,forested wetland,Muskeg,2,40,0,160,creek,Alaska,0.271631944,0.313298611,0.197141204,0.11380787,10.81428571,9.9,12.8,94.42857143,88,97,0,1.698412698,76.43346741,Meteostat
47310,SE,2024-06-20,0,,0,0,0,0,,0,0,0,3,,0,0,0,0,1,,,,0,1,0,0,1,0,1,0,0,0,,,,,,0,2024,55.45411,-131.61887,2024-06-20 21:32:47,2024-06-21 04:03:56,,2024-06-21T02:51:04,47310,Ketchikan,hhlms1,126,forested wetland,Muskeg,2,40,0,160,creek,Alaska,0.271631944,0.313298611,0.221030093,0.137696759,10.21428571,9.3,12.1,95.14285714,87,98,0,2.869047619,80.03801667,Meteostat
47310,SE,2024-06-21,0,,0,0,0,0,,0,0,0,1,,0,0,0,0,0,,,,0,0,0,0,2,0,1,0,0,0,,,,,,0,2024,55.45411,-131.61887,2024-06-21 21:32:57,2024-06-22 04:04:14,2024-06-21T22:29:32,2024-06-22T03:47:39,47310,Ketchikan,hhlms1,126,forested wetland,Muskeg,2,40,0,160,creek,Alaska,0.271724537,0.313391204,0.220914352,0,11.28571429,11.2,11.4,97,97,97,4.2,9.357142857,83.59299089,Meteostat
47310,SE,2024-06-22,0,,0,1,0,0,,0,0,0,1,,0,0,0,0,0,,,,0,2,0,0,2,0,0,0,0,0,,,,,,0,2024,55.45411,-131.61887,2024-06-22 21:33:03,2024-06-23 04:04:35,2024-06-22T23:15:07,,47310,Ketchikan,hhlms1,126,forested wetland,Muskeg,2,40,0,160,creek,Alaska,0.271898148,0.313564815,0.201018519,0,11.1,10.8,11.4,93.28571429,90,96,0,5.357142857,86.38932567,Meteostat
47310,SE,2024-06-23,0,,0,2,0,0,,0,0,1,0,,0,0,0,0,2,,,,0,4,0,0,2,0,0,0,0,0,,,,,,0,2024,55.45411,-131.61887,2024-06-23 21:33:05,2024-06-24 04:04:59,2024-06-23T23:42:50,,47310,Ketchikan,hhlms1,126,forested wetland,Muskeg,2,40,0,160,creek,Alaska,0.272152778,0.313819444,0.182048611,0.006770833,10.61428571,10.3,11.1,95.28571429,93,97,0,4.928571429,88.93932567,Meteostat
47310,SE,2024-06-24,0,,0,1,0,0,,0,0,0,0,,0,0,0,1,5,,,,0,9,0,0,6,0,1,0,0,0,,,,,,0,2024,55.45411,-131.61887,2024-06-24 21:33:03,2024-06-25 04:05:28,2024-06-24T23:59:51,,47310,Ketchikan,hhlms1,126,forested wetland,Muskeg,2,40,0,160,creek,Alaska,0.272511574,0.314178241,0.17056713,0.018611111,12.45714286,11.7,13.3,82.14285714,77,86,0,1.547619048,92.33932567,Meteostat
47310,SE,2024-06-25,0,,0,1,0,0,,0,0,0,1,,0,0,0,0,0,,,,0,4,0,0,2,0,3,0,0,0,,,,,,0,2024,55.45411,-131.61887,2024-06-25 21:32:57,2024-06-26 04:05:59,2024-06-26T00:11:09,,47310,Ketchikan,hhlms1,126,forested wetland,Muskeg,2,40,0,160,creek,Alaska,0.272939815,0.314606481,0.163078704,0.026527778,13.1,12.8,14.4,87.14285714,78,93,0.1,2.079365079,95.48932567,Meteostat
47310,SE,2024-06-26,0,,0,0,0,0,,0,0,1,0,,0,0,0,0,0,,,,0,2,0,0,2,0,0,0,0,0,,,,,,0,2024,55.45411,-131.61887,2024-06-26 21:32:47,2024-06-27 04:06:35,2024-06-27T00:19:32,,47310,Ketchikan,hhlms1,126,forested wetland,Muskeg,2,40,0,160,creek,Alaska,0.273472222,0.315138889,0.157673611,0.032465278,14.28571429,12.8,16.7,83.71428571,70,96,0,1.619047619,100.7893257,Meteostat
47310,SE,2025-06-13,,,0,,0,0,,0,0,4,0,,0,0,0,0,0,,,,0,1,0,0,0,,0,0,0,0,,,,,,,2025,55.45411,-131.61887,2025-06-13 21:29:43,2025-06-14 04:03:44,2025-06-14T00:07:15,,47310,Ketchikan,hhlms1,126,forested wetland,Muskeg,2,40,0,160,creek,Alaska,0.273622685,0.315289352,0.164224537,0.026064815,5.45,3,8.3,83.625,76,93,0,1.333333333,51.58921115,Meteostat
47310,SE,2025-06-14,,,0,,0,0,,0,0,1,0,,0,0,0,0,0,,,,0,2,0,0,1,,0,0,0,2,,,,,,,2025,55.45411,-131.61887,2025-06-14 21:30:20,2025-06-15 04:03:33,2025-06-15T00:23:15,,47310,Ketchikan,hhlms1,126,forested wetland,Muskeg,2,40,0,160,creek,Alaska,0.27306713,0.314733796,0.152986111,0.036747685,8.371428571,7,9.4,86.42857143,82,93,0,2.238095238,53.33814797,Meteostat
47310,SE,2025-06-15,,,0,,0,0,,0,0,1,0,,0,0,0,0,0,,,,0,3,0,0,0,,1,0,0,5,,,,,,,2025,55.45411,-131.61887,2025-06-15 21:30:53,2025-06-16 04:03:27,2025-06-16T00:34:08,,47310,Ketchikan,hhlms1,126,forested wetland,Muskeg,2,40,0,160,creek,Alaska,0.272615741,0.314282407,0.145358796,0.043923611,10.3,9.4,11.1,85.28571429,76,94,5.9,1.603174603,55.64837233,Meteostat
47310,SE,2025-06-16,,,0,,0,0,,0,0,0,0,,0,0,0,0,1,,,,0,0,0,0,0,,1,0,0,3,,,,,,,2025,55.45411,-131.61887,2025-06-16 21:31:23,2025-06-17 04:03:24,2025-06-17T00:42:16,,47310,Ketchikan,hhlms1,126,forested wetland,Muskeg,2,40,0,160,creek,Alaska,0.272233796,0.313900463,0.139675926,0.049224537,10.02857143,9.4,10.6,82.42857143,76,94,0,1.642857143,57.95656218,Meteostat
47310,SE,2025-06-17,,,0,,0,0,,0,0,0,0,,0,0,0,0,2,,,,0,0,0,0,1,,1,0,0,4,,,,,,,2025,55.45411,-131.61887,2025-06-17 21:31:49,2025-06-18 04:03:25,2025-06-18T00:49:07,,47310,Ketchikan,hhlms1,126,forested wetland,Muskeg,2,40,0,160,creek,Alaska,0.271944444,0.313611111,0.134930556,0.053680556,11.08571429,10,12,90,88,94,2.8,1.563492063,59.94587662,Meteostat
47310,SE,2025-06-18,,,0,,0,0,,0,0,0,0,,0,0,0,0,0,,,,0,4,0,0,0,,1,0,0,6,,,,,,,2025,55.45411,-131.61887,2025-06-18 21:32:11,2025-06-19 04:03:30,2025-06-19T00:55:45,,47310,Ketchikan,hhlms1,126,forested wetland,Muskeg,2,40,0,160,creek,Alaska,0.271747685,0.313414352,0.130381944,0.058032407,10.37142857,8.7,12.2,89.14285714,77,95,0,1.777777778,62.77278364,Meteostat
47310,SE,2025-06-19,,,0,,0,0,,0,0,0,0,,0,0,0,0,0,,,,0,3,0,0,0,,2,0,0,1,,,,,,,2025,55.45411,-131.61887,2025-06-19 21:32:29,2025-06-20 04:03:39,2025-06-20T01:03:09,,47310,Ketchikan,hhlms1,126,forested wetland,Muskeg,2,40,0,160,creek,Alaska,0.271643519,0.313310185,0.125347222,0.062962963,11.17142857,10.6,12.2,86.42857143,82,89,0,3.468253968,65.57278364,Meteostat
47310,SE,2025-06-20,,,0,,0,0,,0,0,2,0,,0,0,0,0,5,,,,0,2,0,0,0,,6,0,0,1,,,,,,,2025,55.45411,-131.61887,2025-06-20 21:32:44,2025-06-21 04:03:52,2025-06-21T01:12:40,,47310,Ketchikan,hhlms1,126,forested wetland,Muskeg,2,40,0,160,creek,Alaska,0.27162037,0.313287037,0.118888889,0.069398148,13.88571429,13.3,15,83.28571429,77,88,0,6.305555556,67.67896583,Meteostat
47310,SE,2025-06-21,,,0,,0,0,,0,0,2,0,,0,0,0,0,2,,,,0,0,0,0,0,,5,0,0,4,,,,,,,2025,55.45411,-131.61887,2025-06-21 21:32:55,2025-06-22 04:04:08,2025-06-22T01:26:30,,47310,Ketchikan,hhlms1,126,forested wetland,Muskeg,2,40,0,160,creek,Alaska,0.271678241,0.313344907,0.109467593,0.078877315,13.17142857,12,16.1,93.14285714,77,100,0,1.880952381,71.87896583,Meteostat
47310,SE,2025-06-22,,,0,,0,0,,0,0,0,0,,0,0,0,0,4,,,,0,15,0,0,2,,16,0,0,8,,,,,,,2025,55.45411,-131.61887,2025-06-22 21:33:01,2025-06-23 04:04:29,2025-06-23T01:48:48,,47310,Ketchikan,hhlms1,126,forested wetland,Muskeg,2,40,0,160,creek,Alaska,0.271851852,0.313518519,0.094224537,0.094293981,11.72857143,11.1,12.2,93.85714286,93,94,0,4.373015873,79.77896583,Meteostat
47310,SE,2025-06-23,,,0,,0,0,,0,0,0,0,,0,0,0,0,3,,,,0,2,0,0,1,,6,0,0,4,,,,,,,2025,55.45411,-131.61887,2025-06-23 21:33:05,2025-06-24 04:04:53,2025-06-24T02:26:58,,47310,Ketchikan,hhlms1,126,forested wetland,Muskeg,2,40,0,160,creek,Alaska,0.272083333,0.31375,0.067997685,0.120752315,11.85714286,11.7,12.2,89,88,94,0.2,1.174603175,84.47896583,Meteostat
47310,SE,2025-06-24,,,0,,0,0,,0,0,3,1,,0,0,0,0,1,,,,0,2,0,0,0,,9,0,0,2,,,,,,,2025,55.45411,-131.61887,2025-06-24 21:33:04,2025-06-25 04:05:20,2025-06-25T03:29:17,2025-06-24T22:02:58,47310,Ketchikan,hhlms1,126,forested wetland,Muskeg,2,40,0,160,creek,Alaska,0.272407407,0.314074074,-0.226608796,0.164039352,12.08571429,12,12.2,93.71428571,93,94,2.8,3.996031746,87.22896583,Meteostat
47310,SE,2025-06-25,,,0,,0,0,,0,0,2,0,,0,0,0,0,2,,,,0,0,0,0,0,,5,0,0,6,,,,,,,2025,55.45411,-131.61887,2025-06-25 21:32:59,2025-06-26 04:05:52,,2025-06-25T22:49:57,47310,Ketchikan,hhlms1,126,forested wetland,Muskeg,2,40,0,160,creek,Alaska,0.272835648,0.314502315,0.053449074,0,11.74285714,11.7,12,93.85714286,93,94,0.8,2.5,90.02896583,Meteostat
47310,SE,2025-06-26,,,0,,0,0,,0,0,0,0,,0,0,0,0,0,,,,0,1,0,0,0,,5,0,0,2,,,,,,,2025,55.45411,-131.61887,2025-06-26 21:32:50,2025-06-27 04:06:27,,2025-06-26T23:17:01,47310,Ketchikan,hhlms1,126,forested wetland,Muskeg,2,40,0,160,creek,Alaska,0.273344907,0.315011574,0.072349537,0,11.61428571,11.1,12,91.28571429,88,94,4.9,4.857142857,92.37896583,Meteostat
47310,SE-SM,2024-06-14,0,,0,0,0,0,,1,0,0,0,,0,0,0,0,2,,,,0,2,0,0,0,0,3,0,0,4,,,,,,0,2024,55.45411,-131.61887,2024-06-14 21:30:29,2024-06-15 04:03:32,,2024-06-15T01:22:43,47310,Ketchikan,hhlms1-SM,126,forested wetland,Muskeg,2,40,0,160,creek,Alaska,0.272951389,0.314618056,0.161273148,0.077939815,9.671428571,9.2,10.1,79.57142857,78,83,0,3.26984127,64.34851665,Meteostat
47310,SE-SM,2024-06-15,0,,0,0,0,0,,0,0,0,0,,0,0,0,0,3,,,,0,1,0,0,2,0,1,0,0,6,,,,,,0,2024,55.45411,-131.61887,2024-06-15 21:31:02,2024-06-16 04:03:27,,2024-06-16T01:28:04,47310,Ketchikan,hhlms1-SM,126,forested wetland,Muskeg,2,40,0,160,creek,Alaska,0.272511574,0.314178241,0.164606481,0.081273148,9.671428571,8.6,11.5,93.28571429,88,96,0,2.400793651,65.8882624,Meteostat
47310,SE-SM,2024-06-16,0,,0,0,0,0,,0,0,1,0,,0,0,0,0,3,,,,0,1,0,0,0,0,2,0,0,3,,,,,,0,2024,55.45411,-131.61887,2024-06-16 21:31:31,2024-06-17 04:03:25,,2024-06-17T01:34:30,47310,Ketchikan,hhlms1-SM,126,forested wetland,Muskeg,2,40,0,160,creek,Alaska,0.272152778,0.313819444,0.168738426,0.085405093,9.328571429,8.4,11.3,92.57142857,86,96,0,4.26984127,68.20284451,Meteostat
47310,SE-SM,2024-06-17,0,,0,0,0,0,,0,0,1,0,,0,0,0,0,0,,,,0,0,0,0,0,0,0,0,0,2,,,,,,0,2024,55.45411,-131.61887,2024-06-17 21:31:55,2024-06-18 04:03:27,,2024-06-18T01:43:09,47310,Ketchikan,hhlms1-SM,126,forested wetland,Muskeg,2,40,0,160,creek,Alaska,0.271898148,0.313564815,0.174467593,0.091134259,9.985714286,8.6,12.3,92.14285714,85,96,0,2.714285714,70.72649193,Meteostat
47310,SE-SM,2024-06-18,0,,0,0,0,0,,0,0,1,0,,0,0,0,0,0,,,,0,4,0,0,0,0,2,0,0,5,,,,,,0,2024,55.45411,-131.61887,2024-06-18 21:32:17,2024-06-19 04:03:33,,2024-06-19T01:55:56,47310,Ketchikan,hhlms1-SM,126,forested wetland,Muskeg,2,40,0,160,creek,Alaska,0.271712963,0.31337963,0.183090278,0.099756944,10.01428571,9.2,11.4,95.85714286,91,98,0,4.027777778,73.82164568,Meteostat
47310,SE-SM,2024-06-19,0,,0,0,0,0,,0,0,0,0,,0,0,0,0,0,,,,0,1,0,0,0,0,0,0,0,4,,,,,,0,2024,55.45411,-131.61887,2024-06-19 21:32:34,2024-06-20 04:03:43,,2024-06-20T02:16:27,47310,Ketchikan,hhlms1-SM,126,forested wetland,Muskeg,2,40,0,160,creek,Alaska,0.271631944,0.313298611,0.197141204,0.11380787,10.81428571,9.9,12.8,94.42857143,88,97,0,1.698412698,76.43346741,Meteostat
47310,SE-SM,2024-06-20,0,,0,0,0,0,,0,0,0,3,,0,0,0,0,1,,,,0,0,0,0,0,0,0,0,0,1,,,,,,0,2024,55.45411,-131.61887,2024-06-20 21:32:47,2024-06-21 04:03:56,,2024-06-21T02:51:04,47310,Ketchikan,hhlms1-SM,126,forested wetland,Muskeg,2,40,0,160,creek,Alaska,0.271631944,0.313298611,0.221030093,0.137696759,10.21428571,9.3,12.1,95.14285714,87,98,0,2.869047619,80.03801667,Meteostat
47310,SE-SM,2024-06-22,0,,0,0,0,0,,0,0,0,0,,0,0,0,0,0,,,,0,0,0,0,0,0,0,0,0,1,,,,,,0,2024,55.45411,-131.61887,2024-06-22 21:33:03,2024-06-23 04:04:35,2024-06-22T23:15:07,,47310,Ketchikan,hhlms1-SM,126,forested wetland,Muskeg,2,40,0,160,creek,Alaska,0.271898148,0.313564815,0.201018519,0,11.1,10.8,11.4,93.28571429,90,96,0,5.357142857,86.38932567,Meteostat
47310,SE-SM,2024-06-24,0,,0,0,0,0,,0,0,0,0,,0,0,0,0,3,,,,0,5,0,0,0,0,0,0,0,4,,,,,,0,2024,55.45411,-131.61887,2024-06-24 21:33:03,2024-06-25 04:05:28,2024-06-24T23:59:51,,47310,Ketchikan,hhlms1-SM,126,forested wetland,Muskeg,2,40,0,160,creek,Alaska,0.272511574,0.314178241,0.17056713,0.018611111,12.45714286,11.7,13.3,82.14285714,77,86,0,1.547619048,92.33932567,Meteostat
47310,SE-SM,2024-06-25,0,,0,0,0,0,,0,0,0,1,,0,0,0,0,0,,,,0,3,0,0,0,0,1,0,0,1,,,,,,0,2024,55.45411,-131.61887,2024-06-25 21:32:57,2024-06-26 04:05:59,2024-06-26T00:11:09,,47310,Ketchikan,hhlms1-SM,126,forested wetland,Muskeg,2,40,0,160,creek,Alaska,0.272939815,0.314606481,0.163078704,0.026527778,13.1,12.8,14.4,87.14285714,78,93,0.1,2.079365079,95.48932567,Meteostat
47310,SE-SM,2024-06-26,0,,0,0,0,0,,0,0,0,0,,0,0,0,0,0,,,,0,0,0,0,0,0,1,0,0,1,,,,,,0,2024,55.45411,-131.61887,2024-06-26 21:32:47,2024-06-27 04:06:35,2024-06-27T00:19:32,,47310,Ketchikan,hhlms1-SM,126,forested wetland,Muskeg,2,40,0,160,creek,Alaska,0.273472222,0.315138889,0.157673611,0.032465278,14.28571429,12.8,16.7,83.71428571,70,96,0,1.619047619,100.7893257,Meteostat
47310,SE1,2019-07-06,0,0,0,2,0,0,0,0,0,18,0,0,0,0,0,0,3,0,0,0,0,1,0,0,0,0,0,0,0,10,0,0,0,0,0,0,2019,55.49107,-131.59676,2019-07-06 21:28:29,2019-07-07 04:14:20,,2019-07-06T23:59:23,47310,Ketchikan,hhllk1,199,forest-conifer,Lake Edge,10,40,1,5,lake,Alaska,0.281840278,0.323506944,0.104791667,0.021458333,15.0625,13.3,18.3,90,81,97,0,2.986111111,239.5095567,Meteostat
47310,SE1,2019-07-07,0,0,0,6,0,0,0,0,0,0,1,0,0,0,0,0,0,0,0,0,0,1,0,0,0,0,0,0,0,9,0,0,0,0,0,0,2019,55.49107,-131.59676,2019-07-07 21:27:41,2019-07-08 04:15:28,,2019-07-08T00:18:20,47310,Ketchikan,hhllk1,199,forest-conifer,Lake Edge,10,40,1,5,lake,Alaska,0.28318287,0.324849537,0.118506944,0.035173611,13.725,13.3,14.4,93,87,97,0,3.111111111,250.3595567,Meteostat
47310,SE1,2019-07-08,0,0,0,3,0,0,0,0,0,0,0,0,0,0,0,0,0,0,0,0,0,2,0,0,2,0,0,0,0,9,0,0,0,0,0,0,2019,55.49107,-131.59676,2019-07-08 21:26:49,2019-07-09 04:16:39,,2019-07-09T00:35:40,47310,Ketchikan,hhllk1,199,forest-conifer,Lake Edge,10,40,1,5,lake,Alaska,0.284606481,0.326273148,0.131145833,0.0478125,14.2875,13.3,15,90,83,100,0,2.381944444,255.6595567,Meteostat
47310,SE1,2019-07-09,0,0,0,4,0,0,0,0,0,1,0,0,0,0,0,0,2,0,0,0,0,0,0,0,1,0,0,0,0,4,0,0,0,0,0,0,2019,55.49107,-131.59676,2019-07-09 21:25:54,2019-07-10 04:17:53,,2019-07-10T00:52:54,47310,Ketchikan,hhllk1,199,forest-conifer,Lake Edge,10,40,1,5,lake,Alaska,0.286099537,0.327766204,0.14375,0.060416667,12.1625,10,16.1,91.25,75,97,0,1.354166667,260.3595567,Meteostat
47310,SE1,2019-07-10,0,0,0,2,0,0,0,0,0,0,2,0,0,0,0,0,0,0,0,0,0,0,0,0,1,0,0,0,0,7,0,0,0,0,0,0,2019,55.49107,-131.59676,2019-07-10 21:24:55,2019-07-11 04:19:09,,2019-07-11T01:11:27,47310,Ketchikan,hhllk1,199,forest-conifer,Lake Edge,10,40,1,5,lake,Alaska,0.287662037,0.329328704,0.157314815,0.073981481,15.2,14.4,16.1,90.375,80,100,0,3.861111111,265.6595567,Meteostat
47310,SE1,2019-07-11,0,0,0,2,0,0,0,0,0,1,2,0,0,0,0,0,1,0,0,0,0,0,0,0,1,0,0,0,0,3,0,0,0,0,0,0,2019,55.49107,-131.59676,2019-07-11 21:23:54,2019-07-12 04:20:27,,2019-07-12T01:32:56,47310,Ketchikan,hhllk1,199,forest-conifer,Lake Edge,10,40,1,5,lake,Alaska,0.289270833,0.3309375,0.172939815,0.089606481,15,15,15,94.5,93,96,0,1.805555556,272.3095567,Meteostat
47310,SE1,2019-07-12,0,0,0,3,0,0,0,0,0,0,0,0,0,0,0,2,1,0,0,0,0,1,0,0,1,0,0,0,1,13,0,0,0,0,0,0,2019,55.49107,-131.59676,2019-07-12 21:22:48,2019-07-13 04:21:48,,2019-07-13T01:59:12,47310,Ketchikan,hhllk1,199,forest-conifer,Lake Edge,10,40,1,5,lake,Alaska,0.290972222,0.332638889,0.191944444,0.108611111,13.95,12.8,15,90.5,89,93,0,1.618055556,278.6595567,Meteostat
47310,SE1,2020-06-06,2,0,0,3,0,0,0,0,0,160,0,0,0,0,0,0,0,0,0,0,0,1,0,0,1,0,1,0,0,25,0,0,0,1,0,0,2020,55.49107,-131.59676,2020-06-06 21:24:11,2020-06-07 04:06:15,2020-06-06T22:52:29,,47310,Ketchikan,hhllk1,199,forest-conifer,Lake Edge,10,40,1,5,lake,Alaska,0.279212963,0.32087963,0.217893519,0,11.3375,10.6,12.8,67.5,66,69,0,3.159722222,75.67589178,Meteostat
47310,SE1,2020-06-07,0,0,0,4,0,0,0,0,0,6,0,0,0,0,0,0,0,0,0,0,0,0,0,0,0,0,0,0,0,10,0,0,0,0,0,0,2020,55.49107,-131.59676,2020-06-07 21:25:11,2020-06-08 04:05:39,2020-06-07T23:48:40,,47310,Ketchikan,hhllk1,199,forest-conifer,Lake Edge,10,40,1,5,lake,Alaska,0.278101852,0.319768519,0.178460648,0.01630787,8.1125,7.2,10,95.625,89,100,0,1.076388889,79.34444697,Meteostat
47310,SE1,2020-06-08,0,0,0,0,0,0,0,0,1,1,0,0,0,0,0,0,0,0,0,0,0,0,0,0,0,0,0,0,0,7,0,0,0,0,0,0,2020,55.49107,-131.59676,2020-06-08 21:26:07,2020-06-09 04:05:06,2020-06-09T00:29:08,,47310,Ketchikan,hhllk1,199,forest-conifer,Lake Edge,10,40,1,5,lake,Alaska,0.277071759,0.318738426,0.149976852,0.043761574,8.6875,6.7,11.7,87,66,97,0.6,1.027777778,80.35715022,Meteostat
47310,SE1,2020-06-09,0,0,0,0,0,0,0,0,1,2,0,0,0,0,0,0,0,0,0,0,0,1,0,0,2,0,0,0,0,7,0,0,0,0,0,0,2020,55.49107,-131.59676,2020-06-09 21:27:01,2020-06-10 04:04:38,2020-06-10T00:57:43,,47310,Ketchikan,hhllk1,199,forest-conifer,Lake Edge,10,40,1,5,lake,Alaska,0.276122685,0.317789352,0.129803241,0.062986111,10.7125,10,11.7,93.625,89,97,3.9,5.423611111,81.93147823,Meteostat
47310,SE1,2021-07-02,0,0,0,0,0,0,0,0,0,44,0,0,0,0,0,0,1,0,0,0,0,176,0,0,37,0,11,0,1,0,0,0,0,0,0,0,2021,55.49107,-131.59676,2021-07-02 21:30:47,2021-07-03 04:10:43,2021-07-03T01:06:11,,47310,Ketchikan,hhllk1,199,forest-conifer,Lake Edge,10,40,1,5,lake,Alaska,0.277731481,0.319398148,0.128148148,0.06625,13.55714286,12.8,14.4,78.28571429,74,83,0,2.777777778,185.1104624,Meteostat
47310,SE1,2021-07-03,0,0,0,0,0,0,0,0,0,87,1,0,0,0,0,0,2,0,0,0,0,0,0,0,1,0,0,0,0,0,0,0,0,0,0,0,2021,55.49107,-131.59676,2021-07-03 21:30:12,2021-07-04 04:11:41,2021-07-04T01:16:54,,47310,Ketchikan,hhllk1,199,forest-conifer,Lake Edge,10,40,1,5,lake,Alaska,0.27880787,0.320474537,0.121377315,0.074097222,16.68571429,15.6,17.8,72.14285714,67,78,0,3.968253968,190.9604624,Meteostat
47310,SE1,2021-07-04,0,0,0,0,0,0,0,0,2,115,2,0,0,0,0,0,0,0,0,0,0,6,0,0,1,0,4,0,0,0,0,0,0,0,0,0,2021,55.49107,-131.59676,2021-07-04 21:29:33,2021-07-05 04:12:42,2021-07-05T01:29:53,,47310,Ketchikan,hhllk1,199,forest-conifer,Lake Edge,10,40,1,5,lake,Alaska,0.279965278,0.321631944,0.11306713,0.083564815,16.9375,14.4,20,71.5,59,81,0,3.736111111,199.0104624,Meteostat
47310,SE1,2021-07-05,0,0,0,0,0,0,0,0,0,63,0,0,0,0,0,1,2,0,0,0,0,3,0,0,0,0,3,0,0,0,0,0,0,0,0,0,2021,55.49107,-131.59676,2021-07-05 21:28:50,2021-07-06 04:13:46,2021-07-06T01:46:47,,47310,Ketchikan,hhllk1,199,forest-conifer,Lake Edge,10,40,1,5,lake,Alaska,0.281203704,0.32287037,0.102071759,0.095798611,14.225,12.8,17.2,90,81,93,0,1.791666667,207.9104624,Meteostat
47310,SE1,2021-07-06,0,0,0,0,0,0,0,0,0,71,1,0,0,0,0,0,0,0,0,0,0,3,0,0,1,0,5,0,0,0,0,0,0,0,0,0,2021,55.49107,-131.59676,2021-07-06 21:28:04,2021-07-07 04:14:53,2021-07-07T02:10:00,,47310,Ketchikan,hhllk1,199,forest-conifer,Lake Edge,10,40,1,5,lake,Alaska,0.282511574,0.324178241,0.086724537,0.112453704,13.5375,11.7,16.1,82.75,80,87,0,4.440972222,216.7604624,Meteostat
47310,SE1,2022-06-18,0,0,0,1,0,0,0,0,0,8,1,0,0,0,0,0,2,0,0,0,0,0,0,0,0,0,0,0,0,4,0,0,0,0,0,0,2022,55.49107,-131.59676,2022-06-18 21:32:17,2022-06-19 04:03:09,2022-06-19T01:00:49,,47310,Ketchikan,hhllk1,199,forest-conifer,Lake Edge,10,40,1,5,lake,Alaska,0.271435185,0.313101852,0.12662037,0.061481481,11.42857143,10,12.2,86.28571429,83,93,0,4.48015873,97.79563257,Meteostat
47310,SE1,2022-06-19,0,0,0,34,0,0,0,0,0,7,0,0,0,0,0,0,1,0,0,0,0,12,0,0,10,0,2,0,0,87,0,0,0,0,0,0,2022,55.49107,-131.59676,2022-06-19 21:32:37,2022-06-20 04:03:16,2022-06-20T01:11:36,,47310,Ketchikan,hhllk1,199,forest-conifer,Lake Edge,10,40,1,5,lake,Alaska,0.271284722,0.312951389,0.119212963,0.068738426,10.95714286,10.6,11.1,96.71428571,96,97,10.9,4.932539683,101.6956326,Meteostat
47310,SE1,2022-06-20,0,0,0,0,0,0,0,0,0,3,1,0,0,0,0,0,0,0,0,0,0,1,0,0,0,0,0,0,0,5,0,0,0,0,0,0,2022,55.49107,-131.59676,2022-06-20 21:32:52,2022-06-21 04:03:28,2022-06-21T01:20:24,,47310,Ketchikan,hhllk1,199,forest-conifer,Lake Edge,10,40,1,5,lake,Alaska,0.27125,0.312916667,0.113240741,0.074675926,10.81428571,10,11.7,90.28571429,86,96,0,1.904761905,103.1471322,Meteostat
47310,SE1,2022-06-21,0,0,0,7,0,0,0,0,0,20,2,0,0,0,0,0,1,0,0,0,0,5,0,0,10,0,18,0,0,36,0,0,0,0,0,0,2022,55.49107,-131.59676,2022-06-21 21:33:04,2022-06-22 04:03:43,2022-06-22T01:28:31,,47310,Ketchikan,hhllk1,199,forest-conifer,Lake Edge,10,40,1,5,lake,Alaska,0.271284722,0.312951389,0.107777778,0.080173611,8.314285714,7.8,8.9,94,89,97,14.5,1.587301587,105.9471322,Meteostat
47310,SE1,2022-06-22,0,0,0,1,0,0,0,0,0,7,0,0,0,0,0,1,1,0,0,0,0,1,0,0,0,0,0,0,0,14,0,0,0,0,0,0,2022,55.49107,-131.59676,2022-06-22 21:33:12,2022-06-23 04:04:03,2022-06-23T01:36:53,,47310,Ketchikan,hhllk1,199,forest-conifer,Lake Edge,10,40,1,5,lake,Alaska,0.271423611,0.313090278,0.102199074,0.085891204,10.67142857,10.6,11.1,89.42857143,86,92,0,0.587301587,107.1840095,Meteostat
47310,SE1,2022-06-23,0,0,0,3,0,0,0,0,0,20,1,0,0,0,0,0,0,0,0,0,0,2,0,0,0,0,2,0,0,12,0,0,0,0,0,0,2022,55.49107,-131.59676,2022-06-23 21:33:16,2022-06-24 04:04:26,2022-06-24T01:46:31,,47310,Ketchikan,hhllk1,199,forest-conifer,Lake Edge,10,40,1,5,lake,Alaska,0.271643519,0.313310185,0.095775463,0.092534722,8.857142857,7.2,12.2,93.71428571,86,97,0,0.428571429,108.8433482,Meteostat
47310,SE1,2022-06-24,0,0,1,1,0,0,0,0,0,7,3,0,0,0,0,0,1,0,0,0,0,1,0,0,0,0,0,0,0,15,0,0,0,0,0,0,2022,55.49107,-131.59676,2022-06-24 21:33:16,2022-06-25 04:04:52,2022-06-25T01:58:39,,47310,Ketchikan,hhllk1,199,forest-conifer,Lake Edge,10,40,1,5,lake,Alaska,0.271944444,0.313611111,0.087650463,0.100960648,10.55714286,8.3,15,85.28571429,72,93,0,0.373015873,112.1154779,Meteostat
47310,SE1,2022-06-25,0,0,0,0,0,0,0,0,0,6,4,0,0,0,0,0,2,0,0,0,0,2,0,0,1,0,1,0,1,7,0,0,0,0,0,0,2022,55.49107,-131.59676,2022-06-25 21:33:12,2022-06-26 04:05:22,2022-06-26T02:15:06,,47310,Ketchikan,hhllk1,199,forest-conifer,Lake Edge,10,40,1,5,lake,Alaska,0.272337963,0.31400463,0.076574074,0.112430556,11.45714286,10,16.7,88.28571429,67,96,0,0.301587302,117.0984566,Meteostat
47310,SE1,2022-06-26,0,0,0,1,0,0,0,0,0,11,1,0,0,0,0,0,1,0,0,0,0,0,0,0,0,0,1,0,1,6,0,0,0,0,0,0,2022,55.49107,-131.59676,2022-06-26 21:33:05,2022-06-27 04:05:56,2022-06-27T02:38:36,,47310,Ketchikan,hhllk1,199,forest-conifer,Lake Edge,10,40,1,5,lake,Alaska,0.2728125,0.314479167,0.060648148,0.128831019,12.95714286,11.7,15.6,94.57142857,83,100,0,0.428571429,123.6854701,Meteostat
47310,SE1,2022-06-27,0,0,0,1,0,0,0,0,0,31,2,0,0,0,0,0,1,0,0,0,0,2,0,0,0,0,0,0,0,2,0,0,0,0,0,0,2022,55.49107,-131.59676,2022-06-27 21:32:53,2022-06-28 04:06:34,2022-06-28T03:12:48,,47310,Ketchikan,hhllk1,199,forest-conifer,Lake Edge,10,40,1,5,lake,Alaska,0.273391204,0.31505787,0.037337963,0.152719907,14.12857143,13.3,15.6,94,83,97,0,2.452380952,130.6354701,Meteostat
47310,SE1,2022-06-28,0,0,0,0,0,0,0,0,0,18,0,0,0,0,0,0,0,0,0,0,0,2,0,0,1,0,1,0,0,8,0,0,0,0,0,0,2022,55.49107,-131.59676,2022-06-28 21:32:38,2022-06-29 04:07:15,2022-06-29T04:00:56,2022-06-28T22:06:32,47310,Ketchikan,hhllk1,199,forest-conifer,Lake Edge,10,40,1,5,lake,Alaska,0.274039352,0.315706019,-0.246111111,0.186319444,13.38571429,13.3,13.9,92.57142857,90,93,0.3,2.222222222,138.3854701,Meteostat
47310,SE1,2022-06-29,0,0,0,2,0,0,0,0,0,15,0,0,0,0,0,0,0,0,0,0,0,1,0,0,0,0,0,0,0,15,0,0,0,0,0,0,2022,55.49107,-131.59676,2022-06-29 21:32:19,2022-06-30 04:07:59,,2022-06-29T22:48:49,47310,Ketchikan,hhllk1,199,forest-conifer,Lake Edge,10,40,1,5,lake,Alaska,0.274768519,0.316435185,0.053125,0,13.55714286,13.3,13.9,87,87,87,0,2.023809524,142.8354701,Meteostat
47310,SE1,2022-06-30,0,0,3,0,0,0,0,0,0,7,1,0,0,0,0,0,1,0,0,0,0,2,0,0,2,0,0,0,0,12,0,0,0,0,0,0,2022,55.49107,-131.59676,2022-06-30 21:31:55,2022-07-01 04:08:47,,2022-06-30T23:18:14,47310,Ketchikan,hhllk1,199,forest-conifer,Lake Edge,10,40,1,5,lake,Alaska,0.275601852,0.317268519,0.073831019,0,14.42857143,13.9,15,90.42857143,87,93,0,1.722222222,148.6354701,Meteostat
47310,SE1,2022-07-01,0,0,1,1,0,0,0,0,0,6,2,0,0,0,0,0,1,0,0,0,0,1,0,0,0,0,0,0,0,0,0,0,0,0,0,0,2022,55.49107,-131.59676,2022-07-01 21:31:29,2022-07-02 04:09:38,,2022-07-01T23:38:29,47310,Ketchikan,hhllk1,199,forest-conifer,Lake Edge,10,40,1,5,lake,Alaska,0.276493056,0.318159722,0.088194444,0.004861111,14.2,12.2,15,91.28571429,90,96,0,1.476190476,154.4354701,Meteostat
47310,SE1,2022-07-02,0,0,1,0,0,0,0,0,0,2,3,0,0,0,0,0,5,0,0,0,0,2,0,0,2,0,1,0,0,8,0,0,0,0,0,0,2022,55.49107,-131.59676,2022-07-02 21:30:58,2022-07-03 04:10:32,,2022-07-02T23:52:55,47310,Ketchikan,hhllk1,199,forest-conifer,Lake Edge,10,40,1,5,lake,Alaska,0.277476852,0.319143519,0.098576389,0.015243056,15.55714286,14.4,16.7,84.71428571,78,90,0,2.666666667,160.5354701,Meteostat
47310,SE1,2022-07-03,0,0,0,0,0,0,0,0,0,43,1,0,0,0,0,0,2,0,0,0,0,0,0,0,3,0,0,0,0,2,0,0,0,0,0,0,2022,55.49107,-131.59676,2022-07-03 21:30:23,2022-07-04 04:11:29,,2022-07-04T00:03:50,47310,Ketchikan,hhllk1,199,forest-conifer,Lake Edge,10,40,1,5,lake,Alaska,0.278541667,0.320208333,0.1065625,0.023229167,14.02857143,13.3,15.6,94.71428571,90,97,0,2.468253968,168.2854701,Meteostat
47310,SE1,2022-07-04,0,0,0,0,0,0,0,0,0,6,1,0,0,0,0,0,1,0,0,0,0,1,0,0,2,0,1,0,0,16,0,0,0,0,0,0,2022,55.49107,-131.59676,2022-07-04 21:29:45,2022-07-05 04:12:30,,2022-07-05T00:12:49,47310,Ketchikan,hhllk1,199,forest-conifer,Lake Edge,10,40,1,5,lake,Alaska,0.2796875,0.321354167,0.113240741,0.029907407,13.875,13.3,14.4,90,87,93,0.3,5.548611111,177.6854701,Meteostat
47310,SE1,2022-07-05,0,0,0,0,0,0,0,0,0,18,0,0,0,0,0,0,0,0,0,0,0,0,0,0,0,0,0,0,0,20,0,0,0,0,0,0,2022,55.49107,-131.59676,2022-07-05 21:29:03,2022-07-06 04:13:33,,2022-07-06T00:20:57,47310,Ketchikan,hhllk1,199,forest-conifer,Lake Edge,10,40,1,5,lake,Alaska,0.280902778,0.322569444,0.119375,0.036041667,13.1375,11.7,13.9,91.125,87,96,0,1.805555556,184.6354701,Meteostat
47310,SE1,2023-06-14,0,0,0,0,0,0,0,0,0,0,1,0,0,0,0,0,0,0,0,0,0,5,0,0,0,0,1,0,0,1,0,0,0,0,0,0,2023,55.49107,-131.59676,2023-06-14 21:30:13,2023-06-15 04:03:18,2023-06-15T02:22:54,,47310,Ketchikan,hhllk1,199,forest-conifer,Lake Edge,10,40,1,5,lake,Alaska,0.272974537,0.314641204,0.069722222,0.119918981,8.942857143,8.3,10,82.14285714,74,90,0,1.761904762,123.0437954,Meteostat
47310,SE1,2023-06-15,0,0,0,0,0,0,0,0,0,11,3,0,0,0,0,0,0,0,0,0,0,2,0,0,0,0,4,0,0,21,0,0,0,0,0,0,2023,55.49107,-131.59676,2023-06-15 21:30:49,2023-06-16 04:03:09,2023-06-16T02:39:43,,47310,Ketchikan,hhllk1,199,forest-conifer,Lake Edge,10,40,1,5,lake,Alaska,0.272453704,0.31412037,0.057939815,0.131180556,11.28571429,10.6,11.7,91.71428571,89,93,2.9,5.444444444,126.1674172,Meteostat
47310,SE1,2023-06-16,0,0,0,0,0,0,0,0,0,0,0,0,0,0,0,0,0,0,0,0,0,0,0,0,0,0,0,0,0,1,0,0,0,0,0,0,2023,55.49107,-131.59676,2023-06-16 21:31:20,2023-06-17 04:03:05,2023-06-17T03:05:10,,47310,Ketchikan,hhllk1,199,forest-conifer,Lake Edge,10,40,1,5,lake,Alaska,0.272048611,0.313715278,0.040219907,0.14849537,8.871428571,8.3,9.4,91.57142857,89,93,1.5,3.182539683,126.708544,Meteostat
47310,SE1,2023-06-17,0,0,0,0,0,0,0,0,0,0,0,0,0,0,0,0,0,0,0,0,0,3,0,0,0,0,0,0,0,0,0,0,0,0,0,0,2023,55.49107,-131.59676,2023-06-17 21:31:48,2023-06-18 04:03:04,2023-06-18T03:44:01,2023-06-17T22:06:36,47310,Ketchikan,hhllk1,199,forest-conifer,Lake Edge,10,40,1,5,lake,Alaska,0.271712963,0.31337963,-0.23431713,0.175150463,5.8,5,7.2,93.42857143,90,97,0,0.603174603,127.3923242,Meteostat
47310,SE1,2023-06-18,0,0,0,0,0,0,0,0,0,0,0,0,0,0,0,0,0,0,0,0,0,1,0,0,0,0,1,0,0,1,0,0,0,0,0,0,2023,55.49107,-131.59676,2023-06-18 21:32:13,2023-06-19 04:03:07,,2023-06-18T23:02:01,47310,Ketchikan,hhllk1,199,forest-conifer,Lake Edge,10,40,1,5,lake,Alaska,0.271458333,0.313125,0.062361111,0,11.75714286,10,13.3,79.71428571,72,86,0,2.793650794,128.3161166,Meteostat
47310,SE1,2023-06-19,0,0,0,0,0,0,0,0,0,114,0,0,0,0,0,0,3,0,0,0,0,5,0,0,0,0,2,0,1,55,0,0,0,0,0,0,2023,55.49107,-131.59676,2023-06-19 21:32:33,2023-06-20 04:03:14,,2023-06-19T23:39:40,47310,Ketchikan,hhllk1,199,forest-conifer,Lake Edge,10,40,1,5,lake,Alaska,0.27130787,0.312974537,0.088275463,0.00494213,12.62857143,10,15,80,67,93,0,0.301587302,131.815792,Meteostat
47310,SE1,2023-06-20,0,0,0,0,0,0,0,0,0,114,1,0,0,0,0,0,2,0,0,0,0,4,0,0,0,0,3,0,0,74,0,0,0,0,0,0,2023,55.49107,-131.59676,2023-06-20 21:32:50,2023-06-21 04:03:25,,2023-06-21T00:03:54,47310,Ketchikan,hhllk1,199,forest-conifer,Lake Edge,10,40,1,5,lake,Alaska,0.271238426,0.312905093,0.104907407,0.021574074,11.6,11.1,12.8,91,87,93,0,2.166666667,140.165792,Meteostat
47310,SE1,2024-06-14,0,,0,0,0,0,,0,0,83,3,,0,0,0,0,0,,,,0,59,0,0,34,0,37,0,1,38,,,,,,0,2024,55.49107,-131.59676,2024-06-14 21:30:40,2024-06-15 04:03:11,,2024-06-15T01:22:37,47310,Ketchikan,hhllk1,199,forest-conifer,Lake Edge,10,40,1,5,lake,Alaska,0.272581019,0.314247685,0.161076389,0.077743056,9.671428571,9.2,10.1,79.57142857,78,83,0,3.26984127,64.34851665,Meteostat
47310,SE1,2024-06-15,0,,0,0,0,0,,0,0,42,1,,0,0,0,0,0,,,,0,42,0,0,15,0,6,0,0,19,,,,,,0,2024,55.49107,-131.59676,2024-06-15 21:31:13,2024-06-16 04:03:05,,2024-06-16T01:27:54,47310,Ketchikan,hhllk1,199,forest-conifer,Lake Edge,10,40,1,5,lake,Alaska,0.27212963,0.313796296,0.164363426,0.081030093,9.671428571,8.6,11.5,93.28571429,88,96,0,2.400793651,65.8882624,Meteostat
47310,SE1,2024-06-16,0,,0,0,0,0,,0,0,149,1,,0,0,0,0,1,,,,0,30,0,0,23,0,39,0,0,22,,,,,,0,2024,55.49107,-131.59676,2024-06-16 21:31:42,2024-06-17 04:03:03,,2024-06-17T01:34:17,47310,Ketchikan,hhllk1,199,forest-conifer,Lake Edge,10,40,1,5,lake,Alaska,0.271770833,0.3134375,0.168460648,0.085127315,9.328571429,8.4,11.3,92.57142857,86,96,0,4.26984127,68.20284451,Meteostat
47310,SE1,2024-06-17,0,,0,1,0,0,,0,0,261,0,,0,0,0,0,2,,,,0,10,0,0,20,0,31,0,1,42,,,,,,0,2024,55.49107,-131.59676,2024-06-17 21:32:06,2024-06-18 04:03:06,,2024-06-18T01:42:53,47310,Ketchikan,hhllk1,199,forest-conifer,Lake Edge,10,40,1,5,lake,Alaska,0.271527778,0.313194444,0.174155093,0.090821759,9.985714286,8.6,12.3,92.14285714,85,96,0,2.714285714,70.72649193,Meteostat
47310,SE1,2024-06-18,0,,0,0,0,0,,0,0,56,0,,0,0,0,0,0,,,,0,33,0,0,24,0,6,0,3,27,,,,,,0,2024,55.49107,-131.59676,2024-06-18 21:32:28,2024-06-19 04:03:11,,2024-06-19T01:55:36,47310,Ketchikan,hhllk1,199,forest-conifer,Lake Edge,10,40,1,5,lake,Alaska,0.271331019,0.312997685,0.182731481,0.099398148,10.01428571,9.2,11.4,95.85714286,91,98,0,4.027777778,73.82164568,Meteostat
47310,SE1,2024-06-19,0,,0,1,0,0,,0,0,82,3,,0,0,0,0,1,,,,0,36,0,0,34,0,28,0,1,47,,,,,,0,2024,55.49107,-131.59676,2024-06-19 21:32:45,2024-06-20 04:03:21,,2024-06-20T02:16:02,47310,Ketchikan,hhllk1,199,forest-conifer,Lake Edge,10,40,1,5,lake,Alaska,0.27125,0.312916667,0.196724537,0.113391204,10.81428571,9.9,12.8,94.42857143,88,97,0,1.698412698,76.43346741,Meteostat
47310,SE1,2024-06-20,0,,0,0,0,0,,0,0,293,3,,0,0,0,0,0,,,,0,37,0,0,22,0,15,0,1,63,,,,,,0,2024,55.49107,-131.59676,2024-06-20 21:32:58,2024-06-21 04:03:35,,2024-06-21T02:50:34,47310,Ketchikan,hhllk1,199,forest-conifer,Lake Edge,10,40,1,5,lake,Alaska,0.271261574,0.312928241,0.220555556,0.137222222,10.21428571,9.3,12.1,95.14285714,87,98,0,2.869047619,80.03801667,Meteostat
47310,SE1,2024-06-23,0,,0,0,0,0,,0,0,116,0,,0,0,0,0,0,,,,0,74,0,0,36,0,21,0,0,33,,,,,,0,2024,55.49107,-131.59676,2024-06-23 21:33:16,2024-06-24 04:04:38,2024-06-23T23:43:01,,47310,Ketchikan,hhllk1,199,forest-conifer,Lake Edge,10,40,1,5,lake,Alaska,0.271782407,0.313449074,0.181678241,0.006770833,10.61428571,10.3,11.1,95.28571429,93,97,0,4.928571429,88.93932567,Meteostat
47310,SE1,2024-06-24,0,,0,0,0,0,,0,0,519,1,,0,0,0,0,1,,,,0,10,0,0,13,0,10,0,0,57,,,,,,0,2024,55.49107,-131.59676,2024-06-24 21:33:14,2024-06-25 04:05:06,2024-06-24T23:59:57,,47310,Ketchikan,hhllk1,199,forest-conifer,Lake Edge,10,40,1,5,lake,Alaska,0.27212963,0.313796296,0.170243056,0.018553241,12.45714286,11.7,13.3,82.14285714,77,86,0,1.547619048,92.33932567,Meteostat
47310,SE1,2024-06-25,0,,0,0,0,0,,0,0,70,0,,0,0,0,1,1,,,,0,17,0,0,10,0,13,0,2,17,,,,,,0,2024,55.49107,-131.59676,2024-06-25 21:33:08,2024-06-26 04:05:38,2024-06-26T00:11:12,,47310,Ketchikan,hhllk1,199,forest-conifer,Lake Edge,10,40,1,5,lake,Alaska,0.272569444,0.314236111,0.162800926,0.026435185,13.1,12.8,14.4,87.14285714,78,93,0.1,2.079365079,95.48932567,Meteostat
47310,SE1,2024-06-26,0,,0,1,0,0,,0,0,211,8,,0,0,0,0,2,,,,0,7,0,0,11,0,11,0,4,27,,,,,,0,2024,55.49107,-131.59676,2024-06-26 21:32:58,2024-06-27 04:06:14,2024-06-27T00:19:31,,47310,Ketchikan,hhllk1,199,forest-conifer,Lake Edge,10,40,1,5,lake,Alaska,0.273101852,0.314768519,0.15744213,0.032326389,14.28571429,12.8,16.7,83.71428571,70,96,0,1.619047619,100.7893257,Meteostat
47310,SE1,2025-06-13,,,0,,0,0,,0,0,7,2,,0,0,0,0,0,,,,0,68,0,0,5,,18,0,3,97,,,,,,,2025,55.49107,-131.59676,2025-06-13 21:29:54,2025-06-14 04:03:22,2025-06-14T00:07:27,,47310,Ketchikan,hhllk1,199,forest-conifer,Lake Edge,10,40,1,5,lake,Alaska,0.273240741,0.314907407,0.163831019,0.026076389,5.45,3,8.3,83.625,76,93,0,1.333333333,51.58921115,Meteostat
47310,SE1,2025-06-14,,,0,,0,0,,0,0,186,1,,0,0,0,1,0,,,,0,39,0,0,8,,35,0,3,117,,,,,,,2025,55.49107,-131.59676,2025-06-14 21:30:31,2025-06-15 04:03:12,2025-06-15T00:23:22,,47310,Ketchikan,hhllk1,199,forest-conifer,Lake Edge,10,40,1,5,lake,Alaska,0.272696759,0.314363426,0.152662037,0.036701389,8.371428571,7,9.4,86.42857143,82,93,0,2.238095238,53.33814797,Meteostat
47310,SE1,2025-06-15,,,0,,0,0,,0,0,34,0,,0,0,0,0,0,,,,0,29,0,0,5,,15,0,0,43,,,,,,,2025,55.49107,-131.59676,2025-06-15 21:31:04,2025-06-16 04:03:05,2025-06-16T00:34:11,,47310,Ketchikan,hhllk1,199,forest-conifer,Lake Edge,10,40,1,5,lake,Alaska,0.272233796,0.313900463,0.145069444,0.043831019,10.3,9.4,11.1,85.28571429,76,94,5.9,1.603174603,55.64837233,Meteostat
47310,SE1,2025-06-16,,,0,,0,0,,0,0,10,0,,0,0,0,0,2,,,,0,58,0,0,14,,31,0,2,73,,,,,,,2025,55.49107,-131.59676,2025-06-16 21:31:34,2025-06-17 04:03:02,2025-06-17T00:42:16,,47310,Ketchikan,hhllk1,199,forest-conifer,Lake Edge,10,40,1,5,lake,Alaska,0.271851852,0.313518519,0.139421296,0.049097222,10.02857143,9.4,10.6,82.42857143,76,94,0,1.642857143,57.95656218,Meteostat
47310,SE1,2025-06-17,,,0,,0,0,,0,0,243,1,,0,0,0,0,1,,,,0,47,0,0,3,,11,0,2,181,,,,,,,2025,55.49107,-131.59676,2025-06-17 21:32:00,2025-06-18 04:03:04,2025-06-18T00:49:04,,47310,Ketchikan,hhllk1,199,forest-conifer,Lake Edge,10,40,1,5,lake,Alaska,0.271574074,0.313240741,0.134722222,0.053518519,11.08571429,10,12,90,88,94,2.8,1.563492063,59.94587662,Meteostat
47310,SE1,2025-06-18,,,0,,0,0,,0,0,1,0,,0,0,0,0,0,,,,0,46,0,0,1,,3,0,0,39,,,,,,,2025,55.49107,-131.59676,2025-06-18 21:32:22,2025-06-19 04:03:09,2025-06-19T00:55:38,,47310,Ketchikan,hhllk1,199,forest-conifer,Lake Edge,10,40,1,5,lake,Alaska,0.271377315,0.313043981,0.130219907,0.057824074,10.37142857,8.7,12.2,89.14285714,77,95,0,1.777777778,62.77278364,Meteostat
47310,SE1,2025-06-19,,,0,,0,0,,0,0,0,0,,0,0,0,0,2,,,,0,54,0,0,4,,13,0,0,53,,,,,,,2025,55.49107,-131.59676,2025-06-19 21:32:40,2025-06-20 04:03:17,2025-06-20T01:02:58,,47310,Ketchikan,hhllk1,199,forest-conifer,Lake Edge,10,40,1,5,lake,Alaska,0.271261574,0.312928241,0.125219907,0.062708333,11.17142857,10.6,12.2,86.42857143,82,89,0,3.468253968,65.57278364,Meteostat
47310,SE1,2025-06-20,,,0,,0,0,,0,0,196,1,,0,0,0,0,2,,,,0,39,0,0,4,,19,0,2,128,,,,,,,2025,55.49107,-131.59676,2025-06-20 21:32:55,2025-06-21 04:03:30,2025-06-21T01:12:26,,47310,Ketchikan,hhllk1,199,forest-conifer,Lake Edge,10,40,1,5,lake,Alaska,0.271238426,0.312905093,0.118796296,0.069108796,13.88571429,13.3,15,83.28571429,77,88,0,6.305555556,67.67896583,Meteostat
47310,SE1,2025-06-21,,,0,,0,0,,0,0,56,0,,0,0,0,0,0,,,,0,22,0,0,0,,11,0,2,38,,,,,,,2025,55.49107,-131.59676,2025-06-21 21:33:06,2025-06-22 04:03:47,2025-06-22T01:26:11,,47310,Ketchikan,hhllk1,199,forest-conifer,Lake Edge,10,40,1,5,lake,Alaska,0.27130787,0.312974537,0.109444444,0.078530093,13.17142857,12,16.1,93.14285714,77,100,0,1.880952381,71.87896583,Meteostat
47310,SE1,2025-06-22,,,0,,0,0,,0,0,3,0,,0,0,0,1,0,,,,0,11,0,0,1,,1,0,0,6,,,,,,,2025,55.49107,-131.59676,2025-06-22 21:33:13,2025-06-23 04:04:07,2025-06-23T01:48:24,,47310,Ketchikan,hhllk1,199,forest-conifer,Lake Edge,10,40,1,5,lake,Alaska,0.271458333,0.313125,0.094247685,0.093877315,11.72857143,11.1,12.2,93.85714286,93,94,0,4.373015873,79.77896583,Meteostat
47310,SE1,2025-06-23,,,0,,0,0,,0,0,29,0,,0,0,0,0,3,,,,0,10,0,0,2,,25,0,1,41,,,,,,,2025,55.49107,-131.59676,2025-06-23 21:33:16,2025-06-24 04:04:31,2025-06-24T02:26:28,,47310,Ketchikan,hhllk1,199,forest-conifer,Lake Edge,10,40,1,5,lake,Alaska,0.271701389,0.313368056,0.068090278,0.120277778,11.85714286,11.7,12.2,89,88,94,0.2,1.174603175,84.47896583,Meteostat
47310,SE1,2025-06-25,,,0,,0,0,,0,0,0,0,,0,0,0,1,0,,,,0,4,0,0,0,,0,0,0,1,,,,,,,2025,55.49107,-131.59676,2025-06-25 21:33:10,2025-06-26 04:05:30,,2025-06-25T22:50:13,47310,Ketchikan,hhllk1,199,forest-conifer,Lake Edge,10,40,1,5,lake,Alaska,0.272453704,0.31412037,0.053506944,0,11.74285714,11.7,12,93.85714286,93,94,0.8,2.5,90.02896583,Meteostat
47310,SE1-Dup,2022-06-18,0,0,0,1,0,0,0,0,0,8,0,0,0,0,0,0,2,0,0,0,0,0,0,0,0,0,0,0,0,6,0,0,0,0,0,0,2022,55.49107,-131.59676,2022-06-18 21:32:17,2022-06-19 04:03:09,2022-06-19T01:00:49,,47310,Ketchikan,hhllk1,199,forest-conifer,Lake Edge,10,40,1,5,lake,Alaska,0.271435185,0.313101852,0.12662037,0.061481481,11.42857143,10,12.2,86.28571429,83,93,0,4.48015873,97.79563257,Meteostat
47310,SE1-Dup,2022-06-19,0,0,0,48,0,0,0,0,0,8,3,0,0,0,0,0,1,0,0,0,0,28,0,0,6,0,6,0,0,98,0,0,0,0,0,0,2022,55.49107,-131.59676,2022-06-19 21:32:37,2022-06-20 04:03:16,2022-06-20T01:11:36,,47310,Ketchikan,hhllk1,199,forest-conifer,Lake Edge,10,40,1,5,lake,Alaska,0.271284722,0.312951389,0.119212963,0.068738426,10.95714286,10.6,11.1,96.71428571,96,97,10.9,4.932539683,101.6956326,Meteostat
47310,SE1-Dup,2022-06-20,0,0,0,0,0,0,0,0,0,2,1,0,0,0,0,0,0,0,0,0,0,0,0,0,0,0,0,0,0,7,0,0,0,0,0,0,2022,55.49107,-131.59676,2022-06-20 21:32:52,2022-06-21 04:03:28,2022-06-21T01:20:24,,47310,Ketchikan,hhllk1,199,forest-conifer,Lake Edge,10,40,1,5,lake,Alaska,0.27125,0.312916667,0.113240741,0.074675926,10.81428571,10,11.7,90.28571429,86,96,0,1.904761905,103.1471322,Meteostat
47310,SE1-Dup,2022-06-21,0,0,0,13,0,0,0,0,0,15,1,0,0,0,0,0,1,0,0,0,0,9,0,0,5,0,6,0,0,28,0,0,0,0,0,0,2022,55.49107,-131.59676,2022-06-21 21:33:04,2022-06-22 04:03:43,2022-06-22T01:28:31,,47310,Ketchikan,hhllk1,199,forest-conifer,Lake Edge,10,40,1,5,lake,Alaska,0.271284722,0.312951389,0.107777778,0.080173611,8.314285714,7.8,8.9,94,89,97,14.5,1.587301587,105.9471322,Meteostat
47310,SE1-Dup,2022-06-22,0,0,0,0,0,0,0,0,0,7,1,0,0,0,0,0,1,0,0,0,0,1,0,0,0,0,1,0,0,11,0,0,0,0,0,0,2022,55.49107,-131.59676,2022-06-22 21:33:12,2022-06-23 04:04:03,2022-06-23T01:36:53,,47310,Ketchikan,hhllk1,199,forest-conifer,Lake Edge,10,40,1,5,lake,Alaska,0.271423611,0.313090278,0.102199074,0.085891204,10.67142857,10.6,11.1,89.42857143,86,92,0,0.587301587,107.1840095,Meteostat
47310,SE1-Dup,2022-06-23,0,0,0,6,1,0,0,0,0,20,0,0,0,0,0,0,0,0,0,0,0,2,0,0,2,0,0,0,0,5,0,0,0,0,0,0,2022,55.49107,-131.59676,2022-06-23 21:33:16,2022-06-24 04:04:26,2022-06-24T01:46:31,,47310,Ketchikan,hhllk1,199,forest-conifer,Lake Edge,10,40,1,5,lake,Alaska,0.271643519,0.313310185,0.095775463,0.092534722,8.857142857,7.2,12.2,93.71428571,86,97,0,0.428571429,108.8433482,Meteostat
47310,SE1-Dup,2022-06-24,0,0,1,1,0,0,0,0,0,7,3,0,0,0,0,0,1,0,0,0,0,1,0,0,0,0,0,0,0,10,0,0,0,0,0,0,2022,55.49107,-131.59676,2022-06-24 21:33:16,2022-06-25 04:04:52,2022-06-25T01:58:39,,47310,Ketchikan,hhllk1,199,forest-conifer,Lake Edge,10,40,1,5,lake,Alaska,0.271944444,0.313611111,0.087650463,0.100960648,10.55714286,8.3,15,85.28571429,72,93,0,0.373015873,112.1154779,Meteostat
47310,SE1-Dup,2022-06-25,0,0,0,1,1,0,0,0,0,4,2,0,0,0,0,0,2,0,0,0,0,1,0,0,1,0,1,0,0,7,0,0,0,0,0,0,2022,55.49107,-131.59676,2022-06-25 21:33:12,2022-06-26 04:05:22,2022-06-26T02:15:06,,47310,Ketchikan,hhllk1,199,forest-conifer,Lake Edge,10,40,1,5,lake,Alaska,0.272337963,0.31400463,0.076574074,0.112430556,11.45714286,10,16.7,88.28571429,67,96,0,0.301587302,117.0984566,Meteostat
47310,SE1-Dup,2022-06-26,0,0,1,0,0,0,0,0,0,10,1,0,0,0,0,0,0,0,0,0,0,1,0,0,0,0,1,0,0,8,0,0,0,0,0,0,2022,55.49107,-131.59676,2022-06-26 21:33:05,2022-06-27 04:05:56,2022-06-27T02:38:36,,47310,Ketchikan,hhllk1,199,forest-conifer,Lake Edge,10,40,1,5,lake,Alaska,0.2728125,0.314479167,0.060648148,0.128831019,12.95714286,11.7,15.6,94.57142857,83,100,0,0.428571429,123.6854701,Meteostat
47310,SE1-Dup,2022-06-27,0,0,0,0,0,0,0,0,0,30,2,0,0,0,0,0,0,0,0,0,0,1,0,0,2,0,0,0,0,4,0,0,0,0,0,0,2022,55.49107,-131.59676,2022-06-27 21:32:53,2022-06-28 04:06:34,2022-06-28T03:12:48,,47310,Ketchikan,hhllk1,199,forest-conifer,Lake Edge,10,40,1,5,lake,Alaska,0.273391204,0.31505787,0.037337963,0.152719907,14.12857143,13.3,15.6,94,83,97,0,2.452380952,130.6354701,Meteostat
47310,SE1-Dup,2022-06-28,0,0,1,0,0,0,0,0,0,20,1,0,0,0,0,0,0,0,0,0,0,2,0,0,2,0,1,0,0,6,0,0,0,0,0,0,2022,55.49107,-131.59676,2022-06-28 21:32:38,2022-06-29 04:07:15,2022-06-29T04:00:56,2022-06-28T22:06:32,47310,Ketchikan,hhllk1,199,forest-conifer,Lake Edge,10,40,1,5,lake,Alaska,0.274039352,0.315706019,-0.246111111,0.186319444,13.38571429,13.3,13.9,92.57142857,90,93,0.3,2.222222222,138.3854701,Meteostat
47310,SE1-Dup,2022-06-29,0,0,0,0,0,0,0,0,0,10,0,0,0,0,0,0,0,0,0,0,0,1,0,0,0,0,0,0,0,14,0,0,0,0,0,0,2022,55.49107,-131.59676,2022-06-29 21:32:19,2022-06-30 04:07:59,,2022-06-29T22:48:49,47310,Ketchikan,hhllk1,199,forest-conifer,Lake Edge,10,40,1,5,lake,Alaska,0.274768519,0.316435185,0.053125,0,13.55714286,13.3,13.9,87,87,87,0,2.023809524,142.8354701,Meteostat
47310,SE1-Dup,2022-06-30,0,0,2,0,0,0,0,0,0,5,1,0,0,0,0,0,2,0,0,0,0,1,0,0,0,0,2,0,0,9,0,0,0,0,0,0,2022,55.49107,-131.59676,2022-06-30 21:31:55,2022-07-01 04:08:47,,2022-06-30T23:18:14,47310,Ketchikan,hhllk1,199,forest-conifer,Lake Edge,10,40,1,5,lake,Alaska,0.275601852,0.317268519,0.073831019,0,14.42857143,13.9,15,90.42857143,87,93,0,1.722222222,148.6354701,Meteostat
47310,SE1-Dup,2022-07-01,0,0,1,0,0,0,0,0,0,5,0,0,0,0,0,0,1,0,0,0,0,1,0,0,0,0,0,0,0,2,0,0,0,0,0,0,2022,55.49107,-131.59676,2022-07-01 21:31:29,2022-07-02 04:09:38,,2022-07-01T23:38:29,47310,Ketchikan,hhllk1,199,forest-conifer,Lake Edge,10,40,1,5,lake,Alaska,0.276493056,0.318159722,0.088194444,0.004861111,14.2,12.2,15,91.28571429,90,96,0,1.476190476,154.4354701,Meteostat
47310,SE1-Dup,2022-07-02,0,0,2,1,0,0,0,0,0,1,1,0,0,0,0,0,5,0,0,0,0,0,0,0,3,0,1,0,0,5,0,0,0,0,0,0,2022,55.49107,-131.59676,2022-07-02 21:30:58,2022-07-03 04:10:32,,2022-07-02T23:52:55,47310,Ketchikan,hhllk1,199,forest-conifer,Lake Edge,10,40,1,5,lake,Alaska,0.277476852,0.319143519,0.098576389,0.015243056,15.55714286,14.4,16.7,84.71428571,78,90,0,2.666666667,160.5354701,Meteostat
47310,SE1-Dup,2022-07-03,0,0,1,0,0,0,0,0,0,26,1,0,0,0,0,0,2,0,0,0,0,0,0,0,2,0,0,0,0,7,0,0,0,0,0,0,2022,55.49107,-131.59676,2022-07-03 21:30:23,2022-07-04 04:11:29,,2022-07-04T00:03:50,47310,Ketchikan,hhllk1,199,forest-conifer,Lake Edge,10,40,1,5,lake,Alaska,0.278541667,0.320208333,0.1065625,0.023229167,14.02857143,13.3,15.6,94.71428571,90,97,0,2.468253968,168.2854701,Meteostat
47310,SE1-Dup,2022-07-04,0,0,0,0,0,0,0,0,0,8,1,0,0,0,0,0,2,0,0,0,0,2,0,0,0,0,0,0,0,12,0,0,0,0,0,0,2022,55.49107,-131.59676,2022-07-04 21:29:45,2022-07-05 04:12:30,,2022-07-05T00:12:49,47310,Ketchikan,hhllk1,199,forest-conifer,Lake Edge,10,40,1,5,lake,Alaska,0.2796875,0.321354167,0.113240741,0.029907407,13.875,13.3,14.4,90,87,93,0.3,5.548611111,177.6854701,Meteostat
47310,SE1-Dup,2022-07-05,0,0,0,0,0,0,0,0,0,15,0,0,0,0,0,0,0,0,0,0,0,0,0,0,0,0,0,0,0,21,0,0,0,0,0,0,2022,55.49107,-131.59676,2022-07-05 21:29:03,2022-07-06 04:13:33,,2022-07-06T00:20:57,47310,Ketchikan,hhllk1,199,forest-conifer,Lake Edge,10,40,1,5,lake,Alaska,0.280902778,0.322569444,0.119375,0.036041667,13.1375,11.7,13.9,91.125,87,96,0,1.805555556,184.6354701,Meteostat
47310,SE1-SM,2024-06-14,0,,0,0,0,0,,0,0,34,2,,0,0,0,0,0,,,,0,8,0,0,1,0,0,0,1,48,,,,,,0,2024,55.49107,-131.59676,2024-06-14 21:30:40,2024-06-15 04:03:11,,2024-06-15T01:22:37,47310,Ketchikan,hhllk1-SM,199,forest-conifer,Lake Edge,10,40,1,5,lake,Alaska,0.272581019,0.314247685,0.161076389,0.077743056,9.671428571,9.2,10.1,79.57142857,78,83,0,3.26984127,64.34851665,Meteostat
47310,SE1-SM,2024-06-15,0,,0,0,0,0,,0,0,5,0,,0,0,0,0,0,,,,0,21,0,0,0,0,0,0,0,19,,,,,,0,2024,55.49107,-131.59676,2024-06-15 21:31:13,2024-06-16 04:03:05,,2024-06-16T01:27:54,47310,Ketchikan,hhllk1-SM,199,forest-conifer,Lake Edge,10,40,1,5,lake,Alaska,0.27212963,0.313796296,0.164363426,0.081030093,9.671428571,8.6,11.5,93.28571429,88,96,0,2.400793651,65.8882624,Meteostat
47310,SE1-SM,2024-06-16,0,,0,0,0,0,,0,0,56,0,,0,0,0,0,1,,,,0,7,0,0,0,0,2,0,0,51,,,,,,0,2024,55.49107,-131.59676,2024-06-16 21:31:42,2024-06-17 04:03:03,,2024-06-17T01:34:17,47310,Ketchikan,hhllk1-SM,199,forest-conifer,Lake Edge,10,40,1,5,lake,Alaska,0.271770833,0.3134375,0.168460648,0.085127315,9.328571429,8.4,11.3,92.57142857,86,96,0,4.26984127,68.20284451,Meteostat
47310,SE1-SM,2024-06-17,0,,0,0,0,0,,0,0,91,0,,0,0,0,0,2,,,,0,1,0,0,1,0,3,0,1,58,,,,,,0,2024,55.49107,-131.59676,2024-06-17 21:32:06,2024-06-18 04:03:06,,2024-06-18T01:42:53,47310,Ketchikan,hhllk1-SM,199,forest-conifer,Lake Edge,10,40,1,5,lake,Alaska,0.271527778,0.313194444,0.174155093,0.090821759,9.985714286,8.6,12.3,92.14285714,85,96,0,2.714285714,70.72649193,Meteostat
47310,SE1-SM,2024-06-18,0,,0,0,0,0,,0,0,24,0,,0,0,0,0,0,,,,0,15,0,0,1,0,3,0,2,32,,,,,,0,2024,55.49107,-131.59676,2024-06-18 21:32:28,2024-06-19 04:03:11,,2024-06-19T01:55:36,47310,Ketchikan,hhllk1-SM,199,forest-conifer,Lake Edge,10,40,1,5,lake,Alaska,0.271331019,0.312997685,0.182731481,0.099398148,10.01428571,9.2,11.4,95.85714286,91,98,0,4.027777778,73.82164568,Meteostat
47310,SE1-SM,2024-06-19,0,,1,0,0,0,,0,0,22,3,,0,0,0,0,1,,,,0,8,0,0,1,0,4,0,0,49,,,,,,0,2024,55.49107,-131.59676,2024-06-19 21:32:45,2024-06-20 04:03:21,,2024-06-20T02:16:02,47310,Ketchikan,hhllk1-SM,199,forest-conifer,Lake Edge,10,40,1,5,lake,Alaska,0.27125,0.312916667,0.196724537,0.113391204,10.81428571,9.9,12.8,94.42857143,88,97,0,1.698412698,76.43346741,Meteostat
47310,SE1-SM,2024-06-20,0,,0,0,0,0,,0,0,112,1,,0,0,0,0,0,,,,0,4,0,0,1,0,0,0,0,125,,,,,,0,2024,55.49107,-131.59676,2024-06-20 21:32:58,2024-06-21 04:03:35,,2024-06-21T02:50:34,47310,Ketchikan,hhllk1-SM,199,forest-conifer,Lake Edge,10,40,1,5,lake,Alaska,0.271261574,0.312928241,0.220555556,0.137222222,10.21428571,9.3,12.1,95.14285714,87,98,0,2.869047619,80.03801667,Meteostat
47310,SE1-SM,2024-06-21,0,,0,0,0,0,,0,0,0,1,,0,0,0,0,0,,,,0,0,0,0,0,0,0,0,0,2,,,,,,0,2024,55.49107,-131.59676,2024-06-21 21:33:08,2024-06-22 04:03:52,2024-06-21T22:29:52,2024-06-22T03:47:08,47310,Ketchikan,hhllk1-SM,199,forest-conifer,Lake Edge,10,40,1,5,lake,Alaska,0.271342593,0.313009259,0.220324074,0,11.28571429,11.2,11.4,97,97,97,4.2,9.357142857,83.59299089,Meteostat
47310,SE1-SM,2024-06-22,0,,0,0,0,0,,0,0,0,1,,0,0,0,0,0,,,,0,2,0,0,0,0,0,0,0,3,,,,,,0,2024,55.49107,-131.59676,2024-06-22 21:33:14,2024-06-23 04:04:13,2024-06-22T23:15:24,,47310,Ketchikan,hhllk1-SM,199,forest-conifer,Lake Edge,10,40,1,5,lake,Alaska,0.271516204,0.31318287,0.20056713,0,11.1,10.8,11.4,93.28571429,90,96,0,5.357142857,86.38932567,Meteostat
47310,SE1-SM,2024-06-23,0,,0,0,0,0,,0,0,34,0,,0,0,0,0,0,,,,0,30,0,0,0,0,4,0,0,41,,,,,,0,2024,55.49107,-131.59676,2024-06-23 21:33:16,2024-06-24 04:04:38,2024-06-23T23:43:01,,47310,Ketchikan,hhllk1-SM,199,forest-conifer,Lake Edge,10,40,1,5,lake,Alaska,0.271782407,0.313449074,0.181678241,0.006770833,10.61428571,10.3,11.1,95.28571429,93,97,0,4.928571429,88.93932567,Meteostat
47310,SE1-SM,2024-06-24,0,,0,0,0,0,,0,0,184,1,,0,0,0,0,1,,,,0,5,0,0,0,0,2,0,1,161,,,,,,0,2024,55.49107,-131.59676,2024-06-24 21:33:14,2024-06-25 04:05:06,2024-06-24T23:59:57,,47310,Ketchikan,hhllk1-SM,199,forest-conifer,Lake Edge,10,40,1,5,lake,Alaska,0.27212963,0.313796296,0.170243056,0.018553241,12.45714286,11.7,13.3,82.14285714,77,86,0,1.547619048,92.33932567,Meteostat
47310,SE1-SM,2024-06-25,0,,0,0,0,0,,0,0,12,1,,0,0,0,0,0,,,,0,5,0,0,0,0,4,0,1,32,,,,,,0,2024,55.49107,-131.59676,2024-06-25 21:33:08,2024-06-26 04:05:38,2024-06-26T00:11:12,,47310,Ketchikan,hhllk1-SM,199,forest-conifer,Lake Edge,10,40,1,5,lake,Alaska,0.272569444,0.314236111,0.162800926,0.026435185,13.1,12.8,14.4,87.14285714,78,93,0.1,2.079365079,95.48932567,Meteostat
47310,SE1-SM,2024-06-26,0,,0,0,0,0,,0,0,74,8,,1,0,0,0,2,,,,0,2,0,0,0,0,4,0,2,54,,,,,,0,2024,55.49107,-131.59676,2024-06-26 21:32:58,2024-06-27 04:06:14,2024-06-27T00:19:31,,47310,Ketchikan,hhllk1-SM,199,forest-conifer,Lake Edge,10,40,1,5,lake,Alaska,0.273101852,0.314768519,0.15744213,0.032326389,14.28571429,12.8,16.7,83.71428571,70,96,0,1.619047619,100.7893257,Meteostat
47310,SW,2019-07-04,0,0,0,5,0,0,0,0,0,0,0,0,0,0,0,0,1,0,0,0,0,2,0,0,4,0,0,0,0,6,0,0,0,0,0,0,2019,55.44204,-131.62489,2019-07-04 21:29:40,2019-07-05 04:12:40,,2019-07-04T23:08:24,47310,Ketchikan,hhlrp1,150,forest-conifer,River Edge,3,60,1,10,creek,Alaska,0.279861111,0.321527778,0.068564815,0,13.6875,11.7,16.7,91.625,86,96,0,1.013888889,222.8095567,Meteostat
47310,SW,2019-07-05,0,0,0,1,0,0,0,0,0,0,0,0,0,0,0,0,0,0,0,0,0,0,0,0,1,0,0,0,0,2,0,0,0,0,0,0,2019,55.44204,-131.62489,2019-07-05 21:28:59,2019-07-06 04:13:42,,2019-07-05T23:36:54,47310,Ketchikan,hhlrp1,150,forest-conifer,River Edge,3,60,1,10,creek,Alaska,0.281053241,0.322719907,0.088831019,0.005497685,18.8125,15,22.2,68.625,53,87,0,1.930555556,230.3095567,Meteostat
47310,SW,2019-07-06,0,0,0,10,0,0,0,0,0,7,0,0,0,0,0,0,2,0,0,0,0,0,0,0,3,0,0,0,0,14,0,0,0,0,0,0,2019,55.44204,-131.62489,2019-07-06 21:28:15,2019-07-07 04:14:47,,2019-07-06T23:59:24,47310,Ketchikan,hhlrp1,150,forest-conifer,River Edge,3,60,1,10,creek,Alaska,0.282314815,0.323981481,0.104965278,0.021631944,15.0625,13.3,18.3,90,81,97,0,2.986111111,239.5095567,Meteostat
47310,SW,2019-07-07,0,0,0,21,0,0,0,0,2,6,0,0,0,0,0,0,1,0,0,0,0,3,0,0,12,0,0,0,0,39,0,0,0,0,0,0,2019,55.44204,-131.62489,2019-07-07 21:27:27,2019-07-08 04:15:55,,2019-07-08T00:18:24,47310,Ketchikan,hhlrp1,150,forest-conifer,River Edge,3,60,1,10,creek,Alaska,0.283657407,0.325324074,0.118715278,0.035381944,13.725,13.3,14.4,93,87,97,0,3.111111111,250.3595567,Meteostat
47310,SW,2019-07-08,0,0,0,8,0,0,0,0,0,7,0,0,0,0,0,9,2,0,0,0,0,2,0,0,5,0,0,0,0,36,0,0,0,0,0,0,2019,55.44204,-131.62489,2019-07-08 21:26:36,2019-07-09 04:17:06,,2019-07-09T00:35:48,47310,Ketchikan,hhlrp1,150,forest-conifer,River Edge,3,60,1,10,creek,Alaska,0.285069444,0.326736111,0.131388889,0.048055556,14.2875,13.3,15,90,83,100,0,2.381944444,255.6595567,Meteostat
47310,SW,2019-07-09,0,0,0,8,0,0,0,0,0,0,0,0,0,0,0,12,0,0,0,0,0,1,0,0,0,0,0,0,0,17,0,0,0,0,0,0,2019,55.44204,-131.62489,2019-07-09 21:25:41,2019-07-10 04:18:19,,2019-07-10T00:53:05,47310,Ketchikan,hhlrp1,150,forest-conifer,River Edge,3,60,1,10,creek,Alaska,0.286550926,0.328217593,0.144027778,0.060694444,12.1625,10,16.1,91.25,75,97,0,1.354166667,260.3595567,Meteostat
47310,SW,2019-07-10,0,0,0,8,0,0,0,0,0,0,0,0,0,0,0,0,1,0,0,0,0,4,0,0,5,0,0,0,0,18,0,0,0,0,0,0,2019,55.44204,-131.62489,2019-07-10 21:24:43,2019-07-11 04:19:35,,2019-07-11T01:11:42,47310,Ketchikan,hhlrp1,150,forest-conifer,River Edge,3,60,1,10,creek,Alaska,0.288101852,0.329768519,0.157627315,0.074293981,15.2,14.4,16.1,90.375,80,100,0,3.861111111,265.6595567,Meteostat
47310,SW,2019-07-11,0,0,0,19,0,0,0,0,0,2,0,0,0,0,0,0,1,0,0,0,0,6,0,0,13,0,0,0,0,33,0,0,0,0,0,0,2019,55.44204,-131.62489,2019-07-11 21:23:41,2019-07-12 04:20:53,,2019-07-12T01:33:14,47310,Ketchikan,hhlrp1,150,forest-conifer,River Edge,3,60,1,10,creek,Alaska,0.289722222,0.331388889,0.173298611,0.089965278,15,15,15,94.5,93,96,0,1.805555556,272.3095567,Meteostat
47310,SW,2020-06-06,0,0,0,1,0,0,0,0,0,8,0,0,0,0,0,0,2,0,0,0,0,1,0,0,0,0,0,0,0,5,0,0,0,0,0,0,2020,55.44204,-131.62489,2020-06-06 21:23:57,2020-06-07 04:06:42,2020-06-06T22:52:14,,47310,Ketchikan,hhlrp1,150,forest-conifer,River Edge,3,60,1,10,creek,Alaska,0.2796875,0.321354167,0.21837963,0,11.3375,10.6,12.8,67.5,66,69,0,3.159722222,75.67589178,Meteostat
47310,SW,2020-06-07,0,0,0,5,0,0,0,0,2,4,1,0,0,0,0,2,5,0,0,0,0,2,0,0,6,0,0,0,0,92,0,0,0,0,0,0,2020,55.44204,-131.62489,2020-06-07 21:24:57,2020-06-08 04:06:06,2020-06-07T23:48:25,,47310,Ketchikan,hhlrp1,150,forest-conifer,River Edge,3,60,1,10,creek,Alaska,0.278576389,0.320243056,0.178946759,0.016296296,8.1125,7.2,10,95.625,89,100,0,1.076388889,79.34444697,Meteostat
47310,SW,2020-06-08,0,0,0,0,0,0,0,0,3,13,0,0,0,0,0,0,2,0,0,0,0,0,0,0,1,0,0,0,0,10,0,0,0,0,0,0,2020,55.44204,-131.62489,2020-06-08 21:25:53,2020-06-09 04:05:34,2020-06-09T00:28:55,,47310,Ketchikan,hhlrp1,150,forest-conifer,River Edge,3,60,1,10,creek,Alaska,0.27755787,0.319224537,0.150451389,0.043773148,8.6875,6.7,11.7,87,66,97,0.6,1.027777778,80.35715022,Meteostat
47310,SW,2020-06-09,0,0,0,0,0,0,0,0,2,8,0,0,0,0,0,0,1,0,0,0,0,3,0,0,0,0,0,0,0,17,0,0,0,0,0,0,2020,55.44204,-131.62489,2020-06-09 21:26:46,2020-06-10 04:05:05,2020-06-10T00:57:34,,47310,Ketchikan,hhlrp1,150,forest-conifer,River Edge,3,60,1,10,creek,Alaska,0.276608796,0.318275463,0.130219907,0.063055556,10.7125,10,11.7,93.625,89,97,3.9,5.423611111,81.93147823,Meteostat
47310,SW,2021-07-02,0,0,0,1,0,0,0,0,0,4,1,0,0,0,0,0,0,0,0,0,0,1,0,0,1,0,0,0,0,0,0,0,0,0,0,0,2021,55.44204,-131.62489,2021-07-02 21:30:33,2021-07-03 04:11:10,2021-07-03T01:06:23,,47310,Ketchikan,hhlrp1,150,forest-conifer,River Edge,3,60,1,10,creek,Alaska,0.278206019,0.319872685,0.128321759,0.066550926,13.55714286,12.8,14.4,78.28571429,74,83,0,2.777777778,185.1104624,Meteostat
47310,SW,2021-07-03,0,0,0,0,0,0,0,0,0,2,0,0,0,0,0,0,0,0,0,0,0,0,0,0,0,0,0,0,0,0,0,0,0,0,0,0,2021,55.44204,-131.62489,2021-07-03 21:29:58,2021-07-04 04:12:08,2021-07-04T01:17:09,,47310,Ketchikan,hhlrp1,150,forest-conifer,River Edge,3,60,1,10,creek,Alaska,0.279282407,0.320949074,0.121516204,0.07443287,17.025,15.6,19.4,71.375,66,78,0,3.923611111,190.9604624,Meteostat
47310,SW,2021-07-04,0,0,0,0,0,0,0,0,2,10,0,0,0,0,0,0,0,0,0,0,0,1,0,0,0,0,0,0,0,0,0,0,0,0,0,0,2021,55.44204,-131.62489,2021-07-04 21:29:19,2021-07-05 04:13:09,2021-07-05T01:30:12,,47310,Ketchikan,hhlrp1,150,forest-conifer,River Edge,3,60,1,10,creek,Alaska,0.280439815,0.322106481,0.113159722,0.083946759,16.9375,14.4,20,71.5,59,81,0,3.736111111,199.0104624,Meteostat
47310,SW,2021-07-05,0,0,0,0,0,0,0,0,2,3,0,0,0,0,0,0,0,0,0,0,0,1,0,0,0,0,0,0,0,0,0,0,0,0,0,0,2021,55.44204,-131.62489,2021-07-05 21:28:37,2021-07-06 04:14:13,2021-07-06T01:47:10,,47310,Ketchikan,hhlrp1,150,forest-conifer,River Edge,3,60,1,10,creek,Alaska,0.281666667,0.323333333,0.102118056,0.096215278,14.225,12.8,17.2,90,81,93,0,1.791666667,207.9104624,Meteostat
47310,SW,2021-07-06,0,0,0,0,0,0,0,0,0,6,0,0,0,0,0,0,0,0,0,0,0,2,0,0,0,0,0,0,0,0,0,0,0,0,0,0,2021,55.44204,-131.62489,2021-07-06 21:27:51,2021-07-07 04:15:20,2021-07-07T02:10:27,,47310,Ketchikan,hhlrp1,150,forest-conifer,River Edge,3,60,1,10,creek,Alaska,0.282974537,0.324641204,0.086724537,0.112916667,13.5375,11.7,16.1,82.75,80,87,0,4.440972222,216.7604624,Meteostat
47310,SW,2022-06-18,0,0,0,0,0,0,0,0,5,0,0,0,0,0,0,0,0,0,0,0,0,0,0,0,0,0,0,0,0,2,0,0,0,0,0,0,2022,55.44204,-131.62489,2022-06-18 21:32:02,2022-06-19 04:03:37,2022-06-19T01:00:46,,47310,Ketchikan,hhlrp1,150,forest-conifer,River Edge,3,60,1,10,creek,Alaska,0.27193287,0.313599537,0.126979167,0.06162037,11.42857143,10,12.2,86.28571429,83,93,0,4.48015873,97.79563257,Meteostat
47310,SW,2022-06-19,0,0,0,0,0,0,0,0,14,5,0,0,0,0,0,0,0,0,0,0,0,0,0,0,1,0,0,0,0,4,0,0,0,0,0,0,2022,55.44204,-131.62489,2022-06-19 21:32:22,2022-06-20 04:03:45,2022-06-20T01:11:37,,47310,Ketchikan,hhlrp1,150,forest-conifer,River Edge,3,60,1,10,creek,Alaska,0.271793981,0.313460648,0.119537037,0.068923611,10.95714286,10.6,11.1,96.71428571,96,97,10.9,4.932539683,101.6956326,Meteostat
47310,SW,2022-06-20,0,0,0,0,0,0,0,0,0,3,1,0,0,0,0,0,0,0,0,0,0,0,0,0,0,0,0,0,0,85,0,0,0,0,0,0,2022,55.44204,-131.62489,2022-06-20 21:32:37,2022-06-21 04:03:57,2022-06-21T01:20:30,,47310,Ketchikan,hhlrp1,150,forest-conifer,River Edge,3,60,1,10,creek,Alaska,0.271759259,0.313425926,0.113506944,0.074918981,10.81428571,10,11.7,90.28571429,86,96,0,1.904761905,103.1471322,Meteostat
47310,SW,2022-06-21,0,0,0,0,0,0,0,0,0,3,1,0,0,0,0,0,1,0,0,0,0,0,0,0,0,0,0,0,0,13,0,0,0,0,0,0,2022,55.44204,-131.62489,2022-06-21 21:32:49,2022-06-22 04:04:12,2022-06-22T01:28:40,,47310,Ketchikan,hhlrp1,150,forest-conifer,River Edge,3,60,1,10,creek,Alaska,0.271793981,0.313460648,0.108009259,0.080451389,8.314285714,7.8,8.9,94,89,97,14.5,1.587301587,105.9471322,Meteostat
47310,SW,2022-06-22,0,0,0,2,0,0,0,0,0,0,1,0,0,0,0,0,0,0,0,0,0,0,0,0,0,0,0,0,0,101,0,0,0,0,0,0,2022,55.44204,-131.62489,2022-06-22 21:32:57,2022-06-23 04:04:31,2022-06-23T01:37:06,,47310,Ketchikan,hhlrp1,150,forest-conifer,River Edge,3,60,1,10,creek,Alaska,0.271921296,0.313587963,0.102372685,0.086215278,10.67142857,10.6,11.1,89.42857143,86,92,0,0.587301587,107.1840095,Meteostat
47310,SW,2022-06-23,0,0,2,0,0,0,0,0,0,1,0,0,0,0,0,0,3,0,0,0,0,0,0,0,0,0,0,0,0,9,0,0,0,0,0,0,2022,55.44204,-131.62489,2022-06-23 21:33:01,2022-06-24 04:04:54,2022-06-24T01:46:48,,47310,Ketchikan,hhlrp1,150,forest-conifer,River Edge,3,60,1,10,creek,Alaska,0.272141204,0.31380787,0.095902778,0.092905093,8.857142857,7.2,12.2,93.71428571,86,97,0,0.428571429,108.8433482,Meteostat
47310,SW,2022-06-24,0,0,0,0,0,0,0,0,4,2,0,0,0,0,0,0,0,0,0,0,0,0,0,0,0,0,0,0,0,0,0,0,0,0,0,0,2022,55.44204,-131.62489,2022-06-24 21:33:01,2022-06-25 04:05:21,2022-06-25T01:59:00,,47310,Ketchikan,hhlrp1,150,forest-conifer,River Edge,3,60,1,10,creek,Alaska,0.272453704,0.31412037,0.087743056,0.101377315,10.55714286,8.3,15,85.28571429,72,93,0,0.373015873,112.1154779,Meteostat
47310,SW,2022-06-25,0,0,0,0,0,0,0,0,0,0,0,0,0,0,0,0,1,0,0,0,0,0,0,0,0,0,0,0,0,0,0,0,0,0,0,0,2022,55.44204,-131.62489,2022-06-25 21:32:58,2022-06-26 04:05:51,2022-06-26T02:15:31,,47310,Ketchikan,hhlrp1,150,forest-conifer,River Edge,3,60,1,10,creek,Alaska,0.272835648,0.314502315,0.07662037,0.112881944,11.45714286,10,16.7,88.28571429,67,96,0,0.301587302,117.0984566,Meteostat
47310,SW,2022-06-26,0,0,1,0,0,0,0,0,0,0,0,0,0,0,0,0,1,0,0,0,0,0,0,0,0,0,0,0,0,2,0,0,0,0,0,0,2022,55.44204,-131.62489,2022-06-26 21:32:50,2022-06-27 04:06:25,2022-06-27T02:39:06,,47310,Ketchikan,hhlrp1,150,forest-conifer,River Edge,3,60,1,10,creek,Alaska,0.273321759,0.314988426,0.060636574,0.129351852,12.95714286,11.7,15.6,94.57142857,83,100,0,0.428571429,123.6854701,Meteostat
47310,SW,2022-06-27,0,0,0,0,0,0,0,0,3,1,0,0,0,0,0,0,0,0,0,0,0,0,0,0,0,0,0,0,0,2,0,0,0,0,0,0,2022,55.44204,-131.62489,2022-06-27 21:32:39,2022-06-28 04:07:02,2022-06-28T03:13:22,,47310,Ketchikan,hhlrp1,150,forest-conifer,River Edge,3,60,1,10,creek,Alaska,0.273877315,0.315543981,0.037268519,0.153275463,14.12857143,13.3,15.6,94,83,97,0,2.452380952,130.6354701,Meteostat
47310,SW,2022-06-28,0,0,1,0,0,0,0,0,5,0,0,0,0,0,0,0,0,0,0,0,0,1,0,0,0,0,0,0,0,0,0,0,0,0,0,0,2022,55.44204,-131.62489,2022-06-28 21:32:23,2022-06-29 04:07:43,2022-06-29T04:01:32,2022-06-28T22:06:11,47310,Ketchikan,hhlrp1,150,forest-conifer,River Edge,3,60,1,10,creek,Alaska,0.274537037,0.316203704,-0.246770833,0.186909722,13.38571429,13.3,13.9,92.57142857,90,93,0.3,2.222222222,138.3854701,Meteostat
47310,SW,2022-06-29,0,0,0,0,0,0,0,0,0,17,1,0,0,0,0,0,0,0,0,0,0,0,0,0,0,0,0,0,0,9,0,0,0,0,0,0,2022,55.44204,-131.62489,2022-06-29 21:32:04,2022-06-30 04:08:27,,2022-06-29T22:48:30,47310,Ketchikan,hhlrp1,150,forest-conifer,River Edge,3,60,1,10,creek,Alaska,0.275266204,0.31693287,0.053078704,0,13.55714286,13.3,13.9,87,87,87,0,2.023809524,142.8354701,Meteostat
47310,SW,2022-06-30,0,0,1,7,0,0,0,0,9,0,0,0,0,0,0,0,1,0,0,0,0,0,0,0,0,0,0,0,0,4,0,0,0,0,0,0,2022,55.44204,-131.62489,2022-06-30 21:31:41,2022-07-01 04:09:15,,2022-06-30T23:17:59,47310,Ketchikan,hhlrp1,150,forest-conifer,River Edge,3,60,1,10,creek,Alaska,0.276087963,0.31775463,0.073819444,0,14.42857143,13.9,15,90.42857143,87,93,0,1.722222222,148.6354701,Meteostat
47310,SW,2022-07-01,0,0,0,1,0,0,0,0,3,0,0,0,0,0,0,0,1,0,0,0,0,0,0,0,0,0,0,0,0,4,0,0,0,0,0,0,2022,55.44204,-131.62489,2022-07-01 21:31:14,2022-07-02 04:10:06,,2022-07-01T23:38:19,47310,Ketchikan,hhlrp1,150,forest-conifer,River Edge,3,60,1,10,creek,Alaska,0.276990741,0.318657407,0.088252315,0.004918981,14.2,12.2,15,91.28571429,90,96,0,1.476190476,154.4354701,Meteostat
47310,SW,2022-07-02,0,0,0,1,0,0,0,0,0,0,0,0,0,0,0,0,0,0,0,0,0,0,0,0,0,0,0,0,0,6,0,0,0,0,0,0,2022,55.44204,-131.62489,2022-07-02 21:30:44,2022-07-03 04:11:00,,2022-07-02T23:52:49,47310,Ketchikan,hhlrp1,150,forest-conifer,River Edge,3,60,1,10,creek,Alaska,0.277962963,0.31962963,0.098668981,0.015335648,15.55714286,14.4,16.7,84.71428571,78,90,0,2.666666667,160.5354701,Meteostat
47310,SW,2022-07-03,0,0,1,0,0,0,0,0,0,0,1,0,0,0,0,0,0,0,0,0,0,0,0,0,0,0,1,0,0,0,0,0,0,0,0,0,2022,55.44204,-131.62489,2022-07-03 21:30:09,2022-07-04 04:11:57,,2022-07-04T00:03:49,47310,Ketchikan,hhlrp1,150,forest-conifer,River Edge,3,60,1,10,creek,Alaska,0.279027778,0.320694444,0.106712963,0.02337963,14.02857143,13.3,15.6,94.71428571,90,97,0,2.468253968,168.2854701,Meteostat
47310,SW,2022-07-04,0,0,0,0,0,0,0,0,0,0,0,0,0,0,0,0,0,0,0,0,0,0,0,0,0,0,1,0,0,1,0,0,0,0,0,0,2022,55.44204,-131.62489,2022-07-04 21:29:31,2022-07-05 04:12:57,,2022-07-05T00:12:51,47310,Ketchikan,hhlrp1,150,forest-conifer,River Edge,3,60,1,10,creek,Alaska,0.280162037,0.321828704,0.113425926,0.030092593,13.875,13.3,14.4,90,87,93,0.3,5.548611111,177.6854701,Meteostat
47310,SW,2022-07-05,0,0,1,0,1,0,0,0,0,0,0,0,0,0,0,0,1,0,0,0,0,0,0,0,1,0,0,0,0,1,0,0,0,0,0,0,2022,55.44204,-131.62489,2022-07-05 21:28:50,2022-07-06 04:14:00,,2022-07-06T00:21:03,47310,Ketchikan,hhlrp1,150,forest-conifer,River Edge,3,60,1,10,creek,Alaska,0.281365741,0.323032407,0.119594907,0.036261574,13.1375,11.7,13.9,91.125,87,96,0,1.805555556,184.6354701,Meteostat
47310,SW,2023-06-14,0,0,0,0,0,0,0,0,0,0,0,0,0,0,0,0,0,0,0,0,0,1,0,0,0,0,0,0,0,8,0,0,0,0,0,0,2023,55.44204,-131.62489,2023-06-14 21:29:59,2023-06-15 04:03:46,2023-06-15T02:23:16,,47310,Ketchikan,hhlrp1,150,forest-conifer,River Edge,3,60,1,10,creek,Alaska,0.273460648,0.315127315,0.069791667,0.120335648,9.075,8.3,10,80.75,71,90,0,1.805555556,123.0437954,Meteostat
47310,SW,2023-06-15,0,0,0,0,0,0,0,0,0,0,0,0,0,0,0,0,0,0,0,0,0,0,0,0,0,0,2,0,0,7,0,0,0,0,0,0,2023,55.44204,-131.62489,2023-06-15 21:30:34,2023-06-16 04:03:38,2023-06-16T02:40:11,,47310,Ketchikan,hhlrp1,150,forest-conifer,River Edge,3,60,1,10,creek,Alaska,0.272962963,0.31462963,0.057951389,0.131678241,11.28571429,10.6,11.7,91.71428571,89,93,2.9,5.444444444,126.1674172,Meteostat
47310,SW,2023-06-20,0,0,0,0,0,0,0,0,0,1,1,0,0,0,0,0,0,0,0,0,0,0,0,0,0,0,0,0,0,7,0,0,0,0,0,0,2023,55.44204,-131.62489,2023-06-20 21:32:35,2023-06-21 04:03:53,,2023-06-21T00:03:40,47310,Ketchikan,hhlrp1,150,forest-conifer,River Edge,3,60,1,10,creek,Alaska,0.271736111,0.313402778,0.104918981,0.021585648,11.6,11.1,12.8,91,87,93,0,2.166666667,140.165792,Meteostat
47310,SW,2024-06-14,0,,0,0,0,0,,3,0,36,3,,0,0,0,0,0,,,,0,0,0,0,0,0,4,0,0,30,,,,,,0,2024,55.44204,-131.62489,2024-06-14 21:30:26,2024-06-15 04:03:39,,2024-06-15T01:22:45,47310,Ketchikan,hhlrp1,150,forest-conifer,River Edge,3,60,1,10,creek,Alaska,0.27306713,0.314733796,0.161331019,0.077997685,9.671428571,9.2,10.1,79.57142857,78,83,0,3.26984127,64.34851665,Meteostat
47310,SW,2024-06-15,0,,0,0,0,0,,0,0,1,1,,0,0,0,0,0,,,,0,3,0,0,0,0,2,0,0,1,,,,,,0,2024,55.44204,-131.62489,2024-06-15 21:30:58,2024-06-16 04:03:34,,2024-06-16T01:28:07,47310,Ketchikan,hhlrp1,150,forest-conifer,River Edge,3,60,1,10,creek,Alaska,0.272638889,0.314305556,0.1646875,0.081354167,9.671428571,8.6,11.5,93.28571429,88,96,0,2.400793651,65.8882624,Meteostat
47310,SW,2024-06-16,0,,0,0,0,0,,0,0,3,3,,0,0,0,0,0,,,,0,3,0,0,1,0,2,0,0,6,,,,,,0,2024,55.44204,-131.62489,2024-06-16 21:31:27,2024-06-17 04:03:32,,2024-06-17T01:34:33,47310,Ketchikan,hhlrp1,150,forest-conifer,River Edge,3,60,1,10,creek,Alaska,0.272280093,0.313946759,0.168819444,0.085486111,9.328571429,8.4,11.3,92.57142857,86,96,0,4.26984127,68.20284451,Meteostat
47310,SW,2024-06-17,0,,0,0,0,0,,0,0,2,0,,0,0,0,0,5,,,,0,2,0,0,0,0,0,0,0,6,,,,,,0,2024,55.44204,-131.62489,2024-06-17 21:31:52,2024-06-18 04:03:34,,2024-06-18T01:43:14,47310,Ketchikan,hhlrp1,150,forest-conifer,River Edge,3,60,1,10,creek,Alaska,0.272013889,0.313680556,0.174560185,0.091226852,9.985714286,8.6,12.3,92.14285714,85,96,0,2.714285714,70.72649193,Meteostat
47310,SW,2024-06-18,0,,0,0,0,0,,0,0,18,0,,0,0,0,0,1,,,,0,4,0,0,0,0,6,0,1,19,,,,,,0,2024,55.44204,-131.62489,2024-06-18 21:32:13,2024-06-19 04:03:40,,2024-06-19T01:56:02,47310,Ketchikan,hhlrp1,150,forest-conifer,River Edge,3,60,1,10,creek,Alaska,0.271840278,0.313506944,0.183206019,0.099872685,10.01428571,9.2,11.4,95.85714286,91,98,0,4.027777778,73.82164568,Meteostat
47310,SW,2024-06-19,0,,0,0,0,0,,0,0,2,0,,0,0,0,0,4,,,,0,5,0,0,0,0,2,0,0,4,,,,,,0,2024,55.44204,-131.62489,2024-06-19 21:32:30,2024-06-20 04:03:50,,2024-06-20T02:16:35,47310,Ketchikan,hhlrp1,150,forest-conifer,River Edge,3,60,1,10,creek,Alaska,0.271759259,0.313425926,0.197280093,0.113946759,10.81428571,9.9,12.8,94.42857143,88,97,0,1.698412698,76.43346741,Meteostat
47310,SW,2024-06-20,0,,0,0,0,0,,0,0,8,0,,0,0,0,0,1,,,,0,1,0,0,2,0,2,0,0,10,,,,,,0,2024,55.44204,-131.62489,2024-06-20 21:32:44,2024-06-21 04:04:03,,2024-06-21T02:51:13,47310,Ketchikan,hhlrp1,150,forest-conifer,River Edge,3,60,1,10,creek,Alaska,0.271747685,0.313414352,0.221168981,0.137835648,10.21428571,9.3,12.1,95.14285714,87,98,0,2.869047619,80.03801667,Meteostat
47310,SW,2024-06-22,0,,0,0,0,0,,0,0,1,3,,0,0,0,0,0,,,,0,3,0,0,0,0,1,0,0,5,,,,,,0,2024,55.44204,-131.62489,2024-06-22 21:32:59,2024-06-23 04:04:41,2024-06-22T23:15:02,,47310,Ketchikan,hhlrp1,150,forest-conifer,River Edge,3,60,1,10,creek,Alaska,0.272013889,0.313680556,0.201145833,0,11.1,10.8,11.4,93.28571429,90,96,0,5.357142857,86.38932567,Meteostat
47310,SW,2024-06-23,0,,0,0,0,0,,4,1,96,1,,0,0,0,0,1,,,,0,2,0,0,1,0,4,0,0,59,,,,,,0,2024,55.44204,-131.62489,2024-06-23 21:33:01,2024-06-24 04:05:06,2024-06-23T23:42:46,,47310,Ketchikan,hhlrp1,150,forest-conifer,River Edge,3,60,1,10,creek,Alaska,0.272280093,0.313946759,0.182175926,0.006770833,10.61428571,10.3,11.1,95.28571429,93,97,0,4.928571429,88.93932567,Meteostat
47310,SW,2024-06-24,0,,0,0,0,0,,3,0,36,0,,0,0,0,0,7,,,,0,3,0,0,0,0,1,0,0,26,,,,,,0,2024,55.44204,-131.62489,2024-06-24 21:32:59,2024-06-25 04:05:34,2024-06-24T23:59:48,,47310,Ketchikan,hhlrp1,150,forest-conifer,River Edge,3,60,1,10,creek,Alaska,0.272627315,0.314293981,0.170671296,0.018622685,12.45714286,11.7,13.3,82.14285714,77,86,0,1.547619048,92.33932567,Meteostat
47310,SW,2024-06-25,0,,0,0,0,0,,2,0,36,0,,0,0,0,0,0,,,,0,3,0,0,0,0,2,0,0,56,,,,,,0,2024,55.44204,-131.62489,2024-06-25 21:32:53,2024-06-26 04:06:06,2024-06-26T00:11:08,,47310,Ketchikan,hhlrp1,150,forest-conifer,River Edge,3,60,1,10,creek,Alaska,0.27306713,0.314733796,0.163171296,0.0265625,13.1,12.8,14.4,87.14285714,78,93,0.1,2.079365079,95.48932567,Meteostat
47310,SW,2024-06-26,0,,0,0,0,0,,1,0,4,0,,0,0,0,0,1,,,,0,4,0,0,0,0,5,0,0,24,,,,,,0,2024,55.44204,-131.62489,2024-06-26 21:32:43,2024-06-27 04:06:42,2024-06-27T00:19:32,,47310,Ketchikan,hhlrp1,150,forest-conifer,River Edge,3,60,1,10,creek,Alaska,0.273599537,0.315266204,0.15775463,0.032511574,14.28571429,12.8,16.7,83.71428571,70,96,0,1.619047619,100.7893257,Meteostat
47310,SW,2025-06-13,,,0,,0,0,,0,0,4,0,,0,0,0,0,1,,,,0,1,0,0,0,,1,0,0,2,,,,,,,2025,55.44204,-131.62489,2025-06-13 21:29:39,2025-06-14 04:03:50,2025-06-14T00:07:11,,47310,Ketchikan,hhlrp1,150,forest-conifer,River Edge,3,60,1,10,creek,Alaska,0.273738426,0.315405093,0.164340278,0.026064815,5.45,3,8.3,83.625,76,93,0,1.333333333,51.58921115,Meteostat
47310,SW,2025-06-14,,,0,,0,0,,0,0,2,1,,0,0,0,0,0,,,,0,3,0,0,0,,6,0,0,6,,,,,,,2025,55.44204,-131.62489,2025-06-14 21:30:16,2025-06-15 04:03:40,2025-06-15T00:23:12,,47310,Ketchikan,hhlrp1,150,forest-conifer,River Edge,3,60,1,10,creek,Alaska,0.273194444,0.314861111,0.153101852,0.036759259,8.371428571,7,9.4,86.42857143,82,93,0,2.238095238,53.33814797,Meteostat
47310,SW,2025-06-15,,,0,,0,0,,0,0,1,6,,0,0,0,0,0,,,,0,2,0,0,0,,1,0,0,3,,,,,,,2025,55.44204,-131.62489,2025-06-15 21:30:49,2025-06-16 04:03:33,2025-06-16T00:34:07,,47310,Ketchikan,hhlrp1,150,forest-conifer,River Edge,3,60,1,10,creek,Alaska,0.272731481,0.314398148,0.145439815,0.043958333,10.3,9.4,11.1,85.28571429,76,94,5.9,1.603174603,55.64837233,Meteostat
47310,SW,2025-06-16,,,0,,0,0,,0,0,0,3,,0,0,0,0,3,,,,0,3,0,0,1,,3,0,0,1,,,,,,,2025,55.44204,-131.62489,2025-06-16 21:31:19,2025-06-17 04:03:31,2025-06-17T00:42:16,,47310,Ketchikan,hhlrp1,150,forest-conifer,River Edge,3,60,1,10,creek,Alaska,0.272361111,0.314027778,0.139756944,0.049270833,10.02857143,9.4,10.6,82.42857143,76,94,0,1.642857143,57.95656218,Meteostat
47310,SW,2025-06-17,,,0,,0,0,,0,0,1,1,,0,0,0,0,0,,,,0,0,0,0,0,,1,0,0,2,,,,,,,2025,55.44204,-131.62489,2025-06-17 21:31:45,2025-06-18 04:03:32,2025-06-18T00:49:08,,47310,Ketchikan,hhlrp1,150,forest-conifer,River Edge,3,60,1,10,creek,Alaska,0.272071759,0.313738426,0.135,0.053738426,11.08571429,10,12,90,88,94,2.8,1.563492063,59.94587662,Meteostat
47310,SW,2025-06-18,,,0,,0,0,,0,0,0,3,,0,0,0,0,0,,,,0,0,0,0,0,,1,0,0,2,,,,,,,2025,55.44204,-131.62489,2025-06-18 21:32:07,2025-06-19 04:03:37,2025-06-19T00:55:46,,47310,Ketchikan,hhlrp1,150,forest-conifer,River Edge,3,60,1,10,creek,Alaska,0.271875,0.313541667,0.130451389,0.058090278,10.37142857,8.7,12.2,89.14285714,77,95,0,1.777777778,62.77278364,Meteostat
47310,SW,2025-06-19,,,0,,0,0,,0,0,0,0,,0,0,0,0,3,,,,0,1,0,0,0,,4,0,0,3,,,,,,,2025,55.44204,-131.62489,2025-06-19 21:32:25,2025-06-20 04:03:46,2025-06-20T01:03:12,,47310,Ketchikan,hhlrp1,150,forest-conifer,River Edge,3,60,1,10,creek,Alaska,0.271770833,0.3134375,0.125393519,0.063043981,11.17142857,10.6,12.2,86.42857143,82,89,0,3.468253968,65.57278364,Meteostat
47310,SW,2025-06-20,,,0,,0,0,,0,0,10,1,,0,0,0,0,9,,,,0,3,0,0,0,,0,0,0,12,,,,,,,2025,55.44204,-131.62489,2025-06-20 21:32:40,2025-06-21 04:03:59,2025-06-21T01:12:44,,47310,Ketchikan,hhlrp1,150,forest-conifer,River Edge,3,60,1,10,creek,Alaska,0.271747685,0.313414352,0.118923611,0.069490741,13.88571429,13.3,15,83.28571429,77,88,0,6.305555556,67.67896583,Meteostat
47310,SW,2025-06-21,,,0,,0,0,,0,0,42,0,,0,0,0,0,1,,,,0,2,0,0,1,,2,0,0,22,,,,,,,2025,55.44204,-131.62489,2025-06-21 21:32:51,2025-06-22 04:04:15,2025-06-22T01:26:36,,47310,Ketchikan,hhlrp1,150,forest-conifer,River Edge,3,60,1,10,creek,Alaska,0.271805556,0.313472222,0.109479167,0.078993056,13.17142857,12,16.1,93.14285714,77,100,0,1.880952381,71.87896583,Meteostat
47310,SW,2025-06-22,,,0,,0,0,,0,0,187,6,,0,0,0,0,2,,,,0,8,0,0,0,,4,0,0,83,,,,,,,2025,55.44204,-131.62489,2025-06-22 21:32:58,2025-06-23 04:04:35,2025-06-23T01:48:55,,47310,Ketchikan,hhlrp1,150,forest-conifer,River Edge,3,60,1,10,creek,Alaska,0.271956019,0.313622685,0.094212963,0.094409722,11.72857143,11.1,12.2,93.85714286,93,94,0,4.373015873,79.77896583,Meteostat
47310,SW,2025-06-23,,,0,,0,0,,1,0,55,1,,0,0,0,0,0,,,,0,9,0,0,0,,3,0,0,36,,,,,,,2025,55.44204,-131.62489,2025-06-23 21:33:01,2025-06-24 04:04:59,2025-06-24T02:27:07,,47310,Ketchikan,hhlrp1,150,forest-conifer,River Edge,3,60,1,10,creek,Alaska,0.272199074,0.313865741,0.067962963,0.120902778,11.85714286,11.7,12.2,89,88,94,0.2,1.174603175,84.47896583,Meteostat
47310,SW,2025-06-24,,,0,,0,0,,0,0,44,0,,0,0,0,0,0,,,,0,0,0,0,0,,1,0,0,99,,,,,,,2025,55.44204,-131.62489,2025-06-24 21:33:00,2025-06-25 04:05:27,2025-06-25T03:29:26,2025-06-24T22:02:52,47310,Ketchikan,hhlrp1,150,forest-conifer,River Edge,3,60,1,10,creek,Alaska,0.272534722,0.314201389,-0.226782407,0.164189815,12.08571429,12,12.2,93.71428571,93,94,2.8,3.996031746,87.22896583,Meteostat
47310,SW,2025-06-25,,,0,,0,0,,1,0,396,1,,0,0,0,0,0,,,,0,0,0,0,0,,1,0,0,113,,,,,,,2025,55.44204,-131.62489,2025-06-25 21:32:55,2025-06-26 04:05:58,,2025-06-25T22:49:52,47310,Ketchikan,hhlrp1,150,forest-conifer,River Edge,3,60,1,10,creek,Alaska,0.272951389,0.314618056,0.0534375,0,11.74285714,11.7,12,93.85714286,93,94,0.8,2.5,90.02896583,Meteostat
47310,SW,2025-06-26,,,0,,0,0,,0,0,24,0,,0,0,0,0,1,,,,0,2,0,0,0,,0,0,0,14,,,,,,,2025,55.44204,-131.62489,2025-06-26 21:32:46,2025-06-27 04:06:33,,2025-06-26T23:16:58,47310,Ketchikan,hhlrp1,150,forest-conifer,River Edge,3,60,1,10,creek,Alaska,0.273460648,0.315127315,0.072361111,0,11.61428571,11.1,12,91.28571429,88,94,4.9,4.857142857,92.37896583,Meteostat
47310,SW-Dup,2022-06-18,0,0,0,1,0,0,0,0,19,0,1,0,0,0,0,0,0,0,0,0,0,0,0,0,0,0,0,0,0,13,0,0,0,0,0,0,2022,55.44204,-131.62489,2022-06-18 21:32:02,2022-06-19 04:03:37,2022-06-19T01:00:46,,47310,Ketchikan,hhlrp1,150,forest-conifer,River Edge,3,60,1,10,creek,Alaska,0.27193287,0.313599537,0.126979167,0.06162037,11.42857143,10,12.2,86.28571429,83,93,0,4.48015873,97.79563257,Meteostat
47310,SW-Dup,2022-06-19,0,0,0,0,0,0,0,0,13,5,4,0,0,0,0,0,0,0,0,0,0,0,0,0,0,0,0,0,0,37,0,0,0,0,0,0,2022,55.44204,-131.62489,2022-06-19 21:32:22,2022-06-20 04:03:45,2022-06-20T01:11:37,,47310,Ketchikan,hhlrp1,150,forest-conifer,River Edge,3,60,1,10,creek,Alaska,0.271793981,0.313460648,0.119537037,0.068923611,10.95714286,10.6,11.1,96.71428571,96,97,10.9,4.932539683,101.6956326,Meteostat
47310,SW-Dup,2022-06-20,0,0,0,0,1,0,0,0,0,0,1,0,0,0,0,0,0,0,0,0,0,0,0,0,0,0,0,0,0,13,0,0,0,0,0,0,2022,55.44204,-131.62489,2022-06-20 21:32:37,2022-06-21 04:03:57,2022-06-21T01:20:30,,47310,Ketchikan,hhlrp1,150,forest-conifer,River Edge,3,60,1,10,creek,Alaska,0.271759259,0.313425926,0.113506944,0.074918981,10.81428571,10,11.7,90.28571429,86,96,0,1.904761905,103.1471322,Meteostat
47310,SW-Dup,2022-06-21,0,0,0,0,0,0,0,0,0,0,3,0,0,0,0,0,0,0,0,0,0,0,0,0,1,0,0,0,0,34,0,0,0,0,0,0,2022,55.44204,-131.62489,2022-06-21 21:32:49,2022-06-22 04:04:12,2022-06-22T01:28:40,,47310,Ketchikan,hhlrp1,150,forest-conifer,River Edge,3,60,1,10,creek,Alaska,0.271793981,0.313460648,0.108009259,0.080451389,8.314285714,7.8,8.9,94,89,97,14.5,1.587301587,105.9471322,Meteostat
47310,SW-Dup,2022-06-22,0,0,0,3,0,0,0,0,0,0,0,0,0,0,0,0,0,0,0,0,0,0,0,0,0,0,0,0,0,16,0,0,0,0,0,0,2022,55.44204,-131.62489,2022-06-22 21:32:57,2022-06-23 04:04:31,2022-06-23T01:37:06,,47310,Ketchikan,hhlrp1,150,forest-conifer,River Edge,3,60,1,10,creek,Alaska,0.271921296,0.313587963,0.102372685,0.086215278,10.67142857,10.6,11.1,89.42857143,86,92,0,0.587301587,107.1840095,Meteostat
47310,SW-Dup,2022-06-23,0,0,1,0,0,0,0,0,0,0,1,0,0,0,0,0,1,0,0,0,0,0,0,0,0,0,0,0,0,16,0,0,0,0,0,0,2022,55.44204,-131.62489,2022-06-23 21:33:01,2022-06-24 04:04:54,2022-06-24T01:46:48,,47310,Ketchikan,hhlrp1,150,forest-conifer,River Edge,3,60,1,10,creek,Alaska,0.272141204,0.31380787,0.095902778,0.092905093,8.857142857,7.2,12.2,93.71428571,86,97,0,0.428571429,108.8433482,Meteostat
47310,SW-Dup,2022-06-24,0,0,0,0,0,0,0,0,4,1,0,0,0,0,0,0,0,0,0,0,0,0,0,0,0,0,0,0,0,9,0,0,0,0,0,0,2022,55.44204,-131.62489,2022-06-24 21:33:01,2022-06-25 04:05:21,2022-06-25T01:59:00,,47310,Ketchikan,hhlrp1,150,forest-conifer,River Edge,3,60,1,10,creek,Alaska,0.272453704,0.31412037,0.087743056,0.101377315,10.55714286,8.3,15,85.28571429,72,93,0,0.373015873,112.1154779,Meteostat
47310,SW-Dup,2022-06-25,0,0,0,1,0,0,0,0,0,1,0,0,0,0,0,0,0,0,0,0,0,0,0,0,1,0,1,0,0,10,0,0,0,0,0,0,2022,55.44204,-131.62489,2022-06-25 21:32:58,2022-06-26 04:05:51,2022-06-26T02:15:31,,47310,Ketchikan,hhlrp1,150,forest-conifer,River Edge,3,60,1,10,creek,Alaska,0.272835648,0.314502315,0.07662037,0.112881944,11.45714286,10,16.7,88.28571429,67,96,0,0.301587302,117.0984566,Meteostat
47310,SW-Dup,2022-06-26,0,0,0,1,0,0,0,0,0,0,1,0,0,0,0,0,2,0,0,0,0,0,0,0,1,0,0,0,0,32,0,0,0,0,0,0,2022,55.44204,-131.62489,2022-06-26 21:32:50,2022-06-27 04:06:25,2022-06-27T02:39:06,,47310,Ketchikan,hhlrp1,150,forest-conifer,River Edge,3,60,1,10,creek,Alaska,0.273321759,0.314988426,0.060636574,0.129351852,12.95714286,11.7,15.6,94.57142857,83,100,0,0.428571429,123.6854701,Meteostat
47310,SW-Dup,2022-06-27,0,0,0,1,0,0,0,0,3,3,3,0,0,0,0,0,0,0,0,0,0,0,0,0,1,0,0,0,0,15,0,0,0,0,0,0,2022,55.44204,-131.62489,2022-06-27 21:32:39,2022-06-28 04:07:02,2022-06-28T03:13:22,,47310,Ketchikan,hhlrp1,150,forest-conifer,River Edge,3,60,1,10,creek,Alaska,0.273877315,0.315543981,0.037268519,0.153275463,14.12857143,13.3,15.6,94,83,97,0,2.452380952,130.6354701,Meteostat
47310,SW-Dup,2022-06-28,0,0,0,1,0,0,0,0,12,0,2,0,0,0,0,1,1,0,0,0,0,1,0,0,1,0,1,0,0,19,0,0,0,0,0,0,2022,55.44204,-131.62489,2022-06-28 21:32:23,2022-06-29 04:07:43,2022-06-29T04:01:32,2022-06-28T22:06:11,47310,Ketchikan,hhlrp1,150,forest-conifer,River Edge,3,60,1,10,creek,Alaska,0.274537037,0.316203704,-0.246770833,0.186909722,13.38571429,13.3,13.9,92.57142857,90,93,0.3,2.222222222,138.3854701,Meteostat
47310,SW-Dup,2022-06-29,0,0,0,1,0,0,0,0,0,6,2,0,0,0,0,0,0,0,0,0,0,0,0,0,1,0,0,0,0,20,0,0,0,0,0,0,2022,55.44204,-131.62489,2022-06-29 21:32:04,2022-06-30 04:08:27,,2022-06-29T22:48:30,47310,Ketchikan,hhlrp1,150,forest-conifer,River Edge,3,60,1,10,creek,Alaska,0.275266204,0.31693287,0.053078704,0,13.55714286,13.3,13.9,87,87,87,0,2.023809524,142.8354701,Meteostat
47310,SW-Dup,2022-06-30,0,0,0,3,0,0,0,0,9,0,3,0,0,0,0,0,1,0,0,0,0,3,0,0,1,0,0,0,0,26,0,0,0,0,0,0,2022,55.44204,-131.62489,2022-06-30 21:31:41,2022-07-01 04:09:15,,2022-06-30T23:17:59,47310,Ketchikan,hhlrp1,150,forest-conifer,River Edge,3,60,1,10,creek,Alaska,0.276087963,0.31775463,0.073819444,0,14.42857143,13.9,15,90.42857143,87,93,0,1.722222222,148.6354701,Meteostat
47310,SW-Dup,2022-07-01,0,0,0,0,0,0,0,0,6,0,2,0,0,0,0,0,0,0,0,0,0,0,0,0,0,0,0,0,0,42,0,0,0,0,0,0,2022,55.44204,-131.62489,2022-07-01 21:31:14,2022-07-02 04:10:06,,2022-07-01T23:38:19,47310,Ketchikan,hhlrp1,150,forest-conifer,River Edge,3,60,1,10,creek,Alaska,0.276990741,0.318657407,0.088252315,0.004918981,14.2,12.2,15,91.28571429,90,96,0,1.476190476,154.4354701,Meteostat
47310,SW-Dup,2022-07-02,0,0,0,4,0,0,0,0,0,0,1,0,0,0,0,0,0,0,0,0,0,0,0,0,1,0,0,0,0,18,0,0,0,0,0,0,2022,55.44204,-131.62489,2022-07-02 21:30:44,2022-07-03 04:11:00,,2022-07-02T23:52:49,47310,Ketchikan,hhlrp1,150,forest-conifer,River Edge,3,60,1,10,creek,Alaska,0.277962963,0.31962963,0.098668981,0.015335648,15.55714286,14.4,16.7,84.71428571,78,90,0,2.666666667,160.5354701,Meteostat
47310,SW-Dup,2022-07-03,0,0,0,2,0,0,0,0,0,0,4,0,0,0,0,0,0,0,0,0,0,0,0,0,1,0,4,0,0,27,0,0,0,0,0,0,2022,55.44204,-131.62489,2022-07-03 21:30:09,2022-07-04 04:11:57,,2022-07-04T00:03:49,47310,Ketchikan,hhlrp1,150,forest-conifer,River Edge,3,60,1,10,creek,Alaska,0.279027778,0.320694444,0.106712963,0.02337963,14.02857143,13.3,15.6,94.71428571,90,97,0,2.468253968,168.2854701,Meteostat
47310,SW-Dup,2022-07-04,0,0,0,6,0,0,0,0,0,0,6,0,0,0,0,0,0,0,0,0,0,0,0,0,0,0,2,0,0,20,0,0,0,0,0,0,2022,55.44204,-131.62489,2022-07-04 21:29:31,2022-07-05 04:12:57,,2022-07-05T00:12:51,47310,Ketchikan,hhlrp1,150,forest-conifer,River Edge,3,60,1,10,creek,Alaska,0.280162037,0.321828704,0.113425926,0.030092593,13.875,13.3,14.4,90,87,93,0.3,5.548611111,177.6854701,Meteostat
47310,SW-Dup,2022-07-05,0,0,0,2,2,0,0,0,0,0,4,0,0,0,0,0,2,0,0,0,0,3,0,0,1,0,0,0,0,33,0,0,0,0,0,0,2022,55.44204,-131.62489,2022-07-05 21:28:50,2022-07-06 04:14:00,,2022-07-06T00:21:03,47310,Ketchikan,hhlrp1,150,forest-conifer,River Edge,3,60,1,10,creek,Alaska,0.281365741,0.323032407,0.119594907,0.036261574,13.1375,11.7,13.9,91.125,87,96,0,1.805555556,184.6354701,Meteostat
47310,SW-SM,2024-06-14,0,,0,0,0,0,,0,0,3,3,,0,0,0,0,0,,,,0,0,0,0,0,0,4,0,0,14,,,,,,0,2024,55.44204,-131.62489,2024-06-14 21:30:26,2024-06-15 04:03:39,,2024-06-15T01:22:45,47310,Ketchikan,hhlrp1-SM,150,forest-conifer,River Edge,3,60,1,10,creek,Alaska,0.27306713,0.314733796,0.161331019,0.077997685,9.671428571,9.2,10.1,79.57142857,78,83,0,3.26984127,64.34851665,Meteostat
47310,SW-SM,2024-06-15,0,,0,0,0,0,,0,0,0,1,,0,0,0,0,0,,,,0,2,0,0,0,0,0,0,0,1,,,,,,0,2024,55.44204,-131.62489,2024-06-15 21:30:58,2024-06-16 04:03:34,,2024-06-16T01:28:07,47310,Ketchikan,hhlrp1-SM,150,forest-conifer,River Edge,3,60,1,10,creek,Alaska,0.272638889,0.314305556,0.1646875,0.081354167,9.671428571,8.6,11.5,93.28571429,88,96,0,2.400793651,65.8882624,Meteostat
47310,SW-SM,2024-06-16,0,,0,0,0,0,,0,0,0,2,,0,0,0,0,0,,,,0,1,0,0,0,0,0,0,0,6,,,,,,0,2024,55.44204,-131.62489,2024-06-16 21:31:27,2024-06-17 04:03:32,,2024-06-17T01:34:33,47310,Ketchikan,hhlrp1-SM,150,forest-conifer,River Edge,3,60,1,10,creek,Alaska,0.272280093,0.313946759,0.168819444,0.085486111,9.328571429,8.4,11.3,92.57142857,86,96,0,4.26984127,68.20284451,Meteostat
47310,SW-SM,2024-06-17,0,,0,0,0,0,,0,0,0,0,,0,0,0,0,3,,,,0,2,0,0,0,0,0,0,0,0,,,,,,0,2024,55.44204,-131.62489,2024-06-17 21:31:52,2024-06-18 04:03:34,,2024-06-18T01:43:14,47310,Ketchikan,hhlrp1-SM,150,forest-conifer,River Edge,3,60,1,10,creek,Alaska,0.272013889,0.313680556,0.174560185,0.091226852,9.985714286,8.6,12.3,92.14285714,85,96,0,2.714285714,70.72649193,Meteostat
47310,SW-SM,2024-06-18,0,,0,0,0,0,,0,0,3,0,,0,0,0,0,0,,,,0,0,0,0,0,0,1,0,1,14,,,,,,0,2024,55.44204,-131.62489,2024-06-18 21:32:13,2024-06-19 04:03:40,,2024-06-19T01:56:02,47310,Ketchikan,hhlrp1-SM,150,forest-conifer,River Edge,3,60,1,10,creek,Alaska,0.271840278,0.313506944,0.183206019,0.099872685,10.01428571,9.2,11.4,95.85714286,91,98,0,4.027777778,73.82164568,Meteostat
47310,SW-SM,2024-06-19,0,,0,0,0,0,,0,0,0,0,,0,0,0,0,1,,,,0,4,0,0,0,0,0,0,0,5,,,,,,0,2024,55.44204,-131.62489,2024-06-19 21:32:30,2024-06-20 04:03:50,,2024-06-20T02:16:35,47310,Ketchikan,hhlrp1-SM,150,forest-conifer,River Edge,3,60,1,10,creek,Alaska,0.271759259,0.313425926,0.197280093,0.113946759,10.81428571,9.9,12.8,94.42857143,88,97,0,1.698412698,76.43346741,Meteostat
47310,SW-SM,2024-06-20,0,,0,0,0,0,,0,0,0,0,,0,0,0,0,1,,,,0,1,0,0,1,0,0,0,0,6,,,,,,0,2024,55.44204,-131.62489,2024-06-20 21:32:44,2024-06-21 04:04:03,,2024-06-21T02:51:13,47310,Ketchikan,hhlrp1-SM,150,forest-conifer,River Edge,3,60,1,10,creek,Alaska,0.271747685,0.313414352,0.221168981,0.137835648,10.21428571,9.3,12.1,95.14285714,87,98,0,2.869047619,80.03801667,Meteostat
47310,SW-SM,2024-06-22,0,,0,0,0,0,,0,0,0,0,,0,0,0,0,0,,,,0,1,0,0,0,0,0,0,0,1,,,,,,0,2024,55.44204,-131.62489,2024-06-22 21:32:59,2024-06-23 04:04:41,2024-06-22T23:15:02,,47310,Ketchikan,hhlrp1-SM,150,forest-conifer,River Edge,3,60,1,10,creek,Alaska,0.272013889,0.313680556,0.201145833,0,11.1,10.8,11.4,93.28571429,90,96,0,5.357142857,86.38932567,Meteostat
47310,SW-SM,2024-06-23,0,,0,0,0,0,,0,0,0,1,,0,0,0,0,0,,,,0,0,0,0,0,0,0,0,0,10,,,,,,0,2024,55.44204,-131.62489,2024-06-23 21:33:01,2024-06-24 04:05:06,2024-06-23T23:42:46,,47310,Ketchikan,hhlrp1-SM,150,forest-conifer,River Edge,3,60,1,10,creek,Alaska,0.272280093,0.313946759,0.182175926,0.006770833,10.61428571,10.3,11.1,95.28571429,93,97,0,4.928571429,88.93932567,Meteostat
47310,SW-SM,2024-06-24,0,,0,0,0,0,,0,0,1,0,,0,0,0,0,4,,,,0,0,0,0,0,0,0,0,0,6,,,,,,0,2024,55.44204,-131.62489,2024-06-24 21:32:59,2024-06-25 04:05:34,2024-06-24T23:59:48,,47310,Ketchikan,hhlrp1-SM,150,forest-conifer,River Edge,3,60,1,10,creek,Alaska,0.272627315,0.314293981,0.170671296,0.018622685,12.45714286,11.7,13.3,82.14285714,77,86,0,1.547619048,92.33932567,Meteostat
47310,SW-SM,2024-06-25,0,,0,0,0,0,,0,0,1,0,,0,0,0,0,0,,,,0,3,0,0,0,0,0,0,0,14,,,,,,0,2024,55.44204,-131.62489,2024-06-25 21:32:53,2024-06-26 04:06:06,2024-06-26T00:11:08,,47310,Ketchikan,hhlrp1-SM,150,forest-conifer,River Edge,3,60,1,10,creek,Alaska,0.27306713,0.314733796,0.163171296,0.0265625,13.1,12.8,14.4,87.14285714,78,93,0.1,2.079365079,95.48932567,Meteostat
47310,SW-SM,2024-06-26,0,,0,0,0,0,,0,0,1,0,,0,0,0,0,0,,,,0,2,0,0,0,0,1,0,0,16,,,,,,0,2024,55.44204,-131.62489,2024-06-26 21:32:43,2024-06-27 04:06:42,2024-06-27T00:19:32,,47310,Ketchikan,hhlrp1-SM,150,forest-conifer,River Edge,3,60,1,10,creek,Alaska,0.273599537,0.315266204,0.15775463,0.032511574,14.28571429,12.8,16.7,83.71428571,70,96,0,1.619047619,100.7893257,Meteostat
47310,Transects,2020-06-07,10,0,0,1,0,0,0,0,0,6,1,0,0,0,0,0,2,0,0,0,0,3,0,0,10,0,0,0,0,7,0,0,0,0,0,0,2020,55.48978,-131.59868,2020-06-07 21:25:11,2020-06-08 04:05:40,2020-06-07T23:48:40,,47310,Ketchikan,,,,,,,,,,Alaska,0.278113426,0.319780093,0.178472222,0.01630787,8.1125,7.2,10,95.625,89,100,0,1.076388889,79.34444697,Meteostat
47310,Transects,2020-06-09,0,0,0,0,0,0,0,0,0,1,0,0,0,0,0,0,0,0,0,0,0,1,0,0,4,0,0,0,0,2,0,0,0,0,0,0,2020,55.48978,-131.59868,2020-06-09 21:27:01,2020-06-10 04:04:39,2020-06-10T00:57:43,,47310,Ketchikan,,,,,,,,,,Alaska,0.276134259,0.317800926,0.129814815,0.062986111,10.7125,10,11.7,93.625,89,97,3.9,5.423611111,81.93147823,Meteostat
47310,Transects,2022-06-24,0,0,0,2,0,0,0,0,0,1,0,0,0,0,0,0,4,0,0,0,0,2,0,0,6,0,1,0,0,4,0,0,0,0,0,0,2022,55.48978,-131.59868,2022-06-24 21:33:16,2022-06-25 04:04:53,2022-06-25T01:58:39,,47310,Ketchikan,,,,,,,,,,Alaska,0.271956019,0.313622685,0.087662037,0.100960648,10.55714286,8.3,15,85.28571429,72,93,0,0.373015873,112.1154779,Meteostat
47310,Transects,2022-06-28,0,0,0,0,0,0,0,0,0,0,2,0,0,0,0,0,0,0,0,0,0,1,0,0,1,0,2,0,0,4,0,0,0,0,0,0,2022,55.48978,-131.59868,2022-06-28 21:32:38,2022-06-29 04:07:16,2022-06-29T04:00:58,2022-06-28T22:06:32,47310,Ketchikan,,,,,,,,,,Alaska,0.274050926,0.315717593,-0.246134259,0.186342593,13.38571429,13.3,13.9,92.57142857,90,93,0.3,2.222222222,138.3854701,Meteostat
47310,Transects,2023-06-15,0,0,0,0,0,0,0,0,0,3,0,0,0,0,0,0,4,0,0,0,0,7,0,0,0,0,7,0,0,4,0,0,0,0,0,0,2023,55.48978,-131.59868,2023-06-15 21:30:49,2023-06-16 04:03:10,2023-06-16T02:39:44,,47310,Ketchikan,,,,,,,,,,Alaska,0.272465278,0.314131944,0.057939815,0.13119213,11.28571429,10.6,11.7,91.71428571,89,93,2.9,5.444444444,126.1674172,Meteostat
47310,Transects,2023-06-19,0,0,0,0,0,0,0,0,0,3,0,0,0,0,0,0,2,0,0,0,0,1,0,0,0,0,5,0,0,4,0,0,0,0,0,0,2023,55.48978,-131.59868,2023-06-19 21:32:33,2023-06-20 04:03:15,,2023-06-19T23:39:40,47310,Ketchikan,,,,,,,,,,Alaska,0.271319444,0.312986111,0.088275463,0.00494213,12.62857143,10,15,80,67,93,0,0.301587302,131.815792,Meteostat
47310,Transects,2024-06-15,0,,0,0,0,0,,0,0,1,1,,0,0,0,0,0,,,,0,2,0,0,1,0,0,0,0,0,,,,,,0,2024,55.48978,-131.59868,2024-06-15 21:31:13,2024-06-16 04:03:06,,2024-06-16T01:27:55,47310,Ketchikan,,,,,,,,,,Alaska,0.272141204,0.31380787,0.164375,0.081041667,9.671428571,8.6,11.5,93.28571429,88,96,0,2.400793651,65.8882624,Meteostat
47310,Transects,2024-06-17,0,,0,0,0,0,,0,0,2,1,,0,0,0,0,1,,,,0,0,0,0,0,0,2,0,0,0,,,,,,0,2024,55.48978,-131.59868,2024-06-17 21:32:06,2024-06-18 04:03:07,,2024-06-18T01:42:53,47310,Ketchikan,,,,,,,,,,Alaska,0.271539352,0.313206019,0.174155093,0.090821759,9.985714286,8.6,12.3,92.14285714,85,96,0,2.714285714,70.72649193,Meteostat
47310,Transects,2024-06-20,0,,0,2,0,0,,0,0,4,0,,0,0,0,0,2,,,,0,2,0,0,2,0,4,0,0,0,,,,,,0,2024,55.48978,-131.59868,2024-06-20 21:32:58,2024-06-21 04:03:36,,2024-06-21T02:50:35,47310,Ketchikan,,,,,,,,,,Alaska,0.271273148,0.312939815,0.22056713,0.137233796,10.21428571,9.3,12.1,95.14285714,87,98,0,2.869047619,80.03801667,Meteostat
47310,Transects,2025-06-20,,,0,,0,0,,0,0,10,0,,0,0,0,0,0,,,,0,2,0,0,3,,0,0,0,1,,,,,,,2025,55.48978,-131.59868,2025-06-20 21:32:55,2025-06-21 04:03:31,2025-06-21T01:12:27,,47310,Ketchikan,,,,,,,,,,Alaska,0.27125,0.312916667,0.118796296,0.06912037,13.88571429,13.3,15,83.28571429,77,88,0,6.305555556,67.67896583,Meteostat
47310,Transects,2025-06-21,,,0,,0,0,,0,0,3,0,,0,0,0,0,0,,,,0,2,0,0,1,,0,0,0,0,,,,,,,2025,55.48978,-131.59868,2025-06-21 21:33:05,2025-06-22 04:03:48,2025-06-22T01:26:12,,47310,Ketchikan,,,,,,,,,,Alaska,0.271331019,0.312997685,0.109444444,0.078553241,13.17142857,12,16.1,93.14285714,77,100,0,1.880952381,71.87896583,Meteostat
50638,SW,2020-06-16,0,0,0,1,0,0,0,0,0,0,0,0,0,0,0,0,2,0,0,0,0,4,0,0,0,0,0,0,0,1,0,0,0,0,0,0,2020,58.06625,-135.20091,2020-06-16 22:07:17,2020-06-17 03:56:16,2020-06-17T02:42:51,,50638,,hn2wt1,68,wetland,,5,20,0,140,creek,Alaska,0.242349537,0.284016204,0.050983796,0.108032407,10.54285714,10,11.1,82.28571429,77,89,NA,0.953703704,77.78778165,Meteostat
50638,SW,2020-06-17,0,0,0,1,0,0,0,0,0,0,0,0,0,0,0,0,1,0,0,0,0,0,0,0,0,0,0,0,0,1,0,0,0,0,0,0,2020,58.06625,-135.20091,2020-06-17 22:07:44,2020-06-18 03:56:16,2020-06-18T02:55:50,,50638,,hn2wt1,68,wetland,,5,20,0,140,creek,Alaska,0.242037037,0.283703704,0.041967593,0.116736111,10.98571429,10.6,11.1,93.85714286,93,96,1.4,3.111111111,79.93778165,Meteostat
50638,SW,2020-06-18,0,0,0,0,0,0,0,0,0,0,0,0,0,0,0,0,0,0,0,0,0,1,0,0,0,0,0,0,0,2,0,0,0,0,0,0,2020,58.06625,-135.20091,2020-06-18 22:08:07,2020-06-19 03:56:20,2020-06-19T03:13:29,,50638,,hn2wt1,68,wetland,,5,20,0,140,creek,Alaska,0.24181713,0.283483796,0.029756944,0.128726852,11.32857143,11,12,99.14285714,94,100,NA,0.375,81.58778165,Meteostat
50638,SW,2020-06-19,0,0,0,0,0,0,0,0,0,0,0,0,0,0,0,0,0,0,0,0,0,0,0,0,1,0,0,0,0,0,0,0,0,0,0,0,2020,58.06625,-135.20091,2020-06-19 22:08:26,2020-06-20 03:56:29,2020-06-20T03:38:50,,50638,,hn2wt1,68,wetland,,5,20,0,140,creek,Alaska,0.241701389,0.283368056,0.012256944,0.146111111,12.1,11.7,12.8,99,96,100,1.2,1.044444444,82.98778165,Meteostat
50638,SW,2020-06-20,0,0,0,0,0,0,0,0,0,0,0,0,0,0,0,0,0,0,0,0,0,0,0,0,0,0,0,0,0,1,0,0,0,0,0,0,2020,58.06625,-135.20091,2020-06-20 22:08:40,2020-06-21 03:56:43,,,50638,,hn2wt1,68,wetland,,5,20,0,140,creek,Alaska,0.241701389,0.283368056,9,9,9.371428571,8.3,11.1,83,69,90,1.5,1.453703704,85.68778165,Meteostat
50638,Transects,2020-06-16,0,0,0,0,0,0,0,0,0,0,0,0,0,0,0,0,0,0,0,0,0,3,0,0,0,0,0,0,0,18,0,0,0,0,0,0,2020,57.92176,-134.92852,2020-06-16 22:04:52,2020-06-17 03:56:30,2020-06-17T02:42:13,,50638,,,,,,,,,,,Alaska,0.244189815,0.285856481,0.051585648,0.109270833,10.54285714,10,11.1,82.28571429,77,89,NA,0.953703704,77.78778165,Meteostat
50638,Transects,2020-06-17,1,0,0,0,0,0,0,0,0,0,0,0,0,0,0,0,0,0,0,0,0,2,0,0,0,0,0,0,0,1,0,0,0,0,0,0,2020,57.92176,-134.92852,2020-06-17 22:05:19,2020-06-18 03:56:30,2020-06-18T02:55:24,,50638,,,,,,,,,,,Alaska,0.243877315,0.285543981,0.042430556,0.118113426,10.98571429,10.6,11.1,93.85714286,93,96,1.4,3.111111111,79.93778165,Meteostat
99790,SE,2020-06-16,0,0,0,0,0,0,0,0,0,1,0,0,0,0,0,0,0,0,0,0,0,0,0,0,0,0,0,0,0,3,0,0,0,0,0,0,2020,57.92361,-134.93918,2020-06-16 22:04:55,2020-06-17 03:56:32,2020-06-17T02:42:15,,99790,,hn3rp1,38,forest-conifer,,0,90,1,20,creek,Alaska,0.244178241,0.285844907,0.051585648,0.109259259,10.54285714,10,11.1,82.28571429,77,89,NA,0.953703704,77.78778165,Meteostat
99790,SE,2020-06-17,0,0,0,0,0,0,0,0,0,1,0,0,0,0,0,0,0,0,0,0,0,0,0,0,0,0,0,0,0,0,0,0,0,0,0,0,2020,57.92361,-134.93918,2020-06-17 22:05:23,2020-06-18 03:56:32,2020-06-18T02:55:27,,99790,,hn3rp1,38,forest-conifer,,0,90,1,20,creek,Alaska,0.243854167,0.285520833,0.042418981,0.118101852,10.98571429,10.6,11.1,93.85714286,93,96,1.4,3.111111111,79.93778165,Meteostat
117173,SW,2025-07-11,,,0,,0,0,,0,0,0,0,,0,0,0,0,0,,,,0,6,0,0,0,,0,0,0,0,,,,,,,2025,61.1433,-149.963641,2025-07-11 23:24:16,2025-07-12 04:47:13,2025-07-12T00:27:55,,117173,Anchorage,Jewel Lake,,,,,,,,,Alaska,0.224270833,0.2659375,0.180069444,0,14.7,13,17,65.57142857,54,75,0,4.003968254,191.3809515,Meteostat
117173,SW,2025-07-12,,,0,,0,0,,0,0,0,0,,0,0,0,0,0,,,,0,32,0,0,0,,0,0,0,3,,,,,,,2025,61.1433,-149.963641,2025-07-12 23:22:31,2025-07-13 04:49:14,2025-07-13T00:25:14,,117173,Anchorage,Jewel Lake,,,,,,,,,Alaska,0.226886574,0.268553241,0.183333333,0,13.07142857,12.8,13.3,72,67,77,0,1.496031746,198.2309515,Meteostat
117173,SW,2025-07-13,,,1,,0,0,,0,0,0,0,,0,0,0,0,0,,,,0,95,0,0,0,,0,0,0,5,,,,,,,2025,61.1433,-149.963641,2025-07-13 23:20:41,2025-07-14 04:51:18,2025-07-14T00:22:13,,117173,Anchorage,Jewel Lake,,,,,,,,,Alaska,0.229594907,0.271261574,0.186863426,0,14.65714286,13.3,16,62.85714286,56,67,0,1.920634921,203.7309515,Meteostat
117173,SW,2025-07-14,,,0,,0,0,,0,0,0,0,,0,0,0,0,0,,,,0,35,0,0,1,,0,0,0,9,,,,,,,2025,61.1433,-149.963641,2025-07-14 23:18:48,2025-07-15 04:53:25,2025-07-15T00:19:05,,117173,Anchorage,Jewel Lake,,,,,,,,,Alaska,0.232372685,0.274039352,0.190509259,0,12.2,12,12.8,89,86,90,0.6,2.579365079,209.8309515,Meteostat
117173,SW,2025-07-15,,,0,,0,0,,0,0,0,0,,0,0,0,0,0,,,,0,4,0,0,0,,0,0,0,1,,,,,,,2025,61.1433,-149.963641,2025-07-15 23:16:51,2025-07-16 04:55:34,2025-07-16T00:15:55,,117173,Anchorage,Jewel Lake,,,,,,,,,Alaska,0.235219907,0.276886574,0.194201389,0,12.11428571,11,13.9,81.57142857,72,93,0,0.714285714,214.2309515,Meteostat
117173,SW,2025-07-16,,,0,,0,0,,0,0,0,0,,0,0,0,0,0,,,,0,8,0,0,0,,0,0,0,1,,,,,,,2025,61.1433,-149.963641,2025-07-16 23:14:50,2025-07-17 04:57:46,2025-07-17T00:12:51,,117173,Anchorage,Jewel Lake,,,,,,,,,Alaska,0.238148148,0.279814815,0.197858796,0,13.64285714,12.8,14.4,73.42857143,67,80,0,3.396825397,218.8309515,Meteostat
117173,SW,2025-07-17,,,0,,0,0,,0,0,0,0,,0,0,0,0,0,,,,0,46,0,0,0,,0,0,0,14,,,,,,,2025,61.1433,-149.963641,2025-07-17 23:12:46,2025-07-18 05:00:00,2025-07-18T00:10:01,,117173,Anchorage,Jewel Lake,,,,,,,,,Alaska,0.241134259,0.282800926,0.201377315,0,13.75714286,13,14.4,78,72,87,0,0.968253968,224.0309515,Meteostat
154037,SW,2025-07-08,,,0,,0,0,,0,0,0,0,,0,0,0,0,0,,,,0,19,0,0,0,,0,0,0,5,,,,,,,2025,61.2139008,-149.848064,2025-07-08 23:29:30,2025-07-09 04:40:13,2025-07-09T00:14:01,2025-07-09T01:24:27,154037,Anchorage,Little Campbell Lake,,,,,,,,,Alaska,0.215775463,0.25744213,0.048912037,0,16.35714286,15,18,65,60,77,0,1.103174603,186.0562789,Meteostat
154037,SW,2025-07-09,,,0,,0,0,,0,0,0,0,,0,0,0,0,0,,,,0,8,0,0,0,,0,0,0,1,,,,,,,2025,61.2139008,-149.848064,2025-07-09 23:27:56,2025-07-10 04:42:05,2025-07-10T00:30:24,2025-07-10T03:02:43,154037,Anchorage,Little Campbell Lake,,,,,,,,,Alaska,0.218159722,0.259826389,0.105775463,0,13.55714286,12.7,15,68.71428571,63,73,0,2.80952381,191.9562789,Meteostat
154037,SW,2025-07-10,,,0,,0,0,,0,0,0,0,,0,0,0,0,0,,,,0,149,0,0,0,,0,0,0,33,,,,,,,2025,61.2139008,-149.848064,2025-07-10 23:26:18,2025-07-11 04:44:00,2025-07-11T00:30:26,,154037,Anchorage,Little Campbell Lake,,,,,,,,,Alaska,0.220625,0.262291667,0.176087963,0,11.91428571,11,13,82.14285714,73,88,0,0.365079365,200.2062789,Meteostat
154037,SW,2025-07-11,,,0,,0,0,,0,0,0,0,,0,0,0,0,0,,,,0,122,0,0,0,,0,0,0,57,,,,,,,2025,61.2139008,-149.848064,2025-07-11 23:24:35,2025-07-12 04:45:59,2025-07-12T00:28:09,,154037,Anchorage,Little Campbell Lake,,,,,,,,,Alaska,0.223194444,0.264861111,0.179050926,0,15.42857143,14,17,62.28571429,55,72,0,3.841269841,205.0562789,Meteostat
154037,SW,2025-07-12,,,0,,0,0,,0,0,0,0,,0,0,0,0,0,,,,0,34,0,0,0,,0,0,0,4,,,,,,,2025,61.2139008,-149.848064,2025-07-12 23:22:49,2025-07-13 04:48:00,2025-07-13T00:25:12,,154037,Anchorage,Little Campbell Lake,,,,,,,,,Alaska,0.225821759,0.267488426,0.1825,0,13.45714286,12.7,14,69.42857143,63,78,0,2.515873016,211.5562789,Meteostat
154037,SW,2025-07-13,,,0,,0,0,,0,0,0,0,,0,0,0,0,0,,,,0,197,0,0,0,,0,0,0,51,,,,,,,2025,61.2139008,-149.848064,2025-07-13 23:20:59,2025-07-14 04:50:05,2025-07-14T00:22:01,,154037,Anchorage,Little Campbell Lake,,,,,,,,,Alaska,0.228541667,0.270208333,0.186157407,0,14.4,13,16.2,64.28571429,58,67,0,1.492063492,216.9062789,Meteostat
154037,SW,2025-07-14,,,0,,0,0,,0,0,0,0,,0,0,0,0,0,,,,0,169,0,0,0,,0,0,0,68,,,,,,,2025,61.2139008,-149.848064,2025-07-14 23:19:05,2025-07-15 04:52:13,2025-07-15T00:18:43,,154037,Anchorage,Little Campbell Lake,,,,,,,,,Alaska,0.231342593,0.273009259,0.189930556,0,12.42857143,12,13,90.14285714,82,94,0.4,0.579365079,223.5062789,Meteostat
154037,SW,2025-07-15,,,0,,0,0,,0,0,0,0,,0,0,0,0,0,,,,0,25,0,0,0,,0,0,0,2,,,,,,,2025,61.2139008,-149.848064,2025-07-15 23:17:07,2025-07-16 04:54:23,2025-07-16T00:15:25,,154037,Anchorage,Little Campbell Lake,,,,,,,,,Alaska,0.234212963,0.27587963,0.193726852,0,11.24285714,10,12.9,78.14285714,73,82,0,0.071428571,227.8062789,Meteostat
154037,SW,2025-07-16,,,0,,0,0,,0,0,0,0,,0,0,0,0,0,,,,0,113,0,0,0,,0,0,0,25,,,,,,,2025,61.2139008,-149.848064,2025-07-16 23:15:05,2025-07-17 04:56:35,2025-07-17T00:12:13,,154037,Anchorage,Little Campbell Lake,,,,,,,,,Alaska,0.237152778,0.278819444,0.197476852,0,13.97142857,12.9,15,65.85714286,61,71,0,2.134920635,233.0562789,Meteostat
154037,SW,2025-07-17,,,0,,0,0,,0,0,0,0,,0,0,0,0,0,,,,0,100,0,0,0,,0,0,0,20,,,,,,,2025,61.2139008,-149.848064,2025-07-17 23:13:01,2025-07-18 04:58:50,2025-07-18T00:09:12,,154037,Anchorage,Little Campbell Lake,,,,,,,,,Alaska,0.240150463,0.28181713,0.201134259,0,14.2,13.8,15,73.42857143,67,78,0,1.591269841,238.3562789,Meteostat
165326,SW,2021-06-29,0,0,0,0,0,0,0,0,0,0,0,0,0,0,0,0,0,0,0,0,0,8,0,0,0,0,0,0,0,0,0,0,0,0,0,0,2021,58.00155,-134.9987,2021-06-29 22:05:58,2021-06-30 04:01:35,2021-06-30T00:55:40,,165326,,hn4fr1,174,forest-conifer,,0,80,1,2,creek,Alaska,0.246956019,0.288622685,0.129108796,0.034513889,12.6,12.2,13.9,76.14285714,72,80,0,2.365079365,106.345616,Meteostat
165326,SW,2021-06-30,0,0,0,0,0,0,0,0,0,0,0,0,0,0,0,0,0,0,0,0,0,1,0,0,0,0,0,0,0,0,0,0,0,0,0,0,2021,58.00155,-134.9987,2021-06-30 22:05:26,2021-07-01 04:02:31,2021-07-01T01:02:34,,165326,,hn4fr1,174,forest-conifer,,0,80,1,2,creek,Alaska,0.247974537,0.289641204,0.124965278,0.039675926,12.61428571,12.2,13.9,75.42857143,72,77,0,2.150793651,111.2401523,Meteostat
165326,SW,2021-07-01,0,0,0,0,0,0,0,0,0,0,0,0,0,0,0,0,0,0,0,0,0,4,0,0,0,0,0,0,0,0,0,0,0,0,0,0,2021,58.00155,-134.9987,2021-07-01 22:04:51,2021-07-02 04:03:30,2021-07-02T01:08:52,,165326,,hn4fr1,174,forest-conifer,,0,80,1,2,creek,Alaska,0.2490625,0.290729167,0.121273148,0.044456019,12.04285714,11.7,12.8,87.85714286,86,89,0.1,1.047619048,115.1401523,Meteostat
203189,NW2,2025-07-11,,,0,,0,0,,0,0,0,0,,0,0,0,0,0,,,,0,89,0,0,0,,0,0,0,9,,,,,,,2025,61.15975,-149.742903,2025-07-11 23:23:34,2025-07-12 04:46:09,2025-07-12T00:27:12,,203189,Anchorage,Basher Lake,,,,,,,,,Alaska,0.224016204,0.26568287,0.179826389,0,15.42857143,14,17,62.28571429,55,72,0,3.841269841,205.0562789,Meteostat
203189,NW2,2025-07-12,,,0,,0,0,,0,0,0,0,,0,0,0,0,0,,,,0,50,0,0,0,,0,0,0,6,,,,,,,2025,61.15975,-149.742903,2025-07-12 23:21:48,2025-07-13 04:48:11,2025-07-13T00:24:27,,203189,Anchorage,Basher Lake,,,,,,,,,Alaska,0.226655093,0.268321759,0.183148148,0,13.45714286,12.7,14,69.42857143,63,78,0,2.515873016,211.5562789,Meteostat
203189,NW2,2025-07-13,,,0,,0,0,,0,0,0,0,,0,0,0,0,0,,,,0,22,0,0,1,,0,0,0,3,,,,,,,2025,61.15975,-149.742903,2025-07-13 23:19:59,2025-07-14 04:50:15,2025-07-14T00:21:24,,203189,Anchorage,Basher Lake,,,,,,,,,Alaska,0.229351852,0.271018519,0.186701389,0,14.4,13,16.2,64.28571429,58,67,0,1.492063492,216.9062789,Meteostat
203189,NW2,2025-07-14,,,0,,0,0,,0,0,0,0,,0,0,0,0,0,,,,0,27,0,0,0,,0,0,0,9,,,,,,,2025,61.15975,-149.742903,2025-07-14 23:18:05,2025-07-15 04:52:21,2025-07-15T00:18:13,,203189,Anchorage,Basher Lake,,,,,,,,,Alaska,0.23212963,0.273796296,0.19037037,0,12.42857143,12,13,90.14285714,82,94,0.4,0.579365079,223.5062789,Meteostat
203189,NW2,2025-07-15,,,0,,0,0,,0,0,0,0,,0,0,0,0,0,,,,0,22,0,0,0,,0,0,0,8,,,,,,,2025,61.15975,-149.742903,2025-07-15 23:16:08,2025-07-16 04:54:31,2025-07-16T00:15:02,,203189,Anchorage,Basher Lake,,,,,,,,,Alaska,0.234988426,0.276655093,0.194085648,0,11.24285714,10,12.9,78.14285714,73,82,0,0.071428571,227.8062789,Meteostat
203189,NW2,2025-07-16,,,0,,0,0,,0,0,0,0,,0,0,0,0,0,,,,0,62,0,0,0,,0,0,0,5,,,,,,,2025,61.15975,-149.742903,2025-07-16 23:14:07,2025-07-17 04:56:43,2025-07-17T00:11:56,,203189,Anchorage,Basher Lake,,,,,,,,,Alaska,0.237916667,0.279583333,0.197766204,0,13.97142857,12.9,15,65.85714286,61,71,0,2.134920635,233.0562789,Meteostat
230862,NE,2020-06-16,0,0,0,0,0,0,0,0,0,0,0,0,0,0,0,0,3,0,0,0,0,2,0,0,1,0,0,0,0,1,0,0,0,0,0,0,2020,58.01877,-135.11627,2020-06-16 22:06:30,2020-06-17 03:56:22,2020-06-17T02:42:39,,230862,,hn9wt1,116,wetland,,50,20,1,40,creek,Alaska,0.242962963,0.28462963,0.05119213,0.1084375,10.54285714,10,11.1,82.28571429,77,89,NA,0.953703704,77.78778165,Meteostat
230862,NE,2020-06-17,0,0,0,0,0,0,0,0,0,0,0,0,0,0,0,0,14,0,0,0,0,2,0,0,0,0,0,0,0,8,0,0,0,0,0,0,2020,58.01877,-135.11627,2020-06-17 22:06:58,2020-06-18 03:56:22,2020-06-18T02:55:43,,230862,,hn9wt1,116,wetland,,50,20,1,40,creek,Alaska,0.242638889,0.284305556,0.042118056,0.1171875,10.98571429,10.6,11.1,93.85714286,93,96,1.4,3.111111111,79.93778165,Meteostat
230862,NE,2020-06-18,0,0,0,0,0,0,0,0,0,0,0,0,0,0,0,0,0,0,0,0,0,1,0,0,1,0,0,0,0,0,0,0,0,0,0,0,2020,58.01877,-135.11627,2020-06-18 22:07:21,2020-06-19 03:56:26,2020-06-19T03:13:26,,230862,,hn9wt1,116,wetland,,50,20,1,40,creek,Alaska,0.242418981,0.284085648,0.029861111,0.129224537,11.32857143,11,12,99.14285714,94,100,NA,0.375,81.58778165,Meteostat
230862,NE,2020-06-19,0,0,0,0,0,0,0,0,0,0,0,0,0,0,0,0,1,0,0,0,0,1,0,0,0,0,0,0,0,7,0,0,0,0,0,0,2020,58.01877,-135.11627,2020-06-19 22:07:39,2020-06-20 03:56:35,2020-06-20T03:38:51,,230862,,hn9wt1,116,wetland,,50,20,1,40,creek,Alaska,0.242314815,0.283981481,0.012314815,0.146666667,12.1,11.7,12.8,99,96,100,1.2,1.044444444,82.98778165,Meteostat
230862,NE,2020-06-20,0,0,0,0,0,0,0,0,0,0,0,0,0,0,0,0,0,0,0,0,0,0,0,0,0,0,0,0,0,1,0,0,0,0,0,0,2020,58.01877,-135.11627,2020-06-20 22:07:53,2020-06-21 03:56:49,,,230862,,hn9wt1,116,wetland,,50,20,1,40,creek,Alaska,0.242314815,0.283981481,9,9,9.371428571,8.3,11.1,83,69,90,1.5,1.453703704,85.68778165,Meteostat
231310,SE,2015-07-09,0,0,0,7,0,0,0,0,0,0,0,0,0,0,0,1,0,0,0,0,0,5,0,0,3,0,0,0,0,5,0,0,0,0,0,0,2015,56.22812,-132.07308,2015-07-09 21:32:53,2015-07-10 04:14:37,2015-07-10T00:51:39,,231310,,wr3ms1,129,forested wetland,,1,30,0,400,pond,Alaska,0.278981481,0.320648148,0.140949074,0.054699074,NA,NA,NA,NA,NA,NA,NA,NA,0,Meteostat
231310,SE,2015-07-10,0,0,0,5,0,0,0,0,0,0,0,0,0,0,0,0,1,0,0,0,0,8,0,0,16,0,0,0,0,5,0,0,0,0,0,0,2015,56.22812,-132.07308,2015-07-10 21:31:51,2015-07-11 04:15:56,2015-07-11T01:22:32,,231310,,wr3ms1,129,forested wetland,,1,30,0,400,pond,Alaska,0.280613426,0.322280093,0.120416667,0.076863426,NA,NA,NA,NA,NA,NA,NA,NA,0,Meteostat
231310,SE,2015-07-11,0,0,0,15,0,0,0,0,0,0,0,0,0,0,0,0,0,0,0,0,0,10,0,0,16,0,0,0,0,23,0,0,0,0,0,0,2015,56.22812,-132.07308,2015-07-11 21:30:46,2015-07-12 04:17:18,2015-07-12T01:59:09,,231310,,wr3ms1,129,forested wetland,,1,30,0,400,pond,Alaska,0.282314815,0.323981481,0.0959375,0.103043981,NA,NA,NA,NA,NA,NA,NA,NA,0,Meteostat
231310,SE,2015-07-12,0,0,0,2,0,0,0,0,0,0,0,0,0,0,0,0,0,0,0,0,0,3,0,0,1,0,0,0,0,3,0,0,0,0,0,0,2015,56.22812,-132.07308,2015-07-12 21:29:38,2015-07-13 04:18:42,2015-07-13T02:42:53,,231310,,wr3ms1,129,forested wetland,,1,30,0,400,pond,Alaska,0.284074074,0.325740741,0.066539352,0.134201389,NA,NA,NA,NA,NA,NA,NA,NA,0,Meteostat
231310,SE,2015-07-13,0,0,0,0,0,0,0,0,0,0,0,0,0,0,0,0,1,0,0,0,0,0,0,0,0,0,0,0,0,2,0,0,0,0,0,0,2015,56.22812,-132.07308,2015-07-13 21:28:27,2015-07-14 04:20:08,2015-07-14T03:34:21,,231310,,wr3ms1,129,forested wetland,,1,30,0,400,pond,Alaska,0.285891204,0.32755787,0.031793981,0.170763889,NA,NA,NA,NA,NA,NA,NA,NA,0,Meteostat
231310,SE,2019-07-16,0,0,0,3,0,0,0,0,0,0,0,0,0,0,0,0,0,0,0,0,0,2,0,0,6,0,0,0,0,4,0,0,0,0,0,0,2019,56.22812,-132.07308,2019-07-16 21:24:32,2019-07-17 04:24:45,2019-07-16T21:36:02,,231310,,wr3ms1,129,forested wetland,,1,30,0,400,pond,Alaska,0.29181713,0.333483796,0.283831019,0,13.975,13.3,14.4,92.375,89,94,0.6,3.468253968,311.7379099,Meteostat
231310,SE,2019-07-17,0,0,0,0,0,0,0,0,0,0,0,0,0,0,0,0,0,0,0,0,0,0,0,0,1,0,0,0,0,0,0,0,0,0,0,0,2019,56.22812,-132.07308,2019-07-17 21:23:08,2019-07-18 04:26:20,2019-07-17T22:08:45,,231310,,wr3ms1,129,forested wetland,,1,30,0,400,pond,Alaska,0.293888889,0.335555556,0.262210648,0,13.1375,12.8,13.9,95.625,93,100,0.3,1.022222222,316.4379099,Meteostat
231310,SE,2019-07-19,0,0,0,3,0,0,0,0,0,0,1,0,0,0,0,0,0,0,0,0,0,0,0,0,0,0,0,0,0,2,0,0,0,0,0,0,2019,56.22812,-132.07308,2019-07-19 21:20:11,2019-07-20 04:29:35,2019-07-19T22:53:21,,231310,,wr3ms1,129,forested wetland,,1,30,0,400,pond,Alaska,0.298194444,0.339861111,0.23349537,0,13.225,12.8,13.9,98.625,93,100,0.8,0.428571429,323.6379099,Meteostat
231310,SE,2019-07-21,0,0,0,1,0,0,0,0,0,0,0,0,0,0,0,0,1,0,0,0,0,0,0,0,1,0,0,0,0,1,0,0,0,0,0,0,2019,56.22812,-132.07308,2019-07-21 21:17:02,2019-07-22 04:32:57,2019-07-21T23:23:42,,231310,,wr3ms1,129,forested wetland,,1,30,0,400,pond,Alaska,0.302719907,0.344386574,0.214756944,0.00462963,13.73333333,12,16.1,87.55555556,72,100,0,1.166666667,332.4879099,Meteostat
231310,SE,2019-07-22,0,0,0,0,0,0,0,0,0,0,0,0,0,0,0,0,0,0,0,0,0,2,0,0,0,0,0,0,0,3,0,0,0,0,0,0,2019,56.22812,-132.07308,2019-07-22 21:15:24,2019-07-23 04:34:41,2019-07-22T23:36:59,,231310,,wr3ms1,129,forested wetland,,1,30,0,400,pond,Alaska,0.30505787,0.346724537,0.206736111,0.014988426,14.7,13,19.4,90.88888889,61,100,1.1,2.948412698,338.0879099,Meteostat
231310,SE,2020-07-03,0,0,0,0,0,0,0,0,0,0,0,0,0,0,0,0,0,0,0,0,0,1,0,0,0,0,0,0,0,2,0,0,0,0,0,0,2020,56.22812,-132.07308,2020-07-03 21:37:18,2020-07-04 04:08:31,,2020-07-04T03:26:36,231310,,wr3ms1,129,forested wetland,,1,30,0,400,pond,Alaska,0.271678241,0.313344907,0.242569444,0.159236111,13.38571429,13,13.9,90.28571429,87,94,NA,0,140.1710777,Meteostat
231310,SE,2020-07-04,0,0,0,2,0,0,0,0,0,0,0,0,0,0,0,0,0,0,0,0,0,0,0,0,4,0,0,0,0,0,0,0,0,0,0,0,2020,56.22812,-132.07308,2020-07-04 21:36:35,2020-07-05 04:09:35,2020-07-04T21:44:38,,231310,,wr3ms1,129,forested wetland,,1,30,0,400,pond,Alaska,0.272916667,0.314583333,0.267326389,0,12.21428571,11.1,13.3,93.42857143,88,100,0,0,144.5710777,Meteostat
231310,SE,2020-07-05,0,0,0,0,0,0,0,0,0,0,0,0,0,0,0,0,0,0,0,0,0,0,0,0,1,0,0,0,0,2,0,0,0,0,0,0,2020,56.22812,-132.07308,2020-07-05 21:35:49,2020-07-06 04:10:42,2020-07-05T22:31:26,,231310,,wr3ms1,129,forested wetland,,1,30,0,400,pond,Alaska,0.274224537,0.315891204,0.235601852,0,12.77142857,12.2,14.4,90.57142857,78,97,0,0,148.7710777,Meteostat
231310,SE,2020-07-06,0,0,0,0,0,0,0,0,0,0,0,0,0,0,0,0,1,0,0,0,0,0,0,0,3,0,0,0,0,3,0,0,0,0,0,0,2020,56.22812,-132.07308,2020-07-06 21:34:59,2020-07-07 04:11:52,2020-07-06T23:04:14,,231310,,wr3ms1,129,forested wetland,,1,30,0,400,pond,Alaska,0.275613426,0.317280093,0.213634259,0,13.24285714,12.2,14.4,87.57142857,81,93,0,0,152.3710777,Meteostat
231310,SE,2021-07-08,0,0,0,0,0,0,0,0,0,0,2,0,0,0,0,0,0,0,0,0,0,0,0,0,0,0,0,0,0,0,0,0,0,0,0,0,2021,56.22812,-132.07308,2021-07-08 21:33:23,2021-07-09 04:14:02,2021-07-09T03:24:08,,231310,,wr3ms1,129,forested wetland,,1,30,0,400,pond,Alaska,0.278229167,0.319895833,0.034652778,0.160243056,12.54285714,12,13,97,93,100,5.6,0.416666667,193.0296748,Meteostat
231310,SE,2021-07-09,0,0,0,0,0,0,0,0,0,0,0,0,0,0,0,0,0,0,0,0,0,2,0,0,0,0,0,0,0,0,0,0,0,0,0,0,2021,56.22812,-132.07308,2021-07-09 21:32:23,2021-07-10 04:15:20,,2021-07-09T22:03:09,231310,,wr3ms1,129,forested wetland,,1,30,0,400,pond,Alaska,0.279826389,0.321493056,0.021365741,0,12.84285714,12,13.3,96.71428571,94,100,3.4,1.257936508,197.1296748,Meteostat
231310,SE,2021-07-11,0,0,0,0,0,0,0,0,0,0,0,0,0,0,0,0,1,0,0,0,0,1,0,0,0,0,0,0,0,0,0,0,0,0,0,0,2021,56.22812,-132.07308,2021-07-11 21:30:13,2021-07-12 04:18:04,,2021-07-11T23:02:11,231310,,wr3ms1,129,forested wetland,,1,30,0,400,pond,Alaska,0.283229167,0.324895833,0.063865741,0,12.67142857,11.7,14,93.71428571,93,96,0,0.571428571,203.3796748,Meteostat
315563,NW1,2019-07-11,0,0,0,22,0,0,0,0,0,0,0,0,0,0,0,2,0,0,0,0,0,33,0,0,11,0,6,0,0,14,0,0,0,0,0,0,2019,58.41152,-134.58606,2019-07-11 21:57:29,2019-07-12 04:10:49,,2019-07-12T01:32:43,315563,Valley,mvapd1,20,forest-conifer,Forest Clearing,2,40,1,1.5,pond,Alaska,0.259259259,0.300925926,0.149467593,0.066134259,13.62857143,12.8,14.4,90.85714286,81,100,0.3,0.73015873,303.3143855,Meteostat
315563,NW1,2019-07-12,0,0,0,12,0,0,0,0,0,0,0,0,0,0,0,0,1,0,0,0,0,15,0,0,5,0,0,0,0,10,0,0,0,0,0,0,2019,58.41152,-134.58606,2019-07-12 21:56:08,2019-07-13 04:12:25,,2019-07-13T01:55:13,315563,Valley,mvapd1,20,forest-conifer,Forest Clearing,2,40,1,1.5,pond,Alaska,0.26130787,0.302974537,0.166030093,0.082696759,12.37142857,12.2,12.8,97.57142857,93,100,1.6,0.214285714,309.6643855,Meteostat
315563,NW1,2019-07-13,0,0,0,20,0,0,0,0,0,0,2,0,0,0,0,1,0,0,0,0,0,22,0,0,17,0,6,0,0,8,0,0,0,0,0,0,2019,58.41152,-134.58606,2019-07-13 21:54:44,2019-07-14 04:14:04,,2019-07-14T02:25:13,315563,Valley,mvapd1,20,forest-conifer,Forest Clearing,2,40,1,1.5,pond,Alaska,0.263425926,0.305092593,0.187835648,0.104502315,13.01428571,11.7,14.4,85.42857143,80,93,0,0.428571429,314.1143855,Meteostat
315563,NW1,2019-07-14,0,0,0,44,0,0,0,0,0,0,1,0,0,0,0,1,3,0,0,0,0,48,0,0,17,0,2,0,0,12,0,0,0,0,0,0,2019,58.41152,-134.58606,2019-07-14 21:53:16,2019-07-15 04:15:45,,2019-07-15T03:05:31,315563,Valley,mvapd1,20,forest-conifer,Forest Clearing,2,40,1,1.5,pond,Alaska,0.265613426,0.307280093,0.216840278,0.133506944,13.57142857,12.8,13.9,91,83,97,0,2.380952381,318.0143855,Meteostat
315563,NW1,2019-07-15,0,0,0,23,0,0,0,0,0,0,2,0,0,0,0,0,0,0,0,0,0,23,0,0,3,0,5,0,0,1,0,0,0,0,0,0,2019,58.41152,-134.58606,2019-07-15 21:51:45,2019-07-16 04:17:29,,2019-07-16T03:57:37,315563,Valley,mvapd1,20,forest-conifer,Forest Clearing,2,40,1,1.5,pond,Alaska,0.26787037,0.309537037,0.254074074,0.170740741,13.48571429,12.8,14.4,98.14285714,93,100,5.8,3.75,322.4643855,Meteostat
315563,NW1,2020-06-23,0,0,0,893,0,0,0,0,0,0,1,0,0,0,0,1,2,0,0,0,0,300,0,0,56,0,8,0,0,251,0,0,0,2,0,0,2020,58.41152,-134.58606,2020-06-23 22:09:41,2020-06-24 03:52:08,,2020-06-24T00:16:36,315563,Valley,mvapd1,20,forest-conifer,Forest Clearing,2,40,1,1.5,pond,Alaska,0.2378125,0.279479167,0.088136574,0.004803241,9.742857143,9.4,10.6,90,86,93,0,0.642857143,125.6598711,Meteostat
315563,NW1,2020-06-24,0,0,0,838,0,0,0,0,0,0,1,0,0,0,0,2,0,0,0,0,0,283,0,0,29,0,1,0,0,298,0,0,0,1,0,0,2020,58.41152,-134.58606,2020-06-24 22:09:35,2020-06-25 03:52:40,,2020-06-25T00:38:27,315563,Valley,mvapd1,20,forest-conifer,Forest Clearing,2,40,1,1.5,pond,Alaska,0.238252315,0.279918981,0.10337963,0.020046296,10,9.4,10.6,89.85714286,86,93,0,1.904761905,127.6098711,Meteostat
315563,NW1,2020-06-25,0,0,0,824,0,0,0,0,0,0,4,0,0,0,0,0,2,0,0,0,0,190,0,0,37,0,0,0,0,223,0,0,0,0,0,0,2020,58.41152,-134.58606,2020-06-25 22:09:25,2020-06-26 03:53:17,,2020-06-26T00:54:14,315563,Valley,mvapd1,20,forest-conifer,Forest Clearing,2,40,1,1.5,pond,Alaska,0.238796296,0.280462963,0.114456019,0.031122685,8.971428571,8.9,9.4,90.28571429,89,93,7.1,3.825396825,129.234043,Meteostat
315563,NW1,2020-06-26,0,0,0,0,0,0,0,0,0,0,0,0,0,0,0,0,0,0,0,0,0,1,0,0,0,0,0,0,0,1,0,0,0,0,0,0,2020,58.41152,-134.58606,2020-06-26 22:09:10,2020-06-27 03:53:58,,2020-06-27T01:06:37,315563,Valley,mvapd1,20,forest-conifer,Forest Clearing,2,40,1,1.5,pond,Alaska,0.239444444,0.281111111,0.123229167,0.039895833,11.04285714,10.6,11.7,92.85714286,86,96,0,1.833333333,129.234043,Meteostat
315563,NW1,2020-06-27,0,0,0,492,0,0,0,0,0,0,0,0,0,0,0,1,0,0,0,0,0,288,0,0,21,0,0,0,0,306,0,0,0,0,0,0,2020,58.41152,-134.58606,2020-06-27 22:08:51,2020-06-28 03:54:43,,2020-06-28T01:17:19,315563,Valley,mvapd1,20,forest-conifer,Forest Clearing,2,40,1,1.5,pond,Alaska,0.240185185,0.281851852,0.13087963,0.047546296,10,7.2,13.3,91.57142857,84,97,0,0,130.3397082,Meteostat
315563,NW1,2020-06-28,0,0,0,333,0,0,0,0,0,0,1,0,0,0,0,0,1,0,0,0,0,144,0,0,31,0,0,0,0,124,0,0,0,0,0,0,2020,58.41152,-134.58606,2020-06-28 22:08:26,2020-06-29 03:55:33,,2020-06-29T01:27:42,315563,Valley,mvapd1,20,forest-conifer,Forest Clearing,2,40,1,1.5,pond,Alaska,0.241053241,0.282719907,0.13837963,0.055046296,10.81428571,10,11.7,90.85714286,89,96,8.4,1.904761905,135.0897082,Meteostat
315563,NW1,2020-06-29,0,0,0,33,0,0,0,0,0,0,0,0,0,0,0,0,0,0,0,0,0,26,0,0,5,0,0,0,0,48,0,0,0,0,0,0,2020,58.41152,-134.58606,2020-06-29 22:07:57,2020-06-30 03:56:26,,2020-06-30T01:39:00,315563,Valley,mvapd1,20,forest-conifer,Forest Clearing,2,40,1,1.5,pond,Alaska,0.242002315,0.283668981,0.1465625,0.063229167,11.41428571,11.1,12.2,88.71428571,86,93,0,0.642857143,138.2181718,Meteostat
315563,NW1,2020-06-30,0,0,0,1148,0,0,0,0,0,0,0,0,0,0,0,0,1,0,0,0,0,247,0,0,34,0,4,0,0,183,0,0,0,0,0,0,2020,58.41152,-134.58606,2020-06-30 22:07:23,2020-07-01 03:57:24,,2020-07-01T01:52:46,315563,Valley,mvapd1,20,forest-conifer,Forest Clearing,2,40,1,1.5,pond,Alaska,0.24306713,0.284733796,0.156516204,0.07318287,12.05714286,11.1,13.9,76.85714286,67,83,0,0.373015873,140.4181718,Meteostat
315563,NW1,2020-07-01,0,0,0,1038,0,0,0,0,0,1,0,0,0,0,0,1,4,0,0,0,0,303,0,0,67,0,2,0,0,220,0,0,0,4,0,0,2020,58.41152,-134.58606,2020-07-01 22:06:45,2020-07-02 03:58:26,,2020-07-02T02:11:16,315563,Valley,mvapd1,20,forest-conifer,Forest Clearing,2,40,1,1.5,pond,Alaska,0.244224537,0.285891204,0.169803241,0.086469907,13.01428571,10,18.3,75.42857143,52,86,0,0.428571429,144.0181718,Meteostat
315563,NW1,2020-07-02,0,0,0,304,0,0,0,0,0,0,2,0,0,0,0,1,2,0,0,0,0,122,0,0,37,0,0,0,0,59,0,0,0,0,0,0,2020,58.41152,-134.58606,2020-07-02 22:06:02,2020-07-03 03:59:32,,2020-07-03T02:38:02,315563,Valley,mvapd1,20,forest-conifer,Forest Clearing,2,40,1,1.5,pond,Alaska,0.245486111,0.287152778,0.188888889,0.105555556,12.52857143,9.4,18.9,69.14285714,38,80,0,1.69047619,152.1181718,Meteostat
315563,NW1,2021-07-08,0,0,0,0,0,0,0,0,0,1,0,0,0,0,0,0,0,0,0,0,0,54,0,0,3,0,0,0,0,0,0,0,0,0,0,0,2021,58.41152,-134.58606,2021-07-08 22:00:32,2021-07-09 04:07:00,2021-07-09T03:12:14,,315563,Valley,mvapd1,20,forest-conifer,Forest Clearing,2,40,1,1.5,pond,Alaska,0.254490741,0.296157407,0.038032407,0.133125,12.71428571,12.2,12.8,87.42857143,87,90,0.5,5.373015873,187.3262413,Meteostat
315563,NW1,2021-07-09,0,0,0,2,0,0,0,0,0,0,0,0,0,0,0,0,0,0,0,0,0,60,0,0,1,0,0,0,0,0,0,0,0,0,0,0,2021,58.41152,-134.58606,2021-07-09 21:59:21,2021-07-10 04:08:29,,2021-07-09T22:34:37,315563,Valley,mvapd1,20,forest-conifer,Forest Clearing,2,40,1,1.5,pond,Alaska,0.256342593,0.298009259,0.024490741,0,12.78571429,12.2,13.3,85.42857143,80,89,NA,0.73015873,190.9262413,Meteostat
315563,NW1,2021-07-10,0,0,0,0,0,0,0,0,0,0,0,0,0,0,0,0,0,0,0,0,0,110,0,0,4,0,0,0,0,0,0,0,0,0,0,0,2021,58.41152,-134.58606,2021-07-10 21:58:07,2021-07-11 04:10:01,,2021-07-10T23:05:51,315563,Valley,mvapd1,20,forest-conifer,Forest Clearing,2,40,1,1.5,pond,Alaska,0.258263889,0.299930556,0.047037037,0,10.72857143,10,12.2,87.71428571,86,89,0,1.492063492,195.6262413,Meteostat
315563,NW1,2021-07-11,0,0,0,0,0,0,0,0,0,0,0,0,0,0,0,0,1,0,0,0,0,177,0,0,2,0,0,0,0,0,0,0,0,0,0,0,2021,58.41152,-134.58606,2021-07-11 21:56:48,2021-07-12 04:11:36,,2021-07-11T23:26:10,315563,Valley,mvapd1,20,forest-conifer,Forest Clearing,2,40,1,1.5,pond,Alaska,0.260277778,0.301944444,0.062060185,0,12.85714286,11.7,13.9,84.28571429,77,89,1.1,6.03968254,197.8762413,Meteostat
315563,NW1,2021-07-12,0,0,0,0,0,0,0,0,0,0,0,0,0,0,0,0,1,0,0,0,0,47,0,0,2,0,0,0,0,0,0,0,0,0,0,0,2021,58.41152,-134.58606,2021-07-12 21:55:26,2021-07-13 04:13:14,,2021-07-12T23:39:49,315563,Valley,mvapd1,20,forest-conifer,Forest Clearing,2,40,1,1.5,pond,Alaska,0.262361111,0.304027778,0.072488426,0,13.15714286,12.8,13.3,90.71428571,89,93,1.4,3.623015873,200.6762413,Meteostat
315563,NW1,2022-06-24,0,0,0,199,0,0,0,0,0,0,0,0,0,0,0,0,1,0,0,0,0,185,0,0,0,0,0,0,0,24,0,0,0,0,0,0,2022,58.41152,-134.58606,2022-06-24 22:09:40,2022-06-25 03:52:24,2022-06-25T01:55:01,,315563,Valley,mvapd1,20,forest-conifer,Forest Clearing,2,40,1,1.5,pond,Alaska,0.238009259,0.279675926,0.081516204,0.073159722,11.67142857,10,16.1,85.71428571,67,93,0,0,141.7298595,Meteostat
315563,NW1,2022-06-25,0,0,0,283,0,2,0,0,0,0,0,0,0,0,0,0,0,0,0,0,0,348,0,0,0,0,0,0,0,23,0,0,0,0,0,0,2022,58.41152,-134.58606,2022-06-25 22:09:32,2022-06-26 03:52:58,2022-06-26T02:06:05,,315563,Valley,mvapd1,20,forest-conifer,Forest Clearing,2,40,1,1.5,pond,Alaska,0.23849537,0.280162037,0.074224537,0.0809375,12.47142857,9.4,17.8,78.71428571,56,93,0,0,147.1679284,Meteostat
315563,NW1,2022-06-26,0,0,0,158,0,0,0,0,0,1,0,0,0,0,0,0,0,0,0,0,0,215,0,0,0,0,0,0,0,16,0,0,0,0,0,0,2022,58.41152,-134.58606,2022-06-26 22:09:20,2022-06-27 03:53:37,2022-06-27T02:23:53,,315563,Valley,mvapd1,20,forest-conifer,Forest Clearing,2,40,1,1.5,pond,Alaska,0.239085648,0.280752315,0.062314815,0.0934375,13.02857143,11.7,15.6,75.85714286,67,83,0,0.428571429,154.9679284,Meteostat
315563,NW1,2022-06-27,0,0,0,128,0,0,0,0,0,0,0,0,0,0,0,0,0,0,0,0,0,210,0,0,0,0,0,0,0,18,0,0,0,0,0,0,2022,58.41152,-134.58606,2022-06-27 22:09:02,2022-06-28 03:54:21,2022-06-28T02:53:28,,315563,Valley,mvapd1,20,forest-conifer,Forest Clearing,2,40,1,1.5,pond,Alaska,0.239803241,0.281469907,0.042280093,0.114189815,13.97142857,11.7,16.7,75.28571429,65,86,0,0.603174603,162.7663716,Meteostat
315563,NW1,2022-06-28,0,0,0,178,0,0,0,0,0,0,0,0,0,0,0,0,1,0,0,0,0,239,0,0,0,0,0,0,0,16,0,0,0,0,0,0,2022,58.41152,-134.58606,2022-06-28 22:08:40,2022-06-29 03:55:08,2022-06-29T03:40:30,2022-06-28T22:51:49,315563,Valley,mvapd1,20,forest-conifer,Forest Clearing,2,40,1,1.5,pond,Alaska,0.240601852,0.282268519,-0.200474537,0.147106481,16.67142857,15.6,18.3,66.28571429,54,72,0,1.246031746,171.4163716,Meteostat
315563,NW1,2022-06-29,0,0,0,155,0,0,0,0,0,1,0,0,0,0,0,0,0,0,0,0,0,251,0,0,0,0,0,0,0,17,0,0,0,0,0,0,2022,58.41152,-134.58606,2022-06-29 22:08:13,2022-06-30 03:56:00,,2022-06-29T23:31:00,315563,Valley,mvapd1,20,forest-conifer,Forest Clearing,2,40,1,1.5,pond,Alaska,0.241516204,0.28318287,0.057488426,0,16.12857143,15,17.2,70.42857143,67,72,0,4.253968254,181.7163716,Meteostat
315563,NW1,2022-06-30,0,0,0,197,0,2,0,0,0,0,0,0,0,0,0,0,7,0,0,0,0,225,0,0,0,0,0,0,1,13,0,0,0,0,0,0,2022,58.41152,-134.58606,2022-06-30 22:07:42,2022-07-01 03:56:56,,2022-06-30T23:54:54,315563,Valley,mvapd1,20,forest-conifer,Forest Clearing,2,40,1,1.5,pond,Alaska,0.242523148,0.284189815,0.074444444,0,11.64285714,9.4,14.4,79.71428571,70,90,0,0.428571429,190.0663716,Meteostat
315563,NW1,2022-07-01,0,0,0,160,0,0,0,0,0,0,0,0,0,0,0,0,0,0,0,0,0,120,0,0,0,0,0,0,0,18,0,0,0,0,0,0,2022,58.41152,-134.58606,2022-07-01 22:07:06,2022-07-02 03:57:56,,2022-07-02T00:09:24,315563,Valley,mvapd1,20,forest-conifer,Forest Clearing,2,40,1,1.5,pond,Alaska,0.243634259,0.285300926,0.084930556,0.001597222,12.21428571,9.4,13.9,86.28571429,81,90,0,0.73015873,196.7163716,Meteostat
315563,NW1,2022-07-02,0,0,0,154,0,0,0,0,0,0,0,0,0,0,0,0,3,0,0,0,0,127,0,0,0,0,0,0,0,15,0,0,0,0,0,0,2022,58.41152,-134.58606,2022-07-02 22:06:25,2022-07-03 03:59:00,,2022-07-03T00:18:37,315563,Valley,mvapd1,20,forest-conifer,Forest Clearing,2,40,1,1.5,pond,Alaska,0.244849537,0.286516204,0.091805556,0.008472222,14.04285714,12.2,17.2,79.57142857,63,86,0,0,202.5717669,Meteostat
315563,NW1,2022-07-03,0,0,0,132,0,0,0,0,0,0,0,0,0,0,0,0,1,0,0,0,0,147,0,0,0,0,0,0,0,14,0,0,0,0,0,0,2022,58.41152,-134.58606,2022-07-03 22:05:40,2022-07-04 04:00:08,,2022-07-04T00:24:55,315563,Valley,mvapd1,20,forest-conifer,Forest Clearing,2,40,1,1.5,pond,Alaska,0.246157407,0.287824074,0.096701389,0.013368056,15.05714286,12.8,17.2,73,63,87,0,0.873015873,209.5229029,Meteostat
315563,NW1,2022-07-04,0,0,0,88,0,0,0,0,0,0,0,0,0,0,0,0,1,0,0,0,0,94,0,0,0,0,0,0,0,17,0,0,0,0,0,0,2022,58.41152,-134.58606,2022-07-04 22:04:51,2022-07-05 04:01:20,,2022-07-05T00:29:40,315563,Valley,mvapd1,20,forest-conifer,Forest Clearing,2,40,1,1.5,pond,Alaska,0.24755787,0.289224537,0.10056713,0.017233796,18.41428571,16.7,21.1,61.85714286,51,70,0,1.158730159,218.9729029,Meteostat
315563,NW1,2022-07-05,0,0,0,223,0,0,0,0,0,0,0,0,0,0,0,0,2,0,0,0,0,307,0,0,0,0,0,0,0,16,0,0,0,0,0,0,2022,58.41152,-134.58606,2022-07-05 22:03:57,2022-07-06 04:02:35,,2022-07-06T00:33:44,315563,Valley,mvapd1,20,forest-conifer,Forest Clearing,2,40,1,1.5,pond,Alaska,0.249050926,0.290717593,0.104016204,0.02068287,16.52857143,15.6,18.9,76,68,80,0,2.53968254,229.5229029,Meteostat
315563,NW1,2022-07-06,0,0,0,126,0,0,0,0,0,0,0,0,0,0,0,0,0,0,0,0,0,125,0,0,0,0,0,0,0,11,0,0,0,0,0,0,2022,58.41152,-134.58606,2022-07-06 22:02:59,2022-07-07 04:03:54,,2022-07-07T00:37:51,315563,Valley,mvapd1,20,forest-conifer,Forest Clearing,2,40,1,1.5,pond,Alaska,0.250636574,0.292303241,0.107546296,0.024212963,15.32857143,13.9,16.1,78.71428571,72,84,0,1.246031746,240.0729029,Meteostat
315563,NW1,2022-07-07,0,0,0,131,0,1,0,0,0,0,0,0,0,0,0,0,3,0,0,0,0,114,0,0,0,0,0,0,0,14,0,0,0,0,0,0,2022,58.41152,-134.58606,2022-07-07 22:01:57,2022-07-08 04:05:16,,2022-07-08T00:42:47,315563,Valley,mvapd1,20,forest-conifer,Forest Clearing,2,40,1,1.5,pond,Alaska,0.252303241,0.293969907,0.111689815,0.028356481,12.8,12.8,12.8,93,93,93,3,4.682539683,248.9729029,Meteostat
315563,NW1,2022-07-08,0,0,0,54,0,1,0,0,0,0,0,0,0,0,0,0,2,0,0,0,0,26,0,0,0,0,0,0,0,9,0,0,0,0,0,0,2022,58.41152,-134.58606,2022-07-08 22:00:51,2022-07-09 04:06:41,,2022-07-09T00:49:39,315563,Valley,mvapd1,20,forest-conifer,Forest Clearing,2,40,1,1.5,pond,Alaska,0.254050926,0.295717593,0.117222222,0.033888889,13.01428571,12.8,13.3,91.71428571,90,93,1.5,2.80952381,253.9729029,Meteostat
315563,NW1,2022-07-09,0,0,0,36,0,2,0,0,0,0,0,0,0,0,0,0,2,0,0,0,0,26,0,0,0,0,0,0,0,4,0,0,0,0,0,0,2022,58.41152,-134.58606,2022-07-09 21:59:41,2022-07-10 04:08:10,,2022-07-10T01:00:35,315563,Valley,mvapd1,20,forest-conifer,Forest Clearing,2,40,1,1.5,pond,Alaska,0.255891204,0.29755787,0.125625,0.042291667,13.48571429,12.8,14.4,88.28571429,81,93,0.5,2.948412698,258.1729029,Meteostat
315563,NW1,2022-07-10,0,0,0,37,0,7,0,0,0,0,0,0,0,0,0,0,2,0,0,0,0,17,0,0,0,0,0,0,0,12,0,0,0,0,0,0,2022,58.41152,-134.58606,2022-07-10 21:58:27,2022-07-11 04:09:41,,2022-07-11T01:20:06,315563,Valley,mvapd1,20,forest-conifer,Forest Clearing,2,40,1,1.5,pond,Alaska,0.257800926,0.299467593,0.140034722,0.056701389,12.05714286,11.7,12.2,89.14285714,86,93,6.6,7.658730159,262.9229029,Meteostat
315563,NW1,2023-07-04,0,0,1,440,0,0,0,0,0,0,4,0,0,0,0,0,2,0,0,0,0,200,0,0,0,0,0,0,0,145,0,0,0,0,0,0,2023,58.41152,-134.58606,2023-07-04 22:05:03,2023-07-05 04:01:01,2023-07-04T23:52:02,,315563,Valley,mvapd1,20,forest-conifer,Forest Clearing,2,40,1,1.5,pond,Alaska,0.247199074,0.288865741,0.172905093,0,11.97142857,10,15,77.14285714,64,86,0,2.007936508,160.8756007,Meteostat
315563,NW1,2023-07-05,0,0,0,177,0,0,0,0,0,0,2,0,0,0,0,0,1,0,0,0,0,102,0,0,0,0,0,0,0,54,0,0,0,0,0,0,2023,58.41152,-134.58606,2023-07-05 22:04:10,2023-07-06 04:02:16,2023-07-06T00:02:07,,315563,Valley,mvapd1,20,forest-conifer,Forest Clearing,2,40,1,1.5,pond,Alaska,0.248680556,0.290347222,0.166770833,0,11.11428571,9.4,14.4,76.71428571,62,86,0,1.388888889,166.4256007,Meteostat
315563,NW1,2023-07-06,0,0,0,167,0,0,0,0,0,0,5,0,0,0,0,0,1,0,0,0,0,294,0,0,0,0,0,0,0,58,0,0,0,0,0,0,2023,58.41152,-134.58606,2023-07-06 22:03:13,2023-07-07 04:03:33,2023-07-07T00:07:54,,315563,Valley,mvapd1,20,forest-conifer,Forest Clearing,2,40,1,1.5,pond,Alaska,0.250231481,0.291898148,0.163645833,0.003252315,13.24285714,11.1,18.3,79.14285714,63,93,0,0.817460317,170.6400095,Meteostat
315563,NW1,2023-07-07,0,0,0,157,0,0,0,0,0,0,0,0,0,0,0,0,0,0,0,0,0,88,0,0,0,0,0,0,0,46,0,0,0,0,0,0,2023,58.41152,-134.58606,2023-07-07 22:02:12,2023-07-08 04:04:54,2023-07-08T00:11:42,,315563,Valley,mvapd1,20,forest-conifer,Forest Clearing,2,40,1,1.5,pond,Alaska,0.251875,0.293541667,0.161944444,0.006597222,14.51428571,11.1,18.3,82,63,93,0,0.857142857,177.3420269,Meteostat
315563,NW1,2023-07-08,0,0,0,255,0,0,0,0,0,0,0,0,0,0,0,0,0,0,0,0,0,199,0,0,0,0,0,0,0,67,0,0,0,0,0,0,2023,58.41152,-134.58606,2023-07-08 22:01:07,2023-07-09 04:06:19,2023-07-09T00:14:42,,315563,Valley,mvapd1,20,forest-conifer,Forest Clearing,2,40,1,1.5,pond,Alaska,0.253611111,0.295277778,0.160844907,0.00943287,12.77142857,11.1,15,69.85714286,58,77,0,3.753968254,187.5920269,Meteostat
315563,NW1,2023-07-09,0,0,1,263,0,0,0,0,0,0,5,0,0,0,0,0,1,0,0,0,0,169,0,0,0,0,0,0,0,48,0,0,0,0,0,0,2023,58.41152,-134.58606,2023-07-09 21:59:57,2023-07-10 04:07:47,2023-07-10T00:17:41,,315563,Valley,mvapd1,20,forest-conifer,Forest Clearing,2,40,1,1.5,pond,Alaska,0.255439815,0.297106481,0.159791667,0.012314815,13.4,11.7,16.1,68.14285714,60,74,0,3.396825397,195.0920269,Meteostat
315563,NW1,2023-07-10,0,0,0,137,0,0,0,0,0,0,2,0,0,0,0,0,4,0,0,0,0,127,0,0,0,0,0,0,0,30,0,0,0,0,0,0,2023,58.41152,-134.58606,2023-07-10 21:58:44,2023-07-11 04:09:17,2023-07-11T00:21:24,,315563,Valley,mvapd1,20,forest-conifer,Forest Clearing,2,40,1,1.5,pond,Alaska,0.257326389,0.298993056,0.158252315,0.015740741,13.72857143,12.8,15,65.28571429,62,69,0,3.03968254,201.1920269,Meteostat
315563,NW1,2023-07-11,0,0,0,236,0,0,0,0,0,1,5,0,0,0,0,0,6,0,0,0,0,99,0,0,0,0,0,0,0,63,0,0,0,0,0,0,2023,58.41152,-134.58606,2023-07-11 21:57:28,2023-07-12 04:10:51,2023-07-12T00:26:47,,315563,Valley,mvapd1,20,forest-conifer,Forest Clearing,2,40,1,1.5,pond,Alaska,0.259293981,0.300960648,0.155601852,0.020358796,12.92857143,12.2,13.3,84.71428571,75,93,0,1.547619048,205.9420269,Meteostat
315563,NW1,2023-07-12,0,0,1,280,0,0,0,0,0,0,0,0,0,0,0,0,2,0,0,0,0,140,0,0,0,0,0,0,0,81,0,0,0,0,0,0,2023,58.41152,-134.58606,2023-07-12 21:56:07,2023-07-13 04:12:27,2023-07-13T00:35:29,,315563,Valley,mvapd1,20,forest-conifer,Forest Clearing,2,40,1,1.5,pond,Alaska,0.261342593,0.303009259,0.150671296,0.027337963,10.81428571,10,11.7,88.71428571,86,93,0,0,210.6920269,Meteostat
315563,NW1,2023-07-13,0,0,0,113,0,0,0,0,0,1,2,0,0,0,0,0,0,0,0,0,0,29,0,0,0,0,0,0,0,33,0,0,0,0,0,0,2023,58.41152,-134.58606,2023-07-13 21:54:43,2023-07-14 04:14:07,2023-07-14T00:50:41,,315563,Valley,mvapd1,20,forest-conifer,Forest Clearing,2,40,1,1.5,pond,Alaska,0.263472222,0.305138889,0.141273148,0.038865741,12.84285714,10,15.6,80.14285714,64,93,0,0,215.3920269,Meteostat
315563,NW1,2023-07-14,0,0,0,292,0,0,0,0,0,0,0,0,0,0,0,0,7,0,0,0,0,170,0,0,0,0,0,0,0,78,0,0,0,0,0,0,2023,58.41152,-134.58606,2023-07-14 21:53:15,2023-07-15 04:15:48,2023-07-15T01:18:26,,315563,Valley,mvapd1,20,forest-conifer,Forest Clearing,2,40,1,1.5,pond,Alaska,0.265659722,0.307326389,0.123171296,0.059155093,14.52857143,12.8,16.7,81.71428571,70,93,0,1.849206349,222.6420269,Meteostat
315563,NW1,2023-07-15,0,0,1,91,0,0,0,0,0,1,1,0,0,0,0,0,4,0,0,0,0,49,0,0,0,0,0,0,0,22,0,0,0,0,0,0,2023,58.41152,-134.58606,2023-07-15 21:51:44,2023-07-16 04:17:32,2023-07-16T02:06:43,,315563,Valley,mvapd1,20,forest-conifer,Forest Clearing,2,40,1,1.5,pond,Alaska,0.267916667,0.309583333,0.090844907,0.093738426,13.48571429,12.2,16.7,89.14285714,78,93,0,1.619047619,229.8420269,Meteostat
315563,NW1,2023-07-16,0,0,0,120,1,0,0,0,0,0,2,0,0,0,0,0,3,0,0,0,0,37,0,0,0,0,0,0,0,31,0,0,0,0,0,0,2023,58.41152,-134.58606,2023-07-16 21:50:10,2023-07-17 04:19:19,2023-07-17T03:16:39,2023-07-16T22:25:36,315563,Valley,mvapd1,20,forest-conifer,Forest Clearing,2,40,1,1.5,pond,Alaska,0.270243056,0.311909722,-0.202118056,0.143391204,14.17142857,13.3,14.4,97.71428571,96,100,7.4,3.753968254,239.0420269,Meteostat
315563,NW1,2023-07-17,0,0,0,28,0,0,0,0,0,0,0,0,0,0,0,0,0,0,0,0,0,0,0,0,0,0,0,0,0,10,0,0,0,0,0,0,2023,58.41152,-134.58606,2023-07-17 21:48:32,2023-07-18 04:21:07,,2023-07-17T22:46:32,315563,Valley,mvapd1,20,forest-conifer,Forest Clearing,2,40,1,1.5,pond,Alaska,0.272627315,0.314293981,0.040277778,0,12.68571429,12.2,14.4,90.14285714,81,93,0,3.325396825,244.0420269,Meteostat
315563,NW1,2023-07-18,0,0,1,51,1,0,0,0,0,0,3,0,0,0,0,0,1,0,0,0,0,10,0,0,0,0,0,0,0,6,0,0,0,0,0,0,2023,58.41152,-134.58606,2023-07-18 21:46:51,2023-07-19 04:22:58,,2023-07-18T22:58:00,315563,Valley,mvapd1,20,forest-conifer,Forest Clearing,2,40,1,1.5,pond,Alaska,0.275081019,0.316747685,0.049409722,0,14.34285714,13.3,16.1,88.71428571,72,97,1.4,4.623015873,249.0420269,Meteostat
315563,NW1,2023-07-19,0,0,0,74,0,0,0,0,0,0,2,0,0,0,0,0,3,0,0,0,0,14,0,0,0,0,0,0,0,21,0,0,0,0,0,0,2023,58.41152,-134.58606,2023-07-19 21:45:07,2023-07-20 04:24:51,,2023-07-19T23:04:37,315563,Valley,mvapd1,20,forest-conifer,Forest Clearing,2,40,1,1.5,pond,Alaska,0.277592593,0.319259259,0.055208333,0,12.15714286,11.7,13.3,92.42857143,89,100,0,2.007936508,254.5920269,Meteostat
315563,NW1,2023-07-20,0,0,0,42,0,0,0,0,0,0,2,0,0,0,0,0,2,0,0,0,0,16,0,0,0,0,0,0,0,18,0,0,0,0,0,0,2023,58.41152,-134.58606,2023-07-20 21:43:20,2023-07-21 04:26:45,,2023-07-20T23:08:40,315563,Valley,mvapd1,20,forest-conifer,Forest Clearing,2,40,1,1.5,pond,Alaska,0.280150463,0.32181713,0.059259259,0,15.55714286,13.9,17.2,80.71428571,70,90,0,0.515873016,259.5920269,Meteostat
315563,NW1,2023-07-21,0,0,0,38,0,0,0,0,0,0,7,0,0,0,0,0,1,0,0,0,0,13,0,0,0,0,0,0,0,10,0,0,0,0,0,0,2023,58.41152,-134.58606,2023-07-21 21:41:31,2023-07-22 04:28:41,,2023-07-21T23:11:22,315563,Valley,mvapd1,20,forest-conifer,Forest Clearing,2,40,1,1.5,pond,Alaska,0.28275463,0.324421296,0.062395833,0,12.61428571,11.7,13.3,89.57142857,86,93,0,0.857142857,266.2920269,Meteostat
315563,NW1,2024-06-26,0,,0,5,0,0,,0,0,0,0,,0,0,0,0,7,,,,0,639,0,0,28,0,0,0,0,44,,,,,,0,2024,58.41152,-134.58606,2024-06-26 22:09:10,2024-06-27 03:53:57,2024-06-27T00:37:04,,315563,Valley,mvapd1,20,forest-conifer,Forest Clearing,2,40,1,1.5,pond,Alaska,0.23943287,0.281099537,0.136724537,0.019375,13.48571429,11.7,17.8,79,60,86,0,1.285714286,125.6924326,Meteostat
315563,NW1,2024-06-27,1,,0,2,0,0,,0,0,1,6,,0,0,0,0,4,,,,0,721,0,0,37,0,0,0,0,47,,,,,,0,2024,58.41152,-134.58606,2024-06-27 22:08:50,2024-06-28 03:54:43,2024-06-28T00:39:18,,315563,Valley,mvapd1,20,forest-conifer,Forest Clearing,2,40,1,1.5,pond,Alaska,0.240196759,0.281863426,0.135706019,0.021157407,15.01428571,12.2,17.8,77.28571429,65,86,0,2.634920635,132.6424326,Meteostat
315563,NW1,2024-06-28,0,,0,2,0,0,,0,0,0,5,,0,0,0,0,6,,,,0,847,0,0,39,0,0,0,1,56,,,,,,0,2024,58.41152,-134.58606,2024-06-28 22:08:26,2024-06-29 03:55:32,2024-06-29T00:41:28,,315563,Valley,mvapd1,20,forest-conifer,Forest Clearing,2,40,1,1.5,pond,Alaska,0.241041667,0.282708333,0.134768519,0.022939815,15.97142857,15,16.7,74.42857143,70,81,0,4.051587302,140.9924326,Meteostat
315563,NW1,2024-06-29,0,,0,0,0,0,,0,0,0,7,,0,0,0,0,5,,,,0,734,0,0,31,0,0,0,0,39,,,,,,0,2024,58.41152,-134.58606,2024-06-29 22:07:57,2024-06-30 03:56:26,2024-06-30T00:44:15,,315563,Valley,mvapd1,20,forest-conifer,Forest Clearing,2,40,1,1.5,pond,Alaska,0.242002315,0.283668981,0.133460648,0.025208333,13.71428571,13.3,14.4,86.57142857,81,90,0.3,1.317460317,149.0424326,Meteostat
315563,NW1,2024-06-30,0,,0,7,0,0,,0,0,0,2,,0,0,0,0,1,,,,0,470,0,0,34,0,0,0,0,43,,,,,,0,2024,58.41152,-134.58606,2024-06-30 22:07:23,2024-07-01 03:57:25,2024-07-01T00:48:35,,315563,Valley,mvapd1,20,forest-conifer,Forest Clearing,2,40,1,1.5,pond,Alaska,0.243078704,0.28474537,0.131134259,0.028611111,12.62857143,11.7,13.3,91.28571429,89,96,0.8,1.865079365,155.9924326,Meteostat
315563,NW1,2024-07-01,0,,0,2,0,0,,0,0,0,39,,0,0,0,0,1,,,,0,294,0,0,16,0,0,0,0,41,,,,,,0,2024,58.41152,-134.58606,2024-07-01 22:06:44,2024-07-02 03:58:27,2024-07-02T00:56:11,,315563,Valley,mvapd1,20,forest-conifer,Forest Clearing,2,40,1,1.5,pond,Alaska,0.244247685,0.285914352,0.126574074,0.034340278,11.11428571,10.6,11.7,96.71428571,96,97,2.4,0.73015873,162.3424326,Meteostat
315563,NW1,2024-07-02,0,,0,0,0,0,,0,0,0,1,,0,0,0,0,0,,,,0,565,0,0,22,0,0,0,0,30,,,,,,0,2024,58.41152,-134.58606,2024-07-02 22:06:02,2024-07-03 03:59:33,2024-07-03T01:10:42,,315563,Valley,mvapd1,20,forest-conifer,Forest Clearing,2,40,1,1.5,pond,Alaska,0.245497685,0.287164352,0.117256944,0.044907407,10.74285714,10.6,11.1,96.85714286,96,100,2.9,0.515873016,164.8424326,Meteostat
315563,NW1,2024-07-03,0,,0,7,0,0,,0,0,0,7,,0,0,0,0,2,,,,0,1323,0,0,62,0,0,0,0,80,,,,,,0,2024,58.41152,-134.58606,2024-07-03 22:05:14,2024-07-04 04:00:43,2024-07-04T01:40:13,,315563,Valley,mvapd1,20,forest-conifer,Forest Clearing,2,40,1,1.5,pond,Alaska,0.246863426,0.288530093,0.097569444,0.065960648,10.98571429,10.6,11.7,94.71428571,93,96,0,0.603174603,166.5424326,Meteostat
315563,NW1,2024-07-04,0,,0,2,0,0,,0,0,0,8,,0,0,0,0,6,,,,0,981,0,0,57,0,0,0,0,50,,,,,,0,2024,58.41152,-134.58606,2024-07-04 22:04:23,2024-07-05 04:01:56,2024-07-05T02:36:24,2024-07-04T22:29:59,315563,Valley,mvapd1,20,forest-conifer,Forest Clearing,2,40,1,1.5,pond,Alaska,0.248298611,0.289965278,-0.171122685,0.10556713,11.28571429,10.6,12.8,89.71428571,86,93,0,0.428571429,168.2424326,Meteostat
315563,NW1,2024-07-05,0,,0,17,0,0,,0,0,1,8,,0,0,0,0,7,,,,0,883,0,0,118,0,0,0,0,128,,,,,,0,2024,58.41152,-134.58606,2024-07-05 22:03:27,2024-07-06 04:03:13,2024-07-06T03:58:30,2024-07-05T23:06:16,315563,Valley,mvapd1,20,forest-conifer,Forest Clearing,2,40,1,1.5,pond,Alaska,0.249837963,0.29150463,-0.202939815,0.163229167,11.18571429,11.1,11.7,95.14285714,93,97,0.2,1.158730159,171.3424326,Meteostat
315563,NW1,2024-07-06,0,,1,10,0,0,,0,0,0,3,,1,0,0,0,22,,,,0,873,0,0,62,0,0,0,0,65,,,,,,0,2024,58.41152,-134.58606,2024-07-06 22:02:27,2024-07-07 04:04:34,,2024-07-06T23:23:50,315563,Valley,mvapd1,20,forest-conifer,Forest Clearing,2,40,1,1.5,pond,Alaska,0.251469907,0.293136574,0.056516204,0,11.75714286,11.1,12.8,82.57142857,80,89,0,0,173.8424326,Meteostat
315563,NW1,2024-07-07,0,,0,4,0,0,,0,0,2,0,,0,0,0,0,1,,,,0,362,0,0,12,0,1,0,0,15,,,,,,0,2024,58.41152,-134.58606,2024-07-07 22:01:23,2024-07-08 04:05:58,,2024-07-07T23:32:39,315563,Valley,mvapd1,20,forest-conifer,Forest Clearing,2,40,1,1.5,pond,Alaska,0.25318287,0.294849537,0.06337963,0,10.7,8.3,13.3,83.57142857,72,93,0,1.015873016,176.3424326,Meteostat
315563,NW1,2024-07-08,0,,0,0,0,0,,0,0,1,4,,0,0,0,0,3,,,,0,427,0,0,19,0,0,0,0,20,,,,,,0,2024,58.41152,-134.58606,2024-07-08 22:00:15,2024-07-09 04:07:25,,2024-07-08T23:37:21,315563,Valley,mvapd1,20,forest-conifer,Forest Clearing,2,40,1,1.5,pond,Alaska,0.254976852,0.296643519,0.067430556,0,11.84285714,10.6,12.8,83,80,86,0,1.031746032,181.5924326,Meteostat
315563,NW1,2025-06-30,,,0,,0,0,,0,0,0,1,,0,0,0,0,3,,,,0,113,0,0,0,,0,0,0,16,,,,,,,2025,58.41152,-134.58606,2025-06-30 22:07:32,2025-07-01 03:57:11,,2025-07-01T00:10:14,315563,Valley,mvapd1,20,forest-conifer,Forest Clearing,2,40,1,1.5,pond,Alaska,0.2428125,0.284479167,0.085208333,0.001875,10.94285714,10,11.7,93.14285714,88,100,5.1,1.48015873,83.20821376,Meteostat
315563,NW1,2025-07-01,,,0,,0,0,,0,0,0,5,,0,0,0,0,5,,,,0,382,0,0,0,,0,0,0,50,,,,,,,2025,58.41152,-134.58606,2025-07-01 22:06:54,2025-07-02 03:58:12,,2025-07-02T00:11:27,315563,Valley,mvapd1,20,forest-conifer,Forest Clearing,2,40,1,1.5,pond,Alaska,0.243958333,0.285625,0.086493056,0.003159722,11.32857143,10.6,12,92.28571429,88,94,0,3.619047619,86.20821376,Meteostat
315563,NW1,2025-07-02,,,1,,0,0,,0,0,1,18,,0,0,0,0,6,,,,0,656,0,0,1,,0,0,0,110,,,,,,,2025,58.41152,-134.58606,2025-07-02 22:06:13,2025-07-03 03:59:18,,2025-07-03T00:12:46,315563,Valley,mvapd1,20,forest-conifer,Forest Clearing,2,40,1,1.5,pond,Alaska,0.245196759,0.286863426,0.087881944,0.004548611,10.54285714,10,11.1,92.28571429,88,94,0,0.365079365,88.40821376,Meteostat
315563,NW1,2025-07-03,,,0,,0,0,,0,0,1,1,,1,0,0,0,1,,,,0,453,0,0,1,,0,0,0,58,,,,,,,2025,58.41152,-134.58606,2025-07-03 22:05:26,2025-07-04 04:00:26,,2025-07-04T00:14:41,315563,Valley,mvapd1,20,forest-conifer,Forest Clearing,2,40,1,1.5,pond,Alaska,0.246527778,0.288194444,0.089756944,0.006423611,12.4,11.7,13.3,83.71428571,77,92,0,0.496031746,90.20821376,Meteostat
315563,NW1,2025-07-04,,,0,,0,0,,0,0,1,2,,0,0,0,0,4,,,,0,646,0,0,0,,0,0,0,112,,,,,,,2025,58.41152,-134.58606,2025-07-04 22:04:36,2025-07-05 04:01:39,,2025-07-05T00:17:55,315563,Valley,mvapd1,20,forest-conifer,Forest Clearing,2,40,1,1.5,pond,Alaska,0.247951389,0.289618056,0.092581019,0.009247685,12.42857143,11.7,13.3,86.42857143,77,94,0,0.452380952,94.10821376,Meteostat
315563,NW1,2025-07-05,,,0,,0,0,,0,0,1,0,,1,0,0,0,4,,,,0,494,0,0,1,,1,0,0,74,,,,,,,2025,58.41152,-134.58606,2025-07-05 22:03:41,2025-07-06 04:02:55,,2025-07-06T00:23:43,315563,Valley,mvapd1,20,forest-conifer,Forest Clearing,2,40,1,1.5,pond,Alaska,0.249467593,0.291134259,0.09724537,0.013912037,13.55714286,13,14.4,74.85714286,72,77,0.7,4.380952381,98.95821376,Meteostat
315563,NW1,2025-07-06,,,0,,0,0,,0,0,0,1,,0,0,0,0,6,,,,0,146,0,0,0,,0,0,0,21,,,,,,,2025,58.41152,-134.58606,2025-07-06 22:02:42,2025-07-07 04:04:15,,2025-07-07T00:34:46,315563,Valley,mvapd1,20,forest-conifer,Forest Clearing,2,40,1,1.5,pond,Alaska,0.251076389,0.292743056,0.105601852,0.022268519,11.51428571,10.6,12.2,87.14285714,82,94,2.8,4.912698413,104.8082138,Meteostat
315563,NW1,2025-07-07,,,0,,0,0,,0,0,0,2,,0,0,0,0,1,,,,0,62,0,0,0,,0,0,0,19,,,,,,,2025,58.41152,-134.58606,2025-07-07 22:01:38,2025-07-08 04:05:38,,2025-07-08T00:57:04,315563,Valley,mvapd1,20,forest-conifer,Forest Clearing,2,40,1,1.5,pond,Alaska,0.252777778,0.294444444,0.121828704,0.03849537,10.87142857,10,12,95.71428571,94,100,6.8,1.698412698,107.6582138,Meteostat
315563,NW1,2025-07-08,,,0,,0,0,,0,0,0,6,,0,0,0,0,0,,,,0,101,0,0,0,,0,0,0,23,,,,,,,2025,58.41152,-134.58606,2025-07-08 22:00:31,2025-07-09 04:07:04,,2025-07-09T01:41:31,315563,Valley,mvapd1,20,forest-conifer,Forest Clearing,2,40,1,1.5,pond,Alaska,0.254548611,0.296215278,0.153472222,0.070138889,10.77142857,10.6,11,89.42857143,88,94,3.2,2.333333333,110.4582138,Meteostat
315563,NW1,2025-07-09,,,0,,0,0,,0,0,1,2,,0,0,0,0,2,,,,0,170,0,0,0,,0,0,0,18,,,,,,,2025,58.41152,-134.58606,2025-07-09 21:59:20,2025-07-10 04:08:33,2025-07-09T22:31:15,2025-07-10T02:54:33,315563,Valley,mvapd1,20,forest-conifer,Forest Clearing,2,40,1,1.5,pond,Alaska,0.256400463,0.29806713,0.182847222,0,10.48571429,9,11.7,91.57142857,88,95,0,3.166666667,111.0082138,Meteostat
315563,NW1,2025-07-10,,,1,,0,0,,0,0,0,1,,0,0,0,0,1,,,,0,137,0,0,0,,0,0,0,24,,,,,,,2025,58.41152,-134.58606,2025-07-10 21:58:05,2025-07-11 04:10:05,2025-07-10T22:52:07,,315563,Valley,mvapd1,20,forest-conifer,Forest Clearing,2,40,1,1.5,pond,Alaska,0.258333333,0.3,0.220810185,0,11.61428571,11.1,12.6,96.85714286,94,100,4.5,4.861111111,114.3082138,Meteostat
315563,NW1,2025-07-11,,,0,,0,0,,0,0,0,1,,0,0,0,0,1,,,,0,133,0,0,0,,0,0,0,15,,,,,,,2025,58.41152,-134.58606,2025-07-11 21:56:46,2025-07-12 04:11:40,2025-07-11T23:02:37,,315563,Valley,mvapd1,20,forest-conifer,Forest Clearing,2,40,1,1.5,pond,Alaska,0.260347222,0.302013889,0.214618056,0,10.68571429,10,11.1,90.42857143,88,94,4.5,3.087301587,116.1944549,Meteostat
315563,NW1-Dup,2022-06-24,0,0,0,181,0,1,0,0,0,0,0,0,0,0,0,0,1,0,0,0,0,191,0,0,0,0,0,0,0,34,0,0,0,0,0,0,2022,58.41152,-134.58606,2022-06-24 22:09:40,2022-06-25 03:52:24,2022-06-25T01:55:01,,315563,Valley,mvapd1,20,forest-conifer,Forest Clearing,2,40,1,1.5,pond,Alaska,0.238009259,0.279675926,0.081516204,0.073159722,11.67142857,10,16.1,85.71428571,67,93,0,0,141.7298595,Meteostat
315563,NW1-Dup,2022-06-25,0,0,0,188,0,2,0,0,0,0,0,0,0,0,0,0,1,0,0,0,0,383,0,0,0,0,0,0,0,35,0,0,0,0,0,0,2022,58.41152,-134.58606,2022-06-25 22:09:32,2022-06-26 03:52:58,2022-06-26T02:06:05,,315563,Valley,mvapd1,20,forest-conifer,Forest Clearing,2,40,1,1.5,pond,Alaska,0.23849537,0.280162037,0.074224537,0.0809375,12.47142857,9.4,17.8,78.71428571,56,93,0,0,147.1679284,Meteostat
315563,NW1-Dup,2022-06-26,0,0,0,120,0,2,0,0,0,0,0,0,0,0,0,0,0,0,0,0,0,230,0,0,0,0,0,0,0,27,0,0,0,0,0,0,2022,58.41152,-134.58606,2022-06-26 22:09:20,2022-06-27 03:53:37,2022-06-27T02:23:53,,315563,Valley,mvapd1,20,forest-conifer,Forest Clearing,2,40,1,1.5,pond,Alaska,0.239085648,0.280752315,0.062314815,0.0934375,13.02857143,11.7,15.6,75.85714286,67,83,0,0.428571429,154.9679284,Meteostat
315563,NW1-Dup,2022-06-27,0,0,0,107,0,0,0,0,0,0,0,0,0,0,0,0,0,0,0,0,0,219,0,0,0,0,0,0,0,24,0,0,0,0,0,0,2022,58.41152,-134.58606,2022-06-27 22:09:02,2022-06-28 03:54:21,2022-06-28T02:53:28,,315563,Valley,mvapd1,20,forest-conifer,Forest Clearing,2,40,1,1.5,pond,Alaska,0.239803241,0.281469907,0.042280093,0.114189815,13.97142857,11.7,16.7,75.28571429,65,86,0,0.603174603,162.7663716,Meteostat
315563,NW1-Dup,2022-06-28,0,0,0,156,0,0,0,0,0,0,0,0,0,0,0,0,1,0,0,0,0,251,0,0,0,0,0,0,0,25,0,0,0,0,0,0,2022,58.41152,-134.58606,2022-06-28 22:08:40,2022-06-29 03:55:08,2022-06-29T03:40:30,2022-06-28T22:51:49,315563,Valley,mvapd1,20,forest-conifer,Forest Clearing,2,40,1,1.5,pond,Alaska,0.240601852,0.282268519,-0.200474537,0.147106481,16.67142857,15.6,18.3,66.28571429,54,72,0,1.246031746,171.4163716,Meteostat
315563,NW1-Dup,2022-06-29,0,0,0,140,0,1,0,0,0,1,0,0,0,0,0,0,0,0,0,0,0,259,0,0,0,0,0,0,0,26,0,0,0,0,0,0,2022,58.41152,-134.58606,2022-06-29 22:08:13,2022-06-30 03:56:00,,2022-06-29T23:31:00,315563,Valley,mvapd1,20,forest-conifer,Forest Clearing,2,40,1,1.5,pond,Alaska,0.241516204,0.28318287,0.057488426,0,16.12857143,15,17.2,70.42857143,67,72,0,4.253968254,181.7163716,Meteostat
315563,NW1-Dup,2022-06-30,0,0,0,170,0,2,0,0,0,0,0,0,0,0,0,0,7,0,0,0,0,252,0,0,0,0,0,0,0,39,0,0,0,0,0,0,2022,58.41152,-134.58606,2022-06-30 22:07:42,2022-07-01 03:56:56,,2022-06-30T23:54:54,315563,Valley,mvapd1,20,forest-conifer,Forest Clearing,2,40,1,1.5,pond,Alaska,0.242523148,0.284189815,0.074444444,0,11.64285714,9.4,14.4,79.71428571,70,90,0,0.428571429,190.0663716,Meteostat
315563,NW1-Dup,2022-07-01,0,0,0,142,0,0,0,0,0,0,0,0,0,0,0,0,0,0,0,0,0,136,0,0,0,0,0,0,0,30,0,0,0,0,0,0,2022,58.41152,-134.58606,2022-07-01 22:07:06,2022-07-02 03:57:56,,2022-07-02T00:09:24,315563,Valley,mvapd1,20,forest-conifer,Forest Clearing,2,40,1,1.5,pond,Alaska,0.243634259,0.285300926,0.084930556,0.001597222,12.21428571,9.4,13.9,86.28571429,81,90,0,0.73015873,196.7163716,Meteostat
315563,NW1-Dup,2022-07-02,0,0,0,61,0,0,0,0,0,0,0,0,0,0,0,0,0,0,0,0,0,30,0,0,0,0,0,0,0,12,0,0,0,0,0,0,2022,58.41152,-134.58606,2022-07-02 22:06:25,2022-07-03 03:59:00,,2022-07-03T00:18:37,315563,Valley,mvapd1,20,forest-conifer,Forest Clearing,2,40,1,1.5,pond,Alaska,0.244849537,0.286516204,0.091805556,0.008472222,14.04285714,12.2,17.2,79.57142857,63,86,0,0,202.5717669,Meteostat
315563,NW2,2019-07-11,0,0,0,421,0,0,0,0,0,0,0,0,0,0,0,0,1,0,0,0,0,344,0,0,150,0,19,0,0,112,0,0,0,0,0,0,2019,58.38101,-134.62995,2019-07-11 21:57:24,2019-07-12 04:11:15,,2019-07-12T01:33:02,315563,Valley,mvalk1,23,forest-conifer,Lake,2,40,1,3,lake,Alaska,0.259618056,0.301284722,0.14974537,0.066412037,13.62857143,12.8,14.4,90.85714286,81,100,0.3,0.73015873,303.3143855,Meteostat
315563,NW2,2019-07-12,0,0,0,313,0,0,0,0,0,0,0,0,0,0,0,0,0,0,0,0,0,308,0,0,115,0,57,0,0,98,0,0,0,0,0,0,2019,58.38101,-134.62995,2019-07-12 21:56:03,2019-07-13 04:12:51,,2019-07-13T01:55:35,315563,Valley,mvalk1,23,forest-conifer,Lake,2,40,1,3,lake,Alaska,0.261666667,0.303333333,0.166342593,0.083009259,12.37142857,12.2,12.8,97.57142857,93,100,1.6,0.214285714,309.6643855,Meteostat
315563,NW2,2019-07-13,0,0,0,375,0,0,0,0,0,0,0,0,0,0,0,0,1,0,0,0,0,303,0,0,84,0,34,0,0,117,0,0,0,1,0,0,2019,58.38101,-134.62995,2019-07-13 21:54:39,2019-07-14 04:14:29,,2019-07-14T02:25:38,315563,Valley,mvalk1,23,forest-conifer,Lake,2,40,1,3,lake,Alaska,0.263773148,0.305439815,0.18818287,0.104849537,13.01428571,11.7,14.4,85.42857143,80,93,0,0.428571429,314.1143855,Meteostat
315563,NW2,2019-07-14,0,0,0,460,0,0,0,0,0,4,0,0,0,0,0,0,0,0,0,0,0,309,0,0,149,0,80,0,0,22,0,0,0,0,0,0,2019,58.38101,-134.62995,2019-07-14 21:53:12,2019-07-15 04:16:11,,2019-07-15T03:05:57,315563,Valley,mvalk1,23,forest-conifer,Lake,2,40,1,3,lake,Alaska,0.265960648,0.307627315,0.2171875,0.133854167,13.57142857,12.8,13.9,91,83,97,0,2.380952381,318.0143855,Meteostat
315563,NW2,2019-07-15,1,0,0,232,0,0,0,0,0,0,0,0,0,0,0,0,1,0,0,0,0,601,0,0,59,0,46,0,0,75,0,0,0,1,0,0,2019,58.38101,-134.62995,2019-07-15 21:51:41,2019-07-16 04:17:54,,2019-07-16T03:58:03,315563,Valley,mvalk1,23,forest-conifer,Lake,2,40,1,3,lake,Alaska,0.268206019,0.309872685,0.254421296,0.171087963,13.48571429,12.8,14.4,98.14285714,93,100,5.8,3.75,322.4643855,Meteostat
315563,NW2,2020-06-23,0,0,0,106,0,0,0,0,0,1,1,0,0,0,0,1,0,0,0,0,0,363,0,0,119,0,0,0,0,38,0,0,0,0,0,0,2020,58.38101,-134.62995,2020-06-23 22:09:34,2020-06-24 03:52:36,,2020-06-24T00:16:34,315563,Valley,mvalk1,23,forest-conifer,Lake,2,40,1,3,lake,Alaska,0.238217593,0.279884259,0.088194444,0.004861111,9.742857143,9.4,10.6,90,86,93,0,0.642857143,125.6598711,Meteostat
315563,NW2,2020-06-24,0,0,0,76,0,0,0,0,0,0,3,0,0,0,0,1,0,0,0,0,0,249,0,0,56,0,1,0,0,68,0,0,0,0,0,0,2020,58.38101,-134.62995,2020-06-24 22:09:28,2020-06-25 03:53:08,,2020-06-25T00:38:28,315563,Valley,mvalk1,23,forest-conifer,Lake,2,40,1,3,lake,Alaska,0.238657407,0.280324074,0.103472222,0.020138889,10,9.4,10.6,89.85714286,86,93,0,1.904761905,127.6098711,Meteostat
315563,NW2,2020-06-25,0,0,0,151,0,0,0,0,0,0,0,0,0,0,0,0,0,0,0,0,0,333,0,0,45,0,0,0,0,82,0,0,0,0,0,0,2020,58.38101,-134.62995,2020-06-25 22:09:18,2020-06-26 03:53:44,,2020-06-26T00:54:19,315563,Valley,mvalk1,23,forest-conifer,Lake,2,40,1,3,lake,Alaska,0.239189815,0.280856481,0.114594907,0.031261574,8.971428571,8.9,9.4,90.28571429,89,93,7.1,3.825396825,129.234043,Meteostat
315563,NW2,2020-06-26,0,0,0,0,0,0,0,0,0,0,0,0,0,0,0,0,0,0,0,0,0,1,0,0,0,0,0,0,0,0,0,0,0,0,0,0,2020,58.38101,-134.62995,2020-06-26 22:09:03,2020-06-27 03:54:25,,2020-06-27T01:06:44,315563,Valley,mvalk1,23,forest-conifer,Lake,2,40,1,3,lake,Alaska,0.239837963,0.28150463,0.123391204,0.04005787,11.04285714,10.6,11.7,92.85714286,86,96,0,1.833333333,129.234043,Meteostat
315563,NW2,2020-06-27,0,0,0,97,0,0,0,0,0,1,6,0,0,0,0,1,0,0,0,0,0,263,0,0,69,0,0,0,0,120,0,0,0,0,0,0,2020,58.38101,-134.62995,2020-06-27 22:08:44,2020-06-28 03:55:11,,2020-06-28T01:17:29,315563,Valley,mvalk1,23,forest-conifer,Lake,2,40,1,3,lake,Alaska,0.240590278,0.282256944,0.131076389,0.047743056,10,7.2,13.3,91.57142857,84,97,0,0,130.3397082,Meteostat
315563,NW2,2020-06-28,0,0,1,108,0,0,0,0,0,0,0,0,0,0,0,0,0,0,0,0,0,290,0,0,71,0,0,0,0,81,0,0,0,0,0,0,2020,58.38101,-134.62995,2020-06-28 22:08:19,2020-06-29 03:56:00,,2020-06-29T01:27:54,315563,Valley,mvalk1,23,forest-conifer,Lake,2,40,1,3,lake,Alaska,0.241446759,0.283113426,0.138599537,0.055266204,10.81428571,10,11.7,90.85714286,89,96,8.4,1.904761905,135.0897082,Meteostat
315563,NW2,2020-06-29,0,0,0,1,0,0,0,0,0,0,0,0,0,0,0,0,0,0,0,0,0,3,0,0,2,0,0,0,0,2,0,0,0,0,0,0,2020,58.38101,-134.62995,2020-06-29 22:07:50,2020-06-30 03:56:54,,2020-06-30T01:39:16,315563,Valley,mvalk1,23,forest-conifer,Lake,2,40,1,3,lake,Alaska,0.242407407,0.284074074,0.146828704,0.06349537,11.41428571,11.1,12.2,88.71428571,86,93,0,0.642857143,138.2181718,Meteostat
315563,NW2,2020-06-30,0,0,0,214,0,0,0,0,0,1,3,0,0,0,0,2,0,0,0,0,0,493,0,0,113,0,0,0,0,103,0,0,0,0,0,0,2020,58.38101,-134.62995,2020-06-30 22:07:17,2020-07-01 03:57:52,,2020-07-01T01:53:05,315563,Valley,mvalk1,23,forest-conifer,Lake,2,40,1,3,lake,Alaska,0.243460648,0.285127315,0.156805556,0.073472222,12.05714286,11.1,13.9,76.85714286,67,83,0,0.373015873,140.4181718,Meteostat
315563,NW2,2020-07-01,0,0,0,178,0,0,0,0,0,0,1,0,0,0,0,0,0,0,0,0,0,504,0,0,108,0,1,0,0,89,0,0,0,0,0,0,2020,58.38101,-134.62995,2020-07-01 22:06:39,2020-07-02 03:58:53,,2020-07-02T02:11:38,315563,Valley,mvalk1,23,forest-conifer,Lake,2,40,1,3,lake,Alaska,0.244606481,0.286273148,0.170127315,0.086793981,13.01428571,10,18.3,75.42857143,52,86,0,0.428571429,144.0181718,Meteostat
315563,NW2,2020-07-02,0,0,0,64,0,0,0,0,1,1,1,0,0,0,0,0,0,0,0,0,0,199,0,0,43,0,0,0,0,61,0,0,0,0,0,0,2020,58.38101,-134.62995,2020-07-02 22:05:56,2020-07-03 03:59:59,,2020-07-03T02:38:27,315563,Valley,mvalk1,23,forest-conifer,Lake,2,40,1,3,lake,Alaska,0.245868056,0.287534722,0.189247685,0.105914352,12.52857143,9.4,18.9,69.14285714,38,80,0,1.69047619,152.1181718,Meteostat
315563,NW2,2020-07-03,0,0,0,78,0,0,0,0,0,0,0,0,0,0,0,0,0,0,0,0,0,292,0,0,74,0,0,0,0,51,0,0,0,0,0,0,2020,58.38101,-134.62995,2020-07-03 22:05:09,2020-07-04 04:01:08,,2020-07-04T03:18:22,315563,Valley,mvalk1,23,forest-conifer,Lake,2,40,1,3,lake,Alaska,0.247210648,0.288877315,0.217511574,0.134178241,15.24285714,14.4,16.7,72.14285714,67,75,0,5.456349206,161.2681718,Meteostat
315563,NW2,2020-07-04,0,0,0,112,0,0,0,0,0,0,0,0,0,0,0,0,3,0,0,0,0,372,0,0,80,0,0,0,0,42,0,0,0,1,0,0,2020,58.38101,-134.62995,2020-07-04 22:04:17,2020-07-05 04:02:21,2020-07-04T22:14:31,,315563,Valley,mvalk1,23,forest-conifer,Lake,2,40,1,3,lake,Alaska,0.248657407,0.290324074,0.241550926,0,14.18571429,12.2,16.1,74.28571429,67,83,0,5.123015873,166.5761389,Meteostat
315563,NW2,2020-07-05,0,0,0,127,0,0,0,0,0,0,0,0,0,0,0,0,0,0,0,0,0,353,0,0,100,0,0,0,0,34,0,0,0,0,0,0,2020,58.38101,-134.62995,2020-07-05 22:03:22,2020-07-06 04:03:38,2020-07-05T22:59:20,,315563,Valley,mvalk1,23,forest-conifer,Lake,2,40,1,3,lake,Alaska,0.250185185,0.291851852,0.211319444,0,13.81428571,12.8,15,78.85714286,72,83,0,2.595238095,172.6761389,Meteostat
315563,NW2,2020-07-06,0,0,0,35,0,0,0,0,0,0,0,0,0,0,0,0,2,0,0,0,0,101,0,0,19,0,0,0,0,29,0,0,0,1,0,0,2020,58.38101,-134.62995,2020-07-06 22:02:22,2020-07-07 04:04:58,2020-07-06T23:28:52,,315563,Valley,mvalk1,23,forest-conifer,Lake,2,40,1,3,lake,Alaska,0.251805556,0.293472222,0.191736111,0,12.05714286,11.1,12.8,92.57142857,86,97,0,0.976190476,177.9261389,Meteostat
315563,NW2,2020-07-07,0,0,0,17,0,0,0,0,0,2,2,0,0,0,0,4,2,0,0,0,0,55,0,0,16,0,0,0,0,22,0,0,0,0,0,0,2020,58.38101,-134.62995,2020-07-07 22:01:18,2020-07-08 04:06:21,2020-07-07T23:48:34,,315563,Valley,mvalk1,23,forest-conifer,Lake,2,40,1,3,lake,Alaska,0.253506944,0.295173611,0.179016204,0,12.84285714,11.7,14.4,84.57142857,75,93,0.5,1.333333333,181.8261389,Meteostat
315563,NW2,2022-06-24,0,0,0,32,0,0,0,0,0,1,0,0,0,0,0,0,0,0,0,0,0,95,0,0,0,0,0,0,0,16,0,0,0,0,0,0,2022,58.38101,-134.62995,2022-06-24 22:09:33,2022-06-25 03:52:52,2022-06-25T01:55:22,,315563,Valley,mvalk1,23,forest-conifer,Lake,2,40,1,3,lake,Alaska,0.238414352,0.280081019,0.081597222,0.073483796,11.67142857,10,16.1,85.71428571,67,93,0,0,141.7298595,Meteostat
315563,NW2,2022-06-25,0,0,0,27,0,1,0,0,0,0,0,0,0,0,0,0,0,0,0,0,0,59,0,0,0,0,0,0,0,6,0,0,0,0,0,0,2022,58.38101,-134.62995,2022-06-25 22:09:25,2022-06-26 03:53:26,2022-06-26T02:06:30,,315563,Valley,mvalk1,23,forest-conifer,Lake,2,40,1,3,lake,Alaska,0.238900463,0.28056713,0.074259259,0.08130787,12.47142857,9.4,17.8,78.71428571,56,93,0,0,147.1679284,Meteostat
315563,NW2,2022-06-26,0,0,0,19,0,0,0,0,0,0,0,0,0,0,0,0,0,0,0,0,0,93,0,0,0,0,0,0,0,25,0,0,0,0,0,0,2022,58.38101,-134.62995,2022-06-26 22:09:13,2022-06-27 03:54:05,2022-06-27T02:24:23,,315563,Valley,mvalk1,23,forest-conifer,Lake,2,40,1,3,lake,Alaska,0.239490741,0.281157407,0.062291667,0.093865741,13.02857143,11.7,15.6,75.85714286,67,83,0,0.428571429,154.9679284,Meteostat
315563,NW2,2022-06-27,0,0,0,40,0,0,0,0,0,1,0,0,0,0,0,0,0,0,0,0,0,38,0,0,0,0,0,0,0,63,0,0,0,0,0,0,2022,58.38101,-134.62995,2022-06-27 22:08:55,2022-06-28 03:54:48,2022-06-28T02:54:02,,315563,Valley,mvalk1,23,forest-conifer,Lake,2,40,1,3,lake,Alaska,0.240196759,0.281863426,0.042199074,0.114664352,13.97142857,11.7,16.7,75.28571429,65,86,0,0.603174603,162.7663716,Meteostat
315563,NW2,2022-06-28,0,0,0,24,0,0,0,0,0,0,0,0,0,0,0,0,0,0,0,0,0,88,0,0,0,0,0,0,0,21,0,0,0,0,0,0,2022,58.38101,-134.62995,2022-06-28 22:08:33,2022-06-29 03:55:36,2022-06-29T03:41:06,2022-06-28T22:51:36,315563,Valley,mvalk1,23,forest-conifer,Lake,2,40,1,3,lake,Alaska,0.241006944,0.282673611,-0.201041667,0.147604167,16.67142857,15.6,18.3,66.28571429,54,72,0,1.246031746,171.4163716,Meteostat
315563,NW2,2022-06-29,0,0,0,47,0,1,0,0,0,1,0,0,0,0,0,0,0,0,0,0,0,121,0,0,0,0,0,0,0,48,0,0,0,0,0,0,2022,58.38101,-134.62995,2022-06-29 22:08:07,2022-06-30 03:56:28,,2022-06-29T23:30:49,315563,Valley,mvalk1,23,forest-conifer,Lake,2,40,1,3,lake,Alaska,0.241909722,0.283576389,0.057430556,0,16.12857143,15,17.2,70.42857143,67,72,0,4.253968254,181.7163716,Meteostat
315563,NW2,2022-06-30,0,0,0,58,0,1,0,0,0,0,0,0,0,0,0,0,0,0,0,0,0,170,0,0,0,0,0,0,0,26,0,0,0,0,0,0,2022,58.38101,-134.62995,2022-06-30 22:07:35,2022-07-01 03:57:24,,2022-06-30T23:54:48,315563,Valley,mvalk1,23,forest-conifer,Lake,2,40,1,3,lake,Alaska,0.242928241,0.284594907,0.074456019,0,11.64285714,9.4,14.4,79.71428571,70,90,0,0.428571429,190.0663716,Meteostat
315563,NW2,2022-07-01,0,0,0,41,0,0,0,0,0,0,0,0,0,0,0,0,1,0,0,0,0,145,0,0,0,0,0,0,0,26,0,0,0,0,0,0,2022,58.38101,-134.62995,2022-07-01 22:07:00,2022-07-02 03:58:24,,2022-07-02T00:09:21,315563,Valley,mvalk1,23,forest-conifer,Lake,2,40,1,3,lake,Alaska,0.244027778,0.285694444,0.084965278,0.001631944,12.21428571,9.4,13.9,86.28571429,81,90,0,0.73015873,196.7163716,Meteostat
315563,NW2,2022-07-02,0,0,0,36,0,0,0,0,0,0,0,0,0,0,0,0,0,0,0,0,0,178,0,0,0,0,0,0,0,39,0,0,0,0,0,0,2022,58.38101,-134.62995,2022-07-02 22:06:19,2022-07-03 03:59:28,,2022-07-03T00:18:38,315563,Valley,mvalk1,23,forest-conifer,Lake,2,40,1,3,lake,Alaska,0.245243056,0.286909722,0.091886574,0.008553241,14.04285714,12.2,17.2,79.57142857,63,86,0,0,202.5717669,Meteostat
315563,NW2,2022-07-03,0,0,0,52,0,0,0,0,0,0,0,0,0,0,0,0,0,0,0,0,0,118,0,0,0,0,0,0,0,23,0,0,0,0,0,0,2022,58.38101,-134.62995,2022-07-03 22:05:34,2022-07-04 04:00:36,,2022-07-04T00:24:59,315563,Valley,mvalk1,23,forest-conifer,Lake,2,40,1,3,lake,Alaska,0.246550926,0.288217593,0.09681713,0.013483796,15.05714286,12.8,17.2,73,63,87,0,0.873015873,209.5229029,Meteostat
315563,NW2,2022-07-04,0,0,0,22,0,0,0,0,0,2,0,0,0,0,0,0,0,0,0,0,0,44,0,0,0,0,0,0,0,13,0,0,0,0,0,0,2022,58.38101,-134.62995,2022-07-04 22:04:45,2022-07-05 04:01:47,,2022-07-05T00:29:47,315563,Valley,mvalk1,23,forest-conifer,Lake,2,40,1,3,lake,Alaska,0.247939815,0.289606481,0.100717593,0.017384259,18.41428571,16.7,21.1,61.85714286,51,70,0,1.158730159,218.9729029,Meteostat
315563,NW2,2022-07-05,0,0,0,15,0,0,0,0,0,1,0,0,0,0,0,0,0,0,0,0,0,39,0,0,0,0,0,0,0,10,0,0,0,0,0,0,2022,58.38101,-134.62995,2022-07-05 22:03:51,2022-07-06 04:03:02,,2022-07-06T00:33:54,315563,Valley,mvalk1,23,forest-conifer,Lake,2,40,1,3,lake,Alaska,0.24943287,0.291099537,0.104201389,0.020868056,16.52857143,15.6,18.9,76,68,80,0,2.53968254,229.5229029,Meteostat
315563,NW2,2022-07-06,0,0,0,44,0,1,0,0,0,0,0,0,0,0,0,0,1,0,0,0,0,46,0,0,0,0,0,0,0,48,0,0,0,0,0,0,2022,58.38101,-134.62995,2022-07-06 22:02:54,2022-07-07 04:04:21,,2022-07-07T00:38:04,315563,Valley,mvalk1,23,forest-conifer,Lake,2,40,1,3,lake,Alaska,0.251006944,0.292673611,0.10775463,0.024421296,15.32857143,13.9,16.1,78.71428571,72,84,0,1.246031746,240.0729029,Meteostat
315563,NW2,2022-07-07,0,0,0,22,0,0,0,0,0,0,0,0,0,0,0,0,0,0,0,0,0,35,0,0,0,0,0,0,0,19,0,0,0,0,0,0,2022,58.38101,-134.62995,2022-07-07 22:01:52,2022-07-08 04:05:43,,2022-07-08T00:43:03,315563,Valley,mvalk1,23,forest-conifer,Lake,2,40,1,3,lake,Alaska,0.252673611,0.294340278,0.11193287,0.028599537,12.8,12.8,12.8,93,93,93,3,4.682539683,248.9729029,Meteostat
315563,NW2,2022-07-08,0,0,0,28,0,0,0,0,0,1,0,0,0,0,0,0,0,0,0,0,0,22,0,0,0,0,0,0,0,22,0,0,0,0,0,0,2022,58.38101,-134.62995,2022-07-08 22:00:46,2022-07-09 04:07:08,,2022-07-09T00:49:59,315563,Valley,mvalk1,23,forest-conifer,Lake,2,40,1,3,lake,Alaska,0.254421296,0.296087963,0.117511574,0.034178241,13.01428571,12.8,13.3,91.71428571,90,93,1.5,2.80952381,253.9729029,Meteostat
315563,NW2,2022-07-09,0,0,0,102,0,2,0,0,0,2,0,0,0,0,0,0,0,0,0,0,0,91,0,0,0,0,0,0,0,52,0,0,0,0,0,0,2022,58.38101,-134.62995,2022-07-09 21:59:36,2022-07-10 04:08:36,,2022-07-10T01:00:59,315563,Valley,mvalk1,23,forest-conifer,Lake,2,40,1,3,lake,Alaska,0.25625,0.297916667,0.125960648,0.042627315,13.48571429,12.8,14.4,88.28571429,81,93,0.5,2.948412698,258.1729029,Meteostat
315563,NW2,2022-07-10,0,0,0,53,0,0,0,0,0,2,0,0,0,0,0,0,1,0,0,0,0,66,0,0,0,0,0,0,0,38,0,0,0,0,0,0,2022,58.38101,-134.62995,2022-07-10 21:58:22,2022-07-11 04:10:07,,2022-07-11T01:20:36,315563,Valley,mvalk1,23,forest-conifer,Lake,2,40,1,3,lake,Alaska,0.258159722,0.299826389,0.140439815,0.057106481,12.05714286,11.7,12.2,89.14285714,86,93,6.6,7.658730159,262.9229029,Meteostat
315563,NW2,2022-07-11,0,0,0,34,0,0,0,0,0,0,0,0,0,0,0,0,0,0,0,0,0,14,0,0,0,0,0,0,0,27,0,0,0,0,0,0,2022,58.38101,-134.62995,2022-07-11 21:57:04,2022-07-12 04:11:41,,2022-07-12T01:58:31,315563,Valley,mvalk1,23,forest-conifer,Lake,2,40,1,3,lake,Alaska,0.260150463,0.30181713,0.167673611,0.084340278,10.6,10.6,10.6,91.14285714,89,92,2.1,3.03968254,265.9729029,Meteostat
315563,NW2,2022-07-12,0,0,0,20,0,0,0,0,0,0,0,0,0,0,0,0,0,0,0,0,0,6,0,0,0,0,0,0,0,13,0,0,0,0,0,0,2022,58.38101,-134.62995,2022-07-12 21:55:43,2022-07-13 04:13:18,2022-07-12T22:17:19,2022-07-13T03:07:29,315563,Valley,mvalk1,23,forest-conifer,Lake,2,40,1,3,lake,Alaska,0.262210648,0.303877315,0.20150463,0,10.65714286,10,11.1,94.57142857,92,97,2.8,0,267.6729029,Meteostat
315563,NW2,2023-07-04,0,0,0,69,0,0,0,0,0,0,0,0,0,0,0,0,0,0,0,0,0,32,0,0,0,0,0,0,0,29,0,0,0,0,0,0,2023,58.38101,-134.62995,2023-07-04 22:04:57,2023-07-05 04:01:28,2023-07-04T23:51:57,,315563,Valley,mvalk1,23,forest-conifer,Lake,2,40,1,3,lake,Alaska,0.247581019,0.289247685,0.173275463,0,11.97142857,10,15,77.14285714,64,86,0,2.007936508,160.8756007,Meteostat
315563,NW2,2023-07-05,0,0,0,164,0,0,0,0,0,0,0,0,0,0,0,0,1,0,0,0,0,33,0,0,0,0,0,0,0,64,0,0,0,0,0,0,2023,58.38101,-134.62995,2023-07-05 22:04:04,2023-07-06 04:02:42,2023-07-06T00:02:08,,315563,Valley,mvalk1,23,forest-conifer,Lake,2,40,1,3,lake,Alaska,0.249050926,0.290717593,0.167060185,0,11.11428571,9.4,14.4,76.71428571,62,86,0,1.388888889,166.4256007,Meteostat
315563,NW2,2023-07-06,0,0,0,142,1,0,0,0,0,0,0,0,0,0,0,0,0,0,0,0,0,69,0,0,0,0,0,0,0,35,0,0,0,0,0,0,2023,58.38101,-134.62995,2023-07-06 22:03:07,2023-07-07 04:04:00,2023-07-07T00:07:58,,315563,Valley,mvalk1,23,forest-conifer,Lake,2,40,1,3,lake,Alaska,0.250613426,0.292280093,0.163912037,0.003368056,13.24285714,11.1,18.3,79.14285714,63,93,0,0.817460317,170.6400095,Meteostat
315563,NW2,2023-07-07,0,0,0,59,0,0,0,0,0,0,2,0,0,0,0,0,0,0,0,0,0,39,0,0,0,0,0,0,0,24,0,0,0,0,0,0,2023,58.38101,-134.62995,2023-07-07 22:02:06,2023-07-08 04:05:21,2023-07-08T00:11:50,,315563,Valley,mvalk1,23,forest-conifer,Lake,2,40,1,3,lake,Alaska,0.252256944,0.293923611,0.162164352,0.006759259,14.51428571,11.1,18.3,82,63,93,0,0.857142857,177.3420269,Meteostat
315563,NW2,2023-07-08,0,0,0,53,1,0,0,0,0,0,1,0,0,0,0,0,0,0,0,0,0,61,0,0,0,0,0,0,0,42,0,0,0,0,0,0,2023,58.38101,-134.62995,2023-07-08 22:01:01,2023-07-09 04:06:45,2023-07-09T00:14:53,,315563,Valley,mvalk1,23,forest-conifer,Lake,2,40,1,3,lake,Alaska,0.253981481,0.295648148,0.161018519,0.00962963,12.77142857,11.1,15,69.85714286,58,77,0,3.753968254,187.5920269,Meteostat
315563,NW2,2023-07-09,0,0,0,126,0,0,0,0,0,1,0,0,0,0,0,0,0,0,0,0,0,25,0,0,0,0,0,0,0,35,0,0,0,0,0,0,2023,58.38101,-134.62995,2023-07-09 21:59:52,2023-07-10 04:08:13,2023-07-10T00:17:56,,315563,Valley,mvalk1,23,forest-conifer,Lake,2,40,1,3,lake,Alaska,0.255798611,0.297465278,0.159918981,0.012546296,13.4,11.7,16.1,68.14285714,60,74,0,3.396825397,195.0920269,Meteostat
315563,NW2,2023-07-10,0,0,0,106,1,0,0,0,0,0,2,0,0,0,0,0,1,0,0,0,0,38,0,0,0,0,0,0,0,44,0,0,0,0,0,0,2023,58.38101,-134.62995,2023-07-10 21:58:39,2023-07-11 04:09:43,2023-07-11T00:21:41,,315563,Valley,mvalk1,23,forest-conifer,Lake,2,40,1,3,lake,Alaska,0.257685185,0.299351852,0.158356481,0.01599537,13.72857143,12.8,15,65.28571429,62,69,0,3.03968254,201.1920269,Meteostat
315563,NW2,2023-07-11,0,0,0,224,0,0,0,0,0,0,2,0,0,0,0,0,0,0,0,0,0,69,0,0,0,0,0,0,0,74,0,0,0,0,0,0,2023,58.38101,-134.62995,2023-07-11 21:57:23,2023-07-12 04:11:17,2023-07-12T00:27:08,,315563,Valley,mvalk1,23,forest-conifer,Lake,2,40,1,3,lake,Alaska,0.259652778,0.301319444,0.155659722,0.020659722,12.92857143,12.2,13.3,84.71428571,75,93,0,1.547619048,205.9420269,Meteostat
315563,NW2,2023-07-12,0,0,0,170,0,0,0,0,0,1,2,0,0,0,0,0,0,0,0,0,0,20,0,0,0,0,0,0,0,27,0,0,0,0,0,0,2023,58.38101,-134.62995,2023-07-12 21:56:02,2023-07-13 04:12:53,2023-07-13T00:35:54,,315563,Valley,mvalk1,23,forest-conifer,Lake,2,40,1,3,lake,Alaska,0.261701389,0.303368056,0.15068287,0.027685185,10.81428571,10,11.7,88.71428571,86,93,0,0,210.6920269,Meteostat
315563,NW2,2023-07-13,0,0,2,141,0,0,0,0,0,3,0,0,0,0,0,0,0,0,0,0,0,69,0,0,0,0,0,0,0,53,0,0,0,0,0,0,2023,58.38101,-134.62995,2023-07-13 21:54:38,2023-07-14 04:14:32,2023-07-14T00:51:12,,315563,Valley,mvalk1,23,forest-conifer,Lake,2,40,1,3,lake,Alaska,0.263819444,0.305486111,0.141203704,0.039282407,12.84285714,10,15.6,80.14285714,64,93,0,0,215.3920269,Meteostat
315563,NW2,2023-07-14,0,0,0,133,0,0,0,0,0,0,0,0,0,0,0,0,0,0,0,0,0,60,0,0,0,0,0,0,0,21,0,0,0,0,0,0,2023,58.38101,-134.62995,2023-07-14 21:53:11,2023-07-15 04:16:13,2023-07-15T01:19:03,,315563,Valley,mvalk1,23,forest-conifer,Lake,2,40,1,3,lake,Alaska,0.26599537,0.307662037,0.123032407,0.05962963,14.52857143,12.8,16.7,81.71428571,70,93,0,1.849206349,222.6420269,Meteostat
315563,NW2,2024-06-27,0,,0,1,0,0,,0,0,0,3,,0,0,0,0,0,,,,0,205,0,0,11,0,2,0,0,32,,,,,,0,2024,58.38101,-134.62995,2024-06-27 22:08:44,2024-06-28 03:55:10,2024-06-28T00:39:28,,315563,Valley,mvalk1,23,forest-conifer,Lake,2,40,1,3,lake,Alaska,0.240578704,0.28224537,0.135902778,0.021342593,15.01428571,12.2,17.8,77.28571429,65,86,0,2.634920635,132.6424326,Meteostat
315563,NW2,2024-06-28,0,,0,0,0,0,,0,0,2,3,,0,0,0,0,0,,,,0,296,0,0,10,0,0,0,0,18,,,,,,0,2024,58.38101,-134.62995,2024-06-28 22:08:19,2024-06-29 03:56:00,2024-06-29T00:41:41,,315563,Valley,mvalk1,23,forest-conifer,Lake,2,40,1,3,lake,Alaska,0.241446759,0.283113426,0.13494213,0.023171296,15.97142857,15,16.7,74.42857143,70,81,0,4.051587302,140.9924326,Meteostat
315563,NW2,2024-06-29,0,,0,0,0,0,,0,0,0,9,,0,0,0,0,0,,,,0,230,0,0,7,0,2,0,0,14,,,,,,0,2024,58.38101,-134.62995,2024-06-29 22:07:50,2024-06-30 03:56:54,2024-06-30T00:44:32,,315563,Valley,mvalk1,23,forest-conifer,Lake,2,40,1,3,lake,Alaska,0.242407407,0.284074074,0.133587963,0.025486111,13.71428571,13.3,14.4,86.57142857,81,90,0.3,1.317460317,149.0424326,Meteostat
315563,NW2,2024-06-30,0,,0,0,0,0,,0,0,0,1,,0,0,0,0,0,,,,0,78,0,0,4,0,0,0,0,4,,,,,,0,2024,58.38101,-134.62995,2024-06-30 22:07:16,2024-07-01 03:57:52,2024-07-01T00:48:56,,315563,Valley,mvalk1,23,forest-conifer,Lake,2,40,1,3,lake,Alaska,0.243472222,0.285138889,0.131203704,0.028935185,12.62857143,11.7,13.3,91.28571429,89,96,0.8,1.865079365,155.9924326,Meteostat
315563,NW2,2024-07-01,0,,0,1,0,0,,0,0,0,0,,0,0,0,0,0,,,,0,125,0,0,18,0,3,0,0,17,,,,,,0,2024,58.38101,-134.62995,2024-07-01 22:06:38,2024-07-02 03:58:54,2024-07-02T00:56:37,,315563,Valley,mvalk1,23,forest-conifer,Lake,2,40,1,3,lake,Alaska,0.24462963,0.286296296,0.126585648,0.034710648,11.11428571,10.6,11.7,96.71428571,96,97,2.4,0.73015873,162.3424326,Meteostat
315563,NW2,2024-07-02,0,,0,0,0,0,,0,0,5,2,,0,0,0,0,0,,,,0,163,0,0,13,0,1,0,0,19,,,,,,0,2024,58.38101,-134.62995,2024-07-02 22:05:55,2024-07-03 04:00:00,2024-07-03T01:11:14,,315563,Valley,mvalk1,23,forest-conifer,Lake,2,40,1,3,lake,Alaska,0.245891204,0.28755787,0.117199074,0.045358796,10.74285714,10.6,11.1,96.85714286,96,100,2.9,0.515873016,164.8424326,Meteostat
315563,NW2,2024-07-03,0,,0,0,0,0,,0,0,0,0,,0,0,0,0,0,,,,0,259,0,0,21,0,0,0,0,36,,,,,,0,2024,58.38101,-134.62995,2024-07-03 22:05:08,2024-07-04 04:01:10,2024-07-04T01:40:53,,315563,Valley,mvalk1,23,forest-conifer,Lake,2,40,1,3,lake,Alaska,0.24724537,0.288912037,0.097418981,0.066493056,10.98571429,10.6,11.7,94.71428571,93,96,0,0.603174603,166.5424326,Meteostat
315563,NW2,2024-07-04,0,,0,3,0,0,,0,0,0,1,,0,0,0,0,0,,,,0,371,0,0,21,0,0,0,0,41,,,,,,0,2024,58.38101,-134.62995,2024-07-04 22:04:17,2024-07-05 04:02:23,2024-07-05T02:37:05,2024-07-04T22:29:40,315563,Valley,mvalk1,23,forest-conifer,Lake,2,40,1,3,lake,Alaska,0.248680556,0.290347222,-0.17181713,0.106111111,11.28571429,10.6,12.8,89.71428571,86,93,0,0.428571429,168.2424326,Meteostat
315563,NW2,2024-07-05,0,,0,2,0,0,,0,0,0,0,,0,0,0,0,0,,,,0,376,0,0,23,0,0,0,0,31,,,,,,0,2024,58.38101,-134.62995,2024-07-05 22:03:21,2024-07-06 04:03:40,2024-07-06T03:59:05,2024-07-05T23:06:03,315563,Valley,mvalk1,23,forest-conifer,Lake,2,40,1,3,lake,Alaska,0.250219907,0.291886574,-0.20349537,0.163703704,11.18571429,11.1,11.7,95.14285714,93,97,0.2,1.158730159,171.3424326,Meteostat
315563,NW2,2024-07-06,0,,0,0,0,0,,0,0,12,7,,0,0,0,0,1,,,,0,542,0,0,24,0,0,0,0,26,,,,,,0,2024,58.38101,-134.62995,2024-07-06 22:02:21,2024-07-07 04:05:01,,2024-07-06T23:23:43,315563,Valley,mvalk1,23,forest-conifer,Lake,2,40,1,3,lake,Alaska,0.251851852,0.293518519,0.05650463,0,11.75714286,11.1,12.8,82.57142857,80,89,0,0,173.8424326,Meteostat
315563,NW2,2024-07-07,0,,0,2,0,0,,0,0,3,2,,0,0,0,0,0,,,,0,259,0,0,17,0,0,0,0,23,,,,,,0,2024,58.38101,-134.62995,2024-07-07 22:01:17,2024-07-08 04:06:24,,2024-07-07T23:32:37,315563,Valley,mvalk1,23,forest-conifer,Lake,2,40,1,3,lake,Alaska,0.253553241,0.295219907,0.063425926,0,10.7,8.3,13.3,83.57142857,72,93,0,1.015873016,176.3424326,Meteostat
315563,NW2,2024-07-08,0,,0,1,0,0,,0,0,3,2,,0,0,0,0,0,,,,0,401,0,0,28,0,1,0,0,43,,,,,,0,2024,58.38101,-134.62995,2024-07-08 22:00:09,2024-07-09 04:07:51,,2024-07-08T23:37:23,315563,Valley,mvalk1,23,forest-conifer,Lake,2,40,1,3,lake,Alaska,0.255347222,0.297013889,0.067523148,0,11.84285714,10.6,12.8,83,80,86,0,1.031746032,181.5924326,Meteostat
315563,SE,2019-07-11,0,0,0,12,0,0,0,0,0,0,0,0,0,0,0,0,0,0,0,0,0,24,0,0,7,0,4,0,0,9,0,0,0,0,0,0,2019,58.36437,-134.50136,2019-07-11 21:56:45,2019-07-12 04:10:52,,2019-07-12T01:32:35,315563,Valley,mvafr1,33,forest-conifer,Forest Clearing,10,3,1,50,creek,Alaska,0.259803241,0.301469907,0.149884259,0.066550926,13.62857143,12.8,14.4,90.85714286,81,100,0.3,0.73015873,303.3143855,Meteostat
315563,SE,2019-07-12,0,0,0,4,0,0,0,0,0,1,0,0,0,0,0,0,0,0,0,0,0,13,0,0,1,0,2,0,0,3,0,0,0,0,0,0,2019,58.36437,-134.50136,2019-07-12 21:55:24,2019-07-13 04:12:28,,2019-07-13T01:55:10,315563,Valley,mvafr1,33,forest-conifer,Forest Clearing,10,3,1,50,creek,Alaska,0.261851852,0.303518519,0.16650463,0.083171296,12.37142857,12.2,12.8,97.57142857,93,100,1.6,0.214285714,309.6643855,Meteostat
315563,SE,2019-07-13,0,0,0,6,0,0,0,0,0,0,0,0,0,0,0,0,0,0,0,0,0,5,0,0,0,0,0,0,0,7,0,0,0,0,0,0,2019,58.36437,-134.50136,2019-07-13 21:54:01,2019-07-14 04:14:07,,2019-07-14T02:25:14,315563,Valley,mvafr1,33,forest-conifer,Forest Clearing,10,3,1,50,creek,Alaska,0.263958333,0.305625,0.188344907,0.105011574,13.01428571,11.7,14.4,85.42857143,80,93,0,0.428571429,314.1143855,Meteostat
315563,SE,2019-07-14,0,0,0,13,0,0,0,0,0,0,0,0,0,0,0,0,0,0,0,0,0,19,0,0,5,0,2,0,0,4,0,0,0,0,0,0,2019,58.36437,-134.50136,2019-07-14 21:52:33,2019-07-15 04:15:48,,2019-07-15T03:05:33,315563,Valley,mvafr1,33,forest-conifer,Forest Clearing,10,3,1,50,creek,Alaska,0.266145833,0.3078125,0.217361111,0.134027778,13.57142857,12.8,13.9,91,83,97,0,2.380952381,318.0143855,Meteostat
315563,SE,2019-07-15,0,0,0,23,0,0,0,0,0,0,0,0,0,0,0,0,0,0,0,0,0,34,0,0,3,0,0,0,0,5,0,0,0,0,0,0,2019,58.36437,-134.50136,2019-07-15 21:51:02,2019-07-16 04:17:31,,2019-07-16T03:57:39,315563,Valley,mvafr1,33,forest-conifer,Forest Clearing,10,3,1,50,creek,Alaska,0.268391204,0.31005787,0.254594907,0.171261574,13.48571429,12.8,14.4,98.14285714,93,100,5.8,3.75,322.4643855,Meteostat
315563,SE,2021-07-08,0,0,0,0,0,0,0,0,0,0,0,0,0,0,0,0,0,0,0,0,0,1,0,0,0,0,0,0,0,0,0,0,0,0,0,0,2021,58.36437,-134.50136,2021-07-08 21:59:48,2021-07-09 04:07:04,2021-07-09T03:12:26,,315563,Valley,mvafr1,33,forest-conifer,Forest Clearing,10,3,1,50,creek,Alaska,0.255046296,0.296712963,0.037939815,0.133773148,12.71428571,12.2,12.8,87.42857143,87,90,0.5,5.373015873,187.3262413,Meteostat
315563,SE,2021-07-09,0,0,0,0,0,0,0,0,0,0,0,0,0,0,0,0,0,0,0,0,0,6,0,0,2,0,0,0,0,0,0,0,0,0,0,0,2021,58.36437,-134.50136,2021-07-09 21:58:37,2021-07-10 04:08:33,,2021-07-09T22:33:45,315563,Valley,mvafr1,33,forest-conifer,Forest Clearing,10,3,1,50,creek,Alaska,0.256898148,0.298564815,0.024398148,0,12.78571429,12.2,13.3,85.42857143,80,89,NA,0.73015873,190.9262413,Meteostat
315563,SE,2021-07-10,0,0,0,0,0,0,0,0,0,0,0,0,0,0,0,0,0,0,0,0,0,3,0,0,0,0,0,0,0,0,0,0,0,0,0,0,2021,58.36437,-134.50136,2021-07-10 21:57:23,2021-07-11 04:10:05,,2021-07-10T23:05:05,315563,Valley,mvafr1,33,forest-conifer,Forest Clearing,10,3,1,50,creek,Alaska,0.258819444,0.300486111,0.047013889,0,10.72857143,10,12.2,87.71428571,86,89,0,1.492063492,195.6262413,Meteostat
315563,SE,2021-07-11,0,0,0,0,0,0,0,0,0,0,0,0,0,0,0,0,1,0,0,0,0,26,0,0,3,0,0,0,0,0,0,0,0,0,0,0,2021,58.36437,-134.50136,2021-07-11 21:56:04,2021-07-12 04:11:39,,2021-07-11T23:25:30,315563,Valley,mvafr1,33,forest-conifer,Forest Clearing,10,3,1,50,creek,Alaska,0.260821759,0.302488426,0.062106481,0,12.85714286,11.7,13.9,84.28571429,77,89,1.1,6.03968254,197.8762413,Meteostat
315563,SE,2021-07-12,0,0,0,0,0,0,0,0,0,0,0,0,0,0,0,0,2,0,0,0,0,36,0,0,4,0,0,0,0,0,0,0,0,0,0,0,2021,58.36437,-134.50136,2021-07-12 21:54:42,2021-07-13 04:13:17,,2021-07-12T23:39:15,315563,Valley,mvafr1,33,forest-conifer,Forest Clearing,10,3,1,50,creek,Alaska,0.262905093,0.304571759,0.072604167,0,13.15714286,12.8,13.3,90.71428571,89,93,1.4,3.623015873,200.6762413,Meteostat
315563,SE,2022-06-24,0,0,0,31,0,0,0,0,0,0,0,0,0,0,0,0,0,0,0,0,0,32,0,0,0,0,0,0,0,8,0,0,0,0,0,0,2022,58.36437,-134.50136,2022-06-24 22:08:53,2022-06-25 03:52:30,2022-06-25T01:54:57,,315563,Valley,mvafr1,33,forest-conifer,Forest Clearing,10,3,1,50,creek,Alaska,0.238622685,0.280289352,0.081631944,0.073657407,11.67142857,10,16.1,85.71428571,67,93,0,0,141.7298595,Meteostat
315563,SE,2022-06-25,0,0,0,51,0,0,0,0,0,0,0,0,0,0,0,0,0,0,0,0,0,17,0,0,0,0,0,0,0,19,0,0,0,0,0,0,2022,58.36437,-134.50136,2022-06-25 22:08:45,2022-06-26 03:53:05,2022-06-26T02:06:07,,315563,Valley,mvafr1,33,forest-conifer,Forest Clearing,10,3,1,50,creek,Alaska,0.23912037,0.280787037,0.074282407,0.08150463,12.47142857,9.4,17.8,78.71428571,56,93,0,0,147.1679284,Meteostat
315563,SE,2022-06-26,0,0,0,50,0,0,0,0,0,0,0,0,0,0,0,0,0,0,0,0,0,25,0,0,0,0,0,0,0,7,0,0,0,0,0,0,2022,58.36437,-134.50136,2022-06-26 22:08:32,2022-06-27 03:53:44,2022-06-27T02:24:03,,315563,Valley,mvafr1,33,forest-conifer,Forest Clearing,10,3,1,50,creek,Alaska,0.239722222,0.281388889,0.062280093,0.094108796,13.02857143,11.7,15.6,75.85714286,67,83,0,0.428571429,154.9679284,Meteostat
315563,SE,2022-06-27,0,0,0,59,0,1,0,0,0,0,0,0,0,0,0,0,0,0,0,0,0,31,0,0,0,0,0,0,0,8,0,0,0,0,0,0,2022,58.36437,-134.50136,2022-06-27 22:08:15,2022-06-28 03:54:27,2022-06-28T02:53:43,,315563,Valley,mvafr1,33,forest-conifer,Forest Clearing,10,3,1,50,creek,Alaska,0.240416667,0.282083333,0.042175926,0.114907407,13.97142857,11.7,16.7,75.28571429,65,86,0,0.603174603,162.7663716,Meteostat
315563,SE,2022-06-28,0,0,0,55,0,0,0,0,0,0,0,0,0,0,0,0,0,0,0,0,0,31,0,0,0,0,0,0,0,8,0,0,0,0,0,0,2022,58.36437,-134.50136,2022-06-28 22:07:53,2022-06-29 03:55:14,2022-06-29T03:40:47,2022-06-28T22:50:50,315563,Valley,mvafr1,33,forest-conifer,Forest Clearing,10,3,1,50,creek,Alaska,0.241215278,0.282881944,-0.201354167,0.147847222,16.67142857,15.6,18.3,66.28571429,54,72,0,1.246031746,171.4163716,Meteostat
315563,SE,2022-06-29,0,0,0,26,0,0,0,0,0,0,0,0,0,0,0,0,0,0,0,0,0,10,0,0,0,0,0,0,0,16,0,0,0,0,0,0,2022,58.36437,-134.50136,2022-06-29 22:07:27,2022-06-30 03:56:06,,2022-06-29T23:30:06,315563,Valley,mvafr1,33,forest-conifer,Forest Clearing,10,3,1,50,creek,Alaska,0.242118056,0.283784722,0.057395833,0,16.12857143,15,17.2,70.42857143,67,72,0,4.253968254,181.7163716,Meteostat
315563,SE,2022-06-30,0,0,0,17,0,1,0,0,0,0,0,0,0,0,0,0,0,0,0,0,0,8,0,0,0,0,0,0,0,7,0,0,0,0,0,0,2022,58.36437,-134.50136,2022-06-30 22:06:55,2022-07-01 03:57:02,,2022-06-30T23:54:07,315563,Valley,mvafr1,33,forest-conifer,Forest Clearing,10,3,1,50,creek,Alaska,0.243136574,0.284803241,0.074444444,0,11.64285714,9.4,14.4,79.71428571,70,90,0,0.428571429,190.0663716,Meteostat
315563,SE,2022-07-01,0,0,0,60,0,0,0,0,0,0,0,0,0,0,0,0,0,0,0,0,0,20,0,0,0,0,0,0,0,11,0,0,0,0,0,0,2022,58.36437,-134.50136,2022-07-01 22:06:20,2022-07-02 03:58:02,,2022-07-02T00:08:43,315563,Valley,mvafr1,33,forest-conifer,Forest Clearing,10,3,1,50,creek,Alaska,0.244236111,0.285902778,0.084988426,0.001655093,12.21428571,9.4,13.9,86.28571429,81,90,0,0.73015873,196.7163716,Meteostat
315563,SE,2022-07-02,0,0,0,54,0,0,0,0,0,0,0,0,0,0,0,0,0,0,0,0,0,28,0,0,0,0,0,0,0,27,0,0,0,0,0,0,2022,58.36437,-134.50136,2022-07-02 22:05:39,2022-07-03 03:59:06,,2022-07-03T00:18:02,315563,Valley,mvafr1,33,forest-conifer,Forest Clearing,10,3,1,50,creek,Alaska,0.245451389,0.287118056,0.09193287,0.008599537,14.04285714,12.2,17.2,79.57142857,63,86,0,0,202.5717669,Meteostat
315563,SE,2022-07-03,0,0,0,40,0,1,0,0,0,0,0,0,0,0,0,0,0,0,0,0,0,14,0,0,0,0,0,0,0,40,0,0,0,0,0,0,2022,58.36437,-134.50136,2022-07-03 22:04:54,2022-07-04 04:00:14,,2022-07-04T00:24:25,315563,Valley,mvafr1,33,forest-conifer,Forest Clearing,10,3,1,50,creek,Alaska,0.246759259,0.288425926,0.096886574,0.013553241,15.05714286,12.8,17.2,73,63,87,0,0.873015873,209.5229029,Meteostat
315563,SE,2022-07-04,0,0,0,31,0,3,0,0,0,0,0,0,0,0,0,0,0,0,0,0,0,16,0,0,0,0,0,0,0,17,0,0,0,0,0,0,2022,58.36437,-134.50136,2022-07-04 22:04:05,2022-07-05 04:01:25,,2022-07-05T00:29:14,315563,Valley,mvafr1,33,forest-conifer,Forest Clearing,10,3,1,50,creek,Alaska,0.248148148,0.289814815,0.100798611,0.017465278,18.41428571,16.7,21.1,61.85714286,51,70,0,1.158730159,218.9729029,Meteostat
315563,SE,2022-07-05,0,0,0,33,0,2,0,0,0,0,0,0,0,0,0,0,0,0,0,0,0,19,0,0,0,0,0,0,0,17,0,0,0,0,0,0,2022,58.36437,-134.50136,2022-07-05 22:03:12,2022-07-06 04:02:40,,2022-07-06T00:33:23,315563,Valley,mvafr1,33,forest-conifer,Forest Clearing,10,3,1,50,creek,Alaska,0.24962963,0.291296296,0.104293981,0.020960648,16.52857143,15.6,18.9,76,68,80,0,2.53968254,229.5229029,Meteostat
315563,SE,2022-07-06,0,0,0,51,0,0,0,0,0,0,0,0,0,0,0,0,0,0,0,0,0,21,0,0,0,0,0,0,0,13,0,0,0,0,0,0,2022,58.36437,-134.50136,2022-07-06 22:02:14,2022-07-07 04:03:59,,2022-07-07T00:37:34,315563,Valley,mvafr1,33,forest-conifer,Forest Clearing,10,3,1,50,creek,Alaska,0.251215278,0.292881944,0.10787037,0.024537037,15.32857143,13.9,16.1,78.71428571,72,84,0,1.246031746,240.0729029,Meteostat
315563,SE,2022-07-07,0,0,0,49,0,3,0,0,0,0,0,0,0,0,0,0,0,0,0,0,0,23,0,0,0,0,0,0,0,18,0,0,0,0,0,0,2022,58.36437,-134.50136,2022-07-07 22:01:12,2022-07-08 04:05:20,,2022-07-08T00:42:35,315563,Valley,mvafr1,33,forest-conifer,Forest Clearing,10,3,1,50,creek,Alaska,0.25287037,0.294537037,0.112071759,0.028738426,12.8,12.8,12.8,93,93,93,3,4.682539683,248.9729029,Meteostat
315563,SE,2022-07-08,0,0,0,45,0,0,0,0,0,0,0,0,0,0,0,0,0,0,0,0,0,8,0,0,0,0,0,0,0,32,0,0,0,0,0,0,2022,58.36437,-134.50136,2022-07-08 22:00:06,2022-07-09 04:06:45,,2022-07-09T00:49:33,315563,Valley,mvafr1,33,forest-conifer,Forest Clearing,10,3,1,50,creek,Alaska,0.254618056,0.296284722,0.117673611,0.034340278,13.01428571,12.8,13.3,91.71428571,90,93,1.5,2.80952381,253.9729029,Meteostat
315563,SE,2022-07-09,0,0,0,54,0,0,0,0,0,0,0,0,0,0,0,0,0,0,0,0,0,17,0,0,0,0,0,0,0,85,0,0,0,0,0,0,2022,58.36437,-134.50136,2022-07-09 21:58:56,2022-07-10 04:08:13,,2022-07-10T01:00:35,315563,Valley,mvafr1,33,forest-conifer,Forest Clearing,10,3,1,50,creek,Alaska,0.256446759,0.298113426,0.126145833,0.0428125,13.48571429,12.8,14.4,88.28571429,81,93,0.5,2.948412698,258.1729029,Meteostat
315563,SE,2022-07-10,0,0,0,52,0,0,0,0,0,0,0,0,0,0,0,0,0,0,0,0,0,15,0,0,0,0,0,0,0,29,0,0,0,0,0,0,2022,58.36437,-134.50136,2022-07-10 21:57:42,2022-07-11 04:09:44,,2022-07-11T01:20:15,315563,Valley,mvafr1,33,forest-conifer,Forest Clearing,10,3,1,50,creek,Alaska,0.258356481,0.300023148,0.140659722,0.057326389,12.05714286,11.7,12.2,89.14285714,86,93,6.6,7.658730159,262.9229029,Meteostat
315563,SE,2023-06-04,0,0,0,44,0,0,0,0,0,0,0,0,0,0,0,0,0,0,0,0,0,3,0,0,0,0,0,0,0,12,0,0,0,0,0,0,2023,58.36437,-134.50136,2023-06-04 21:55:06,2023-06-05 03:57:31,2023-06-05T00:02:47,,315563,Valley,mvafr1,33,forest-conifer,Forest Clearing,10,3,1,50,creek,Alaska,0.251678241,0.293344907,0.163009259,0.005335648,9.428571429,8.9,10,80.85714286,77,86,0,5.075396825,56.61593665,Meteostat
315563,SE,2023-06-05,0,0,0,30,0,0,0,0,0,0,0,0,0,0,0,0,0,0,0,0,0,1,0,0,0,0,0,0,0,8,0,0,0,0,0,0,2023,58.36437,-134.50136,2023-06-05 21:56:26,2023-06-06 03:56:33,2023-06-06T01:01:35,,315563,Valley,mvafr1,33,forest-conifer,Forest Clearing,10,3,1,50,creek,Alaska,0.250081019,0.291747685,0.12150463,0.045243056,9.042857143,7.8,10.6,74.42857143,63,83,0,2.095238095,59.06218597,Meteostat
315563,SE,2023-06-06,0,0,0,37,0,0,0,0,0,0,1,0,0,0,0,0,1,0,0,0,0,2,0,0,0,0,0,0,0,3,0,0,0,0,0,0,2023,58.36437,-134.50136,2023-06-06 21:57:43,2023-06-07 03:55:39,2023-06-07T01:31:05,,315563,Valley,mvafr1,33,forest-conifer,Forest Clearing,10,3,1,50,creek,Alaska,0.248564815,0.290231481,0.100393519,0.064837963,8.942857143,6.7,10,90.14285714,83,100,0,1.936507937,59.6680909,Meteostat
315563,SE,2023-06-07,0,0,0,72,0,0,0,0,0,0,0,0,0,0,0,0,0,0,0,0,0,5,0,0,0,0,0,0,0,16,0,0,0,0,0,0,2023,58.36437,-134.50136,2023-06-07 21:58:57,2023-06-08 03:54:49,2023-06-08T01:45:31,,315563,Valley,mvafr1,33,forest-conifer,Forest Clearing,10,3,1,50,creek,Alaska,0.24712963,0.288796296,0.089791667,0.07400463,9.128571429,7.2,12.8,87.57142857,69,93,0,0,59.94776027,Meteostat
315563,SE,2023-06-08,0,0,0,72,1,0,0,0,0,0,0,0,0,0,0,0,0,0,0,0,0,3,0,0,0,0,0,0,0,16,0,0,0,0,0,0,2023,58.36437,-134.50136,2023-06-08 22:00:06,2023-06-09 03:54:04,2023-06-09T01:53:18,,315563,Valley,mvafr1,33,forest-conifer,Forest Clearing,10,3,1,50,creek,Alaska,0.245810185,0.287476852,0.083865741,0.078611111,13.8,12.2,15,71.28571429,67,86,0.2,2.293650794,62.98664954,Meteostat
315563,SE,2023-06-09,0,0,0,54,0,0,0,0,0,0,2,0,0,0,0,0,0,0,0,0,0,4,0,0,0,0,0,0,0,13,0,0,0,0,0,0,2023,58.36437,-134.50136,2023-06-09 22:01:12,2023-06-10 03:53:23,2023-06-10T01:58:03,,315563,Valley,mvafr1,33,forest-conifer,Forest Clearing,10,3,1,50,creek,Alaska,0.244571759,0.286238426,0.080092593,0.081145833,10.88571429,10.6,11.1,96.85714286,92,100,1.4,1.849206349,68.49971393,Meteostat
315563,SE,2023-06-10,0,0,0,70,0,0,0,0,0,0,0,0,0,0,0,0,1,0,0,0,0,5,0,0,0,0,0,0,0,11,0,0,0,0,0,0,2023,58.36437,-134.50136,2023-06-10 22:02:14,2023-06-11 03:52:46,2023-06-11T02:01:24,,315563,Valley,mvafr1,33,forest-conifer,Forest Clearing,10,3,1,50,creek,Alaska,0.243425926,0.285092593,0.077337963,0.08275463,7.714285714,6.7,8.9,96.85714286,93,100,0,0.642857143,71.54971393,Meteostat
315563,SE,2023-06-11,0,0,0,54,0,0,0,0,0,0,2,0,0,0,0,0,1,0,0,0,0,3,0,0,0,0,0,0,0,9,0,0,0,0,0,0,2023,58.36437,-134.50136,2023-06-11 22:03:12,2023-06-12 03:52:14,2023-06-12T02:04:19,,315563,Valley,mvafr1,33,forest-conifer,Forest Clearing,10,3,1,50,creek,Alaska,0.242384259,0.284050926,0.07494213,0.084108796,10.42857143,10,10.6,94.42857143,89,100,8.8,4.182539683,73.20905267,Meteostat
315563,SE,2023-06-12,0,0,0,60,0,0,0,0,0,1,1,0,0,0,0,0,2,0,0,0,0,5,0,0,0,0,0,0,0,23,0,0,0,0,0,0,2023,58.36437,-134.50136,2023-06-12 22:04:05,2023-06-13 03:51:47,2023-06-13T02:07:28,,315563,Valley,mvafr1,33,forest-conifer,Forest Clearing,10,3,1,50,creek,Alaska,0.241458333,0.283125,0.07244213,0.08568287,8.157142857,7.8,8.3,88.57142857,86,93,0,0.301587302,75.24809976,Meteostat
315563,SE,2023-06-13,0,0,0,62,0,0,0,0,0,15,0,0,0,0,0,0,0,0,0,0,0,2,0,0,0,0,0,0,0,12,0,0,0,0,0,0,2023,58.36437,-134.50136,2023-06-13 22:04:55,2023-06-14 03:51:24,2023-06-14T02:11:37,,315563,Valley,mvafr1,33,forest-conifer,Forest Clearing,10,3,1,50,creek,Alaska,0.240613426,0.282280093,0.069293981,0.087986111,9.928571429,8.3,11.1,68,59,83,0,2.579365079,76.26080301,Meteostat
315563,SE,2023-06-14,0,0,0,102,0,0,0,0,0,0,0,0,0,0,0,0,0,0,0,0,0,1,0,0,0,0,0,0,0,21,0,0,0,0,0,0,2023,58.36437,-134.50136,2023-06-14 22:05:40,2023-06-15 03:51:06,2023-06-15T02:17:54,,315563,Valley,mvafr1,33,forest-conifer,Forest Clearing,10,3,1,50,creek,Alaska,0.239884259,0.281550926,0.064722222,0.091828704,5.785714286,3.9,8.3,86.42857143,74,97,0,0.428571429,77.92014176,Meteostat
315563,SE,2023-06-15,0,0,0,88,1,0,0,0,0,0,0,0,0,0,0,0,2,0,0,0,0,2,0,0,0,0,0,0,0,14,0,0,0,0,0,0,2023,58.36437,-134.50136,2023-06-15 22:06:20,2023-06-16 03:50:52,2023-06-16T02:28:19,,315563,Valley,mvafr1,33,forest-conifer,Forest Clearing,10,3,1,50,creek,Alaska,0.239259259,0.280925926,0.057326389,0.098599537,10.32857143,9.4,11.1,89.85714286,83,93,2.3,8.599206349,79.43111573,Meteostat
315563,SE,2023-06-16,0,0,1,82,2,0,0,0,0,0,1,0,0,0,0,0,1,0,0,0,0,8,0,0,0,0,0,0,0,19,0,0,0,0,0,0,2023,58.36437,-134.50136,2023-06-16 22:06:56,2023-06-17 03:50:43,2023-06-17T02:46:50,,315563,Valley,mvafr1,33,forest-conifer,Forest Clearing,10,3,1,50,creek,Alaska,0.238738426,0.280405093,0.044363426,0.111041667,8.085714286,7.8,8.3,91.28571429,90,93,4.9,5.896825397,80.47736505,Meteostat
315563,SE,2023-06-17,0,0,0,6,0,0,0,0,0,0,0,0,0,0,0,0,0,0,0,0,0,1,0,0,0,0,0,0,0,7,0,0,0,0,0,0,2023,58.36437,-134.50136,2023-06-17 22:07:27,2023-06-18 03:50:39,2023-06-18T03:20:31,2023-06-17T22:54:05,315563,Valley,mvafr1,33,forest-conifer,Forest Clearing,10,3,1,50,creek,Alaska,0.238333333,0.28,-0.185023148,0.134074074,9.514285714,7.8,12.2,79.42857143,64,89,0,0,80.78326998,Meteostat
315563,SE,2023-06-18,0,0,0,34,0,0,0,0,0,0,0,0,0,0,0,0,1,0,0,0,0,0,0,0,0,0,0,0,0,22,0,0,0,0,0,0,2023,58.36437,-134.50136,2023-06-18 22:07:54,2023-06-19 03:50:40,,2023-06-18T23:49:24,315563,Valley,mvafr1,33,forest-conifer,Forest Clearing,10,3,1,50,creek,Alaska,0.238032407,0.279699074,0.070486111,0,10.61428571,9.4,13.9,81.85714286,69,86,0,0,82.71698185,Meteostat
315563,SE,2023-06-19,0,0,0,99,0,0,0,0,0,0,2,0,0,0,0,0,2,0,0,0,0,3,0,0,0,0,0,0,0,22,0,0,0,0,0,0,2023,58.36437,-134.50136,2023-06-19 22:08:16,2023-06-20 03:50:46,,2023-06-20T00:21:41,315563,Valley,mvafr1,33,forest-conifer,Forest Clearing,10,3,1,50,creek,Alaska,0.237847222,0.279513889,0.092650463,0.00931713,12.22857143,10.6,15,78,64,86,0,0,88.9170712,Meteostat
315563,SE,2023-06-20,0,0,0,35,0,0,0,0,0,0,0,0,0,0,0,0,0,0,0,0,0,0,0,0,0,0,0,0,0,17,0,0,0,0,0,0,2023,58.36437,-134.50136,2023-06-20 22:08:33,2023-06-21 03:50:56,,2023-06-21T00:39:11,315563,Valley,mvafr1,33,forest-conifer,Forest Clearing,10,3,1,50,creek,Alaska,0.237766204,0.27943287,0.104606481,0.021273148,12.7,11.1,14.4,67.85714286,60,77,0,3.007936508,96.46626192,Meteostat
315563,SE,2023-06-21,0,0,0,52,0,0,0,0,0,5,1,0,0,0,0,0,0,0,0,0,0,1,0,0,0,0,0,0,0,12,0,0,0,0,0,0,2023,58.36437,-134.50136,2023-06-21 22:08:46,2023-06-22 03:51:11,,2023-06-22T00:48:58,315563,Valley,mvafr1,33,forest-conifer,Forest Clearing,10,3,1,50,creek,Alaska,0.237789352,0.279456019,0.11125,0.027916667,13.72857143,12.2,15.6,79.28571429,64,89,0,1.920634921,103.9662619,Meteostat
315563,SE,2024-06-25,0,,0,0,0,0,,0,0,1,2,,0,0,0,0,1,,,,0,75,0,0,3,0,1,0,0,24,,,,,,0,2024,58.36437,-134.50136,2024-06-25 22:08:38,2024-06-26 03:53:23,2024-06-26T00:33:30,,315563,Valley,mvafr1,33,forest-conifer,Forest Clearing,10,3,1,50,creek,Alaska,0.239409722,0.281076389,0.13880787,0.017268519,13.18571429,11.7,16.1,81.14285714,67,87,2.2,0.428571429,120.3924326,Meteostat
315563,SE,2024-06-26,0,,0,4,0,0,,0,0,0,2,,0,0,0,0,1,,,,0,120,0,0,5,0,0,0,0,16,,,,,,0,2024,58.36437,-134.50136,2024-06-26 22:08:23,2024-06-27 03:54:04,2024-06-27T00:36:38,,315563,Valley,mvafr1,33,forest-conifer,Forest Clearing,10,3,1,50,creek,Alaska,0.24005787,0.281724537,0.137106481,0.019618056,13.48571429,11.7,17.8,79,60,86,0,1.285714286,125.6924326,Meteostat
315563,SE,2024-06-27,0,,0,2,0,0,,0,0,2,2,,0,0,0,0,6,,,,0,181,0,0,10,0,0,0,0,32,,,,,,0,2024,58.36437,-134.50136,2024-06-27 22:08:03,2024-06-28 03:54:49,2024-06-28T00:38:57,,315563,Valley,mvafr1,33,forest-conifer,Forest Clearing,10,3,1,50,creek,Alaska,0.240810185,0.282476852,0.136018519,0.021458333,15.01428571,12.2,17.8,77.28571429,65,86,0,2.634920635,132.6424326,Meteostat
315563,SE,2024-06-28,0,,0,6,0,0,,0,0,0,0,,0,0,0,0,3,,,,0,69,0,0,8,0,1,0,0,18,,,,,,0,2024,58.36437,-134.50136,2024-06-28 22:07:39,2024-06-29 03:55:39,2024-06-29T00:41:12,,315563,Valley,mvafr1,33,forest-conifer,Forest Clearing,10,3,1,50,creek,Alaska,0.241666667,0.283333333,0.135034722,0.023298611,15.97142857,15,16.7,74.42857143,70,81,0,4.051587302,140.9924326,Meteostat
315563,SE,2024-06-29,0,,0,2,0,0,,0,0,0,0,,0,0,0,0,0,,,,0,47,0,0,3,0,0,0,0,19,,,,,,0,2024,58.36437,-134.50136,2024-06-29 22:07:10,2024-06-30 03:56:32,2024-06-30T00:44:04,,315563,Valley,mvafr1,33,forest-conifer,Forest Clearing,10,3,1,50,creek,Alaska,0.242615741,0.284282407,0.133657407,0.025625,13.71428571,13.3,14.4,86.57142857,81,90,0.3,1.317460317,149.0424326,Meteostat
315563,SE,2024-06-30,0,,0,1,0,0,,0,0,1,1,,0,0,0,0,0,,,,0,45,0,0,7,0,0,0,0,20,,,,,,0,2024,58.36437,-134.50136,2024-06-30 22:06:36,2024-07-01 03:57:30,2024-07-01T00:48:30,,315563,Valley,mvafr1,33,forest-conifer,Forest Clearing,10,3,1,50,creek,Alaska,0.243680556,0.285347222,0.13125,0.029097222,12.62857143,11.7,13.3,91.28571429,89,96,0.8,1.865079365,155.9924326,Meteostat
315563,SE,2024-07-01,0,,0,4,0,0,,0,0,2,0,,0,0,0,0,0,,,,0,44,0,0,9,0,0,0,0,11,,,,,,0,2024,58.36437,-134.50136,2024-07-01 22:05:58,2024-07-02 03:58:32,2024-07-02T00:56:14,,315563,Valley,mvafr1,33,forest-conifer,Forest Clearing,10,3,1,50,creek,Alaska,0.244837963,0.28650463,0.126597222,0.034907407,11.11428571,10.6,11.7,96.71428571,96,97,2.4,0.73015873,162.3424326,Meteostat
315563,SE,2024-07-02,0,,0,1,0,0,,0,0,2,0,,0,0,0,0,0,,,,0,26,0,0,4,0,0,0,0,8,,,,,,0,2024,58.36437,-134.50136,2024-07-02 22:05:16,2024-07-03 03:59:38,2024-07-03T01:10:55,,315563,Valley,mvafr1,33,forest-conifer,Forest Clearing,10,3,1,50,creek,Alaska,0.246087963,0.28775463,0.117164352,0.045590278,10.74285714,10.6,11.1,96.85714286,96,100,2.9,0.515873016,164.8424326,Meteostat
315563,SE,2024-07-03,0,,0,0,0,0,,0,0,4,0,,0,0,0,0,3,,,,0,60,0,0,3,0,0,0,0,4,,,,,,0,2024,58.36437,-134.50136,2024-07-03 22:04:29,2024-07-04 04:00:48,2024-07-04T01:40:37,,315563,Valley,mvafr1,33,forest-conifer,Forest Clearing,10,3,1,50,creek,Alaska,0.24744213,0.289108796,0.097349537,0.066759259,10.98571429,10.6,11.7,94.71428571,93,96,0,0.603174603,166.5424326,Meteostat
315563,SE,2024-07-04,0,,0,0,0,0,,0,0,0,1,,0,0,0,0,3,,,,0,137,0,0,6,0,0,0,0,8,,,,,,0,2024,58.36437,-134.50136,2024-07-04 22:03:37,2024-07-05 04:02:01,2024-07-05T02:36:48,2024-07-04T22:28:51,315563,Valley,mvafr1,33,forest-conifer,Forest Clearing,10,3,1,50,creek,Alaska,0.248888889,0.290555556,-0.1721875,0.106377315,11.28571429,10.6,12.8,89.71428571,86,93,0,0.428571429,168.2424326,Meteostat
315563,SE,2024-07-05,0,,0,3,0,0,,0,0,5,0,,0,0,0,0,3,,,,0,106,0,0,7,0,0,0,0,12,,,,,,0,2024,58.36437,-134.50136,2024-07-05 22:02:42,2024-07-06 04:03:18,2024-07-06T03:58:45,2024-07-05T23:05:18,315563,Valley,mvafr1,33,forest-conifer,Forest Clearing,10,3,1,50,creek,Alaska,0.250416667,0.292083333,-0.203784722,0.163923611,11.18571429,11.1,11.7,95.14285714,93,97,0.2,1.158730159,171.3424326,Meteostat
315563,SE,2024-07-06,0,,0,0,0,0,,0,0,1,2,,0,0,0,0,2,,,,0,150,0,0,6,0,0,0,0,13,,,,,,0,2024,58.36437,-134.50136,2024-07-06 22:01:42,2024-07-07 04:04:38,,2024-07-06T23:23:02,315563,Valley,mvafr1,33,forest-conifer,Forest Clearing,10,3,1,50,creek,Alaska,0.252037037,0.293703704,0.056481481,0,11.75714286,11.1,12.8,82.57142857,80,89,0,0,173.8424326,Meteostat
315563,SE,2024-07-07,0,,0,1,0,0,,0,0,0,2,,0,0,0,0,2,,,,0,182,0,0,10,0,0,0,0,13,,,,,,0,2024,58.36437,-134.50136,2024-07-07 22:00:38,2024-07-08 04:06:02,,2024-07-07T23:31:59,315563,Valley,mvafr1,33,forest-conifer,Forest Clearing,10,3,1,50,creek,Alaska,0.25375,0.295416667,0.0634375,0,10.7,8.3,13.3,83.57142857,72,93,0,1.015873016,176.3424326,Meteostat
315563,SE,2024-07-08,0,,0,2,0,0,,0,0,0,2,,0,0,0,0,0,,,,0,279,0,0,21,0,0,0,0,16,,,,,,0,2024,58.36437,-134.50136,2024-07-08 21:59:30,2024-07-09 04:07:29,,2024-07-08T23:36:48,315563,Valley,mvafr1,33,forest-conifer,Forest Clearing,10,3,1,50,creek,Alaska,0.255543981,0.297210648,0.067569444,0,11.84285714,10.6,12.8,83,80,86,0,1.031746032,181.5924326,Meteostat
315563,SE,2025-06-30,,,0,,0,0,,0,0,1,2,,0,0,0,0,1,,,,0,154,0,0,0,,0,0,1,68,,,,,,,2025,58.36437,-134.50136,2025-06-30 22:06:45,2025-07-01 03:57:17,,2025-07-01T00:09:52,315563,Valley,mvafr1,33,forest-conifer,Forest Clearing,10,3,1,50,creek,Alaska,0.243425926,0.285092593,0.085497685,0.002164352,10.94285714,10,11.7,93.14285714,88,100,5.1,1.48015873,83.20821376,Meteostat
315563,SE,2025-07-01,,,1,,0,0,,0,0,0,2,,0,0,0,0,4,,,,0,253,0,0,0,,1,0,0,72,,,,,,,2025,58.36437,-134.50136,2025-07-01 22:06:08,2025-07-02 03:58:18,,2025-07-02T00:11:09,315563,Valley,mvafr1,33,forest-conifer,Forest Clearing,10,3,1,50,creek,Alaska,0.244560185,0.286226852,0.08681713,0.003483796,11.32857143,10.6,12,92.28571429,88,94,0,3.619047619,86.20821376,Meteostat
315563,SE,2025-07-02,,,0,,0,0,,0,0,0,1,,0,0,0,0,0,,,,0,55,0,0,0,,0,0,0,41,,,,,,,2025,58.36437,-134.50136,2025-07-02 22:05:26,2025-07-03 03:59:23,,2025-07-03T00:12:33,315563,Valley,mvafr1,33,forest-conifer,Forest Clearing,10,3,1,50,creek,Alaska,0.245798611,0.287465278,0.088275463,0.00494213,10.54285714,10,11.1,92.28571429,88,94,0,0.365079365,88.40821376,Meteostat
315563,SE,2025-07-03,,,0,,0,0,,0,0,0,2,,0,0,0,0,0,,,,0,137,0,0,1,,1,0,0,56,,,,,,,2025,58.36437,-134.50136,2025-07-03 22:04:40,2025-07-04 04:00:32,,2025-07-04T00:14:32,315563,Valley,mvafr1,33,forest-conifer,Forest Clearing,10,3,1,50,creek,Alaska,0.24712963,0.288796296,0.090185185,0.006851852,12.4,11.7,13.3,83.71428571,77,92,0,0.496031746,90.20821376,Meteostat
315563,SE,2025-07-04,,,0,,0,0,,0,0,0,5,,1,0,0,0,0,,,,0,183,0,0,1,,0,0,0,58,,,,,,,2025,58.36437,-134.50136,2025-07-04 22:03:50,2025-07-05 04:01:44,,2025-07-05T00:17:51,315563,Valley,mvafr1,33,forest-conifer,Forest Clearing,10,3,1,50,creek,Alaska,0.248541667,0.290208333,0.09306713,0.009733796,12.42857143,11.7,13.3,86.42857143,77,94,0,0.452380952,94.10821376,Meteostat
315563,SE,2025-07-05,,,0,,0,0,,0,0,3,4,,0,0,0,0,2,,,,0,185,0,0,1,,0,0,0,38,,,,,,,2025,58.36437,-134.50136,2025-07-05 22:02:55,2025-07-06 04:03:00,,2025-07-06T00:23:47,315563,Valley,mvafr1,33,forest-conifer,Forest Clearing,10,3,1,50,creek,Alaska,0.25005787,0.291724537,0.097824074,0.014490741,13.55714286,13,14.4,74.85714286,72,77,0.7,4.380952381,98.95821376,Meteostat
315563,SE,2025-07-06,,,1,,0,0,,0,0,1,4,,0,0,0,0,0,,,,0,154,0,0,0,,0,0,0,57,,,,,,,2025,58.36437,-134.50136,2025-07-06 22:01:56,2025-07-07 04:04:19,,2025-07-07T00:34:59,315563,Valley,mvafr1,33,forest-conifer,Forest Clearing,10,3,1,50,creek,Alaska,0.251655093,0.293321759,0.106284722,0.022951389,11.51428571,10.6,12.2,87.14285714,82,94,2.8,4.912698413,104.8082138,Meteostat
315563,SE,2025-07-07,,,0,,0,0,,0,0,0,7,,0,0,0,0,0,,,,0,54,0,0,0,,0,0,0,37,,,,,,,2025,58.36437,-134.50136,2025-07-07 22:00:53,2025-07-08 04:05:42,,2025-07-08T00:57:28,315563,Valley,mvafr1,33,forest-conifer,Forest Clearing,10,3,1,50,creek,Alaska,0.253344907,0.295011574,0.122627315,0.039293981,10.87142857,10,12,95.71428571,94,100,6.8,1.698412698,107.6582138,Meteostat
315563,SE,2025-07-08,,,0,,0,0,,0,0,0,0,,0,0,0,0,0,,,,0,60,0,0,0,,0,0,0,14,,,,,,,2025,58.36437,-134.50136,2025-07-08 21:59:46,2025-07-09 04:07:08,,2025-07-09T01:41:59,315563,Valley,mvafr1,33,forest-conifer,Forest Clearing,10,3,1,50,creek,Alaska,0.255115741,0.296782407,0.15431713,0.070983796,10.77142857,10.6,11,89.42857143,88,94,3.2,2.333333333,110.4582138,Meteostat
315563,SE,2025-07-09,,,0,,0,0,,0,0,0,0,,0,0,0,0,0,,,,0,158,0,0,1,,1,0,0,20,,,,,,,2025,58.36437,-134.50136,2025-07-09 21:58:35,2025-07-10 04:08:37,2025-07-09T22:30:11,2025-07-10T02:54:53,315563,Valley,mvafr1,33,forest-conifer,Forest Clearing,10,3,1,50,creek,Alaska,0.256967593,0.298634259,0.183819444,0,10.48571429,9,11.7,91.57142857,88,95,0,3.166666667,111.0082138,Meteostat
315563,SE,2025-07-10,,,0,,0,0,,0,0,3,0,,0,0,0,0,1,,,,0,68,0,0,0,,0,0,0,46,,,,,,,2025,58.36437,-134.50136,2025-07-10 21:57:21,2025-07-11 04:10:09,2025-07-10T22:51:15,,315563,Valley,mvafr1,33,forest-conifer,Forest Clearing,10,3,1,50,creek,Alaska,0.258888889,0.300555556,0.221458333,0,11.61428571,11.1,12.6,96.85714286,94,100,4.5,4.861111111,114.3082138,Meteostat
315563,SE-Dup,2022-06-24,0,0,0,30,0,0,0,0,0,0,0,0,0,0,0,0,0,0,0,0,0,26,0,0,0,0,0,0,0,7,0,0,0,0,0,0,2022,58.36437,-134.50136,2022-06-24 22:08:53,2022-06-25 03:52:30,2022-06-25T01:54:57,,315563,Valley,mvafr1,33,forest-conifer,Forest Clearing,10,3,1,50,creek,Alaska,0.238622685,0.280289352,0.081631944,0.073657407,11.67142857,10,16.1,85.71428571,67,93,0,0,141.7298595,Meteostat
315563,SE-Dup,2022-06-25,0,0,0,42,0,2,0,0,0,0,0,0,0,0,0,0,0,0,0,0,0,20,0,0,0,0,0,0,0,14,0,0,0,0,0,0,2022,58.36437,-134.50136,2022-06-25 22:08:45,2022-06-26 03:53:05,2022-06-26T02:06:07,,315563,Valley,mvafr1,33,forest-conifer,Forest Clearing,10,3,1,50,creek,Alaska,0.23912037,0.280787037,0.074282407,0.08150463,12.47142857,9.4,17.8,78.71428571,56,93,0,0,147.1679284,Meteostat
315563,SE-Dup,2022-06-26,0,0,0,38,0,1,0,0,0,0,0,0,0,0,0,0,0,0,0,0,0,28,0,0,0,0,0,0,0,6,0,0,0,0,0,0,2022,58.36437,-134.50136,2022-06-26 22:08:32,2022-06-27 03:53:44,2022-06-27T02:24:03,,315563,Valley,mvafr1,33,forest-conifer,Forest Clearing,10,3,1,50,creek,Alaska,0.239722222,0.281388889,0.062280093,0.094108796,13.02857143,11.7,15.6,75.85714286,67,83,0,0.428571429,154.9679284,Meteostat
315563,SE-Dup,2022-06-27,0,0,0,51,0,2,0,0,0,0,0,0,0,0,0,0,0,0,0,0,0,37,0,0,0,0,0,0,0,7,0,0,0,0,0,0,2022,58.36437,-134.50136,2022-06-27 22:08:15,2022-06-28 03:54:27,2022-06-28T02:53:43,,315563,Valley,mvafr1,33,forest-conifer,Forest Clearing,10,3,1,50,creek,Alaska,0.240416667,0.282083333,0.042175926,0.114907407,13.97142857,11.7,16.7,75.28571429,65,86,0,0.603174603,162.7663716,Meteostat
315563,SE-Dup,2022-06-28,0,0,0,38,0,1,0,0,0,0,0,0,0,0,0,0,0,0,0,0,0,41,0,0,0,0,0,0,0,13,0,0,0,0,0,0,2022,58.36437,-134.50136,2022-06-28 22:07:53,2022-06-29 03:55:14,2022-06-29T03:40:47,2022-06-28T22:50:50,315563,Valley,mvafr1,33,forest-conifer,Forest Clearing,10,3,1,50,creek,Alaska,0.241215278,0.282881944,-0.201354167,0.147847222,16.67142857,15.6,18.3,66.28571429,54,72,0,1.246031746,171.4163716,Meteostat
315563,SE-Dup,2022-06-29,0,0,0,15,0,1,0,0,0,2,0,0,0,0,0,0,1,0,0,0,0,17,0,0,0,0,0,0,0,12,0,0,0,0,0,0,2022,58.36437,-134.50136,2022-06-29 22:07:27,2022-06-30 03:56:06,,2022-06-29T23:30:06,315563,Valley,mvafr1,33,forest-conifer,Forest Clearing,10,3,1,50,creek,Alaska,0.242118056,0.283784722,0.057395833,0,16.12857143,15,17.2,70.42857143,67,72,0,4.253968254,181.7163716,Meteostat
315563,SE-Dup,2022-06-30,0,0,0,15,0,1,0,0,0,0,0,0,0,0,0,0,0,0,0,0,0,11,0,0,0,0,0,0,0,4,0,0,0,0,0,0,2022,58.36437,-134.50136,2022-06-30 22:06:55,2022-07-01 03:57:02,,2022-06-30T23:54:07,315563,Valley,mvafr1,33,forest-conifer,Forest Clearing,10,3,1,50,creek,Alaska,0.243136574,0.284803241,0.074444444,0,11.64285714,9.4,14.4,79.71428571,70,90,0,0.428571429,190.0663716,Meteostat
315563,SE-Dup,2022-07-01,0,0,0,46,1,0,0,0,0,0,0,0,0,0,0,0,0,0,0,0,0,27,0,0,0,0,0,0,0,8,0,0,0,0,0,0,2022,58.36437,-134.50136,2022-07-01 22:06:20,2022-07-02 03:58:02,,2022-07-02T00:08:43,315563,Valley,mvafr1,33,forest-conifer,Forest Clearing,10,3,1,50,creek,Alaska,0.244236111,0.285902778,0.084988426,0.001655093,12.21428571,9.4,13.9,86.28571429,81,90,0,0.73015873,196.7163716,Meteostat
315563,SE-Dup,2022-07-02,0,0,0,46,0,1,0,0,0,0,0,0,0,0,0,0,0,0,0,0,0,27,0,0,0,0,0,0,0,13,0,0,0,0,0,0,2022,58.36437,-134.50136,2022-07-02 22:05:39,2022-07-03 03:59:06,,2022-07-03T00:18:02,315563,Valley,mvafr1,33,forest-conifer,Forest Clearing,10,3,1,50,creek,Alaska,0.245451389,0.287118056,0.09193287,0.008599537,14.04285714,12.2,17.2,79.57142857,63,86,0,0,202.5717669,Meteostat
315563,SE-Dup,2022-07-03,0,0,0,27,0,1,0,0,0,0,0,0,0,0,0,0,0,0,0,0,0,19,0,0,0,0,0,0,0,37,0,0,0,0,0,0,2022,58.36437,-134.50136,2022-07-03 22:04:54,2022-07-04 04:00:14,,2022-07-04T00:24:25,315563,Valley,mvafr1,33,forest-conifer,Forest Clearing,10,3,1,50,creek,Alaska,0.246759259,0.288425926,0.096886574,0.013553241,15.05714286,12.8,17.2,73,63,87,0,0.873015873,209.5229029,Meteostat
315563,SE-Dup,2022-07-04,0,0,0,16,0,2,0,0,0,0,0,0,0,0,0,0,0,0,0,0,0,26,0,0,0,0,0,0,0,8,0,0,0,0,0,0,2022,58.36437,-134.50136,2022-07-04 22:04:05,2022-07-05 04:01:25,,2022-07-05T00:29:14,315563,Valley,mvafr1,33,forest-conifer,Forest Clearing,10,3,1,50,creek,Alaska,0.248148148,0.289814815,0.100798611,0.017465278,18.41428571,16.7,21.1,61.85714286,51,70,0,1.158730159,218.9729029,Meteostat
315563,SE-Dup,2022-07-05,0,0,0,24,0,3,0,0,0,0,0,0,0,0,0,0,1,0,0,0,0,28,0,0,0,0,0,0,0,10,0,0,0,0,0,0,2022,58.36437,-134.50136,2022-07-05 22:03:12,2022-07-06 04:02:40,,2022-07-06T00:33:23,315563,Valley,mvafr1,33,forest-conifer,Forest Clearing,10,3,1,50,creek,Alaska,0.24962963,0.291296296,0.104293981,0.020960648,16.52857143,15.6,18.9,76,68,80,0,2.53968254,229.5229029,Meteostat
315563,SE-Dup,2022-07-06,0,0,0,40,0,0,0,0,0,0,0,0,0,0,0,0,0,0,0,0,0,25,0,0,0,0,0,0,0,10,0,0,0,0,0,0,2022,58.36437,-134.50136,2022-07-06 22:02:14,2022-07-07 04:03:59,,2022-07-07T00:37:34,315563,Valley,mvafr1,33,forest-conifer,Forest Clearing,10,3,1,50,creek,Alaska,0.251215278,0.292881944,0.10787037,0.024537037,15.32857143,13.9,16.1,78.71428571,72,84,0,1.246031746,240.0729029,Meteostat
315563,SE-Dup,2022-07-07,0,0,0,32,0,4,0,0,0,0,0,0,0,0,0,0,0,0,0,0,0,32,0,0,0,0,0,0,0,13,0,0,0,0,0,0,2022,58.36437,-134.50136,2022-07-07 22:01:12,2022-07-08 04:05:20,,2022-07-08T00:42:35,315563,Valley,mvafr1,33,forest-conifer,Forest Clearing,10,3,1,50,creek,Alaska,0.25287037,0.294537037,0.112071759,0.028738426,12.8,12.8,12.8,93,93,93,3,4.682539683,248.9729029,Meteostat
315563,SE-Dup,2022-07-08,0,0,0,42,0,1,0,0,0,0,0,0,0,0,0,0,0,0,0,0,0,14,0,0,0,0,0,0,0,31,0,0,0,0,0,0,2022,58.36437,-134.50136,2022-07-08 22:00:06,2022-07-09 04:06:45,,2022-07-09T00:49:33,315563,Valley,mvafr1,33,forest-conifer,Forest Clearing,10,3,1,50,creek,Alaska,0.254618056,0.296284722,0.117673611,0.034340278,13.01428571,12.8,13.3,91.71428571,90,93,1.5,2.80952381,253.9729029,Meteostat
315563,SE-Dup,2022-07-09,0,0,0,53,0,2,0,0,0,0,0,0,0,0,0,0,0,0,0,0,0,19,0,0,0,0,0,0,0,81,0,0,0,0,0,0,2022,58.36437,-134.50136,2022-07-09 21:58:56,2022-07-10 04:08:13,,2022-07-10T01:00:35,315563,Valley,mvafr1,33,forest-conifer,Forest Clearing,10,3,1,50,creek,Alaska,0.256446759,0.298113426,0.126145833,0.0428125,13.48571429,12.8,14.4,88.28571429,81,93,0.5,2.948412698,258.1729029,Meteostat
315563,SE-Dup,2022-07-10,0,0,0,42,0,0,0,0,0,0,0,0,0,0,0,0,0,0,0,0,0,22,0,0,0,0,0,0,0,19,0,0,0,0,0,0,2022,58.36437,-134.50136,2022-07-10 21:57:42,2022-07-11 04:09:44,,2022-07-11T01:20:15,315563,Valley,mvafr1,33,forest-conifer,Forest Clearing,10,3,1,50,creek,Alaska,0.258356481,0.300023148,0.140659722,0.057326389,12.05714286,11.7,12.2,89.14285714,86,93,6.6,7.658730159,262.9229029,Meteostat
315563,SW,2019-07-11,0,0,0,0,0,0,0,0,0,0,0,0,0,0,0,0,0,0,0,0,0,48,0,0,0,0,0,0,0,0,0,0,0,0,0,0,2019,58.3602,-134.60811,2019-07-11 21:57:08,2019-07-12 04:11:20,,2019-07-12T01:33:02,315563,Valley,mvawt1,7,forest-deciduous,,3,40,1,50,river,Alaska,0.259861111,0.301527778,0.149930556,0.066597222,13.62857143,12.8,14.4,90.85714286,81,100,0.3,0.73015873,303.3143855,Meteostat
315563,SW,2019-07-12,0,0,0,71,0,0,0,0,0,1,0,0,0,0,0,0,0,0,0,0,0,13,0,0,2,0,3,0,0,5,0,0,0,0,0,0,2019,58.3602,-134.60811,2019-07-12 21:55:48,2019-07-13 04:12:56,,2019-07-13T01:55:37,315563,Valley,mvawt1,7,forest-deciduous,,3,40,1,50,river,Alaska,0.261898148,0.303564815,0.166539352,0.083206019,12.37142857,12.2,12.8,97.57142857,93,100,1.6,0.214285714,309.6643855,Meteostat
315563,SW,2019-07-13,0,0,0,16,0,0,0,0,0,0,0,0,0,0,0,0,1,0,0,0,0,12,0,0,2,0,3,0,0,0,0,0,0,0,0,0,2019,58.3602,-134.60811,2019-07-13 21:54:24,2019-07-14 04:14:34,,2019-07-14T02:25:42,315563,Valley,mvawt1,7,forest-deciduous,,3,40,1,50,river,Alaska,0.26400463,0.305671296,0.188402778,0.105069444,13.01428571,11.7,14.4,85.42857143,80,93,0,0.428571429,314.1143855,Meteostat
315563,SW,2020-06-23,0,0,0,1,0,0,0,0,0,0,0,0,0,0,0,0,0,0,0,0,0,2,0,0,2,0,0,0,0,4,0,0,0,0,0,0,2020,58.3602,-134.60811,2020-06-23 22:09:17,2020-06-24 03:52:43,,2020-06-24T00:16:19,315563,Valley,mvawt1,7,forest-deciduous,,3,40,1,50,river,Alaska,0.23849537,0.280162037,0.088217593,0.004884259,9.742857143,9.4,10.6,90,86,93,0,0.642857143,125.6598711,Meteostat
315563,SW,2020-06-24,0,0,0,3,0,0,0,0,0,0,0,0,0,0,0,0,1,0,0,0,0,4,0,0,3,0,0,0,0,1,0,0,0,0,0,0,2020,58.3602,-134.60811,2020-06-24 22:09:11,2020-06-25 03:53:15,,2020-06-25T00:38:16,315563,Valley,mvawt1,7,forest-deciduous,,3,40,1,50,river,Alaska,0.238935185,0.280601852,0.103530093,0.020196759,10,9.4,10.6,89.85714286,86,93,0,1.904761905,127.6098711,Meteostat
315563,SW,2020-06-25,0,0,0,5,0,0,0,0,0,0,0,0,0,0,0,0,1,0,0,0,0,4,0,0,6,0,0,0,0,3,0,0,0,0,0,0,2020,58.3602,-134.60811,2020-06-25 22:09:01,2020-06-26 03:53:51,,2020-06-26T00:54:09,315563,Valley,mvawt1,7,forest-deciduous,,3,40,1,50,river,Alaska,0.239467593,0.281134259,0.114675926,0.031342593,8.971428571,8.9,9.4,90.28571429,89,93,7.1,3.825396825,129.234043,Meteostat
315563,SW,2020-06-26,0,0,0,0,0,0,0,0,0,0,0,0,0,0,0,0,0,0,0,0,0,0,0,0,2,0,0,0,0,1,0,0,0,0,0,0,2020,58.3602,-134.60811,2020-06-26 22:08:46,2020-06-27 03:54:32,,2020-06-27T01:06:36,315563,Valley,mvawt1,7,forest-deciduous,,3,40,1,50,river,Alaska,0.240115741,0.281782407,0.12349537,0.040162037,11.04285714,10.6,11.7,92.85714286,86,96,0,1.833333333,129.234043,Meteostat
315563,SW,2020-06-27,0,0,0,1,0,0,0,0,0,0,0,0,0,0,0,0,0,0,0,0,0,3,0,0,2,0,0,0,0,4,4,0,0,0,0,0,2020,58.3602,-134.60811,2020-06-27 22:08:27,2020-06-28 03:55:17,,2020-06-28T01:17:23,315563,Valley,mvawt1,7,forest-deciduous,,3,40,1,50,river,Alaska,0.240856481,0.282523148,0.131203704,0.04787037,10,7.2,13.3,91.57142857,84,97,0,0,130.3397082,Meteostat
315563,SW,2020-06-28,0,0,0,1,0,0,0,0,0,0,0,0,0,0,0,0,0,0,0,0,0,8,0,0,0,0,0,0,0,3,1,0,0,0,0,0,2020,58.3602,-134.60811,2020-06-28 22:08:03,2020-06-29 03:56:07,,2020-06-29T01:27:51,315563,Valley,mvawt1,7,forest-deciduous,,3,40,1,50,river,Alaska,0.241712963,0.28337963,0.13875,0.055416667,10.81428571,10,11.7,90.85714286,89,96,8.4,1.904761905,135.0897082,Meteostat
315563,SW,2020-06-29,0,0,0,2,0,0,0,0,0,0,0,0,0,0,0,0,0,0,0,0,0,1,0,0,0,0,0,0,0,3,0,0,0,0,0,0,2020,58.3602,-134.60811,2020-06-29 22:07:34,2020-06-30 03:57:00,,2020-06-30T01:39:14,315563,Valley,mvawt1,7,forest-deciduous,,3,40,1,50,river,Alaska,0.242662037,0.284328704,0.146990741,0.063657407,11.41428571,11.1,12.2,88.71428571,86,93,0,0.642857143,138.2181718,Meteostat
315563,SW,2020-06-30,0,0,0,1,0,0,0,0,0,0,0,0,0,0,0,0,0,0,0,0,0,4,0,0,3,0,0,0,0,5,0,0,0,0,0,0,2020,58.3602,-134.60811,2020-06-30 22:07:00,2020-07-01 03:57:58,,2020-07-01T01:53:05,315563,Valley,mvawt1,7,forest-deciduous,,3,40,1,50,river,Alaska,0.243726852,0.285393519,0.157002315,0.073668981,12.05714286,11.1,13.9,76.85714286,67,83,0,0.373015873,140.4181718,Meteostat
315563,SW,2020-07-01,0,0,0,1,0,0,0,0,0,1,0,0,0,0,0,0,0,0,0,0,0,12,0,0,4,0,0,0,0,4,0,0,0,0,0,0,2020,58.3602,-134.60811,2020-07-01 22:06:22,2020-07-02 03:59:00,,2020-07-02T02:11:41,315563,Valley,mvawt1,7,forest-deciduous,,3,40,1,50,river,Alaska,0.244884259,0.286550926,0.170358796,0.087025463,13.01428571,10,18.3,75.42857143,52,86,0,0.428571429,144.0181718,Meteostat
315563,SW,2020-07-02,0,0,0,3,0,0,0,0,0,0,0,0,0,0,0,0,0,0,0,0,0,6,0,0,2,0,0,0,0,1,0,0,0,0,0,0,2020,58.3602,-134.60811,2020-07-02 22:05:39,2020-07-03 04:00:05,,2020-07-03T02:38:32,315563,Valley,mvawt1,7,forest-deciduous,,3,40,1,50,river,Alaska,0.246134259,0.287800926,0.189502315,0.106168981,12.52857143,9.4,18.9,69.14285714,38,80,0,1.69047619,152.1181718,Meteostat
315563,SW1,2021-07-08,0,0,0,0,0,0,0,0,0,0,0,0,0,0,0,0,0,0,0,0,0,14,0,0,0,0,0,0,0,0,0,0,0,0,0,0,2021,58.3602,-134.60811,2021-07-08 22:00:11,2021-07-09 04:07:32,2021-07-09T03:12:55,,315563,Valley,mvawt2,7,forest-deciduous,,3,40,1,50,river,Alaska,0.255104167,0.296770833,0.037928241,0.133842593,12.71428571,12.2,12.8,87.42857143,87,90,0.5,5.373015873,187.3262413,Meteostat
315563,SW1,2021-07-09,0,0,0,0,0,0,0,0,0,0,0,0,0,0,0,0,0,0,0,0,0,1,0,0,0,0,0,0,0,0,0,0,0,0,0,0,2021,58.3602,-134.60811,2021-07-09 21:59:01,2021-07-10 04:09:00,,2021-07-09T22:34:09,315563,Valley,mvawt2,7,forest-deciduous,,3,40,1,50,river,Alaska,0.25693287,0.298599537,0.024398148,0,12.78571429,12.2,13.3,85.42857143,80,89,NA,0.73015873,190.9262413,Meteostat
315563,SW1,2021-07-10,0,0,0,0,0,0,0,0,0,0,0,0,0,0,0,0,0,0,0,0,0,19,0,0,2,0,0,0,0,0,0,0,0,0,0,0,2021,58.3602,-134.60811,2021-07-10 21:57:46,2021-07-11 04:10:32,,2021-07-10T23:05:29,315563,Valley,mvawt2,7,forest-deciduous,,3,40,1,50,river,Alaska,0.258865741,0.300532407,0.047025463,0,10.72857143,10,12.2,87.71428571,86,89,0,1.492063492,195.6262413,Meteostat
315563,SW1,2021-07-11,0,0,0,0,0,0,0,0,0,0,0,0,0,0,0,0,0,0,0,0,0,16,0,0,0,0,0,0,0,0,0,0,0,0,0,0,2021,58.3602,-134.60811,2021-07-11 21:56:28,2021-07-12 04:12:07,,2021-07-11T23:25:54,315563,Valley,mvawt2,7,forest-deciduous,,3,40,1,50,river,Alaska,0.260868056,0.302534722,0.062106481,0,12.85714286,11.7,13.9,84.28571429,77,89,1.1,6.03968254,197.8762413,Meteostat
315563,SW1,2021-07-12,0,0,0,0,0,0,0,0,0,0,1,0,0,0,0,0,0,0,0,0,0,10,0,0,0,0,0,0,0,0,0,0,0,0,0,0,2021,58.3602,-134.60811,2021-07-12 21:55:06,2021-07-13 04:13:45,,2021-07-12T23:39:39,315563,Valley,mvawt2,7,forest-deciduous,,3,40,1,50,river,Alaska,0.262951389,0.304618056,0.072604167,0,13.15714286,12.8,13.3,90.71428571,89,93,1.4,3.623015873,200.6762413,Meteostat
315563,SW1,2022-06-24,0,0,0,4,0,0,0,0,0,0,0,0,0,0,0,0,0,0,0,0,0,4,0,0,0,0,0,0,0,4,0,0,0,0,0,0,2022,58.3602,-134.60811,2022-06-24 22:09:16,2022-06-25 03:52:58,2022-06-25T01:55:24,,315563,Valley,mvawt2,7,forest-deciduous,,3,40,1,50,river,Alaska,0.238680556,0.280347222,0.081643519,0.073703704,11.67142857,10,16.1,85.71428571,67,93,0,0,141.7298595,Meteostat
315563,SW1,2022-06-25,0,0,0,1,0,0,0,0,0,0,0,0,0,0,0,0,0,0,0,0,0,1,0,0,0,0,0,0,0,1,0,0,0,0,0,0,2022,58.3602,-134.60811,2022-06-25 22:09:08,2022-06-26 03:53:33,2022-06-26T02:06:35,,315563,Valley,mvawt2,7,forest-deciduous,,3,40,1,50,river,Alaska,0.239178241,0.280844907,0.074282407,0.0815625,12.47142857,9.4,17.8,78.71428571,56,93,0,0,147.1679284,Meteostat
315563,SW1,2022-06-26,0,0,0,1,0,0,0,0,0,0,0,0,0,0,0,0,0,0,0,0,0,2,0,0,0,0,0,0,0,3,0,0,0,0,0,0,2022,58.3602,-134.60811,2022-06-26 22:08:56,2022-06-27 03:54:12,2022-06-27T02:24:31,,315563,Valley,mvawt2,7,forest-deciduous,,3,40,1,50,river,Alaska,0.239768519,0.281435185,0.062280093,0.094155093,13.02857143,11.7,15.6,75.85714286,67,83,0,0.428571429,154.9679284,Meteostat
315563,SW1,2022-06-27,0,0,0,5,0,0,0,0,0,0,0,0,0,0,0,0,0,0,0,0,0,4,0,0,0,0,0,0,0,3,0,0,0,0,0,0,2022,58.3602,-134.60811,2022-06-27 22:08:38,2022-06-28 03:54:55,2022-06-28T02:54:12,,315563,Valley,mvawt2,7,forest-deciduous,,3,40,1,50,river,Alaska,0.240474537,0.282141204,0.042164352,0.114976852,13.97142857,11.7,16.7,75.28571429,65,86,0,0.603174603,162.7663716,Meteostat
315563,SW1,2022-06-28,0,0,0,3,0,0,0,0,0,0,0,0,0,0,0,0,0,0,0,0,0,0,0,0,0,0,0,0,0,13,0,0,0,0,0,0,2022,58.3602,-134.60811,2022-06-28 22:08:16,2022-06-29 03:55:42,2022-06-29T03:41:17,2022-06-28T22:51:14,315563,Valley,mvawt2,7,forest-deciduous,,3,40,1,50,river,Alaska,0.241273148,0.282939815,-0.201423611,0.147928241,16.67142857,15.6,18.3,66.28571429,54,72,0,1.246031746,171.4163716,Meteostat
315563,SW1,2022-06-29,0,0,0,4,0,0,0,0,0,1,0,0,0,0,0,0,0,0,0,0,0,8,0,0,0,0,0,0,0,13,0,0,0,0,0,0,2022,58.3602,-134.60811,2022-06-29 22:07:50,2022-06-30 03:56:34,,2022-06-29T23:30:29,315563,Valley,mvawt2,7,forest-deciduous,,3,40,1,50,river,Alaska,0.242175926,0.283842593,0.057395833,0,16.12857143,15,17.2,70.42857143,67,72,0,4.253968254,181.7163716,Meteostat
315563,SW1,2022-06-30,0,0,0,6,0,0,0,0,0,0,0,0,0,0,0,0,0,0,0,0,0,8,0,0,0,0,0,0,0,20,0,0,0,0,0,0,2022,58.3602,-134.60811,2022-06-30 22:07:19,2022-07-01 03:57:30,,2022-06-30T23:54:30,315563,Valley,mvawt2,7,forest-deciduous,,3,40,1,50,river,Alaska,0.24318287,0.284849537,0.07443287,0,11.64285714,9.4,14.4,79.71428571,70,90,0,0.428571429,190.0663716,Meteostat
315563,SW1,2022-07-01,0,0,0,1,0,0,0,0,0,0,0,0,0,0,0,0,0,0,0,0,0,4,0,0,0,0,0,0,0,2,0,0,0,0,0,0,2022,58.3602,-134.60811,2022-07-01 22:06:43,2022-07-02 03:58:30,,2022-07-02T00:09:07,315563,Valley,mvawt2,7,forest-deciduous,,3,40,1,50,river,Alaska,0.244293981,0.285960648,0.085,0.001666667,12.21428571,9.4,13.9,86.28571429,81,90,0,0.73015873,196.7163716,Meteostat
315563,SW1,2022-07-02,0,0,0,4,0,0,0,0,0,0,0,0,0,0,0,0,0,0,0,0,0,3,0,0,0,0,0,0,0,0,0,0,0,0,0,0,2022,58.3602,-134.60811,2022-07-02 22:06:03,2022-07-03 03:59:34,,2022-07-03T00:18:26,315563,Valley,mvawt2,7,forest-deciduous,,3,40,1,50,river,Alaska,0.245497685,0.287164352,0.09193287,0.008599537,14.04285714,12.2,17.2,79.57142857,63,86,0,0,202.5717669,Meteostat
315563,SW1,2022-07-03,0,0,0,4,0,0,0,0,0,0,0,0,0,0,0,0,0,0,0,0,0,2,0,0,0,0,0,0,0,1,0,0,0,0,0,0,2022,58.3602,-134.60811,2022-07-03 22:05:18,2022-07-04 04:00:42,,2022-07-04T00:24:50,315563,Valley,mvawt2,7,forest-deciduous,,3,40,1,50,river,Alaska,0.246805556,0.288472222,0.096898148,0.013564815,15.05714286,12.8,17.2,73,63,87,0,0.873015873,209.5229029,Meteostat
315563,SW1,2022-07-04,0,0,0,3,0,0,0,0,0,0,0,0,0,0,0,0,1,0,0,0,0,5,0,0,0,0,0,0,0,1,0,0,0,0,0,0,2022,58.3602,-134.60811,2022-07-04 22:04:29,2022-07-05 04:01:53,,2022-07-05T00:29:39,315563,Valley,mvawt2,7,forest-deciduous,,3,40,1,50,river,Alaska,0.248194444,0.289861111,0.100810185,0.017476852,18.41428571,16.7,21.1,61.85714286,51,70,0,1.158730159,218.9729029,Meteostat
315563,SW1,2022-07-05,0,0,0,7,0,0,0,0,0,1,0,0,0,0,0,0,1,0,0,0,0,6,0,0,0,0,0,0,0,4,0,0,0,0,0,0,2022,58.3602,-134.60811,2022-07-05 22:03:35,2022-07-06 04:03:08,,2022-07-06T00:33:49,315563,Valley,mvawt2,7,forest-deciduous,,3,40,1,50,river,Alaska,0.2496875,0.291354167,0.104328704,0.02099537,16.52857143,15.6,18.9,76,68,80,0,2.53968254,229.5229029,Meteostat
315563,SW1,2022-07-06,0,0,0,8,0,0,0,0,0,0,0,0,0,0,0,0,2,0,0,0,0,8,0,0,0,0,0,0,0,3,0,0,0,0,0,0,2022,58.3602,-134.60811,2022-07-06 22:02:37,2022-07-07 04:04:26,,2022-07-07T00:38:00,315563,Valley,mvawt2,7,forest-deciduous,,3,40,1,50,river,Alaska,0.251261574,0.292928241,0.107905093,0.024571759,15.32857143,13.9,16.1,78.71428571,72,84,0,1.246031746,240.0729029,Meteostat
315563,SW1,2022-07-07,0,0,0,6,0,0,0,0,0,0,0,0,0,0,0,0,4,0,0,0,0,4,0,0,0,0,0,0,0,1,0,0,0,0,0,0,2022,58.3602,-134.60811,2022-07-07 22:01:36,2022-07-08 04:05:48,,2022-07-08T00:43:01,315563,Valley,mvawt2,7,forest-deciduous,,3,40,1,50,river,Alaska,0.252916667,0.294583333,0.112094907,0.028761574,12.8,12.8,12.8,93,93,93,3,4.682539683,248.9729029,Meteostat
315563,SW1,2022-07-08,0,0,0,23,0,0,0,0,0,2,0,0,0,0,0,0,0,0,0,0,0,7,0,0,0,0,0,0,0,17,0,0,0,0,0,0,2022,58.3602,-134.60811,2022-07-08 22:00:30,2022-07-09 04:07:13,,2022-07-09T00:50:00,315563,Valley,mvawt2,7,forest-deciduous,,3,40,1,50,river,Alaska,0.254664352,0.296331019,0.117708333,0.034375,13.01428571,12.8,13.3,91.71428571,90,93,1.5,2.80952381,253.9729029,Meteostat
315563,SW1,2022-07-09,0,0,0,17,0,0,0,0,0,0,0,0,0,0,0,0,0,0,0,0,0,5,0,0,0,0,0,0,0,13,0,0,0,0,0,0,2022,58.3602,-134.60811,2022-07-09 21:59:20,2022-07-10 04:08:41,,2022-07-10T01:01:03,315563,Valley,mvawt2,7,forest-deciduous,,3,40,1,50,river,Alaska,0.256493056,0.298159722,0.12619213,0.042858796,13.48571429,12.8,14.4,88.28571429,81,93,0.5,2.948412698,258.1729029,Meteostat
315563,SW1,2022-07-10,0,0,0,14,0,0,0,0,0,0,0,0,0,0,0,0,0,0,0,0,0,4,0,0,0,0,0,0,0,6,0,0,0,0,0,0,2022,58.3602,-134.60811,2022-07-10 21:58:06,2022-07-11 04:10:12,,2022-07-11T01:20:43,315563,Valley,mvawt2,7,forest-deciduous,,3,40,1,50,river,Alaska,0.258402778,0.300069444,0.140706019,0.057372685,12.05714286,11.7,12.2,89.14285714,86,93,6.6,7.658730159,262.9229029,Meteostat
315563,SW1,2023-07-05,0,0,0,13,0,0,0,0,0,0,0,0,0,0,0,0,2,0,0,0,0,5,0,0,0,0,0,0,0,9,0,0,0,0,0,0,2023,58.3602,-134.60811,2023-07-05 22:03:48,2023-07-06 04:02:48,2023-07-06T00:01:55,,315563,Valley,mvawt2,7,forest-deciduous,,3,40,1,50,river,Alaska,0.249305556,0.290972222,0.167280093,0,11.11428571,9.4,14.4,76.71428571,62,86,0,1.388888889,166.4256007,Meteostat
315563,SW1,2023-07-06,0,0,0,7,0,0,0,0,0,0,0,0,0,0,0,0,1,0,0,0,0,1,0,0,0,0,0,0,0,5,0,0,0,0,0,0,2023,58.3602,-134.60811,2023-07-06 22:02:51,2023-07-07 04:04:06,2023-07-07T00:07:49,,315563,Valley,mvawt2,7,forest-deciduous,,3,40,1,50,river,Alaska,0.250868056,0.292534722,0.164085648,0.003449074,13.24285714,11.1,18.3,79.14285714,63,93,0,0.817460317,170.6400095,Meteostat
315563,SW1,2023-07-07,0,0,0,8,0,0,0,0,0,0,0,0,0,0,0,0,0,0,0,0,0,3,0,0,0,0,0,0,0,6,0,0,0,0,0,0,2023,58.3602,-134.60811,2023-07-07 22:01:50,2023-07-08 04:05:27,2023-07-08T00:11:43,,315563,Valley,mvawt2,7,forest-deciduous,,3,40,1,50,river,Alaska,0.252511574,0.294178241,0.162314815,0.006863426,14.51428571,11.1,18.3,82,63,93,0,0.857142857,177.3420269,Meteostat
315563,SW1,2023-07-08,0,0,0,8,0,0,0,0,0,0,0,0,0,0,0,0,0,0,0,0,0,5,0,0,0,0,0,0,0,9,0,0,0,0,0,0,2023,58.3602,-134.60811,2023-07-08 22:00:45,2023-07-09 04:06:51,2023-07-09T00:14:48,,315563,Valley,mvawt2,7,forest-deciduous,,3,40,1,50,river,Alaska,0.254236111,0.295902778,0.161145833,0.009756944,12.77142857,11.1,15,69.85714286,58,77,0,3.753968254,187.5920269,Meteostat
315563,SW1,2023-07-09,0,0,1,12,0,0,0,0,0,0,1,0,0,0,0,0,0,0,0,0,0,1,0,0,0,0,0,0,0,8,0,0,0,0,0,0,2023,58.3602,-134.60811,2023-07-09 21:59:36,2023-07-10 04:08:18,2023-07-10T00:17:53,,315563,Valley,mvawt2,7,forest-deciduous,,3,40,1,50,river,Alaska,0.256041667,0.297708333,0.160011574,0.012696759,13.4,11.7,16.1,68.14285714,60,74,0,3.396825397,195.0920269,Meteostat
315563,SW1,2023-07-10,0,0,0,12,0,0,0,0,0,1,0,0,0,0,0,0,0,0,0,0,0,9,0,0,0,0,0,0,0,5,0,0,0,0,0,0,2023,58.3602,-134.60811,2023-07-10 21:58:24,2023-07-11 04:09:49,2023-07-11T00:21:40,,315563,Valley,mvawt2,7,forest-deciduous,,3,40,1,50,river,Alaska,0.257928241,0.299594907,0.1584375,0.016157407,13.72857143,12.8,15,65.28571429,62,69,0,3.03968254,201.1920269,Meteostat
315563,SW1,2023-07-11,0,0,2,18,0,0,0,0,0,0,0,0,0,0,0,0,1,0,0,0,0,12,0,0,0,0,0,0,0,10,0,0,0,0,0,0,2023,58.3602,-134.60811,2023-07-11 21:57:07,2023-07-12 04:11:22,2023-07-12T00:27:10,,315563,Valley,mvawt2,7,forest-deciduous,,3,40,1,50,river,Alaska,0.259895833,0.3015625,0.155694444,0.020868056,12.92857143,12.2,13.3,84.71428571,75,93,0,1.547619048,205.9420269,Meteostat
315563,SW1,2023-07-12,0,0,0,12,0,0,0,0,0,0,0,0,0,0,0,0,0,0,0,0,0,8,0,0,0,0,0,0,0,4,0,0,0,0,0,0,2023,58.3602,-134.60811,2023-07-12 21:55:47,2023-07-13 04:12:58,2023-07-13T00:36:00,,315563,Valley,mvawt2,7,forest-deciduous,,3,40,1,50,river,Alaska,0.26193287,0.303599537,0.150671296,0.027928241,10.81428571,10,11.7,88.71428571,86,93,0,0,210.6920269,Meteostat
315563,SW1,2023-07-13,0,0,0,10,0,0,0,0,0,0,0,0,0,0,0,0,1,0,0,0,0,8,0,0,0,0,0,0,0,4,0,0,0,0,0,0,2023,58.3602,-134.60811,2023-07-13 21:54:23,2023-07-14 04:14:37,2023-07-14T00:51:21,,315563,Valley,mvawt2,7,forest-deciduous,,3,40,1,50,river,Alaska,0.264050926,0.305717593,0.141157407,0.039560185,12.84285714,10,15.6,80.14285714,64,93,0,0,215.3920269,Meteostat
315563,SW1,2023-07-14,0,0,1,11,0,0,0,0,0,0,0,0,0,0,0,0,0,0,0,0,0,5,0,0,0,0,0,0,0,6,0,0,0,0,0,0,2023,58.3602,-134.60811,2023-07-14 21:52:56,2023-07-15 04:16:18,2023-07-15T01:19:16,,315563,Valley,mvawt2,7,forest-deciduous,,3,40,1,50,river,Alaska,0.266226852,0.307893519,0.122939815,0.059953704,14.52857143,12.8,16.7,81.71428571,70,93,0,1.849206349,222.6420269,Meteostat
315563,SW1,2023-07-15,0,0,0,13,0,0,0,0,0,0,0,0,0,0,0,0,0,0,0,0,0,6,0,0,0,0,0,0,0,7,0,0,0,0,0,0,2023,58.3602,-134.60811,2023-07-15 21:51:25,2023-07-16 04:18:02,2023-07-16T02:07:36,,315563,Valley,mvawt2,7,forest-deciduous,,3,40,1,50,river,Alaska,0.268483796,0.310150463,0.090578704,0.094571759,13.48571429,12.2,16.7,89.14285714,78,93,0,1.619047619,229.8420269,Meteostat
315563,SW1,2023-07-16,0,0,0,6,0,0,0,0,0,0,1,0,0,0,0,0,0,0,0,0,0,5,0,0,0,0,0,0,0,6,0,0,0,0,0,0,2023,58.3602,-134.60811,2023-07-16 21:49:51,2023-07-17 04:19:48,2023-07-17T03:17:25,2023-07-16T22:25:01,315563,Valley,mvawt2,7,forest-deciduous,,3,40,1,50,river,Alaska,0.270798611,0.312465278,-0.203055556,0.144143519,14.17142857,13.3,14.4,97.71428571,96,100,7.4,3.753968254,239.0420269,Meteostat
315563,SW1,2023-07-17,0,0,0,13,0,0,0,0,0,0,0,0,0,0,0,0,0,0,0,0,0,0,0,0,0,0,0,0,0,7,0,0,0,0,0,0,2023,58.3602,-134.60811,2023-07-17 21:48:13,2023-07-18 04:21:36,,2023-07-17T22:46:06,315563,Valley,mvawt2,7,forest-deciduous,,3,40,1,50,river,Alaska,0.27318287,0.314849537,0.040196759,0,12.68571429,12.2,14.4,90.14285714,81,93,0,3.325396825,244.0420269,Meteostat
315563,SW1,2023-07-18,0,0,0,10,0,0,0,0,0,1,0,0,0,0,0,0,0,0,0,0,0,12,0,0,0,0,0,0,0,10,0,0,0,0,0,0,2023,58.3602,-134.60811,2023-07-18 21:46:33,2023-07-19 04:23:27,,2023-07-18T22:57:42,315563,Valley,mvawt2,7,forest-deciduous,,3,40,1,50,river,Alaska,0.275625,0.317291667,0.049409722,0,14.34285714,13.3,16.1,88.71428571,72,97,1.4,4.623015873,249.0420269,Meteostat
315563,SW1,2023-07-19,0,0,0,24,0,0,0,0,0,0,0,0,0,0,0,0,0,0,0,0,0,8,0,0,0,0,0,0,0,4,0,0,0,0,0,0,2023,58.3602,-134.60811,2023-07-19 21:44:50,2023-07-20 04:25:19,,2023-07-19T23:04:26,315563,Valley,mvawt2,7,forest-deciduous,,3,40,1,50,river,Alaska,0.278113426,0.319780093,0.055277778,0,12.15714286,11.7,13.3,92.42857143,89,100,0,2.007936508,254.5920269,Meteostat
315563,SW1,2023-07-20,0,0,0,13,0,0,0,0,0,0,0,0,0,0,0,0,0,0,0,0,0,4,0,0,0,0,0,0,0,7,0,0,0,0,0,0,2023,58.3602,-134.60811,2023-07-20 21:43:03,2023-07-21 04:27:13,,2023-07-20T23:08:35,315563,Valley,mvawt2,7,forest-deciduous,,3,40,1,50,river,Alaska,0.280671296,0.322337963,0.059398148,0,15.55714286,13.9,17.2,80.71428571,70,90,0,0.515873016,259.5920269,Meteostat
315563,SW1,2023-07-21,0,0,0,21,0,0,0,0,0,0,1,0,0,0,0,0,0,0,0,0,0,9,0,0,0,0,0,0,0,12,0,0,0,0,0,0,2023,58.3602,-134.60811,2023-07-21 21:41:14,2023-07-22 04:29:09,,2023-07-21T23:11:21,315563,Valley,mvawt2,7,forest-deciduous,,3,40,1,50,river,Alaska,0.283275463,0.32494213,0.062581019,0,12.61428571,11.7,13.3,89.57142857,86,93,0,0.857142857,266.2920269,Meteostat
315563,SW1,2024-06-26,0,,0,0,0,0,,0,0,0,0,,0,0,0,0,0,,,,0,19,0,0,0,0,0,0,0,5,,,,,,0,2024,58.3602,-134.60811,2024-06-26 22:08:46,2024-06-27 03:54:32,2024-06-27T00:37:03,,315563,Valley,mvawt2,7,forest-deciduous,,3,40,1,50,river,Alaska,0.240115741,0.281782407,0.137141204,0.019641204,13.48571429,11.7,17.8,79,60,86,0,1.285714286,125.6924326,Meteostat
315563,SW1,2024-06-27,0,,0,0,0,0,,0,0,0,0,,0,0,0,0,0,,,,0,16,0,0,2,0,0,0,0,8,,,,,,0,2024,58.3602,-134.60811,2024-06-27 22:08:27,2024-06-28 03:55:17,2024-06-28T00:39:23,,315563,Valley,mvawt2,7,forest-deciduous,,3,40,1,50,river,Alaska,0.240856481,0.282523148,0.136041667,0.021481481,15.01428571,12.2,17.8,77.28571429,65,86,0,2.634920635,132.6424326,Meteostat
315563,SW1,2024-06-28,0,,0,0,0,0,,0,0,0,0,,0,0,0,0,0,,,,0,24,0,0,2,0,0,0,0,6,,,,,,0,2024,58.3602,-134.60811,2024-06-28 22:08:02,2024-06-29 03:56:07,2024-06-29T00:41:38,,315563,Valley,mvawt2,7,forest-deciduous,,3,40,1,50,river,Alaska,0.241724537,0.283391204,0.13505787,0.023333333,15.97142857,15,16.7,74.42857143,70,81,0,4.051587302,140.9924326,Meteostat
315563,SW1,2024-06-29,0,,0,0,0,0,,0,0,0,0,,0,0,0,0,0,,,,0,21,0,0,2,0,0,0,0,2,,,,,,0,2024,58.3602,-134.60811,2024-06-29 22:07:33,2024-06-30 03:57:00,2024-06-30T00:44:31,,315563,Valley,mvawt2,7,forest-deciduous,,3,40,1,50,river,Alaska,0.242673611,0.284340278,0.133668981,0.025671296,13.71428571,13.3,14.4,86.57142857,81,90,0.3,1.317460317,149.0424326,Meteostat
315563,SW1,2024-06-30,0,,0,1,0,0,,0,0,0,0,,0,0,0,0,0,,,,0,23,0,0,0,0,0,0,0,4,,,,,,0,2024,58.3602,-134.60811,2024-06-30 22:07:00,2024-07-01 03:57:58,2024-07-01T00:48:57,,315563,Valley,mvawt2,7,forest-deciduous,,3,40,1,50,river,Alaska,0.243726852,0.285393519,0.131261574,0.029131944,12.62857143,11.7,13.3,91.28571429,89,96,0.8,1.865079365,155.9924326,Meteostat
315563,SW1,2024-07-01,0,,0,0,0,0,,0,0,0,0,,0,0,0,0,0,,,,0,30,0,0,1,0,0,0,0,9,,,,,,0,2024,58.3602,-134.60811,2024-07-01 22:06:21,2024-07-02 03:59:00,2024-07-02T00:56:42,,315563,Valley,mvawt2,7,forest-deciduous,,3,40,1,50,river,Alaska,0.244895833,0.2865625,0.126597222,0.034965278,11.11428571,10.6,11.7,96.71428571,96,97,2.4,0.73015873,162.3424326,Meteostat
315563,SW1,2024-07-02,0,,0,0,0,0,,0,0,0,0,,0,0,0,0,0,,,,0,27,0,0,2,0,0,0,0,8,,,,,,0,2024,58.3602,-134.60811,2024-07-02 22:05:39,2024-07-03 04:00:06,2024-07-03T01:11:24,,315563,Valley,mvawt2,7,forest-deciduous,,3,40,1,50,river,Alaska,0.246145833,0.2878125,0.117152778,0.045659722,10.74285714,10.6,11.1,96.85714286,96,100,2.9,0.515873016,164.8424326,Meteostat
315563,SW1,2024-07-03,0,,0,0,0,0,,0,0,0,0,,0,0,0,0,0,,,,0,28,0,0,1,0,0,0,0,3,,,,,,0,2024,58.3602,-134.60811,2024-07-03 22:04:52,2024-07-04 04:01:16,2024-07-04T01:41:07,,315563,Valley,mvawt2,7,forest-deciduous,,3,40,1,50,river,Alaska,0.2475,0.289166667,0.097326389,0.066840278,10.98571429,10.6,11.7,94.71428571,93,96,0,0.603174603,166.5424326,Meteostat
315563,SW1,2024-07-04,0,,0,1,0,0,,0,0,0,1,,0,0,0,0,0,,,,0,27,0,0,2,0,0,0,0,10,,,,,,0,2024,58.3602,-134.60811,2024-07-04 22:04:01,2024-07-05 04:02:29,2024-07-05T02:37:19,2024-07-04T22:29:14,315563,Valley,mvawt2,7,forest-deciduous,,3,40,1,50,river,Alaska,0.248935185,0.290601852,-0.172280093,0.106458333,11.28571429,10.6,12.8,89.71428571,86,93,0,0.428571429,168.2424326,Meteostat
315563,SW1,2024-07-05,0,,0,0,0,0,,0,0,0,0,,0,0,0,0,0,,,,0,36,0,0,2,0,0,0,0,11,,,,,,0,2024,58.3602,-134.60811,2024-07-05 22:03:05,2024-07-06 04:03:46,2024-07-06T03:59:16,2024-07-05T23:05:41,315563,Valley,mvawt2,7,forest-deciduous,,3,40,1,50,river,Alaska,0.250474537,0.292141204,-0.203877315,0.164016204,11.18571429,11.1,11.7,95.14285714,93,97,0.2,1.158730159,171.3424326,Meteostat
315563,SW1,2024-07-06,0,,0,0,0,0,,0,0,0,1,,0,0,0,0,0,,,,0,38,0,0,0,0,0,0,0,6,,,,,,0,2024,58.3602,-134.60811,2024-07-06 22:02:05,2024-07-07 04:05:06,,2024-07-06T23:23:26,315563,Valley,mvawt2,7,forest-deciduous,,3,40,1,50,river,Alaska,0.252094907,0.293761574,0.056493056,0,11.75714286,11.1,12.8,82.57142857,80,89,0,0,173.8424326,Meteostat
315563,SW1,2024-07-07,0,,0,0,0,0,,0,0,0,0,,0,0,0,0,1,,,,0,29,0,0,2,0,0,0,0,2,,,,,,0,2024,58.3602,-134.60811,2024-07-07 22:01:01,2024-07-08 04:06:30,,2024-07-07T23:32:24,315563,Valley,mvawt2,7,forest-deciduous,,3,40,1,50,river,Alaska,0.25380787,0.295474537,0.063460648,0,10.7,8.3,13.3,83.57142857,72,93,0,1.015873016,176.3424326,Meteostat
315563,SW1,2024-07-08,0,,0,0,0,0,,0,0,0,0,,0,0,0,0,1,,,,0,28,0,0,0,0,0,0,0,6,,,,,,0,2024,58.3602,-134.60811,2024-07-08 21:59:53,2024-07-09 04:07:57,,2024-07-08T23:37:12,315563,Valley,mvawt2,7,forest-deciduous,,3,40,1,50,river,Alaska,0.255601852,0.297268519,0.067581019,0,11.84285714,10.6,12.8,83,80,86,0,1.031746032,181.5924326,Meteostat
315563,SW1,2025-06-30,,,0,,0,0,,0,0,0,0,,0,0,0,0,0,,,,0,17,0,0,0,,0,0,0,12,,,,,,,2025,58.3602,-134.60811,2025-06-30 22:07:08,2025-07-01 03:57:45,,2025-07-01T00:10:17,315563,Valley,mvawt2,7,forest-deciduous,,3,40,1,50,river,Alaska,0.243483796,0.285150463,0.085520833,0.0021875,10.94285714,10,11.7,93.14285714,88,100,5.1,1.48015873,83.20821376,Meteostat
315563,SW1,2025-07-01,,,0,,0,0,,0,0,2,0,,0,0,0,0,0,,,,0,22,0,0,0,,0,0,0,30,,,,,,,2025,58.3602,-134.60811,2025-07-01 22:06:31,2025-07-02 03:58:46,,2025-07-02T00:11:35,315563,Valley,mvawt2,7,forest-deciduous,,3,40,1,50,river,Alaska,0.244618056,0.286284722,0.086851852,0.003518519,11.32857143,10.6,12,92.28571429,88,94,0,3.619047619,86.20821376,Meteostat
315563,SW1,2025-07-02,,,0,,0,0,,0,0,6,0,,0,0,0,0,0,,,,0,9,0,0,0,,0,0,0,71,,,,,,,2025,58.3602,-134.60811,2025-07-02 22:05:50,2025-07-03 03:59:51,,2025-07-03T00:12:59,315563,Valley,mvawt2,7,forest-deciduous,,3,40,1,50,river,Alaska,0.245844907,0.287511574,0.088298611,0.004965278,10.54285714,10,11.1,92.28571429,88,94,0,0.365079365,88.40821376,Meteostat
315563,SW1,2025-07-03,,,0,,0,0,,0,0,1,0,,0,0,0,0,0,,,,0,18,0,0,0,,0,0,0,50,,,,,,,2025,58.3602,-134.60811,2025-07-03 22:05:04,2025-07-04 04:01:00,,2025-07-04T00:14:59,315563,Valley,mvawt2,7,forest-deciduous,,3,40,1,50,river,Alaska,0.247175926,0.288842593,0.090219907,0.006886574,12.4,11.7,13.3,83.71428571,77,92,0,0.496031746,90.20821376,Meteostat
315563,SW1,2025-07-04,,,0,,0,0,,0,0,0,0,,0,0,0,0,0,,,,0,29,0,0,0,,0,0,0,8,,,,,,,2025,58.3602,-134.60811,2025-07-04 22:04:13,2025-07-05 04:02:12,,2025-07-05T00:18:19,315563,Valley,mvawt2,7,forest-deciduous,,3,40,1,50,river,Alaska,0.248599537,0.290266204,0.093125,0.009791667,12.42857143,11.7,13.3,86.42857143,77,94,0,0.452380952,94.10821376,Meteostat
315563,SW1,2025-07-05,,,0,,0,0,,0,0,0,0,,0,0,0,0,1,,,,0,17,0,0,0,,0,0,0,6,,,,,,,2025,58.3602,-134.60811,2025-07-05 22:03:19,2025-07-06 04:03:28,,2025-07-06T00:24:15,315563,Valley,mvawt2,7,forest-deciduous,,3,40,1,50,river,Alaska,0.250104167,0.291770833,0.09787037,0.014537037,13.55714286,13,14.4,74.85714286,72,77,0.7,4.380952381,98.95821376,Meteostat
315563,SW1,2025-07-06,,,0,,0,0,,0,0,3,0,,0,0,0,0,0,,,,0,11,0,0,0,,0,0,0,4,,,,,,,2025,58.3602,-134.60811,2025-07-06 22:02:20,2025-07-07 04:04:47,,2025-07-07T00:35:28,315563,Valley,mvawt2,7,forest-deciduous,,3,40,1,50,river,Alaska,0.251701389,0.293368056,0.106342593,0.023009259,11.51428571,10.6,12.2,87.14285714,82,94,2.8,4.912698413,104.8082138,Meteostat
315563,SW1,2025-07-07,,,0,,0,0,,0,0,0,0,,0,0,0,0,0,,,,0,19,0,0,0,,0,0,0,7,,,,,,,2025,58.3602,-134.60811,2025-07-07 22:01:17,2025-07-08 04:06:10,,2025-07-08T00:57:58,315563,Valley,mvawt2,7,forest-deciduous,,3,40,1,50,river,Alaska,0.253391204,0.29505787,0.122696759,0.039363426,10.87142857,10,12,95.71428571,94,100,6.8,1.698412698,107.6582138,Meteostat
315563,SW1,2025-07-08,,,0,,0,0,,0,0,0,0,,0,0,0,0,0,,,,0,7,0,0,1,,0,0,0,2,,,,,,,2025,58.3602,-134.60811,2025-07-08 22:00:10,2025-07-09 04:07:36,,2025-07-09T01:42:30,315563,Valley,mvawt2,7,forest-deciduous,,3,40,1,50,river,Alaska,0.255162037,0.296828704,0.154398148,0.071064815,10.77142857,10.6,11,89.42857143,88,94,3.2,2.333333333,110.4582138,Meteostat
315563,SW1,2025-07-09,,,0,,0,0,,0,0,2,0,,0,0,0,0,1,,,,0,17,0,0,0,,0,0,0,15,,,,,,,2025,58.3602,-134.60811,2025-07-09 21:58:59,2025-07-10 04:09:04,2025-07-09T22:30:34,2025-07-10T02:55:24,315563,Valley,mvawt2,7,forest-deciduous,,3,40,1,50,river,Alaska,0.257002315,0.298668981,0.183912037,0,10.48571429,9,11.7,91.57142857,88,95,0,3.166666667,111.0082138,Meteostat
315563,SW1,2025-07-10,,,0,,0,0,,0,0,0,0,,0,0,0,0,0,,,,0,10,0,0,0,,0,0,0,5,,,,,,,2025,58.3602,-134.60811,2025-07-10 21:57:44,2025-07-11 04:10:36,2025-07-10T22:51:38,,315563,Valley,mvawt2,7,forest-deciduous,,3,40,1,50,river,Alaska,0.258935185,0.300601852,0.22150463,0,11.61428571,11.1,12.6,96.85714286,94,100,4.5,4.861111111,114.3082138,Meteostat
315563,SW1,2025-07-11,,,0,,0,0,,0,0,1,0,,0,0,0,0,0,,,,0,34,0,0,0,,0,0,0,14,,,,,,,2025,58.3602,-134.60811,2025-07-11 21:56:25,2025-07-12 04:12:11,2025-07-11T23:02:19,,315563,Valley,mvawt2,7,forest-deciduous,,3,40,1,50,river,Alaska,0.260949074,0.302615741,0.215185185,0,10.68571429,10,11.1,90.42857143,88,94,4.5,3.087301587,116.1944549,Meteostat
315563,Transects,2022-07-15,0,0,0,4,0,0,0,0,0,25,0,0,0,0,0,0,1,0,0,0,0,0,0,0,0,0,0,0,0,7,0,0,0,0,0,0,2022,58.52598,-134.93705,2022-07-15 21:53:40,2022-07-16 04:18:28,2022-07-15T23:32:47,,315563,Valley,,,,,,,,,,Alaska,0.267222222,0.308888889,0.198391204,0,15.14285714,13.9,16.1,73.85714286,65,83,0,3.611111111,276.0729029,Meteostat
315563,Transects,2022-08-01,0,0,0,8,0,1,0,0,1,7,0,0,0,0,0,0,0,0,0,0,0,3,0,0,0,0,0,0,0,10,0,0,0,0,0,0,2022,58.52598,-134.93705,2022-08-01 21:20:11,2022-08-02 04:52:38,,2022-08-01T22:44:59,315563,Valley,,,,,,,,,,Alaska,0.314201389,0.355868056,0.058888889,0,13.33333333,12.8,13.9,91.77777778,89,96,7.3,3.722222222,337.0756485,Meteostat
315563,Transects,2023-07-20,0,0,0,1,0,0,0,0,0,3,0,0,0,0,0,0,0,0,0,0,0,0,0,0,0,0,0,0,0,14,0,0,0,0,0,0,2023,58.52598,-134.93705,2023-07-20 21:45:35,2023-07-21 04:27:19,,2023-07-20T23:10:29,315563,Valley,,,,,,,,,,Alaska,0.278981481,0.320648148,0.058958333,0,15.55714286,13.9,17.2,80.71428571,70,90,0,0.515873016,259.5920269,Meteostat
315563,Transects,2023-07-21,0,0,0,9,0,0,0,0,0,1,0,0,0,0,0,0,1,0,0,0,0,2,0,0,0,0,0,0,0,5,0,0,0,0,0,0,2023,58.52598,-134.93705,2023-07-21 21:43:44,2023-07-22 04:29:16,,2023-07-21T23:12:59,315563,Valley,,,,,,,,,,Alaska,0.28162037,0.323287037,0.061979167,0,12.61428571,11.7,13.3,89.57142857,86,93,0,0.857142857,266.2920269,Meteostat
315563,Transects,2024-06-28,0,,0,0,0,0,,0,0,4,0,,0,0,0,0,1,,,,0,12,0,0,1,0,0,0,0,0,,,,,,0,2024,58.52598,-134.93705,2024-06-28 22:10:55,2024-06-29 03:55:52,2024-06-29T00:42:43,,315563,Valley,,,,,,,,,,Alaska,0.239548611,0.281215278,0.134131944,0.022083333,15.97142857,15,16.7,74.42857143,70,81,0,4.051587302,140.9924326,Meteostat
315563,Transects,2024-07-06,0,,0,0,0,0,,0,0,3,0,,0,0,0,0,1,,,,0,15,0,0,1,0,1,0,0,0,,,,,,0,2024,58.52598,-134.93705,2024-07-06 22:04:52,2024-07-07 04:04:58,,2024-07-06T23:26:22,315563,Valley,,,,,,,,,,Alaska,0.250069444,0.291736111,0.056597222,0,11.75714286,11.1,12.8,82.57142857,80,89,0,0,173.8424326,Meteostat
315563,Transects,2025-07-03,,,1,,0,0,,0,0,9,0,,0,0,0,0,1,,,,0,6,0,0,3,,0,0,0,0,,,,,,,2025,58.52598,-134.93705,2025-07-03 22:07:53,2025-07-04 04:00:48,,2025-07-04T00:15:38,315563,Valley,,,,,,,,,,Alaska,0.245081019,0.286747685,0.088715278,0.005381944,12.4,11.7,13.3,83.71428571,77,92,0,0.496031746,90.20821376,Meteostat
315563,Transects,2025-07-09,,,1,,0,0,,0,0,9,1,,0,0,0,0,1,,,,0,14,0,0,6,,0,0,0,0,,,,,,,2025,58.52598,-134.93705,2025-07-09 22:01:43,2025-07-10 04:08:59,2025-07-09T22:34:25,2025-07-10T02:54:18,315563,Valley,,,,,,,,,,Alaska,0.255046296,0.296712963,0.180474537,0,10.48571429,9,11.7,91.57142857,88,95,0,3.166666667,111.0082138,Meteostat
