,GRTS.Cell.ID,Quadrant,Night,LACI,LANO,MYCA,MYEV,MYLU,MYVO,MYYU,Year,Lat,Long,sset,srise,mrise,mset,GRTS_ID,Name,SiteName,Elevation,Habitat.Type,Feature.Sampled,Distance.to.Clutter..m.,Percent.Clutter,Water.Nearby,WaterDist,WaterType,Region,nightlen,observationtime,mtime,mtime2h,Nightly.Mean.Temp,Nightly.Min.Temp,Nightly.Max.Temp,Nightly.Mean.RH,Nightly.Min.RH,Nightly.Max.RH,Nightly.Precipitation,Nightly.Mean.Windsp,ddclim,WeatherSource,strm_dist,lake_dist,harv_dist,harv_year,road_dist,rnum,jNight,jNightM15,Habitat2,TLength,SpeciesGroup,SpeciesFullPool,SpeciesSingleton,SpeciesPartPool,Site_key
3,206,Transects,2019-07-02,0,0,0,1,1,0,0,2019,55.87387,-133.21478,2019-07-02 21:40,2019-07-03 04:13,,2019-07-02T21:49:59,206,POW,,,,,,,,,,Alaska,0.273391204,0.31505787,0.006724537,0,12.52857143,12.2,13.3,96.14285714,90,100,0,1.071428571,188.1810593,Meteostat,,,,,,250,183,48,,48.88809967,LACI,0,0,0,206
12,5006,Transects,2019-07-02,0,1,1,0,11,4,0,2019,56.59215,-132.7485,2019-07-02 21:43,2019-07-03 04:06,,2019-07-02T21:53:01,5006,Petersburg,,,,,,,,,,Alaska,0.265856481,0.307523148,0.006354167,0,16.125,15.6,16.7,86.75,84,90,0,0.902777778,196.0917564,Meteostat,,,,,,561,183,48,,49.30189896,LACI,0,0,0,5006
61,206,Transects,2019-07-02,0,0,0,1,1,0,0,2019,55.87387,-133.21478,2019-07-02 21:40,2019-07-03 04:13,,2019-07-02T21:49:59,206,POW,,,,,,,,,,Alaska,0.273391204,0.31505787,0.006724537,0,12.52857143,12.2,13.3,96.14285714,90,100,0,1.071428571,188.1810593,Meteostat,,,,,,250,183,48,,48.88809967,LANO,0,0,0,206
70,5006,Transects,2019-07-02,0,1,1,0,11,4,0,2019,56.59215,-132.7485,2019-07-02 21:43,2019-07-03 04:06,,2019-07-02T21:53:01,5006,Petersburg,,,,,,,,,,Alaska,0.265856481,0.307523148,0.006354167,0,16.125,15.6,16.7,86.75,84,90,0,0.902777778,196.0917564,Meteostat,,,,,,561,183,48,,49.30189896,LANO,1,1,1,5006
119,206,Transects,2019-07-02,0,0,0,1,1,0,0,2019,55.87387,-133.21478,2019-07-02 21:40,2019-07-03 04:13,,2019-07-02T21:49:59,206,POW,,,,,,,,,,Alaska,0.273391204,0.31505787,0.006724537,0,12.52857143,12.2,13.3,96.14285714,90,100,0,1.071428571,188.1810593,Meteostat,,,,,,250,183,48,,48.88809967,MYCA,0,0,0,206
128,5006,Transects,2019-07-02,0,1,1,0,11,4,0,2019,56.59215,-132.7485,2019-07-02 21:43,2019-07-03 04:06,,2019-07-02T21:53:01,5006,Petersburg,,,,,,,,,,Alaska,0.265856481,0.307523148,0.006354167,0,16.125,15.6,16.7,86.75,84,90,0,0.902777778,196.0917564,Meteostat,,,,,,561,183,48,,49.30189896,MYCA,1,1,1,5006
177,206,Transects,2019-07-02,0,0,0,1,1,0,0,2019,55.87387,-133.21478,2019-07-02 21:40,2019-07-03 04:13,,2019-07-02T21:49:59,206,POW,,,,,,,,,,Alaska,0.273391204,0.31505787,0.006724537,0,12.52857143,12.2,13.3,96.14285714,90,100,0,1.071428571,188.1810593,Meteostat,,,,,,250,183,48,,48.88809967,MYEV,1,1,1,206
186,5006,Transects,2019-07-02,0,1,1,0,11,4,0,2019,56.59215,-132.7485,2019-07-02 21:43,2019-07-03 04:06,,2019-07-02T21:53:01,5006,Petersburg,,,,,,,,,,Alaska,0.265856481,0.307523148,0.006354167,0,16.125,15.6,16.7,86.75,84,90,0,0.902777778,196.0917564,Meteostat,,,,,,561,183,48,,49.30189896,MYEV,0,0,0,5006
235,206,Transects,2019-07-02,0,0,0,1,1,0,0,2019,55.87387,-133.21478,2019-07-02 21:40,2019-07-03 04:13,,2019-07-02T21:49:59,206,POW,,,,,,,,,,Alaska,0.273391204,0.31505787,0.006724537,0,12.52857143,12.2,13.3,96.14285714,90,100,0,1.071428571,188.1810593,Meteostat,,,,,,250,183,48,,48.88809967,MYLU,1,1,1,206
244,5006,Transects,2019-07-02,0,1,1,0,11,4,0,2019,56.59215,-132.7485,2019-07-02 21:43,2019-07-03 04:06,,2019-07-02T21:53:01,5006,Petersburg,,,,,,,,,,Alaska,0.265856481,0.307523148,0.006354167,0,16.125,15.6,16.7,86.75,84,90,0,0.902777778,196.0917564,Meteostat,,,,,,561,183,48,,49.30189896,MYLU,11,11,11,5006
293,206,Transects,2019-07-02,0,0,0,1,1,0,0,2019,55.87387,-133.21478,2019-07-02 21:40,2019-07-03 04:13,,2019-07-02T21:49:59,206,POW,,,,,,,,,,Alaska,0.273391204,0.31505787,0.006724537,0,12.52857143,12.2,13.3,96.14285714,90,100,0,1.071428571,188.1810593,Meteostat,,,,,,250,183,48,,48.88809967,MYVO,0,0,0,206
302,5006,Transects,2019-07-02,0,1,1,0,11,4,0,2019,56.59215,-132.7485,2019-07-02 21:43,2019-07-03 04:06,,2019-07-02T21:53:01,5006,Petersburg,,,,,,,,,,Alaska,0.265856481,0.307523148,0.006354167,0,16.125,15.6,16.7,86.75,84,90,0,0.902777778,196.0917564,Meteostat,,,,,,561,183,48,,49.30189896,MYVO,4,4,4,5006
351,206,Transects,2019-07-02,0,0,0,1,1,0,0,2019,55.87387,-133.21478,2019-07-02 21:40,2019-07-03 04:13,,2019-07-02T21:49:59,206,POW,,,,,,,,,,Alaska,0.273391204,0.31505787,0.006724537,0,12.52857143,12.2,13.3,96.14285714,90,100,0,1.071428571,188.1810593,Meteostat,,,,,,250,183,48,,48.88809967,MYYU,0,0,0,206
360,5006,Transects,2019-07-02,0,1,1,0,11,4,0,2019,56.59215,-132.7485,2019-07-02 21:43,2019-07-03 04:06,,2019-07-02T21:53:01,5006,Petersburg,,,,,,,,,,Alaska,0.265856481,0.307523148,0.006354167,0,16.125,15.6,16.7,86.75,84,90,0,0.902777778,196.0917564,Meteostat,,,,,,561,183,48,,49.30189896,MYYU,0,0,0,5006
4,206,Transects,2019-07-03,0,0,0,0,0,0,0,2019,55.87387,-133.21478,2019-07-03 21:39,2019-07-04 04:14,,2019-07-03T22:39:46,206,POW,,,,,,,,,,Alaska,0.274456019,0.316122685,0.041689815,0,13.72857143,13.3,13.9,93,89,97,0,0.642857143,193.1810593,Meteostat,,,,,,251,184,49,,48.88809967,LACI,0,0,0,206
62,206,Transects,2019-07-03,0,0,0,0,0,0,0,2019,55.87387,-133.21478,2019-07-03 21:39,2019-07-04 04:14,,2019-07-03T22:39:46,206,POW,,,,,,,,,,Alaska,0.274456019,0.316122685,0.041689815,0,13.72857143,13.3,13.9,93,89,97,0,0.642857143,193.1810593,Meteostat,,,,,,251,184,49,,48.88809967,LANO,0,0,0,206
120,206,Transects,2019-07-03,0,0,0,0,0,0,0,2019,55.87387,-133.21478,2019-07-03 21:39,2019-07-04 04:14,,2019-07-03T22:39:46,206,POW,,,,,,,,,,Alaska,0.274456019,0.316122685,0.041689815,0,13.72857143,13.3,13.9,93,89,97,0,0.642857143,193.1810593,Meteostat,,,,,,251,184,49,,48.88809967,MYCA,0,0,0,206
178,206,Transects,2019-07-03,0,0,0,0,0,0,0,2019,55.87387,-133.21478,2019-07-03 21:39,2019-07-04 04:14,,2019-07-03T22:39:46,206,POW,,,,,,,,,,Alaska,0.274456019,0.316122685,0.041689815,0,13.72857143,13.3,13.9,93,89,97,0,0.642857143,193.1810593,Meteostat,,,,,,251,184,49,,48.88809967,MYEV,0,0,0,206
236,206,Transects,2019-07-03,0,0,0,0,0,0,0,2019,55.87387,-133.21478,2019-07-03 21:39,2019-07-04 04:14,,2019-07-03T22:39:46,206,POW,,,,,,,,,,Alaska,0.274456019,0.316122685,0.041689815,0,13.72857143,13.3,13.9,93,89,97,0,0.642857143,193.1810593,Meteostat,,,,,,251,184,49,,48.88809967,MYLU,0,0,0,206
294,206,Transects,2019-07-03,0,0,0,0,0,0,0,2019,55.87387,-133.21478,2019-07-03 21:39,2019-07-04 04:14,,2019-07-03T22:39:46,206,POW,,,,,,,,,,Alaska,0.274456019,0.316122685,0.041689815,0,13.72857143,13.3,13.9,93,89,97,0,0.642857143,193.1810593,Meteostat,,,,,,251,184,49,,48.88809967,MYVO,0,0,0,206
352,206,Transects,2019-07-03,0,0,0,0,0,0,0,2019,55.87387,-133.21478,2019-07-03 21:39,2019-07-04 04:14,,2019-07-03T22:39:46,206,POW,,,,,,,,,,Alaska,0.274456019,0.316122685,0.041689815,0,13.72857143,13.3,13.9,93,89,97,0,0.642857143,193.1810593,Meteostat,,,,,,251,184,49,,48.88809967,MYYU,0,0,0,206
13,5006,Transects,2019-07-06,0,0,3,1,10,2,0,2019,56.59215,-132.7485,2019-07-06 21:41,2019-07-07 04:11,,2019-07-07T00:06:28,5006,Petersburg,,,,,,,,,,Alaska,0.270821759,0.312488426,0.10099537,0.017662037,16.81428571,15,18.9,79.14285714,70,87,0,1.453703704,225.4417564,Meteostat,,,,,,562,187,52,,49.30189896,LACI,0,0,0,5006
71,5006,Transects,2019-07-06,0,0,3,1,10,2,0,2019,56.59215,-132.7485,2019-07-06 21:41,2019-07-07 04:11,,2019-07-07T00:06:28,5006,Petersburg,,,,,,,,,,Alaska,0.270821759,0.312488426,0.10099537,0.017662037,16.81428571,15,18.9,79.14285714,70,87,0,1.453703704,225.4417564,Meteostat,,,,,,562,187,52,,49.30189896,LANO,0,0,0,5006
129,5006,Transects,2019-07-06,0,0,3,1,10,2,0,2019,56.59215,-132.7485,2019-07-06 21:41,2019-07-07 04:11,,2019-07-07T00:06:28,5006,Petersburg,,,,,,,,,,Alaska,0.270821759,0.312488426,0.10099537,0.017662037,16.81428571,15,18.9,79.14285714,70,87,0,1.453703704,225.4417564,Meteostat,,,,,,562,187,52,,49.30189896,MYCA,3,3,3,5006
187,5006,Transects,2019-07-06,0,0,3,1,10,2,0,2019,56.59215,-132.7485,2019-07-06 21:41,2019-07-07 04:11,,2019-07-07T00:06:28,5006,Petersburg,,,,,,,,,,Alaska,0.270821759,0.312488426,0.10099537,0.017662037,16.81428571,15,18.9,79.14285714,70,87,0,1.453703704,225.4417564,Meteostat,,,,,,562,187,52,,49.30189896,MYEV,1,1,1,5006
245,5006,Transects,2019-07-06,0,0,3,1,10,2,0,2019,56.59215,-132.7485,2019-07-06 21:41,2019-07-07 04:11,,2019-07-07T00:06:28,5006,Petersburg,,,,,,,,,,Alaska,0.270821759,0.312488426,0.10099537,0.017662037,16.81428571,15,18.9,79.14285714,70,87,0,1.453703704,225.4417564,Meteostat,,,,,,562,187,52,,49.30189896,MYLU,10,10,10,5006
303,5006,Transects,2019-07-06,0,0,3,1,10,2,0,2019,56.59215,-132.7485,2019-07-06 21:41,2019-07-07 04:11,,2019-07-07T00:06:28,5006,Petersburg,,,,,,,,,,Alaska,0.270821759,0.312488426,0.10099537,0.017662037,16.81428571,15,18.9,79.14285714,70,87,0,1.453703704,225.4417564,Meteostat,,,,,,562,187,52,,49.30189896,MYVO,2,2,2,5006
361,5006,Transects,2019-07-06,0,0,3,1,10,2,0,2019,56.59215,-132.7485,2019-07-06 21:41,2019-07-07 04:11,,2019-07-07T00:06:28,5006,Petersburg,,,,,,,,,,Alaska,0.270821759,0.312488426,0.10099537,0.017662037,16.81428571,15,18.9,79.14285714,70,87,0,1.453703704,225.4417564,Meteostat,,,,,,562,187,52,,49.30189896,MYYU,0,0,0,5006
37,34338,Transects,2019-08-02,0,0,0,0,6,0,0,2019,59.46394,-139.59129,2019-08-02 21:42,2019-08-03 05:07,,2019-08-02T22:46:26,34338,Yakutat,,,,,,,,,,Alaska,0.308715278,0.350381944,0.044270833,0,11.8875,10.6,13.9,95.625,89,100,0,0.375,293.2505851,Meteostat,,,,,,1763,214,79,,25.78700066,LACI,0,0,0,34338
95,34338,Transects,2019-08-02,0,0,0,0,6,0,0,2019,59.46394,-139.59129,2019-08-02 21:42,2019-08-03 05:07,,2019-08-02T22:46:26,34338,Yakutat,,,,,,,,,,Alaska,0.308715278,0.350381944,0.044270833,0,11.8875,10.6,13.9,95.625,89,100,0,0.375,293.2505851,Meteostat,,,,,,1763,214,79,,25.78700066,LANO,0,0,0,34338
153,34338,Transects,2019-08-02,0,0,0,0,6,0,0,2019,59.46394,-139.59129,2019-08-02 21:42,2019-08-03 05:07,,2019-08-02T22:46:26,34338,Yakutat,,,,,,,,,,Alaska,0.308715278,0.350381944,0.044270833,0,11.8875,10.6,13.9,95.625,89,100,0,0.375,293.2505851,Meteostat,,,,,,1763,214,79,,25.78700066,MYCA,0,0,0,34338
211,34338,Transects,2019-08-02,0,0,0,0,6,0,0,2019,59.46394,-139.59129,2019-08-02 21:42,2019-08-03 05:07,,2019-08-02T22:46:26,34338,Yakutat,,,,,,,,,,Alaska,0.308715278,0.350381944,0.044270833,0,11.8875,10.6,13.9,95.625,89,100,0,0.375,293.2505851,Meteostat,,,,,,1763,214,79,,25.78700066,MYEV,0,0,0,34338
269,34338,Transects,2019-08-02,0,0,0,0,6,0,0,2019,59.46394,-139.59129,2019-08-02 21:42,2019-08-03 05:07,,2019-08-02T22:46:26,34338,Yakutat,,,,,,,,,,Alaska,0.308715278,0.350381944,0.044270833,0,11.8875,10.6,13.9,95.625,89,100,0,0.375,293.2505851,Meteostat,,,,,,1763,214,79,,25.78700066,MYLU,6,6,6,34338
327,34338,Transects,2019-08-02,0,0,0,0,6,0,0,2019,59.46394,-139.59129,2019-08-02 21:42,2019-08-03 05:07,,2019-08-02T22:46:26,34338,Yakutat,,,,,,,,,,Alaska,0.308715278,0.350381944,0.044270833,0,11.8875,10.6,13.9,95.625,89,100,0,0.375,293.2505851,Meteostat,,,,,,1763,214,79,,25.78700066,MYVO,0,0,0,34338
385,34338,Transects,2019-08-02,0,0,0,0,6,0,0,2019,59.46394,-139.59129,2019-08-02 21:42,2019-08-03 05:07,,2019-08-02T22:46:26,34338,Yakutat,,,,,,,,,,Alaska,0.308715278,0.350381944,0.044270833,0,11.8875,10.6,13.9,95.625,89,100,0,0.375,293.2505851,Meteostat,,,,,,1763,214,79,,25.78700066,MYYU,0,0,0,34338
38,34338,Transects,2019-08-06,0,0,0,0,4,0,0,2019,59.46394,-139.59129,2019-08-06 21:32,2019-08-07 05:16,,2019-08-06T23:39:31,34338,Yakutat,,,,,,,,,,Alaska,0.322071759,0.363738426,0.08806713,0.004733796,14.6375,13.9,15.6,89.125,83,93,0,0.1875,314.6005851,Meteostat,,,,,,1764,218,83,,25.78700066,LACI,0,0,0,34338
96,34338,Transects,2019-08-06,0,0,0,0,4,0,0,2019,59.46394,-139.59129,2019-08-06 21:32,2019-08-07 05:16,,2019-08-06T23:39:31,34338,Yakutat,,,,,,,,,,Alaska,0.322071759,0.363738426,0.08806713,0.004733796,14.6375,13.9,15.6,89.125,83,93,0,0.1875,314.6005851,Meteostat,,,,,,1764,218,83,,25.78700066,LANO,0,0,0,34338
154,34338,Transects,2019-08-06,0,0,0,0,4,0,0,2019,59.46394,-139.59129,2019-08-06 21:32,2019-08-07 05:16,,2019-08-06T23:39:31,34338,Yakutat,,,,,,,,,,Alaska,0.322071759,0.363738426,0.08806713,0.004733796,14.6375,13.9,15.6,89.125,83,93,0,0.1875,314.6005851,Meteostat,,,,,,1764,218,83,,25.78700066,MYCA,0,0,0,34338
212,34338,Transects,2019-08-06,0,0,0,0,4,0,0,2019,59.46394,-139.59129,2019-08-06 21:32,2019-08-07 05:16,,2019-08-06T23:39:31,34338,Yakutat,,,,,,,,,,Alaska,0.322071759,0.363738426,0.08806713,0.004733796,14.6375,13.9,15.6,89.125,83,93,0,0.1875,314.6005851,Meteostat,,,,,,1764,218,83,,25.78700066,MYEV,0,0,0,34338
270,34338,Transects,2019-08-06,0,0,0,0,4,0,0,2019,59.46394,-139.59129,2019-08-06 21:32,2019-08-07 05:16,,2019-08-06T23:39:31,34338,Yakutat,,,,,,,,,,Alaska,0.322071759,0.363738426,0.08806713,0.004733796,14.6375,13.9,15.6,89.125,83,93,0,0.1875,314.6005851,Meteostat,,,,,,1764,218,83,,25.78700066,MYLU,4,4,4,34338
328,34338,Transects,2019-08-06,0,0,0,0,4,0,0,2019,59.46394,-139.59129,2019-08-06 21:32,2019-08-07 05:16,,2019-08-06T23:39:31,34338,Yakutat,,,,,,,,,,Alaska,0.322071759,0.363738426,0.08806713,0.004733796,14.6375,13.9,15.6,89.125,83,93,0,0.1875,314.6005851,Meteostat,,,,,,1764,218,83,,25.78700066,MYVO,0,0,0,34338
386,34338,Transects,2019-08-06,0,0,0,0,4,0,0,2019,59.46394,-139.59129,2019-08-06 21:32,2019-08-07 05:16,,2019-08-06T23:39:31,34338,Yakutat,,,,,,,,,,Alaska,0.322071759,0.363738426,0.08806713,0.004733796,14.6375,13.9,15.6,89.125,83,93,0,0.1875,314.6005851,Meteostat,,,,,,1764,218,83,,25.78700066,MYYU,0,0,0,34338
48,47310,Transects,2020-06-07,0,6,1,2,13,10,0,2020,55.48978,-131.59868,2020-06-07 21:25,2020-06-08 04:05,2020-06-07T23:48:40,,47310,Ketchikan,,,,,,,,,,Alaska,0.278113426,0.319780093,0.178472222,0.01630787,8.1125,7.2,10,95.625,89,100,0,1.076388889,79.34444697,Meteostat,,,,,,2112,159,24,,47.06299973,LACI,0,0,0,47310
106,47310,Transects,2020-06-07,0,6,1,2,13,10,0,2020,55.48978,-131.59868,2020-06-07 21:25,2020-06-08 04:05,2020-06-07T23:48:40,,47310,Ketchikan,,,,,,,,,,Alaska,0.278113426,0.319780093,0.178472222,0.01630787,8.1125,7.2,10,95.625,89,100,0,1.076388889,79.34444697,Meteostat,,,,,,2112,159,24,,47.06299973,LANO,6,6,6,47310
164,47310,Transects,2020-06-07,0,6,1,2,13,10,0,2020,55.48978,-131.59868,2020-06-07 21:25,2020-06-08 04:05,2020-06-07T23:48:40,,47310,Ketchikan,,,,,,,,,,Alaska,0.278113426,0.319780093,0.178472222,0.01630787,8.1125,7.2,10,95.625,89,100,0,1.076388889,79.34444697,Meteostat,,,,,,2112,159,24,,47.06299973,MYCA,1,1,1,47310
222,47310,Transects,2020-06-07,0,6,1,2,13,10,0,2020,55.48978,-131.59868,2020-06-07 21:25,2020-06-08 04:05,2020-06-07T23:48:40,,47310,Ketchikan,,,,,,,,,,Alaska,0.278113426,0.319780093,0.178472222,0.01630787,8.1125,7.2,10,95.625,89,100,0,1.076388889,79.34444697,Meteostat,,,,,,2112,159,24,,47.06299973,MYEV,2,2,2,47310
280,47310,Transects,2020-06-07,0,6,1,2,13,10,0,2020,55.48978,-131.59868,2020-06-07 21:25,2020-06-08 04:05,2020-06-07T23:48:40,,47310,Ketchikan,,,,,,,,,,Alaska,0.278113426,0.319780093,0.178472222,0.01630787,8.1125,7.2,10,95.625,89,100,0,1.076388889,79.34444697,Meteostat,,,,,,2112,159,24,,47.06299973,MYLU,13,13,13,47310
338,47310,Transects,2020-06-07,0,6,1,2,13,10,0,2020,55.48978,-131.59868,2020-06-07 21:25,2020-06-08 04:05,2020-06-07T23:48:40,,47310,Ketchikan,,,,,,,,,,Alaska,0.278113426,0.319780093,0.178472222,0.01630787,8.1125,7.2,10,95.625,89,100,0,1.076388889,79.34444697,Meteostat,,,,,,2112,159,24,,47.06299973,MYVO,10,10,10,47310
396,47310,Transects,2020-06-07,0,6,1,2,13,10,0,2020,55.48978,-131.59868,2020-06-07 21:25,2020-06-08 04:05,2020-06-07T23:48:40,,47310,Ketchikan,,,,,,,,,,Alaska,0.278113426,0.319780093,0.178472222,0.01630787,8.1125,7.2,10,95.625,89,100,0,1.076388889,79.34444697,Meteostat,,,,,,2112,159,24,,47.06299973,MYYU,0,0,0,47310
49,47310,Transects,2020-06-09,0,1,0,0,5,4,0,2020,55.48978,-131.59868,2020-06-09 21:27,2020-06-10 04:04,2020-06-10T00:57:43,,47310,Ketchikan,,,,,,,,,,Alaska,0.276134259,0.317800926,0.129814815,0.062986111,10.7125,10,11.7,93.625,89,97,4,5.423611111,81.93147823,Meteostat,,,,,,2113,161,26,,47.06299973,LACI,0,0,0,47310
107,47310,Transects,2020-06-09,0,1,0,0,5,4,0,2020,55.48978,-131.59868,2020-06-09 21:27,2020-06-10 04:04,2020-06-10T00:57:43,,47310,Ketchikan,,,,,,,,,,Alaska,0.276134259,0.317800926,0.129814815,0.062986111,10.7125,10,11.7,93.625,89,97,4,5.423611111,81.93147823,Meteostat,,,,,,2113,161,26,,47.06299973,LANO,1,1,1,47310
165,47310,Transects,2020-06-09,0,1,0,0,5,4,0,2020,55.48978,-131.59868,2020-06-09 21:27,2020-06-10 04:04,2020-06-10T00:57:43,,47310,Ketchikan,,,,,,,,,,Alaska,0.276134259,0.317800926,0.129814815,0.062986111,10.7125,10,11.7,93.625,89,97,4,5.423611111,81.93147823,Meteostat,,,,,,2113,161,26,,47.06299973,MYCA,0,0,0,47310
223,47310,Transects,2020-06-09,0,1,0,0,5,4,0,2020,55.48978,-131.59868,2020-06-09 21:27,2020-06-10 04:04,2020-06-10T00:57:43,,47310,Ketchikan,,,,,,,,,,Alaska,0.276134259,0.317800926,0.129814815,0.062986111,10.7125,10,11.7,93.625,89,97,4,5.423611111,81.93147823,Meteostat,,,,,,2113,161,26,,47.06299973,MYEV,0,0,0,47310
281,47310,Transects,2020-06-09,0,1,0,0,5,4,0,2020,55.48978,-131.59868,2020-06-09 21:27,2020-06-10 04:04,2020-06-10T00:57:43,,47310,Ketchikan,,,,,,,,,,Alaska,0.276134259,0.317800926,0.129814815,0.062986111,10.7125,10,11.7,93.625,89,97,4,5.423611111,81.93147823,Meteostat,,,,,,2113,161,26,,47.06299973,MYLU,5,5,5,47310
339,47310,Transects,2020-06-09,0,1,0,0,5,4,0,2020,55.48978,-131.59868,2020-06-09 21:27,2020-06-10 04:04,2020-06-10T00:57:43,,47310,Ketchikan,,,,,,,,,,Alaska,0.276134259,0.317800926,0.129814815,0.062986111,10.7125,10,11.7,93.625,89,97,4,5.423611111,81.93147823,Meteostat,,,,,,2113,161,26,,47.06299973,MYVO,4,4,4,47310
397,47310,Transects,2020-06-09,0,1,0,0,5,4,0,2020,55.48978,-131.59868,2020-06-09 21:27,2020-06-10 04:04,2020-06-10T00:57:43,,47310,Ketchikan,,,,,,,,,,Alaska,0.276134259,0.317800926,0.129814815,0.062986111,10.7125,10,11.7,93.625,89,97,4,5.423611111,81.93147823,Meteostat,,,,,,2113,161,26,,47.06299973,MYYU,0,0,0,47310
14,5006,Transects,2020-06-24,0,1,0,0,4,2,0,2020,56.59215,-132.7485,2020-06-24 21:46,2020-06-25 04:01,,2020-06-25T00:21:57,5006,Petersburg,,,,,,,,,,Alaska,0.260381944,0.302048611,0.108090278,0.024756944,10.11666667,9,11.7,86.83333333,71,97,1,5.111111111,86.71234019,Meteostat,,,,,,563,176,41,,49.30189896,LACI,0,0,0,5006
72,5006,Transects,2020-06-24,0,1,0,0,4,2,0,2020,56.59215,-132.7485,2020-06-24 21:46,2020-06-25 04:01,,2020-06-25T00:21:57,5006,Petersburg,,,,,,,,,,Alaska,0.260381944,0.302048611,0.108090278,0.024756944,10.11666667,9,11.7,86.83333333,71,97,1,5.111111111,86.71234019,Meteostat,,,,,,563,176,41,,49.30189896,LANO,1,1,1,5006
130,5006,Transects,2020-06-24,0,1,0,0,4,2,0,2020,56.59215,-132.7485,2020-06-24 21:46,2020-06-25 04:01,,2020-06-25T00:21:57,5006,Petersburg,,,,,,,,,,Alaska,0.260381944,0.302048611,0.108090278,0.024756944,10.11666667,9,11.7,86.83333333,71,97,1,5.111111111,86.71234019,Meteostat,,,,,,563,176,41,,49.30189896,MYCA,0,0,0,5006
188,5006,Transects,2020-06-24,0,1,0,0,4,2,0,2020,56.59215,-132.7485,2020-06-24 21:46,2020-06-25 04:01,,2020-06-25T00:21:57,5006,Petersburg,,,,,,,,,,Alaska,0.260381944,0.302048611,0.108090278,0.024756944,10.11666667,9,11.7,86.83333333,71,97,1,5.111111111,86.71234019,Meteostat,,,,,,563,176,41,,49.30189896,MYEV,0,0,0,5006
246,5006,Transects,2020-06-24,0,1,0,0,4,2,0,2020,56.59215,-132.7485,2020-06-24 21:46,2020-06-25 04:01,,2020-06-25T00:21:57,5006,Petersburg,,,,,,,,,,Alaska,0.260381944,0.302048611,0.108090278,0.024756944,10.11666667,9,11.7,86.83333333,71,97,1,5.111111111,86.71234019,Meteostat,,,,,,563,176,41,,49.30189896,MYLU,4,4,4,5006
304,5006,Transects,2020-06-24,0,1,0,0,4,2,0,2020,56.59215,-132.7485,2020-06-24 21:46,2020-06-25 04:01,,2020-06-25T00:21:57,5006,Petersburg,,,,,,,,,,Alaska,0.260381944,0.302048611,0.108090278,0.024756944,10.11666667,9,11.7,86.83333333,71,97,1,5.111111111,86.71234019,Meteostat,,,,,,563,176,41,,49.30189896,MYVO,2,2,2,5006
362,5006,Transects,2020-06-24,0,1,0,0,4,2,0,2020,56.59215,-132.7485,2020-06-24 21:46,2020-06-25 04:01,,2020-06-25T00:21:57,5006,Petersburg,,,,,,,,,,Alaska,0.260381944,0.302048611,0.108090278,0.024756944,10.11666667,9,11.7,86.83333333,71,97,1,5.111111111,86.71234019,Meteostat,,,,,,563,176,41,,49.30189896,MYYU,0,0,0,5006
15,5006,Transects,2020-06-25,0,0,0,1,3,2,0,2020,56.59215,-132.7485,2020-06-25 21:46,2020-06-26 04:01,,2020-06-26T00:40:43,5006,Petersburg,,,,,,,,,,Alaska,0.260844907,0.302511574,0.121203704,0.03787037,10.8,10.6,11.1,86.71428571,83,92,1,4.111111111,87.66385139,Meteostat,,,,,,564,177,42,,49.30189896,LACI,0,0,0,5006
73,5006,Transects,2020-06-25,0,0,0,1,3,2,0,2020,56.59215,-132.7485,2020-06-25 21:46,2020-06-26 04:01,,2020-06-26T00:40:43,5006,Petersburg,,,,,,,,,,Alaska,0.260844907,0.302511574,0.121203704,0.03787037,10.8,10.6,11.1,86.71428571,83,92,1,4.111111111,87.66385139,Meteostat,,,,,,564,177,42,,49.30189896,LANO,0,0,0,5006
131,5006,Transects,2020-06-25,0,0,0,1,3,2,0,2020,56.59215,-132.7485,2020-06-25 21:46,2020-06-26 04:01,,2020-06-26T00:40:43,5006,Petersburg,,,,,,,,,,Alaska,0.260844907,0.302511574,0.121203704,0.03787037,10.8,10.6,11.1,86.71428571,83,92,1,4.111111111,87.66385139,Meteostat,,,,,,564,177,42,,49.30189896,MYCA,0,0,0,5006
189,5006,Transects,2020-06-25,0,0,0,1,3,2,0,2020,56.59215,-132.7485,2020-06-25 21:46,2020-06-26 04:01,,2020-06-26T00:40:43,5006,Petersburg,,,,,,,,,,Alaska,0.260844907,0.302511574,0.121203704,0.03787037,10.8,10.6,11.1,86.71428571,83,92,1,4.111111111,87.66385139,Meteostat,,,,,,564,177,42,,49.30189896,MYEV,1,1,1,5006
247,5006,Transects,2020-06-25,0,0,0,1,3,2,0,2020,56.59215,-132.7485,2020-06-25 21:46,2020-06-26 04:01,,2020-06-26T00:40:43,5006,Petersburg,,,,,,,,,,Alaska,0.260844907,0.302511574,0.121203704,0.03787037,10.8,10.6,11.1,86.71428571,83,92,1,4.111111111,87.66385139,Meteostat,,,,,,564,177,42,,49.30189896,MYLU,3,3,3,5006
305,5006,Transects,2020-06-25,0,0,0,1,3,2,0,2020,56.59215,-132.7485,2020-06-25 21:46,2020-06-26 04:01,,2020-06-26T00:40:43,5006,Petersburg,,,,,,,,,,Alaska,0.260844907,0.302511574,0.121203704,0.03787037,10.8,10.6,11.1,86.71428571,83,92,1,4.111111111,87.66385139,Meteostat,,,,,,564,177,42,,49.30189896,MYVO,2,2,2,5006
363,5006,Transects,2020-06-25,0,0,0,1,3,2,0,2020,56.59215,-132.7485,2020-06-25 21:46,2020-06-26 04:01,,2020-06-26T00:40:43,5006,Petersburg,,,,,,,,,,Alaska,0.260844907,0.302511574,0.121203704,0.03787037,10.8,10.6,11.1,86.71428571,83,92,1,4.111111111,87.66385139,Meteostat,,,,,,564,177,42,,49.30189896,MYYU,0,0,0,5006
39,34338,Transects,2020-06-27,0,0,0,0,1,0,0,2020,59.46394,-139.59129,2020-06-27 22:39,2020-06-28 04:04,,2020-06-28T01:37:55,34338,Yakutat,,,,,,,,,,Alaska,0.225625,0.267291667,0.12400463,0.040671296,8.25,6.7,10.6,96.33333333,92,100,0,0.5,66.00693437,Meteostat,,,,,,1765,179,44,,25.78700066,LACI,0,0,0,34338
97,34338,Transects,2020-06-27,0,0,0,0,1,0,0,2020,59.46394,-139.59129,2020-06-27 22:39,2020-06-28 04:04,,2020-06-28T01:37:55,34338,Yakutat,,,,,,,,,,Alaska,0.225625,0.267291667,0.12400463,0.040671296,8.25,6.7,10.6,96.33333333,92,100,0,0.5,66.00693437,Meteostat,,,,,,1765,179,44,,25.78700066,LANO,0,0,0,34338
155,34338,Transects,2020-06-27,0,0,0,0,1,0,0,2020,59.46394,-139.59129,2020-06-27 22:39,2020-06-28 04:04,,2020-06-28T01:37:55,34338,Yakutat,,,,,,,,,,Alaska,0.225625,0.267291667,0.12400463,0.040671296,8.25,6.7,10.6,96.33333333,92,100,0,0.5,66.00693437,Meteostat,,,,,,1765,179,44,,25.78700066,MYCA,0,0,0,34338
213,34338,Transects,2020-06-27,0,0,0,0,1,0,0,2020,59.46394,-139.59129,2020-06-27 22:39,2020-06-28 04:04,,2020-06-28T01:37:55,34338,Yakutat,,,,,,,,,,Alaska,0.225625,0.267291667,0.12400463,0.040671296,8.25,6.7,10.6,96.33333333,92,100,0,0.5,66.00693437,Meteostat,,,,,,1765,179,44,,25.78700066,MYEV,0,0,0,34338
271,34338,Transects,2020-06-27,0,0,0,0,1,0,0,2020,59.46394,-139.59129,2020-06-27 22:39,2020-06-28 04:04,,2020-06-28T01:37:55,34338,Yakutat,,,,,,,,,,Alaska,0.225625,0.267291667,0.12400463,0.040671296,8.25,6.7,10.6,96.33333333,92,100,0,0.5,66.00693437,Meteostat,,,,,,1765,179,44,,25.78700066,MYLU,1,1,1,34338
329,34338,Transects,2020-06-27,0,0,0,0,1,0,0,2020,59.46394,-139.59129,2020-06-27 22:39,2020-06-28 04:04,,2020-06-28T01:37:55,34338,Yakutat,,,,,,,,,,Alaska,0.225625,0.267291667,0.12400463,0.040671296,8.25,6.7,10.6,96.33333333,92,100,0,0.5,66.00693437,Meteostat,,,,,,1765,179,44,,25.78700066,MYVO,0,0,0,34338
387,34338,Transects,2020-06-27,0,0,0,0,1,0,0,2020,59.46394,-139.59129,2020-06-27 22:39,2020-06-28 04:04,,2020-06-28T01:37:55,34338,Yakutat,,,,,,,,,,Alaska,0.225625,0.267291667,0.12400463,0.040671296,8.25,6.7,10.6,96.33333333,92,100,0,0.5,66.00693437,Meteostat,,,,,,1765,179,44,,25.78700066,MYYU,0,0,0,34338
5,206,Transects,2020-06-30,0,1,0,0,0,0,0,2020,55.87387,-133.21478,2020-06-30 21:40,2020-07-01 04:12,,2020-07-01T01:57:28,206,POW,,,,,,,,,,Alaska,0.272164352,0.313831019,0.178136574,0.094803241,10.74285714,10.6,11.1,88.14285714,86,89,0,2.650793651,110.319889,Meteostat,,,,,,252,182,47,,48.88809967,LACI,0,0,0,206
40,34338,Transects,2020-06-30,0,0,0,0,3,0,0,2020,59.46394,-139.59129,2020-06-30 22:37,2020-07-01 04:07,,2020-07-01T02:08:14,34338,Yakutat,,,,,,,,,,Alaska,0.228784722,0.270451389,0.146203704,0.06287037,9.65,6.7,11.7,96.33333333,93,100,0,0.25,71.16554787,Meteostat,,,,,,1766,182,47,,25.78700066,LACI,0,0,0,34338
63,206,Transects,2020-06-30,0,1,0,0,0,0,0,2020,55.87387,-133.21478,2020-06-30 21:40,2020-07-01 04:12,,2020-07-01T01:57:28,206,POW,,,,,,,,,,Alaska,0.272164352,0.313831019,0.178136574,0.094803241,10.74285714,10.6,11.1,88.14285714,86,89,0,2.650793651,110.319889,Meteostat,,,,,,252,182,47,,48.88809967,LANO,1,1,1,206
98,34338,Transects,2020-06-30,0,0,0,0,3,0,0,2020,59.46394,-139.59129,2020-06-30 22:37,2020-07-01 04:07,,2020-07-01T02:08:14,34338,Yakutat,,,,,,,,,,Alaska,0.228784722,0.270451389,0.146203704,0.06287037,9.65,6.7,11.7,96.33333333,93,100,0,0.25,71.16554787,Meteostat,,,,,,1766,182,47,,25.78700066,LANO,0,0,0,34338
121,206,Transects,2020-06-30,0,1,0,0,0,0,0,2020,55.87387,-133.21478,2020-06-30 21:40,2020-07-01 04:12,,2020-07-01T01:57:28,206,POW,,,,,,,,,,Alaska,0.272164352,0.313831019,0.178136574,0.094803241,10.74285714,10.6,11.1,88.14285714,86,89,0,2.650793651,110.319889,Meteostat,,,,,,252,182,47,,48.88809967,MYCA,0,0,0,206
156,34338,Transects,2020-06-30,0,0,0,0,3,0,0,2020,59.46394,-139.59129,2020-06-30 22:37,2020-07-01 04:07,,2020-07-01T02:08:14,34338,Yakutat,,,,,,,,,,Alaska,0.228784722,0.270451389,0.146203704,0.06287037,9.65,6.7,11.7,96.33333333,93,100,0,0.25,71.16554787,Meteostat,,,,,,1766,182,47,,25.78700066,MYCA,0,0,0,34338
179,206,Transects,2020-06-30,0,1,0,0,0,0,0,2020,55.87387,-133.21478,2020-06-30 21:40,2020-07-01 04:12,,2020-07-01T01:57:28,206,POW,,,,,,,,,,Alaska,0.272164352,0.313831019,0.178136574,0.094803241,10.74285714,10.6,11.1,88.14285714,86,89,0,2.650793651,110.319889,Meteostat,,,,,,252,182,47,,48.88809967,MYEV,0,0,0,206
214,34338,Transects,2020-06-30,0,0,0,0,3,0,0,2020,59.46394,-139.59129,2020-06-30 22:37,2020-07-01 04:07,,2020-07-01T02:08:14,34338,Yakutat,,,,,,,,,,Alaska,0.228784722,0.270451389,0.146203704,0.06287037,9.65,6.7,11.7,96.33333333,93,100,0,0.25,71.16554787,Meteostat,,,,,,1766,182,47,,25.78700066,MYEV,0,0,0,34338
237,206,Transects,2020-06-30,0,1,0,0,0,0,0,2020,55.87387,-133.21478,2020-06-30 21:40,2020-07-01 04:12,,2020-07-01T01:57:28,206,POW,,,,,,,,,,Alaska,0.272164352,0.313831019,0.178136574,0.094803241,10.74285714,10.6,11.1,88.14285714,86,89,0,2.650793651,110.319889,Meteostat,,,,,,252,182,47,,48.88809967,MYLU,0,0,0,206
272,34338,Transects,2020-06-30,0,0,0,0,3,0,0,2020,59.46394,-139.59129,2020-06-30 22:37,2020-07-01 04:07,,2020-07-01T02:08:14,34338,Yakutat,,,,,,,,,,Alaska,0.228784722,0.270451389,0.146203704,0.06287037,9.65,6.7,11.7,96.33333333,93,100,0,0.25,71.16554787,Meteostat,,,,,,1766,182,47,,25.78700066,MYLU,3,3,3,34338
295,206,Transects,2020-06-30,0,1,0,0,0,0,0,2020,55.87387,-133.21478,2020-06-30 21:40,2020-07-01 04:12,,2020-07-01T01:57:28,206,POW,,,,,,,,,,Alaska,0.272164352,0.313831019,0.178136574,0.094803241,10.74285714,10.6,11.1,88.14285714,86,89,0,2.650793651,110.319889,Meteostat,,,,,,252,182,47,,48.88809967,MYVO,0,0,0,206
330,34338,Transects,2020-06-30,0,0,0,0,3,0,0,2020,59.46394,-139.59129,2020-06-30 22:37,2020-07-01 04:07,,2020-07-01T02:08:14,34338,Yakutat,,,,,,,,,,Alaska,0.228784722,0.270451389,0.146203704,0.06287037,9.65,6.7,11.7,96.33333333,93,100,0,0.25,71.16554787,Meteostat,,,,,,1766,182,47,,25.78700066,MYVO,0,0,0,34338
353,206,Transects,2020-06-30,0,1,0,0,0,0,0,2020,55.87387,-133.21478,2020-06-30 21:40,2020-07-01 04:12,,2020-07-01T01:57:28,206,POW,,,,,,,,,,Alaska,0.272164352,0.313831019,0.178136574,0.094803241,10.74285714,10.6,11.1,88.14285714,86,89,0,2.650793651,110.319889,Meteostat,,,,,,252,182,47,,48.88809967,MYYU,0,0,0,206
388,34338,Transects,2020-06-30,0,0,0,0,3,0,0,2020,59.46394,-139.59129,2020-06-30 22:37,2020-07-01 04:07,,2020-07-01T02:08:14,34338,Yakutat,,,,,,,,,,Alaska,0.228784722,0.270451389,0.146203704,0.06287037,9.65,6.7,11.7,96.33333333,93,100,0,0.25,71.16554787,Meteostat,,,,,,1766,182,47,,25.78700066,MYYU,0,0,0,34338
27,18318,Transects,2020-07-05,0,0,0,3,3,2,0,2020,56.2452,-132.09366,2020-07-05 21:36,2020-07-06 04:10,2020-07-05T22:31:39,,18318,Wrangell,,,,,,,,,,Alaska,0.2740625,0.315729167,0.235428241,0,12.77142857,12.2,14.4,90.57142857,78,97,0,0,148.7710777,Meteostat,,,,,,854,187,52,,38.09939957,LACI,0,0,0,18318
85,18318,Transects,2020-07-05,0,0,0,3,3,2,0,2020,56.2452,-132.09366,2020-07-05 21:36,2020-07-06 04:10,2020-07-05T22:31:39,,18318,Wrangell,,,,,,,,,,Alaska,0.2740625,0.315729167,0.235428241,0,12.77142857,12.2,14.4,90.57142857,78,97,0,0,148.7710777,Meteostat,,,,,,854,187,52,,38.09939957,LANO,0,0,0,18318
143,18318,Transects,2020-07-05,0,0,0,3,3,2,0,2020,56.2452,-132.09366,2020-07-05 21:36,2020-07-06 04:10,2020-07-05T22:31:39,,18318,Wrangell,,,,,,,,,,Alaska,0.2740625,0.315729167,0.235428241,0,12.77142857,12.2,14.4,90.57142857,78,97,0,0,148.7710777,Meteostat,,,,,,854,187,52,,38.09939957,MYCA,0,0,0,18318
201,18318,Transects,2020-07-05,0,0,0,3,3,2,0,2020,56.2452,-132.09366,2020-07-05 21:36,2020-07-06 04:10,2020-07-05T22:31:39,,18318,Wrangell,,,,,,,,,,Alaska,0.2740625,0.315729167,0.235428241,0,12.77142857,12.2,14.4,90.57142857,78,97,0,0,148.7710777,Meteostat,,,,,,854,187,52,,38.09939957,MYEV,3,3,3,18318
259,18318,Transects,2020-07-05,0,0,0,3,3,2,0,2020,56.2452,-132.09366,2020-07-05 21:36,2020-07-06 04:10,2020-07-05T22:31:39,,18318,Wrangell,,,,,,,,,,Alaska,0.2740625,0.315729167,0.235428241,0,12.77142857,12.2,14.4,90.57142857,78,97,0,0,148.7710777,Meteostat,,,,,,854,187,52,,38.09939957,MYLU,3,3,3,18318
317,18318,Transects,2020-07-05,0,0,0,3,3,2,0,2020,56.2452,-132.09366,2020-07-05 21:36,2020-07-06 04:10,2020-07-05T22:31:39,,18318,Wrangell,,,,,,,,,,Alaska,0.2740625,0.315729167,0.235428241,0,12.77142857,12.2,14.4,90.57142857,78,97,0,0,148.7710777,Meteostat,,,,,,854,187,52,,38.09939957,MYVO,2,2,2,18318
375,18318,Transects,2020-07-05,0,0,0,3,3,2,0,2020,56.2452,-132.09366,2020-07-05 21:36,2020-07-06 04:10,2020-07-05T22:31:39,,18318,Wrangell,,,,,,,,,,Alaska,0.2740625,0.315729167,0.235428241,0,12.77142857,12.2,14.4,90.57142857,78,97,0,0,148.7710777,Meteostat,,,,,,854,187,52,,38.09939957,MYYU,0,0,0,18318
28,18318,Transects,2020-07-06,0,0,0,3,7,5,0,2020,56.2452,-132.09366,2020-07-06 21:35,2020-07-07 04:11,2020-07-06T23:04:25,,18318,Wrangell,,,,,,,,,,Alaska,0.275451389,0.317118056,0.213483796,0,13.24285714,12.2,14.4,87.57142857,81,93,0,0,152.3710777,Meteostat,,,,,,855,188,53,,38.09939957,LACI,0,0,0,18318
86,18318,Transects,2020-07-06,0,0,0,3,7,5,0,2020,56.2452,-132.09366,2020-07-06 21:35,2020-07-07 04:11,2020-07-06T23:04:25,,18318,Wrangell,,,,,,,,,,Alaska,0.275451389,0.317118056,0.213483796,0,13.24285714,12.2,14.4,87.57142857,81,93,0,0,152.3710777,Meteostat,,,,,,855,188,53,,38.09939957,LANO,0,0,0,18318
144,18318,Transects,2020-07-06,0,0,0,3,7,5,0,2020,56.2452,-132.09366,2020-07-06 21:35,2020-07-07 04:11,2020-07-06T23:04:25,,18318,Wrangell,,,,,,,,,,Alaska,0.275451389,0.317118056,0.213483796,0,13.24285714,12.2,14.4,87.57142857,81,93,0,0,152.3710777,Meteostat,,,,,,855,188,53,,38.09939957,MYCA,0,0,0,18318
202,18318,Transects,2020-07-06,0,0,0,3,7,5,0,2020,56.2452,-132.09366,2020-07-06 21:35,2020-07-07 04:11,2020-07-06T23:04:25,,18318,Wrangell,,,,,,,,,,Alaska,0.275451389,0.317118056,0.213483796,0,13.24285714,12.2,14.4,87.57142857,81,93,0,0,152.3710777,Meteostat,,,,,,855,188,53,,38.09939957,MYEV,3,3,3,18318
260,18318,Transects,2020-07-06,0,0,0,3,7,5,0,2020,56.2452,-132.09366,2020-07-06 21:35,2020-07-07 04:11,2020-07-06T23:04:25,,18318,Wrangell,,,,,,,,,,Alaska,0.275451389,0.317118056,0.213483796,0,13.24285714,12.2,14.4,87.57142857,81,93,0,0,152.3710777,Meteostat,,,,,,855,188,53,,38.09939957,MYLU,7,7,7,18318
318,18318,Transects,2020-07-06,0,0,0,3,7,5,0,2020,56.2452,-132.09366,2020-07-06 21:35,2020-07-07 04:11,2020-07-06T23:04:25,,18318,Wrangell,,,,,,,,,,Alaska,0.275451389,0.317118056,0.213483796,0,13.24285714,12.2,14.4,87.57142857,81,93,0,0,152.3710777,Meteostat,,,,,,855,188,53,,38.09939957,MYVO,5,5,5,18318
376,18318,Transects,2020-07-06,0,0,0,3,7,5,0,2020,56.2452,-132.09366,2020-07-06 21:35,2020-07-07 04:11,2020-07-06T23:04:25,,18318,Wrangell,,,,,,,,,,Alaska,0.275451389,0.317118056,0.213483796,0,13.24285714,12.2,14.4,87.57142857,81,93,0,0,152.3710777,Meteostat,,,,,,855,188,53,,38.09939957,MYYU,0,0,0,18318
6,206,Transects,2020-07-07,0,0,0,0,1,1,0,2020,55.87387,-133.21478,2020-07-07 21:36,2020-07-08 04:20,2020-07-07T23:30:20,,206,POW,,,,,,,,,,Alaska,0.280590278,0.322256944,0.201284722,0,12.54285714,12.2,12.8,89,87,93,,0.301587302,140.569889,Meteostat,,,,,,253,189,54,,48.88809967,LACI,0,0,0,206
64,206,Transects,2020-07-07,0,0,0,0,1,1,0,2020,55.87387,-133.21478,2020-07-07 21:36,2020-07-08 04:20,2020-07-07T23:30:20,,206,POW,,,,,,,,,,Alaska,0.280590278,0.322256944,0.201284722,0,12.54285714,12.2,12.8,89,87,93,,0.301587302,140.569889,Meteostat,,,,,,253,189,54,,48.88809967,LANO,0,0,0,206
122,206,Transects,2020-07-07,0,0,0,0,1,1,0,2020,55.87387,-133.21478,2020-07-07 21:36,2020-07-08 04:20,2020-07-07T23:30:20,,206,POW,,,,,,,,,,Alaska,0.280590278,0.322256944,0.201284722,0,12.54285714,12.2,12.8,89,87,93,,0.301587302,140.569889,Meteostat,,,,,,253,189,54,,48.88809967,MYCA,0,0,0,206
180,206,Transects,2020-07-07,0,0,0,0,1,1,0,2020,55.87387,-133.21478,2020-07-07 21:36,2020-07-08 04:20,2020-07-07T23:30:20,,206,POW,,,,,,,,,,Alaska,0.280590278,0.322256944,0.201284722,0,12.54285714,12.2,12.8,89,87,93,,0.301587302,140.569889,Meteostat,,,,,,253,189,54,,48.88809967,MYEV,0,0,0,206
238,206,Transects,2020-07-07,0,0,0,0,1,1,0,2020,55.87387,-133.21478,2020-07-07 21:36,2020-07-08 04:20,2020-07-07T23:30:20,,206,POW,,,,,,,,,,Alaska,0.280590278,0.322256944,0.201284722,0,12.54285714,12.2,12.8,89,87,93,,0.301587302,140.569889,Meteostat,,,,,,253,189,54,,48.88809967,MYLU,1,1,1,206
296,206,Transects,2020-07-07,0,0,0,0,1,1,0,2020,55.87387,-133.21478,2020-07-07 21:36,2020-07-08 04:20,2020-07-07T23:30:20,,206,POW,,,,,,,,,,Alaska,0.280590278,0.322256944,0.201284722,0,12.54285714,12.2,12.8,89,87,93,,0.301587302,140.569889,Meteostat,,,,,,253,189,54,,48.88809967,MYVO,1,1,1,206
354,206,Transects,2020-07-07,0,0,0,0,1,1,0,2020,55.87387,-133.21478,2020-07-07 21:36,2020-07-08 04:20,2020-07-07T23:30:20,,206,POW,,,,,,,,,,Alaska,0.280590278,0.322256944,0.201284722,0,12.54285714,12.2,12.8,89,87,93,,0.301587302,140.569889,Meteostat,,,,,,253,189,54,,48.88809967,MYYU,0,0,0,206
16,5006,Transects,2021-06-28,0,0,0,0,7,1,0,2021,56.59215,-132.7485,2021-06-28 21:45,2021-06-29 04:03,2021-06-29T00:33:02,,5006,Petersburg,,,,,,,,,,Alaska,0.262615741,0.304282407,0.146261574,0.033020833,17.4,15.6,20,64.85714286,54,86,0,1.261904762,110.5623724,Meteostat,,,,,,565,179,44,,49.30189896,LACI,0,0,0,5006
74,5006,Transects,2021-06-28,0,0,0,0,7,1,0,2021,56.59215,-132.7485,2021-06-28 21:45,2021-06-29 04:03,2021-06-29T00:33:02,,5006,Petersburg,,,,,,,,,,Alaska,0.262615741,0.304282407,0.146261574,0.033020833,17.4,15.6,20,64.85714286,54,86,0,1.261904762,110.5623724,Meteostat,,,,,,565,179,44,,49.30189896,LANO,0,0,0,5006
132,5006,Transects,2021-06-28,0,0,0,0,7,1,0,2021,56.59215,-132.7485,2021-06-28 21:45,2021-06-29 04:03,2021-06-29T00:33:02,,5006,Petersburg,,,,,,,,,,Alaska,0.262615741,0.304282407,0.146261574,0.033020833,17.4,15.6,20,64.85714286,54,86,0,1.261904762,110.5623724,Meteostat,,,,,,565,179,44,,49.30189896,MYCA,0,0,0,5006
190,5006,Transects,2021-06-28,0,0,0,0,7,1,0,2021,56.59215,-132.7485,2021-06-28 21:45,2021-06-29 04:03,2021-06-29T00:33:02,,5006,Petersburg,,,,,,,,,,Alaska,0.262615741,0.304282407,0.146261574,0.033020833,17.4,15.6,20,64.85714286,54,86,0,1.261904762,110.5623724,Meteostat,,,,,,565,179,44,,49.30189896,MYEV,0,0,0,5006
248,5006,Transects,2021-06-28,0,0,0,0,7,1,0,2021,56.59215,-132.7485,2021-06-28 21:45,2021-06-29 04:03,2021-06-29T00:33:02,,5006,Petersburg,,,,,,,,,,Alaska,0.262615741,0.304282407,0.146261574,0.033020833,17.4,15.6,20,64.85714286,54,86,0,1.261904762,110.5623724,Meteostat,,,,,,565,179,44,,49.30189896,MYLU,7,7,7,5006
306,5006,Transects,2021-06-28,0,0,0,0,7,1,0,2021,56.59215,-132.7485,2021-06-28 21:45,2021-06-29 04:03,2021-06-29T00:33:02,,5006,Petersburg,,,,,,,,,,Alaska,0.262615741,0.304282407,0.146261574,0.033020833,17.4,15.6,20,64.85714286,54,86,0,1.261904762,110.5623724,Meteostat,,,,,,565,179,44,,49.30189896,MYVO,1,1,1,5006
364,5006,Transects,2021-06-28,0,0,0,0,7,1,0,2021,56.59215,-132.7485,2021-06-28 21:45,2021-06-29 04:03,2021-06-29T00:33:02,,5006,Petersburg,,,,,,,,,,Alaska,0.262615741,0.304282407,0.146261574,0.033020833,17.4,15.6,20,64.85714286,54,86,0,1.261904762,110.5623724,Meteostat,,,,,,565,179,44,,49.30189896,MYYU,0,0,0,5006
17,5006,Transects,2021-06-29,0,0,0,0,9,1,0,2021,56.59215,-132.7485,2021-06-29 21:45,2021-06-30 04:04,2021-06-30T00:43:43,,5006,Petersburg,,,,,,,,,,Alaska,0.263425926,0.305092593,0.139386574,0.040706019,13.74285714,11.7,16.1,82.85714286,75,90,0,4.134920635,118.9123724,Meteostat,,,,,,566,180,45,,49.30189896,LACI,0,0,0,5006
75,5006,Transects,2021-06-29,0,0,0,0,9,1,0,2021,56.59215,-132.7485,2021-06-29 21:45,2021-06-30 04:04,2021-06-30T00:43:43,,5006,Petersburg,,,,,,,,,,Alaska,0.263425926,0.305092593,0.139386574,0.040706019,13.74285714,11.7,16.1,82.85714286,75,90,0,4.134920635,118.9123724,Meteostat,,,,,,566,180,45,,49.30189896,LANO,0,0,0,5006
133,5006,Transects,2021-06-29,0,0,0,0,9,1,0,2021,56.59215,-132.7485,2021-06-29 21:45,2021-06-30 04:04,2021-06-30T00:43:43,,5006,Petersburg,,,,,,,,,,Alaska,0.263425926,0.305092593,0.139386574,0.040706019,13.74285714,11.7,16.1,82.85714286,75,90,0,4.134920635,118.9123724,Meteostat,,,,,,566,180,45,,49.30189896,MYCA,0,0,0,5006
191,5006,Transects,2021-06-29,0,0,0,0,9,1,0,2021,56.59215,-132.7485,2021-06-29 21:45,2021-06-30 04:04,2021-06-30T00:43:43,,5006,Petersburg,,,,,,,,,,Alaska,0.263425926,0.305092593,0.139386574,0.040706019,13.74285714,11.7,16.1,82.85714286,75,90,0,4.134920635,118.9123724,Meteostat,,,,,,566,180,45,,49.30189896,MYEV,0,0,0,5006
249,5006,Transects,2021-06-29,0,0,0,0,9,1,0,2021,56.59215,-132.7485,2021-06-29 21:45,2021-06-30 04:04,2021-06-30T00:43:43,,5006,Petersburg,,,,,,,,,,Alaska,0.263425926,0.305092593,0.139386574,0.040706019,13.74285714,11.7,16.1,82.85714286,75,90,0,4.134920635,118.9123724,Meteostat,,,,,,566,180,45,,49.30189896,MYLU,9,9,9,5006
307,5006,Transects,2021-06-29,0,0,0,0,9,1,0,2021,56.59215,-132.7485,2021-06-29 21:45,2021-06-30 04:04,2021-06-30T00:43:43,,5006,Petersburg,,,,,,,,,,Alaska,0.263425926,0.305092593,0.139386574,0.040706019,13.74285714,11.7,16.1,82.85714286,75,90,0,4.134920635,118.9123724,Meteostat,,,,,,566,180,45,,49.30189896,MYVO,1,1,1,5006
365,5006,Transects,2021-06-29,0,0,0,0,9,1,0,2021,56.59215,-132.7485,2021-06-29 21:45,2021-06-30 04:04,2021-06-30T00:43:43,,5006,Petersburg,,,,,,,,,,Alaska,0.263425926,0.305092593,0.139386574,0.040706019,13.74285714,11.7,16.1,82.85714286,75,90,0,4.134920635,118.9123724,Meteostat,,,,,,566,180,45,,49.30189896,MYYU,0,0,0,5006
41,34338,Transects,2021-07-18,0,0,0,0,8,0,0,2021,59.46394,-139.59129,2021-07-18 22:14,2021-07-19 04:35,,2021-07-19T00:45:24,34338,Yakutat,,,,,,,,,,Alaska,0.264837963,0.30650463,0.104953704,0.02162037,11.825,11.7,12.2,97.375,90,100,0,1.388888889,96.00412037,Meteostat,,,,,,1767,199,64,,25.78700066,LACI,0,0,0,34338
99,34338,Transects,2021-07-18,0,0,0,0,8,0,0,2021,59.46394,-139.59129,2021-07-18 22:14,2021-07-19 04:35,,2021-07-19T00:45:24,34338,Yakutat,,,,,,,,,,Alaska,0.264837963,0.30650463,0.104953704,0.02162037,11.825,11.7,12.2,97.375,90,100,0,1.388888889,96.00412037,Meteostat,,,,,,1767,199,64,,25.78700066,LANO,0,0,0,34338
157,34338,Transects,2021-07-18,0,0,0,0,8,0,0,2021,59.46394,-139.59129,2021-07-18 22:14,2021-07-19 04:35,,2021-07-19T00:45:24,34338,Yakutat,,,,,,,,,,Alaska,0.264837963,0.30650463,0.104953704,0.02162037,11.825,11.7,12.2,97.375,90,100,0,1.388888889,96.00412037,Meteostat,,,,,,1767,199,64,,25.78700066,MYCA,0,0,0,34338
215,34338,Transects,2021-07-18,0,0,0,0,8,0,0,2021,59.46394,-139.59129,2021-07-18 22:14,2021-07-19 04:35,,2021-07-19T00:45:24,34338,Yakutat,,,,,,,,,,Alaska,0.264837963,0.30650463,0.104953704,0.02162037,11.825,11.7,12.2,97.375,90,100,0,1.388888889,96.00412037,Meteostat,,,,,,1767,199,64,,25.78700066,MYEV,0,0,0,34338
273,34338,Transects,2021-07-18,0,0,0,0,8,0,0,2021,59.46394,-139.59129,2021-07-18 22:14,2021-07-19 04:35,,2021-07-19T00:45:24,34338,Yakutat,,,,,,,,,,Alaska,0.264837963,0.30650463,0.104953704,0.02162037,11.825,11.7,12.2,97.375,90,100,0,1.388888889,96.00412037,Meteostat,,,,,,1767,199,64,,25.78700066,MYLU,8,8,8,34338
331,34338,Transects,2021-07-18,0,0,0,0,8,0,0,2021,59.46394,-139.59129,2021-07-18 22:14,2021-07-19 04:35,,2021-07-19T00:45:24,34338,Yakutat,,,,,,,,,,Alaska,0.264837963,0.30650463,0.104953704,0.02162037,11.825,11.7,12.2,97.375,90,100,0,1.388888889,96.00412037,Meteostat,,,,,,1767,199,64,,25.78700066,MYVO,0,0,0,34338
389,34338,Transects,2021-07-18,0,0,0,0,8,0,0,2021,59.46394,-139.59129,2021-07-18 22:14,2021-07-19 04:35,,2021-07-19T00:45:24,34338,Yakutat,,,,,,,,,,Alaska,0.264837963,0.30650463,0.104953704,0.02162037,11.825,11.7,12.2,97.375,90,100,0,1.388888889,96.00412037,Meteostat,,,,,,1767,199,64,,25.78700066,MYYU,0,0,0,34338
7,206,Transects,2021-07-29,0,0,0,0,8,1,0,2021,55.87387,-133.21478,2021-07-29 21:04,2021-07-30 04:54,2021-07-29T23:19:18,,206,POW,,,,,,,,,,Alaska,0.326481481,0.368148148,0.232893519,0.01025463,14.76666667,12.8,17.2,92.22222222,84,97,0,0.077160494,230.3520354,Meteostat,,,,,,254,210,75,,48.88809967,LACI,0,0,0,206
65,206,Transects,2021-07-29,0,0,0,0,8,1,0,2021,55.87387,-133.21478,2021-07-29 21:04,2021-07-30 04:54,2021-07-29T23:19:18,,206,POW,,,,,,,,,,Alaska,0.326481481,0.368148148,0.232893519,0.01025463,14.76666667,12.8,17.2,92.22222222,84,97,0,0.077160494,230.3520354,Meteostat,,,,,,254,210,75,,48.88809967,LANO,0,0,0,206
123,206,Transects,2021-07-29,0,0,0,0,8,1,0,2021,55.87387,-133.21478,2021-07-29 21:04,2021-07-30 04:54,2021-07-29T23:19:18,,206,POW,,,,,,,,,,Alaska,0.326481481,0.368148148,0.232893519,0.01025463,14.76666667,12.8,17.2,92.22222222,84,97,0,0.077160494,230.3520354,Meteostat,,,,,,254,210,75,,48.88809967,MYCA,0,0,0,206
181,206,Transects,2021-07-29,0,0,0,0,8,1,0,2021,55.87387,-133.21478,2021-07-29 21:04,2021-07-30 04:54,2021-07-29T23:19:18,,206,POW,,,,,,,,,,Alaska,0.326481481,0.368148148,0.232893519,0.01025463,14.76666667,12.8,17.2,92.22222222,84,97,0,0.077160494,230.3520354,Meteostat,,,,,,254,210,75,,48.88809967,MYEV,0,0,0,206
239,206,Transects,2021-07-29,0,0,0,0,8,1,0,2021,55.87387,-133.21478,2021-07-29 21:04,2021-07-30 04:54,2021-07-29T23:19:18,,206,POW,,,,,,,,,,Alaska,0.326481481,0.368148148,0.232893519,0.01025463,14.76666667,12.8,17.2,92.22222222,84,97,0,0.077160494,230.3520354,Meteostat,,,,,,254,210,75,,48.88809967,MYLU,8,8,8,206
297,206,Transects,2021-07-29,0,0,0,0,8,1,0,2021,55.87387,-133.21478,2021-07-29 21:04,2021-07-30 04:54,2021-07-29T23:19:18,,206,POW,,,,,,,,,,Alaska,0.326481481,0.368148148,0.232893519,0.01025463,14.76666667,12.8,17.2,92.22222222,84,97,0,0.077160494,230.3520354,Meteostat,,,,,,254,210,75,,48.88809967,MYVO,1,1,1,206
355,206,Transects,2021-07-29,0,0,0,0,8,1,0,2021,55.87387,-133.21478,2021-07-29 21:04,2021-07-30 04:54,2021-07-29T23:19:18,,206,POW,,,,,,,,,,Alaska,0.326481481,0.368148148,0.232893519,0.01025463,14.76666667,12.8,17.2,92.22222222,84,97,0,0.077160494,230.3520354,Meteostat,,,,,,254,210,75,,48.88809967,MYYU,0,0,0,206
29,18318,Transects,2022-06-17,0,2,2,0,4,1,0,2022,56.2452,-132.09366,2022-06-17 21:39,2022-06-18 03:59,2022-06-18T00:52:05,,18318,Wrangell,,,,,,,,,,Alaska,0.263680556,0.305347222,0.130034722,0.0503125,11.35714286,10,13.3,90.14285714,84,96,0,0.801587302,117.5998418,Meteostat,,,,,,856,168,33,,38.09939957,LACI,0,0,0,18318
87,18318,Transects,2022-06-17,0,2,2,0,4,1,0,2022,56.2452,-132.09366,2022-06-17 21:39,2022-06-18 03:59,2022-06-18T00:52:05,,18318,Wrangell,,,,,,,,,,Alaska,0.263680556,0.305347222,0.130034722,0.0503125,11.35714286,10,13.3,90.14285714,84,96,0,0.801587302,117.5998418,Meteostat,,,,,,856,168,33,,38.09939957,LANO,2,2,2,18318
145,18318,Transects,2022-06-17,0,2,2,0,4,1,0,2022,56.2452,-132.09366,2022-06-17 21:39,2022-06-18 03:59,2022-06-18T00:52:05,,18318,Wrangell,,,,,,,,,,Alaska,0.263680556,0.305347222,0.130034722,0.0503125,11.35714286,10,13.3,90.14285714,84,96,0,0.801587302,117.5998418,Meteostat,,,,,,856,168,33,,38.09939957,MYCA,2,2,2,18318
203,18318,Transects,2022-06-17,0,2,2,0,4,1,0,2022,56.2452,-132.09366,2022-06-17 21:39,2022-06-18 03:59,2022-06-18T00:52:05,,18318,Wrangell,,,,,,,,,,Alaska,0.263680556,0.305347222,0.130034722,0.0503125,11.35714286,10,13.3,90.14285714,84,96,0,0.801587302,117.5998418,Meteostat,,,,,,856,168,33,,38.09939957,MYEV,0,0,0,18318
261,18318,Transects,2022-06-17,0,2,2,0,4,1,0,2022,56.2452,-132.09366,2022-06-17 21:39,2022-06-18 03:59,2022-06-18T00:52:05,,18318,Wrangell,,,,,,,,,,Alaska,0.263680556,0.305347222,0.130034722,0.0503125,11.35714286,10,13.3,90.14285714,84,96,0,0.801587302,117.5998418,Meteostat,,,,,,856,168,33,,38.09939957,MYLU,4,4,4,18318
319,18318,Transects,2022-06-17,0,2,2,0,4,1,0,2022,56.2452,-132.09366,2022-06-17 21:39,2022-06-18 03:59,2022-06-18T00:52:05,,18318,Wrangell,,,,,,,,,,Alaska,0.263680556,0.305347222,0.130034722,0.0503125,11.35714286,10,13.3,90.14285714,84,96,0,0.801587302,117.5998418,Meteostat,,,,,,856,168,33,,38.09939957,MYVO,1,1,1,18318
377,18318,Transects,2022-06-17,0,2,2,0,4,1,0,2022,56.2452,-132.09366,2022-06-17 21:39,2022-06-18 03:59,2022-06-18T00:52:05,,18318,Wrangell,,,,,,,,,,Alaska,0.263680556,0.305347222,0.130034722,0.0503125,11.35714286,10,13.3,90.14285714,84,96,0,0.801587302,117.5998418,Meteostat,,,,,,856,168,33,,38.09939957,MYYU,0,0,0,18318
50,47310,Transects,2022-06-24,0,1,0,4,8,7,0,2022,55.48978,-131.59868,2022-06-24 21:33,2022-06-25 04:04,2022-06-25T01:58:39,,47310,Ketchikan,,,,,,,,,,Alaska,0.271956019,0.313622685,0.087662037,0.100960648,10.55714286,8.3,15,85.28571429,72,93,0,0.373015873,112.1154779,Meteostat,,,,,,2114,175,40,,47.06299973,LACI,0,0,0,47310
108,47310,Transects,2022-06-24,0,1,0,4,8,7,0,2022,55.48978,-131.59868,2022-06-24 21:33,2022-06-25 04:04,2022-06-25T01:58:39,,47310,Ketchikan,,,,,,,,,,Alaska,0.271956019,0.313622685,0.087662037,0.100960648,10.55714286,8.3,15,85.28571429,72,93,0,0.373015873,112.1154779,Meteostat,,,,,,2114,175,40,,47.06299973,LANO,1,1,1,47310
166,47310,Transects,2022-06-24,0,1,0,4,8,7,0,2022,55.48978,-131.59868,2022-06-24 21:33,2022-06-25 04:04,2022-06-25T01:58:39,,47310,Ketchikan,,,,,,,,,,Alaska,0.271956019,0.313622685,0.087662037,0.100960648,10.55714286,8.3,15,85.28571429,72,93,0,0.373015873,112.1154779,Meteostat,,,,,,2114,175,40,,47.06299973,MYCA,0,0,0,47310
224,47310,Transects,2022-06-24,0,1,0,4,8,7,0,2022,55.48978,-131.59868,2022-06-24 21:33,2022-06-25 04:04,2022-06-25T01:58:39,,47310,Ketchikan,,,,,,,,,,Alaska,0.271956019,0.313622685,0.087662037,0.100960648,10.55714286,8.3,15,85.28571429,72,93,0,0.373015873,112.1154779,Meteostat,,,,,,2114,175,40,,47.06299973,MYEV,4,4,4,47310
282,47310,Transects,2022-06-24,0,1,0,4,8,7,0,2022,55.48978,-131.59868,2022-06-24 21:33,2022-06-25 04:04,2022-06-25T01:58:39,,47310,Ketchikan,,,,,,,,,,Alaska,0.271956019,0.313622685,0.087662037,0.100960648,10.55714286,8.3,15,85.28571429,72,93,0,0.373015873,112.1154779,Meteostat,,,,,,2114,175,40,,47.06299973,MYLU,8,8,8,47310
340,47310,Transects,2022-06-24,0,1,0,4,8,7,0,2022,55.48978,-131.59868,2022-06-24 21:33,2022-06-25 04:04,2022-06-25T01:58:39,,47310,Ketchikan,,,,,,,,,,Alaska,0.271956019,0.313622685,0.087662037,0.100960648,10.55714286,8.3,15,85.28571429,72,93,0,0.373015873,112.1154779,Meteostat,,,,,,2114,175,40,,47.06299973,MYVO,7,7,7,47310
398,47310,Transects,2022-06-24,0,1,0,4,8,7,0,2022,55.48978,-131.59868,2022-06-24 21:33,2022-06-25 04:04,2022-06-25T01:58:39,,47310,Ketchikan,,,,,,,,,,Alaska,0.271956019,0.313622685,0.087662037,0.100960648,10.55714286,8.3,15,85.28571429,72,93,0,0.373015873,112.1154779,Meteostat,,,,,,2114,175,40,,47.06299973,MYYU,0,0,0,47310
30,18318,Transects,2022-06-28,0,0,0,0,0,0,0,2022,56.2452,-132.09366,2022-06-28 21:40,2022-06-29 04:03,2022-06-29T03:55:30,2022-06-28T22:16:07,18318,Wrangell,,,,,,,,,,Alaska,0.26619213,0.307858796,-0.23568287,0.17724537,16,15,16.7,84,80,87,0,1.23015873,162.6052146,Meteostat,,,,,,857,179,44,,38.09939957,LACI,0,0,0,18318
51,47310,Transects,2022-06-28,0,0,2,0,2,3,0,2022,55.48978,-131.59868,2022-06-28 21:32,2022-06-29 04:07,2022-06-29T04:00:58,2022-06-28T22:06:32,47310,Ketchikan,,,,,,,,,,Alaska,0.274050926,0.315717593,-0.246134259,0.186342593,13.38571429,13.3,13.9,92.57142857,90,93,0,2.222222222,138.3854701,Meteostat,,,,,,2115,179,44,,47.06299973,LACI,0,0,0,47310
88,18318,Transects,2022-06-28,0,0,0,0,0,0,0,2022,56.2452,-132.09366,2022-06-28 21:40,2022-06-29 04:03,2022-06-29T03:55:30,2022-06-28T22:16:07,18318,Wrangell,,,,,,,,,,Alaska,0.26619213,0.307858796,-0.23568287,0.17724537,16,15,16.7,84,80,87,0,1.23015873,162.6052146,Meteostat,,,,,,857,179,44,,38.09939957,LANO,0,0,0,18318
109,47310,Transects,2022-06-28,0,0,2,0,2,3,0,2022,55.48978,-131.59868,2022-06-28 21:32,2022-06-29 04:07,2022-06-29T04:00:58,2022-06-28T22:06:32,47310,Ketchikan,,,,,,,,,,Alaska,0.274050926,0.315717593,-0.246134259,0.186342593,13.38571429,13.3,13.9,92.57142857,90,93,0,2.222222222,138.3854701,Meteostat,,,,,,2115,179,44,,47.06299973,LANO,0,0,0,47310
146,18318,Transects,2022-06-28,0,0,0,0,0,0,0,2022,56.2452,-132.09366,2022-06-28 21:40,2022-06-29 04:03,2022-06-29T03:55:30,2022-06-28T22:16:07,18318,Wrangell,,,,,,,,,,Alaska,0.26619213,0.307858796,-0.23568287,0.17724537,16,15,16.7,84,80,87,0,1.23015873,162.6052146,Meteostat,,,,,,857,179,44,,38.09939957,MYCA,0,0,0,18318
167,47310,Transects,2022-06-28,0,0,2,0,2,3,0,2022,55.48978,-131.59868,2022-06-28 21:32,2022-06-29 04:07,2022-06-29T04:00:58,2022-06-28T22:06:32,47310,Ketchikan,,,,,,,,,,Alaska,0.274050926,0.315717593,-0.246134259,0.186342593,13.38571429,13.3,13.9,92.57142857,90,93,0,2.222222222,138.3854701,Meteostat,,,,,,2115,179,44,,47.06299973,MYCA,2,2,2,47310
204,18318,Transects,2022-06-28,0,0,0,0,0,0,0,2022,56.2452,-132.09366,2022-06-28 21:40,2022-06-29 04:03,2022-06-29T03:55:30,2022-06-28T22:16:07,18318,Wrangell,,,,,,,,,,Alaska,0.26619213,0.307858796,-0.23568287,0.17724537,16,15,16.7,84,80,87,0,1.23015873,162.6052146,Meteostat,,,,,,857,179,44,,38.09939957,MYEV,0,0,0,18318
225,47310,Transects,2022-06-28,0,0,2,0,2,3,0,2022,55.48978,-131.59868,2022-06-28 21:32,2022-06-29 04:07,2022-06-29T04:00:58,2022-06-28T22:06:32,47310,Ketchikan,,,,,,,,,,Alaska,0.274050926,0.315717593,-0.246134259,0.186342593,13.38571429,13.3,13.9,92.57142857,90,93,0,2.222222222,138.3854701,Meteostat,,,,,,2115,179,44,,47.06299973,MYEV,0,0,0,47310
262,18318,Transects,2022-06-28,0,0,0,0,0,0,0,2022,56.2452,-132.09366,2022-06-28 21:40,2022-06-29 04:03,2022-06-29T03:55:30,2022-06-28T22:16:07,18318,Wrangell,,,,,,,,,,Alaska,0.26619213,0.307858796,-0.23568287,0.17724537,16,15,16.7,84,80,87,0,1.23015873,162.6052146,Meteostat,,,,,,857,179,44,,38.09939957,MYLU,0,0,0,18318
283,47310,Transects,2022-06-28,0,0,2,0,2,3,0,2022,55.48978,-131.59868,2022-06-28 21:32,2022-06-29 04:07,2022-06-29T04:00:58,2022-06-28T22:06:32,47310,Ketchikan,,,,,,,,,,Alaska,0.274050926,0.315717593,-0.246134259,0.186342593,13.38571429,13.3,13.9,92.57142857,90,93,0,2.222222222,138.3854701,Meteostat,,,,,,2115,179,44,,47.06299973,MYLU,2,2,2,47310
320,18318,Transects,2022-06-28,0,0,0,0,0,0,0,2022,56.2452,-132.09366,2022-06-28 21:40,2022-06-29 04:03,2022-06-29T03:55:30,2022-06-28T22:16:07,18318,Wrangell,,,,,,,,,,Alaska,0.26619213,0.307858796,-0.23568287,0.17724537,16,15,16.7,84,80,87,0,1.23015873,162.6052146,Meteostat,,,,,,857,179,44,,38.09939957,MYVO,0,0,0,18318
341,47310,Transects,2022-06-28,0,0,2,0,2,3,0,2022,55.48978,-131.59868,2022-06-28 21:32,2022-06-29 04:07,2022-06-29T04:00:58,2022-06-28T22:06:32,47310,Ketchikan,,,,,,,,,,Alaska,0.274050926,0.315717593,-0.246134259,0.186342593,13.38571429,13.3,13.9,92.57142857,90,93,0,2.222222222,138.3854701,Meteostat,,,,,,2115,179,44,,47.06299973,MYVO,3,3,3,47310
378,18318,Transects,2022-06-28,0,0,0,0,0,0,0,2022,56.2452,-132.09366,2022-06-28 21:40,2022-06-29 04:03,2022-06-29T03:55:30,2022-06-28T22:16:07,18318,Wrangell,,,,,,,,,,Alaska,0.26619213,0.307858796,-0.23568287,0.17724537,16,15,16.7,84,80,87,0,1.23015873,162.6052146,Meteostat,,,,,,857,179,44,,38.09939957,MYYU,0,0,0,18318
399,47310,Transects,2022-06-28,0,0,2,0,2,3,0,2022,55.48978,-131.59868,2022-06-28 21:32,2022-06-29 04:07,2022-06-29T04:00:58,2022-06-28T22:06:32,47310,Ketchikan,,,,,,,,,,Alaska,0.274050926,0.315717593,-0.246134259,0.186342593,13.38571429,13.3,13.9,92.57142857,90,93,0,2.222222222,138.3854701,Meteostat,,,,,,2115,179,44,,47.06299973,MYYU,0,0,0,47310
18,5006,Transects,2022-07-01,0,8,0,2,9,3,0,2022,56.59215,-132.7485,2022-07-01 21:44,2022-07-02 04:06,,2022-07-01T23:49:48,5006,Petersburg,,,,,,,,,,Alaska,0.265069444,0.306736111,0.087141204,0.00380787,15.57142857,15,16.7,80,75,83,0,0.642857143,142.7056672,Meteostat,,,,,,567,182,47,,49.30189896,LACI,0,0,0,5006
76,5006,Transects,2022-07-01,0,8,0,2,9,3,0,2022,56.59215,-132.7485,2022-07-01 21:44,2022-07-02 04:06,,2022-07-01T23:49:48,5006,Petersburg,,,,,,,,,,Alaska,0.265069444,0.306736111,0.087141204,0.00380787,15.57142857,15,16.7,80,75,83,0,0.642857143,142.7056672,Meteostat,,,,,,567,182,47,,49.30189896,LANO,8,8,8,5006
134,5006,Transects,2022-07-01,0,8,0,2,9,3,0,2022,56.59215,-132.7485,2022-07-01 21:44,2022-07-02 04:06,,2022-07-01T23:49:48,5006,Petersburg,,,,,,,,,,Alaska,0.265069444,0.306736111,0.087141204,0.00380787,15.57142857,15,16.7,80,75,83,0,0.642857143,142.7056672,Meteostat,,,,,,567,182,47,,49.30189896,MYCA,0,0,0,5006
192,5006,Transects,2022-07-01,0,8,0,2,9,3,0,2022,56.59215,-132.7485,2022-07-01 21:44,2022-07-02 04:06,,2022-07-01T23:49:48,5006,Petersburg,,,,,,,,,,Alaska,0.265069444,0.306736111,0.087141204,0.00380787,15.57142857,15,16.7,80,75,83,0,0.642857143,142.7056672,Meteostat,,,,,,567,182,47,,49.30189896,MYEV,2,2,2,5006
250,5006,Transects,2022-07-01,0,8,0,2,9,3,0,2022,56.59215,-132.7485,2022-07-01 21:44,2022-07-02 04:06,,2022-07-01T23:49:48,5006,Petersburg,,,,,,,,,,Alaska,0.265069444,0.306736111,0.087141204,0.00380787,15.57142857,15,16.7,80,75,83,0,0.642857143,142.7056672,Meteostat,,,,,,567,182,47,,49.30189896,MYLU,9,9,9,5006
308,5006,Transects,2022-07-01,0,8,0,2,9,3,0,2022,56.59215,-132.7485,2022-07-01 21:44,2022-07-02 04:06,,2022-07-01T23:49:48,5006,Petersburg,,,,,,,,,,Alaska,0.265069444,0.306736111,0.087141204,0.00380787,15.57142857,15,16.7,80,75,83,0,0.642857143,142.7056672,Meteostat,,,,,,567,182,47,,49.30189896,MYVO,3,3,3,5006
366,5006,Transects,2022-07-01,0,8,0,2,9,3,0,2022,56.59215,-132.7485,2022-07-01 21:44,2022-07-02 04:06,,2022-07-01T23:49:48,5006,Petersburg,,,,,,,,,,Alaska,0.265069444,0.306736111,0.087141204,0.00380787,15.57142857,15,16.7,80,75,83,0,0.642857143,142.7056672,Meteostat,,,,,,567,182,47,,49.30189896,MYYU,0,0,0,5006
19,5006,Transects,2022-07-07,0,0,0,1,3,2,0,2022,56.59215,-132.7485,2022-07-07 21:39,2022-07-08 04:12,,2022-07-08T00:40:25,5006,Petersburg,,,,,,,,,,Alaska,0.272662037,0.314328704,0.125335648,0.042002315,12.11428571,12,12.2,99.57142857,97,100,6,0.301587302,185.1556672,Meteostat,,,,,,568,188,53,,49.30189896,LACI,0,0,0,5006
77,5006,Transects,2022-07-07,0,0,0,1,3,2,0,2022,56.59215,-132.7485,2022-07-07 21:39,2022-07-08 04:12,,2022-07-08T00:40:25,5006,Petersburg,,,,,,,,,,Alaska,0.272662037,0.314328704,0.125335648,0.042002315,12.11428571,12,12.2,99.57142857,97,100,6,0.301587302,185.1556672,Meteostat,,,,,,568,188,53,,49.30189896,LANO,0,0,0,5006
135,5006,Transects,2022-07-07,0,0,0,1,3,2,0,2022,56.59215,-132.7485,2022-07-07 21:39,2022-07-08 04:12,,2022-07-08T00:40:25,5006,Petersburg,,,,,,,,,,Alaska,0.272662037,0.314328704,0.125335648,0.042002315,12.11428571,12,12.2,99.57142857,97,100,6,0.301587302,185.1556672,Meteostat,,,,,,568,188,53,,49.30189896,MYCA,0,0,0,5006
193,5006,Transects,2022-07-07,0,0,0,1,3,2,0,2022,56.59215,-132.7485,2022-07-07 21:39,2022-07-08 04:12,,2022-07-08T00:40:25,5006,Petersburg,,,,,,,,,,Alaska,0.272662037,0.314328704,0.125335648,0.042002315,12.11428571,12,12.2,99.57142857,97,100,6,0.301587302,185.1556672,Meteostat,,,,,,568,188,53,,49.30189896,MYEV,1,1,1,5006
251,5006,Transects,2022-07-07,0,0,0,1,3,2,0,2022,56.59215,-132.7485,2022-07-07 21:39,2022-07-08 04:12,,2022-07-08T00:40:25,5006,Petersburg,,,,,,,,,,Alaska,0.272662037,0.314328704,0.125335648,0.042002315,12.11428571,12,12.2,99.57142857,97,100,6,0.301587302,185.1556672,Meteostat,,,,,,568,188,53,,49.30189896,MYLU,3,3,3,5006
309,5006,Transects,2022-07-07,0,0,0,1,3,2,0,2022,56.59215,-132.7485,2022-07-07 21:39,2022-07-08 04:12,,2022-07-08T00:40:25,5006,Petersburg,,,,,,,,,,Alaska,0.272662037,0.314328704,0.125335648,0.042002315,12.11428571,12,12.2,99.57142857,97,100,6,0.301587302,185.1556672,Meteostat,,,,,,568,188,53,,49.30189896,MYVO,2,2,2,5006
367,5006,Transects,2022-07-07,0,0,0,1,3,2,0,2022,56.59215,-132.7485,2022-07-07 21:39,2022-07-08 04:12,,2022-07-08T00:40:25,5006,Petersburg,,,,,,,,,,Alaska,0.272662037,0.314328704,0.125335648,0.042002315,12.11428571,12,12.2,99.57142857,97,100,6,0.301587302,185.1556672,Meteostat,,,,,,568,188,53,,49.30189896,MYYU,0,0,0,5006
42,34338,Transects,2022-07-08,0,0,0,0,0,0,0,2022,59.46394,-139.59129,2022-07-08 22:30,2022-07-09 04:17,,2022-07-09T01:04:27,34338,Yakutat,,,,,,,,,,Alaska,0.240787037,0.282453704,0.106956019,0.023622685,12.78333333,12.2,13.3,88.33333333,86,93,0,3.027777778,134.1640788,Meteostat,,,,,,1768,189,54,,25.78700066,LACI,0,0,0,34338
100,34338,Transects,2022-07-08,0,0,0,0,0,0,0,2022,59.46394,-139.59129,2022-07-08 22:30,2022-07-09 04:17,,2022-07-09T01:04:27,34338,Yakutat,,,,,,,,,,Alaska,0.240787037,0.282453704,0.106956019,0.023622685,12.78333333,12.2,13.3,88.33333333,86,93,0,3.027777778,134.1640788,Meteostat,,,,,,1768,189,54,,25.78700066,LANO,0,0,0,34338
158,34338,Transects,2022-07-08,0,0,0,0,0,0,0,2022,59.46394,-139.59129,2022-07-08 22:30,2022-07-09 04:17,,2022-07-09T01:04:27,34338,Yakutat,,,,,,,,,,Alaska,0.240787037,0.282453704,0.106956019,0.023622685,12.78333333,12.2,13.3,88.33333333,86,93,0,3.027777778,134.1640788,Meteostat,,,,,,1768,189,54,,25.78700066,MYCA,0,0,0,34338
216,34338,Transects,2022-07-08,0,0,0,0,0,0,0,2022,59.46394,-139.59129,2022-07-08 22:30,2022-07-09 04:17,,2022-07-09T01:04:27,34338,Yakutat,,,,,,,,,,Alaska,0.240787037,0.282453704,0.106956019,0.023622685,12.78333333,12.2,13.3,88.33333333,86,93,0,3.027777778,134.1640788,Meteostat,,,,,,1768,189,54,,25.78700066,MYEV,0,0,0,34338
274,34338,Transects,2022-07-08,0,0,0,0,0,0,0,2022,59.46394,-139.59129,2022-07-08 22:30,2022-07-09 04:17,,2022-07-09T01:04:27,34338,Yakutat,,,,,,,,,,Alaska,0.240787037,0.282453704,0.106956019,0.023622685,12.78333333,12.2,13.3,88.33333333,86,93,0,3.027777778,134.1640788,Meteostat,,,,,,1768,189,54,,25.78700066,MYLU,0,0,0,34338
332,34338,Transects,2022-07-08,0,0,0,0,0,0,0,2022,59.46394,-139.59129,2022-07-08 22:30,2022-07-09 04:17,,2022-07-09T01:04:27,34338,Yakutat,,,,,,,,,,Alaska,0.240787037,0.282453704,0.106956019,0.023622685,12.78333333,12.2,13.3,88.33333333,86,93,0,3.027777778,134.1640788,Meteostat,,,,,,1768,189,54,,25.78700066,MYVO,0,0,0,34338
390,34338,Transects,2022-07-08,0,0,0,0,0,0,0,2022,59.46394,-139.59129,2022-07-08 22:30,2022-07-09 04:17,,2022-07-09T01:04:27,34338,Yakutat,,,,,,,,,,Alaska,0.240787037,0.282453704,0.106956019,0.023622685,12.78333333,12.2,13.3,88.33333333,86,93,0,3.027777778,134.1640788,Meteostat,,,,,,1768,189,54,,25.78700066,MYYU,0,0,0,34338
8,206,Transects,2022-07-13,0,0,0,2,0,2,0,2022,55.87387,-133.21478,2022-07-13 21:30,2022-07-14 04:27,2022-07-13T22:28:25,,206,POW,,,,,,,,,,Alaska,0.28974537,0.331412037,0.249409722,0,11.9,11.7,12.8,87.57142857,83,89,4,0.587301587,190.9742769,Meteostat,,,,,,255,194,59,,48.88809967,LACI,0,0,0,206
66,206,Transects,2022-07-13,0,0,0,2,0,2,0,2022,55.87387,-133.21478,2022-07-13 21:30,2022-07-14 04:27,2022-07-13T22:28:25,,206,POW,,,,,,,,,,Alaska,0.28974537,0.331412037,0.249409722,0,11.9,11.7,12.8,87.57142857,83,89,4,0.587301587,190.9742769,Meteostat,,,,,,255,194,59,,48.88809967,LANO,0,0,0,206
124,206,Transects,2022-07-13,0,0,0,2,0,2,0,2022,55.87387,-133.21478,2022-07-13 21:30,2022-07-14 04:27,2022-07-13T22:28:25,,206,POW,,,,,,,,,,Alaska,0.28974537,0.331412037,0.249409722,0,11.9,11.7,12.8,87.57142857,83,89,4,0.587301587,190.9742769,Meteostat,,,,,,255,194,59,,48.88809967,MYCA,0,0,0,206
182,206,Transects,2022-07-13,0,0,0,2,0,2,0,2022,55.87387,-133.21478,2022-07-13 21:30,2022-07-14 04:27,2022-07-13T22:28:25,,206,POW,,,,,,,,,,Alaska,0.28974537,0.331412037,0.249409722,0,11.9,11.7,12.8,87.57142857,83,89,4,0.587301587,190.9742769,Meteostat,,,,,,255,194,59,,48.88809967,MYEV,2,2,2,206
240,206,Transects,2022-07-13,0,0,0,2,0,2,0,2022,55.87387,-133.21478,2022-07-13 21:30,2022-07-14 04:27,2022-07-13T22:28:25,,206,POW,,,,,,,,,,Alaska,0.28974537,0.331412037,0.249409722,0,11.9,11.7,12.8,87.57142857,83,89,4,0.587301587,190.9742769,Meteostat,,,,,,255,194,59,,48.88809967,MYLU,0,0,0,206
298,206,Transects,2022-07-13,0,0,0,2,0,2,0,2022,55.87387,-133.21478,2022-07-13 21:30,2022-07-14 04:27,2022-07-13T22:28:25,,206,POW,,,,,,,,,,Alaska,0.28974537,0.331412037,0.249409722,0,11.9,11.7,12.8,87.57142857,83,89,4,0.587301587,190.9742769,Meteostat,,,,,,255,194,59,,48.88809967,MYVO,2,2,2,206
356,206,Transects,2022-07-13,0,0,0,2,0,2,0,2022,55.87387,-133.21478,2022-07-13 21:30,2022-07-14 04:27,2022-07-13T22:28:25,,206,POW,,,,,,,,,,Alaska,0.28974537,0.331412037,0.249409722,0,11.9,11.7,12.8,87.57142857,83,89,4,0.587301587,190.9742769,Meteostat,,,,,,255,194,59,,48.88809967,MYYU,0,0,0,206
9,206,Transects,2022-07-14,0,0,1,0,0,0,0,2022,55.87387,-133.21478,2022-07-14 21:29,2022-07-15 04:29,2022-07-14T22:56:15,,206,POW,,,,,,,,,,Alaska,0.291608796,0.333275463,0.231087963,0,12.925,12.2,13.9,90.125,87,94,4,1.229166667,194.7742769,Meteostat,,,,,,256,195,60,,48.88809967,LACI,0,0,0,206
43,34338,Transects,2022-07-14,0,0,0,0,1,0,0,2022,59.46394,-139.59129,2022-07-14 22:21,2022-07-15 04:27,2022-07-14T23:47:36,,34338,Yakutat,,,,,,,,,,Alaska,0.253969907,0.295636574,0.194340278,0,12.05714286,10,13.3,90.28571429,87,96,0,0.817460317,152.8140788,Meteostat,,,,,,1769,195,60,,25.78700066,LACI,0,0,0,34338
67,206,Transects,2022-07-14,0,0,1,0,0,0,0,2022,55.87387,-133.21478,2022-07-14 21:29,2022-07-15 04:29,2022-07-14T22:56:15,,206,POW,,,,,,,,,,Alaska,0.291608796,0.333275463,0.231087963,0,12.925,12.2,13.9,90.125,87,94,4,1.229166667,194.7742769,Meteostat,,,,,,256,195,60,,48.88809967,LANO,0,0,0,206
101,34338,Transects,2022-07-14,0,0,0,0,1,0,0,2022,59.46394,-139.59129,2022-07-14 22:21,2022-07-15 04:27,2022-07-14T23:47:36,,34338,Yakutat,,,,,,,,,,Alaska,0.253969907,0.295636574,0.194340278,0,12.05714286,10,13.3,90.28571429,87,96,0,0.817460317,152.8140788,Meteostat,,,,,,1769,195,60,,25.78700066,LANO,0,0,0,34338
125,206,Transects,2022-07-14,0,0,1,0,0,0,0,2022,55.87387,-133.21478,2022-07-14 21:29,2022-07-15 04:29,2022-07-14T22:56:15,,206,POW,,,,,,,,,,Alaska,0.291608796,0.333275463,0.231087963,0,12.925,12.2,13.9,90.125,87,94,4,1.229166667,194.7742769,Meteostat,,,,,,256,195,60,,48.88809967,MYCA,1,1,1,206
159,34338,Transects,2022-07-14,0,0,0,0,1,0,0,2022,59.46394,-139.59129,2022-07-14 22:21,2022-07-15 04:27,2022-07-14T23:47:36,,34338,Yakutat,,,,,,,,,,Alaska,0.253969907,0.295636574,0.194340278,0,12.05714286,10,13.3,90.28571429,87,96,0,0.817460317,152.8140788,Meteostat,,,,,,1769,195,60,,25.78700066,MYCA,0,0,0,34338
183,206,Transects,2022-07-14,0,0,1,0,0,0,0,2022,55.87387,-133.21478,2022-07-14 21:29,2022-07-15 04:29,2022-07-14T22:56:15,,206,POW,,,,,,,,,,Alaska,0.291608796,0.333275463,0.231087963,0,12.925,12.2,13.9,90.125,87,94,4,1.229166667,194.7742769,Meteostat,,,,,,256,195,60,,48.88809967,MYEV,0,0,0,206
217,34338,Transects,2022-07-14,0,0,0,0,1,0,0,2022,59.46394,-139.59129,2022-07-14 22:21,2022-07-15 04:27,2022-07-14T23:47:36,,34338,Yakutat,,,,,,,,,,Alaska,0.253969907,0.295636574,0.194340278,0,12.05714286,10,13.3,90.28571429,87,96,0,0.817460317,152.8140788,Meteostat,,,,,,1769,195,60,,25.78700066,MYEV,0,0,0,34338
241,206,Transects,2022-07-14,0,0,1,0,0,0,0,2022,55.87387,-133.21478,2022-07-14 21:29,2022-07-15 04:29,2022-07-14T22:56:15,,206,POW,,,,,,,,,,Alaska,0.291608796,0.333275463,0.231087963,0,12.925,12.2,13.9,90.125,87,94,4,1.229166667,194.7742769,Meteostat,,,,,,256,195,60,,48.88809967,MYLU,0,0,0,206
275,34338,Transects,2022-07-14,0,0,0,0,1,0,0,2022,59.46394,-139.59129,2022-07-14 22:21,2022-07-15 04:27,2022-07-14T23:47:36,,34338,Yakutat,,,,,,,,,,Alaska,0.253969907,0.295636574,0.194340278,0,12.05714286,10,13.3,90.28571429,87,96,0,0.817460317,152.8140788,Meteostat,,,,,,1769,195,60,,25.78700066,MYLU,1,1,1,34338
299,206,Transects,2022-07-14,0,0,1,0,0,0,0,2022,55.87387,-133.21478,2022-07-14 21:29,2022-07-15 04:29,2022-07-14T22:56:15,,206,POW,,,,,,,,,,Alaska,0.291608796,0.333275463,0.231087963,0,12.925,12.2,13.9,90.125,87,94,4,1.229166667,194.7742769,Meteostat,,,,,,256,195,60,,48.88809967,MYVO,0,0,0,206
333,34338,Transects,2022-07-14,0,0,0,0,1,0,0,2022,59.46394,-139.59129,2022-07-14 22:21,2022-07-15 04:27,2022-07-14T23:47:36,,34338,Yakutat,,,,,,,,,,Alaska,0.253969907,0.295636574,0.194340278,0,12.05714286,10,13.3,90.28571429,87,96,0,0.817460317,152.8140788,Meteostat,,,,,,1769,195,60,,25.78700066,MYVO,0,0,0,34338
357,206,Transects,2022-07-14,0,0,1,0,0,0,0,2022,55.87387,-133.21478,2022-07-14 21:29,2022-07-15 04:29,2022-07-14T22:56:15,,206,POW,,,,,,,,,,Alaska,0.291608796,0.333275463,0.231087963,0,12.925,12.2,13.9,90.125,87,94,4,1.229166667,194.7742769,Meteostat,,,,,,256,195,60,,48.88809967,MYYU,0,0,0,206
391,34338,Transects,2022-07-14,0,0,0,0,1,0,0,2022,59.46394,-139.59129,2022-07-14 22:21,2022-07-15 04:27,2022-07-14T23:47:36,,34338,Yakutat,,,,,,,,,,Alaska,0.253969907,0.295636574,0.194340278,0,12.05714286,10,13.3,90.28571429,87,96,0,0.817460317,152.8140788,Meteostat,,,,,,1769,195,60,,25.78700066,MYYU,0,0,0,34338
10,206,Transects,2023-06-15,0,14,0,1,0,1,0,2023,55.87387,-133.21478,2023-06-15 21:40,2023-06-16 04:06,2023-06-16T02:43:29,,206,POW,,,,,,,,,,Alaska,0.268506944,0.310173611,0.057847222,0.127326389,11.12857143,10.6,12.2,88.42857143,86,90,2,3.908730159,108.5320282,Meteostat,,,,,,257,166,31,,48.88809967,LACI,0,0,0,206
52,47310,Transects,2023-06-15,0,3,0,4,7,7,0,2023,55.48978,-131.59868,2023-06-15 21:30,2023-06-16 04:03,2023-06-16T02:39:44,,47310,Ketchikan,,,,,,,,,,Alaska,0.272465278,0.314131944,0.057939815,0.13119213,11.28571429,10.6,11.7,91.71428571,89,93,3,5.444444444,126.1674172,Meteostat,,,,,,2116,166,31,,47.06299973,LACI,0,0,0,47310
68,206,Transects,2023-06-15,0,14,0,1,0,1,0,2023,55.87387,-133.21478,2023-06-15 21:40,2023-06-16 04:06,2023-06-16T02:43:29,,206,POW,,,,,,,,,,Alaska,0.268506944,0.310173611,0.057847222,0.127326389,11.12857143,10.6,12.2,88.42857143,86,90,2,3.908730159,108.5320282,Meteostat,,,,,,257,166,31,,48.88809967,LANO,14,14,14,206
110,47310,Transects,2023-06-15,0,3,0,4,7,7,0,2023,55.48978,-131.59868,2023-06-15 21:30,2023-06-16 04:03,2023-06-16T02:39:44,,47310,Ketchikan,,,,,,,,,,Alaska,0.272465278,0.314131944,0.057939815,0.13119213,11.28571429,10.6,11.7,91.71428571,89,93,3,5.444444444,126.1674172,Meteostat,,,,,,2116,166,31,,47.06299973,LANO,3,3,3,47310
126,206,Transects,2023-06-15,0,14,0,1,0,1,0,2023,55.87387,-133.21478,2023-06-15 21:40,2023-06-16 04:06,2023-06-16T02:43:29,,206,POW,,,,,,,,,,Alaska,0.268506944,0.310173611,0.057847222,0.127326389,11.12857143,10.6,12.2,88.42857143,86,90,2,3.908730159,108.5320282,Meteostat,,,,,,257,166,31,,48.88809967,MYCA,0,0,0,206
168,47310,Transects,2023-06-15,0,3,0,4,7,7,0,2023,55.48978,-131.59868,2023-06-15 21:30,2023-06-16 04:03,2023-06-16T02:39:44,,47310,Ketchikan,,,,,,,,,,Alaska,0.272465278,0.314131944,0.057939815,0.13119213,11.28571429,10.6,11.7,91.71428571,89,93,3,5.444444444,126.1674172,Meteostat,,,,,,2116,166,31,,47.06299973,MYCA,0,0,0,47310
184,206,Transects,2023-06-15,0,14,0,1,0,1,0,2023,55.87387,-133.21478,2023-06-15 21:40,2023-06-16 04:06,2023-06-16T02:43:29,,206,POW,,,,,,,,,,Alaska,0.268506944,0.310173611,0.057847222,0.127326389,11.12857143,10.6,12.2,88.42857143,86,90,2,3.908730159,108.5320282,Meteostat,,,,,,257,166,31,,48.88809967,MYEV,1,1,1,206
226,47310,Transects,2023-06-15,0,3,0,4,7,7,0,2023,55.48978,-131.59868,2023-06-15 21:30,2023-06-16 04:03,2023-06-16T02:39:44,,47310,Ketchikan,,,,,,,,,,Alaska,0.272465278,0.314131944,0.057939815,0.13119213,11.28571429,10.6,11.7,91.71428571,89,93,3,5.444444444,126.1674172,Meteostat,,,,,,2116,166,31,,47.06299973,MYEV,4,4,4,47310
242,206,Transects,2023-06-15,0,14,0,1,0,1,0,2023,55.87387,-133.21478,2023-06-15 21:40,2023-06-16 04:06,2023-06-16T02:43:29,,206,POW,,,,,,,,,,Alaska,0.268506944,0.310173611,0.057847222,0.127326389,11.12857143,10.6,12.2,88.42857143,86,90,2,3.908730159,108.5320282,Meteostat,,,,,,257,166,31,,48.88809967,MYLU,0,0,0,206
284,47310,Transects,2023-06-15,0,3,0,4,7,7,0,2023,55.48978,-131.59868,2023-06-15 21:30,2023-06-16 04:03,2023-06-16T02:39:44,,47310,Ketchikan,,,,,,,,,,Alaska,0.272465278,0.314131944,0.057939815,0.13119213,11.28571429,10.6,11.7,91.71428571,89,93,3,5.444444444,126.1674172,Meteostat,,,,,,2116,166,31,,47.06299973,MYLU,7,7,7,47310
300,206,Transects,2023-06-15,0,14,0,1,0,1,0,2023,55.87387,-133.21478,2023-06-15 21:40,2023-06-16 04:06,2023-06-16T02:43:29,,206,POW,,,,,,,,,,Alaska,0.268506944,0.310173611,0.057847222,0.127326389,11.12857143,10.6,12.2,88.42857143,86,90,2,3.908730159,108.5320282,Meteostat,,,,,,257,166,31,,48.88809967,MYVO,1,1,1,206
342,47310,Transects,2023-06-15,0,3,0,4,7,7,0,2023,55.48978,-131.59868,2023-06-15 21:30,2023-06-16 04:03,2023-06-16T02:39:44,,47310,Ketchikan,,,,,,,,,,Alaska,0.272465278,0.314131944,0.057939815,0.13119213,11.28571429,10.6,11.7,91.71428571,89,93,3,5.444444444,126.1674172,Meteostat,,,,,,2116,166,31,,47.06299973,MYVO,7,7,7,47310
358,206,Transects,2023-06-15,0,14,0,1,0,1,0,2023,55.87387,-133.21478,2023-06-15 21:40,2023-06-16 04:06,2023-06-16T02:43:29,,206,POW,,,,,,,,,,Alaska,0.268506944,0.310173611,0.057847222,0.127326389,11.12857143,10.6,12.2,88.42857143,86,90,2,3.908730159,108.5320282,Meteostat,,,,,,257,166,31,,48.88809967,MYYU,0,0,0,206
400,47310,Transects,2023-06-15,0,3,0,4,7,7,0,2023,55.48978,-131.59868,2023-06-15 21:30,2023-06-16 04:03,2023-06-16T02:39:44,,47310,Ketchikan,,,,,,,,,,Alaska,0.272465278,0.314131944,0.057939815,0.13119213,11.28571429,10.6,11.7,91.71428571,89,93,3,5.444444444,126.1674172,Meteostat,,,,,,2116,166,31,,47.06299973,MYYU,0,0,0,47310
53,47310,Transects,2023-06-19,0,3,0,2,1,5,0,2023,55.48978,-131.59868,2023-06-19 21:32,2023-06-20 04:03,,2023-06-19T23:39:40,47310,Ketchikan,,,,,,,,,,Alaska,0.271319444,0.312986111,0.088275463,0.00494213,12.62857143,10,15,80,67,93,0,0.301587302,131.815792,Meteostat,,,,,,2117,170,35,,47.06299973,LACI,0,0,0,47310
111,47310,Transects,2023-06-19,0,3,0,2,1,5,0,2023,55.48978,-131.59868,2023-06-19 21:32,2023-06-20 04:03,,2023-06-19T23:39:40,47310,Ketchikan,,,,,,,,,,Alaska,0.271319444,0.312986111,0.088275463,0.00494213,12.62857143,10,15,80,67,93,0,0.301587302,131.815792,Meteostat,,,,,,2117,170,35,,47.06299973,LANO,3,3,3,47310
169,47310,Transects,2023-06-19,0,3,0,2,1,5,0,2023,55.48978,-131.59868,2023-06-19 21:32,2023-06-20 04:03,,2023-06-19T23:39:40,47310,Ketchikan,,,,,,,,,,Alaska,0.271319444,0.312986111,0.088275463,0.00494213,12.62857143,10,15,80,67,93,0,0.301587302,131.815792,Meteostat,,,,,,2117,170,35,,47.06299973,MYCA,0,0,0,47310
227,47310,Transects,2023-06-19,0,3,0,2,1,5,0,2023,55.48978,-131.59868,2023-06-19 21:32,2023-06-20 04:03,,2023-06-19T23:39:40,47310,Ketchikan,,,,,,,,,,Alaska,0.271319444,0.312986111,0.088275463,0.00494213,12.62857143,10,15,80,67,93,0,0.301587302,131.815792,Meteostat,,,,,,2117,170,35,,47.06299973,MYEV,2,2,2,47310
285,47310,Transects,2023-06-19,0,3,0,2,1,5,0,2023,55.48978,-131.59868,2023-06-19 21:32,2023-06-20 04:03,,2023-06-19T23:39:40,47310,Ketchikan,,,,,,,,,,Alaska,0.271319444,0.312986111,0.088275463,0.00494213,12.62857143,10,15,80,67,93,0,0.301587302,131.815792,Meteostat,,,,,,2117,170,35,,47.06299973,MYLU,1,1,1,47310
343,47310,Transects,2023-06-19,0,3,0,2,1,5,0,2023,55.48978,-131.59868,2023-06-19 21:32,2023-06-20 04:03,,2023-06-19T23:39:40,47310,Ketchikan,,,,,,,,,,Alaska,0.271319444,0.312986111,0.088275463,0.00494213,12.62857143,10,15,80,67,93,0,0.301587302,131.815792,Meteostat,,,,,,2117,170,35,,47.06299973,MYVO,5,5,5,47310
401,47310,Transects,2023-06-19,0,3,0,2,1,5,0,2023,55.48978,-131.59868,2023-06-19 21:32,2023-06-20 04:03,,2023-06-19T23:39:40,47310,Ketchikan,,,,,,,,,,Alaska,0.271319444,0.312986111,0.088275463,0.00494213,12.62857143,10,15,80,67,93,0,0.301587302,131.815792,Meteostat,,,,,,2117,170,35,,47.06299973,MYYU,0,0,0,47310
31,18318,Transects,2023-06-22,0,1,1,2,4,7,0,2023,56.2452,-132.09366,2023-06-22 21:40,2023-06-23 04:00,,2023-06-23T00:35:45,18318,Wrangell,,,,,,,,,,Alaska,0.263391204,0.30505787,0.121412037,0.038078704,14.98571429,14,15.9,81.28571429,78,86,0,0.428571429,147.0563727,Meteostat,,,,,,858,173,38,,38.09939957,LACI,0,0,0,18318
89,18318,Transects,2023-06-22,0,1,1,2,4,7,0,2023,56.2452,-132.09366,2023-06-22 21:40,2023-06-23 04:00,,2023-06-23T00:35:45,18318,Wrangell,,,,,,,,,,Alaska,0.263391204,0.30505787,0.121412037,0.038078704,14.98571429,14,15.9,81.28571429,78,86,0,0.428571429,147.0563727,Meteostat,,,,,,858,173,38,,38.09939957,LANO,1,1,1,18318
147,18318,Transects,2023-06-22,0,1,1,2,4,7,0,2023,56.2452,-132.09366,2023-06-22 21:40,2023-06-23 04:00,,2023-06-23T00:35:45,18318,Wrangell,,,,,,,,,,Alaska,0.263391204,0.30505787,0.121412037,0.038078704,14.98571429,14,15.9,81.28571429,78,86,0,0.428571429,147.0563727,Meteostat,,,,,,858,173,38,,38.09939957,MYCA,1,1,1,18318
205,18318,Transects,2023-06-22,0,1,1,2,4,7,0,2023,56.2452,-132.09366,2023-06-22 21:40,2023-06-23 04:00,,2023-06-23T00:35:45,18318,Wrangell,,,,,,,,,,Alaska,0.263391204,0.30505787,0.121412037,0.038078704,14.98571429,14,15.9,81.28571429,78,86,0,0.428571429,147.0563727,Meteostat,,,,,,858,173,38,,38.09939957,MYEV,2,2,2,18318
263,18318,Transects,2023-06-22,0,1,1,2,4,7,0,2023,56.2452,-132.09366,2023-06-22 21:40,2023-06-23 04:00,,2023-06-23T00:35:45,18318,Wrangell,,,,,,,,,,Alaska,0.263391204,0.30505787,0.121412037,0.038078704,14.98571429,14,15.9,81.28571429,78,86,0,0.428571429,147.0563727,Meteostat,,,,,,858,173,38,,38.09939957,MYLU,4,4,4,18318
321,18318,Transects,2023-06-22,0,1,1,2,4,7,0,2023,56.2452,-132.09366,2023-06-22 21:40,2023-06-23 04:00,,2023-06-23T00:35:45,18318,Wrangell,,,,,,,,,,Alaska,0.263391204,0.30505787,0.121412037,0.038078704,14.98571429,14,15.9,81.28571429,78,86,0,0.428571429,147.0563727,Meteostat,,,,,,858,173,38,,38.09939957,MYVO,7,7,7,18318
379,18318,Transects,2023-06-22,0,1,1,2,4,7,0,2023,56.2452,-132.09366,2023-06-22 21:40,2023-06-23 04:00,,2023-06-23T00:35:45,18318,Wrangell,,,,,,,,,,Alaska,0.263391204,0.30505787,0.121412037,0.038078704,14.98571429,14,15.9,81.28571429,78,86,0,0.428571429,147.0563727,Meteostat,,,,,,858,173,38,,38.09939957,MYYU,0,0,0,18318
32,18318,Transects,2023-06-23,0,0,1,2,4,8,0,2023,56.2452,-132.09366,2023-06-23 21:41,2023-06-24 04:00,,2023-06-24T00:42:49,18318,Wrangell,,,,,,,,,,Alaska,0.263599537,0.305266204,0.126261574,0.042928241,15.94285714,13.8,17.9,82.42857143,77,87,1,0.714285714,151.9563727,Meteostat,,,,,,859,174,39,,38.09939957,LACI,0,0,0,18318
90,18318,Transects,2023-06-23,0,0,1,2,4,8,0,2023,56.2452,-132.09366,2023-06-23 21:41,2023-06-24 04:00,,2023-06-24T00:42:49,18318,Wrangell,,,,,,,,,,Alaska,0.263599537,0.305266204,0.126261574,0.042928241,15.94285714,13.8,17.9,82.42857143,77,87,1,0.714285714,151.9563727,Meteostat,,,,,,859,174,39,,38.09939957,LANO,0,0,0,18318
148,18318,Transects,2023-06-23,0,0,1,2,4,8,0,2023,56.2452,-132.09366,2023-06-23 21:41,2023-06-24 04:00,,2023-06-24T00:42:49,18318,Wrangell,,,,,,,,,,Alaska,0.263599537,0.305266204,0.126261574,0.042928241,15.94285714,13.8,17.9,82.42857143,77,87,1,0.714285714,151.9563727,Meteostat,,,,,,859,174,39,,38.09939957,MYCA,1,1,1,18318
206,18318,Transects,2023-06-23,0,0,1,2,4,8,0,2023,56.2452,-132.09366,2023-06-23 21:41,2023-06-24 04:00,,2023-06-24T00:42:49,18318,Wrangell,,,,,,,,,,Alaska,0.263599537,0.305266204,0.126261574,0.042928241,15.94285714,13.8,17.9,82.42857143,77,87,1,0.714285714,151.9563727,Meteostat,,,,,,859,174,39,,38.09939957,MYEV,2,2,2,18318
264,18318,Transects,2023-06-23,0,0,1,2,4,8,0,2023,56.2452,-132.09366,2023-06-23 21:41,2023-06-24 04:00,,2023-06-24T00:42:49,18318,Wrangell,,,,,,,,,,Alaska,0.263599537,0.305266204,0.126261574,0.042928241,15.94285714,13.8,17.9,82.42857143,77,87,1,0.714285714,151.9563727,Meteostat,,,,,,859,174,39,,38.09939957,MYLU,4,4,4,18318
322,18318,Transects,2023-06-23,0,0,1,2,4,8,0,2023,56.2452,-132.09366,2023-06-23 21:41,2023-06-24 04:00,,2023-06-24T00:42:49,18318,Wrangell,,,,,,,,,,Alaska,0.263599537,0.305266204,0.126261574,0.042928241,15.94285714,13.8,17.9,82.42857143,77,87,1,0.714285714,151.9563727,Meteostat,,,,,,859,174,39,,38.09939957,MYVO,8,8,8,18318
380,18318,Transects,2023-06-23,0,0,1,2,4,8,0,2023,56.2452,-132.09366,2023-06-23 21:41,2023-06-24 04:00,,2023-06-24T00:42:49,18318,Wrangell,,,,,,,,,,Alaska,0.263599537,0.305266204,0.126261574,0.042928241,15.94285714,13.8,17.9,82.42857143,77,87,1,0.714285714,151.9563727,Meteostat,,,,,,859,174,39,,38.09939957,MYYU,0,0,0,18318
20,5006,Transects,2023-06-25,0,2,0,1,5,5,0,2023,56.59215,-132.7485,2023-06-25 21:46,2023-06-26 04:01,,2023-06-26T00:56:09,5006,Petersburg,,,,,,,,,,Alaska,0.260474537,0.302141204,0.131828704,0.04849537,14.67142857,13.7,15.8,92.28571429,87,97,2,0.285714286,113.5430535,Meteostat,,,,,,569,176,41,,49.30189896,LACI,0,0,0,5006
78,5006,Transects,2023-06-25,0,2,0,1,5,5,0,2023,56.59215,-132.7485,2023-06-25 21:46,2023-06-26 04:01,,2023-06-26T00:56:09,5006,Petersburg,,,,,,,,,,Alaska,0.260474537,0.302141204,0.131828704,0.04849537,14.67142857,13.7,15.8,92.28571429,87,97,2,0.285714286,113.5430535,Meteostat,,,,,,569,176,41,,49.30189896,LANO,2,2,2,5006
136,5006,Transects,2023-06-25,0,2,0,1,5,5,0,2023,56.59215,-132.7485,2023-06-25 21:46,2023-06-26 04:01,,2023-06-26T00:56:09,5006,Petersburg,,,,,,,,,,Alaska,0.260474537,0.302141204,0.131828704,0.04849537,14.67142857,13.7,15.8,92.28571429,87,97,2,0.285714286,113.5430535,Meteostat,,,,,,569,176,41,,49.30189896,MYCA,0,0,0,5006
194,5006,Transects,2023-06-25,0,2,0,1,5,5,0,2023,56.59215,-132.7485,2023-06-25 21:46,2023-06-26 04:01,,2023-06-26T00:56:09,5006,Petersburg,,,,,,,,,,Alaska,0.260474537,0.302141204,0.131828704,0.04849537,14.67142857,13.7,15.8,92.28571429,87,97,2,0.285714286,113.5430535,Meteostat,,,,,,569,176,41,,49.30189896,MYEV,1,1,1,5006
252,5006,Transects,2023-06-25,0,2,0,1,5,5,0,2023,56.59215,-132.7485,2023-06-25 21:46,2023-06-26 04:01,,2023-06-26T00:56:09,5006,Petersburg,,,,,,,,,,Alaska,0.260474537,0.302141204,0.131828704,0.04849537,14.67142857,13.7,15.8,92.28571429,87,97,2,0.285714286,113.5430535,Meteostat,,,,,,569,176,41,,49.30189896,MYLU,5,5,5,5006
310,5006,Transects,2023-06-25,0,2,0,1,5,5,0,2023,56.59215,-132.7485,2023-06-25 21:46,2023-06-26 04:01,,2023-06-26T00:56:09,5006,Petersburg,,,,,,,,,,Alaska,0.260474537,0.302141204,0.131828704,0.04849537,14.67142857,13.7,15.8,92.28571429,87,97,2,0.285714286,113.5430535,Meteostat,,,,,,569,176,41,,49.30189896,MYVO,5,5,5,5006
368,5006,Transects,2023-06-25,0,2,0,1,5,5,0,2023,56.59215,-132.7485,2023-06-25 21:46,2023-06-26 04:01,,2023-06-26T00:56:09,5006,Petersburg,,,,,,,,,,Alaska,0.260474537,0.302141204,0.131828704,0.04849537,14.67142857,13.7,15.8,92.28571429,87,97,2,0.285714286,113.5430535,Meteostat,,,,,,569,176,41,,49.30189896,MYYU,0,0,0,5006
21,5006,Transects,2023-07-06,0,1,2,2,5,6,0,2023,56.59215,-132.7485,2023-07-06 21:41,2023-07-07 04:11,2023-07-06T23:54:46,,5006,Petersburg,,,,,,,,,,Alaska,0.270844907,0.312511574,0.177962963,0.009548611,17.27142857,16,20.8,68.85714286,55,74,0,1.373015873,156.9588234,Meteostat,,,,,,570,187,52,,49.30189896,LACI,0,0,0,5006
79,5006,Transects,2023-07-06,0,1,2,2,5,6,0,2023,56.59215,-132.7485,2023-07-06 21:41,2023-07-07 04:11,2023-07-06T23:54:46,,5006,Petersburg,,,,,,,,,,Alaska,0.270844907,0.312511574,0.177962963,0.009548611,17.27142857,16,20.8,68.85714286,55,74,0,1.373015873,156.9588234,Meteostat,,,,,,570,187,52,,49.30189896,LANO,1,1,1,5006
137,5006,Transects,2023-07-06,0,1,2,2,5,6,0,2023,56.59215,-132.7485,2023-07-06 21:41,2023-07-07 04:11,2023-07-06T23:54:46,,5006,Petersburg,,,,,,,,,,Alaska,0.270844907,0.312511574,0.177962963,0.009548611,17.27142857,16,20.8,68.85714286,55,74,0,1.373015873,156.9588234,Meteostat,,,,,,570,187,52,,49.30189896,MYCA,2,2,2,5006
195,5006,Transects,2023-07-06,0,1,2,2,5,6,0,2023,56.59215,-132.7485,2023-07-06 21:41,2023-07-07 04:11,2023-07-06T23:54:46,,5006,Petersburg,,,,,,,,,,Alaska,0.270844907,0.312511574,0.177962963,0.009548611,17.27142857,16,20.8,68.85714286,55,74,0,1.373015873,156.9588234,Meteostat,,,,,,570,187,52,,49.30189896,MYEV,2,2,2,5006
253,5006,Transects,2023-07-06,0,1,2,2,5,6,0,2023,56.59215,-132.7485,2023-07-06 21:41,2023-07-07 04:11,2023-07-06T23:54:46,,5006,Petersburg,,,,,,,,,,Alaska,0.270844907,0.312511574,0.177962963,0.009548611,17.27142857,16,20.8,68.85714286,55,74,0,1.373015873,156.9588234,Meteostat,,,,,,570,187,52,,49.30189896,MYLU,5,5,5,5006
311,5006,Transects,2023-07-06,0,1,2,2,5,6,0,2023,56.59215,-132.7485,2023-07-06 21:41,2023-07-07 04:11,2023-07-06T23:54:46,,5006,Petersburg,,,,,,,,,,Alaska,0.270844907,0.312511574,0.177962963,0.009548611,17.27142857,16,20.8,68.85714286,55,74,0,1.373015873,156.9588234,Meteostat,,,,,,570,187,52,,49.30189896,MYVO,6,6,6,5006
369,5006,Transects,2023-07-06,0,1,2,2,5,6,0,2023,56.59215,-132.7485,2023-07-06 21:41,2023-07-07 04:11,2023-07-06T23:54:46,,5006,Petersburg,,,,,,,,,,Alaska,0.270844907,0.312511574,0.177962963,0.009548611,17.27142857,16,20.8,68.85714286,55,74,0,1.373015873,156.9588234,Meteostat,,,,,,570,187,52,,49.30189896,MYYU,0,0,0,5006
44,34338,Transects,2023-07-14,0,0,0,0,1,0,0,2023,59.46394,-139.59129,2023-07-14 22:22,2023-07-15 04:26,2023-07-15T01:22:23,,34338,Yakutat,,,,,,,,,,Alaska,0.25337963,0.295046296,0.128194444,0.041851852,10.01428571,8.3,11.7,95.71428571,93,97,0,0,93.05165273,Meteostat,,,,,,1770,195,60,,25.78700066,LACI,0,0,0,34338
102,34338,Transects,2023-07-14,0,0,0,0,1,0,0,2023,59.46394,-139.59129,2023-07-14 22:22,2023-07-15 04:26,2023-07-15T01:22:23,,34338,Yakutat,,,,,,,,,,Alaska,0.25337963,0.295046296,0.128194444,0.041851852,10.01428571,8.3,11.7,95.71428571,93,97,0,0,93.05165273,Meteostat,,,,,,1770,195,60,,25.78700066,LANO,0,0,0,34338
160,34338,Transects,2023-07-14,0,0,0,0,1,0,0,2023,59.46394,-139.59129,2023-07-14 22:22,2023-07-15 04:26,2023-07-15T01:22:23,,34338,Yakutat,,,,,,,,,,Alaska,0.25337963,0.295046296,0.128194444,0.041851852,10.01428571,8.3,11.7,95.71428571,93,97,0,0,93.05165273,Meteostat,,,,,,1770,195,60,,25.78700066,MYCA,0,0,0,34338
218,34338,Transects,2023-07-14,0,0,0,0,1,0,0,2023,59.46394,-139.59129,2023-07-14 22:22,2023-07-15 04:26,2023-07-15T01:22:23,,34338,Yakutat,,,,,,,,,,Alaska,0.25337963,0.295046296,0.128194444,0.041851852,10.01428571,8.3,11.7,95.71428571,93,97,0,0,93.05165273,Meteostat,,,,,,1770,195,60,,25.78700066,MYEV,0,0,0,34338
276,34338,Transects,2023-07-14,0,0,0,0,1,0,0,2023,59.46394,-139.59129,2023-07-14 22:22,2023-07-15 04:26,2023-07-15T01:22:23,,34338,Yakutat,,,,,,,,,,Alaska,0.25337963,0.295046296,0.128194444,0.041851852,10.01428571,8.3,11.7,95.71428571,93,97,0,0,93.05165273,Meteostat,,,,,,1770,195,60,,25.78700066,MYLU,1,1,1,34338
334,34338,Transects,2023-07-14,0,0,0,0,1,0,0,2023,59.46394,-139.59129,2023-07-14 22:22,2023-07-15 04:26,2023-07-15T01:22:23,,34338,Yakutat,,,,,,,,,,Alaska,0.25337963,0.295046296,0.128194444,0.041851852,10.01428571,8.3,11.7,95.71428571,93,97,0,0,93.05165273,Meteostat,,,,,,1770,195,60,,25.78700066,MYVO,0,0,0,34338
392,34338,Transects,2023-07-14,0,0,0,0,1,0,0,2023,59.46394,-139.59129,2023-07-14 22:22,2023-07-15 04:26,2023-07-15T01:22:23,,34338,Yakutat,,,,,,,,,,Alaska,0.25337963,0.295046296,0.128194444,0.041851852,10.01428571,8.3,11.7,95.71428571,93,97,0,0,93.05165273,Meteostat,,,,,,1770,195,60,,25.78700066,MYYU,0,0,0,34338
45,34338,Transects,2023-07-18,0,0,0,0,3,0,0,2023,59.46394,-139.59129,2023-07-18 22:15,2023-07-19 04:34,,2023-07-18T23:26:21,34338,Yakutat,,,,,,,,,,Alaska,0.263553241,0.305219907,0.049421296,0,13.35,12.3,14.9,92.375,85,97,1,1.152777778,103.9327306,Meteostat,,,,,,1771,199,64,,25.78700066,LACI,0,0,0,34338
103,34338,Transects,2023-07-18,0,0,0,0,3,0,0,2023,59.46394,-139.59129,2023-07-18 22:15,2023-07-19 04:34,,2023-07-18T23:26:21,34338,Yakutat,,,,,,,,,,Alaska,0.263553241,0.305219907,0.049421296,0,13.35,12.3,14.9,92.375,85,97,1,1.152777778,103.9327306,Meteostat,,,,,,1771,199,64,,25.78700066,LANO,0,0,0,34338
161,34338,Transects,2023-07-18,0,0,0,0,3,0,0,2023,59.46394,-139.59129,2023-07-18 22:15,2023-07-19 04:34,,2023-07-18T23:26:21,34338,Yakutat,,,,,,,,,,Alaska,0.263553241,0.305219907,0.049421296,0,13.35,12.3,14.9,92.375,85,97,1,1.152777778,103.9327306,Meteostat,,,,,,1771,199,64,,25.78700066,MYCA,0,0,0,34338
219,34338,Transects,2023-07-18,0,0,0,0,3,0,0,2023,59.46394,-139.59129,2023-07-18 22:15,2023-07-19 04:34,,2023-07-18T23:26:21,34338,Yakutat,,,,,,,,,,Alaska,0.263553241,0.305219907,0.049421296,0,13.35,12.3,14.9,92.375,85,97,1,1.152777778,103.9327306,Meteostat,,,,,,1771,199,64,,25.78700066,MYEV,0,0,0,34338
277,34338,Transects,2023-07-18,0,0,0,0,3,0,0,2023,59.46394,-139.59129,2023-07-18 22:15,2023-07-19 04:34,,2023-07-18T23:26:21,34338,Yakutat,,,,,,,,,,Alaska,0.263553241,0.305219907,0.049421296,0,13.35,12.3,14.9,92.375,85,97,1,1.152777778,103.9327306,Meteostat,,,,,,1771,199,64,,25.78700066,MYLU,3,3,3,34338
335,34338,Transects,2023-07-18,0,0,0,0,3,0,0,2023,59.46394,-139.59129,2023-07-18 22:15,2023-07-19 04:34,,2023-07-18T23:26:21,34338,Yakutat,,,,,,,,,,Alaska,0.263553241,0.305219907,0.049421296,0,13.35,12.3,14.9,92.375,85,97,1,1.152777778,103.9327306,Meteostat,,,,,,1771,199,64,,25.78700066,MYVO,0,0,0,34338
393,34338,Transects,2023-07-18,0,0,0,0,3,0,0,2023,59.46394,-139.59129,2023-07-18 22:15,2023-07-19 04:34,,2023-07-18T23:26:21,34338,Yakutat,,,,,,,,,,Alaska,0.263553241,0.305219907,0.049421296,0,13.35,12.3,14.9,92.375,85,97,1,1.152777778,103.9327306,Meteostat,,,,,,1771,199,64,,25.78700066,MYYU,0,0,0,34338
54,47310,Transects,2024-06-15,0,1,1,0,3,1,0,2024,55.48978,-131.59868,2024-06-15 21:31,2024-06-16 04:03,,2024-06-16T01:27:55,47310,Ketchikan,,,,,,,,,,Alaska,0.272141204,0.31380787,0.164375,0.081041667,9.671428571,8.6,11.5,93.28571429,88,96,0,2.400793651,65.8882624,Meteostat,,,,,,2118,167,32,,47.06299973,LACI,0,0,0,47310
112,47310,Transects,2024-06-15,0,1,1,0,3,1,0,2024,55.48978,-131.59868,2024-06-15 21:31,2024-06-16 04:03,,2024-06-16T01:27:55,47310,Ketchikan,,,,,,,,,,Alaska,0.272141204,0.31380787,0.164375,0.081041667,9.671428571,8.6,11.5,93.28571429,88,96,0,2.400793651,65.8882624,Meteostat,,,,,,2118,167,32,,47.06299973,LANO,1,1,1,47310
170,47310,Transects,2024-06-15,0,1,1,0,3,1,0,2024,55.48978,-131.59868,2024-06-15 21:31,2024-06-16 04:03,,2024-06-16T01:27:55,47310,Ketchikan,,,,,,,,,,Alaska,0.272141204,0.31380787,0.164375,0.081041667,9.671428571,8.6,11.5,93.28571429,88,96,0,2.400793651,65.8882624,Meteostat,,,,,,2118,167,32,,47.06299973,MYCA,1,1,1,47310
228,47310,Transects,2024-06-15,0,1,1,0,3,1,0,2024,55.48978,-131.59868,2024-06-15 21:31,2024-06-16 04:03,,2024-06-16T01:27:55,47310,Ketchikan,,,,,,,,,,Alaska,0.272141204,0.31380787,0.164375,0.081041667,9.671428571,8.6,11.5,93.28571429,88,96,0,2.400793651,65.8882624,Meteostat,,,,,,2118,167,32,,47.06299973,MYEV,0,0,0,47310
286,47310,Transects,2024-06-15,0,1,1,0,3,1,0,2024,55.48978,-131.59868,2024-06-15 21:31,2024-06-16 04:03,,2024-06-16T01:27:55,47310,Ketchikan,,,,,,,,,,Alaska,0.272141204,0.31380787,0.164375,0.081041667,9.671428571,8.6,11.5,93.28571429,88,96,0,2.400793651,65.8882624,Meteostat,,,,,,2118,167,32,,47.06299973,MYLU,3,3,3,47310
344,47310,Transects,2024-06-15,0,1,1,0,3,1,0,2024,55.48978,-131.59868,2024-06-15 21:31,2024-06-16 04:03,,2024-06-16T01:27:55,47310,Ketchikan,,,,,,,,,,Alaska,0.272141204,0.31380787,0.164375,0.081041667,9.671428571,8.6,11.5,93.28571429,88,96,0,2.400793651,65.8882624,Meteostat,,,,,,2118,167,32,,47.06299973,MYVO,1,1,1,47310
402,47310,Transects,2024-06-15,0,1,1,0,3,1,0,2024,55.48978,-131.59868,2024-06-15 21:31,2024-06-16 04:03,,2024-06-16T01:27:55,47310,Ketchikan,,,,,,,,,,Alaska,0.272141204,0.31380787,0.164375,0.081041667,9.671428571,8.6,11.5,93.28571429,88,96,0,2.400793651,65.8882624,Meteostat,,,,,,2118,167,32,,47.06299973,MYYU,0,0,0,47310
55,47310,Transects,2024-06-17,0,2,1,1,0,2,0,2024,55.48978,-131.59868,2024-06-17 21:32,2024-06-18 04:03,,2024-06-18T01:42:53,47310,Ketchikan,,,,,,,,,,Alaska,0.271539352,0.313206019,0.174155093,0.090821759,9.985714286,8.6,12.3,92.14285714,85,96,0,2.714285714,70.72649193,Meteostat,,,,,,2119,169,34,,47.06299973,LACI,0,0,0,47310
113,47310,Transects,2024-06-17,0,2,1,1,0,2,0,2024,55.48978,-131.59868,2024-06-17 21:32,2024-06-18 04:03,,2024-06-18T01:42:53,47310,Ketchikan,,,,,,,,,,Alaska,0.271539352,0.313206019,0.174155093,0.090821759,9.985714286,8.6,12.3,92.14285714,85,96,0,2.714285714,70.72649193,Meteostat,,,,,,2119,169,34,,47.06299973,LANO,2,2,2,47310
171,47310,Transects,2024-06-17,0,2,1,1,0,2,0,2024,55.48978,-131.59868,2024-06-17 21:32,2024-06-18 04:03,,2024-06-18T01:42:53,47310,Ketchikan,,,,,,,,,,Alaska,0.271539352,0.313206019,0.174155093,0.090821759,9.985714286,8.6,12.3,92.14285714,85,96,0,2.714285714,70.72649193,Meteostat,,,,,,2119,169,34,,47.06299973,MYCA,1,1,1,47310
229,47310,Transects,2024-06-17,0,2,1,1,0,2,0,2024,55.48978,-131.59868,2024-06-17 21:32,2024-06-18 04:03,,2024-06-18T01:42:53,47310,Ketchikan,,,,,,,,,,Alaska,0.271539352,0.313206019,0.174155093,0.090821759,9.985714286,8.6,12.3,92.14285714,85,96,0,2.714285714,70.72649193,Meteostat,,,,,,2119,169,34,,47.06299973,MYEV,1,1,1,47310
287,47310,Transects,2024-06-17,0,2,1,1,0,2,0,2024,55.48978,-131.59868,2024-06-17 21:32,2024-06-18 04:03,,2024-06-18T01:42:53,47310,Ketchikan,,,,,,,,,,Alaska,0.271539352,0.313206019,0.174155093,0.090821759,9.985714286,8.6,12.3,92.14285714,85,96,0,2.714285714,70.72649193,Meteostat,,,,,,2119,169,34,,47.06299973,MYLU,0,0,0,47310
345,47310,Transects,2024-06-17,0,2,1,1,0,2,0,2024,55.48978,-131.59868,2024-06-17 21:32,2024-06-18 04:03,,2024-06-18T01:42:53,47310,Ketchikan,,,,,,,,,,Alaska,0.271539352,0.313206019,0.174155093,0.090821759,9.985714286,8.6,12.3,92.14285714,85,96,0,2.714285714,70.72649193,Meteostat,,,,,,2119,169,34,,47.06299973,MYVO,2,2,2,47310
403,47310,Transects,2024-06-17,0,2,1,1,0,2,0,2024,55.48978,-131.59868,2024-06-17 21:32,2024-06-18 04:03,,2024-06-18T01:42:53,47310,Ketchikan,,,,,,,,,,Alaska,0.271539352,0.313206019,0.174155093,0.090821759,9.985714286,8.6,12.3,92.14285714,85,96,0,2.714285714,70.72649193,Meteostat,,,,,,2119,169,34,,47.06299973,MYYU,0,0,0,47310
56,47310,Transects,2024-06-20,0,4,0,2,4,6,0,2024,55.48978,-131.59868,2024-06-20 21:32,2024-06-21 04:03,,2024-06-21T02:50:35,47310,Ketchikan,,,,,,,,,,Alaska,0.271273148,0.312939815,0.22056713,0.137233796,10.21428571,9.3,12.1,95.14285714,87,98,0,2.869047619,80.03801667,Meteostat,,,,,,2120,172,37,,47.06299973,LACI,0,0,0,47310
114,47310,Transects,2024-06-20,0,4,0,2,4,6,0,2024,55.48978,-131.59868,2024-06-20 21:32,2024-06-21 04:03,,2024-06-21T02:50:35,47310,Ketchikan,,,,,,,,,,Alaska,0.271273148,0.312939815,0.22056713,0.137233796,10.21428571,9.3,12.1,95.14285714,87,98,0,2.869047619,80.03801667,Meteostat,,,,,,2120,172,37,,47.06299973,LANO,4,4,4,47310
172,47310,Transects,2024-06-20,0,4,0,2,4,6,0,2024,55.48978,-131.59868,2024-06-20 21:32,2024-06-21 04:03,,2024-06-21T02:50:35,47310,Ketchikan,,,,,,,,,,Alaska,0.271273148,0.312939815,0.22056713,0.137233796,10.21428571,9.3,12.1,95.14285714,87,98,0,2.869047619,80.03801667,Meteostat,,,,,,2120,172,37,,47.06299973,MYCA,0,0,0,47310
230,47310,Transects,2024-06-20,0,4,0,2,4,6,0,2024,55.48978,-131.59868,2024-06-20 21:32,2024-06-21 04:03,,2024-06-21T02:50:35,47310,Ketchikan,,,,,,,,,,Alaska,0.271273148,0.312939815,0.22056713,0.137233796,10.21428571,9.3,12.1,95.14285714,87,98,0,2.869047619,80.03801667,Meteostat,,,,,,2120,172,37,,47.06299973,MYEV,2,2,2,47310
288,47310,Transects,2024-06-20,0,4,0,2,4,6,0,2024,55.48978,-131.59868,2024-06-20 21:32,2024-06-21 04:03,,2024-06-21T02:50:35,47310,Ketchikan,,,,,,,,,,Alaska,0.271273148,0.312939815,0.22056713,0.137233796,10.21428571,9.3,12.1,95.14285714,87,98,0,2.869047619,80.03801667,Meteostat,,,,,,2120,172,37,,47.06299973,MYLU,4,4,4,47310
346,47310,Transects,2024-06-20,0,4,0,2,4,6,0,2024,55.48978,-131.59868,2024-06-20 21:32,2024-06-21 04:03,,2024-06-21T02:50:35,47310,Ketchikan,,,,,,,,,,Alaska,0.271273148,0.312939815,0.22056713,0.137233796,10.21428571,9.3,12.1,95.14285714,87,98,0,2.869047619,80.03801667,Meteostat,,,,,,2120,172,37,,47.06299973,MYVO,6,6,6,47310
404,47310,Transects,2024-06-20,0,4,0,2,4,6,0,2024,55.48978,-131.59868,2024-06-20 21:32,2024-06-21 04:03,,2024-06-21T02:50:35,47310,Ketchikan,,,,,,,,,,Alaska,0.271273148,0.312939815,0.22056713,0.137233796,10.21428571,9.3,12.1,95.14285714,87,98,0,2.869047619,80.03801667,Meteostat,,,,,,2120,172,37,,47.06299973,MYYU,0,0,0,47310
11,206,Transects,2024-06-25,0,5,0,0,0,0,0,2024,55.87387,-133.21478,2024-06-25 21:42,2024-06-26 04:09,2024-06-26T00:19:02,,206,POW,,,,,,,,,,Alaska,0.268611111,0.310277778,0.159872685,0.025405093,12.78571429,12.2,13.3,89.42857143,80,93,1,0,110.8166404,Meteostat,,,,,,258,177,42,,48.88809967,LACI,0,0,0,206
33,18318,Transects,2024-06-25,0,0,0,0,6,8,0,2024,56.2452,-132.09366,2024-06-25 21:40,2024-06-26 04:01,2024-06-26T00:15:49,,18318,Wrangell,,,,,,,,,,Alaska,0.264652778,0.306319444,0.157013889,0.024305556,13.95714286,13.4,14.6,84.85714286,82,88,0,1,138.4337783,Meteostat,,,,,,860,177,42,,38.09939957,LACI,0,0,0,18318
69,206,Transects,2024-06-25,0,5,0,0,0,0,0,2024,55.87387,-133.21478,2024-06-25 21:42,2024-06-26 04:09,2024-06-26T00:19:02,,206,POW,,,,,,,,,,Alaska,0.268611111,0.310277778,0.159872685,0.025405093,12.78571429,12.2,13.3,89.42857143,80,93,1,0,110.8166404,Meteostat,,,,,,258,177,42,,48.88809967,LANO,5,5,5,206
91,18318,Transects,2024-06-25,0,0,0,0,6,8,0,2024,56.2452,-132.09366,2024-06-25 21:40,2024-06-26 04:01,2024-06-26T00:15:49,,18318,Wrangell,,,,,,,,,,Alaska,0.264652778,0.306319444,0.157013889,0.024305556,13.95714286,13.4,14.6,84.85714286,82,88,0,1,138.4337783,Meteostat,,,,,,860,177,42,,38.09939957,LANO,0,0,0,18318
127,206,Transects,2024-06-25,0,5,0,0,0,0,0,2024,55.87387,-133.21478,2024-06-25 21:42,2024-06-26 04:09,2024-06-26T00:19:02,,206,POW,,,,,,,,,,Alaska,0.268611111,0.310277778,0.159872685,0.025405093,12.78571429,12.2,13.3,89.42857143,80,93,1,0,110.8166404,Meteostat,,,,,,258,177,42,,48.88809967,MYCA,0,0,0,206
149,18318,Transects,2024-06-25,0,0,0,0,6,8,0,2024,56.2452,-132.09366,2024-06-25 21:40,2024-06-26 04:01,2024-06-26T00:15:49,,18318,Wrangell,,,,,,,,,,Alaska,0.264652778,0.306319444,0.157013889,0.024305556,13.95714286,13.4,14.6,84.85714286,82,88,0,1,138.4337783,Meteostat,,,,,,860,177,42,,38.09939957,MYCA,0,0,0,18318
185,206,Transects,2024-06-25,0,5,0,0,0,0,0,2024,55.87387,-133.21478,2024-06-25 21:42,2024-06-26 04:09,2024-06-26T00:19:02,,206,POW,,,,,,,,,,Alaska,0.268611111,0.310277778,0.159872685,0.025405093,12.78571429,12.2,13.3,89.42857143,80,93,1,0,110.8166404,Meteostat,,,,,,258,177,42,,48.88809967,MYEV,0,0,0,206
207,18318,Transects,2024-06-25,0,0,0,0,6,8,0,2024,56.2452,-132.09366,2024-06-25 21:40,2024-06-26 04:01,2024-06-26T00:15:49,,18318,Wrangell,,,,,,,,,,Alaska,0.264652778,0.306319444,0.157013889,0.024305556,13.95714286,13.4,14.6,84.85714286,82,88,0,1,138.4337783,Meteostat,,,,,,860,177,42,,38.09939957,MYEV,0,0,0,18318
243,206,Transects,2024-06-25,0,5,0,0,0,0,0,2024,55.87387,-133.21478,2024-06-25 21:42,2024-06-26 04:09,2024-06-26T00:19:02,,206,POW,,,,,,,,,,Alaska,0.268611111,0.310277778,0.159872685,0.025405093,12.78571429,12.2,13.3,89.42857143,80,93,1,0,110.8166404,Meteostat,,,,,,258,177,42,,48.88809967,MYLU,0,0,0,206
265,18318,Transects,2024-06-25,0,0,0,0,6,8,0,2024,56.2452,-132.09366,2024-06-25 21:40,2024-06-26 04:01,2024-06-26T00:15:49,,18318,Wrangell,,,,,,,,,,Alaska,0.264652778,0.306319444,0.157013889,0.024305556,13.95714286,13.4,14.6,84.85714286,82,88,0,1,138.4337783,Meteostat,,,,,,860,177,42,,38.09939957,MYLU,6,6,6,18318
301,206,Transects,2024-06-25,0,5,0,0,0,0,0,2024,55.87387,-133.21478,2024-06-25 21:42,2024-06-26 04:09,2024-06-26T00:19:02,,206,POW,,,,,,,,,,Alaska,0.268611111,0.310277778,0.159872685,0.025405093,12.78571429,12.2,13.3,89.42857143,80,93,1,0,110.8166404,Meteostat,,,,,,258,177,42,,48.88809967,MYVO,0,0,0,206
323,18318,Transects,2024-06-25,0,0,0,0,6,8,0,2024,56.2452,-132.09366,2024-06-25 21:40,2024-06-26 04:01,2024-06-26T00:15:49,,18318,Wrangell,,,,,,,,,,Alaska,0.264652778,0.306319444,0.157013889,0.024305556,13.95714286,13.4,14.6,84.85714286,82,88,0,1,138.4337783,Meteostat,,,,,,860,177,42,,38.09939957,MYVO,8,8,8,18318
359,206,Transects,2024-06-25,0,5,0,0,0,0,0,2024,55.87387,-133.21478,2024-06-25 21:42,2024-06-26 04:09,2024-06-26T00:19:02,,206,POW,,,,,,,,,,Alaska,0.268611111,0.310277778,0.159872685,0.025405093,12.78571429,12.2,13.3,89.42857143,80,93,1,0,110.8166404,Meteostat,,,,,,258,177,42,,48.88809967,MYYU,0,0,0,206
381,18318,Transects,2024-06-25,0,0,0,0,6,8,0,2024,56.2452,-132.09366,2024-06-25 21:40,2024-06-26 04:01,2024-06-26T00:15:49,,18318,Wrangell,,,,,,,,,,Alaska,0.264652778,0.306319444,0.157013889,0.024305556,13.95714286,13.4,14.6,84.85714286,82,88,0,1,138.4337783,Meteostat,,,,,,860,177,42,,38.09939957,MYYU,0,0,0,18318
22,5006,Transects,2024-06-26,0,0,1,2,10,5,0,2024,56.59215,-132.7485,2024-06-26 21:46,2024-06-27 04:02,2024-06-27T00:26:08,,5006,Petersburg,,,,,,,,,,Alaska,0.261400463,0.30306713,0.150196759,0.02787037,14.6,13,16.4,86,81,91,0,0.5,95.05072738,Meteostat,,,,,,571,178,43,,49.30189896,LACI,0,0,0,5006
80,5006,Transects,2024-06-26,0,0,1,2,10,5,0,2024,56.59215,-132.7485,2024-06-26 21:46,2024-06-27 04:02,2024-06-27T00:26:08,,5006,Petersburg,,,,,,,,,,Alaska,0.261400463,0.30306713,0.150196759,0.02787037,14.6,13,16.4,86,81,91,0,0.5,95.05072738,Meteostat,,,,,,571,178,43,,49.30189896,LANO,0,0,0,5006
138,5006,Transects,2024-06-26,0,0,1,2,10,5,0,2024,56.59215,-132.7485,2024-06-26 21:46,2024-06-27 04:02,2024-06-27T00:26:08,,5006,Petersburg,,,,,,,,,,Alaska,0.261400463,0.30306713,0.150196759,0.02787037,14.6,13,16.4,86,81,91,0,0.5,95.05072738,Meteostat,,,,,,571,178,43,,49.30189896,MYCA,1,1,1,5006
196,5006,Transects,2024-06-26,0,0,1,2,10,5,0,2024,56.59215,-132.7485,2024-06-26 21:46,2024-06-27 04:02,2024-06-27T00:26:08,,5006,Petersburg,,,,,,,,,,Alaska,0.261400463,0.30306713,0.150196759,0.02787037,14.6,13,16.4,86,81,91,0,0.5,95.05072738,Meteostat,,,,,,571,178,43,,49.30189896,MYEV,2,2,2,5006
254,5006,Transects,2024-06-26,0,0,1,2,10,5,0,2024,56.59215,-132.7485,2024-06-26 21:46,2024-06-27 04:02,2024-06-27T00:26:08,,5006,Petersburg,,,,,,,,,,Alaska,0.261400463,0.30306713,0.150196759,0.02787037,14.6,13,16.4,86,81,91,0,0.5,95.05072738,Meteostat,,,,,,571,178,43,,49.30189896,MYLU,10,10,10,5006
312,5006,Transects,2024-06-26,0,0,1,2,10,5,0,2024,56.59215,-132.7485,2024-06-26 21:46,2024-06-27 04:02,2024-06-27T00:26:08,,5006,Petersburg,,,,,,,,,,Alaska,0.261400463,0.30306713,0.150196759,0.02787037,14.6,13,16.4,86,81,91,0,0.5,95.05072738,Meteostat,,,,,,571,178,43,,49.30189896,MYVO,5,5,5,5006
370,5006,Transects,2024-06-26,0,0,1,2,10,5,0,2024,56.59215,-132.7485,2024-06-26 21:46,2024-06-27 04:02,2024-06-27T00:26:08,,5006,Petersburg,,,,,,,,,,Alaska,0.261400463,0.30306713,0.150196759,0.02787037,14.6,13,16.4,86,81,91,0,0.5,95.05072738,Meteostat,,,,,,571,178,43,,49.30189896,MYYU,0,0,0,5006
23,5006,Transects,2024-06-27,0,0,1,1,10,6,0,2024,56.59215,-132.7485,2024-06-27 21:45,2024-06-28 04:03,2024-06-28T00:31:26,,5006,Petersburg,,,,,,,,,,Alaska,0.262060185,0.303726852,0.146990741,0.031736111,14.58571429,12.9,17.4,84.57142857,76,89,0,1.071428571,100.0507274,Meteostat,,,,,,572,179,44,,49.30189896,LACI,0,0,0,5006
34,18318,Transects,2024-06-27,1,0,0,1,5,8,0,2024,56.2452,-132.09366,2024-06-27 21:40,2024-06-28 04:03,2024-06-28T00:28:43,,18318,Wrangell,,,,,,,,,,Alaska,0.265844907,0.307511574,0.148946759,0.033564815,14.58571429,12.9,17.4,84.57142857,76,89,0,1.071428571,148.4337783,Meteostat,,,,,,861,179,44,,38.09939957,LACI,1,1,1,18318
81,5006,Transects,2024-06-27,0,0,1,1,10,6,0,2024,56.59215,-132.7485,2024-06-27 21:45,2024-06-28 04:03,2024-06-28T00:31:26,,5006,Petersburg,,,,,,,,,,Alaska,0.262060185,0.303726852,0.146990741,0.031736111,14.58571429,12.9,17.4,84.57142857,76,89,0,1.071428571,100.0507274,Meteostat,,,,,,572,179,44,,49.30189896,LANO,0,0,0,5006
92,18318,Transects,2024-06-27,1,0,0,1,5,8,0,2024,56.2452,-132.09366,2024-06-27 21:40,2024-06-28 04:03,2024-06-28T00:28:43,,18318,Wrangell,,,,,,,,,,Alaska,0.265844907,0.307511574,0.148946759,0.033564815,14.58571429,12.9,17.4,84.57142857,76,89,0,1.071428571,148.4337783,Meteostat,,,,,,861,179,44,,38.09939957,LANO,0,0,0,18318
139,5006,Transects,2024-06-27,0,0,1,1,10,6,0,2024,56.59215,-132.7485,2024-06-27 21:45,2024-06-28 04:03,2024-06-28T00:31:26,,5006,Petersburg,,,,,,,,,,Alaska,0.262060185,0.303726852,0.146990741,0.031736111,14.58571429,12.9,17.4,84.57142857,76,89,0,1.071428571,100.0507274,Meteostat,,,,,,572,179,44,,49.30189896,MYCA,1,1,1,5006
150,18318,Transects,2024-06-27,1,0,0,1,5,8,0,2024,56.2452,-132.09366,2024-06-27 21:40,2024-06-28 04:03,2024-06-28T00:28:43,,18318,Wrangell,,,,,,,,,,Alaska,0.265844907,0.307511574,0.148946759,0.033564815,14.58571429,12.9,17.4,84.57142857,76,89,0,1.071428571,148.4337783,Meteostat,,,,,,861,179,44,,38.09939957,MYCA,0,0,0,18318
197,5006,Transects,2024-06-27,0,0,1,1,10,6,0,2024,56.59215,-132.7485,2024-06-27 21:45,2024-06-28 04:03,2024-06-28T00:31:26,,5006,Petersburg,,,,,,,,,,Alaska,0.262060185,0.303726852,0.146990741,0.031736111,14.58571429,12.9,17.4,84.57142857,76,89,0,1.071428571,100.0507274,Meteostat,,,,,,572,179,44,,49.30189896,MYEV,1,1,1,5006
208,18318,Transects,2024-06-27,1,0,0,1,5,8,0,2024,56.2452,-132.09366,2024-06-27 21:40,2024-06-28 04:03,2024-06-28T00:28:43,,18318,Wrangell,,,,,,,,,,Alaska,0.265844907,0.307511574,0.148946759,0.033564815,14.58571429,12.9,17.4,84.57142857,76,89,0,1.071428571,148.4337783,Meteostat,,,,,,861,179,44,,38.09939957,MYEV,1,1,1,18318
255,5006,Transects,2024-06-27,0,0,1,1,10,6,0,2024,56.59215,-132.7485,2024-06-27 21:45,2024-06-28 04:03,2024-06-28T00:31:26,,5006,Petersburg,,,,,,,,,,Alaska,0.262060185,0.303726852,0.146990741,0.031736111,14.58571429,12.9,17.4,84.57142857,76,89,0,1.071428571,100.0507274,Meteostat,,,,,,572,179,44,,49.30189896,MYLU,10,10,10,5006
266,18318,Transects,2024-06-27,1,0,0,1,5,8,0,2024,56.2452,-132.09366,2024-06-27 21:40,2024-06-28 04:03,2024-06-28T00:28:43,,18318,Wrangell,,,,,,,,,,Alaska,0.265844907,0.307511574,0.148946759,0.033564815,14.58571429,12.9,17.4,84.57142857,76,89,0,1.071428571,148.4337783,Meteostat,,,,,,861,179,44,,38.09939957,MYLU,5,5,5,18318
313,5006,Transects,2024-06-27,0,0,1,1,10,6,0,2024,56.59215,-132.7485,2024-06-27 21:45,2024-06-28 04:03,2024-06-28T00:31:26,,5006,Petersburg,,,,,,,,,,Alaska,0.262060185,0.303726852,0.146990741,0.031736111,14.58571429,12.9,17.4,84.57142857,76,89,0,1.071428571,100.0507274,Meteostat,,,,,,572,179,44,,49.30189896,MYVO,6,6,6,5006
324,18318,Transects,2024-06-27,1,0,0,1,5,8,0,2024,56.2452,-132.09366,2024-06-27 21:40,2024-06-28 04:03,2024-06-28T00:28:43,,18318,Wrangell,,,,,,,,,,Alaska,0.265844907,0.307511574,0.148946759,0.033564815,14.58571429,12.9,17.4,84.57142857,76,89,0,1.071428571,148.4337783,Meteostat,,,,,,861,179,44,,38.09939957,MYVO,8,8,8,18318
371,5006,Transects,2024-06-27,0,0,1,1,10,6,0,2024,56.59215,-132.7485,2024-06-27 21:45,2024-06-28 04:03,2024-06-28T00:31:26,,5006,Petersburg,,,,,,,,,,Alaska,0.262060185,0.303726852,0.146990741,0.031736111,14.58571429,12.9,17.4,84.57142857,76,89,0,1.071428571,100.0507274,Meteostat,,,,,,572,179,44,,49.30189896,MYYU,0,0,0,5006
382,18318,Transects,2024-06-27,1,0,0,1,5,8,0,2024,56.2452,-132.09366,2024-06-27 21:40,2024-06-28 04:03,2024-06-28T00:28:43,,18318,Wrangell,,,,,,,,,,Alaska,0.265844907,0.307511574,0.148946759,0.033564815,14.58571429,12.9,17.4,84.57142857,76,89,0,1.071428571,148.4337783,Meteostat,,,,,,861,179,44,,38.09939957,MYYU,0,0,0,18318
46,34338,Transects,2024-07-16,0,1,0,0,3,0,0,2024,59.46394,-139.59129,2024-07-16 22:17,2024-07-17 04:32,,2024-07-17T00:09:55,34338,Yakutat,,,,,,,,,,Alaska,0.260289352,0.301956019,0.078125,0,9.3625,8.3,10.6,91.875,80,97,0,0.5625,142.0020051,Meteostat,,,,,,1772,198,63,,25.78700066,LACI,0,0,0,34338
104,34338,Transects,2024-07-16,0,1,0,0,3,0,0,2024,59.46394,-139.59129,2024-07-16 22:17,2024-07-17 04:32,,2024-07-17T00:09:55,34338,Yakutat,,,,,,,,,,Alaska,0.260289352,0.301956019,0.078125,0,9.3625,8.3,10.6,91.875,80,97,0,0.5625,142.0020051,Meteostat,,,,,,1772,198,63,,25.78700066,LANO,1,1,1,34338
162,34338,Transects,2024-07-16,0,1,0,0,3,0,0,2024,59.46394,-139.59129,2024-07-16 22:17,2024-07-17 04:32,,2024-07-17T00:09:55,34338,Yakutat,,,,,,,,,,Alaska,0.260289352,0.301956019,0.078125,0,9.3625,8.3,10.6,91.875,80,97,0,0.5625,142.0020051,Meteostat,,,,,,1772,198,63,,25.78700066,MYCA,0,0,0,34338
220,34338,Transects,2024-07-16,0,1,0,0,3,0,0,2024,59.46394,-139.59129,2024-07-16 22:17,2024-07-17 04:32,,2024-07-17T00:09:55,34338,Yakutat,,,,,,,,,,Alaska,0.260289352,0.301956019,0.078125,0,9.3625,8.3,10.6,91.875,80,97,0,0.5625,142.0020051,Meteostat,,,,,,1772,198,63,,25.78700066,MYEV,0,0,0,34338
278,34338,Transects,2024-07-16,0,1,0,0,3,0,0,2024,59.46394,-139.59129,2024-07-16 22:17,2024-07-17 04:32,,2024-07-17T00:09:55,34338,Yakutat,,,,,,,,,,Alaska,0.260289352,0.301956019,0.078125,0,9.3625,8.3,10.6,91.875,80,97,0,0.5625,142.0020051,Meteostat,,,,,,1772,198,63,,25.78700066,MYLU,3,3,3,34338
336,34338,Transects,2024-07-16,0,1,0,0,3,0,0,2024,59.46394,-139.59129,2024-07-16 22:17,2024-07-17 04:32,,2024-07-17T00:09:55,34338,Yakutat,,,,,,,,,,Alaska,0.260289352,0.301956019,0.078125,0,9.3625,8.3,10.6,91.875,80,97,0,0.5625,142.0020051,Meteostat,,,,,,1772,198,63,,25.78700066,MYVO,0,0,0,34338
394,34338,Transects,2024-07-16,0,1,0,0,3,0,0,2024,59.46394,-139.59129,2024-07-16 22:17,2024-07-17 04:32,,2024-07-17T00:09:55,34338,Yakutat,,,,,,,,,,Alaska,0.260289352,0.301956019,0.078125,0,9.3625,8.3,10.6,91.875,80,97,0,0.5625,142.0020051,Meteostat,,,,,,1772,198,63,,25.78700066,MYYU,0,0,0,34338
47,34338,Transects,2024-07-18,0,0,1,0,8,1,0,2024,59.46394,-139.59129,2024-07-18 22:13,2024-07-19 04:36,,2024-07-19T01:00:46,34338,Yakutat,,,,,,,,,,Alaska,0.265578704,0.30724537,0.115972222,0.032638889,9.2375,7.2,12.2,91.625,80,97,0,0,147.1358803,Meteostat,,,,,,1773,200,65,,25.78700066,LACI,0,0,0,34338
105,34338,Transects,2024-07-18,0,0,1,0,8,1,0,2024,59.46394,-139.59129,2024-07-18 22:13,2024-07-19 04:36,,2024-07-19T01:00:46,34338,Yakutat,,,,,,,,,,Alaska,0.265578704,0.30724537,0.115972222,0.032638889,9.2375,7.2,12.2,91.625,80,97,0,0,147.1358803,Meteostat,,,,,,1773,200,65,,25.78700066,LANO,0,0,0,34338
163,34338,Transects,2024-07-18,0,0,1,0,8,1,0,2024,59.46394,-139.59129,2024-07-18 22:13,2024-07-19 04:36,,2024-07-19T01:00:46,34338,Yakutat,,,,,,,,,,Alaska,0.265578704,0.30724537,0.115972222,0.032638889,9.2375,7.2,12.2,91.625,80,97,0,0,147.1358803,Meteostat,,,,,,1773,200,65,,25.78700066,MYCA,1,1,1,34338
221,34338,Transects,2024-07-18,0,0,1,0,8,1,0,2024,59.46394,-139.59129,2024-07-18 22:13,2024-07-19 04:36,,2024-07-19T01:00:46,34338,Yakutat,,,,,,,,,,Alaska,0.265578704,0.30724537,0.115972222,0.032638889,9.2375,7.2,12.2,91.625,80,97,0,0,147.1358803,Meteostat,,,,,,1773,200,65,,25.78700066,MYEV,0,0,0,34338
279,34338,Transects,2024-07-18,0,0,1,0,8,1,0,2024,59.46394,-139.59129,2024-07-18 22:13,2024-07-19 04:36,,2024-07-19T01:00:46,34338,Yakutat,,,,,,,,,,Alaska,0.265578704,0.30724537,0.115972222,0.032638889,9.2375,7.2,12.2,91.625,80,97,0,0,147.1358803,Meteostat,,,,,,1773,200,65,,25.78700066,MYLU,8,8,8,34338
337,34338,Transects,2024-07-18,0,0,1,0,8,1,0,2024,59.46394,-139.59129,2024-07-18 22:13,2024-07-19 04:36,,2024-07-19T01:00:46,34338,Yakutat,,,,,,,,,,Alaska,0.265578704,0.30724537,0.115972222,0.032638889,9.2375,7.2,12.2,91.625,80,97,0,0,147.1358803,Meteostat,,,,,,1773,200,65,,25.78700066,MYVO,1,1,1,34338
395,34338,Transects,2024-07-18,0,0,1,0,8,1,0,2024,59.46394,-139.59129,2024-07-18 22:13,2024-07-19 04:36,,2024-07-19T01:00:46,34338,Yakutat,,,,,,,,,,Alaska,0.265578704,0.30724537,0.115972222,0.032638889,9.2375,7.2,12.2,91.625,80,97,0,0,147.1358803,Meteostat,,,,,,1773,200,65,,25.78700066,MYYU,0,0,0,34338
35,18318,Transects,2025-06-10,0,5,0,1,6,8,0,2025,56.2452,-132.09366,2025-06-10 21:35,2025-06-11 04:00,2025-06-10T22:15:49,2025-06-11T03:19:15,18318,Wrangell,,,,,,,,,,Alaska,0.267638889,0.309305556,0.210717593,0,8.085714286,6,10,82.57142857,71,93,0,1.857142857,32.62352842,Meteostat,,,,,,862,161,26,,38.09939957,LACI,0,0,0,18318
93,18318,Transects,2025-06-10,0,5,0,1,6,8,0,2025,56.2452,-132.09366,2025-06-10 21:35,2025-06-11 04:00,2025-06-10T22:15:49,2025-06-11T03:19:15,18318,Wrangell,,,,,,,,,,Alaska,0.267638889,0.309305556,0.210717593,0,8.085714286,6,10,82.57142857,71,93,0,1.857142857,32.62352842,Meteostat,,,,,,862,161,26,,38.09939957,LANO,5,5,5,18318
151,18318,Transects,2025-06-10,0,5,0,1,6,8,0,2025,56.2452,-132.09366,2025-06-10 21:35,2025-06-11 04:00,2025-06-10T22:15:49,2025-06-11T03:19:15,18318,Wrangell,,,,,,,,,,Alaska,0.267638889,0.309305556,0.210717593,0,8.085714286,6,10,82.57142857,71,93,0,1.857142857,32.62352842,Meteostat,,,,,,862,161,26,,38.09939957,MYCA,0,0,0,18318
209,18318,Transects,2025-06-10,0,5,0,1,6,8,0,2025,56.2452,-132.09366,2025-06-10 21:35,2025-06-11 04:00,2025-06-10T22:15:49,2025-06-11T03:19:15,18318,Wrangell,,,,,,,,,,Alaska,0.267638889,0.309305556,0.210717593,0,8.085714286,6,10,82.57142857,71,93,0,1.857142857,32.62352842,Meteostat,,,,,,862,161,26,,38.09939957,MYEV,1,1,1,18318
267,18318,Transects,2025-06-10,0,5,0,1,6,8,0,2025,56.2452,-132.09366,2025-06-10 21:35,2025-06-11 04:00,2025-06-10T22:15:49,2025-06-11T03:19:15,18318,Wrangell,,,,,,,,,,Alaska,0.267638889,0.309305556,0.210717593,0,8.085714286,6,10,82.57142857,71,93,0,1.857142857,32.62352842,Meteostat,,,,,,862,161,26,,38.09939957,MYLU,6,6,6,18318
325,18318,Transects,2025-06-10,0,5,0,1,6,8,0,2025,56.2452,-132.09366,2025-06-10 21:35,2025-06-11 04:00,2025-06-10T22:15:49,2025-06-11T03:19:15,18318,Wrangell,,,,,,,,,,Alaska,0.267638889,0.309305556,0.210717593,0,8.085714286,6,10,82.57142857,71,93,0,1.857142857,32.62352842,Meteostat,,,,,,862,161,26,,38.09939957,MYVO,8,8,8,18318
383,18318,Transects,2025-06-10,0,5,0,1,6,8,0,2025,56.2452,-132.09366,2025-06-10 21:35,2025-06-11 04:00,2025-06-10T22:15:49,2025-06-11T03:19:15,18318,Wrangell,,,,,,,,,,Alaska,0.267638889,0.309305556,0.210717593,0,8.085714286,6,10,82.57142857,71,93,0,1.857142857,32.62352842,Meteostat,,,,,,862,161,26,,38.09939957,MYYU,0,0,0,18318
36,18318,Transects,2025-06-11,0,10,1,5,18,14,1,2025,56.2452,-132.09366,2025-06-11 21:36,2025-06-12 04:00,2025-06-11T23:13:52,,18318,Wrangell,,,,,,,,,,Alaska,0.266782407,0.308449074,0.198888889,0,9.157142857,8.3,10,75.42857143,71,82,0,2.011904762,34.64703855,Meteostat,,,,,,863,162,27,,38.09939957,LACI,0,0,0,18318
94,18318,Transects,2025-06-11,0,10,1,5,18,14,1,2025,56.2452,-132.09366,2025-06-11 21:36,2025-06-12 04:00,2025-06-11T23:13:52,,18318,Wrangell,,,,,,,,,,Alaska,0.266782407,0.308449074,0.198888889,0,9.157142857,8.3,10,75.42857143,71,82,0,2.011904762,34.64703855,Meteostat,,,,,,863,162,27,,38.09939957,LANO,10,10,10,18318
152,18318,Transects,2025-06-11,0,10,1,5,18,14,1,2025,56.2452,-132.09366,2025-06-11 21:36,2025-06-12 04:00,2025-06-11T23:13:52,,18318,Wrangell,,,,,,,,,,Alaska,0.266782407,0.308449074,0.198888889,0,9.157142857,8.3,10,75.42857143,71,82,0,2.011904762,34.64703855,Meteostat,,,,,,863,162,27,,38.09939957,MYCA,1,1,1,18318
210,18318,Transects,2025-06-11,0,10,1,5,18,14,1,2025,56.2452,-132.09366,2025-06-11 21:36,2025-06-12 04:00,2025-06-11T23:13:52,,18318,Wrangell,,,,,,,,,,Alaska,0.266782407,0.308449074,0.198888889,0,9.157142857,8.3,10,75.42857143,71,82,0,2.011904762,34.64703855,Meteostat,,,,,,863,162,27,,38.09939957,MYEV,5,5,5,18318
268,18318,Transects,2025-06-11,0,10,1,5,18,14,1,2025,56.2452,-132.09366,2025-06-11 21:36,2025-06-12 04:00,2025-06-11T23:13:52,,18318,Wrangell,,,,,,,,,,Alaska,0.266782407,0.308449074,0.198888889,0,9.157142857,8.3,10,75.42857143,71,82,0,2.011904762,34.64703855,Meteostat,,,,,,863,162,27,,38.09939957,MYLU,18,18,18,18318
326,18318,Transects,2025-06-11,0,10,1,5,18,14,1,2025,56.2452,-132.09366,2025-06-11 21:36,2025-06-12 04:00,2025-06-11T23:13:52,,18318,Wrangell,,,,,,,,,,Alaska,0.266782407,0.308449074,0.198888889,0,9.157142857,8.3,10,75.42857143,71,82,0,2.011904762,34.64703855,Meteostat,,,,,,863,162,27,,38.09939957,MYVO,14,14,14,18318
384,18318,Transects,2025-06-11,0,10,1,5,18,14,1,2025,56.2452,-132.09366,2025-06-11 21:36,2025-06-12 04:00,2025-06-11T23:13:52,,18318,Wrangell,,,,,,,,,,Alaska,0.266782407,0.308449074,0.198888889,0,9.157142857,8.3,10,75.42857143,71,82,0,2.011904762,34.64703855,Meteostat,,,,,,863,162,27,,38.09939957,MYYU,1,1,1,18318
57,47310,Transects,2025-06-20,0,10,0,0,5,3,0,2025,55.48978,-131.59868,2025-06-20 21:32,2025-06-21 04:03,2025-06-21T01:12:27,,47310,Ketchikan,,,,,,,,,,Alaska,0.27125,0.312916667,0.118796296,0.06912037,13.88571429,13.3,15,83.28571429,77,88,0,6.305555556,67.67896583,Meteostat,,,,,,2121,171,36,,47.06299973,LACI,0,0,0,47310
115,47310,Transects,2025-06-20,0,10,0,0,5,3,0,2025,55.48978,-131.59868,2025-06-20 21:32,2025-06-21 04:03,2025-06-21T01:12:27,,47310,Ketchikan,,,,,,,,,,Alaska,0.27125,0.312916667,0.118796296,0.06912037,13.88571429,13.3,15,83.28571429,77,88,0,6.305555556,67.67896583,Meteostat,,,,,,2121,171,36,,47.06299973,LANO,10,10,10,47310
173,47310,Transects,2025-06-20,0,10,0,0,5,3,0,2025,55.48978,-131.59868,2025-06-20 21:32,2025-06-21 04:03,2025-06-21T01:12:27,,47310,Ketchikan,,,,,,,,,,Alaska,0.27125,0.312916667,0.118796296,0.06912037,13.88571429,13.3,15,83.28571429,77,88,0,6.305555556,67.67896583,Meteostat,,,,,,2121,171,36,,47.06299973,MYCA,0,0,0,47310
231,47310,Transects,2025-06-20,0,10,0,0,5,3,0,2025,55.48978,-131.59868,2025-06-20 21:32,2025-06-21 04:03,2025-06-21T01:12:27,,47310,Ketchikan,,,,,,,,,,Alaska,0.27125,0.312916667,0.118796296,0.06912037,13.88571429,13.3,15,83.28571429,77,88,0,6.305555556,67.67896583,Meteostat,,,,,,2121,171,36,,47.06299973,MYEV,0,0,0,47310
289,47310,Transects,2025-06-20,0,10,0,0,5,3,0,2025,55.48978,-131.59868,2025-06-20 21:32,2025-06-21 04:03,2025-06-21T01:12:27,,47310,Ketchikan,,,,,,,,,,Alaska,0.27125,0.312916667,0.118796296,0.06912037,13.88571429,13.3,15,83.28571429,77,88,0,6.305555556,67.67896583,Meteostat,,,,,,2121,171,36,,47.06299973,MYLU,5,5,5,47310
347,47310,Transects,2025-06-20,0,10,0,0,5,3,0,2025,55.48978,-131.59868,2025-06-20 21:32,2025-06-21 04:03,2025-06-21T01:12:27,,47310,Ketchikan,,,,,,,,,,Alaska,0.27125,0.312916667,0.118796296,0.06912037,13.88571429,13.3,15,83.28571429,77,88,0,6.305555556,67.67896583,Meteostat,,,,,,2121,171,36,,47.06299973,MYVO,3,3,3,47310
405,47310,Transects,2025-06-20,0,10,0,0,5,3,0,2025,55.48978,-131.59868,2025-06-20 21:32,2025-06-21 04:03,2025-06-21T01:12:27,,47310,Ketchikan,,,,,,,,,,Alaska,0.27125,0.312916667,0.118796296,0.06912037,13.88571429,13.3,15,83.28571429,77,88,0,6.305555556,67.67896583,Meteostat,,,,,,2121,171,36,,47.06299973,MYYU,0,0,0,47310
58,47310,Transects,2025-06-21,0,3,0,0,3,1,0,2025,55.48978,-131.59868,2025-06-21 21:33,2025-06-22 04:03,2025-06-22T01:26:12,,47310,Ketchikan,,,,,,,,,,Alaska,0.271331019,0.312997685,0.109444444,0.078553241,13.17142857,12,16.1,93.14285714,77,100,0,1.880952381,71.87896583,Meteostat,,,,,,2122,172,37,,47.06299973,LACI,0,0,0,47310
116,47310,Transects,2025-06-21,0,3,0,0,3,1,0,2025,55.48978,-131.59868,2025-06-21 21:33,2025-06-22 04:03,2025-06-22T01:26:12,,47310,Ketchikan,,,,,,,,,,Alaska,0.271331019,0.312997685,0.109444444,0.078553241,13.17142857,12,16.1,93.14285714,77,100,0,1.880952381,71.87896583,Meteostat,,,,,,2122,172,37,,47.06299973,LANO,3,3,3,47310
174,47310,Transects,2025-06-21,0,3,0,0,3,1,0,2025,55.48978,-131.59868,2025-06-21 21:33,2025-06-22 04:03,2025-06-22T01:26:12,,47310,Ketchikan,,,,,,,,,,Alaska,0.271331019,0.312997685,0.109444444,0.078553241,13.17142857,12,16.1,93.14285714,77,100,0,1.880952381,71.87896583,Meteostat,,,,,,2122,172,37,,47.06299973,MYCA,0,0,0,47310
232,47310,Transects,2025-06-21,0,3,0,0,3,1,0,2025,55.48978,-131.59868,2025-06-21 21:33,2025-06-22 04:03,2025-06-22T01:26:12,,47310,Ketchikan,,,,,,,,,,Alaska,0.271331019,0.312997685,0.109444444,0.078553241,13.17142857,12,16.1,93.14285714,77,100,0,1.880952381,71.87896583,Meteostat,,,,,,2122,172,37,,47.06299973,MYEV,0,0,0,47310
290,47310,Transects,2025-06-21,0,3,0,0,3,1,0,2025,55.48978,-131.59868,2025-06-21 21:33,2025-06-22 04:03,2025-06-22T01:26:12,,47310,Ketchikan,,,,,,,,,,Alaska,0.271331019,0.312997685,0.109444444,0.078553241,13.17142857,12,16.1,93.14285714,77,100,0,1.880952381,71.87896583,Meteostat,,,,,,2122,172,37,,47.06299973,MYLU,3,3,3,47310
348,47310,Transects,2025-06-21,0,3,0,0,3,1,0,2025,55.48978,-131.59868,2025-06-21 21:33,2025-06-22 04:03,2025-06-22T01:26:12,,47310,Ketchikan,,,,,,,,,,Alaska,0.271331019,0.312997685,0.109444444,0.078553241,13.17142857,12,16.1,93.14285714,77,100,0,1.880952381,71.87896583,Meteostat,,,,,,2122,172,37,,47.06299973,MYVO,1,1,1,47310
406,47310,Transects,2025-06-21,0,3,0,0,3,1,0,2025,55.48978,-131.59868,2025-06-21 21:33,2025-06-22 04:03,2025-06-22T01:26:12,,47310,Ketchikan,,,,,,,,,,Alaska,0.271331019,0.312997685,0.109444444,0.078553241,13.17142857,12,16.1,93.14285714,77,100,0,1.880952381,71.87896583,Meteostat,,,,,,2122,172,37,,47.06299973,MYYU,0,0,0,47310
24,5006,Transects,2025-07-03,0,1,1,1,11,8,1,2025,56.59215,-132.7485,2025-07-03 21:42,2025-07-04 04:08,,2025-07-04T00:14:20,5006,Petersburg,,,,,,,,,,Alaska,0.267592593,0.309259259,0.105150463,0.02181713,12.42857143,11.7,13.3,91.42857143,82,94,0,1.44047619,80.74471082,Meteostat,,,,,,573,184,49,,49.30189896,LACI,0,0,0,5006
82,5006,Transects,2025-07-03,0,1,1,1,11,8,1,2025,56.59215,-132.7485,2025-07-03 21:42,2025-07-04 04:08,,2025-07-04T00:14:20,5006,Petersburg,,,,,,,,,,Alaska,0.267592593,0.309259259,0.105150463,0.02181713,12.42857143,11.7,13.3,91.42857143,82,94,0,1.44047619,80.74471082,Meteostat,,,,,,573,184,49,,49.30189896,LANO,1,1,1,5006
140,5006,Transects,2025-07-03,0,1,1,1,11,8,1,2025,56.59215,-132.7485,2025-07-03 21:42,2025-07-04 04:08,,2025-07-04T00:14:20,5006,Petersburg,,,,,,,,,,Alaska,0.267592593,0.309259259,0.105150463,0.02181713,12.42857143,11.7,13.3,91.42857143,82,94,0,1.44047619,80.74471082,Meteostat,,,,,,573,184,49,,49.30189896,MYCA,1,1,1,5006
198,5006,Transects,2025-07-03,0,1,1,1,11,8,1,2025,56.59215,-132.7485,2025-07-03 21:42,2025-07-04 04:08,,2025-07-04T00:14:20,5006,Petersburg,,,,,,,,,,Alaska,0.267592593,0.309259259,0.105150463,0.02181713,12.42857143,11.7,13.3,91.42857143,82,94,0,1.44047619,80.74471082,Meteostat,,,,,,573,184,49,,49.30189896,MYEV,1,1,1,5006
256,5006,Transects,2025-07-03,0,1,1,1,11,8,1,2025,56.59215,-132.7485,2025-07-03 21:42,2025-07-04 04:08,,2025-07-04T00:14:20,5006,Petersburg,,,,,,,,,,Alaska,0.267592593,0.309259259,0.105150463,0.02181713,12.42857143,11.7,13.3,91.42857143,82,94,0,1.44047619,80.74471082,Meteostat,,,,,,573,184,49,,49.30189896,MYLU,11,11,11,5006
314,5006,Transects,2025-07-03,0,1,1,1,11,8,1,2025,56.59215,-132.7485,2025-07-03 21:42,2025-07-04 04:08,,2025-07-04T00:14:20,5006,Petersburg,,,,,,,,,,Alaska,0.267592593,0.309259259,0.105150463,0.02181713,12.42857143,11.7,13.3,91.42857143,82,94,0,1.44047619,80.74471082,Meteostat,,,,,,573,184,49,,49.30189896,MYVO,8,8,8,5006
372,5006,Transects,2025-07-03,0,1,1,1,11,8,1,2025,56.59215,-132.7485,2025-07-03 21:42,2025-07-04 04:08,,2025-07-04T00:14:20,5006,Petersburg,,,,,,,,,,Alaska,0.267592593,0.309259259,0.105150463,0.02181713,12.42857143,11.7,13.3,91.42857143,82,94,0,1.44047619,80.74471082,Meteostat,,,,,,573,184,49,,49.30189896,MYYU,1,1,1,5006
25,5006,Transects,2025-07-05,0,0,0,0,6,5,0,2025,56.59215,-132.7485,2025-07-05 21:41,2025-07-06 04:10,,2025-07-06T00:30:46,5006,Petersburg,,,,,,,,,,Alaska,0.270173611,0.311840278,0.117604167,0.034270833,14.37142857,13.3,15.6,84.28571429,72,94,1,2.119047619,87.09471082,Meteostat,,,,,,574,186,51,,49.30189896,LACI,0,0,0,5006
83,5006,Transects,2025-07-05,0,0,0,0,6,5,0,2025,56.59215,-132.7485,2025-07-05 21:41,2025-07-06 04:10,,2025-07-06T00:30:46,5006,Petersburg,,,,,,,,,,Alaska,0.270173611,0.311840278,0.117604167,0.034270833,14.37142857,13.3,15.6,84.28571429,72,94,1,2.119047619,87.09471082,Meteostat,,,,,,574,186,51,,49.30189896,LANO,0,0,0,5006
141,5006,Transects,2025-07-05,0,0,0,0,6,5,0,2025,56.59215,-132.7485,2025-07-05 21:41,2025-07-06 04:10,,2025-07-06T00:30:46,5006,Petersburg,,,,,,,,,,Alaska,0.270173611,0.311840278,0.117604167,0.034270833,14.37142857,13.3,15.6,84.28571429,72,94,1,2.119047619,87.09471082,Meteostat,,,,,,574,186,51,,49.30189896,MYCA,0,0,0,5006
199,5006,Transects,2025-07-05,0,0,0,0,6,5,0,2025,56.59215,-132.7485,2025-07-05 21:41,2025-07-06 04:10,,2025-07-06T00:30:46,5006,Petersburg,,,,,,,,,,Alaska,0.270173611,0.311840278,0.117604167,0.034270833,14.37142857,13.3,15.6,84.28571429,72,94,1,2.119047619,87.09471082,Meteostat,,,,,,574,186,51,,49.30189896,MYEV,0,0,0,5006
257,5006,Transects,2025-07-05,0,0,0,0,6,5,0,2025,56.59215,-132.7485,2025-07-05 21:41,2025-07-06 04:10,,2025-07-06T00:30:46,5006,Petersburg,,,,,,,,,,Alaska,0.270173611,0.311840278,0.117604167,0.034270833,14.37142857,13.3,15.6,84.28571429,72,94,1,2.119047619,87.09471082,Meteostat,,,,,,574,186,51,,49.30189896,MYLU,6,6,6,5006
315,5006,Transects,2025-07-05,0,0,0,0,6,5,0,2025,56.59215,-132.7485,2025-07-05 21:41,2025-07-06 04:10,,2025-07-06T00:30:46,5006,Petersburg,,,,,,,,,,Alaska,0.270173611,0.311840278,0.117604167,0.034270833,14.37142857,13.3,15.6,84.28571429,72,94,1,2.119047619,87.09471082,Meteostat,,,,,,574,186,51,,49.30189896,MYVO,5,5,5,5006
373,5006,Transects,2025-07-05,0,0,0,0,6,5,0,2025,56.59215,-132.7485,2025-07-05 21:41,2025-07-06 04:10,,2025-07-06T00:30:46,5006,Petersburg,,,,,,,,,,Alaska,0.270173611,0.311840278,0.117604167,0.034270833,14.37142857,13.3,15.6,84.28571429,72,94,1,2.119047619,87.09471082,Meteostat,,,,,,574,186,51,,49.30189896,MYYU,0,0,0,5006
